filename,lines,sections
.exrc,7,
.gitignore,111,
.gitmodules,33,
.mailmap,17,
.travis.yml,100,
CODING_STYLE,107,
COPYING,339,
COPYING.LIB,504,
Changelog,580,
HACKING,159,
LICENSE,21,
MAINTAINERS,1080,
Makefile,565,
Makefile.objs,115,
Makefile.target,210,
README,3,
VERSION,1,
accel.c,157,
aio-posix.c,254,"""Hosts: - POSIX"",""Subsystems - Block"""
aio-win32.c,353,"""Hosts: - W32, W64"",""Subsystems - Block"""
arch_init.c,1417,
async.c,333,"""Subsystems - Block"""
audio/Makefile.objs,17,"""Subsystems - Audio"""
audio/alsaaudio.c,1256,"""Subsystems - Audio"""
audio/audio.c,2092,"""Subsystems - Audio"""
audio/audio.h,166,"""Subsystems - Audio"""
audio/audio_int.h,263,"""Subsystems - Audio"""
audio/audio_pt_int.c,173,"""Subsystems - Audio"""
audio/audio_pt_int.h,22,"""Subsystems - Audio"""
audio/audio_template.h,555,"""Subsystems - Audio"""
audio/audio_win_int.c,107,"""Subsystems - Audio"""
audio/audio_win_int.h,10,"""Subsystems - Audio"""
audio/coreaudio.c,549,"""Subsystems - Audio"""
audio/dsound_template.h,293,"""Subsystems - Audio"""
audio/dsoundaudio.c,1030,"""Subsystems - Audio"""
audio/esdaudio.c,557,"""Subsystems - Audio"""
audio/fmodaudio.c,685,"""Subsystems - Audio"""
audio/mixeng.c,366,"""Subsystems - Audio"""
audio/mixeng.h,51,"""Subsystems - Audio"""
audio/mixeng_template.h,154,"""Subsystems - Audio"""
audio/noaudio.c,173,"""Subsystems - Audio"""
audio/ossaudio.c,942,"""Subsystems - Audio"""
audio/paaudio.c,942,"""Subsystems - Audio"""
audio/rate_template.h,111,"""Subsystems - Audio"""
audio/sdlaudio.c,458,"""Subsystems - Audio"""
audio/spiceaudio.c,409,"""Subsystems - Audio"",""Subsystems - SPICE"""
audio/wavaudio.c,288,"""Subsystems - Audio"""
audio/wavcapture.c,193,"""Subsystems - Audio"""
audio/winwaveaudio.c,717,"""Subsystems - Audio"""
backends/Makefile.objs,11,
backends/baum.c,635,"""Subsystems - Character Devices (Braille)"""
backends/hostmem-file.c,134,
backends/hostmem-ram.c,53,
backends/hostmem.c,365,
backends/msmouse.c,85,"""Subsystems - Character Devices"""
backends/rng-egd.c,232,
backends/rng-random.c,160,
backends/rng.c,109,
backends/testdev.c,131,"""Subsystems - Character Devices"""
backends/tpm.c,193,
balloon.c,119,
block-migration.c,884,"""Subsystems - Block"""
block.c,6053,"""Subsystems - Block"""
block/Makefile.objs,40,"""Subsystems - Block"""
block/accounting.c,54,"""Subsystems - Block"""
block/archipelago.c,1084,"""Subsystems - Block"""
block/backup.c,409,"""Subsystems - Block"""
block/blkdebug.c,842,"""Subsystems - Block"""
block/blkverify.c,360,"""Subsystems - Block"""
block/block-backend.c,631,"""Subsystems - Block"""
block/bochs.c,277,"""Subsystems - Block"""
block/cloop.c,283,"""Subsystems - Block"""
block/commit.c,273,"""Subsystems - Block"""
block/curl.c,811,"""Subsystems - Block"""
block/dmg.c,456,"""Subsystems - Block"""
block/gluster.c,833,"""Subsystems - Block"""
block/iscsi.c,1713,"""Block drivers - iSCSI"",""Subsystems - Block"""
block/linux-aio.c,344,"""Subsystems - Block"""
block/mirror.c,791,"""Subsystems - Block"""
block/nbd-client.c,404,"""Subsystems - Block"""
block/nbd-client.h,54,"""Subsystems - Block"""
block/nbd.c,446,"""Subsystems - Block"",""Subsystems - Network Block Device (NBD)"""
block/nfs.c,494,"""Block drivers - NFS"",""Subsystems - Block"""
block/null.c,168,"""Subsystems - Block"""
block/parallels.c,213,"""Subsystems - Block"""
block/qapi.c,662,"""Subsystems - Block"""
block/qcow.c,983,"""Subsystems - Block"""
block/qcow2-cache.c,372,"""Subsystems - Block"""
block/qcow2-cluster.c,1860,"""Subsystems - Block"""
block/qcow2-refcount.c,2250,"""Subsystems - Block"""
block/qcow2-snapshot.c,735,"""Subsystems - Block"""
block/qcow2.c,2899,"""Subsystems - Block"""
block/qcow2.h,579,"""Subsystems - Block"""
block/qed-check.c,250,"""Subsystems - Block"""
block/qed-cluster.c,165,"""Subsystems - Block"""
block/qed-gencb.c,32,"""Subsystems - Block"""
block/qed-l2-cache.c,187,"""Subsystems - Block"""
block/qed-table.c,296,"""Subsystems - Block"""
block/qed.c,1688,"""Subsystems - Block"""
block/qed.h,344,"""Subsystems - Block"""
block/quorum.c,1097,"""Subsystems - Block"""
block/raw-aio.h,62,"""Subsystems - Block"""
block/raw-posix.c,2555,"""Subsystems - Block"""
block/raw-win32.c,728,"""Subsystems - Block"""
block/raw_bsd.c,208,"""Subsystems - Block"""
block/rbd.c,961,"""Block drivers - RBD"",""Subsystems - Block"""
block/sheepdog.c,2706,"""Block drivers - Sheepdog"",""Subsystems - Block"""
block/snapshot.c,357,"""Subsystems - Block"""
block/ssh.c,1112,"""Block drivers - SSH"",""Subsystems - Block"""
block/stream.c,269,"""Subsystems - Block"""
block/vdi.c,884,"""Block drivers - VDI"",""Subsystems - Block"""
block/vhdx-endian.c,223,"""Block drivers - VHDX"",""Subsystems - Block"""
block/vhdx-log.c,1038,"""Block drivers - VHDX"",""Subsystems - Block"""
block/vhdx.c,1965,"""Block drivers - VHDX"",""Subsystems - Block"""
block/vhdx.h,452,"""Block drivers - VHDX"",""Subsystems - Block"""
block/vmdk.c,2256,"""Block drivers - VMDK"",""Subsystems - Block"""
block/vpc.c,929,"""Subsystems - Block"""
block/vvfat.c,3014,"""Subsystems - Block"""
block/win32-aio.c,217,"""Subsystems - Block"""
blockdev-nbd.c,130,"""Subsystems - Block"""
blockdev.c,2823,"""Subsystems - Block"""
blockjob.c,390,"""Subsystems - Block"""
bootdevice.c,258,
bsd-user/Makefile.objs,2,"""Usermode Emulation - BSD user"""
bsd-user/bsd-mman.h,121,"""Usermode Emulation - BSD user"""
bsd-user/bsdload.c,202,"""Usermode Emulation - BSD user"""
bsd-user/elfload.c,1575,"""Usermode Emulation - BSD user"""
bsd-user/errno_defs.h,149,"""Usermode Emulation - BSD user"""
bsd-user/freebsd/strace.list,231,"""Usermode Emulation - BSD user"""
bsd-user/freebsd/syscall_nr.h,450,"""Usermode Emulation - BSD user"""
bsd-user/i386/syscall.h,161,"""Usermode Emulation - BSD user"""
bsd-user/i386/target_signal.h,20,"""Usermode Emulation - BSD user"""
bsd-user/main.c,1142,"""Usermode Emulation - BSD user"""
bsd-user/mmap.c,499,"""Usermode Emulation - BSD user"""
bsd-user/netbsd/strace.list,145,"""Usermode Emulation - BSD user"""
bsd-user/netbsd/syscall_nr.h,373,"""Usermode Emulation - BSD user"""
bsd-user/openbsd/strace.list,187,"""Usermode Emulation - BSD user"""
bsd-user/openbsd/syscall_nr.h,225,"""Usermode Emulation - BSD user"""
bsd-user/qemu.h,421,"""Usermode Emulation - BSD user"""
bsd-user/signal.c,38,"""Usermode Emulation - BSD user"""
bsd-user/sparc/syscall.h,9,"""Usermode Emulation - BSD user"""
bsd-user/sparc/target_signal.h,27,"""Usermode Emulation - BSD user"""
bsd-user/sparc64/syscall.h,10,"""Usermode Emulation - BSD user"""
bsd-user/sparc64/target_signal.h,27,"""Usermode Emulation - BSD user"""
bsd-user/strace.c,242,"""Usermode Emulation - BSD user"""
bsd-user/syscall.c,564,"""Usermode Emulation - BSD user"""
bsd-user/syscall_defs.h,114,"""Usermode Emulation - BSD user"""
bsd-user/uaccess.c,65,"""Usermode Emulation - BSD user"""
bsd-user/x86_64/syscall.h,116,"""Usermode Emulation - BSD user"""
bsd-user/x86_64/target_signal.h,19,"""Usermode Emulation - BSD user"""
bt-host.c,198,
bt-vhci.c,167,
configure,5416,
coroutine-gthread.c,198,
coroutine-sigaltstack.c,293,
coroutine-ucontext.c,225,
coroutine-win32.c,101,"""Hosts: - W32, W64"""
cpu-exec.c,555,"""Guest CPU cores (TCG): - Overall"""
cpus.c,1579,"""Subsystems - Main loop"""
cputlb.c,396,"""Guest CPU cores (TCG): - Overall"""
default-configs/aarch64-linux-user.mak,3,
default-configs/aarch64-softmmu.mak,6,
default-configs/alpha-linux-user.mak,1,
default-configs/alpha-softmmu.mak,17,
default-configs/arm-linux-user.mak,1,
default-configs/arm-softmmu.mak,90,
default-configs/armeb-linux-user.mak,1,
default-configs/cris-linux-user.mak,1,
default-configs/cris-softmmu.mak,6,
default-configs/i386-bsd-user.mak,1,
default-configs/i386-linux-user.mak,1,
default-configs/i386-softmmu.mak,47,
default-configs/lm32-softmmu.mak,10,
default-configs/m68k-linux-user.mak,1,
default-configs/m68k-softmmu.mak,6,
default-configs/microblaze-linux-user.mak,1,
default-configs/microblaze-softmmu.mak,11,
default-configs/microblazeel-linux-user.mak,1,
default-configs/microblazeel-softmmu.mak,11,
default-configs/mips-linux-user.mak,1,
default-configs/mips-softmmu.mak,37,
default-configs/mips64-linux-user.mak,1,
default-configs/mips64-softmmu.mak,37,
default-configs/mips64el-linux-user.mak,1,
default-configs/mips64el-softmmu.mak,39,
default-configs/mipsel-linux-user.mak,1,
default-configs/mipsel-softmmu.mak,37,
default-configs/mipsn32-linux-user.mak,1,
default-configs/mipsn32el-linux-user.mak,1,
default-configs/moxie-softmmu.mak,5,
default-configs/or32-linux-user.mak,1,
default-configs/or32-softmmu.mak,4,
default-configs/pci.mak,32,
default-configs/ppc-linux-user.mak,2,
default-configs/ppc-softmmu.mak,52,
default-configs/ppc64-linux-user.mak,2,
default-configs/ppc64-softmmu.mak,62,
default-configs/ppc64abi32-linux-user.mak,2,
default-configs/ppc64le-linux-user.mak,2,
default-configs/ppcemb-softmmu.mak,19,
default-configs/s390x-linux-user.mak,1,
default-configs/s390x-softmmu.mak,4,
default-configs/sh4-linux-user.mak,1,
default-configs/sh4-softmmu.mak,18,
default-configs/sh4eb-linux-user.mak,1,
default-configs/sh4eb-softmmu.mak,18,
default-configs/sound.mak,4,
default-configs/sparc-bsd-user.mak,1,
default-configs/sparc-linux-user.mak,1,
default-configs/sparc-softmmu.mak,19,
default-configs/sparc32plus-linux-user.mak,1,
default-configs/sparc64-bsd-user.mak,1,
default-configs/sparc64-linux-user.mak,1,
default-configs/sparc64-softmmu.mak,18,
default-configs/tricore-softmmu.mak,0,
default-configs/unicore32-linux-user.mak,1,
default-configs/unicore32-softmmu.mak,4,
default-configs/usb.mak,9,
default-configs/x86_64-bsd-user.mak,1,
default-configs/x86_64-linux-user.mak,1,
default-configs/x86_64-softmmu.mak,47,
default-configs/xtensa-softmmu.mak,5,
default-configs/xtensaeb-softmmu.mak,5,
device-hotplug.c,82,
device_tree.c,348,"""Subsystems - Device Tree"""
disas.c,539,
disas/Makefile.objs,24,
disas/alpha.c,1916,
disas/arm-a64.cc,87,
disas/arm.c,4140,
disas/cris.c,2871,
disas/hppa.c,2831,
disas/i386.c,6745,
disas/ia64.c,10602,
disas/libvixl/LICENCE,30,
disas/libvixl/Makefile.objs,8,
disas/libvixl/README,12,
disas/libvixl/a64/assembler-a64.h,2289,
disas/libvixl/a64/constants-a64.h,1186,
disas/libvixl/a64/cpu-a64.h,83,
disas/libvixl/a64/decoder-a64.cc,707,
disas/libvixl/a64/decoder-a64.h,239,
disas/libvixl/a64/disasm-a64.cc,1856,
disas/libvixl/a64/disasm-a64.h,146,
disas/libvixl/a64/instructions-a64.cc,251,
disas/libvixl/a64/instructions-a64.h,354,
disas/libvixl/code-buffer.h,113,
disas/libvixl/globals.h,85,
disas/libvixl/platform.h,37,
disas/libvixl/utils.cc,138,
disas/libvixl/utils.h,209,
disas/lm32.c,361,
disas/m68k.c,5052,
disas/microblaze.c,1100,
disas/mips.c,5796,
disas/moxie.c,360,
disas/ppc.c,5413,
disas/s390.c,1931,
disas/sh4.c,2077,
disas/sparc.c,3269,
disas/tci.c,59,
dma-helpers.c,270,
docs/aio_notify.promela,104,
docs/atomics.txt,352,
docs/blkdebug.txt,161,
docs/blkverify.txt,69,
docs/bootindex.txt,43,
docs/ccid.txt,181,
docs/ich9-ehci-uhci.cfg,37,
docs/image-fuzzer.txt,239,
docs/libcacard.txt,483,
docs/live-block-ops.txt,58,
docs/memory.txt,244,
docs/migration.txt,296,
docs/multiple-iothreads.txt,134,
docs/multiseat.txt,102,
docs/q35-chipset.cfg,152,
docs/qapi-code-gen.txt,590,
docs/qdev-device-use.txt,416,
docs/qemupciserial.inf,102,
docs/qmp/README,87,
docs/qmp/qmp-events.txt,627,
docs/qmp/qmp-spec.txt,273,
docs/rdma.txt,420,
docs/specs/acpi_cpu_hotplug.txt,24,
docs/specs/acpi_mem_hotplug.txt,44,
docs/specs/acpi_pci_hotplug.txt,45,
docs/specs/ivshmem_device_spec.txt,96,
docs/specs/pci-ids.txt,50,
docs/specs/pci-serial.txt,34,
docs/specs/pci-testdev.txt,26,
docs/specs/ppc-spapr-hcalls.txt,78,
docs/specs/pvpanic.txt,39,
docs/specs/qcow2.txt,362,
docs/specs/qed_spec.txt,138,
docs/specs/standard-vga.txt,81,
docs/specs/vhost-user.txt,266,
docs/specs/vmw_pvscsi-spec.txt,92,
docs/spice-port-fqdn.txt,19,
docs/tracing.txt,349,"""Subsystems - Tracing"""
docs/usb-storage.txt,47,
docs/usb2.txt,161,
docs/virtio-balloon-stats.txt,105,
docs/vnc-ledstate-Pseudo-encoding.txt,50,
docs/writing-qmp-commands.txt,651,
docs/xbzrle.txt,128,
docs/xen-save-devices-state.txt,34,"""Guest CPU Cores (Xen): - X86"""
dump.c,1713,
exec.c,2878,"""Subsystems - Memory API"""
fpu/softfloat-macros.h,749,
fpu/softfloat-specialize.h,1161,
fpu/softfloat.c,7475,
fsdev/Makefile.objs,12,"""Devices - virtio-9p"""
fsdev/file-op-9p.h,150,"""Devices - virtio-9p"""
fsdev/qemu-fsdev-dummy.c,22,"""Devices - virtio-9p"""
fsdev/qemu-fsdev-opts.c,85,"""Devices - virtio-9p"""
fsdev/qemu-fsdev.c,101,"""Devices - virtio-9p"""
fsdev/qemu-fsdev.h,48,"""Devices - virtio-9p"""
fsdev/virtfs-proxy-helper.c,1151,"""Devices - virtio-9p"""
fsdev/virtfs-proxy-helper.texi,63,"""Devices - virtio-9p"""
fsdev/virtio-9p-marshal.c,323,"""Devices - virtio-9p"""
fsdev/virtio-9p-marshal.h,90,"""Devices - virtio-9p"""
gdb-xml/aarch64-core.xml,46,"""Subsystems - GDB stub"""
gdb-xml/aarch64-fpu.xml,86,"""Subsystems - GDB stub"""
gdb-xml/arm-core.xml,31,"""Subsystems - GDB stub"""
gdb-xml/arm-neon.xml,88,"""Subsystems - GDB stub"""
gdb-xml/arm-vfp.xml,29,"""Subsystems - GDB stub"""
gdb-xml/arm-vfp3.xml,45,"""Subsystems - GDB stub"""
gdb-xml/cf-core.xml,29,"""Subsystems - GDB stub"""
gdb-xml/cf-fp.xml,22,"""Subsystems - GDB stub"""
gdb-xml/power-altivec.xml,57,"""Subsystems - GDB stub"""
gdb-xml/power-core.xml,49,"""Subsystems - GDB stub"""
gdb-xml/power-fpu.xml,44,"""Subsystems - GDB stub"""
gdb-xml/power-spe.xml,45,"""Subsystems - GDB stub"""
gdb-xml/power64-core.xml,49,"""Subsystems - GDB stub"""
gdb-xml/s390-acr.xml,26,"""Subsystems - GDB stub"""
gdb-xml/s390-fpr.xml,27,"""Subsystems - GDB stub"""
gdb-xml/s390x-core64.xml,28,"""Subsystems - GDB stub"""
gdbstub.c,1742,"""Subsystems - GDB stub"""
hmp-commands.hx,1791,"""Subsystems - Human Monitor (HMP)"""
hmp.c,1760,"""Subsystems - Human Monitor (HMP)"""
hmp.h,120,
hw/9pfs/Makefile.objs,9,"""Devices - virtio-9p"""
hw/9pfs/codir.c,168,"""Devices - virtio-9p"""
hw/9pfs/cofile.c,275,"""Devices - virtio-9p"""
hw/9pfs/cofs.c,364,"""Devices - virtio-9p"""
hw/9pfs/coxattr.c,107,"""Devices - virtio-9p"""
hw/9pfs/virtio-9p-coth.c,97,"""Devices - virtio"",""Devices - virtio-9p"""
hw/9pfs/virtio-9p-coth.h,107,"""Devices - virtio"",""Devices - virtio-9p"""
hw/9pfs/virtio-9p-device.c,171,"""Devices - virtio"",""Devices - virtio-9p"""
hw/9pfs/virtio-9p-handle.c,708,"""Devices - virtio"",""Devices - virtio-9p"""
hw/9pfs/virtio-9p-local.c,1295,"""Devices - virtio"",""Devices - virtio-9p"""
hw/9pfs/virtio-9p-posix-acl.c,185,"""Devices - virtio"",""Devices - virtio-9p"""
hw/9pfs/virtio-9p-proxy.c,1217,"""Devices - virtio"",""Devices - virtio-9p"""
hw/9pfs/virtio-9p-proxy.h,95,"""Devices - virtio"",""Devices - virtio-9p"""
hw/9pfs/virtio-9p-synth.c,572,"""Devices - virtio"",""Devices - virtio-9p"""
hw/9pfs/virtio-9p-synth.h,54,"""Devices - virtio"",""Devices - virtio-9p"""
hw/9pfs/virtio-9p-xattr-user.c,128,"""Devices - virtio"",""Devices - virtio-9p"""
hw/9pfs/virtio-9p-xattr.c,164,"""Devices - virtio"",""Devices - virtio-9p"""
hw/9pfs/virtio-9p-xattr.h,120,"""Devices - virtio"",""Devices - virtio-9p"""
hw/9pfs/virtio-9p.c,3287,"""Devices - virtio"",""Devices - virtio-9p"""
hw/9pfs/virtio-9p.h,412,"""Devices - virtio"",""Devices - virtio-9p"""
hw/Makefile.objs,35,
hw/acpi/Makefile.objs,3,"""Devices - PCI"""
hw/acpi/acpi_interface.c,15,"""Devices - PCI"""
hw/acpi/core.c,682,"""Devices - PCI"""
hw/acpi/cpu_hotplug.c,77,"""Devices - PCI"""
hw/acpi/ich9.c,309,"""Devices - PCI"",""X86 Machines - PC"""
hw/acpi/memory_hotplug.c,223,"""Devices - PCI"""
hw/acpi/pcihp.c,332,"""Devices - PCI"""
hw/acpi/piix4.c,629,"""Devices - PCI"",""X86 Machines - PC"""
hw/alpha/Makefile.objs,1,"""Guest CPU cores (TCG): - Alpha"""
hw/alpha/alpha_sys.h,21,"""Guest CPU cores (TCG): - Alpha"""
hw/alpha/dp264.c,184,"""Guest CPU cores (TCG): - Alpha"""
hw/alpha/pci.c,91,"""Guest CPU cores (TCG): - Alpha"""
hw/alpha/typhoon.c,956,"""Guest CPU cores (TCG): - Alpha"""
hw/arm/Makefile.objs,10,"""Guest CPU cores (TCG): - ARM"""
hw/arm/allwinner-a10.c,119,"""ARM Machines - Allwinner-a10"",""Guest CPU cores (TCG): - ARM"""
hw/arm/armv7m.c,293,"""Guest CPU cores (TCG): - ARM"""
hw/arm/boot.c,667,"""Guest CPU cores (TCG): - ARM"""
hw/arm/collie.c,72,"""Guest CPU cores (TCG): - ARM"""
hw/arm/cubieboard.c,90,"""ARM Machines - Allwinner-a10"",""Guest CPU cores (TCG): - ARM"""
hw/arm/digic.c,115,"""ARM Machines - Canon DIGIC"",""Guest CPU cores (TCG): - ARM"""
hw/arm/digic_boards.c,162,"""ARM Machines - Canon DIGIC"",""Guest CPU cores (TCG): - ARM"""
hw/arm/exynos4210.c,372,"""ARM Machines - Exynos"",""Guest CPU cores (TCG): - ARM"""
hw/arm/exynos4_boards.c,169,"""ARM Machines - Exynos"",""Guest CPU cores (TCG): - ARM"""
hw/arm/gumstix.c,142,"""ARM Machines - Gumstix"",""Guest CPU cores (TCG): - ARM"""
hw/arm/highbank.c,395,"""ARM Machines - Calxeda Highbank"",""Guest CPU cores (TCG): - ARM"""
hw/arm/integratorcp.c,588,"""ARM Machines - Integrator CP"",""Guest CPU cores (TCG): - ARM"""
hw/arm/kzm.c,154,"""ARM Machines - i.MX31"",""Guest CPU cores (TCG): - ARM"""
hw/arm/mainstone.c,202,"""ARM Machines - Mainstone"",""Guest CPU cores (TCG): - ARM"""
hw/arm/musicpal.c,1759,"""ARM Machines - Musicpal"",""Guest CPU cores (TCG): - ARM"""
hw/arm/nseries.c,1434,"""ARM Machines - nSeries"",""Guest CPU cores (TCG): - ARM"""
hw/arm/omap1.c,4067,"""Devices - OMAP"",""Guest CPU cores (TCG): - ARM"""
hw/arm/omap2.c,2688,"""Devices - OMAP"",""Guest CPU cores (TCG): - ARM"""
hw/arm/omap_sx1.c,238,"""Devices - OMAP"",""Guest CPU cores (TCG): - ARM"""
hw/arm/palm.c,283,"""ARM Machines - Palm"",""Guest CPU cores (TCG): - ARM"""
hw/arm/pxa2xx.c,2328,"""Guest CPU cores (TCG): - ARM"""
hw/arm/pxa2xx_gpio.c,356,"""Guest CPU cores (TCG): - ARM"""
hw/arm/pxa2xx_pic.c,337,"""Guest CPU cores (TCG): - ARM"""
hw/arm/realview.c,426,"""ARM Machines - Real View"",""Guest CPU cores (TCG): - ARM"""
hw/arm/spitz.c,1146,"""ARM Machines - Spitz"",""Guest CPU cores (TCG): - ARM"""
hw/arm/stellaris.c,1419,"""ARM Machines - Stellaris"",""Guest CPU cores (TCG): - ARM"""
hw/arm/strongarm.c,1658,"""Guest CPU cores (TCG): - ARM"""
hw/arm/strongarm.h,68,"""Guest CPU cores (TCG): - ARM"""
hw/arm/tosa.c,306,"""Guest CPU cores (TCG): - ARM"""
hw/arm/versatilepb.c,410,"""ARM Machines - Versatile PB"",""Guest CPU cores (TCG): - ARM"""
hw/arm/vexpress.c,716,"""Guest CPU cores (TCG): - ARM"""
hw/arm/virt.c,630,"""Guest CPU cores (TCG): - ARM"""
hw/arm/xilinx_zynq.c,261,"""ARM Machines - Xilinx Zynq"",""Devices - Xilinx EDK"",""Guest CPU cores (TCG): - ARM"""
hw/arm/z2.c,386,"""Guest CPU cores (TCG): - ARM"""
hw/audio/Makefile.objs,18,"""Subsystems - Audio"""
hw/audio/ac97.c,1431,"""Subsystems - Audio"""
hw/audio/adlib.c,389,"""Subsystems - Audio"""
hw/audio/cs4231.c,186,"""Subsystems - Audio"""
hw/audio/cs4231a.c,707,"""Subsystems - Audio"""
hw/audio/es1370.c,1081,"""Subsystems - Audio"""
hw/audio/fmopl.c,1394,"""Subsystems - Audio"""
hw/audio/fmopl.h,174,"""Subsystems - Audio"""
hw/audio/gus.c,336,"""Subsystems - Audio"""
hw/audio/gusemu.h,105,"""Subsystems - Audio"""
hw/audio/gusemu_hal.c,554,"""Subsystems - Audio"""
hw/audio/gusemu_mixer.c,240,"""Subsystems - Audio"""
hw/audio/gustate.h,132,"""Subsystems - Audio"""
hw/audio/hda-codec-common.h,456,"""Subsystems - Audio"""
hw/audio/hda-codec.c,731,"""Subsystems - Audio"""
hw/audio/intel-hda-defs.h,717,"""Subsystems - Audio"""
hw/audio/intel-hda.c,1345,"""Subsystems - Audio"""
hw/audio/intel-hda.h,72,"""Subsystems - Audio"""
hw/audio/lm4549.c,335,"""Subsystems - Audio"""
hw/audio/lm4549.h,43,"""Subsystems - Audio"""
hw/audio/marvell_88w8618.c,306,"""Subsystems - Audio"""
hw/audio/milkymist-ac97.c,348,"""Subsystems - Audio"""
hw/audio/pcspk.c,213,"""Subsystems - Audio"""
hw/audio/pl041.c,649,"""Subsystems - Audio"""
hw/audio/pl041.h,135,"""Subsystems - Audio"""
hw/audio/pl041.hx,81,"""Subsystems - Audio"""
hw/audio/sb16.c,1434,"""Subsystems - Audio"""
hw/audio/wm8750.c,722,"""Subsystems - Audio"""
hw/block/Makefile.objs,15,"""Subsystems - Block"""
hw/block/block.c,67,"""Subsystems - Block"""
hw/block/cdrom.c,155,"""Subsystems - Block"""
hw/block/dataplane/Makefile.objs,1,"""Subsystems - Block"""
hw/block/dataplane/virtio-blk.c,333,"""Subsystems - Block"""
hw/block/dataplane/virtio-blk.h,30,"""Subsystems - Block"""
hw/block/ecc.c,90,"""Subsystems - Block"""
hw/block/fdc.c,2409,"""Subsystems - Block"""
hw/block/hd-geometry.c,157,"""Subsystems - Block"""
hw/block/m25p80.c,707,"""Devices - SSI"",""Subsystems - Block"""
hw/block/nand.c,799,"""Subsystems - Block"""
hw/block/nvme.c,931,"""Devices - nvme"",""Subsystems - Block"""
hw/block/nvme.h,711,"""Devices - nvme"",""Subsystems - Block"""
hw/block/onenand.c,854,"""Subsystems - Block"""
hw/block/pflash_cfi01.c,1004,"""Subsystems - Block"""
hw/block/pflash_cfi02.c,794,"""Subsystems - Block"""
hw/block/tc58128.c,180,"""Subsystems - Block"""
hw/block/virtio-blk.c,846,"""Devices - virtio"",""Devices - virtio-blk"",""Subsystems - Block"""
hw/block/xen_blkif.h,115,"""Subsystems - Block"""
hw/block/xen_disk.c,1051,"""Subsystems - Block"""
hw/bt/Makefile.objs,3,
hw/bt/core.c,144,
hw/bt/hci-csr.c,454,
hw/bt/hci.c,2265,
hw/bt/hid.c,553,
hw/bt/l2cap.c,1365,
hw/bt/sdp.c,967,
hw/char/Makefile.objs,28,
hw/char/cadence_uart.c,550,"""ARM Machines - Xilinx Zynq"""
hw/char/debugcon.c,140,
hw/char/digic-uart.c,194,"""ARM Machines - Canon DIGIC"""
hw/char/escc.c,1052,
hw/char/etraxfs_ser.c,252,"""CRIS Machines - Axis Dev88"""
hw/char/exynos4210_uart.c,676,"""ARM Machines - Exynos"""
hw/char/grlib_apbuart.c,298,"""SPARC Machines - Leon3"""
hw/char/imx_serial.c,472,"""ARM Machines - i.MX31"""
hw/char/ipoctal232.c,603,
hw/char/lm32_juart.c,161,"""Guest CPU cores (TCG): - LM32"""
hw/char/lm32_uart.c,301,"""Guest CPU cores (TCG): - LM32"""
hw/char/mcf_uart.c,307,
hw/char/milkymist-uart.c,252,
hw/char/omap_uart.c,187,"""Devices - OMAP"""
hw/char/parallel.c,643,
hw/char/pl011.c,339,
hw/char/sclpconsole-lm.c,378,
hw/char/sclpconsole.c,274,
hw/char/serial-isa.c,138,
hw/char/serial-pci.c,275,
hw/char/serial.c,952,
hw/char/sh_serial.c,408,
hw/char/spapr_vty.c,243,"""PowerPC Machines - sPAPR"""
hw/char/virtio-console.c,207,"""Devices - virtio"",""Devices - virtio-serial"""
hw/char/virtio-serial-bus.c,1106,"""Devices - virtio"",""Devices - virtio-serial"""
hw/char/xen_console.c,305,
hw/char/xilinx_uartlite.c,245,"""Devices - Xilinx EDK"""
hw/core/Makefile.objs,17,
hw/core/empty_slot.c,102,
hw/core/fw-path-provider.c,52,
hw/core/hotplug.c,59,
hw/core/irq.c,158,
hw/core/loader.c,1054,
hw/core/machine.c,371,
hw/core/nmi.c,84,
hw/core/null-machine.c,35,
hw/core/platform-bus.c,253,
hw/core/ptimer.c,230,
hw/core/qdev-properties-system.c,404,
hw/core/qdev-properties.c,1056,
hw/core/qdev.c,1290,
hw/core/stream.c,32,
hw/core/sysbus.c,354,
hw/core/uboot_image.h,158,
hw/cpu/Makefile.objs,6,
hw/cpu/a15mpcore.c,140,"""Guest CPU cores (TCG): - ARM"""
hw/cpu/a9mpcore.c,179,"""Guest CPU cores (TCG): - ARM"""
hw/cpu/arm11mpcore.c,172,"""Guest CPU cores (TCG): - ARM"""
hw/cpu/icc_bus.c,118,"""Subsystems - ICC Bus"""
hw/cpu/realview_mpcore.c,139,
hw/cris/Makefile.objs,2,"""Guest CPU cores (TCG): - CRIS"""
hw/cris/axis_dev88.c,367,"""CRIS Machines - Axis Dev88"",""Guest CPU cores (TCG): - CRIS"""
hw/cris/boot.c,98,"""Guest CPU cores (TCG): - CRIS"""
hw/cris/boot.h,15,"""Guest CPU cores (TCG): - CRIS"""
hw/display/Makefile.objs,35,
hw/display/ads7846.c,177,
hw/display/blizzard.c,987,
hw/display/blizzard_template.h,146,
hw/display/cg3.c,394,
hw/display/cirrus_vga.c,3049,
hw/display/cirrus_vga_rop.h,207,
hw/display/cirrus_vga_rop2.h,281,
hw/display/exynos4210_fimd.c,1947,"""ARM Machines - Exynos"""
hw/display/framebuffer.c,113,
hw/display/framebuffer.h,25,
hw/display/g364fb.c,556,
hw/display/jazz_led.c,311,
hw/display/milkymist-tmu2.c,494,
hw/display/milkymist-vgafb.c,344,
hw/display/milkymist-vgafb_template.h,74,
hw/display/omap_dss.c,1086,"""Devices - OMAP"""
hw/display/omap_lcd_template.h,175,"""Devices - OMAP"""
hw/display/omap_lcdc.c,412,"""Devices - OMAP"""
hw/display/pl110.c,529,
hw/display/pl110_template.h,399,
hw/display/pxa2xx_lcd.c,1051,
hw/display/pxa2xx_template.h,447,
hw/display/qxl-logger.c,275,"""Subsystems - SPICE"""
hw/display/qxl-render.c,295,"""Subsystems - SPICE"""
hw/display/qxl.c,2339,"""Subsystems - SPICE"""
hw/display/qxl.h,168,"""Subsystems - SPICE"""
hw/display/sm501.c,1453,
hw/display/sm501_template.h,145,
hw/display/ssd0303.c,330,
hw/display/ssd0323.c,401,
hw/display/tc6393xb.c,596,
hw/display/tc6393xb_template.h,72,
hw/display/tcx.c,1100,
hw/display/vga-helpers.h,439,
hw/display/vga-isa-mm.c,142,
hw/display/vga-isa.c,105,
hw/display/vga-pci.c,346,
hw/display/vga.c,2225,
hw/display/vga.h,159,
hw/display/vga_int.h,219,
hw/display/vmware_vga.c,1367,
hw/display/xenfb.c,1009,
hw/dma/Makefile.objs,13,
hw/dma/etraxfs_dma.c,781,"""CRIS Machines - Axis Dev88"""
hw/dma/i82374.c,178,
hw/dma/i8257.c,598,
hw/dma/omap_dma.c,2102,"""Devices - OMAP"""
hw/dma/pl080.c,410,
hw/dma/pl330.c,1666,
hw/dma/puv3_dma.c,113,"""UniCore32 Machines - PKUnity-3 SoC initramfs-with-busybox"""
hw/dma/pxa2xx_dma.c,576,
hw/dma/rc4030.c,825,
hw/dma/soc_dma.c,366,
hw/dma/sparc32_dma.c,322,
hw/dma/sun4m_iommu.c,391,
hw/dma/xilinx_axidma.c,675,"""Devices - Xilinx EDK"""
hw/gpio/Makefile.objs,7,
hw/gpio/max7310.c,217,
hw/gpio/mpc8xxx.c,217,
hw/gpio/omap_gpio.c,810,"""Devices - OMAP"""
hw/gpio/pl061.c,367,
hw/gpio/puv3_gpio.c,145,"""UniCore32 Machines - PKUnity-3 SoC initramfs-with-busybox"""
hw/gpio/zaurus.c,306,
hw/i2c/Makefile.objs,7,
hw/i2c/bitbang_i2c.c,252,
hw/i2c/bitbang_i2c.h,14,
hw/i2c/core.c,245,
hw/i2c/exynos4210_i2c.c,336,"""ARM Machines - Exynos"""
hw/i2c/omap_i2c.c,500,"""Devices - OMAP"""
hw/i2c/pm_smbus.c,227,
hw/i2c/smbus.c,361,
hw/i2c/smbus_eeprom.c,158,
hw/i2c/smbus_ich9.c,130,"""X86 Machines - PC"""
hw/i2c/versatile_i2c.c,113,"""ARM Machines - Versatile PB"""
hw/i386/Makefile.objs,37,"""Guest CPU cores (TCG): - X86"",""X86 Machines - PC"""
hw/i386/acpi-build.c,1802,"""Guest CPU cores (TCG): - X86"",""X86 Machines - PC"""
hw/i386/acpi-build.h,9,"""Guest CPU cores (TCG): - X86"",""X86 Machines - PC"""
hw/i386/acpi-defs.h,368,"""Guest CPU cores (TCG): - X86"",""X86 Machines - PC"""
hw/i386/acpi-dsdt-cpu-hotplug.dsl,104,"""Guest CPU cores (TCG): - X86"",""X86 Machines - PC"""
hw/i386/acpi-dsdt-dbug.dsl,41,"""Guest CPU cores (TCG): - X86"",""X86 Machines - PC"""
hw/i386/acpi-dsdt-hpet.dsl,48,"""Guest CPU cores (TCG): - X86"",""X86 Machines - PC"""
hw/i386/acpi-dsdt-isa.dsl,128,"""Guest CPU cores (TCG): - X86"",""X86 Machines - PC"""
hw/i386/acpi-dsdt-pci-crs.dsl,92,"""Guest CPU cores (TCG): - X86"",""X86 Machines - PC"""
hw/i386/acpi-dsdt.dsl,351,"""Guest CPU cores (TCG): - X86"",""X86 Machines - PC"""
hw/i386/acpi-dsdt.hex.generated,2812,"""Guest CPU cores (TCG): - X86"",""X86 Machines - PC"""
hw/i386/bios-linker-loader.c,157,"""Guest CPU cores (TCG): - X86"",""X86 Machines - PC"""
hw/i386/bios-linker-loader.h,27,"""Guest CPU cores (TCG): - X86"",""X86 Machines - PC"""
hw/i386/intel_iommu.c,1963,"""Guest CPU cores (TCG): - X86"",""X86 Machines - PC"""
hw/i386/intel_iommu_internal.h,389,"""Guest CPU cores (TCG): - X86"",""X86 Machines - PC"""
hw/i386/kvm/Makefile.objs,1,"""Guest CPU cores (TCG): - X86"",""X86 Machines - PC"""
hw/i386/kvm/apic.c,211,"""Guest CPU cores (TCG): - X86"",""X86 Machines - PC"""
hw/i386/kvm/clock.c,196,"""Guest CPU cores (TCG): - X86"",""X86 Machines - PC"""
hw/i386/kvm/i8254.c,335,"""Guest CPU cores (TCG): - X86"",""X86 Machines - PC"""
hw/i386/kvm/i8259.c,162,"""Guest CPU cores (TCG): - X86"",""X86 Machines - PC"""
hw/i386/kvm/ioapic.c,168,"""Guest CPU cores (TCG): - X86"",""X86 Machines - PC"""
hw/i386/kvm/pci-assign.c,1971,"""Guest CPU cores (TCG): - X86"",""X86 Machines - PC"""
hw/i386/kvmvapic.c,860,"""Guest CPU cores (TCG): - X86"",""X86 Machines - PC"""
hw/i386/multiboot.c,347,"""Guest CPU cores (TCG): - X86"",""X86 Machines - PC"""
hw/i386/multiboot.h,14,"""Guest CPU cores (TCG): - X86"",""X86 Machines - PC"""
hw/i386/pc.c,1777,"""Guest CPU cores (TCG): - X86"",""X86 Machines - PC"""
hw/i386/pc_piix.c,958,"""Guest CPU cores (TCG): - X86"",""X86 Machines - PC"""
hw/i386/pc_q35.c,469,"""Guest CPU cores (TCG): - X86"",""X86 Machines - PC"""
hw/i386/pc_sysfw.c,253,"""Guest CPU cores (TCG): - X86"",""X86 Machines - PC"""
hw/i386/q35-acpi-dsdt.dsl,455,"""Guest CPU cores (TCG): - X86"",""X86 Machines - PC"""
hw/i386/q35-acpi-dsdt.hex.generated,7402,"""Guest CPU cores (TCG): - X86"",""X86 Machines - PC"""
hw/i386/smbios.c,1094,"""Guest CPU cores (TCG): - X86"",""X86 Machines - PC"""
hw/i386/ssdt-mem.dsl,77,"""Guest CPU cores (TCG): - X86"",""X86 Machines - PC"""
hw/i386/ssdt-mem.hex.generated,213,"""Guest CPU cores (TCG): - X86"",""X86 Machines - PC"""
hw/i386/ssdt-misc.dsl,283,"""Guest CPU cores (TCG): - X86"",""X86 Machines - PC"""
hw/i386/ssdt-misc.hex.generated,1185,"""Guest CPU cores (TCG): - X86"",""X86 Machines - PC"""
hw/i386/ssdt-pcihp.dsl,100,"""Guest CPU cores (TCG): - X86"",""X86 Machines - PC"""
hw/i386/ssdt-pcihp.hex.generated,251,"""Guest CPU cores (TCG): - X86"",""X86 Machines - PC"""
hw/i386/ssdt-proc.dsl,63,"""Guest CPU cores (TCG): - X86"",""X86 Machines - PC"""
hw/i386/ssdt-proc.hex.generated,134,"""Guest CPU cores (TCG): - X86"",""X86 Machines - PC"""
hw/i386/ssdt-tpm.dsl,43,"""Guest CPU cores (TCG): - X86"",""X86 Machines - PC"""
hw/i386/ssdt-tpm.hex.generated,95,"""Guest CPU cores (TCG): - X86"",""X86 Machines - PC"""
hw/i386/xen/Makefile.objs,1,"""Guest CPU cores (TCG): - X86"",""X86 Machines - PC"""
hw/i386/xen/xen_apic.c,98,"""Guest CPU cores (TCG): - X86"",""X86 Machines - PC"""
hw/i386/xen/xen_platform.c,450,"""Guest CPU cores (TCG): - X86"",""X86 Machines - PC"""
hw/i386/xen/xen_pvdevice.c,135,"""Guest CPU cores (TCG): - X86"",""X86 Machines - PC"""
hw/ide/Makefile.objs,12,"""Devices - IDE"""
hw/ide/ahci.c,1460,"""Devices - IDE"""
hw/ide/ahci.h,345,"""Devices - IDE"""
hw/ide/atapi.c,1157,"""Devices - IDE"""
hw/ide/cmd646.c,435,"""Devices - IDE"""
hw/ide/core.c,2600,"""Devices - IDE"""
hw/ide/ich.c,184,"""Devices - IDE"""
hw/ide/internal.h,573,"""Devices - IDE"""
hw/ide/isa.c,135,"""Devices - IDE"""
hw/ide/macio.c,642,"""Devices - IDE"""
hw/ide/microdrive.c,637,"""Devices - IDE"""
hw/ide/mmio.c,183,"""Devices - IDE"""
hw/ide/pci.c,534,"""Devices - IDE"""
hw/ide/pci.h,76,"""Devices - IDE"""
hw/ide/piix.c,301,"""Devices - IDE"""
hw/ide/qdev.c,362,"""Devices - IDE"""
hw/ide/via.c,238,"""Devices - IDE"""
hw/input/Makefile.objs,13,
hw/input/adb.c,579,
hw/input/hid.c,566,
hw/input/lm832x.c,524,
hw/input/milkymist-softusb.c,312,
hw/input/pckbd.c,590,
hw/input/pl050.c,205,
hw/input/ps2.c,794,
hw/input/pxa2xx_keypad.c,334,
hw/input/stellaris_input.c,87,"""ARM Machines - Stellaris"""
hw/input/tsc2005.c,593,
hw/input/tsc210x.c,1275,
hw/input/vmmouse.c,303,
hw/intc/Makefile.objs,29,
hw/intc/allwinner-a10-pic.c,212,"""ARM Machines - Allwinner-a10"""
hw/intc/apic.c,914,
hw/intc/apic_common.c,419,
hw/intc/arm_gic.c,858,
hw/intc/arm_gic_common.c,179,
hw/intc/arm_gic_kvm.c,608,
hw/intc/armv7m_nvic.c,563,
hw/intc/etraxfs_pic.c,191,"""CRIS Machines - Axis Dev88"""
hw/intc/exynos4210_combiner.c,458,"""ARM Machines - Exynos"""
hw/intc/exynos4210_gic.c,472,"""ARM Machines - Exynos"""
hw/intc/gic_internal.h,80,
hw/intc/grlib_irqmp.c,374,"""SPARC Machines - Leon3"""
hw/intc/heathrow_pic.c,213,
hw/intc/i8259.c,523,
hw/intc/i8259_common.c,162,
hw/intc/imx_avic.c,406,"""ARM Machines - i.MX31"""
hw/intc/ioapic.c,261,
hw/intc/ioapic_common.c,123,
hw/intc/lm32_pic.c,203,
hw/intc/omap_intc.c,666,"""Devices - OMAP"""
hw/intc/openpic.c,1671,
hw/intc/openpic_kvm.c,294,
hw/intc/pl190.c,292,
hw/intc/puv3_intc.c,140,"""UniCore32 Machines - PKUnity-3 SoC initramfs-with-busybox"""
hw/intc/realview_gic.c,87,
hw/intc/s390_flic.c,103,"""Guest CPU Cores (KVM): - S390"""
hw/intc/s390_flic_kvm.c,432,"""Guest CPU Cores (KVM): - S390"""
hw/intc/sh_intc.c,512,
hw/intc/slavio_intctl.c,471,
hw/intc/xics.c,1084,"""PowerPC Machines - sPAPR"""
hw/intc/xics_kvm.c,499,"""PowerPC Machines - sPAPR"""
hw/intc/xilinx_intc.c,201,"""Devices - Xilinx EDK"""
hw/ipack/Makefile.objs,2,
hw/ipack/ipack.c,119,
hw/ipack/tpci200.c,658,
hw/isa/Makefile.objs,8,
hw/isa/apm.c,102,
hw/isa/i82378.c,149,
hw/isa/isa-bus.c,265,
hw/isa/lpc_ich9.c,701,"""X86 Machines - PC"""
hw/isa/pc87312.c,398,"""PowerPC Machines - PReP"""
hw/isa/piix4.c,135,"""X86 Machines - PC"""
hw/isa/vt82c686.c,504,
hw/lm32/Makefile.objs,3,"""Guest CPU cores (TCG): - LM32"""
hw/lm32/lm32.h,29,"""Guest CPU cores (TCG): - LM32"""
hw/lm32/lm32_boards.c,319,"""Guest CPU cores (TCG): - LM32"",""LM32 Machines - EVR32 and uclinux BSP"""
hw/lm32/lm32_hwsetup.h,178,"""Guest CPU cores (TCG): - LM32"""
hw/lm32/milkymist-hw.h,207,"""Guest CPU cores (TCG): - LM32"""
hw/lm32/milkymist.c,225,"""Guest CPU cores (TCG): - LM32"",""LM32 Machines - milkymist"""
hw/m68k/Makefile.objs,4,"""Guest CPU cores (TCG): - M68K"""
hw/m68k/an5206.c,104,"""Guest CPU cores (TCG): - M68K"",""M68K Machines - an5206"""
hw/m68k/dummy_m68k.c,84,"""Guest CPU cores (TCG): - M68K"",""M68K Machines - dummy_m68k"""
hw/m68k/mcf5206.c,548,"""Guest CPU cores (TCG): - M68K"""
hw/m68k/mcf5208.c,310,"""Guest CPU cores (TCG): - M68K"",""M68K Machines - mcf5208"""
hw/m68k/mcf_intc.c,154,"""Guest CPU cores (TCG): - M68K"""
hw/mem/Makefile.objs,1,
hw/mem/pc-dimm.c,293,
hw/microblaze/Makefile.objs,3,"""Guest CPU cores (TCG): - MicroBlaze"""
hw/microblaze/boot.c,209,"""Guest CPU cores (TCG): - MicroBlaze"""
hw/microblaze/boot.h,12,"""Guest CPU cores (TCG): - MicroBlaze"""
hw/microblaze/petalogix_ml605_mmu.c,223,"""Guest CPU cores (TCG): - MicroBlaze"",""MicroBlaze Machines - petalogix_ml605"""
hw/microblaze/petalogix_s3adsp1800_mmu.c,150,"""Guest CPU cores (TCG): - MicroBlaze"",""MicroBlaze Machines - petalogix_s3adsp1800"""
hw/mips/Makefile.objs,4,"""Guest CPU cores (TCG): - MIPS"""
hw/mips/addr.c,39,"""Guest CPU cores (TCG): - MIPS"""
hw/mips/cputimer.c,157,"""Guest CPU cores (TCG): - MIPS"""
hw/mips/gt64xxx_pci.c,1218,"""Guest CPU cores (TCG): - MIPS"""
hw/mips/mips_fulong2e.c,414,"""Guest CPU cores (TCG): - MIPS"""
hw/mips/mips_int.c,78,"""Guest CPU cores (TCG): - MIPS"""
hw/mips/mips_jazz.c,371,"""Guest CPU cores (TCG): - MIPS"",""MIPS Machines - Jazz"""
hw/mips/mips_malta.c,1229,"""Guest CPU cores (TCG): - MIPS"",""MIPS Machines - Malta"""
hw/mips/mips_mipssim.c,246,"""Guest CPU cores (TCG): - MIPS"",""MIPS Machines - Mipssim"""
hw/mips/mips_r4k.c,317,"""Guest CPU cores (TCG): - MIPS"",""MIPS Machines - R4000"""
hw/misc/Makefile.objs,43,
hw/misc/a9scu.c,152,
hw/misc/applesmc.c,280,
hw/misc/arm11scu.c,100,
hw/misc/arm_integrator_debug.c,99,
hw/misc/arm_l2x0.c,198,
hw/misc/arm_sysctl.c,656,
hw/misc/cbus.c,618,
hw/misc/debugexit.c,76,
hw/misc/eccmemctl.c,344,
hw/misc/exynos4210_pmu.c,502,"""ARM Machines - Exynos"""
hw/misc/imx_ccm.c,326,"""ARM Machines - i.MX31"""
hw/misc/ivshmem.c,892,
hw/misc/macio/Makefile.objs,3,"""PowerPC Machines - New World"",""PowerPC Machines - Old World"""
hw/misc/macio/cuda.c,755,"""PowerPC Machines - New World"",""PowerPC Machines - Old World"""
hw/misc/macio/mac_dbdma.c,768,"""PowerPC Machines - New World"",""PowerPC Machines - Old World"""
hw/misc/macio/macio.c,418,"""PowerPC Machines - New World"",""PowerPC Machines - Old World"""
hw/misc/max111x.c,214,
hw/misc/milkymist-hpdmc.c,174,
hw/misc/milkymist-pfpu.c,548,
hw/misc/mst_fpga.c,266,
hw/misc/omap_clk.c,1264,"""Devices - OMAP"""
hw/misc/omap_gpmc.c,896,"""Devices - OMAP"""
hw/misc/omap_l4.c,162,"""Devices - OMAP"""
hw/misc/omap_sdrc.c,168,"""Devices - OMAP"""
hw/misc/omap_tap.c,116,"""Devices - OMAP"""
hw/misc/pc-testdev.c,207,
hw/misc/pci-testdev.c,332,
hw/misc/puv3_pm.c,153,"""UniCore32 Machines - PKUnity-3 SoC initramfs-with-busybox"""
hw/misc/pvpanic.c,144,
hw/misc/sga.c,67,
hw/misc/slavio_misc.c,516,
hw/misc/tmp105.c,272,
hw/misc/tmp105.h,47,
hw/misc/vfio.c,4471,"""Devices - VFIO"""
hw/misc/vmport.c,181,
hw/misc/zynq_slcr.c,458,"""ARM Machines - Xilinx Zynq"""
hw/moxie/Makefile.objs,2,
hw/moxie/moxiesim.c,161,
hw/net/Makefile.objs,37,
hw/net/allwinner_emac.c,541,
hw/net/cadence_gem.c,1298,"""ARM Machines - Xilinx Zynq"""
hw/net/dp8393x.c,911,
hw/net/e1000.c,1685,
hw/net/e1000_regs.h,902,
hw/net/eepro100.c,2119,
hw/net/etraxfs_eth.c,665,"""CRIS Machines - Axis Dev88"""
hw/net/fsl_etsec/etsec.c,465,
hw/net/fsl_etsec/etsec.h,174,
hw/net/fsl_etsec/miim.c,146,
hw/net/fsl_etsec/registers.c,295,
hw/net/fsl_etsec/registers.h,320,
hw/net/fsl_etsec/rings.c,650,
hw/net/lan9118.c,1406,
hw/net/lance.c,191,
hw/net/mcf_fec.c,477,
hw/net/milkymist-minimac2.c,549,
hw/net/mipsnet.c,289,
hw/net/ne2000-isa.c,160,
hw/net/ne2000.c,798,
hw/net/ne2000.h,40,
hw/net/opencores_eth.c,769,"""Xtensa Machines - XTFPGA (LX60, LX200, ML605, KC705)"""
hw/net/pcnet-pci.c,394,
hw/net/pcnet.c,1768,
hw/net/pcnet.h,69,
hw/net/rtl8139.c,3589,
hw/net/smc91c111.c,815,
hw/net/spapr_llan.c,577,"""PowerPC Machines - sPAPR"""
hw/net/stellaris_enet.c,515,"""ARM Machines - Stellaris"""
hw/net/vhost_net.c,448,"""Devices - vhost"""
hw/net/virtio-net.c,1764,"""Devices - virtio"""
hw/net/vmware_utils.h,143,
hw/net/vmxnet3.c,2541,"""Devices - Vmware"""
hw/net/vmxnet3.h,755,"""Devices - Vmware"""
hw/net/vmxnet_debug.h,115,"""Devices - Vmware"""
hw/net/vmxnet_rx_pkt.c,187,"""Devices - Vmware"""
hw/net/vmxnet_rx_pkt.h,174,"""Devices - Vmware"""
hw/net/vmxnet_tx_pkt.c,567,"""Devices - Vmware"""
hw/net/vmxnet_tx_pkt.h,148,"""Devices - Vmware"""
hw/net/xen_nic.c,439,
hw/net/xgmac.c,440,"""ARM Machines - Calxeda Highbank"""
hw/net/xilinx_axienet.c,1083,"""Devices - Xilinx EDK"""
hw/net/xilinx_ethlite.c,280,"""Devices - Xilinx EDK"""
hw/nvram/Makefile.objs,5,
hw/nvram/ds1225y.c,169,
hw/nvram/eeprom93xx.c,336,
hw/nvram/fw_cfg.c,668,
hw/nvram/mac_nvram.c,213,
hw/nvram/spapr_nvram.c,249,"""PowerPC Machines - sPAPR"""
hw/openrisc/Makefile.objs,2,"""Guest CPU cores (TCG): - OpenRISC"""
hw/openrisc/cputimer.c,112,"""Guest CPU cores (TCG): - OpenRISC"""
hw/openrisc/openrisc_sim.c,148,"""Guest CPU cores (TCG): - OpenRISC"",""OpenRISC Machines - or1k-sim"""
hw/openrisc/pic_cpu.c,60,"""Guest CPU cores (TCG): - OpenRISC"""
hw/pci-bridge/Makefile.objs,5,
hw/pci-bridge/dec.c,162,"""PowerPC Machines - New World"""
hw/pci-bridge/dec.h,10,"""PowerPC Machines - New World"""
hw/pci-bridge/i82801b11.c,130,
hw/pci-bridge/ioh3420.c,221,
hw/pci-bridge/ioh3420.h,6,
hw/pci-bridge/pci_bridge_dev.c,172,
hw/pci-bridge/xio3130_downstream.c,209,
hw/pci-bridge/xio3130_downstream.h,11,
hw/pci-bridge/xio3130_upstream.c,182,
hw/pci-bridge/xio3130_upstream.h,10,
hw/pci-host/Makefile.objs,17,
hw/pci-host/apb.c,874,
hw/pci-host/bonito.c,843,
hw/pci-host/grackle.c,167,"""PowerPC Machines - Old World"""
hw/pci-host/pam.c,89,"""X86 Machines - PC"""
hw/pci-host/piix.c,779,"""X86 Machines - PC"""
hw/pci-host/ppce500.c,451,
hw/pci-host/prep.c,404,"""PowerPC Machines - PReP"""
hw/pci-host/q35.c,469,"""X86 Machines - PC"""
hw/pci-host/uninorth.c,516,"""PowerPC Machines - New World"""
hw/pci-host/versatile.c,538,"""ARM Machines - Versatile PB"""
hw/pci/Makefile.objs,11,"""Devices - PCI"""
hw/pci/msi.c,395,"""Devices - PCI"""
hw/pci/msix.c,600,"""Devices - PCI"""
hw/pci/pci-hotplug-old.c,343,"""Devices - PCI"""
hw/pci/pci-stub.c,47,"""Devices - PCI"""
hw/pci/pci.c,2385,"""Devices - PCI"""
hw/pci/pci_bridge.c,419,"""Devices - PCI"""
hw/pci/pci_host.c,191,"""Devices - PCI"""
hw/pci/pcie.c,635,"""Devices - PCI"""
hw/pci/pcie_aer.c,1037,"""Devices - PCI"""
hw/pci/pcie_host.c,138,"""Devices - PCI"""
hw/pci/pcie_port.c,178,"""Devices - PCI"""
hw/pci/shpc.c,711,"""Devices - PCI"""
hw/pci/slotid_cap.c,45,"""Devices - PCI"""
hw/pcmcia/Makefile.objs,2,
hw/pcmcia/pcmcia.c,24,
hw/pcmcia/pxa2xx.c,264,
hw/ppc/Makefile.objs,23,"""Guest CPU cores (TCG): - PowerPC"""
hw/ppc/e500-ccsr.h,17,"""Devices - ppce500"",""Guest CPU cores (TCG): - PowerPC"""
hw/ppc/e500.c,1090,"""Devices - ppce500"",""Guest CPU cores (TCG): - PowerPC"",""PowerPC Machines - e500"""
hw/ppc/e500.h,24,"""Devices - ppce500"",""Guest CPU cores (TCG): - PowerPC"",""PowerPC Machines - e500"""
hw/ppc/e500plat.c,68,"""Devices - ppce500"",""Guest CPU cores (TCG): - PowerPC"",""PowerPC Machines - e500"""
hw/ppc/mac.h,183,"""Guest CPU cores (TCG): - PowerPC"""
hw/ppc/mac_newworld.c,518,"""Guest CPU cores (TCG): - PowerPC"",""PowerPC Machines - New World"""
hw/ppc/mac_oldworld.c,380,"""Guest CPU cores (TCG): - PowerPC"",""PowerPC Machines - Old World"""
hw/ppc/mpc8544_guts.c,140,"""Guest CPU cores (TCG): - PowerPC"",""PowerPC Machines - mpc8544ds"""
hw/ppc/mpc8544ds.c,54,"""Guest CPU cores (TCG): - PowerPC"",""PowerPC Machines - mpc8544ds"""
hw/ppc/ppc.c,1501,"""Guest CPU cores (TCG): - PowerPC"""
hw/ppc/ppc405.h,81,"""Guest CPU cores (TCG): - PowerPC"""
hw/ppc/ppc405_boards.c,679,"""Devices - ppc4xx"",""Guest CPU cores (TCG): - PowerPC"",""PowerPC Machines - 405"""
hw/ppc/ppc405_uc.c,2551,"""Devices - ppc4xx"",""Guest CPU cores (TCG): - PowerPC"""
hw/ppc/ppc440_bamboo.c,308,"""Devices - ppc4xx"",""Guest CPU cores (TCG): - PowerPC"",""PowerPC Machines - Bamboo"""
hw/ppc/ppc4xx_devs.c,734,"""Devices - ppc4xx"",""Guest CPU cores (TCG): - PowerPC"""
hw/ppc/ppc4xx_pci.c,392,"""Devices - ppc4xx"",""Guest CPU cores (TCG): - PowerPC"""
hw/ppc/ppc_booke.c,365,"""Guest CPU cores (TCG): - PowerPC"""
hw/ppc/ppce500_spin.c,224,"""Guest CPU cores (TCG): - PowerPC"""
hw/ppc/prep.c,577,"""Guest CPU cores (TCG): - PowerPC"",""PowerPC Machines - PReP"""
hw/ppc/spapr.c,1752,"""Guest CPU cores (TCG): - PowerPC"",""PowerPC Machines - sPAPR"""
hw/ppc/spapr_events.c,322,"""Guest CPU cores (TCG): - PowerPC"",""PowerPC Machines - sPAPR"""
hw/ppc/spapr_hcall.c,1013,"""Guest CPU cores (TCG): - PowerPC"",""PowerPC Machines - sPAPR"""
hw/ppc/spapr_iommu.c,446,"""Guest CPU cores (TCG): - PowerPC"",""PowerPC Machines - sPAPR"""
hw/ppc/spapr_pci.c,968,"""Guest CPU cores (TCG): - PowerPC"",""PowerPC Machines - sPAPR"""
hw/ppc/spapr_pci_vfio.c,102,"""Guest CPU cores (TCG): - PowerPC"",""PowerPC Machines - sPAPR"""
hw/ppc/spapr_rtas.c,424,"""Guest CPU cores (TCG): - PowerPC"",""PowerPC Machines - sPAPR"""
hw/ppc/spapr_vio.c,680,"""Guest CPU cores (TCG): - PowerPC"",""PowerPC Machines - sPAPR"""
hw/ppc/virtex_ml507.c,312,"""Guest CPU cores (TCG): - PowerPC"",""PowerPC Machines - virtex_ml507"""
hw/s390x/Makefile.objs,10,"""Guest CPU cores (TCG): - S390"""
hw/s390x/css.c,1489,"""Guest CPU cores (TCG): - S390"",""S390 Machines - S390 Virtio-ccw"""
hw/s390x/css.h,109,"""Guest CPU cores (TCG): - S390"",""S390 Machines - S390 Virtio-ccw"""
hw/s390x/event-facility.c,430,"""Guest CPU cores (TCG): - S390"""
hw/s390x/ipl.c,204,"""Guest CPU cores (TCG): - S390"",""S390 Machines - S390 Virtio-ccw"""
hw/s390x/s390-virtio-bus.c,735,"""Guest CPU cores (TCG): - S390"",""S390 Machines - S390 Virtio"""
hw/s390x/s390-virtio-bus.h,186,"""Guest CPU cores (TCG): - S390"""
hw/s390x/s390-virtio-ccw.c,204,"""Guest CPU cores (TCG): - S390"",""S390 Machines - S390 Virtio"",""S390 Machines - S390 Virtio-ccw"""
hw/s390x/s390-virtio-hcall.c,40,"""Guest CPU cores (TCG): - S390"",""S390 Machines - S390 Virtio"""
hw/s390x/s390-virtio.c,299,"""Guest CPU cores (TCG): - S390"",""S390 Machines - S390 Virtio"""
hw/s390x/s390-virtio.h,32,"""Guest CPU cores (TCG): - S390"""
hw/s390x/sclp.c,462,"""Guest CPU cores (TCG): - S390"",""S390 Machines - S390 Virtio-ccw"""
hw/s390x/sclpcpu.c,112,"""Guest CPU cores (TCG): - S390"",""S390 Machines - S390 Virtio-ccw"""
hw/s390x/sclpquiesce.c,141,"""Guest CPU cores (TCG): - S390"",""S390 Machines - S390 Virtio-ccw"""
hw/s390x/virtio-ccw.c,1724,"""Devices - virtio"",""Devices - virtio-ccw"",""Guest CPU cores (TCG): - S390"""
hw/s390x/virtio-ccw.h,196,"""Devices - virtio"",""Devices - virtio-ccw"",""Guest CPU cores (TCG): - S390"""
hw/scsi/Makefile.objs,13,"""Devices - SCSI"""
hw/scsi/esp-pci.c,532,"""Devices - SCSI"""
hw/scsi/esp.c,736,"""Devices - SCSI"""
hw/scsi/lsi53c895a.c,2164,"""Devices - LSI53C895A"",""Devices - SCSI"""
hw/scsi/megasas.c,2559,"""Devices - SCSI"",""Devices - megasas"""
hw/scsi/mfi.h,1272,"""Devices - SCSI"",""Devices - megasas"""
hw/scsi/scsi-bus.c,2038,"""Devices - SCSI"""
hw/scsi/scsi-disk.c,2728,"""Devices - SCSI"""
hw/scsi/scsi-generic.c,498,"""Devices - SCSI"""
hw/scsi/spapr_vscsi.c,1309,"""Devices - SCSI"",""PowerPC Machines - sPAPR"""
hw/scsi/srp.h,247,"""Devices - SCSI"""
hw/scsi/vhost-scsi.c,304,"""Devices - SCSI"",""Devices - vhost"""
hw/scsi/viosrp.h,216,"""Devices - SCSI"""
hw/scsi/virtio-scsi-dataplane.c,307,"""Devices - SCSI"",""Devices - virtio"""
hw/scsi/virtio-scsi.c,978,"""Devices - SCSI"",""Devices - virtio"""
hw/scsi/vmw_pvscsi.c,1227,"""Devices - SCSI"",""Devices - Vmware"""
hw/scsi/vmw_pvscsi.h,434,"""Devices - SCSI"",""Devices - Vmware"""
hw/sd/Makefile.objs,8,
hw/sd/milkymist-memcard.c,313,
hw/sd/omap_mmc.c,647,"""Devices - OMAP"""
hw/sd/pl181.c,524,
hw/sd/pxa2xx_mmci.c,556,
hw/sd/sd.c,1765,
hw/sd/sdhci.c,1304,
hw/sd/sdhci.h,312,
hw/sd/ssi-sd.c,288,
hw/sh4/Makefile.objs,4,"""Guest CPU cores (TCG): - SH4"""
hw/sh4/r2d.c,366,"""Guest CPU cores (TCG): - SH4"",""SH4 Machines - R2D"""
hw/sh4/sh7750.c,842,"""Guest CPU cores (TCG): - SH4"""
hw/sh4/sh7750_regnames.c,97,"""Guest CPU cores (TCG): - SH4"""
hw/sh4/sh7750_regnames.h,6,"""Guest CPU cores (TCG): - SH4"""
hw/sh4/sh7750_regs.h,1277,"""Guest CPU cores (TCG): - SH4"""
hw/sh4/sh_pci.c,204,"""Guest CPU cores (TCG): - SH4"""
hw/sh4/shix.c,102,"""Guest CPU cores (TCG): - SH4"",""SH4 Machines - Shix"""
hw/sparc/Makefile.objs,1,"""Guest CPU cores (TCG): - SPARC"""
hw/sparc/leon3.c,230,"""Guest CPU cores (TCG): - SPARC"",""SPARC Machines - Leon3"""
hw/sparc/sun4m.c,1523,"""Guest CPU cores (TCG): - SPARC"",""SPARC Machines - Sun4m"""
hw/sparc64/Makefile.objs,1,"""Guest CPU cores (TCG): - SPARC"""
hw/sparc64/sun4u.c,1008,"""Guest CPU cores (TCG): - SPARC"",""SPARC Machines - Sun4u"""
hw/ssi/Makefile.objs,6,"""Devices - SSI"""
hw/ssi/omap_spi.c,373,"""Devices - OMAP"",""Devices - SSI"""
hw/ssi/pl022.c,326,"""Devices - SSI"""
hw/ssi/ssi.c,174,"""Devices - SSI"""
hw/ssi/xilinx_spi.c,390,"""Devices - SSI"",""Devices - Xilinx EDK"""
hw/ssi/xilinx_spips.c,771,"""ARM Machines - Xilinx Zynq"",""Devices - SSI"",""Devices - Xilinx EDK"""
hw/timer/Makefile.objs,33,
hw/timer/a9gtimer.c,369,
hw/timer/allwinner-a10-pit.c,295,"""ARM Machines - Allwinner-a10"""
hw/timer/arm_mptimer.c,293,
hw/timer/arm_timer.c,412,
hw/timer/cadence_ttc.c,492,"""ARM Machines - Xilinx Zynq"""
hw/timer/digic-timer.c,162,"""ARM Machines - Canon DIGIC"""
hw/timer/ds1338.c,240,
hw/timer/etraxfs_timer.c,357,"""CRIS Machines - Axis Dev88"""
hw/timer/exynos4210_mct.c,1481,"""ARM Machines - Exynos"""
hw/timer/exynos4210_pwm.c,425,"""ARM Machines - Exynos"""
hw/timer/exynos4210_rtc.c,595,"""ARM Machines - Exynos"""
hw/timer/grlib_gptimer.c,411,"""SPARC Machines - Leon3"""
hw/timer/hpet.c,798,
hw/timer/i8254.c,377,
hw/timer/i8254_common.c,306,
hw/timer/imx_epit.c,410,"""ARM Machines - i.MX31"""
hw/timer/imx_gpt.c,557,"""ARM Machines - i.MX31"""
hw/timer/lm32_timer.c,235,
hw/timer/m48t59.c,795,
hw/timer/mc146818rtc.c,999,
hw/timer/milkymist-sysctl.c,341,
hw/timer/omap_gptimer.c,488,"""Devices - OMAP"""
hw/timer/omap_synctimer.c,102,"""Devices - OMAP"""
hw/timer/pl031.c,269,
hw/timer/puv3_ost.c,156,"""UniCore32 Machines - PKUnity-3 SoC initramfs-with-busybox"""
hw/timer/pxa2xx_timer.c,596,
hw/timer/sh_timer.c,334,
hw/timer/slavio_timer.c,434,
hw/timer/tusb6010.c,816,
hw/timer/twl92230.c,887,
hw/timer/xilinx_timer.c,265,"""Devices - Xilinx EDK"""
hw/tpm/Makefile.objs,2,
hw/tpm/tpm_int.h,67,
hw/tpm/tpm_passthrough.c,552,
hw/tpm/tpm_tis.c,923,
hw/tpm/tpm_tis.h,69,
hw/tricore/Makefile.objs,1,"""Guest CPU cores (TCG): - TriCore"""
hw/tricore/tricore_testboard.c,124,"""Guest CPU cores (TCG): - TriCore"""
hw/unicore32/Makefile.objs,4,"""Guest CPU cores (TCG): - UniCore32"",""UniCore32 Machines - PKUnity-3 SoC initramfs-with-busybox"""
hw/unicore32/puv3.c,143,"""Guest CPU cores (TCG): - UniCore32"",""UniCore32 Machines - PKUnity-3 SoC initramfs-with-busybox"""
hw/usb/Makefile.objs,38,"""Devices - USB"""
hw/usb/bus.c,730,"""Devices - USB"""
hw/usb/ccid-card-emulated.c,603,"""Devices - USB"""
hw/usb/ccid-card-passthru.c,413,"""Devices - USB"""
hw/usb/ccid.h,65,"""Devices - USB"""
hw/usb/combined-packet.c,187,"""Devices - USB"""
hw/usb/core.c,835,"""Devices - USB"""
hw/usb/desc-msos.c,238,"""Devices - USB"""
hw/usb/desc.c,804,"""Devices - USB"""
hw/usb/desc.h,245,"""Devices - USB"""
hw/usb/dev-audio.c,699,"""Devices - USB"""
hw/usb/dev-bluetooth.c,585,"""Devices - USB"""
hw/usb/dev-hid.c,875,"""Devices - USB"""
hw/usb/dev-hub.c,591,"""Devices - USB"""
hw/usb/dev-mtp.c,1127,"""Devices - USB"""
hw/usb/dev-network.c,1458,"""Devices - USB"""
hw/usb/dev-serial.c,645,"""Devices - USB"",""Devices - USB (serial adapter)"""
hw/usb/dev-smartcard-reader.c,1495,"""Devices - USB"""
hw/usb/dev-storage.c,854,"""Devices - USB"""
hw/usb/dev-uas.c,957,"""Devices - USB"""
hw/usb/dev-wacom.c,382,"""Devices - USB"""
hw/usb/hcd-ehci-pci.c,265,"""Devices - USB"""
hw/usb/hcd-ehci-sysbus.c,219,"""Devices - USB"""
hw/usb/hcd-ehci.c,2540,"""Devices - USB"""
hw/usb/hcd-ehci.h,383,"""Devices - USB"""
hw/usb/hcd-musb.c,1546,"""Devices - USB"""
hw/usb/hcd-ohci.c,2138,"""Devices - USB"""
hw/usb/hcd-uhci.c,1402,"""Devices - USB"""
hw/usb/hcd-xhci.c,3902,"""Devices - USB"""
hw/usb/host-legacy.c,144,"""Devices - USB"""
hw/usb/host-libusb.c,1676,"""Devices - USB"""
hw/usb/host-stub.c,47,"""Devices - USB"""
hw/usb/host.h,44,"""Devices - USB"""
hw/usb/libhw.c,70,"""Devices - USB"""
hw/usb/quirks-ftdi-ids.h,1255,"""Devices - USB"""
hw/usb/quirks-pl2303-ids.h,150,"""Devices - USB"""
hw/usb/quirks.c,53,"""Devices - USB"""
hw/usb/quirks.h,910,"""Devices - USB"""
hw/usb/redirect.c,2520,"""Devices - USB"""
hw/virtio/Makefile.objs,8,
hw/virtio/dataplane/Makefile.objs,1,
hw/virtio/dataplane/vring.c,436,
hw/virtio/vhost-backend.c,69,"""Devices - vhost"""
hw/virtio/vhost-user.c,351,"""Devices - vhost"""
hw/virtio/vhost.c,1103,"""Devices - vhost"""
hw/virtio/virtio-balloon.c,443,"""Devices - virtio"""
hw/virtio/virtio-bus.c,200,"""Devices - virtio"""
hw/virtio/virtio-mmio.c,421,"""Devices - virtio"""
hw/virtio/virtio-pci.c,1589,"""Devices - virtio"""
hw/virtio/virtio-pci.h,209,"""Devices - virtio"""
hw/virtio/virtio-rng.c,260,"""Devices - virtio"""
hw/virtio/virtio.c,1358,"""Devices - virtio"""
hw/watchdog/Makefile.objs,3,
hw/watchdog/watchdog.c,142,
hw/watchdog/wdt_i6300esb.c,462,
hw/watchdog/wdt_ib700.c,156,
hw/xen/Makefile.objs,5,
hw/xen/xen-host-pci-device.c,396,
hw/xen/xen-host-pci-device.h,55,
hw/xen/xen_backend.c,810,
hw/xen/xen_devconfig.c,175,
hw/xen/xen_pt.c,831,
hw/xen/xen_pt.h,302,
hw/xen/xen_pt_config_init.c,1884,
hw/xen/xen_pt_msi.c,621,
hw/xenpv/Makefile.objs,2,
hw/xenpv/xen_domainbuild.c,299,
hw/xenpv/xen_domainbuild.h,13,
hw/xenpv/xen_machine_pv.c,109,
hw/xtensa/Makefile.objs,3,"""Guest CPU cores (TCG): - Xtensa"""
hw/xtensa/bootparam.h,49,"""Guest CPU cores (TCG): - Xtensa"""
hw/xtensa/pic_cpu.c,166,"""Guest CPU cores (TCG): - Xtensa"""
hw/xtensa/sim.c,120,"""Guest CPU cores (TCG): - Xtensa"",""Xtensa Machines - sim"""
hw/xtensa/xtfpga.c,448,"""Guest CPU cores (TCG): - Xtensa"",""Xtensa Machines - XTFPGA (LX60, LX200, ML605, KC705)"""
include/block/accounting.h,57,
include/block/aio.h,328,
include/block/block.h,546,
include/block/block_int.h,596,
include/block/blockjob.h,337,
include/block/coroutine.h,229,
include/block/coroutine_int.h,53,
include/block/nbd.h,107,
include/block/qapi.h,46,
include/block/scsi.h,309,
include/block/snapshot.h,78,
include/block/thread-pool.h,37,
include/config.h,2,
include/disas/bfd.h,486,
include/disas/disas.h,43,
include/elf.h,1548,
include/exec/address-spaces.h,41,
include/exec/cpu-all.h,346,
include/exec/cpu-common.h,134,
include/exec/cpu-defs.h,127,
include/exec/cpu_ldst.h,400,"""Guest CPU cores (TCG): - Overall"""
include/exec/cpu_ldst_template.h,193,"""Guest CPU cores (TCG): - Overall"""
include/exec/cputlb.h,48,
include/exec/exec-all.h,386,
include/exec/gdbstub.h,98,
include/exec/gen-icount.h,67,
include/exec/helper-gen.h,72,"""Guest CPU cores (TCG): - Overall"""
include/exec/helper-head.h,134,"""Guest CPU cores (TCG): - Overall"""
include/exec/helper-proto.h,40,"""Guest CPU cores (TCG): - Overall"""
include/exec/helper-tcg.h,49,"""Guest CPU cores (TCG): - Overall"""
include/exec/hwaddr.h,20,
include/exec/ioport.h,80,"""Subsystems - Memory API"""
include/exec/memory-internal.h,34,"""Subsystems - Memory API"""
include/exec/memory.h,1117,"""Subsystems - Memory API"""
include/exec/poison.h,62,
include/exec/ram_addr.h,166,
include/exec/softmmu-semi.h,79,
include/exec/spinlock.h,49,
include/exec/user/abitypes.h,66,
include/exec/user/thunk.h,189,
include/fpu/softfloat.h,721,
include/glib-compat.h,201,
include/hw/acpi/acpi.h,188,
include/hw/acpi/acpi_dev_interface.h,43,
include/hw/acpi/cpu_hotplug.h,28,
include/hw/acpi/ich9.h,64,"""X86 Machines - PC"""
include/hw/acpi/memory_hotplug.h,38,
include/hw/acpi/pc-hotplug.h,56,
include/hw/acpi/pcihp.h,75,
include/hw/acpi/piix4.h,8,
include/hw/acpi/tpm.h,29,
include/hw/arm/allwinner-a10.h,38,"""ARM Machines - Allwinner-a10"""
include/hw/arm/arm.h,76,
include/hw/arm/digic.h,43,"""ARM Machines - Canon DIGIC"""
include/hw/arm/exynos4210.h,137,
include/hw/arm/imx.h,34,
include/hw/arm/omap.h,1015,
include/hw/arm/primecell.h,12,
include/hw/arm/pxa.h,191,
include/hw/arm/sharpsl.h,17,
include/hw/arm/soc_dma.h,116,
include/hw/audio/audio.h,10,
include/hw/audio/pcspk.h,47,
include/hw/block/block.h,74,
include/hw/block/fdc.h,26,
include/hw/block/flash.h,64,
include/hw/boards.h,148,
include/hw/bt.h,2193,
include/hw/char/digic-uart.h,47,
include/hw/char/escc.h,14,
include/hw/char/lm32_juart.h,13,
include/hw/char/serial.h,97,
include/hw/compat.h,35,
include/hw/cpu/a15mpcore.h,44,
include/hw/cpu/a9mpcore.h,39,
include/hw/cpu/arm11mpcore.h,35,
include/hw/cpu/icc_bus.h,82,"""Subsystems - ICC Bus"""
include/hw/cris/etraxfs.h,49,
include/hw/cris/etraxfs_dma.h,34,
include/hw/devices.h,70,
include/hw/elf_ops.h,313,
include/hw/empty_slot.h,7,
include/hw/fw-path-provider.h,48,
include/hw/hotplug.h,92,
include/hw/hw.h,75,
include/hw/i2c/i2c.h,86,
include/hw/i2c/pm_smbus.h,20,
include/hw/i2c/smbus.h,83,
include/hw/i386/apic-msidef.h,30,"""X86 Machines - PC"""
include/hw/i386/apic.h,32,"""X86 Machines - PC"""
include/hw/i386/apic_internal.h,148,"""X86 Machines - PC"""
include/hw/i386/ich9.h,221,"""X86 Machines - PC"""
include/hw/i386/intel_iommu.h,120,"""X86 Machines - PC"""
include/hw/i386/ioapic.h,28,"""X86 Machines - PC"""
include/hw/i386/ioapic_internal.h,103,"""X86 Machines - PC"""
include/hw/i386/pc.h,527,"""X86 Machines - PC"""
include/hw/i386/smbios.h,227,"""X86 Machines - PC"""
include/hw/ide.h,33,"""Devices - IDE"""
include/hw/input/adb.h,87,
include/hw/input/hid.h,84,
include/hw/input/ps2.h,38,
include/hw/intc/allwinner-a10-pic.h,40,"""ARM Machines - Allwinner-a10"""
include/hw/intc/arm_gic.h,42,
include/hw/intc/arm_gic_common.h,127,
include/hw/intc/realview_gic.h,28,
include/hw/ipack/ipack.h,87,
include/hw/irq.h,65,
include/hw/isa/apm.h,25,
include/hw/isa/i8259_internal.h,83,
include/hw/isa/isa.h,113,
include/hw/isa/pc87312.h,65,
include/hw/isa/vt82c686.h,11,
include/hw/kvm/clock.h,24,
include/hw/lm32/lm32_pic.h,14,
include/hw/loader.h,88,
include/hw/m68k/mcf.h,30,
include/hw/mem/pc-dimm.h,81,
include/hw/mips/bios.h,8,
include/hw/mips/cpudevs.h,17,
include/hw/mips/mips.h,32,
include/hw/misc/a9scu.h,31,
include/hw/misc/arm11scu.h,29,
include/hw/misc/arm_integrator_debug.h,18,
include/hw/misc/tmp105_regs.h,50,
include/hw/misc/vfio.h,9,
include/hw/net/allwinner_emac.h,211,
include/hw/nmi.h,49,
include/hw/nvram/eeprom93xx.h,40,
include/hw/nvram/fw_cfg.h,88,
include/hw/nvram/openbios_firmware_abi.h,75,
include/hw/pci-host/apb.h,10,
include/hw/pci-host/pam.h,97,"""X86 Machines - PC"""
include/hw/pci-host/ppce500.h,9,
include/hw/pci-host/q35.h,162,"""X86 Machines - PC"""
include/hw/pci-host/spapr.h,125,"""PowerPC Machines - sPAPR"""
include/hw/pci/msi.h,50,"""Devices - PCI"""
include/hw/pci/msix.h,57,"""Devices - PCI"""
include/hw/pci/pci.h,758,"""Devices - PCI"""
include/hw/pci/pci_bridge.h,66,"""Devices - PCI"""
include/hw/pci/pci_bus.h,81,"""Devices - PCI"""
include/hw/pci/pci_host.h,73,"""Devices - PCI"""
include/hw/pci/pci_ids.h,157,"""Devices - PCI"""
include/hw/pci/pci_regs.h,717,"""Devices - PCI"""
include/hw/pci/pcie.h,133,"""Devices - PCI"""
include/hw/pci/pcie_aer.h,106,"""Devices - PCI"""
include/hw/pci/pcie_host.h,80,"""Devices - PCI"""
include/hw/pci/pcie_port.h,61,"""Devices - PCI"""
include/hw/pci/pcie_regs.h,158,"""Devices - PCI"""
include/hw/pci/shpc.h,56,"""Devices - PCI"""
include/hw/pci/slotid_cap.h,11,"""Devices - PCI"""
include/hw/pcmcia.h,70,
include/hw/platform-bus.h,57,
include/hw/ppc/mac_dbdma.h,177,
include/hw/ppc/openpic.h,32,
include/hw/ppc/ppc.h,103,
include/hw/ppc/ppc4xx.h,64,
include/hw/ppc/ppc_e500.h,6,
include/hw/ppc/spapr.h,483,"""PowerPC Machines - sPAPR"""
include/hw/ppc/spapr_vio.h,142,"""PowerPC Machines - sPAPR"""
include/hw/ppc/xics.h,169,"""PowerPC Machines - sPAPR"""
include/hw/ptimer.h,37,
include/hw/qdev-core.h,379,
include/hw/qdev-dma.h,10,
include/hw/qdev-properties.h,220,
include/hw/qdev.h,8,
include/hw/s390x/adapter.h,23,"""S390 Machines - S390 Virtio-ccw"""
include/hw/s390x/ebcdic.h,104,"""S390 Machines - S390 Virtio-ccw"""
include/hw/s390x/event-facility.h,198,"""S390 Machines - S390 Virtio-ccw"""
include/hw/s390x/s390_flic.h,76,"""Guest CPU Cores (KVM): - S390"",""S390 Machines - S390 Virtio-ccw"""
include/hw/s390x/sclp.h,187,"""S390 Machines - S390 Virtio-ccw"""
include/hw/scsi/esp.h,132,
include/hw/scsi/scsi.h,281,
include/hw/sd.h,80,
include/hw/sh4/sh.h,57,
include/hw/sh4/sh_intc.h,83,
include/hw/sparc/grlib.h,126,
include/hw/sparc/sparc32_dma.h,12,
include/hw/sparc/sun4m.h,38,
include/hw/ssi.h,94,
include/hw/stream.h,57,
include/hw/sysbus.h,103,
include/hw/timer/a9gtimer.h,97,
include/hw/timer/allwinner-a10-pit.h,67,"""ARM Machines - Allwinner-a10"""
include/hw/timer/arm_mptimer.h,54,
include/hw/timer/digic-timer.h,46,
include/hw/timer/hpet.h,84,
include/hw/timer/i8254.h,75,
include/hw/timer/i8254_internal.h,84,
include/hw/timer/m48t59.h,37,
include/hw/timer/mc146818rtc.h,13,
include/hw/timer/mc146818rtc_regs.h,67,
include/hw/tricore/tricore.h,11,
include/hw/unicore32/puv3.h,49,
include/hw/usb.h,614,
include/hw/usb/ehci-regs.h,82,
include/hw/usb/uhci-regs.h,40,
include/hw/virtio/dataplane/vring.h,59,
include/hw/virtio/vhost-backend.h,40,
include/hw/virtio/vhost-scsi.h,73,
include/hw/virtio/vhost.h,79,
include/hw/virtio/virtio-9p.h,24,
include/hw/virtio/virtio-access.h,170,
include/hw/virtio/virtio-balloon.h,72,
include/hw/virtio/virtio-blk.h,163,
include/hw/virtio/virtio-bus.h,109,
include/hw/virtio/virtio-net.h,293,
include/hw/virtio/virtio-rng.h,61,
include/hw/virtio/virtio-scsi.h,284,
include/hw/virtio/virtio-serial.h,256,
include/hw/virtio/virtio.h,274,
include/hw/virtio/virtio_ring.h,167,
include/hw/xen/xen.h,55,
include/hw/xen/xen_backend.h,111,
include/hw/xen/xen_common.h,182,
include/libdecnumber/dconfig.h,40,
include/libdecnumber/decContext.h,257,
include/libdecnumber/decDPD.h,1214,
include/libdecnumber/decNumber.h,202,
include/libdecnumber/decNumberLocal.h,665,
include/libdecnumber/dpd/decimal128.h,100,
include/libdecnumber/dpd/decimal128Local.h,47,
include/libdecnumber/dpd/decimal32.h,98,
include/libdecnumber/dpd/decimal64.h,100,
include/migration/block.h,23,
include/migration/migration.h,177,
include/migration/page_cache.h,82,
include/migration/qemu-file.h,302,
include/migration/vmstate.h,815,
include/monitor/monitor.h,70,
include/monitor/qdev.h,15,
include/net/checksum.h,54,
include/net/eth.h,347,
include/net/net.h,220,
include/net/queue.h,58,
include/net/slirp.h,47,
include/net/tap.h,63,
include/net/vhost-user.h,17,
include/net/vhost_net.h,32,
include/qapi/dealloc-visitor.h,26,
include/qapi/error.h,103,
include/qapi/opts-visitor.h,37,
include/qapi/qmp-event.h,27,
include/qapi/qmp-input-visitor.h,29,
include/qapi/qmp-output-visitor.h,28,
include/qapi/qmp/dispatch.h,58,
include/qapi/qmp/json-lexer.h,51,
include/qapi/qmp/json-parser.h,24,
include/qapi/qmp/json-streamer.h,40,
include/qapi/qmp/qbool.h,29,
include/qapi/qmp/qdict.h,76,
include/qapi/qmp/qerror.h,157,
include/qapi/qmp/qfloat.h,29,
include/qapi/qmp/qint.h,28,
include/qapi/qmp/qjson.h,29,
include/qapi/qmp/qlist.h,63,
include/qapi/qmp/qobject.h,113,
include/qapi/qmp/qstring.h,36,
include/qapi/qmp/types.h,25,
include/qapi/string-input-visitor.h,25,
include/qapi/string-output-visitor.h,26,
include/qapi/util.h,17,
include/qapi/visitor-impl.h,67,
include/qapi/visitor.h,64,
include/qemu-common.h,477,
include/qemu-io.h,51,
include/qemu/acl.h,74,
include/qemu/aes.h,68,
include/qemu/atomic.h,202,
include/qemu/bitmap.h,245,
include/qemu/bitops.h,418,
include/qemu/bswap.h,434,
include/qemu/compatfd.h,44,
include/qemu/compiler.h,61,
include/qemu/config-file.h,33,
include/qemu/crc32c.h,35,
include/qemu/envlist.h,22,
include/qemu/error-report.h,46,
include/qemu/event_notifier.h,46,
include/qemu/fifo8.h,160,
include/qemu/hbitmap.h,209,
include/qemu/host-utils.h,382,
include/qemu/int128.h,149,
include/qemu/iov.h,115,
include/qemu/log.h,184,
include/qemu/main-loop.h,311,
include/qemu/module.h,61,
include/qemu/notify.h,72,
include/qemu/option.h,134,
include/qemu/option_int.h,54,
include/qemu/osdep.h,261,
include/qemu/queue.h,414,
include/qemu/range.h,135,
include/qemu/ratelimit.h,48,
include/qemu/readline.h,63,
include/qemu/rfifolock.h,54,
include/qemu/seqlock.h,72,
include/qemu/sockets.h,85,
include/qemu/thread-posix.h,36,
include/qemu/thread-win32.h,33,
include/qemu/thread.h,64,
include/qemu/throttle.h,120,
include/qemu/timer.h,918,
include/qemu/tls.h,52,
include/qemu/typedefs.h,82,
include/qemu/uri.h,113,
include/qemu/xattr.h,30,
include/qom/cpu.h,675,"""Subsystems - CPU"""
include/qom/object.h,1318,"""Subsystems - QOM"""
include/qom/object_interfaces.h,62,"""Subsystems - QOM"""
include/qom/qom-qobject.h,42,"""Subsystems - QOM"""
include/sysemu/accel.h,62,
include/sysemu/arch_init.h,41,
include/sysemu/balloon.h,27,
include/sysemu/block-backend.h,142,
include/sysemu/blockdev.h,72,
include/sysemu/bt.h,20,
include/sysemu/char.h,371,
include/sysemu/cpus.h,29,
include/sysemu/device_tree.h,113,
include/sysemu/dma.h,220,
include/sysemu/dump-arch.h,28,
include/sysemu/dump.h,191,
include/sysemu/hostmem.h,68,
include/sysemu/iothread.h,40,
include/sysemu/kvm.h,427,
include/sysemu/memory_mapping.h,82,
include/sysemu/os-posix.h,54,
include/sysemu/os-win32.h,116,
include/sysemu/qtest.h,40,
include/sysemu/rng-random.h,22,
include/sysemu/rng.h,82,
include/sysemu/seccomp.h,22,"""Subsystems - Seccomp"""
include/sysemu/sysemu.h,233,
include/sysemu/tpm.h,30,
include/sysemu/tpm_backend.h,210,
include/sysemu/tpm_backend_int.h,45,
include/sysemu/watchdog.h,43,
include/sysemu/xen-mapcache.h,56,
include/trace-tcg.h,7,
include/trace.h,7,
include/ui/console.h,358,
include/ui/input.h,66,
include/ui/pixel_ops.h,53,
include/ui/qemu-pixman.h,60,
include/ui/qemu-spice.h,91,"""Subsystems - SPICE"""
include/ui/spice-display.h,151,
iohandler.c,218,
ioport.c,303,"""Subsystems - Memory API"""
iothread.c,179,
kvm-all.c,2257,"""Guest CPU Cores (KVM): - Overall"""
kvm-stub.c,150,"""Guest CPU Cores (KVM): - Overall"""
libcacard/Makefile,43,
libcacard/cac.c,411,
libcacard/cac.h,31,
libcacard/card_7816.c,755,
libcacard/card_7816.h,62,
libcacard/card_7816t.h,165,
libcacard/event.c,103,
libcacard/eventt.h,29,
libcacard/libcacard.pc.in,13,
libcacard/libcacard.syms,77,
libcacard/link_test.c,22,
libcacard/vcard.c,323,
libcacard/vcard.h,86,
libcacard/vcard_emul.h,66,
libcacard/vcard_emul_nss.c,1274,
libcacard/vcard_emul_type.c,57,
libcacard/vcard_emul_type.h,32,
libcacard/vcardt.c,40,
libcacard/vcardt.h,59,
libcacard/vcardt_internal.h,6,
libcacard/vevent.h,27,
libcacard/vreader.c,576,
libcacard/vreader.h,55,
libcacard/vreadert.h,24,
libcacard/vscard_common.h,178,
libcacard/vscclient.c,774,
libdecnumber/decContext.c,433,
libdecnumber/decNumber.c,8195,
libdecnumber/dpd/decimal128.c,564,
libdecnumber/dpd/decimal128Local.h,42,
libdecnumber/dpd/decimal32.c,489,
libdecnumber/dpd/decimal64.c,850,
linux-headers/COPYING,356,"""Hosts: - LINUX"""
linux-headers/README,2,"""Hosts: - LINUX"""
linux-headers/asm-arm/kvm.h,211,"""Hosts: - LINUX"""
linux-headers/asm-arm/kvm_para.h,1,"""Hosts: - LINUX"""
linux-headers/asm-arm64/kvm.h,199,"""Hosts: - LINUX"""
linux-headers/asm-arm64/kvm_para.h,1,"""Hosts: - LINUX"""
linux-headers/asm-generic/kvm_para.h,4,"""Hosts: - LINUX"""
linux-headers/asm-mips/kvm.h,170,"""Hosts: - LINUX"""
linux-headers/asm-mips/kvm_para.h,5,"""Hosts: - LINUX"""
linux-headers/asm-powerpc/epapr_hcalls.h,98,"""Hosts: - LINUX"""
linux-headers/asm-powerpc/kvm.h,597,"""Hosts: - LINUX"""
linux-headers/asm-powerpc/kvm_para.h,97,"""Hosts: - LINUX"""
linux-headers/asm-s390/kvm.h,131,"""Hosts: - LINUX"""
linux-headers/asm-s390/kvm_para.h,11,"""Hosts: - LINUX"""
linux-headers/asm-x86/hyperv.h,226,"""Hosts: - LINUX"""
linux-headers/asm-x86/kvm.h,348,"""Hosts: - LINUX"""
linux-headers/asm-x86/kvm_para.h,101,"""Hosts: - LINUX"""
linux-headers/linux/kvm.h,1185,"""Hosts: - LINUX"""
linux-headers/linux/kvm_para.h,32,"""Hosts: - LINUX"""
linux-headers/linux/psci.h,90,"""Hosts: - LINUX"""
linux-headers/linux/vfio.h,494,"""Hosts: - LINUX"""
linux-headers/linux/vhost.h,158,"""Hosts: - LINUX"""
linux-headers/linux/virtio_config.h,57,"""Hosts: - LINUX"""
linux-headers/linux/virtio_ring.h,163,"""Hosts: - LINUX"""
linux-user/Makefile.objs,7,"""Usermode Emulation - Linux user"""
linux-user/aarch64/syscall.h,13,"""Usermode Emulation - Linux user"""
linux-user/aarch64/syscall_nr.h,323,"""Usermode Emulation - Linux user"""
linux-user/aarch64/target_cpu.h,38,"""Usermode Emulation - Linux user"""
linux-user/aarch64/target_signal.h,29,"""Usermode Emulation - Linux user"""
linux-user/aarch64/target_structs.h,58,"""Usermode Emulation - Linux user"""
linux-user/aarch64/termbits.h,220,"""Usermode Emulation - Linux user"""
linux-user/alpha/syscall.h,257,"""Usermode Emulation - Linux user"""
linux-user/alpha/syscall_nr.h,442,"""Usermode Emulation - Linux user"""
linux-user/alpha/target_cpu.h,36,"""Usermode Emulation - Linux user"""
linux-user/alpha/target_signal.h,57,"""Usermode Emulation - Linux user"""
linux-user/alpha/target_structs.h,48,"""Usermode Emulation - Linux user"""
linux-user/alpha/termbits.h,264,"""Usermode Emulation - Linux user"""
linux-user/arm/nwfpe/Makefile.objs,2,"""Usermode Emulation - Linux user"""
linux-user/arm/nwfpe/double_cpdo.c,295,"""Usermode Emulation - Linux user"""
linux-user/arm/nwfpe/extended_cpdo.c,272,"""Usermode Emulation - Linux user"""
linux-user/arm/nwfpe/fpa11.c,237,"""Usermode Emulation - Linux user"""
linux-user/arm/nwfpe/fpa11.h,130,"""Usermode Emulation - Linux user"""
linux-user/arm/nwfpe/fpa11.inl,50,"""Usermode Emulation - Linux user"""
linux-user/arm/nwfpe/fpa11_cpdo.c,112,"""Usermode Emulation - Linux user"""
linux-user/arm/nwfpe/fpa11_cpdt.c,381,"""Usermode Emulation - Linux user"""
linux-user/arm/nwfpe/fpa11_cprt.c,283,"""Usermode Emulation - Linux user"""
linux-user/arm/nwfpe/fpopcode.c,112,"""Usermode Emulation - Linux user"""
linux-user/arm/nwfpe/fpopcode.h,390,"""Usermode Emulation - Linux user"""
linux-user/arm/nwfpe/fpsr.h,107,"""Usermode Emulation - Linux user"""
linux-user/arm/nwfpe/single_cpdo.c,252,"""Usermode Emulation - Linux user"""
linux-user/arm/syscall.h,50,"""Usermode Emulation - Linux user"""
linux-user/arm/syscall_nr.h,386,"""Usermode Emulation - Linux user"""
linux-user/arm/target_cpu.h,35,"""Usermode Emulation - Linux user"""
linux-user/arm/target_signal.h,29,"""Usermode Emulation - Linux user"""
linux-user/arm/target_structs.h,52,"""Usermode Emulation - Linux user"""
linux-user/arm/termbits.h,216,"""Usermode Emulation - Linux user"""
linux-user/cris/syscall.h,46,"""Usermode Emulation - Linux user"""
linux-user/cris/syscall_nr.h,338,"""Usermode Emulation - Linux user"""
linux-user/cris/target_cpu.h,36,"""Usermode Emulation - Linux user"""
linux-user/cris/target_signal.h,29,"""Usermode Emulation - Linux user"""
linux-user/cris/target_structs.h,58,"""Usermode Emulation - Linux user"""
linux-user/cris/termbits.h,213,"""Usermode Emulation - Linux user"""
linux-user/elfload.c,3088,"""Usermode Emulation - Linux user"""
linux-user/errno_defs.h,141,"""Usermode Emulation - Linux user"""
linux-user/flat.h,67,"""Usermode Emulation - Linux user"""
linux-user/flatload.c,812,"""Usermode Emulation - Linux user"""
linux-user/i386/syscall.h,152,"""Usermode Emulation - Linux user"""
linux-user/i386/syscall_nr.h,355,"""Usermode Emulation - Linux user"""
linux-user/i386/target_cpu.h,48,"""Usermode Emulation - Linux user"""
linux-user/i386/target_signal.h,29,"""Usermode Emulation - Linux user"""
linux-user/i386/target_structs.h,58,"""Usermode Emulation - Linux user"""
linux-user/i386/termbits.h,226,"""Usermode Emulation - Linux user"""
linux-user/ioctls.h,388,"""Usermode Emulation - Linux user"""
linux-user/linux_loop.h,95,"""Usermode Emulation - Linux user"""
linux-user/linuxload.c,180,"""Usermode Emulation - Linux user"""
linux-user/m68k-sim.c,171,"""Usermode Emulation - Linux user"""
linux-user/m68k/syscall.h,25,"""Usermode Emulation - Linux user"""
linux-user/m68k/syscall_nr.h,351,"""Usermode Emulation - Linux user"""
linux-user/m68k/target_cpu.h,40,"""Usermode Emulation - Linux user"""
linux-user/m68k/target_signal.h,29,"""Usermode Emulation - Linux user"""
linux-user/m68k/target_structs.h,58,"""Usermode Emulation - Linux user"""
linux-user/m68k/termbits.h,227,"""Usermode Emulation - Linux user"""
linux-user/main.c,4403,"""Usermode Emulation - Linux user"""
linux-user/microblaze/syscall.h,56,"""Usermode Emulation - Linux user"""
linux-user/microblaze/syscall_nr.h,384,"""Usermode Emulation - Linux user"""
linux-user/microblaze/target_cpu.h,35,"""Usermode Emulation - Linux user"""
linux-user/microblaze/target_signal.h,29,"""Usermode Emulation - Linux user"""
linux-user/microblaze/target_structs.h,58,"""Usermode Emulation - Linux user"""
linux-user/microblaze/termbits.h,213,"""Usermode Emulation - Linux user"""
linux-user/mips/syscall.h,233,"""Usermode Emulation - Linux user"""
linux-user/mips/syscall_nr.h,353,"""Usermode Emulation - Linux user"""
linux-user/mips/target_cpu.h,36,"""Usermode Emulation - Linux user"""
linux-user/mips/target_signal.h,29,"""Usermode Emulation - Linux user"""
linux-user/mips/target_structs.h,48,"""Usermode Emulation - Linux user"""
linux-user/mips/termbits.h,245,"""Usermode Emulation - Linux user"""
linux-user/mips64/syscall.h,230,"""Usermode Emulation - Linux user"""
linux-user/mips64/syscall_nr.h,633,"""Usermode Emulation - Linux user"""
linux-user/mips64/target_cpu.h,19,"""Usermode Emulation - Linux user"""
linux-user/mips64/target_signal.h,29,"""Usermode Emulation - Linux user"""
linux-user/mips64/target_structs.h,2,"""Usermode Emulation - Linux user"""
linux-user/mips64/termbits.h,245,"""Usermode Emulation - Linux user"""
linux-user/mmap.c,781,"""Usermode Emulation - Linux user"""
linux-user/openrisc/syscall.h,29,"""Usermode Emulation - Linux user"""
linux-user/openrisc/syscall_nr.h,510,"""Usermode Emulation - Linux user"""
linux-user/openrisc/target_cpu.h,38,"""Usermode Emulation - Linux user"""
linux-user/openrisc/target_signal.h,26,"""Usermode Emulation - Linux user"""
linux-user/openrisc/target_structs.h,58,"""Usermode Emulation - Linux user"""
linux-user/openrisc/termbits.h,294,"""Usermode Emulation - Linux user"""
linux-user/ppc/syscall.h,75,"""Usermode Emulation - Linux user"""
linux-user/ppc/syscall_nr.h,370,"""Usermode Emulation - Linux user"""
linux-user/ppc/target_cpu.h,51,"""Usermode Emulation - Linux user"""
linux-user/ppc/target_signal.h,29,"""Usermode Emulation - Linux user"""
linux-user/ppc/target_structs.h,60,"""Usermode Emulation - Linux user"""
linux-user/ppc/termbits.h,236,"""Usermode Emulation - Linux user"""
linux-user/qemu.h,458,"""Usermode Emulation - Linux user"""
linux-user/s390x/syscall.h,29,"""Usermode Emulation - Linux user"""
linux-user/s390x/syscall_nr.h,363,"""Usermode Emulation - Linux user"""
linux-user/s390x/target_cpu.h,39,"""Usermode Emulation - Linux user"""
linux-user/s390x/target_signal.h,26,"""Usermode Emulation - Linux user"""
linux-user/s390x/target_structs.h,63,"""Usermode Emulation - Linux user"""
linux-user/s390x/termbits.h,283,"""Usermode Emulation - Linux user"""
linux-user/sh4/syscall.h,17,"""Usermode Emulation - Linux user"""
linux-user/sh4/syscall_nr.h,374,"""Usermode Emulation - Linux user"""
linux-user/sh4/target_cpu.h,35,"""Usermode Emulation - Linux user"""
linux-user/sh4/target_signal.h,29,"""Usermode Emulation - Linux user"""
linux-user/sh4/target_structs.h,58,"""Usermode Emulation - Linux user"""
linux-user/sh4/termbits.h,274,"""Usermode Emulation - Linux user"""
linux-user/signal.c,5705,"""Usermode Emulation - Linux user"""
linux-user/socket.h,340,"""Usermode Emulation - Linux user"""
linux-user/sparc/syscall.h,20,"""Usermode Emulation - Linux user"""
linux-user/sparc/syscall_nr.h,311,"""Usermode Emulation - Linux user"""
linux-user/sparc/target_cpu.h,44,"""Usermode Emulation - Linux user"""
linux-user/sparc/target_signal.h,36,"""Usermode Emulation - Linux user"""
linux-user/sparc/target_structs.h,63,"""Usermode Emulation - Linux user"""
linux-user/sparc/termbits.h,279,"""Usermode Emulation - Linux user"""
linux-user/sparc64/syscall.h,21,"""Usermode Emulation - Linux user"""
linux-user/sparc64/syscall_nr.h,343,"""Usermode Emulation - Linux user"""
linux-user/sparc64/target_cpu.h,1,"""Usermode Emulation - Linux user"""
linux-user/sparc64/target_signal.h,36,"""Usermode Emulation - Linux user"""
linux-user/sparc64/target_structs.h,58,"""Usermode Emulation - Linux user"""
linux-user/sparc64/termbits.h,279,"""Usermode Emulation - Linux user"""
linux-user/strace.c,1618,"""Usermode Emulation - Linux user"""
linux-user/strace.list,1544,"""Usermode Emulation - Linux user"""
linux-user/syscall.c,9779,"""Usermode Emulation - Linux user"""
linux-user/syscall_defs.h,2610,"""Usermode Emulation - Linux user"""
linux-user/syscall_types.h,255,"""Usermode Emulation - Linux user"""
linux-user/target_flat.h,10,"""Usermode Emulation - Linux user"""
linux-user/uaccess.c,65,"""Usermode Emulation - Linux user"""
linux-user/uname.c,169,"""Usermode Emulation - Linux user"""
linux-user/uname.h,10,"""Usermode Emulation - Linux user"""
linux-user/unicore32/syscall.h,60,"""Usermode Emulation - Linux user"""
linux-user/unicore32/syscall_nr.h,371,"""Usermode Emulation - Linux user"""
linux-user/unicore32/target_cpu.h,27,"""Usermode Emulation - Linux user"""
linux-user/unicore32/target_signal.h,26,"""Usermode Emulation - Linux user"""
linux-user/unicore32/target_structs.h,58,"""Usermode Emulation - Linux user"""
linux-user/unicore32/termbits.h,2,"""Usermode Emulation - Linux user"""
linux-user/vm86.c,490,"""Usermode Emulation - Linux user"""
linux-user/x86_64/syscall.h,102,"""Usermode Emulation - Linux user"""
linux-user/x86_64/syscall_nr.h,314,"""Usermode Emulation - Linux user"""
linux-user/x86_64/target_cpu.h,1,"""Usermode Emulation - Linux user"""
linux-user/x86_64/target_signal.h,29,"""Usermode Emulation - Linux user"""
linux-user/x86_64/target_structs.h,58,"""Usermode Emulation - Linux user"""
linux-user/x86_64/termbits.h,247,"""Usermode Emulation - Linux user"""
main-loop.c,510,"""Subsystems - Main loop"""
memory.c,2115,"""Subsystems - Memory API"""
memory_mapping.c,352,
migration-exec.c,69,
migration-fd.c,68,
migration-rdma.c,3438,
migration-tcp.c,103,
migration-unix.c,103,
migration.c,700,
module-common.c,10,
monitor.c,5448,"""Subsystems - Human Monitor (HMP)"",""Subsystems - QMP"""
nbd.c,1379,"""Subsystems - Network Block Device (NBD)"""
net/Makefile.objs,15,"""Subsystems - Network device layer"""
net/checksum.c,115,"""Subsystems - Network device layer"""
net/clients.h,65,"""Subsystems - Network device layer"""
net/dump.c,185,"""Subsystems - Network device layer"""
net/eth.c,217,"""Subsystems - Network device layer"""
net/hub.c,355,"""Subsystems - Network device layer"""
net/hub.h,26,"""Subsystems - Network device layer"""
net/l2tpv3.c,757,"""Subsystems - Network device layer"""
net/net.c,1385,"""Subsystems - Network device layer"""
net/netmap.c,472,"""Subsystems - Netmap network backend"",""Subsystems - Network device layer"""
net/queue.c,272,"""Subsystems - Network device layer"""
net/slirp.c,798,"""Subsystems - Network device layer"""
net/socket.c,763,"""Subsystems - Network device layer"""
net/tap-aix.c,78,"""Subsystems - Network device layer"""
net/tap-bsd.c,221,"""Subsystems - Network device layer"""
net/tap-haiku.c,77,"""Subsystems - Network device layer"""
net/tap-linux.c,280,"""Subsystems - Network device layer"""
net/tap-linux.h,52,"""Subsystems - Network device layer"""
net/tap-solaris.c,243,"""Subsystems - Network device layer"""
net/tap-win32.c,782,"""Subsystems - Network device layer"""
net/tap.c,885,"""Subsystems - Network device layer"""
net/tap_int.h,47,"""Subsystems - Network device layer"""
net/util.c,60,"""Subsystems - Network device layer"""
net/util.h,32,"""Subsystems - Network device layer"""
net/vde.c,127,"""Subsystems - Network device layer"""
net/vhost-user.c,258,"""Subsystems - Network device layer"""
numa.c,398,
os-posix.c,334,"""Hosts: - POSIX"""
os-win32.c,130,"""Hosts: - W32, W64"""
page_cache.c,237,
pc-bios/Makefile,19,
"pc-bios/QEMU,cgthree.bin",5,
"pc-bios/QEMU,tcx.bin",7,
pc-bios/README,48,
pc-bios/acpi-dsdt.aml,147,
pc-bios/bamboo.dtb,2,
pc-bios/bamboo.dts,200,
pc-bios/bios-256k.bin,681,
pc-bios/bios.bin,634,
pc-bios/efi-e1000.rom,933,
pc-bios/efi-eepro100.rom,958,
pc-bios/efi-ne2k_pci.rom,905,
pc-bios/efi-pcnet.rom,917,
pc-bios/efi-rtl8139.rom,920,
pc-bios/efi-virtio.rom,872,
pc-bios/keymaps/ar,98,
pc-bios/keymaps/bepo,333,
pc-bios/keymaps/common,157,
pc-bios/keymaps/cz,94,
pc-bios/keymaps/da,120,
pc-bios/keymaps/de,114,
pc-bios/keymaps/de-ch,169,
pc-bios/keymaps/en-gb,119,
pc-bios/keymaps/en-us,35,
pc-bios/keymaps/es,105,
pc-bios/keymaps/et,85,
pc-bios/keymaps/fi,122,
pc-bios/keymaps/fo,76,
pc-bios/keymaps/fr,181,
pc-bios/keymaps/fr-be,134,
pc-bios/keymaps/fr-ca,50,
pc-bios/keymaps/fr-ch,114,
pc-bios/keymaps/hr,125,
pc-bios/keymaps/hu,115,
pc-bios/keymaps/is,139,
pc-bios/keymaps/it,115,
pc-bios/keymaps/ja,109,
pc-bios/keymaps/lt,57,
pc-bios/keymaps/lv,128,
pc-bios/keymaps/mk,101,
pc-bios/keymaps/modifiers,18,
pc-bios/keymaps/nl,59,
pc-bios/keymaps/nl-be,3,
pc-bios/keymaps/no,119,
pc-bios/keymaps/pl,122,
pc-bios/keymaps/pt,113,
pc-bios/keymaps/pt-br,69,
pc-bios/keymaps/ru,109,
pc-bios/keymaps/sl,110,
pc-bios/keymaps/sv,81,
pc-bios/keymaps/th,131,
pc-bios/keymaps/tr,123,
pc-bios/kvmvapic.bin,1,"""Guest CPU Cores (KVM): - Overall"""
pc-bios/linuxboot.bin,1,
pc-bios/multiboot.bin,4,
pc-bios/openbios-ppc,498,
pc-bios/openbios-sparc32,494,
pc-bios/openbios-sparc64,1434,
pc-bios/optionrom/Makefile,33,
pc-bios/optionrom/kvmvapic.S,335,
pc-bios/optionrom/linuxboot.S,178,
pc-bios/optionrom/multiboot.S,232,
pc-bios/optionrom/optionrom.h,152,
pc-bios/palcode-clipper,111,
pc-bios/petalogix-ml605.dtb,16,
pc-bios/petalogix-s3adsp1800.dtb,14,
pc-bios/ppc_rom.bin,392,
pc-bios/pxe-e1000.rom,414,
pc-bios/pxe-eepro100.rom,374,
pc-bios/pxe-ne2k_pci.rom,387,
pc-bios/pxe-pcnet.rom,381,
pc-bios/pxe-rtl8139.rom,385,
pc-bios/pxe-virtio.rom,382,
pc-bios/q35-acpi-dsdt.aml,254,
pc-bios/qemu-icon.bmp,0,
pc-bios/qemu-nsis.bmp,211,
pc-bios/qemu-nsis.ico,10,
pc-bios/qemu_logo.svg,1010,
pc-bios/qemu_logo_no_text.svg,976,
pc-bios/s390-ccw.img,68,
pc-bios/s390-ccw/Makefile,26,"""S390 Machines - S390 Virtio-ccw"""
pc-bios/s390-ccw/bootmap.c,495,"""S390 Machines - S390 Virtio-ccw"""
pc-bios/s390-ccw/bootmap.h,344,"""S390 Machines - S390 Virtio-ccw"""
pc-bios/s390-ccw/cio.h,342,"""S390 Machines - S390 Virtio-ccw"""
pc-bios/s390-ccw/main.c,99,"""S390 Machines - S390 Virtio-ccw"""
pc-bios/s390-ccw/s390-ccw.h,142,"""S390 Machines - S390 Virtio-ccw"""
pc-bios/s390-ccw/sclp-ascii.c,81,"""S390 Machines - S390 Virtio-ccw"""
pc-bios/s390-ccw/sclp.h,107,"""S390 Machines - S390 Virtio-ccw"""
pc-bios/s390-ccw/start.S,33,"""S390 Machines - S390 Virtio-ccw"""
pc-bios/s390-ccw/virtio.c,433,"""S390 Machines - S390 Virtio-ccw"""
pc-bios/s390-ccw/virtio.h,212,"""S390 Machines - S390 Virtio-ccw"""
pc-bios/s390-zipl.rom,11,
pc-bios/sgabios.bin,23,
pc-bios/slof.bin,16590,
pc-bios/spapr-rtas.bin,0,
pc-bios/spapr-rtas/Makefile,24,"""PowerPC Machines - sPAPR"""
pc-bios/spapr-rtas/spapr-rtas.S,37,"""PowerPC Machines - sPAPR"""
pc-bios/u-boot.e500,1109,
pc-bios/vgabios-cirrus.bin,72,
pc-bios/vgabios-qxl.bin,73,
pc-bios/vgabios-stdvga.bin,73,
pc-bios/vgabios-vmware.bin,73,
pc-bios/vgabios.bin,71,
po/Makefile,52,
po/de_DE.po,85,
po/fr_FR.po,86,
po/hu.po,63,
po/it.po,81,
po/messages.po,61,
po/tr.po,62,
po/zh_CN.po,86,
qapi-schema.json,3510,"""Subsystems - QAPI Schema"""
qapi/Makefile.objs,6,"""Subsystems - QAPI"""
qapi/block-core.json,1829,"""Subsystems - QAPI"""
qapi/block.json,180,"""Subsystems - QAPI"""
qapi/common.json,89,"""Subsystems - QAPI"""
qapi/event.json,332,"""Subsystems - QAPI"""
qapi/opts-visitor.c,557,"""Subsystems - QAPI"""
qapi/qapi-dealloc-visitor.c,224,"""Subsystems - QAPI"""
qapi/qapi-util.c,34,"""Subsystems - QAPI"""
qapi/qapi-visit-core.c,313,"""Subsystems - QAPI"""
qapi/qmp-dispatch.c,140,"""Subsystems - QAPI"""
qapi/qmp-event.c,74,"""Subsystems - QAPI"""
qapi/qmp-input-visitor.c,349,"""Subsystems - QAPI"""
qapi/qmp-output-visitor.c,241,"""Subsystems - QAPI"""
qapi/qmp-registry.c,91,"""Subsystems - QAPI"""
qapi/string-input-visitor.c,347,"""Subsystems - QAPI"""
qapi/string-output-visitor.c,354,"""Subsystems - QAPI"""
qapi/trace.json,65,"""Subsystems - QAPI"""
qdev-monitor.c,779,
qdict-test-data.txt,4999,
qemu-bridge-helper.c,451,
qemu-char.c,4355,"""Subsystems - Character Devices"""
qemu-coroutine-io.c,91,
qemu-coroutine-lock.c,186,
qemu-coroutine-sleep.c,41,
qemu-coroutine.c,159,
qemu-doc.texi,3115,
qemu-file-stdio.c,194,
qemu-file-unix.c,223,
qemu-file.c,995,
qemu-img-cmds.hx,77,"""Subsystems - Block"""
qemu-img.c,3069,"""Subsystems - Block"""
qemu-img.texi,554,"""Subsystems - Block"""
qemu-io-cmds.c,2205,"""Subsystems - Block"""
qemu-io.c,492,"""Subsystems - Block"""
qemu-log.c,174,
qemu-nbd.c,792,"""Subsystems - Network Block Device (NBD)"""
qemu-nbd.texi,85,
qemu-options-wrapper.h,41,
qemu-options.h,36,
qemu-options.hx,3381,
qemu-seccomp.c,266,"""Subsystems - Seccomp"""
qemu-tech.texi,712,
qemu-timer.c,612,"""Subsystems - Main loop"""
qemu.nsi,254,
qemu.sasl,36,
qga/Makefile.objs,8,
qga/channel-posix.c,275,
qga/channel-win32.c,360,
qga/channel.h,33,
qga/commands-posix.c,2006,
qga/commands-win32.c,485,
qga/commands.c,72,
qga/guest-agent-command-state.c,73,
qga/guest-agent-core.h,43,
qga/main.c,1198,
qga/qapi-schema.json,740,
qga/service-win32.c,192,
qga/service-win32.h,31,
qga/vss-win32.c,166,
qga/vss-win32.h,27,
qga/vss-win32/Makefile.objs,23,
qga/vss-win32/install.cpp,465,
qga/vss-win32/provider.cpp,534,
qga/vss-win32/qga-vss.def,13,
qga/vss-win32/qga-vss.idl,20,
qga/vss-win32/qga-vss.tlb,1,
qga/vss-win32/requester.cpp,503,
qga/vss-win32/requester.h,43,
qga/vss-win32/vss-common.h,129,
qmp-commands.hx,3854,"""Subsystems - QMP"""
qmp.c,722,"""Subsystems - QMP"""
qobject/Makefile.objs,3,"""Subsystems - QObject"""
qobject/json-lexer.c,373,"""Subsystems - QObject"""
qobject/json-parser.c,713,"""Subsystems - QObject"""
qobject/json-streamer.c,122,"""Subsystems - QObject"""
qobject/qbool.c,68,"""Subsystems - QObject"""
qobject/qdict.c,699,"""Subsystems - QObject"""
qobject/qerror.c,148,"""Subsystems - QObject"""
qobject/qfloat.c,68,"""Subsystems - QObject"""
qobject/qint.c,67,"""Subsystems - QObject"""
qobject/qjson.c,284,"""Subsystems - QObject"""
qobject/qlist.c,170,"""Subsystems - QObject"""
qobject/qstring.c,149,"""Subsystems - QObject"""
qom/Makefile.objs,3,"""Subsystems - QOM"""
qom/container.c,52,"""Subsystems - QOM"""
qom/cpu.c,369,"""Subsystems - CPU"""
qom/object.c,1731,"""Subsystems - QOM"""
qom/object_interfaces.c,32,"""Subsystems - QOM"""
qom/qom-qobject.c,44,"""Subsystems - QOM"""
qtest.c,590,
roms/Makefile,152,
roms/config.ipxe.general.h,4,
roms/config.seabios-128k,7,
roms/config.seabios-256k,3,
roms/config.vga-cirrus,3,
roms/config.vga-isavga,3,
roms/config.vga-qxl,6,
roms/config.vga-stdvga,3,
roms/config.vga-vmware,6,
roms/configure-seabios.sh,5,
rules.mak,370,
savevm.c,1353,
scripts/acpi_extract.py,367,
scripts/acpi_extract_preprocess.py,51,
scripts/analyse-9p-simpletrace.py,213,
scripts/check-qerror.sh,22,
scripts/checkpatch.pl,2960,"""Subsystems - Checkpatch"""
scripts/cleanup-trace-events.pl,51,
scripts/coverity-model.c,183,
scripts/create_config,116,
scripts/disas-objdump.pl,99,
scripts/dump-guest-memory.py,339,
scripts/extract-vsssdk-headers,35,
scripts/feature_to_c.sh,78,
scripts/get_maintainer.pl,2164,
scripts/gtester-cat,26,
scripts/hxtool,105,
scripts/kvm/kvm_flightrecorder,126,"""Guest CPU Cores (KVM): - Overall"""
scripts/kvm/kvm_stat,581,"""Guest CPU Cores (KVM): - Overall"""
scripts/kvm/vmxcap,260,"""Guest CPU Cores (KVM): - Overall"""
scripts/make-release,25,
scripts/make_device_config.sh,28,
scripts/ordereddict.py,127,
scripts/qapi-commands.py,485,
scripts/qapi-event.py,368,
scripts/qapi-types.py,460,
scripts/qapi-visit.py,593,
scripts/qapi.py,600,
scripts/qemu-binfmt-conf.sh,72,
scripts/qemu-gdb.py,89,
scripts/qemu-guest-agent/fsfreeze-hook,33,
scripts/qemu-guest-agent/fsfreeze-hook.d/mysql-flush.sh.sample,56,
scripts/qmp/qemu-ga-client,301,
scripts/qmp/qmp,126,
scripts/qmp/qmp-shell,305,
scripts/qmp/qmp.py,201,
scripts/qmp/qom-fuse,138,
scripts/qmp/qom-get,67,
scripts/qmp/qom-list,64,
scripts/qmp/qom-set,64,
scripts/refresh-pxe-roms.sh,31,
scripts/signrom.py,40,
scripts/simpletrace.py,195,
scripts/switch-timer-api,178,
scripts/texi2pod.pl,486,
scripts/tracetool.py,139,"""Subsystems - Tracing"""
scripts/tracetool/__init__.py,367,"""Subsystems - Tracing"""
scripts/tracetool/backend/__init__.py,123,"""Subsystems - Tracing"""
scripts/tracetool/backend/dtrace.py,46,"""Subsystems - Tracing"""
scripts/tracetool/backend/ftrace.py,48,"""Subsystems - Tracing"""
scripts/tracetool/backend/simple.py,99,"""Subsystems - Tracing"""
scripts/tracetool/backend/stderr.py,39,"""Subsystems - Tracing"""
scripts/tracetool/backend/ust.py,35,"""Subsystems - Tracing"""
scripts/tracetool/format/__init__.py,85,"""Subsystems - Tracing"""
scripts/tracetool/format/c.py,28,"""Subsystems - Tracing"""
scripts/tracetool/format/d.py,42,"""Subsystems - Tracing"""
scripts/tracetool/format/events_c.py,36,"""Subsystems - Tracing"""
scripts/tracetool/format/events_h.py,52,"""Subsystems - Tracing"""
scripts/tracetool/format/h.py,44,"""Subsystems - Tracing"""
scripts/tracetool/format/simpletrace_stap.py,71,"""Subsystems - Tracing"""
scripts/tracetool/format/stap.py,61,"""Subsystems - Tracing"""
scripts/tracetool/format/tcg_h.py,57,"""Subsystems - Tracing"""
scripts/tracetool/format/tcg_helper_c.py,50,"""Subsystems - Tracing"""
scripts/tracetool/format/tcg_helper_h.py,50,"""Subsystems - Tracing"""
scripts/tracetool/format/tcg_helper_wrapper_h.py,70,"""Subsystems - Tracing"""
scripts/tracetool/format/ust_events_c.py,33,"""Subsystems - Tracing"""
scripts/tracetool/format/ust_events_h.py,100,"""Subsystems - Tracing"""
scripts/tracetool/transform.py,166,"""Subsystems - Tracing"""
scripts/update-acpi.sh,4,
scripts/update-linux-headers.sh,79,
scripts/vmstate-static-checker.py,422,
slirp/COPYRIGHT,61,"""Subsystems - SLIRP"""
slirp/Makefile.objs,3,"""Subsystems - SLIRP"""
slirp/arp_table.c,89,"""Subsystems - SLIRP"""
slirp/bootp.c,332,"""Subsystems - SLIRP"""
slirp/bootp.h,126,"""Subsystems - SLIRP"""
slirp/cksum.c,139,"""Subsystems - SLIRP"""
slirp/debug.h,34,"""Subsystems - SLIRP"""
slirp/dnssearch.c,314,"""Subsystems - SLIRP"""
slirp/if.c,237,"""Subsystems - SLIRP"""
slirp/if.h,23,"""Subsystems - SLIRP"""
slirp/ip.h,249,"""Subsystems - SLIRP"""
slirp/ip_icmp.c,450,"""Subsystems - SLIRP"""
slirp/ip_icmp.h,165,"""Subsystems - SLIRP"""
slirp/ip_input.c,668,"""Subsystems - SLIRP"""
slirp/ip_output.c,172,"""Subsystems - SLIRP"""
slirp/libslirp.h,43,"""Subsystems - SLIRP"""
slirp/main.h,50,"""Subsystems - SLIRP"""
slirp/mbuf.c,241,"""Subsystems - SLIRP"""
slirp/mbuf.h,118,"""Subsystems - SLIRP"""
slirp/misc.c,318,"""Subsystems - SLIRP"""
slirp/misc.h,53,"""Subsystems - SLIRP"""
slirp/sbuf.c,187,"""Subsystems - SLIRP"""
slirp/sbuf.h,30,"""Subsystems - SLIRP"""
slirp/slirp.c,1207,"""Subsystems - SLIRP"""
slirp/slirp.h,361,"""Subsystems - SLIRP"""
slirp/slirp_config.h,185,"""Subsystems - SLIRP"""
slirp/socket.c,720,"""Subsystems - SLIRP"""
slirp/socket.h,97,"""Subsystems - SLIRP"""
slirp/tcp.h,176,"""Subsystems - SLIRP"""
slirp/tcp_input.c,1490,"""Subsystems - SLIRP"""
slirp/tcp_output.c,493,"""Subsystems - SLIRP"""
slirp/tcp_subr.c,926,"""Subsystems - SLIRP"""
slirp/tcp_timer.c,292,"""Subsystems - SLIRP"""
slirp/tcp_timer.h,127,"""Subsystems - SLIRP"""
slirp/tcp_var.h,161,"""Subsystems - SLIRP"""
slirp/tcpip.h,77,"""Subsystems - SLIRP"""
slirp/tftp.c,442,"""Subsystems - SLIRP"""
slirp/tftp.h,49,"""Subsystems - SLIRP"""
slirp/udp.c,394,"""Subsystems - SLIRP"""
slirp/udp.h,87,"""Subsystems - SLIRP"""
softmmu_template.h,574,"""Guest CPU cores (TCG): - Overall"""
spice-qemu-char.c,377,
stubs/Makefile.objs,42,
stubs/arch-query-cpu-def.c,9,
stubs/bdrv-commit-all.c,7,
stubs/chr-baum-init.c,7,
stubs/chr-msmouse.c,7,
stubs/chr-testdev.c,7,
stubs/clock-warp.c,7,
stubs/cpu-get-clock.c,7,
stubs/cpu-get-icount.c,9,
stubs/cpus.c,10,
stubs/dump.c,29,
stubs/fd-register.c,6,
stubs/fdset-add-fd.c,7,
stubs/fdset-find-fd.c,7,
stubs/fdset-get-fd.c,7,
stubs/fdset-remove-fd.c,6,
stubs/gdbstub.c,7,
stubs/get-fd.c,8,
stubs/get-next-serial.c,3,
stubs/get-vm-name.c,7,
stubs/iothread-lock.c,10,
stubs/is-daemonized.c,9,
stubs/kvm.c,7,"""Guest CPU Cores (KVM): - Overall"""
stubs/machine-init-done.c,6,
stubs/migr-blocker.c,10,
stubs/mon-is-qmp.c,7,
stubs/mon-printf.c,10,
stubs/mon-set-error.c,8,
stubs/monitor-init.c,6,
stubs/notify-event.c,6,
stubs/pci-drive-hot-add.c,10,
stubs/qemu-chr-open-spice.c,14,
stubs/qmp_pc_dimm_device_list.c,7,
stubs/qtest.c,14,
stubs/reset.c,13,
stubs/runstate-check.c,6,
stubs/set-fd-handler.c,11,
stubs/slirp.c,11,
stubs/sysbus.c,6,
stubs/uuid.c,12,
stubs/vc-init.c,7,
stubs/vm-stop.c,12,
stubs/vmstate.c,19,
sysconfigs/target/target-x86_64.conf,0,
target-alpha/Makefile.objs,4,"""Guest CPU cores (TCG): - Alpha"""
target-alpha/STATUS,28,"""Guest CPU cores (TCG): - Alpha"""
target-alpha/cpu-qom.h,91,"""Guest CPU cores (TCG): - Alpha"""
target-alpha/cpu.c,325,"""Guest CPU cores (TCG): - Alpha"""
target-alpha/cpu.h,503,"""Guest CPU cores (TCG): - Alpha"""
target-alpha/fpu_helper.c,829,"""Guest CPU cores (TCG): - Alpha"""
target-alpha/gdbstub.c,93,"""Guest CPU cores (TCG): - Alpha"""
target-alpha/helper.c,584,"""Guest CPU cores (TCG): - Alpha"""
target-alpha/helper.h,121,"""Guest CPU cores (TCG): - Alpha"""
target-alpha/int_helper.c,312,"""Guest CPU cores (TCG): - Alpha"""
target-alpha/machine.c,89,"""Guest CPU cores (TCG): - Alpha"""
target-alpha/mem_helper.c,152,"""Guest CPU cores (TCG): - Alpha"""
target-alpha/sys_helper.c,111,"""Guest CPU cores (TCG): - Alpha"""
target-alpha/translate.c,2948,"""Guest CPU cores (TCG): - Alpha"""
target-arm/Makefile.objs,12,"""Guest CPU cores (TCG): - ARM"""
target-arm/arm-semi.c,561,"""Guest CPU cores (TCG): - ARM"""
target-arm/arm_ldst.h,48,"""Guest CPU cores (TCG): - ARM"""
target-arm/cpu-qom.h,223,"""Guest CPU cores (TCG): - ARM"""
target-arm/cpu.c,1202,"""Guest CPU cores (TCG): - ARM"""
target-arm/cpu.h,1542,"""Guest CPU cores (TCG): - ARM"""
target-arm/cpu64.c,248,"""Guest CPU cores (TCG): - ARM"""
target-arm/crypto_helper.c,453,"""Guest CPU cores (TCG): - ARM"""
target-arm/gdbstub.c,102,"""Guest CPU cores (TCG): - ARM"""
target-arm/gdbstub64.c,71,"""Guest CPU cores (TCG): - ARM"""
target-arm/helper-a64.c,529,"""Guest CPU cores (TCG): - ARM"""
target-arm/helper-a64.h,48,"""Guest CPU cores (TCG): - ARM"""
target-arm/helper.c,6256,"""Guest CPU cores (TCG): - ARM"""
target-arm/helper.h,534,"""Guest CPU cores (TCG): - ARM"""
target-arm/internals.h,381,"""Guest CPU cores (TCG): - ARM"""
target-arm/iwmmxt_helper.c,672,"""Guest CPU cores (TCG): - ARM"""
target-arm/kvm-consts.h,182,"""Guest CPU Cores (KVM): - Overall"",""Guest CPU cores (TCG): - ARM"""
target-arm/kvm-stub.c,23,"""Guest CPU Cores (KVM): - Overall"",""Guest CPU cores (TCG): - ARM"""
target-arm/kvm.c,443,"""Guest CPU Cores (KVM): - ARM"",""Guest CPU Cores (KVM): - Overall"",""Guest CPU cores (TCG): - ARM"""
target-arm/kvm32.c,519,"""Guest CPU Cores (KVM): - Overall"",""Guest CPU cores (TCG): - ARM"""
target-arm/kvm64.c,270,"""Guest CPU Cores (KVM): - Overall"",""Guest CPU cores (TCG): - ARM"""
target-arm/kvm_arm.h,145,"""Guest CPU Cores (KVM): - Overall"",""Guest CPU cores (TCG): - ARM"""
target-arm/machine.c,286,"""Guest CPU cores (TCG): - ARM"""
target-arm/neon_helper.c,2243,"""Guest CPU cores (TCG): - ARM"""
target-arm/op_addsub.h,103,"""Guest CPU cores (TCG): - ARM"""
target-arm/op_helper.c,842,"""Guest CPU cores (TCG): - ARM"""
target-arm/psci.c,242,"""Guest CPU cores (TCG): - ARM"""
target-arm/translate-a64.c,11114,"""Guest CPU cores (TCG): - ARM"""
target-arm/translate.c,11423,"""Guest CPU cores (TCG): - ARM"""
target-arm/translate.h,122,"""Guest CPU cores (TCG): - ARM"""
target-cris/Makefile.objs,3,"""Guest CPU cores (TCG): - CRIS"""
target-cris/cpu-qom.h,89,"""Guest CPU cores (TCG): - CRIS"""
target-cris/cpu.c,317,"""Guest CPU cores (TCG): - CRIS"""
target-cris/cpu.h,280,"""Guest CPU cores (TCG): - CRIS"""
target-cris/crisv10-decode.h,107,"""Guest CPU cores (TCG): - CRIS"""
target-cris/crisv32-decode.h,132,"""Guest CPU cores (TCG): - CRIS"""
target-cris/gdbstub.c,130,"""Guest CPU cores (TCG): - CRIS"""
target-cris/helper.c,316,"""Guest CPU cores (TCG): - CRIS"""
target-cris/helper.h,25,"""Guest CPU cores (TCG): - CRIS"""
target-cris/machine.c,90,"""Guest CPU cores (TCG): - CRIS"""
target-cris/mmu.c,363,"""Guest CPU cores (TCG): - CRIS"""
target-cris/mmu.h,17,"""Guest CPU cores (TCG): - CRIS"""
target-cris/op_helper.c,642,"""Guest CPU cores (TCG): - CRIS"""
target-cris/opcode-cris.h,365,"""Guest CPU cores (TCG): - CRIS"""
target-cris/translate.c,3480,"""Guest CPU cores (TCG): - CRIS"""
target-cris/translate_v10.c,1303,"""Guest CPU cores (TCG): - CRIS"""
target-i386/Makefile.objs,9,"""Guest CPU cores (TCG): - X86"""
target-i386/TODO,31,"""Guest CPU cores (TCG): - X86"""
target-i386/arch_dump.c,460,"""Guest CPU cores (TCG): - X86"""
target-i386/arch_memory_mapping.c,279,"""Guest CPU cores (TCG): - X86"""
target-i386/cc_helper.c,394,"""Guest CPU cores (TCG): - X86"""
target-i386/cc_helper_template.h,242,"""Guest CPU cores (TCG): - X86"""
target-i386/cpu-qom.h,158,"""Guest CPU cores (TCG): - X86"""
target-i386/cpu.c,3005,"""Guest CPU cores (TCG): - X86"",""Subsystems - CPU"""
target-i386/cpu.h,1381,"""Guest CPU cores (TCG): - X86"""
target-i386/excp_helper.c,131,"""Guest CPU cores (TCG): - X86"""
target-i386/fpu_helper.c,1294,"""Guest CPU cores (TCG): - X86"""
target-i386/gdbstub.c,233,"""Guest CPU cores (TCG): - X86"""
target-i386/helper.c,1285,"""Guest CPU cores (TCG): - X86"""
target-i386/helper.h,219,"""Guest CPU cores (TCG): - X86"""
target-i386/int_helper.c,471,"""Guest CPU cores (TCG): - X86"""
target-i386/ioport-user.c,60,"""Guest CPU cores (TCG): - X86"""
target-i386/kvm-stub.c,30,"""Guest CPU Cores (KVM): - Overall"",""Guest CPU cores (TCG): - X86"""
target-i386/kvm.c,2709,"""Guest CPU Cores (KVM): - Overall"",""Guest CPU Cores (KVM): - X86"",""Guest CPU cores (TCG): - X86"""
target-i386/kvm_i386.h,40,"""Guest CPU Cores (KVM): - Overall"",""Guest CPU cores (TCG): - X86"""
target-i386/machine.c,839,"""Guest CPU cores (TCG): - X86"""
target-i386/mem_helper.c,132,"""Guest CPU cores (TCG): - X86"""
target-i386/misc_helper.c,602,"""Guest CPU cores (TCG): - X86"""
target-i386/ops_sse.h,2296,"""Guest CPU cores (TCG): - X86"""
target-i386/ops_sse_header.h,360,"""Guest CPU cores (TCG): - X86"""
target-i386/seg_helper.c,2599,"""Guest CPU cores (TCG): - X86"""
target-i386/shift_helper_template.h,108,"""Guest CPU cores (TCG): - X86"""
target-i386/smm_helper.c,317,"""Guest CPU cores (TCG): - X86"""
target-i386/svm.h,222,"""Guest CPU cores (TCG): - X86"""
target-i386/svm_helper.c,772,"""Guest CPU cores (TCG): - X86"""
target-i386/topology.h,134,"""Guest CPU cores (TCG): - X86"""
target-i386/translate.c,8106,"""Guest CPU cores (TCG): - X86"""
target-lm32/Makefile.objs,4,"""Guest CPU cores (TCG): - LM32"""
target-lm32/README,45,"""Guest CPU cores (TCG): - LM32"""
target-lm32/TODO,1,"""Guest CPU cores (TCG): - LM32"""
target-lm32/cpu-qom.h,92,"""Guest CPU cores (TCG): - LM32"""
target-lm32/cpu.c,312,"""Guest CPU cores (TCG): - LM32"""
target-lm32/cpu.h,251,"""Guest CPU cores (TCG): - LM32"""
target-lm32/gdbstub.c,92,"""Guest CPU cores (TCG): - LM32"""
target-lm32/helper.c,233,"""Guest CPU cores (TCG): - LM32"""
target-lm32/helper.h,14,"""Guest CPU cores (TCG): - LM32"""
target-lm32/lm32-semi.c,215,"""Guest CPU cores (TCG): - LM32"""
target-lm32/machine.c,32,"""Guest CPU cores (TCG): - LM32"""
target-lm32/op_helper.c,161,"""Guest CPU cores (TCG): - LM32"""
target-lm32/translate.c,1285,"""Guest CPU cores (TCG): - LM32"""
target-m68k/Makefile.objs,3,"""Guest CPU cores (TCG): - M68K"""
target-m68k/cpu-qom.h,84,"""Guest CPU cores (TCG): - M68K"""
target-m68k/cpu.c,249,"""Guest CPU cores (TCG): - M68K"""
target-m68k/cpu.h,257,"""Guest CPU cores (TCG): - M68K"""
target-m68k/gdbstub.c,75,"""Guest CPU cores (TCG): - M68K"""
target-m68k/helper.c,886,"""Guest CPU cores (TCG): - M68K"""
target-m68k/helper.h,50,"""Guest CPU cores (TCG): - M68K"""
target-m68k/m68k-qreg.h,11,"""Guest CPU cores (TCG): - M68K"""
target-m68k/m68k-semi.c,469,"""Guest CPU cores (TCG): - M68K"""
target-m68k/op_helper.c,234,"""Guest CPU cores (TCG): - M68K"""
target-m68k/qregs.def,11,"""Guest CPU cores (TCG): - M68K"""
target-m68k/translate.c,3138,"""Guest CPU cores (TCG): - M68K"""
target-microblaze/Makefile.objs,3,"""Guest CPU cores (TCG): - MicroBlaze"""
target-microblaze/cpu-qom.h,82,"""Guest CPU cores (TCG): - MicroBlaze"""
target-microblaze/cpu.c,202,"""Guest CPU cores (TCG): - MicroBlaze"""
target-microblaze/cpu.h,367,"""Guest CPU cores (TCG): - MicroBlaze"""
target-microblaze/gdbstub.c,56,"""Guest CPU cores (TCG): - MicroBlaze"""
target-microblaze/helper.c,304,"""Guest CPU cores (TCG): - MicroBlaze"""
target-microblaze/helper.h,37,"""Guest CPU cores (TCG): - MicroBlaze"""
target-microblaze/microblaze-decode.h,55,"""Guest CPU cores (TCG): - MicroBlaze"""
target-microblaze/mmu.c,301,"""Guest CPU cores (TCG): - MicroBlaze"""
target-microblaze/mmu.h,91,"""Guest CPU cores (TCG): - MicroBlaze"""
target-microblaze/op_helper.c,522,"""Guest CPU cores (TCG): - MicroBlaze"""
target-microblaze/translate.c,1969,"""Guest CPU cores (TCG): - MicroBlaze"""
target-mips/Makefile.objs,4,"""Guest CPU cores (TCG): - MIPS"""
target-mips/TODO,51,"""Guest CPU cores (TCG): - MIPS"""
target-mips/cpu-qom.h,87,"""Guest CPU cores (TCG): - MIPS"""
target-mips/cpu.c,172,"""Guest CPU cores (TCG): - MIPS"""
target-mips/cpu.h,894,"""Guest CPU cores (TCG): - MIPS"""
target-mips/dsp_helper.c,3761,"""Guest CPU cores (TCG): - MIPS"""
target-mips/gdbstub.c,148,"""Guest CPU cores (TCG): - MIPS"""
target-mips/helper.c,833,"""Guest CPU cores (TCG): - MIPS"""
target-mips/helper.h,934,"""Guest CPU cores (TCG): - MIPS"""
target-mips/kvm.c,690,"""Guest CPU Cores (KVM): - MIPS"",""Guest CPU Cores (KVM): - Overall"",""Guest CPU cores (TCG): - MIPS"""
target-mips/kvm_mips.h,26,"""Guest CPU Cores (KVM): - Overall"",""Guest CPU cores (TCG): - MIPS"""
target-mips/lmi_helper.c,744,"""Guest CPU cores (TCG): - MIPS"""
target-mips/machine.c,339,"""Guest CPU cores (TCG): - MIPS"""
target-mips/mips-defs.h,91,"""Guest CPU cores (TCG): - MIPS"""
target-mips/msa_helper.c,3436,"""Guest CPU cores (TCG): - MIPS"""
target-mips/op_helper.c,3704,"""Guest CPU cores (TCG): - MIPS"""
target-mips/translate.c,19523,"""Guest CPU cores (TCG): - MIPS"""
target-mips/translate_init.c,765,"""Guest CPU cores (TCG): - MIPS"""
target-moxie/Makefile.objs,2,"""Guest CPU cores (TCG): - Moxie"""
target-moxie/cpu.c,176,"""Guest CPU cores (TCG): - Moxie"""
target-moxie/cpu.h,158,"""Guest CPU cores (TCG): - Moxie"""
target-moxie/helper.c,165,"""Guest CPU cores (TCG): - Moxie"""
target-moxie/helper.h,5,"""Guest CPU cores (TCG): - Moxie"""
target-moxie/machine.c,17,"""Guest CPU cores (TCG): - Moxie"""
target-moxie/machine.h,1,"""Guest CPU cores (TCG): - Moxie"""
target-moxie/mmu.c,36,"""Guest CPU cores (TCG): - Moxie"""
target-moxie/mmu.h,19,"""Guest CPU cores (TCG): - Moxie"""
target-moxie/translate.c,929,"""Guest CPU cores (TCG): - Moxie"""
target-openrisc/Makefile.objs,5,"""Guest CPU cores (TCG): - OpenRISC"""
target-openrisc/cpu.c,269,"""Guest CPU cores (TCG): - OpenRISC"""
target-openrisc/cpu.h,430,"""Guest CPU cores (TCG): - OpenRISC"""
target-openrisc/exception.c,29,"""Guest CPU cores (TCG): - OpenRISC"""
target-openrisc/exception.h,28,"""Guest CPU cores (TCG): - OpenRISC"""
target-openrisc/exception_helper.c,29,"""Guest CPU cores (TCG): - OpenRISC"""
target-openrisc/fpu_helper.c,300,"""Guest CPU cores (TCG): - OpenRISC"""
target-openrisc/gdbstub.c,83,"""Guest CPU cores (TCG): - OpenRISC"""
target-openrisc/helper.h,66,"""Guest CPU cores (TCG): - OpenRISC"""
target-openrisc/int_helper.c,79,"""Guest CPU cores (TCG): - OpenRISC"""
target-openrisc/interrupt.c,85,"""Guest CPU cores (TCG): - OpenRISC"""
target-openrisc/interrupt_helper.c,58,"""Guest CPU cores (TCG): - OpenRISC"""
target-openrisc/machine.c,50,"""Guest CPU cores (TCG): - OpenRISC"""
target-openrisc/mmu.c,236,"""Guest CPU cores (TCG): - OpenRISC"""
target-openrisc/mmu_helper.c,42,"""Guest CPU cores (TCG): - OpenRISC"""
target-openrisc/sys_helper.c,286,"""Guest CPU cores (TCG): - OpenRISC"""
target-openrisc/translate.c,1815,"""Guest CPU cores (TCG): - OpenRISC"""
target-ppc/Makefile.objs,17,"""Guest CPU cores (TCG): - PowerPC"""
target-ppc/STATUS,550,"""Guest CPU cores (TCG): - PowerPC"""
target-ppc/arch_dump.c,286,"""Guest CPU cores (TCG): - PowerPC"""
target-ppc/cpu-models.c,1421,"""Guest CPU cores (TCG): - PowerPC"""
target-ppc/cpu-models.h,754,"""Guest CPU cores (TCG): - PowerPC"""
target-ppc/cpu-qom.h,151,"""Guest CPU cores (TCG): - PowerPC"""
target-ppc/cpu.h,2313,"""Guest CPU cores (TCG): - PowerPC"""
target-ppc/dfp_helper.c,1316,"""Guest CPU cores (TCG): - PowerPC"""
target-ppc/excp_helper.c,1058,"""Guest CPU cores (TCG): - PowerPC"""
target-ppc/fpu_helper.c,2715,"""Guest CPU cores (TCG): - PowerPC"""
target-ppc/gdbstub.c,320,"""Guest CPU cores (TCG): - PowerPC"""
target-ppc/helper.h,667,"""Guest CPU cores (TCG): - PowerPC"""
target-ppc/helper_regs.h,114,"""Guest CPU cores (TCG): - PowerPC"""
target-ppc/int_helper.c,2560,"""Guest CPU cores (TCG): - PowerPC"""
target-ppc/kvm-stub.c,18,"""Guest CPU Cores (KVM): - Overall"",""Guest CPU cores (TCG): - PowerPC"""
target-ppc/kvm.c,2390,"""Guest CPU Cores (KVM): - Overall"",""Guest CPU Cores (KVM): - PPC"",""Guest CPU cores (TCG): - PowerPC"""
target-ppc/kvm_ppc.c,41,"""Guest CPU Cores (KVM): - Overall"",""Guest CPU cores (TCG): - PowerPC"""
target-ppc/kvm_ppc.h,271,"""Guest CPU Cores (KVM): - Overall"",""Guest CPU cores (TCG): - PowerPC"""
target-ppc/machine.c,564,"""Guest CPU cores (TCG): - PowerPC"""
target-ppc/mem_helper.c,271,"""Guest CPU cores (TCG): - PowerPC"""
target-ppc/mfrom_table.c,79,"""Guest CPU cores (TCG): - PowerPC"""
target-ppc/mfrom_table_gen.c,33,"""Guest CPU cores (TCG): - PowerPC"""
target-ppc/misc_helper.c,161,"""Guest CPU cores (TCG): - PowerPC"""
target-ppc/mmu-hash32.c,563,"""Guest CPU cores (TCG): - PowerPC"""
target-ppc/mmu-hash32.h,110,"""Guest CPU cores (TCG): - PowerPC"""
target-ppc/mmu-hash64.c,629,"""Guest CPU cores (TCG): - PowerPC"""
target-ppc/mmu-hash64.h,119,"""Guest CPU cores (TCG): - PowerPC"""
target-ppc/mmu_helper.c,2936,"""Guest CPU cores (TCG): - PowerPC"""
target-ppc/timebase_helper.c,159,"""Guest CPU cores (TCG): - PowerPC"""
target-ppc/translate.c,11487,"""Guest CPU cores (TCG): - PowerPC"""
target-ppc/translate_init.c,9745,"""Guest CPU cores (TCG): - PowerPC"""
target-ppc/user_only_helper.c,46,"""Guest CPU cores (TCG): - PowerPC"""
target-s390x/Makefile.objs,5,"""Guest CPU cores (TCG): - S390"""
target-s390x/arch_dump.c,214,"""Guest CPU cores (TCG): - S390"""
target-s390x/cc_helper.c,578,"""Guest CPU cores (TCG): - S390"""
target-s390x/cpu-qom.h,99,"""Guest CPU cores (TCG): - S390"""
target-s390x/cpu.c,346,"""Guest CPU cores (TCG): - S390"""
target-s390x/cpu.h,1152,"""Guest CPU cores (TCG): - S390"""
target-s390x/fpu_helper.c,712,"""Guest CPU cores (TCG): - S390"""
target-s390x/gdbstub.c,143,"""Guest CPU cores (TCG): - S390"""
target-s390x/helper.c,887,"""Guest CPU cores (TCG): - S390"""
target-s390x/helper.h,115,"""Guest CPU cores (TCG): - S390"""
target-s390x/insn-data.def,813,"""Guest CPU cores (TCG): - S390"""
target-s390x/insn-format.def,55,"""Guest CPU cores (TCG): - S390"""
target-s390x/int_helper.c,197,"""Guest CPU cores (TCG): - S390"""
target-s390x/interrupt.c,66,"""Guest CPU cores (TCG): - S390"""
target-s390x/ioinst.c,773,"""Guest CPU cores (TCG): - S390"""
target-s390x/ioinst.h,245,"""Guest CPU cores (TCG): - S390"""
target-s390x/kvm.c,1364,"""Guest CPU Cores (KVM): - Overall"",""Guest CPU Cores (KVM): - S390"",""Guest CPU cores (TCG): - S390"""
target-s390x/machine.c,76,"""Guest CPU cores (TCG): - S390"""
target-s390x/mem_helper.c,1074,"""Guest CPU cores (TCG): - S390"""
target-s390x/misc_helper.c,469,"""Guest CPU cores (TCG): - S390"""
target-s390x/translate.c,4898,"""Guest CPU cores (TCG): - S390"""
target-sh4/Makefile.objs,2,"""Guest CPU cores (TCG): - SH4"""
target-sh4/README.sh4,150,"""Guest CPU cores (TCG): - SH4"""
target-sh4/cpu-qom.h,94,"""Guest CPU cores (TCG): - SH4"""
target-sh4/cpu.c,312,"""Guest CPU cores (TCG): - SH4"""
target-sh4/cpu.h,357,"""Guest CPU cores (TCG): - SH4"""
target-sh4/gdbstub.c,146,"""Guest CPU cores (TCG): - SH4"""
target-sh4/helper.c,874,"""Guest CPU cores (TCG): - SH4"""
target-sh4/helper.h,46,"""Guest CPU cores (TCG): - SH4"""
target-sh4/op_helper.c,633,"""Guest CPU cores (TCG): - SH4"""
target-sh4/translate.c,1999,"""Guest CPU cores (TCG): - SH4"""
target-sparc/Makefile.objs,7,"""Guest CPU cores (TCG): - SPARC"""
target-sparc/TODO,88,"""Guest CPU cores (TCG): - SPARC"""
target-sparc/cc_helper.c,485,"""Guest CPU cores (TCG): - SPARC"""
target-sparc/cpu-qom.h,88,"""Guest CPU cores (TCG): - SPARC"""
target-sparc/cpu.c,876,"""Guest CPU cores (TCG): - SPARC"""
target-sparc/cpu.h,756,"""Guest CPU cores (TCG): - SPARC"""
target-sparc/fop_helper.c,467,"""Guest CPU cores (TCG): - SPARC"""
target-sparc/gdbstub.c,208,"""Guest CPU cores (TCG): - SPARC"""
target-sparc/helper.c,255,"""Guest CPU cores (TCG): - SPARC"""
target-sparc/helper.h,175,"""Guest CPU cores (TCG): - SPARC"""
target-sparc/int32_helper.c,173,"""Guest CPU cores (TCG): - SPARC"""
target-sparc/int64_helper.c,204,"""Guest CPU cores (TCG): - SPARC"""
target-sparc/ldst_helper.c,2455,"""Guest CPU cores (TCG): - SPARC"""
target-sparc/machine.c,218,"""Guest CPU cores (TCG): - SPARC"""
target-sparc/mmu_helper.c,868,"""Guest CPU cores (TCG): - SPARC"""
target-sparc/translate.c,5498,"""Guest CPU cores (TCG): - SPARC"""
target-sparc/vis_helper.c,489,"""Guest CPU cores (TCG): - SPARC"""
target-sparc/win_helper.c,393,"""Guest CPU cores (TCG): - SPARC"""
target-tricore/Makefile.objs,1,"""Guest CPU cores (TCG): - TriCore"""
target-tricore/cpu-qom.h,70,"""Guest CPU cores (TCG): - TriCore"""
target-tricore/cpu.c,191,"""Guest CPU cores (TCG): - TriCore"""
target-tricore/cpu.h,403,"""Guest CPU cores (TCG): - TriCore"""
target-tricore/helper.c,140,"""Guest CPU cores (TCG): - TriCore"""
target-tricore/helper.h,32,"""Guest CPU cores (TCG): - TriCore"""
target-tricore/op_helper.c,468,"""Guest CPU cores (TCG): - TriCore"""
target-tricore/translate.c,2568,"""Guest CPU cores (TCG): - TriCore"""
target-tricore/tricore-defs.h,28,"""Guest CPU cores (TCG): - TriCore"""
target-tricore/tricore-opcodes.h,1408,"""Guest CPU cores (TCG): - TriCore"""
target-unicore32/Makefile.objs,4,"""Guest CPU cores (TCG): - UniCore32"""
target-unicore32/cpu-qom.h,69,"""Guest CPU cores (TCG): - UniCore32"""
target-unicore32/cpu.c,192,"""Guest CPU cores (TCG): - UniCore32"""
target-unicore32/cpu.h,162,"""Guest CPU cores (TCG): - UniCore32"""
target-unicore32/helper.c,267,"""Guest CPU cores (TCG): - UniCore32"""
target-unicore32/helper.h,65,"""Guest CPU cores (TCG): - UniCore32"""
target-unicore32/op_helper.c,259,"""Guest CPU cores (TCG): - UniCore32"""
target-unicore32/softmmu.c,276,"""Guest CPU cores (TCG): - UniCore32"""
target-unicore32/translate.c,2143,"""Guest CPU cores (TCG): - UniCore32"""
target-unicore32/ucf64_helper.c,324,"""Guest CPU cores (TCG): - UniCore32"""
target-xtensa/Makefile.objs,6,"""Guest CPU cores (TCG): - Xtensa"""
target-xtensa/core-dc232b.c,49,"""Guest CPU cores (TCG): - Xtensa"""
target-xtensa/core-dc232b/core-isa.h,423,"""Guest CPU cores (TCG): - Xtensa"""
target-xtensa/core-dc232b/gdb-config.c,261,"""Guest CPU cores (TCG): - Xtensa"""
target-xtensa/core-dc233c.c,50,"""Guest CPU cores (TCG): - Xtensa"""
target-xtensa/core-dc233c/core-isa.h,474,"""Guest CPU cores (TCG): - Xtensa"""
target-xtensa/core-dc233c/gdb-config.c,145,"""Guest CPU cores (TCG): - Xtensa"""
target-xtensa/core-fsf.c,43,"""Guest CPU cores (TCG): - Xtensa"""
target-xtensa/core-fsf/core-isa.h,361,"""Guest CPU cores (TCG): - Xtensa"""
target-xtensa/cpu-qom.h,96,"""Guest CPU cores (TCG): - Xtensa"""
target-xtensa/cpu.c,174,"""Guest CPU cores (TCG): - Xtensa"""
target-xtensa/cpu.h,530,"""Guest CPU cores (TCG): - Xtensa"""
target-xtensa/gdbstub.c,109,"""Guest CPU cores (TCG): - Xtensa"""
target-xtensa/helper.c,715,"""Guest CPU cores (TCG): - Xtensa"""
target-xtensa/helper.h,58,"""Guest CPU cores (TCG): - Xtensa"""
target-xtensa/import_core.sh,53,"""Guest CPU cores (TCG): - Xtensa"""
target-xtensa/op_helper.c,968,"""Guest CPU cores (TCG): - Xtensa"""
target-xtensa/overlay_tool.h,595,"""Guest CPU cores (TCG): - Xtensa"""
target-xtensa/translate.c,3183,"""Guest CPU cores (TCG): - Xtensa"""
target-xtensa/xtensa-semi.c,321,"""Guest CPU cores (TCG): - Xtensa"""
tcg-runtime.c,109,
tcg/LICENSE,3,"""Tiny Code Generator (TCG) - Common code"""
tcg/README,551,"""Tiny Code Generator (TCG) - Common code"""
tcg/TODO,14,"""Tiny Code Generator (TCG) - Common code"""
tcg/aarch64/tcg-target.c,1857,"""Tiny Code Generator (TCG) - AArch64 target"",""Tiny Code Generator (TCG) - Common code"""
tcg/aarch64/tcg-target.h,107,"""Tiny Code Generator (TCG) - AArch64 target"",""Tiny Code Generator (TCG) - Common code"""
tcg/arm/tcg-target.c,2123,"""Tiny Code Generator (TCG) - ARM target"",""Tiny Code Generator (TCG) - Common code"""
tcg/arm/tcg-target.h,108,"""Tiny Code Generator (TCG) - ARM target"",""Tiny Code Generator (TCG) - Common code"""
tcg/i386/tcg-target.c,2418,"""Tiny Code Generator (TCG) - Common code"",""Tiny Code Generator (TCG) - i386 target"""
tcg/i386/tcg-target.h,148,"""Tiny Code Generator (TCG) - Common code"",""Tiny Code Generator (TCG) - i386 target"""
tcg/ia64/tcg-target.c,2446,"""Tiny Code Generator (TCG) - Common code"",""Tiny Code Generator (TCG) - IA64 target"""
tcg/ia64/tcg-target.h,183,"""Tiny Code Generator (TCG) - Common code"",""Tiny Code Generator (TCG) - IA64 target"""
tcg/mips/tcg-target.c,1816,"""Tiny Code Generator (TCG) - Common code"",""Tiny Code Generator (TCG) - MIPS target"""
tcg/mips/tcg-target.h,137,"""Tiny Code Generator (TCG) - Common code"",""Tiny Code Generator (TCG) - MIPS target"""
tcg/optimize.c,1398,"""Tiny Code Generator (TCG) - Common code"""
tcg/ppc/tcg-target.c,2720,"""Tiny Code Generator (TCG) - Common code"",""Tiny Code Generator (TCG) - PPC"""
tcg/ppc/tcg-target.h,111,"""Tiny Code Generator (TCG) - Common code"",""Tiny Code Generator (TCG) - PPC"""
tcg/s390/tcg-target.c,2389,"""Tiny Code Generator (TCG) - Common code"",""Tiny Code Generator (TCG) - S390 target"""
tcg/s390/tcg-target.h,122,"""Tiny Code Generator (TCG) - Common code"",""Tiny Code Generator (TCG) - S390 target"""
tcg/sparc/tcg-target.c,1648,"""Tiny Code Generator (TCG) - Common code"",""Tiny Code Generator (TCG) - SPARC target"""
tcg/sparc/tcg-target.h,159,"""Tiny Code Generator (TCG) - Common code"",""Tiny Code Generator (TCG) - SPARC target"""
tcg/tcg-be-ldst.h,91,"""Tiny Code Generator (TCG) - Common code"""
tcg/tcg-be-null.h,43,"""Tiny Code Generator (TCG) - Common code"""
tcg/tcg-op.h,2763,"""Tiny Code Generator (TCG) - Common code"""
tcg/tcg-opc.h,204,"""Tiny Code Generator (TCG) - Common code"""
tcg/tcg-runtime.h,16,"""Tiny Code Generator (TCG) - Common code"""
tcg/tcg.c,2902,"""Tiny Code Generator (TCG) - Common code"""
tcg/tcg.h,893,"""Tiny Code Generator (TCG) - Common code"""
tcg/tci/README,130,"""Tiny Code Generator (TCG) - Common code"",""Tiny Code Generator (TCG) - TCI target"""
tcg/tci/tcg-target.c,888,"""Tiny Code Generator (TCG) - Common code"",""Tiny Code Generator (TCG) - TCI target"""
tcg/tci/tcg-target.h,185,"""Tiny Code Generator (TCG) - Common code"",""Tiny Code Generator (TCG) - TCI target"""
tci.c,1268,"""Tiny Code Generator (TCG) - TCI target"""
tests/.gitignore,39,
tests/Makefile,479,
tests/ac97-test.c,33,"""Subsystems - Audio"""
tests/acpi-test-data/pc/APIC,7,
tests/acpi-test-data/pc/DSDT,94,
tests/acpi-test-data/pc/FACP,0,
tests/acpi-test-data/pc/FACS,0,
tests/acpi-test-data/pc/HPET,0,
tests/acpi-test-data/pc/SSDT,72,
tests/acpi-test-data/q35/APIC,7,
tests/acpi-test-data/q35/DSDT,261,
tests/acpi-test-data/q35/FACP,0,
tests/acpi-test-data/q35/FACS,0,
tests/acpi-test-data/q35/HPET,0,
tests/acpi-test-data/q35/MCFG,0,
tests/acpi-test-data/q35/SSDT,35,
tests/acpi-test-data/rebuild-expected-aml.sh,36,
tests/ahci-test.c,1561,
tests/bios-tables-test.c,807,
tests/boot-order-test.c,209,
tests/check-block.sh,21,
tests/check-qdict.c,684,
tests/check-qfloat.c,53,
tests/check-qint.c,87,
tests/check-qjson.c,1512,
tests/check-qlist.c,127,
tests/check-qom-interface.c,105,
tests/check-qstring.c,107,
tests/display-vga-test.c,52,
tests/drive_del-test.c,137,
tests/e1000-test.c,52,
tests/eepro100-test.c,63,
tests/endianness-test.c,317,
tests/es1370-test.c,33,"""Subsystems - Audio"""
tests/fdc-test.c,563,
tests/fw_cfg-test.c,139,
tests/hd-geo-test.c,428,
tests/i440fx-test.c,417,
tests/i82801b11-test.c,33,
tests/ide-test.c,630,
tests/image-fuzzer/qcow2/__init__.py,1,"""Subsystems - Block"""
tests/image-fuzzer/qcow2/fuzz.py,367,"""Subsystems - Block"""
tests/image-fuzzer/qcow2/layout.py,612,"""Subsystems - Block"""
tests/image-fuzzer/runner.py,437,"""Subsystems - Block"""
tests/intel-hda-test.c,45,"""Subsystems - Audio"""
tests/ioh3420-test.c,34,
tests/ipoctal232-test.c,33,
tests/libqos/fw_cfg.c,107,
tests/libqos/fw_cfg.h,43,
tests/libqos/i2c-omap.c,173,
tests/libqos/i2c.c,22,
tests/libqos/i2c.h,30,
tests/libqos/malloc-pc.c,334,
tests/libqos/malloc-pc.h,29,
tests/libqos/malloc.h,38,
tests/libqos/pci-pc.c,298,
tests/libqos/pci-pc.h,21,
tests/libqos/pci.c,264,
tests/libqos/pci.h,93,
tests/libqos/usb.c,71,
tests/libqos/usb.h,17,
tests/libqos/virtio-pci.c,343,
tests/libqos/virtio-pci.h,61,
tests/libqos/virtio.c,281,
tests/libqos/virtio.h,187,
tests/libqtest.c,746,
tests/libqtest.h,693,
tests/m48t59-test.c,264,
tests/multiboot/Makefile,18,
tests/multiboot/libc.c,139,
tests/multiboot/libc.h,61,
tests/multiboot/link.ld,19,
tests/multiboot/mmap.c,56,
tests/multiboot/mmap.out,93,
tests/multiboot/multiboot.h,66,
tests/multiboot/run_test.sh,81,
tests/multiboot/start.S,51,
tests/ne2000-test.c,33,
tests/nvme-test.c,34,"""Devices - nvme"""
tests/pcnet-test.c,33,
tests/pvpanic-test.c,47,
tests/qapi-schema/comments.err,0,"""Subsystems - QAPI"""
tests/qapi-schema/comments.exit,1,"""Subsystems - QAPI"""
tests/qapi-schema/comments.json,4,"""Subsystems - QAPI"""
tests/qapi-schema/comments.out,3,"""Subsystems - QAPI"""
tests/qapi-schema/duplicate-key.err,1,"""Subsystems - QAPI"""
tests/qapi-schema/duplicate-key.exit,1,"""Subsystems - QAPI"""
tests/qapi-schema/duplicate-key.json,2,"""Subsystems - QAPI"""
tests/qapi-schema/duplicate-key.out,0,"""Subsystems - QAPI"""
tests/qapi-schema/empty.err,0,"""Subsystems - QAPI"""
tests/qapi-schema/empty.exit,1,"""Subsystems - QAPI"""
tests/qapi-schema/empty.json,0,"""Subsystems - QAPI"""
tests/qapi-schema/empty.out,3,"""Subsystems - QAPI"""
tests/qapi-schema/event-nest-struct.err,1,"""Subsystems - QAPI"""
tests/qapi-schema/event-nest-struct.exit,1,"""Subsystems - QAPI"""
tests/qapi-schema/event-nest-struct.json,2,"""Subsystems - QAPI"""
tests/qapi-schema/event-nest-struct.out,0,"""Subsystems - QAPI"""
tests/qapi-schema/flat-union-invalid-branch-key.err,1,"""Subsystems - QAPI"""
tests/qapi-schema/flat-union-invalid-branch-key.exit,1,"""Subsystems - QAPI"""
tests/qapi-schema/flat-union-invalid-branch-key.json,17,"""Subsystems - QAPI"""
tests/qapi-schema/flat-union-invalid-branch-key.out,0,"""Subsystems - QAPI"""
tests/qapi-schema/flat-union-invalid-discriminator.err,1,"""Subsystems - QAPI"""
tests/qapi-schema/flat-union-invalid-discriminator.exit,1,"""Subsystems - QAPI"""
tests/qapi-schema/flat-union-invalid-discriminator.json,17,"""Subsystems - QAPI"""
tests/qapi-schema/flat-union-invalid-discriminator.out,0,"""Subsystems - QAPI"""
tests/qapi-schema/flat-union-no-base.err,1,"""Subsystems - QAPI"""
tests/qapi-schema/flat-union-no-base.exit,1,"""Subsystems - QAPI"""
tests/qapi-schema/flat-union-no-base.json,10,"""Subsystems - QAPI"""
tests/qapi-schema/flat-union-no-base.out,0,"""Subsystems - QAPI"""
tests/qapi-schema/flat-union-reverse-define.err,0,"""Subsystems - QAPI"""
tests/qapi-schema/flat-union-reverse-define.exit,1,"""Subsystems - QAPI"""
tests/qapi-schema/flat-union-reverse-define.json,17,"""Subsystems - QAPI"""
tests/qapi-schema/flat-union-reverse-define.out,9,"""Subsystems - QAPI"""
tests/qapi-schema/flat-union-string-discriminator.err,1,"""Subsystems - QAPI"""
tests/qapi-schema/flat-union-string-discriminator.exit,1,"""Subsystems - QAPI"""
tests/qapi-schema/flat-union-string-discriminator.json,17,"""Subsystems - QAPI"""
tests/qapi-schema/flat-union-string-discriminator.out,0,"""Subsystems - QAPI"""
tests/qapi-schema/funny-char.err,1,"""Subsystems - QAPI"""
tests/qapi-schema/funny-char.exit,1,"""Subsystems - QAPI"""
tests/qapi-schema/funny-char.json,2,"""Subsystems - QAPI"""
tests/qapi-schema/funny-char.out,0,"""Subsystems - QAPI"""
tests/qapi-schema/include-before-err.err,1,"""Subsystems - QAPI"""
tests/qapi-schema/include-before-err.exit,1,"""Subsystems - QAPI"""
tests/qapi-schema/include-before-err.json,2,"""Subsystems - QAPI"""
tests/qapi-schema/include-before-err.out,0,"""Subsystems - QAPI"""
tests/qapi-schema/include-cycle-b.json,1,"""Subsystems - QAPI"""
tests/qapi-schema/include-cycle-c.json,1,"""Subsystems - QAPI"""
tests/qapi-schema/include-cycle.err,3,"""Subsystems - QAPI"""
tests/qapi-schema/include-cycle.exit,1,"""Subsystems - QAPI"""
tests/qapi-schema/include-cycle.json,1,"""Subsystems - QAPI"""
tests/qapi-schema/include-cycle.out,0,"""Subsystems - QAPI"""
tests/qapi-schema/include-format-err.err,1,"""Subsystems - QAPI"""
tests/qapi-schema/include-format-err.exit,1,"""Subsystems - QAPI"""
tests/qapi-schema/include-format-err.json,2,"""Subsystems - QAPI"""
tests/qapi-schema/include-format-err.out,0,"""Subsystems - QAPI"""
tests/qapi-schema/include-nested-err.err,2,"""Subsystems - QAPI"""
tests/qapi-schema/include-nested-err.exit,1,"""Subsystems - QAPI"""
tests/qapi-schema/include-nested-err.json,1,"""Subsystems - QAPI"""
tests/qapi-schema/include-nested-err.out,0,"""Subsystems - QAPI"""
tests/qapi-schema/include-no-file.err,1,"""Subsystems - QAPI"""
tests/qapi-schema/include-no-file.exit,1,"""Subsystems - QAPI"""
tests/qapi-schema/include-no-file.json,1,"""Subsystems - QAPI"""
tests/qapi-schema/include-no-file.out,0,"""Subsystems - QAPI"""
tests/qapi-schema/include-non-file.err,1,"""Subsystems - QAPI"""
tests/qapi-schema/include-non-file.exit,1,"""Subsystems - QAPI"""
tests/qapi-schema/include-non-file.json,1,"""Subsystems - QAPI"""
tests/qapi-schema/include-non-file.out,0,"""Subsystems - QAPI"""
tests/qapi-schema/include-relpath-sub.json,2,"""Subsystems - QAPI"""
tests/qapi-schema/include-relpath.err,0,"""Subsystems - QAPI"""
tests/qapi-schema/include-relpath.exit,1,"""Subsystems - QAPI"""
tests/qapi-schema/include-relpath.json,1,"""Subsystems - QAPI"""
tests/qapi-schema/include-relpath.out,3,"""Subsystems - QAPI"""
tests/qapi-schema/include-repetition-sub.json,2,"""Subsystems - QAPI"""
tests/qapi-schema/include-repetition.err,0,"""Subsystems - QAPI"""
tests/qapi-schema/include-repetition.exit,1,"""Subsystems - QAPI"""
tests/qapi-schema/include-repetition.json,3,"""Subsystems - QAPI"""
tests/qapi-schema/include-repetition.out,3,"""Subsystems - QAPI"""
tests/qapi-schema/include-self-cycle.err,1,"""Subsystems - QAPI"""
tests/qapi-schema/include-self-cycle.exit,1,"""Subsystems - QAPI"""
tests/qapi-schema/include-self-cycle.json,1,"""Subsystems - QAPI"""
tests/qapi-schema/include-self-cycle.out,0,"""Subsystems - QAPI"""
tests/qapi-schema/include-simple-sub.json,2,"""Subsystems - QAPI"""
tests/qapi-schema/include-simple.err,0,"""Subsystems - QAPI"""
tests/qapi-schema/include-simple.exit,1,"""Subsystems - QAPI"""
tests/qapi-schema/include-simple.json,1,"""Subsystems - QAPI"""
tests/qapi-schema/include-simple.out,3,"""Subsystems - QAPI"""
tests/qapi-schema/include/relpath.json,1,"""Subsystems - QAPI"""
tests/qapi-schema/indented-expr.err,0,"""Subsystems - QAPI"""
tests/qapi-schema/indented-expr.exit,1,"""Subsystems - QAPI"""
tests/qapi-schema/indented-expr.json,2,"""Subsystems - QAPI"""
tests/qapi-schema/indented-expr.out,3,"""Subsystems - QAPI"""
tests/qapi-schema/missing-colon.err,1,"""Subsystems - QAPI"""
tests/qapi-schema/missing-colon.exit,1,"""Subsystems - QAPI"""
tests/qapi-schema/missing-colon.json,2,"""Subsystems - QAPI"""
tests/qapi-schema/missing-colon.out,0,"""Subsystems - QAPI"""
tests/qapi-schema/missing-comma-list.err,1,"""Subsystems - QAPI"""
tests/qapi-schema/missing-comma-list.exit,1,"""Subsystems - QAPI"""
tests/qapi-schema/missing-comma-list.json,2,"""Subsystems - QAPI"""
tests/qapi-schema/missing-comma-list.out,0,"""Subsystems - QAPI"""
tests/qapi-schema/missing-comma-object.err,1,"""Subsystems - QAPI"""
tests/qapi-schema/missing-comma-object.exit,1,"""Subsystems - QAPI"""
tests/qapi-schema/missing-comma-object.json,2,"""Subsystems - QAPI"""
tests/qapi-schema/missing-comma-object.out,0,"""Subsystems - QAPI"""
tests/qapi-schema/non-objects.err,1,"""Subsystems - QAPI"""
tests/qapi-schema/non-objects.exit,1,"""Subsystems - QAPI"""
tests/qapi-schema/non-objects.json,2,"""Subsystems - QAPI"""
tests/qapi-schema/non-objects.out,0,"""Subsystems - QAPI"""
tests/qapi-schema/qapi-schema-test.err,0,"""Subsystems - QAPI"""
tests/qapi-schema/qapi-schema-test.exit,1,"""Subsystems - QAPI"""
tests/qapi-schema/qapi-schema-test.json,113,"""Subsystems - QAPI"""
tests/qapi-schema/qapi-schema-test.out,40,"""Subsystems - QAPI"""
tests/qapi-schema/quoted-structural-chars.err,1,"""Subsystems - QAPI"""
tests/qapi-schema/quoted-structural-chars.exit,1,"""Subsystems - QAPI"""
tests/qapi-schema/quoted-structural-chars.json,1,"""Subsystems - QAPI"""
tests/qapi-schema/quoted-structural-chars.out,0,"""Subsystems - QAPI"""
tests/qapi-schema/test-qapi.py,25,"""Subsystems - QAPI"""
tests/qapi-schema/trailing-comma-list.err,1,"""Subsystems - QAPI"""
tests/qapi-schema/trailing-comma-list.exit,1,"""Subsystems - QAPI"""
tests/qapi-schema/trailing-comma-list.json,2,"""Subsystems - QAPI"""
tests/qapi-schema/trailing-comma-list.out,0,"""Subsystems - QAPI"""
tests/qapi-schema/trailing-comma-object.err,1,"""Subsystems - QAPI"""
tests/qapi-schema/trailing-comma-object.exit,1,"""Subsystems - QAPI"""
tests/qapi-schema/trailing-comma-object.json,2,"""Subsystems - QAPI"""
tests/qapi-schema/trailing-comma-object.out,0,"""Subsystems - QAPI"""
tests/qapi-schema/unclosed-list.err,1,"""Subsystems - QAPI"""
tests/qapi-schema/unclosed-list.exit,1,"""Subsystems - QAPI"""
tests/qapi-schema/unclosed-list.json,1,"""Subsystems - QAPI"""
tests/qapi-schema/unclosed-list.out,0,"""Subsystems - QAPI"""
tests/qapi-schema/unclosed-object.err,1,"""Subsystems - QAPI"""
tests/qapi-schema/unclosed-object.exit,1,"""Subsystems - QAPI"""
tests/qapi-schema/unclosed-object.json,1,"""Subsystems - QAPI"""
tests/qapi-schema/unclosed-object.out,0,"""Subsystems - QAPI"""
tests/qapi-schema/unclosed-string.err,1,"""Subsystems - QAPI"""
tests/qapi-schema/unclosed-string.exit,1,"""Subsystems - QAPI"""
tests/qapi-schema/unclosed-string.json,2,"""Subsystems - QAPI"""
tests/qapi-schema/unclosed-string.out,0,"""Subsystems - QAPI"""
tests/qapi-schema/union-invalid-base.err,1,"""Subsystems - QAPI"""
tests/qapi-schema/union-invalid-base.exit,1,"""Subsystems - QAPI"""
tests/qapi-schema/union-invalid-base.json,10,"""Subsystems - QAPI"""
tests/qapi-schema/union-invalid-base.out,0,"""Subsystems - QAPI"""
tests/qemu-iotests-quick.sh,8,
tests/qemu-iotests/.gitignore,8,"""Subsystems - Block"""
tests/qemu-iotests/001,65,"""Subsystems - Block"""
tests/qemu-iotests/001.out,15,"""Subsystems - Block"""
tests/qemu-iotests/002,85,"""Subsystems - Block"""
tests/qemu-iotests/002.out,49,"""Subsystems - Block"""
tests/qemu-iotests/003,78,"""Subsystems - Block"""
tests/qemu-iotests/003.out,23,"""Subsystems - Block"""
tests/qemu-iotests/004,104,"""Subsystems - Block"""
tests/qemu-iotests/004.out,41,"""Subsystems - Block"""
tests/qemu-iotests/005,75,"""Subsystems - Block"""
tests/qemu-iotests/005.out,13,"""Subsystems - Block"""
tests/qemu-iotests/006,54,"""Subsystems - Block"""
tests/qemu-iotests/006.out,6,"""Subsystems - Block"""
tests/qemu-iotests/007,66,"""Subsystems - Block"""
tests/qemu-iotests/007.out,18,"""Subsystems - Block"""
tests/qemu-iotests/008,65,"""Subsystems - Block"""
tests/qemu-iotests/008.out,15,"""Subsystems - Block"""
tests/qemu-iotests/009,69,"""Subsystems - Block"""
tests/qemu-iotests/009.out,18,"""Subsystems - Block"""
tests/qemu-iotests/010,71,"""Subsystems - Block"""
tests/qemu-iotests/010.out,22,"""Subsystems - Block"""
tests/qemu-iotests/011,75,"""Subsystems - Block"""
tests/qemu-iotests/011.out,50,"""Subsystems - Block"""
tests/qemu-iotests/012,62,"""Subsystems - Block"""
tests/qemu-iotests/012.out,9,"""Subsystems - Block"""
tests/qemu-iotests/013,98,"""Subsystems - Block"""
tests/qemu-iotests/013.out,43983,"""Subsystems - Block"""
tests/qemu-iotests/014,77,"""Subsystems - Block"""
tests/qemu-iotests/014.out,64074,"""Subsystems - Block"""
tests/qemu-iotests/015,85,"""Subsystems - Block"""
tests/qemu-iotests/015.out,20,"""Subsystems - Block"""
tests/qemu-iotests/016,70,"""Subsystems - Block"""
tests/qemu-iotests/016.out,23,"""Subsystems - Block"""
tests/qemu-iotests/017,104,"""Subsystems - Block"""
tests/qemu-iotests/017.out,1077,"""Subsystems - Block"""
tests/qemu-iotests/018,107,"""Subsystems - Block"""
tests/qemu-iotests/018.out,1077,"""Subsystems - Block"""
tests/qemu-iotests/019,132,"""Subsystems - Block"""
tests/qemu-iotests/019.out,1628,"""Subsystems - Block"""
tests/qemu-iotests/020,114,"""Subsystems - Block"""
tests/qemu-iotests/020.out,1078,"""Subsystems - Block"""
tests/qemu-iotests/021,63,"""Subsystems - Block"""
tests/qemu-iotests/021.out,93,"""Subsystems - Block"""
tests/qemu-iotests/022,67,"""Subsystems - Block"""
tests/qemu-iotests/022.out,8801,"""Subsystems - Block"""
tests/qemu-iotests/023,120,"""Subsystems - Block"""
tests/qemu-iotests/023.out,25706,"""Subsystems - Block"""
tests/qemu-iotests/024,125,"""Subsystems - Block"""
tests/qemu-iotests/024.out,144,"""Subsystems - Block"""
tests/qemu-iotests/025,78,"""Subsystems - Block"""
tests/qemu-iotests/025.out,27,"""Subsystems - Block"""
tests/qemu-iotests/026,200,"""Subsystems - Block"""
tests/qemu-iotests/026.out,602,"""Subsystems - Block"""
tests/qemu-iotests/026.out.nocache,610,"""Subsystems - Block"""
tests/qemu-iotests/027,78,"""Subsystems - Block"""
tests/qemu-iotests/027.out,23,"""Subsystems - Block"""
tests/qemu-iotests/028,135,"""Subsystems - Block"""
tests/qemu-iotests/028.out,737,"""Subsystems - Block"""
tests/qemu-iotests/029,99,"""Subsystems - Block"""
tests/qemu-iotests/029.out,27,"""Subsystems - Block"""
tests/qemu-iotests/030,467,"""Subsystems - Block"""
tests/qemu-iotests/030.out,5,"""Subsystems - Block"""
tests/qemu-iotests/031,80,"""Subsystems - Block"""
tests/qemu-iotests/031.out,204,"""Subsystems - Block"""
tests/qemu-iotests/032,69,"""Subsystems - Block"""
tests/qemu-iotests/032.out,78,"""Subsystems - Block"""
tests/qemu-iotests/033,73,"""Subsystems - Block"""
tests/qemu-iotests/033.out,29,"""Subsystems - Block"""
tests/qemu-iotests/034,116,"""Subsystems - Block"""
tests/qemu-iotests/034.out,81,"""Subsystems - Block"""
tests/qemu-iotests/035,72,"""Subsystems - Block"""
tests/qemu-iotests/035.out,392,"""Subsystems - Block"""
tests/qemu-iotests/036,119,"""Subsystems - Block"""
tests/qemu-iotests/036.out,87,"""Subsystems - Block"""
tests/qemu-iotests/037,122,"""Subsystems - Block"""
tests/qemu-iotests/037.out,645,"""Subsystems - Block"""
tests/qemu-iotests/038,134,"""Subsystems - Block"""
tests/qemu-iotests/038.out,909,"""Subsystems - Block"""
tests/qemu-iotests/039,154,"""Subsystems - Block"""
tests/qemu-iotests/039.out,77,"""Subsystems - Block"""
tests/qemu-iotests/040,255,"""Subsystems - Block"""
tests/qemu-iotests/040.out,5,"""Subsystems - Block"""
tests/qemu-iotests/041,954,"""Subsystems - Block"""
tests/qemu-iotests/041.out,5,"""Subsystems - Block"""
tests/qemu-iotests/042,78,"""Subsystems - Block"""
tests/qemu-iotests/042.out,15,"""Subsystems - Block"""
tests/qemu-iotests/043,95,"""Subsystems - Block"""
tests/qemu-iotests/043.out,66,"""Subsystems - Block"""
tests/qemu-iotests/044,117,"""Subsystems - Block"""
tests/qemu-iotests/044.out,8,"""Subsystems - Block"""
tests/qemu-iotests/045,178,"""Subsystems - Block"""
tests/qemu-iotests/045.out,5,"""Subsystems - Block"""
tests/qemu-iotests/046,272,"""Subsystems - Block"""
tests/qemu-iotests/046.out,239,"""Subsystems - Block"""
tests/qemu-iotests/047,75,"""Subsystems - Block"""
tests/qemu-iotests/047.out,22,"""Subsystems - Block"""
tests/qemu-iotests/048,85,"""Subsystems - Block"""
tests/qemu-iotests/048.out,40,"""Subsystems - Block"""
tests/qemu-iotests/049,123,"""Subsystems - Block"""
tests/qemu-iotests/049.out,208,"""Subsystems - Block"""
tests/qemu-iotests/050,75,"""Subsystems - Block"""
tests/qemu-iotests/050.out,17,"""Subsystems - Block"""
tests/qemu-iotests/051,272,"""Subsystems - Block"""
tests/qemu-iotests/051.out,426,"""Subsystems - Block"""
tests/qemu-iotests/052,63,"""Subsystems - Block"""
tests/qemu-iotests/052.out,13,"""Subsystems - Block"""
tests/qemu-iotests/053,73,"""Subsystems - Block"""
tests/qemu-iotests/053.out,17,"""Subsystems - Block"""
tests/qemu-iotests/054,58,"""Subsystems - Block"""
tests/qemu-iotests/054.out,10,"""Subsystems - Block"""
tests/qemu-iotests/055,302,"""Subsystems - Block"""
tests/qemu-iotests/055.out,5,"""Subsystems - Block"""
tests/qemu-iotests/056,87,"""Subsystems - Block"""
tests/qemu-iotests/056.out,5,"""Subsystems - Block"""
tests/qemu-iotests/057,259,"""Subsystems - Block"""
tests/qemu-iotests/057.out,5,"""Subsystems - Block"""
tests/qemu-iotests/058,138,"""Subsystems - Block"""
tests/qemu-iotests/058.out,44,"""Subsystems - Block"""
tests/qemu-iotests/059,132,"""Subsystems - Block"""
tests/qemu-iotests/059.out,2335,"""Subsystems - Block"""
tests/qemu-iotests/060,234,"""Subsystems - Block"""
tests/qemu-iotests/060.out,170,"""Subsystems - Block"""
tests/qemu-iotests/061,240,"""Subsystems - Block"""
tests/qemu-iotests/061.out,423,"""Subsystems - Block"""
tests/qemu-iotests/062,64,"""Subsystems - Block"""
tests/qemu-iotests/062.out,9,"""Subsystems - Block"""
tests/qemu-iotests/063,100,"""Subsystems - Block"""
tests/qemu-iotests/063.out,10,"""Subsystems - Block"""
tests/qemu-iotests/064,73,"""Subsystems - Block"""
tests/qemu-iotests/064.out,28,"""Subsystems - Block"""
tests/qemu-iotests/065,125,"""Subsystems - Block"""
tests/qemu-iotests/065.out,5,"""Subsystems - Block"""
tests/qemu-iotests/066,63,"""Subsystems - Block"""
tests/qemu-iotests/066.out,13,"""Subsystems - Block"""
tests/qemu-iotests/067,133,"""Subsystems - Block"""
tests/qemu-iotests/067.out,80,"""Subsystems - Block"""
tests/qemu-iotests/068,65,"""Subsystems - Block"""
tests/qemu-iotests/068.out,11,"""Subsystems - Block"""
tests/qemu-iotests/069,60,"""Subsystems - Block"""
tests/qemu-iotests/069.out,8,"""Subsystems - Block"""
tests/qemu-iotests/070,85,"""Subsystems - Block"""
tests/qemu-iotests/070.out,27,"""Subsystems - Block"""
tests/qemu-iotests/071,239,"""Subsystems - Block"""
tests/qemu-iotests/071.out,90,"""Subsystems - Block"""
tests/qemu-iotests/072,69,"""Subsystems - Block"""
tests/qemu-iotests/072.out,21,"""Subsystems - Block"""
tests/qemu-iotests/073,166,"""Subsystems - Block"""
tests/qemu-iotests/073.out,118,"""Subsystems - Block"""
tests/qemu-iotests/074,86,"""Subsystems - Block"""
tests/qemu-iotests/074.out,18,"""Subsystems - Block"""
tests/qemu-iotests/075,106,"""Subsystems - Block"""
tests/qemu-iotests/075.out,38,"""Subsystems - Block"""
tests/qemu-iotests/076,81,"""Subsystems - Block"""
tests/qemu-iotests/076.out,22,"""Subsystems - Block"""
tests/qemu-iotests/077,278,"""Subsystems - Block"""
tests/qemu-iotests/077.out,202,"""Subsystems - Block"""
tests/qemu-iotests/078,91,"""Subsystems - Block"""
tests/qemu-iotests/078.out,28,"""Subsystems - Block"""
tests/qemu-iotests/079,63,"""Subsystems - Block"""
tests/qemu-iotests/079.out,32,"""Subsystems - Block"""
tests/qemu-iotests/080,180,"""Subsystems - Block"""
tests/qemu-iotests/080.out,83,"""Subsystems - Block"""
tests/qemu-iotests/081,162,"""Subsystems - Block"""
tests/qemu-iotests/081.out,59,"""Subsystems - Block"""
tests/qemu-iotests/082,208,"""Subsystems - Block"""
tests/qemu-iotests/082.out,527,"""Subsystems - Block"""
tests/qemu-iotests/083,129,"""Subsystems - Block"""
tests/qemu-iotests/083.out,163,"""Subsystems - Block"""
tests/qemu-iotests/084,116,"""Subsystems - Block"""
tests/qemu-iotests/084.out,44,"""Subsystems - Block"""
tests/qemu-iotests/085,143,"""Subsystems - Block"""
tests/qemu-iotests/085.out,55,"""Subsystems - Block"""
tests/qemu-iotests/086,65,"""Subsystems - Block"""
tests/qemu-iotests/086.out,18,"""Subsystems - Block"""
tests/qemu-iotests/087,241,"""Subsystems - Block"""
tests/qemu-iotests/087.out,80,"""Subsystems - Block"""
tests/qemu-iotests/088,64,"""Subsystems - Block"""
tests/qemu-iotests/088.out,17,"""Subsystems - Block"""
tests/qemu-iotests/089,129,"""Subsystems - Block"""
tests/qemu-iotests/089.out,52,"""Subsystems - Block"""
tests/qemu-iotests/090,61,"""Subsystems - Block"""
tests/qemu-iotests/090.out,12,"""Subsystems - Block"""
tests/qemu-iotests/091,107,"""Subsystems - Block"""
tests/qemu-iotests/091.out,28,"""Subsystems - Block"""
tests/qemu-iotests/092,98,"""Subsystems - Block"""
tests/qemu-iotests/092.out,38,"""Subsystems - Block"""
tests/qemu-iotests/095,86,"""Subsystems - Block"""
tests/qemu-iotests/095.out,23,"""Subsystems - Block"""
tests/qemu-iotests/097,122,"""Subsystems - Block"""
tests/qemu-iotests/097.out,119,"""Subsystems - Block"""
tests/qemu-iotests/098,82,"""Subsystems - Block"""
tests/qemu-iotests/098.out,52,"""Subsystems - Block"""
tests/qemu-iotests/099,116,"""Subsystems - Block"""
tests/qemu-iotests/099.out,20,"""Subsystems - Block"""
tests/qemu-iotests/100,134,"""Subsystems - Block"""
tests/qemu-iotests/100.out,89,"""Subsystems - Block"""
tests/qemu-iotests/101,58,"""Subsystems - Block"""
tests/qemu-iotests/101.out,10,"""Subsystems - Block"""
tests/qemu-iotests/102,81,"""Subsystems - Block"""
tests/qemu-iotests/102.out,21,"""Subsystems - Block"""
tests/qemu-iotests/103,99,"""Subsystems - Block"""
tests/qemu-iotests/103.out,29,"""Subsystems - Block"""
tests/qemu-iotests/104,57,"""Subsystems - Block"""
tests/qemu-iotests/104.out,12,"""Subsystems - Block"""
tests/qemu-iotests/105,70,"""Subsystems - Block"""
tests/qemu-iotests/105.out,21,"""Subsystems - Block"""
tests/qemu-iotests/107,61,"""Subsystems - Block"""
tests/qemu-iotests/107.out,10,"""Subsystems - Block"""
tests/qemu-iotests/108,141,"""Subsystems - Block"""
tests/qemu-iotests/108.out,110,"""Subsystems - Block"""
tests/qemu-iotests/COPYING,339,"""Subsystems - Block"""
tests/qemu-iotests/Makefile,9,"""Subsystems - Block"""
tests/qemu-iotests/README,20,"""Subsystems - Block"""
tests/qemu-iotests/check,370,"""Subsystems - Block"""
tests/qemu-iotests/common,436,"""Subsystems - Block"""
tests/qemu-iotests/common.config,158,"""Subsystems - Block"""
tests/qemu-iotests/common.filter,224,"""Subsystems - Block"""
tests/qemu-iotests/common.pattern,140,"""Subsystems - Block"""
tests/qemu-iotests/common.qemu,200,"""Subsystems - Block"""
tests/qemu-iotests/common.rc,482,"""Subsystems - Block"""
tests/qemu-iotests/group,113,"""Subsystems - Block"""
tests/qemu-iotests/iotests.py,304,"""Subsystems - Block"""
tests/qemu-iotests/nbd-fault-injector.py,264,"""Subsystems - Block"""
tests/qemu-iotests/qcow2.py,263,"""Subsystems - Block"""
tests/qemu-iotests/qed.py,235,"""Subsystems - Block"""
tests/qemu-iotests/sample_images/README,8,"""Subsystems - Block"""
tests/qemu-iotests/sample_images/empty.bochs.bz2,1,"""Subsystems - Block"""
tests/qemu-iotests/sample_images/iotest-dirtylog-10G-4M.vhdx.bz2,22,"""Subsystems - Block"""
tests/qemu-iotests/sample_images/iotest-dynamic-1G.vhdx.bz2,6,"""Subsystems - Block"""
tests/qemu-iotests/sample_images/iotest-version3.vmdk.bz2,29,"""Subsystems - Block"""
tests/qemu-iotests/sample_images/parallels-v1.bz2,5,"""Subsystems - Block"""
tests/qemu-iotests/sample_images/parallels-v2.bz2,1,"""Subsystems - Block"""
tests/qemu-iotests/sample_images/simple-pattern.cloop.bz2,0,"""Subsystems - Block"""
tests/qemu-iotests/sample_images/test-disk2vhd.vhdx.bz2,8,"""Subsystems - Block"""
tests/qemu-iotests/socket_scm_helper.c,135,"""Subsystems - Block"""
tests/qom-test.c,145,"""Subsystems - QOM"""
tests/rtc-test.c,578,
tests/rtl8139-test.c,33,
tests/spapr-phb-test.c,35,
tests/tcg/Makefile,156,
tests/tcg/alpha/Makefile,35,"""Guest CPU cores (TCG): - Alpha"""
tests/tcg/alpha/crt.s,26,"""Guest CPU cores (TCG): - Alpha"""
tests/tcg/alpha/hello-alpha.c,5,"""Guest CPU cores (TCG): - Alpha"""
tests/tcg/alpha/test-cond.c,87,"""Guest CPU cores (TCG): - Alpha"""
tests/tcg/alpha/test-ovf.c,29,"""Guest CPU cores (TCG): - Alpha"""
tests/tcg/cris/.gdbinit,11,"""Guest CPU cores (TCG): - CRIS"""
tests/tcg/cris/Makefile,155,"""Guest CPU cores (TCG): - CRIS"""
tests/tcg/cris/README,1,"""Guest CPU cores (TCG): - CRIS"""
tests/tcg/cris/check_abs.c,40,"""Guest CPU cores (TCG): - CRIS"""
tests/tcg/cris/check_addc.c,58,"""Guest CPU cores (TCG): - CRIS"""
tests/tcg/cris/check_addcm.c,85,"""Guest CPU cores (TCG): - CRIS"""
tests/tcg/cris/check_addi.s,57,"""Guest CPU cores (TCG): - CRIS"""
tests/tcg/cris/check_addiv32.s,62,"""Guest CPU cores (TCG): - CRIS"""
tests/tcg/cris/check_addm.s,96,"""Guest CPU cores (TCG): - CRIS"""
tests/tcg/cris/check_addo.c,125,"""Guest CPU cores (TCG): - CRIS"""
tests/tcg/cris/check_addoq.c,44,"""Guest CPU cores (TCG): - CRIS"""
tests/tcg/cris/check_addq.s,47,"""Guest CPU cores (TCG): - CRIS"""
tests/tcg/cris/check_addr.s,96,"""Guest CPU cores (TCG): - CRIS"""
tests/tcg/cris/check_addxc.s,91,"""Guest CPU cores (TCG): - CRIS"""
tests/tcg/cris/check_addxm.s,106,"""Guest CPU cores (TCG): - CRIS"""
tests/tcg/cris/check_addxr.s,96,"""Guest CPU cores (TCG): - CRIS"""
tests/tcg/cris/check_andc.s,80,"""Guest CPU cores (TCG): - CRIS"""
tests/tcg/cris/check_andm.s,90,"""Guest CPU cores (TCG): - CRIS"""
tests/tcg/cris/check_andq.s,46,"""Guest CPU cores (TCG): - CRIS"""
tests/tcg/cris/check_andr.s,95,"""Guest CPU cores (TCG): - CRIS"""
tests/tcg/cris/check_asr.s,230,"""Guest CPU cores (TCG): - CRIS"""
tests/tcg/cris/check_ba.s,93,"""Guest CPU cores (TCG): - CRIS"""
tests/tcg/cris/check_bas.s,102,"""Guest CPU cores (TCG): - CRIS"""
tests/tcg/cris/check_bcc.s,197,"""Guest CPU cores (TCG): - CRIS"""
tests/tcg/cris/check_bound.c,142,"""Guest CPU cores (TCG): - CRIS"""
tests/tcg/cris/check_boundc.s,101,"""Guest CPU cores (TCG): - CRIS"""
tests/tcg/cris/check_boundr.s,125,"""Guest CPU cores (TCG): - CRIS"""
tests/tcg/cris/check_btst.s,96,"""Guest CPU cores (TCG): - CRIS"""
tests/tcg/cris/check_clearfv32.s,19,"""Guest CPU cores (TCG): - CRIS"""
tests/tcg/cris/check_clrjmp1.s,36,"""Guest CPU cores (TCG): - CRIS"""
tests/tcg/cris/check_cmp-2.s,15,"""Guest CPU cores (TCG): - CRIS"""
tests/tcg/cris/check_cmpc.s,86,"""Guest CPU cores (TCG): - CRIS"""
tests/tcg/cris/check_cmpm.s,96,"""Guest CPU cores (TCG): - CRIS"""
tests/tcg/cris/check_cmpq.s,75,"""Guest CPU cores (TCG): - CRIS"""
tests/tcg/cris/check_cmpr.s,102,"""Guest CPU cores (TCG): - CRIS"""
tests/tcg/cris/check_cmpxc.s,92,"""Guest CPU cores (TCG): - CRIS"""
tests/tcg/cris/check_cmpxm.s,106,"""Guest CPU cores (TCG): - CRIS"""
tests/tcg/cris/check_dstep.s,42,"""Guest CPU cores (TCG): - CRIS"""
tests/tcg/cris/check_ftag.c,37,"""Guest CPU cores (TCG): - CRIS"""
tests/tcg/cris/check_gcctorture_pr28634-1.c,15,"""Guest CPU cores (TCG): - CRIS"""
tests/tcg/cris/check_gcctorture_pr28634.c,15,"""Guest CPU cores (TCG): - CRIS"""
tests/tcg/cris/check_glibc_kernelversion.c,116,"""Guest CPU cores (TCG): - CRIS"""
tests/tcg/cris/check_hello.c,7,"""Guest CPU cores (TCG): - CRIS"""
tests/tcg/cris/check_int64.c,47,"""Guest CPU cores (TCG): - CRIS"""
tests/tcg/cris/check_jsr.s,85,"""Guest CPU cores (TCG): - CRIS"""
tests/tcg/cris/check_lapc.s,78,"""Guest CPU cores (TCG): - CRIS"""
tests/tcg/cris/check_lsl.s,217,"""Guest CPU cores (TCG): - CRIS"""
tests/tcg/cris/check_lsr.s,218,"""Guest CPU cores (TCG): - CRIS"""
tests/tcg/cris/check_lz.c,49,"""Guest CPU cores (TCG): - CRIS"""
tests/tcg/cris/check_mapbrk.c,39,"""Guest CPU cores (TCG): - CRIS"""
tests/tcg/cris/check_mcp.s,49,"""Guest CPU cores (TCG): - CRIS"""
tests/tcg/cris/check_mmap1.c,48,"""Guest CPU cores (TCG): - CRIS"""
tests/tcg/cris/check_mmap2.c,48,"""Guest CPU cores (TCG): - CRIS"""
tests/tcg/cris/check_mmap3.c,33,"""Guest CPU cores (TCG): - CRIS"""
tests/tcg/cris/check_movdelsr1.s,33,"""Guest CPU cores (TCG): - CRIS"""
tests/tcg/cris/check_movecr.s,37,"""Guest CPU cores (TCG): - CRIS"""
tests/tcg/cris/check_movei.s,50,"""Guest CPU cores (TCG): - CRIS"""
tests/tcg/cris/check_movemr.s,78,"""Guest CPU cores (TCG): - CRIS"""
tests/tcg/cris/check_movemrv32.s,96,"""Guest CPU cores (TCG): - CRIS"""
tests/tcg/cris/check_moveq.c,51,"""Guest CPU cores (TCG): - CRIS"""
tests/tcg/cris/check_mover.s,28,"""Guest CPU cores (TCG): - CRIS"""
tests/tcg/cris/check_moverm.s,45,"""Guest CPU cores (TCG): - CRIS"""
tests/tcg/cris/check_movmp.s,131,"""Guest CPU cores (TCG): - CRIS"""
tests/tcg/cris/check_movpmv32.s,35,"""Guest CPU cores (TCG): - CRIS"""
tests/tcg/cris/check_movpr.s,28,"""Guest CPU cores (TCG): - CRIS"""
tests/tcg/cris/check_movprv32.s,21,"""Guest CPU cores (TCG): - CRIS"""
tests/tcg/cris/check_movscr.s,29,"""Guest CPU cores (TCG): - CRIS"""
tests/tcg/cris/check_movsm.s,44,"""Guest CPU cores (TCG): - CRIS"""
tests/tcg/cris/check_movsr.s,46,"""Guest CPU cores (TCG): - CRIS"""
tests/tcg/cris/check_movucr.s,33,"""Guest CPU cores (TCG): - CRIS"""
tests/tcg/cris/check_movum.s,40,"""Guest CPU cores (TCG): - CRIS"""
tests/tcg/cris/check_movur.s,45,"""Guest CPU cores (TCG): - CRIS"""
tests/tcg/cris/check_mulv32.s,51,"""Guest CPU cores (TCG): - CRIS"""
tests/tcg/cris/check_mulx.s,246,"""Guest CPU cores (TCG): - CRIS"""
tests/tcg/cris/check_neg.s,104,"""Guest CPU cores (TCG): - CRIS"""
tests/tcg/cris/check_not.s,31,"""Guest CPU cores (TCG): - CRIS"""
tests/tcg/cris/check_openpf1.c,38,"""Guest CPU cores (TCG): - CRIS"""
tests/tcg/cris/check_openpf2.c,16,"""Guest CPU cores (TCG): - CRIS"""
tests/tcg/cris/check_openpf3.c,49,"""Guest CPU cores (TCG): - CRIS"""
tests/tcg/cris/check_openpf4.c,5,"""Guest CPU cores (TCG): - CRIS"""
tests/tcg/cris/check_openpf5.c,56,"""Guest CPU cores (TCG): - CRIS"""
tests/tcg/cris/check_orc.s,71,"""Guest CPU cores (TCG): - CRIS"""
tests/tcg/cris/check_orm.s,75,"""Guest CPU cores (TCG): - CRIS"""
tests/tcg/cris/check_orq.s,41,"""Guest CPU cores (TCG): - CRIS"""
tests/tcg/cris/check_orr.s,84,"""Guest CPU cores (TCG): - CRIS"""
tests/tcg/cris/check_ret.s,25,"""Guest CPU cores (TCG): - CRIS"""
tests/tcg/cris/check_scc.s,95,"""Guest CPU cores (TCG): - CRIS"""
tests/tcg/cris/check_settls1.c,45,"""Guest CPU cores (TCG): - CRIS"""
tests/tcg/cris/check_sigalrm.c,26,"""Guest CPU cores (TCG): - CRIS"""
tests/tcg/cris/check_stat1.c,16,"""Guest CPU cores (TCG): - CRIS"""
tests/tcg/cris/check_stat2.c,20,"""Guest CPU cores (TCG): - CRIS"""
tests/tcg/cris/check_stat3.c,25,"""Guest CPU cores (TCG): - CRIS"""
tests/tcg/cris/check_stat4.c,27,"""Guest CPU cores (TCG): - CRIS"""
tests/tcg/cris/check_subc.s,87,"""Guest CPU cores (TCG): - CRIS"""
tests/tcg/cris/check_subm.s,96,"""Guest CPU cores (TCG): - CRIS"""
tests/tcg/cris/check_subq.s,52,"""Guest CPU cores (TCG): - CRIS"""
tests/tcg/cris/check_subr.s,102,"""Guest CPU cores (TCG): - CRIS"""
tests/tcg/cris/check_swap.c,76,"""Guest CPU cores (TCG): - CRIS"""
tests/tcg/cris/check_time1.c,46,"""Guest CPU cores (TCG): - CRIS"""
tests/tcg/cris/check_time2.c,18,"""Guest CPU cores (TCG): - CRIS"""
tests/tcg/cris/check_xarith.s,72,"""Guest CPU cores (TCG): - CRIS"""
tests/tcg/cris/crisutils.h,76,"""Guest CPU cores (TCG): - CRIS"""
tests/tcg/cris/crt.s,13,"""Guest CPU cores (TCG): - CRIS"""
tests/tcg/cris/sys.c,51,"""Guest CPU cores (TCG): - CRIS"""
tests/tcg/cris/sys.h,16,"""Guest CPU cores (TCG): - CRIS"""
tests/tcg/cris/testutils.inc,117,"""Guest CPU cores (TCG): - CRIS"""
tests/tcg/hello-arm.c,113,
tests/tcg/hello-i386.c,27,
tests/tcg/hello-mips.c,64,
tests/tcg/linux-test.c,538,
tests/tcg/lm32/Makefile,106,"""Guest CPU cores (TCG): - LM32"""
tests/tcg/lm32/crt.S,84,"""Guest CPU cores (TCG): - LM32"""
tests/tcg/lm32/helper.S,65,"""Guest CPU cores (TCG): - LM32"""
tests/tcg/lm32/linker.ld,55,"""Guest CPU cores (TCG): - LM32"""
tests/tcg/lm32/macros.inc,90,"""Guest CPU cores (TCG): - LM32"""
tests/tcg/lm32/test_add.S,75,"""Guest CPU cores (TCG): - LM32"""
tests/tcg/lm32/test_addi.S,56,"""Guest CPU cores (TCG): - LM32"""
tests/tcg/lm32/test_and.S,45,"""Guest CPU cores (TCG): - LM32"""
tests/tcg/lm32/test_andhi.S,35,"""Guest CPU cores (TCG): - LM32"""
tests/tcg/lm32/test_andi.S,35,"""Guest CPU cores (TCG): - LM32"""
tests/tcg/lm32/test_b.S,13,"""Guest CPU cores (TCG): - LM32"""
tests/tcg/lm32/test_be.S,48,"""Guest CPU cores (TCG): - LM32"""
tests/tcg/lm32/test_bg.S,78,"""Guest CPU cores (TCG): - LM32"""
tests/tcg/lm32/test_bge.S,78,"""Guest CPU cores (TCG): - LM32"""
tests/tcg/lm32/test_bgeu.S,78,"""Guest CPU cores (TCG): - LM32"""
tests/tcg/lm32/test_bgu.S,78,"""Guest CPU cores (TCG): - LM32"""
tests/tcg/lm32/test_bi.S,23,"""Guest CPU cores (TCG): - LM32"""
tests/tcg/lm32/test_bne.S,48,"""Guest CPU cores (TCG): - LM32"""
tests/tcg/lm32/test_break.S,20,"""Guest CPU cores (TCG): - LM32"""
tests/tcg/lm32/test_bret.S,38,"""Guest CPU cores (TCG): - LM32"""
tests/tcg/lm32/test_call.S,16,"""Guest CPU cores (TCG): - LM32"""
tests/tcg/lm32/test_calli.S,15,"""Guest CPU cores (TCG): - LM32"""
tests/tcg/lm32/test_cmpe.S,40,"""Guest CPU cores (TCG): - LM32"""
tests/tcg/lm32/test_cmpei.S,35,"""Guest CPU cores (TCG): - LM32"""
tests/tcg/lm32/test_cmpg.S,64,"""Guest CPU cores (TCG): - LM32"""
tests/tcg/lm32/test_cmpge.S,64,"""Guest CPU cores (TCG): - LM32"""
tests/tcg/lm32/test_cmpgei.S,70,"""Guest CPU cores (TCG): - LM32"""
tests/tcg/lm32/test_cmpgeu.S,64,"""Guest CPU cores (TCG): - LM32"""
tests/tcg/lm32/test_cmpgeui.S,70,"""Guest CPU cores (TCG): - LM32"""
tests/tcg/lm32/test_cmpgi.S,70,"""Guest CPU cores (TCG): - LM32"""
tests/tcg/lm32/test_cmpgu.S,64,"""Guest CPU cores (TCG): - LM32"""
tests/tcg/lm32/test_cmpgui.S,70,"""Guest CPU cores (TCG): - LM32"""
tests/tcg/lm32/test_cmpne.S,40,"""Guest CPU cores (TCG): - LM32"""
tests/tcg/lm32/test_cmpnei.S,35,"""Guest CPU cores (TCG): - LM32"""
tests/tcg/lm32/test_divu.S,29,"""Guest CPU cores (TCG): - LM32"""
tests/tcg/lm32/test_eret.S,38,"""Guest CPU cores (TCG): - LM32"""
tests/tcg/lm32/test_lb.S,49,"""Guest CPU cores (TCG): - LM32"""
tests/tcg/lm32/test_lbu.S,49,"""Guest CPU cores (TCG): - LM32"""
tests/tcg/lm32/test_lh.S,49,"""Guest CPU cores (TCG): - LM32"""
tests/tcg/lm32/test_lhu.S,49,"""Guest CPU cores (TCG): - LM32"""
tests/tcg/lm32/test_lw.S,32,"""Guest CPU cores (TCG): - LM32"""
tests/tcg/lm32/test_modu.S,35,"""Guest CPU cores (TCG): - LM32"""
tests/tcg/lm32/test_mul.S,70,"""Guest CPU cores (TCG): - LM32"""
tests/tcg/lm32/test_muli.S,45,"""Guest CPU cores (TCG): - LM32"""
tests/tcg/lm32/test_nor.S,51,"""Guest CPU cores (TCG): - LM32"""
tests/tcg/lm32/test_nori.S,35,"""Guest CPU cores (TCG): - LM32"""
tests/tcg/lm32/test_or.S,51,"""Guest CPU cores (TCG): - LM32"""
tests/tcg/lm32/test_orhi.S,35,"""Guest CPU cores (TCG): - LM32"""
tests/tcg/lm32/test_ori.S,35,"""Guest CPU cores (TCG): - LM32"""
tests/tcg/lm32/test_ret.S,14,"""Guest CPU cores (TCG): - LM32"""
tests/tcg/lm32/test_sb.S,32,"""Guest CPU cores (TCG): - LM32"""
tests/tcg/lm32/test_scall.S,24,"""Guest CPU cores (TCG): - LM32"""
tests/tcg/lm32/test_sextb.S,20,"""Guest CPU cores (TCG): - LM32"""
tests/tcg/lm32/test_sexth.S,20,"""Guest CPU cores (TCG): - LM32"""
tests/tcg/lm32/test_sh.S,32,"""Guest CPU cores (TCG): - LM32"""
tests/tcg/lm32/test_sl.S,45,"""Guest CPU cores (TCG): - LM32"""
tests/tcg/lm32/test_sli.S,30,"""Guest CPU cores (TCG): - LM32"""
tests/tcg/lm32/test_sr.S,57,"""Guest CPU cores (TCG): - LM32"""
tests/tcg/lm32/test_sri.S,40,"""Guest CPU cores (TCG): - LM32"""
tests/tcg/lm32/test_sru.S,57,"""Guest CPU cores (TCG): - LM32"""
tests/tcg/lm32/test_srui.S,40,"""Guest CPU cores (TCG): - LM32"""
tests/tcg/lm32/test_sub.S,75,"""Guest CPU cores (TCG): - LM32"""
tests/tcg/lm32/test_sw.S,38,"""Guest CPU cores (TCG): - LM32"""
tests/tcg/lm32/test_xnor.S,51,"""Guest CPU cores (TCG): - LM32"""
tests/tcg/lm32/test_xnori.S,35,"""Guest CPU cores (TCG): - LM32"""
tests/tcg/lm32/test_xor.S,51,"""Guest CPU cores (TCG): - LM32"""
tests/tcg/lm32/test_xori.S,35,"""Guest CPU cores (TCG): - LM32"""
tests/tcg/mips/mips32-dsp/Makefile,136,"""Guest CPU cores (TCG): - MIPS"""
tests/tcg/mips/mips32-dsp/absq_s_ph.c,31,"""Guest CPU cores (TCG): - MIPS"""
tests/tcg/mips/mips32-dsp/absq_s_w.c,37,"""Guest CPU cores (TCG): - MIPS"""
tests/tcg/mips/mips32-dsp/addq_ph.c,46,"""Guest CPU cores (TCG): - MIPS"""
tests/tcg/mips/mips32-dsp/addq_s_ph.c,69,"""Guest CPU cores (TCG): - MIPS"""
tests/tcg/mips/mips32-dsp/addq_s_w.c,44,"""Guest CPU cores (TCG): - MIPS"""
tests/tcg/mips/mips32-dsp/addsc.c,33,"""Guest CPU cores (TCG): - MIPS"""
tests/tcg/mips/mips32-dsp/addu_qb.c,35,"""Guest CPU cores (TCG): - MIPS"""
tests/tcg/mips/mips32-dsp/addu_s_qb.c,35,"""Guest CPU cores (TCG): - MIPS"""
tests/tcg/mips/mips32-dsp/addwc.c,49,"""Guest CPU cores (TCG): - MIPS"""
tests/tcg/mips/mips32-dsp/bitrev.c,20,"""Guest CPU cores (TCG): - MIPS"""
tests/tcg/mips/mips32-dsp/bposge32.c,44,"""Guest CPU cores (TCG): - MIPS"""
tests/tcg/mips/mips32-dsp/cmp_eq_ph.c,35,"""Guest CPU cores (TCG): - MIPS"""
tests/tcg/mips/mips32-dsp/cmp_le_ph.c,35,"""Guest CPU cores (TCG): - MIPS"""
tests/tcg/mips/mips32-dsp/cmp_lt_ph.c,35,"""Guest CPU cores (TCG): - MIPS"""
tests/tcg/mips/mips32-dsp/cmpgu_eq_qb.c,31,"""Guest CPU cores (TCG): - MIPS"""
tests/tcg/mips/mips32-dsp/cmpgu_le_qb.c,31,"""Guest CPU cores (TCG): - MIPS"""
tests/tcg/mips/mips32-dsp/cmpgu_lt_qb.c,31,"""Guest CPU cores (TCG): - MIPS"""
tests/tcg/mips/mips32-dsp/cmpu_eq_qb.c,35,"""Guest CPU cores (TCG): - MIPS"""
tests/tcg/mips/mips32-dsp/cmpu_le_qb.c,35,"""Guest CPU cores (TCG): - MIPS"""
tests/tcg/mips/mips32-dsp/cmpu_lt_qb.c,35,"""Guest CPU cores (TCG): - MIPS"""
tests/tcg/mips/mips32-dsp/dpaq_s_w_ph.c,31,"""Guest CPU cores (TCG): - MIPS"""
tests/tcg/mips/mips32-dsp/dpaq_sa_l_w.c,125,"""Guest CPU cores (TCG): - MIPS"""
tests/tcg/mips/mips32-dsp/dpau_h_qbl.c,27,"""Guest CPU cores (TCG): - MIPS"""
tests/tcg/mips/mips32-dsp/dpau_h_qbr.c,27,"""Guest CPU cores (TCG): - MIPS"""
tests/tcg/mips/mips32-dsp/dpsq_s_w_ph.c,45,"""Guest CPU cores (TCG): - MIPS"""
tests/tcg/mips/mips32-dsp/dpsq_sa_l_w.c,55,"""Guest CPU cores (TCG): - MIPS"""
tests/tcg/mips/mips32-dsp/dpsu_h_qbl.c,27,"""Guest CPU cores (TCG): - MIPS"""
tests/tcg/mips/mips32-dsp/dpsu_h_qbr.c,27,"""Guest CPU cores (TCG): - MIPS"""
tests/tcg/mips/mips32-dsp/extp.c,62,"""Guest CPU cores (TCG): - MIPS"""
tests/tcg/mips/mips32-dsp/extpdp.c,64,"""Guest CPU cores (TCG): - MIPS"""
tests/tcg/mips/mips32-dsp/extpdpv.c,47,"""Guest CPU cores (TCG): - MIPS"""
tests/tcg/mips/mips32-dsp/extpv.c,45,"""Guest CPU cores (TCG): - MIPS"""
tests/tcg/mips/mips32-dsp/extr_r_w.c,94,"""Guest CPU cores (TCG): - MIPS"""
tests/tcg/mips/mips32-dsp/extr_rs_w.c,117,"""Guest CPU cores (TCG): - MIPS"""
tests/tcg/mips/mips32-dsp/extr_s_h.c,86,"""Guest CPU cores (TCG): - MIPS"""
tests/tcg/mips/mips32-dsp/extr_w.c,94,"""Guest CPU cores (TCG): - MIPS"""
tests/tcg/mips/mips32-dsp/extrv_r_w.c,79,"""Guest CPU cores (TCG): - MIPS"""
tests/tcg/mips/mips32-dsp/extrv_rs_w.c,77,"""Guest CPU cores (TCG): - MIPS"""
tests/tcg/mips/mips32-dsp/extrv_s_h.c,88,"""Guest CPU cores (TCG): - MIPS"""
tests/tcg/mips/mips32-dsp/extrv_w.c,80,"""Guest CPU cores (TCG): - MIPS"""
tests/tcg/mips/mips32-dsp/insv.c,36,"""Guest CPU cores (TCG): - MIPS"""
tests/tcg/mips/mips32-dsp/lbux.c,25,"""Guest CPU cores (TCG): - MIPS"""
tests/tcg/mips/mips32-dsp/lhx.c,25,"""Guest CPU cores (TCG): - MIPS"""
tests/tcg/mips/mips32-dsp/lwx.c,25,"""Guest CPU cores (TCG): - MIPS"""
tests/tcg/mips/mips32-dsp/madd.c,31,"""Guest CPU cores (TCG): - MIPS"""
tests/tcg/mips/mips32-dsp/maddu.c,31,"""Guest CPU cores (TCG): - MIPS"""
tests/tcg/mips/mips32-dsp/main.c,6,"""Guest CPU cores (TCG): - MIPS"""
tests/tcg/mips/mips32-dsp/maq_s_w_phl.c,55,"""Guest CPU cores (TCG): - MIPS"""
tests/tcg/mips/mips32-dsp/maq_s_w_phr.c,55,"""Guest CPU cores (TCG): - MIPS"""
tests/tcg/mips/mips32-dsp/maq_sa_w_phl.c,55,"""Guest CPU cores (TCG): - MIPS"""
tests/tcg/mips/mips32-dsp/maq_sa_w_phr.c,55,"""Guest CPU cores (TCG): - MIPS"""
tests/tcg/mips/mips32-dsp/mfhi.c,21,"""Guest CPU cores (TCG): - MIPS"""
tests/tcg/mips/mips32-dsp/mflo.c,21,"""Guest CPU cores (TCG): - MIPS"""
tests/tcg/mips/mips32-dsp/modsub.c,30,"""Guest CPU cores (TCG): - MIPS"""
tests/tcg/mips/mips32-dsp/msub.c,30,"""Guest CPU cores (TCG): - MIPS"""
tests/tcg/mips/mips32-dsp/msubu.c,30,"""Guest CPU cores (TCG): - MIPS"""
tests/tcg/mips/mips32-dsp/mthi.c,21,"""Guest CPU cores (TCG): - MIPS"""
tests/tcg/mips/mips32-dsp/mthlip.c,58,"""Guest CPU cores (TCG): - MIPS"""
tests/tcg/mips/mips32-dsp/mtlo.c,21,"""Guest CPU cores (TCG): - MIPS"""
tests/tcg/mips/mips32-dsp/muleq_s_w_phl.c,41,"""Guest CPU cores (TCG): - MIPS"""
tests/tcg/mips/mips32-dsp/muleq_s_w_phr.c,40,"""Guest CPU cores (TCG): - MIPS"""
tests/tcg/mips/mips32-dsp/muleu_s_ph_qbl.c,25,"""Guest CPU cores (TCG): - MIPS"""
tests/tcg/mips/mips32-dsp/muleu_s_ph_qbr.c,25,"""Guest CPU cores (TCG): - MIPS"""
tests/tcg/mips/mips32-dsp/mulq_rs_ph.c,42,"""Guest CPU cores (TCG): - MIPS"""
tests/tcg/mips/mips32-dsp/mult.c,24,"""Guest CPU cores (TCG): - MIPS"""
tests/tcg/mips/mips32-dsp/multu.c,24,"""Guest CPU cores (TCG): - MIPS"""
tests/tcg/mips/mips32-dsp/packrl_ph.c,21,"""Guest CPU cores (TCG): - MIPS"""
tests/tcg/mips/mips32-dsp/pick_ph.c,49,"""Guest CPU cores (TCG): - MIPS"""
tests/tcg/mips/mips32-dsp/pick_qb.c,36,"""Guest CPU cores (TCG): - MIPS"""
tests/tcg/mips/mips32-dsp/preceq_w_phl.c,20,"""Guest CPU cores (TCG): - MIPS"""
tests/tcg/mips/mips32-dsp/preceq_w_phr.c,20,"""Guest CPU cores (TCG): - MIPS"""
tests/tcg/mips/mips32-dsp/precequ_ph_qbl.c,20,"""Guest CPU cores (TCG): - MIPS"""
tests/tcg/mips/mips32-dsp/precequ_ph_qbla.c,20,"""Guest CPU cores (TCG): - MIPS"""
tests/tcg/mips/mips32-dsp/precequ_ph_qbr.c,20,"""Guest CPU cores (TCG): - MIPS"""
tests/tcg/mips/mips32-dsp/precequ_ph_qbra.c,20,"""Guest CPU cores (TCG): - MIPS"""
tests/tcg/mips/mips32-dsp/preceu_ph_qbl.c,20,"""Guest CPU cores (TCG): - MIPS"""
tests/tcg/mips/mips32-dsp/preceu_ph_qbla.c,20,"""Guest CPU cores (TCG): - MIPS"""
tests/tcg/mips/mips32-dsp/preceu_ph_qbr.c,20,"""Guest CPU cores (TCG): - MIPS"""
tests/tcg/mips/mips32-dsp/preceu_ph_qbra.c,20,"""Guest CPU cores (TCG): - MIPS"""
tests/tcg/mips/mips32-dsp/precrq_ph_w.c,21,"""Guest CPU cores (TCG): - MIPS"""
tests/tcg/mips/mips32-dsp/precrq_qb_ph.c,21,"""Guest CPU cores (TCG): - MIPS"""
tests/tcg/mips/mips32-dsp/precrq_rs_ph_w.c,51,"""Guest CPU cores (TCG): - MIPS"""
tests/tcg/mips/mips32-dsp/precrqu_s_qb_ph.c,24,"""Guest CPU cores (TCG): - MIPS"""
tests/tcg/mips/mips32-dsp/raddu_w_qb.c,20,"""Guest CPU cores (TCG): - MIPS"""
tests/tcg/mips/mips32-dsp/rddsp.c,46,"""Guest CPU cores (TCG): - MIPS"""
tests/tcg/mips/mips32-dsp/repl_ph.c,23,"""Guest CPU cores (TCG): - MIPS"""
tests/tcg/mips/mips32-dsp/repl_qb.c,16,"""Guest CPU cores (TCG): - MIPS"""
tests/tcg/mips/mips32-dsp/replv_ph.c,19,"""Guest CPU cores (TCG): - MIPS"""
tests/tcg/mips/mips32-dsp/replv_qb.c,19,"""Guest CPU cores (TCG): - MIPS"""
tests/tcg/mips/mips32-dsp/shilo.c,45,"""Guest CPU cores (TCG): - MIPS"""
tests/tcg/mips/mips32-dsp/shilov.c,49,"""Guest CPU cores (TCG): - MIPS"""
tests/tcg/mips/mips32-dsp/shll_ph.c,55,"""Guest CPU cores (TCG): - MIPS"""
tests/tcg/mips/mips32-dsp/shll_qb.c,55,"""Guest CPU cores (TCG): - MIPS"""
tests/tcg/mips/mips32-dsp/shll_s_ph.c,24,"""Guest CPU cores (TCG): - MIPS"""
tests/tcg/mips/mips32-dsp/shll_s_w.c,52,"""Guest CPU cores (TCG): - MIPS"""
tests/tcg/mips/mips32-dsp/shllv_ph.c,40,"""Guest CPU cores (TCG): - MIPS"""
tests/tcg/mips/mips32-dsp/shllv_qb.c,38,"""Guest CPU cores (TCG): - MIPS"""
tests/tcg/mips/mips32-dsp/shllv_s_ph.c,40,"""Guest CPU cores (TCG): - MIPS"""
tests/tcg/mips/mips32-dsp/shllv_s_w.c,40,"""Guest CPU cores (TCG): - MIPS"""
tests/tcg/mips/mips32-dsp/shra_ph.c,30,"""Guest CPU cores (TCG): - MIPS"""
tests/tcg/mips/mips32-dsp/shra_r_ph.c,30,"""Guest CPU cores (TCG): - MIPS"""
tests/tcg/mips/mips32-dsp/shra_r_w.c,30,"""Guest CPU cores (TCG): - MIPS"""
tests/tcg/mips/mips32-dsp/shrav_ph.c,32,"""Guest CPU cores (TCG): - MIPS"""
tests/tcg/mips/mips32-dsp/shrav_r_ph.c,32,"""Guest CPU cores (TCG): - MIPS"""
tests/tcg/mips/mips32-dsp/shrav_r_w.c,32,"""Guest CPU cores (TCG): - MIPS"""
tests/tcg/mips/mips32-dsp/shrl_qb.c,31,"""Guest CPU cores (TCG): - MIPS"""
tests/tcg/mips/mips32-dsp/shrlv_qb.c,32,"""Guest CPU cores (TCG): - MIPS"""
tests/tcg/mips/mips32-dsp/subq_ph.c,40,"""Guest CPU cores (TCG): - MIPS"""
tests/tcg/mips/mips32-dsp/subq_s_ph.c,58,"""Guest CPU cores (TCG): - MIPS"""
tests/tcg/mips/mips32-dsp/subq_s_w.c,74,"""Guest CPU cores (TCG): - MIPS"""
tests/tcg/mips/mips32-dsp/subu_qb.c,25,"""Guest CPU cores (TCG): - MIPS"""
tests/tcg/mips/mips32-dsp/subu_s_qb.c,25,"""Guest CPU cores (TCG): - MIPS"""
tests/tcg/mips/mips32-dsp/wrdsp.c,46,"""Guest CPU cores (TCG): - MIPS"""
tests/tcg/mips/mips32-dspr2/Makefile,71,"""Guest CPU cores (TCG): - MIPS"""
tests/tcg/mips/mips32-dspr2/absq_s_qb.c,35,"""Guest CPU cores (TCG): - MIPS"""
tests/tcg/mips/mips32-dspr2/addqh_ph.c,30,"""Guest CPU cores (TCG): - MIPS"""
tests/tcg/mips/mips32-dspr2/addqh_r_ph.c,30,"""Guest CPU cores (TCG): - MIPS"""
tests/tcg/mips/mips32-dspr2/addqh_r_w.c,34,"""Guest CPU cores (TCG): - MIPS"""
tests/tcg/mips/mips32-dspr2/addqh_w.c,34,"""Guest CPU cores (TCG): - MIPS"""
tests/tcg/mips/mips32-dspr2/addu_ph.c,33,"""Guest CPU cores (TCG): - MIPS"""
tests/tcg/mips/mips32-dspr2/addu_s_ph.c,33,"""Guest CPU cores (TCG): - MIPS"""
tests/tcg/mips/mips32-dspr2/adduh_qb.c,30,"""Guest CPU cores (TCG): - MIPS"""
tests/tcg/mips/mips32-dspr2/adduh_r_qb.c,30,"""Guest CPU cores (TCG): - MIPS"""
tests/tcg/mips/mips32-dspr2/append.c,30,"""Guest CPU cores (TCG): - MIPS"""
tests/tcg/mips/mips32-dspr2/balign.c,30,"""Guest CPU cores (TCG): - MIPS"""
tests/tcg/mips/mips32-dspr2/cmpgdu_eq_qb.c,37,"""Guest CPU cores (TCG): - MIPS"""
tests/tcg/mips/mips32-dspr2/cmpgdu_le_qb.c,37,"""Guest CPU cores (TCG): - MIPS"""
tests/tcg/mips/mips32-dspr2/cmpgdu_lt_qb.c,37,"""Guest CPU cores (TCG): - MIPS"""
tests/tcg/mips/mips32-dspr2/dpa_w_ph.c,44,"""Guest CPU cores (TCG): - MIPS"""
tests/tcg/mips/mips32-dspr2/dpaqx_s_w_ph.c,79,"""Guest CPU cores (TCG): - MIPS"""
tests/tcg/mips/mips32-dspr2/dpaqx_sa_w_ph.c,57,"""Guest CPU cores (TCG): - MIPS"""
tests/tcg/mips/mips32-dspr2/dpax_w_ph.c,44,"""Guest CPU cores (TCG): - MIPS"""
tests/tcg/mips/mips32-dspr2/dps_w_ph.c,44,"""Guest CPU cores (TCG): - MIPS"""
tests/tcg/mips/mips32-dspr2/dpsqx_s_w_ph.c,54,"""Guest CPU cores (TCG): - MIPS"""
tests/tcg/mips/mips32-dspr2/dpsqx_sa_w_ph.c,53,"""Guest CPU cores (TCG): - MIPS"""
tests/tcg/mips/mips32-dspr2/dpsx_w_ph.c,27,"""Guest CPU cores (TCG): - MIPS"""
tests/tcg/mips/mips32-dspr2/mul_ph.c,47,"""Guest CPU cores (TCG): - MIPS"""
tests/tcg/mips/mips32-dspr2/mul_s_ph.c,62,"""Guest CPU cores (TCG): - MIPS"""
tests/tcg/mips/mips32-dspr2/mulq_rs_w.c,36,"""Guest CPU cores (TCG): - MIPS"""
tests/tcg/mips/mips32-dspr2/mulq_s_ph.c,40,"""Guest CPU cores (TCG): - MIPS"""
tests/tcg/mips/mips32-dspr2/mulq_s_w.c,36,"""Guest CPU cores (TCG): - MIPS"""
tests/tcg/mips/mips32-dspr2/mulsa_w_ph.c,29,"""Guest CPU cores (TCG): - MIPS"""
tests/tcg/mips/mips32-dspr2/mulsaq_s_w_ph.c,29,"""Guest CPU cores (TCG): - MIPS"""
tests/tcg/mips/mips32-dspr2/precr_qb_ph.c,21,"""Guest CPU cores (TCG): - MIPS"""
tests/tcg/mips/mips32-dspr2/precr_sra_ph_w.c,32,"""Guest CPU cores (TCG): - MIPS"""
tests/tcg/mips/mips32-dspr2/precr_sra_r_ph_w.c,32,"""Guest CPU cores (TCG): - MIPS"""
tests/tcg/mips/mips32-dspr2/prepend.c,30,"""Guest CPU cores (TCG): - MIPS"""
tests/tcg/mips/mips32-dspr2/shra_qb.c,30,"""Guest CPU cores (TCG): - MIPS"""
tests/tcg/mips/mips32-dspr2/shra_r_qb.c,30,"""Guest CPU cores (TCG): - MIPS"""
tests/tcg/mips/mips32-dspr2/shrav_qb.c,32,"""Guest CPU cores (TCG): - MIPS"""
tests/tcg/mips/mips32-dspr2/shrav_r_qb.c,32,"""Guest CPU cores (TCG): - MIPS"""
tests/tcg/mips/mips32-dspr2/shrl_ph.c,20,"""Guest CPU cores (TCG): - MIPS"""
tests/tcg/mips/mips32-dspr2/shrlv_ph.c,21,"""Guest CPU cores (TCG): - MIPS"""
tests/tcg/mips/mips32-dspr2/subqh_ph.c,21,"""Guest CPU cores (TCG): - MIPS"""
tests/tcg/mips/mips32-dspr2/subqh_r_ph.c,21,"""Guest CPU cores (TCG): - MIPS"""
tests/tcg/mips/mips32-dspr2/subqh_r_w.c,21,"""Guest CPU cores (TCG): - MIPS"""
tests/tcg/mips/mips32-dspr2/subqh_w.c,21,"""Guest CPU cores (TCG): - MIPS"""
tests/tcg/mips/mips32-dspr2/subu_ph.c,40,"""Guest CPU cores (TCG): - MIPS"""
tests/tcg/mips/mips32-dspr2/subu_s_ph.c,25,"""Guest CPU cores (TCG): - MIPS"""
tests/tcg/mips/mips32-dspr2/subuh_qb.c,21,"""Guest CPU cores (TCG): - MIPS"""
tests/tcg/mips/mips32-dspr2/subuh_r_qb.c,32,"""Guest CPU cores (TCG): - MIPS"""
tests/tcg/mips/mips64-dsp/Makefile,306,"""Guest CPU cores (TCG): - MIPS"""
tests/tcg/mips/mips64-dsp/absq_s_ob.c,63,"""Guest CPU cores (TCG): - MIPS"""
tests/tcg/mips/mips64-dsp/absq_s_ph.c,37,"""Guest CPU cores (TCG): - MIPS"""
tests/tcg/mips/mips64-dsp/absq_s_pw.c,66,"""Guest CPU cores (TCG): - MIPS"""
tests/tcg/mips/mips64-dsp/absq_s_qh.c,40,"""Guest CPU cores (TCG): - MIPS"""
tests/tcg/mips/mips64-dsp/absq_s_w.c,48,"""Guest CPU cores (TCG): - MIPS"""
tests/tcg/mips/mips64-dsp/addq_ph.c,57,"""Guest CPU cores (TCG): - MIPS"""
tests/tcg/mips/mips64-dsp/addq_pw.c,46,"""Guest CPU cores (TCG): - MIPS"""
tests/tcg/mips/mips64-dsp/addq_qh.c,28,"""Guest CPU cores (TCG): - MIPS"""
tests/tcg/mips/mips64-dsp/addq_s_ph.c,84,"""Guest CPU cores (TCG): - MIPS"""
tests/tcg/mips/mips64-dsp/addq_s_pw.c,45,"""Guest CPU cores (TCG): - MIPS"""
tests/tcg/mips/mips64-dsp/addq_s_qh.c,26,"""Guest CPU cores (TCG): - MIPS"""
tests/tcg/mips/mips64-dsp/addq_s_w.c,48,"""Guest CPU cores (TCG): - MIPS"""
tests/tcg/mips/mips64-dsp/addsc.c,39,"""Guest CPU cores (TCG): - MIPS"""
tests/tcg/mips/mips64-dsp/addu_ob.c,28,"""Guest CPU cores (TCG): - MIPS"""
tests/tcg/mips/mips64-dsp/addu_qb.c,40,"""Guest CPU cores (TCG): - MIPS"""
tests/tcg/mips/mips64-dsp/addu_s_ob.c,27,"""Guest CPU cores (TCG): - MIPS"""
tests/tcg/mips/mips64-dsp/addu_s_qb.c,40,"""Guest CPU cores (TCG): - MIPS"""
tests/tcg/mips/mips64-dsp/addwc.c,59,"""Guest CPU cores (TCG): - MIPS"""
tests/tcg/mips/mips64-dsp/bitrev.c,23,"""Guest CPU cores (TCG): - MIPS"""
tests/tcg/mips/mips64-dsp/bposge32.c,50,"""Guest CPU cores (TCG): - MIPS"""
tests/tcg/mips/mips64-dsp/bposge64.c,50,"""Guest CPU cores (TCG): - MIPS"""
tests/tcg/mips/mips64-dsp/cmp_eq_ph.c,42,"""Guest CPU cores (TCG): - MIPS"""
tests/tcg/mips/mips64-dsp/cmp_eq_pw.c,46,"""Guest CPU cores (TCG): - MIPS"""
tests/tcg/mips/mips64-dsp/cmp_eq_qh.c,46,"""Guest CPU cores (TCG): - MIPS"""
tests/tcg/mips/mips64-dsp/cmp_le_ph.c,40,"""Guest CPU cores (TCG): - MIPS"""
tests/tcg/mips/mips64-dsp/cmp_le_pw.c,46,"""Guest CPU cores (TCG): - MIPS"""
tests/tcg/mips/mips64-dsp/cmp_le_qh.c,46,"""Guest CPU cores (TCG): - MIPS"""
tests/tcg/mips/mips64-dsp/cmp_lt_ph.c,41,"""Guest CPU cores (TCG): - MIPS"""
tests/tcg/mips/mips64-dsp/cmp_lt_pw.c,46,"""Guest CPU cores (TCG): - MIPS"""
tests/tcg/mips/mips64-dsp/cmp_lt_qh.c,46,"""Guest CPU cores (TCG): - MIPS"""
tests/tcg/mips/mips64-dsp/cmpgu_eq_ob.c,40,"""Guest CPU cores (TCG): - MIPS"""
tests/tcg/mips/mips64-dsp/cmpgu_eq_qb.c,38,"""Guest CPU cores (TCG): - MIPS"""
tests/tcg/mips/mips64-dsp/cmpgu_le_ob.c,40,"""Guest CPU cores (TCG): - MIPS"""
tests/tcg/mips/mips64-dsp/cmpgu_le_qb.c,37,"""Guest CPU cores (TCG): - MIPS"""
tests/tcg/mips/mips64-dsp/cmpgu_lt_ob.c,40,"""Guest CPU cores (TCG): - MIPS"""
tests/tcg/mips/mips64-dsp/cmpgu_lt_qb.c,38,"""Guest CPU cores (TCG): - MIPS"""
tests/tcg/mips/mips64-dsp/cmpu_eq_ob.c,46,"""Guest CPU cores (TCG): - MIPS"""
tests/tcg/mips/mips64-dsp/cmpu_eq_qb.c,42,"""Guest CPU cores (TCG): - MIPS"""
tests/tcg/mips/mips64-dsp/cmpu_le_ob.c,44,"""Guest CPU cores (TCG): - MIPS"""
tests/tcg/mips/mips64-dsp/cmpu_le_qb.c,41,"""Guest CPU cores (TCG): - MIPS"""
tests/tcg/mips/mips64-dsp/cmpu_lt_ob.c,44,"""Guest CPU cores (TCG): - MIPS"""
tests/tcg/mips/mips64-dsp/cmpu_lt_qb.c,42,"""Guest CPU cores (TCG): - MIPS"""
tests/tcg/mips/mips64-dsp/dappend.c,37,"""Guest CPU cores (TCG): - MIPS"""
tests/tcg/mips/mips64-dsp/dextp.c,54,"""Guest CPU cores (TCG): - MIPS"""
tests/tcg/mips/mips64-dsp/dextpdp.c,59,"""Guest CPU cores (TCG): - MIPS"""
tests/tcg/mips/mips64-dsp/dextpdpv.c,63,"""Guest CPU cores (TCG): - MIPS"""
tests/tcg/mips/mips64-dsp/dextpv.c,58,"""Guest CPU cores (TCG): - MIPS"""
tests/tcg/mips/mips64-dsp/dextr_l.c,44,"""Guest CPU cores (TCG): - MIPS"""
tests/tcg/mips/mips64-dsp/dextr_r_l.c,54,"""Guest CPU cores (TCG): - MIPS"""
tests/tcg/mips/mips64-dsp/dextr_r_w.c,54,"""Guest CPU cores (TCG): - MIPS"""
tests/tcg/mips/mips64-dsp/dextr_rs_l.c,52,"""Guest CPU cores (TCG): - MIPS"""
tests/tcg/mips/mips64-dsp/dextr_rs_w.c,52,"""Guest CPU cores (TCG): - MIPS"""
tests/tcg/mips/mips64-dsp/dextr_s_h.c,73,"""Guest CPU cores (TCG): - MIPS"""
tests/tcg/mips/mips64-dsp/dextr_w.c,44,"""Guest CPU cores (TCG): - MIPS"""
tests/tcg/mips/mips64-dsp/dextrv_l.c,46,"""Guest CPU cores (TCG): - MIPS"""
tests/tcg/mips/mips64-dsp/dextrv_r_l.c,56,"""Guest CPU cores (TCG): - MIPS"""
tests/tcg/mips/mips64-dsp/dextrv_r_w.c,56,"""Guest CPU cores (TCG): - MIPS"""
tests/tcg/mips/mips64-dsp/dextrv_rs_l.c,54,"""Guest CPU cores (TCG): - MIPS"""
tests/tcg/mips/mips64-dsp/dextrv_rs_w.c,54,"""Guest CPU cores (TCG): - MIPS"""
tests/tcg/mips/mips64-dsp/dextrv_s_h.c,32,"""Guest CPU cores (TCG): - MIPS"""
tests/tcg/mips/mips64-dsp/dextrv_w.c,46,"""Guest CPU cores (TCG): - MIPS"""
tests/tcg/mips/mips64-dsp/dinsv.c,26,"""Guest CPU cores (TCG): - MIPS"""
tests/tcg/mips/mips64-dsp/dmadd.c,57,"""Guest CPU cores (TCG): - MIPS"""
tests/tcg/mips/mips64-dsp/dmaddu.c,56,"""Guest CPU cores (TCG): - MIPS"""
tests/tcg/mips/mips64-dsp/dmsub.c,59,"""Guest CPU cores (TCG): - MIPS"""
tests/tcg/mips/mips64-dsp/dmsubu.c,59,"""Guest CPU cores (TCG): - MIPS"""
tests/tcg/mips/mips64-dsp/dmthlip.c,41,"""Guest CPU cores (TCG): - MIPS"""
tests/tcg/mips/mips64-dsp/dpaq_s_w_ph.c,32,"""Guest CPU cores (TCG): - MIPS"""
tests/tcg/mips/mips64-dsp/dpaq_s_w_qh.c,57,"""Guest CPU cores (TCG): - MIPS"""
tests/tcg/mips/mips64-dsp/dpaq_sa_l_pw.c,88,"""Guest CPU cores (TCG): - MIPS"""
tests/tcg/mips/mips64-dsp/dpaq_sa_l_w.c,82,"""Guest CPU cores (TCG): - MIPS"""
tests/tcg/mips/mips64-dsp/dpau_h_obl.c,59,"""Guest CPU cores (TCG): - MIPS"""
tests/tcg/mips/mips64-dsp/dpau_h_obr.c,59,"""Guest CPU cores (TCG): - MIPS"""
tests/tcg/mips/mips64-dsp/dpau_h_qbl.c,29,"""Guest CPU cores (TCG): - MIPS"""
tests/tcg/mips/mips64-dsp/dpau_h_qbr.c,29,"""Guest CPU cores (TCG): - MIPS"""
tests/tcg/mips/mips64-dsp/dpsq_s_w_ph.c,51,"""Guest CPU cores (TCG): - MIPS"""
tests/tcg/mips/mips64-dsp/dpsq_s_w_qh.c,56,"""Guest CPU cores (TCG): - MIPS"""
tests/tcg/mips/mips64-dsp/dpsq_sa_l_pw.c,76,"""Guest CPU cores (TCG): - MIPS"""
tests/tcg/mips/mips64-dsp/dpsq_sa_l_w.c,59,"""Guest CPU cores (TCG): - MIPS"""
tests/tcg/mips/mips64-dsp/dpsu_h_obl.c,32,"""Guest CPU cores (TCG): - MIPS"""
tests/tcg/mips/mips64-dsp/dpsu_h_obr.c,32,"""Guest CPU cores (TCG): - MIPS"""
tests/tcg/mips/mips64-dsp/dpsu_h_qbl.c,29,"""Guest CPU cores (TCG): - MIPS"""
tests/tcg/mips/mips64-dsp/dpsu_h_qbr.c,29,"""Guest CPU cores (TCG): - MIPS"""
tests/tcg/mips/mips64-dsp/dshilo.c,52,"""Guest CPU cores (TCG): - MIPS"""
tests/tcg/mips/mips64-dsp/dshilov.c,54,"""Guest CPU cores (TCG): - MIPS"""
tests/tcg/mips/mips64-dsp/extp.c,50,"""Guest CPU cores (TCG): - MIPS"""
tests/tcg/mips/mips64-dsp/extpdp.c,51,"""Guest CPU cores (TCG): - MIPS"""
tests/tcg/mips/mips64-dsp/extpdpv.c,52,"""Guest CPU cores (TCG): - MIPS"""
tests/tcg/mips/mips64-dsp/extpv.c,51,"""Guest CPU cores (TCG): - MIPS"""
tests/tcg/mips/mips64-dsp/extr_r_w.c,53,"""Guest CPU cores (TCG): - MIPS"""
tests/tcg/mips/mips64-dsp/extr_rs_w.c,53,"""Guest CPU cores (TCG): - MIPS"""
tests/tcg/mips/mips64-dsp/extr_s_h.c,71,"""Guest CPU cores (TCG): - MIPS"""
tests/tcg/mips/mips64-dsp/extr_w.c,53,"""Guest CPU cores (TCG): - MIPS"""
tests/tcg/mips/mips64-dsp/extrv_r_w.c,59,"""Guest CPU cores (TCG): - MIPS"""
tests/tcg/mips/mips64-dsp/extrv_rs_w.c,59,"""Guest CPU cores (TCG): - MIPS"""
tests/tcg/mips/mips64-dsp/extrv_s_h.c,79,"""Guest CPU cores (TCG): - MIPS"""
tests/tcg/mips/mips64-dsp/extrv_w.c,59,"""Guest CPU cores (TCG): - MIPS"""
tests/tcg/mips/mips64-dsp/head.S,16,"""Guest CPU cores (TCG): - MIPS"""
tests/tcg/mips/mips64-dsp/insv.c,26,"""Guest CPU cores (TCG): - MIPS"""
tests/tcg/mips/mips64-dsp/io.h,22,"""Guest CPU cores (TCG): - MIPS"""
tests/tcg/mips/mips64-dsp/lbux.c,27,"""Guest CPU cores (TCG): - MIPS"""
tests/tcg/mips/mips64-dsp/ldx.c,27,"""Guest CPU cores (TCG): - MIPS"""
tests/tcg/mips/mips64-dsp/lhx.c,27,"""Guest CPU cores (TCG): - MIPS"""
tests/tcg/mips/mips64-dsp/lwx.c,27,"""Guest CPU cores (TCG): - MIPS"""
tests/tcg/mips/mips64-dsp/madd.c,33,"""Guest CPU cores (TCG): - MIPS"""
tests/tcg/mips/mips64-dsp/maddu.c,33,"""Guest CPU cores (TCG): - MIPS"""
tests/tcg/mips/mips64-dsp/maq_s_l_pwl.c,56,"""Guest CPU cores (TCG): - MIPS"""
tests/tcg/mips/mips64-dsp/maq_s_l_pwr.c,56,"""Guest CPU cores (TCG): - MIPS"""
tests/tcg/mips/mips64-dsp/maq_s_w_phl.c,60,"""Guest CPU cores (TCG): - MIPS"""
tests/tcg/mips/mips64-dsp/maq_s_w_phr.c,60,"""Guest CPU cores (TCG): - MIPS"""
tests/tcg/mips/mips64-dsp/maq_s_w_qhll.c,62,"""Guest CPU cores (TCG): - MIPS"""
tests/tcg/mips/mips64-dsp/maq_s_w_qhlr.c,62,"""Guest CPU cores (TCG): - MIPS"""
tests/tcg/mips/mips64-dsp/maq_s_w_qhrl.c,63,"""Guest CPU cores (TCG): - MIPS"""
tests/tcg/mips/mips64-dsp/maq_s_w_qhrr.c,63,"""Guest CPU cores (TCG): - MIPS"""
tests/tcg/mips/mips64-dsp/maq_sa_w_phl.c,60,"""Guest CPU cores (TCG): - MIPS"""
tests/tcg/mips/mips64-dsp/maq_sa_w_phr.c,60,"""Guest CPU cores (TCG): - MIPS"""
tests/tcg/mips/mips64-dsp/maq_sa_w_qhll.c,62,"""Guest CPU cores (TCG): - MIPS"""
tests/tcg/mips/mips64-dsp/maq_sa_w_qhlr.c,64,"""Guest CPU cores (TCG): - MIPS"""
tests/tcg/mips/mips64-dsp/maq_sa_w_qhrl.c,64,"""Guest CPU cores (TCG): - MIPS"""
tests/tcg/mips/mips64-dsp/maq_sa_w_qhrr.c,64,"""Guest CPU cores (TCG): - MIPS"""
tests/tcg/mips/mips64-dsp/mfhi.c,24,"""Guest CPU cores (TCG): - MIPS"""
tests/tcg/mips/mips64-dsp/mflo.c,24,"""Guest CPU cores (TCG): - MIPS"""
tests/tcg/mips/mips64-dsp/mips_boot.lds,31,"""Guest CPU cores (TCG): - MIPS"""
tests/tcg/mips/mips64-dsp/modsub.c,37,"""Guest CPU cores (TCG): - MIPS"""
tests/tcg/mips/mips64-dsp/msub.c,32,"""Guest CPU cores (TCG): - MIPS"""
tests/tcg/mips/mips64-dsp/msubu.c,32,"""Guest CPU cores (TCG): - MIPS"""
tests/tcg/mips/mips64-dsp/mthi.c,24,"""Guest CPU cores (TCG): - MIPS"""
tests/tcg/mips/mips64-dsp/mthlip.c,61,"""Guest CPU cores (TCG): - MIPS"""
tests/tcg/mips/mips64-dsp/mtlo.c,22,"""Guest CPU cores (TCG): - MIPS"""
tests/tcg/mips/mips64-dsp/muleq_s_pw_qhl.c,56,"""Guest CPU cores (TCG): - MIPS"""
tests/tcg/mips/mips64-dsp/muleq_s_pw_qhr.c,57,"""Guest CPU cores (TCG): - MIPS"""
tests/tcg/mips/mips64-dsp/muleq_s_w_phl.c,46,"""Guest CPU cores (TCG): - MIPS"""
tests/tcg/mips/mips64-dsp/muleq_s_w_phr.c,45,"""Guest CPU cores (TCG): - MIPS"""
tests/tcg/mips/mips64-dsp/muleu_s_ph_qbl.c,27,"""Guest CPU cores (TCG): - MIPS"""
tests/tcg/mips/mips64-dsp/muleu_s_ph_qbr.c,27,"""Guest CPU cores (TCG): - MIPS"""
tests/tcg/mips/mips64-dsp/muleu_s_qh_obl.c,30,"""Guest CPU cores (TCG): - MIPS"""
tests/tcg/mips/mips64-dsp/muleu_s_qh_obr.c,31,"""Guest CPU cores (TCG): - MIPS"""
tests/tcg/mips/mips64-dsp/mulq_rs_ph.c,27,"""Guest CPU cores (TCG): - MIPS"""
tests/tcg/mips/mips64-dsp/mulq_rs_qh.c,33,"""Guest CPU cores (TCG): - MIPS"""
tests/tcg/mips/mips64-dsp/mulsaq_s_l_pw.c,59,"""Guest CPU cores (TCG): - MIPS"""
tests/tcg/mips/mips64-dsp/mulsaq_s_w_qh.c,57,"""Guest CPU cores (TCG): - MIPS"""
tests/tcg/mips/mips64-dsp/mult.c,26,"""Guest CPU cores (TCG): - MIPS"""
tests/tcg/mips/mips64-dsp/multu.c,26,"""Guest CPU cores (TCG): - MIPS"""
tests/tcg/mips/mips64-dsp/packrl_ph.c,24,"""Guest CPU cores (TCG): - MIPS"""
tests/tcg/mips/mips64-dsp/packrl_pw.c,24,"""Guest CPU cores (TCG): - MIPS"""
tests/tcg/mips/mips64-dsp/pick_ob.c,66,"""Guest CPU cores (TCG): - MIPS"""
tests/tcg/mips/mips64-dsp/pick_ph.c,60,"""Guest CPU cores (TCG): - MIPS"""
tests/tcg/mips/mips64-dsp/pick_pw.c,48,"""Guest CPU cores (TCG): - MIPS"""
tests/tcg/mips/mips64-dsp/pick_qb.c,43,"""Guest CPU cores (TCG): - MIPS"""
tests/tcg/mips/mips64-dsp/pick_qh.c,48,"""Guest CPU cores (TCG): - MIPS"""
tests/tcg/mips/mips64-dsp/preceq_l_pwl.c,24,"""Guest CPU cores (TCG): - MIPS"""
tests/tcg/mips/mips64-dsp/preceq_l_pwr.c,24,"""Guest CPU cores (TCG): - MIPS"""
tests/tcg/mips/mips64-dsp/preceq_pw_qhl.c,21,"""Guest CPU cores (TCG): - MIPS"""
tests/tcg/mips/mips64-dsp/preceq_pw_qhla.c,23,"""Guest CPU cores (TCG): - MIPS"""
tests/tcg/mips/mips64-dsp/preceq_pw_qhr.c,21,"""Guest CPU cores (TCG): - MIPS"""
tests/tcg/mips/mips64-dsp/preceq_pw_qhra.c,23,"""Guest CPU cores (TCG): - MIPS"""
tests/tcg/mips/mips64-dsp/preceq_w_phl.c,23,"""Guest CPU cores (TCG): - MIPS"""
tests/tcg/mips/mips64-dsp/preceq_w_phr.c,23,"""Guest CPU cores (TCG): - MIPS"""
tests/tcg/mips/mips64-dsp/precequ_ph_qbl.c,23,"""Guest CPU cores (TCG): - MIPS"""
tests/tcg/mips/mips64-dsp/precequ_ph_qbla.c,23,"""Guest CPU cores (TCG): - MIPS"""
tests/tcg/mips/mips64-dsp/precequ_ph_qbr.c,23,"""Guest CPU cores (TCG): - MIPS"""
tests/tcg/mips/mips64-dsp/precequ_ph_qbra.c,23,"""Guest CPU cores (TCG): - MIPS"""
tests/tcg/mips/mips64-dsp/precequ_qh_obl.c,22,"""Guest CPU cores (TCG): - MIPS"""
tests/tcg/mips/mips64-dsp/precequ_qh_obla.c,22,"""Guest CPU cores (TCG): - MIPS"""
tests/tcg/mips/mips64-dsp/precequ_qh_obr.c,24,"""Guest CPU cores (TCG): - MIPS"""
tests/tcg/mips/mips64-dsp/precequ_qh_obra.c,24,"""Guest CPU cores (TCG): - MIPS"""
tests/tcg/mips/mips64-dsp/preceu_ph_qbl.c,23,"""Guest CPU cores (TCG): - MIPS"""
tests/tcg/mips/mips64-dsp/preceu_ph_qbla.c,23,"""Guest CPU cores (TCG): - MIPS"""
tests/tcg/mips/mips64-dsp/preceu_ph_qbr.c,23,"""Guest CPU cores (TCG): - MIPS"""
tests/tcg/mips/mips64-dsp/preceu_ph_qbra.c,23,"""Guest CPU cores (TCG): - MIPS"""
tests/tcg/mips/mips64-dsp/preceu_qh_obl.c,22,"""Guest CPU cores (TCG): - MIPS"""
tests/tcg/mips/mips64-dsp/preceu_qh_obla.c,22,"""Guest CPU cores (TCG): - MIPS"""
tests/tcg/mips/mips64-dsp/preceu_qh_obr.c,23,"""Guest CPU cores (TCG): - MIPS"""
tests/tcg/mips/mips64-dsp/preceu_qh_obra.c,23,"""Guest CPU cores (TCG): - MIPS"""
tests/tcg/mips/mips64-dsp/precr_ob_qh.c,25,"""Guest CPU cores (TCG): - MIPS"""
tests/tcg/mips/mips64-dsp/precr_sra_qh_pw.c,40,"""Guest CPU cores (TCG): - MIPS"""
tests/tcg/mips/mips64-dsp/precr_sra_r_qh_pw.c,40,"""Guest CPU cores (TCG): - MIPS"""
tests/tcg/mips/mips64-dsp/precrq_ob_qh.c,25,"""Guest CPU cores (TCG): - MIPS"""
tests/tcg/mips/mips64-dsp/precrq_ph_w.c,24,"""Guest CPU cores (TCG): - MIPS"""
tests/tcg/mips/mips64-dsp/precrq_pw_l.c,25,"""Guest CPU cores (TCG): - MIPS"""
tests/tcg/mips/mips64-dsp/precrq_qb_ph.c,24,"""Guest CPU cores (TCG): - MIPS"""
tests/tcg/mips/mips64-dsp/precrq_qh_pw.c,25,"""Guest CPU cores (TCG): - MIPS"""
tests/tcg/mips/mips64-dsp/precrq_rs_ph_w.c,41,"""Guest CPU cores (TCG): - MIPS"""
tests/tcg/mips/mips64-dsp/precrq_rs_qh_pw.c,43,"""Guest CPU cores (TCG): - MIPS"""
tests/tcg/mips/mips64-dsp/precrqu_s_ob_qh.c,27,"""Guest CPU cores (TCG): - MIPS"""
tests/tcg/mips/mips64-dsp/precrqu_s_qb_ph.c,26,"""Guest CPU cores (TCG): - MIPS"""
tests/tcg/mips/mips64-dsp/prependd.c,37,"""Guest CPU cores (TCG): - MIPS"""
tests/tcg/mips/mips64-dsp/prependw.c,37,"""Guest CPU cores (TCG): - MIPS"""
tests/tcg/mips/mips64-dsp/printf.c,266,"""Guest CPU cores (TCG): - MIPS"""
tests/tcg/mips/mips64-dsp/raddu_l_ob.c,22,"""Guest CPU cores (TCG): - MIPS"""
tests/tcg/mips/mips64-dsp/raddu_w_qb.c,23,"""Guest CPU cores (TCG): - MIPS"""
tests/tcg/mips/mips64-dsp/rddsp.c,53,"""Guest CPU cores (TCG): - MIPS"""
tests/tcg/mips/mips64-dsp/repl_ob.c,21,"""Guest CPU cores (TCG): - MIPS"""
tests/tcg/mips/mips64-dsp/repl_ph.c,30,"""Guest CPU cores (TCG): - MIPS"""
tests/tcg/mips/mips64-dsp/repl_pw.c,34,"""Guest CPU cores (TCG): - MIPS"""
tests/tcg/mips/mips64-dsp/repl_qb.c,19,"""Guest CPU cores (TCG): - MIPS"""
tests/tcg/mips/mips64-dsp/repl_qh.c,34,"""Guest CPU cores (TCG): - MIPS"""
tests/tcg/mips/mips64-dsp/replv_ob.c,23,"""Guest CPU cores (TCG): - MIPS"""
tests/tcg/mips/mips64-dsp/replv_ph.c,22,"""Guest CPU cores (TCG): - MIPS"""
tests/tcg/mips/mips64-dsp/replv_pw.c,23,"""Guest CPU cores (TCG): - MIPS"""
tests/tcg/mips/mips64-dsp/replv_qb.c,22,"""Guest CPU cores (TCG): - MIPS"""
tests/tcg/mips/mips64-dsp/shilo.c,29,"""Guest CPU cores (TCG): - MIPS"""
tests/tcg/mips/mips64-dsp/shilov.c,31,"""Guest CPU cores (TCG): - MIPS"""
tests/tcg/mips/mips64-dsp/shll_ob.c,43,"""Guest CPU cores (TCG): - MIPS"""
tests/tcg/mips/mips64-dsp/shll_ph.c,43,"""Guest CPU cores (TCG): - MIPS"""
tests/tcg/mips/mips64-dsp/shll_pw.c,43,"""Guest CPU cores (TCG): - MIPS"""
tests/tcg/mips/mips64-dsp/shll_qb.c,26,"""Guest CPU cores (TCG): - MIPS"""
tests/tcg/mips/mips64-dsp/shll_qh.c,42,"""Guest CPU cores (TCG): - MIPS"""
tests/tcg/mips/mips64-dsp/shll_s_ph.c,43,"""Guest CPU cores (TCG): - MIPS"""
tests/tcg/mips/mips64-dsp/shll_s_pw.c,43,"""Guest CPU cores (TCG): - MIPS"""
tests/tcg/mips/mips64-dsp/shll_s_qh.c,43,"""Guest CPU cores (TCG): - MIPS"""
tests/tcg/mips/mips64-dsp/shll_s_w.c,26,"""Guest CPU cores (TCG): - MIPS"""
tests/tcg/mips/mips64-dsp/shllv_ob.c,45,"""Guest CPU cores (TCG): - MIPS"""
tests/tcg/mips/mips64-dsp/shllv_ph.c,27,"""Guest CPU cores (TCG): - MIPS"""
tests/tcg/mips/mips64-dsp/shllv_pw.c,45,"""Guest CPU cores (TCG): - MIPS"""
tests/tcg/mips/mips64-dsp/shllv_qb.c,27,"""Guest CPU cores (TCG): - MIPS"""
tests/tcg/mips/mips64-dsp/shllv_qh.c,45,"""Guest CPU cores (TCG): - MIPS"""
tests/tcg/mips/mips64-dsp/shllv_s_ph.c,27,"""Guest CPU cores (TCG): - MIPS"""
tests/tcg/mips/mips64-dsp/shllv_s_pw.c,45,"""Guest CPU cores (TCG): - MIPS"""
tests/tcg/mips/mips64-dsp/shllv_s_qh.c,45,"""Guest CPU cores (TCG): - MIPS"""
tests/tcg/mips/mips64-dsp/shllv_s_w.c,27,"""Guest CPU cores (TCG): - MIPS"""
tests/tcg/mips/mips64-dsp/shra_ob.c,23,"""Guest CPU cores (TCG): - MIPS"""
tests/tcg/mips/mips64-dsp/shra_ph.c,23,"""Guest CPU cores (TCG): - MIPS"""
tests/tcg/mips/mips64-dsp/shra_pw.c,36,"""Guest CPU cores (TCG): - MIPS"""
tests/tcg/mips/mips64-dsp/shra_qh.c,37,"""Guest CPU cores (TCG): - MIPS"""
tests/tcg/mips/mips64-dsp/shra_r_ob.c,22,"""Guest CPU cores (TCG): - MIPS"""
tests/tcg/mips/mips64-dsp/shra_r_ph.c,23,"""Guest CPU cores (TCG): - MIPS"""
tests/tcg/mips/mips64-dsp/shra_r_pw.c,36,"""Guest CPU cores (TCG): - MIPS"""
tests/tcg/mips/mips64-dsp/shra_r_qh.c,37,"""Guest CPU cores (TCG): - MIPS"""
tests/tcg/mips/mips64-dsp/shra_r_w.c,23,"""Guest CPU cores (TCG): - MIPS"""
tests/tcg/mips/mips64-dsp/shrav_ph.c,24,"""Guest CPU cores (TCG): - MIPS"""
tests/tcg/mips/mips64-dsp/shrav_pw.c,38,"""Guest CPU cores (TCG): - MIPS"""
tests/tcg/mips/mips64-dsp/shrav_qh.c,39,"""Guest CPU cores (TCG): - MIPS"""
tests/tcg/mips/mips64-dsp/shrav_r_ph.c,24,"""Guest CPU cores (TCG): - MIPS"""
tests/tcg/mips/mips64-dsp/shrav_r_pw.c,37,"""Guest CPU cores (TCG): - MIPS"""
tests/tcg/mips/mips64-dsp/shrav_r_qh.c,39,"""Guest CPU cores (TCG): - MIPS"""
tests/tcg/mips/mips64-dsp/shrav_r_w.c,24,"""Guest CPU cores (TCG): - MIPS"""
tests/tcg/mips/mips64-dsp/shrl_ob.c,38,"""Guest CPU cores (TCG): - MIPS"""
tests/tcg/mips/mips64-dsp/shrl_qb.c,23,"""Guest CPU cores (TCG): - MIPS"""
tests/tcg/mips/mips64-dsp/shrl_qh.c,22,"""Guest CPU cores (TCG): - MIPS"""
tests/tcg/mips/mips64-dsp/shrlv_ob.c,39,"""Guest CPU cores (TCG): - MIPS"""
tests/tcg/mips/mips64-dsp/shrlv_qb.c,24,"""Guest CPU cores (TCG): - MIPS"""
tests/tcg/mips/mips64-dsp/shrlv_qh.c,23,"""Guest CPU cores (TCG): - MIPS"""
tests/tcg/mips/mips64-dsp/subq_ph.c,27,"""Guest CPU cores (TCG): - MIPS"""
tests/tcg/mips/mips64-dsp/subq_pw.c,44,"""Guest CPU cores (TCG): - MIPS"""
tests/tcg/mips/mips64-dsp/subq_qh.c,26,"""Guest CPU cores (TCG): - MIPS"""
tests/tcg/mips/mips64-dsp/subq_s_ph.c,27,"""Guest CPU cores (TCG): - MIPS"""
tests/tcg/mips/mips64-dsp/subq_s_pw.c,63,"""Guest CPU cores (TCG): - MIPS"""
tests/tcg/mips/mips64-dsp/subq_s_qh.c,61,"""Guest CPU cores (TCG): - MIPS"""
tests/tcg/mips/mips64-dsp/subq_s_w.c,27,"""Guest CPU cores (TCG): - MIPS"""
tests/tcg/mips/mips64-dsp/subu_ob.c,26,"""Guest CPU cores (TCG): - MIPS"""
tests/tcg/mips/mips64-dsp/subu_qb.c,27,"""Guest CPU cores (TCG): - MIPS"""
tests/tcg/mips/mips64-dsp/subu_s_ob.c,26,"""Guest CPU cores (TCG): - MIPS"""
tests/tcg/mips/mips64-dsp/subu_s_qb.c,27,"""Guest CPU cores (TCG): - MIPS"""
tests/tcg/mips/mips64-dsp/wrdsp.c,48,"""Guest CPU cores (TCG): - MIPS"""
tests/tcg/mips/mips64-dspr2/.directory,2,"""Guest CPU cores (TCG): - MIPS"""
tests/tcg/mips/mips64-dspr2/Makefile,116,"""Guest CPU cores (TCG): - MIPS"""
tests/tcg/mips/mips64-dspr2/absq_s_qb.c,42,"""Guest CPU cores (TCG): - MIPS"""
tests/tcg/mips/mips64-dspr2/addqh_ph.c,35,"""Guest CPU cores (TCG): - MIPS"""
tests/tcg/mips/mips64-dspr2/addqh_r_ph.c,35,"""Guest CPU cores (TCG): - MIPS"""
tests/tcg/mips/mips64-dspr2/addqh_r_w.c,38,"""Guest CPU cores (TCG): - MIPS"""
tests/tcg/mips/mips64-dspr2/addqh_w.c,39,"""Guest CPU cores (TCG): - MIPS"""
tests/tcg/mips/mips64-dspr2/addu_ph.c,37,"""Guest CPU cores (TCG): - MIPS"""
tests/tcg/mips/mips64-dspr2/addu_qh.c,43,"""Guest CPU cores (TCG): - MIPS"""
tests/tcg/mips/mips64-dspr2/addu_s_ph.c,37,"""Guest CPU cores (TCG): - MIPS"""
tests/tcg/mips/mips64-dspr2/addu_s_qh.c,43,"""Guest CPU cores (TCG): - MIPS"""
tests/tcg/mips/mips64-dspr2/adduh_ob.c,35,"""Guest CPU cores (TCG): - MIPS"""
tests/tcg/mips/mips64-dspr2/adduh_qb.c,35,"""Guest CPU cores (TCG): - MIPS"""
tests/tcg/mips/mips64-dspr2/adduh_r_ob.c,35,"""Guest CPU cores (TCG): - MIPS"""
tests/tcg/mips/mips64-dspr2/adduh_r_qb.c,35,"""Guest CPU cores (TCG): - MIPS"""
tests/tcg/mips/mips64-dspr2/append.c,35,"""Guest CPU cores (TCG): - MIPS"""
tests/tcg/mips/mips64-dspr2/balign.c,35,"""Guest CPU cores (TCG): - MIPS"""
tests/tcg/mips/mips64-dspr2/cmpgdu_eq_ob.c,44,"""Guest CPU cores (TCG): - MIPS"""
tests/tcg/mips/mips64-dspr2/cmpgdu_eq_qb.c,41,"""Guest CPU cores (TCG): - MIPS"""
tests/tcg/mips/mips64-dspr2/cmpgdu_le_ob.c,44,"""Guest CPU cores (TCG): - MIPS"""
tests/tcg/mips/mips64-dspr2/cmpgdu_le_qb.c,48,"""Guest CPU cores (TCG): - MIPS"""
tests/tcg/mips/mips64-dspr2/cmpgdu_lt_ob.c,44,"""Guest CPU cores (TCG): - MIPS"""
tests/tcg/mips/mips64-dspr2/cmpgdu_lt_qb.c,48,"""Guest CPU cores (TCG): - MIPS"""
tests/tcg/mips/mips64-dspr2/dbalign.c,39,"""Guest CPU cores (TCG): - MIPS"""
tests/tcg/mips/mips64-dspr2/dpa_w_ph.c,47,"""Guest CPU cores (TCG): - MIPS"""
tests/tcg/mips/mips64-dspr2/dpa_w_qh.c,56,"""Guest CPU cores (TCG): - MIPS"""
tests/tcg/mips/mips64-dspr2/dpaqx_s_w_ph.c,97,"""Guest CPU cores (TCG): - MIPS"""
tests/tcg/mips/mips64-dspr2/dpaqx_sa_w_ph.c,54,"""Guest CPU cores (TCG): - MIPS"""
tests/tcg/mips/mips64-dspr2/dpax_w_ph.c,32,"""Guest CPU cores (TCG): - MIPS"""
tests/tcg/mips/mips64-dspr2/dps_w_ph.c,28,"""Guest CPU cores (TCG): - MIPS"""
tests/tcg/mips/mips64-dspr2/dps_w_qh.c,55,"""Guest CPU cores (TCG): - MIPS"""
tests/tcg/mips/mips64-dspr2/dpsqx_s_w_ph.c,55,"""Guest CPU cores (TCG): - MIPS"""
tests/tcg/mips/mips64-dspr2/dpsqx_sa_w_ph.c,53,"""Guest CPU cores (TCG): - MIPS"""
tests/tcg/mips/mips64-dspr2/dpsx_w_ph.c,28,"""Guest CPU cores (TCG): - MIPS"""
tests/tcg/mips/mips64-dspr2/head.S,16,"""Guest CPU cores (TCG): - MIPS"""
tests/tcg/mips/mips64-dspr2/io.h,22,"""Guest CPU cores (TCG): - MIPS"""
tests/tcg/mips/mips64-dspr2/mips_boot.lds,31,"""Guest CPU cores (TCG): - MIPS"""
tests/tcg/mips/mips64-dspr2/mul_ph.c,50,"""Guest CPU cores (TCG): - MIPS"""
tests/tcg/mips/mips64-dspr2/mul_s_ph.c,67,"""Guest CPU cores (TCG): - MIPS"""
tests/tcg/mips/mips64-dspr2/mulq_rs_w.c,40,"""Guest CPU cores (TCG): - MIPS"""
tests/tcg/mips/mips64-dspr2/mulq_s_ph.c,26,"""Guest CPU cores (TCG): - MIPS"""
tests/tcg/mips/mips64-dspr2/mulq_s_w.c,40,"""Guest CPU cores (TCG): - MIPS"""
tests/tcg/mips/mips64-dspr2/mulsa_w_ph.c,30,"""Guest CPU cores (TCG): - MIPS"""
tests/tcg/mips/mips64-dspr2/mulsaq_s_w_ph.c,30,"""Guest CPU cores (TCG): - MIPS"""
tests/tcg/mips/mips64-dspr2/precr_qb_ph.c,23,"""Guest CPU cores (TCG): - MIPS"""
tests/tcg/mips/mips64-dspr2/precr_sra_ph_w.c,37,"""Guest CPU cores (TCG): - MIPS"""
tests/tcg/mips/mips64-dspr2/precr_sra_r_ph_w.c,37,"""Guest CPU cores (TCG): - MIPS"""
tests/tcg/mips/mips64-dspr2/prepend.c,35,"""Guest CPU cores (TCG): - MIPS"""
tests/tcg/mips/mips64-dspr2/printf.c,266,"""Guest CPU cores (TCG): - MIPS"""
tests/tcg/mips/mips64-dspr2/shra_qb.c,35,"""Guest CPU cores (TCG): - MIPS"""
tests/tcg/mips/mips64-dspr2/shra_r_qb.c,35,"""Guest CPU cores (TCG): - MIPS"""
tests/tcg/mips/mips64-dspr2/shrav_ob.c,22,"""Guest CPU cores (TCG): - MIPS"""
tests/tcg/mips/mips64-dspr2/shrav_qb.c,37,"""Guest CPU cores (TCG): - MIPS"""
tests/tcg/mips/mips64-dspr2/shrav_r_ob.c,22,"""Guest CPU cores (TCG): - MIPS"""
tests/tcg/mips/mips64-dspr2/shrav_r_qb.c,37,"""Guest CPU cores (TCG): - MIPS"""
tests/tcg/mips/mips64-dspr2/shrl_ph.c,22,"""Guest CPU cores (TCG): - MIPS"""
tests/tcg/mips/mips64-dspr2/shrlv_ph.c,23,"""Guest CPU cores (TCG): - MIPS"""
tests/tcg/mips/mips64-dspr2/subqh_ph.c,23,"""Guest CPU cores (TCG): - MIPS"""
tests/tcg/mips/mips64-dspr2/subqh_r_ph.c,23,"""Guest CPU cores (TCG): - MIPS"""
tests/tcg/mips/mips64-dspr2/subqh_r_w.c,23,"""Guest CPU cores (TCG): - MIPS"""
tests/tcg/mips/mips64-dspr2/subqh_w.c,23,"""Guest CPU cores (TCG): - MIPS"""
tests/tcg/mips/mips64-dspr2/subu_ph.c,26,"""Guest CPU cores (TCG): - MIPS"""
tests/tcg/mips/mips64-dspr2/subu_qh.c,24,"""Guest CPU cores (TCG): - MIPS"""
tests/tcg/mips/mips64-dspr2/subu_s_ph.c,25,"""Guest CPU cores (TCG): - MIPS"""
tests/tcg/mips/mips64-dspr2/subu_s_qh.c,42,"""Guest CPU cores (TCG): - MIPS"""
tests/tcg/mips/mips64-dspr2/subuh_ob.c,36,"""Guest CPU cores (TCG): - MIPS"""
tests/tcg/mips/mips64-dspr2/subuh_qb.c,23,"""Guest CPU cores (TCG): - MIPS"""
tests/tcg/mips/mips64-dspr2/subuh_r_ob.c,23,"""Guest CPU cores (TCG): - MIPS"""
tests/tcg/mips/mips64-dspr2/subuh_r_qb.c,37,"""Guest CPU cores (TCG): - MIPS"""
tests/tcg/openrisc/Makefile,71,"""Guest CPU cores (TCG): - OpenRISC"""
tests/tcg/openrisc/test_add.c,43,"""Guest CPU cores (TCG): - OpenRISC"""
tests/tcg/openrisc/test_addc.c,40,"""Guest CPU cores (TCG): - OpenRISC"""
tests/tcg/openrisc/test_addi.c,33,"""Guest CPU cores (TCG): - OpenRISC"""
tests/tcg/openrisc/test_addic.c,35,"""Guest CPU cores (TCG): - OpenRISC"""
tests/tcg/openrisc/test_and_or.c,65,"""Guest CPU cores (TCG): - OpenRISC"""
tests/tcg/openrisc/test_bf.c,47,"""Guest CPU cores (TCG): - OpenRISC"""
tests/tcg/openrisc/test_bnf.c,51,"""Guest CPU cores (TCG): - OpenRISC"""
tests/tcg/openrisc/test_div.c,54,"""Guest CPU cores (TCG): - OpenRISC"""
tests/tcg/openrisc/test_divu.c,34,"""Guest CPU cores (TCG): - OpenRISC"""
tests/tcg/openrisc/test_extx.c,78,"""Guest CPU cores (TCG): - OpenRISC"""
tests/tcg/openrisc/test_fx.c,57,"""Guest CPU cores (TCG): - OpenRISC"""
tests/tcg/openrisc/test_j.c,26,"""Guest CPU cores (TCG): - OpenRISC"""
tests/tcg/openrisc/test_jal.c,26,"""Guest CPU cores (TCG): - OpenRISC"""
tests/tcg/openrisc/test_lf_add.c,39,"""Guest CPU cores (TCG): - OpenRISC"""
tests/tcg/openrisc/test_lf_div.c,37,"""Guest CPU cores (TCG): - OpenRISC"""
tests/tcg/openrisc/test_lf_eqs.c,88,"""Guest CPU cores (TCG): - OpenRISC"""
tests/tcg/openrisc/test_lf_ges.c,88,"""Guest CPU cores (TCG): - OpenRISC"""
tests/tcg/openrisc/test_lf_gts.c,86,"""Guest CPU cores (TCG): - OpenRISC"""
tests/tcg/openrisc/test_lf_les.c,88,"""Guest CPU cores (TCG): - OpenRISC"""
tests/tcg/openrisc/test_lf_lts.c,92,"""Guest CPU cores (TCG): - OpenRISC"""
tests/tcg/openrisc/test_lf_mul.c,22,"""Guest CPU cores (TCG): - OpenRISC"""
tests/tcg/openrisc/test_lf_nes.c,89,"""Guest CPU cores (TCG): - OpenRISC"""
tests/tcg/openrisc/test_lf_rem.c,32,"""Guest CPU cores (TCG): - OpenRISC"""
tests/tcg/openrisc/test_lf_sub.c,35,"""Guest CPU cores (TCG): - OpenRISC"""
tests/tcg/openrisc/test_logic.c,105,"""Guest CPU cores (TCG): - OpenRISC"""
tests/tcg/openrisc/test_lx.c,84,"""Guest CPU cores (TCG): - OpenRISC"""
tests/tcg/openrisc/test_movhi.c,31,"""Guest CPU cores (TCG): - OpenRISC"""
tests/tcg/openrisc/test_mul.c,61,"""Guest CPU cores (TCG): - OpenRISC"""
tests/tcg/openrisc/test_muli.c,48,"""Guest CPU cores (TCG): - OpenRISC"""
tests/tcg/openrisc/test_mulu.c,48,"""Guest CPU cores (TCG): - OpenRISC"""
tests/tcg/openrisc/test_sfeq.c,43,"""Guest CPU cores (TCG): - OpenRISC"""
tests/tcg/openrisc/test_sfeqi.c,39,"""Guest CPU cores (TCG): - OpenRISC"""
tests/tcg/openrisc/test_sfges.c,44,"""Guest CPU cores (TCG): - OpenRISC"""
tests/tcg/openrisc/test_sfgesi.c,40,"""Guest CPU cores (TCG): - OpenRISC"""
tests/tcg/openrisc/test_sfgeu.c,44,"""Guest CPU cores (TCG): - OpenRISC"""
tests/tcg/openrisc/test_sfgeui.c,41,"""Guest CPU cores (TCG): - OpenRISC"""
tests/tcg/openrisc/test_sfgts.c,45,"""Guest CPU cores (TCG): - OpenRISC"""
tests/tcg/openrisc/test_sfgtsi.c,41,"""Guest CPU cores (TCG): - OpenRISC"""
tests/tcg/openrisc/test_sfgtu.c,43,"""Guest CPU cores (TCG): - OpenRISC"""
tests/tcg/openrisc/test_sfgtui.c,42,"""Guest CPU cores (TCG): - OpenRISC"""
tests/tcg/openrisc/test_sfles.c,26,"""Guest CPU cores (TCG): - OpenRISC"""
tests/tcg/openrisc/test_sflesi.c,39,"""Guest CPU cores (TCG): - OpenRISC"""
tests/tcg/openrisc/test_sfleu.c,43,"""Guest CPU cores (TCG): - OpenRISC"""
tests/tcg/openrisc/test_sfleui.c,39,"""Guest CPU cores (TCG): - OpenRISC"""
tests/tcg/openrisc/test_sflts.c,43,"""Guest CPU cores (TCG): - OpenRISC"""
tests/tcg/openrisc/test_sfltsi.c,39,"""Guest CPU cores (TCG): - OpenRISC"""
tests/tcg/openrisc/test_sfltu.c,43,"""Guest CPU cores (TCG): - OpenRISC"""
tests/tcg/openrisc/test_sfltui.c,39,"""Guest CPU cores (TCG): - OpenRISC"""
tests/tcg/openrisc/test_sfne.c,43,"""Guest CPU cores (TCG): - OpenRISC"""
tests/tcg/openrisc/test_sfnei.c,39,"""Guest CPU cores (TCG): - OpenRISC"""
tests/tcg/openrisc/test_sub.c,35,"""Guest CPU cores (TCG): - OpenRISC"""
tests/tcg/pi_10.com,1,
tests/tcg/runcom.c,192,
tests/tcg/sha1.c,240,
tests/tcg/test-arm-iwmmxt.s,49,
tests/tcg/test-i386-code16.S,79,
tests/tcg/test-i386-fprem.c,353,
tests/tcg/test-i386-muldiv.h,76,
tests/tcg/test-i386-shift.h,185,
tests/tcg/test-i386-ssse3.c,57,
tests/tcg/test-i386-vm86.S,103,
tests/tcg/test-i386.c,2765,
tests/tcg/test-i386.h,152,
tests/tcg/test-mmap.c,484,
tests/tcg/test_path.c,157,
tests/tcg/testthread.c,58,
tests/tcg/xtensa/Makefile,92,"""Guest CPU cores (TCG): - Xtensa"""
tests/tcg/xtensa/crt.S,24,"""Guest CPU cores (TCG): - Xtensa"""
tests/tcg/xtensa/linker.ld.S,130,"""Guest CPU cores (TCG): - Xtensa"""
tests/tcg/xtensa/macros.inc,91,"""Guest CPU cores (TCG): - Xtensa"""
tests/tcg/xtensa/test_b.S,221,"""Guest CPU cores (TCG): - Xtensa"""
tests/tcg/xtensa/test_bi.S,103,"""Guest CPU cores (TCG): - Xtensa"""
tests/tcg/xtensa/test_boolean.S,23,"""Guest CPU cores (TCG): - Xtensa"""
tests/tcg/xtensa/test_break.S,257,"""Guest CPU cores (TCG): - Xtensa"""
tests/tcg/xtensa/test_bz.S,57,"""Guest CPU cores (TCG): - Xtensa"""
tests/tcg/xtensa/test_cache.S,97,"""Guest CPU cores (TCG): - Xtensa"""
tests/tcg/xtensa/test_clamps.S,42,"""Guest CPU cores (TCG): - Xtensa"""
tests/tcg/xtensa/test_extui.S,26,"""Guest CPU cores (TCG): - Xtensa"""
tests/tcg/xtensa/test_fail.S,9,"""Guest CPU cores (TCG): - Xtensa"""
tests/tcg/xtensa/test_interrupt.S,194,"""Guest CPU cores (TCG): - Xtensa"""
tests/tcg/xtensa/test_loop.S,163,"""Guest CPU cores (TCG): - Xtensa"""
tests/tcg/xtensa/test_mac16.S,243,"""Guest CPU cores (TCG): - Xtensa"""
tests/tcg/xtensa/test_max.S,81,"""Guest CPU cores (TCG): - Xtensa"""
tests/tcg/xtensa/test_min.S,81,"""Guest CPU cores (TCG): - Xtensa"""
tests/tcg/xtensa/test_mmu.S,743,"""Guest CPU cores (TCG): - Xtensa"""
tests/tcg/xtensa/test_mul16.S,83,"""Guest CPU cores (TCG): - Xtensa"""
tests/tcg/xtensa/test_mul32.S,20,"""Guest CPU cores (TCG): - Xtensa"""
tests/tcg/xtensa/test_nsa.S,59,"""Guest CPU cores (TCG): - Xtensa"""
tests/tcg/xtensa/test_pipeline.S,157,"""Guest CPU cores (TCG): - Xtensa"""
tests/tcg/xtensa/test_quo.S,147,"""Guest CPU cores (TCG): - Xtensa"""
tests/tcg/xtensa/test_rem.S,147,"""Guest CPU cores (TCG): - Xtensa"""
tests/tcg/xtensa/test_rst0.S,148,"""Guest CPU cores (TCG): - Xtensa"""
tests/tcg/xtensa/test_s32c1i.S,39,"""Guest CPU cores (TCG): - Xtensa"""
tests/tcg/xtensa/test_sar.S,111,"""Guest CPU cores (TCG): - Xtensa"""
tests/tcg/xtensa/test_sext.S,69,"""Guest CPU cores (TCG): - Xtensa"""
tests/tcg/xtensa/test_shift.S,206,"""Guest CPU cores (TCG): - Xtensa"""
tests/tcg/xtensa/test_sr.S,90,"""Guest CPU cores (TCG): - Xtensa"""
tests/tcg/xtensa/test_timer.S,178,"""Guest CPU cores (TCG): - Xtensa"""
tests/tcg/xtensa/test_windowed.S,302,"""Guest CPU cores (TCG): - Xtensa"""
tests/tcg/xtensa/vectors.S,39,"""Guest CPU cores (TCG): - Xtensa"""
tests/test-aio.c,863,
tests/test-bitops.c,76,
tests/test-coroutine.c,360,
tests/test-cutils.c,251,
tests/test-hbitmap.c,401,
tests/test-int128.c,225,
tests/test-iov.c,410,
tests/test-mul64.c,70,
tests/test-opts-visitor.c,275,
tests/test-qdev-global-props.c,323,
tests/test-qemu-opts.c,441,
tests/test-qmp-commands.c,232,
tests/test-qmp-event.c,271,
tests/test-qmp-input-strict.c,336,
tests/test-qmp-input-visitor.c,726,
tests/test-qmp-output-visitor.c,901,
tests/test-rfifolock.c,91,
tests/test-string-input-visitor.c,282,
tests/test-string-output-visitor.c,289,
tests/test-thread-pool.c,251,
tests/test-throttle.c,528,
tests/test-visitor-serialization.c,1225,
tests/test-vmstate.c,507,
tests/test-x86-cpuid.c,110,
tests/test-xbzrle.c,196,
tests/tmp105-test.c,169,
tests/tpci200-test.c,33,
tests/usb-hcd-ehci-test.c,173,"""Devices - USB"""
tests/usb-hcd-ohci-test.c,41,"""Devices - USB"""
tests/usb-hcd-uhci-test.c,96,"""Devices - USB"""
tests/usb-hcd-xhci-test.c,99,"""Devices - USB"""
tests/vhost-user-test.c,421,
tests/virtio-9p-test.c,46,"""Devices - virtio-9p"""
tests/virtio-balloon-test.c,33,
tests/virtio-blk-test.c,682,
tests/virtio-console-test.c,41,
tests/virtio-net-test.c,43,
tests/virtio-rng-test.c,43,
tests/virtio-scsi-test.c,64,
tests/virtio-serial-test.c,60,
tests/vmstate-static-checker-data/dump1.json,1163,
tests/vmstate-static-checker-data/dump2.json,968,
tests/vmxnet3-test.c,33,
tests/wdt_ib700-test.c,134,
thread-pool.c,345,
thunk.c,316,"""Usermode Emulation - Overall"""
tpm.c,358,
trace-events,1382,
trace/Makefile.objs,147,"""Subsystems - Tracing"""
trace/control-internal.h,67,"""Subsystems - Tracing"""
trace/control.c,169,"""Subsystems - Tracing"""
trace/control.h,167,"""Subsystems - Tracing"""
trace/event-internal.h,33,"""Subsystems - Tracing"""
trace/ftrace.c,79,"""Subsystems - Tracing"""
trace/ftrace.h,15,"""Subsystems - Tracing"""
trace/qmp.c,75,"""Subsystems - Tracing"""
trace/simple.c,391,"""Subsystems - Tracing"""
trace/simple.h,58,"""Subsystems - Tracing"""
translate-all.c,1919,"""Guest CPU cores (TCG): - Overall"""
translate-all.h,27,
ui/Makefile.objs,22,"""Subsystems - Graphics"""
ui/cocoa.m,1131,"""Subsystems - Cocoa graphics"",""Subsystems - Graphics"""
ui/console.c,2048,"""Subsystems - Graphics"""
ui/curses.c,390,"""Subsystems - Graphics"""
ui/curses_keys.h,514,"""Subsystems - Graphics"""
ui/cursor.c,211,"""Subsystems - Graphics"""
ui/cursor_hidden.xpm,37,"""Subsystems - Graphics"""
ui/cursor_left_ptr.xpm,39,"""Subsystems - Graphics"""
ui/d3des.c,424,"""Subsystems - Graphics"""
ui/d3des.h,55,"""Subsystems - Graphics"""
ui/gtk.c,1940,"""Subsystems - Graphics"""
ui/input-keymap.c,198,"""Subsystems - Graphics"""
ui/input-legacy.c,274,"""Subsystems - Graphics"""
ui/input.c,551,"""Subsystems - Graphics"""
ui/keymaps.c,220,"""Subsystems - Graphics"""
ui/keymaps.h,77,"""Subsystems - Graphics"""
ui/qemu-pixman.c,225,"""Subsystems - Graphics"""
ui/qemu-x509.h,9,"""Subsystems - Graphics"""
ui/sdl.c,961,"""Subsystems - Graphics"""
ui/sdl2-keymap.h,267,"""Subsystems - Graphics"""
ui/sdl2.c,915,"""Subsystems - Graphics"""
ui/sdl_keysym.h,278,"""Subsystems - Graphics"""
ui/sdl_zoom.c,96,"""Subsystems - Graphics"""
ui/sdl_zoom.h,25,"""Subsystems - Graphics"""
ui/sdl_zoom_template.h,219,"""Subsystems - Graphics"""
ui/spice-core.c,942,"""Subsystems - Graphics"",""Subsystems - SPICE"""
ui/spice-display.c,776,"""Subsystems - Graphics"",""Subsystems - SPICE"""
ui/spice-input.c,249,"""Subsystems - Graphics"",""Subsystems - SPICE"""
ui/vgafont.h,4611,"""Subsystems - Graphics"""
ui/vnc-auth-sasl.c,622,"""Subsystems - Graphics"""
ui/vnc-auth-sasl.h,75,"""Subsystems - Graphics"""
ui/vnc-auth-vencrypt.c,176,"""Subsystems - Graphics"""
ui/vnc-auth-vencrypt.h,33,"""Subsystems - Graphics"""
ui/vnc-enc-hextile-template.h,211,"""Subsystems - Graphics"""
ui/vnc-enc-hextile.c,83,"""Subsystems - Graphics"""
ui/vnc-enc-tight.c,1698,"""Subsystems - Graphics"""
ui/vnc-enc-tight.h,183,"""Subsystems - Graphics"""
ui/vnc-enc-zlib.c,152,"""Subsystems - Graphics"""
ui/vnc-enc-zrle-template.c,263,"""Subsystems - Graphics"""
ui/vnc-enc-zrle.c,366,"""Subsystems - Graphics"""
ui/vnc-enc-zrle.h,40,"""Subsystems - Graphics"""
ui/vnc-enc-zywrle-template.c,170,"""Subsystems - Graphics"""
ui/vnc-enc-zywrle.h,659,"""Subsystems - Graphics"""
ui/vnc-jobs.c,357,"""Subsystems - Graphics"""
ui/vnc-jobs.h,71,"""Subsystems - Graphics"""
ui/vnc-palette.c,160,"""Subsystems - Graphics"""
ui/vnc-palette.h,69,"""Subsystems - Graphics"""
ui/vnc-tls.c,488,"""Subsystems - Graphics"""
ui/vnc-tls.h,76,"""Subsystems - Graphics"""
ui/vnc-ws.c,349,"""Subsystems - Graphics"""
ui/vnc-ws.h,89,"""Subsystems - Graphics"""
ui/vnc.c,3373,"""Subsystems - Graphics"""
ui/vnc.h,600,"""Subsystems - Graphics"""
ui/vnc_keysym.h,719,"""Subsystems - Graphics"""
ui/x_keymap.c,168,"""Subsystems - Graphics"""
ui/x_keymap.h,32,"""Subsystems - Graphics"""
user-exec.c,663,"""Usermode Emulation - Overall"""
util/Makefile.objs,19,
util/acl.c,187,
util/aes.c,1652,
util/bitmap.c,256,
util/bitops.c,158,
util/compatfd.c,129,
util/crc32c.c,115,
util/cutils.c,553,
util/envlist.c,241,
util/error.c,173,
util/event_notifier-posix.c,121,
util/event_notifier-win32.c,59,
util/fifo8.c,125,
util/getauxval.c,109,
util/hbitmap.c,397,
util/hexdump.c,37,
util/host-utils.c,162,
util/id.c,28,
util/iov.c,565,
util/module.c,219,
util/notify.c,71,
util/osdep.c,495,
util/oslib-posix.c,414,
util/oslib-win32.c,472,
util/path.c,181,
util/qemu-config.c,482,
util/qemu-error.c,238,
util/qemu-openpty.c,137,
util/qemu-option.c,1146,
util/qemu-progress.c,159,
util/qemu-sockets.c,993,
util/qemu-thread-posix.c,474,
util/qemu-thread-win32.c,395,
util/qemu-timer-common.c,61,
util/readline.c,515,
util/rfifolock.c,78,
util/throttle.c,415,
util/unicode.c,100,
util/uri.c,2249,
version.rc,30,
vl.c,4409,"""Subsystems - Main loop"""
vmstate.c,687,
xbzrle.c,175,
xen-common-stub.c,13,"""Guest CPU Cores (Xen): - X86"""
xen-common.c,146,"""Guest CPU Cores (Xen): - X86"""
xen-hvm-stub.c,62,"""Guest CPU Cores (Xen): - X86"""
xen-hvm.c,1248,"""Guest CPU Cores (Xen): - X86"""
xen-mapcache.c,427,"""Guest CPU Cores (Xen): - X86"""
