filename,lines,sections
.gitarchive-info,2,"""THE REST"""
.gitattributes,1,"""THE REST"""
.gitignore,430,"""THE REST"""
.gitlab-ci.yml,7,"""Continuous Integration (CI)"",""THE REST"""
.hgignore,345,"""THE REST"""
.hgsigs,11,"""THE REST"""
.hgtags,59,"""THE REST"""
.travis.yml,88,"""Continuous Integration (CI)"",""THE REST"""
CODING_STYLE,122,"""THE REST"""
CONTRIBUTING,231,"""THE REST"""
COPYING,414,"""THE REST"""
CREDITS,16,"""THE REST"""
Config.mk,304,"""THE REST"""
INSTALL,361,"""THE REST"""
MAINTAINERS,528,"""THE REST"""
Makefile,325,"""THE REST"""
README,202,"""THE REST"""
SUPPORT.md,931,"""THE REST"""
autogen.sh,12,"""THE REST"",""TOOLSTACK"""
automation/build/Makefile,17,"""Continuous Integration (CI)"",""THE REST"""
automation/build/README.md,71,"""Continuous Integration (CI)"",""THE REST"""
automation/build/centos/7.2.dockerfile,50,"""Continuous Integration (CI)"",""THE REST"""
automation/build/centos/7.dockerfile,49,"""Continuous Integration (CI)"",""THE REST"""
automation/build/centos/CentOS-7.2.repo,35,"""Continuous Integration (CI)"",""THE REST"""
automation/build/debian/jessie-i386.dockerfile,50,"""Continuous Integration (CI)"",""THE REST"""
automation/build/debian/jessie.dockerfile,48,"""Continuous Integration (CI)"",""THE REST"""
automation/build/debian/stretch-i386.dockerfile,50,"""Continuous Integration (CI)"",""THE REST"""
automation/build/debian/stretch.dockerfile,48,"""Continuous Integration (CI)"",""THE REST"""
automation/build/debian/unstable-arm64v8.dockerfile,48,"""Continuous Integration (CI)"",""THE REST"""
automation/build/debian/unstable-i386.dockerfile,50,"""Continuous Integration (CI)"",""THE REST"""
automation/build/debian/unstable.dockerfile,48,"""Continuous Integration (CI)"",""THE REST"""
automation/build/suse/opensuse-leap.dockerfile,67,"""Continuous Integration (CI)"",""THE REST"""
automation/build/suse/sles11sp4.dockerfile,20,"""Continuous Integration (CI)"",""THE REST"""
automation/build/ubuntu/bionic.dockerfile,48,"""Continuous Integration (CI)"",""THE REST"""
automation/build/ubuntu/trusty.dockerfile,48,"""Continuous Integration (CI)"",""THE REST"""
automation/build/ubuntu/xenial.dockerfile,48,"""Continuous Integration (CI)"",""THE REST"""
automation/configs/x86/hvm_only_config,3,"""Continuous Integration (CI)"",""THE REST"""
automation/configs/x86/no_hvm_pv_config,3,"""Continuous Integration (CI)"",""THE REST"""
automation/configs/x86/pv_only_config,3,"""Continuous Integration (CI)"",""THE REST"""
automation/gitlab-ci/build.yaml,379,"""Continuous Integration (CI)"",""THE REST"""
automation/gitlab-ci/test.yaml,88,"""Continuous Integration (CI)"",""THE REST"""
automation/scripts/build,49,"""Continuous Integration (CI)"",""THE REST"""
automation/scripts/build-test.sh,68,"""Continuous Integration (CI)"",""THE REST"""
automation/scripts/containerize,91,"""Continuous Integration (CI)"",""THE REST"""
automation/scripts/qemu-smoke-x86-64.sh,31,"""Continuous Integration (CI)"",""THE REST"""
config.guess,1530,"""THE REST"""
config.sub,1782,"""THE REST"""
config/Docs.mk.in,9,"""THE REST"",""TOOLSTACK"""
config/FreeBSD.mk,9,"""THE REST"""
config/Linux.mk,3,"""THE REST"""
config/MiniOS.mk,10,"""MINI-OS"",""THE REST"""
config/NetBSD.mk,3,"""THE REST"""
config/NetBSDRump.mk,8,"""THE REST"""
config/OpenBSD.mk,1,"""THE REST"""
config/Paths.mk.in,61,"""THE REST"",""TOOLSTACK"""
config/StdGNU.mk,37,"""THE REST"""
config/Stubdom.mk.in,39,"""STUB DOMAINS"",""THE REST"",""TOOLSTACK"""
config/SunOS.mk,35,"""THE REST"""
config/Tools.mk.in,77,"""THE REST"",""TOOLSTACK"""
config/Toplevel.mk.in,2,"""THE REST"",""TOOLSTACK"""
config/arm32.mk,15,"""THE REST"""
config/arm64.mk,14,"""THE REST"""
config/x86_32.mk,15,"""THE REST"""
config/x86_64.mk,27,"""THE REST"""
configure,3618,"""THE REST"",""TOOLSTACK"""
configure.ac,46,"""THE REST"",""TOOLSTACK"""
docs/INDEX,28,"""THE REST"""
docs/Makefile,231,"""THE REST"",""TOOLSTACK"""
docs/README.colo,9,"""THE REST"""
docs/README.remus,20,"""REMUS"",""THE REST"""
docs/configure,3427,"""THE REST"",""TOOLSTACK"""
docs/configure.ac,32,"""THE REST"",""TOOLSTACK"""
docs/designs/argo.pandoc,448,"""THE REST"""
docs/designs/dmop.pandoc,175,"""THE REST"""
docs/designs/qemu-deprivilege.md,322,"""THE REST"""
docs/features/dom0less.pandoc,49,"""THE REST"""
docs/features/feature-levelling.pandoc,216,"""THE REST"""
docs/features/intel_psr_cat_cdp.pandoc,512,"""THE REST"""
docs/features/intel_psr_mba.pandoc,297,"""THE REST"""
docs/features/livepatch.pandoc,106,"""THE REST"""
docs/features/migration.pandoc,124,"""THE REST"""
docs/features/qemu-deprivilege.pandoc,136,"""THE REST"""
docs/features/sched_credit.pandoc,100,"""THE REST"""
docs/features/sched_credit2.pandoc,108,"""THE REST"""
docs/features/sched_rtds.pandoc,122,"""THE REST"""
docs/features/template.pandoc,75,"""THE REST"""
docs/figs/Makefile,15,"""THE REST"""
docs/figs/network-basic.fig,73,"""THE REST"""
docs/figs/network-bridge.fig,125,"""THE REST"""
docs/figs/xenlogo.eps,1479,"""THE REST"""
docs/gen-html-index,177,"""THE REST"""
docs/man/xen-pci-device-reservations.7.pod,89,"""THE REST"",""TOOLSTACK"""
docs/man/xen-pv-channel.7.pod,189,"""THE REST"",""TOOLSTACK"""
docs/man/xen-tscmode.7.pod,284,"""THE REST"",""TOOLSTACK"""
docs/man/xen-vbd-interface.7.pandoc,135,"""THE REST"",""TOOLSTACK"""
docs/man/xen-vtpm.7.pod,383,"""THE REST"",""TOOLSTACK"""
docs/man/xen-vtpmmgr.7.pod,383,"""THE REST"",""TOOLSTACK"""
docs/man/xenstore-chmod.1.pod,62,"""THE REST"",""TOOLSTACK"""
docs/man/xenstore-ls.1.pod,62,"""THE REST"",""TOOLSTACK"""
docs/man/xenstore-read.1.pod,32,"""THE REST"",""TOOLSTACK"""
docs/man/xenstore-write.1.pod,29,"""THE REST"",""TOOLSTACK"""
docs/man/xenstore.1.pod,52,"""THE REST"",""TOOLSTACK"""
docs/man/xentop.1.pod,111,"""THE REST"",""TOOLSTACK"""
docs/man/xentrace.8.pod,166,"""THE REST"",""TOOLSTACK"""
docs/man/xentrace_format.1.pod,46,"""THE REST"",""TOOLSTACK"""
docs/man/xl-disk-configuration.5.pod,529,"""THE REST"",""TOOLSTACK"""
docs/man/xl-network-configuration.5.pod,251,"""THE REST"",""TOOLSTACK"""
docs/man/xl-numa-placement.7.pod,293,"""THE REST"",""TOOLSTACK"""
docs/man/xl.1.pod.in,1992,"""THE REST"",""TOOLSTACK"""
docs/man/xl.cfg.5.pod.in,2759,"""THE REST"",""TOOLSTACK"""
docs/man/xl.conf.5.pod,222,"""THE REST"",""TOOLSTACK"""
docs/man/xlcpupool.cfg.5.pod,133,"""THE REST"",""TOOLSTACK"""
docs/misc/9pfs.pandoc,419,"""THE REST"""
docs/misc/amd-ucode-container.txt,90,"""THE REST"""
docs/misc/arm/big.LITTLE.txt,46,"""ARM (W/ VIRTUALISATION EXTENSIONS) ARCHITECTURE"",""THE REST"""
docs/misc/arm/booting.txt,41,"""ARM (W/ VIRTUALISATION EXTENSIONS) ARCHITECTURE"",""THE REST"""
docs/misc/arm/device-tree/acpi.txt,24,"""ARM (W/ VIRTUALISATION EXTENSIONS) ARCHITECTURE"",""THE REST"""
docs/misc/arm/device-tree/booting.txt,228,"""ARM (W/ VIRTUALISATION EXTENSIONS) ARCHITECTURE"",""THE REST"""
docs/misc/arm/device-tree/guest.txt,60,"""ARM (W/ VIRTUALISATION EXTENSIONS) ARCHITECTURE"",""THE REST"""
docs/misc/arm/device-tree/passthrough.txt,9,"""ARM (W/ VIRTUALISATION EXTENSIONS) ARCHITECTURE"",""THE REST"""
docs/misc/arm/early-printk.txt,59,"""ARM (W/ VIRTUALISATION EXTENSIONS) ARCHITECTURE"",""THE REST"""
docs/misc/arm/passthrough.txt,85,"""ARM (W/ VIRTUALISATION EXTENSIONS) ARCHITECTURE"",""THE REST"""
docs/misc/arm/silicon-errata.txt,52,"""ARM (W/ VIRTUALISATION EXTENSIONS) ARCHITECTURE"",""THE REST"""
docs/misc/block-scripts.txt,125,"""THE REST"""
docs/misc/console.txt,154,"""THE REST"""
docs/misc/coverage.pandoc,124,"""THE REST"""
docs/misc/crashdb.txt,63,"""THE REST"""
docs/misc/distro_mapping.txt,27,"""THE REST"""
docs/misc/dump-core-format.txt,252,"""THE REST"""
docs/misc/efi.pandoc,118,"""THE REST"""
docs/misc/grant-tables.txt,383,"""THE REST"""
docs/misc/hvm-emulated-unplug.pandoc,97,"""THE REST"""
docs/misc/kconfig-language.txt,395,"""THE REST"""
docs/misc/kconfig.txt,237,"""THE REST"""
docs/misc/kexec_and_kdump.txt,216,"""THE REST"""
docs/misc/libxl_memory.txt,70,"""THE REST"""
docs/misc/livepatch.pandoc,1108,"""THE REST"""
docs/misc/netif-staging-grants.pandoc,587,"""THE REST"""
docs/misc/printk-formats.txt,50,"""THE REST"""
docs/misc/pv-drivers-lifecycle.pandoc,57,"""THE REST"""
docs/misc/pvcalls.pandoc,1092,"""THE REST"""
docs/misc/pvh.pandoc,112,"""THE REST"""
docs/misc/qemu-backends.txt,21,"""THE REST"""
docs/misc/status-override-table-spec.fodt,706,"""THE REST"""
docs/misc/stubdom.txt,93,"""THE REST"""
docs/misc/support-matrix-head.html,41,"""THE REST"""
docs/misc/tmem-internals.html,789,"""THE REST"",""TRANSCENDENT MEMORY (TMEM)"""
docs/misc/vtd-pi.txt,336,"""THE REST"""
docs/misc/vtd.txt,315,"""THE REST"""
docs/misc/vtpm-platforms.txt,141,"""THE REST"",""VTPM"""
docs/misc/x86-xenpv-bootloader.pandoc,49,"""THE REST"""
docs/misc/xen-command-line.pandoc,2248,"""THE REST"""
docs/misc/xen-env-table-spec.fodt,851,"""THE REST"""
docs/misc/xen-error-handling.txt,88,"""THE REST"""
docs/misc/xen_config.html,161,"""THE REST"""
docs/misc/xenmon.txt,114,"""THE REST"""
docs/misc/xenpaging.txt,45,"""THE REST"""
docs/misc/xenstore-paths.pandoc,640,"""THE REST"""
docs/misc/xenstore-ring.txt,116,"""THE REST"""
docs/misc/xenstore.txt,320,"""THE REST"""
docs/misc/xl-psr.pandoc,254,"""THE REST"""
docs/misc/xsm-flask.txt,324,"""THE REST"",""XSM/FLASK"""
docs/parse-support-md,515,"""THE REST"""
docs/process/RUBRIC,15,"""THE REST"""
docs/process/branching-checklist.txt,102,"""THE REST"""
docs/process/release-technician-checklist.txt,146,"""THE REST"""
docs/process/xen-release-management.pandoc,612,"""THE REST"""
docs/specs/libxc-migration-stream.pandoc,735,"""THE REST"""
docs/specs/libxl-migration-stream.pandoc,319,"""THE REST"""
docs/support-matrix-generate,186,"""THE REST"""
docs/xen-headers,399,"""THE REST"""
install.sh,35,"""THE REST"",""TOOLSTACK"""
m4/README.source,43,"""THE REST"",""TOOLSTACK"""
m4/ax_compare_version.m4,179,"""THE REST"",""TOOLSTACK"""
m4/checkpolicy.m4,12,"""THE REST"",""TOOLSTACK"""
m4/curses.m4,20,"""THE REST"",""TOOLSTACK"""
m4/depends.m4,15,"""THE REST"",""TOOLSTACK"""
m4/docs_tool.m4,17,"""THE REST"",""TOOLSTACK"""
m4/extfs.m4,20,"""THE REST"",""TOOLSTACK"""
m4/features.m4,21,"""THE REST"",""TOOLSTACK"""
m4/fetcher.m4,14,"""THE REST"",""TOOLSTACK"""
m4/ocaml.m4,241,"""THE REST"",""TOOLSTACK"""
m4/path_or_fail.m4,6,"""THE REST"",""TOOLSTACK"""
m4/paths.m4,170,"""THE REST"",""TOOLSTACK"""
m4/pkg.m4,232,"""THE REST"",""TOOLSTACK"""
m4/pthread.m4,41,"""THE REST"",""TOOLSTACK"""
m4/ptyfuncs.m4,35,"""THE REST"",""TOOLSTACK"""
m4/python_devel.m4,38,"""THE REST"",""TOOLSTACK"""
m4/python_fortify_noopt.m4,31,"""THE REST"",""TOOLSTACK"""
m4/python_version.m4,12,"""THE REST"",""TOOLSTACK"""
m4/savevar.m4,6,"""THE REST"",""TOOLSTACK"""
m4/set_cflags_ldflags.m4,20,"""THE REST"",""TOOLSTACK"""
m4/stubdom.m4,98,"""STUB DOMAINS"",""THE REST"",""TOOLSTACK"""
m4/subsystem.m4,71,"""THE REST"",""TOOLSTACK"""
m4/systemd.m4,126,"""THE REST"",""TOOLSTACK"""
m4/uuid.m4,9,"""THE REST"",""TOOLSTACK"""
m4/xenstored.m4,56,"""THE REST"",""TOOLSTACK"""
misc/coverity/model.c,141,"""THE REST"""
scripts/add_maintainers.pl,555,"""THE REST"""
scripts/get_maintainer.pl,2204,"""THE REST"""
scripts/git-checkout.sh,27,"""THE REST"""
scripts/travis-build,27,"""Continuous Integration (CI)"",""THE REST"""
stubdom/COPYING,31,"""STUB DOMAINS"",""THE REST"""
stubdom/Makefile,735,"""STUB DOMAINS"",""THE REST"",""TOOLSTACK"""
stubdom/c/Makefile,13,"""STUB DOMAINS"",""THE REST"""
stubdom/c/main.c,8,"""STUB DOMAINS"",""THE REST"""
stubdom/c/minios.cfg,0,"""STUB DOMAINS"",""THE REST"""
stubdom/caml/Makefile,24,"""STUB DOMAINS"",""THE REST"""
stubdom/caml/hello.ml,4,"""STUB DOMAINS"",""THE REST"""
stubdom/caml/main-caml.c,42,"""STUB DOMAINS"",""THE REST"""
stubdom/caml/minios.cfg,0,"""STUB DOMAINS"",""THE REST"""
stubdom/configure,4826,"""STUB DOMAINS"",""THE REST"",""TOOLSTACK"""
stubdom/configure.ac,82,"""STUB DOMAINS"",""THE REST"",""TOOLSTACK"""
stubdom/grub.patches/00cvs,1022,"""STUB DOMAINS"",""THE REST"""
stubdom/grub.patches/10graphics.diff,2297,"""STUB DOMAINS"",""THE REST"""
stubdom/grub.patches/11graphics-keyboard.diff,13,"""STUB DOMAINS"",""THE REST"""
stubdom/grub.patches/20print_func.diff,52,"""STUB DOMAINS"",""THE REST"""
stubdom/grub.patches/30savedefault.diff,186,"""STUB DOMAINS"",""THE REST"""
stubdom/grub.patches/40ext3_256byte_inode.diff,114,"""STUB DOMAINS"",""THE REST"""
stubdom/grub.patches/50fs_fulldisk.diff,72,"""STUB DOMAINS"",""THE REST"""
stubdom/grub.patches/60ext4.diff,474,"""STUB DOMAINS"",""THE REST"""
stubdom/grub.patches/61btrfs.diff,3499,"""STUB DOMAINS"",""THE REST"""
stubdom/grub.patches/70compiler_warnings.diff,45,"""STUB DOMAINS"",""THE REST"""
stubdom/grub.patches/99minios,1570,"""STUB DOMAINS"",""THE REST"""
stubdom/grub/Makefile,86,"""STUB DOMAINS"",""THE REST"""
stubdom/grub/boot-x86_32.S,112,"""STUB DOMAINS"",""THE REST"""
stubdom/grub/boot-x86_64.S,108,"""STUB DOMAINS"",""THE REST"""
stubdom/grub/config.h,12,"""STUB DOMAINS"",""THE REST"""
stubdom/grub/kexec.c,440,"""STUB DOMAINS"",""THE REST"""
stubdom/grub/mini-os.c,771,"""STUB DOMAINS"",""THE REST"""
stubdom/grub/mini-os.h,7,"""STUB DOMAINS"",""THE REST"""
stubdom/grub/minios.cfg,3,"""STUB DOMAINS"",""THE REST"""
stubdom/grub/osdep.h,30,"""STUB DOMAINS"",""THE REST"""
stubdom/ioemu-minios.cfg,4,"""STUB DOMAINS"",""THE REST"""
stubdom/libpci.config.h,5,"""STUB DOMAINS"",""THE REST"""
stubdom/libpci.config.mak,7,"""STUB DOMAINS"",""THE REST"""
stubdom/lwip.dhcp_create_request-hwaddr_len.patch,13,"""STUB DOMAINS"",""THE REST"""
stubdom/lwip.patch-cvs,2398,"""STUB DOMAINS"",""THE REST"""
stubdom/newlib-chk.patch,155,"""STUB DOMAINS"",""THE REST"""
stubdom/newlib-disable-texinfo.patch,13,"""STUB DOMAINS"",""THE REST"""
stubdom/newlib-stdint-size_max-fix-from-1.17.0.patch,16,"""STUB DOMAINS"",""THE REST"""
stubdom/newlib.patch,727,"""STUB DOMAINS"",""THE REST"""
stubdom/ocaml.patch,19,"""STUB DOMAINS"",""THE REST"""
stubdom/pciutils.patch,298,"""STUB DOMAINS"",""THE REST"""
stubdom/polarssl.patch,64,"""STUB DOMAINS"",""THE REST"""
stubdom/stubdom-dm,182,"""STUB DOMAINS"",""THE REST"""
stubdom/tpmemu-0.7.4.patch,12,"""STUB DOMAINS"",""THE REST"""
stubdom/vtpm-bufsize.patch,13,"""STUB DOMAINS"",""THE REST"""
stubdom/vtpm-cmake-Wextra.patch,21,"""STUB DOMAINS"",""THE REST"""
stubdom/vtpm-deepquote-anyloc.patch,127,"""STUB DOMAINS"",""THE REST"""
stubdom/vtpm-deepquote.patch,187,"""STUB DOMAINS"",""THE REST"""
stubdom/vtpm-implicit-fallthrough.patch,10,"""STUB DOMAINS"",""THE REST"""
stubdom/vtpm-locality.patch,50,"""STUB DOMAINS"",""THE REST"""
stubdom/vtpm-parent-sign-ek.patch,196,"""STUB DOMAINS"",""THE REST"""
stubdom/vtpm/COPYING,26,"""STUB DOMAINS"",""THE REST"",""VTPM"""
stubdom/vtpm/Makefile,34,"""STUB DOMAINS"",""THE REST"",""VTPM"""
stubdom/vtpm/minios.cfg,14,"""STUB DOMAINS"",""THE REST"",""VTPM"""
stubdom/vtpm/vtpm.c,504,"""STUB DOMAINS"",""THE REST"",""VTPM"""
stubdom/vtpm/vtpm.h,36,"""STUB DOMAINS"",""THE REST"",""VTPM"""
stubdom/vtpm/vtpm_cmd.c,302,"""STUB DOMAINS"",""THE REST"",""VTPM"""
stubdom/vtpm/vtpm_cmd.h,31,"""STUB DOMAINS"",""THE REST"",""VTPM"""
stubdom/vtpm/vtpm_pcrs.c,43,"""STUB DOMAINS"",""THE REST"",""VTPM"""
stubdom/vtpm/vtpm_pcrs.h,53,"""STUB DOMAINS"",""THE REST"",""VTPM"""
stubdom/vtpm/vtpmblk.c,353,"""STUB DOMAINS"",""THE REST"",""VTPM"""
stubdom/vtpm/vtpmblk.h,31,"""STUB DOMAINS"",""THE REST"",""VTPM"""
stubdom/vtpm_TPM_ChangeAuthAsymFinish.patch,12,"""STUB DOMAINS"",""THE REST"""
stubdom/vtpmmgr/Makefile,36,"""STUB DOMAINS"",""THE REST"",""VTPM"""
stubdom/vtpmmgr/README.source,27,"""STUB DOMAINS"",""THE REST"",""VTPM"""
stubdom/vtpmmgr/calc.pl,97,"""STUB DOMAINS"",""THE REST"",""VTPM"""
stubdom/vtpmmgr/common_types.h,9,"""STUB DOMAINS"",""THE REST"",""VTPM"""
stubdom/vtpmmgr/disk_crypto.c,231,"""STUB DOMAINS"",""THE REST"",""VTPM"""
stubdom/vtpmmgr/disk_crypto.h,17,"""STUB DOMAINS"",""THE REST"",""VTPM"""
stubdom/vtpmmgr/disk_format.h,193,"""STUB DOMAINS"",""THE REST"",""VTPM"""
stubdom/vtpmmgr/disk_io.c,125,"""STUB DOMAINS"",""THE REST"",""VTPM"""
stubdom/vtpmmgr/disk_io.h,25,"""STUB DOMAINS"",""THE REST"",""VTPM"""
stubdom/vtpmmgr/disk_read.c,619,"""STUB DOMAINS"",""THE REST"",""VTPM"""
stubdom/vtpmmgr/disk_tpm.c,297,"""STUB DOMAINS"",""THE REST"",""VTPM"""
stubdom/vtpmmgr/disk_tpm.h,29,"""STUB DOMAINS"",""THE REST"",""VTPM"""
stubdom/vtpmmgr/disk_write.c,419,"""STUB DOMAINS"",""THE REST"",""VTPM"""
stubdom/vtpmmgr/endian_int.h,72,"""STUB DOMAINS"",""THE REST"",""VTPM"""
stubdom/vtpmmgr/init.c,790,"""STUB DOMAINS"",""THE REST"",""VTPM"""
stubdom/vtpmmgr/log.c,151,"""STUB DOMAINS"",""THE REST"",""VTPM"""
stubdom/vtpmmgr/log.h,87,"""STUB DOMAINS"",""THE REST"",""VTPM"""
stubdom/vtpmmgr/manage-vtpmmgr.pl,160,"""STUB DOMAINS"",""THE REST"",""VTPM"""
stubdom/vtpmmgr/marshal.h,927,"""STUB DOMAINS"",""THE REST"",""VTPM"""
stubdom/vtpmmgr/mgmt_authority.c,396,"""STUB DOMAINS"",""THE REST"",""VTPM"""
stubdom/vtpmmgr/mgmt_authority.h,11,"""STUB DOMAINS"",""THE REST"",""VTPM"""
stubdom/vtpmmgr/minios.cfg,14,"""STUB DOMAINS"",""THE REST"",""VTPM"""
stubdom/vtpmmgr/tcg.h,765,"""STUB DOMAINS"",""THE REST"",""VTPM"""
stubdom/vtpmmgr/tpm.c,904,"""STUB DOMAINS"",""THE REST"",""VTPM"""
stubdom/vtpmmgr/tpm.h,184,"""STUB DOMAINS"",""THE REST"",""VTPM"""
stubdom/vtpmmgr/tpm2.c,455,"""STUB DOMAINS"",""THE REST"",""VTPM"""
stubdom/vtpmmgr/tpm2.h,104,"""STUB DOMAINS"",""THE REST"",""VTPM"""
stubdom/vtpmmgr/tpm2_marshal.h,731,"""STUB DOMAINS"",""THE REST"",""VTPM"""
stubdom/vtpmmgr/tpm2_types.h,969,"""STUB DOMAINS"",""THE REST"",""VTPM"""
stubdom/vtpmmgr/tpmrsa.c,199,"""STUB DOMAINS"",""THE REST"",""VTPM"""
stubdom/vtpmmgr/tpmrsa.h,70,"""STUB DOMAINS"",""THE REST"",""VTPM"""
stubdom/vtpmmgr/uuid.h,50,"""STUB DOMAINS"",""THE REST"",""VTPM"""
stubdom/vtpmmgr/vtpm_cmd_handler.c,882,"""STUB DOMAINS"",""THE REST"",""VTPM"""
stubdom/vtpmmgr/vtpm_disk.c,237,"""STUB DOMAINS"",""THE REST"",""VTPM"""
stubdom/vtpmmgr/vtpm_disk.h,233,"""STUB DOMAINS"",""THE REST"",""VTPM"""
stubdom/vtpmmgr/vtpm_manager.h,470,"""STUB DOMAINS"",""THE REST"",""VTPM"""
stubdom/vtpmmgr/vtpmmgr.c,127,"""STUB DOMAINS"",""THE REST"",""VTPM"""
stubdom/vtpmmgr/vtpmmgr.h,116,"""STUB DOMAINS"",""THE REST"",""VTPM"""
stubdom/xenstore-minios.cfg,9,"""STUB DOMAINS"",""THE REST"""
tools/Makefile,345,"""THE REST"",""TOOLSTACK"""
tools/Rules.mk,286,"""THE REST"",""TOOLSTACK"""
tools/blktap2/COPYING,72,"""BLKTAP2"",""THE REST"",""TOOLSTACK"""
tools/blktap2/Makefile,20,"""BLKTAP2"",""THE REST"",""TOOLSTACK"""
tools/blktap2/README,321,"""BLKTAP2"",""THE REST"",""TOOLSTACK"""
tools/blktap2/control/Makefile,107,"""BLKTAP2"",""THE REST"",""TOOLSTACK"""
tools/blktap2/control/tap-ctl-allocate.c,243,"""BLKTAP2"",""THE REST"",""TOOLSTACK"""
tools/blktap2/control/tap-ctl-attach.c,61,"""BLKTAP2"",""THE REST"",""TOOLSTACK"""
tools/blktap2/control/tap-ctl-check.c,79,"""BLKTAP2"",""THE REST"",""TOOLSTACK"""
tools/blktap2/control/tap-ctl-close.c,87,"""BLKTAP2"",""THE REST"",""TOOLSTACK"""
tools/blktap2/control/tap-ctl-create.c,67,"""BLKTAP2"",""THE REST"",""TOOLSTACK"""
tools/blktap2/control/tap-ctl-destroy.c,56,"""BLKTAP2"",""THE REST"",""TOOLSTACK"""
tools/blktap2/control/tap-ctl-detach.c,61,"""BLKTAP2"",""THE REST"",""TOOLSTACK"""
tools/blktap2/control/tap-ctl-free.c,54,"""BLKTAP2"",""THE REST"",""TOOLSTACK"""
tools/blktap2/control/tap-ctl-ipc.c,249,"""BLKTAP2"",""THE REST"",""TOOLSTACK"""
tools/blktap2/control/tap-ctl-list.c,536,"""BLKTAP2"",""THE REST"",""TOOLSTACK"""
tools/blktap2/control/tap-ctl-major.c,69,"""BLKTAP2"",""THE REST"",""TOOLSTACK"""
tools/blktap2/control/tap-ctl-open.c,75,"""BLKTAP2"",""THE REST"",""TOOLSTACK"""
tools/blktap2/control/tap-ctl-pause.c,59,"""BLKTAP2"",""THE REST"",""TOOLSTACK"""
tools/blktap2/control/tap-ctl-spawn.c,174,"""BLKTAP2"",""THE REST"",""TOOLSTACK"""
tools/blktap2/control/tap-ctl-unpause.c,64,"""BLKTAP2"",""THE REST"",""TOOLSTACK"""
tools/blktap2/control/tap-ctl.c,815,"""BLKTAP2"",""THE REST"",""TOOLSTACK"""
tools/blktap2/control/tap-ctl.h,101,"""BLKTAP2"",""THE REST"",""TOOLSTACK"""
tools/blktap2/control/xenblktapctl.pc.in,9,"""BLKTAP2"",""THE REST"",""TOOLSTACK"""
tools/blktap2/drivers/Makefile,116,"""BLKTAP2"",""THE REST"",""TOOLSTACK"""
tools/blktap2/drivers/aes.c,1319,"""BLKTAP2"",""THE REST"",""TOOLSTACK"""
tools/blktap2/drivers/aes.h,28,"""BLKTAP2"",""THE REST"",""TOOLSTACK"""
tools/blktap2/drivers/atomicio.c,61,"""BLKTAP2"",""THE REST"",""TOOLSTACK"""
tools/blktap2/drivers/blk.h,36,"""BLKTAP2"",""THE REST"",""TOOLSTACK"""
tools/blktap2/drivers/blk_linux.c,43,"""BLKTAP2"",""THE REST"",""TOOLSTACK"""
tools/blktap2/drivers/blk_netbsd.c,41,"""BLKTAP2"",""THE REST"",""TOOLSTACK"""
tools/blktap2/drivers/block-aio.c,258,"""BLKTAP2"",""THE REST"",""TOOLSTACK"""
tools/blktap2/drivers/block-cache.c,787,"""BLKTAP2"",""THE REST"",""TOOLSTACK"""
tools/blktap2/drivers/block-log.c,665,"""BLKTAP2"",""THE REST"",""TOOLSTACK"""
tools/blktap2/drivers/block-qcow.c,1502,"""BLKTAP2"",""THE REST"",""TOOLSTACK"""
tools/blktap2/drivers/block-ram.c,256,"""BLKTAP2"",""THE REST"",""TOOLSTACK"""
tools/blktap2/drivers/block-remus.c,1732,"""BLKTAP2"",""THE REST"",""TOOLSTACK"""
tools/blktap2/drivers/block-vhd.c,2322,"""BLKTAP2"",""THE REST"",""TOOLSTACK"""
tools/blktap2/drivers/bswap.h,179,"""BLKTAP2"",""THE REST"",""TOOLSTACK"""
tools/blktap2/drivers/check_gcrypt,18,"""BLKTAP2"",""THE REST"",""TOOLSTACK"""
tools/blktap2/drivers/hashtable.c,279,"""BLKTAP2"",""THE REST"",""TOOLSTACK"""
tools/blktap2/drivers/hashtable.h,204,"""BLKTAP2"",""THE REST"",""TOOLSTACK"""
tools/blktap2/drivers/hashtable_itr.c,195,"""BLKTAP2"",""THE REST"",""TOOLSTACK"""
tools/blktap2/drivers/hashtable_itr.h,96,"""BLKTAP2"",""THE REST"",""TOOLSTACK"""
tools/blktap2/drivers/hashtable_private.h,90,"""BLKTAP2"",""THE REST"",""TOOLSTACK"""
tools/blktap2/drivers/hashtable_utility.c,71,"""BLKTAP2"",""THE REST"",""TOOLSTACK"""
tools/blktap2/drivers/hashtable_utility.h,55,"""BLKTAP2"",""THE REST"",""TOOLSTACK"""
tools/blktap2/drivers/img2qcow.c,316,"""BLKTAP2"",""THE REST"",""TOOLSTACK"""
tools/blktap2/drivers/io-optimize.c,671,"""BLKTAP2"",""THE REST"",""TOOLSTACK"""
tools/blktap2/drivers/io-optimize.h,68,"""BLKTAP2"",""THE REST"",""TOOLSTACK"""
tools/blktap2/drivers/libaio-compat.h,102,"""BLKTAP2"",""THE REST"",""TOOLSTACK"""
tools/blktap2/drivers/lock.c,1000,"""BLKTAP2"",""THE REST"",""TOOLSTACK"""
tools/blktap2/drivers/lock.h,51,"""BLKTAP2"",""THE REST"",""TOOLSTACK"""
tools/blktap2/drivers/log.h,123,"""BLKTAP2"",""THE REST"",""TOOLSTACK"""
tools/blktap2/drivers/md5.c,278,"""BLKTAP2"",""THE REST"",""TOOLSTACK"""
tools/blktap2/drivers/md5.h,15,"""BLKTAP2"",""THE REST"",""TOOLSTACK"""
tools/blktap2/drivers/profile.h,191,"""BLKTAP2"",""THE REST"",""TOOLSTACK"""
tools/blktap2/drivers/qcow-create.c,121,"""BLKTAP2"",""THE REST"",""TOOLSTACK"""
tools/blktap2/drivers/qcow.h,131,"""BLKTAP2"",""THE REST"",""TOOLSTACK"""
tools/blktap2/drivers/qcow2raw.c,443,"""BLKTAP2"",""THE REST"",""TOOLSTACK"""
tools/blktap2/drivers/scheduler.c,265,"""BLKTAP2"",""THE REST"",""TOOLSTACK"""
tools/blktap2/drivers/scheduler.h,65,"""BLKTAP2"",""THE REST"",""TOOLSTACK"""
tools/blktap2/drivers/tapdisk-client.c,496,"""BLKTAP2"",""THE REST"",""TOOLSTACK"""
tools/blktap2/drivers/tapdisk-control.c,838,"""BLKTAP2"",""THE REST"",""TOOLSTACK"""
tools/blktap2/drivers/tapdisk-control.h,35,"""BLKTAP2"",""THE REST"",""TOOLSTACK"""
tools/blktap2/drivers/tapdisk-diff.c,802,"""BLKTAP2"",""THE REST"",""TOOLSTACK"""
tools/blktap2/drivers/tapdisk-disktype.c,200,"""BLKTAP2"",""THE REST"",""TOOLSTACK"""
tools/blktap2/drivers/tapdisk-disktype.h,62,"""BLKTAP2"",""THE REST"",""TOOLSTACK"""
tools/blktap2/drivers/tapdisk-driver.c,101,"""BLKTAP2"",""THE REST"",""TOOLSTACK"""
tools/blktap2/drivers/tapdisk-driver.h,62,"""BLKTAP2"",""THE REST"",""TOOLSTACK"""
tools/blktap2/drivers/tapdisk-filter.c,272,"""BLKTAP2"",""THE REST"",""TOOLSTACK"""
tools/blktap2/drivers/tapdisk-filter.h,67,"""BLKTAP2"",""THE REST"",""TOOLSTACK"""
tools/blktap2/drivers/tapdisk-image.c,169,"""BLKTAP2"",""THE REST"",""TOOLSTACK"""
tools/blktap2/drivers/tapdisk-image.h,56,"""BLKTAP2"",""THE REST"",""TOOLSTACK"""
tools/blktap2/drivers/tapdisk-interface.c,259,"""BLKTAP2"",""THE REST"",""TOOLSTACK"""
tools/blktap2/drivers/tapdisk-interface.h,54,"""BLKTAP2"",""THE REST"",""TOOLSTACK"""
tools/blktap2/drivers/tapdisk-log.c,257,"""BLKTAP2"",""THE REST"",""TOOLSTACK"""
tools/blktap2/drivers/tapdisk-log.h,51,"""BLKTAP2"",""THE REST"",""TOOLSTACK"""
tools/blktap2/drivers/tapdisk-queue.c,743,"""BLKTAP2"",""THE REST"",""TOOLSTACK"""
tools/blktap2/drivers/tapdisk-queue.h,125,"""BLKTAP2"",""THE REST"",""TOOLSTACK"""
tools/blktap2/drivers/tapdisk-ring.c,439,"""BLKTAP2"",""THE REST"",""TOOLSTACK"""
tools/blktap2/drivers/tapdisk-ring.h,87,"""BLKTAP2"",""THE REST"",""TOOLSTACK"""
tools/blktap2/drivers/tapdisk-server.c,345,"""BLKTAP2"",""THE REST"",""TOOLSTACK"""
tools/blktap2/drivers/tapdisk-server.h,67,"""BLKTAP2"",""THE REST"",""TOOLSTACK"""
tools/blktap2/drivers/tapdisk-stream.c,605,"""BLKTAP2"",""THE REST"",""TOOLSTACK"""
tools/blktap2/drivers/tapdisk-utils.c,214,"""BLKTAP2"",""THE REST"",""TOOLSTACK"""
tools/blktap2/drivers/tapdisk-utils.h,45,"""BLKTAP2"",""THE REST"",""TOOLSTACK"""
tools/blktap2/drivers/tapdisk-vbd.c,1724,"""BLKTAP2"",""THE REST"",""TOOLSTACK"""
tools/blktap2/drivers/tapdisk-vbd.h,207,"""BLKTAP2"",""THE REST"",""TOOLSTACK"""
tools/blktap2/drivers/tapdisk.h,169,"""BLKTAP2"",""THE REST"",""TOOLSTACK"""
tools/blktap2/drivers/tapdisk2.c,138,"""BLKTAP2"",""THE REST"",""TOOLSTACK"""
tools/blktap2/drivers/td.c,691,"""BLKTAP2"",""THE REST"",""TOOLSTACK"""
tools/blktap2/drivers/xmsnap,77,"""BLKTAP2"",""THE REST"",""TOOLSTACK"""
tools/blktap2/include/Makefile,19,"""BLKTAP2"",""THE REST"",""TOOLSTACK"""
tools/blktap2/include/atomicio.h,35,"""BLKTAP2"",""THE REST"",""TOOLSTACK"""
tools/blktap2/include/blktap2.h,67,"""BLKTAP2"",""THE REST"",""TOOLSTACK"""
tools/blktap2/include/blktaplib.h,242,"""BLKTAP2"",""THE REST"",""TOOLSTACK"""
tools/blktap2/include/libvhd-journal.h,68,"""BLKTAP2"",""THE REST"",""TOOLSTACK"""
tools/blktap2/include/libvhd.h,326,"""BLKTAP2"",""THE REST"",""TOOLSTACK"""
tools/blktap2/include/list.h,125,"""BLKTAP2"",""THE REST"",""TOOLSTACK"""
tools/blktap2/include/lvm-util.h,71,"""BLKTAP2"",""THE REST"",""TOOLSTACK"""
tools/blktap2/include/relative-path.h,43,"""BLKTAP2"",""THE REST"",""TOOLSTACK"""
tools/blktap2/include/tapdisk-message.h,203,"""BLKTAP2"",""THE REST"",""TOOLSTACK"""
tools/blktap2/include/vhd-util.h,44,"""BLKTAP2"",""THE REST"",""TOOLSTACK"""
tools/blktap2/include/vhd-uuid.h,63,"""BLKTAP2"",""THE REST"",""TOOLSTACK"""
tools/blktap2/include/vhd.h,219,"""BLKTAP2"",""THE REST"",""TOOLSTACK"""
tools/blktap2/lvm/Makefile,38,"""BLKTAP2"",""THE REST"",""TOOLSTACK"""
tools/blktap2/lvm/lvm-util.c,349,"""BLKTAP2"",""THE REST"",""TOOLSTACK"""
tools/blktap2/vhd/Makefile,55,"""BLKTAP2"",""THE REST"",""TOOLSTACK"""
tools/blktap2/vhd/lib/Makefile,88,"""BLKTAP2"",""THE REST"",""TOOLSTACK"""
tools/blktap2/vhd/lib/atomicio.c,61,"""BLKTAP2"",""THE REST"",""TOOLSTACK"""
tools/blktap2/vhd/lib/libvhd-journal.c,1533,"""BLKTAP2"",""THE REST"",""TOOLSTACK"""
tools/blktap2/vhd/lib/libvhd.c,3348,"""BLKTAP2"",""THE REST"",""TOOLSTACK"""
tools/blktap2/vhd/lib/relative-path.c,299,"""BLKTAP2"",""THE REST"",""TOOLSTACK"""
tools/blktap2/vhd/lib/vhd-util-check.c,980,"""BLKTAP2"",""THE REST"",""TOOLSTACK"""
tools/blktap2/vhd/lib/vhd-util-coalesce.c,218,"""BLKTAP2"",""THE REST"",""TOOLSTACK"""
tools/blktap2/vhd/lib/vhd-util-create.c,80,"""BLKTAP2"",""THE REST"",""TOOLSTACK"""
tools/blktap2/vhd/lib/vhd-util-fill.c,105,"""BLKTAP2"",""THE REST"",""TOOLSTACK"""
tools/blktap2/vhd/lib/vhd-util-modify.c,132,"""BLKTAP2"",""THE REST"",""TOOLSTACK"""
tools/blktap2/vhd/lib/vhd-util-query.c,159,"""BLKTAP2"",""THE REST"",""TOOLSTACK"""
tools/blktap2/vhd/lib/vhd-util-read.c,742,"""BLKTAP2"",""THE REST"",""TOOLSTACK"""
tools/blktap2/vhd/lib/vhd-util-repair.c,84,"""BLKTAP2"",""THE REST"",""TOOLSTACK"""
tools/blktap2/vhd/lib/vhd-util-resize.c,1131,"""BLKTAP2"",""THE REST"",""TOOLSTACK"""
tools/blktap2/vhd/lib/vhd-util-revert.c,106,"""BLKTAP2"",""THE REST"",""TOOLSTACK"""
tools/blktap2/vhd/lib/vhd-util-scan.c,1317,"""BLKTAP2"",""THE REST"",""TOOLSTACK"""
tools/blktap2/vhd/lib/vhd-util-set-field.c,106,"""BLKTAP2"",""THE REST"",""TOOLSTACK"""
tools/blktap2/vhd/lib/vhd-util-snapshot.c,216,"""BLKTAP2"",""THE REST"",""TOOLSTACK"""
tools/blktap2/vhd/lib/vhd-util-uuid.c,128,"""BLKTAP2"",""THE REST"",""TOOLSTACK"""
tools/blktap2/vhd/vhd-update.c,259,"""BLKTAP2"",""THE REST"",""TOOLSTACK"""
tools/blktap2/vhd/vhd-util.c,163,"""BLKTAP2"",""THE REST"",""TOOLSTACK"""
tools/config.h.in,141,"""THE REST"",""TOOLSTACK"""
tools/configure,11077,"""THE REST"",""TOOLSTACK"""
tools/configure.ac,495,"""THE REST"",""TOOLSTACK"""
tools/console/Makefile,58,"""THE REST"",""TOOLSTACK"""
tools/console/client/main.c,503,"""THE REST"",""TOOLSTACK"""
tools/console/daemon/io.c,1479,"""THE REST"",""TOOLSTACK"""
tools/console/daemon/io.h,25,"""THE REST"",""TOOLSTACK"""
tools/console/daemon/main.c,225,"""THE REST"",""TOOLSTACK"""
tools/console/daemon/utils.c,139,"""THE REST"",""TOOLSTACK"""
tools/console/daemon/utils.h,47,"""THE REST"",""TOOLSTACK"""
tools/console/testsuite/Makefile,17,"""THE REST"",""TOOLSTACK"""
tools/console/testsuite/README,29,"""THE REST"",""TOOLSTACK"""
tools/console/testsuite/console-dom0.c,117,"""THE REST"",""TOOLSTACK"""
tools/console/testsuite/console-domU.c,76,"""THE REST"",""TOOLSTACK"""
tools/console/testsuite/procpipe.c,133,"""THE REST"",""TOOLSTACK"""
tools/cross-install,8,"""THE REST"",""TOOLSTACK"""
tools/debugger/gdbsx/Makefile,34,"""GDBSX DEBUGGER"",""THE REST"",""TOOLSTACK"""
tools/debugger/gdbsx/README,130,"""GDBSX DEBUGGER"",""THE REST"",""TOOLSTACK"""
tools/debugger/gdbsx/Rules.mk,6,"""GDBSX DEBUGGER"",""THE REST"",""TOOLSTACK"""
tools/debugger/gdbsx/gx/Makefile,22,"""GDBSX DEBUGGER"",""THE REST"",""TOOLSTACK"""
tools/debugger/gdbsx/gx/gx.h,38,"""GDBSX DEBUGGER"",""THE REST"",""TOOLSTACK"""
tools/debugger/gdbsx/gx/gx_comm.c,332,"""GDBSX DEBUGGER"",""THE REST"",""TOOLSTACK"""
tools/debugger/gdbsx/gx/gx_local.c,145,"""GDBSX DEBUGGER"",""THE REST"",""TOOLSTACK"""
tools/debugger/gdbsx/gx/gx_main.c,695,"""GDBSX DEBUGGER"",""THE REST"",""TOOLSTACK"""
tools/debugger/gdbsx/gx/gx_utils.c,143,"""GDBSX DEBUGGER"",""THE REST"",""TOOLSTACK"""
tools/debugger/gdbsx/gx/xg_dummy.c,120,"""GDBSX DEBUGGER"",""THE REST"",""TOOLSTACK"""
tools/debugger/gdbsx/xg/Makefile,38,"""GDBSX DEBUGGER"",""THE REST"",""TOOLSTACK"""
tools/debugger/gdbsx/xg/xg_main.c,836,"""GDBSX DEBUGGER"",""THE REST"",""TOOLSTACK"""
tools/debugger/gdbsx/xg/xg_public.h,100,"""GDBSX DEBUGGER"",""THE REST"",""TOOLSTACK"""
tools/debugger/kdd/Makefile,31,"""KDD DEBUGGER"",""THE REST"",""TOOLSTACK"""
tools/debugger/kdd/kdd-xen.c,624,"""KDD DEBUGGER"",""THE REST"",""TOOLSTACK"""
tools/debugger/kdd/kdd.c,1046,"""KDD DEBUGGER"",""THE REST"",""TOOLSTACK"""
tools/debugger/kdd/kdd.h,520,"""KDD DEBUGGER"",""THE REST"",""TOOLSTACK"""
tools/examples/Makefile,59,"""THE REST"",""TOOLSTACK"""
tools/examples/README,33,"""THE REST"",""TOOLSTACK"""
tools/examples/README.incompatibilities,38,"""THE REST"",""TOOLSTACK"""
tools/examples/cpupool,17,"""THE REST"",""TOOLSTACK"""
tools/examples/vnc/Xservers,4,"""THE REST"",""TOOLSTACK"""
tools/examples/vnc/Xvnc-xen,53,"""THE REST"",""TOOLSTACK"""
tools/examples/xeninfo.pl,284,"""THE REST"",""TOOLSTACK"""
tools/examples/xl.conf,44,"""THE REST"",""TOOLSTACK"""
tools/examples/xlexample.hvm,47,"""THE REST"",""TOOLSTACK"""
tools/examples/xlexample.pvhlinux,42,"""THE REST"",""TOOLSTACK"""
tools/examples/xlexample.pvlinux,44,"""THE REST"",""TOOLSTACK"""
tools/firmware/Makefile,142,"""THE REST"",""TOOLSTACK"""
tools/firmware/Rules.mk,19,"""THE REST"",""TOOLSTACK"""
tools/firmware/etherboot/Config,9,"""THE REST"",""TOOLSTACK"""
tools/firmware/etherboot/Makefile,61,"""THE REST"",""TOOLSTACK"""
tools/firmware/etherboot/README,28,"""THE REST"",""TOOLSTACK"""
tools/firmware/etherboot/patches/boot_prompt_option.patch,34,"""THE REST"",""TOOLSTACK"""
tools/firmware/etherboot/patches/series,1,"""THE REST"",""TOOLSTACK"""
tools/firmware/hvmloader/32bitbios_support.c,159,"""THE REST"",""TOOLSTACK"",""X86 ARCHITECTURE"""
tools/firmware/hvmloader/Makefile,115,"""THE REST"",""TOOLSTACK"",""X86 ARCHITECTURE"""
tools/firmware/hvmloader/apic_regs.h,118,"""THE REST"",""TOOLSTACK"",""X86 ARCHITECTURE"""
tools/firmware/hvmloader/cacheattr.c,144,"""THE REST"",""TOOLSTACK"",""X86 ARCHITECTURE"""
tools/firmware/hvmloader/config-seabios.h,16,"""THE REST"",""TOOLSTACK"",""X86 ARCHITECTURE"""
tools/firmware/hvmloader/config.h,98,"""THE REST"",""TOOLSTACK"",""X86 ARCHITECTURE"""
tools/firmware/hvmloader/ctype.c,27,"""THE REST"",""TOOLSTACK"",""X86 ARCHITECTURE"""
tools/firmware/hvmloader/ctype.h,29,"""THE REST"",""TOOLSTACK"",""X86 ARCHITECTURE"""
tools/firmware/hvmloader/e820.c,289,"""THE REST"",""TOOLSTACK"",""X86 ARCHITECTURE"""
tools/firmware/hvmloader/e820.h,35,"""THE REST"",""TOOLSTACK"",""X86 ARCHITECTURE"""
tools/firmware/hvmloader/hvm_param.c,36,"""THE REST"",""TOOLSTACK"",""X86 ARCHITECTURE"""
tools/firmware/hvmloader/hvmloader.c,450,"""THE REST"",""TOOLSTACK"",""X86 ARCHITECTURE"""
tools/firmware/hvmloader/hvmloader.lds,15,"""THE REST"",""TOOLSTACK"",""X86 ARCHITECTURE"""
tools/firmware/hvmloader/hypercall.h,192,"""THE REST"",""TOOLSTACK"",""X86 ARCHITECTURE"""
tools/firmware/hvmloader/mp_tables.c,348,"""THE REST"",""TOOLSTACK"",""X86 ARCHITECTURE"""
tools/firmware/hvmloader/option_rom.h,67,"""THE REST"",""TOOLSTACK"",""X86 ARCHITECTURE"""
tools/firmware/hvmloader/optionroms.c,188,"""THE REST"",""TOOLSTACK"",""X86 ARCHITECTURE"""
tools/firmware/hvmloader/ovmf.c,176,"""THE REST"",""TOOLSTACK"",""X86 ARCHITECTURE"""
tools/firmware/hvmloader/pci.c,543,"""THE REST"",""TOOLSTACK"",""X86 ARCHITECTURE"""
tools/firmware/hvmloader/pci_regs.h,120,"""THE REST"",""TOOLSTACK"",""X86 ARCHITECTURE"""
tools/firmware/hvmloader/pir.c,76,"""THE REST"",""TOOLSTACK"",""X86 ARCHITECTURE"""
tools/firmware/hvmloader/pir_types.h,70,"""THE REST"",""TOOLSTACK"",""X86 ARCHITECTURE"""
tools/firmware/hvmloader/rombios.c,249,"""THE REST"",""TOOLSTACK"",""X86 ARCHITECTURE"""
tools/firmware/hvmloader/seabios.c,171,"""THE REST"",""TOOLSTACK"",""X86 ARCHITECTURE"""
tools/firmware/hvmloader/smbios.c,957,"""THE REST"",""TOOLSTACK"",""X86 ARCHITECTURE"""
tools/firmware/hvmloader/smbios_types.h,268,"""THE REST"",""TOOLSTACK"",""X86 ARCHITECTURE"""
tools/firmware/hvmloader/smp.c,141,"""THE REST"",""TOOLSTACK"",""X86 ARCHITECTURE"""
tools/firmware/hvmloader/tests.c,392,"""THE REST"",""TOOLSTACK"",""X86 ARCHITECTURE"""
tools/firmware/hvmloader/util.c,1006,"""THE REST"",""TOOLSTACK"",""X86 ARCHITECTURE"""
tools/firmware/hvmloader/util.h,299,"""THE REST"",""TOOLSTACK"",""X86 ARCHITECTURE"""
tools/firmware/hvmloader/vnuma.c,79,"""THE REST"",""TOOLSTACK"",""X86 ARCHITECTURE"""
tools/firmware/hvmloader/vnuma.h,52,"""THE REST"",""TOOLSTACK"",""X86 ARCHITECTURE"""
tools/firmware/hvmloader/xenbus.c,319,"""THE REST"",""TOOLSTACK"",""X86 ARCHITECTURE"""
tools/firmware/ovmf-makefile,25,"""THE REST"",""TOOLSTACK"""
tools/firmware/rombios/32bit/32bitbios.c,33,"""THE REST"",""TOOLSTACK"",""X86 ARCHITECTURE"""
tools/firmware/rombios/32bit/Makefile,35,"""THE REST"",""TOOLSTACK"",""X86 ARCHITECTURE"""
tools/firmware/rombios/32bit/mkhex,25,"""THE REST"",""TOOLSTACK"",""X86 ARCHITECTURE"""
tools/firmware/rombios/32bit/pmm.c,534,"""THE REST"",""TOOLSTACK"",""X86 ARCHITECTURE"""
tools/firmware/rombios/32bit/rombios_compat.h,99,"""THE REST"",""TOOLSTACK"",""X86 ARCHITECTURE"""
tools/firmware/rombios/32bit/tcgbios/Makefile,23,"""THE REST"",""TOOLSTACK"",""X86 ARCHITECTURE"""
tools/firmware/rombios/32bit/tcgbios/tcgbios.c,1527,"""THE REST"",""TOOLSTACK"",""X86 ARCHITECTURE"""
tools/firmware/rombios/32bit/tcgbios/tcgbios.h,249,"""THE REST"",""TOOLSTACK"",""X86 ARCHITECTURE"""
tools/firmware/rombios/32bit/tcgbios/tpm_drivers.c,195,"""THE REST"",""TOOLSTACK"",""X86 ARCHITECTURE"""
tools/firmware/rombios/32bit/tcgbios/tpm_drivers.h,18,"""THE REST"",""TOOLSTACK"",""X86 ARCHITECTURE"""
tools/firmware/rombios/32bit/util.c,465,"""THE REST"",""TOOLSTACK"",""X86 ARCHITECTURE"""
tools/firmware/rombios/32bit/util.h,46,"""THE REST"",""TOOLSTACK"",""X86 ARCHITECTURE"""
tools/firmware/rombios/32bitgateway.c,176,"""THE REST"",""TOOLSTACK"",""X86 ARCHITECTURE"""
tools/firmware/rombios/32bitprotos.h,16,"""THE REST"",""TOOLSTACK"",""X86 ARCHITECTURE"""
tools/firmware/rombios/Makefile,34,"""THE REST"",""TOOLSTACK"",""X86 ARCHITECTURE"""
tools/firmware/rombios/apmbios.S,366,"""THE REST"",""TOOLSTACK"",""X86 ARCHITECTURE"""
tools/firmware/rombios/biossums.c,478,"""THE REST"",""TOOLSTACK"",""X86 ARCHITECTURE"""
tools/firmware/rombios/config.h,36,"""THE REST"",""TOOLSTACK"",""X86 ARCHITECTURE"""
tools/firmware/rombios/e820.h,18,"""THE REST"",""TOOLSTACK"",""X86 ARCHITECTURE"""
tools/firmware/rombios/makesym.perl,31,"""THE REST"",""TOOLSTACK"",""X86 ARCHITECTURE"""
tools/firmware/rombios/rombios.c,11860,"""THE REST"",""TOOLSTACK"",""X86 ARCHITECTURE"""
tools/firmware/rombios/rombios.h,70,"""THE REST"",""TOOLSTACK"",""X86 ARCHITECTURE"""
tools/firmware/rombios/tcgbios.c,101,"""THE REST"",""TOOLSTACK"",""X86 ARCHITECTURE"""
tools/firmware/seabios-config,108,"""THE REST"",""TOOLSTACK"""
tools/firmware/vgabios/BUGS,3,"""THE REST"",""TOOLSTACK"",""X86 ARCHITECTURE"""
tools/firmware/vgabios/COPYING,503,"""THE REST"",""TOOLSTACK"",""X86 ARCHITECTURE"""
tools/firmware/vgabios/ChangeLog,1264,"""THE REST"",""TOOLSTACK"",""X86 ARCHITECTURE"""
tools/firmware/vgabios/Makefile,89,"""THE REST"",""TOOLSTACK"",""X86 ARCHITECTURE"""
tools/firmware/vgabios/Notes,11,"""THE REST"",""TOOLSTACK"",""X86 ARCHITECTURE"""
tools/firmware/vgabios/README,219,"""THE REST"",""TOOLSTACK"",""X86 ARCHITECTURE"""
tools/firmware/vgabios/TODO,26,"""THE REST"",""TOOLSTACK"",""X86 ARCHITECTURE"""
tools/firmware/vgabios/biossums.c,281,"""THE REST"",""TOOLSTACK"",""X86 ARCHITECTURE"""
tools/firmware/vgabios/clext.c,1716,"""THE REST"",""TOOLSTACK"",""X86 ARCHITECTURE"""
tools/firmware/vgabios/dataseghack,23,"""THE REST"",""TOOLSTACK"",""X86 ARCHITECTURE"""
tools/firmware/vgabios/vbe.c,1472,"""THE REST"",""TOOLSTACK"",""X86 ARCHITECTURE"""
tools/firmware/vgabios/vbe.h,315,"""THE REST"",""TOOLSTACK"",""X86 ARCHITECTURE"""
tools/firmware/vgabios/vbe_display_api.txt,237,"""THE REST"",""TOOLSTACK"",""X86 ARCHITECTURE"""
tools/firmware/vgabios/vbetables-gen.c,261,"""THE REST"",""TOOLSTACK"",""X86 ARCHITECTURE"""
tools/firmware/vgabios/vgabios.c,3852,"""THE REST"",""TOOLSTACK"",""X86 ARCHITECTURE"""
tools/firmware/vgabios/vgabios.h,47,"""THE REST"",""TOOLSTACK"",""X86 ARCHITECTURE"""
tools/firmware/vgabios/vgafonts.h,784,"""THE REST"",""TOOLSTACK"",""X86 ARCHITECTURE"""
tools/firmware/vgabios/vgatables.h,623,"""THE REST"",""TOOLSTACK"",""X86 ARCHITECTURE"""
tools/firmware/xen-dir/Makefile,56,"""THE REST"",""TOOLSTACK"""
tools/flask/Makefile,9,"""THE REST"",""TOOLSTACK"",""XSM/FLASK"""
tools/flask/policy/Makefile,6,"""THE REST"",""TOOLSTACK"",""XSM/FLASK"""
tools/flask/policy/Makefile.common,135,"""THE REST"",""TOOLSTACK"",""XSM/FLASK"""
tools/flask/policy/modules/all_system_role.te,3,"""THE REST"",""TOOLSTACK"",""XSM/FLASK"""
tools/flask/policy/modules/dom0.te,77,"""THE REST"",""TOOLSTACK"",""XSM/FLASK"""
tools/flask/policy/modules/domU.te,28,"""THE REST"",""TOOLSTACK"",""XSM/FLASK"""
tools/flask/policy/modules/guest_features.te,38,"""THE REST"",""TOOLSTACK"",""XSM/FLASK"""
tools/flask/policy/modules/isolated_domU.te,7,"""THE REST"",""TOOLSTACK"",""XSM/FLASK"""
tools/flask/policy/modules/modules.conf,49,"""THE REST"",""TOOLSTACK"",""XSM/FLASK"""
tools/flask/policy/modules/nic_dev.te,14,"""THE REST"",""TOOLSTACK"",""XSM/FLASK"""
tools/flask/policy/modules/nomigrate.te,8,"""THE REST"",""TOOLSTACK"",""XSM/FLASK"""
tools/flask/policy/modules/prot_domU.te,13,"""THE REST"",""TOOLSTACK"",""XSM/FLASK"""
tools/flask/policy/modules/vm_role.cons,40,"""THE REST"",""TOOLSTACK"",""XSM/FLASK"""
tools/flask/policy/modules/vm_role.te,16,"""THE REST"",""TOOLSTACK"",""XSM/FLASK"""
tools/flask/policy/modules/xen.if,213,"""THE REST"",""TOOLSTACK"",""XSM/FLASK"""
tools/flask/policy/modules/xen.te,92,"""THE REST"",""TOOLSTACK"",""XSM/FLASK"""
tools/flask/policy/modules/xenstore.te,24,"""THE REST"",""TOOLSTACK"",""XSM/FLASK"""
tools/flask/policy/policy/access_vectors,5,"""THE REST"",""TOOLSTACK"",""XSM/FLASK"""
tools/flask/policy/policy/device_contexts,32,"""THE REST"",""TOOLSTACK"",""XSM/FLASK"""
tools/flask/policy/policy/global_tunables,5,"""THE REST"",""TOOLSTACK"",""XSM/FLASK"""
tools/flask/policy/policy/initial_sids,18,"""THE REST"",""TOOLSTACK"",""XSM/FLASK"""
tools/flask/policy/policy/mls,83,"""THE REST"",""TOOLSTACK"",""XSM/FLASK"""
tools/flask/policy/policy/security_classes,7,"""THE REST"",""TOOLSTACK"",""XSM/FLASK"""
tools/flask/policy/policy/support/misc_macros.spt,72,"""THE REST"",""TOOLSTACK"",""XSM/FLASK"""
tools/flask/policy/policy/support/mls_macros.spt,55,"""THE REST"",""TOOLSTACK"",""XSM/FLASK"""
tools/flask/policy/policy/users,1,"""THE REST"",""TOOLSTACK"",""XSM/FLASK"""
tools/flask/utils/Makefile,62,"""THE REST"",""TOOLSTACK"",""XSM/FLASK"""
tools/flask/utils/get-bool.c,89,"""THE REST"",""TOOLSTACK"",""XSM/FLASK"""
tools/flask/utils/getenforce.c,65,"""THE REST"",""TOOLSTACK"",""XSM/FLASK"""
tools/flask/utils/label-pci.c,123,"""THE REST"",""TOOLSTACK"",""XSM/FLASK"""
tools/flask/utils/loadpolicy.c,127,"""THE REST"",""TOOLSTACK"",""XSM/FLASK"""
tools/flask/utils/set-bool.c,71,"""THE REST"",""TOOLSTACK"",""XSM/FLASK"""
tools/flask/utils/setenforce.c,72,"""THE REST"",""TOOLSTACK"",""XSM/FLASK"""
tools/fuzz/Makefile,9,"""THE REST"",""TOOLSTACK"""
tools/fuzz/README.afl,64,"""THE REST"",""TOOLSTACK"""
tools/fuzz/README.oss-fuzz,39,"""THE REST"",""TOOLSTACK"""
tools/fuzz/libelf/Makefile,42,"""THE REST"",""TOOLSTACK"""
tools/fuzz/libelf/afl-libelf-fuzzer.c,57,"""THE REST"",""TOOLSTACK"""
tools/fuzz/libelf/libelf-fuzzer.c,34,"""THE REST"",""TOOLSTACK"""
tools/fuzz/x86_instruction_emulator/Makefile,67,"""THE REST"",""TOOLSTACK"",""X86 ARCHITECTURE"""
tools/fuzz/x86_instruction_emulator/afl-harness.c,132,"""THE REST"",""TOOLSTACK"",""X86 ARCHITECTURE"""
tools/fuzz/x86_instruction_emulator/fuzz-emul.c,885,"""THE REST"",""TOOLSTACK"",""X86 ARCHITECTURE"""
tools/fuzz/x86_instruction_emulator/fuzz-emul.h,10,"""THE REST"",""TOOLSTACK"",""X86 ARCHITECTURE"""
tools/golang/Makefile,30,"""THE REST"",""TOOLSTACK"""
tools/golang/xenlight/Makefile,52,"""THE REST"",""TOOLSTACK"""
tools/golang/xenlight/xenlight.go,1197,"""THE REST"",""TOOLSTACK"""
tools/helpers/Makefile,59,"""THE REST"",""TOOLSTACK"""
tools/helpers/init-dom-json.c,72,"""THE REST"",""TOOLSTACK"""
tools/helpers/init-dom-json.h,19,"""THE REST"",""TOOLSTACK"""
tools/helpers/init-xenstore-domain.c,432,"""THE REST"",""TOOLSTACK"""
tools/helpers/xen-init-dom0.c,103,"""THE REST"",""TOOLSTACK"""
tools/hotplug/FreeBSD/Makefile,58,"""THE REST"",""TOOLSTACK"""
tools/hotplug/FreeBSD/block,25,"""THE REST"",""TOOLSTACK"""
tools/hotplug/FreeBSD/rc.d/xencommons.in,125,"""THE REST"",""TOOLSTACK"""
tools/hotplug/FreeBSD/rc.d/xendriverdomain.in,45,"""THE REST"",""TOOLSTACK"""
tools/hotplug/FreeBSD/vif-bridge,43,"""THE REST"",""TOOLSTACK"""
tools/hotplug/Linux/Makefile,88,"""THE REST"",""TOOLSTACK"""
tools/hotplug/Linux/block,372,"""THE REST"",""TOOLSTACK"""
tools/hotplug/Linux/block-common.sh,128,"""THE REST"",""TOOLSTACK"""
tools/hotplug/Linux/block-drbd-probe,86,"""REMUS"",""THE REST"",""TOOLSTACK"""
tools/hotplug/Linux/block-dummy,107,"""THE REST"",""TOOLSTACK"""
tools/hotplug/Linux/block-enbd,27,"""THE REST"",""TOOLSTACK"""
tools/hotplug/Linux/block-iscsi,154,"""THE REST"",""TOOLSTACK"""
tools/hotplug/Linux/block-nbd,27,"""THE REST"",""TOOLSTACK"""
tools/hotplug/Linux/block-tap,123,"""THE REST"",""TOOLSTACK"""
tools/hotplug/Linux/colo-proxy-setup,135,"""THE REST"",""TOOLSTACK"""
tools/hotplug/Linux/external-device-migrate,97,"""THE REST"",""TOOLSTACK"""
tools/hotplug/Linux/init.d/sysconfig.xencommons.in,100,"""THE REST"",""TOOLSTACK"""
tools/hotplug/Linux/init.d/sysconfig.xendomains.in,137,"""THE REST"",""TOOLSTACK"""
tools/hotplug/Linux/init.d/xen-watchdog.in,90,"""THE REST"",""TOOLSTACK"""
tools/hotplug/Linux/init.d/xencommons.in,119,"""THE REST"",""TOOLSTACK"""
tools/hotplug/Linux/init.d/xendomains.in,50,"""THE REST"",""TOOLSTACK"""
tools/hotplug/Linux/init.d/xendriverdomain.in,84,"""THE REST"",""TOOLSTACK"""
tools/hotplug/Linux/launch-xenstore.in,87,"""THE REST"",""TOOLSTACK"""
tools/hotplug/Linux/locking.sh,131,"""THE REST"",""TOOLSTACK"""
tools/hotplug/Linux/logging.sh,21,"""THE REST"",""TOOLSTACK"""
tools/hotplug/Linux/remus-netbuf-setup,230,"""REMUS"",""THE REST"",""TOOLSTACK"""
tools/hotplug/Linux/systemd/Makefile,52,"""THE REST"",""TOOLSTACK"""
tools/hotplug/Linux/systemd/proc-xen.mount.in,10,"""THE REST"",""TOOLSTACK"""
tools/hotplug/Linux/systemd/show_service_dependencies.sh,31,"""THE REST"",""TOOLSTACK"""
tools/hotplug/Linux/systemd/var-lib-xenstored.mount.in,12,"""THE REST"",""TOOLSTACK"""
tools/hotplug/Linux/systemd/xen-init-dom0.service.in,15,"""THE REST"",""TOOLSTACK"""
tools/hotplug/Linux/systemd/xen-qemu-dom0-disk-backend.service.in,21,"""THE REST"",""TOOLSTACK"""
tools/hotplug/Linux/systemd/xen-watchdog.service.in,13,"""THE REST"",""TOOLSTACK"""
tools/hotplug/Linux/systemd/xenconsoled.service.in,18,"""THE REST"",""TOOLSTACK"""
tools/hotplug/Linux/systemd/xendomains.service.in,19,"""THE REST"",""TOOLSTACK"""
tools/hotplug/Linux/systemd/xendriverdomain.service.in,12,"""THE REST"",""TOOLSTACK"""
tools/hotplug/Linux/systemd/xenstored.service.in,19,"""THE REST"",""TOOLSTACK"""
tools/hotplug/Linux/vif-bridge,104,"""THE REST"",""TOOLSTACK"""
tools/hotplug/Linux/vif-common.sh,246,"""THE REST"",""TOOLSTACK"""
tools/hotplug/Linux/vif-nat,190,"""THE REST"",""TOOLSTACK"""
tools/hotplug/Linux/vif-openvswitch,109,"""THE REST"",""TOOLSTACK"""
tools/hotplug/Linux/vif-post.d/00-vif-local.hook,18,"""THE REST"",""TOOLSTACK"""
tools/hotplug/Linux/vif-route,54,"""THE REST"",""TOOLSTACK"""
tools/hotplug/Linux/vif-setup.in,9,"""THE REST"",""TOOLSTACK"""
tools/hotplug/Linux/vif2,46,"""THE REST"",""TOOLSTACK"""
tools/hotplug/Linux/vscsi,22,"""THE REST"",""TOOLSTACK"""
tools/hotplug/Linux/xen-hotplug-common.sh.in,112,"""THE REST"",""TOOLSTACK"""
tools/hotplug/Linux/xen-network-common.sh,143,"""THE REST"",""TOOLSTACK"""
tools/hotplug/Linux/xen-script-common.sh,43,"""THE REST"",""TOOLSTACK"""
tools/hotplug/Linux/xendomains.in,596,"""THE REST"",""TOOLSTACK"""
tools/hotplug/Makefile,10,"""THE REST"",""TOOLSTACK"""
tools/hotplug/NetBSD/Makefile,60,"""THE REST"",""TOOLSTACK"""
tools/hotplug/NetBSD/block,97,"""THE REST"",""TOOLSTACK"""
tools/hotplug/NetBSD/rc.d/xen-watchdog,23,"""THE REST"",""TOOLSTACK"""
tools/hotplug/NetBSD/rc.d/xencommons.in,124,"""THE REST"",""TOOLSTACK"""
tools/hotplug/NetBSD/rc.d/xendomains,133,"""THE REST"",""TOOLSTACK"""
tools/hotplug/NetBSD/rc.d/xendriverdomain.in,49,"""THE REST"",""TOOLSTACK"""
tools/hotplug/NetBSD/vif-bridge,35,"""THE REST"",""TOOLSTACK"""
tools/hotplug/NetBSD/vif-ip,34,"""THE REST"",""TOOLSTACK"""
tools/hotplug/common/Makefile,50,"""THE REST"",""TOOLSTACK"""
tools/include/Makefile,86,"""THE REST"",""TOOLSTACK"""
tools/include/xen-external/README,24,"""THE REST"",""TOOLSTACK"""
tools/include/xen-external/bsd-COPYRIGHT,126,"""THE REST"",""TOOLSTACK"""
tools/include/xen-external/bsd-queue.3,1044,"""THE REST"",""TOOLSTACK"""
tools/include/xen-external/bsd-sys-queue-h-seddery,74,"""THE REST"",""TOOLSTACK"""
tools/include/xen-external/bsd-sys-queue.h,637,"""THE REST"",""TOOLSTACK"""
tools/include/xen-foreign/Makefile,56,"""THE REST"",""TOOLSTACK"""
tools/include/xen-foreign/mkchecker.py,70,"""THE REST"",""TOOLSTACK"""
tools/include/xen-foreign/mkheader.py,217,"""THE REST"",""TOOLSTACK"""
tools/include/xen-foreign/reference.size,14,"""THE REST"",""TOOLSTACK"""
tools/include/xen-foreign/structs.py,65,"""THE REST"",""TOOLSTACK"""
tools/include/xen-sys/FreeBSD/evtchn.h,87,"""THE REST"",""TOOLSTACK"""
tools/include/xen-sys/FreeBSD/gntdev.h,191,"""THE REST"",""TOOLSTACK"""
tools/include/xen-sys/FreeBSD/privcmd.h,64,"""THE REST"",""TOOLSTACK"""
tools/include/xen-sys/Linux/evtchn.h,103,"""THE REST"",""TOOLSTACK"""
tools/include/xen-sys/Linux/gntalloc.h,82,"""THE REST"",""TOOLSTACK"""
tools/include/xen-sys/Linux/gntdev.h,277,"""THE REST"",""TOOLSTACK"""
tools/include/xen-sys/Linux/privcmd.h,120,"""THE REST"",""TOOLSTACK"""
tools/include/xen-sys/Linux/xenbus_dev.h,44,"""THE REST"",""TOOLSTACK"""
tools/include/xen-sys/MiniOS/privcmd.h,36,"""THE REST"",""TOOLSTACK"""
tools/include/xen-sys/NetBSD/evtchn.h,86,"""THE REST"",""TOOLSTACK"""
tools/include/xen-sys/NetBSD/privcmd.h,106,"""THE REST"",""TOOLSTACK"""
tools/include/xen-sys/NetBSDRump/evtchn.h,86,"""THE REST"",""TOOLSTACK"""
tools/include/xen-sys/NetBSDRump/privcmd.h,106,"""THE REST"",""TOOLSTACK"""
tools/include/xen-sys/SunOS/evtchn.h,94,"""THE REST"",""TOOLSTACK"""
tools/include/xen-sys/SunOS/privcmd.h,85,"""THE REST"",""TOOLSTACK"""
tools/include/xen-sys/SunOS/xenbus.h,42,"""THE REST"",""TOOLSTACK"""
tools/include/xen-tools/libs.h,62,"""THE REST"",""TOOLSTACK"""
tools/libacpi/COPYING,468,"""ACPI"",""THE REST"",""TOOLSTACK"""
tools/libacpi/Makefile,105,"""ACPI"",""THE REST"",""TOOLSTACK"""
tools/libacpi/README,32,"""ACPI"",""THE REST"",""TOOLSTACK"""
tools/libacpi/acpi2_0.h,465,"""ACPI"",""THE REST"",""TOOLSTACK"""
tools/libacpi/build.c,696,"""ACPI"",""THE REST"",""TOOLSTACK"""
tools/libacpi/dsdt.asl,456,"""ACPI"",""THE REST"",""TOOLSTACK"""
tools/libacpi/dsdt_acpi_info.asl,26,"""ACPI"",""THE REST"",""TOOLSTACK"""
tools/libacpi/libacpi.h,113,"""ACPI"",""THE REST"",""TOOLSTACK"""
tools/libacpi/mk_dsdt.c,541,"""ACPI"",""THE REST"",""TOOLSTACK"""
tools/libacpi/ssdt_laptop_slate.asl,38,"""ACPI"",""THE REST"",""TOOLSTACK"""
tools/libacpi/ssdt_pm.asl,418,"""ACPI"",""THE REST"",""TOOLSTACK"""
tools/libacpi/ssdt_s3.asl,28,"""ACPI"",""THE REST"",""TOOLSTACK"""
tools/libacpi/ssdt_s4.asl,28,"""ACPI"",""THE REST"",""TOOLSTACK"""
tools/libacpi/ssdt_tpm.asl,28,"""ACPI"",""THE REST"",""TOOLSTACK"""
tools/libacpi/static_tables.c,169,"""ACPI"",""THE REST"",""TOOLSTACK"""
tools/libfsimage/Makefile,16,"""THE REST"",""TOOLSTACK"""
tools/libfsimage/Rules.mk,34,"""THE REST"",""TOOLSTACK"""
tools/libfsimage/common/Makefile,55,"""THE REST"",""TOOLSTACK"""
tools/libfsimage/common/fsimage.c,169,"""THE REST"",""TOOLSTACK"""
tools/libfsimage/common/fsimage_grub.c,340,"""THE REST"",""TOOLSTACK"""
tools/libfsimage/common/fsimage_plugin.c,196,"""THE REST"",""TOOLSTACK"""
tools/libfsimage/common/fsimage_priv.h,63,"""THE REST"",""TOOLSTACK"""
tools/libfsimage/common/mapfile-GNU,40,"""THE REST"",""TOOLSTACK"""
tools/libfsimage/common/mapfile-SunOS,38,"""THE REST"",""TOOLSTACK"""
tools/libfsimage/common/xenfsimage.h,56,"""THE REST"",""TOOLSTACK"""
tools/libfsimage/common/xenfsimage_grub.h,102,"""THE REST"",""TOOLSTACK"""
tools/libfsimage/common/xenfsimage_plugin.h,64,"""THE REST"",""TOOLSTACK"""
tools/libfsimage/ext2fs-lib/Makefile,21,"""THE REST"",""TOOLSTACK"""
tools/libfsimage/ext2fs-lib/ext2fs-lib.c,174,"""THE REST"",""TOOLSTACK"""
tools/libfsimage/ext2fs/Makefile,16,"""THE REST"",""TOOLSTACK"""
tools/libfsimage/ext2fs/fsys_ext2fs.c,916,"""THE REST"",""TOOLSTACK"""
tools/libfsimage/fat/Makefile,16,"""THE REST"",""TOOLSTACK"""
tools/libfsimage/fat/fat.h,99,"""THE REST"",""TOOLSTACK"""
tools/libfsimage/fat/fsys_fat.c,484,"""THE REST"",""TOOLSTACK"""
tools/libfsimage/iso9660/Makefile,18,"""THE REST"",""TOOLSTACK"""
tools/libfsimage/iso9660/fsys_iso9660.c,462,"""THE REST"",""TOOLSTACK"""
tools/libfsimage/iso9660/iso9660.h,218,"""THE REST"",""TOOLSTACK"""
tools/libfsimage/reiserfs/Makefile,16,"""THE REST"",""TOOLSTACK"""
tools/libfsimage/reiserfs/fsys_reiserfs.c,1240,"""THE REST"",""TOOLSTACK"""
tools/libfsimage/ufs/Makefile,16,"""THE REST"",""TOOLSTACK"""
tools/libfsimage/ufs/fsys_ufs.c,277,"""THE REST"",""TOOLSTACK"""
tools/libfsimage/ufs/ufs.h,228,"""THE REST"",""TOOLSTACK"""
tools/libfsimage/xfs/Makefile,16,"""THE REST"",""TOOLSTACK"""
tools/libfsimage/xfs/fsys_xfs.c,636,"""THE REST"",""TOOLSTACK"""
tools/libfsimage/xfs/xfs.h,543,"""THE REST"",""TOOLSTACK"""
tools/libfsimage/zfs/Makefile,40,"""THE REST"",""TOOLSTACK"""
tools/libfsimage/zfs/filesys.h,32,"""THE REST"",""TOOLSTACK"""
tools/libfsimage/zfs/fsi_zfs.c,157,"""THE REST"",""TOOLSTACK"""
tools/libfsimage/zfs/fsi_zfs.h,102,"""THE REST"",""TOOLSTACK"""
tools/libfsimage/zfs/fsys_zfs.c,1544,"""THE REST"",""TOOLSTACK"""
tools/libfsimage/zfs/fsys_zfs.h,204,"""THE REST"",""TOOLSTACK"""
tools/libfsimage/zfs/mb_info.h,216,"""THE REST"",""TOOLSTACK"""
tools/libfsimage/zfs/shared.h,32,"""THE REST"",""TOOLSTACK"""
tools/libfsimage/zfs/zfs-include/dmu.h,119,"""THE REST"",""TOOLSTACK"""
tools/libfsimage/zfs/zfs-include/dmu_objset.h,37,"""THE REST"",""TOOLSTACK"""
tools/libfsimage/zfs/zfs-include/dnode.h,78,"""THE REST"",""TOOLSTACK"""
tools/libfsimage/zfs/zfs-include/dsl_dataset.h,54,"""THE REST"",""TOOLSTACK"""
tools/libfsimage/zfs/zfs-include/dsl_dir.h,50,"""THE REST"",""TOOLSTACK"""
tools/libfsimage/zfs/zfs-include/sa_impl.h,34,"""THE REST"",""TOOLSTACK"""
tools/libfsimage/zfs/zfs-include/spa.h,313,"""THE REST"",""TOOLSTACK"""
tools/libfsimage/zfs/zfs-include/uberblock_impl.h,50,"""THE REST"",""TOOLSTACK"""
tools/libfsimage/zfs/zfs-include/vdev_impl.h,58,"""THE REST"",""TOOLSTACK"""
tools/libfsimage/zfs/zfs-include/zap_impl.h,110,"""THE REST"",""TOOLSTACK"""
tools/libfsimage/zfs/zfs-include/zap_leaf.h,101,"""THE REST"",""TOOLSTACK"""
tools/libfsimage/zfs/zfs-include/zfs.h,107,"""THE REST"",""TOOLSTACK"""
tools/libfsimage/zfs/zfs-include/zfs_acl.h,61,"""THE REST"",""TOOLSTACK"""
tools/libfsimage/zfs/zfs-include/zfs_znode.h,68,"""THE REST"",""TOOLSTACK"""
tools/libfsimage/zfs/zfs-include/zil.h,56,"""THE REST"",""TOOLSTACK"""
tools/libfsimage/zfs/zfs-include/zio.h,78,"""THE REST"",""TOOLSTACK"""
tools/libfsimage/zfs/zfs-include/zio_checksum.h,41,"""THE REST"",""TOOLSTACK"""
tools/libfsimage/zfs/zfs_fletcher.c,94,"""THE REST"",""TOOLSTACK"""
tools/libfsimage/zfs/zfs_lzjb.c,60,"""THE REST"",""TOOLSTACK"""
tools/libfsimage/zfs/zfs_sha256.c,125,"""THE REST"",""TOOLSTACK"""
tools/libs/Makefile,17,"""THE REST"",""TOOLSTACK"""
tools/libs/call/Makefile,99,"""THE REST"",""TOOLSTACK"""
tools/libs/call/buffer.c,193,"""THE REST"",""TOOLSTACK"""
tools/libs/call/core.c,173,"""THE REST"",""TOOLSTACK"""
tools/libs/call/freebsd.c,123,"""THE REST"",""TOOLSTACK"""
tools/libs/call/include/xencall.h,143,"""THE REST"",""TOOLSTACK"""
tools/libs/call/libxencall.map,29,"""THE REST"",""TOOLSTACK"""
tools/libs/call/linux.c,189,"""THE REST"",""TOOLSTACK"""
tools/libs/call/minios.c,86,"""THE REST"",""TOOLSTACK"""
tools/libs/call/netbsd.c,126,"""THE REST"",""TOOLSTACK"""
tools/libs/call/private.h,75,"""THE REST"",""TOOLSTACK"""
tools/libs/call/solaris.c,102,"""THE REST"",""TOOLSTACK"""
tools/libs/call/xencall.pc.in,10,"""THE REST"",""TOOLSTACK"""
tools/libs/devicemodel/Makefile,101,"""THE REST"",""TOOLSTACK"""
tools/libs/devicemodel/compat.c,54,"""THE REST"",""TOOLSTACK"""
tools/libs/devicemodel/core.c,627,"""THE REST"",""TOOLSTACK"""
tools/libs/devicemodel/include/xendevicemodel.h,378,"""THE REST"",""TOOLSTACK"""
tools/libs/devicemodel/libxendevicemodel.map,40,"""THE REST"",""TOOLSTACK"""
tools/libs/devicemodel/linux.c,138,"""THE REST"",""TOOLSTACK"""
tools/libs/devicemodel/private.h,51,"""THE REST"",""TOOLSTACK"""
tools/libs/devicemodel/xendevicemodel.pc.in,10,"""THE REST"",""TOOLSTACK"""
tools/libs/evtchn/Makefile,98,"""THE REST"",""TOOLSTACK"""
tools/libs/evtchn/core.c,92,"""THE REST"",""TOOLSTACK"""
tools/libs/evtchn/freebsd.c,145,"""THE REST"",""TOOLSTACK"""
tools/libs/evtchn/include/xenevtchn.h,174,"""THE REST"",""TOOLSTACK"""
tools/libs/evtchn/libxenevtchn.map,23,"""THE REST"",""TOOLSTACK"""
tools/libs/evtchn/linux.c,149,"""THE REST"",""TOOLSTACK"""
tools/libs/evtchn/minios.c,272,"""THE REST"",""TOOLSTACK"""
tools/libs/evtchn/netbsd.c,154,"""THE REST"",""TOOLSTACK"""
tools/libs/evtchn/private.h,31,"""THE REST"",""TOOLSTACK"""
tools/libs/evtchn/solaris.c,142,"""THE REST"",""TOOLSTACK"""
tools/libs/evtchn/xenevtchn.pc.in,10,"""THE REST"",""TOOLSTACK"""
tools/libs/foreignmemory/Makefile,99,"""THE REST"",""TOOLSTACK"""
tools/libs/foreignmemory/compat.c,72,"""THE REST"",""TOOLSTACK"""
tools/libs/foreignmemory/core.c,199,"""THE REST"",""TOOLSTACK"""
tools/libs/foreignmemory/freebsd.c,106,"""THE REST"",""TOOLSTACK"""
tools/libs/foreignmemory/include/xenforeignmemory.h,192,"""THE REST"",""TOOLSTACK"""
tools/libs/foreignmemory/libxenforeignmemory.map,21,"""THE REST"",""TOOLSTACK"""
tools/libs/foreignmemory/linux.c,351,"""THE REST"",""TOOLSTACK"""
tools/libs/foreignmemory/minios.c,69,"""THE REST"",""TOOLSTACK"""
tools/libs/foreignmemory/netbsd.c,111,"""THE REST"",""TOOLSTACK"""
tools/libs/foreignmemory/private.h,99,"""THE REST"",""TOOLSTACK"""
tools/libs/foreignmemory/solaris.c,108,"""THE REST"",""TOOLSTACK"""
tools/libs/foreignmemory/xenforeignmemory.pc.in,10,"""THE REST"",""TOOLSTACK"""
tools/libs/gnttab/Makefile,101,"""THE REST"",""TOOLSTACK"""
tools/libs/gnttab/freebsd.c,347,"""THE REST"",""TOOLSTACK"""
tools/libs/gnttab/gntshr_core.c,101,"""THE REST"",""TOOLSTACK"""
tools/libs/gnttab/gntshr_unimp.c,62,"""THE REST"",""TOOLSTACK"""
tools/libs/gnttab/gnttab_core.c,171,"""THE REST"",""TOOLSTACK"""
tools/libs/gnttab/gnttab_unimp.c,121,"""THE REST"",""TOOLSTACK"""
tools/libs/gnttab/include/xengnttab.h,470,"""THE REST"",""TOOLSTACK"""
tools/libs/gnttab/libxengnttab.map,38,"""THE REST"",""TOOLSTACK"""
tools/libs/gnttab/linux.c,526,"""THE REST"",""TOOLSTACK"""
tools/libs/gnttab/minios.c,149,"""THE REST"",""TOOLSTACK"""
tools/libs/gnttab/private.h,72,"""THE REST"",""TOOLSTACK"""
tools/libs/gnttab/xengnttab.pc.in,10,"""THE REST"",""TOOLSTACK"""
tools/libs/toolcore/Makefile,102,"""THE REST"",""TOOLSTACK"""
tools/libs/toolcore/handlereg.c,103,"""THE REST"",""TOOLSTACK"""
tools/libs/toolcore/include/xentoolcore.h,88,"""THE REST"",""TOOLSTACK"""
tools/libs/toolcore/include/xentoolcore_internal.h,158,"""THE REST"",""TOOLSTACK"""
tools/libs/toolcore/libxentoolcore.map,8,"""THE REST"",""TOOLSTACK"""
tools/libs/toolcore/xentoolcore.pc.in,9,"""THE REST"",""TOOLSTACK"""
tools/libs/toollog/Makefile,93,"""THE REST"",""TOOLSTACK"""
tools/libs/toollog/include/xentoollog.h,146,"""THE REST"",""TOOLSTACK"""
tools/libs/toollog/libxentoollog.map,12,"""THE REST"",""TOOLSTACK"""
tools/libs/toollog/xentoollog.pc.in,9,"""THE REST"",""TOOLSTACK"""
tools/libs/toollog/xtl_core.c,93,"""THE REST"",""TOOLSTACK"""
tools/libs/toollog/xtl_logger_stdio.c,202,"""THE REST"",""TOOLSTACK"""
tools/libvchan/Makefile,89,"""THE REST"",""TOOLSTACK"""
tools/libvchan/init.c,458,"""THE REST"",""TOOLSTACK"""
tools/libvchan/io.c,388,"""THE REST"",""TOOLSTACK"""
tools/libvchan/libxenvchan.h,176,"""THE REST"",""TOOLSTACK"""
tools/libvchan/node-select.c,186,"""THE REST"",""TOOLSTACK"""
tools/libvchan/node.c,168,"""THE REST"",""TOOLSTACK"""
tools/libvchan/xenvchan.pc.in,10,"""THE REST"",""TOOLSTACK"""
tools/libxc/COPYING,467,"""THE REST"",""TOOLSTACK"""
tools/libxc/Makefile,281,"""THE REST"",""TOOLSTACK"""
tools/libxc/include/xc_dom.h,452,"""THE REST"",""TOOLSTACK"""
tools/libxc/include/xenctrl.h,2643,"""THE REST"",""TOOLSTACK"""
tools/libxc/include/xenctrl_compat.h,183,"""THE REST"",""TOOLSTACK"""
tools/libxc/include/xenguest.h,313,"""THE REST"",""TOOLSTACK"""
tools/libxc/xc_altp2m.c,354,"""THE REST"",""TOOLSTACK"""
tools/libxc/xc_arinc653.c,87,"""ARINC653 SCHEDULER"",""THE REST"",""TOOLSTACK"""
tools/libxc/xc_bitops.h,79,"""THE REST"",""TOOLSTACK"""
tools/libxc/xc_compression.c,545,"""THE REST"",""TOOLSTACK"""
tools/libxc/xc_core.c,979,"""THE REST"",""TOOLSTACK"""
tools/libxc/xc_core.h,176,"""THE REST"",""TOOLSTACK"""
tools/libxc/xc_core_arm.c,122,"""THE REST"",""TOOLSTACK"""
tools/libxc/xc_core_arm.h,59,"""THE REST"",""TOOLSTACK"""
tools/libxc/xc_core_x86.c,225,"""THE REST"",""TOOLSTACK"""
tools/libxc/xc_core_x86.h,60,"""THE REST"",""TOOLSTACK"""
tools/libxc/xc_cpu_hotplug.c,48,"""THE REST"",""TOOLSTACK"""
tools/libxc/xc_cpuid_x86.c,942,"""THE REST"",""TOOLSTACK"""
tools/libxc/xc_cpupool.c,219,"""THE REST"",""TOOLSTACK"""
tools/libxc/xc_csched.c,109,"""THE REST"",""TOOLSTACK"""
tools/libxc/xc_csched2.c,109,"""THE REST"",""TOOLSTACK"""
tools/libxc/xc_devicemodel_compat.c,147,"""THE REST"",""TOOLSTACK"""
tools/libxc/xc_dom_arm.c,582,"""THE REST"",""TOOLSTACK"""
tools/libxc/xc_dom_armzimageloader.c,271,"""THE REST"",""TOOLSTACK"""
tools/libxc/xc_dom_binloader.c,329,"""THE REST"",""TOOLSTACK"""
tools/libxc/xc_dom_boot.c,453,"""THE REST"",""TOOLSTACK"""
tools/libxc/xc_dom_bzimageloader.c,812,"""THE REST"",""TOOLSTACK"""
tools/libxc/xc_dom_compat_linux.c,97,"""THE REST"",""TOOLSTACK"""
tools/libxc/xc_dom_core.c,1310,"""THE REST"",""TOOLSTACK"""
tools/libxc/xc_dom_decompress.h,8,"""THE REST"",""TOOLSTACK"""
tools/libxc/xc_dom_decompress_lz4.c,141,"""THE REST"",""TOOLSTACK"""
tools/libxc/xc_dom_decompress_unsafe.c,48,"""THE REST"",""TOOLSTACK"""
tools/libxc/xc_dom_decompress_unsafe.h,20,"""THE REST"",""TOOLSTACK"""
tools/libxc/xc_dom_decompress_unsafe_bzip2.c,14,"""THE REST"",""TOOLSTACK"""
tools/libxc/xc_dom_decompress_unsafe_lzma.c,14,"""THE REST"",""TOOLSTACK"""
tools/libxc/xc_dom_decompress_unsafe_lzo1x.c,50,"""THE REST"",""TOOLSTACK"""
tools/libxc/xc_dom_decompress_unsafe_xz.c,46,"""THE REST"",""TOOLSTACK"""
tools/libxc/xc_dom_elfloader.c,258,"""THE REST"",""TOOLSTACK"""
tools/libxc/xc_dom_hvmloader.c,264,"""THE REST"",""TOOLSTACK"""
tools/libxc/xc_dom_x86.c,1935,"""THE REST"",""TOOLSTACK"""
tools/libxc/xc_domain.c,2397,"""THE REST"",""TOOLSTACK"""
tools/libxc/xc_efi.h,158,"""THE REST"",""TOOLSTACK"""
tools/libxc/xc_elf.h,16,"""THE REST"",""TOOLSTACK"""
tools/libxc/xc_evtchn.c,85,"""THE REST"",""TOOLSTACK"""
tools/libxc/xc_evtchn_compat.c,75,"""THE REST"",""TOOLSTACK"""
tools/libxc/xc_flask.c,450,"""THE REST"",""TOOLSTACK"""
tools/libxc/xc_foreign_memory.c,98,"""THE REST"",""TOOLSTACK"""
tools/libxc/xc_freebsd.c,71,"""THE REST"",""TOOLSTACK"""
tools/libxc/xc_gnttab.c,161,"""THE REST"",""TOOLSTACK"""
tools/libxc/xc_gnttab_compat.c,111,"""THE REST"",""TOOLSTACK"""
tools/libxc/xc_hcall_buf.c,191,"""THE REST"",""TOOLSTACK"""
tools/libxc/xc_kexec.c,152,"""THE REST"",""TOOLSTACK"""
tools/libxc/xc_linux.c,77,"""THE REST"",""TOOLSTACK"""
tools/libxc/xc_mem_access.c,110,"""THE REST"",""TOOLSTACK"""
tools/libxc/xc_mem_paging.c,127,"""THE REST"",""TOOLSTACK"""
tools/libxc/xc_memshr.c,260,"""THE REST"",""TOOLSTACK"""
tools/libxc/xc_minios.c,67,"""THE REST"",""TOOLSTACK"""
tools/libxc/xc_misc.c,899,"""THE REST"",""TOOLSTACK"""
tools/libxc/xc_monitor.c,257,"""THE REST"",""TOOLSTACK"""
tools/libxc/xc_msr_x86.h,37,"""THE REST"",""TOOLSTACK"""
tools/libxc/xc_netbsd.c,74,"""THE REST"",""TOOLSTACK"""
tools/libxc/xc_nomigrate.c,51,"""THE REST"",""TOOLSTACK"""
tools/libxc/xc_offline_page.c,708,"""THE REST"",""TOOLSTACK"""
tools/libxc/xc_pagetab.c,113,"""THE REST"",""TOOLSTACK"""
tools/libxc/xc_physdev.c,113,"""THE REST"",""TOOLSTACK"""
tools/libxc/xc_pm.c,435,"""THE REST"",""TOOLSTACK"""
tools/libxc/xc_private.c,782,"""THE REST"",""TOOLSTACK"""
tools/libxc/xc_private.h,435,"""THE REST"",""TOOLSTACK"""
tools/libxc/xc_psr.c,395,"""THE REST"",""TOOLSTACK"""
tools/libxc/xc_resource.c,150,"""THE REST"",""TOOLSTACK"""
tools/libxc/xc_resume.c,290,"""THE REST"",""TOOLSTACK"""
tools/libxc/xc_rt.c,132,"""THE REST"",""TOOLSTACK"""
tools/libxc/xc_solaris.c,43,"""THE REST"",""TOOLSTACK"""
tools/libxc/xc_sr_common.c,166,"""THE REST"",""TOOLSTACK"""
tools/libxc/xc_sr_common.h,409,"""THE REST"",""TOOLSTACK"""
tools/libxc/xc_sr_common_x86.c,54,"""THE REST"",""TOOLSTACK"""
tools/libxc/xc_sr_common_x86.h,26,"""THE REST"",""TOOLSTACK"""
tools/libxc/xc_sr_common_x86_pv.c,193,"""THE REST"",""TOOLSTACK"""
tools/libxc/xc_sr_common_x86_pv.h,109,"""THE REST"",""TOOLSTACK"""
tools/libxc/xc_sr_restore.c,928,"""THE REST"",""TOOLSTACK"""
tools/libxc/xc_sr_restore_x86_hvm.c,261,"""THE REST"",""TOOLSTACK"""
tools/libxc/xc_sr_restore_x86_pv.c,1177,"""THE REST"",""TOOLSTACK"""
tools/libxc/xc_sr_save.c,1034,"""THE REST"",""TOOLSTACK"""
tools/libxc/xc_sr_save_x86_hvm.c,251,"""THE REST"",""TOOLSTACK"""
tools/libxc/xc_sr_save_x86_pv.c,1169,"""THE REST"",""TOOLSTACK"""
tools/libxc/xc_sr_stream_format.h,150,"""THE REST"",""TOOLSTACK"""
tools/libxc/xc_suspend.c,202,"""THE REST"",""TOOLSTACK"""
tools/libxc/xc_tbuf.c,172,"""THE REST"",""TOOLSTACK"""
tools/libxc/xc_tmem.c,507,"""THE REST"",""TOOLSTACK"""
tools/libxc/xc_vm_event.c,167,"""THE REST"",""TOOLSTACK"""
tools/libxc/xencontrol.pc.in,10,"""THE REST"",""TOOLSTACK"""
tools/libxc/xenguest.pc.in,10,"""THE REST"",""TOOLSTACK"""
tools/libxc/xg_private.c,198,"""THE REST"",""TOOLSTACK"""
tools/libxc/xg_private.h,147,"""THE REST"",""TOOLSTACK"""
tools/libxc/xg_save_restore.h,147,"""THE REST"",""TOOLSTACK"""
tools/libxl/CODING_STYLE,330,"""THE REST"",""TOOLSTACK"""
tools/libxl/Makefile,359,"""THE REST"",""TOOLSTACK"""
tools/libxl/check-libxl-api-rules,23,"""THE REST"",""TOOLSTACK"""
tools/libxl/check-xl-disk-parse,181,"""THE REST"",""TOOLSTACK"""
tools/libxl/check-xl-vcpupin-parse,294,"""THE REST"",""TOOLSTACK"""
tools/libxl/check-xl-vcpupin-parse.data-example,53,"""THE REST"",""TOOLSTACK"""
tools/libxl/check-xl-vif-parse,213,"""THE REST"",""TOOLSTACK"""
tools/libxl/flexarray.c,124,"""THE REST"",""TOOLSTACK"""
tools/libxl/flexarray.h,54,"""THE REST"",""TOOLSTACK"""
tools/libxl/gentest.py,372,"""THE REST"",""TOOLSTACK"""
tools/libxl/gentypes.py,786,"""THE REST"",""TOOLSTACK"""
tools/libxl/idl.py,376,"""THE REST"",""TOOLSTACK"""
tools/libxl/idl.txt,214,"""THE REST"",""TOOLSTACK"""
tools/libxl/libxl.c,785,"""THE REST"",""TOOLSTACK"""
tools/libxl/libxl.h,2474,"""THE REST"",""TOOLSTACK"""
tools/libxl/libxl_9pfs.c,52,"""THE REST"",""TOOLSTACK"""
tools/libxl/libxl_aoutils.c,635,"""THE REST"",""TOOLSTACK"""
tools/libxl/libxl_arch.h,90,"""THE REST"",""TOOLSTACK"""
tools/libxl/libxl_arm.c,1158,"""THE REST"",""TOOLSTACK"""
tools/libxl/libxl_arm.h,48,"""THE REST"",""TOOLSTACK"""
tools/libxl/libxl_arm_acpi.c,413,"""THE REST"",""TOOLSTACK"""
tools/libxl/libxl_arm_no_acpi.c,40,"""THE REST"",""TOOLSTACK"""
tools/libxl/libxl_blktap2.c,94,"""THE REST"",""TOOLSTACK"""
tools/libxl/libxl_bootloader.c,680,"""THE REST"",""TOOLSTACK"""
tools/libxl/libxl_checkpoint_device.c,278,"""THE REST"",""TOOLSTACK"""
tools/libxl/libxl_colo.h,148,"""THE REST"",""TOOLSTACK"""
tools/libxl/libxl_colo_nic.c,316,"""THE REST"",""TOOLSTACK"""
tools/libxl/libxl_colo_proxy.c,438,"""THE REST"",""TOOLSTACK"""
tools/libxl/libxl_colo_qdisk.c,230,"""THE REST"",""TOOLSTACK"""
tools/libxl/libxl_colo_restore.c,1093,"""THE REST"",""TOOLSTACK"""
tools/libxl/libxl_colo_save.c,714,"""THE REST"",""TOOLSTACK"""
tools/libxl/libxl_console.c,802,"""THE REST"",""TOOLSTACK"""
tools/libxl/libxl_convert_callout.c,173,"""THE REST"",""TOOLSTACK"""
tools/libxl/libxl_cpuid.c,580,"""THE REST"",""TOOLSTACK"""
tools/libxl/libxl_cpupool.c,452,"""THE REST"",""TOOLSTACK"""
tools/libxl/libxl_create.c,1984,"""THE REST"",""TOOLSTACK"""
tools/libxl/libxl_device.c,2117,"""THE REST"",""TOOLSTACK"""
tools/libxl/libxl_disk.c,1191,"""THE REST"",""TOOLSTACK"""
tools/libxl/libxl_dm.c,3265,"""THE REST"",""TOOLSTACK"""
tools/libxl/libxl_dom.c,1634,"""THE REST"",""TOOLSTACK"""
tools/libxl/libxl_dom_save.c,540,"""THE REST"",""TOOLSTACK"""
tools/libxl/libxl_dom_suspend.c,490,"""THE REST"",""TOOLSTACK"""
tools/libxl/libxl_domain.c,1804,"""THE REST"",""TOOLSTACK"""
tools/libxl/libxl_event.c,2255,"""THE REST"",""TOOLSTACK"""
tools/libxl/libxl_event.h,630,"""THE REST"",""TOOLSTACK"""
tools/libxl/libxl_exec.c,473,"""THE REST"",""TOOLSTACK"""
tools/libxl/libxl_flask.c,79,"""THE REST"",""TOOLSTACK"""
tools/libxl/libxl_fork.c,687,"""THE REST"",""TOOLSTACK"""
tools/libxl/libxl_freebsd.c,252,"""THE REST"",""TOOLSTACK"""
tools/libxl/libxl_genid.c,117,"""THE REST"",""TOOLSTACK"""
tools/libxl/libxl_internal.c,584,"""THE REST"",""TOOLSTACK"""
tools/libxl/libxl_internal.h,4625,"""THE REST"",""TOOLSTACK"""
tools/libxl/libxl_json.c,1191,"""THE REST"",""TOOLSTACK"""
tools/libxl/libxl_json.h,96,"""THE REST"",""TOOLSTACK"""
tools/libxl/libxl_libfdt_compat.c,94,"""THE REST"",""TOOLSTACK"""
tools/libxl/libxl_libfdt_compat.h,90,"""THE REST"",""TOOLSTACK"""
tools/libxl/libxl_linux.c,375,"""THE REST"",""TOOLSTACK"""
tools/libxl/libxl_mem.c,604,"""THE REST"",""TOOLSTACK"""
tools/libxl/libxl_netbsd.c,131,"""THE REST"",""TOOLSTACK"""
tools/libxl/libxl_netbuffer.c,532,"""REMUS"",""THE REST"",""TOOLSTACK"""
tools/libxl/libxl_nic.c,520,"""THE REST"",""TOOLSTACK"""
tools/libxl/libxl_no_colo.c,62,"""THE REST"",""TOOLSTACK"""
tools/libxl/libxl_no_convert_callout.c,35,"""THE REST"",""TOOLSTACK"""
tools/libxl/libxl_noblktap2.c,42,"""THE REST"",""TOOLSTACK"""
tools/libxl/libxl_nocpuid.c,71,"""THE REST"",""TOOLSTACK"""
tools/libxl/libxl_nonetbuffer.c,54,"""REMUS"",""THE REST"",""TOOLSTACK"""
tools/libxl/libxl_numa.c,535,"""THE REST"",""TOOLSTACK"""
tools/libxl/libxl_osdeps.h,130,"""THE REST"",""TOOLSTACK"""
tools/libxl/libxl_paths.c,71,"""THE REST"",""TOOLSTACK"""
tools/libxl/libxl_pci.c,1700,"""THE REST"",""TOOLSTACK"""
tools/libxl/libxl_psr.c,562,"""THE REST"",""TOOLSTACK"""
tools/libxl/libxl_pvcalls.c,37,"""THE REST"",""TOOLSTACK"""
tools/libxl/libxl_qmp.c,2176,"""THE REST"",""TOOLSTACK"""
tools/libxl/libxl_remus.c,425,"""THE REST"",""TOOLSTACK"""
tools/libxl/libxl_remus_disk_drbd.c,232,"""REMUS"",""THE REST"",""TOOLSTACK"""
tools/libxl/libxl_save_callout.c,432,"""THE REST"",""TOOLSTACK"""
tools/libxl/libxl_save_helper.c,311,"""THE REST"",""TOOLSTACK"""
tools/libxl/libxl_save_msgs_gen.pl,395,"""THE REST"",""TOOLSTACK"""
tools/libxl/libxl_sched.c,986,"""THE REST"",""TOOLSTACK"""
tools/libxl/libxl_sr_stream_format.h,69,"""THE REST"",""TOOLSTACK"""
tools/libxl/libxl_stream_read.c,977,"""THE REST"",""TOOLSTACK"""
tools/libxl/libxl_stream_write.c,727,"""THE REST"",""TOOLSTACK"""
tools/libxl/libxl_test_fdevent.c,79,"""THE REST"",""TOOLSTACK"""
tools/libxl/libxl_test_fdevent.h,12,"""THE REST"",""TOOLSTACK"""
tools/libxl/libxl_test_timedereg.c,100,"""THE REST"",""TOOLSTACK"""
tools/libxl/libxl_test_timedereg.h,9,"""THE REST"",""TOOLSTACK"""
tools/libxl/libxl_tmem.c,167,"""THE REST"",""TOOLSTACK"""
tools/libxl/libxl_types.idl,1196,"""THE REST"",""TOOLSTACK"""
tools/libxl/libxl_types_internal.idl,55,"""THE REST"",""TOOLSTACK"""
tools/libxl/libxl_usb.c,1983,"""THE REST"",""TOOLSTACK"""
tools/libxl/libxl_utils.c,1272,"""THE REST"",""TOOLSTACK"""
tools/libxl/libxl_utils.h,193,"""THE REST"",""TOOLSTACK"""
tools/libxl/libxl_uuid.c,163,"""THE REST"",""TOOLSTACK"""
tools/libxl/libxl_uuid.h,80,"""THE REST"",""TOOLSTACK"""
tools/libxl/libxl_vdispl.c,222,"""THE REST"",""TOOLSTACK"""
tools/libxl/libxl_vkb.c,342,"""THE REST"",""TOOLSTACK"""
tools/libxl/libxl_vnuma.c,327,"""THE REST"",""TOOLSTACK"""
tools/libxl/libxl_vsnd.c,686,"""THE REST"",""TOOLSTACK"""
tools/libxl/libxl_vtpm.c,248,"""THE REST"",""TOOLSTACK"""
tools/libxl/libxl_x86.c,640,"""THE REST"",""TOOLSTACK"""
tools/libxl/libxl_x86_acpi.c,252,"""THE REST"",""TOOLSTACK"""
tools/libxl/libxl_x86_acpi.h,35,"""THE REST"",""TOOLSTACK"""
tools/libxl/libxl_xshelp.c,331,"""THE REST"",""TOOLSTACK"""
tools/libxl/libxlu_cfg.c,595,"""THE REST"",""TOOLSTACK"""
tools/libxl/libxlu_cfg_i.h,59,"""THE REST"",""TOOLSTACK"""
tools/libxl/libxlu_cfg_l.c,2134,"""THE REST"",""TOOLSTACK"""
tools/libxl/libxlu_cfg_l.h,361,"""THE REST"",""TOOLSTACK"""
tools/libxl/libxlu_cfg_l.l,103,"""THE REST"",""TOOLSTACK"""
tools/libxl/libxlu_cfg_y.c,1685,"""THE REST"",""TOOLSTACK"""
tools/libxl/libxlu_cfg_y.h,89,"""THE REST"",""TOOLSTACK"""
tools/libxl/libxlu_cfg_y.y,77,"""THE REST"",""TOOLSTACK"""
tools/libxl/libxlu_disk.c,103,"""THE REST"",""TOOLSTACK"""
tools/libxl/libxlu_disk_i.h,29,"""THE REST"",""TOOLSTACK"""
tools/libxl/libxlu_disk_l.c,2726,"""THE REST"",""TOOLSTACK"""
tools/libxl/libxlu_disk_l.h,355,"""THE REST"",""TOOLSTACK"""
tools/libxl/libxlu_disk_l.l,278,"""THE REST"",""TOOLSTACK"""
tools/libxl/libxlu_internal.h,83,"""THE REST"",""TOOLSTACK"""
tools/libxl/libxlu_pci.c,268,"""THE REST"",""TOOLSTACK"""
tools/libxl/libxlu_vif.c,148,"""THE REST"",""TOOLSTACK"""
tools/libxl/libxlutil.h,129,"""THE REST"",""TOOLSTACK"""
tools/libxl/osdeps.c,76,"""THE REST"",""TOOLSTACK"""
tools/libxl/test_common.c,57,"""THE REST"",""TOOLSTACK"""
tools/libxl/test_common.h,29,"""THE REST"",""TOOLSTACK"""
tools/libxl/test_fdderegrace.c,56,"""THE REST"",""TOOLSTACK"""
tools/libxl/test_timedereg.c,11,"""THE REST"",""TOOLSTACK"""
tools/libxl/xenlight.pc.in,12,"""THE REST"",""TOOLSTACK"""
tools/libxl/xlutil.pc.in,10,"""THE REST"",""TOOLSTACK"""
tools/memshr/Makefile,49,"""THE REST"",""TOOLSTACK"",""X86 MEMORY SHARING"""
tools/memshr/bidir-daemon.c,103,"""THE REST"",""TOOLSTACK"",""X86 MEMORY SHARING"""
tools/memshr/bidir-daemon.h,24,"""THE REST"",""TOOLSTACK"",""X86 MEMORY SHARING"""
tools/memshr/bidir-hash.c,1355,"""THE REST"",""TOOLSTACK"",""X86 MEMORY SHARING"""
tools/memshr/bidir-hash.h,114,"""THE REST"",""TOOLSTACK"",""X86 MEMORY SHARING"""
tools/memshr/bidir-namedefs.h,79,"""THE REST"",""TOOLSTACK"",""X86 MEMORY SHARING"""
tools/memshr/interface.c,224,"""THE REST"",""TOOLSTACK"",""X86 MEMORY SHARING"""
tools/memshr/memshr-priv.h,33,"""THE REST"",""TOOLSTACK"",""X86 MEMORY SHARING"""
tools/memshr/memshr.h,51,"""THE REST"",""TOOLSTACK"",""X86 MEMORY SHARING"""
tools/memshr/shm.c,262,"""THE REST"",""TOOLSTACK"",""X86 MEMORY SHARING"""
tools/memshr/shm.h,49,"""THE REST"",""TOOLSTACK"",""X86 MEMORY SHARING"""
tools/misc/Makefile,117,"""THE REST"",""TOOLSTACK"""
tools/misc/mkdeb,65,"""THE REST"",""TOOLSTACK"""
tools/misc/mkhex,26,"""THE REST"",""TOOLSTACK"""
tools/misc/mkrpm,75,"""THE REST"",""TOOLSTACK"""
tools/misc/mktarball,54,"""THE REST"",""TOOLSTACK"""
tools/misc/xen-cpuid.c,526,"""THE REST"",""TOOLSTACK"""
tools/misc/xen-detect.c,291,"""THE REST"",""TOOLSTACK"""
tools/misc/xen-diag.c,127,"""THE REST"",""TOOLSTACK"""
tools/misc/xen-hptool.c,352,"""THE REST"",""TOOLSTACK"""
tools/misc/xen-hvmcrash.c,143,"""THE REST"",""TOOLSTACK"""
tools/misc/xen-hvmctx.c,481,"""THE REST"",""TOOLSTACK"""
tools/misc/xen-livepatch.c,523,"""LIVEPATCH"",""THE REST"",""TOOLSTACK"""
tools/misc/xen-lowmemd.c,149,"""THE REST"",""TOOLSTACK"""
tools/misc/xen-mfndump.c,437,"""THE REST"",""TOOLSTACK"""
tools/misc/xen-tmem-list-parse.c,339,"""THE REST"",""TOOLSTACK"""
tools/misc/xencons,92,"""THE REST"",""TOOLSTACK"""
tools/misc/xencov.c,148,"""THE REST"",""TOOLSTACK"""
tools/misc/xencov_split,97,"""THE REST"",""TOOLSTACK"""
tools/misc/xenlockprof.c,120,"""THE REST"",""TOOLSTACK"""
tools/misc/xenperf.c,205,"""THE REST"",""TOOLSTACK"""
tools/misc/xenpm.c,1261,"""THE REST"",""TOOLSTACK"""
tools/misc/xenpvnetboot,291,"""THE REST"",""TOOLSTACK"""
tools/misc/xensymoops,118,"""THE REST"",""TOOLSTACK"""
tools/misc/xenwatchdogd.c,99,"""THE REST"",""TOOLSTACK"""
tools/ocaml/LICENSE,198,"""OCAML TOOLS"",""THE REST"",""TOOLSTACK"""
tools/ocaml/Makefile,28,"""OCAML TOOLS"",""THE REST"",""TOOLSTACK"""
tools/ocaml/Makefile.rules,108,"""OCAML TOOLS"",""THE REST"",""TOOLSTACK"""
tools/ocaml/common.make,22,"""OCAML TOOLS"",""THE REST"",""TOOLSTACK"""
tools/ocaml/libs/Makefile,23,"""OCAML TOOLS"",""THE REST"",""TOOLSTACK"""
tools/ocaml/libs/eventchn/META.in,5,"""OCAML TOOLS"",""THE REST"",""TOOLSTACK"""
tools/ocaml/libs/eventchn/Makefile,35,"""OCAML TOOLS"",""THE REST"",""TOOLSTACK"""
tools/ocaml/libs/eventchn/xeneventchn.ml,49,"""OCAML TOOLS"",""THE REST"",""TOOLSTACK"""
tools/ocaml/libs/eventchn/xeneventchn.mli,83,"""OCAML TOOLS"",""THE REST"",""TOOLSTACK"""
tools/ocaml/libs/eventchn/xeneventchn_stubs.c,168,"""OCAML TOOLS"",""THE REST"",""TOOLSTACK"""
tools/ocaml/libs/mmap/META.in,4,"""OCAML TOOLS"",""THE REST"",""TOOLSTACK"""
tools/ocaml/libs/mmap/Makefile,30,"""OCAML TOOLS"",""THE REST"",""TOOLSTACK"""
tools/ocaml/libs/mmap/mmap_stubs.h,33,"""OCAML TOOLS"",""THE REST"",""TOOLSTACK"""
tools/ocaml/libs/mmap/xenmmap.ml,31,"""OCAML TOOLS"",""THE REST"",""TOOLSTACK"""
tools/ocaml/libs/mmap/xenmmap.mli,28,"""OCAML TOOLS"",""THE REST"",""TOOLSTACK"""
tools/ocaml/libs/mmap/xenmmap_stubs.c,130,"""OCAML TOOLS"",""THE REST"",""TOOLSTACK"""
tools/ocaml/libs/xb/META.in,5,"""OCAML TOOLS"",""THE REST"",""TOOLSTACK"""
tools/ocaml/libs/xb/Makefile,52,"""OCAML TOOLS"",""THE REST"",""TOOLSTACK"""
tools/ocaml/libs/xb/op.ml,72,"""OCAML TOOLS"",""THE REST"",""TOOLSTACK"""
tools/ocaml/libs/xb/op.mli,29,"""OCAML TOOLS"",""THE REST"",""TOOLSTACK"""
tools/ocaml/libs/xb/packet.ml,49,"""OCAML TOOLS"",""THE REST"",""TOOLSTACK"""
tools/ocaml/libs/xb/packet.mli,13,"""OCAML TOOLS"",""THE REST"",""TOOLSTACK"""
tools/ocaml/libs/xb/partial.ml,52,"""OCAML TOOLS"",""THE REST"",""TOOLSTACK"""
tools/ocaml/libs/xb/partial.mli,14,"""OCAML TOOLS"",""THE REST"",""TOOLSTACK"""
tools/ocaml/libs/xb/xb.ml,212,"""OCAML TOOLS"",""THE REST"",""TOOLSTACK"""
tools/ocaml/libs/xb/xb.mli,103,"""OCAML TOOLS"",""THE REST"",""TOOLSTACK"""
tools/ocaml/libs/xb/xenbus_stubs.c,71,"""OCAML TOOLS"",""THE REST"",""TOOLSTACK"""
tools/ocaml/libs/xb/xs_ring.ml,48,"""OCAML TOOLS"",""THE REST"",""TOOLSTACK"""
tools/ocaml/libs/xb/xs_ring_stubs.c,190,"""OCAML TOOLS"",""THE REST"",""TOOLSTACK"""
tools/ocaml/libs/xc/META.in,5,"""OCAML TOOLS"",""THE REST"",""TOOLSTACK"""
tools/ocaml/libs/xc/Makefile,34,"""OCAML TOOLS"",""THE REST"",""TOOLSTACK"""
tools/ocaml/libs/xc/xenctrl.ml,288,"""OCAML TOOLS"",""THE REST"",""TOOLSTACK"""
tools/ocaml/libs/xc/xenctrl.mli,215,"""OCAML TOOLS"",""THE REST"",""TOOLSTACK"""
tools/ocaml/libs/xc/xenctrl_stubs.c,1235,"""OCAML TOOLS"",""THE REST"",""TOOLSTACK"""
tools/ocaml/libs/xentoollog/META.in,4,"""OCAML TOOLS"",""THE REST"",""TOOLSTACK"""
tools/ocaml/libs/xentoollog/Makefile,65,"""OCAML TOOLS"",""THE REST"",""TOOLSTACK"""
tools/ocaml/libs/xentoollog/caml_xentoollog.h,24,"""OCAML TOOLS"",""THE REST"",""TOOLSTACK"""
tools/ocaml/libs/xentoollog/genlevels.py,127,"""OCAML TOOLS"",""THE REST"",""TOOLSTACK"""
tools/ocaml/libs/xentoollog/xentoollog.ml.in,48,"""OCAML TOOLS"",""THE REST"",""TOOLSTACK"""
tools/ocaml/libs/xentoollog/xentoollog.mli.in,43,"""OCAML TOOLS"",""THE REST"",""TOOLSTACK"""
tools/ocaml/libs/xentoollog/xentoollog_stubs.c,201,"""OCAML TOOLS"",""THE REST"",""TOOLSTACK"""
tools/ocaml/libs/xl/META.in,5,"""OCAML TOOLS"",""THE REST"",""TOOLSTACK"""
tools/ocaml/libs/xl/Makefile,71,"""OCAML TOOLS"",""THE REST"",""TOOLSTACK"""
tools/ocaml/libs/xl/genwrap.py,579,"""OCAML TOOLS"",""THE REST"",""TOOLSTACK"""
tools/ocaml/libs/xl/xenlight.ml.in,94,"""OCAML TOOLS"",""THE REST"",""TOOLSTACK"""
tools/ocaml/libs/xl/xenlight.mli.in,93,"""OCAML TOOLS"",""THE REST"",""TOOLSTACK"""
tools/ocaml/libs/xl/xenlight_stubs.c,1645,"""OCAML TOOLS"",""THE REST"",""TOOLSTACK"""
tools/ocaml/libs/xs/META.in,5,"""OCAML TOOLS"",""THE REST"",""TOOLSTACK"""
tools/ocaml/libs/xs/Makefile,51,"""OCAML TOOLS"",""THE REST"",""TOOLSTACK"""
tools/ocaml/libs/xs/queueop.ml,74,"""OCAML TOOLS"",""THE REST"",""TOOLSTACK"""
tools/ocaml/libs/xs/xs.ml,176,"""OCAML TOOLS"",""THE REST"",""TOOLSTACK"""
tools/ocaml/libs/xs/xs.mli,90,"""OCAML TOOLS"",""THE REST"",""TOOLSTACK"""
tools/ocaml/libs/xs/xsraw.ml,267,"""OCAML TOOLS"",""THE REST"",""TOOLSTACK"""
tools/ocaml/libs/xs/xsraw.mli,60,"""OCAML TOOLS"",""THE REST"",""TOOLSTACK"""
tools/ocaml/libs/xs/xst.ml,61,"""OCAML TOOLS"",""THE REST"",""TOOLSTACK"""
tools/ocaml/libs/xs/xst.mli,30,"""OCAML TOOLS"",""THE REST"",""TOOLSTACK"""
tools/ocaml/test/Makefile,55,"""OCAML TOOLS"",""THE REST"",""TOOLSTACK"""
tools/ocaml/test/dmesg.ml,17,"""OCAML TOOLS"",""THE REST"",""TOOLSTACK"""
tools/ocaml/test/list_domains.ml,26,"""OCAML TOOLS"",""THE REST"",""TOOLSTACK"""
tools/ocaml/test/raise_exception.ml,9,"""OCAML TOOLS"",""THE REST"",""TOOLSTACK"""
tools/ocaml/test/send_debug_keys.ml,13,"""OCAML TOOLS"",""THE REST"",""TOOLSTACK"""
tools/ocaml/test/xtl.ml,39,"""OCAML TOOLS"",""THE REST"",""TOOLSTACK"""
tools/ocaml/xenstored/Makefile,107,"""OCAML TOOLS"",""THE REST"",""TOOLSTACK"""
tools/ocaml/xenstored/config.ml,112,"""OCAML TOOLS"",""THE REST"",""TOOLSTACK"""
tools/ocaml/xenstored/connection.ml,300,"""OCAML TOOLS"",""THE REST"",""TOOLSTACK"""
tools/ocaml/xenstored/connections.ml,191,"""OCAML TOOLS"",""THE REST"",""TOOLSTACK"""
tools/ocaml/xenstored/define.ml,42,"""OCAML TOOLS"",""THE REST"",""TOOLSTACK"""
tools/ocaml/xenstored/disk.ml,157,"""OCAML TOOLS"",""THE REST"",""TOOLSTACK"""
tools/ocaml/xenstored/domain.ml,104,"""OCAML TOOLS"",""THE REST"",""TOOLSTACK"""
tools/ocaml/xenstored/domains.ml,222,"""OCAML TOOLS"",""THE REST"",""TOOLSTACK"""
tools/ocaml/xenstored/event.ml,30,"""OCAML TOOLS"",""THE REST"",""TOOLSTACK"""
tools/ocaml/xenstored/history.ml,73,"""OCAML TOOLS"",""THE REST"",""TOOLSTACK"""
tools/ocaml/xenstored/logging.ml,333,"""OCAML TOOLS"",""THE REST"",""TOOLSTACK"""
tools/ocaml/xenstored/oxenstored.conf.in,74,"""OCAML TOOLS"",""THE REST"",""TOOLSTACK"""
tools/ocaml/xenstored/packet.ml,16,"""OCAML TOOLS"",""THE REST"",""TOOLSTACK"""
tools/ocaml/xenstored/parse_arg.ml,72,"""OCAML TOOLS"",""THE REST"",""TOOLSTACK"""
tools/ocaml/xenstored/perms.ml,164,"""OCAML TOOLS"",""THE REST"",""TOOLSTACK"""
tools/ocaml/xenstored/process.ml,587,"""OCAML TOOLS"",""THE REST"",""TOOLSTACK"""
tools/ocaml/xenstored/quota.ml,88,"""OCAML TOOLS"",""THE REST"",""TOOLSTACK"""
tools/ocaml/xenstored/select.ml,77,"""OCAML TOOLS"",""THE REST"",""TOOLSTACK"""
tools/ocaml/xenstored/select.mli,27,"""OCAML TOOLS"",""THE REST"",""TOOLSTACK"""
tools/ocaml/xenstored/select_stubs.c,80,"""OCAML TOOLS"",""THE REST"",""TOOLSTACK"""
tools/ocaml/xenstored/stdext.ml,130,"""OCAML TOOLS"",""THE REST"",""TOOLSTACK"""
tools/ocaml/xenstored/store.ml,479,"""OCAML TOOLS"",""THE REST"",""TOOLSTACK"""
tools/ocaml/xenstored/symbol.ml,76,"""OCAML TOOLS"",""THE REST"",""TOOLSTACK"""
tools/ocaml/xenstored/symbol.mli,52,"""OCAML TOOLS"",""THE REST"",""TOOLSTACK"""
tools/ocaml/xenstored/syslog.ml,46,"""OCAML TOOLS"",""THE REST"",""TOOLSTACK"""
tools/ocaml/xenstored/syslog.mli,41,"""OCAML TOOLS"",""THE REST"",""TOOLSTACK"""
tools/ocaml/xenstored/syslog_stubs.c,48,"""OCAML TOOLS"",""THE REST"",""TOOLSTACK"""
tools/ocaml/xenstored/systemd.ml,15,"""OCAML TOOLS"",""THE REST"",""TOOLSTACK"""
tools/ocaml/xenstored/systemd.mli,16,"""OCAML TOOLS"",""THE REST"",""TOOLSTACK"""
tools/ocaml/xenstored/systemd_stubs.c,49,"""OCAML TOOLS"",""THE REST"",""TOOLSTACK"""
tools/ocaml/xenstored/transaction.ml,250,"""OCAML TOOLS"",""THE REST"",""TOOLSTACK"""
tools/ocaml/xenstored/trie.ml,182,"""OCAML TOOLS"",""THE REST"",""TOOLSTACK"""
tools/ocaml/xenstored/trie.mli,60,"""OCAML TOOLS"",""THE REST"",""TOOLSTACK"""
tools/ocaml/xenstored/utils.ml,106,"""OCAML TOOLS"",""THE REST"",""TOOLSTACK"""
tools/ocaml/xenstored/xenstored.ml,487,"""OCAML TOOLS"",""THE REST"",""TOOLSTACK"""
tools/pygrub/Makefile,41,"""THE REST"",""TOOLSTACK"""
tools/pygrub/README,15,"""THE REST"",""TOOLSTACK"""
tools/pygrub/examples/alpine-linux-2.3.2.extlinux,11,"""THE REST"",""TOOLSTACK"""
tools/pygrub/examples/debian-wheezy-hvm.grub2,104,"""THE REST"",""TOOLSTACK"""
tools/pygrub/examples/fedora-16-with-xen.grub2,112,"""THE REST"",""TOOLSTACK"""
tools/pygrub/examples/fedora-19.grub2,117,"""THE REST"",""TOOLSTACK"""
tools/pygrub/examples/rhel-7-beta.grub2,118,"""THE REST"",""TOOLSTACK"""
tools/pygrub/examples/ubuntu-14.04-lts.grub2,234,"""THE REST"",""TOOLSTACK"""
tools/pygrub/setup.py,29,"""THE REST"",""TOOLSTACK"""
tools/pygrub/src/ExtLinuxConf.py,214,"""THE REST"",""TOOLSTACK"""
tools/pygrub/src/GrubConf.py,473,"""THE REST"",""TOOLSTACK"""
tools/pygrub/src/LiloConf.py,177,"""THE REST"",""TOOLSTACK"""
tools/pygrub/src/__init__.py,0,"""THE REST"",""TOOLSTACK"""
tools/pygrub/src/fsimage/fsimage.c,323,"""THE REST"",""TOOLSTACK"""
tools/pygrub/src/pygrub,965,"""THE REST"",""TOOLSTACK"""
tools/python/Makefile,47,"""PYTHON BINDINGS"",""THE REST"",""TOOLSTACK"""
tools/python/README,3,"""PYTHON BINDINGS"",""THE REST"",""TOOLSTACK"""
tools/python/ZPL-2.0,58,"""PYTHON BINDINGS"",""THE REST"",""TOOLSTACK"""
tools/python/install-wrap,60,"""PYTHON BINDINGS"",""THE REST"",""TOOLSTACK"""
tools/python/pylintrc,307,"""PYTHON BINDINGS"",""THE REST"",""TOOLSTACK"""
tools/python/scripts/convert-legacy-stream,729,"""PYTHON BINDINGS"",""THE REST"",""TOOLSTACK"""
tools/python/scripts/verify-stream-v2,174,"""PYTHON BINDINGS"",""THE REST"",""TOOLSTACK"""
tools/python/setup.py,49,"""PYTHON BINDINGS"",""THE REST"",""TOOLSTACK"""
tools/python/test.py,1094,"""PYTHON BINDINGS"",""THE REST"",""TOOLSTACK"""
tools/python/xen/__init__.py,1,"""PYTHON BINDINGS"",""THE REST"",""TOOLSTACK"""
tools/python/xen/lowlevel/__init__.py,1,"""PYTHON BINDINGS"",""THE REST"",""TOOLSTACK"""
tools/python/xen/lowlevel/xc/xc.c,2759,"""PYTHON BINDINGS"",""THE REST"",""TOOLSTACK"""
tools/python/xen/lowlevel/xs/xs.c,1084,"""PYTHON BINDINGS"",""THE REST"",""TOOLSTACK"""
tools/python/xen/migration/__init__.py,0,"""PYTHON BINDINGS"",""THE REST"",""TOOLSTACK"""
tools/python/xen/migration/legacy.py,315,"""PYTHON BINDINGS"",""THE REST"",""TOOLSTACK"""
tools/python/xen/migration/libxc.py,469,"""PYTHON BINDINGS"",""THE REST"",""TOOLSTACK"""
tools/python/xen/migration/libxl.py,236,"""PYTHON BINDINGS"",""THE REST"",""TOOLSTACK"""
tools/python/xen/migration/public.py,21,"""PYTHON BINDINGS"",""THE REST"",""TOOLSTACK"""
tools/python/xen/migration/tests.py,54,"""PYTHON BINDINGS"",""THE REST"",""TOOLSTACK"""
tools/python/xen/migration/verify.py,37,"""PYTHON BINDINGS"",""THE REST"",""TOOLSTACK"""
tools/python/xen/migration/xl.py,12,"""PYTHON BINDINGS"",""THE REST"",""TOOLSTACK"""
tools/tests/Makefile,19,"""THE REST"",""TOOLSTACK"""
tools/tests/depriv/Makefile,54,"""THE REST"",""TOOLSTACK"""
tools/tests/depriv/depriv-fd-checker.c,436,"""THE REST"",""TOOLSTACK"""
tools/tests/mce-test/Makefile,12,"""THE REST"",""TOOLSTACK"""
tools/tests/mce-test/README,75,"""THE REST"",""TOOLSTACK"""
tools/tests/mce-test/cases/srao_llc/dom0/cases.sh,73,"""THE REST"",""TOOLSTACK"""
tools/tests/mce-test/cases/srao_llc/guest/cases.sh,94,"""THE REST"",""TOOLSTACK"""
tools/tests/mce-test/cases/srao_llc/xen/cases.sh,69,"""THE REST"",""TOOLSTACK"""
tools/tests/mce-test/cases/srao_mem/dom0/cases.sh,73,"""THE REST"",""TOOLSTACK"""
tools/tests/mce-test/cases/srao_mem/guest/cases.sh,94,"""THE REST"",""TOOLSTACK"""
tools/tests/mce-test/cases/srao_mem/xen/cases.sh,69,"""THE REST"",""TOOLSTACK"""
tools/tests/mce-test/cases/ucna_llc/dom0/cases.sh,72,"""THE REST"",""TOOLSTACK"""
tools/tests/mce-test/cases/ucna_llc/guest/cases.sh,92,"""THE REST"",""TOOLSTACK"""
tools/tests/mce-test/cases/ucna_llc/xen/cases.sh,68,"""THE REST"",""TOOLSTACK"""
tools/tests/mce-test/config/setup.conf,24,"""THE REST"",""TOOLSTACK"""
tools/tests/mce-test/lib/xen-mceinj-tool.sh,260,"""THE REST"",""TOOLSTACK"""
tools/tests/mce-test/tools/Makefile,24,"""THE REST"",""TOOLSTACK"""
tools/tests/mce-test/tools/README,24,"""THE REST"",""TOOLSTACK"""
tools/tests/mce-test/tools/xen-mceinj.c,545,"""THE REST"",""TOOLSTACK"""
tools/tests/mem-sharing/Makefile,31,"""THE REST"",""TOOLSTACK"""
tools/tests/mem-sharing/memshrtool.c,207,"""THE REST"",""TOOLSTACK"""
tools/tests/run_tests.sh,61,"""THE REST"",""TOOLSTACK"""
tools/tests/utests/run_all_tests.py,23,"""THE REST"",""TOOLSTACK"""
tools/tests/vhpet/.gitignore,4,"""THE REST"",""TOOLSTACK"""
tools/tests/vhpet/Makefile,39,"""THE REST"",""TOOLSTACK"""
tools/tests/vhpet/emul.h,414,"""THE REST"",""TOOLSTACK"""
tools/tests/vhpet/main.c,776,"""THE REST"",""TOOLSTACK"""
tools/tests/vpci/Makefile,33,"""THE REST"",""TOOLSTACK"""
tools/tests/vpci/emul.h,134,"""THE REST"",""TOOLSTACK"""
tools/tests/vpci/main.c,309,"""THE REST"",""TOOLSTACK"""
tools/tests/x86_emulator/32/Makefile,5,"""THE REST"",""TOOLSTACK"",""X86 ARCHITECTURE"""
tools/tests/x86_emulator/Makefile,220,"""THE REST"",""TOOLSTACK"",""X86 ARCHITECTURE"""
tools/tests/x86_emulator/blowfish.c,440,"""THE REST"",""TOOLSTACK"",""X86 ARCHITECTURE"""
tools/tests/x86_emulator/evex-disp8.c,638,"""THE REST"",""TOOLSTACK"",""X86 ARCHITECTURE"""
tools/tests/x86_emulator/opmask.S,144,"""THE REST"",""TOOLSTACK"",""X86 ARCHITECTURE"""
tools/tests/x86_emulator/simd-fma.c,127,"""THE REST"",""TOOLSTACK"",""X86 ARCHITECTURE"""
tools/tests/x86_emulator/simd-sg.c,209,"""THE REST"",""TOOLSTACK"",""X86 ARCHITECTURE"""
tools/tests/x86_emulator/simd.c,1042,"""THE REST"",""TOOLSTACK"",""X86 ARCHITECTURE"""
tools/tests/x86_emulator/simd.h,78,"""THE REST"",""TOOLSTACK"",""X86 ARCHITECTURE"""
tools/tests/x86_emulator/test_x86_emulator.c,3916,"""THE REST"",""TOOLSTACK"",""X86 ARCHITECTURE"""
tools/tests/x86_emulator/testcase.mk,22,"""THE REST"",""TOOLSTACK"",""X86 ARCHITECTURE"""
tools/tests/x86_emulator/wrappers.c,78,"""THE REST"",""TOOLSTACK"",""X86 ARCHITECTURE"""
tools/tests/x86_emulator/x86-emulate.c,242,"""THE REST"",""TOOLSTACK"",""X86 ARCHITECTURE"""
tools/tests/x86_emulator/x86-emulate.h,171,"""THE REST"",""TOOLSTACK"",""X86 ARCHITECTURE"""
tools/tests/xen-access/Makefile,33,"""THE REST"",""TOOLSTACK"",""VM EVENT, MEM ACCESS and MONITOR"""
tools/tests/xen-access/xen-access.c,945,"""THE REST"",""TOOLSTACK"",""VM EVENT, MEM ACCESS and MONITOR"""
tools/tests/xenstore/Makefile,29,"""THE REST"",""TOOLSTACK"""
tools/tests/xenstore/xs-test.c,537,"""THE REST"",""TOOLSTACK"""
tools/xcutils/Makefile,51,"""THE REST"",""TOOLSTACK"""
tools/xcutils/lsevtchn.c,64,"""THE REST"",""TOOLSTACK"""
tools/xcutils/readnotes.c,314,"""THE REST"",""TOOLSTACK"""
tools/xenbackendd/Makefile,45,"""THE REST"",""TOOLSTACK"""
tools/xenbackendd/xenbackendd.c,326,"""THE REST"",""TOOLSTACK"""
tools/xenmon/COPYING,339,"""THE REST"",""TOOLSTACK"""
tools/xenmon/Makefile,58,"""THE REST"",""TOOLSTACK"""
tools/xenmon/setmask.c,88,"""THE REST"",""TOOLSTACK"""
tools/xenmon/xenbaked.c,1196,"""THE REST"",""TOOLSTACK"""
tools/xenmon/xenbaked.h,103,"""THE REST"",""TOOLSTACK"""
tools/xenmon/xenmon.py,711,"""THE REST"",""TOOLSTACK"""
tools/xenpaging/Makefile,45,"""THE REST"",""TOOLSTACK"""
tools/xenpaging/file_ops.c,71,"""THE REST"",""TOOLSTACK"""
tools/xenpaging/file_ops.h,41,"""THE REST"",""TOOLSTACK"""
tools/xenpaging/pagein.c,79,"""THE REST"",""TOOLSTACK"""
tools/xenpaging/policy.h,48,"""THE REST"",""TOOLSTACK"""
tools/xenpaging/policy_default.c,186,"""THE REST"",""TOOLSTACK"""
tools/xenpaging/xenpaging.c,1083,"""THE REST"",""TOOLSTACK"""
tools/xenpaging/xenpaging.h,84,"""THE REST"",""TOOLSTACK"""
tools/xenpmd/Makefile,31,"""THE REST"",""TOOLSTACK"""
tools/xenpmd/xenpmd.c,519,"""THE REST"",""TOOLSTACK"""
tools/xenstat/Makefile,10,"""THE REST"",""TOOLSTACK"""
tools/xenstat/libxenstat/COPYING,509,"""THE REST"",""TOOLSTACK"""
tools/xenstat/libxenstat/Makefile,190,"""THE REST"",""TOOLSTACK"""
tools/xenstat/libxenstat/bindings/swig/perl/.empty,1,"""THE REST"",""TOOLSTACK"""
tools/xenstat/libxenstat/bindings/swig/python/.empty,1,"""THE REST"",""TOOLSTACK"""
tools/xenstat/libxenstat/bindings/swig/xenstat.i,8,"""THE REST"",""TOOLSTACK"""
tools/xenstat/libxenstat/src/xenstat.c,794,"""THE REST"",""TOOLSTACK"""
tools/xenstat/libxenstat/src/xenstat.h,204,"""THE REST"",""TOOLSTACK"""
tools/xenstat/libxenstat/src/xenstat_freebsd.c,47,"""THE REST"",""TOOLSTACK"""
tools/xenstat/libxenstat/src/xenstat_linux.c,501,"""THE REST"",""TOOLSTACK"""
tools/xenstat/libxenstat/src/xenstat_netbsd.c,97,"""THE REST"",""TOOLSTACK"""
tools/xenstat/libxenstat/src/xenstat_priv.h,115,"""THE REST"",""TOOLSTACK"""
tools/xenstat/libxenstat/src/xenstat_qmp.c,446,"""THE REST"",""TOOLSTACK"""
tools/xenstat/libxenstat/src/xenstat_solaris.c,405,"""THE REST"",""TOOLSTACK"""
tools/xenstat/libxenstat/xenstat.pc.in,10,"""THE REST"",""TOOLSTACK"""
tools/xenstat/xentop/Makefile,50,"""THE REST"",""TOOLSTACK"""
tools/xenstat/xentop/TODO,34,"""THE REST"",""TOOLSTACK"""
tools/xenstat/xentop/xentop.c,1295,"""THE REST"",""TOOLSTACK"""
tools/xenstore/.gdbinit,4,"""THE REST"",""TOOLSTACK"""
tools/xenstore/COPYING,514,"""THE REST"",""TOOLSTACK"""
tools/xenstore/Makefile,226,"""THE REST"",""TOOLSTACK"""
tools/xenstore/README,5,"""THE REST"",""TOOLSTACK"""
tools/xenstore/TODO,10,"""THE REST"",""TOOLSTACK"""
tools/xenstore/hashtable.c,290,"""THE REST"",""TOOLSTACK"""
tools/xenstore/hashtable.h,204,"""THE REST"",""TOOLSTACK"""
tools/xenstore/hashtable_private.h,90,"""THE REST"",""TOOLSTACK"""
tools/xenstore/include/compat/xs.h,2,"""THE REST"",""TOOLSTACK"""
tools/xenstore/include/compat/xs_lib.h,2,"""THE REST"",""TOOLSTACK"""
tools/xenstore/include/xenstore.h,285,"""THE REST"",""TOOLSTACK"""
tools/xenstore/include/xenstore_lib.h,94,"""THE REST"",""TOOLSTACK"""
tools/xenstore/list.h,512,"""THE REST"",""TOOLSTACK"""
tools/xenstore/talloc.c,1316,"""THE REST"",""TOOLSTACK"""
tools/xenstore/talloc.h,145,"""THE REST"",""TOOLSTACK"""
tools/xenstore/talloc_guide.txt,569,"""THE REST"",""TOOLSTACK"""
tools/xenstore/tdb.c,1748,"""THE REST"",""TOOLSTACK"""
tools/xenstore/tdb.h,134,"""THE REST"",""TOOLSTACK"""
tools/xenstore/utils.c,61,"""THE REST"",""TOOLSTACK"""
tools/xenstore/utils.h,61,"""THE REST"",""TOOLSTACK"""
tools/xenstore/xenstore.pc.in,11,"""THE REST"",""TOOLSTACK"""
tools/xenstore/xenstore_client.c,702,"""THE REST"",""TOOLSTACK"""
tools/xenstore/xenstore_control.c,67,"""THE REST"",""TOOLSTACK"""
tools/xenstore/xenstored_control.c,200,"""THE REST"",""TOOLSTACK"""
tools/xenstore/xenstored_control.h,19,"""THE REST"",""TOOLSTACK"""
tools/xenstore/xenstored_core.c,2160,"""THE REST"",""TOOLSTACK"""
tools/xenstore/xenstored_core.h,221,"""THE REST"",""TOOLSTACK"""
tools/xenstore/xenstored_domain.c,996,"""THE REST"",""TOOLSTACK"""
tools/xenstore/xenstored_domain.h,95,"""THE REST"",""TOOLSTACK"""
tools/xenstore/xenstored_minios.c,60,"""THE REST"",""TOOLSTACK"""
tools/xenstore/xenstored_osdep.h,20,"""THE REST"",""TOOLSTACK"""
tools/xenstore/xenstored_posix.c,154,"""THE REST"",""TOOLSTACK"""
tools/xenstore/xenstored_probes.d,28,"""THE REST"",""TOOLSTACK"""
tools/xenstore/xenstored_solaris.c,168,"""THE REST"",""TOOLSTACK"""
tools/xenstore/xenstored_transaction.c,621,"""THE REST"",""TOOLSTACK"""
tools/xenstore/xenstored_transaction.h,50,"""THE REST"",""TOOLSTACK"""
tools/xenstore/xenstored_watch.c,256,"""THE REST"",""TOOLSTACK"""
tools/xenstore/xenstored_watch.h,33,"""THE REST"",""TOOLSTACK"""
tools/xenstore/xs.c,1467,"""THE REST"",""TOOLSTACK"""
tools/xenstore/xs_lib.c,187,"""THE REST"",""TOOLSTACK"""
tools/xenstore/xs_tdb_dump.c,86,"""THE REST"",""TOOLSTACK"""
tools/xentrace/Makefile,64,"""THE REST"",""TOOLSTACK"",""XENTRACE"""
tools/xentrace/analyze.h,107,"""THE REST"",""TOOLSTACK"",""XENTRACE"""
tools/xentrace/formats,225,"""THE REST"",""TOOLSTACK"",""XENTRACE"""
tools/xentrace/mread.c,160,"""THE REST"",""TOOLSTACK"",""XENTRACE"""
tools/xentrace/mread.h,18,"""THE REST"",""TOOLSTACK"",""XENTRACE"""
tools/xentrace/pv.h,41,"""THE REST"",""TOOLSTACK"",""XENTRACE"""
tools/xentrace/setsize.c,41,"""THE REST"",""TOOLSTACK"",""XENTRACE"""
tools/xentrace/xenalyze.c,10893,"""THE REST"",""TOOLSTACK"",""XENTRACE"""
tools/xentrace/xenctx.c,1326,"""THE REST"",""TOOLSTACK"",""XENTRACE"""
tools/xentrace/xentrace.c,1244,"""THE REST"",""TOOLSTACK"",""XENTRACE"""
tools/xentrace/xentrace_format,256,"""THE REST"",""TOOLSTACK"",""XENTRACE"""
tools/xl/CODING_STYLE,202,"""THE REST"",""TOOLSTACK"""
tools/xl/Makefile,61,"""THE REST"",""TOOLSTACK"""
tools/xl/bash-completion,20,"""THE REST"",""TOOLSTACK"""
tools/xl/xl.c,481,"""THE REST"",""TOOLSTACK"""
tools/xl/xl.h,322,"""THE REST"",""TOOLSTACK"""
tools/xl/xl_block.c,128,"""THE REST"",""TOOLSTACK"""
tools/xl/xl_cdrom.c,114,"""THE REST"",""TOOLSTACK"""
tools/xl/xl_cmdtable.c,697,"""THE REST"",""TOOLSTACK"""
tools/xl/xl_console.c,133,"""THE REST"",""TOOLSTACK"""
tools/xl/xl_cpupool.c,624,"""THE REST"",""TOOLSTACK"""
tools/xl/xl_flask.c,151,"""THE REST"",""TOOLSTACK"""
tools/xl/xl_info.c,931,"""THE REST"",""TOOLSTACK"""
tools/xl/xl_mem.c,167,"""THE REST"",""TOOLSTACK"""
tools/xl/xl_migrate.c,773,"""THE REST"",""TOOLSTACK"""
tools/xl/xl_misc.c,373,"""THE REST"",""TOOLSTACK"""
tools/xl/xl_nic.c,171,"""THE REST"",""TOOLSTACK"""
tools/xl/xl_parse.c,2842,"""THE REST"",""TOOLSTACK"""
tools/xl/xl_parse.h,67,"""THE REST"",""TOOLSTACK"""
tools/xl/xl_pci.c,278,"""THE REST"",""TOOLSTACK"""
tools/xl/xl_psr.c,796,"""THE REST"",""TOOLSTACK"""
tools/xl/xl_saverestore.c,273,"""THE REST"",""TOOLSTACK"""
tools/xl/xl_sched.c,932,"""THE REST"",""TOOLSTACK"""
tools/xl/xl_sxp.c,237,"""THE REST"",""TOOLSTACK"""
tools/xl/xl_tmem.c,251,"""THE REST"",""TOOLSTACK"""
tools/xl/xl_usb.c,222,"""THE REST"",""TOOLSTACK"""
tools/xl/xl_utils.c,325,"""THE REST"",""TOOLSTACK"""
tools/xl/xl_utils.h,157,"""THE REST"",""TOOLSTACK"""
tools/xl/xl_vcpu.c,415,"""THE REST"",""TOOLSTACK"""
tools/xl/xl_vdispl.c,164,"""THE REST"",""TOOLSTACK"""
tools/xl/xl_vkb.c,161,"""THE REST"",""TOOLSTACK"""
tools/xl/xl_vmcontrol.c,1258,"""THE REST"",""TOOLSTACK"""
tools/xl/xl_vsnd.c,207,"""THE REST"",""TOOLSTACK"""
tools/xl/xl_vtpm.c,152,"""THE REST"",""TOOLSTACK"""
unmodified_drivers/linux-2.6/Makefile,8,"""THE REST"",""UNMODIFIED LINUX PV DRIVERS"""
unmodified_drivers/linux-2.6/README,24,"""THE REST"",""UNMODIFIED LINUX PV DRIVERS"""
unmodified_drivers/linux-2.6/balloon/Kbuild,8,"""THE REST"",""UNMODIFIED LINUX PV DRIVERS"""
unmodified_drivers/linux-2.6/balloon/Makefile,3,"""THE REST"",""UNMODIFIED LINUX PV DRIVERS"""
unmodified_drivers/linux-2.6/blkfront/Kbuild,5,"""THE REST"",""UNMODIFIED LINUX PV DRIVERS"""
unmodified_drivers/linux-2.6/blkfront/Makefile,3,"""THE REST"",""UNMODIFIED LINUX PV DRIVERS"""
unmodified_drivers/linux-2.6/compat-include/asm-generic/pgtable-nopmd.h,14,"""THE REST"",""UNMODIFIED LINUX PV DRIVERS"""
unmodified_drivers/linux-2.6/compat-include/asm-generic/pgtable-nopud.h,15,"""THE REST"",""UNMODIFIED LINUX PV DRIVERS"""
unmodified_drivers/linux-2.6/compat-include/linux/io.h,10,"""THE REST"",""UNMODIFIED LINUX PV DRIVERS"""
unmodified_drivers/linux-2.6/compat-include/linux/mutex.h,31,"""THE REST"",""UNMODIFIED LINUX PV DRIVERS"""
unmodified_drivers/linux-2.6/compat-include/linux/scatterlist.h,10,"""THE REST"",""UNMODIFIED LINUX PV DRIVERS"""
unmodified_drivers/linux-2.6/compat-include/xen/platform-compat.h,183,"""THE REST"",""UNMODIFIED LINUX PV DRIVERS"""
unmodified_drivers/linux-2.6/mkbuildtree,100,"""THE REST"",""UNMODIFIED LINUX PV DRIVERS"""
unmodified_drivers/linux-2.6/netfront/Kbuild,5,"""THE REST"",""UNMODIFIED LINUX PV DRIVERS"""
unmodified_drivers/linux-2.6/netfront/Makefile,3,"""THE REST"",""UNMODIFIED LINUX PV DRIVERS"""
unmodified_drivers/linux-2.6/overrides.mk,18,"""THE REST"",""UNMODIFIED LINUX PV DRIVERS"""
unmodified_drivers/linux-2.6/platform-pci/Kbuild,22,"""THE REST"",""UNMODIFIED LINUX PV DRIVERS"""
unmodified_drivers/linux-2.6/platform-pci/Makefile,3,"""THE REST"",""UNMODIFIED LINUX PV DRIVERS"""
unmodified_drivers/linux-2.6/platform-pci/evtchn.c,362,"""THE REST"",""UNMODIFIED LINUX PV DRIVERS"""
unmodified_drivers/linux-2.6/platform-pci/machine_reboot.c,114,"""THE REST"",""UNMODIFIED LINUX PV DRIVERS"""
unmodified_drivers/linux-2.6/platform-pci/panic-handler.c,42,"""THE REST"",""UNMODIFIED LINUX PV DRIVERS"""
unmodified_drivers/linux-2.6/platform-pci/platform-compat.c,147,"""THE REST"",""UNMODIFIED LINUX PV DRIVERS"""
unmodified_drivers/linux-2.6/platform-pci/platform-pci.c,531,"""THE REST"",""UNMODIFIED LINUX PV DRIVERS"""
unmodified_drivers/linux-2.6/platform-pci/platform-pci.h,31,"""THE REST"",""UNMODIFIED LINUX PV DRIVERS"""
unmodified_drivers/linux-2.6/platform-pci/xen_support.c,73,"""THE REST"",""UNMODIFIED LINUX PV DRIVERS"""
unmodified_drivers/linux-2.6/scsifront/Kbuild,6,"""THE REST"",""UNMODIFIED LINUX PV DRIVERS"""
unmodified_drivers/linux-2.6/scsifront/Makefile,3,"""THE REST"",""UNMODIFIED LINUX PV DRIVERS"""
unmodified_drivers/linux-2.6/usbfront/Kbuild,7,"""THE REST"",""UNMODIFIED LINUX PV DRIVERS"""
unmodified_drivers/linux-2.6/usbfront/Makefile,3,"""THE REST"",""UNMODIFIED LINUX PV DRIVERS"""
unmodified_drivers/linux-2.6/xenbus/empty_directory,0,"""THE REST"",""UNMODIFIED LINUX PV DRIVERS"""
version.sh,5,"""THE REST"""
xen/COPYING,366,"""THE REST"""
xen/Kconfig,47,"""THE REST"""
xen/Kconfig.debug,103,"""THE REST"""
xen/Makefile,294,"""THE REST"""
xen/Rules.mk,229,"""THE REST"""
xen/arch/Kconfig,11,"""THE REST"""
xen/arch/arm/Kconfig,232,"""ARM (W/ VIRTUALISATION EXTENSIONS) ARCHITECTURE"",""THE REST"""
xen/arch/arm/Makefile,135,"""ARM (W/ VIRTUALISATION EXTENSIONS) ARCHITECTURE"",""THE REST"""
xen/arch/arm/README.LinuxPrimitives,143,"""ARM (W/ VIRTUALISATION EXTENSIONS) ARCHITECTURE"",""THE REST"""
xen/arch/arm/Rules.mk,90,"""ARM (W/ VIRTUALISATION EXTENSIONS) ARCHITECTURE"",""THE REST"""
xen/arch/arm/acpi/Makefile,3,"""ARM (W/ VIRTUALISATION EXTENSIONS) ARCHITECTURE"",""THE REST"""
xen/arch/arm/acpi/boot.c,282,"""ARM (W/ VIRTUALISATION EXTENSIONS) ARCHITECTURE"",""THE REST"""
xen/arch/arm/acpi/domain_build.c,591,"""ARM (W/ VIRTUALISATION EXTENSIONS) ARCHITECTURE"",""THE REST"""
xen/arch/arm/acpi/lib.c,77,"""ARM (W/ VIRTUALISATION EXTENSIONS) ARCHITECTURE"",""THE REST"""
xen/arch/arm/alternative.c,256,"""ARM (W/ VIRTUALISATION EXTENSIONS) ARCHITECTURE"",""THE REST"""
xen/arch/arm/arm32/Makefile,13,"""ARM (W/ VIRTUALISATION EXTENSIONS) ARCHITECTURE"",""THE REST"""
xen/arch/arm/arm32/asm-offsets.c,85,"""ARM (W/ VIRTUALISATION EXTENSIONS) ARCHITECTURE"",""THE REST"""
xen/arch/arm/arm32/debug-8250.inc,45,"""ARM (W/ VIRTUALISATION EXTENSIONS) ARCHITECTURE"",""THE REST"""
xen/arch/arm/arm32/debug-exynos4210.inc,47,"""ARM (W/ VIRTUALISATION EXTENSIONS) ARCHITECTURE"",""THE REST"""
xen/arch/arm/arm32/debug-pl011.inc,64,"""ARM (W/ VIRTUALISATION EXTENSIONS) ARCHITECTURE"",""THE REST"""
xen/arch/arm/arm32/debug-scif.inc,51,"""ARM (W/ VIRTUALISATION EXTENSIONS) ARCHITECTURE"",""THE REST"""
xen/arch/arm/arm32/debug.S,47,"""ARM (W/ VIRTUALISATION EXTENSIONS) ARCHITECTURE"",""THE REST"""
xen/arch/arm/arm32/domain.c,50,"""ARM (W/ VIRTUALISATION EXTENSIONS) ARCHITECTURE"",""THE REST"""
xen/arch/arm/arm32/domctl.c,34,"""ARM (W/ VIRTUALISATION EXTENSIONS) ARCHITECTURE"",""THE REST"""
xen/arch/arm/arm32/entry.S,320,"""ARM (W/ VIRTUALISATION EXTENSIONS) ARCHITECTURE"",""THE REST"""
xen/arch/arm/arm32/head.S,607,"""ARM (W/ VIRTUALISATION EXTENSIONS) ARCHITECTURE"",""THE REST"""
xen/arch/arm/arm32/insn.c,91,"""ARM (W/ VIRTUALISATION EXTENSIONS) ARCHITECTURE"",""THE REST"""
xen/arch/arm/arm32/lib/Makefile,6,"""ARM (W/ VIRTUALISATION EXTENSIONS) ARCHITECTURE"",""THE REST"""
xen/arch/arm/arm32/lib/assembler.h,325,"""ARM (W/ VIRTUALISATION EXTENSIONS) ARCHITECTURE"",""THE REST"""
xen/arch/arm/arm32/lib/bitops.h,104,"""ARM (W/ VIRTUALISATION EXTENSIONS) ARCHITECTURE"",""THE REST"""
xen/arch/arm/arm32/lib/changebit.S,14,"""ARM (W/ VIRTUALISATION EXTENSIONS) ARCHITECTURE"",""THE REST"""
xen/arch/arm/arm32/lib/clearbit.S,14,"""ARM (W/ VIRTUALISATION EXTENSIONS) ARCHITECTURE"",""THE REST"""
xen/arch/arm/arm32/lib/copy_template.S,267,"""ARM (W/ VIRTUALISATION EXTENSIONS) ARCHITECTURE"",""THE REST"""
xen/arch/arm/arm32/lib/div64.S,209,"""ARM (W/ VIRTUALISATION EXTENSIONS) ARCHITECTURE"",""THE REST"""
xen/arch/arm/arm32/lib/findbit.S,195,"""ARM (W/ VIRTUALISATION EXTENSIONS) ARCHITECTURE"",""THE REST"""
xen/arch/arm/arm32/lib/lib1funcs.S,386,"""ARM (W/ VIRTUALISATION EXTENSIONS) ARCHITECTURE"",""THE REST"""
xen/arch/arm/arm32/lib/lshrdi3.S,51,"""ARM (W/ VIRTUALISATION EXTENSIONS) ARCHITECTURE"",""THE REST"""
xen/arch/arm/arm32/lib/memchr.S,25,"""ARM (W/ VIRTUALISATION EXTENSIONS) ARCHITECTURE"",""THE REST"""
xen/arch/arm/arm32/lib/memcpy.S,61,"""ARM (W/ VIRTUALISATION EXTENSIONS) ARCHITECTURE"",""THE REST"""
xen/arch/arm/arm32/lib/memmove.S,197,"""ARM (W/ VIRTUALISATION EXTENSIONS) ARCHITECTURE"",""THE REST"""
xen/arch/arm/arm32/lib/memset.S,122,"""ARM (W/ VIRTUALISATION EXTENSIONS) ARCHITECTURE"",""THE REST"""
xen/arch/arm/arm32/lib/memzero.S,124,"""ARM (W/ VIRTUALISATION EXTENSIONS) ARCHITECTURE"",""THE REST"""
xen/arch/arm/arm32/lib/setbit.S,15,"""ARM (W/ VIRTUALISATION EXTENSIONS) ARCHITECTURE"",""THE REST"""
xen/arch/arm/arm32/lib/strchr.S,28,"""ARM (W/ VIRTUALISATION EXTENSIONS) ARCHITECTURE"",""THE REST"""
xen/arch/arm/arm32/lib/strrchr.S,25,"""ARM (W/ VIRTUALISATION EXTENSIONS) ARCHITECTURE"",""THE REST"""
xen/arch/arm/arm32/lib/testchangebit.S,15,"""ARM (W/ VIRTUALISATION EXTENSIONS) ARCHITECTURE"",""THE REST"""
xen/arch/arm/arm32/lib/testclearbit.S,15,"""ARM (W/ VIRTUALISATION EXTENSIONS) ARCHITECTURE"",""THE REST"""
xen/arch/arm/arm32/lib/testsetbit.S,15,"""ARM (W/ VIRTUALISATION EXTENSIONS) ARCHITECTURE"",""THE REST"""
xen/arch/arm/arm32/livepatch.c,321,"""ARM (W/ VIRTUALISATION EXTENSIONS) ARCHITECTURE"",""LIVEPATCH"",""THE REST"""
xen/arch/arm/arm32/proc-caxx.c,35,"""ARM (W/ VIRTUALISATION EXTENSIONS) ARCHITECTURE"",""THE REST"""
xen/arch/arm/arm32/proc-v7.S,65,"""ARM (W/ VIRTUALISATION EXTENSIONS) ARCHITECTURE"",""THE REST"""
xen/arch/arm/arm32/smpboot.c,31,"""ARM (W/ VIRTUALISATION EXTENSIONS) ARCHITECTURE"",""THE REST"""
xen/arch/arm/arm32/traps.c,92,"""ARM (W/ VIRTUALISATION EXTENSIONS) ARCHITECTURE"",""THE REST"""
xen/arch/arm/arm32/vfp.c,96,"""ARM (W/ VIRTUALISATION EXTENSIONS) ARCHITECTURE"",""THE REST"""
xen/arch/arm/arm64/Makefile,15,"""ARM (W/ VIRTUALISATION EXTENSIONS) ARCHITECTURE"",""THE REST"""
xen/arch/arm/arm64/asm-offsets.c,68,"""ARM (W/ VIRTUALISATION EXTENSIONS) ARCHITECTURE"",""THE REST"""
xen/arch/arm/arm64/bpi.S,77,"""ARM (W/ VIRTUALISATION EXTENSIONS) ARCHITECTURE"",""THE REST"""
xen/arch/arm/arm64/cache.S,54,"""ARM (W/ VIRTUALISATION EXTENSIONS) ARCHITECTURE"",""THE REST"""
xen/arch/arm/arm64/debug-8250.inc,49,"""ARM (W/ VIRTUALISATION EXTENSIONS) ARCHITECTURE"",""THE REST"""
xen/arch/arm/arm64/debug-cadence.inc,49,"""ARM (W/ VIRTUALISATION EXTENSIONS) ARCHITECTURE"",""THE REST"""
xen/arch/arm/arm64/debug-mvebu.inc,50,"""ARM (W/ VIRTUALISATION EXTENSIONS) ARCHITECTURE"",""THE REST"""
xen/arch/arm/arm64/debug-pl011.inc,63,"""ARM (W/ VIRTUALISATION EXTENSIONS) ARCHITECTURE"",""THE REST"""
xen/arch/arm/arm64/debug-scif.inc,53,"""ARM (W/ VIRTUALISATION EXTENSIONS) ARCHITECTURE"",""THE REST"""
xen/arch/arm/arm64/debug.S,47,"""ARM (W/ VIRTUALISATION EXTENSIONS) ARCHITECTURE"",""THE REST"""
xen/arch/arm/arm64/domain.c,65,"""ARM (W/ VIRTUALISATION EXTENSIONS) ARCHITECTURE"",""THE REST"""
xen/arch/arm/arm64/domctl.c,67,"""ARM (W/ VIRTUALISATION EXTENSIONS) ARCHITECTURE"",""THE REST"""
xen/arch/arm/arm64/entry.S,541,"""ARM (W/ VIRTUALISATION EXTENSIONS) ARCHITECTURE"",""THE REST"""
xen/arch/arm/arm64/head.S,767,"""ARM (W/ VIRTUALISATION EXTENSIONS) ARCHITECTURE"",""THE REST"""
xen/arch/arm/arm64/insn.c,279,"""ARM (W/ VIRTUALISATION EXTENSIONS) ARCHITECTURE"",""THE REST"""
xen/arch/arm/arm64/lib/Makefile,4,"""ARM (W/ VIRTUALISATION EXTENSIONS) ARCHITECTURE"",""THE REST"""
xen/arch/arm/arm64/lib/assembler.h,12,"""ARM (W/ VIRTUALISATION EXTENSIONS) ARCHITECTURE"",""THE REST"""
xen/arch/arm/arm64/lib/bitops.S,67,"""ARM (W/ VIRTUALISATION EXTENSIONS) ARCHITECTURE"",""THE REST"""
xen/arch/arm/arm64/lib/clear_page.S,34,"""ARM (W/ VIRTUALISATION EXTENSIONS) ARCHITECTURE"",""THE REST"""
xen/arch/arm/arm64/lib/find_next_bit.c,283,"""ARM (W/ VIRTUALISATION EXTENSIONS) ARCHITECTURE"",""THE REST"""
xen/arch/arm/arm64/lib/memchr.S,43,"""ARM (W/ VIRTUALISATION EXTENSIONS) ARCHITECTURE"",""THE REST"""
xen/arch/arm/arm64/lib/memcmp.S,257,"""ARM (W/ VIRTUALISATION EXTENSIONS) ARCHITECTURE"",""THE REST"""
xen/arch/arm/arm64/lib/memcpy.S,200,"""ARM (W/ VIRTUALISATION EXTENSIONS) ARCHITECTURE"",""THE REST"""
xen/arch/arm/arm64/lib/memmove.S,196,"""ARM (W/ VIRTUALISATION EXTENSIONS) ARCHITECTURE"",""THE REST"""
xen/arch/arm/arm64/lib/memset.S,215,"""ARM (W/ VIRTUALISATION EXTENSIONS) ARCHITECTURE"",""THE REST"""
xen/arch/arm/arm64/lib/strchr.S,40,"""ARM (W/ VIRTUALISATION EXTENSIONS) ARCHITECTURE"",""THE REST"""
xen/arch/arm/arm64/lib/strcmp.S,233,"""ARM (W/ VIRTUALISATION EXTENSIONS) ARCHITECTURE"",""THE REST"""
xen/arch/arm/arm64/lib/strlen.S,126,"""ARM (W/ VIRTUALISATION EXTENSIONS) ARCHITECTURE"",""THE REST"""
xen/arch/arm/arm64/lib/strncmp.S,310,"""ARM (W/ VIRTUALISATION EXTENSIONS) ARCHITECTURE"",""THE REST"""
xen/arch/arm/arm64/lib/strnlen.S,171,"""ARM (W/ VIRTUALISATION EXTENSIONS) ARCHITECTURE"",""THE REST"""
xen/arch/arm/arm64/lib/strrchr.S,40,"""ARM (W/ VIRTUALISATION EXTENSIONS) ARCHITECTURE"",""THE REST"""
xen/arch/arm/arm64/livepatch.c,496,"""ARM (W/ VIRTUALISATION EXTENSIONS) ARCHITECTURE"",""LIVEPATCH"",""THE REST"""
xen/arch/arm/arm64/smc.S,32,"""ARM (W/ VIRTUALISATION EXTENSIONS) ARCHITECTURE"",""THE REST"""
xen/arch/arm/arm64/smpboot.c,122,"""ARM (W/ VIRTUALISATION EXTENSIONS) ARCHITECTURE"",""THE REST"""
xen/arch/arm/arm64/traps.c,54,"""ARM (W/ VIRTUALISATION EXTENSIONS) ARCHITECTURE"",""THE REST"""
xen/arch/arm/arm64/vfp.c,62,"""ARM (W/ VIRTUALISATION EXTENSIONS) ARCHITECTURE"",""THE REST"""
xen/arch/arm/arm64/vsysreg.c,306,"""ARM (W/ VIRTUALISATION EXTENSIONS) ARCHITECTURE"",""THE REST"""
xen/arch/arm/bootfdt.c,398,"""ARM (W/ VIRTUALISATION EXTENSIONS) ARCHITECTURE"",""THE REST"""
xen/arch/arm/configs/arm32_defconfig,0,"""ARM (W/ VIRTUALISATION EXTENSIONS) ARCHITECTURE"",""THE REST"""
xen/arch/arm/configs/arm64_defconfig,0,"""ARM (W/ VIRTUALISATION EXTENSIONS) ARCHITECTURE"",""THE REST"""
xen/arch/arm/configs/tiny64.conf,38,"""ARM (W/ VIRTUALISATION EXTENSIONS) ARCHITECTURE"",""THE REST"""
xen/arch/arm/cpuerrata.c,565,"""ARM (W/ VIRTUALISATION EXTENSIONS) ARCHITECTURE"",""THE REST"""
xen/arch/arm/cpufeature.c,149,"""ARM (W/ VIRTUALISATION EXTENSIONS) ARCHITECTURE"",""THE REST"""
xen/arch/arm/decode.c,171,"""ARM (W/ VIRTUALISATION EXTENSIONS) ARCHITECTURE"",""THE REST"""
xen/arch/arm/decode.h,49,"""ARM (W/ VIRTUALISATION EXTENSIONS) ARCHITECTURE"",""THE REST"""
xen/arch/arm/device.c,94,"""ARM (W/ VIRTUALISATION EXTENSIONS) ARCHITECTURE"",""THE REST"""
xen/arch/arm/domain.c,1068,"""ARM (W/ VIRTUALISATION EXTENSIONS) ARCHITECTURE"",""THE REST"""
xen/arch/arm/domain_build.c,2164,"""ARM (W/ VIRTUALISATION EXTENSIONS) ARCHITECTURE"",""THE REST"""
xen/arch/arm/domctl.c,218,"""ARM (W/ VIRTUALISATION EXTENSIONS) ARCHITECTURE"",""THE REST"""
xen/arch/arm/dtb.S,2,"""ARM (W/ VIRTUALISATION EXTENSIONS) ARCHITECTURE"",""THE REST"""
xen/arch/arm/early_printk.c,34,"""ARM (W/ VIRTUALISATION EXTENSIONS) ARCHITECTURE"",""THE REST"""
xen/arch/arm/efi/Makefile,4,"""ARM (W/ VIRTUALISATION EXTENSIONS) ARCHITECTURE"",""THE REST"""
xen/arch/arm/efi/efi-boot.h,612,"""ARM (W/ VIRTUALISATION EXTENSIONS) ARCHITECTURE"",""THE REST"""
xen/arch/arm/efi/efi-dom0.c,184,"""ARM (W/ VIRTUALISATION EXTENSIONS) ARCHITECTURE"",""THE REST"""
xen/arch/arm/efi/runtime.h,1,"""ARM (W/ VIRTUALISATION EXTENSIONS) ARCHITECTURE"",""THE REST"""
xen/arch/arm/gic-v2.c,1412,"""ARM (W/ VIRTUALISATION EXTENSIONS) ARCHITECTURE"",""THE REST"""
xen/arch/arm/gic-v3-its.c,1106,"""ARM (W/ VIRTUALISATION EXTENSIONS) ARCHITECTURE"",""THE REST"""
xen/arch/arm/gic-v3-lpi.c,580,"""ARM (W/ VIRTUALISATION EXTENSIONS) ARCHITECTURE"",""THE REST"""
xen/arch/arm/gic-v3.c,1916,"""ARM (W/ VIRTUALISATION EXTENSIONS) ARCHITECTURE"",""THE REST"""
xen/arch/arm/gic-vgic.c,480,"""ARM (W/ VIRTUALISATION EXTENSIONS) ARCHITECTURE"",""THE REST"""
xen/arch/arm/gic.c,508,"""ARM (W/ VIRTUALISATION EXTENSIONS) ARCHITECTURE"",""THE REST"""
xen/arch/arm/guest_walk.c,638,"""ARM (W/ VIRTUALISATION EXTENSIONS) ARCHITECTURE"",""THE REST"""
xen/arch/arm/guestcopy.c,162,"""ARM (W/ VIRTUALISATION EXTENSIONS) ARCHITECTURE"",""THE REST"""
xen/arch/arm/hvm.c,101,"""ARM (W/ VIRTUALISATION EXTENSIONS) ARCHITECTURE"",""THE REST"""
xen/arch/arm/io.c,206,"""ARM (W/ VIRTUALISATION EXTENSIONS) ARCHITECTURE"",""THE REST"""
xen/arch/arm/irq.c,720,"""ARM (W/ VIRTUALISATION EXTENSIONS) ARCHITECTURE"",""THE REST"""
xen/arch/arm/kernel.c,521,"""ARM (W/ VIRTUALISATION EXTENSIONS) ARCHITECTURE"",""THE REST"""
xen/arch/arm/livepatch.c,187,"""ARM (W/ VIRTUALISATION EXTENSIONS) ARCHITECTURE"",""LIVEPATCH"",""THE REST"""
xen/arch/arm/mem_access.c,473,"""ARM (W/ VIRTUALISATION EXTENSIONS) ARCHITECTURE"",""THE REST"",""VM EVENT, MEM ACCESS and MONITOR"""
xen/arch/arm/mm.c,1469,"""ARM (W/ VIRTUALISATION EXTENSIONS) ARCHITECTURE"",""THE REST"""
xen/arch/arm/monitor.c,76,"""ARM (W/ VIRTUALISATION EXTENSIONS) ARCHITECTURE"",""THE REST"",""VM EVENT, MEM ACCESS and MONITOR"""
xen/arch/arm/p2m.c,2122,"""ARM (W/ VIRTUALISATION EXTENSIONS) ARCHITECTURE"",""THE REST"""
xen/arch/arm/percpu.c,84,"""ARM (W/ VIRTUALISATION EXTENSIONS) ARCHITECTURE"",""THE REST"""
xen/arch/arm/physdev.c,27,"""ARM (W/ VIRTUALISATION EXTENSIONS) ARCHITECTURE"",""THE REST"""
xen/arch/arm/platform.c,165,"""ARM (W/ VIRTUALISATION EXTENSIONS) ARCHITECTURE"",""THE REST"""
xen/arch/arm/platform_hypercall.c,69,"""ARM (W/ VIRTUALISATION EXTENSIONS) ARCHITECTURE"",""THE REST"""
xen/arch/arm/platforms/Kconfig,57,"""ARM (W/ VIRTUALISATION EXTENSIONS) ARCHITECTURE"",""THE REST"""
xen/arch/arm/platforms/Makefile,12,"""ARM (W/ VIRTUALISATION EXTENSIONS) ARCHITECTURE"",""THE REST"""
xen/arch/arm/platforms/brcm.c,294,"""ARM (W/ VIRTUALISATION EXTENSIONS) ARCHITECTURE"",""THE REST"""
xen/arch/arm/platforms/exynos5.c,329,"""ARM (W/ VIRTUALISATION EXTENSIONS) ARCHITECTURE"",""THE REST"""
xen/arch/arm/platforms/midway.c,63,"""ARM (W/ VIRTUALISATION EXTENSIONS) ARCHITECTURE"",""THE REST"""
xen/arch/arm/platforms/omap5.c,176,"""ARM (W/ VIRTUALISATION EXTENSIONS) ARCHITECTURE"",""THE REST"""
xen/arch/arm/platforms/rcar2.c,68,"""ARM (W/ VIRTUALISATION EXTENSIONS) ARCHITECTURE"",""THE REST"""
xen/arch/arm/platforms/seattle.c,57,"""ARM (W/ VIRTUALISATION EXTENSIONS) ARCHITECTURE"",""THE REST"""
xen/arch/arm/platforms/sunxi.c,153,"""ARM (W/ VIRTUALISATION EXTENSIONS) ARCHITECTURE"",""THE REST"""
xen/arch/arm/platforms/thunderx.c,39,"""ARM (W/ VIRTUALISATION EXTENSIONS) ARCHITECTURE"",""THE REST"""
xen/arch/arm/platforms/vexpress.c,153,"""ARM (W/ VIRTUALISATION EXTENSIONS) ARCHITECTURE"",""THE REST"""
xen/arch/arm/platforms/xgene-storm.c,132,"""ARM (W/ VIRTUALISATION EXTENSIONS) ARCHITECTURE"",""THE REST"""
xen/arch/arm/platforms/xilinx-zynqmp-eemi.c,218,"""ARM (W/ VIRTUALISATION EXTENSIONS) ARCHITECTURE"",""THE REST"""
xen/arch/arm/platforms/xilinx-zynqmp.c,63,"""ARM (W/ VIRTUALISATION EXTENSIONS) ARCHITECTURE"",""THE REST"""
xen/arch/arm/processor.c,49,"""ARM (W/ VIRTUALISATION EXTENSIONS) ARCHITECTURE"",""THE REST"""
xen/arch/arm/psci.c,247,"""ARM (W/ VIRTUALISATION EXTENSIONS) ARCHITECTURE"",""THE REST"""
xen/arch/arm/setup.c,951,"""ARM (W/ VIRTUALISATION EXTENSIONS) ARCHITECTURE"",""THE REST"""
xen/arch/arm/shutdown.c,72,"""ARM (W/ VIRTUALISATION EXTENSIONS) ARCHITECTURE"",""THE REST"""
xen/arch/arm/smp.c,42,"""ARM (W/ VIRTUALISATION EXTENSIONS) ARCHITECTURE"",""THE REST"""
xen/arch/arm/smpboot.c,545,"""ARM (W/ VIRTUALISATION EXTENSIONS) ARCHITECTURE"",""THE REST"""
xen/arch/arm/sysctl.c,31,"""ARM (W/ VIRTUALISATION EXTENSIONS) ARCHITECTURE"",""THE REST"""
xen/arch/arm/time.c,395,"""ARM (W/ VIRTUALISATION EXTENSIONS) ARCHITECTURE"",""THE REST"""
xen/arch/arm/traps.c,2326,"""ARM (W/ VIRTUALISATION EXTENSIONS) ARCHITECTURE"",""THE REST"""
xen/arch/arm/vcpreg.c,624,"""ARM (W/ VIRTUALISATION EXTENSIONS) ARCHITECTURE"",""THE REST"""
xen/arch/arm/vgic-v2.c,753,"""ARM (W/ VIRTUALISATION EXTENSIONS) ARCHITECTURE"",""THE REST"""
xen/arch/arm/vgic-v3-its.c,1572,"""ARM (W/ VIRTUALISATION EXTENSIONS) ARCHITECTURE"",""THE REST"""
xen/arch/arm/vgic-v3.c,1830,"""ARM (W/ VIRTUALISATION EXTENSIONS) ARCHITECTURE"",""THE REST"""
xen/arch/arm/vgic.c,695,"""ARM (W/ VIRTUALISATION EXTENSIONS) ARCHITECTURE"",""THE REST"""
xen/arch/arm/vgic/Makefile,5,"""ARM (W/ VIRTUALISATION EXTENSIONS) ARCHITECTURE"",""THE REST"""
xen/arch/arm/vgic/vgic-init.c,258,"""ARM (W/ VIRTUALISATION EXTENSIONS) ARCHITECTURE"",""THE REST"""
xen/arch/arm/vgic/vgic-mmio-v2.c,321,"""ARM (W/ VIRTUALISATION EXTENSIONS) ARCHITECTURE"",""THE REST"""
xen/arch/arm/vgic/vgic-mmio.c,643,"""ARM (W/ VIRTUALISATION EXTENSIONS) ARCHITECTURE"",""THE REST"""
xen/arch/arm/vgic/vgic-mmio.h,138,"""ARM (W/ VIRTUALISATION EXTENSIONS) ARCHITECTURE"",""THE REST"""
xen/arch/arm/vgic/vgic-v2.c,331,"""ARM (W/ VIRTUALISATION EXTENSIONS) ARCHITECTURE"",""THE REST"""
xen/arch/arm/vgic/vgic.c,982,"""ARM (W/ VIRTUALISATION EXTENSIONS) ARCHITECTURE"",""THE REST"""
xen/arch/arm/vgic/vgic.h,83,"""ARM (W/ VIRTUALISATION EXTENSIONS) ARCHITECTURE"",""THE REST"""
xen/arch/arm/vm_event.c,57,"""ARM (W/ VIRTUALISATION EXTENSIONS) ARCHITECTURE"",""THE REST"",""VM EVENT, MEM ACCESS and MONITOR"""
xen/arch/arm/vpl011.c,716,"""ARM (W/ VIRTUALISATION EXTENSIONS) ARCHITECTURE"",""THE REST"""
xen/arch/arm/vpsci.c,372,"""ARM (W/ VIRTUALISATION EXTENSIONS) ARCHITECTURE"",""THE REST"""
xen/arch/arm/vsmc.c,344,"""ARM (W/ VIRTUALISATION EXTENSIONS) ARCHITECTURE"",""THE REST"""
xen/arch/arm/vtimer.c,393,"""ARM (W/ VIRTUALISATION EXTENSIONS) ARCHITECTURE"",""THE REST"""
xen/arch/arm/vuart.c,149,"""ARM (W/ VIRTUALISATION EXTENSIONS) ARCHITECTURE"",""THE REST"""
xen/arch/arm/vuart.h,35,"""ARM (W/ VIRTUALISATION EXTENSIONS) ARCHITECTURE"",""THE REST"""
xen/arch/arm/xen.lds.S,244,"""ARM (W/ VIRTUALISATION EXTENSIONS) ARCHITECTURE"",""THE REST"""
xen/arch/x86/Kconfig,206,"""THE REST"",""X86 ARCHITECTURE"""
xen/arch/x86/Makefile,255,"""THE REST"",""X86 ARCHITECTURE"""
xen/arch/x86/Rules.mk,71,"""THE REST"",""X86 ARCHITECTURE"""
xen/arch/x86/acpi/Makefile,4,"""ACPI"",""POWER MANAGEMENT"",""THE REST"",""X86 ARCHITECTURE"""
xen/arch/x86/acpi/boot.c,745,"""ACPI"",""THE REST"",""X86 ARCHITECTURE"""
xen/arch/x86/acpi/cpu_idle.c,1413,"""ACPI"",""POWER MANAGEMENT"",""THE REST"",""X86 ARCHITECTURE"""
xen/arch/x86/acpi/cpufreq/Makefile,2,"""ACPI"",""POWER MANAGEMENT"",""THE REST"",""X86 ARCHITECTURE"""
xen/arch/x86/acpi/cpufreq/cpufreq.c,670,"""ACPI"",""POWER MANAGEMENT"",""THE REST"",""X86 ARCHITECTURE"""
xen/arch/x86/acpi/cpufreq/powernow.c,378,"""ACPI"",""POWER MANAGEMENT"",""THE REST"",""X86 ARCHITECTURE"""
xen/arch/x86/acpi/cpuidle_menu.c,303,"""ACPI"",""POWER MANAGEMENT"",""THE REST"",""X86 ARCHITECTURE"""
xen/arch/x86/acpi/lib.c,125,"""ACPI"",""THE REST"",""X86 ARCHITECTURE"""
xen/arch/x86/acpi/power.c,490,"""ACPI"",""POWER MANAGEMENT"",""THE REST"",""X86 ARCHITECTURE"""
xen/arch/x86/acpi/suspend.c,70,"""ACPI"",""POWER MANAGEMENT"",""THE REST"",""X86 ARCHITECTURE"""
xen/arch/x86/acpi/wakeup_prot.S,152,"""ACPI"",""POWER MANAGEMENT"",""THE REST"",""X86 ARCHITECTURE"""
xen/arch/x86/alternative.c,331,"""THE REST"",""X86 ARCHITECTURE"""
xen/arch/x86/apic.c,1573,"""THE REST"",""X86 ARCHITECTURE"""
xen/arch/x86/asm-macros.c,1,"""THE REST"",""X86 ARCHITECTURE"""
xen/arch/x86/bitops.c,101,"""THE REST"",""X86 ARCHITECTURE"""
xen/arch/x86/boot/Makefile,17,"""THE REST"",""X86 ARCHITECTURE"""
xen/arch/x86/boot/build32.lds,52,"""THE REST"",""X86 ARCHITECTURE"""
xen/arch/x86/boot/build32.mk,40,"""THE REST"",""X86 ARCHITECTURE"""
xen/arch/x86/boot/cmdline.c,343,"""THE REST"",""X86 ARCHITECTURE"""
xen/arch/x86/boot/defs.h,61,"""THE REST"",""X86 ARCHITECTURE"""
xen/arch/x86/boot/edd.S,173,"""THE REST"",""X86 ARCHITECTURE"""
xen/arch/x86/boot/head.S,760,"""THE REST"",""X86 ARCHITECTURE"""
xen/arch/x86/boot/mem.S,94,"""THE REST"",""X86 ARCHITECTURE"""
xen/arch/x86/boot/mkelf32.c,479,"""THE REST"",""X86 ARCHITECTURE"""
xen/arch/x86/boot/reloc.c,298,"""THE REST"",""X86 ARCHITECTURE"""
xen/arch/x86/boot/trampoline.S,309,"""THE REST"",""X86 ARCHITECTURE"""
xen/arch/x86/boot/video.S,1003,"""THE REST"",""X86 ARCHITECTURE"""
xen/arch/x86/boot/video.h,31,"""THE REST"",""X86 ARCHITECTURE"""
xen/arch/x86/boot/wakeup.S,177,"""THE REST"",""X86 ARCHITECTURE"""
xen/arch/x86/boot/x86_64.S,205,"""THE REST"",""X86 ARCHITECTURE"""
xen/arch/x86/bzimage.c,150,"""THE REST"",""X86 ARCHITECTURE"""
xen/arch/x86/clear_page.S,20,"""THE REST"",""X86 ARCHITECTURE"""
xen/arch/x86/compat.c,86,"""THE REST"",""X86 ARCHITECTURE"""
xen/arch/x86/configs/pvshim_defconfig,23,"""THE REST"",""X86 ARCHITECTURE"""
xen/arch/x86/configs/x86_32_defconfig,0,"""THE REST"",""X86 ARCHITECTURE"""
xen/arch/x86/configs/x86_64_defconfig,0,"""THE REST"",""X86 ARCHITECTURE"""
xen/arch/x86/copy_page.S,43,"""THE REST"",""X86 ARCHITECTURE"""
xen/arch/x86/cpu/Makefile,11,"""THE REST"",""X86 ARCHITECTURE"""
xen/arch/x86/cpu/amd.c,806,"""THE REST"",""X86 ARCHITECTURE"""
xen/arch/x86/cpu/centaur.c,67,"""THE REST"",""X86 ARCHITECTURE"""
xen/arch/x86/cpu/common.c,872,"""THE REST"",""X86 ARCHITECTURE"""
xen/arch/x86/cpu/cpu.h,23,"""THE REST"",""X86 ARCHITECTURE"""
xen/arch/x86/cpu/intel.c,362,"""THE REST"",""X86 ARCHITECTURE"""
xen/arch/x86/cpu/intel_cacheinfo.c,267,"""THE REST"",""X86 ARCHITECTURE"""
xen/arch/x86/cpu/mcheck/Makefile,11,"""THE REST"",""X86 ARCHITECTURE"""
xen/arch/x86/cpu/mcheck/amd_nonfatal.c,246,"""THE REST"",""X86 ARCHITECTURE"""
xen/arch/x86/cpu/mcheck/barrier.c,59,"""THE REST"",""X86 ARCHITECTURE"""
xen/arch/x86/cpu/mcheck/barrier.h,61,"""THE REST"",""X86 ARCHITECTURE"""
xen/arch/x86/cpu/mcheck/mcaction.c,149,"""THE REST"",""X86 ARCHITECTURE"""
xen/arch/x86/cpu/mcheck/mcaction.h,20,"""THE REST"",""X86 ARCHITECTURE"""
xen/arch/x86/cpu/mcheck/mce-apei.c,129,"""THE REST"",""X86 ARCHITECTURE"""
xen/arch/x86/cpu/mcheck/mce.c,1870,"""THE REST"",""X86 ARCHITECTURE"""
xen/arch/x86/cpu/mcheck/mce.h,225,"""THE REST"",""X86 ARCHITECTURE"""
xen/arch/x86/cpu/mcheck/mce_amd.c,308,"""THE REST"",""X86 ARCHITECTURE"""
xen/arch/x86/cpu/mcheck/mce_amd.h,7,"""THE REST"",""X86 ARCHITECTURE"""
xen/arch/x86/cpu/mcheck/mce_intel.c,972,"""THE REST"",""X86 ARCHITECTURE"""
xen/arch/x86/cpu/mcheck/mce_quirks.h,53,"""THE REST"",""X86 ARCHITECTURE"""
xen/arch/x86/cpu/mcheck/mctelem.c,559,"""THE REST"",""X86 ARCHITECTURE"""
xen/arch/x86/cpu/mcheck/mctelem.h,76,"""THE REST"",""X86 ARCHITECTURE"""
xen/arch/x86/cpu/mcheck/non-fatal.c,117,"""THE REST"",""X86 ARCHITECTURE"""
xen/arch/x86/cpu/mcheck/util.c,14,"""THE REST"",""X86 ARCHITECTURE"""
xen/arch/x86/cpu/mcheck/util.h,6,"""THE REST"",""X86 ARCHITECTURE"""
xen/arch/x86/cpu/mcheck/vmce.c,559,"""THE REST"",""X86 ARCHITECTURE"""
xen/arch/x86/cpu/mcheck/vmce.h,25,"""THE REST"",""X86 ARCHITECTURE"""
xen/arch/x86/cpu/mcheck/x86_mca.h,165,"""THE REST"",""X86 ARCHITECTURE"""
xen/arch/x86/cpu/mtrr/Makefile,2,"""THE REST"",""X86 ARCHITECTURE"""
xen/arch/x86/cpu/mtrr/generic.c,609,"""THE REST"",""X86 ARCHITECTURE"""
xen/arch/x86/cpu/mtrr/main.c,643,"""THE REST"",""X86 ARCHITECTURE"""
xen/arch/x86/cpu/mtrr/mtrr.h,46,"""THE REST"",""X86 ARCHITECTURE"""
xen/arch/x86/cpu/mwait-idle.c,1271,"""THE REST"",""X86 ARCHITECTURE"""
xen/arch/x86/cpu/shanghai.c,28,"""THE REST"",""X86 ARCHITECTURE"""
xen/arch/x86/cpu/vpmu.c,898,"""THE REST"",""X86 ARCHITECTURE"""
xen/arch/x86/cpu/vpmu_amd.c,588,"""AMD SVM"",""THE REST"",""X86 ARCHITECTURE"""
xen/arch/x86/cpu/vpmu_intel.c,974,"""INTEL(R) VT FOR X86 (VT-X)"",""THE REST"",""X86 ARCHITECTURE"""
xen/arch/x86/cpuid.c,1008,"""THE REST"",""X86 ARCHITECTURE"""
xen/arch/x86/crash.c,203,"""THE REST"",""X86 ARCHITECTURE"""
xen/arch/x86/debug.c,246,"""GDBSX DEBUGGER"",""THE REST"",""X86 ARCHITECTURE"""
xen/arch/x86/delay.c,29,"""THE REST"",""X86 ARCHITECTURE"""
xen/arch/x86/dmi_scan.c,814,"""THE REST"",""X86 ARCHITECTURE"""
xen/arch/x86/dom0_build.c,623,"""THE REST"",""X86 ARCHITECTURE"""
xen/arch/x86/domain.c,2235,"""THE REST"",""X86 ARCHITECTURE"""
xen/arch/x86/domain_page.c,353,"""THE REST"",""X86 ARCHITECTURE"""
xen/arch/x86/domctl.c,1683,"""THE REST"",""X86 ARCHITECTURE"""
xen/arch/x86/e820.c,710,"""THE REST"",""X86 ARCHITECTURE"""
xen/arch/x86/efi/Makefile,11,"""EFI"",""THE REST"",""X86 ARCHITECTURE"""
xen/arch/x86/efi/buildid.ihex,3,"""EFI"",""THE REST"",""X86 ARCHITECTURE"""
xen/arch/x86/efi/check.c,4,"""EFI"",""THE REST"",""X86 ARCHITECTURE"""
xen/arch/x86/efi/efi-boot.h,719,"""EFI"",""THE REST"",""X86 ARCHITECTURE"""
xen/arch/x86/efi/mkreloc.c,384,"""EFI"",""THE REST"",""X86 ARCHITECTURE"""
xen/arch/x86/efi/relocs-dummy.S,11,"""EFI"",""THE REST"",""X86 ARCHITECTURE"""
xen/arch/x86/efi/runtime.h,12,"""EFI"",""THE REST"",""X86 ARCHITECTURE"""
xen/arch/x86/efi/stub.c,83,"""EFI"",""THE REST"",""X86 ARCHITECTURE"""
xen/arch/x86/emul-i8254.c,606,"""THE REST"",""X86 ARCHITECTURE"""
xen/arch/x86/extable.c,206,"""THE REST"",""X86 ARCHITECTURE"""
xen/arch/x86/flushtlb.c,231,"""THE REST"",""X86 ARCHITECTURE"""
xen/arch/x86/gdbstub.c,88,"""THE REST"",""X86 ARCHITECTURE"""
xen/arch/x86/genapic/Makefile,5,"""THE REST"",""X86 ARCHITECTURE"""
xen/arch/x86/genapic/bigsmp.c,48,"""THE REST"",""X86 ARCHITECTURE"""
xen/arch/x86/genapic/default.c,26,"""THE REST"",""X86 ARCHITECTURE"""
xen/arch/x86/genapic/delivery.c,64,"""THE REST"",""X86 ARCHITECTURE"""
xen/arch/x86/genapic/probe.c,113,"""THE REST"",""X86 ARCHITECTURE"""
xen/arch/x86/genapic/x2apic.c,264,"""THE REST"",""X86 ARCHITECTURE"""
xen/arch/x86/guest/Makefile,4,"""THE REST"",""X86 ARCHITECTURE"""
xen/arch/x86/guest/hypercall_page.S,79,"""THE REST"",""X86 ARCHITECTURE"""
xen/arch/x86/guest/pvh-boot.c,151,"""THE REST"",""X86 ARCHITECTURE"""
xen/arch/x86/guest/xen.c,346,"""THE REST"",""X86 ARCHITECTURE"""
xen/arch/x86/hpet.c,871,"""THE REST"",""X86 ARCHITECTURE"""
xen/arch/x86/hvm/Makefile,31,"""THE REST"",""X86 ARCHITECTURE"""
xen/arch/x86/hvm/asid.c,158,"""THE REST"",""X86 ARCHITECTURE"""
xen/arch/x86/hvm/dm.c,806,"""THE REST"",""X86 ARCHITECTURE"""
xen/arch/x86/hvm/dom0_build.c,1198,"""THE REST"",""X86 ARCHITECTURE"""
xen/arch/x86/hvm/domain.c,340,"""THE REST"",""X86 ARCHITECTURE"""
xen/arch/x86/hvm/emulate.c,2695,"""THE REST"",""X86 ARCHITECTURE"",""X86 I/O EMULATION"""
xen/arch/x86/hvm/grant_table.c,89,"""THE REST"",""X86 ARCHITECTURE"""
xen/arch/x86/hvm/hpet.c,783,"""THE REST"",""X86 ARCHITECTURE"""
xen/arch/x86/hvm/hvm.c,5238,"""THE REST"",""X86 ARCHITECTURE"""
xen/arch/x86/hvm/hypercall.c,317,"""THE REST"",""X86 ARCHITECTURE"""
xen/arch/x86/hvm/intercept.c,354,"""THE REST"",""X86 ARCHITECTURE"",""X86 I/O EMULATION"""
xen/arch/x86/hvm/io.c,585,"""THE REST"",""X86 ARCHITECTURE"",""X86 I/O EMULATION"""
xen/arch/x86/hvm/ioreq.c,1550,"""THE REST"",""X86 ARCHITECTURE"",""X86 I/O EMULATION"""
xen/arch/x86/hvm/irq.c,789,"""THE REST"",""X86 ARCHITECTURE"""
xen/arch/x86/hvm/monitor.c,226,"""THE REST"",""VM EVENT, MEM ACCESS and MONITOR"",""X86 ARCHITECTURE"""
xen/arch/x86/hvm/mtrr.c,898,"""THE REST"",""X86 ARCHITECTURE"""
xen/arch/x86/hvm/nestedhvm.c,192,"""THE REST"",""X86 ARCHITECTURE"""
xen/arch/x86/hvm/pmtimer.c,399,"""THE REST"",""X86 ARCHITECTURE"""
xen/arch/x86/hvm/quirks.c,96,"""THE REST"",""X86 ARCHITECTURE"""
xen/arch/x86/hvm/rtc.c,870,"""THE REST"",""X86 ARCHITECTURE"""
xen/arch/x86/hvm/save.c,433,"""THE REST"",""X86 ARCHITECTURE"""
xen/arch/x86/hvm/stdvga.c,641,"""THE REST"",""X86 ARCHITECTURE"""
xen/arch/x86/hvm/svm/Makefile,8,"""AMD SVM"",""THE REST"",""X86 ARCHITECTURE"""
xen/arch/x86/hvm/svm/asid.c,70,"""AMD SVM"",""THE REST"",""X86 ARCHITECTURE"""
xen/arch/x86/hvm/svm/emulate.c,127,"""AMD SVM"",""THE REST"",""X86 ARCHITECTURE"""
xen/arch/x86/hvm/svm/entry.S,110,"""AMD SVM"",""THE REST"",""X86 ARCHITECTURE"""
xen/arch/x86/hvm/svm/intr.c,234,"""AMD SVM"",""THE REST"",""X86 ARCHITECTURE"""
xen/arch/x86/hvm/svm/nestedsvm.c,1720,"""AMD SVM"",""THE REST"",""X86 ARCHITECTURE"""
xen/arch/x86/hvm/svm/svm.c,3111,"""AMD SVM"",""THE REST"",""X86 ARCHITECTURE"""
xen/arch/x86/hvm/svm/svmdebug.c,174,"""AMD SVM"",""THE REST"",""X86 ARCHITECTURE"""
xen/arch/x86/hvm/svm/vmcb.c,327,"""AMD SVM"",""THE REST"",""X86 ARCHITECTURE"""
xen/arch/x86/hvm/vioapic.c,740,"""THE REST"",""X86 ARCHITECTURE"""
xen/arch/x86/hvm/viridian/Makefile,3,"""THE REST"",""X86 ARCHITECTURE"",""X86 VIRIDIAN ENLIGHTENMENTS"""
xen/arch/x86/hvm/viridian/private.h,105,"""THE REST"",""X86 ARCHITECTURE"",""X86 VIRIDIAN ENLIGHTENMENTS"""
xen/arch/x86/hvm/viridian/synic.c,171,"""THE REST"",""X86 ARCHITECTURE"",""X86 VIRIDIAN ENLIGHTENMENTS"""
xen/arch/x86/hvm/viridian/time.c,244,"""THE REST"",""X86 ARCHITECTURE"",""X86 VIRIDIAN ENLIGHTENMENTS"""
xen/arch/x86/hvm/viridian/viridian.c,763,"""THE REST"",""X86 ARCHITECTURE"",""X86 VIRIDIAN ENLIGHTENMENTS"""
xen/arch/x86/hvm/vlapic.c,1654,"""THE REST"",""X86 ARCHITECTURE"""
xen/arch/x86/hvm/vm_event.c,139,"""THE REST"",""VM EVENT, MEM ACCESS and MONITOR"",""X86 ARCHITECTURE"""
xen/arch/x86/hvm/vmsi.c,911,"""THE REST"",""X86 ARCHITECTURE"""
xen/arch/x86/hvm/vmx/Makefile,6,"""INTEL(R) VT FOR X86 (VT-X)"",""THE REST"",""X86 ARCHITECTURE"""
xen/arch/x86/hvm/vmx/entry.S,150,"""INTEL(R) VT FOR X86 (VT-X)"",""THE REST"",""X86 ARCHITECTURE"""
xen/arch/x86/hvm/vmx/intr.c,424,"""INTEL(R) VT FOR X86 (VT-X)"",""THE REST"",""X86 ARCHITECTURE"""
xen/arch/x86/hvm/vmx/realmode.c,246,"""INTEL(R) VT FOR X86 (VT-X)"",""THE REST"",""X86 ARCHITECTURE"""
xen/arch/x86/hvm/vmx/vmcs.c,2086,"""INTEL(R) VT FOR X86 (VT-X)"",""THE REST"",""X86 ARCHITECTURE"""
xen/arch/x86/hvm/vmx/vmx.c,4382,"""INTEL(R) VT FOR X86 (VT-X)"",""THE REST"",""X86 ARCHITECTURE"""
xen/arch/x86/hvm/vmx/vvmx.c,2728,"""INTEL(R) VT FOR X86 (VT-X)"",""THE REST"",""X86 ARCHITECTURE"""
xen/arch/x86/hvm/vpic.c,512,"""THE REST"",""X86 ARCHITECTURE"""
xen/arch/x86/hvm/vpt.c,650,"""THE REST"",""X86 ARCHITECTURE"""
xen/arch/x86/hypercall.c,271,"""THE REST"",""X86 ARCHITECTURE"""
xen/arch/x86/i387.c,400,"""THE REST"",""X86 ARCHITECTURE"""
xen/arch/x86/i8259.c,361,"""THE REST"",""X86 ARCHITECTURE"""
xen/arch/x86/indirect-thunk.S,52,"""THE REST"",""X86 ARCHITECTURE"""
xen/arch/x86/io_apic.c,2623,"""THE REST"",""X86 ARCHITECTURE"""
xen/arch/x86/ioport_emulate.c,130,"""THE REST"",""X86 ARCHITECTURE"""
xen/arch/x86/irq.c,2732,"""THE REST"",""X86 ARCHITECTURE"""
xen/arch/x86/livepatch.c,288,"""LIVEPATCH"",""THE REST"",""X86 ARCHITECTURE"""
xen/arch/x86/machine_kexec.c,210,"""KEXEC"",""THE REST"",""X86 ARCHITECTURE"""
xen/arch/x86/microcode.c,435,"""THE REST"",""X86 ARCHITECTURE"""
xen/arch/x86/microcode_amd.c,649,"""THE REST"",""X86 ARCHITECTURE"""
xen/arch/x86/microcode_intel.c,413,"""THE REST"",""X86 ARCHITECTURE"""
xen/arch/x86/mm.c,5876,"""THE REST"",""X86 ARCHITECTURE"""
xen/arch/x86/mm/Makefile,21,"""THE REST"",""X86 ARCHITECTURE"",""X86 MEMORY MANAGEMENT"""
xen/arch/x86/mm/altp2m.c,134,"""THE REST"",""X86 ARCHITECTURE"",""X86 MEMORY MANAGEMENT"""
xen/arch/x86/mm/guest_walk.c,499,"""THE REST"",""X86 ARCHITECTURE"",""X86 MEMORY MANAGEMENT"""
xen/arch/x86/mm/hap/Makefile,15,"""THE REST"",""X86 ARCHITECTURE"",""X86 MEMORY MANAGEMENT"""
xen/arch/x86/mm/hap/guest_walk.c,149,"""THE REST"",""X86 ARCHITECTURE"",""X86 MEMORY MANAGEMENT"""
xen/arch/x86/mm/hap/hap.c,827,"""THE REST"",""X86 ARCHITECTURE"",""X86 MEMORY MANAGEMENT"""
xen/arch/x86/mm/hap/nested_ept.c,293,"""THE REST"",""X86 ARCHITECTURE"",""X86 MEMORY MANAGEMENT"""
xen/arch/x86/mm/hap/nested_hap.c,291,"""THE REST"",""X86 ARCHITECTURE"",""X86 MEMORY MANAGEMENT"""
xen/arch/x86/mm/hap/private.h,50,"""THE REST"",""X86 ARCHITECTURE"",""X86 MEMORY MANAGEMENT"""
xen/arch/x86/mm/mem_access.c,556,"""THE REST"",""VM EVENT, MEM ACCESS and MONITOR"",""X86 ARCHITECTURE"",""X86 MEMORY MANAGEMENT"""
xen/arch/x86/mm/mem_paging.c,87,"""THE REST"",""X86 ARCHITECTURE"",""X86 MEMORY MANAGEMENT"",""X86 MEMORY PAGING"""
xen/arch/x86/mm/mem_sharing.c,1662,"""THE REST"",""X86 ARCHITECTURE"",""X86 MEMORY MANAGEMENT"",""X86 MEMORY SHARING"""
xen/arch/x86/mm/mm-locks.h,396,"""THE REST"",""X86 ARCHITECTURE"",""X86 MEMORY MANAGEMENT"""
xen/arch/x86/mm/p2m-ept.c,1395,"""INTEL(R) VT FOR X86 (VT-X)"",""THE REST"",""X86 ARCHITECTURE"",""X86 MEMORY MANAGEMENT"""
xen/arch/x86/mm/p2m-pod.c,1341,"""THE REST"",""X86 ARCHITECTURE"",""X86 MEMORY MANAGEMENT"""
xen/arch/x86/mm/p2m-pt.c,1159,"""THE REST"",""X86 ARCHITECTURE"",""X86 MEMORY MANAGEMENT"""
xen/arch/x86/mm/p2m.c,3051,"""THE REST"",""X86 ARCHITECTURE"",""X86 MEMORY MANAGEMENT"""
xen/arch/x86/mm/paging.c,976,"""THE REST"",""X86 ARCHITECTURE"",""X86 MEMORY MANAGEMENT"""
xen/arch/x86/mm/shadow/Makefile,15,"""THE REST"",""X86 ARCHITECTURE"",""X86 MEMORY MANAGEMENT"",""X86 SHADOW PAGETABLES"""
xen/arch/x86/mm/shadow/common.c,3629,"""THE REST"",""X86 ARCHITECTURE"",""X86 MEMORY MANAGEMENT"",""X86 SHADOW PAGETABLES"""
xen/arch/x86/mm/shadow/hvm.c,588,"""THE REST"",""X86 ARCHITECTURE"",""X86 MEMORY MANAGEMENT"",""X86 SHADOW PAGETABLES"""
xen/arch/x86/mm/shadow/multi.c,4947,"""THE REST"",""X86 ARCHITECTURE"",""X86 MEMORY MANAGEMENT"",""X86 SHADOW PAGETABLES"""
xen/arch/x86/mm/shadow/multi.h,116,"""THE REST"",""X86 ARCHITECTURE"",""X86 MEMORY MANAGEMENT"",""X86 SHADOW PAGETABLES"""
xen/arch/x86/mm/shadow/none.c,84,"""THE REST"",""X86 ARCHITECTURE"",""X86 MEMORY MANAGEMENT"",""X86 SHADOW PAGETABLES"""
xen/arch/x86/mm/shadow/private.h,809,"""THE REST"",""X86 ARCHITECTURE"",""X86 MEMORY MANAGEMENT"",""X86 SHADOW PAGETABLES"""
xen/arch/x86/mm/shadow/types.h,363,"""THE REST"",""X86 ARCHITECTURE"",""X86 MEMORY MANAGEMENT"",""X86 SHADOW PAGETABLES"""
xen/arch/x86/monitor.c,356,"""THE REST"",""VM EVENT, MEM ACCESS and MONITOR"",""X86 ARCHITECTURE"""
xen/arch/x86/mpparse.c,1107,"""THE REST"",""X86 ARCHITECTURE"""
xen/arch/x86/msi.c,1564,"""THE REST"",""X86 ARCHITECTURE"""
xen/arch/x86/msr.c,383,"""THE REST"",""X86 ARCHITECTURE"""
xen/arch/x86/nmi.c,616,"""THE REST"",""X86 ARCHITECTURE"""
xen/arch/x86/numa.c,512,"""THE REST"",""X86 ARCHITECTURE"""
xen/arch/x86/oprofile/Makefile,6,"""THE REST"",""X86 ARCHITECTURE"""
xen/arch/x86/oprofile/backtrace.c,163,"""THE REST"",""X86 ARCHITECTURE"""
xen/arch/x86/oprofile/nmi_int.c,470,"""THE REST"",""X86 ARCHITECTURE"""
xen/arch/x86/oprofile/op_counter.h,41,"""THE REST"",""X86 ARCHITECTURE"""
xen/arch/x86/oprofile/op_model_athlon.c,546,"""THE REST"",""X86 ARCHITECTURE"""
xen/arch/x86/oprofile/op_model_p4.c,721,"""THE REST"",""X86 ARCHITECTURE"""
xen/arch/x86/oprofile/op_model_ppro.c,344,"""THE REST"",""X86 ARCHITECTURE"""
xen/arch/x86/oprofile/op_x86_model.h,58,"""THE REST"",""X86 ARCHITECTURE"""
xen/arch/x86/oprofile/xenoprof.c,104,"""THE REST"",""X86 ARCHITECTURE"""
xen/arch/x86/pci.c,100,"""THE REST"",""X86 ARCHITECTURE"""
xen/arch/x86/percpu.c,111,"""THE REST"",""X86 ARCHITECTURE"""
xen/arch/x86/physdev.c,681,"""THE REST"",""X86 ARCHITECTURE"""
xen/arch/x86/platform_hypercall.c,830,"""THE REST"",""X86 ARCHITECTURE"""
xen/arch/x86/psr.c,1693,"""THE REST"",""X86 ARCHITECTURE"""
xen/arch/x86/pv/Makefile,18,"""THE REST"",""X86 ARCHITECTURE"""
xen/arch/x86/pv/callback.c,496,"""THE REST"",""X86 ARCHITECTURE"""
xen/arch/x86/pv/descriptor-tables.c,276,"""THE REST"",""X86 ARCHITECTURE"""
xen/arch/x86/pv/dom0_build.c,946,"""THE REST"",""X86 ARCHITECTURE"""
xen/arch/x86/pv/domain.c,354,"""THE REST"",""X86 ARCHITECTURE"""
xen/arch/x86/pv/emul-gate-op.c,431,"""THE REST"",""X86 ARCHITECTURE"""
xen/arch/x86/pv/emul-inv-op.c,110,"""THE REST"",""X86 ARCHITECTURE"""
xen/arch/x86/pv/emul-priv-op.c,1328,"""THE REST"",""X86 ARCHITECTURE"""
xen/arch/x86/pv/emulate.c,94,"""THE REST"",""X86 ARCHITECTURE"""
xen/arch/x86/pv/emulate.h,30,"""THE REST"",""X86 ARCHITECTURE"""
xen/arch/x86/pv/gpr_switch.S,67,"""THE REST"",""X86 ARCHITECTURE"""
xen/arch/x86/pv/grant_table.c,322,"""THE REST"",""X86 ARCHITECTURE"""
xen/arch/x86/pv/hypercall.c,345,"""THE REST"",""X86 ARCHITECTURE"""
xen/arch/x86/pv/iret.c,211,"""THE REST"",""X86 ARCHITECTURE"""
xen/arch/x86/pv/misc-hypercalls.c,182,"""THE REST"",""X86 ARCHITECTURE"""
xen/arch/x86/pv/mm.c,144,"""THE REST"",""X86 ARCHITECTURE"""
xen/arch/x86/pv/mm.h,166,"""THE REST"",""X86 ARCHITECTURE"""
xen/arch/x86/pv/ro-page-fault.c,420,"""THE REST"",""X86 ARCHITECTURE"""
xen/arch/x86/pv/shim.c,1008,"""THE REST"",""X86 ARCHITECTURE"""
xen/arch/x86/pv/traps.c,249,"""THE REST"",""X86 ARCHITECTURE"""
xen/arch/x86/setup.c,1940,"""THE REST"",""X86 ARCHITECTURE"""
xen/arch/x86/shutdown.c,682,"""THE REST"",""X86 ARCHITECTURE"""
xen/arch/x86/smp.c,341,"""THE REST"",""X86 ARCHITECTURE"""
xen/arch/x86/smpboot.c,1386,"""THE REST"",""X86 ARCHITECTURE"""
xen/arch/x86/spec_ctrl.c,910,"""THE REST"",""X86 ARCHITECTURE"""
xen/arch/x86/srat.c,534,"""THE REST"",""X86 ARCHITECTURE"""
xen/arch/x86/string.c,67,"""THE REST"",""X86 ARCHITECTURE"""
xen/arch/x86/sysctl.c,405,"""THE REST"",""X86 ARCHITECTURE"""
xen/arch/x86/tboot.c,558,"""INTEL(R) TRUSTED EXECUTION TECHNOLOGY (TXT)"",""THE REST"",""X86 ARCHITECTURE"""
xen/arch/x86/time.c,2319,"""THE REST"",""X86 ARCHITECTURE"""
xen/arch/x86/trace.c,159,"""THE REST"",""X86 ARCHITECTURE"""
xen/arch/x86/traps.c,2127,"""THE REST"",""X86 ARCHITECTURE"""
xen/arch/x86/usercopy.c,185,"""THE REST"",""X86 ARCHITECTURE"""
xen/arch/x86/vm_event.c,297,"""THE REST"",""VM EVENT, MEM ACCESS and MONITOR"",""X86 ARCHITECTURE"""
xen/arch/x86/x86_64/Makefile,16,"""THE REST"",""X86 ARCHITECTURE"""
xen/arch/x86/x86_64/acpi_mmcfg.c,116,"""THE REST"",""X86 ARCHITECTURE"""
xen/arch/x86/x86_64/asm-offsets.c,171,"""THE REST"",""X86 ARCHITECTURE"""
xen/arch/x86/x86_64/compat.c,30,"""THE REST"",""X86 ARCHITECTURE"""
xen/arch/x86/x86_64/compat/Makefile,2,"""THE REST"",""X86 ARCHITECTURE"""
xen/arch/x86/x86_64/compat/entry.S,386,"""THE REST"",""X86 ARCHITECTURE"""
xen/arch/x86/x86_64/compat/mm.c,327,"""THE REST"",""X86 ARCHITECTURE"""
xen/arch/x86/x86_64/cpu_idle.c,114,"""THE REST"",""X86 ARCHITECTURE"""
xen/arch/x86/x86_64/cpufreq.c,58,"""THE REST"",""X86 ARCHITECTURE"""
xen/arch/x86/x86_64/domain.c,73,"""THE REST"",""X86 ARCHITECTURE"""
xen/arch/x86/x86_64/entry.S,961,"""THE REST"",""X86 ARCHITECTURE"""
xen/arch/x86/x86_64/gdbstub.c,150,"""THE REST"",""X86 ARCHITECTURE"""
xen/arch/x86/x86_64/kexec_reloc.S,200,"""KEXEC"",""THE REST"",""X86 ARCHITECTURE"""
xen/arch/x86/x86_64/machine_kexec.c,29,"""THE REST"",""X86 ARCHITECTURE"""
xen/arch/x86/x86_64/mm.c,1489,"""THE REST"",""X86 ARCHITECTURE"""
xen/arch/x86/x86_64/mmconf-fam10h.c,206,"""THE REST"",""X86 ARCHITECTURE"""
xen/arch/x86/x86_64/mmconfig-shared.c,466,"""THE REST"",""X86 ARCHITECTURE"""
xen/arch/x86/x86_64/mmconfig.h,84,"""THE REST"",""X86 ARCHITECTURE"""
xen/arch/x86/x86_64/mmconfig_64.c,231,"""THE REST"",""X86 ARCHITECTURE"""
xen/arch/x86/x86_64/pci.c,105,"""THE REST"",""X86 ARCHITECTURE"""
xen/arch/x86/x86_64/physdev.c,94,"""THE REST"",""X86 ARCHITECTURE"""
xen/arch/x86/x86_64/platform_hypercall.c,55,"""THE REST"",""X86 ARCHITECTURE"""
xen/arch/x86/x86_64/traps.c,385,"""THE REST"",""X86 ARCHITECTURE"""
xen/arch/x86/x86_emulate.c,169,"""THE REST"",""X86 ARCHITECTURE"""
xen/arch/x86/x86_emulate/x86_emulate.c,10159,"""THE REST"",""X86 ARCHITECTURE"""
xen/arch/x86/x86_emulate/x86_emulate.h,770,"""THE REST"",""X86 ARCHITECTURE"""
xen/arch/x86/xen.lds.S,365,"""THE REST"",""X86 ARCHITECTURE"""
xen/arch/x86/xstate.c,838,"""THE REST"",""X86 ARCHITECTURE"""
xen/common/COPYING,15,"""THE REST"""
xen/common/Kconfig,360,"""THE REST"""
xen/common/Makefile,86,"""THE REST"""
xen/common/README.source,50,"""THE REST"""
xen/common/argo.c,2364,"""ARGO"",""THE REST"""
xen/common/bitmap.c,435,"""THE REST"""
xen/common/bsearch.c,51,"""THE REST"""
xen/common/bunzip2.c,733,"""THE REST"""
xen/common/compat/domain.c,144,"""THE REST"""
xen/common/compat/grant_table.c,350,"""THE REST"""
xen/common/compat/kernel.c,58,"""THE REST"""
xen/common/compat/memory.c,657,"""THE REST"""
xen/common/compat/multicall.c,52,"""THE REST"""
xen/common/compat/schedule.c,55,"""THE REST"""
xen/common/compat/tmem_xen.c,23,"""THE REST"""
xen/common/compat/xenoprof.c,42,"""THE REST"""
xen/common/compat/xlat.c,73,"""THE REST"""
xen/common/core_parking.c,238,"""THE REST"""
xen/common/coverage/Makefile,11,"""THE REST"""
xen/common/coverage/coverage.c,73,"""THE REST"""
xen/common/coverage/coverage.h,23,"""THE REST"""
xen/common/coverage/gcc_3_4.c,367,"""THE REST"""
xen/common/coverage/gcc_4_7.c,204,"""THE REST"""
xen/common/coverage/gcc_4_9.c,33,"""THE REST"""
xen/common/coverage/gcc_5.c,33,"""THE REST"""
xen/common/coverage/gcc_7.c,30,"""THE REST"""
xen/common/coverage/gcov.c,227,"""THE REST"""
xen/common/coverage/gcov.h,40,"""THE REST"""
xen/common/coverage/gcov_base.c,67,"""THE REST"""
xen/common/coverage/llvm.c,154,"""THE REST"""
xen/common/cpu.c,224,"""THE REST"""
xen/common/cpupool.c,814,"""CPU POOLS"",""THE REST"""
xen/common/decompress.c,35,"""THE REST"""
xen/common/decompress.h,29,"""THE REST"""
xen/common/device_tree.c,2054,"""DEVICE TREE"",""THE REST"""
xen/common/domain.c,1692,"""THE REST"""
xen/common/domctl.c,1094,"""THE REST"""
xen/common/earlycpio.c,151,"""THE REST"""
xen/common/efi/boot.c,1685,"""EFI"",""THE REST"""
xen/common/efi/compat.c,30,"""EFI"",""THE REST"""
xen/common/efi/efi.h,41,"""EFI"",""THE REST"""
xen/common/efi/runtime.c,660,"""EFI"",""THE REST"""
xen/common/event_2l.c,113,"""THE REST"""
xen/common/event_channel.c,1471,"""THE REST"""
xen/common/event_fifo.c,652,"""THE REST"""
xen/common/gdbstub.c,747,"""THE REST"""
xen/common/grant_table.c,4017,"""THE REST"""
xen/common/guestcopy.c,30,"""THE REST"""
xen/common/gunzip.c,137,"""THE REST"""
xen/common/inflate.c,1304,"""THE REST"""
xen/common/irq.c,41,"""THE REST"""
xen/common/kernel.c,588,"""THE REST"""
xen/common/kexec.c,1284,"""THE REST"""
xen/common/keyhandler.c,513,"""THE REST"""
xen/common/kimage.c,949,"""THE REST"""
xen/common/lib.c,515,"""THE REST"""
xen/common/libelf/COPYING,467,"""THE REST"""
xen/common/libelf/Makefile,11,"""THE REST"""
xen/common/libelf/README,1,"""THE REST"""
xen/common/libelf/libelf-dominfo.c,612,"""THE REST"""
xen/common/libelf/libelf-loader.c,580,"""THE REST"""
xen/common/libelf/libelf-private.h,117,"""THE REST"""
xen/common/libelf/libelf-tools.c,391,"""THE REST"""
xen/common/libfdt/Makefile,13,"""DEVICE TREE"",""THE REST"""
xen/common/libfdt/Makefile.libfdt,10,"""DEVICE TREE"",""THE REST"""
xen/common/libfdt/TODO,3,"""DEVICE TREE"",""THE REST"""
xen/common/libfdt/fdt.c,248,"""DEVICE TREE"",""THE REST"""
xen/common/libfdt/fdt_empty_tree.c,82,"""DEVICE TREE"",""THE REST"""
xen/common/libfdt/fdt_ro.c,571,"""DEVICE TREE"",""THE REST"""
xen/common/libfdt/fdt_rw.c,490,"""DEVICE TREE"",""THE REST"""
xen/common/libfdt/fdt_strerror.c,94,"""DEVICE TREE"",""THE REST"""
xen/common/libfdt/fdt_sw.c,254,"""DEVICE TREE"",""THE REST"""
xen/common/libfdt/fdt_wip.c,116,"""DEVICE TREE"",""THE REST"""
xen/common/libfdt/libfdt_internal.h,93,"""DEVICE TREE"",""THE REST"""
xen/common/libfdt/version.lds,60,"""DEVICE TREE"",""THE REST"""
xen/common/list_sort.c,157,"""THE REST"""
xen/common/livepatch.c,1680,"""LIVEPATCH"",""THE REST"""
xen/common/livepatch_elf.c,544,"""LIVEPATCH"",""THE REST"""
xen/common/lz4/decompress.c,334,"""THE REST"""
xen/common/lz4/defs.h,170,"""THE REST"""
xen/common/lzo.c,624,"""THE REST"""
xen/common/mem_access.c,129,"""THE REST"",""VM EVENT, MEM ACCESS and MONITOR"""
xen/common/memory.c,1732,"""THE REST"""
xen/common/monitor.c,156,"""THE REST"",""VM EVENT, MEM ACCESS and MONITOR"""
xen/common/multicall.c,136,"""THE REST"""
xen/common/notifier.c,91,"""THE REST"""
xen/common/page_alloc.c,2559,"""THE REST"""
xen/common/pdx.c,116,"""THE REST"""
xen/common/perfc.c,281,"""THE REST"""
xen/common/preempt.c,40,"""THE REST"""
xen/common/radix-tree.c,757,"""THE REST"""
xen/common/random.c,39,"""THE REST"""
xen/common/rangeset.c,602,"""THE REST"""
xen/common/rbtree.c,577,"""THE REST"""
xen/common/rcupdate.c,642,"""THE REST"""
xen/common/rwlock.c,149,"""THE REST"""
xen/common/sched_arinc653.c,749,"""ARINC653 SCHEDULER"",""SCHEDULING"",""THE REST"""
xen/common/sched_credit.c,2303,"""SCHEDULING"",""THE REST"""
xen/common/sched_credit2.c,4100,"""SCHEDULING"",""THE REST"""
xen/common/sched_null.c,904,"""SCHEDULING"",""THE REST"""
xen/common/sched_rt.c,1572,"""RTDS SCHEDULER"",""SCHEDULING"",""THE REST"""
xen/common/schedule.c,2033,"""SCHEDULING"",""THE REST"""
xen/common/shutdown.c,75,"""THE REST"""
xen/common/smp.c,113,"""THE REST"""
xen/common/softirq.c,147,"""THE REST"""
xen/common/sort.c,82,"""THE REST"""
xen/common/spinlock.c,493,"""THE REST"""
xen/common/stop_machine.c,203,"""THE REST"""
xen/common/string.c,461,"""THE REST"""
xen/common/symbols-dummy.c,24,"""THE REST"""
xen/common/symbols.c,270,"""THE REST"""
xen/common/sysctl.c,529,"""THE REST"""
xen/common/tasklet.c,264,"""THE REST"""
xen/common/time.c,180,"""THE REST"""
xen/common/timer.c,660,"""THE REST"""
xen/common/tmem.c,2095,"""THE REST"",""TRANSCENDENT MEMORY (TMEM)"""
xen/common/tmem_control.c,560,"""THE REST"",""TRANSCENDENT MEMORY (TMEM)"""
xen/common/tmem_xen.c,277,"""THE REST"",""TRANSCENDENT MEMORY (TMEM)"""
xen/common/trace.c,879,"""THE REST"",""XENTRACE"""
xen/common/ubsan/Makefile,1,"""THE REST"""
xen/common/ubsan/ubsan.c,520,"""THE REST"""
xen/common/ubsan/ubsan.h,95,"""THE REST"""
xen/common/unlz4.c,167,"""THE REST"""
xen/common/unlzma.c,661,"""THE REST"""
xen/common/unlzo.c,265,"""THE REST"""
xen/common/unxz.c,304,"""THE REST"""
xen/common/version.c,204,"""THE REST"""
xen/common/virtual_region.c,146,"""THE REST"""
xen/common/vm_event.c,820,"""THE REST"",""VM EVENT, MEM ACCESS and MONITOR"""
xen/common/vmap.c,332,"""THE REST"""
xen/common/vsprintf.c,903,"""THE REST"""
xen/common/wait.c,266,"""THE REST"""
xen/common/warning.c,55,"""THE REST"""
xen/common/xenoprof.c,935,"""THE REST"""
xen/common/xmalloc_tlsf.c,652,"""THE REST"""
xen/common/xz/crc32.c,51,"""THE REST"""
xen/common/xz/dec_bcj.c,574,"""THE REST"""
xen/common/xz/dec_lzma2.c,1175,"""THE REST"""
xen/common/xz/dec_stream.c,821,"""THE REST"""
xen/common/xz/lzma2.h,204,"""THE REST"""
xen/common/xz/private.h,274,"""THE REST"""
xen/common/xz/stream.h,55,"""THE REST"""
xen/crypto/Makefile,2,"""THE REST"""
xen/crypto/README.source,17,"""THE REST"""
xen/crypto/rijndael.c,1283,"""THE REST"""
xen/crypto/vmac.c,1160,"""THE REST"""
xen/drivers/Kconfig,18,"""THE REST"""
xen/drivers/Makefile,7,"""THE REST"""
xen/drivers/acpi/Kconfig,9,"""ACPI"",""THE REST"""
xen/drivers/acpi/Makefile,11,"""ACPI"",""THE REST"""
xen/drivers/acpi/apei/Makefile,4,"""ACPI"",""THE REST"""
xen/drivers/acpi/apei/apei-base.c,279,"""ACPI"",""THE REST"""
xen/drivers/acpi/apei/apei-internal.h,84,"""ACPI"",""THE REST"""
xen/drivers/acpi/apei/apei-io.c,325,"""ACPI"",""THE REST"""
xen/drivers/acpi/apei/erst.c,844,"""ACPI"",""THE REST"""
xen/drivers/acpi/apei/hest.c,199,"""ACPI"",""THE REST"""
xen/drivers/acpi/hwregs.c,689,"""ACPI"",""THE REST"""
xen/drivers/acpi/numa.c,235,"""ACPI"",""THE REST"""
xen/drivers/acpi/osl.c,248,"""ACPI"",""THE REST"""
xen/drivers/acpi/pmstat.c,514,"""ACPI"",""THE REST"""
xen/drivers/acpi/reboot.c,38,"""ACPI"",""THE REST"""
xen/drivers/acpi/tables.c,470,"""ACPI"",""THE REST"""
xen/drivers/acpi/tables/Makefile,5,"""ACPI"",""THE REST"""
xen/drivers/acpi/tables/tbfadt.c,478,"""ACPI"",""THE REST"""
xen/drivers/acpi/tables/tbinstal.c,150,"""ACPI"",""THE REST"""
xen/drivers/acpi/tables/tbutils.c,526,"""ACPI"",""THE REST"""
xen/drivers/acpi/tables/tbxface.c,254,"""ACPI"",""THE REST"""
xen/drivers/acpi/tables/tbxfroot.c,272,"""ACPI"",""THE REST"""
xen/drivers/acpi/utilities/Makefile,2,"""ACPI"",""THE REST"""
xen/drivers/acpi/utilities/utglobal.c,207,"""ACPI"",""THE REST"""
xen/drivers/acpi/utilities/utmisc.c,178,"""ACPI"",""THE REST"""
xen/drivers/char/Kconfig,60,"""THE REST"""
xen/drivers/char/Makefile,13,"""THE REST"""
xen/drivers/char/arm-uart.c,140,"""ARM (W/ VIRTUALISATION EXTENSIONS) ARCHITECTURE"",""THE REST"""
xen/drivers/char/cadence-uart.c,224,"""ARM (W/ VIRTUALISATION EXTENSIONS) ARCHITECTURE"",""THE REST"""
xen/drivers/char/console.c,1386,"""THE REST"""
xen/drivers/char/consoled.c,148,"""THE REST"""
xen/drivers/char/ehci-dbgp.c,1567,"""THE REST"""
xen/drivers/char/exynos4210-uart.c,372,"""ARM (W/ VIRTUALISATION EXTENSIONS) ARCHITECTURE"",""THE REST"""
xen/drivers/char/mvebu-uart.c,294,"""ARM (W/ VIRTUALISATION EXTENSIONS) ARCHITECTURE"",""THE REST"""
xen/drivers/char/ns16550.c,1618,"""THE REST"""
xen/drivers/char/omap-uart.c,403,"""ARM (W/ VIRTUALISATION EXTENSIONS) ARCHITECTURE"",""THE REST"""
xen/drivers/char/pl011.c,366,"""ARM (W/ VIRTUALISATION EXTENSIONS) ARCHITECTURE"",""THE REST"""
xen/drivers/char/scif-uart.c,300,"""ARM (W/ VIRTUALISATION EXTENSIONS) ARCHITECTURE"",""THE REST"""
xen/drivers/char/serial.c,599,"""THE REST"""
xen/drivers/char/xen_pv_console.c,208,"""THE REST"""
xen/drivers/cpufreq/Kconfig,3,"""POWER MANAGEMENT"",""THE REST"""
xen/drivers/cpufreq/Makefile,4,"""POWER MANAGEMENT"",""THE REST"""
xen/drivers/cpufreq/cpufreq.c,679,"""POWER MANAGEMENT"",""THE REST"""
xen/drivers/cpufreq/cpufreq_misc_governors.c,206,"""POWER MANAGEMENT"",""THE REST"""
xen/drivers/cpufreq/cpufreq_ondemand.c,397,"""POWER MANAGEMENT"",""THE REST"""
xen/drivers/cpufreq/utility.c,490,"""POWER MANAGEMENT"",""THE REST"""
xen/drivers/passthrough/Kconfig,15,"""IOMMU VENDOR INDEPENDENT CODE"",""THE REST"""
xen/drivers/passthrough/Makefile,11,"""IOMMU VENDOR INDEPENDENT CODE"",""THE REST"""
xen/drivers/passthrough/amd/Makefile,8,"""AMD IOMMU"",""THE REST"""
xen/drivers/passthrough/amd/iommu_acpi.c,1283,"""AMD IOMMU"",""THE REST"""
xen/drivers/passthrough/amd/iommu_cmd.c,405,"""AMD IOMMU"",""THE REST"""
xen/drivers/passthrough/amd/iommu_detect.c,167,"""AMD IOMMU"",""THE REST"""
xen/drivers/passthrough/amd/iommu_guest.c,927,"""AMD IOMMU"",""THE REST"""
xen/drivers/passthrough/amd/iommu_init.c,1401,"""AMD IOMMU"",""THE REST"""
xen/drivers/passthrough/amd/iommu_intr.c,715,"""AMD IOMMU"",""THE REST"""
xen/drivers/passthrough/amd/iommu_map.c,773,"""AMD IOMMU"",""THE REST"""
xen/drivers/passthrough/amd/pci_amd_iommu.c,597,"""AMD IOMMU"",""THE REST"""
xen/drivers/passthrough/arm/Makefile,2,"""ARM (W/ VIRTUALISATION EXTENSIONS) ARCHITECTURE"",""THE REST"""
xen/drivers/passthrough/arm/iommu.c,79,"""ARM (W/ VIRTUALISATION EXTENSIONS) ARCHITECTURE"",""THE REST"""
xen/drivers/passthrough/arm/smmu.c,2840,"""ARM (W/ VIRTUALISATION EXTENSIONS) ARCHITECTURE"",""THE REST"""
xen/drivers/passthrough/ats.h,52,"""IOMMU VENDOR INDEPENDENT CODE"",""THE REST"""
xen/drivers/passthrough/device_tree.c,216,"""DEVICE TREE"",""THE REST"""
xen/drivers/passthrough/io.c,1120,"""IOMMU VENDOR INDEPENDENT CODE"",""THE REST"""
xen/drivers/passthrough/iommu.c,645,"""IOMMU VENDOR INDEPENDENT CODE"",""THE REST"""
xen/drivers/passthrough/pci.c,1783,"""IOMMU VENDOR INDEPENDENT CODE"",""THE REST"""
xen/drivers/passthrough/vtd/Makefile,8,"""INTEL(R) VT FOR DIRECTED I/O (VT-D)"",""THE REST"""
xen/drivers/passthrough/vtd/dmar.c,1153,"""INTEL(R) VT FOR DIRECTED I/O (VT-D)"",""THE REST"""
xen/drivers/passthrough/vtd/dmar.h,134,"""INTEL(R) VT FOR DIRECTED I/O (VT-D)"",""THE REST"""
xen/drivers/passthrough/vtd/extern.h,103,"""INTEL(R) VT FOR DIRECTED I/O (VT-D)"",""THE REST"""
xen/drivers/passthrough/vtd/intremap.c,996,"""INTEL(R) VT FOR DIRECTED I/O (VT-D)"",""THE REST"""
xen/drivers/passthrough/vtd/iommu.c,2746,"""INTEL(R) VT FOR DIRECTED I/O (VT-D)"",""THE REST"""
xen/drivers/passthrough/vtd/iommu.h,575,"""INTEL(R) VT FOR DIRECTED I/O (VT-D)"",""THE REST"""
xen/drivers/passthrough/vtd/qinval.c,477,"""INTEL(R) VT FOR DIRECTED I/O (VT-D)"",""THE REST"""
xen/drivers/passthrough/vtd/quirks.c,542,"""INTEL(R) VT FOR DIRECTED I/O (VT-D)"",""THE REST"""
xen/drivers/passthrough/vtd/utils.c,308,"""INTEL(R) VT FOR DIRECTED I/O (VT-D)"",""THE REST"""
xen/drivers/passthrough/vtd/vtd.h,68,"""INTEL(R) VT FOR DIRECTED I/O (VT-D)"",""THE REST"""
xen/drivers/passthrough/vtd/x86/Makefile,3,"""INTEL(R) VT FOR DIRECTED I/O (VT-D)"",""THE REST"""
xen/drivers/passthrough/vtd/x86/ats.c,164,"""INTEL(R) VT FOR DIRECTED I/O (VT-D)"",""THE REST"""
xen/drivers/passthrough/vtd/x86/hvm.c,67,"""INTEL(R) VT FOR DIRECTED I/O (VT-D)"",""THE REST"""
xen/drivers/passthrough/vtd/x86/vtd.c,62,"""INTEL(R) VT FOR DIRECTED I/O (VT-D)"",""THE REST"""
xen/drivers/passthrough/x86/Makefile,2,"""IOMMU VENDOR INDEPENDENT CODE"",""THE REST"""
xen/drivers/passthrough/x86/ats.c,95,"""IOMMU VENDOR INDEPENDENT CODE"",""THE REST"""
xen/drivers/passthrough/x86/iommu.c,269,"""IOMMU VENDOR INDEPENDENT CODE"",""THE REST"""
xen/drivers/pci/Kconfig,3,"""THE REST"""
xen/drivers/pci/Makefile,1,"""THE REST"""
xen/drivers/pci/pci.c,183,"""THE REST"""
xen/drivers/video/Kconfig,13,"""THE REST"""
xen/drivers/video/Makefile,6,"""THE REST"""
xen/drivers/video/font.h,22,"""THE REST"""
xen/drivers/video/font_8x14.c,4118,"""THE REST"""
xen/drivers/video/font_8x16.c,4630,"""THE REST"""
xen/drivers/video/font_8x8.c,2582,"""THE REST"""
xen/drivers/video/lfb.c,182,"""THE REST"""
xen/drivers/video/lfb.h,46,"""THE REST"""
xen/drivers/video/modelines.h,77,"""THE REST"""
xen/drivers/video/vesa.c,197,"""THE REST"""
xen/drivers/video/vga.c,210,"""THE REST"""
xen/drivers/vpci/Makefile,1,"""THE REST"""
xen/drivers/vpci/header.c,592,"""THE REST"""
xen/drivers/vpci/msi.c,348,"""THE REST"""
xen/drivers/vpci/msix.c,507,"""THE REST"""
xen/drivers/vpci/vpci.c,494,"""THE REST"""
xen/include/Makefile,154,"""THE REST"""
xen/include/acpi/acconfig.h,206,"""ACPI"",""THE REST"""
xen/include/acpi/acexcep.h,303,"""ACPI"",""THE REST"""
xen/include/acpi/acglobal.h,113,"""ACPI"",""THE REST"""
xen/include/acpi/achware.h,62,"""ACPI"",""THE REST"""
xen/include/acpi/aclocal.h,207,"""ACPI"",""THE REST"""
xen/include/acpi/acmacros.h,636,"""ACPI"",""THE REST"""
xen/include/acpi/acnames.h,83,"""ACPI"",""THE REST"""
xen/include/acpi/acoutput.h,185,"""ACPI"",""THE REST"""
xen/include/acpi/acpi.h,69,"""ACPI"",""THE REST"""
xen/include/acpi/acpiosxf.h,89,"""ACPI"",""THE REST"""
xen/include/acpi/acpixf.h,128,"""ACPI"",""THE REST"""
xen/include/acpi/actables.h,107,"""ACPI"",""THE REST"""
xen/include/acpi/actbl.h,361,"""ACPI"",""THE REST"""
xen/include/acpi/actbl1.h,1014,"""ACPI"",""THE REST"""
xen/include/acpi/actbl2.h,1258,"""ACPI"",""THE REST"""
xen/include/acpi/actbl3.h,641,"""ACPI"",""THE REST"""
xen/include/acpi/actypes.h,728,"""ACPI"",""THE REST"""
xen/include/acpi/acutils.h,199,"""ACPI"",""THE REST"""
xen/include/acpi/apei.h,34,"""ACPI"",""THE REST"""
xen/include/acpi/cpufreq/cpufreq.h,245,"""ACPI"",""POWER MANAGEMENT"",""THE REST"""
xen/include/acpi/cpufreq/processor_perf.h,63,"""ACPI"",""POWER MANAGEMENT"",""THE REST"""
xen/include/acpi/pdc_intel.h,50,"""ACPI"",""THE REST"""
xen/include/acpi/platform/acenv.h,365,"""ACPI"",""THE REST"""
xen/include/acpi/platform/acgcc.h,65,"""ACPI"",""THE REST"""
xen/include/acpi/platform/aclinux.h,86,"""ACPI"",""THE REST"""
xen/include/asm-arm/acpi.h,75,"""ARM (W/ VIRTUALISATION EXTENSIONS) ARCHITECTURE"",""THE REST"""
xen/include/asm-arm/alternative.h,186,"""ARM (W/ VIRTUALISATION EXTENSIONS) ARCHITECTURE"",""THE REST"""
xen/include/asm-arm/altp2m.h,39,"""ARM (W/ VIRTUALISATION EXTENSIONS) ARCHITECTURE"",""THE REST"""
xen/include/asm-arm/arm32/atomic.h,158,"""ARM (W/ VIRTUALISATION EXTENSIONS) ARCHITECTURE"",""THE REST"""
xen/include/asm-arm/arm32/bitops.h,56,"""ARM (W/ VIRTUALISATION EXTENSIONS) ARCHITECTURE"",""THE REST"""
xen/include/asm-arm/arm32/bug.h,13,"""ARM (W/ VIRTUALISATION EXTENSIONS) ARCHITECTURE"",""THE REST"""
xen/include/asm-arm/arm32/cmpxchg.h,155,"""ARM (W/ VIRTUALISATION EXTENSIONS) ARCHITECTURE"",""THE REST"""
xen/include/asm-arm/arm32/flushtlb.h,56,"""ARM (W/ VIRTUALISATION EXTENSIONS) ARCHITECTURE"",""THE REST"""
xen/include/asm-arm/arm32/insn.h,71,"""ARM (W/ VIRTUALISATION EXTENSIONS) ARCHITECTURE"",""THE REST"""
xen/include/asm-arm/arm32/io.h,96,"""ARM (W/ VIRTUALISATION EXTENSIONS) ARCHITECTURE"",""THE REST"""
xen/include/asm-arm/arm32/macros.h,8,"""ARM (W/ VIRTUALISATION EXTENSIONS) ARCHITECTURE"",""THE REST"""
xen/include/asm-arm/arm32/mm.h,23,"""ARM (W/ VIRTUALISATION EXTENSIONS) ARCHITECTURE"",""THE REST"""
xen/include/asm-arm/arm32/page.h,150,"""ARM (W/ VIRTUALISATION EXTENSIONS) ARCHITECTURE"",""THE REST"""
xen/include/asm-arm/arm32/processor.h,69,"""ARM (W/ VIRTUALISATION EXTENSIONS) ARCHITECTURE"",""THE REST"""
xen/include/asm-arm/arm32/sysregs.h,75,"""ARM (W/ VIRTUALISATION EXTENSIONS) ARCHITECTURE"",""THE REST"""
xen/include/asm-arm/arm32/system.h,77,"""ARM (W/ VIRTUALISATION EXTENSIONS) ARCHITECTURE"",""THE REST"""
xen/include/asm-arm/arm32/traps.h,13,"""ARM (W/ VIRTUALISATION EXTENSIONS) ARCHITECTURE"",""THE REST"""
xen/include/asm-arm/arm32/vfp.h,41,"""ARM (W/ VIRTUALISATION EXTENSIONS) ARCHITECTURE"",""THE REST"""
xen/include/asm-arm/arm64/atomic.h,134,"""ARM (W/ VIRTUALISATION EXTENSIONS) ARCHITECTURE"",""THE REST"""
xen/include/asm-arm/arm64/bitops.h,107,"""ARM (W/ VIRTUALISATION EXTENSIONS) ARCHITECTURE"",""THE REST"""
xen/include/asm-arm/arm64/brk.h,39,"""ARM (W/ VIRTUALISATION EXTENSIONS) ARCHITECTURE"",""THE REST"""
xen/include/asm-arm/arm64/bug.h,9,"""ARM (W/ VIRTUALISATION EXTENSIONS) ARCHITECTURE"",""THE REST"""
xen/include/asm-arm/arm64/cmpxchg.h,178,"""ARM (W/ VIRTUALISATION EXTENSIONS) ARCHITECTURE"",""THE REST"""
xen/include/asm-arm/arm64/efibind.h,216,"""ARM (W/ VIRTUALISATION EXTENSIONS) ARCHITECTURE"",""THE REST"""
xen/include/asm-arm/arm64/flushtlb.h,56,"""ARM (W/ VIRTUALISATION EXTENSIONS) ARCHITECTURE"",""THE REST"""
xen/include/asm-arm/arm64/hsr.h,122,"""ARM (W/ VIRTUALISATION EXTENSIONS) ARCHITECTURE"",""THE REST"""
xen/include/asm-arm/arm64/insn.h,110,"""ARM (W/ VIRTUALISATION EXTENSIONS) ARCHITECTURE"",""THE REST"""
xen/include/asm-arm/arm64/io.h,148,"""ARM (W/ VIRTUALISATION EXTENSIONS) ARCHITECTURE"",""THE REST"""
xen/include/asm-arm/arm64/macros.h,25,"""ARM (W/ VIRTUALISATION EXTENSIONS) ARCHITECTURE"",""THE REST"""
xen/include/asm-arm/arm64/mm.h,23,"""ARM (W/ VIRTUALISATION EXTENSIONS) ARCHITECTURE"",""THE REST"""
xen/include/asm-arm/arm64/page.h,142,"""ARM (W/ VIRTUALISATION EXTENSIONS) ARCHITECTURE"",""THE REST"""
xen/include/asm-arm/arm64/processor.h,98,"""ARM (W/ VIRTUALISATION EXTENSIONS) ARCHITECTURE"",""THE REST"""
xen/include/asm-arm/arm64/sysregs.h,92,"""ARM (W/ VIRTUALISATION EXTENSIONS) ARCHITECTURE"",""THE REST"""
xen/include/asm-arm/arm64/system.h,91,"""ARM (W/ VIRTUALISATION EXTENSIONS) ARCHITECTURE"",""THE REST"""
xen/include/asm-arm/arm64/traps.h,18,"""ARM (W/ VIRTUALISATION EXTENSIONS) ARCHITECTURE"",""THE REST"""
xen/include/asm-arm/arm64/vfp.h,23,"""ARM (W/ VIRTUALISATION EXTENSIONS) ARCHITECTURE"",""THE REST"""
xen/include/asm-arm/asm_defns.h,27,"""ARM (W/ VIRTUALISATION EXTENSIONS) ARCHITECTURE"",""THE REST"""
xen/include/asm-arm/atomic.h,187,"""ARM (W/ VIRTUALISATION EXTENSIONS) ARCHITECTURE"",""THE REST"""
xen/include/asm-arm/bitops.h,156,"""ARM (W/ VIRTUALISATION EXTENSIONS) ARCHITECTURE"",""THE REST"""
xen/include/asm-arm/bug.h,86,"""ARM (W/ VIRTUALISATION EXTENSIONS) ARCHITECTURE"",""THE REST"""
xen/include/asm-arm/byteorder.h,16,"""ARM (W/ VIRTUALISATION EXTENSIONS) ARCHITECTURE"",""THE REST"""
xen/include/asm-arm/cache.h,19,"""ARM (W/ VIRTUALISATION EXTENSIONS) ARCHITECTURE"",""THE REST"""
xen/include/asm-arm/cadence-uart.h,55,"""ARM (W/ VIRTUALISATION EXTENSIONS) ARCHITECTURE"",""THE REST"""
xen/include/asm-arm/config.h,208,"""ARM (W/ VIRTUALISATION EXTENSIONS) ARCHITECTURE"",""THE REST"""
xen/include/asm-arm/cpregs.h,360,"""ARM (W/ VIRTUALISATION EXTENSIONS) ARCHITECTURE"",""THE REST"""
xen/include/asm-arm/cpuerrata.h,83,"""ARM (W/ VIRTUALISATION EXTENSIONS) ARCHITECTURE"",""THE REST"""
xen/include/asm-arm/cpufeature.h,252,"""ARM (W/ VIRTUALISATION EXTENSIONS) ARCHITECTURE"",""THE REST"""
xen/include/asm-arm/current.h,52,"""ARM (W/ VIRTUALISATION EXTENSIONS) ARCHITECTURE"",""THE REST"""
xen/include/asm-arm/debugger.h,15,"""ARM (W/ VIRTUALISATION EXTENSIONS) ARCHITECTURE"",""THE REST"""
xen/include/asm-arm/delay.h,14,"""ARM (W/ VIRTUALISATION EXTENSIONS) ARCHITECTURE"",""THE REST"""
xen/include/asm-arm/desc.h,12,"""ARM (W/ VIRTUALISATION EXTENSIONS) ARCHITECTURE"",""THE REST"""
xen/include/asm-arm/device.h,118,"""ARM (W/ VIRTUALISATION EXTENSIONS) ARCHITECTURE"",""THE REST"""
xen/include/asm-arm/div64.h,250,"""ARM (W/ VIRTUALISATION EXTENSIONS) ARCHITECTURE"",""THE REST"""
xen/include/asm-arm/domain.h,280,"""ARM (W/ VIRTUALISATION EXTENSIONS) ARCHITECTURE"",""THE REST"""
xen/include/asm-arm/domain_build.h,31,"""ARM (W/ VIRTUALISATION EXTENSIONS) ARCHITECTURE"",""THE REST"""
xen/include/asm-arm/early_printk.h,22,"""ARM (W/ VIRTUALISATION EXTENSIONS) ARCHITECTURE"",""THE REST"""
xen/include/asm-arm/efibind.h,2,"""ARM (W/ VIRTUALISATION EXTENSIONS) ARCHITECTURE"",""THE REST"""
xen/include/asm-arm/elf.h,33,"""ARM (W/ VIRTUALISATION EXTENSIONS) ARCHITECTURE"",""THE REST"""
xen/include/asm-arm/event.h,63,"""ARM (W/ VIRTUALISATION EXTENSIONS) ARCHITECTURE"",""THE REST"""
xen/include/asm-arm/exynos4210-uart.h,112,"""ARM (W/ VIRTUALISATION EXTENSIONS) ARCHITECTURE"",""THE REST"""
xen/include/asm-arm/flushtlb.h,39,"""ARM (W/ VIRTUALISATION EXTENSIONS) ARCHITECTURE"",""THE REST"""
xen/include/asm-arm/gic.h,447,"""ARM (W/ VIRTUALISATION EXTENSIONS) ARCHITECTURE"",""THE REST"""
xen/include/asm-arm/gic_v3_defs.h,218,"""ARM (W/ VIRTUALISATION EXTENSIONS) ARCHITECTURE"",""THE REST"""
xen/include/asm-arm/gic_v3_its.h,283,"""ARM (W/ VIRTUALISATION EXTENSIONS) ARCHITECTURE"",""THE REST"""
xen/include/asm-arm/grant_table.h,91,"""ARM (W/ VIRTUALISATION EXTENSIONS) ARCHITECTURE"",""THE REST"""
xen/include/asm-arm/guest_access.h,165,"""ARM (W/ VIRTUALISATION EXTENSIONS) ARCHITECTURE"",""THE REST"""
xen/include/asm-arm/guest_walk.h,19,"""ARM (W/ VIRTUALISATION EXTENSIONS) ARCHITECTURE"",""THE REST"""
xen/include/asm-arm/hardirq.h,27,"""ARM (W/ VIRTUALISATION EXTENSIONS) ARCHITECTURE"",""THE REST"""
xen/include/asm-arm/hsr.h,217,"""ARM (W/ VIRTUALISATION EXTENSIONS) ARCHITECTURE"",""THE REST"""
xen/include/asm-arm/hypercall.h,20,"""ARM (W/ VIRTUALISATION EXTENSIONS) ARCHITECTURE"",""THE REST"""
xen/include/asm-arm/init.h,20,"""ARM (W/ VIRTUALISATION EXTENSIONS) ARCHITECTURE"",""THE REST"""
xen/include/asm-arm/insn.h,22,"""ARM (W/ VIRTUALISATION EXTENSIONS) ARCHITECTURE"",""THE REST"""
xen/include/asm-arm/io.h,20,"""ARM (W/ VIRTUALISATION EXTENSIONS) ARCHITECTURE"",""THE REST"""
xen/include/asm-arm/iocap.h,16,"""ARM (W/ VIRTUALISATION EXTENSIONS) ARCHITECTURE"",""THE REST"""
xen/include/asm-arm/iommu.h,40,"""ARM (W/ VIRTUALISATION EXTENSIONS) ARCHITECTURE"",""THE REST"""
xen/include/asm-arm/irq.h,109,"""ARM (W/ VIRTUALISATION EXTENSIONS) ARCHITECTURE"",""THE REST"""
xen/include/asm-arm/kernel.h,86,"""ARM (W/ VIRTUALISATION EXTENSIONS) ARCHITECTURE"",""THE REST"""
xen/include/asm-arm/livepatch.h,39,"""ARM (W/ VIRTUALISATION EXTENSIONS) ARCHITECTURE"",""LIVEPATCH"",""THE REST"""
xen/include/asm-arm/lpae.h,276,"""ARM (W/ VIRTUALISATION EXTENSIONS) ARCHITECTURE"",""THE REST"""
xen/include/asm-arm/macros.h,16,"""ARM (W/ VIRTUALISATION EXTENSIONS) ARCHITECTURE"",""THE REST"""
xen/include/asm-arm/mem_access.h,53,"""ARM (W/ VIRTUALISATION EXTENSIONS) ARCHITECTURE"",""THE REST"",""VM EVENT, MEM ACCESS and MONITOR"""
xen/include/asm-arm/mm.h,374,"""ARM (W/ VIRTUALISATION EXTENSIONS) ARCHITECTURE"",""THE REST"""
xen/include/asm-arm/mmio.h,85,"""ARM (W/ VIRTUALISATION EXTENSIONS) ARCHITECTURE"",""THE REST"""
xen/include/asm-arm/monitor.h,68,"""ARM (W/ VIRTUALISATION EXTENSIONS) ARCHITECTURE"",""THE REST"",""VM EVENT, MEM ACCESS and MONITOR"""
xen/include/asm-arm/new_vgic.h,198,"""ARM (W/ VIRTUALISATION EXTENSIONS) ARCHITECTURE"",""THE REST"""
xen/include/asm-arm/numa.h,41,"""ARM (W/ VIRTUALISATION EXTENSIONS) ARCHITECTURE"",""THE REST"""
xen/include/asm-arm/p2m.h,409,"""ARM (W/ VIRTUALISATION EXTENSIONS) ARCHITECTURE"",""THE REST"""
xen/include/asm-arm/page.h,335,"""ARM (W/ VIRTUALISATION EXTENSIONS) ARCHITECTURE"",""THE REST"""
xen/include/asm-arm/paging.h,16,"""ARM (W/ VIRTUALISATION EXTENSIONS) ARCHITECTURE"",""THE REST"""
xen/include/asm-arm/pci.h,7,"""ARM (W/ VIRTUALISATION EXTENSIONS) ARCHITECTURE"",""THE REST"""
xen/include/asm-arm/percpu.h,46,"""ARM (W/ VIRTUALISATION EXTENSIONS) ARCHITECTURE"",""THE REST"""
xen/include/asm-arm/perfc.h,21,"""ARM (W/ VIRTUALISATION EXTENSIONS) ARCHITECTURE"",""THE REST"""
xen/include/asm-arm/perfc_defn.h,85,"""ARM (W/ VIRTUALISATION EXTENSIONS) ARCHITECTURE"",""THE REST"""
xen/include/asm-arm/pl011-uart.h,87,"""ARM (W/ VIRTUALISATION EXTENSIONS) ARCHITECTURE"",""THE REST"""
xen/include/asm-arm/platform.h,80,"""ARM (W/ VIRTUALISATION EXTENSIONS) ARCHITECTURE"",""THE REST"""
xen/include/asm-arm/platforms/exynos5.h,20,"""ARM (W/ VIRTUALISATION EXTENSIONS) ARCHITECTURE"",""THE REST"""
xen/include/asm-arm/platforms/midway.h,21,"""ARM (W/ VIRTUALISATION EXTENSIONS) ARCHITECTURE"",""THE REST"""
xen/include/asm-arm/platforms/omap5.h,32,"""ARM (W/ VIRTUALISATION EXTENSIONS) ARCHITECTURE"",""THE REST"""
xen/include/asm-arm/platforms/vexpress.h,37,"""ARM (W/ VIRTUALISATION EXTENSIONS) ARCHITECTURE"",""THE REST"""
xen/include/asm-arm/platforms/xilinx-zynqmp-eemi.h,128,"""ARM (W/ VIRTUALISATION EXTENSIONS) ARCHITECTURE"",""THE REST"""
xen/include/asm-arm/processor.h,522,"""ARM (W/ VIRTUALISATION EXTENSIONS) ARCHITECTURE"",""THE REST"""
xen/include/asm-arm/procinfo.h,43,"""ARM (W/ VIRTUALISATION EXTENSIONS) ARCHITECTURE"",""THE REST"""
xen/include/asm-arm/psci.h,91,"""ARM (W/ VIRTUALISATION EXTENSIONS) ARCHITECTURE"",""THE REST"""
xen/include/asm-arm/random.h,9,"""ARM (W/ VIRTUALISATION EXTENSIONS) ARCHITECTURE"",""THE REST"""
xen/include/asm-arm/regs.h,68,"""ARM (W/ VIRTUALISATION EXTENSIONS) ARCHITECTURE"",""THE REST"""
xen/include/asm-arm/scif-uart.h,95,"""ARM (W/ VIRTUALISATION EXTENSIONS) ARCHITECTURE"",""THE REST"""
xen/include/asm-arm/setup.h,127,"""ARM (W/ VIRTUALISATION EXTENSIONS) ARCHITECTURE"",""THE REST"""
xen/include/asm-arm/short-desc.h,130,"""ARM (W/ VIRTUALISATION EXTENSIONS) ARCHITECTURE"",""THE REST"""
xen/include/asm-arm/smccc.h,356,"""ARM (W/ VIRTUALISATION EXTENSIONS) ARCHITECTURE"",""THE REST"""
xen/include/asm-arm/smp.h,40,"""ARM (W/ VIRTUALISATION EXTENSIONS) ARCHITECTURE"",""THE REST"""
xen/include/asm-arm/softirq.h,16,"""ARM (W/ VIRTUALISATION EXTENSIONS) ARCHITECTURE"",""THE REST"""
xen/include/asm-arm/spinlock.h,15,"""ARM (W/ VIRTUALISATION EXTENSIONS) ARCHITECTURE"",""THE REST"""
xen/include/asm-arm/string.h,73,"""ARM (W/ VIRTUALISATION EXTENSIONS) ARCHITECTURE"",""THE REST"""
xen/include/asm-arm/sysregs.h,22,"""ARM (W/ VIRTUALISATION EXTENSIONS) ARCHITECTURE"",""THE REST"""
xen/include/asm-arm/system.h,73,"""ARM (W/ VIRTUALISATION EXTENSIONS) ARCHITECTURE"",""THE REST"""
xen/include/asm-arm/time.h,55,"""ARM (W/ VIRTUALISATION EXTENSIONS) ARCHITECTURE"",""THE REST"""
xen/include/asm-arm/trace.h,12,"""ARM (W/ VIRTUALISATION EXTENSIONS) ARCHITECTURE"",""THE REST"""
xen/include/asm-arm/traps.h,95,"""ARM (W/ VIRTUALISATION EXTENSIONS) ARCHITECTURE"",""THE REST"""
xen/include/asm-arm/types.h,74,"""ARM (W/ VIRTUALISATION EXTENSIONS) ARCHITECTURE"",""THE REST"""
xen/include/asm-arm/vfp.h,25,"""ARM (W/ VIRTUALISATION EXTENSIONS) ARCHITECTURE"",""THE REST"""
xen/include/asm-arm/vgic-emul.h,33,"""ARM (W/ VIRTUALISATION EXTENSIONS) ARCHITECTURE"",""THE REST"""
xen/include/asm-arm/vgic.h,379,"""ARM (W/ VIRTUALISATION EXTENSIONS) ARCHITECTURE"",""THE REST"""
xen/include/asm-arm/vm_event.h,61,"""ARM (W/ VIRTUALISATION EXTENSIONS) ARCHITECTURE"",""THE REST"",""VM EVENT, MEM ACCESS and MONITOR"""
xen/include/asm-arm/vpl011.h,89,"""ARM (W/ VIRTUALISATION EXTENSIONS) ARCHITECTURE"",""THE REST"""
xen/include/asm-arm/vpsci.h,42,"""ARM (W/ VIRTUALISATION EXTENSIONS) ARCHITECTURE"",""THE REST"""
xen/include/asm-arm/vreg.h,220,"""ARM (W/ VIRTUALISATION EXTENSIONS) ARCHITECTURE"",""THE REST"""
xen/include/asm-arm/vtimer.h,41,"""ARM (W/ VIRTUALISATION EXTENSIONS) ARCHITECTURE"",""THE REST"""
xen/include/asm-arm/xenoprof.h,12,"""ARM (W/ VIRTUALISATION EXTENSIONS) ARCHITECTURE"",""THE REST"""
xen/include/asm-x86/acpi.h,162,"""THE REST"",""X86 ARCHITECTURE"""
xen/include/asm-x86/alternative-asm.h,125,"""THE REST"",""X86 ARCHITECTURE"""
xen/include/asm-x86/alternative.h,154,"""THE REST"",""X86 ARCHITECTURE"""
xen/include/asm-x86/altp2m.h,57,"""THE REST"",""X86 ARCHITECTURE"""
xen/include/asm-x86/amd-iommu.h,190,"""THE REST"",""X86 ARCHITECTURE"""
xen/include/asm-x86/amd.h,154,"""THE REST"",""X86 ARCHITECTURE"""
xen/include/asm-x86/apic.h,206,"""THE REST"",""X86 ARCHITECTURE"""
xen/include/asm-x86/apicdef.h,129,"""THE REST"",""X86 ARCHITECTURE"""
xen/include/asm-x86/asm_defns.h,377,"""THE REST"",""X86 ARCHITECTURE"""
xen/include/asm-x86/atomic.h,229,"""THE REST"",""X86 ARCHITECTURE"""
xen/include/asm-x86/bitops.h,483,"""THE REST"",""X86 ARCHITECTURE"""
xen/include/asm-x86/bug.h,125,"""THE REST"",""X86 ARCHITECTURE"""
xen/include/asm-x86/byteorder.h,36,"""THE REST"",""X86 ARCHITECTURE"""
xen/include/asm-x86/bzimage.h,11,"""THE REST"",""X86 ARCHITECTURE"""
xen/include/asm-x86/cache.h,14,"""THE REST"",""X86 ARCHITECTURE"""
xen/include/asm-x86/compat.h,8,"""THE REST"",""X86 ARCHITECTURE"""
xen/include/asm-x86/config.h,328,"""THE REST"",""X86 ARCHITECTURE"""
xen/include/asm-x86/cpufeature.h,178,"""THE REST"",""X86 ARCHITECTURE"""
xen/include/asm-x86/cpufeatures.h,33,"""THE REST"",""X86 ARCHITECTURE"""
xen/include/asm-x86/cpufeatureset.h,40,"""THE REST"",""X86 ARCHITECTURE"""
xen/include/asm-x86/cpuid.h,80,"""THE REST"",""X86 ARCHITECTURE"""
xen/include/asm-x86/cpuidle.h,39,"""THE REST"",""X86 ARCHITECTURE"""
xen/include/asm-x86/current.h,143,"""THE REST"",""X86 ARCHITECTURE"""
xen/include/asm-x86/debugger.h,91,"""THE REST"",""X86 ARCHITECTURE"""
xen/include/asm-x86/debugreg.h,83,"""THE REST"",""X86 ARCHITECTURE"""
xen/include/asm-x86/delay.h,13,"""THE REST"",""X86 ARCHITECTURE"""
xen/include/asm-x86/desc.h,236,"""THE REST"",""X86 ARCHITECTURE"""
xen/include/asm-x86/device.h,25,"""THE REST"",""X86 ARCHITECTURE"""
xen/include/asm-x86/div64.h,14,"""THE REST"",""X86 ARCHITECTURE"""
xen/include/asm-x86/dom0_build.h,44,"""THE REST"",""X86 ARCHITECTURE"""
xen/include/asm-x86/domain.h,725,"""THE REST"",""X86 ARCHITECTURE"""
xen/include/asm-x86/e820.h,44,"""THE REST"",""X86 ARCHITECTURE"""
xen/include/asm-x86/edd.h,164,"""THE REST"",""X86 ARCHITECTURE"""
xen/include/asm-x86/efibind.h,2,"""EFI"",""THE REST"",""X86 ARCHITECTURE"""
xen/include/asm-x86/elf.h,20,"""THE REST"",""X86 ARCHITECTURE"""
xen/include/asm-x86/event.h,50,"""THE REST"",""X86 ARCHITECTURE"""
xen/include/asm-x86/fixmap.h,96,"""THE REST"",""X86 ARCHITECTURE"""
xen/include/asm-x86/flushtlb.h,162,"""THE REST"",""X86 ARCHITECTURE"""
xen/include/asm-x86/genapic.h,86,"""THE REST"",""X86 ARCHITECTURE"""
xen/include/asm-x86/grant_table.h,86,"""THE REST"",""X86 ARCHITECTURE"""
xen/include/asm-x86/guest.h,37,"""THE REST"",""X86 ARCHITECTURE"""
xen/include/asm-x86/guest/hypercall.h,206,"""THE REST"",""X86 ARCHITECTURE"""
xen/include/asm-x86/guest/pvh-boot.h,56,"""THE REST"",""X86 ARCHITECTURE"""
xen/include/asm-x86/guest/xen.h,72,"""THE REST"",""X86 ARCHITECTURE"""
xen/include/asm-x86/guest_access.h,168,"""THE REST"",""X86 ARCHITECTURE"""
xen/include/asm-x86/guest_pt.h,463,"""THE REST"",""X86 ARCHITECTURE"""
xen/include/asm-x86/hap.h,58,"""THE REST"",""X86 ARCHITECTURE"""
xen/include/asm-x86/hardirq.h,26,"""THE REST"",""X86 ARCHITECTURE"""
xen/include/asm-x86/hpet.h,88,"""THE REST"",""X86 ARCHITECTURE"""
xen/include/asm-x86/hvm/asid.h,52,"""THE REST"",""X86 ARCHITECTURE"""
xen/include/asm-x86/hvm/cacheattr.h,23,"""THE REST"",""X86 ARCHITECTURE"""
xen/include/asm-x86/hvm/domain.h,214,"""THE REST"",""X86 ARCHITECTURE"""
xen/include/asm-x86/hvm/emulate.h,114,"""THE REST"",""X86 ARCHITECTURE"",""X86 I/O EMULATION"""
xen/include/asm-x86/hvm/grant_table.h,61,"""THE REST"",""X86 ARCHITECTURE"""
xen/include/asm-x86/hvm/guest_access.h,8,"""THE REST"",""X86 ARCHITECTURE"""
xen/include/asm-x86/hvm/hvm.h,796,"""THE REST"",""X86 ARCHITECTURE"""
xen/include/asm-x86/hvm/io.h,202,"""THE REST"",""X86 ARCHITECTURE"",""X86 I/O EMULATION"""
xen/include/asm-x86/hvm/ioreq.h,68,"""THE REST"",""X86 ARCHITECTURE"",""X86 I/O EMULATION"""
xen/include/asm-x86/hvm/irq.h,229,"""THE REST"",""X86 ARCHITECTURE"""
xen/include/asm-x86/hvm/monitor.h,62,"""THE REST"",""VM EVENT, MEM ACCESS and MONITOR"",""X86 ARCHITECTURE"""
xen/include/asm-x86/hvm/nestedhvm.h,100,"""THE REST"",""X86 ARCHITECTURE"""
xen/include/asm-x86/hvm/save.h,144,"""THE REST"",""X86 ARCHITECTURE"""
xen/include/asm-x86/hvm/support.h,166,"""THE REST"",""X86 ARCHITECTURE"""
xen/include/asm-x86/hvm/svm/amd-iommu-defs.h,500,"""THE REST"",""X86 ARCHITECTURE"""
xen/include/asm-x86/hvm/svm/amd-iommu-proto.h,297,"""THE REST"",""X86 ARCHITECTURE"""
xen/include/asm-x86/hvm/svm/asid.h,49,"""THE REST"",""X86 ARCHITECTURE"""
xen/include/asm-x86/hvm/svm/emulate.h,65,"""THE REST"",""X86 ARCHITECTURE"""
xen/include/asm-x86/hvm/svm/intr.h,25,"""THE REST"",""X86 ARCHITECTURE"""
xen/include/asm-x86/hvm/svm/nestedsvm.h,149,"""THE REST"",""X86 ARCHITECTURE"""
xen/include/asm-x86/hvm/svm/svm.h,109,"""THE REST"",""X86 ARCHITECTURE"""
xen/include/asm-x86/hvm/svm/svmdebug.h,29,"""THE REST"",""X86 ARCHITECTURE"""
xen/include/asm-x86/hvm/svm/vmcb.h,618,"""THE REST"",""X86 ARCHITECTURE"""
xen/include/asm-x86/hvm/trace.h,122,"""THE REST"",""X86 ARCHITECTURE"""
xen/include/asm-x86/hvm/vcpu.h,221,"""THE REST"",""X86 ARCHITECTURE"""
xen/include/asm-x86/hvm/vioapic.h,74,"""THE REST"",""X86 ARCHITECTURE"""
xen/include/asm-x86/hvm/viridian.h,100,"""THE REST"",""X86 ARCHITECTURE"",""X86 VIRIDIAN ENLIGHTENMENTS"""
xen/include/asm-x86/hvm/vlapic.h,153,"""THE REST"",""X86 ARCHITECTURE"""
xen/include/asm-x86/hvm/vm_event.h,34,"""THE REST"",""VM EVENT, MEM ACCESS and MONITOR"",""X86 ARCHITECTURE"""
xen/include/asm-x86/hvm/vmx/vmcs.h,681,"""INTEL(R) VT FOR X86 (VT-X)"",""THE REST"",""X86 ARCHITECTURE"""
xen/include/asm-x86/hvm/vmx/vmx.h,687,"""INTEL(R) VT FOR X86 (VT-X)"",""THE REST"",""X86 ARCHITECTURE"""
xen/include/asm-x86/hvm/vmx/vvmx.h,213,"""INTEL(R) VT FOR X86 (VT-X)"",""THE REST"",""X86 ARCHITECTURE"""
xen/include/asm-x86/hvm/vpic.h,39,"""THE REST"",""X86 ARCHITECTURE"""
xen/include/asm-x86/hvm/vpt.h,197,"""THE REST"",""X86 ARCHITECTURE"""
xen/include/asm-x86/hypercall.h,192,"""THE REST"",""X86 ARCHITECTURE"""
xen/include/asm-x86/i387.h,41,"""THE REST"",""X86 ARCHITECTURE"""
xen/include/asm-x86/indirect_thunk_asm.h,53,"""THE REST"",""X86 ARCHITECTURE"""
xen/include/asm-x86/init.h,4,"""THE REST"",""X86 ARCHITECTURE"""
xen/include/asm-x86/invpcid.h,72,"""THE REST"",""X86 ARCHITECTURE"""
xen/include/asm-x86/io.h,56,"""THE REST"",""X86 ARCHITECTURE"""
xen/include/asm-x86/io_apic.h,205,"""THE REST"",""X86 ARCHITECTURE"""
xen/include/asm-x86/iocap.h,21,"""THE REST"",""X86 ARCHITECTURE"""
xen/include/asm-x86/iommu.h,112,"""THE REST"",""X86 ARCHITECTURE"""
xen/include/asm-x86/irq.h,206,"""THE REST"",""X86 ARCHITECTURE"""
xen/include/asm-x86/ldt.h,36,"""THE REST"",""X86 ARCHITECTURE"""
xen/include/asm-x86/livepatch.h,25,"""LIVEPATCH"",""THE REST"",""X86 ARCHITECTURE"""
xen/include/asm-x86/mach-default/bios_ebda.h,15,"""THE REST"",""X86 ARCHITECTURE"""
xen/include/asm-x86/mach-default/io_ports.h,30,"""THE REST"",""X86 ARCHITECTURE"""
xen/include/asm-x86/mach-default/irq_vectors.h,37,"""THE REST"",""X86 ARCHITECTURE"""
xen/include/asm-x86/mach-default/mach_mpparse.h,17,"""THE REST"",""X86 ARCHITECTURE"""
xen/include/asm-x86/mach-default/mach_mpspec.h,10,"""THE REST"",""X86 ARCHITECTURE"""
xen/include/asm-x86/mach-default/mach_wakecpu.h,12,"""THE REST"",""X86 ARCHITECTURE"""
xen/include/asm-x86/mach-default/smpboot_hooks.h,47,"""THE REST"",""X86 ARCHITECTURE"""
xen/include/asm-x86/mach-generic/mach_apic.h,71,"""THE REST"",""X86 ARCHITECTURE"""
xen/include/asm-x86/mach-generic/mach_mpparse.h,7,"""THE REST"",""X86 ARCHITECTURE"""
xen/include/asm-x86/machine_kexec.h,16,"""THE REST"",""X86 ARCHITECTURE"""
xen/include/asm-x86/mc146818rtc.h,113,"""THE REST"",""X86 ARCHITECTURE"""
xen/include/asm-x86/mce.h,45,"""THE REST"",""X86 ARCHITECTURE"""
xen/include/asm-x86/mem_access.h,58,"""THE REST"",""VM EVENT, MEM ACCESS and MONITOR"",""X86 ARCHITECTURE"""
xen/include/asm-x86/mem_paging.h,36,"""THE REST"",""X86 ARCHITECTURE"""
xen/include/asm-x86/mem_sharing.h,99,"""THE REST"",""X86 ARCHITECTURE"""
xen/include/asm-x86/microcode.h,36,"""THE REST"",""X86 ARCHITECTURE"""
xen/include/asm-x86/mm.h,644,"""THE REST"",""X86 ARCHITECTURE"""
xen/include/asm-x86/monitor.h,122,"""THE REST"",""VM EVENT, MEM ACCESS and MONITOR"",""X86 ARCHITECTURE"""
xen/include/asm-x86/mpspec.h,73,"""THE REST"",""X86 ARCHITECTURE"""
xen/include/asm-x86/mpspec_def.h,188,"""THE REST"",""X86 ARCHITECTURE"""
xen/include/asm-x86/msi.h,256,"""THE REST"",""X86 ARCHITECTURE"""
xen/include/asm-x86/msr-index.h,560,"""THE REST"",""X86 ARCHITECTURE"""
xen/include/asm-x86/msr.h,328,"""THE REST"",""X86 ARCHITECTURE"""
xen/include/asm-x86/mtrr.h,106,"""THE REST"",""X86 ARCHITECTURE"""
xen/include/asm-x86/mwait.h,16,"""THE REST"",""X86 ARCHITECTURE"""
xen/include/asm-x86/nmi.h,32,"""THE REST"",""X86 ARCHITECTURE"""
xen/include/asm-x86/nops.h,70,"""THE REST"",""X86 ARCHITECTURE"""
xen/include/asm-x86/numa.h,84,"""THE REST"",""X86 ARCHITECTURE"""
xen/include/asm-x86/p2m.h,1002,"""THE REST"",""X86 ARCHITECTURE"""
xen/include/asm-x86/page.h,402,"""THE REST"",""X86 ARCHITECTURE"""
xen/include/asm-x86/paging.h,394,"""THE REST"",""X86 ARCHITECTURE"""
xen/include/asm-x86/pci.h,35,"""THE REST"",""X86 ARCHITECTURE"""
xen/include/asm-x86/percpu.h,29,"""THE REST"",""X86 ARCHITECTURE"""
xen/include/asm-x86/perfc.h,12,"""THE REST"",""X86 ARCHITECTURE"""
xen/include/asm-x86/perfc_defn.h,120,"""THE REST"",""X86 ARCHITECTURE"""
xen/include/asm-x86/processor.h,603,"""THE REST"",""X86 ARCHITECTURE"""
xen/include/asm-x86/psr.h,99,"""THE REST"",""X86 ARCHITECTURE"""
xen/include/asm-x86/pv/domain.h,90,"""THE REST"",""X86 ARCHITECTURE"""
xen/include/asm-x86/pv/grant_table.h,60,"""THE REST"",""X86 ARCHITECTURE"""
xen/include/asm-x86/pv/mm.h,57,"""THE REST"",""X86 ARCHITECTURE"""
xen/include/asm-x86/pv/shim.h,119,"""THE REST"",""X86 ARCHITECTURE"""
xen/include/asm-x86/pv/traps.h,73,"""THE REST"",""X86 ARCHITECTURE"""
xen/include/asm-x86/random.h,16,"""THE REST"",""X86 ARCHITECTURE"""
xen/include/asm-x86/regs.h,20,"""THE REST"",""X86 ARCHITECTURE"""
xen/include/asm-x86/setup.h,72,"""THE REST"",""X86 ARCHITECTURE"""
xen/include/asm-x86/shadow.h,271,"""THE REST"",""X86 ARCHITECTURE"""
xen/include/asm-x86/shared.h,49,"""THE REST"",""X86 ARCHITECTURE"""
xen/include/asm-x86/smp.h,77,"""THE REST"",""X86 ARCHITECTURE"""
xen/include/asm-x86/softirq.h,15,"""THE REST"",""X86 ARCHITECTURE"""
xen/include/asm-x86/spec_ctrl.h,108,"""THE REST"",""X86 ARCHITECTURE"""
xen/include/asm-x86/spec_ctrl_asm.h,328,"""THE REST"",""X86 ARCHITECTURE"""
xen/include/asm-x86/spinlock.h,27,"""THE REST"",""X86 ARCHITECTURE"""
xen/include/asm-x86/string.h,24,"""THE REST"",""X86 ARCHITECTURE"""
xen/include/asm-x86/system.h,293,"""THE REST"",""X86 ARCHITECTURE"""
xen/include/asm-x86/tboot.h,160,"""INTEL(R) TRUSTED EXECUTION TECHNOLOGY (TXT)"",""THE REST"",""X86 ARCHITECTURE"""
xen/include/asm-x86/time.h,76,"""THE REST"",""X86 ARCHITECTURE"""
xen/include/asm-x86/trace.h,46,"""THE REST"",""X86 ARCHITECTURE"""
xen/include/asm-x86/traps.h,36,"""THE REST"",""X86 ARCHITECTURE"""
xen/include/asm-x86/types.h,44,"""THE REST"",""X86 ARCHITECTURE"""
xen/include/asm-x86/uaccess.h,288,"""THE REST"",""X86 ARCHITECTURE"""
xen/include/asm-x86/vm_event.h,54,"""THE REST"",""VM EVENT, MEM ACCESS and MONITOR"",""X86 ARCHITECTURE"""
xen/include/asm-x86/vpmu.h,143,"""THE REST"",""X86 ARCHITECTURE"""
xen/include/asm-x86/x86-defns.h,110,"""THE REST"",""X86 ARCHITECTURE"""
xen/include/asm-x86/x86-vendors.h,14,"""THE REST"",""X86 ARCHITECTURE"""
xen/include/asm-x86/x86_64/efibind.h,280,"""EFI"",""THE REST"",""X86 ARCHITECTURE"""
xen/include/asm-x86/x86_64/elf.h,90,"""THE REST"",""X86 ARCHITECTURE"""
xen/include/asm-x86/x86_64/page.h,198,"""THE REST"",""X86 ARCHITECTURE"""
xen/include/asm-x86/x86_64/regs.h,28,"""THE REST"",""X86 ARCHITECTURE"""
xen/include/asm-x86/x86_64/system.h,101,"""THE REST"",""X86 ARCHITECTURE"""
xen/include/asm-x86/x86_64/uaccess.h,84,"""THE REST"",""X86 ARCHITECTURE"""
xen/include/asm-x86/x86_emulate.h,21,"""THE REST"",""X86 ARCHITECTURE"""
xen/include/asm-x86/xenoprof.h,98,"""THE REST"",""X86 ARCHITECTURE"""
xen/include/asm-x86/xstate.h,142,"""THE REST"",""X86 ARCHITECTURE"""
xen/include/crypto/README.source,17,"""THE REST"""
xen/include/crypto/rijndael.h,58,"""THE REST"""
xen/include/crypto/vmac.h,172,"""THE REST"""
xen/include/efi/efiapi.h,926,"""EFI"",""THE REST"""
xen/include/efi/eficapsule.h,89,"""EFI"",""THE REST"""
xen/include/efi/eficon.h,302,"""EFI"",""THE REST"""
xen/include/efi/efidef.h,200,"""EFI"",""THE REST"""
xen/include/efi/efidevp.h,402,"""EFI"",""THE REST"""
xen/include/efi/efierr.h,67,"""EFI"",""THE REST"""
xen/include/efi/efipciio.h,219,"""EFI"",""THE REST"""
xen/include/efi/efiprot.h,728,"""EFI"",""THE REST"""
xen/include/public/COPYING,38,"""THE REST"""
xen/include/public/arch-arm.h,476,"""ARM (W/ VIRTUALISATION EXTENSIONS) ARCHITECTURE"",""THE REST"""
xen/include/public/arch-arm/hvm/save.h,39,"""ARM (W/ VIRTUALISATION EXTENSIONS) ARCHITECTURE"",""THE REST"""
xen/include/public/arch-arm/smccc.h,66,"""ARM (W/ VIRTUALISATION EXTENSIONS) ARCHITECTURE"",""THE REST"""
xen/include/public/arch-x86/cpufeatureset.h,269,"""THE REST"",""X86 ARCHITECTURE"""
xen/include/public/arch-x86/cpuid.h,118,"""THE REST"",""X86 ARCHITECTURE"""
xen/include/public/arch-x86/hvm/save.h,657,"""THE REST"",""X86 ARCHITECTURE"""
xen/include/public/arch-x86/hvm/start_info.h,159,"""THE REST"",""X86 ARCHITECTURE"""
xen/include/public/arch-x86/pmu.h,167,"""THE REST"",""X86 ARCHITECTURE"""
xen/include/public/arch-x86/xen-mca.h,446,"""THE REST"",""X86 ARCHITECTURE"""
xen/include/public/arch-x86/xen-x86_32.h,194,"""THE REST"",""X86 ARCHITECTURE"""
xen/include/public/arch-x86/xen-x86_64.h,241,"""THE REST"",""X86 ARCHITECTURE"""
xen/include/public/arch-x86/xen.h,384,"""THE REST"",""X86 ARCHITECTURE"""
xen/include/public/arch-x86_32.h,27,"""THE REST"""
xen/include/public/arch-x86_64.h,43,"""THE REST"""
xen/include/public/argo.h,267,"""ARGO"",""THE REST"""
xen/include/public/callback.h,121,"""THE REST"""
xen/include/public/device_tree_defs.h,42,"""THE REST"""
xen/include/public/dom0_ops.h,120,"""THE REST"""
xen/include/public/domctl.h,1274,"""THE REST"""
xen/include/public/elfnote.h,283,"""THE REST"""
xen/include/public/errno.h,126,"""THE REST"""
xen/include/public/event_channel.h,385,"""THE REST"""
xen/include/public/features.h,129,"""THE REST"""
xen/include/public/grant_table.h,684,"""THE REST"""
xen/include/public/hvm/dm_op.h,480,"""THE REST"""
xen/include/public/hvm/e820.h,38,"""THE REST"""
xen/include/public/hvm/hvm_info_table.h,82,"""THE REST"""
xen/include/public/hvm/hvm_op.h,366,"""THE REST"""
xen/include/public/hvm/hvm_vcpu.h,144,"""THE REST"""
xen/include/public/hvm/hvm_xs_strings.h,83,"""THE REST"""
xen/include/public/hvm/ioreq.h,143,"""THE REST"",""X86 I/O EMULATION"""
xen/include/public/hvm/params.h,293,"""THE REST"""
xen/include/public/hvm/pvdrivers.h,49,"""THE REST"""
xen/include/public/hvm/save.h,113,"""THE REST"""
xen/include/public/io/9pfs.h,49,"""PUBLIC I/O INTERFACES AND PV DRIVERS DESIGNS"",""THE REST"""
xen/include/public/io/blkif.h,702,"""PUBLIC I/O INTERFACES AND PV DRIVERS DESIGNS"",""THE REST"""
xen/include/public/io/console.h,56,"""PUBLIC I/O INTERFACES AND PV DRIVERS DESIGNS"",""THE REST"""
xen/include/public/io/displif.h,872,"""PUBLIC I/O INTERFACES AND PV DRIVERS DESIGNS"",""THE REST"""
xen/include/public/io/fbif.h,176,"""PUBLIC I/O INTERFACES AND PV DRIVERS DESIGNS"",""THE REST"""
xen/include/public/io/fsif.h,192,"""PUBLIC I/O INTERFACES AND PV DRIVERS DESIGNS"",""THE REST"""
xen/include/public/io/kbdif.h,576,"""PUBLIC I/O INTERFACES AND PV DRIVERS DESIGNS"",""THE REST"""
xen/include/public/io/libxenvchan.h,101,"""PUBLIC I/O INTERFACES AND PV DRIVERS DESIGNS"",""THE REST"""
xen/include/public/io/netif.h,1076,"""PUBLIC I/O INTERFACES AND PV DRIVERS DESIGNS"",""THE REST"""
xen/include/public/io/pciif.h,125,"""PUBLIC I/O INTERFACES AND PV DRIVERS DESIGNS"",""THE REST"""
xen/include/public/io/protocols.h,42,"""PUBLIC I/O INTERFACES AND PV DRIVERS DESIGNS"",""THE REST"""
xen/include/public/io/pvcalls.h,153,"""PUBLIC I/O INTERFACES AND PV DRIVERS DESIGNS"",""THE REST"""
xen/include/public/io/ring.h,484,"""PUBLIC I/O INTERFACES AND PV DRIVERS DESIGNS"",""THE REST"""
xen/include/public/io/sndif.h,1091,"""PUBLIC I/O INTERFACES AND PV DRIVERS DESIGNS"",""THE REST"""
xen/include/public/io/tpmif.h,143,"""PUBLIC I/O INTERFACES AND PV DRIVERS DESIGNS"",""THE REST"""
xen/include/public/io/usbif.h,254,"""PUBLIC I/O INTERFACES AND PV DRIVERS DESIGNS"",""THE REST"""
xen/include/public/io/vscsiif.h,330,"""PUBLIC I/O INTERFACES AND PV DRIVERS DESIGNS"",""THE REST"""
xen/include/public/io/xenbus.h,80,"""PUBLIC I/O INTERFACES AND PV DRIVERS DESIGNS"",""THE REST"""
xen/include/public/io/xs_wire.h,153,"""PUBLIC I/O INTERFACES AND PV DRIVERS DESIGNS"",""THE REST"""
xen/include/public/kexec.h,263,"""THE REST"""
xen/include/public/memory.h,733,"""THE REST"""
xen/include/public/nmi.h,85,"""THE REST"""
xen/include/public/physdev.h,387,"""THE REST"""
xen/include/public/platform.h,663,"""THE REST"""
xen/include/public/pmu.h,143,"""THE REST"""
xen/include/public/sched.h,202,"""THE REST"""
xen/include/public/sysctl.h,1181,"""THE REST"""
xen/include/public/tmem.h,124,"""THE REST"""
xen/include/public/trace.h,341,"""THE REST"""
xen/include/public/vcpu.h,248,"""THE REST"""
xen/include/public/version.h,116,"""THE REST"""
xen/include/public/vm_event.h,402,"""THE REST"",""VM EVENT, MEM ACCESS and MONITOR"""
xen/include/public/xen-compat.h,44,"""THE REST"""
xen/include/public/xen.h,1004,"""THE REST"""
xen/include/public/xencomm.h,41,"""THE REST"""
xen/include/public/xenoprof.h,152,"""THE REST"""
xen/include/public/xsm/flask_op.h,216,"""THE REST"""
xen/include/xen/8250-uart.h,137,"""THE REST"""
xen/include/xen/acpi.h,185,"""THE REST"""
xen/include/xen/argo.h,44,"""ARGO"",""THE REST"""
xen/include/xen/atomic.h,207,"""THE REST"""
xen/include/xen/bitmap.h,258,"""THE REST"""
xen/include/xen/bitops.h,239,"""THE REST"""
xen/include/xen/byteorder/big_endian.h,102,"""THE REST"""
xen/include/xen/byteorder/generic.h,68,"""THE REST"""
xen/include/xen/byteorder/little_endian.h,102,"""THE REST"""
xen/include/xen/byteorder/swab.h,183,"""THE REST"""
xen/include/xen/cache.h,18,"""THE REST"""
xen/include/xen/compat.h,239,"""THE REST"""
xen/include/xen/compile.h.in,13,"""THE REST"""
xen/include/xen/compiler.h,135,"""THE REST"""
xen/include/xen/config.h,89,"""THE REST"""
xen/include/xen/console.h,51,"""THE REST"""
xen/include/xen/consoled.h,27,"""THE REST"""
xen/include/xen/const.h,24,"""THE REST"""
xen/include/xen/coverage.h,14,"""THE REST"""
xen/include/xen/cper.h,192,"""THE REST"""
xen/include/xen/cpu.h,69,"""THE REST"""
xen/include/xen/cpuidle.h,99,"""THE REST"""
xen/include/xen/cpumask.h,483,"""THE REST"""
xen/include/xen/ctype.h,54,"""THE REST"""
xen/include/xen/decompress.h,38,"""THE REST"""
xen/include/xen/delay.h,10,"""THE REST"""
xen/include/xen/device_tree.h,759,"""DEVICE TREE"",""THE REST"""
xen/include/xen/dmi.h,42,"""THE REST"""
xen/include/xen/domain.h,121,"""THE REST"""
xen/include/xen/domain_page.h,75,"""THE REST"""
xen/include/xen/early_printk.h,21,"""THE REST"""
xen/include/xen/earlycpio.h,15,"""THE REST"""
xen/include/xen/efi.h,49,"""THE REST"""
xen/include/xen/elf.h,37,"""THE REST"""
xen/include/xen/elfcore.h,84,"""THE REST"""
xen/include/xen/elfstructs.h,614,"""THE REST"""
xen/include/xen/err.h,57,"""THE REST"""
xen/include/xen/errno.h,18,"""THE REST"""
xen/include/xen/event.h,234,"""THE REST"""
xen/include/xen/event_fifo.h,47,"""THE REST"""
xen/include/xen/gdbstub.h,101,"""THE REST"""
xen/include/xen/grant_table.h,64,"""THE REST"""
xen/include/xen/guest_access.h,35,"""THE REST"""
xen/include/xen/gunzip.h,7,"""THE REST"""
xen/include/xen/hash.h,58,"""THE REST"""
xen/include/xen/hypercall.h,230,"""THE REST"""
xen/include/xen/init.h,204,"""THE REST"""
xen/include/xen/inttypes.h,248,"""THE REST"""
xen/include/xen/iocap.h,38,"""THE REST"""
xen/include/xen/iommu.h,316,"""IOMMU VENDOR INDEPENDENT CODE"",""THE REST"""
xen/include/xen/irq.h,180,"""THE REST"""
xen/include/xen/irq_cpustat.h,30,"""THE REST"""
xen/include/xen/kconfig.h,31,"""THE REST"""
xen/include/xen/kernel.h,104,"""THE REST"""
xen/include/xen/kexec.h,102,"""THE REST"""
xen/include/xen/keyhandler.h,51,"""THE REST"""
xen/include/xen/kimage.h,68,"""THE REST"""
xen/include/xen/lib.h,183,"""THE REST"""
xen/include/xen/lib/x86/Makefile,8,"""THE REST"""
xen/include/xen/lib/x86/cpu-policy.h,24,"""THE REST"""
xen/include/xen/lib/x86/cpuid.h,332,"""THE REST"""
xen/include/xen/lib/x86/msr.h,61,"""THE REST"""
xen/include/xen/libelf.h,498,"""THE REST"""
xen/include/xen/libfdt/fdt.h,109,"""DEVICE TREE"",""THE REST"""
xen/include/xen/libfdt/libfdt.h,1512,"""DEVICE TREE"",""THE REST"""
xen/include/xen/libfdt/libfdt_env.h,22,"""DEVICE TREE"",""THE REST"""
xen/include/xen/list.h,1000,"""THE REST"""
xen/include/xen/list_sort.h,11,"""THE REST"""
xen/include/xen/livepatch.h,150,"""LIVEPATCH"",""THE REST"""
xen/include/xen/livepatch_elf.h,63,"""LIVEPATCH"",""THE REST"""
xen/include/xen/livepatch_payload.h,49,"""LIVEPATCH"",""THE REST"""
xen/include/xen/lz4.h,88,"""THE REST"""
xen/include/xen/lzo.h,45,"""THE REST"""
xen/include/xen/mem_access.h,109,"""THE REST"",""VM EVENT, MEM ACCESS and MONITOR"""
xen/include/xen/mm.h,661,"""THE REST"""
xen/include/xen/monitor.h,35,"""THE REST"",""VM EVENT, MEM ACCESS and MONITOR"""
xen/include/xen/multiboot.h,128,"""THE REST"""
xen/include/xen/multiboot2.h,182,"""THE REST"""
xen/include/xen/multicall.h,31,"""THE REST"""
xen/include/xen/nodemask.h,329,"""THE REST"""
xen/include/xen/nospec.h,76,"""THE REST"""
xen/include/xen/notifier.h,71,"""THE REST"""
xen/include/xen/numa.h,21,"""THE REST"""
xen/include/xen/p2m-common.h,40,"""THE REST"""
xen/include/xen/page-defs.h,24,"""THE REST"""
xen/include/xen/paging.h,7,"""THE REST"""
xen/include/xen/pci.h,211,"""THE REST"""
xen/include/xen/pci_ids.h,11,"""THE REST"""
xen/include/xen/pci_regs.h,605,"""THE REST"""
xen/include/xen/pdx.h,53,"""THE REST"""
xen/include/xen/percpu.h,27,"""THE REST"""
xen/include/xen/perfc.h,119,"""THE REST"""
xen/include/xen/perfc_defn.h,83,"""THE REST"""
xen/include/xen/pfn.h,12,"""THE REST"""
xen/include/xen/pmstat.h,17,"""THE REST"""
xen/include/xen/preempt.h,37,"""THE REST"""
xen/include/xen/prefetch.h,52,"""THE REST"""
xen/include/xen/pv_console.h,38,"""THE REST"""
xen/include/xen/radix-tree.h,208,"""THE REST"""
xen/include/xen/random.h,9,"""THE REST"""
xen/include/xen/rangeset.h,113,"""THE REST"""
xen/include/xen/rbtree.h,143,"""THE REST"""
xen/include/xen/rcupdate.h,155,"""THE REST"""
xen/include/xen/rwlock.h,332,"""THE REST"""
xen/include/xen/sched-if.h,298,"""THE REST"""
xen/include/xen/sched.h,1008,"""THE REST"""
xen/include/xen/serial.h,193,"""THE REST"""
xen/include/xen/shared.h,49,"""THE REST"""
xen/include/xen/shutdown.h,14,"""THE REST"""
xen/include/xen/sizes.h,48,"""THE REST"""
xen/include/xen/smp.h,76,"""THE REST"""
xen/include/xen/softirq.h,43,"""THE REST"""
xen/include/xen/sort.h,10,"""THE REST"""
xen/include/xen/spinlock.h,211,"""THE REST"""
xen/include/xen/stdarg.h,10,"""THE REST"""
xen/include/xen/stdbool.h,9,"""THE REST"""
xen/include/xen/stop_machine.h,19,"""THE REST"""
xen/include/xen/string.h,133,"""THE REST"""
xen/include/xen/stringify.h,12,"""THE REST"""
xen/include/xen/symbols.h,36,"""THE REST"""
xen/include/xen/tasklet.h,68,"""THE REST"""
xen/include/xen/time.h,88,"""THE REST"""
xen/include/xen/timer.h,110,"""THE REST"""
xen/include/xen/tmem.h,45,"""THE REST"",""TRANSCENDENT MEMORY (TMEM)"""
xen/include/xen/tmem_control.h,39,"""THE REST"",""TRANSCENDENT MEMORY (TMEM)"""
xen/include/xen/tmem_xen.h,343,"""THE REST"",""TRANSCENDENT MEMORY (TMEM)"""
xen/include/xen/trace.h,131,"""THE REST"""
xen/include/xen/types.h,61,"""THE REST"""
xen/include/xen/typesafe.h,46,"""THE REST"""
xen/include/xen/version.h,26,"""THE REST"""
xen/include/xen/vga.h,18,"""THE REST"""
xen/include/xen/video.h,24,"""THE REST"""
xen/include/xen/virtual_region.h,47,"""THE REST"""
xen/include/xen/vm_event.h,92,"""THE REST"",""VM EVENT, MEM ACCESS and MONITOR"""
xen/include/xen/vmap.h,41,"""THE REST"""
xen/include/xen/vpci.h,256,"""THE REST"""
xen/include/xen/wait.h,59,"""THE REST"""
xen/include/xen/warning.h,7,"""THE REST"""
xen/include/xen/watchdog.h,35,"""THE REST"""
xen/include/xen/xenoprof.h,97,"""THE REST"""
xen/include/xen/xmalloc.h,148,"""THE REST"""
xen/include/xlat.lst,159,"""THE REST"""
xen/include/xsm/dummy.h,776,"""THE REST"",""XSM/FLASK"""
xen/include/xsm/xsm.h,799,"""THE REST"",""XSM/FLASK"""
xen/lib/Makefile,1,"""THE REST"""
xen/lib/x86/Makefile,2,"""THE REST"""
xen/lib/x86/cpuid.c,244,"""THE REST"""
xen/lib/x86/msr.c,58,"""THE REST"""
xen/lib/x86/private.h,59,"""THE REST"""
xen/test/Makefile,18,"""THE REST"""
xen/test/livepatch/Makefile,111,"""LIVEPATCH"",""THE REST"""
xen/test/livepatch/xen_bye_world.c,34,"""LIVEPATCH"",""THE REST"""
xen/test/livepatch/xen_bye_world_func.c,22,"""LIVEPATCH"",""THE REST"""
xen/test/livepatch/xen_hello_world.c,67,"""LIVEPATCH"",""THE REST"""
xen/test/livepatch/xen_hello_world_func.c,47,"""LIVEPATCH"",""THE REST"""
xen/test/livepatch/xen_nop.c,45,"""LIVEPATCH"",""THE REST"""
xen/test/livepatch/xen_replace_world.c,33,"""LIVEPATCH"",""THE REST"""
xen/test/livepatch/xen_replace_world_func.c,22,"""LIVEPATCH"",""THE REST"""
xen/tools/Makefile,13,"""THE REST"""
xen/tools/compat-build-header.py,26,"""THE REST"""
xen/tools/compat-build-source.py,29,"""THE REST"""
xen/tools/fig-to-oct.py,18,"""THE REST"""
xen/tools/gen-cpuid.py,489,"""THE REST"""
xen/tools/get-fields.sh,505,"""THE REST"""
xen/tools/kconfig/.gitignore,22,"""KCONFIG"",""THE REST"""
xen/tools/kconfig/Makefile,317,"""KCONFIG"",""THE REST"""
xen/tools/kconfig/Makefile.host,128,"""KCONFIG"",""THE REST"""
xen/tools/kconfig/Makefile.kconfig,62,"""KCONFIG"",""THE REST"""
xen/tools/kconfig/POTFILES.in,12,"""KCONFIG"",""THE REST"""
xen/tools/kconfig/README.source,9,"""KCONFIG"",""THE REST"""
xen/tools/kconfig/allrandom.config,4,"""KCONFIG"",""THE REST"""
xen/tools/kconfig/check.sh,13,"""KCONFIG"",""THE REST"""
xen/tools/kconfig/conf.c,722,"""KCONFIG"",""THE REST"""
xen/tools/kconfig/confdata.c,1245,"""KCONFIG"",""THE REST"""
xen/tools/kconfig/expr.c,1206,"""KCONFIG"",""THE REST"""
xen/tools/kconfig/expr.h,238,"""KCONFIG"",""THE REST"""
xen/tools/kconfig/gconf.c,1521,"""KCONFIG"",""THE REST"""
xen/tools/kconfig/gconf.glade,661,"""KCONFIG"",""THE REST"""
xen/tools/kconfig/images.c,326,"""KCONFIG"",""THE REST"""
xen/tools/kconfig/kxgettext.c,235,"""KCONFIG"",""THE REST"""
xen/tools/kconfig/list.h,131,"""KCONFIG"",""THE REST"""
xen/tools/kconfig/lkc.h,186,"""KCONFIG"",""THE REST"""
xen/tools/kconfig/lkc_proto.h,52,"""KCONFIG"",""THE REST"""
xen/tools/kconfig/lxdialog/.gitignore,4,"""KCONFIG"",""THE REST"""
xen/tools/kconfig/lxdialog/BIG.FAT.WARNING,4,"""KCONFIG"",""THE REST"""
xen/tools/kconfig/lxdialog/check-lxdialog.sh,91,"""KCONFIG"",""THE REST"""
xen/tools/kconfig/lxdialog/checklist.c,332,"""KCONFIG"",""THE REST"""
xen/tools/kconfig/lxdialog/dialog.h,257,"""KCONFIG"",""THE REST"""
xen/tools/kconfig/lxdialog/inputbox.c,301,"""KCONFIG"",""THE REST"""
xen/tools/kconfig/lxdialog/menubox.c,437,"""KCONFIG"",""THE REST"""
xen/tools/kconfig/lxdialog/textbox.c,408,"""KCONFIG"",""THE REST"""
xen/tools/kconfig/lxdialog/util.c,713,"""KCONFIG"",""THE REST"""
xen/tools/kconfig/lxdialog/yesno.c,114,"""KCONFIG"",""THE REST"""
xen/tools/kconfig/mconf.c,1047,"""KCONFIG"",""THE REST"""
xen/tools/kconfig/menu.c,697,"""KCONFIG"",""THE REST"""
xen/tools/kconfig/merge_config.sh,162,"""KCONFIG"",""THE REST"""
xen/tools/kconfig/nconf.c,1561,"""KCONFIG"",""THE REST"""
xen/tools/kconfig/nconf.gui.c,656,"""KCONFIG"",""THE REST"""
xen/tools/kconfig/nconf.h,96,"""KCONFIG"",""THE REST"""
xen/tools/kconfig/qconf.cc,1798,"""KCONFIG"",""THE REST"""
xen/tools/kconfig/qconf.h,338,"""KCONFIG"",""THE REST"""
xen/tools/kconfig/streamline_config.pl,647,"""KCONFIG"",""THE REST"""
xen/tools/kconfig/symbol.c,1376,"""KCONFIG"",""THE REST"""
xen/tools/kconfig/util.c,147,"""KCONFIG"",""THE REST"""
xen/tools/kconfig/zconf.gperf,49,"""KCONFIG"",""THE REST"""
xen/tools/kconfig/zconf.hash.c_shipped,293,"""KCONFIG"",""THE REST"""
xen/tools/kconfig/zconf.l,374,"""KCONFIG"",""THE REST"""
xen/tools/kconfig/zconf.lex.c_shipped,2473,"""KCONFIG"",""THE REST"""
xen/tools/kconfig/zconf.tab.c_shipped,2580,"""KCONFIG"",""THE REST"""
xen/tools/kconfig/zconf.y,742,"""KCONFIG"",""THE REST"""
xen/tools/scmversion,89,"""THE REST"""
xen/tools/symbols.c,650,"""THE REST"""
xen/tools/xen.flf,2230,"""THE REST"""
xen/xsm/Makefile,6,"""THE REST"",""XSM/FLASK"""
xen/xsm/dummy.c,161,"""THE REST"",""XSM/FLASK"""
xen/xsm/flask/.gitignore,1,"""THE REST"",""XSM/FLASK"""
xen/xsm/flask/Makefile,44,"""THE REST"",""XSM/FLASK"""
xen/xsm/flask/avc.c,795,"""THE REST"",""XSM/FLASK"""
xen/xsm/flask/flask_op.c,812,"""THE REST"",""XSM/FLASK"""
xen/xsm/flask/gen-policy.py,23,"""THE REST"",""XSM/FLASK"""
xen/xsm/flask/hooks.c,1941,"""THE REST"",""XSM/FLASK"""
xen/xsm/flask/include/avc.h,103,"""THE REST"",""XSM/FLASK"""
xen/xsm/flask/include/avc_ss.h,29,"""THE REST"",""XSM/FLASK"""
xen/xsm/flask/include/conditional.h,27,"""THE REST"",""XSM/FLASK"""
xen/xsm/flask/include/objsec.h,26,"""THE REST"",""XSM/FLASK"""
xen/xsm/flask/include/security.h,110,"""THE REST"",""XSM/FLASK"""
xen/xsm/flask/policy/access_vectors,549,"""THE REST"",""XSM/FLASK"""
xen/xsm/flask/policy/initial_sids,18,"""THE REST"",""XSM/FLASK"""
xen/xsm/flask/policy/mkaccess_vector.sh,138,"""THE REST"",""XSM/FLASK"""
xen/xsm/flask/policy/mkflask.sh,100,"""THE REST"",""XSM/FLASK"""
xen/xsm/flask/policy/security_classes,24,"""THE REST"",""XSM/FLASK"""
xen/xsm/flask/ss/Makefile,11,"""THE REST"",""XSM/FLASK"""
xen/xsm/flask/ss/avtab.c,536,"""THE REST"",""XSM/FLASK"""
xen/xsm/flask/ss/avtab.h,91,"""THE REST"",""XSM/FLASK"""
xen/xsm/flask/ss/conditional.c,543,"""THE REST"",""XSM/FLASK"""
xen/xsm/flask/ss/conditional.h,77,"""THE REST"",""XSM/FLASK"""
xen/xsm/flask/ss/constraint.h,61,"""THE REST"",""XSM/FLASK"""
xen/xsm/flask/ss/context.h,133,"""THE REST"",""XSM/FLASK"""
xen/xsm/flask/ss/ebitmap.c,334,"""THE REST"",""XSM/FLASK"""
xen/xsm/flask/ss/ebitmap.h,129,"""THE REST"",""XSM/FLASK"""
xen/xsm/flask/ss/hashtab.c,175,"""THE REST"",""XSM/FLASK"""
xen/xsm/flask/ss/hashtab.h,87,"""THE REST"",""XSM/FLASK"""
xen/xsm/flask/ss/mls.c,484,"""THE REST"",""XSM/FLASK"""
xen/xsm/flask/ss/mls.h,36,"""THE REST"",""XSM/FLASK"""
xen/xsm/flask/ss/mls_types.h,58,"""THE REST"",""XSM/FLASK"""
xen/xsm/flask/ss/policydb.c,2244,"""THE REST"",""XSM/FLASK"""
xen/xsm/flask/ss/policydb.h,296,"""THE REST"",""XSM/FLASK"""
xen/xsm/flask/ss/services.c,2299,"""THE REST"",""XSM/FLASK"""
xen/xsm/flask/ss/services.h,15,"""THE REST"",""XSM/FLASK"""
xen/xsm/flask/ss/sidtab.c,322,"""THE REST"",""XSM/FLASK"""
xen/xsm/flask/ss/sidtab.h,53,"""THE REST"",""XSM/FLASK"""
xen/xsm/flask/ss/symtab.c,47,"""THE REST"",""XSM/FLASK"""
xen/xsm/flask/ss/symtab.h,23,"""THE REST"",""XSM/FLASK"""
xen/xsm/silo.c,108,"""THE REST"",""XSM/FLASK"""
xen/xsm/xsm_core.c,225,"""THE REST"",""XSM/FLASK"""
xen/xsm/xsm_policy.c,116,"""THE REST"",""XSM/FLASK"""
