"c_representative","c_section","c_size"
"8250/16?50 (AND CLONE UARTS) SERIAL DRIVER","8250/16?50 (AND CLONE UARTS) SERIAL DRIVER",221
"A64FX DIAG DRIVER","A64FX DIAG DRIVER",151
"A8293 MEDIA DRIVER","A8293 MEDIA DRIVER",307
"ABI/API","ABI/API",1658
"ACCES 104-DIO-48E GPIO DRIVER","ACCES 104-DIO-48E GPIO DRIVER",342
"ACCES 104-IDI-48 GPIO DRIVER","ACCES 104-IDI-48 GPIO DRIVER",189
"ACCES 104-IDIO-16 GPIO DRIVER","ACCES 104-IDIO-16 GPIO DRIVER",129
"ACCES IDIO-16 GPIO LIBRARY","ACCES IDIO-16 GPIO LIBRARY",204
"ACCES PCI-IDIO-16 GPIO DRIVER","ACCES PCI-IDIO-16 GPIO DRIVER",122
"ACCES PCIe-IDIO-24 GPIO DRIVER","ACCES PCIe-IDIO-24 GPIO DRIVER",404
"ACPI","ACPI",202277
"ACPI","ACPI APEI",5383
"ACPI","ACPI COMPONENT ARCHITECTURE (ACPICA)",115833
"ACPI","ACPI FOR ARM64 (ACPI/arm64)",2991
"ACPI","ACPI PMIC DRIVERS",2490
"ACPI","ACPI THERMAL DRIVER",1477
"ACPI","PSTORE FILESYSTEM",7929
"ACPI PCC(Platform Communication Channel) MAILBOX DRIVER","ACPI PCC(Platform Communication Channel) MAILBOX DRIVER",833
"ACPI SERIAL MULTI INSTANTIATE DRIVER","ACPI SERIAL MULTI INSTANTIATE DRIVER",374
"ACPI VIOT DRIVER","ACPI VIOT DRIVER",401
"ACRN HYPERVISOR SERVICE MODULE","ACRN HYPERVISOR SERVICE MODULE",3552
"AD5398 CURRENT REGULATOR DRIVER (AD5398/AD5821)","AD5398 CURRENT REGULATOR DRIVER (AD5398/AD5821)",279
"ADDRESS SPACE LAYOUT RANDOMIZATION (ASLR)","ADDRESS SPACE LAYOUT RANDOMIZATION (ASLR)",0
"ADM1029 HARDWARE MONITOR DRIVER","ADM1029 HARDWARE MONITOR DRIVER",402
"ADT746X FAN DRIVER","ADT746X FAN DRIVER",623
"ADVANTECH SWBTN DRIVER","ADVANTECH SWBTN DRIVER",119
"AFFS FILE SYSTEM","AFFS FILE SYSTEM",4927
"AGPGART DRIVER","AGPGART DRIVER",13369
"AIMSLAB FM RADIO RECEIVER DRIVER","AIMSLAB FM RADIO RECEIVER DRIVER",195
"ALTERA MAILBOX DRIVER","ALTERA MAILBOX DRIVER",361
"ALTERA PIO DRIVER","ALTERA PIO DRIVER",356
"ALTERA SYSTEM MANAGER DRIVER","ALTERA SYSTEM MANAGER DRIVER",228
"AMD CDX BUS DRIVER","AMD CDX BUS DRIVER",1214
"AMD FCH GPIO DRIVER","AMD FCH GPIO DRIVER",238
"AMD SEATTLE DEVICE TREE SUPPORT","AMD SEATTLE DEVICE TREE SUPPORT",1450
"AMD SEATTLE DEVICE TREE SUPPORT","ARM/AMD PENSANDO ARM64 ARCHITECTURE",629
"AMD SPI DRIVER","AMD SPI DRIVER",444
"ANALOGBITS PLL LIBRARIES","ANALOGBITS PLL LIBRARIES",461
"ANDROID DRIVERS","ANDROID DRIVERS",10287
"APTINA CAMERA SENSOR PLL","APTINA CAMERA SENSOR PLL",202
"ARM PMU PROFILING AND DEBUGGING","ALIBABA PMU DRIVER",941
"ARM PMU PROFILING AND DEBUGGING","AMLOGIC DDR PMU DRIVER",1163
"ARM PMU PROFILING AND DEBUGGING","APPLIED MICRO (APM) X-GENE SOC PMU",2126
"ARM PMU PROFILING AND DEBUGGING","ARM PMU PROFILING AND DEBUGGING",43351
"ARM PMU PROFILING AND DEBUGGING","COMPUTE EXPRESS LINK PMU (CPMU)",1058
"ARM PMU PROFILING AND DEBUGGING","FREESCALE IMX DDR PMU DRIVER",932
"ARM PMU PROFILING AND DEBUGGING","HISILICON HNS3 PMU DRIVER",1807
"ARM PMU PROFILING AND DEBUGGING","HISILICON PMU DRIVER",7483
"ARM PMU PROFILING AND DEBUGGING","RISC-V PMU DRIVERS",1737
"ARM PORT","ARM MFM AND FLOPPY DRIVERS",112
"ARM PORT","ARM PORT",308783
"ARM PORT","ARM SUB-ARCHITECTURES",156078
"ARM PORT","ARM/CALXEDA HIGHBANK ARCHITECTURE",884
"ARM PORT","ARM/CIRRUS LOGIC BK3 MACHINE SUPPORT",422
"ARM PORT","ARM/CIRRUS LOGIC EP93XX ARM ARCHITECTURE",4237
"ARM PORT","ARM/FARADAY FA526 PORT",608
"ARM PORT","ARM/FOOTBRIDGE ARCHITECTURE",2866
"ARM PORT","ARM/HP JORNADA 7XX MACHINE SUPPORT",408
"ARM PORT","ARM/Marvell Dove/MV78xx0/Orion SOC support",15834
"ARM PORT","ARM/Orion SoC/Technologic Systems TS-78xx platform support",616
"ARM PORT","ARM/VFP SUPPORT",4102
"ARM PORT","CPUIDLE DRIVER - ARM EXYNOS",498
"ARM PORT","OMAP CLOCK FRAMEWORK SUPPORT",6834
"ARM PORT","OMAP HWMOD DATA",6111
"ARM PORT","OMAP HWMOD SUPPORT",10732
"ARM PORT","OMAP I2C DRIVER",1714
"ARM PORT","OMAP POWER MANAGEMENT SUPPORT",3314
"ARM PORT","OMAP POWERDOMAIN SOC ADAPTATION LAYER SUPPORT",4827
"ARM PORT","OMAP1 SUPPORT",14958
"ARM PORT","OMAP2+ SUPPORT",73238
"ARM PORT","PXA2xx/PXA3xx SUPPORT",27885
"ARM PORT","TI DAVINCI MACHINE SUPPORT",6844
"ARM PORT","XEN HYPERVISOR ARM",1159
"ARM PRIMECELL BUS SUPPORT","ARM PRIMECELL BUS SUPPORT",1202
"ARM PRIMECELL KMI PL050 DRIVER","ARM PRIMECELL KMI PL050 DRIVER",288
"ARM/CIRRUS LOGIC EDB9315A MACHINE SUPPORT","ARM/CIRRUS LOGIC EDB9315A MACHINE SUPPORT",0
"ARM/CLKDEV SUPPORT","ARM/CLKDEV SUPPORT",381
"ARM/CORESIGHT FRAMEWORK AND DRIVERS","ARM/CORESIGHT FRAMEWORK AND DRIVERS",44673
"ARM/CORESIGHT FRAMEWORK AND DRIVERS","HARDWARE TRACING FACILITIES",41885
"ARM/CORESIGHT FRAMEWORK AND DRIVERS","HISILICON PTT DRIVER",2714
"ARM/CORESIGHT FRAMEWORK AND DRIVERS","INTEL(R) TRACE HUB",6316
"ARM/CORESIGHT FRAMEWORK AND DRIVERS","SYSTEM TRACE MODULE CLASS",3307
"ARM/GUMSTIX MACHINE SUPPORT","ARM/GUMSTIX MACHINE SUPPORT",0
"ARM/INTEL XSC3 (MANZANO) ARM CORE","ARM/INTEL XSC3 (MANZANO) ARM CORE",0
"ARM/NXP S32G ARCHITECTURE","ARM/NXP S32G ARCHITECTURE",202
"ARM/TECHNOLOGIC SYSTEMS TS7250 MACHINE SUPPORT","ARM/TECHNOLOGIC SYSTEMS TS7250 MACHINE SUPPORT",0
"ARM/TETON BGA MACHINE SUPPORT","ARM/TETON BGA MACHINE SUPPORT",0
"ARM/TEXAS INSTRUMENT KEYSTONE CLOCKSOURCE","ARM/TEXAS INSTRUMENT KEYSTONE CLOCKSOURCE",226
"ARM/TEXAS INSTRUMENT KEYSTONE RESET DRIVER","ARM/TEXAS INSTRUMENT KEYSTONE RESET DRIVER",173
"AS3645A LED FLASH CONTROLLER DRIVER","AS3645A LED FLASH CONTROLLER DRIVER",772
"AUDIT SUBSYSTEM","AUDIT SUBSYSTEM",10657
"AUXILIARY DISPLAY DRIVERS","AUXILIARY DISPLAY DRIVERS",7178
"AUXILIARY DISPLAY DRIVERS","CFAG12864B LCD DRIVER",448
"AUXILIARY DISPLAY DRIVERS","CFAG12864BFB LCD FRAMEBUFFER DRIVER",239
"AUXILIARY DISPLAY DRIVERS","HT16K33 LED CONTROLLER DRIVER",938
"AUXILIARY DISPLAY DRIVERS","IMGTEC ASCII LCD DRIVER",361
"AUXILIARY DISPLAY DRIVERS","KS0108 LCD CONTROLLER DRIVER",257
"AUXILIARY DISPLAY DRIVERS","PARALLEL LCD/KEYPAD PANEL DRIVER",1765
"AZTECH FM RADIO RECEIVER DRIVER","AZTECH FM RADIO RECEIVER DRIVER",161
"BARCO P50 GPIO DRIVER","BARCO P50 GPIO DRIVER",436
"BCACHE (BLOCK LAYER CACHE)","BCACHE (BLOCK LAYER CACHE)",18342
"BCACHEFS","BCACHEFS",96316
"BEFS FILE SYSTEM","BEFS FILE SYSTEM",3997
"BFS FILE SYSTEM","BFS FILE SYSTEM",1284
"BITMAP API","BITMAP API",7711
"BLINKM RGB LED DRIVER","BLINKM RGB LED DRIVER",745
"BLOCK LAYER","ATA OVER ETHERNET (AOE) DRIVER",3939
"BLOCK LAYER","BFQ I/O SCHEDULER",12699
"BLOCK LAYER","BLOCK LAYER",170474
"BLOCK LAYER","CONTROL GROUP - BLOCK IO CONTROLLER (BLKIO)",11093
"BLOCK LAYER","DRBD DRIVER",34062
"BLOCK LAYER","FLOPPY DRIVER",5031
"BLOCK LAYER","GUID PARTITION TABLE (GPT)",872
"BLOCK LAYER","LOGICAL DISK MANAGER SUPPORT (LDM, Windows 2000/XP/Vista Dynamic Disks)",1803
"BLOCK LAYER","NETWORK BLOCK DEVICE (NBD)",2843
"BLOCK LAYER","PKTCDVD DRIVER",3228
"BLOCK LAYER","RADOS BLOCK DEVICE (RBD)",7724
"BLOCK LAYER","RAMDISK RAM BLOCK DEVICE DRIVER",624
"BLOCK LAYER","RNBD BLOCK DRIVERS",4545
"BLOCK LAYER","SECURE ENCRYPTING DEVICE (SED) OPAL DRIVER",4131
"BLOCK LAYER","UBLK USERSPACE BLOCK DRIVER",3751
"BLOCK LAYER","XEN BLOCK SUBSYSTEM",5795
"BLOCK LAYER","ZRAM COMPRESSED RAM BLOCK DEVICE DRVIER",3497
"BPF [MISC]","BPF [MISC]",0
"BROADCOM BMIPS CPUFREQ DRIVER","BROADCOM BMIPS CPUFREQ DRIVER",189
"BROADCOM NVRAM DRIVER","BROADCOM NVRAM DRIVER",1305
"BROADCOM SPECIFIC AMBA DRIVER (BCMA)","BROADCOM SPECIFIC AMBA DRIVER (BCMA)",8195
"BSG (block layer generic sg v4 driver)","BSG (block layer generic sg v4 driver)",363
"BT8XXGPIO DRIVER","BT8XXGPIO DRIVER",311
"BTRFS FILE SYSTEM","BTRFS FILE SYSTEM",159126
"BTRFS FILE SYSTEM","SQUASHFS FILE SYSTEM",6899
"BTRFS FILE SYSTEM","ZSTD",33468
"CACHESTAT: PAGE CACHE STATS FOR A FILE","CACHESTAT: PAGE CACHE STATS FOR A FILE",318
"CAVIUM THUNDERX2 ARM64 SOC","CAVIUM THUNDERX2 ARM64 SOC",183
"CEPH DISTRIBUTED FILE SYSTEM CLIENT (CEPH)","CEPH DISTRIBUTED FILE SYSTEM CLIENT (CEPH)",34483
"CERTIFICATE HANDLING","CERTIFICATE HANDLING",2144
"CHAR and MISC DRIVERS","AD525X ANALOG DEVICES DIGITAL POTENTIOMETERS DRIVER",763
"CHAR and MISC DRIVERS","AT24 EEPROM DRIVER",1057
"CHAR and MISC DRIVERS","BROADCOM VK DRIVER",4515
"CHAR and MISC DRIVERS","CHAR and MISC DRIVERS",155793
"CHAR and MISC DRIVERS","CXL (IBM Coherent Accelerator Processor Interface CAPI) DRIVER",14536
"CHAR and MISC DRIVERS","DESIGNWARE XDATA IP DRIVER",484
"CHAR and MISC DRIVERS","DOUBLETALK DRIVER",749
"CHAR and MISC DRIVERS","GENWQE (IBM Generic Workqueue Card)",6778
"CHAR and MISC DRIVERS","HEWLETT PACKARD ENTERPRISE ILO CHIF DRIVER",1141
"CHAR and MISC DRIVERS","HPET:	High Precision Event Timers driver",1183
"CHAR and MISC DRIVERS","IBM Power Virtual Management Channel Driver",2628
"CHAR and MISC DRIVERS","INTEL MANAGEMENT ENGINE (mei)",20175
"CHAR and MISC DRIVERS","LINUX KERNEL DUMP TEST MODULE (LKDTM)",3814
"CHAR and MISC DRIVERS","LIS3LV02D ACCELEROMETER DRIVER",2537
"CHAR and MISC DRIVERS","MICROBLAZE TMR INJECT",219
"CHAR and MISC DRIVERS","MICROBLAZE TMR MANAGER",283
"CHAR and MISC DRIVERS","MICROCHIP PCI1XXXX GP DRIVER",1069
"CHAR and MISC DRIVERS","OCXL (Open Coherent Accelerator Processor Interface OpenCAPI) DRIVER",5947
"CHAR and MISC DRIVERS","POWERNV OPERATOR PANEL LCD DISPLAY DRIVER",225
"CHAR and MISC DRIVERS","QUALCOMM FASTRPC DRIVER",2769
"CHAR and MISC DRIVERS","SENSABLE PHANTOM",615
"CHAR and MISC DRIVERS","SGI GRU DRIVER",6954
"CHAR and MISC DRIVERS","SGI XP/XPC/XPNET DRIVER",6697
"CHAR and MISC DRIVERS","TELECOM CLOCK DRIVER FOR MCPL0010",939
"CHAR and MISC DRIVERS","TOSHIBA SMM DRIVER",599
"CHAR and MISC DRIVERS","UACCE ACCELERATOR FRAMEWORK",1137
"CHAR and MISC DRIVERS","VIRTIO CONSOLE DRIVER",2407
"CHAR and MISC DRIVERS","VMWARE BALLOON DRIVER",1923
"CHAR and MISC DRIVERS","VMWARE VMCI DRIVER",10259
"CHAR and MISC DRIVERS","XILINX SD-FEC IP CORES",2904
"CHAR and MISC DRIVERS","XILLYBUS DRIVER",4955
"CHECKPATCH","CHECKPATCH",7785
"CHROMEOS EC SUBDRIVERS","CHROME HARDWARE PLATFORM SUPPORT",19085
"CHROMEOS EC SUBDRIVERS","CHROMEOS EC SUBDRIVERS",29644
"CHROMEOS EC SUBDRIVERS","CHROMEOS EC UART DRIVER",362
"CHROMEOS EC SUBDRIVERS","CHROMEOS EC USB TYPE-C DRIVER",1880
"CHROMEOS EC USB PD NOTIFY DRIVER","CHROMEOS EC USB PD NOTIFY DRIVER",278
"CHROMEOS HPS DRIVER","CHROMEOS HPS DRIVER",160
"CIRRUS LOGIC DSP FIRMWARE DRIVER","CIRRUS LOGIC DSP FIRMWARE DRIVER",3884
"CLANG CONTROL FLOW INTEGRITY SUPPORT","CLANG CONTROL FLOW INTEGRITY SUPPORT",142
"CLANG-FORMAT FILE","CLANG-FORMAT FILE",689
"CLK API","CLK API",1161
"CLOSURES","CLOSURES",620
"COMEDI DRIVERS","COMEDI DRIVERS",132991
"COMMON INTERNET FILE SYSTEM CLIENT (CIFS and SMB3)","COMMON INTERNET FILE SYSTEM CLIENT (CIFS and SMB3)",79814
"COMMON INTERNET FILE SYSTEM CLIENT (CIFS and SMB3)","KERNEL SMB3 SERVER (KSMBD)",33811
"COMPACTPCI HOTPLUG GENERIC DRIVER","COMPACTPCI HOTPLUG GENERIC DRIVER",207
"COMPACTPCI HOTPLUG ZIATECH ZT5550 DRIVER","COMPACTPCI HOTPLUG ZIATECH ZT5550 DRIVER",369
"COMPILER ATTRIBUTES","COMPILER ATTRIBUTES",400
"COMPUTE EXPRESS LINK (CXL)","COMPUTE EXPRESS LINK (CXL)",20291
"CONFIDENTIAL COMPUTING THREAT MODEL FOR X86 VIRTUALIZATION (SNP/TDX)","CONFIDENTIAL COMPUTING THREAT MODEL FOR X86 VIRTUALIZATION (SNP/TDX)",253
"CONFIGFS","CONFIGFS",4132
"CONTEXT TRACKING","CONTEXT TRACKING",1063
"COUNTER SUBSYSTEM","ACCES 104-QUAD-8 DRIVER",1363
"COUNTER SUBSYSTEM","COUNTER SUBSYSTEM",10575
"COUNTER SUBSYSTEM","FLEXTIMER FTM-QUADDEC DRIVER",346
"COUNTER SUBSYSTEM","INTERRUPT COUNTER DRIVER",318
"COUNTER SUBSYSTEM","RENESAS RZ/G2L MTU3a COUNTER DRIVER",1209
"COUNTER SUBSYSTEM","TI ENHANCED CAPTURE (eCAP) DRIVER",676
"COUNTER SUBSYSTEM","TI ENHANCED QUADRATURE ENCODER PULSE (eQEP) DRIVER",509
"CP2615 I2C DRIVER","CP2615 I2C DRIVER",336
"CPU FREQUENCY SCALING FRAMEWORK","ALLWINNER CPUFREQ DRIVER",352
"CPU FREQUENCY SCALING FRAMEWORK","AMD PSTATE DRIVER",3101
"CPU FREQUENCY SCALING FRAMEWORK","BROADCOM STB AVS CPUFREQ DRIVER",857
"CPU FREQUENCY SCALING FRAMEWORK","CPU FREQUENCY DRIVERS - VEXPRESS SPC ARM BIG LITTLE",577
"CPU FREQUENCY SCALING FRAMEWORK","CPU FREQUENCY SCALING FRAMEWORK",47005
"CPU FREQUENCY SCALING FRAMEWORK","INTEL PSTATE DRIVER",3554
"CPU FREQUENCY SCALING FRAMEWORK","QUALCOMM CPUFREQ DRIVER MSM8996/APQ8096",1129
"CPU HOTPLUG","CPU HOTPLUG",4400
"CPU IDLE TIME MANAGEMENT FRAMEWORK","CPU IDLE TIME MANAGEMENT FRAMEWORK",11022
"CPU IDLE TIME MANAGEMENT FRAMEWORK","CPUIDLE DRIVER - RISC-V SBI",634
"CPU POWER MONITORING SUBSYSTEM","CPU POWER MONITORING SUBSYSTEM",17319
"CPUIDLE DRIVER - ARM BIG LITTLE","CPUIDLE DRIVER - ARM BIG LITTLE",233
"CPUIDLE DRIVER - ARM PSCI","CPUIDLE DRIVER - ARM PSCI",449
"CPUIDLE DRIVER - ARM PSCI PM DOMAIN","CPUIDLE DRIVER - ARM PSCI PM DOMAIN",234
"CPUIDLE DRIVER - DT IDLE PM DOMAIN","CPUIDLE DRIVER - DT IDLE PM DOMAIN",259
"CRAMFS FILESYSTEM","CRAMFS FILESYSTEM",1472
"CREATIVE SB0540","CREATIVE SB0540",268
"CRYPTO API","ALLWINNER CRYPTO DRIVERS",7617
"CRYPTO API","AMD CRYPTOGRAPHIC COPROCESSOR (CCP) DRIVER",14829
"CRYPTO API","AMD CRYPTOGRAPHIC COPROCESSOR (CCP) DRIVER - DBC SUPPORT",1267
"CRYPTO API","AMD CRYPTOGRAPHIC COPROCESSOR (CCP) DRIVER - SEV SUPPORT",1626
"CRYPTO API","ARM/Amlogic Meson SoC Crypto Drivers",947
"CRYPTO API","ASPEED CRYPTO DRIVER",3975
"CRYPTO API","ASYMMETRIC KEYS",6647
"CRYPTO API","ASYNCHRONOUS TRANSFERS/TRANSFORMS (IOAT) API",2618
"CRYPTO API","CAVIUM OCTEON-TX CRYPTO DRIVER",4217
"CRYPTO API","CCREE ARM TRUSTZONE CRYPTOCELL REE DRIVER",11695
"CRYPTO API","CRYPTO API",521839
"CRYPTO API","CRYPTOGRAPHIC RANDOM NUMBER GENERATOR",729
"CRYPTO API","CXGB4 CRYPTO DRIVER (chcr)",5774
"CRYPTO API","FREESCALE CAAM (Cryptographic Acceleration and Assurance Module) DRIVER",28369
"CRYPTO API","GEMINI CRYPTO DRIVER",1338
"CRYPTO API","HISILICON HIGH PERFORMANCE RSA ENGINE DRIVER (HPRE)",4072
"CRYPTO API","HISILICON QM DRIVER",6513
"CRYPTO API","HISILICON SECURITY ENGINE V2 DRIVER (SEC2)",4740
"CRYPTO API","HISILICON ZIP Controller DRIVER",2243
"CRYPTO API","INSIDE SECURE CRYPTO DRIVER",10164
"CRYPTO API","INTEL IXP4XX CRYPTO SUPPORT",1602
"CRYPTO API","INTEL KEEM BAY OCS AES/SM4 CRYPTO DRIVER",3452
"CRYPTO API","INTEL KEEM BAY OCS ECC CRYPTO DRIVER",1154
"CRYPTO API","INTEL KEEM BAY OCS HCU CRYPTO DRIVER",2346
"CRYPTO API","MARVELL CRYPTO DRIVER",20720
"CRYPTO API","MICROCHIP ECC DRIVER",415
"CRYPTO API","QAT DRIVER",30836
"CRYPTO API","QUALCOMM CRYPTO DRIVERS",3846
"CRYPTO API","SAMSUNG S5P Security SubSystem (SSS) DRIVER",2452
"CRYPTO API","STARFIVE CRYPTO DRIVER",3162
"CRYPTO API","XILINX ZYNQMP SHA3 DRIVER",260
"CS3308 MEDIA DRIVER","CS3308 MEDIA DRIVER",126
"CYPRESS CY8CTMA140 TOUCHSCREEN DRIVER","CYPRESS CY8CTMA140 TOUCHSCREEN DRIVER",349
"CYPRESS_FIRMWARE MEDIA DRIVER","CYPRESS_FIRMWARE MEDIA DRIVER",160
"D-LINK DIR-685 TOUCHKEYS DRIVER","D-LINK DIR-685 TOUCHKEYS DRIVER",155
"DEBUGOBJECTS:","DEBUGOBJECTS:",1564
"DELL LAPTOP FREEFALL DRIVER","DELL LAPTOP FREEFALL DRIVER",192
"DELL SMBIOS DRIVER","DELL SMBIOS DRIVER",1186
"DELL SMBIOS DRIVER","DELL SMBIOS SMM DRIVER",154
"DELL SMBIOS DRIVER","DELL SMBIOS WMI DRIVER",485
"DELL WMI DESCRIPTOR DRIVER","DELL WMI DESCRIPTOR DRIVER",205
"DELL WMI HARDWARE PRIVACY SUPPORT","DELL WMI HARDWARE PRIVACY SUPPORT",406
"DEVICE COREDUMP (DEV_COREDUMP)","DEVICE COREDUMP (DEV_COREDUMP)",515
"DEVICE DEPENDENCY HELPER SCRIPT","DEVICE DEPENDENCY HELPER SCRIPT",315
"DEVICE DIRECT ACCESS (DAX)","DEVICE DIRECT ACCESS (DAX)",3595
"DEVICE RESOURCE MANAGEMENT HELPERS","DEVICE RESOURCE MANAGEMENT HELPERS",79
"DIAMOND SYSTEMS GPIO-MM GPIO DRIVER","DIAMOND SYSTEMS GPIO-MM GPIO DRIVER",101
"DISK GEOMETRY AND PARTITION HANDLING","DISK GEOMETRY AND PARTITION HANDLING",0
"DISKQUOTA","DISKQUOTA",7227
"DISTRIBUTED LOCK MANAGER (DLM)","DISTRIBUTED LOCK MANAGER (DLM)",19592
"DMA BUFFER SHARING FRAMEWORK","DMA BUFFER SHARING FRAMEWORK",12311
"DMA BUFFER SHARING FRAMEWORK","DMA-BUF HEAPS FRAMEWORK",1308
"DMA BUFFER SHARING FRAMEWORK","SYNC FILE FRAMEWORK",3059
"DMA BUFFER SHARING FRAMEWORK","USERSPACE DMA BUFFER DRIVER",428
"DMA GENERIC OFFLOAD ENGINE SUBSYSTEM","ALTERA MSGDMA IP CORE DRIVER",1024
"DMA GENERIC OFFLOAD ENGINE SUBSYSTEM","AMD PTDMA DRIVER",1431
"DMA GENERIC OFFLOAD ENGINE SUBSYSTEM","ANALOG DEVICES INC DMA DRIVERS",1060
"DMA GENERIC OFFLOAD ENGINE SUBSYSTEM","DESIGNWARE EDMA CORE IP DRIVER",3460
"DMA GENERIC OFFLOAD ENGINE SUBSYSTEM","DMA GENERIC OFFLOAD ENGINE SUBSYSTEM",165074
"DMA GENERIC OFFLOAD ENGINE SUBSYSTEM","FREESCALE DMA DRIVER",1694
"DMA GENERIC OFFLOAD ENGINE SUBSYSTEM","FREESCALE eDMA DRIVER",2181
"DMA GENERIC OFFLOAD ENGINE SUBSYSTEM","HISILICON DMA DRIVER",1053
"DMA GENERIC OFFLOAD ENGINE SUBSYSTEM","INTEL IDXD DRIVER",9337
"DMA GENERIC OFFLOAD ENGINE SUBSYSTEM","MEDIATEK DMA DRIVER",2713
"DMA GENERIC OFFLOAD ENGINE SUBSYSTEM","MICROCHIP AT91 DMA DRIVERS",4863
"DMA GENERIC OFFLOAD ENGINE SUBSYSTEM","PLX DMA DRIVER",635
"DMA GENERIC OFFLOAD ENGINE SUBSYSTEM","QUALCOMM HIDMA DRIVER",2908
"DMA GENERIC OFFLOAD ENGINE SUBSYSTEM","SIFIVE PDMA DRIVER",822
"DMA GENERIC OFFLOAD ENGINE SUBSYSTEM","SYNOPSYS DESIGNWARE AXI DMAC DRIVER",2234
"DMA GENERIC OFFLOAD ENGINE SUBSYSTEM","SYNOPSYS DESIGNWARE DMAC DRIVER",3383
"DMA GENERIC OFFLOAD ENGINE SUBSYSTEM","TEGRA DMA DRIVERS",4216
"DMA GENERIC OFFLOAD ENGINE SUBSYSTEM","TEXAS INSTRUMENTS DMA DRIVERS",16828
"DMA GENERIC OFFLOAD ENGINE SUBSYSTEM","XILINX XDMA DRIVER",1355
"DMA GENERIC OFFLOAD ENGINE SUBSYSTEM","XILINX ZYNQMP DPDMA DRIVER",1865
"DMA MAPPING HELPERS","DMA MAPPING BENCHMARK",495
"DMA MAPPING HELPERS","DMA MAPPING HELPERS",8730
"DMI/SMBIOS SUPPORT","DMI/SMBIOS SUPPORT",1645
"DOCUMENTATION","AFS FILESYSTEM",26096
"DOCUMENTATION","ARM AND ARM64 SoC SUB-ARCHITECTURES (COMMON PARTS)",278
"DOCUMENTATION","BPF [TRACING]",4003
"DOCUMENTATION","CHECKPATCH DOCUMENTATION",1256
"DOCUMENTATION","CHINESE DOCUMENTATION",42018
"DOCUMENTATION","CLANG/LLVM BUILD SUPPORT",713
"DOCUMENTATION","COCCINELLE/Semantic Patches (SmPL)",8682
"DOCUMENTATION","CODA FILE SYSTEM",6183
"DOCUMENTATION","CODE OF CONDUCT",244
"DOCUMENTATION","DEVICE-MAPPER  (LVM)",98781
"DOCUMENTATION","DOCUMENTATION",675348
"DOCUMENTATION","DOCUMENTATION PROCESS",16111
"DOCUMENTATION","DOCUMENTATION REPORTING ISSUES",2861
"DOCUMENTATION","DOCUMENTATION SCRIPTS",1709
"DOCUMENTATION","DOCUMENTATION/ITALIAN",14768
"DOCUMENTATION","DOCUMENTATION/JAPANESE",1837
"DOCUMENTATION","DPLL SUBSYSTEM",3482
"DOCUMENTATION","EROFS FILE SYSTEM",9701
"DOCUMENTATION","EXT4 FILE SYSTEM",71651
"DOCUMENTATION","EXTRA BOOT CONFIG",3207
"DOCUMENTATION","F2FS FILE SYSTEM",51849
"DOCUMENTATION","FAULT INJECTION SUPPORT",1341
"DOCUMENTATION","FSCRYPT: FILE SYSTEM LEVEL ENCRYPTION SUPPORT",9175
"DOCUMENTATION","FSI SUBSYSTEM",9180
"DOCUMENTATION","FSVERITY: READ-ONLY FILE-BASED AUTHENTICITY PROTECTION",3449
"DOCUMENTATION","FUNCTION HOOKS (FTRACE)",24771
"DOCUMENTATION","GCC PLUGINS",4364
"DOCUMENTATION","INDEX OF FURTHER KERNEL DOCUMENTATION",210
"DOCUMENTATION","IO_URING",21356
"DOCUMENTATION","KCONFIG",22554
"DOCUMENTATION","KCOV",1634
"DOCUMENTATION","KCSAN",5869
"DOCUMENTATION","KDUMP",4534
"DOCUMENTATION","KERNEL BUILD + files below scripts/ (unless maintained elsewhere)",19011
"DOCUMENTATION","KERNEL REGRESSIONS",1241
"DOCUMENTATION","KERNEL UNIT TESTING FRAMEWORK (KUnit)",14433
"DOCUMENTATION","KGDB / KDB /debug_core",11856
"DOCUMENTATION","KPROBES",5086
"DOCUMENTATION","LICENSES and SPDX stuff",5364
"DOCUMENTATION","LINUX KERNEL MEMORY CONSISTENCY MODEL (LKMM)",14215
"DOCUMENTATION","NILFS2 FILESYSTEM",24617
"DOCUMENTATION","ORANGEFS FILESYSTEM",11201
"DOCUMENTATION","OVERLAY FILESYSTEM",14559
"DOCUMENTATION","PARALLEL PORT SUBSYSTEM",16466
"DOCUMENTATION","PCMCIA SUBSYSTEM",22628
"DOCUMENTATION","PPS SUPPORT",2671
"DOCUMENTATION","PROC FILESYSTEM",22488
"DOCUMENTATION","PROC SYSCTL",5733
"DOCUMENTATION","QORIQ DPAA2 FSL-MC BUS DRIVER",6970
"DOCUMENTATION","READ-COPY UPDATE (RCU)",61796
"DOCUMENTATION","Real-time Linux Analysis (RTLA) tools",9094
"DOCUMENTATION","RUNTIME VERIFICATION (RV)",5667
"DOCUMENTATION","RUST",21895
"DOCUMENTATION","SECURITY CONTACT",110
"DOCUMENTATION","SELINUX SECURITY MODULE",28801
"DOCUMENTATION","SPANISH DOCUMENTATION",8793
"DOCUMENTATION","STABLE BRANCH",248
"DOCUMENTATION","TECHNICAL ADVISORY BOARD PROCESS DOCS",279
"DOCUMENTATION","TORTURE-TEST MODULES",8886
"DOCUMENTATION","TRACING",165027
"DOCUMENTATION","TRACING OS NOISE / LATENCY TRACERS",6533
"DOCUMENTATION","TRADITIONAL CHINESE DOCUMENTATION",17892
"DOCUMENTATION","UBI FILE SYSTEM (UBIFS)",40257
"DOCUMENTATION","UDF FILESYSTEM",11115
"DOCUMENTATION","UNIFORM CDROM DRIVER",6207
"DOCUMENTATION","USERSPACE I/O (UIO)",5078
"DOCUMENTATION","VFAT/FAT/MSDOS FILESYSTEM",9134
"DOCUMENTATION","VSPRINTF",6012
"DOCUMENTATION","W1 DALLAS'S 1-WIRE BUS",15100
"DOCUMENTATION","WORKQUEUE",8427
"DOCUMENTATION","XFS FILESYSTEM",166744
"DRIVER CORE, KOBJECTS, DEBUGFS AND SYSFS","AUXILIARY BUS DRIVER",720
"DRIVER CORE, KOBJECTS, DEBUGFS AND SYSFS","DRIVER COMPONENT FRAMEWORK",955
"DRIVER CORE, KOBJECTS, DEBUGFS AND SYSFS","DRIVER CORE, KOBJECTS, DEBUGFS AND SYSFS",63430
"DRIVER CORE, KOBJECTS, DEBUGFS AND SYSFS","DYNAMIC THERMAL POWER MANAGEMENT (DTPM)",1256
"DRIVER CORE, KOBJECTS, DEBUGFS AND SYSFS","FIRMWARE LOADER (request_firmware)",3847
"DRIVER CORE, KOBJECTS, DEBUGFS AND SYSFS","FREEZER",567
"DRIVER CORE, KOBJECTS, DEBUGFS AND SYSFS","GENERIC ARCHITECTURE TOPOLOGY",969
"DRIVER CORE, KOBJECTS, DEBUGFS AND SYSFS","GENERIC PM DOMAINS",4562
"DRIVER CORE, KOBJECTS, DEBUGFS AND SYSFS","HIBERNATION (aka Software Suspend, aka swsusp)",27620
"DRIVER CORE, KOBJECTS, DEBUGFS AND SYSFS","ISA",406
"DRIVER CORE, KOBJECTS, DEBUGFS AND SYSFS","POWER MANAGEMENT CORE",22468
"DRIVER CORE, KOBJECTS, DEBUGFS AND SYSFS","REGISTER MAP ABSTRACTION",14724
"DRIVER CORE, KOBJECTS, DEBUGFS AND SYSFS","SOFTWARE NODES AND DEVICE PROPERTIES",3271
"DRIVER CORE, KOBJECTS, DEBUGFS AND SYSFS","SUSPEND TO RAM",33165
"DRM COMPUTE ACCELERATORS DRIVERS AND FRAMEWORK","DRM ACCEL DRIVERS FOR INTEL VPU",11100
"DRM COMPUTE ACCELERATORS DRIVERS AND FRAMEWORK","DRM COMPUTE ACCELERATORS DRIVERS AND FRAMEWORK",352355
"DRM COMPUTE ACCELERATORS DRIVERS AND FRAMEWORK","HABANALABS PCI DRIVER",340546
"DRM COMPUTE ACCELERATORS DRIVERS AND FRAMEWORK","QUALCOMM CLOUD AI (QAIC) DRIVER",6189
"DRM DRIVERS","AMD DISPLAY CORE",438764
"DRM DRIVERS","AMD KFD",58336
"DRM DRIVERS","AMD POWERPLAY AND SWSMU",169177
"DRM DRIVERS","ARC PGU DRM DRIVER",472
"DRM DRIVERS","ARM HDLCD DRM DRIVER",972
"DRM DRIVERS","ARM KOMEDA DRM-KMS DRIVER",9579
"DRM DRIVERS","ARM MALI PANFROST DRM DRIVER",6435
"DRM DRIVERS","ARM MALI-DP DRM DRIVER",15358
"DRM DRIVERS","DRM AUTOMATED TESTING",5637
"DRM DRIVERS","DRM DRIVER FOR ALLWINNER DE2 AND DE3 ENGINE",5457
"DRM DRIVERS","DRM DRIVER FOR ARM PL111 CLCD",1924
"DRM DRIVERS","DRM DRIVER FOR ARM VERSATILE TFT PANELS",427
"DRM DRIVERS","DRM DRIVER FOR ASPEED BMC GFX",835
"DRM DRIVERS","DRM DRIVER FOR AST SERVER GRAPHICS CHIPS",6887
"DRM DRIVERS","DRM DRIVER FOR BOCHS VIRTUAL GPU",739
"DRM DRIVERS","DRM DRIVER FOR BOE HIMAX8279D PANELS",1021
"DRM DRIVERS","DRM DRIVER FOR CHIPONE ICN6211 MIPI-DSI to RGB CONVERTER BRIDGE",949
"DRM DRIVERS","DRM DRIVER FOR EBBG FT8719 PANEL",357
"DRM DRIVERS","DRM DRIVER FOR FARADAY TVE200 TV ENCODER",784
"DRM DRIVERS","DRM DRIVER FOR FEIXIN K101 IM2BA02 MIPI-DSI LCD PANELS",569
"DRM DRIVERS","DRM DRIVER FOR FEIYANG FY07024DI26A30-D MIPI-DSI LCD PANELS",327
"DRM DRIVERS","DRM DRIVER FOR FIRMWARE FRAMEBUFFERS",3124
"DRM DRIVERS","DRM DRIVER FOR GENERIC EDP PANELS",2185
"DRM DRIVERS","DRM DRIVER FOR GENERIC USB DISPLAY",2546
"DRM DRIVERS","DRM DRIVER FOR GRAIN MEDIA GM12U320 PROJECTORS",758
"DRM DRIVERS","DRM DRIVER FOR HIMAX HX8394 MIPI-DSI LCD panels",527
"DRM DRIVERS","DRM DRIVER FOR HX8357D PANELS",317
"DRM DRIVERS","DRM DRIVER FOR HYPERV SYNTHETIC VIDEO DEVICE",1092
"DRM DRIVERS","DRM DRIVER FOR ILITEK ILI9225 PANELS",485
"DRM DRIVERS","DRM DRIVER FOR ILITEK ILI9486 PANELS",351
"DRM DRIVERS","DRM DRIVER FOR JADARD JD9365DA-H3 MIPI-DSI LCD PANELS",752
"DRM DRIVERS","DRM DRIVER FOR LOGICVC DISPLAY CONTROLLER",2239
"DRM DRIVERS","DRM DRIVER FOR LVDS PANELS",354
"DRM DRIVERS","DRM DRIVER FOR MANTIX MLAF057WE51 PANELS",437
"DRM DRIVERS","DRM DRIVER FOR MGA G200 GRAPHICS CHIPS",5409
"DRM DRIVERS","DRM DRIVER FOR MI0283QT",306
"DRM DRIVERS","DRM DRIVER FOR MIPI DBI compatible panels",538
"DRM DRIVERS","DRM DRIVER FOR MSM ADRENO GPU",140273
"DRM DRIVERS","DRM DRIVER FOR NOVATEK NT35510 PANELS",1153
"DRM DRIVERS","DRM DRIVER FOR NOVATEK NT35560 PANELS",614
"DRM DRIVERS","DRM DRIVER FOR NOVATEK NT36523 PANELS",1419
"DRM DRIVERS","DRM DRIVER FOR NOVATEK NT36672A PANELS",806
"DRM DRIVERS","DRM DRIVER FOR NVIDIA GEFORCE/QUADRO GPUS",224311
"DRM DRIVERS","DRM DRIVER FOR OLIMEX LCD-OLINUXINO PANELS",389
"DRM DRIVERS","DRM DRIVER FOR PARADE PS8640 BRIDGE CHIP",850
"DRM DRIVERS","DRM DRIVER FOR PERVASIVE DISPLAYS REPAPER PANELS",1201
"DRM DRIVERS","DRM DRIVER FOR QEMU'S CIRRUS DEVICE",762
"DRM DRIVERS","DRM DRIVER FOR QXL VIRTUAL GPU",6714
"DRM DRIVERS","DRM DRIVER FOR RAYDIUM RM67191 PANELS",736
"DRM DRIVERS","DRM DRIVER FOR SAMSUNG DB7430 PANELS",438
"DRM DRIVERS","DRM DRIVER FOR SAMSUNG MIPI DSIM BRIDGE",2562
"DRM DRIVERS","DRM DRIVER FOR SAMSUNG S6D27A1 PANELS",417
"DRM DRIVERS","DRM DRIVER FOR SAMSUNG S6D7AA0 PANELS",654
"DRM DRIVERS","DRM DRIVER FOR SITRONIX ST7586 PANELS",426
"DRM DRIVERS","DRM DRIVER FOR SITRONIX ST7701 PANELS",1022
"DRM DRIVERS","DRM DRIVER FOR SITRONIX ST7703 PANELS",880
"DRM DRIVERS","DRM DRIVER FOR SITRONIX ST7735R PANELS",348
"DRM DRIVERS","DRM DRIVER FOR SOLOMON SSD130X OLED DISPLAYS",2482
"DRM DRIVERS","DRM DRIVER FOR ST-ERICSSON MCDE",4764
"DRM DRIVERS","DRM DRIVER FOR TI DLPC3433 MIPI DSI TO DMD BRIDGE",533
"DRM DRIVERS","DRM DRIVER FOR TI SN65DSI86 BRIDGE CHIP",2313
"DRM DRIVERS","DRM DRIVER FOR TPO TPG110 PANELS",591
"DRM DRIVERS","DRM DRIVER FOR USB DISPLAYLINK VIDEO ADAPTERS",1534
"DRM DRIVERS","DRM DRIVER FOR VIRTUAL KERNEL MODESETTING (VKMS)",2205
"DRM DRIVERS","DRM DRIVER FOR VIRTUALBOX VIRTUAL GPU",3013
"DRM DRIVERS","DRM DRIVER FOR VMWARE VIRTUAL GPU",47274
"DRM DRIVERS","DRM DRIVER FOR WIDECHIPS WS2401 PANELS",545
"DRM DRIVERS","DRM DRIVERS",7029719
"DRM DRIVERS","DRM DRIVERS AND MISC GPU PATCHES",640745
"DRM DRIVERS","DRM DRIVERS FOR ALLWINNER A10",17926
"DRM DRIVERS","DRM DRIVERS FOR AMLOGIC SOCS",12439
"DRM DRIVERS","DRM DRIVERS FOR ATMEL HLCDC",3093
"DRM DRIVERS","DRM DRIVERS FOR BRIDGE CHIPS",73927
"DRM DRIVERS","DRM DRIVERS FOR EXYNOS",22148
"DRM DRIVERS","DRM DRIVERS FOR FREESCALE DCU",1457
"DRM DRIVERS","DRM DRIVERS FOR FREESCALE IMX 5/6",15020
"DRM DRIVERS","DRM DRIVERS FOR FREESCALE IMX BRIDGE",4560
"DRM DRIVERS","DRM DRIVERS FOR GMA500 (Poulsbo, Moorestown and derivative chipsets)",23671
"DRM DRIVERS","DRM DRIVERS FOR HISILICON",4159
"DRM DRIVERS","DRM DRIVERS FOR LIMA",5224
"DRM DRIVERS","DRM DRIVERS FOR LOONGSON",6492
"DRM DRIVERS","DRM DRIVERS FOR NVIDIA TEGRA",38750
"DRM DRIVERS","DRM DRIVERS FOR RENESAS R-CAR",11687
"DRM DRIVERS","DRM DRIVERS FOR RENESAS SHMOBILE",2062
"DRM DRIVERS","DRM DRIVERS FOR ROCKCHIP",20630
"DRM DRIVERS","DRM DRIVERS FOR STI",10419
"DRM DRIVERS","DRM DRIVERS FOR STM",3135
"DRM DRIVERS","DRM DRIVERS FOR TI KEYSTONE",5669
"DRM DRIVERS","DRM DRIVERS FOR TI LCDC",2973
"DRM DRIVERS","DRM DRIVERS FOR TI OMAP",32584
"DRM DRIVERS","DRM DRIVERS FOR V3D",4835
"DRM DRIVERS","DRM DRIVERS FOR VC4",26695
"DRM DRIVERS","DRM DRIVERS FOR VIVANTE GPU IP",10543
"DRM DRIVERS","DRM DRIVERS FOR XEN",2461
"DRM DRIVERS","DRM DRIVERS FOR XILINX",4634
"DRM DRIVERS","DRM GPU SCHEDULER",2846
"DRM DRIVERS","DRM PANEL DRIVERS",60776
"DRM DRIVERS","DRM PRIVACY-SCREEN CLASS",783
"DRM DRIVERS","DRM TTM SUBSYSTEM",8251
"DRM DRIVERS","EXYNOS DP DRIVER",299
"DRM DRIVERS","INTEL DRM DRIVERS (excluding Poulsbo, Moorestown and derivative chipsets)",391821
"DRM DRIVERS","INTEL GVT-g DRIVERS (Intel GPU Virtualization)",24038
"DRM DRIVERS","INTEL KEEM BAY DRM DRIVER",4472
"DRM DRIVERS","ITE IT66121 HDMI BRIDGE DRIVER",1784
"DRM DRIVERS","LONTIUM LT8912B MIPI TO HDMI BRIDGE",885
"DRM DRIVERS","MARVELL ARMADA DRM SUPPORT",4328
"DRM DRIVERS","MEGACHIPS STDPXXXX-GE-B850V3-FW LVDS/DP++ BRIDGES",511
"DRM DRIVERS","MXSFB DRM DRIVER",3010
"DRM DRIVERS","NXP i.MX 8MQ DCSS DRIVER",4136
"DRM DRIVERS","NXP TDA998X DRM DRIVER",2163
"DRM DRIVERS","RADEON and AMDGPU DRM DRIVERS",5510323
"DRM DRIVERS","VGA_SWITCHEROO",1375
"DRM DRIVERS","VIRTIO GPU DRIVER",6197
"DSBR100 USB FM RADIO DRIVER","DSBR100 USB FM RADIO DRIVER",420
"DVB_USB_AU6610 MEDIA DRIVER","DVB_USB_AU6610 MEDIA DRIVER",219
"DVB_USB_CE6230 MEDIA DRIVER","DVB_USB_CE6230 MEDIA DRIVER",322
"DVB_USB_EC168 MEDIA DRIVER","DVB_USB_EC168 MEDIA DRIVER",417
"DYNAMIC DEBUG","DYNAMIC DEBUG",2010
"EC100 MEDIA DRIVER","EC100 MEDIA DRIVER",362
"ECRYPT FILE SYSTEM","ECRYPT FILE SYSTEM",10274
"EDAC-BLUEFIELD","EDAC-BLUEFIELD",356
"EDAC-CALXEDA","EDAC-CALXEDA",419
"EDAC-CORE","AMAZON ANNAPURNA LABS MEMORY CONTROLLER EDAC",416
"EDAC-CORE","APPLIED MICRO (APM) X-GENE SOC EDAC",2157
"EDAC-CORE","ARM/SOCFPGA EDAC SUPPORT",2625
"EDAC-CORE","EDAC-AMD64",6530
"EDAC-CORE","EDAC-ARMADA",655
"EDAC-CORE","EDAC-CAVIUM OCTEON",783
"EDAC-CORE","EDAC-CAVIUM THUNDERX",2154
"EDAC-CORE","EDAC-CORE",61936
"EDAC-CORE","EDAC-DMC520",656
"EDAC-CORE","EDAC-E752X",1481
"EDAC-CORE","EDAC-E7XXX",602
"EDAC-CORE","EDAC-FSL_DDR",709
"EDAC-CORE","EDAC-GHES",573
"EDAC-CORE","EDAC-I10NM",1230
"EDAC-CORE","EDAC-I3000",565
"EDAC-CORE","EDAC-I5000",1582
"EDAC-CORE","EDAC-I5400",1469
"EDAC-CORE","EDAC-I7300",1214
"EDAC-CORE","EDAC-I7CORE",2399
"EDAC-CORE","EDAC-I82975X",706
"EDAC-CORE","EDAC-IE31200",667
"EDAC-CORE","EDAC-IGEN6",1304
"EDAC-CORE","EDAC-MPC85XX",818
"EDAC-CORE","EDAC-PASEMI",303
"EDAC-CORE","EDAC-PND2",1880
"EDAC-CORE","EDAC-QCOM",420
"EDAC-CORE","EDAC-SBRIDGE",3688
"EDAC-CORE","EDAC-SKYLAKE",1745
"EDAC-CORE","RAS INFRASTRUCTURE",2450
"EDAC-CORE","XILINX VERSAL EDAC DRIVER",1126
"EDAC-I82443BXGX","EDAC-I82443BXGX",462
"EDAC-R82600","EDAC-R82600",426
"EDAC-TI","EDAC-TI",338
"EFI TEST DRIVER","EFI TEST DRIVER",908
"EFI VARIABLE FILESYSTEM","EFI VARIABLE FILESYSTEM",1511
"EFS FILESYSTEM","EFS FILESYSTEM",1167
"ERRSEQ ERROR TRACKING INFRASTRUCTURE","ERRSEQ ERROR TRACKING INFRASTRUCTURE",221
"EXFAT FILE SYSTEM","EXFAT FILE SYSTEM",7534
"EXT2 FILE SYSTEM","EXT2 FILE SYSTEM",10303
"FADDR2LINE","FADDR2LINE",313
"FILESYSTEMS (VFS and infrastructure)","AIO",2417
"FILESYSTEMS (VFS and infrastructure)","EXEC & BINFMT API",15427
"FILESYSTEMS (VFS and infrastructure)","FILE LOCKING (flock() and fcntl()/lockf())",4140
"FILESYSTEMS (VFS and infrastructure)","FILESYSTEM DIRECT ACCESS (DAX)",2641
"FILESYSTEMS (VFS and infrastructure)","FILESYSTEMS (VFS and infrastructure)",83301
"FILESYSTEMS [IOMAP]","FILESYSTEMS [IOMAP]",3993
"FIREWIRE SUBSYSTEM","FIREWIRE SUBSYSTEM",18711
"FIRMWARE FRAMEWORK FOR ARMV8-A","FIRMWARE FRAMEWORK FOR ARMV8-A",2298
"FLYSKY FSIA6B RC RECEIVER","FLYSKY FSIA6B RC RECEIVER",231
"FORTIFY_SOURCE","FORTIFY_SOURCE",2171
"FPGA MANAGER FRAMEWORK","FPGA DFL DRIVERS",10066
"FPGA MANAGER FRAMEWORK","FPGA MANAGER FRAMEWORK",22322
"FPGA MANAGER FRAMEWORK","INTEL MAX10 BMC SECURE UPDATES",836
"FPGA MANAGER FRAMEWORK","MICROCHIP POLARFIRE FPGA DRIVERS",457
"FRAMEBUFFER LAYER","ADP5520 BACKLIGHT DRIVER WITH IO EXPANDER (ADP5520/ADP5501)",1285
"FRAMEBUFFER LAYER","ADP8860 BACKLIGHT DRIVER (ADP8860/ADP8861/ADP8863)",815
"FRAMEBUFFER LAYER","AMD GEODE PROCESSOR/CHIPSET SUPPORT",5517
"FRAMEBUFFER LAYER","ARC FRAMEBUFFER DRIVER",1023
"FRAMEBUFFER LAYER","ARM PRIMECELL CLCD PL110 DRIVER",984
"FRAMEBUFFER LAYER","BACKLIGHT CLASS/SUBSYSTEM",22593
"FRAMEBUFFER LAYER","CONSOLE SUBSYSTEM",4038
"FRAMEBUFFER LAYER","CYBERPRO FB DRIVER",2403
"FRAMEBUFFER LAYER","DISPLAYLINK USB 2.0 FRAMEBUFFER DRIVER (UDLFB)",2228
"FRAMEBUFFER LAYER","EFIFB FRAMEBUFFER DRIVER",693
"FRAMEBUFFER LAYER","EPSON S1D13XXX FRAMEBUFFER DRIVER",1214
"FRAMEBUFFER LAYER","FRAMEBUFFER CORE",15803
"FRAMEBUFFER LAYER","FRAMEBUFFER LAYER",343225
"FRAMEBUFFER LAYER","FREESCALE DIU FRAMEBUFFER DRIVER",1994
"FRAMEBUFFER LAYER","FREESCALE IMX / MXC FRAMEBUFFER DRIVER",1090
"FRAMEBUFFER LAYER","HGA FRAMEBUFFER DRIVER",671
"FRAMEBUFFER LAYER","IMS TWINTURBO FRAMEBUFFER DRIVER",1650
"FRAMEBUFFER LAYER","INTEL 810/815 FRAMEBUFFER DRIVER",4114
"FRAMEBUFFER LAYER","INTEL FRAMEBUFFER DRIVER (excluding 810 and 815)",5158
"FRAMEBUFFER LAYER","KTD253 BACKLIGHT DRIVER",274
"FRAMEBUFFER LAYER","KTZ8866 BACKLIGHT DRIVER",294
"FRAMEBUFFER LAYER","MATROX FRAMEBUFFER DRIVER",9546
"FRAMEBUFFER LAYER","MICROCHIP LCDFB DRIVER",1504
"FRAMEBUFFER LAYER","NVIDIA (rivafb and nvidiafb) FRAMEBUFFER DRIVER",12221
"FRAMEBUFFER LAYER","OMAP DISPLAY SUBSYSTEM and FRAMEBUFFER SUPPORT (DSS2)",38851
"FRAMEBUFFER LAYER","OMAP FRAMEBUFFER SUPPORT",6141
"FRAMEBUFFER LAYER","RADEON FRAMEBUFFER DISPLAY DRIVER",7873
"FRAMEBUFFER LAYER","RAGE128 FRAMEBUFFER DISPLAY DRIVER",2530
"FRAMEBUFFER LAYER","S3 SAVAGE FRAMEBUFFER DRIVER",3367
"FRAMEBUFFER LAYER","SAMSUNG FRAMEBUFFER DRIVER",1804
"FRAMEBUFFER LAYER","SILICON MOTION SM712 FRAME BUFFER DRIVER",1928
"FRAMEBUFFER LAYER","SIS FRAMEBUFFER DRIVER",31088
"FRAMEBUFFER LAYER","SMSC UFX6000 and UFX7000 USB to VGA DRIVER",1947
"FRAMEBUFFER LAYER","UVESAFB DRIVER",2188
"FRAMEBUFFER LAYER","VIA UNICHROME(PRO)/CHROME9 FRAMEBUFFER DRIVER",12071
"FREESCALE SOC DRIVERS","DPAA2 DATAPATH I/O (DPIO) DRIVER",4150
"FREESCALE SOC DRIVERS","FREESCALE QUICC ENGINE LIBRARY",8167
"FREESCALE SOC DRIVERS","FREESCALE QUICC ENGINE QMC DRIVER",1799
"FREESCALE SOC DRIVERS","FREESCALE QUICC ENGINE TSA DRIVER",1105
"FREESCALE SOC DRIVERS","FREESCALE SOC DRIVERS",27577
"FREEVXFS FILESYSTEM","FREEVXFS FILESYSTEM",2411
"FS-CACHE: LOCAL CACHING FOR NETWORK FILESYSTEMS","CACHEFILES: FS-CACHE BACKEND FOR CACHING ON MOUNTED FILESYSTEMS",5680
"FS-CACHE: LOCAL CACHING FOR NETWORK FILESYSTEMS","FS-CACHE: LOCAL CACHING FOR NETWORK FILESYSTEMS",5918
"FSNOTIFY: FILESYSTEM NOTIFICATION INFRASTRUCTURE","DIRECTORY NOTIFICATION (DNOTIFY)",553
"FSNOTIFY: FILESYSTEM NOTIFICATION INFRASTRUCTURE","FANOTIFY",3953
"FSNOTIFY: FILESYSTEM NOTIFICATION INFRASTRUCTURE","FSNOTIFY: FILESYSTEM NOTIFICATION INFRASTRUCTURE",8578
"FSNOTIFY: FILESYSTEM NOTIFICATION INFRASTRUCTURE","INOTIFY",1366
"FUSE: FILESYSTEM IN USERSPACE","FUSE: FILESYSTEM IN USERSPACE",18265
"FUSE: FILESYSTEM IN USERSPACE","VIRTIO FILE SYSTEM",1640
"GCOV BASED KERNEL PROFILING","GCOV BASED KERNEL PROFILING",2357
"GDB KERNEL DEBUGGING HELPER SCRIPTS","GDB KERNEL DEBUGGING HELPER SCRIPTS",4123
"GEMTEK FM RADIO RECEIVER DRIVER","GEMTEK FM RADIO RECEIVER DRIVER",340
"GENERIC ENTRY CODE","GENERIC ENTRY CODE",1282
"GENERIC RADIX TREE","GENERIC RADIX TREE",605
"GENERIC RESISTIVE TOUCHSCREEN ADC DRIVER","GENERIC RESISTIVE TOUCHSCREEN ADC DRIVER",303
"GENERIC STRING LIBRARY","GENERIC STRING LIBRARY",3368
"GENERIC UIO DRIVER FOR PCI DEVICES","GENERIC UIO DRIVER FOR PCI DEVICES",149
"GENERIC VDSO LIBRARY","GENERIC VDSO LIBRARY",1072
"GET_MAINTAINER SCRIPT","GET_MAINTAINER SCRIPT",2621
"GFS2 FILE SYSTEM","GFS2 FILE SYSTEM",34005
"GIGABYTE WMI DRIVER","GIGABYTE WMI DRIVER",164
"GOOGLE FIRMWARE DRIVERS","GOOGLE FIRMWARE DRIVERS",2588
"GPD POCKET FAN DRIVER","GPD POCKET FAN DRIVER",224
"GPIO REGMAP","GPIO REGMAP",439
"GPIO SUBSYSTEM","ATHEROS 71XX/9XXX GPIO DRIVER",345
"GPIO SUBSYSTEM","BROADCOM BRCMSTB GPIO DRIVER",869
"GPIO SUBSYSTEM","BROADCOM KONA GPIO DRIVER",756
"GPIO SUBSYSTEM","DELTA NETWORKS TN48M CPLD DRIVERS",284
"GPIO SUBSYSTEM","GPIO ACPI SUPPORT",2079
"GPIO SUBSYSTEM","GPIO AGGREGATOR",747
"GPIO SUBSYSTEM","GPIO MOCKUP DRIVER",1838
"GPIO SUBSYSTEM","GPIO SUBSYSTEM",95752
"GPIO SUBSYSTEM","HISILICON GPIO DRIVER",391
"GPIO SUBSYSTEM","ICH LPC AND GPIO DRIVER",1940
"GPIO SUBSYSTEM","INTEL GPIO DRIVERS",2894
"GPIO SUBSYSTEM","LOONGSON GPIO DRIVER",478
"GPIO SUBSYSTEM","OMAP GPIO DRIVER",1695
"GPIO SUBSYSTEM","PXA GPIO DRIVER",804
"GPIO SUBSYSTEM","SIOX",1515
"GPIO SUBSYSTEM","SYNOPSYS CREG GPIO DRIVER",210
"GPIO SUBSYSTEM","SYNOPSYS DESIGNWARE APB GPIO DRIVER",990
"GPIO SUBSYSTEM","THUNDERX GPIO DRIVER",602
"GPIO SUBSYSTEM","TI DAVINCI SERIES GPIO DRIVER",916
"GPIO SUBSYSTEM","VIRTIO GPIO DRIVER",736
"GPIO SUBSYSTEM","XILINX GPIO DRIVER",2050
"GPIO SUBSYSTEM","XRA1403 GPIO EXPANDER",263
"GS1662 VIDEO SERIALIZER","GS1662 VIDEO SERIALIZER",482
"HARDWARE MONITORING","ABIT UGURU 1,2 HARDWARE MONITOR DRIVER",1630
"HARDWARE MONITORING","ABIT UGURU 3 HARDWARE MONITOR DRIVER",1302
"HARDWARE MONITORING","ADM1025 HARDWARE MONITOR DRIVER",632
"HARDWARE MONITORING","ADT7475 HARDWARE MONITOR DRIVER",2234
"HARDWARE MONITORING","AMD FAM15H PROCESSOR POWER MONITORING DRIVER",630
"HARDWARE MONITORING","ANALOG DEVICES INC ADM1177 DRIVER",333
"HARDWARE MONITORING","ANALOG DEVICES INC MAX31760 DRIVER",715
"HARDWARE MONITORING","APPLE SMC DRIVER",1419
"HARDWARE MONITORING","AQUACOMPUTER D5 NEXT PUMP SENSOR DRIVER",2057
"HARDWARE MONITORING","ASC7621 HARDWARE MONITOR DRIVER",1557
"HARDWARE MONITORING","ASUS EC HARDWARE MONITOR DRIVER",1107
"HARDWARE MONITORING","ASUS WMI HARDWARE MONITOR DRIVER",663
"HARDWARE MONITORING","ATK0110 HWMON DRIVER",1392
"HARDWARE MONITORING","AXI-FAN-CONTROL HARDWARE MONITOR DRIVER",604
"HARDWARE MONITORING","CHARGERLAB POWER-Z HARDWARE MONITOR DRIVER",305
"HARDWARE MONITORING","CORETEMP HARDWARE MONITORING DRIVER",1018
"HARDWARE MONITORING","CORSAIR-CPRO HARDWARE MONITOR DRIVER",583
"HARDWARE MONITORING","CORSAIR-PSU HARDWARE MONITOR DRIVER",1007
"HARDWARE MONITORING","DELL LAPTOP SMM DRIVER",1527
"HARDWARE MONITORING","DELTA AHE-50DC FAN CONTROL MODULE DRIVER",130
"HARDWARE MONITORING","DELTA DPS920AB PSU DRIVER",279
"HARDWARE MONITORING","DME1737 HARDWARE MONITOR DRIVER",3149
"HARDWARE MONITORING","F71805F HARDWARE MONITORING DRIVER",1828
"HARDWARE MONITORING","FINTEK F75375S HARDWARE MONITOR AND FAN CONTROLLER DRIVER",929
"HARDWARE MONITORING","HARDWARE MONITORING",215128
"HARDWARE MONITORING","HP WMI HARDWARE MONITOR DRIVER",2130
"HARDWARE MONITORING","INA209 HARDWARE MONITOR DRIVER",788
"HARDWARE MONITORING","INA2XX HARDWARE MONITOR DRIVER",870
"HARDWARE MONITORING","IT87 HARDWARE MONITORING DRIVER",4187
"HARDWARE MONITORING","JC42.4 TEMPERATURE SENSOR DRIVER",873
"HARDWARE MONITORING","K10TEMP HARDWARE MONITORING DRIVER",675
"HARDWARE MONITORING","K8TEMP HARDWARE MONITORING DRIVER",287
"HARDWARE MONITORING","LM78 HARDWARE MONITOR DRIVER",1113
"HARDWARE MONITORING","LM83 HARDWARE MONITOR DRIVER",564
"HARDWARE MONITORING","LM90 HARDWARE MONITOR DRIVER",3867
"HARDWARE MONITORING","LM95234 HARDWARE MONITOR DRIVER",781
"HARDWARE MONITORING","LTC2947 HARDWARE MONITOR DRIVER",1382
"HARDWARE MONITORING","LTC2991 HARDWARE MONITOR DRIVER",565
"HARDWARE MONITORING","LTC4261 HARDWARE MONITOR DRIVER",315
"HARDWARE MONITORING","MAX15301 DRIVER",277
"HARDWARE MONITORING","MAX16065 HARDWARE MONITOR DRIVER",738
"HARDWARE MONITORING","MAX31827 TEMPERATURE SWITCH DRIVER",665
"HARDWARE MONITORING","MAX6650 HARDWARE MONITOR AND FAN CONTROLLER DRIVER",904
"HARDWARE MONITORING","MAX6697 HARDWARE MONITOR DRIVER",984
"HARDWARE MONITORING","NCT6775 HARDWARE MONITOR DRIVER - CORE & PLATFORM DRIVER",6569
"HARDWARE MONITORING","NCT6775 HARDWARE MONITOR DRIVER - I2C DRIVER",254
"HARDWARE MONITORING","NZXT-KRAKEN2 HARDWARE MONITORING DRIVER",276
"HARDWARE MONITORING","NZXT-SMART2 HARDWARE MONITORING DRIVER",900
"HARDWARE MONITORING","PC87360 HARDWARE MONITORING DRIVER",1999
"HARDWARE MONITORING","PC87427 HARDWARE MONITORING DRIVER",1392
"HARDWARE MONITORING","PECI HARDWARE MONITORING DRIVERS",1522
"HARDWARE MONITORING","PM6764TR DRIVER",108
"HARDWARE MONITORING","PMBUS HARDWARE MONITORING DRIVERS",21938
"HARDWARE MONITORING","SFCTEMP HWMON DRIVER",434
"HARDWARE MONITORING","SMSC EMC2103 HARDWARE MONITOR DRIVER",703
"HARDWARE MONITORING","SMSC SCH5627 HARDWARE MONITOR DRIVER",707
"HARDWARE MONITORING","SMSC47B397 HARDWARE MONITOR DRIVER",567
"HARDWARE MONITORING","ST STPDDC60 DRIVER",339
"HARDWARE MONITORING","TEXAS INSTRUMENTS TPS23861 PoE PSE DRIVER",687
"HARDWARE MONITORING","TMP401 HARDWARE MONITOR DRIVER",963
"HARDWARE MONITORING","TMP464 HARDWARE MONITOR DRIVER",898
"HARDWARE MONITORING","TMP513 HARDWARE MONITOR DRIVER",865
"HARDWARE MONITORING","TPS546D24 DRIVER",106
"HARDWARE MONITORING","VT1211 HARDWARE MONITOR DRIVER",1585
"HARDWARE MONITORING","VT8231 HARDWARE MONITOR DRIVER",1058
"HARDWARE MONITORING","W83791D HARDWARE MONITORING DRIVER",1837
"HARDWARE MONITORING","W83793 HARDWARE MONITORING DRIVER",2257
"HARDWARE MONITORING","W83795 HARDWARE MONITORING DRIVER",2271
"HARDWARE RANDOM NUMBER GENERATOR CORE","CCTRNG ARM TRUSTZONE CRYPTOCELL TRUE RANDOM NUMBER GENERATOR (TRNG) DRIVER",789
"HARDWARE RANDOM NUMBER GENERATOR CORE","HARDWARE RANDOM NUMBER GENERATOR CORE",13523
"HARDWARE RANDOM NUMBER GENERATOR CORE","MEDIATEK RANDOM NUMBER GENERATOR SUPPORT",201
"HARDWARE RANDOM NUMBER GENERATOR CORE","SAMSUNG EXYNOS TRUE RANDOM NUMBER GENERATOR (TRNG) DRIVER",276
"HARDWARE RANDOM NUMBER GENERATOR CORE","STARFIVE TRNG DRIVER",448
"HFS FILESYSTEM","HFS FILESYSTEM",6179
"HFSPLUS FILESYSTEM","HFSPLUS FILESYSTEM",12436
"HID CORE LAYER","AMD SENSOR FUSION HUB DRIVER",3518
"HID CORE LAYER","FT260 FTDI USB-HID TO I2C BRIDGE DRIVER",1107
"HID CORE LAYER","HID CORE LAYER",134041
"HID CORE LAYER","HID LOGITECH DRIVERS",6728
"HID CORE LAYER","HID NVIDIA SHIELD DRIVER",1128
"HID CORE LAYER","HID PLAYSTATION DRIVER",2743
"HID CORE LAYER","HID WACOM DRIVER",8601
"HID CORE LAYER","HID++ LOGITECH DRIVERS",4670
"HID CORE LAYER","INTEL INTEGRATED SENSOR HUB DRIVER",8712
"HID CORE LAYER","LOGITECH HID GAMING KEYBOARDS",957
"HID CORE LAYER","MCP2221A MICROCHIP USB-HID TO I2C BRIDGE DRIVER",1216
"HID CORE LAYER","MICROSOFT SURFACE HID TRANSPORT DRIVER",972
"HID CORE LAYER","NINTENDO HID DRIVER",2463
"HID CORE LAYER","PICOLCD HID DRIVER",2918
"HID CORE LAYER","ROCCAT DRIVERS",7341
"HID CORE LAYER","UHID USERSPACE HID IO DRIVER",1021
"HID CORE LAYER","USB HID/HIDBP DRIVERS (USB KEYBOARDS, MICE, REMOTE CONTROLS, ...)",5059
"HID CORE LAYER","WIIMOTE HID DRIVER",5369
"HID PHOENIX RC FLIGHT CONTROLLER","HID PHOENIX RC FLIGHT CONTROLLER",112
"HID VRC-2 CAR CONTROLLER DRIVER","HID VRC-2 CAR CONTROLLER DRIVER",91
"HIKEY960 ONBOARD USB GPIO HUB DRIVER","HIKEY960 ONBOARD USB GPIO HUB DRIVER",277
"HISILICON KUNPENG SOC HCCS DRIVER","HISILICON KUNPENG SOC HCCS DRIVER",1542
"HISILICON LPC BUS DRIVER","HISILICON LPC BUS DRIVER",757
"HISILICON TRUE RANDOM NUMBER GENERATOR V2 SUPPORT","HISILICON TRUE RANDOM NUMBER GENERATOR V2 SUPPORT",339
"HP COMPAQ TC1100 TABLET WMI EXTRAS DRIVER","HP COMPAQ TC1100 TABLET WMI EXTRAS DRIVER",263
"HPFS FILESYSTEM","HPFS FILESYSTEM",6591
"HS3001 Hardware Temperature and Humidity Sensor","HS3001 Hardware Temperature and Humidity Sensor",242
"HSI SUBSYSTEM","HSI SUBSYSTEM",7762
"HTCPEN TOUCHSCREEN DRIVER","HTCPEN TOUCHSCREEN DRIVER",243
"HYGON PROCESSOR SUPPORT","HYGON PROCESSOR SUPPORT",401
"I2C ACPI SUPPORT","I2C ACPI SUPPORT",813
"I2C ADDRESS TRANSLATOR (ATR)","I2C ADDRESS TRANSLATOR (ATR)",826
"I2C MUXES","GENERIC GPIO I2C MULTIPLEXER DRIVER",375
"I2C MUXES","GENERIC PINCTRL I2C DEMULTIPLEXER DRIVER",496
"I2C MUXES","I2C MUXES",4954
"I2C MUXES","LTC4306 I2C MULTIPLEXER DRIVER",378
"I2C SUBSYSTEM","I2C OVER PARALLEL PORT",599
"I2C SUBSYSTEM","I2C SUBSYSTEM",15960
"I2C SUBSYSTEM HOST DRIVERS","ALI1563 I2C DRIVER",472
"I2C SUBSYSTEM HOST DRIVERS","ALTERA I2C CONTROLLER DRIVER",535
"I2C SUBSYSTEM HOST DRIVERS","AMD MP2 I2C DRIVER",1051
"I2C SUBSYSTEM HOST DRIVERS","ARM/ASPEED I2C DRIVER",1306
"I2C SUBSYSTEM HOST DRIVERS","ARM/HPE GXP ARCHITECTURE",2028
"I2C SUBSYSTEM HOST DRIVERS","AXXIA I2C CONTROLLER",868
"I2C SUBSYSTEM HOST DRIVERS","BROADCOM BRCMSTB I2C DRIVER",850
"I2C SUBSYSTEM HOST DRIVERS","CAVIUM I2C DRIVER",1559
"I2C SUBSYSTEM HOST DRIVERS","DIOLAN U2C-12 I2C DRIVER",518
"I2C SUBSYSTEM HOST DRIVERS","FREESCALE I2C CPM DRIVER",715
"I2C SUBSYSTEM HOST DRIVERS","FREESCALE IMX I2C DRIVER",1775
"I2C SUBSYSTEM HOST DRIVERS","FREESCALE IMX LPI2C DRIVER",759
"I2C SUBSYSTEM HOST DRIVERS","FREESCALE MPC I2C DRIVER",1075
"I2C SUBSYSTEM HOST DRIVERS","FSI-ATTACHED I2C DRIVER",816
"I2C SUBSYSTEM HOST DRIVERS","GENERIC GPIO I2C DRIVER",570
"I2C SUBSYSTEM HOST DRIVERS","HISILICON I2C CONTROLLER DRIVER",605
"I2C SUBSYSTEM HOST DRIVERS","I2C CONTROLLER DRIVER FOR NVIDIA GPU",397
"I2C SUBSYSTEM HOST DRIVERS","I2C MV64XXX MARVELL AND ALLWINNER DRIVER",1260
"I2C SUBSYSTEM HOST DRIVERS","I2C SUBSYSTEM HOST DRIVERS",102107
"I2C SUBSYSTEM HOST DRIVERS","I2C-TAOS-EVM DRIVER",359
"I2C SUBSYSTEM HOST DRIVERS","I2C/SMBUS CONTROLLER DRIVERS FOR PC",9502
"I2C SUBSYSTEM HOST DRIVERS","I2C/SMBUS INTEL CHT WHISKEY COVE PMIC DRIVER",559
"I2C SUBSYSTEM HOST DRIVERS","I2C/SMBUS ISMT DRIVER",1029
"I2C SUBSYSTEM HOST DRIVERS","LOONGSON LS2X I2C DRIVER",421
"I2C SUBSYSTEM HOST DRIVERS","MEDIATEK I2C CONTROLLER DRIVER",1697
"I2C SUBSYSTEM HOST DRIVERS","MEDIATEK MT7621/28/88 I2C DRIVER",407
"I2C SUBSYSTEM HOST DRIVERS","MELLANOX BLUEFIELD I2C DRIVER",2493
"I2C SUBSYSTEM HOST DRIVERS","MELLANOX MLXCPLD I2C AND MUX DRIVER",855
"I2C SUBSYSTEM HOST DRIVERS","MICROCHIP I2C DRIVER",1614
"I2C SUBSYSTEM HOST DRIVERS","MICROCHIP PCI1XXXX I2C DRIVER",1212
"I2C SUBSYSTEM HOST DRIVERS","OPENCORES I2C BUS DRIVER",997
"I2C SUBSYSTEM HOST DRIVERS","QUALCOMM I2C CCI DRIVER",1122
"I2C SUBSYSTEM HOST DRIVERS","RENESAS EMEV2 I2C DRIVER",503
"I2C SUBSYSTEM HOST DRIVERS","RENESAS R-CAR I2C DRIVERS",2577
"I2C SUBSYSTEM HOST DRIVERS","RENESAS RIIC DRIVER",623
"I2C SUBSYSTEM HOST DRIVERS","RENESAS RZ/V2M I2C DRIVER",625
"I2C SUBSYSTEM HOST DRIVERS","SCx200 CPU SUPPORT",1302
"I2C SUBSYSTEM HOST DRIVERS","SOCIONEXT SYNQUACER I2C DRIVER",707
"I2C SUBSYSTEM HOST DRIVERS","ST STM32 I2C/SMBUS DRIVER",3621
"I2C SUBSYSTEM HOST DRIVERS","SYNOPSYS DESIGNWARE I2C DRIVER",3726
"I2C SUBSYSTEM HOST DRIVERS","TEGRA I2C DRIVER",1981
"I2C SUBSYSTEM HOST DRIVERS","VIRTIO I2C DRIVER",325
"I2C SUBSYSTEM HOST DRIVERS","XLP9XX I2C DRIVER",593
"I2C-TINY-USB DRIVER","I2C-TINY-USB DRIVER",305
"I2C/SMBUS STUB DRIVER","I2C/SMBUS STUB DRIVER",413
"I3C SUBSYSTEM","I3C DRIVER FOR ASPEED AST2600",260
"I3C SUBSYSTEM","I3C DRIVER FOR CADENCE I3C MASTER IP",1747
"I3C SUBSYSTEM","I3C DRIVER FOR SYNOPSYS DESIGNWARE",1670
"I3C SUBSYSTEM","I3C SUBSYSTEM",15097
"I3C SUBSYSTEM","SILVACO I3C DUAL-ROLE MASTER",1785
"ICY I2C DRIVER","ICY I2C DRIVER",215
"IDEAPAD LAPTOP SLIDEBAR DRIVER","IDEAPAD LAPTOP SLIDEBAR DRIVER",351
"IFE PROTOCOL","IFE PROTOCOL",269
"IIO LIGHT SENSOR GAIN-TIME-SCALE HELPERS","IIO LIGHT SENSOR GAIN-TIME-SCALE HELPERS",0
"IIO SUBSYSTEM AND DRIVERS","AD5110 ANALOG DEVICES DIGITAL POTENTIOMETERS DRIVER",349
"IIO SUBSYSTEM AND DRIVERS","ADXL313 THREE-AXIS DIGITAL ACCELEROMETER DRIVER",823
"IIO SUBSYSTEM AND DRIVERS","ADXL355 THREE-AXIS DIGITAL ACCELEROMETER DRIVER",1085
"IIO SUBSYSTEM AND DRIVERS","ADXL367 THREE-AXIS DIGITAL ACCELEROMETER DRIVER",1897
"IIO SUBSYSTEM AND DRIVERS","ADXL372 THREE-AXIS DIGITAL ACCELEROMETER DRIVER",1466
"IIO SUBSYSTEM AND DRIVERS","AMS AS73211 DRIVER",854
"IIO SUBSYSTEM AND DRIVERS","ANALOG DEVICES INC AD3552R DRIVER",1356
"IIO SUBSYSTEM AND DRIVERS","ANALOG DEVICES INC AD4130 DRIVER",2409
"IIO SUBSYSTEM AND DRIVERS","ANALOG DEVICES INC AD7192 DRIVER",1322
"IIO SUBSYSTEM AND DRIVERS","ANALOG DEVICES INC AD7292 DRIVER",461
"IIO SUBSYSTEM AND DRIVERS","ANALOG DEVICES INC AD7293 DRIVER",995
"IIO SUBSYSTEM AND DRIVERS","ANALOG DEVICES INC AD74115 DRIVER",2314
"IIO SUBSYSTEM AND DRIVERS","ANALOG DEVICES INC AD74413R DRIVER",1756
"IIO SUBSYSTEM AND DRIVERS","ANALOG DEVICES INC AD7768-1 DRIVER",802
"IIO SUBSYSTEM AND DRIVERS","ANALOG DEVICES INC AD7780 DRIVER",466
"IIO SUBSYSTEM AND DRIVERS","ANALOG DEVICES INC ADA4250 DRIVER",454
"IIO SUBSYSTEM AND DRIVERS","ANALOG DEVICES INC ADF4377 DRIVER",1086
"IIO SUBSYSTEM AND DRIVERS","ANALOG DEVICES INC ADIS DRIVER LIBRARY",1411
"IIO SUBSYSTEM AND DRIVERS","ANALOG DEVICES INC ADIS16460 DRIVER",489
"IIO SUBSYSTEM AND DRIVERS","ANALOG DEVICES INC ADIS16475 DRIVER",1648
"IIO SUBSYSTEM AND DRIVERS","ANALOG DEVICES INC ADMV1013 DRIVER",814
"IIO SUBSYSTEM AND DRIVERS","ANALOG DEVICES INC ADMV1014 DRIVER",969
"IIO SUBSYSTEM AND DRIVERS","ANALOG DEVICES INC ADMV8818 DRIVER",778
"IIO SUBSYSTEM AND DRIVERS","ANALOG DEVICES INC ADRF6780 DRIVER",647
"IIO SUBSYSTEM AND DRIVERS","ANALOG DEVICES INC ADXRS290 DRIVER",770
"IIO SUBSYSTEM AND DRIVERS","ANALOG DEVICES INC IIO DRIVERS",73525
"IIO SUBSYSTEM AND DRIVERS","APEX EMBEDDED SYSTEMS STX104 IIO DRIVER",523
"IIO SUBSYSTEM AND DRIVERS","ASAHI KASEI AK8974 DRIVER",1058
"IIO SUBSYSTEM AND DRIVERS","AVIA HX711 ANALOG DIGITAL CONVERTER IIO DRIVER",687
"IIO SUBSYSTEM AND DRIVERS","BOSCH SENSORTEC BMA400 ACCELEROMETER IIO DRIVER",2147
"IIO SUBSYSTEM AND DRIVERS","CAPELLA MICROSYSTEMS LIGHT SENSOR DRIVER",2326
"IIO SUBSYSTEM AND DRIVERS","DEVANTECH SRF ULTRASONIC RANGER IIO DRIVER",981
"IIO SUBSYSTEM AND DRIVERS","HID SENSOR HUB DRIVERS",6964
"IIO SUBSYSTEM AND DRIVERS","HONEYWELL MPRLS0025PA PRESSURE SENSOR SERIES IIO DRIVER",554
"IIO SUBSYSTEM AND DRIVERS","HTS221 TEMPERATURE-HUMIDITY IIO DRIVER",1142
"IIO SUBSYSTEM AND DRIVERS","IIO DIGITAL POTENTIOMETER DAC",328
"IIO SUBSYSTEM AND DRIVERS","IIO ENVELOPE DETECTOR",533
"IIO SUBSYSTEM AND DRIVERS","IIO MULTIPLEXER",538
"IIO SUBSYSTEM AND DRIVERS","IIO SCMI BASED DRIVER",730
"IIO SUBSYSTEM AND DRIVERS","IIO SUBSYSTEM AND DRIVERS",359259
"IIO SUBSYSTEM AND DRIVERS","IIO UNIT CONVERTER",819
"IIO SUBSYSTEM AND DRIVERS","INFINEON DPS310 Driver",897
"IIO SUBSYSTEM AND DRIVERS","INVENSENSE ICM-426xx IMU DRIVER",3967
"IIO SUBSYSTEM AND DRIVERS","INVENSENSE MPU-3050 GYROSCOPE DRIVER",1586
"IIO SUBSYSTEM AND DRIVERS","KIONIX/ROHM KX022A ACCELEROMETER",1691
"IIO SUBSYSTEM AND DRIVERS","LTC1660 DAC DRIVER",298
"IIO SUBSYSTEM AND DRIVERS","LTC2688 IIO DAC DRIVER",1286
"IIO SUBSYSTEM AND DRIVERS","LTC2983 IIO TEMPERATURE DRIVER",2308
"IIO SUBSYSTEM AND DRIVERS","MAXBOTIX ULTRASONIC RANGER IIO DRIVER",331
"IIO SUBSYSTEM AND DRIVERS","MAXIM MAX11205 DRIVER",252
"IIO SUBSYSTEM AND DRIVERS","MCP4018 AND MCP4531 MICROCHIP DIGITAL POTENTIOMETER DRIVERS",595
"IIO SUBSYSTEM AND DRIVERS","MELEXIS MLX90614 DRIVER",787
"IIO SUBSYSTEM AND DRIVERS","MELEXIS MLX90632 DRIVER",1347
"IIO SUBSYSTEM AND DRIVERS","MEMSENSING MICROSYSTEMS MSA311 DRIVER",1356
"IIO SUBSYSTEM AND DRIVERS","MICROCHIP MCP3564 ADC DRIVER",1718
"IIO SUBSYSTEM AND DRIVERS","MICROCHIP MCP3911 ADC DRIVER",1040
"IIO SUBSYSTEM AND DRIVERS","MICROCHIP SAMA5D2-COMPATIBLE ADC DRIVER",2759
"IIO SUBSYSTEM AND DRIVERS","NXP FXAS21002C DRIVER",1377
"IIO SUBSYSTEM AND DRIVERS","NXP i.MX 7D/6SX/6UL/93 AND VF610 ADC DRIVER",2262
"IIO SUBSYSTEM AND DRIVERS","NXP i.MX 8QXP ADC DRIVER",586
"IIO SUBSYSTEM AND DRIVERS","PARALLAX PING IIO SENSOR DRIVER",385
"IIO SUBSYSTEM AND DRIVERS","PLANTOWER PMS7003 AIR POLLUTION SENSOR DRIVER",403
"IIO SUBSYSTEM AND DRIVERS","PNI RM3100 IIO DRIVER",784
"IIO SUBSYSTEM AND DRIVERS","RENESAS R-CAR GYROADC DRIVER",757
"IIO SUBSYSTEM AND DRIVERS","RENESAS RZ/G2L A/D DRIVER",757
"IIO SUBSYSTEM AND DRIVERS","RENESAS X9250 DIGITAL POTENTIOMETERS DRIVER",298
"IIO SUBSYSTEM AND DRIVERS","ROHM BH1750 AMBIENT LIGHT SENSOR DRIVER",377
"IIO SUBSYSTEM AND DRIVERS","ROHM BM1390 PRESSURE SENSOR DRIVER",934
"IIO SUBSYSTEM AND DRIVERS","ROHM BU270xx LIGHT SENSOR DRIVERs",2972
"IIO SUBSYSTEM AND DRIVERS","SENSEAIR SUNRISE 006-0-0007",630
"IIO SUBSYSTEM AND DRIVERS","SENSIRION SCD30 CARBON DIOXIDE SENSOR DRIVER",1301
"IIO SUBSYSTEM AND DRIVERS","SENSIRION SCD4X CARBON DIOXIDE SENSOR DRIVER",812
"IIO SUBSYSTEM AND DRIVERS","SENSIRION SPS30 AIR POLLUTION SENSOR DRIVER",1116
"IIO SUBSYSTEM AND DRIVERS","SHARP GP2AP002A00F/GP2AP002S00F SENSOR DRIVER",808
"IIO SUBSYSTEM AND DRIVERS","ST LSM6DSx IMU IIO DRIVER",5714
"IIO SUBSYSTEM AND DRIVERS","ST VL53L0X ToF RANGER(I2C) IIO DRIVER",351
"IIO SUBSYSTEM AND DRIVERS","STAGING - INDUSTRIAL IO",6053
"IIO SUBSYSTEM AND DRIVERS","TEXAS INSTRUMENTS' DAC7612 DAC DRIVER",247
"IIO SUBSYSTEM AND DRIVERS","TEXAS INSTRUMENTS' TMP117 TEMPERATURE SENSOR DRIVER",264
"IIO SUBSYSTEM AND DRIVERS","TI ADS7924 ADC DRIVER",584
"IIO SUBSYSTEM AND DRIVERS","TI LMP92064 ADC DRIVER",455
"IIO SUBSYSTEM AND DRIVERS","TI TMAG5273 MAGNETOMETER DRIVER",819
"IIO SUBSYSTEM AND DRIVERS","TI TSC2046 ADC DRIVER",1031
"IIO SUBSYSTEM AND DRIVERS","XILINX AMS DRIVER",1670
"INDUSTRY PACK SUBSYSTEM (IPACK)","INDUSTRY PACK SUBSYSTEM (IPACK)",2401
"INFINIBAND SUBSYSTEM","ALIBABA ELASTIC RDMA DRIVER",6805
"INFINIBAND SUBSYSTEM","AMAZON RDMA EFA DRIVER",7388
"INFINIBAND SUBSYSTEM","BROADCOM NETXTREME-E ROCE DRIVER",20280
"INFINIBAND SUBSYSTEM","CISCO VIC LOW LATENCY NIC DRIVER",5700
"INFINIBAND SUBSYSTEM","CXGB4 IWARP RNIC DRIVER (IW_CXGB4)",15545
"INFINIBAND SUBSYSTEM","EMULEX ONECONNECT ROCE DRIVER",11164
"INFINIBAND SUBSYSTEM","HFI1 DRIVER",78557
"INFINIBAND SUBSYSTEM","HISILICON ROCE DRIVER",17747
"INFINIBAND SUBSYSTEM","INFINIBAND SUBSYSTEM",476054
"INFINIBAND SUBSYSTEM","INTEL ETHERNET PROTOCOL DRIVER FOR RDMA",32763
"INFINIBAND SUBSYSTEM","ISCSI EXTENSIONS FOR RDMA (ISER) INITIATOR",3769
"INFINIBAND SUBSYSTEM","ISCSI EXTENSIONS FOR RDMA (ISER) TARGET",2887
"INFINIBAND SUBSYSTEM","MELLANOX MLX4 IB driver",20356
"INFINIBAND SUBSYSTEM","MELLANOX MLX5 IB driver",52875
"INFINIBAND SUBSYSTEM","OPA-VNIC DRIVER",3415
"INFINIBAND SUBSYSTEM","QIB DRIVER",48365
"INFINIBAND SUBSYSTEM","QLOGIC QL4xxx RDMA DRIVER",8880
"INFINIBAND SUBSYSTEM","RDMAVT - RDMA verbs software",7636
"INFINIBAND SUBSYSTEM","RTRS TRANSPORT DRIVERS",8687
"INFINIBAND SUBSYSTEM","SCSI RDMA PROTOCOL (SRP) INITIATOR",4895
"INFINIBAND SUBSYSTEM","SCSI RDMA PROTOCOL (SRP) TARGET",4551
"INFINIBAND SUBSYSTEM","SOFT-IWARP DRIVER (siw)",10763
"INFINIBAND SUBSYSTEM","SOFT-ROCE DRIVER (rxe)",14139
"INFINIBAND SUBSYSTEM","VMWARE PVRDMA DRIVER",6106
"INPUT (KEYBOARD, MOUSE, JOYSTICK, TOUCHSCREEN) DRIVERS","AD714X CAPACITANCE TOUCH SENSOR DRIVER (AD7142/3/7/8/7A)",1209
"INPUT (KEYBOARD, MOUSE, JOYSTICK, TOUCHSCREEN) DRIVERS","AD7877 TOUCHSCREEN DRIVER",822
"INPUT (KEYBOARD, MOUSE, JOYSTICK, TOUCHSCREEN) DRIVERS","AD7879 TOUCHSCREEN DRIVER (AD7879/AD7889)",637
"INPUT (KEYBOARD, MOUSE, JOYSTICK, TOUCHSCREEN) DRIVERS","ADP5588 QWERTY KEYPAD AND IO EXPANDER DRIVER (ADP5588/ADP5587)",974
"INPUT (KEYBOARD, MOUSE, JOYSTICK, TOUCHSCREEN) DRIVERS","ADXL34X THREE-AXIS DIGITAL ACCELEROMETER DRIVER (ADXL345/ADXL346)",999
"INPUT (KEYBOARD, MOUSE, JOYSTICK, TOUCHSCREEN) DRIVERS","ALPS PS/2 TOUCHPAD DRIVER",3561
"INPUT (KEYBOARD, MOUSE, JOYSTICK, TOUCHSCREEN) DRIVERS","APPLE BCM5974 MULTITOUCH DRIVER",1033
"INPUT (KEYBOARD, MOUSE, JOYSTICK, TOUCHSCREEN) DRIVERS","ATI_REMOTE2 DRIVER",1035
"INPUT (KEYBOARD, MOUSE, JOYSTICK, TOUCHSCREEN) DRIVERS","ATMEL MAXTOUCH DRIVER",3595
"INPUT (KEYBOARD, MOUSE, JOYSTICK, TOUCHSCREEN) DRIVERS","CHIPONE ICN8318 I2C TOUCHSCREEN DRIVER",333
"INPUT (KEYBOARD, MOUSE, JOYSTICK, TOUCHSCREEN) DRIVERS","CHIPONE ICN8505 I2C TOUCHSCREEN DRIVER",508
"INPUT (KEYBOARD, MOUSE, JOYSTICK, TOUCHSCREEN) DRIVERS","CYPRESS STREETFIGHTER TOUCHKEYS DRIVER",299
"INPUT (KEYBOARD, MOUSE, JOYSTICK, TOUCHSCREEN) DRIVERS","CYTTSP TOUCHSCREEN DRIVER",5088
"INPUT (KEYBOARD, MOUSE, JOYSTICK, TOUCHSCREEN) DRIVERS","E3X0 POWER BUTTON DRIVER",158
"INPUT (KEYBOARD, MOUSE, JOYSTICK, TOUCHSCREEN) DRIVERS","GOODIX TOUCHSCREEN",2111
"INPUT (KEYBOARD, MOUSE, JOYSTICK, TOUCHSCREEN) DRIVERS","HIMAX HX83112B TOUCHSCREEN SUPPORT",427
"INPUT (KEYBOARD, MOUSE, JOYSTICK, TOUCHSCREEN) DRIVERS","HYCON HY46XX TOUCHSCREEN SUPPORT",703
"INPUT (KEYBOARD, MOUSE, JOYSTICK, TOUCHSCREEN) DRIVERS","IBM Operation Panel Input Driver",249
"INPUT (KEYBOARD, MOUSE, JOYSTICK, TOUCHSCREEN) DRIVERS","IMAGIS TOUCHSCREEN DRIVER",441
"INPUT (KEYBOARD, MOUSE, JOYSTICK, TOUCHSCREEN) DRIVERS","INPUT (KEYBOARD, MOUSE, JOYSTICK, TOUCHSCREEN) DRIVERS",247271
"INPUT (KEYBOARD, MOUSE, JOYSTICK, TOUCHSCREEN) DRIVERS","INPUT MULTITOUCH (MT) PROTOCOL",950
"INPUT (KEYBOARD, MOUSE, JOYSTICK, TOUCHSCREEN) DRIVERS","MEDIATEK KEYPAD DRIVER",358
"INPUT (KEYBOARD, MOUSE, JOYSTICK, TOUCHSCREEN) DRIVERS","MELFAS MIP4 TOUCHSCREEN DRIVER",1612
"INPUT (KEYBOARD, MOUSE, JOYSTICK, TOUCHSCREEN) DRIVERS","PHOENIX RC FLIGHT CONTROLLER ADAPTER",337
"INPUT (KEYBOARD, MOUSE, JOYSTICK, TOUCHSCREEN) DRIVERS","PINE64 PINEPHONE KEYBOARD DRIVER",516
"INPUT (KEYBOARD, MOUSE, JOYSTICK, TOUCHSCREEN) DRIVERS","SIS I2C TOUCHSCREEN DRIVER",426
"INPUT (KEYBOARD, MOUSE, JOYSTICK, TOUCHSCREEN) DRIVERS","SUN4I LOW RES ADC ATTACHED TABLET KEYS DRIVER",483
"INPUT (KEYBOARD, MOUSE, JOYSTICK, TOUCHSCREEN) DRIVERS","TEGRA KBC DRIVER",815
"INPUT (KEYBOARD, MOUSE, JOYSTICK, TOUCHSCREEN) DRIVERS","VMWARE VMMOUSE SUBDRIVER",516
"INPUT (KEYBOARD, MOUSE, JOYSTICK, TOUCHSCREEN) DRIVERS","WACOM PROTOCOL 4 SERIAL TABLETS",617
"INPUT (KEYBOARD, MOUSE, JOYSTICK, TOUCHSCREEN) DRIVERS","WISTRON LAPTOP BUTTON DRIVER",1389
"INPUT (KEYBOARD, MOUSE, JOYSTICK, TOUCHSCREEN) DRIVERS","YEALINK PHONE DRIVER",1427
"INTEL 8254 COUNTER DRIVER","INTEL 8254 COUNTER DRIVER",468
"INTEL 8255 GPIO DRIVER","INTEL 8255 GPIO DRIVER",175
"INTEL ATOMISP2 DUMMY / POWER-MANAGEMENT DRIVER","INTEL ATOMISP2 DUMMY / POWER-MANAGEMENT DRIVER",143
"INTEL ATOMISP2 LED DRIVER","INTEL ATOMISP2 LED DRIVER",117
"INTEL BIOS SAR INT1092 DRIVER","INTEL BIOS SAR INT1092 DRIVER",422
"INTEL BROXTON PMC DRIVER","INTEL BROXTON PMC DRIVER",521
"INTEL CPU family model numbers","INTEL CPU family model numbers",173
"INTEL I/OAT DMA DRIVER","INTEL I/OAT DMA DRIVER",0
"INTEL IDLE DRIVER","INTEL IDLE DRIVER",2186
"INTEL PMIC GPIO DRIVERS","INTEL PMIC GPIO DRIVERS",911
"INTEL PMIC GPIO DRIVERS","WHISKEYCOVE PMIC GPIO DRIVER",514
"INTEL PTP DFL ToD DRIVER","INTEL PTP DFL ToD DRIVER",332
"INTEL QUADRATURE ENCODER PERIPHERAL DRIVER","INTEL QUADRATURE ENCODER PERIPHERAL DRIVER",526
"INTEL STRATIX10 FIRMWARE DRIVERS","INTEL STRATIX10 FIRMWARE DRIVERS",3275
"INTEL VIRTUAL BUTTON DRIVER","INTEL VIRTUAL BUTTON DRIVER",405
"INTEL WMI SLIM BOOTLOADER (SBL) FIRMWARE UPDATE DRIVER","INTEL WMI SLIM BOOTLOADER (SBL) FIRMWARE UPDATE DRIVER",144
"INTEL WMI THUNDERBOLT FORCE POWER DRIVER","INTEL WMI THUNDERBOLT FORCE POWER DRIVER",74
"IOMMU SUBSYSTEM","AMD IOMMU (AMD-VI)",10144
"IOMMU SUBSYSTEM","ARM SMMU DRIVERS",13475
"IOMMU SUBSYSTEM","EXYNOS SYSMMU (IOMMU) driver",1528
"IOMMU SUBSYSTEM","INTEL IOMMU (VT-d)",14826
"IOMMU SUBSYSTEM","IOMMU DMA-API LAYER",3068
"IOMMU SUBSYSTEM","IOMMU SUBSYSTEM",80127
"IOMMU SUBSYSTEM","IOMMUFD",13615
"IOMMU SUBSYSTEM","QUALCOMM IOMMU",952
"IOMMU SUBSYSTEM","S390 IOMMU (PCI)",803
"IOMMU SUBSYSTEM","TEGRA IOMMU DRIVERS",1531
"IOMMU SUBSYSTEM","VIRTIO IOMMU DRIVER",1419
"IOSYS-MAP HELPERS","IOSYS-MAP HELPERS",516
"IRQ SUBSYSTEM","IRQ DOMAINS (IRQ NUMBER MAPPING LIBRARY)",4573
"IRQ SUBSYSTEM","IRQ SUBSYSTEM",16528
"IRQCHIP DRIVERS","AMAZON ANNAPURNA LABS FIC DRIVER",313
"IRQCHIP DRIVERS","ANDROID GOLDFISH PIC DRIVER",164
"IRQCHIP DRIVERS","ARM GENERIC INTERRUPT CONTROLLER DRIVERS",14382
"IRQCHIP DRIVERS","ARM PRIMECELL VIC PL190/PL192 DRIVER",597
"IRQCHIP DRIVERS","ASPEED SCU INTERRUPT CONTROLLER DRIVER",286
"IRQCHIP DRIVERS","IRQCHIP DRIVERS",57081
"IRQCHIP DRIVERS","MICROCHIP EIC DRIVER",352
"IRQCHIP DRIVERS","MIPS CORE DRIVERS",2262
"IRQCHIP DRIVERS","MSTAR INTERRUPT CONTROLLER DRIVER",355
"ISA RADIO MODULE","ISA RADIO MODULE",478
"iSCSI BOOT FIRMWARE TABLE (iBFT) DRIVER","iSCSI BOOT FIRMWARE TABLE (iBFT) DRIVER",1006
"ISDN/mISDN SUBSYSTEM","ISDN/mISDN SUBSYSTEM",38090
"ISOFS FILESYSTEM","ISOFS FILESYSTEM",4046
"IT913X MEDIA DRIVER","IT913X MEDIA DRIVER",485
"IX2505V MEDIA DRIVER","IX2505V MEDIA DRIVER",364
"JAILHOUSE HYPERVISOR INTERFACE","JAILHOUSE HYPERVISOR INTERFACE",319
"JFS FILESYSTEM","JFS FILESYSTEM",30802
"JOURNALLING FLASH FILE SYSTEM V2 (JFFS2)","JOURNALLING FLASH FILE SYSTEM V2 (JFFS2)",19093
"JOURNALLING LAYER FOR BLOCK DEVICES (JBD2)","JOURNALLING LAYER FOR BLOCK DEVICES (JBD2)",11397
"KEENE FM RADIO TRANSMITTER DRIVER","KEENE FM RADIO TRANSMITTER DRIVER",405
"KERNEL AUTOMOUNTER","KERNEL AUTOMOUNTER",3667
"KERNEL JANITORS","KERNEL JANITORS",0
"KERNEL SELFTEST FRAMEWORK","ACPI FOR RISC-V (ACPI/riscv)",172
"KERNEL SELFTEST FRAMEWORK","ALLWINNER HARDWARE SPINLOCK SUPPORT",263
"KERNEL SELFTEST FRAMEWORK","ALPHA PORT",59454
"KERNEL SELFTEST FRAMEWORK","ARM64 PORT (AARCH64 ARCHITECTURE)",171404
"KERNEL SELFTEST FRAMEWORK","ATOMIC INFRASTRUCTURE",8631
"KERNEL SELFTEST FRAMEWORK","BPF [BTF]",9462
"KERNEL SELFTEST FRAMEWORK","BPF [CORE]",38827
"KERNEL SELFTEST FRAMEWORK","BPF [DOCUMENTATION] (Related to Standardization)",656
"KERNEL SELFTEST FRAMEWORK","BPF [GENERAL] (Safe Dynamic Programs and Tools)",470731
"KERNEL SELFTEST FRAMEWORK","BPF [ITERATOR]",2728
"KERNEL SELFTEST FRAMEWORK","BPF [LIBRARY] (libbpf)",41398
"KERNEL SELFTEST FRAMEWORK","BPF [NETWORKING] (struct_ops, reuseport)",940
"KERNEL SELFTEST FRAMEWORK","BPF [RINGBUF]",789
"KERNEL SELFTEST FRAMEWORK","BPF [SECURITY & LSM] (Security Audit and Enforcement using BPF)",641
"KERNEL SELFTEST FRAMEWORK","BPF [SELFTESTS] (Test Runners & Infrastructure)",218554
"KERNEL SELFTEST FRAMEWORK","BPF [STORAGE & CGROUPS]",5753
"KERNEL SELFTEST FRAMEWORK","BPF [TOOLING] (bpftool)",22555
"KERNEL SELFTEST FRAMEWORK","BPF JIT for ARM",2548
"KERNEL SELFTEST FRAMEWORK","BPF JIT for ARM64",2593
"KERNEL SELFTEST FRAMEWORK","BPF JIT for POWERPC (32-BIT AND 64-BIT)",3073
"KERNEL SELFTEST FRAMEWORK","BPF JIT for RISC-V (32-bit)",2744
"KERNEL SELFTEST FRAMEWORK","BPF JIT for RISC-V (64-bit)",3257
"KERNEL SELFTEST FRAMEWORK","BPF JIT for SPARC (32-BIT AND 64-BIT)",2709
"KERNEL SELFTEST FRAMEWORK","BPF JIT for X86 32-BIT",2624
"KERNEL SELFTEST FRAMEWORK","BPF JIT for X86 64-BIT",3037
"KERNEL SELFTEST FRAMEWORK","C-SKY ARCHITECTURE",16505
"KERNEL SELFTEST FRAMEWORK","CELL BROADBAND ENGINE ARCHITECTURE",20069
"KERNEL SELFTEST FRAMEWORK","CONTROL GROUP - CPUSET",7291
"KERNEL SELFTEST FRAMEWORK","CONTROL GROUP (CGROUP)",33370
"KERNEL SELFTEST FRAMEWORK","FUTEX SUBSYSTEM",10228
"KERNEL SELFTEST FRAMEWORK","GENERIC INCLUDE/ASM HEADER FILES",16719
"KERNEL SELFTEST FRAMEWORK","HARDWARE SPINLOCK CORE",3462
"KERNEL SELFTEST FRAMEWORK","IBM Power 842 compression accelerator",2173
"KERNEL SELFTEST FRAMEWORK","IBM Power in-Nest Crypto Acceleration",6931
"KERNEL SELFTEST FRAMEWORK","IBM Power SRIOV Virtual NIC Device Driver",7751
"KERNEL SELFTEST FRAMEWORK","IBM Power Virtual Ethernet Device Driver",2187
"KERNEL SELFTEST FRAMEWORK","IBM Power Virtual FC Device Drivers",7549
"KERNEL SELFTEST FRAMEWORK","IBM Power Virtual SCSI Device Drivers",2755
"KERNEL SELFTEST FRAMEWORK","IBM Power VMX Cryptographic instructions",5270
"KERNEL SELFTEST FRAMEWORK","IDMAPPED MOUNTS",2798
"KERNEL SELFTEST FRAMEWORK","KERNEL SELFTEST FRAMEWORK",668640
"KERNEL SELFTEST FRAMEWORK","KERNEL VIRTUAL MACHINE (KVM)",81303
"KERNEL SELFTEST FRAMEWORK","KERNEL VIRTUAL MACHINE FOR ARM64 (KVM/arm64)",60037
"KERNEL SELFTEST FRAMEWORK","KERNEL VIRTUAL MACHINE FOR POWERPC (KVM/powerpc)",61735
"KERNEL SELFTEST FRAMEWORK","KERNEL VIRTUAL MACHINE FOR RISC-V (KVM/riscv)",13432
"KERNEL SELFTEST FRAMEWORK","LANDLOCK SECURITY MODULE",12636
"KERNEL SELFTEST FRAMEWORK","LINUX FOR POWER MACINTOSH",34131
"KERNEL SELFTEST FRAMEWORK","LINUX FOR POWERPC (32-BIT AND 64-BIT)",653722
"KERNEL SELFTEST FRAMEWORK","LINUX FOR POWERPC EMBEDDED MPC5XXX",6647
"KERNEL SELFTEST FRAMEWORK","LINUX FOR POWERPC EMBEDDED PPC4XX",2387
"KERNEL SELFTEST FRAMEWORK","LINUX FOR POWERPC EMBEDDED PPC83XX AND PPC85XX",10225
"KERNEL SELFTEST FRAMEWORK","LINUX FOR POWERPC EMBEDDED PPC8XX",2706
"KERNEL SELFTEST FRAMEWORK","LIVE PATCHING",8612
"KERNEL SELFTEST FRAMEWORK","LOCKING PRIMITIVES",32882
"KERNEL SELFTEST FRAMEWORK","MICROBLAZE ARCHITECTURE",15050
"KERNEL SELFTEST FRAMEWORK","MMU GATHER AND TLB INVALIDATION",1966
"KERNEL SELFTEST FRAMEWORK","MODULE SUPPORT",11088
"KERNEL SELFTEST FRAMEWORK","NFC VIRTUAL NCI DEVICE DRIVER",1121
"KERNEL SELFTEST FRAMEWORK","NIOS2 ARCHITECTURE",10101
"KERNEL SELFTEST FRAMEWORK","NOLIBC HEADER FILE",6732
"KERNEL SELFTEST FRAMEWORK","OPENRISC ARCHITECTURE",12036
"KERNEL SELFTEST FRAMEWORK","PARISC ARCHITECTURE",85414
"KERNEL SELFTEST FRAMEWORK","PCI ENHANCED ERROR HANDLING (EEH) FOR POWERPC",10807
"KERNEL SELFTEST FRAMEWORK","PIDFD API",3643
"KERNEL SELFTEST FRAMEWORK","PS3 NETWORK SUPPORT",2246
"KERNEL SELFTEST FRAMEWORK","PS3 PLATFORM SUPPORT",21630
"KERNEL SELFTEST FRAMEWORK","PS3VRAM DRIVER",853
"KERNEL SELFTEST FRAMEWORK","PTRACE SUPPORT",21922
"KERNEL SELFTEST FRAMEWORK","QUALCOMM HEXAGON ARCHITECTURE",10641
"KERNEL SELFTEST FRAMEWORK","RCUTORTURE TEST FRAMEWORK",5835
"KERNEL SELFTEST FRAMEWORK","RESTARTABLE SEQUENCES SUPPORT",9020
"KERNEL SELFTEST FRAMEWORK","RISC-V ARCHITECTURE",75317
"KERNEL SELFTEST FRAMEWORK","RISC-V MISC SOC SUPPORT",10705
"KERNEL SELFTEST FRAMEWORK","RISC-V THEAD SoC SUPPORT",568
"KERNEL SELFTEST FRAMEWORK","SECURE COMPUTING",9417
"KERNEL SELFTEST FRAMEWORK","SIFIVE DRIVERS",7102
"KERNEL SELFTEST FRAMEWORK","SIFIVE FU540 SYSTEM-ON-CHIP",578
"KERNEL SELFTEST FRAMEWORK","SIFIVE SOC DRIVERS",455
"KERNEL SELFTEST FRAMEWORK","SOPHGO DEVICETREES",2540
"KERNEL SELFTEST FRAMEWORK","SPARC + UltraSPARC (sparc/sparc64)",136585
"KERNEL SELFTEST FRAMEWORK","SPU FILE SYSTEM",11986
"KERNEL SELFTEST FRAMEWORK","STARFIVE DEVICETREES",2665
"KERNEL SELFTEST FRAMEWORK","STATIC BRANCH/CALL",3936
"KERNEL SELFTEST FRAMEWORK","SUPERH",96992
"KERNEL SELFTEST FRAMEWORK","SYNOPSYS ARC ARCHITECTURE",28983
"KERNEL SELFTEST FRAMEWORK","SYNOPSYS ARC SDP platform support",1298
"KERNEL SELFTEST FRAMEWORK","TENSILICA XTENSA PORT (xtensa)",36013
"KERNEL SELFTEST FRAMEWORK","TPM DEVICE DRIVER",18089
"KERNEL SELFTEST FRAMEWORK","UDRAW TABLET",466
"KERNEL SELFTEST FRAMEWORK","XDP (eXpress Data Path)",23136
"KERNEL SELFTEST FRAMEWORK","XDP SOCKETS (AF_XDP)",9718
"KERNEL SELFTEST FRAMEWORK","XEN HYPERVISOR ARM64",155
"KERNEL USERMODE HELPER","KERNEL USERMODE HELPER",640
"KERNFS","KERNFS",4788
"KEXEC","KEXEC",3810
"KFIFO","KFIFO",2211
"KTEST","KTEST",8250
"LEAKING_ADDRESSES","LEAKING_ADDRESSES",648
"LETSKETCH HID TABLET DRIVER","LETSKETCH HID TABLET DRIVER",322
"LIBATA SUBSYSTEM (Serial and Parallel ATA drivers)","LIBATA PATA ARASAN COMPACT FLASH CONTROLLER",1027
"LIBATA SUBSYSTEM (Serial and Parallel ATA drivers)","LIBATA PATA DRIVERS",29689
"LIBATA SUBSYSTEM (Serial and Parallel ATA drivers)","LIBATA PATA FARADAY FTIDE010 AND GEMINI SATA BRIDGE DRIVERS",1019
"LIBATA SUBSYSTEM (Serial and Parallel ATA drivers)","LIBATA SATA AHCI PLATFORM devices support",1118
"LIBATA SUBSYSTEM (Serial and Parallel ATA drivers)","LIBATA SATA AHCI SYNOPSYS DWC CONTROLLER DRIVER",688
"LIBATA SUBSYSTEM (Serial and Parallel ATA drivers)","LIBATA SATA PROMISE TX2/TX4 CONTROLLER DRIVER",1371
"LIBATA SUBSYSTEM (Serial and Parallel ATA drivers)","LIBATA SUBSYSTEM (Serial and Parallel ATA drivers)",100473
"LIBATA SUBSYSTEM (Serial and Parallel ATA drivers)","RENESAS R-CAR SATA DRIVER",1110
"LIBNVDIMM: NON-VOLATILE MEMORY DEVICE SUBSYSTEM","LIBNVDIMM BTT: BLOCK TRANSLATION TABLE",2335
"LIBNVDIMM: NON-VOLATILE MEMORY DEVICE SUBSYSTEM","LIBNVDIMM PMEM: PERSISTENT MEMORY DRIVER",815
"LIBNVDIMM: NON-VOLATILE MEMORY DEVICE SUBSYSTEM","LIBNVDIMM: DEVICETREE BINDINGS",180
"LIBNVDIMM: NON-VOLATILE MEMORY DEVICE SUBSYSTEM","LIBNVDIMM: NON-VOLATILE MEMORY DEVICE SUBSYSTEM",26395
"LINEAR RANGES HELPERS","LINEAR RANGES HELPERS",556
"LINUX-NEXT TREE","LINUX-NEXT TREE",0
"LIST KUNIT TEST","LIST KUNIT TEST",1502
"LM73 HARDWARE MONITOR DRIVER","LM73 HARDWARE MONITOR DRIVER",290
"LOONGARCH","KERNEL VIRTUAL MACHINE FOR LOONGARCH (KVM/LoongArch)",4748
"LOONGARCH","LOONGARCH",43271
"LOONGSON-2 SOC SERIES GUTS DRIVER","LOONGSON-2 SOC SERIES GUTS DRIVER",226
"LOONGSON-2 SOC SERIES PM DRIVER","LOONGSON-2 SOC SERIES PM DRIVER",303
"LTP (Linux Test Project)","LTP (Linux Test Project)",0
"M68K ARCHITECTURE","M68K ARCHITECTURE",175713
"M68K ARCHITECTURE","M68K ON APPLE MACINTOSH",4981
"M68K ARCHITECTURE","M68K ON HP9000/300",675
"M68K ARCHITECTURE","SUN3/3X",4815
"M68K ARCHITECTURE","UCLINUX (M68KNOMMU AND COLDFIRE)",12041
"MA901 MASTERKIT USB FM RADIO DRIVER","MA901 MASTERKIT USB FM RADIO DRIVER",456
"MAN-PAGES: MANUAL PAGES FOR LINUX -- Sections 2, 3, 4, 5, and 7","MAN-PAGES: MANUAL PAGES FOR LINUX -- Sections 2, 3, 4, 5, and 7",0
"MAPLE TREE","MAPLE TREE",48270
"MAPLE TREE","XARRAY",44992
"MAXIM MAX30208 TEMPERATURE SENSOR DRIVER","MAXIM MAX30208 TEMPERATURE SENSOR DRIVER",252
"MAXIRADIO FM RADIO RECEIVER DRIVER","MAXIRADIO FM RADIO RECEIVER DRIVER",203
"MEASUREMENT COMPUTING CIO-DAC IIO DRIVER","MEASUREMENT COMPUTING CIO-DAC IIO DRIVER",161
"MEDIA DRIVERS FOR HORUS3A","MEDIA DRIVERS FOR HORUS3A",459
"MEDIA DRIVERS FOR LNBH25","MEDIA DRIVERS FOR LNBH25",226
"MEDIA INPUT INFRASTRUCTURE (V4L/DVB)","ADP1653 FLASH CONTROLLER DRIVER",663
"MEDIA INPUT INFRASTRUCTURE (V4L/DVB)","AF9013 MEDIA DRIVER",2514
"MEDIA INPUT INFRASTRUCTURE (V4L/DVB)","AF9033 MEDIA DRIVER",3277
"MEDIA INPUT INFRASTRUCTURE (V4L/DVB)","AIRSPY MEDIA DRIVER",1124
"MEDIA INPUT INFRASTRUCTURE (V4L/DVB)","ALLEGRO DVT VIDEO IP CORE DRIVER",7777
"MEDIA INPUT INFRASTRUCTURE (V4L/DVB)","ALLWINNER A10 CSI DRIVER",1492
"MEDIA INPUT INFRASTRUCTURE (V4L/DVB)","ALLWINNER A31 CSI DRIVER",2976
"MEDIA INPUT INFRASTRUCTURE (V4L/DVB)","ALLWINNER A31 ISP DRIVER",3169
"MEDIA INPUT INFRASTRUCTURE (V4L/DVB)","ALLWINNER A31 MIPI CSI-2 BRIDGE DRIVER",1051
"MEDIA INPUT INFRASTRUCTURE (V4L/DVB)","ALLWINNER VPU DRIVER",5606
"MEDIA INPUT INFRASTRUCTURE (V4L/DVB)","AMPHION VPU CODEC V4L2 DRIVER",12448
"MEDIA INPUT INFRASTRUCTURE (V4L/DVB)","ANALOG DEVICES INC ADV7180 DRIVER",1798
"MEDIA INPUT INFRASTRUCTURE (V4L/DVB)","ANALOG DEVICES INC ADV748X DRIVER",3198
"MEDIA INPUT INFRASTRUCTURE (V4L/DVB)","ANALOG DEVICES INC ADV7511 DRIVER",1965
"MEDIA INPUT INFRASTRUCTURE (V4L/DVB)","ANALOG DEVICES INC ADV7604 DRIVER",3857
"MEDIA INPUT INFRASTRUCTURE (V4L/DVB)","ANALOG DEVICES INC ADV7842 DRIVER",3627
"MEDIA INPUT INFRASTRUCTURE (V4L/DVB)","AR0521 ON SEMICONDUCTOR CAMERA SENSOR DRIVER",1293
"MEDIA INPUT INFRASTRUCTURE (V4L/DVB)","ARM/NUVOTON NPCM VIDEO ENGINE DRIVER",2222
"MEDIA INPUT INFRASTRUCTURE (V4L/DVB)","ARM/SAMSUNG S5P SERIES 2D GRAPHICS ACCELERATION (G2D) SUPPORT",1121
"MEDIA INPUT INFRASTRUCTURE (V4L/DVB)","ARM/SAMSUNG S5P SERIES HDMI CEC SUBSYSTEM SUPPORT",787
"MEDIA INPUT INFRASTRUCTURE (V4L/DVB)","ARM/SAMSUNG S5P SERIES JPEG CODEC SUPPORT",5487
"MEDIA INPUT INFRASTRUCTURE (V4L/DVB)","ARM/SAMSUNG S5P SERIES Multi Format Codec (MFC) SUPPORT",13640
"MEDIA INPUT INFRASTRUCTURE (V4L/DVB)","ARM/TEGRA HDMI CEC SUBSYSTEM SUPPORT",656
"MEDIA INPUT INFRASTRUCTURE (V4L/DVB)","ASPEED VIDEO ENGINE DRIVER",2288
"MEDIA INPUT INFRASTRUCTURE (V4L/DVB)","AZ6007 DVB DRIVER",992
"MEDIA INPUT INFRASTRUCTURE (V4L/DVB)","BDISP ST MEDIA DRIVER",3707
"MEDIA INPUT INFRASTRUCTURE (V4L/DVB)","BTTV VIDEO4LINUX DRIVER",12467
"MEDIA INPUT INFRASTRUCTURE (V4L/DVB)","CADENCE MIPI-CSI2 BRIDGES",1700
"MEDIA INPUT INFRASTRUCTURE (V4L/DVB)","CADET FM/AM RADIO RECEIVER DRIVER",679
"MEDIA INPUT INFRASTRUCTURE (V4L/DVB)","CAFE CMOS INTEGRATED CAMERA CONTROLLER DRIVER",3516
"MEDIA INPUT INFRASTRUCTURE (V4L/DVB)","CEC FRAMEWORK",20308
"MEDIA INPUT INFRASTRUCTURE (V4L/DVB)","CEC GPIO DRIVER",369
"MEDIA INPUT INFRASTRUCTURE (V4L/DVB)","CHRONTEL CH7322 CEC DRIVER",670
"MEDIA INPUT INFRASTRUCTURE (V4L/DVB)","COBALT MEDIA DRIVER",5136
"MEDIA INPUT INFRASTRUCTURE (V4L/DVB)","CODA V4L2 MEM2MEM DRIVER",9993
"MEDIA INPUT INFRASTRUCTURE (V4L/DVB)","CX18 VIDEO4LINUX DRIVER",14222
"MEDIA INPUT INFRASTRUCTURE (V4L/DVB)","CX2341X MPEG ENCODER HELPER MODULE",2061
"MEDIA INPUT INFRASTRUCTURE (V4L/DVB)","CX24120 MEDIA DRIVER",1639
"MEDIA INPUT INFRASTRUCTURE (V4L/DVB)","CX88 VIDEO4LINUX DRIVER",15863
"MEDIA INPUT INFRASTRUCTURE (V4L/DVB)","CXD2820R MEDIA DRIVER",2173
"MEDIA INPUT INFRASTRUCTURE (V4L/DVB)","DEINTERLACE DRIVERS FOR ALLWINNER H3",1350
"MEDIA INPUT INFRASTRUCTURE (V4L/DVB)","DELTA ST MEDIA DRIVER",4327
"MEDIA INPUT INFRASTRUCTURE (V4L/DVB)","DIGITEQ AUTOMOTIVE MGB4 V4L2 DRIVER",5324
"MEDIA INPUT INFRASTRUCTURE (V4L/DVB)","DT3155 MEDIA DRIVER",802
"MEDIA INPUT INFRASTRUCTURE (V4L/DVB)","DVB_USB_AF9015 MEDIA DRIVER",1687
"MEDIA INPUT INFRASTRUCTURE (V4L/DVB)","DVB_USB_AF9035 MEDIA DRIVER",2345
"MEDIA INPUT INFRASTRUCTURE (V4L/DVB)","DVB_USB_ANYSEE MEDIA DRIVER",1731
"MEDIA INPUT INFRASTRUCTURE (V4L/DVB)","DVB_USB_CXUSB MEDIA DRIVER",4443
"MEDIA INPUT INFRASTRUCTURE (V4L/DVB)","DVB_USB_GL861 MEDIA DRIVER",578
"MEDIA INPUT INFRASTRUCTURE (V4L/DVB)","DVB_USB_MXL111SF MEDIA DRIVER",4978
"MEDIA INPUT INFRASTRUCTURE (V4L/DVB)","DVB_USB_RTL28XXU MEDIA DRIVER",2292
"MEDIA INPUT INFRASTRUCTURE (V4L/DVB)","DVB_USB_V2 MEDIA DRIVER",2014
"MEDIA INPUT INFRASTRUCTURE (V4L/DVB)","E4000 MEDIA DRIVER",989
"MEDIA INPUT INFRASTRUCTURE (V4L/DVB)","EARTH_PT1 MEDIA DRIVER",1505
"MEDIA INPUT INFRASTRUCTURE (V4L/DVB)","EARTH_PT3 MEDIA DRIVER",1444
"MEDIA INPUT INFRASTRUCTURE (V4L/DVB)","EM28XX VIDEO4LINUX DRIVER",15573
"MEDIA INPUT INFRASTRUCTURE (V4L/DVB)","ENE KB2426 (ENE0100/ENE020XX) INFRARED RECEIVER",1438
"MEDIA INPUT INFRASTRUCTURE (V4L/DVB)","FBTFT Framebuffer drivers",9440
"MEDIA INPUT INFRASTRUCTURE (V4L/DVB)","FC0011 TUNER DRIVER",547
"MEDIA INPUT INFRASTRUCTURE (V4L/DVB)","FC2580 MEDIA DRIVER",789
"MEDIA INPUT INFRASTRUCTURE (V4L/DVB)","FIREWIRE MEDIA DRIVERS (firedtv)",3044
"MEDIA INPUT INFRASTRUCTURE (V4L/DVB)","GO7007 MPEG CODEC",6464
"MEDIA INPUT INFRASTRUCTURE (V4L/DVB)","GPIO IR Transmitter",245
"MEDIA INPUT INFRASTRUCTURE (V4L/DVB)","GREYBUS AUDIO PROTOCOLS DRIVERS",4466
"MEDIA INPUT INFRASTRUCTURE (V4L/DVB)","GREYBUS BEAGLEPLAY DRIVERS",552
"MEDIA INPUT INFRASTRUCTURE (V4L/DVB)","GREYBUS FW/HID/SPI PROTOCOLS DRIVERS",4158
"MEDIA INPUT INFRASTRUCTURE (V4L/DVB)","GREYBUS LOOPBACK DRIVER",1177
"MEDIA INPUT INFRASTRUCTURE (V4L/DVB)","GREYBUS PLATFORM DRIVERS",1184
"MEDIA INPUT INFRASTRUCTURE (V4L/DVB)","GREYBUS SDIO/GPIO/SPI PROTOCOLS DRIVERS",4661
"MEDIA INPUT INFRASTRUCTURE (V4L/DVB)","GREYBUS SUBSYSTEM",34046
"MEDIA INPUT INFRASTRUCTURE (V4L/DVB)","GREYBUS UART PROTOCOLS DRIVERS",1159
"MEDIA INPUT INFRASTRUCTURE (V4L/DVB)","GSPCA FINEPIX SUBDRIVER",293
"MEDIA INPUT INFRASTRUCTURE (V4L/DVB)","GSPCA GL860 SUBDRIVER",3037
"MEDIA INPUT INFRASTRUCTURE (V4L/DVB)","GSPCA M5602 SUBDRIVER",5203
"MEDIA INPUT INFRASTRUCTURE (V4L/DVB)","GSPCA PAC207 SONIXB SUBDRIVER",475
"MEDIA INPUT INFRASTRUCTURE (V4L/DVB)","GSPCA SN9C20X SUBDRIVER",2409
"MEDIA INPUT INFRASTRUCTURE (V4L/DVB)","GSPCA T613 SUBDRIVER",1041
"MEDIA INPUT INFRASTRUCTURE (V4L/DVB)","GSPCA USB WEBCAM DRIVER",77698
"MEDIA INPUT INFRASTRUCTURE (V4L/DVB)","HACKRF MEDIA DRIVER",1562
"MEDIA INPUT INFRASTRUCTURE (V4L/DVB)","HANTRO VPU CODEC DRIVER",20932
"MEDIA INPUT INFRASTRUCTURE (V4L/DVB)","HDPVR USB VIDEO ENCODER DRIVER",2424
"MEDIA INPUT INFRASTRUCTURE (V4L/DVB)","HVA ST MEDIA DRIVER",4098
"MEDIA INPUT INFRASTRUCTURE (V4L/DVB)","HYNIX HI556 SENSOR DRIVER",1374
"MEDIA INPUT INFRASTRUCTURE (V4L/DVB)","HYNIX HI846 SENSOR DRIVER",2174
"MEDIA INPUT INFRASTRUCTURE (V4L/DVB)","HYNIX HI847 SENSOR DRIVER",2957
"MEDIA INPUT INFRASTRUCTURE (V4L/DVB)","IGORPLUG-USB IR RECEIVER",269
"MEDIA INPUT INFRASTRUCTURE (V4L/DVB)","IGUANAWORKS USB IR TRANSCEIVER",565
"MEDIA INPUT INFRASTRUCTURE (V4L/DVB)","IMGTEC IR DECODER DRIVER",2951
"MEDIA INPUT INFRASTRUCTURE (V4L/DVB)","IMON SOUNDGRAPH USB IR RECEIVER",2813
"MEDIA INPUT INFRASTRUCTURE (V4L/DVB)","INTEL IPU3 CSI-2 CIO2 DRIVER",2896
"MEDIA INPUT INFRASTRUCTURE (V4L/DVB)","INTEL IPU3 CSI-2 IMGU DRIVER",25010
"MEDIA INPUT INFRASTRUCTURE (V4L/DVB)","INTERSIL ISL7998X VIDEO DECODER DRIVER",1739
"MEDIA INPUT INFRASTRUCTURE (V4L/DVB)","IVTV VIDEO4LINUX DRIVER",16296
"MEDIA INPUT INFRASTRUCTURE (V4L/DVB)","JPU V4L2 MEM2MEM DRIVER FOR RENESAS",1752
"MEDIA INPUT INFRASTRUCTURE (V4L/DVB)","LG2160 MEDIA DRIVER",1503
"MEDIA INPUT INFRASTRUCTURE (V4L/DVB)","LGDT3305 MEDIA DRIVER",1284
"MEDIA INPUT INFRASTRUCTURE (V4L/DVB)","LME2510 MEDIA DRIVER",1437
"MEDIA INPUT INFRASTRUCTURE (V4L/DVB)","M88DS3103 MEDIA DRIVER",2515
"MEDIA INPUT INFRASTRUCTURE (V4L/DVB)","M88RS2000 MEDIA DRIVER",866
"MEDIA INPUT INFRASTRUCTURE (V4L/DVB)","MAX2175 SDR TUNER DRIVER",1694
"MEDIA INPUT INFRASTRUCTURE (V4L/DVB)","MAX9286 QUAD GMSL DESERIALIZER DRIVER",2129
"MEDIA INPUT INFRASTRUCTURE (V4L/DVB)","MAX96712 QUAD GMSL2 DESERIALIZER DRIVER",464
"MEDIA INPUT INFRASTRUCTURE (V4L/DVB)","MEDIA CONTROLLER FRAMEWORK",6589
"MEDIA INPUT INFRASTRUCTURE (V4L/DVB)","MEDIA DRIVER FOR FREESCALE IMX PXP",3639
"MEDIA INPUT INFRASTRUCTURE (V4L/DVB)","MEDIA DRIVERS FOR ASCOT2E",597
"MEDIA INPUT INFRASTRUCTURE (V4L/DVB)","MEDIA DRIVERS FOR CXD2099AR CI CONTROLLERS",717
"MEDIA INPUT INFRASTRUCTURE (V4L/DVB)","MEDIA DRIVERS FOR CXD2841ER",4110
"MEDIA INPUT INFRASTRUCTURE (V4L/DVB)","MEDIA DRIVERS FOR CXD2880",12935
"MEDIA INPUT INFRASTRUCTURE (V4L/DVB)","MEDIA DRIVERS FOR DIGITAL DEVICES PCIE DEVICES",7107
"MEDIA INPUT INFRASTRUCTURE (V4L/DVB)","MEDIA DRIVERS FOR FREESCALE IMX",11161
"MEDIA INPUT INFRASTRUCTURE (V4L/DVB)","MEDIA DRIVERS FOR FREESCALE IMX7/8",5488
"MEDIA INPUT INFRASTRUCTURE (V4L/DVB)","MEDIA DRIVERS FOR HELENE",1208
"MEDIA INPUT INFRASTRUCTURE (V4L/DVB)","MEDIA DRIVERS FOR MXL5XX TUNER DEMODULATORS",3025
"MEDIA INPUT INFRASTRUCTURE (V4L/DVB)","MEDIA DRIVERS FOR NETUP PCI UNIVERSAL DVB devices",2031
"MEDIA INPUT INFRASTRUCTURE (V4L/DVB)","MEDIA DRIVERS FOR NVIDIA TEGRA - VDE",3380
"MEDIA INPUT INFRASTRUCTURE (V4L/DVB)","MEDIA DRIVERS FOR RENESAS - CEU",1841
"MEDIA INPUT INFRASTRUCTURE (V4L/DVB)","MEDIA DRIVERS FOR RENESAS - DRIF",1754
"MEDIA INPUT INFRASTRUCTURE (V4L/DVB)","MEDIA DRIVERS FOR RENESAS - FCP",319
"MEDIA INPUT INFRASTRUCTURE (V4L/DVB)","MEDIA DRIVERS FOR RENESAS - FDP1",2529
"MEDIA INPUT INFRASTRUCTURE (V4L/DVB)","MEDIA DRIVERS FOR RENESAS - VIN",7846
"MEDIA INPUT INFRASTRUCTURE (V4L/DVB)","MEDIA DRIVERS FOR RENESAS - VSP1",12769
"MEDIA INPUT INFRASTRUCTURE (V4L/DVB)","MEDIA DRIVERS FOR ST STV0910 DEMODULATOR ICs",6637
"MEDIA INPUT INFRASTRUCTURE (V4L/DVB)","MEDIA DRIVERS FOR ST STV6111 TUNER ICs",709
"MEDIA INPUT INFRASTRUCTURE (V4L/DVB)","MEDIA DRIVERS FOR STM32 - DCMI",2291
"MEDIA INPUT INFRASTRUCTURE (V4L/DVB)","MEDIA INPUT INFRASTRUCTURE (V4L/DVB)",1752754
"MEDIA INPUT INFRASTRUCTURE (V4L/DVB)","MEDIATEK CIR DRIVER",453
"MEDIA INPUT INFRASTRUCTURE (V4L/DVB)","MEDIATEK JPEG DRIVER",3886
"MEDIA INPUT INFRASTRUCTURE (V4L/DVB)","MEDIATEK MDP DRIVER",3778
"MEDIA INPUT INFRASTRUCTURE (V4L/DVB)","MEDIATEK MEDIA DRIVER",23148
"MEDIA INPUT INFRASTRUCTURE (V4L/DVB)","MESON AO CEC DRIVER FOR AMLOGIC SOCS",1612
"MEDIA INPUT INFRASTRUCTURE (V4L/DVB)","MESON GE2D DRIVER FOR AMLOGIC SOCS",1483
"MEDIA INPUT INFRASTRUCTURE (V4L/DVB)","MESON VIDEO DECODER DRIVER FOR AMLOGIC SOCS",7069
"MEDIA INPUT INFRASTRUCTURE (V4L/DVB)","MICROCHIP CSI2DC DRIVER",993
"MEDIA INPUT INFRASTRUCTURE (V4L/DVB)","MICROCHIP ISC DRIVER",9385
"MEDIA INPUT INFRASTRUCTURE (V4L/DVB)","MICROCHIP ISI DRIVER",1509
"MEDIA INPUT INFRASTRUCTURE (V4L/DVB)","MIPI CCS, SMIA AND SMIA++ IMAGE SENSOR DRIVER",11176
"MEDIA INPUT INFRASTRUCTURE (V4L/DVB)","MIROSOUND PCM20 FM RADIO RECEIVER DRIVER",513
"MEDIA INPUT INFRASTRUCTURE (V4L/DVB)","MN88472 MEDIA DRIVER",811
"MEDIA INPUT INFRASTRUCTURE (V4L/DVB)","MN88473 MEDIA DRIVER",830
"MEDIA INPUT INFRASTRUCTURE (V4L/DVB)","MOST(R) TECHNOLOGY DRIVER",10216
"MEDIA INPUT INFRASTRUCTURE (V4L/DVB)","MR800 AVERMEDIA USB FM RADIO DRIVER",599
"MEDIA INPUT INFRASTRUCTURE (V4L/DVB)","MSI001 MEDIA DRIVER",510
"MEDIA INPUT INFRASTRUCTURE (V4L/DVB)","MSI2500 MEDIA DRIVER",1317
"MEDIA INPUT INFRASTRUCTURE (V4L/DVB)","MT9M114 ONSEMI SENSOR DRIVER",2595
"MEDIA INPUT INFRASTRUCTURE (V4L/DVB)","MT9P031 APTINA CAMERA SENSOR",1387
"MEDIA INPUT INFRASTRUCTURE (V4L/DVB)","MT9T112 APTINA CAMERA SENSOR",1158
"MEDIA INPUT INFRASTRUCTURE (V4L/DVB)","MT9V032 APTINA CAMERA SENSOR",1359
"MEDIA INPUT INFRASTRUCTURE (V4L/DVB)","MT9V111 APTINA CAMERA SENSOR",1337
"MEDIA INPUT INFRASTRUCTURE (V4L/DVB)","MXL5007T MEDIA DRIVER",996
"MEDIA INPUT INFRASTRUCTURE (V4L/DVB)","NOKIA N900 CAMERA SUPPORT (ET8EK8 SENSOR, AD5820 FOCUS)",2569
"MEDIA INPUT INFRASTRUCTURE (V4L/DVB)","NXP i.MX 8M ISI DRIVER",6168
"MEDIA INPUT INFRASTRUCTURE (V4L/DVB)","NXP i.MX 8MP DW100 V4L2 DRIVER",2006
"MEDIA INPUT INFRASTRUCTURE (V4L/DVB)","NXP i.MX 8QXP/8QM JPEG V4L2 DRIVER",3587
"MEDIA INPUT INFRASTRUCTURE (V4L/DVB)","OMAP IMAGING SUBSYSTEM (OMAP3 ISP and OMAP4 ISS)",28106
"MEDIA INPUT INFRASTRUCTURE (V4L/DVB)","OMNIVISION OG01A1B SENSOR DRIVER",1075
"MEDIA INPUT INFRASTRUCTURE (V4L/DVB)","OMNIVISION OV01A10 SENSOR DRIVER",951
"MEDIA INPUT INFRASTRUCTURE (V4L/DVB)","OMNIVISION OV02A10 SENSOR DRIVER",1158
"MEDIA INPUT INFRASTRUCTURE (V4L/DVB)","OMNIVISION OV08D10 SENSOR DRIVER",1479
"MEDIA INPUT INFRASTRUCTURE (V4L/DVB)","OMNIVISION OV08X40 SENSOR DRIVER",3281
"MEDIA INPUT INFRASTRUCTURE (V4L/DVB)","OMNIVISION OV13858 SENSOR DRIVER",1776
"MEDIA INPUT INFRASTRUCTURE (V4L/DVB)","OMNIVISION OV13B10 SENSOR DRIVER",1629
"MEDIA INPUT INFRASTRUCTURE (V4L/DVB)","OMNIVISION OV2680 SENSOR DRIVER",1383
"MEDIA INPUT INFRASTRUCTURE (V4L/DVB)","OMNIVISION OV2685 SENSOR DRIVER",996
"MEDIA INPUT INFRASTRUCTURE (V4L/DVB)","OMNIVISION OV2740 SENSOR DRIVER",1161
"MEDIA INPUT INFRASTRUCTURE (V4L/DVB)","OMNIVISION OV4689 SENSOR DRIVER",1141
"MEDIA INPUT INFRASTRUCTURE (V4L/DVB)","OMNIVISION OV5640 SENSOR DRIVER",4012
"MEDIA INPUT INFRASTRUCTURE (V4L/DVB)","OMNIVISION OV5647 SENSOR DRIVER",1596
"MEDIA INPUT INFRASTRUCTURE (V4L/DVB)","OMNIVISION OV5670 SENSOR DRIVER",2923
"MEDIA INPUT INFRASTRUCTURE (V4L/DVB)","OMNIVISION OV5675 SENSOR DRIVER",1525
"MEDIA INPUT INFRASTRUCTURE (V4L/DVB)","OMNIVISION OV5693 SENSOR DRIVER",1572
"MEDIA INPUT INFRASTRUCTURE (V4L/DVB)","OMNIVISION OV5695 SENSOR DRIVER",1377
"MEDIA INPUT INFRASTRUCTURE (V4L/DVB)","OMNIVISION OV7670 SENSOR DRIVER",2068
"MEDIA INPUT INFRASTRUCTURE (V4L/DVB)","OMNIVISION OV772x SENSOR DRIVER",1751
"MEDIA INPUT INFRASTRUCTURE (V4L/DVB)","OMNIVISION OV7740 SENSOR DRIVER",1244
"MEDIA INPUT INFRASTRUCTURE (V4L/DVB)","OMNIVISION OV8856 SENSOR DRIVER",2626
"MEDIA INPUT INFRASTRUCTURE (V4L/DVB)","OMNIVISION OV8858 SENSOR DRIVER",2108
"MEDIA INPUT INFRASTRUCTURE (V4L/DVB)","OMNIVISION OV9282 SENSOR DRIVER",1621
"MEDIA INPUT INFRASTRUCTURE (V4L/DVB)","OMNIVISION OV9640 SENSOR DRIVER",981
"MEDIA INPUT INFRASTRUCTURE (V4L/DVB)","OMNIVISION OV9650 SENSOR DRIVER",1619
"MEDIA INPUT INFRASTRUCTURE (V4L/DVB)","OMNIVISION OV9734 SENSOR DRIVER",990
"MEDIA INPUT INFRASTRUCTURE (V4L/DVB)","OV2659 OMNIVISION SENSOR DRIVER",1604
"MEDIA INPUT INFRASTRUCTURE (V4L/DVB)","PULSE8-CEC DRIVER",939
"MEDIA INPUT INFRASTRUCTURE (V4L/DVB)","PVRUSB2 VIDEO4LINUX DRIVER",15047
"MEDIA INPUT INFRASTRUCTURE (V4L/DVB)","PWC WEBCAM DRIVER",6719
"MEDIA INPUT INFRASTRUCTURE (V4L/DVB)","PWM IR Transmitter",168
"MEDIA INPUT INFRASTRUCTURE (V4L/DVB)","QT1010 MEDIA DRIVER",583
"MEDIA INPUT INFRASTRUCTURE (V4L/DVB)","QUALCOMM CAMERA SUBSYSTEM DRIVER",18305
"MEDIA INPUT INFRASTRUCTURE (V4L/DVB)","QUALCOMM VENUS VIDEO ACCELERATOR DRIVER",20149
"MEDIA INPUT INFRASTRUCTURE (V4L/DVB)","RADIOSHARK2 RADIO DRIVER",982
"MEDIA INPUT INFRASTRUCTURE (V4L/DVB)","RAINSHADOW-CEC DRIVER",395
"MEDIA INPUT INFRASTRUCTURE (V4L/DVB)","RC-CORE / LIRC FRAMEWORK",47915
"MEDIA INPUT INFRASTRUCTURE (V4L/DVB)","RCMM REMOTE CONTROLS DECODER",255
"MEDIA INPUT INFRASTRUCTURE (V4L/DVB)","RDACM20 Camera Sensor",1417
"MEDIA INPUT INFRASTRUCTURE (V4L/DVB)","RDACM21 Camera Sensor",1376
"MEDIA INPUT INFRASTRUCTURE (V4L/DVB)","ROCKCHIP ISP V1 DRIVER",10911
"MEDIA INPUT INFRASTRUCTURE (V4L/DVB)","ROCKCHIP RASTER 2D GRAPHIC ACCELERATION UNIT DRIVER",2212
"MEDIA INPUT INFRASTRUCTURE (V4L/DVB)","ROCKCHIP VIDEO DECODER DRIVER",3842
"MEDIA INPUT INFRASTRUCTURE (V4L/DVB)","ROTATION DRIVER FOR ALLWINNER A83T",1441
"MEDIA INPUT INFRASTRUCTURE (V4L/DVB)","RTL2830 MEDIA DRIVER",975
"MEDIA INPUT INFRASTRUCTURE (V4L/DVB)","RTL2832 MEDIA DRIVER",3154
"MEDIA INPUT INFRASTRUCTURE (V4L/DVB)","RTL2832_SDR MEDIA DRIVER",1542
"MEDIA INPUT INFRASTRUCTURE (V4L/DVB)","SAA6588 RDS RECEIVER DRIVER",513
"MEDIA INPUT INFRASTRUCTURE (V4L/DVB)","SAA7134 VIDEO4LINUX DRIVER",20151
"MEDIA INPUT INFRASTRUCTURE (V4L/DVB)","SAA7146 VIDEO4LINUX-2 DRIVER",5921
"MEDIA INPUT INFRASTRUCTURE (V4L/DVB)","SAMSUNG S3C24XX/S3C64XX SOC SERIES CAMIF DRIVER",3616
"MEDIA INPUT INFRASTRUCTURE (V4L/DVB)","SAMSUNG S5C73M3 CAMERA DRIVER",3059
"MEDIA INPUT INFRASTRUCTURE (V4L/DVB)","SAMSUNG S5K5BAF CAMERA DRIVER",2033
"MEDIA INPUT INFRASTRUCTURE (V4L/DVB)","SAMSUNG S5P/EXYNOS4 SOC SERIES CAMERA SUBSYSTEM DRIVERS",18306
"MEDIA INPUT INFRASTRUCTURE (V4L/DVB)","SECO BOARDS CEC DRIVER",929
"MEDIA INPUT INFRASTRUCTURE (V4L/DVB)","SERIAL IR RECEIVER",844
"MEDIA INPUT INFRASTRUCTURE (V4L/DVB)","SH_VOU V4L2 OUTPUT DRIVER",1404
"MEDIA INPUT INFRASTRUCTURE (V4L/DVB)","SHARP RJ54N1CB0C SENSOR DRIVER",1449
"MEDIA INPUT INFRASTRUCTURE (V4L/DVB)","SI2157 MEDIA DRIVER",1154
"MEDIA INPUT INFRASTRUCTURE (V4L/DVB)","SI2165 MEDIA DRIVER",1459
"MEDIA INPUT INFRASTRUCTURE (V4L/DVB)","SI2168 MEDIA DRIVER",918
"MEDIA INPUT INFRASTRUCTURE (V4L/DVB)","SI470X FM RADIO RECEIVER I2C DRIVER",593
"MEDIA INPUT INFRASTRUCTURE (V4L/DVB)","SI470X FM RADIO RECEIVER USB DRIVER",1867
"MEDIA INPUT INFRASTRUCTURE (V4L/DVB)","SI4713 FM RADIO TRANSMITTER I2C DRIVER",1919
"MEDIA INPUT INFRASTRUCTURE (V4L/DVB)","SI4713 FM RADIO TRANSMITTER USB DRIVER",522
"MEDIA INPUT INFRASTRUCTURE (V4L/DVB)","SIANO DVB DRIVER",7085
"MEDIA INPUT INFRASTRUCTURE (V4L/DVB)","SOFTLOGIC 6x10 MPEG CODEC",7012
"MEDIA INPUT INFRASTRUCTURE (V4L/DVB)","SONY IMX208 SENSOR DRIVER",1067
"MEDIA INPUT INFRASTRUCTURE (V4L/DVB)","SONY IMX214 SENSOR DRIVER",1208
"MEDIA INPUT INFRASTRUCTURE (V4L/DVB)","SONY IMX219 SENSOR DRIVER",1371
"MEDIA INPUT INFRASTRUCTURE (V4L/DVB)","SONY IMX258 SENSOR DRIVER",1502
"MEDIA INPUT INFRASTRUCTURE (V4L/DVB)","SONY IMX274 SENSOR DRIVER",2252
"MEDIA INPUT INFRASTRUCTURE (V4L/DVB)","SONY IMX290 SENSOR DRIVER",1808
"MEDIA INPUT INFRASTRUCTURE (V4L/DVB)","SONY IMX296 SENSOR DRIVER",1261
"MEDIA INPUT INFRASTRUCTURE (V4L/DVB)","SONY IMX319 SENSOR DRIVER",2528
"MEDIA INPUT INFRASTRUCTURE (V4L/DVB)","SONY IMX334 SENSOR DRIVER",1567
"MEDIA INPUT INFRASTRUCTURE (V4L/DVB)","SONY IMX335 SENSOR DRIVER",1209
"MEDIA INPUT INFRASTRUCTURE (V4L/DVB)","SONY IMX355 SENSOR DRIVER",1813
"MEDIA INPUT INFRASTRUCTURE (V4L/DVB)","SONY IMX412 SENSOR DRIVER",1401
"MEDIA INPUT INFRASTRUCTURE (V4L/DVB)","SONY IMX415 SENSOR DRIVER",1404
"MEDIA INPUT INFRASTRUCTURE (V4L/DVB)","SP2 MEDIA DRIVER",512
"MEDIA INPUT INFRASTRUCTURE (V4L/DVB)","ST MIPID02 CSI-2 TO PARALLEL BRIDGE DRIVER",1297
"MEDIA INPUT INFRASTRUCTURE (V4L/DVB)","ST VGXY61 DRIVER",2097
"MEDIA INPUT INFRASTRUCTURE (V4L/DVB)","STAGING - ATOMISP DRIVER",111884
"MEDIA INPUT INFRASTRUCTURE (V4L/DVB)","STAGING - FIELDBUS SUBSYSTEM",719
"MEDIA INPUT INFRASTRUCTURE (V4L/DVB)","STAGING - HMS ANYBUS-S BUS",2252
"MEDIA INPUT INFRASTRUCTURE (V4L/DVB)","STAGING - NVIDIA COMPLIANT EMBEDDED CONTROLLER INTERFACE (nvec)",2403
"MEDIA INPUT INFRASTRUCTURE (V4L/DVB)","STAGING - OLPC SECONDARY DISPLAY CONTROLLER (DCON)",1361
"MEDIA INPUT INFRASTRUCTURE (V4L/DVB)","STAGING - REALTEK RTL8712U DRIVERS",27658
"MEDIA INPUT INFRASTRUCTURE (V4L/DVB)","STAGING - SEPS525 LCD CONTROLLER DRIVERS",354
"MEDIA INPUT INFRASTRUCTURE (V4L/DVB)","STAGING - SILICON MOTION SM750 FRAME BUFFER DRIVER",7125
"MEDIA INPUT INFRASTRUCTURE (V4L/DVB)","STAGING - VIA VT665X DRIVERS",16164
"MEDIA INPUT INFRASTRUCTURE (V4L/DVB)","STAGING SUBSYSTEM",487548
"MEDIA INPUT INFRASTRUCTURE (V4L/DVB)","STI CEC DRIVER",464
"MEDIA INPUT INFRASTRUCTURE (V4L/DVB)","STK1160 USB VIDEO CAPTURE DRIVER",2605
"MEDIA INPUT INFRASTRUCTURE (V4L/DVB)","TC90522 MEDIA DRIVER",888
"MEDIA INPUT INFRASTRUCTURE (V4L/DVB)","TDA10071 MEDIA DRIVER",1400
"MEDIA INPUT INFRASTRUCTURE (V4L/DVB)","TDA18250 MEDIA DRIVER",1067
"MEDIA INPUT INFRASTRUCTURE (V4L/DVB)","TDA18271 MEDIA DRIVER",3705
"MEDIA INPUT INFRASTRUCTURE (V4L/DVB)","TDA1997x MEDIA DRIVER",3490
"MEDIA INPUT INFRASTRUCTURE (V4L/DVB)","TEA5767 TUNER DRIVER",527
"MEDIA INPUT INFRASTRUCTURE (V4L/DVB)","TECHNOTREND USB IR RECEIVER",434
"MEDIA INPUT INFRASTRUCTURE (V4L/DVB)","TECHWELL TW9910 VIDEO DECODER",1064
"MEDIA INPUT INFRASTRUCTURE (V4L/DVB)","TEGRA VIDEO DRIVER",6486
"MEDIA INPUT INFRASTRUCTURE (V4L/DVB)","TI AM437X VPFE DRIVER",3074
"MEDIA INPUT INFRASTRUCTURE (V4L/DVB)","TI DAVINCI SERIES MEDIA DRIVER",4891
"MEDIA INPUT INFRASTRUCTURE (V4L/DVB)","TI FPD-LINK DRIVERS",7103
"MEDIA INPUT INFRASTRUCTURE (V4L/DVB)","TI J721E CSI2RX DRIVER",1261
"MEDIA INPUT INFRASTRUCTURE (V4L/DVB)","TI VPE/CAL DRIVERS",11623
"MEDIA INPUT INFRASTRUCTURE (V4L/DVB)","TOSHIBA TC358743 DRIVER",3138
"MEDIA INPUT INFRASTRUCTURE (V4L/DVB)","TW5864 VIDEO4LINUX DRIVER",4479
"MEDIA INPUT INFRASTRUCTURE (V4L/DVB)","TW68 VIDEO4LINUX DRIVER",2064
"MEDIA INPUT INFRASTRUCTURE (V4L/DVB)","TW686X VIDEO4LINUX DRIVER",2508
"MEDIA INPUT INFRASTRUCTURE (V4L/DVB)","USB VIDEO CLASS",12209
"MEDIA INPUT INFRASTRUCTURE (V4L/DVB)","V4L2 ASYNC AND FWNODE FRAMEWORKS",2985
"MEDIA INPUT INFRASTRUCTURE (V4L/DVB)","V4L2 CAMERA SENSOR DRIVERS",97415
"MEDIA INPUT INFRASTRUCTURE (V4L/DVB)","VICODEC VIRTUAL CODEC DRIVER",3758
"MEDIA INPUT INFRASTRUCTURE (V4L/DVB)","VIDEO I2C POLLING DRIVER",967
"MEDIA INPUT INFRASTRUCTURE (V4L/DVB)","VIDEOBUF2 FRAMEWORK",8986
"MEDIA INPUT INFRASTRUCTURE (V4L/DVB)","VIDTV VIRTUAL DIGITAL TV DRIVER",7695
"MEDIA INPUT INFRASTRUCTURE (V4L/DVB)","VIMC VIRTUAL MEDIA CONTROLLER DRIVER",3528
"MEDIA INPUT INFRASTRUCTURE (V4L/DVB)","VISL VIRTUAL STATELESS DECODER DRIVER",3641
"MEDIA INPUT INFRASTRUCTURE (V4L/DVB)","VIVID VIRTUAL VIDEO DRIVER",14368
"MEDIA INPUT INFRASTRUCTURE (V4L/DVB)","VME SUBSYSTEM",8857
"MEDIA INPUT INFRASTRUCTURE (V4L/DVB)","WINBOND CIR DRIVER",1220
"MEDIA INPUT INFRASTRUCTURE (V4L/DVB)","XBOX DVD IR REMOTE",368
"MEDIA INPUT INFRASTRUCTURE (V4L/DVB)","XC2028/3028 TUNER DRIVER",1737
"MEDIA INPUT INFRASTRUCTURE (V4L/DVB)","XILINX VIDEO IP CORES",5040
"MEDIA INPUT INFRASTRUCTURE (V4L/DVB)","ZD1301_DEMOD MEDIA DRIVER",601
"MEDIA INPUT INFRASTRUCTURE (V4L/DVB)","ZR36067 VIDEO FOR LINUX DRIVER",7763
"MELLANOX HARDWARE PLATFORM SUPPORT","MELLANOX HARDWARE PLATFORM SUPPORT",8561
"MEMORY MANAGEMENT","CONTROL GROUP - MEMORY RESOURCE CONTROLLER (MEMCG)",10559
"MEMORY MANAGEMENT","DATA ACCESS MONITOR",14031
"MEMORY MANAGEMENT","HMM - Heterogeneous Memory Management",4965
"MEMORY MANAGEMENT","HUGETLB SUBSYSTEM",13263
"MEMORY MANAGEMENT","HWPOISON MEMORY FAILURE HANDLING",2906
"MEMORY MANAGEMENT","KASAN",11065
"MEMORY MANAGEMENT","KERNEL HARDENING (not covered by other areas)",879
"MEMORY MANAGEMENT","KFENCE",3635
"MEMORY MANAGEMENT","KMEMLEAK",2682
"MEMORY MANAGEMENT","KMSAN",3922
"MEMORY MANAGEMENT","MEMBLOCK AND MEMORY MANAGEMENT INITIALIZATION",13894
"MEMORY MANAGEMENT","MEMORY HOT(UN)PLUG",5100
"MEMORY MANAGEMENT","MEMORY MANAGEMENT",227242
"MEMORY MANAGEMENT","PAGE CACHE",12831
"MEMORY MANAGEMENT","PAGE TABLE CHECK",468
"MEMORY MANAGEMENT","PER-CPU MEMORY ALLOCATOR",8093
"MEMORY MANAGEMENT","SLAB ALLOCATOR",14070
"MEMORY MANAGEMENT","TMPFS (SHMEM FILESYSTEM)",5140
"MEMORY MANAGEMENT","VMALLOC",4793
"MEMORY MANAGEMENT","Z3FOLD COMPRESSED PAGE ALLOCATOR",1446
"MEMORY MANAGEMENT","ZSMALLOC COMPRESSED SLAB MEMORY ALLOCATOR",2685
"MEMORY MANAGEMENT","ZSWAP COMPRESSED SWAP CACHING",1656
"MEMORY TECHNOLOGY DEVICES (MTD)","ARASAN NAND CONTROLLER DRIVER",1570
"MEMORY TECHNOLOGY DEVICES (MTD)","ARM PRIMECELL PL35X NAND CONTROLLER DRIVER",1251
"MEMORY TECHNOLOGY DEVICES (MTD)","BLOCK2MTD DRIVER",534
"MEMORY TECHNOLOGY DEVICES (MTD)","BROADCOM STB NAND FLASH DRIVER",4042
"MEMORY TECHNOLOGY DEVICES (MTD)","CADENCE NAND DRIVER",3130
"MEMORY TECHNOLOGY DEVICES (MTD)","DENALI NAND DRIVER",2177
"MEMORY TECHNOLOGY DEVICES (MTD)","FREESCALE GPMI NAND DRIVER",3344
"MEMORY TECHNOLOGY DEVICES (MTD)","HYPERBUS SUPPORT",789
"MEMORY TECHNOLOGY DEVICES (MTD)","INGENIC JZ4780 NAND DRIVER",1622
"MEMORY TECHNOLOGY DEVICES (MTD)","MARVELL NAND CONTROLLER DRIVER",3200
"MEMORY TECHNOLOGY DEVICES (MTD)","MEDIATEK NAND CONTROLLER DRIVER",1807
"MEMORY TECHNOLOGY DEVICES (MTD)","MEMORY TECHNOLOGY DEVICES (MTD)",200355
"MEMORY TECHNOLOGY DEVICES (MTD)","MESON NAND CONTROLLER DRIVER FOR AMLOGIC SOCS",1709
"MEMORY TECHNOLOGY DEVICES (MTD)","MICROCHIP NAND DRIVER",3995
"MEMORY TECHNOLOGY DEVICES (MTD)","MSYSTEMS DISKONCHIP G3 MTD DRIVER",2428
"MEMORY TECHNOLOGY DEVICES (MTD)","NAND FLASH SUBSYSTEM",99101
"MEMORY TECHNOLOGY DEVICES (MTD)","ONENAND FLASH DRIVER",6601
"MEMORY TECHNOLOGY DEVICES (MTD)","QUALCOMM NAND CONTROLLER DRIVER",3779
"MEMORY TECHNOLOGY DEVICES (MTD)","RENESAS R-CAR GEN3 & RZ/N1 NAND CONTROLLER DRIVER",1483
"MEMORY TECHNOLOGY DEVICES (MTD)","RICOH SMARTMEDIA/XD DRIVER",1246
"MEMORY TECHNOLOGY DEVICES (MTD)","SPI NOR SUBSYSTEM",12568
"MEMORY TECHNOLOGY DEVICES (MTD)","TEGRA NAND DRIVER",1354
"MEMORY TECHNOLOGY DEVICES (MTD)","UNSORTED BLOCK IMAGES (UBI)",19713
"MEMORY TECHNOLOGY DEVICES (MTD)","VF610 NAND DRIVER",951
"MEN A21 WATCHDOG DRIVER","MEN A21 WATCHDOG DRIVER",228
"MEN CHAMELEON BUS (mcb)","MEN CHAMELEON BUS (mcb)",1622
"MEN Z069 WATCHDOG DRIVER","MEN Z069 WATCHDOG DRIVER",166
"MICROCHIP SOC DRIVERS","MICROCHIP SOC DRIVERS",225
"Microchip Timer Counter Block (TCB) Capture Driver","Microchip Timer Counter Block (TCB) Capture Driver",406
"MICROSOFT SURFACE GPE LID SUPPORT DRIVER","MICROSOFT SURFACE GPE LID SUPPORT DRIVER",352
"MICROSOFT SURFACE HOT-PLUG DRIVER","MICROSOFT SURFACE HOT-PLUG DRIVER",273
"MICROSOFT SURFACE PLATFORM PROFILE DRIVER","MICROSOFT SURFACE PLATFORM PROFILE DRIVER",189
"MICROSOFT SURFACE PRO 3 BUTTON DRIVER","MICROSOFT SURFACE PRO 3 BUTTON DRIVER",265
"MICROSOFT SURFACE SYSTEM AGGREGATOR HUB DRIVER","MICROSOFT SURFACE SYSTEM AGGREGATOR HUB DRIVER",371
"MICROSOFT SURFACE SYSTEM AGGREGATOR SUBSYSTEM","MICROSOFT SURFACE AGGREGATOR TABLET-MODE SWITCH",645
"MICROSOFT SURFACE SYSTEM AGGREGATOR SUBSYSTEM","MICROSOFT SURFACE DTX DRIVER",2147
"MICROSOFT SURFACE SYSTEM AGGREGATOR SUBSYSTEM","MICROSOFT SURFACE HARDWARE PLATFORM SUPPORT",16207
"MICROSOFT SURFACE SYSTEM AGGREGATOR SUBSYSTEM","MICROSOFT SURFACE SYSTEM AGGREGATOR SUBSYSTEM",16868
"MIPS","BPF JIT for MIPS (32-BIT AND 64-BIT)",4260
"MIPS","BROADCOM BCM47XX MIPS ARCHITECTURE",3359
"MIPS","BROADCOM BMIPS MIPS ARCHITECTURE",10849
"MIPS","DECSTATION PLATFORM SUPPORT",4278
"MIPS","KERNEL VIRTUAL MACHINE FOR MIPS (KVM/mips)",11075
"MIPS","LANTIQ MIPS ARCHITECTURE",3221
"MIPS","MARDUK (CREATOR CI40) DEVICE TREE SUPPORT",1091
"MIPS","MICROSEMI MIPS SOCS",1837
"MIPS","MIPS",335351
"MIPS","MIPS BOSTON DEVELOPMENT BOARD",440
"MIPS","MIPS GENERIC PLATFORM",1651
"MIPS","MIPS/LOONGSON1 ARCHITECTURE",2516
"MIPS","MIPS/LOONGSON2EF ARCHITECTURE",4424
"MIPS","MIPS/LOONGSON64 ARCHITECTURE",6578
"MIPS","ONION OMEGA2+ BOARD",18
"MIPS","RALINK MIPS ARCHITECTURE",2177
"MIPS","RALINK MT7621 MIPS ARCHITECTURE",841
"MIPS","RANCHU VIRTUAL BOARD FOR MIPS",119
"MIPS","VOCORE VOCORE2 BOARD",18
"MIPS RINT INSTRUCTION EMULATION","MIPS RINT INSTRUCTION EMULATION",157
"MSI WMI SUPPORT","MSI WMI SUPPORT",347
"MULTIMEDIA CARD (MMC), SECURE DIGITAL (SD) AND SDIO SUBSYSTEM","ALCHEMY AU1XX0 MMC DRIVER",1224
"MULTIMEDIA CARD (MMC), SECURE DIGITAL (SD) AND SDIO SUBSYSTEM","ARM PRIMECELL MMCI PL180/1 DRIVER",4082
"MULTIMEDIA CARD (MMC), SECURE DIGITAL (SD) AND SDIO SUBSYSTEM","ASPEED SD/MMC DRIVER",837
"MULTIMEDIA CARD (MMC), SECURE DIGITAL (SD) AND SDIO SUBSYSTEM","CAVIUM MMC DRIVER",1846
"MULTIMEDIA CARD (MMC), SECURE DIGITAL (SD) AND SDIO SUBSYSTEM","EMMC CMDQ HOST CONTROLLER INTERFACE (CQHCI) DRIVER",1847
"MULTIMEDIA CARD (MMC), SECURE DIGITAL (SD) AND SDIO SUBSYSTEM","ENE CB710 FLASH CARD READER DRIVER",1707
"MULTIMEDIA CARD (MMC), SECURE DIGITAL (SD) AND SDIO SUBSYSTEM","FREESCALE COLDFIRE M5441X MMC DRIVER",537
"MULTIMEDIA CARD (MMC), SECURE DIGITAL (SD) AND SDIO SUBSYSTEM","MARVELL SOC MMC/SD/SDIO CONTROLLER DRIVER",1028
"MULTIMEDIA CARD (MMC), SECURE DIGITAL (SD) AND SDIO SUBSYSTEM","MARVELL XENON MMC/SD/SDIO HOST CONTROLLER DRIVER",1946
"MULTIMEDIA CARD (MMC), SECURE DIGITAL (SD) AND SDIO SUBSYSTEM","MEDIATEK MMC/SD/SDIO DRIVER",3424
"MULTIMEDIA CARD (MMC), SECURE DIGITAL (SD) AND SDIO SUBSYSTEM","MICROCHIP MMC/SD/SDIO MCI DRIVER",2712
"MULTIMEDIA CARD (MMC), SECURE DIGITAL (SD) AND SDIO SUBSYSTEM","MULTIMEDIA CARD (MMC) ETC. OVER SPI",1580
"MULTIMEDIA CARD (MMC), SECURE DIGITAL (SD) AND SDIO SUBSYSTEM","MULTIMEDIA CARD (MMC), SECURE DIGITAL (SD) AND SDIO SUBSYSTEM",137288
"MULTIMEDIA CARD (MMC), SECURE DIGITAL (SD) AND SDIO SUBSYSTEM","OMAP HS MMC SUPPORT",2137
"MULTIMEDIA CARD (MMC), SECURE DIGITAL (SD) AND SDIO SUBSYSTEM","OMAP MMC SUPPORT",1559
"MULTIMEDIA CARD (MMC), SECURE DIGITAL (SD) AND SDIO SUBSYSTEM","SDRICOH_CS MMC/SD HOST CONTROLLER INTERFACE DRIVER",528
"MULTIMEDIA CARD (MMC), SECURE DIGITAL (SD) AND SDIO SUBSYSTEM","SECURE DIGITAL HOST CONTROLLER INTERFACE (SDHCI) Broadcom BRCMSTB DRIVER",433
"MULTIMEDIA CARD (MMC), SECURE DIGITAL (SD) AND SDIO SUBSYSTEM","SECURE DIGITAL HOST CONTROLLER INTERFACE (SDHCI) DRIVER",36590
"MULTIMEDIA CARD (MMC), SECURE DIGITAL (SD) AND SDIO SUBSYSTEM","SECURE DIGITAL HOST CONTROLLER INTERFACE (SDHCI) MICROCHIP DRIVER",481
"MULTIMEDIA CARD (MMC), SECURE DIGITAL (SD) AND SDIO SUBSYSTEM","SECURE DIGITAL HOST CONTROLLER INTERFACE (SDHCI) NXP i.MX DRIVER",2015
"MULTIMEDIA CARD (MMC), SECURE DIGITAL (SD) AND SDIO SUBSYSTEM","SECURE DIGITAL HOST CONTROLLER INTERFACE (SDHCI) SAMSUNG DRIVER",790
"MULTIMEDIA CARD (MMC), SECURE DIGITAL (SD) AND SDIO SUBSYSTEM","SECURE DIGITAL HOST CONTROLLER INTERFACE (SDHCI) ST SPEAR DRIVER",192
"MULTIMEDIA CARD (MMC), SECURE DIGITAL (SD) AND SDIO SUBSYSTEM","SECURE DIGITAL HOST CONTROLLER INTERFACE (SDHCI) TI OMAP DRIVER",1492
"MULTIMEDIA CARD (MMC), SECURE DIGITAL (SD) AND SDIO SUBSYSTEM","STARFIVE JH7110 MMC/SD/SDIO DRIVER",204
"MULTIMEDIA CARD (MMC), SECURE DIGITAL (SD) AND SDIO SUBSYSTEM","SUNPLUS MMC DRIVER",1058
"MULTIMEDIA CARD (MMC), SECURE DIGITAL (SD) AND SDIO SUBSYSTEM","SYNOPSYS DESIGNWARE MMC/SD/SDIO DRIVER",6537
"MULTIMEDIA CARD (MMC), SECURE DIGITAL (SD) AND SDIO SUBSYSTEM","SYNOPSYS SDHCI COMPLIANT DWC MSHC DRIVER",84
"MULTIMEDIA CARD (MMC), SECURE DIGITAL (SD) AND SDIO SUBSYSTEM","TMIO/SDHI MMC DRIVER",4095
"MULTIMEDIA CARD (MMC), SECURE DIGITAL (SD) AND SDIO SUBSYSTEM","VIA SD/MMC CARD CONTROLLER DRIVER",1314
"MULTIMEDIA CARD (MMC), SECURE DIGITAL (SD) AND SDIO SUBSYSTEM","VUB300 USB to SDIO/SD/MMC bridge chip",2479
"MULTIMEDIA CARD (MMC), SECURE DIGITAL (SD) AND SDIO SUBSYSTEM","W83L51xD SD/MMC CARD INTERFACE DRIVER",2184
"MULTIPLEXER SUBSYSTEM","ANALOG DEVICES INC ADGS1408 DRIVER",179
"MULTIPLEXER SUBSYSTEM","MULTIPLEXER SUBSYSTEM",2406
"MXL301RF MEDIA DRIVER","MXL301RF MEDIA DRIVER",355
"NETWORKING [GENERAL]","6LOWPAN GENERIC (BTLE/IEEE 802.15.4)",3222
"NETWORKING [GENERAL]","802.11 (including CFG80211/NL80211)",77053
"NETWORKING [GENERAL]","9P FILE SYSTEM",14833
"NETWORKING [GENERAL]","APPLETALK NETWORK LAYER",3671
"NETWORKING [GENERAL]","AX.25 NETWORK LAYER",7466
"NETWORKING [GENERAL]","BATMAN ADVANCED",36130
"NETWORKING [GENERAL]","BLUETOOTH SUBSYSTEM",82626
"NETWORKING [GENERAL]","BPF [L7 FRAMEWORK] (sockmap)",4562
"NETWORKING [GENERAL]","BPF [NETWORKING] (tcx & tc BPF, sock_addr)",13632
"NETWORKING [GENERAL]","CAIF NETWORK LAYER",8651
"NETWORKING [GENERAL]","CAKE QDISC",3121
"NETWORKING [GENERAL]","CAN NETWORK LAYER",15146
"NETWORKING [GENERAL]","CAN-J1939 NETWORK LAYER",5499
"NETWORKING [GENERAL]","CBS/ETF/TAPRIO QDISCS",3668
"NETWORKING [GENERAL]","CEPH COMMON CODE (LIBCEPH)",31323
"NETWORKING [GENERAL]","DAMA SLAVE for AX.25",4277
"NETWORKING [GENERAL]","DCCP PROTOCOL",14162
"NETWORKING [GENERAL]","DEVLINK",21388
"NETWORKING [GENERAL]","DYNAMIC INTERRUPT MODERATION",960
"NETWORKING [GENERAL]","ETHERNET BRIDGE",36982
"NETWORKING [GENERAL]","FAILOVER MODULE",370
"NETWORKING [GENERAL]","FILESYSTEMS [EXPORTFS]",1456
"NETWORKING [GENERAL]","GRE DEMULTIPLEXER DRIVER",657
"NETWORKING [GENERAL]","HANDSHAKE UPCALL FOR TRANSPORT LAYER SECURITY",2670
"NETWORKING [GENERAL]","HSR NETWORK PROTOCOL",3470
"NETWORKING [GENERAL]","IPVS",24536
"NETWORKING [GENERAL]","ISDN/CMTP OVER BLUETOOTH",5742
"NETWORKING [GENERAL]","KERNEL NFSD, SUNRPC, AND LOCKD SERVERS",120486
"NETWORKING [GENERAL]","L3MDEV",652
"NETWORKING [GENERAL]","LLC (802.2)",13473
"NETWORKING [GENERAL]","MAC80211",96357
"NETWORKING [GENERAL]","MANAGEMENT COMPONENT TRANSPORT PROTOCOL (MCTP)",6963
"NETWORKING [GENERAL]","NCSI LIBRARY",5529
"NETWORKING [GENERAL]","NETEM NETWORK EMULATOR",1310
"NETWORKING [GENERAL]","NETFILTER",171766
"NETWORKING [GENERAL]","NETROM NETWORK LAYER",4345
"NETWORKING [GENERAL]","NETWORK DROP MONITOR",1918
"NETWORKING [GENERAL]","NETWORKING [GENERAL]",1535254
"NETWORKING [GENERAL]","NETWORKING [IPSEC]",37856
"NETWORKING [GENERAL]","NETWORKING [IPv4/IPv6]",202914
"NETWORKING [GENERAL]","NETWORKING [LABELED] (NetLabel, Labeled IPsec, SECMARK)",14202
"NETWORKING [GENERAL]","NETWORKING [MPTCP]",29443
"NETWORKING [GENERAL]","NETWORKING [TCP]",42262
"NETWORKING [GENERAL]","NETWORKING [TLS]",8032
"NETWORKING [GENERAL]","NEXTHOP",4472
"NETWORKING [GENERAL]","NFC SUBSYSTEM",48688
"NETWORKING [GENERAL]","NFS, SUNRPC, AND LOCKD CLIENTS",154439
"NETWORKING [GENERAL]","NXP-NCI NFC DRIVER",1048
"NETWORKING [GENERAL]","OPENVSWITCH",20369
"NETWORKING [GENERAL]","PACKET SOCKETS",5110
"NETWORKING [GENERAL]","PAGE POOL",1898
"NETWORKING [GENERAL]","PHONET PROTOCOL",4847
"NETWORKING [GENERAL]","PLCA RECONCILIATION SUBLAYER (IEEE802.3 Clause 148)",307
"NETWORKING [GENERAL]","PPP OVER ATM (RFC 2364)",516
"NETWORKING [GENERAL]","PPP OVER L2TP",1863
"NETWORKING [GENERAL]","PSAMPLE PACKET SAMPLING SUPPORT",646
"NETWORKING [GENERAL]","QUALCOMM IPC ROUTER (QRTR) DRIVER",2749
"NETWORKING [GENERAL]","RDS - RELIABLE DATAGRAM SOCKETS",18022
"NETWORKING [GENERAL]","RFKILL",2832
"NETWORKING [GENERAL]","ROSE NETWORK LAYER",5192
"NETWORKING [GENERAL]","RXRPC SOCKETS (AF_RXRPC)",19481
"NETWORKING [GENERAL]","SAMSUNG S3FWRN5 NFC DRIVER",1813
"NETWORKING [GENERAL]","SCTP PROTOCOL",50817
"NETWORKING [GENERAL]","SHARED MEMORY COMMUNICATIONS (SMC) SOCKETS",19698
"NETWORKING [GENERAL]","SOCKET TIMESTAMPING",1521
"NETWORKING [GENERAL]","SWITCHDEV",1434
"NETWORKING [GENERAL]","TC subsystem",98603
"NETWORKING [GENERAL]","TCP LOW PRIORITY MODULE",354
"NETWORKING [GENERAL]","TI TRF7970A NFC DRIVER",2360
"NETWORKING [GENERAL]","TIPC NETWORK LAYER",29447
"NETWORKING [GENERAL]","USER DATAGRAM PROTOCOL (UDP)",5652
"NETWORKING [GENERAL]","VIRTIO AND VHOST VSOCK DRIVER",3920
"NETWORKING [GENERAL]","VM SOCKETS (AF_VSOCK)",15608
"NETWORKING [GENERAL]","VMWARE VSOCK VMCI TRANSPORT DRIVER",3467
"NETWORKING [GENERAL]","X.25 STACK",8688
"NETWORKING DRIVERS","3CR990 NETWORK DRIVER",3212
"NETWORKING DRIVERS","6PACK NETWORK DRIVER FOR AX.25",980
"NETWORKING DRIVERS","8169 10/100/1000 GIGABIT ETHERNET DRIVER",6920
"NETWORKING DRIVERS","8390 NETWORK DRIVERS [WD80x3/SMC-ELITE, SMC-ULTRA, NE2000, 3C503, etc.]",13328
"NETWORKING DRIVERS","ACENIC DRIVER",3969
"NETWORKING DRIVERS","ADF7242 IEEE 802.15.4 RADIO DRIVER",1371
"NETWORKING DRIVERS","ALACRITECH GIGABIT ETHERNET DRIVER",2457
"NETWORKING DRIVERS","ALTERA TRIPLE SPEED ETHERNET DRIVER",3432
"NETWORKING DRIVERS","AMAZON ETHERNET DRIVERS",13480
"NETWORKING DRIVERS","AMD PDS CORE DRIVER",5145
"NETWORKING DRIVERS","AMD XGBE DRIVER",20877
"NETWORKING DRIVERS","AMT (Automatic Multicast Tunneling)",3454
"NETWORKING DRIVERS","ANALOG DEVICES INC ADIN DRIVER",1082
"NETWORKING DRIVERS","APPLIED MICRO (APM) X-GENE SOC ETHERNET (V2) DRIVER",1708
"NETWORKING DRIVERS","APPLIED MICRO (APM) X-GENE SOC ETHERNET DRIVER",7461
"NETWORKING DRIVERS","AQUANTIA ETHERNET DRIVER (atlantic)",29952
"NETWORKING DRIVERS","AQUANTIA ETHERNET DRIVER PTP SUBSYSTEM",1586
"NETWORKING DRIVERS","ARCNET NETWORK LAYER",6407
"NETWORKING DRIVERS","ARM/CAVIUM THUNDER NETWORK DRIVER",10769
"NETWORKING DRIVERS","ARM/Microchip Sparx5 SoC support",50362
"NETWORKING DRIVERS","ARROW SPEEDCHIPS XRS7000 SERIES ETHERNET SWITCH DRIVER",1594
"NETWORKING DRIVERS","ASIX AX88796C SPI ETHERNET ADAPTER",2257
"NETWORKING DRIVERS","ATLX ETHERNET DRIVERS",26730
"NETWORKING DRIVERS","ATMEL MACB ETHERNET DRIVER",7482
"NETWORKING DRIVERS","ATUSB IEEE 802.15.4 RADIO DRIVER",1431
"NETWORKING DRIVERS","BAYCOM/HDLCDRV DRIVERS FOR AX.25",3321
"NETWORKING DRIVERS","BECKHOFF CX5020 ETHERCAT MASTER DRIVER",594
"NETWORKING DRIVERS","BONDING DRIVER",21048
"NETWORKING DRIVERS","BPF [NETKIT] (BPF-programmable network device)",974
"NETWORKING DRIVERS","BPF JIT for NFP NICs",7875
"NETWORKING DRIVERS","BROADCOM ASP 2.0 ETHERNET DRIVER",4359
"NETWORKING DRIVERS","BROADCOM B44 10/100 ETHERNET DRIVER",3004
"NETWORKING DRIVERS","BROADCOM B53/SF2 ETHERNET SWITCH DRIVER",10086
"NETWORKING DRIVERS","BROADCOM BCM4908 ETHERNET DRIVER",1016
"NETWORKING DRIVERS","BROADCOM BNX2 GIGABIT ETHERNET DRIVER",16350
"NETWORKING DRIVERS","BROADCOM BNX2X 10 GIGABIT ETHERNET DRIVER",84545
"NETWORKING DRIVERS","BROADCOM BNXT_EN 50 GIGABIT ETHERNET DRIVER",42645
"NETWORKING DRIVERS","BROADCOM ETHERNET PHY DRIVERS",6715
"NETWORKING DRIVERS","BROADCOM GENET ETHERNET DRIVER",6692
"NETWORKING DRIVERS","BROADCOM IPROC GBIT ETHERNET DRIVER",3307
"NETWORKING DRIVERS","BROADCOM SYSTEMPORT ETHERNET DRIVER",3844
"NETWORKING DRIVERS","BROADCOM TG3 GIGABIT ETHERNET DRIVER",21818
"NETWORKING DRIVERS","BROCADE BNA 10 GIGABIT ETHERNET DRIVER",22363
"NETWORKING DRIVERS","BXCAN CAN NETWORK DRIVER",1198
"NETWORKING DRIVERS","CA8210 IEEE-802.15.4 RADIO DRIVER",3209
"NETWORKING DRIVERS","CAN NETWORK DRIVERS",81181
"NETWORKING DRIVERS","CAVIUM LIQUIDIO NETWORK DRIVER",27493
"NETWORKING DRIVERS","CC2520 IEEE-802.15.4 RADIO DRIVER",1225
"NETWORKING DRIVERS","CIRRUS LOGIC EP93XX ETHERNET DRIVER",872
"NETWORKING DRIVERS","CISCO VIC ETHERNET NIC DRIVER",9624
"NETWORKING DRIVERS","CTU CAN FD DRIVER",2492
"NETWORKING DRIVERS","CXGB3 ETHERNET DRIVER (CXGB3)",21796
"NETWORKING DRIVERS","CXGB4 ETHERNET DRIVER (CXGB4)",59863
"NETWORKING DRIVERS","CXGB4 INLINE CRYPTO DRIVER",9556
"NETWORKING DRIVERS","CXGB4VF ETHERNET DRIVER (CXGB4VF)",9540
"NETWORKING DRIVERS","CYCLADES PC300 DRIVER",513
"NETWORKING DRIVERS","DAVICOM FAST ETHERNET (DMFE) NETWORK DRIVER",2289
"NETWORKING DRIVERS","DEFXX FDDI NETWORK DRIVER",5673
"NETWORKING DRIVERS","DEFZA FDDI NETWORK DRIVER",2357
"NETWORKING DRIVERS","DPAA2 ETHERNET DRIVER",14354
"NETWORKING DRIVERS","DPAA2 ETHERNET SWITCH DRIVER",8163
"NETWORKING DRIVERS","EHEA (IBM pSeries eHEA 10Gb ethernet adapter) DRIVER",7029
"NETWORKING DRIVERS","ELM327 CAN NETWORK DRIVER",1473
"NETWORKING DRIVERS","EMS CPC-PCI CAN DRIVER",431
"NETWORKING DRIVERS","EMULEX 10Gbps NIC BE2, BE3-R, Lancer, Skyhawk-R DRIVER (be2net)",16849
"NETWORKING DRIVERS","ESD CAN/USB DRIVERS",1381
"NETWORKING DRIVERS","ET131X NETWORK DRIVER",5533
"NETWORKING DRIVERS","ETAS ES58X CAN/USB DRIVER",4829
"NETWORKING DRIVERS","ETHERNET PHY LIBRARY",87402
"NETWORKING DRIVERS","FARSYNC SYNCHRONOUS DRIVER",2943
"NETWORKING DRIVERS","FINTEK F81604 USB to 2xCANBUS DEVICE DRIVER",1201
"NETWORKING DRIVERS","FORCEDETH GIGABIT ETHERNET DRIVER",6538
"NETWORKING DRIVERS","FREESCALE ENETC ETHERNET DRIVERS",10668
"NETWORKING DRIVERS","FREESCALE eTSEC ETHERNET DRIVER (GIANFAR)",6622
"NETWORKING DRIVERS","FREESCALE IMX / MXC FEC DRIVER",6529
"NETWORKING DRIVERS","FREESCALE QORIQ DPAA ETHERNET DRIVER",4575
"NETWORKING DRIVERS","FREESCALE QORIQ DPAA FMAN DRIVER",11418
"NETWORKING DRIVERS","FREESCALE QORIQ PTP CLOCK DRIVER",1934
"NETWORKING DRIVERS","FREESCALE QUICC ENGINE UCC ETHERNET DRIVER",5452
"NETWORKING DRIVERS","FREESCALE QUICC ENGINE UCC HDLC DRIVER",1450
"NETWORKING DRIVERS","FREESCALE SOC FS_ENET DRIVER",3442
"NETWORKING DRIVERS","FUNGIBLE ETHERNET DRIVERS",8854
"NETWORKING DRIVERS","GENERIC HDLC (WAN) DRIVERS",9516
"NETWORKING DRIVERS","GOOGLE ETHERNET DRIVERS",10607
"NETWORKING DRIVERS","GRETH 10/100/1G Ethernet MAC device driver",1733
"NETWORKING DRIVERS","GTP (GPRS Tunneling Protocol)",1946
"NETWORKING DRIVERS","HIGH-SPEED SCC DRIVER FOR AX.25",2175
"NETWORKING DRIVERS","HIPPI",2968
"NETWORKING DRIVERS","HIRSCHMANN HELLCREEK ETHERNET SWITCH DRIVER",3750
"NETWORKING DRIVERS","HISILICON NETWORK SUBSYSTEM 3 DRIVER (HNS3)",46624
"NETWORKING DRIVERS","HISILICON NETWORK SUBSYSTEM DRIVER",68031
"NETWORKING DRIVERS","HSO 3G MODEM DRIVER",3314
"NETWORKING DRIVERS","HUAWEI ETHERNET DRIVER",22705
"NETWORKING DRIVERS","IEEE 802.15.4 SUBSYSTEM",31349
"NETWORKING DRIVERS","INTEL ETHERNET DRIVERS",383288
"NETWORKING DRIVERS","INTEL WWAN IOSM DRIVER",11918
"NETWORKING DRIVERS","IOC3 ETHERNET DRIVER",1286
"NETWORKING DRIVERS","JME NETWORK DRIVER",4544
"NETWORKING DRIVERS","LANTIQ / INTEL Ethernet drivers",3233
"NETWORKING DRIVERS","LYNX PCS MODULE",418
"NETWORKING DRIVERS","MARVELL 88E6XXX ETHERNET SWITCH FABRIC DRIVER",20139
"NETWORKING DRIVERS","MARVELL GIGABIT ETHERNET DRIVERS (skge/sky2)",14366
"NETWORKING DRIVERS","MARVELL MV643XX ETHERNET DRIVER",4261
"NETWORKING DRIVERS","MARVELL MV88X3310 PHY DRIVER",1431
"NETWORKING DRIVERS","MARVELL MVNETA ETHERNET DRIVER",6630
"NETWORKING DRIVERS","MARVELL MVPP2 ETHERNET DRIVER",15748
"NETWORKING DRIVERS","MARVELL OCTEON ENDPOINT DRIVER",6342
"NETWORKING DRIVERS","MARVELL OCTEONTX2 PHYSICAL FUNCTION DRIVER",19479
"NETWORKING DRIVERS","MARVELL OCTEONTX2 RVU ADMIN FUNCTION DRIVER",55963
"NETWORKING DRIVERS","MARVELL PRESTERA ETHERNET SWITCH DRIVER",15650
"NETWORKING DRIVERS","MARVELL USB MDIO CONTROLLER DRIVER",189
"NETWORKING DRIVERS","MAXLINEAR ETHERNET PHY DRIVER",1043
"NETWORKING DRIVERS","MCAN MMIO DEVICE DRIVER",2692
"NETWORKING DRIVERS","MCBA MICROCHIP CAN BUS ANALYZER TOOL DRIVER",913
"NETWORKING DRIVERS","MCP251XFD SPI-CAN NETWORK DRIVER",6138
"NETWORKING DRIVERS","MCR20A IEEE-802.15.4 RADIO DRIVER",1878
"NETWORKING DRIVERS","MDIO REGMAP DRIVER",119
"NETWORKING DRIVERS","MEDIATEK ETHERNET PCS DRIVER",319
"NETWORKING DRIVERS","MEDIATEK ETHERNET PHY DRIVERS",1645
"NETWORKING DRIVERS","MEDIATEK SWITCH DRIVER",4552
"NETWORKING DRIVERS","MEDIATEK T7XX 5G WWAN MODEM DRIVER",11446
"NETWORKING DRIVERS","MELLANOX ETHERNET DRIVER (mlx4_en)",11339
"NETWORKING DRIVERS","MELLANOX ETHERNET DRIVER (mlx5e)",29201
"NETWORKING DRIVERS","MELLANOX ETHERNET INNOVA DRIVERS",12732
"NETWORKING DRIVERS","MELLANOX ETHERNET SWITCH DRIVERS",107885
"NETWORKING DRIVERS","MELLANOX FIRMWARE FLASH LIBRARY (mlxfw)",1500
"NETWORKING DRIVERS","MELLANOX MLX4 core VPI driver",45461
"NETWORKING DRIVERS","MELLANOX MLX5 core VPI driver",175899
"NETWORKING DRIVERS","MICROCHIP KSZ SERIES ETHERNET SWITCH DRIVER",15995
"NETWORKING DRIVERS","MICROCHIP LAN743X ETHERNET DRIVER",8348
"NETWORKING DRIVERS","MICROCHIP LAN87xx/LAN937x T1 PHY DRIVER",912
"NETWORKING DRIVERS","MICROCHIP LAN966X ETHERNET DRIVER",17504
"NETWORKING DRIVERS","MOTORCOMM PHY DRIVER",2478
"NETWORKING DRIVERS","MRF24J40 IEEE 802.15.4 RADIO DRIVER",1421
"NETWORKING DRIVERS","MYRICOM MYRI-10G 10GbE DRIVER (MYRI10GE)",4553
"NETWORKING DRIVERS","NATSEMI ETHERNET DRIVER (DP8381x)",3383
"NETWORKING DRIVERS","NET_FAILOVER MODULE",1060
"NETWORKING DRIVERS","NETDEVSIM",7451
"NETWORKING DRIVERS","NETERION 10GbE DRIVERS (s2io)",10891
"NETWORKING DRIVERS","NETRONOME ETHERNET DRIVERS",55206
"NETWORKING DRIVERS","NETWORKING [DSA]",116944
"NETWORKING DRIVERS","NETWORKING [MACSEC]",4959
"NETWORKING DRIVERS","NETWORKING DRIVERS",3063329
"NETWORKING DRIVERS","NETXEN (1/10) GbE SUPPORT",13008
"NETWORKING DRIVERS","NXP C45 TJA11XX PHY DRIVER",1978
"NETWORKING DRIVERS","NXP SJA1105 ETHERNET SWITCH DRIVER",14834
"NETWORKING DRIVERS","OCELOT ETHERNET SWITCH DRIVER",25472
"NETWORKING DRIVERS","ONSEMI ETHERNET PHY DRIVERS",171
"NETWORKING DRIVERS","OPEN FIRMWARE AND FLATTENED DEVICE TREE",38623
"NETWORKING DRIVERS","PCNET32 NETWORK DRIVER",3041
"NETWORKING DRIVERS","PENSANDO ETHERNET DRIVERS",15470
"NETWORKING DRIVERS","PPP OVER ETHERNET",1384
"NETWORKING DRIVERS","PPP PROTOCOL DRIVERS AND COMPRESSORS",6759
"NETWORKING DRIVERS","PPTP DRIVER",699
"NETWORKING DRIVERS","QCOM IPA DRIVER",25725
"NETWORKING DRIVERS","QLOGIC QL4xxx ETHERNET DRIVER",106205
"NETWORKING DRIVERS","QLOGIC QLA3XXX NETWORK DRIVER",5116
"NETWORKING DRIVERS","QLOGIC QLCNIC (1/10)Gb ETHERNET DRIVER",32887
"NETWORKING DRIVERS","QUALCOMM BAM-DMUX WWAN NETWORK DRIVER",999
"NETWORKING DRIVERS","QUALCOMM EMAC GIGABIT ETHERNET DRIVER",4501
"NETWORKING DRIVERS","QUALCOMM RMNET DRIVER",2538
"NETWORKING DRIVERS","RDC R6040 FAST ETHERNET DRIVER",1215
"NETWORKING DRIVERS","REALTEK RTL83xx SMI DSA ROUTER CHIPS",6005
"NETWORKING DRIVERS","REMOTE PROCESSOR MESSAGING (RPMSG) WWAN CONTROL DRIVER",167
"NETWORKING DRIVERS","RENESAS ETHERNET DRIVERS",12842
"NETWORKING DRIVERS","RENESAS RZ/N1 A5PSW SWITCH DRIVER",2604
"NETWORKING DRIVERS","ROCKER DRIVER",6918
"NETWORKING DRIVERS","SAMSUNG SXGBE DRIVERS",6262
"NETWORKING DRIVERS","SFC NETWORK DRIVER",144235
"NETWORKING DRIVERS","SFF/SFP/SFP+ MODULE SUPPORT",9324
"NETWORKING DRIVERS","SIS 190 ETHERNET DRIVER",1948
"NETWORKING DRIVERS","SIS 900/7016 FAST ETHERNET DRIVER",2916
"NETWORKING DRIVERS","SLCAN CAN NETWORK DRIVER",1027
"NETWORKING DRIVERS","SMC91x ETHERNET DRIVER",3578
"NETWORKING DRIVERS","SMSC911x ETHERNET DRIVER",3154
"NETWORKING DRIVERS","SMSC9420 PCI ETHERNET DRIVER",1935
"NETWORKING DRIVERS","SOCIONEXT (SNI) AVE NETWORK DRIVER",2126
"NETWORKING DRIVERS","SOCIONEXT (SNI) NETSEC NETWORK DRIVER",2298
"NETWORKING DRIVERS","SONIC NETWORK DRIVER",1328
"NETWORKING DRIVERS","SPIDERNET NETWORK DRIVER for CELL",3406
"NETWORKING DRIVERS","STARFIRE/DURALAN NETWORK DRIVER",2074
"NETWORKING DRIVERS","SUN HAPPY MEAL ETHERNET DRIVER",3408
"NETWORKING DRIVERS","SUNDANCE NETWORK DRIVER",1985
"NETWORKING DRIVERS","SUNPLUS ETHERNET DRIVER",2164
"NETWORKING DRIVERS","SYNOPSYS DESIGNWARE ENTERPRISE ETHERNET DRIVER",7671
"NETWORKING DRIVERS","SYNOPSYS DESIGNWARE ETHERNET XPCS DRIVER",1640
"NETWORKING DRIVERS","TEAM DRIVER",4735
"NETWORKING DRIVERS","TEHUTI ETHERNET DRIVER",3049
"NETWORKING DRIVERS","THUNDERBOLT NETWORK DRIVER",1640
"NETWORKING DRIVERS","TI ETHERNET SWITCH DRIVER (CPSW)",14180
"NETWORKING DRIVERS","TI ICSSG ETHERNET DRIVER (ICSSG)",5932
"NETWORKING DRIVERS","TLAN NETWORK DRIVER",3961
"NETWORKING DRIVERS","TULIP NETWORK DRIVERS",14449
"NETWORKING DRIVERS","TUN/TAP driver",6159
"NETWORKING DRIVERS","USB CDC ETHERNET DRIVER",4922
"NETWORKING DRIVERS","USB DAVICOM DM9601 DRIVER",657
"NETWORKING DRIVERS","USB LAN78XX ETHERNET DRIVER",6025
"NETWORKING DRIVERS","USB NETWORKING DRIVERS",54215
"NETWORKING DRIVERS","USB PEGASUS DRIVER",1640
"NETWORKING DRIVERS","USB QMI WWAN NETWORK DRIVER",1674
"NETWORKING DRIVERS","USB RTL8150 DRIVER",957
"NETWORKING DRIVERS","USB SMSC75XX ETHERNET DRIVER",2763
"NETWORKING DRIVERS","USB SMSC95XX ETHERNET DRIVER",2485
"NETWORKING DRIVERS","USB USBNET DRIVER FRAMEWORK",2517
"NETWORKING DRIVERS","VIA RHINE NETWORK DRIVER",2629
"NETWORKING DRIVERS","VIA VELOCITY NETWORK DRIVER",5270
"NETWORKING DRIVERS","VMWARE VMXNET3 ETHERNET DRIVER",7821
"NETWORKING DRIVERS","VRF",2534
"NETWORKING DRIVERS","WANGXUN ETHERNET DRIVER",9892
"NETWORKING DRIVERS","WIREGUARD SECURE NETWORK TUNNEL",8885
"NETWORKING DRIVERS","WWAN DRIVERS",27548
"NETWORKING DRIVERS","XEN NETWORK BACKEND DRIVER",5385
"NETWORKING DRIVERS","XILINX CAN DRIVER",2124
"NETWORKING DRIVERS","YAM DRIVER FOR AX.25",1258
"NETWORKING DRIVERS","Z8530 DRIVER FOR AX.25",3107
"NETWORKING DRIVERS (WIRELESS)","ADM8211 WIRELESS DRIVER",2597
"NETWORKING DRIVERS (WIRELESS)","ATHEROS ATH GENERIC UTILITIES",4264
"NETWORKING DRIVERS (WIRELESS)","ATHEROS ATH5K WIRELESS DRIVER",27021
"NETWORKING DRIVERS (WIRELESS)","ATHEROS ATH6KL WIRELESS DRIVER",30875
"NETWORKING DRIVERS (WIRELESS)","ATMEL WIRELESS DRIVER",4840
"NETWORKING DRIVERS (WIRELESS)","B43 WIRELESS DRIVER",56689
"NETWORKING DRIVERS (WIRELESS)","B43LEGACY WIRELESS DRIVER",14620
"NETWORKING DRIVERS (WIRELESS)","BROADCOM BRCM80211 IEEE802.11n WIRELESS DRIVER",115950
"NETWORKING DRIVERS (WIRELESS)","CARL9170 LINUX COMMUNITY WIRELESS DRIVER",13716
"NETWORKING DRIVERS (WIRELESS)","CW1200 WLAN driver",13471
"NETWORKING DRIVERS (WIRELESS)","HOST AP DRIVER",18888
"NETWORKING DRIVERS (WIRELESS)","INTEL PRO/WIRELESS 2100, 2200BG, 2915ABG NETWORK CONNECTION SUPPORT",29195
"NETWORKING DRIVERS (WIRELESS)","INTEL WIRELESS 3945ABG/BG, 4965AGN (iwlegacy)",37682
"NETWORKING DRIVERS (WIRELESS)","INTEL WIRELESS WIFI LINK (iwlwifi)",144610
"NETWORKING DRIVERS (WIRELESS)","MARVELL LIBERTAS WIRELESS DRIVER",15804
"NETWORKING DRIVERS (WIRELESS)","MARVELL MWIFIEX WIRELESS DRIVER",45989
"NETWORKING DRIVERS (WIRELESS)","MARVELL MWL8K WIRELESS DRIVER",6373
"NETWORKING DRIVERS (WIRELESS)","MEDIATEK MT76 WIRELESS LAN DRIVER",103085
"NETWORKING DRIVERS (WIRELESS)","MEDIATEK MT7601U WIRELESS LAN DRIVER",7793
"NETWORKING DRIVERS (WIRELESS)","MICROCHIP WILC1000 WIFI DRIVER",11485
"NETWORKING DRIVERS (WIRELESS)","NETWORKING DRIVERS (WIRELESS)",1815280
"NETWORKING DRIVERS (WIRELESS)","ORINOCO DRIVER",12805
"NETWORKING DRIVERS (WIRELESS)","P54 WIRELESS DRIVER",8462
"NETWORKING DRIVERS (WIRELESS)","PURELIFI PLFXLC DRIVER",2542
"NETWORKING DRIVERS (WIRELESS)","QUALCOMM ATH12K WIRELESS DRIVER",54915
"NETWORKING DRIVERS (WIRELESS)","QUALCOMM ATHEROS ATH10K WIRELESS DRIVER",85175
"NETWORKING DRIVERS (WIRELESS)","QUALCOMM ATHEROS ATH11K WIRELESS DRIVER",78783
"NETWORKING DRIVERS (WIRELESS)","QUALCOMM ATHEROS ATH9K WIRELESS DRIVER",88525
"NETWORKING DRIVERS (WIRELESS)","QUALCOMM WCN36XX WIRELESS DRIVER",14011
"NETWORKING DRIVERS (WIRELESS)","QUANTENNA QTNFMAC WIRELESS DRIVER",12716
"NETWORKING DRIVERS (WIRELESS)","RALINK RT2X00 WIRELESS LAN DRIVER",47168
"NETWORKING DRIVERS (WIRELESS)","RAYLINK/WEBGEAR 802.11 WIRELESS LAN DRIVER",3632
"NETWORKING DRIVERS (WIRELESS)","REALTEK WIRELESS DRIVER (rtlwifi family)",166152
"NETWORKING DRIVERS (WIRELESS)","REALTEK WIRELESS DRIVER (rtw88)",121277
"NETWORKING DRIVERS (WIRELESS)","REALTEK WIRELESS DRIVER (rtw89)",245142
"NETWORKING DRIVERS (WIRELESS)","REDPINE WIRELESS DRIVER",12247
"NETWORKING DRIVERS (WIRELESS)","RTL8180 WIRELESS DRIVER",4123
"NETWORKING DRIVERS (WIRELESS)","RTL8187 WIRELESS DRIVER",3354
"NETWORKING DRIVERS (WIRELESS)","RTL8XXXU WIRELESS DRIVER (rtl8xxxu)",23882
"NETWORKING DRIVERS (WIRELESS)","SILICON LABS WIRELESS DRIVERS (for WFxxx series)",8478
"NETWORKING DRIVERS (WIRELESS)","TI WILINK WIRELESS DRIVERS",45005
"NETWORKING DRIVERS (WIRELESS)","USB AR5523 WIRELESS DRIVER",2400
"NETWORKING DRIVERS (WIRELESS)","USB WIRELESS RNDIS DRIVER (rndis_wlan)",3760
"NETWORKING DRIVERS (WIRELESS)","USB ZD1201 DRIVER",2053
"NETWORKING DRIVERS (WIRELESS)","WILOCITY WIL6210 WIRELESS DRIVER",28857
"NETWORKING DRIVERS (WIRELESS)","WL3501 WIRELESS PCMCIA CARD DRIVER",2651
"NETWORKING DRIVERS (WIRELESS)","ZD1211RW WIRELESS DRIVER",8742
"NITRO ENCLAVES (NE)","NITRO ENCLAVES (NE)",4408
"NOHZ, DYNTICKS SUPPORT","NOHZ, DYNTICKS SUPPORT",4356
"NOVATEK NVT-TS I2C TOUCHSCREEN DRIVER","NOVATEK NVT-TS I2C TOUCHSCREEN DRIVER",299
"NSDEPS","NSDEPS",217
"NTB DRIVER CORE","NTB AMD DRIVER",1588
"NTB DRIVER CORE","NTB DRIVER CORE",26104
"NTB DRIVER CORE","NTB IDT DRIVER",4171
"NTB DRIVER CORE","NTB INTEL DRIVER",3987
"NTB DRIVER CORE","PCI DRIVER FOR MICROSEMI SWITCHTEC",4350
"NTFS FILESYSTEM","NTFS FILESYSTEM",29290
"NTFS3 FILESYSTEM","NTFS3 FILESYSTEM",32651
"NUBUS SUBSYSTEM","NUBUS SUBSYSTEM",1669
"NVIDIA WMI EC BACKLIGHT DRIVER","NVIDIA WMI EC BACKLIGHT DRIVER",219
"NVM EXPRESS DRIVER","NVM EXPRESS DRIVER",32500
"NVM EXPRESS DRIVER","NVM EXPRESS FABRICS AUTHENTICATION",2142
"NVM EXPRESS DRIVER","NVM EXPRESS FC TRANSPORT DRIVERS",10131
"NVM EXPRESS DRIVER","NVM EXPRESS TARGET DRIVER",19780
"NVM EXPRESS HARDWARE MONITORING SUPPORT","NVM EXPRESS HARDWARE MONITORING SUPPORT",281
"OBJAGG","OBJAGG",2135
"OBJPOOL","OBJPOOL",1150
"OBJTOOL","OBJTOOL",10302
"OMAP HARDWARE SPINLOCK SUPPORT","OMAP HARDWARE SPINLOCK SUPPORT",196
"OMAP RANDOM NUMBER GENERATOR SUPPORT","OMAP RANDOM NUMBER GENERATOR SUPPORT",569
"OMFS FILESYSTEM","OMFS FILESYSTEM",1941
"ONBOARD USB HUB DRIVER","ONBOARD USB HUB DRIVER",490
"ONEXPLAYER FAN DRIVER","ONEXPLAYER FAN DRIVER",493
"OP-TEE RANDOM NUMBER GENERATOR (RNG) DRIVER","OP-TEE RANDOM NUMBER GENERATOR (RNG) DRIVER",305
"OP-TEE RTC DRIVER","OP-TEE RTC DRIVER",362
"OPEN FIRMWARE AND FLATTENED DEVICE TREE BINDINGS","ALTERA SYSTEM RESOURCE DRIVER FOR ARRIA10 DEVKIT",509
"OPEN FIRMWARE AND FLATTENED DEVICE TREE BINDINGS","ANDROID GOLDFISH RTC DRIVER",223
"OPEN FIRMWARE AND FLATTENED DEVICE TREE BINDINGS","APPLIED MICRO (APM) X-GENE DEVICE TREE SUPPORT",2107
"OPEN FIRMWARE AND FLATTENED DEVICE TREE BINDINGS","ARM ARCHITECTED TIMER DRIVER",2214
"OPEN FIRMWARE AND FLATTENED DEVICE TREE BINDINGS","ARM INTEGRATOR, VERSATILE AND REALVIEW SUPPORT",11614
"OPEN FIRMWARE AND FLATTENED DEVICE TREE BINDINGS","ARM PRIMECELL PL35X SMC DRIVER",326
"OPEN FIRMWARE AND FLATTENED DEVICE TREE BINDINGS","ARM SMC WATCHDOG DRIVER",227
"OPEN FIRMWARE AND FLATTENED DEVICE TREE BINDINGS","ARM/ACTIONS SEMI ARCHITECTURE",24293
"OPEN FIRMWARE AND FLATTENED DEVICE TREE BINDINGS","ARM/Allwinner SoC Clock Support",5007
"OPEN FIRMWARE AND FLATTENED DEVICE TREE BINDINGS","ARM/Allwinner sunXi SoC support",199014
"OPEN FIRMWARE AND FLATTENED DEVICE TREE BINDINGS","ARM/Amlogic Meson SoC CLOCK FRAMEWORK",29953
"OPEN FIRMWARE AND FLATTENED DEVICE TREE BINDINGS","ARM/Amlogic Meson SoC support",136746
"OPEN FIRMWARE AND FLATTENED DEVICE TREE BINDINGS","ARM/Annapurna Labs ALPINE ARCHITECTURE",1411
"OPEN FIRMWARE AND FLATTENED DEVICE TREE BINDINGS","ARM/APPLE MACHINE SUPPORT",23202
"OPEN FIRMWARE AND FLATTENED DEVICE TREE BINDINGS","ARM/ARTPEC MACHINE SUPPORT",6782
"OPEN FIRMWARE AND FLATTENED DEVICE TREE BINDINGS","ARM/ASPEED MACHINE SUPPORT",81709
"OPEN FIRMWARE AND FLATTENED DEVICE TREE BINDINGS","ARM/BITMAIN ARCHITECTURE",2933
"OPEN FIRMWARE AND FLATTENED DEVICE TREE BINDINGS","ARM/CIRRUS LOGIC CLPS711X ARM ARCHITECTURE",2662
"OPEN FIRMWARE AND FLATTENED DEVICE TREE BINDINGS","ARM/CONEXANT DIGICOLOR MACHINE SUPPORT",2415
"OPEN FIRMWARE AND FLATTENED DEVICE TREE BINDINGS","ARM/CORTINA SYSTEMS GEMINI ARM ARCHITECTURE",11026
"OPEN FIRMWARE AND FLATTENED DEVICE TREE BINDINGS","ARM/CZ.NIC TURRIS SUPPORT",3210
"OPEN FIRMWARE AND FLATTENED DEVICE TREE BINDINGS","ARM/FREESCALE IMX / MXC ARM ARCHITECTURE",411762
"OPEN FIRMWARE AND FLATTENED DEVICE TREE BINDINGS","ARM/FREESCALE LAYERSCAPE ARM ARCHITECTURE",20008
"OPEN FIRMWARE AND FLATTENED DEVICE TREE BINDINGS","ARM/FREESCALE VYBRID ARM ARCHITECTURE",7276
"OPEN FIRMWARE AND FLATTENED DEVICE TREE BINDINGS","ARM/HISILICON SOC SUPPORT",17021
"OPEN FIRMWARE AND FLATTENED DEVICE TREE BINDINGS","ARM/IGEP MACHINE SUPPORT",857
"OPEN FIRMWARE AND FLATTENED DEVICE TREE BINDINGS","ARM/INTEL IXP4XX ARM ARCHITECTURE",11065
"OPEN FIRMWARE AND FLATTENED DEVICE TREE BINDINGS","ARM/INTEL KEEMBAY ARCHITECTURE",184
"OPEN FIRMWARE AND FLATTENED DEVICE TREE BINDINGS","ARM/LG1K ARCHITECTURE",787
"OPEN FIRMWARE AND FLATTENED DEVICE TREE BINDINGS","ARM/LPC18XX ARCHITECTURE",9872
"OPEN FIRMWARE AND FLATTENED DEVICE TREE BINDINGS","ARM/LPC32XX SOC SUPPORT",15987
"OPEN FIRMWARE AND FLATTENED DEVICE TREE BINDINGS","ARM/Marvell Kirkwood and Armada 370, 375, 38x, 39x, XP, 3700, 7K/8K, CN9130 SOC support",59405
"OPEN FIRMWARE AND FLATTENED DEVICE TREE BINDINGS","ARM/Mediatek RTC DRIVER",1220
"OPEN FIRMWARE AND FLATTENED DEVICE TREE BINDINGS","ARM/Mediatek SoC support",514914
"OPEN FIRMWARE AND FLATTENED DEVICE TREE BINDINGS","ARM/Mediatek USB3 PHY DRIVER",6020
"OPEN FIRMWARE AND FLATTENED DEVICE TREE BINDINGS","ARM/MICROCHIP (ARM64) SoC support",2404
"OPEN FIRMWARE AND FLATTENED DEVICE TREE BINDINGS","ARM/Microchip (AT91) SoC support",124223
"OPEN FIRMWARE AND FLATTENED DEVICE TREE BINDINGS","ARM/MILBEAUT ARCHITECTURE",3447
"OPEN FIRMWARE AND FLATTENED DEVICE TREE BINDINGS","ARM/MStar/Sigmastar Armv7 SoC support",3072
"OPEN FIRMWARE AND FLATTENED DEVICE TREE BINDINGS","ARM/NOMADIK/Ux500 ARCHITECTURES",34075
"OPEN FIRMWARE AND FLATTENED DEVICE TREE BINDINGS","ARM/NUVOTON MA35 ARCHITECTURE",3158
"OPEN FIRMWARE AND FLATTENED DEVICE TREE BINDINGS","ARM/NUVOTON NPCM ARCHITECTURE",20838
"OPEN FIRMWARE AND FLATTENED DEVICE TREE BINDINGS","ARM/NUVOTON WPCM450 ARCHITECTURE",3036
"OPEN FIRMWARE AND FLATTENED DEVICE TREE BINDINGS","ARM/QUALCOMM CHROMEBOOK SUPPORT",25954
"OPEN FIRMWARE AND FLATTENED DEVICE TREE BINDINGS","ARM/QUALCOMM SUPPORT",796813
"OPEN FIRMWARE AND FLATTENED DEVICE TREE BINDINGS","ARM/RDA MICRO ARCHITECTURE",1883
"OPEN FIRMWARE AND FLATTENED DEVICE TREE BINDINGS","ARM/REALTEK ARCHITECTURE",1601
"OPEN FIRMWARE AND FLATTENED DEVICE TREE BINDINGS","ARM/RISC-V/RENESAS ARCHITECTURE",96810
"OPEN FIRMWARE AND FLATTENED DEVICE TREE BINDINGS","ARM/Rockchip SoC support",215856
"OPEN FIRMWARE AND FLATTENED DEVICE TREE BINDINGS","ARM/SAMSUNG S3C, S5P AND EXYNOS ARM ARCHITECTURES",179796
"OPEN FIRMWARE AND FLATTENED DEVICE TREE BINDINGS","ARM/SOCFPGA ARCHITECTURE",7925
"OPEN FIRMWARE AND FLATTENED DEVICE TREE BINDINGS","ARM/SOCFPGA CLOCK FRAMEWORK SUPPORT",2849
"OPEN FIRMWARE AND FLATTENED DEVICE TREE BINDINGS","ARM/SPREADTRUM SoC SUPPORT",37790
"OPEN FIRMWARE AND FLATTENED DEVICE TREE BINDINGS","ARM/STI ARCHITECTURE",18237
"OPEN FIRMWARE AND FLATTENED DEVICE TREE BINDINGS","ARM/STM32 ARCHITECTURE",240981
"OPEN FIRMWARE AND FLATTENED DEVICE TREE BINDINGS","ARM/SUNPLUS SP7021 SOC SUPPORT",2093
"OPEN FIRMWARE AND FLATTENED DEVICE TREE BINDINGS","ARM/Synaptics SoC support",2734
"OPEN FIRMWARE AND FLATTENED DEVICE TREE BINDINGS","ARM/TESLA FSD SoC SUPPORT",1529
"OPEN FIRMWARE AND FLATTENED DEVICE TREE BINDINGS","ARM/TEXAS INSTRUMENT AEMIF/EMIF DRIVERS",3248
"OPEN FIRMWARE AND FLATTENED DEVICE TREE BINDINGS","ARM/TEXAS INSTRUMENT KEYSTONE ARCHITECTURE",5811
"OPEN FIRMWARE AND FLATTENED DEVICE TREE BINDINGS","ARM/TEXAS INSTRUMENT KEYSTONE CLOCK FRAMEWORK",1598
"OPEN FIRMWARE AND FLATTENED DEVICE TREE BINDINGS","ARM/TEXAS INSTRUMENTS K3 ARCHITECTURE",41081
"OPEN FIRMWARE AND FLATTENED DEVICE TREE BINDINGS","ARM/TOSHIBA VISCONTI ARCHITECTURE",4593
"OPEN FIRMWARE AND FLATTENED DEVICE TREE BINDINGS","ARM/UNIPHIER ARCHITECTURE",37593
"OPEN FIRMWARE AND FLATTENED DEVICE TREE BINDINGS","ARM/VERSATILE EXPRESS PLATFORM",13173
"OPEN FIRMWARE AND FLATTENED DEVICE TREE BINDINGS","ARM/VT8500 ARM ARCHITECTURE",5019
"OPEN FIRMWARE AND FLATTENED DEVICE TREE BINDINGS","ARM/ZYNQ ARCHITECTURE",89941
"OPEN FIRMWARE AND FLATTENED DEVICE TREE BINDINGS","ASPEED PECI CONTROLLER",671
"OPEN FIRMWARE AND FLATTENED DEVICE TREE BINDINGS","ASPEED PINCTRL DRIVERS",10433
"OPEN FIRMWARE AND FLATTENED DEVICE TREE BINDINGS","ATC260X PMIC MFD DRIVER",2310
"OPEN FIRMWARE AND FLATTENED DEVICE TREE BINDINGS","ATHEROS 71XX/9XXX USB PHY DRIVER",127
"OPEN FIRMWARE AND FLATTENED DEVICE TREE BINDINGS","ATM",32970
"OPEN FIRMWARE AND FLATTENED DEVICE TREE BINDINGS","AXENTIA ARM DEVICES",983
"OPEN FIRMWARE AND FLATTENED DEVICE TREE BINDINGS","BLUETOOTH DRIVERS",41279
"OPEN FIRMWARE AND FLATTENED DEVICE TREE BINDINGS","BROADCOM BCM2711/BCM2835 ARM ARCHITECTURE",42926
"OPEN FIRMWARE AND FLATTENED DEVICE TREE BINDINGS","BROADCOM BCM281XX/BCM11XXX/BCM216XX ARM ARCHITECTURE",11538
"OPEN FIRMWARE AND FLATTENED DEVICE TREE BINDINGS","BROADCOM BCM4908 PINMUX DRIVER",636
"OPEN FIRMWARE AND FLATTENED DEVICE TREE BINDINGS","BROADCOM BCM5301X ARM ARCHITECTURE",6452
"OPEN FIRMWARE AND FLATTENED DEVICE TREE BINDINGS","BROADCOM BCM53573 ARM ARCHITECTURE",571
"OPEN FIRMWARE AND FLATTENED DEVICE TREE BINDINGS","BROADCOM BCM7XXX ARM ARCHITECTURE",13604
"OPEN FIRMWARE AND FLATTENED DEVICE TREE BINDINGS","BROADCOM BCMBCA ARM ARCHITECTURE",5384
"OPEN FIRMWARE AND FLATTENED DEVICE TREE BINDINGS","BROADCOM BRCMSTB USB2 and USB3 PHY DRIVER",2395
"OPEN FIRMWARE AND FLATTENED DEVICE TREE BINDINGS","BROADCOM IPROC ARM ARCHITECTURE",28367
"OPEN FIRMWARE AND FLATTENED DEVICE TREE BINDINGS","BROADCOM PMB (POWER MANAGEMENT BUS) DRIVER",375
"OPEN FIRMWARE AND FLATTENED DEVICE TREE BINDINGS","BROADCOM STB DPFE DRIVER",995
"OPEN FIRMWARE AND FLATTENED DEVICE TREE BINDINGS","BUS FREQUENCY DRIVER FOR SAMSUNG EXYNOS",841
"OPEN FIRMWARE AND FLATTENED DEVICE TREE BINDINGS","CANAAN/KENDRYTE K210 SOC FPIOA DRIVER",1182
"OPEN FIRMWARE AND FLATTENED DEVICE TREE BINDINGS","CANAAN/KENDRYTE K210 SOC RESET CONTROLLER DRIVER",170
"OPEN FIRMWARE AND FLATTENED DEVICE TREE BINDINGS","CANAAN/KENDRYTE K210 SOC SYSTEM CONTROLLER DRIVER",244
"OPEN FIRMWARE AND FLATTENED DEVICE TREE BINDINGS","CIRRUS LOGIC LOCHNAGAR DRIVER",4347
"OPEN FIRMWARE AND FLATTENED DEVICE TREE BINDINGS","CLOCKSOURCE, CLOCKEVENT DRIVERS",34408
"OPEN FIRMWARE AND FLATTENED DEVICE TREE BINDINGS","COMMON CLK FRAMEWORK",704566
"OPEN FIRMWARE AND FLATTENED DEVICE TREE BINDINGS","CYPRESS CY8C95X0 PINCTRL DRIVER",1468
"OPEN FIRMWARE AND FLATTENED DEVICE TREE BINDINGS","DALLAS/MAXIM DS1685-FAMILY REAL TIME CLOCK",1810
"OPEN FIRMWARE AND FLATTENED DEVICE TREE BINDINGS","DEVICE FREQUENCY (DEVFREQ)",10705
"OPEN FIRMWARE AND FLATTENED DEVICE TREE BINDINGS","DEVICE FREQUENCY EVENT (DEVFREQ-EVENT)",3134
"OPEN FIRMWARE AND FLATTENED DEVICE TREE BINDINGS","DH ELECTRONICS IMX6 DHCOM/DHCOR BOARD SUPPORT",3248
"OPEN FIRMWARE AND FLATTENED DEVICE TREE BINDINGS","DH ELECTRONICS STM32MP1 DHCOM/DHCOR BOARD SUPPORT",2754
"OPEN FIRMWARE AND FLATTENED DEVICE TREE BINDINGS","DIALOG SEMICONDUCTOR DRIVERS",46499
"OPEN FIRMWARE AND FLATTENED DEVICE TREE BINDINGS","DMC FREQUENCY DRIVER FOR SAMSUNG EXYNOS5422",1732
"OPEN FIRMWARE AND FLATTENED DEVICE TREE BINDINGS","DRM DRIVERS FOR MEDIATEK",20830
"OPEN FIRMWARE AND FLATTENED DEVICE TREE BINDINGS","EDAC-AST2500",427
"OPEN FIRMWARE AND FLATTENED DEVICE TREE BINDINGS","EDAC-NPCM",594
"OPEN FIRMWARE AND FLATTENED DEVICE TREE BINDINGS","EXTERNAL CONNECTOR SUBSYSTEM (EXTCON)",15907
"OPEN FIRMWARE AND FLATTENED DEVICE TREE BINDINGS","GATEWORKS SYSTEM CONTROLLER (GSC) DRIVER",1062
"OPEN FIRMWARE AND FLATTENED DEVICE TREE BINDINGS","GENERIC PHY FRAMEWORK",134765
"OPEN FIRMWARE AND FLATTENED DEVICE TREE BINDINGS","GENERIC PM DOMAIN PROVIDERS",24990
"OPEN FIRMWARE AND FLATTENED DEVICE TREE BINDINGS","GNSS SUBSYSTEM",2345
"OPEN FIRMWARE AND FLATTENED DEVICE TREE BINDINGS","HEWLETT PACKARD ENTERPRISE ILO NMI WATCHDOG DRIVER",495
"OPEN FIRMWARE AND FLATTENED DEVICE TREE BINDINGS","HISILICON SPMI PMIC DRIVER FOR HIKEY 6421v600",203
"OPEN FIRMWARE AND FLATTENED DEVICE TREE BINDINGS","HTE SUBSYSTEM",2718
"OPEN FIRMWARE AND FLATTENED DEVICE TREE BINDINGS","Hyper-V/Azure CORE AND DRIVERS",54777
"OPEN FIRMWARE AND FLATTENED DEVICE TREE BINDINGS","IDT VersaClock 5 CLOCK DRIVER",1543
"OPEN FIRMWARE AND FLATTENED DEVICE TREE BINDINGS","INGENIC JZ47xx SoCs",30287
"OPEN FIRMWARE AND FLATTENED DEVICE TREE BINDINGS","INTEL MAX 10 BMC MFD DRIVER",2066
"OPEN FIRMWARE AND FLATTENED DEVICE TREE BINDINGS","INTEL PMIC MULTIFUNCTION DEVICE DRIVERS",1674
"OPEN FIRMWARE AND FLATTENED DEVICE TREE BINDINGS","INTERCONNECT API",53954
"OPEN FIRMWARE AND FLATTENED DEVICE TREE BINDINGS","IPMI SUBSYSTEM",24008
"OPEN FIRMWARE AND FLATTENED DEVICE TREE BINDINGS","LED SUBSYSTEM",58526
"OPEN FIRMWARE AND FLATTENED DEVICE TREE BINDINGS","LEGO MINDSTORMS EV3",753
"OPEN FIRMWARE AND FLATTENED DEVICE TREE BINDINGS","LITEX PLATFORM",2121
"OPEN FIRMWARE AND FLATTENED DEVICE TREE BINDINGS","LOONGSON-2 SOC SERIES CLOCK DRIVER",434
"OPEN FIRMWARE AND FLATTENED DEVICE TREE BINDINGS","LOONGSON-2 SOC SERIES PINCTRL DRIVER",434
"OPEN FIRMWARE AND FLATTENED DEVICE TREE BINDINGS","LYNX 28G SERDES PHY DRIVER",685
"OPEN FIRMWARE AND FLATTENED DEVICE TREE BINDINGS","MAILBOX API",21929
"OPEN FIRMWARE AND FLATTENED DEVICE TREE BINDINGS","MAILBOX ARM MHUv2",1365
"OPEN FIRMWARE AND FLATTENED DEVICE TREE BINDINGS","MARVELL ARMADA 3700 PHY DRIVERS",1797
"OPEN FIRMWARE AND FLATTENED DEVICE TREE BINDINGS","MARVELL MACCHIATOBIN SUPPORT",45
"OPEN FIRMWARE AND FLATTENED DEVICE TREE BINDINGS","MAXIM MAX20086 CAMERA POWER PROTECTOR DRIVER",437
"OPEN FIRMWARE AND FLATTENED DEVICE TREE BINDINGS","MAXIM MAX77650 PMIC MFD DRIVER",1811
"OPEN FIRMWARE AND FLATTENED DEVICE TREE BINDINGS","MAXIM MAX77714 PMIC MFD DRIVER",280
"OPEN FIRMWARE AND FLATTENED DEVICE TREE BINDINGS","MAXIM MAX77802 PMIC REGULATOR DEVICE DRIVER",881
"OPEN FIRMWARE AND FLATTENED DEVICE TREE BINDINGS","MAXIM PMIC AND MUIC DRIVERS FOR EXYNOS BASED BOARDS",9746
"OPEN FIRMWARE AND FLATTENED DEVICE TREE BINDINGS","MEDIATEK BLUETOOTH DRIVER",1115
"OPEN FIRMWARE AND FLATTENED DEVICE TREE BINDINGS","MEDIATEK BOARD LEVEL SHUTDOWN DRIVERS",119
"OPEN FIRMWARE AND FLATTENED DEVICE TREE BINDINGS","MEDIATEK ETHERNET DRIVER",17068
"OPEN FIRMWARE AND FLATTENED DEVICE TREE BINDINGS","MEDIATEK IOMMU DRIVER",5023
"OPEN FIRMWARE AND FLATTENED DEVICE TREE BINDINGS","MEDIATEK MT7621 CLOCK DRIVER",663
"OPEN FIRMWARE AND FLATTENED DEVICE TREE BINDINGS","MEDIATEK MT7621 PHY PCI DRIVER",400
"OPEN FIRMWARE AND FLATTENED DEVICE TREE BINDINGS","MEDIATEK MTMIPS CLOCK DRIVER",1171
"OPEN FIRMWARE AND FLATTENED DEVICE TREE BINDINGS","MEDIATEK PMIC LED DRIVER",798
"OPEN FIRMWARE AND FLATTENED DEVICE TREE BINDINGS","MEDIATEK SMI DRIVER",1228
"OPEN FIRMWARE AND FLATTENED DEVICE TREE BINDINGS","MELLANOX MLXCPLD LED DRIVER",851
"OPEN FIRMWARE AND FLATTENED DEVICE TREE BINDINGS","MEMORY CONTROLLER DRIVERS",47776
"OPEN FIRMWARE AND FLATTENED DEVICE TREE BINDINGS","MEMORY FREQUENCY SCALING DRIVERS FOR NVIDIA TEGRA",983
"OPEN FIRMWARE AND FLATTENED DEVICE TREE BINDINGS","MEN F21BMC (Board Management Controller)",701
"OPEN FIRMWARE AND FLATTENED DEVICE TREE BINDINGS","METHODE UDPU SUPPORT",263
"OPEN FIRMWARE AND FLATTENED DEVICE TREE BINDINGS","MICROCHIP AT91 SERIAL DRIVER",3417
"OPEN FIRMWARE AND FLATTENED DEVICE TREE BINDINGS","MICROCHIP AT91 USART MFD DRIVER",277
"OPEN FIRMWARE AND FLATTENED DEVICE TREE BINDINGS","MICROCHIP AT91 USART SPI DRIVER",853
"OPEN FIRMWARE AND FLATTENED DEVICE TREE BINDINGS","MICROCHIP MCP16502 PMIC DRIVER",746
"OPEN FIRMWARE AND FLATTENED DEVICE TREE BINDINGS","MICROCHIP OTPC DRIVER",352
"OPEN FIRMWARE AND FLATTENED DEVICE TREE BINDINGS","MICROCHIP PWM DRIVER",605
"OPEN FIRMWARE AND FLATTENED DEVICE TREE BINDINGS","MICROCHIP SAMA5D2-COMPATIBLE SHUTDOWN CONTROLLER",569
"OPEN FIRMWARE AND FLATTENED DEVICE TREE BINDINGS","MICROCHIP SSC DRIVER",666
"OPEN FIRMWARE AND FLATTENED DEVICE TREE BINDINGS","MICROSOFT MANA RDMA DRIVER",3655
"OPEN FIRMWARE AND FLATTENED DEVICE TREE BINDINGS","MIKROTIK CRS3XX 98DX3236 BOARD SUPPORT",180
"OPEN FIRMWARE AND FLATTENED DEVICE TREE BINDINGS","MMP SUPPORT",2408
"OPEN FIRMWARE AND FLATTENED DEVICE TREE BINDINGS","MMP USB PHY DRIVERS",633
"OPEN FIRMWARE AND FLATTENED DEVICE TREE BINDINGS","MONOLITHIC POWER SYSTEM PMIC DRIVER",2244
"OPEN FIRMWARE AND FLATTENED DEVICE TREE BINDINGS","MULTIFUNCTION DEVICES (MFD)",212839
"OPEN FIRMWARE AND FLATTENED DEVICE TREE BINDINGS","NETRONIX EMBEDDED CONTROLLER",698
"OPEN FIRMWARE AND FLATTENED DEVICE TREE BINDINGS","NVMEM FRAMEWORK",14725
"OPEN FIRMWARE AND FLATTENED DEVICE TREE BINDINGS","NXP BLUETOOTH WIRELESS DRIVERS",1459
"OPEN FIRMWARE AND FLATTENED DEVICE TREE BINDINGS","NXP i.MX CLOCK DRIVERS",25384
"OPEN FIRMWARE AND FLATTENED DEVICE TREE BINDINGS","NXP PF8100/PF8121A/PF8200 PMIC REGULATOR DEVICE DRIVER",810
"OPEN FIRMWARE AND FLATTENED DEVICE TREE BINDINGS","NXP PTN5150A CC LOGIC AND EXTCON DRIVER",421
"OPEN FIRMWARE AND FLATTENED DEVICE TREE BINDINGS","OCELOT EXTERNAL SWITCH CONTROL",977
"OPEN FIRMWARE AND FLATTENED DEVICE TREE BINDINGS","OMAP DEVICE TREE SUPPORT",89386
"OPEN FIRMWARE AND FLATTENED DEVICE TREE BINDINGS","OMAP GENERAL PURPOSE MEMORY CONTROLLER SUPPORT",2771
"OPEN FIRMWARE AND FLATTENED DEVICE TREE BINDINGS","OMAP/NEWFLOW NANOBONE MACHINE SUPPORT",492
"OPEN FIRMWARE AND FLATTENED DEVICE TREE BINDINGS","ONIE TLV NVMEM LAYOUT DRIVER",391
"OPEN FIRMWARE AND FLATTENED DEVICE TREE BINDINGS","OPEN FIRMWARE AND FLATTENED DEVICE TREE BINDINGS",2105815
"OPEN FIRMWARE AND FLATTENED DEVICE TREE BINDINGS","OPERATING PERFORMANCE POINTS (OPP)",8545
"OPEN FIRMWARE AND FLATTENED DEVICE TREE BINDINGS","PECI SUBSYSTEM",2896
"OPEN FIRMWARE AND FLATTENED DEVICE TREE BINDINGS","PIN CONTROL SUBSYSTEM",541483
"OPEN FIRMWARE AND FLATTENED DEVICE TREE BINDINGS","PIN CONTROLLER - AMD",1204
"OPEN FIRMWARE AND FLATTENED DEVICE TREE BINDINGS","PIN CONTROLLER - FREESCALE",15526
"OPEN FIRMWARE AND FLATTENED DEVICE TREE BINDINGS","PIN CONTROLLER - INTEL",16593
"OPEN FIRMWARE AND FLATTENED DEVICE TREE BINDINGS","PIN CONTROLLER - KEEMBAY",1716
"OPEN FIRMWARE AND FLATTENED DEVICE TREE BINDINGS","PIN CONTROLLER - MEDIATEK",55657
"OPEN FIRMWARE AND FLATTENED DEVICE TREE BINDINGS","PIN CONTROLLER - MEDIATEK MIPS",3316
"OPEN FIRMWARE AND FLATTENED DEVICE TREE BINDINGS","PIN CONTROLLER - MICROCHIP AT91",3517
"OPEN FIRMWARE AND FLATTENED DEVICE TREE BINDINGS","PIN CONTROLLER - NXP S32",1954
"OPEN FIRMWARE AND FLATTENED DEVICE TREE BINDINGS","PIN CONTROLLER - QUALCOMM",73887
"OPEN FIRMWARE AND FLATTENED DEVICE TREE BINDINGS","PIN CONTROLLER - RENESAS",120765
"OPEN FIRMWARE AND FLATTENED DEVICE TREE BINDINGS","PIN CONTROLLER - SAMSUNG",5904
"OPEN FIRMWARE AND FLATTENED DEVICE TREE BINDINGS","PIN CONTROLLER - SINGLE",1995
"OPEN FIRMWARE AND FLATTENED DEVICE TREE BINDINGS","PIN CONTROLLER - SUNPLUS / TIBBO",2503
"OPEN FIRMWARE AND FLATTENED DEVICE TREE BINDINGS","PWM SUBSYSTEM",30343
"OPEN FIRMWARE AND FLATTENED DEVICE TREE BINDINGS","QCOM EMBEDDED USB DEBUGGER (EUD)",337
"OPEN FIRMWARE AND FLATTENED DEVICE TREE BINDINGS","QUALCOMM CLOCK DRIVERS",261923
"OPEN FIRMWARE AND FLATTENED DEVICE TREE BINDINGS","QUALCOMM CORE POWER REDUCTION (CPR) AVS DRIVER",1910
"OPEN FIRMWARE AND FLATTENED DEVICE TREE BINDINGS","QUALCOMM ETHQOS ETHERNET DRIVER",959
"OPEN FIRMWARE AND FLATTENED DEVICE TREE BINDINGS","QUALCOMM INTERCONNECT BWMON DRIVER",1003
"OPEN FIRMWARE AND FLATTENED DEVICE TREE BINDINGS","QUALCOMM IPCC MAILBOX DRIVER",487
"OPEN FIRMWARE AND FLATTENED DEVICE TREE BINDINGS","QUALCOMM IPQ4019 USB PHY DRIVER",197
"OPEN FIRMWARE AND FLATTENED DEVICE TREE BINDINGS","QUALCOMM IPQ4019 VQMMC REGULATOR DRIVER",143
"OPEN FIRMWARE AND FLATTENED DEVICE TREE BINDINGS","QUALCOMM QSEECOM UEFISECAPP DRIVER",871
"OPEN FIRMWARE AND FLATTENED DEVICE TREE BINDINGS","REAL TIME CLOCK (RTC) SUBSYSTEM",85516
"OPEN FIRMWARE AND FLATTENED DEVICE TREE BINDINGS","REALTEK OTTO WATCHDOG",462
"OPEN FIRMWARE AND FLATTENED DEVICE TREE BINDINGS","REMOTE PROCESSOR (REMOTEPROC) SUBSYSTEM",37951
"OPEN FIRMWARE AND FLATTENED DEVICE TREE BINDINGS","REMOTE PROCESSOR MESSAGING (RPMSG) SUBSYSTEM",9064
"OPEN FIRMWARE AND FLATTENED DEVICE TREE BINDINGS","RENESAS CLOCK DRIVERS",18331
"OPEN FIRMWARE AND FLATTENED DEVICE TREE BINDINGS","RENESAS RZ/N1 RTC CONTROLLER DRIVER",489
"OPEN FIRMWARE AND FLATTENED DEVICE TREE BINDINGS","RENESAS USB PHY DRIVER",997
"OPEN FIRMWARE AND FLATTENED DEVICE TREE BINDINGS","RENESAS VERSACLOCK 7 CLOCK DRIVER",1373
"OPEN FIRMWARE AND FLATTENED DEVICE TREE BINDINGS","RESET CONTROLLER FRAMEWORK",22422
"OPEN FIRMWARE AND FLATTENED DEVICE TREE BINDINGS","RISC-V MICROCHIP FPGA SUPPORT",7776
"OPEN FIRMWARE AND FLATTENED DEVICE TREE BINDINGS","ROCKCHIP CRYPTO DRIVERS",1940
"OPEN FIRMWARE AND FLATTENED DEVICE TREE BINDINGS","ROHM MULTIFUNCTION BD9571MWV-M PMIC DEVICE DRIVERS",1021
"OPEN FIRMWARE AND FLATTENED DEVICE TREE BINDINGS","ROHM POWER MANAGEMENT IC DEVICE DRIVERS",8225
"OPEN FIRMWARE AND FLATTENED DEVICE TREE BINDINGS","SAMSUNG EXYNOS PSEUDO RANDOM NUMBER GENERATOR (RNG) DRIVER",444
"OPEN FIRMWARE AND FLATTENED DEVICE TREE BINDINGS","SAMSUNG INTERCONNECT DRIVERS",212
"OPEN FIRMWARE AND FLATTENED DEVICE TREE BINDINGS","SAMSUNG MULTIFUNCTION PMIC DEVICE DRIVERS",7385
"OPEN FIRMWARE AND FLATTENED DEVICE TREE BINDINGS","SAMSUNG SOC CLOCK DRIVERS",33973
"OPEN FIRMWARE AND FLATTENED DEVICE TREE BINDINGS","SAMSUNG USB2 PHY DRIVER",1809
"OPEN FIRMWARE AND FLATTENED DEVICE TREE BINDINGS","SANCLOUD BEAGLEBONE ENHANCED DEVICE TREE",283
"OPEN FIRMWARE AND FLATTENED DEVICE TREE BINDINGS","SERIAL LOW-POWER INTER-CHIP MEDIA BUS (SLIMbus)",5037
"OPEN FIRMWARE AND FLATTENED DEVICE TREE BINDINGS","SIMPLEFB FB DRIVER",840
"OPEN FIRMWARE AND FLATTENED DEVICE TREE BINDINGS","SL28 CPLD MFD DRIVER",1239
"OPEN FIRMWARE AND FLATTENED DEVICE TREE BINDINGS","SL28 VPD NVMEM LAYOUT DRIVER",217
"OPEN FIRMWARE AND FLATTENED DEVICE TREE BINDINGS","SOLIDRUN CLEARFOG SUPPORT",629
"OPEN FIRMWARE AND FLATTENED DEVICE TREE BINDINGS","SOLIDRUN CUBOX-I/HUMMINGBOARD SUPPORT",2848
"OPEN FIRMWARE AND FLATTENED DEVICE TREE BINDINGS","SOUNDWIRE SUBSYSTEM",18936
"OPEN FIRMWARE AND FLATTENED DEVICE TREE BINDINGS","SPEAR PLATFORM/CLOCK/PINCTRL SUPPORT",21677
"OPEN FIRMWARE AND FLATTENED DEVICE TREE BINDINGS","STARFIVE DWMAC GLUE LAYER",311
"OPEN FIRMWARE AND FLATTENED DEVICE TREE BINDINGS","STARFIVE JH7110 DPHY RX DRIVER",303
"OPEN FIRMWARE AND FLATTENED DEVICE TREE BINDINGS","STARFIVE JH7110 PLL CLOCK DRIVER",553
"OPEN FIRMWARE AND FLATTENED DEVICE TREE BINDINGS","STARFIVE JH71X0 CLOCK DRIVERS",4016
"OPEN FIRMWARE AND FLATTENED DEVICE TREE BINDINGS","STARFIVE JH71X0 PCIE AND USB PHY DRIVER",464
"OPEN FIRMWARE AND FLATTENED DEVICE TREE BINDINGS","STARFIVE JH71X0 PINCTRL DRIVERS",4054
"OPEN FIRMWARE AND FLATTENED DEVICE TREE BINDINGS","STARFIVE JH71X0 RESET CONTROLLER DRIVERS",700
"OPEN FIRMWARE AND FLATTENED DEVICE TREE BINDINGS","STARFIVE JH71XX PMU CONTROLLER DRIVER",544
"OPEN FIRMWARE AND FLATTENED DEVICE TREE BINDINGS","STARFIVE WATCHDOG DRIVER",674
"OPEN FIRMWARE AND FLATTENED DEVICE TREE BINDINGS","STM32 TIMER/LPTIMER DRIVERS",3088
"OPEN FIRMWARE AND FLATTENED DEVICE TREE BINDINGS","STMMAC ETHERNET DRIVER",42627
"OPEN FIRMWARE AND FLATTENED DEVICE TREE BINDINGS","SUNPLUS OCOTP DRIVER",311
"OPEN FIRMWARE AND FLATTENED DEVICE TREE BINDINGS","SUNPLUS PWM DRIVER",276
"OPEN FIRMWARE AND FLATTENED DEVICE TREE BINDINGS","SUNPLUS RTC DRIVER",415
"OPEN FIRMWARE AND FLATTENED DEVICE TREE BINDINGS","SUNPLUS USB2 PHY DRIVER",386
"OPEN FIRMWARE AND FLATTENED DEVICE TREE BINDINGS","SUNPLUS WATCHDOG DRIVER",254
"OPEN FIRMWARE AND FLATTENED DEVICE TREE BINDINGS","SY8106A REGULATOR DRIVER",205
"OPEN FIRMWARE AND FLATTENED DEVICE TREE BINDINGS","SYNOPSYS ARC HSDK SDP pll clock driver",455
"OPEN FIRMWARE AND FLATTENED DEVICE TREE BINDINGS","SYNOPSYS ARC SDP clock driver",588
"OPEN FIRMWARE AND FLATTENED DEVICE TREE BINDINGS","SYNOPSYS AXS10x RESET CONTROLLER DRIVER",130
"OPEN FIRMWARE AND FLATTENED DEVICE TREE BINDINGS","SYNOPSYS HSDK RESET CONTROLLER DRIVER",180
"OPEN FIRMWARE AND FLATTENED DEVICE TREE BINDINGS","SYSTEM CONTROL & POWER/MANAGEMENT INTERFACE (SCPI/SCMI) Message Protocol drivers",22322
"OPEN FIRMWARE AND FLATTENED DEVICE TREE BINDINGS","SYSTEM RESET/SHUTDOWN DRIVERS",6926
"OPEN FIRMWARE AND FLATTENED DEVICE TREE BINDINGS","TEGRA ARCHITECTURE SUPPORT",339641
"OPEN FIRMWARE AND FLATTENED DEVICE TREE BINDINGS","TEGRA CLOCK DRIVER",22433
"OPEN FIRMWARE AND FLATTENED DEVICE TREE BINDINGS","TEGRA PWM DRIVER",441
"OPEN FIRMWARE AND FLATTENED DEVICE TREE BINDINGS","TEGRA XUSB PADCTL DRIVER",8807
"OPEN FIRMWARE AND FLATTENED DEVICE TREE BINDINGS","TEXAS INSTRUMENTS' SYSTEM CONTROL INTERFACE (TISCI) PROTOCOL DRIVER",8436
"OPEN FIRMWARE AND FLATTENED DEVICE TREE BINDINGS","TI CDCE706 CLOCK DRIVER",698
"OPEN FIRMWARE AND FLATTENED DEVICE TREE BINDINGS","TI CLOCK DRIVER",13135
"OPEN FIRMWARE AND FLATTENED DEVICE TREE BINDINGS","TI DAVINCI SERIES CLOCK DRIVER",3441
"OPEN FIRMWARE AND FLATTENED DEVICE TREE BINDINGS","TQ SYSTEMS BOARD & DRIVER SUPPORT",6102
"OPEN FIRMWARE AND FLATTENED DEVICE TREE BINDINGS","U-BOOT ENVIRONMENT VARIABLES",362
"OPEN FIRMWARE AND FLATTENED DEVICE TREE BINDINGS","UNIVERSAL FLASH STORAGE HOST CONTROLLER DRIVER QUALCOMM HOOKS",2671
"OPEN FIRMWARE AND FLATTENED DEVICE TREE BINDINGS","USB IP DRIVER FOR HISILICON KIRIN 960",285
"OPEN FIRMWARE AND FLATTENED DEVICE TREE BINDINGS","USB IP DRIVER FOR HISILICON KIRIN 970",726
"OPEN FIRMWARE AND FLATTENED DEVICE TREE BINDINGS","Ux500 CLOCK DRIVERS",1867
"OPEN FIRMWARE AND FLATTENED DEVICE TREE BINDINGS","VOLTAGE AND CURRENT REGULATOR FRAMEWORK",126204
"OPEN FIRMWARE AND FLATTENED DEVICE TREE BINDINGS","WATCHDOG DEVICE DRIVERS",68295
"OPEN FIRMWARE AND FLATTENED DEVICE TREE BINDINGS","X-POWERS AXP288 PMIC DRIVERS",3006
"OPEN FIRMWARE AND FLATTENED DEVICE TREE BINDINGS","X-POWERS MULTIFUNCTION PMIC DEVICE DRIVERS",11666
"OPEN FIRMWARE AND FLATTENED DEVICE TREE BINDINGS","XILINX AXI ETHERNET DRIVER",3384
"OPEN FIRMWARE AND FLATTENED DEVICE TREE BINDINGS","XILINX EVENT MANAGEMENT DRIVER",740
"OPEN FIRMWARE AND FLATTENED DEVICE TREE BINDINGS","XILINX LL TEMAC ETHERNET DRIVER",2207
"OPEN FIRMWARE AND FLATTENED DEVICE TREE BINDINGS","XILINX PWM DRIVER",394
"OPEN FIRMWARE AND FLATTENED DEVICE TREE BINDINGS","XILINX WATCHDOG DRIVER",624
"OPEN FIRMWARE AND FLATTENED DEVICE TREE BINDINGS","XILINX ZYNQMP OCM EDAC DRIVER",512
"OPEN FIRMWARE AND FLATTENED DEVICE TREE BINDINGS","XILINX ZYNQMP PSGTR PHY DRIVER",1135
"ORACLE CLUSTER FILESYSTEM 2 (OCFS2)","ORACLE CLUSTER FILESYSTEM 2 (OCFS2)",94390
"PACKING","PACKING",416
"PADATA PARALLEL EXECUTION MECHANISM","PADATA PARALLEL EXECUTION MECHANISM",1531
"PARMAN","PARMAN",846
"PC ENGINES APU BOARD DRIVER","PC ENGINES APU BOARD DRIVER",294
"PC8736x GPIO DRIVER","PC8736x GPIO DRIVER",353
"PCA9532 LED DRIVER","PCA9532 LED DRIVER",601
"PCA9541 I2C BUS MASTER SELECTOR DRIVER","PCA9541 I2C BUS MASTER SELECTOR DRIVER",348
"PCI SUBSYSTEM","APPLE PCIE CONTROLLER DRIVER",842
"PCI SUBSYSTEM","BROADCOM STB PCIE DRIVER",1813
"PCI SUBSYSTEM","COMPACTPCI HOTPLUG CORE",1058
"PCI SUBSYSTEM","IBM Power IO DLPAR Driver for RPA-compliant PPC64 platform",625
"PCI SUBSYSTEM","IBM Power PCI Hotplug Driver for RPA-compliant PPC64 platform",955
"PCI SUBSYSTEM","MEDIATEK MT7621 PCIE CONTROLLER DRIVER",697
"PCI SUBSYSTEM","MHI BUS",11778
"PCI SUBSYSTEM","PCI DRIVER FOR AARDVARK (Marvell Armada 3700)",2070
"PCI SUBSYSTEM","PCI DRIVER FOR ALTERA PCIE IP",879
"PCI SUBSYSTEM","PCI DRIVER FOR APPLIEDMICRO XGENE",700
"PCI SUBSYSTEM","PCI DRIVER FOR ARM VERSATILE PLATFORM",265
"PCI SUBSYSTEM","PCI DRIVER FOR ARMADA 8K",397
"PCI SUBSYSTEM","PCI DRIVER FOR CADENCE PCIE IP",3092
"PCI SUBSYSTEM","PCI DRIVER FOR FREESCALE LAYERSCAPE",562
"PCI SUBSYSTEM","PCI DRIVER FOR FU740",477
"PCI SUBSYSTEM","PCI DRIVER FOR GENERIC OF HOSTS",367
"PCI SUBSYSTEM","PCI DRIVER FOR IMX6",2195
"PCI SUBSYSTEM","PCI DRIVER FOR INTEL IXP4XX",772
"PCI SUBSYSTEM","PCI DRIVER FOR INTEL VOLUME MANAGEMENT DEVICE (VMD)",1132
"PCI SUBSYSTEM","PCI DRIVER FOR MOBIVEIL PCIE IP",1178
"PCI SUBSYSTEM","PCI DRIVER FOR MVEBU (Marvell Armada 370 and Armada XP SOC support)",1737
"PCI SUBSYSTEM","PCI DRIVER FOR NVIDIA TEGRA",3481
"PCI SUBSYSTEM","PCI DRIVER FOR NXP LAYERSCAPE GEN4 CONTROLLER",307
"PCI SUBSYSTEM","PCI DRIVER FOR RENESAS R-CAR",3498
"PCI SUBSYSTEM","PCI DRIVER FOR SAMSUNG EXYNOS",443
"PCI SUBSYSTEM","PCI DRIVER FOR SYNOPSYS DESIGNWARE",4074
"PCI SUBSYSTEM","PCI DRIVER FOR TI DRA7XX/J721E",1628
"PCI SUBSYSTEM","PCI DRIVER FOR V3 SEMICONDUCTOR V360EPC",983
"PCI SUBSYSTEM","PCI DRIVER FOR XILINX VERSAL CPM",773
"PCI SUBSYSTEM","PCI ENDPOINT SUBSYSTEM",10947
"PCI SUBSYSTEM","PCI ERROR RECOVERY",432
"PCI SUBSYSTEM","PCI MSI DRIVER FOR ALTERA MSI IP",320
"PCI SUBSYSTEM","PCI MSI DRIVER FOR APPLIEDMICRO XGENE",596
"PCI SUBSYSTEM","PCI NATIVE HOST BRIDGE AND ENDPOINT DRIVERS",73851
"PCI SUBSYSTEM","PCI PEER-TO-PEER DMA (P2PDMA)",1360
"PCI SUBSYSTEM","PCI SUBSYSTEM",184536
"PCI SUBSYSTEM","PCIE DRIVER FOR AMAZON ANNAPURNA LABS",426
"PCI SUBSYSTEM","PCIE DRIVER FOR AMLOGIC MESON",497
"PCI SUBSYSTEM","PCIE DRIVER FOR AXIS ARTPEC",550
"PCI SUBSYSTEM","PCIE DRIVER FOR CAVIUM THUNDERX",843
"PCI SUBSYSTEM","PCIE DRIVER FOR HISILICON",180
"PCI SUBSYSTEM","PCIE DRIVER FOR HISILICON KIRIN",1013
"PCI SUBSYSTEM","PCIE DRIVER FOR HISILICON STB",519
"PCI SUBSYSTEM","PCIE DRIVER FOR INTEL KEEM BAY",631
"PCI SUBSYSTEM","PCIE DRIVER FOR INTEL LGM GW SOC",570
"PCI SUBSYSTEM","PCIE DRIVER FOR MEDIATEK",3043
"PCI SUBSYSTEM","PCIE DRIVER FOR MICROCHIP",1356
"PCI SUBSYSTEM","PCIE DRIVER FOR QUALCOMM MSM",1671
"PCI SUBSYSTEM","PCIE DRIVER FOR ROCKCHIP",2742
"PCI SUBSYSTEM","PCIE DRIVER FOR SOCIONEXT UNIPHIER",1109
"PCI SUBSYSTEM","PCIE DRIVER FOR ST SPEAR13XX",266
"PCI SUBSYSTEM","PCIE ENDPOINT DRIVER FOR QUALCOMM",1120
"PCI SUBSYSTEM","XEN PCI SUBSYSTEM",1684
"PCRYPT PARALLEL CRYPTO ENGINE","PCRYPT PARALLEL CRYPTO ENGINE",425
"PER-TASK DELAY ACCOUNTING","PER-TASK DELAY ACCOUNTING",564
"PERFORMANCE EVENTS SUBSYSTEM","APM DRIVER",3395
"PERFORMANCE EVENTS SUBSYSTEM","CPUID/MSR DRIVER",525
"PERFORMANCE EVENTS SUBSYSTEM","EXTENSIBLE FIRMWARE INTERFACE (EFI)",24633
"PERFORMANCE EVENTS SUBSYSTEM","FPU EMULATOR",13013
"PERFORMANCE EVENTS SUBSYSTEM","HPET:	x86",1576
"PERFORMANCE EVENTS SUBSYSTEM","INTEL SGX",9091
"PERFORMANCE EVENTS SUBSYSTEM","INTEL(R) TRUSTED EXECUTION TECHNOLOGY (TXT)",885
"PERFORMANCE EVENTS SUBSYSTEM","KERNEL VIRTUAL MACHINE FOR X86 (KVM/x86)",113908
"PERFORMANCE EVENTS SUBSYSTEM","KVM PARAVIRT (KVM/paravirt)",1970
"PERFORMANCE EVENTS SUBSYSTEM","KVM X86 HYPER-V (KVM/hyper-v)",4351
"PERFORMANCE EVENTS SUBSYSTEM","KVM X86 Xen (KVM/Xen)",2398
"PERFORMANCE EVENTS SUBSYSTEM","PARAVIRT_OPS INTERFACE",2273
"PERFORMANCE EVENTS SUBSYSTEM","PERFORMANCE EVENTS SUBSYSTEM",811406
"PERFORMANCE EVENTS SUBSYSTEM","PERFORMANCE EVENTS TOOLING ARM64",22854
"PERFORMANCE EVENTS SUBSYSTEM","RDT - RESOURCE ALLOCATION",13454
"PERFORMANCE EVENTS SUBSYSTEM","SVGA HANDLING",1573
"PERFORMANCE EVENTS SUBSYSTEM","TECHNOLOGIC SYSTEMS TS-5500 PLATFORM SUPPORT",343
"PERFORMANCE EVENTS SUBSYSTEM","TRACING MMIO ACCESSES (MMIOTRACE)",1715
"PERFORMANCE EVENTS SUBSYSTEM","USER-MODE LINUX (UML)",41941
"PERFORMANCE EVENTS SUBSYSTEM","VMWARE HYPERVISOR INTERFACE",585
"PERFORMANCE EVENTS SUBSYSTEM","X86 ARCHITECTURE (32-BIT AND 64-BIT)",489056
"PERFORMANCE EVENTS SUBSYSTEM","X86 ENTRY CODE",7504
"PERFORMANCE EVENTS SUBSYSTEM","X86 HARDWARE VULNERABILITIES",6652
"PERFORMANCE EVENTS SUBSYSTEM","X86 MCE INFRASTRUCTURE",7432
"PERFORMANCE EVENTS SUBSYSTEM","X86 MICROCODE UPDATE SUPPORT",2604
"PERFORMANCE EVENTS SUBSYSTEM","X86 MM",21532
"PERFORMANCE EVENTS SUBSYSTEM","X86 PLATFORM DRIVERS - ARCH",11668
"PERFORMANCE EVENTS SUBSYSTEM","X86 PLATFORM UV HPE SUPERDOME FLEX",9694
"PERFORMANCE EVENTS SUBSYSTEM","X86 STACK UNWINDING",2116
"PERFORMANCE EVENTS SUBSYSTEM","X86 TRUST DOMAIN EXTENSIONS (TDX)",1988
"PERFORMANCE EVENTS SUBSYSTEM","X86 VDSO",2033
"PERFORMANCE EVENTS SUBSYSTEM","XEN HYPERVISOR X86",13454
"PERSONALITY HANDLING","PERSONALITY HANDLING",87
"PHRAM MTD DRIVER","PHRAM MTD DRIVER",440
"PLDMFW LIBRARY","PLDMFW LIBRARY",1614
"PM-GRAPH UTILITY","PM-GRAPH UTILITY",10894
"PNP SUPPORT","ISAPNP",1356
"PNP SUPPORT","PNP SUPPORT",9099
"POWER STATE COORDINATION INTERFACE (PSCI)","POWER STATE COORDINATION INTERFACE (PSCI)",1500
"POWER SUPPLY CLASS/SUBSYSTEM and DRIVERS","AB8500 BATTERY AND CHARGER DRIVERS",10728
"POWER SUPPLY CLASS/SUBSYSTEM and DRIVERS","ANALOG DEVICES INC ADP5061 DRIVER",746
"POWER SUPPLY CLASS/SUBSYSTEM and DRIVERS","CELLWISE CW2015 BATTERY DRIVER",839
"POWER SUPPLY CLASS/SUBSYSTEM and DRIVERS","INJOINIC IP5xxx POWER BANK IC DRIVER",638
"POWER SUPPLY CLASS/SUBSYSTEM and DRIVERS","MAXIM MAX17040 FAMILY FUEL GAUGE DRIVERS",764
"POWER SUPPLY CLASS/SUBSYSTEM and DRIVERS","MAXIM MAX17042 FAMILY FUEL GAUGE DRIVERS",1308
"POWER SUPPLY CLASS/SUBSYSTEM and DRIVERS","MAXIM MAX77976 BATTERY CHARGER",553
"POWER SUPPLY CLASS/SUBSYSTEM and DRIVERS","MAXIM MUIC CHARGER DRIVERS FOR EXYNOS BASED BOARDS",1560
"POWER SUPPLY CLASS/SUBSYSTEM and DRIVERS","MICROSOFT SURFACE BATTERY AND AC DRIVERS",1157
"POWER SUPPLY CLASS/SUBSYSTEM and DRIVERS","MITSUMI MM8013 FG DRIVER",355
"POWER SUPPLY CLASS/SUBSYSTEM and DRIVERS","NOKIA N900 POWER SUPPLY DRIVERS",5190
"POWER SUPPLY CLASS/SUBSYSTEM and DRIVERS","POWER SUPPLY CLASS/SUBSYSTEM and DRIVERS",99874
"POWER SUPPLY CLASS/SUBSYSTEM and DRIVERS","ROHM BD99954 CHARGER IC",2161
"POWER SUPPLY CLASS/SUBSYSTEM and DRIVERS","TI BQ27XXX POWER SUPPLY DRIVER",2561
"PRINTK","PRINTK",9282
"PRINTK INDEXING","PRINTK INDEXING",331
"PTP HARDWARE CLOCK SUPPORT","OPENCOMPUTE PTP CLOCK DRIVER",4603
"PTP HARDWARE CLOCK SUPPORT","PTP HARDWARE CLOCK SUPPORT",17351
"PTP HARDWARE CLOCK SUPPORT","PTP VIRTUAL CLOCK SUPPORT",389
"PTP MOCKUP CLOCK SUPPORT","PTP MOCKUP CLOCK SUPPORT",213
"PXA MMCI DRIVER","PXA MMCI DRIVER",0
"PXA RTC DRIVER","PXA RTC DRIVER",0
"QEMU MACHINE EMULATOR AND VIRTUALIZER SUPPORT","QEMU MACHINE EMULATOR AND VIRTUALIZER SUPPORT",1037
"QM1D1B0004 MEDIA DRIVER","QM1D1B0004 MEDIA DRIVER",289
"QM1D1C0042 MEDIA DRIVER","QM1D1C0042 MEDIA DRIVER",483
"QNX4 FILESYSTEM","QNX4 FILESYSTEM",893
"QNX6 FILESYSTEM","QNX6 FILESYSTEM",1650
"QUALCOMM QSEECOM DRIVER","QUALCOMM QSEECOM DRIVER",120
"RADIOSHARK RADIO DRIVER","RADIOSHARK RADIO DRIVER",429
"RANDOM NUMBER DRIVER","RANDOM NUMBER DRIVER",1799
"RAPIDIO SUBSYSTEM","RAPIDIO SUBSYSTEM",15453
"RDC R-321X SoC","RDC R-321X SoC",0
"REISERFS FILE SYSTEM","REISERFS FILE SYSTEM",32730
"RHASHTABLE","RHASHTABLE",3479
"RPMSG TTY DRIVER","RPMSG TTY DRIVER",288
"S390 ARCHITECTURE","BPF JIT for S390",2737
"S390 ARCHITECTURE","KERNEL VIRTUAL MACHINE for s390 (KVM/s390)",29124
"S390 ARCHITECTURE","S390 ARCHITECTURE",262839
"S390 ARCHITECTURE","S390 COMMON I/O LAYER",23707
"S390 ARCHITECTURE","S390 DASD DRIVER",24181
"S390 ARCHITECTURE","S390 IUCV NETWORK LAYER",7434
"S390 ARCHITECTURE","S390 MM",11069
"S390 ARCHITECTURE","S390 NETWORK DRIVERS",31146
"S390 ARCHITECTURE","S390 PCI SUBSYSTEM",4773
"S390 ARCHITECTURE","S390 SCM DRIVER",1044
"S390 ARCHITECTURE","S390 VFIO AP DRIVER",4078
"S390 ARCHITECTURE","S390 VFIO-CCW DRIVER",3709
"S390 ARCHITECTURE","S390 VFIO-PCI DRIVER",1045
"S390 ARCHITECTURE","S390 ZCRYPT DRIVER",19657
"S390 ARCHITECTURE","S390 ZFCP DRIVER",12968
"S390 ARCHITECTURE","VIRTIO DRIVERS FOR S390",1559
"SC1200 WDT DRIVER","SC1200 WDT DRIVER",475
"SCHEDULER","MEMBARRIER SUPPORT",863
"SCHEDULER","PRESSURE STALL INFORMATION (PSI)",1945
"SCHEDULER","SCHEDULER",53653
"SCSI SUBSYSTEM","3WARE SAS/SATA-RAID SCSI DRIVERS (3W-XXXX, 3W-9XXX, 3W-SAS)",8130
"SCSI SUBSYSTEM","53C700 AND 53C700-66 SCSI DRIVER",4386
"SCSI SUBSYSTEM","AACRAID SCSI RAID DRIVER",16766
"SCSI SUBSYSTEM","ADVANSYS SCSI DRIVER",11824
"SCSI SUBSYSTEM","AHA152X SCSI DRIVER",4001
"SCSI SUBSYSTEM","AIC7XXX / AIC79XX SCSI DRIVER",57826
"SCSI SUBSYSTEM","ARM/RISCPC ARCHITECTURE",16663
"SCSI SUBSYSTEM","ATTO EXPRESSSAS SAS/SATA RAID SCSI DRIVER",15434
"SCSI SUBSYSTEM","BROADCOM BNX2FC 10 GIGABIT FCOE DRIVER",11194
"SCSI SUBSYSTEM","BROADCOM BNX2I 1/10 GIGABIT iSCSI DRIVER",8347
"SCSI SUBSYSTEM","BROADCOM MPI3 STORAGE CONTROLLER DRIVER",22629
"SCSI SUBSYSTEM","BROCADE BFA FC SCSI DRIVER",58322
"SCSI SUBSYSTEM","BUSLOGIC SCSI DRIVER",12580
"SCSI SUBSYSTEM","CISCO FCOE HBA DRIVER",13186
"SCSI SUBSYSTEM","CISCO SCSI HBA DRIVER",9724
"SCSI SUBSYSTEM","CXGB3 ISCSI DRIVER (CXGB3I)",1494
"SCSI SUBSYSTEM","CXGB4 ISCSI DRIVER (CXGB4I)",2520
"SCSI SUBSYSTEM","CXLFLASH (IBM Coherent Accelerator Processor Interface CAPI Flash) SCSI DRIVER",11489
"SCSI SUBSYSTEM","DC390/AM53C974 SCSI driver",542
"SCSI SUBSYSTEM","DC395x SCSI driver",5418
"SCSI SUBSYSTEM","EMULEX 10Gbps iSCSI - OneConnect DRIVER",13733
"SCSI SUBSYSTEM","EMULEX/BROADCOM EFCT FC/FCOE SCSI TARGET DRIVER",30301
"SCSI SUBSYSTEM","EMULEX/BROADCOM LPFC FC/FCOE SCSI DRIVER",119439
"SCSI SUBSYSTEM","FCOE SUBSYSTEM (libfc, libfcoe, fcoe)",24735
"SCSI SUBSYSTEM","HEWLETT-PACKARD SMART ARRAY RAID DRIVER (hpsa)",11964
"SCSI SUBSYSTEM","HIGHPOINT ROCKETRAID 3xxx RAID DRIVER",1914
"SCSI SUBSYSTEM","HISILICON SAS Controller",14062
"SCSI SUBSYSTEM","IBM Power Linux RAID adapter",12054
"SCSI SUBSYSTEM","IBM Power Virtual SCSI Device Target Driver",4990
"SCSI SUBSYSTEM","IBM ServeRAID RAID DRIVER",8294
"SCSI SUBSYSTEM","INTEL C600 SERIES SAS CONTROLLER DRIVER",23079
"SCSI SUBSYSTEM","IPS SCSI RAID DRIVER",8294
"SCSI SUBSYSTEM","ISCSI",14865
"SCSI SUBSYSTEM","LASI 53c700 driver for PARISC",4520
"SCSI SUBSYSTEM","LSILOGIC MPT FUSION DRIVERS (FC/SAS/SPI)",81416
"SCSI SUBSYSTEM","LSILOGIC/SYMBIOS/NCR 53C8XX and 53C1010 PCI-SCSI drivers",16283
"SCSI SUBSYSTEM","MEGARAID SCSI/SAS DRIVERS",33094
"SCSI SUBSYSTEM","MICROSEMI SMART ARRAY SMARTPQI DRIVER (smartpqi)",13960
"SCSI SUBSYSTEM","MYLEX DAC960 PCI RAID Controller",8822
"SCSI SUBSYSTEM","NCR 5380 SCSI DRIVERS",6468
"SCSI SUBSYSTEM","NINJA SCSI-3 / NINJA SCSI-32Bi (16bit/CardBus) PCMCIA SCSI HOST ADAPTER DRIVER",2866
"SCSI SUBSYSTEM","NINJA SCSI-32Bi/UDE PCI/CARDBUS SCSI HOST ADAPTER DRIVER",4707
"SCSI SUBSYSTEM","PMC SIERRA MaxRAID DRIVER",6486
"SCSI SUBSYSTEM","PMC SIERRA PM8001 DRIVER",17450
"SCSI SUBSYSTEM","QLOGIC QL41xxx FCOE DRIVER",10565
"SCSI SUBSYSTEM","QLOGIC QL41xxx ISCSI DRIVER",9343
"SCSI SUBSYSTEM","QLOGIC QLA1280 SCSI DRIVER",5461
"SCSI SUBSYSTEM","QLOGIC QLA2XXX FC-SCSI DRIVER",95980
"SCSI SUBSYSTEM","QLOGIC QLA4XXX iSCSI DRIVER",27912
"SCSI SUBSYSTEM","SCSI LIBSAS SUBSYSTEM",8405
"SCSI SUBSYSTEM","SCSI SG DRIVER",3069
"SCSI SUBSYSTEM","SCSI SUBSYSTEM",1078476
"SCSI SUBSYSTEM","SCSI TAPE DRIVER",10218
"SCSI SUBSYSTEM","UNIVERSAL FLASH STORAGE HOST CONTROLLER DRIVER",15763
"SCSI SUBSYSTEM","UNIVERSAL FLASH STORAGE HOST CONTROLLER DRIVER DWC HOOKS",778
"SCSI SUBSYSTEM","UNIVERSAL FLASH STORAGE HOST CONTROLLER DRIVER EXYNOS HOOKS",2044
"SCSI SUBSYSTEM","UNIVERSAL FLASH STORAGE HOST CONTROLLER DRIVER MEDIATEK HOOKS",2151
"SCSI SUBSYSTEM","VMWARE PVSCSI DRIVER",2082
"SCSI TARGET SUBSYSTEM","FIREWIRE SBP-2 TARGET",2556
"SCSI TARGET SUBSYSTEM","SCSI TARGET CORE USER DRIVER",3986
"SCSI TARGET SUBSYSTEM","SCSI TARGET SUBSYSTEM",67808
"SCx200 GPIO DRIVER","SCx200 GPIO DRIVER",222
"SCx200 HRT CLOCKSOURCE DRIVER","SCx200 HRT CLOCKSOURCE DRIVER",89
"SECURE MONITOR CALL(SMC) CALLING CONVENTION (SMCCC)","SECURE MONITOR CALL(SMC) CALLING CONVENTION (SMCCC)",843
"SECURITY SUBSYSTEM","APPARMOR SECURITY MODULE",21362
"SECURITY SUBSYSTEM","CAPABILITIES",2652
"SECURITY SUBSYSTEM","Extended Verification Module (EVM)",13296
"SECURITY SUBSYSTEM","INTEGRITY MEASUREMENT ARCHITECTURE (IMA)",13296
"SECURITY SUBSYSTEM","KEYS-ENCRYPTED",1731
"SECURITY SUBSYSTEM","KEYS-TRUSTED",3079
"SECURITY SUBSYSTEM","KEYS-TRUSTED-CAAM",91
"SECURITY SUBSYSTEM","KEYS-TRUSTED-TEE",306
"SECURITY SUBSYSTEM","KEYS/KEYRINGS",17367
"SECURITY SUBSYSTEM","KEYS/KEYRINGS_INTEGRITY",847
"SECURITY SUBSYSTEM","LOADPIN SECURITY MODULE",517
"SECURITY SUBSYSTEM","SAFESETID SECURITY MODULE",843
"SECURITY SUBSYSTEM","SECURITY SUBSYSTEM",85311
"SECURITY SUBSYSTEM","SMACK SECURITY MODULE",10424
"SECURITY SUBSYSTEM","TOMOYO SECURITY MODULE",12496
"SECURITY SUBSYSTEM","YAMA SECURITY MODULE",575
"SENSIRION SGP40 GAS SENSOR DRIVER","SENSIRION SGP40 GAS SENSOR DRIVER",409
"SI4713 FM RADIO TRANSMITTER PLATFORM DRIVER","SI4713 FM RADIO TRANSMITTER PLATFORM DRIVER",211
"SIEMENS IPC LED DRIVERS","SIEMENS IPC LED DRIVERS",505
"SIEMENS IPC WATCHDOG DRIVERS","SIEMENS IPC WATCHDOG DRIVERS",232
"SIMTEC EB110ATX (Chalice CATS)","SIMTEC EB110ATX (Chalice CATS)",0
"SIPHASH PRF ROUTINES","SIPHASH PRF ROUTINES",903
"SLEEPABLE READ-COPY UPDATE (SRCU)","SLEEPABLE READ-COPY UPDATE (SRCU)",2936
"SOEKRIS NET48XX LED SUPPORT","SOEKRIS NET48XX LED SUPPORT",86
"SOFTWARE DELEGATED EXCEPTION INTERFACE (SDEI)","SOFTWARE DELEGATED EXCEPTION INTERFACE (SDEI)",1317
"SOFTWARE RAID (Multiple Disks) SUPPORT","SOFTWARE RAID (Multiple Disks) SUPPORT",43744
"SONICS SILICON BACKPLANE DRIVER (SSB)","SONICS SILICON BACKPLANE DRIVER (SSB)",12214
"SONY MEMORYSTICK SUBSYSTEM","RICOH R5C592 MEMORYSTICK DRIVER",1066
"SONY MEMORYSTICK SUBSYSTEM","SONY MEMORYSTICK SUBSYSTEM",9492
"SOUND","AD1889 ALSA SOUND DRIVER",1115
"SOUND","ALLWINNER DMIC DRIVERS",490
"SOUND","ANALOG DEVICES INC ASOC CODEC DRIVERS",15408
"SOUND","AOA (Apple Onboard Audio) ALSA DRIVER",7515
"SOUND","ARM PRIMECELL AACI PL041 DRIVER",1341
"SOUND","ARM/Amlogic Meson SoC Sound Drivers",9797
"SOUND","ARM/APPLE MACHINE SOUND DRIVERS",2071
"SOUND","AXENTIA ASOC DRIVERS",535
"SOUND","BT87X AUDIO DRIVER",1008
"SOUND","C-MEDIA CMI8788 DRIVER",9857
"SOUND","CHROMEOS EC CODEC DRIVER",1147
"SOUND","CIRRUS LOGIC AUDIO CODEC DRIVERS",63863
"SOUND","CIRRUS LOGIC MADERA CODEC DRIVERS",38689
"SOUND","CS5535 Audio ALSA driver",1228
"SOUND","EDIROL UA-101/UA-1000 DRIVER",1357
"SOUND","FIREWIRE AUDIO DRIVERS and IEC 61883-1/6 PACKET STREAMING ENGINE",31920
"SOUND","FOCUSRITE SCARLETT GEN 2/3 MIXER DRIVER",4549
"SOUND","FREESCALE SOC SOUND DRIVERS",26232
"SOUND","FREESCALE SOC SOUND QMC DRIVER",853
"SOUND","HARMONY SOUND DRIVER",1142
"SOUND","INFINEON PEB2466 ASoC CODEC",2162
"SOUND","INTEL ASoC DRIVERS",80650
"SOUND","IRON DEVICE AUDIO CODEC DRIVERS",2477
"SOUND","MAX9860 MONO AUDIO VOICE CODEC DRIVER",922
"SOUND","MICROCHIP AUDIO ASOC DRIVERS",10600
"SOUND","NATIVE INSTRUMENTS USB SOUND INTERFACE DRIVER",3264
"SOUND","NXP SGTL5000 DRIVER",2360
"SOUND","NXP TFA9879 DRIVER",564
"SOUND","NXP/Goodix TFA989X (TFA1) DRIVER",524
"SOUND","OMAP AUDIO SUPPORT",5918
"SOUND","OPL4 DRIVER",2495
"SOUND","QCOM AUDIO (ASoC) DRIVERS",60708
"SOUND","REALTEK AUDIO CODECS",108533
"SOUND","RENESAS IDT821034 ASoC CODEC",1253
"SOUND","ROCKCHIP I2S TDM DRIVER",2360
"SOUND","SAMSUNG AUDIO (ASoC) DRIVERS",9500
"SOUND","SOCIONEXT UNIPHIER SOUND DRIVER",4880
"SOUND","SOUND",1578178
"SOUND","SOUND - ALSA SELFTESTS",2772
"SOUND","SOUND - COMPRESSED AUDIO",3040
"SOUND","SOUND - DMAENGINE HELPERS",1147
"SOUND","SOUND - SOC LAYER / DYNAMIC AUDIO POWER MANAGEMENT (ASoC)",1008955
"SOUND","SOUND - SOUND OPEN FIRMWARE (SOF) DRIVERS",51170
"SOUND","STARFIVE JH7110 PWMDAC DRIVER",604
"SOUND","STARFIVE JH7110 TDM DRIVER",767
"SOUND","STI AUDIO (ASoC) DRIVERS",3692
"SOUND","STM32 AUDIO (ASoC) DRIVERS",5726
"SOUND","TEMPO SEMICONDUCTOR DRIVERS",10067
"SOUND","TEXAS INSTRUMENTS ASoC DRIVERS",12127
"SOUND","TEXAS INSTRUMENTS AUDIO (ASoC/HDA) DRIVERS",29715
"SOUND","TI LM49xxx FAMILY ASoC CODEC DRIVERS",3131
"SOUND","TI PCM3060 ASoC CODEC DRIVER",584
"SOUND","TI TAS571X FAMILY ASoC CODEC DRIVER",1082
"SOUND","TI TWL4030 SERIES SOC CODEC DRIVER",2222
"SOUND","USB MIDI DRIVER",3943
"SOUND","VIRTIO SOUND DRIVER",3358
"SOUND","VIRTUAL PCM TEST DRIVER",1217
"SOUND","WOLFSON MICROELECTRONICS DRIVERS",167946
"SOUND","XEN SOUND FRONTEND DRIVER",2445
"SOUND","XTENSA XTFPGA PLATFORM SUPPORT",801
"SPARSE CHECKER","SPARSE CHECKER",253
"SPEAKUP CONSOLE SPEECH DRIVER","SPEAKUP CONSOLE SPEECH DRIVER",12335
"SPI SUBSYSTEM","ARM PRIMECELL SSP PL022 SPI DRIVER",2554
"SPI SUBSYSTEM","ASPEED SMC SPI DRIVER",1286
"SPI SUBSYSTEM","BROADCOM BCM6348/BCM6358 SPI controller DRIVER",737
"SPI SUBSYSTEM","BROADCOM Broadband SoC High Speed SPI Controller DRIVER",1741
"SPI SUBSYSTEM","BROADCOM SPI DRIVER",2231
"SPI SUBSYSTEM","FREESCALE DSPI DRIVER",1564
"SPI SUBSYSTEM","FREESCALE QUAD SPI DRIVER",1106
"SPI SUBSYSTEM","FSI-ATTACHED SPI DRIVER",631
"SPI SUBSYSTEM","HISILICON SPI Controller DRIVER FOR KUNPENG SOCS",553
"SPI SUBSYSTEM","HISILICON V3XX SPI NOR FLASH Controller Driver",542
"SPI SUBSYSTEM","LOONGSON SPI DRIVER",476
"SPI SUBSYSTEM","MICROCHIP SPI DRIVER",1720
"SPI SUBSYSTEM","NXP FSPI DRIVER",1417
"SPI SUBSYSTEM","SAMSUNG SPI DRIVERS",1825
"SPI SUBSYSTEM","SOCIONEXT (SNI) Synquacer SPI DRIVER",901
"SPI SUBSYSTEM","SPI SUBSYSTEM",123862
"SPI SUBSYSTEM","ST STM32 SPI DRIVER",2095
"SPI SUBSYSTEM","SUNPLUS SPI CONTROLLER INTERFACE DRIVER",655
"SPI SUBSYSTEM","SYNOPSYS DESIGNWARE APB SSI DRIVER",3232
"SPI SUBSYSTEM","TEGRA QUAD SPI DRIVER",1734
"SPI SUBSYSTEM","TEGRA SPI DRIVER",5096
"SPMI SUBSYSTEM","HISILICON SPMI CONTROLLER DRIVER FOR HIKEY 970",439
"SPMI SUBSYSTEM","SPMI SUBSYSTEM",3981
"SRM (Alpha) environment access","SRM (Alpha) environment access",218
"STANDALONE CACHE CONTROLLER DRIVERS","STANDALONE CACHE CONTROLLER DRIVERS",227
"STARFIVE JH7110 SYSCON","STARFIVE JH7110 SYSCON",93
"STARFIVE JH7110 SYSCON","STARFIVE SOC DRIVERS",93
"SYSTEM CONFIGURATION (SYSCON)","SYSTEM CONFIGURATION (SYSCON)",344
"SYSV FILESYSTEM","SYSV FILESYSTEM",3424
"TASKSTATS STATISTICS INTERFACE","TASKSTATS STATISTICS INTERFACE",1139
"TDA18212 MEDIA DRIVER","TDA18212 MEDIA DRIVER",306
"TDA18218 MEDIA DRIVER","TDA18218 MEDIA DRIVER",458
"TDA827x MEDIA DRIVER","TDA827x MEDIA DRIVER",927
"TDA827x MEDIA DRIVER","TDA8290 MEDIA DRIVER",927
"TDA9840 MEDIA DRIVER","TDA9840 MEDIA DRIVER",199
"TEA5761 TUNER DRIVER","TEA5761 TUNER DRIVER",376
"TEA6415C MEDIA DRIVER","TEA6415C MEDIA DRIVER",186
"TEA6420 MEDIA DRIVER","TEA6420 MEDIA DRIVER",165
"TEE SUBSYSTEM","OP-TEE DRIVER",6162
"TEE SUBSYSTEM","TEE SUBSYSTEM",10823
"THANKO'S RAREMONO AM/FM/SW RADIO RECEIVER USB DRIVER","THANKO'S RAREMONO AM/FM/SW RADIO RECEIVER USB DRIVER",389
"THERMAL","ALLWINNER THERMAL DRIVER",793
"THERMAL","AMAZON ANNAPURNA LABS THERMAL MMIO DRIVER",148
"THERMAL","BROADCOM STB AVS TMON DRIVER",433
"THERMAL","KHADAS MCU MFD DRIVER",439
"THERMAL","LOONGSON-2 SOC SERIES THERMAL DRIVER",213
"THERMAL","MARVELL MVEBU THERMAL DRIVER",989
"THERMAL","QUALCOMM TSENS THERMAL DRIVER",5273
"THERMAL","RENESAS R-CAR THERMAL DRIVERS",1494
"THERMAL","SAMSUNG THERMAL DRIVER",1383
"THERMAL","THERMAL",61788
"THERMAL","THERMAL DRIVER FOR AMLOGIC SOCS",390
"THERMAL","THERMAL/CPU_COOLING",1321
"THERMAL","THERMAL/POWER_ALLOCATOR",1089
"THERMAL","TI BANDGAP AND THERMAL DRIVER",3677
"THUNDERBOLT DRIVER","THUNDERBOLT DMA TRAFFIC TEST DRIVER",760
"THUNDERBOLT DRIVER","THUNDERBOLT DRIVER",37709
"TI FLASH MEDIA MEMORYSTICK/MMC DRIVERS","TI FLASH MEDIA MEMORYSTICK/MMC DRIVERS",2719
"TI KEYSTONE MULTICORE NAVIGATOR DRIVERS","DRIVERS FOR OMAP ADAPTIVE VOLTAGE SCALING (AVS)",1324
"TI KEYSTONE MULTICORE NAVIGATOR DRIVERS","TI KEYSTONE MULTICORE NAVIGATOR DRIVERS",9728
"TIMEKEEPING, CLOCKSOURCE CORE, NTP, ALARMTIMER","HIGH-RESOLUTION TIMERS, CLOCKEVENTS",5385
"TIMEKEEPING, CLOCKSOURCE CORE, NTP, ALARMTIMER","POSIX CLOCKS and TIMERS",11481
"TIMEKEEPING, CLOCKSOURCE CORE, NTP, ALARMTIMER","TIMEKEEPING, CLOCKSOURCE CORE, NTP, ALARMTIMER",15140
"TOPSTAR LAPTOP EXTRAS DRIVER","TOPSTAR LAPTOP EXTRAS DRIVER",399
"TOSHIBA BLUETOOTH DRIVER","TOSHIBA BLUETOOTH DRIVER",297
"TOSHIBA HDD ACTIVE PROTECTION SENSOR DRIVER","TOSHIBA HDD ACTIVE PROTECTION SENSOR DRIVER",265
"TOSHIBA WMI HOTKEYS DRIVER","TOSHIBA WMI HOTKEYS DRIVER",137
"TRUSTED SECURITY MODULE (TSM) ATTESTATION REPORTS","TRUSTED SECURITY MODULE (TSM) ATTESTATION REPORTS",576
"TTY LAYER AND SERIAL DRIVERS","ALTERA UART/JTAG UART SERIAL DRIVERS",1174
"TTY LAYER AND SERIAL DRIVERS","ARM PRIMECELL UART PL010 AND PL011 DRIVERS",4059
"TTY LAYER AND SERIAL DRIVERS","BROADCOM BRCMSTB UART DRIVER",1333
"TTY LAYER AND SERIAL DRIVERS","DZ DECSTATION DZ11 SERIAL DRIVER",1077
"TTY LAYER AND SERIAL DRIVERS","EPAPR HYPERVISOR BYTE CHANNEL DEVICE DRIVER",818
"TTY LAYER AND SERIAL DRIVERS","FREESCALE QUICC ENGINE UCC UART DRIVER",1539
"TTY LAYER AND SERIAL DRIVERS","HYPERVISOR VIRTUAL CONSOLE DRIVER",8220
"TTY LAYER AND SERIAL DRIVERS","IPWIRELESS DRIVER",3620
"TTY LAYER AND SERIAL DRIVERS","JSM Neo PCI based serial card",3994
"TTY LAYER AND SERIAL DRIVERS","MARVELL ARMADA 3700 SERIAL DRIVER",1646
"TTY LAYER AND SERIAL DRIVERS","MICROCHIP PCIe UART DRIVER",494
"TTY LAYER AND SERIAL DRIVERS","MOXA SMARTIO/INDUSTIO/INTELLIO SERIAL CARD",2136
"TTY LAYER AND SERIAL DRIVERS","ROCKETPORT EXPRESS/INFINITY DRIVER",844
"TTY LAYER AND SERIAL DRIVERS","SERIAL DEVICE BUS",1735
"TTY LAYER AND SERIAL DRIVERS","SPARC SERIAL DRIVERS",7069
"TTY LAYER AND SERIAL DRIVERS","SUNPLUS UART DRIVER",829
"TTY LAYER AND SERIAL DRIVERS","SYNOPSYS DESIGNWARE 8250 UART DRIVER",1615
"TTY LAYER AND SERIAL DRIVERS","TEGRA SERIAL DRIVER",1700
"TTY LAYER AND SERIAL DRIVERS","TTY LAYER AND SERIAL DRIVERS",198838
"TTY LAYER AND SERIAL DRIVERS","XILINX UARTLITE SERIAL DRIVER",942
"TTY LAYER AND SERIAL DRIVERS","ZS DECSTATION Z85C30 SERIAL DRIVER",1592
"TUA9001 MEDIA DRIVER","TUA9001 MEDIA DRIVER",339
"TURBOCHANNEL SUBSYSTEM","TURBOCHANNEL SUBSYSTEM",467
"TURBOSTAT UTILITY","TURBOSTAT UTILITY",7191
"UFS FILESYSTEM","UFS FILESYSTEM",7578
"ULPI BUS","ULPI BUS",599
"UNICODE SUBSYSTEM","UNICODE SUBSYSTEM",8875
"UNIFDEF","UNIFDEF",1225
"UNIVERSAL FLASH STORAGE HOST CONTROLLER DRIVER RENESAS HOOKS","UNIVERSAL FLASH STORAGE HOST CONTROLLER DRIVER RENESAS HOOKS",410
"USB APPLE MFI FASTCHARGE DRIVER","USB APPLE MFI FASTCHARGE DRIVER",241
"USB INTEL XHCI ROLE MUX DRIVER","USB INTEL XHCI ROLE MUX DRIVER",227
"USB OTG FSM (Finite State Machine)","USB OTG FSM (Finite State Machine)",452
"USB SUBSYSTEM","ALCATEL SPEEDTOUCH USB DRIVER",2275
"USB SUBSYSTEM","AMD GEODE CS5536 USB DEVICE CONTROLLER DRIVER",877
"USB SUBSYSTEM","ASPEED USB UDC DRIVER",1654
"USB SUBSYSTEM","BROADCOM BCM63XX/BCM33XX UDC DRIVER",2380
"USB SUBSYSTEM","BROADCOM BDC DRIVER",4397
"USB SUBSYSTEM","BROADCOM BRCMSTB USB EHCI DRIVER",339
"USB SUBSYSTEM","BROADCOM BRCMSTB USB PIN MAP DRIVER",428
"USB SUBSYSTEM","CADENCE USB3 DRD IP DRIVER",9812
"USB SUBSYSTEM","CADENCE USBHS DRIVER",4815
"USB SUBSYSTEM","CADENCE USBSSP DRD IP DRIVER",11388
"USB SUBSYSTEM","CHIPIDEA USB HIGH SPEED DUAL ROLE CONTROLLER",10083
"USB SUBSYSTEM","CONEXANT ACCESSRUNNER USB DRIVER",1378
"USB SUBSYSTEM","DESIGNWARE USB2 DRD IP DRIVER",25638
"USB SUBSYSTEM","DESIGNWARE USB3 DRD IP DRIVER",19814
"USB SUBSYSTEM","FARADAY FOTG210 USB2 DUAL-ROLE CONTROLLER",8231
"USB SUBSYSTEM","FREESCALE USB PERIPHERAL DRIVERS",6414
"USB SUBSYSTEM","FREESCALE USB PHY DRIVER",1394
"USB SUBSYSTEM","IKANOS/ADI EAGLE ADSL USB DRIVER",2755
"USB SUBSYSTEM","LEGO USB Tower driver",879
"USB SUBSYSTEM","MEDIATEK USB3 DRD IP DRIVER",9748
"USB SUBSYSTEM","MICROCHIP USB251XB DRIVER",1027
"USB SUBSYSTEM","MICROCHIP USBA UDC DRIVER",2842
"USB SUBSYSTEM","MICROTEK X6 SCANNER",865
"USB SUBSYSTEM","MUSB MULTIPOINT HIGH SPEED DUAL-ROLE CONTROLLER",20509
"USB SUBSYSTEM","OMAP USB SUPPORT",3758
"USB SUBSYSTEM","QUALCOMM TYPEC PORT MANAGER DRIVER",1977
"USB SUBSYSTEM","RENESAS RZ/N1 USBF CONTROLLER DRIVER",3459
"USB SUBSYSTEM","SIS USB2VGA DRIVER",4117
"USB SUBSYSTEM","STARFIVE JH71X0 USB DRIVERS",359
"USB SUBSYSTEM","USB ACM DRIVER",2358
"USB SUBSYSTEM","USB ATTACHED SCSI",1282
"USB SUBSYSTEM","USB CHAOSKEY DRIVER",583
"USB SUBSYSTEM","USB CYPRESS C67X00 DRIVER",2645
"USB SUBSYSTEM","USB EHCI DRIVER",15102
"USB SUBSYSTEM","USB ISP116X DRIVER",2324
"USB SUBSYSTEM","USB ISP1760 DRIVER",5887
"USB SUBSYSTEM","USB MASS STORAGE DRIVER",23278
"USB SUBSYSTEM","USB OHCI DRIVER",10817
"USB SUBSYSTEM","USB OVER IP DRIVER",15673
"USB SUBSYSTEM","USB PRINTER DRIVER (usblp)",1474
"USB SUBSYSTEM","USB RAW GADGET DRIVER",1729
"USB SUBSYSTEM","USB SERIAL SUBSYSTEM",60278
"USB SUBSYSTEM","USB SUBSYSTEM",618703
"USB SUBSYSTEM","USB TYPEC BUS FOR ALTERNATE MODES",1106
"USB SUBSYSTEM","USB TYPEC CLASS",35337
"USB SUBSYSTEM","USB TYPEC INTEL PMC MUX DRIVER",1005
"USB SUBSYSTEM","USB TYPEC PI3USB30532 MUX DRIVER",190
"USB SUBSYSTEM","USB TYPEC PORT CONTROLLER DRIVERS",14055
"USB SUBSYSTEM","USB UHCI DRIVER",5216
"USB SUBSYSTEM","USB WEBCAM GADGET",7257
"USB SUBSYSTEM","USB XHCI DRIVER",30323
"USB SUBSYSTEM","XEN PVUSB DRIVER",2016
"USERSPACE COPYIN/COPYOUT (UIOVEC)","USERSPACE COPYIN/COPYOUT (UIOVEC)",2099
"UTIL-LINUX PACKAGE","UTIL-LINUX PACKAGE",0
"UUID HELPERS","UUID HELPERS",376
"V4L2 LENS DRIVERS","ASAHI KASEI AK7375 LENS VOICE COIL DRIVER",369
"V4L2 LENS DRIVERS","DONGWOON DW9714 LENS VOICE COIL DRIVER",362
"V4L2 LENS DRIVERS","DONGWOON DW9719 LENS VOICE COIL DRIVER",350
"V4L2 LENS DRIVERS","DONGWOON DW9768 LENS VOICE COIL DRIVER",656
"V4L2 LENS DRIVERS","DONGWOON DW9807 LENS VOICE COIL DRIVER",362
"V4L2 LENS DRIVERS","V4L2 LENS DRIVERS",3077
"VFIO CDX DRIVER","VFIO CDX DRIVER",344
"VFIO DRIVER","IBM Power VFIO Support",1374
"VFIO DRIVER","VFIO DRIVER",30187
"VFIO DRIVER","VFIO FSL-MC DRIVER",871
"VFIO DRIVER","VFIO HISILICON PCI DRIVER",1603
"VFIO DRIVER","VFIO MEDIATED DEVICE DRIVERS",5717
"VFIO DRIVER","VFIO MLX5 PCI DRIVER",3456
"VFIO DRIVER","VFIO PCI DEVICE SPECIFIC DRIVERS",7188
"VFIO DRIVER","VFIO PDS PCI DRIVER",2208
"VFIO DRIVER","VFIO PLATFORM DRIVER",1801
"VIDEO MULTIPLEXER DRIVER","VIDEO MULTIPLEXER DRIVER",497
"VIRT LIB","VIRT LIB",271
"VIRTIO CORE AND NET DRIVERS","IFCVF VIRTIO DATA PATH ACCELERATOR",1451
"VIRTIO CORE AND NET DRIVERS","MELLANOX MLX5 VDPA DRIVER",5096
"VIRTIO CORE AND NET DRIVERS","PDS DSC VIRTIO DATA PATH ACCELERATOR",1574
"VIRTIO CORE AND NET DRIVERS","SNET DPU VIRTIO DATA PATH ACCELERATOR",1872
"VIRTIO CORE AND NET DRIVERS","VIRTIO BALLOON",1699
"VIRTIO CORE AND NET DRIVERS","VIRTIO BLOCK AND SCSI DRIVERS",3276
"VIRTIO CORE AND NET DRIVERS","VIRTIO CORE AND NET DRIVERS",51245
"VIRTIO CORE AND NET DRIVERS","VIRTIO CRYPTO DRIVER",2883
"VIRTIO CORE AND NET DRIVERS","VIRTIO INPUT DRIVER",490
"VIRTIO CORE AND NET DRIVERS","VIRTIO MEM DRIVER",3222
"VIRTIO HOST (VHOST)","VIRTIO HOST (VHOST-SCSI)",2640
"VIRTIO HOST (VHOST)","VIRTIO HOST (VHOST)",13116
"VIRTIO PMEM DRIVER","VIRTIO PMEM DRIVER",262
"VIRTUAL BOX GUEST DEVICE DRIVER","VIRTUAL BOX GUEST DEVICE DRIVER",4712
"VIRTUAL BOX SHARED FOLDER VFS DRIVER","VIRTUAL BOX SHARED FOLDER VFS DRIVER",3373
"VIRTUAL SERIO DEVICE DRIVER","VIRTUAL SERIO DEVICE DRIVER",330
"VMWARE VIRTUAL PTP CLOCK DRIVER","VMWARE VIRTUAL PTP CLOCK DRIVER",143
"VOLTAGE AND CURRENT REGULATOR IRQ HELPERS","VOLTAGE AND CURRENT REGULATOR IRQ HELPERS",436
"WHWAVE RTC DRIVER","WHWAVE RTC DRIVER",228
"WINSYSTEMS EBC-C384 WATCHDOG DRIVER","WINSYSTEMS EBC-C384 WATCHDOG DRIVER",142
"WINSYSTEMS WS16C48 GPIO DRIVER","WINSYSTEMS WS16C48 GPIO DRIVER",327
"X86 PLATFORM DRIVERS","ACER ASPIRE ONE TEMPERATURE AND FAN DRIVER",792
"X86 PLATFORM DRIVERS","ACER WMI LAPTOP EXTRAS",2522
"X86 PLATFORM DRIVERS","ACPI WMI DRIVER",2185
"X86 PLATFORM DRIVERS","ALIENWARE WMI DRIVER",844
"X86 PLATFORM DRIVERS","AMD HSMP DRIVER",1144
"X86 PLATFORM DRIVERS","AMD PMC DRIVER",1492
"X86 PLATFORM DRIVERS","AMD PMF DRIVER",2454
"X86 PLATFORM DRIVERS","ASUS NOTEBOOKS AND EEEPC ACPI/WMI EXTRAS DRIVERS",10270
"X86 PLATFORM DRIVERS","ASUS TF103C DOCK DRIVER",943
"X86 PLATFORM DRIVERS","ASUS WIRELESS RADIO CONTROL DRIVER",198
"X86 PLATFORM DRIVERS","CMPC ACPI DRIVER",1146
"X86 PLATFORM DRIVERS","COMPAL LAPTOP SUPPORT",1113
"X86 PLATFORM DRIVERS","DELL LAPTOP DRIVER",2365
"X86 PLATFORM DRIVERS","DELL LAPTOP RBTN DRIVER",514
"X86 PLATFORM DRIVERS","DELL REMOTE BIOS UPDATE DRIVER",677
"X86 PLATFORM DRIVERS","DELL SYSTEMS MANAGEMENT BASE DRIVER (dcdbas)",997
"X86 PLATFORM DRIVERS","DELL WMI DDV DRIVER",1230
"X86 PLATFORM DRIVERS","DELL WMI NOTIFICATIONS DRIVER",837
"X86 PLATFORM DRIVERS","DELL WMI SYSMAN DRIVER",2457
"X86 PLATFORM DRIVERS","FUJITSU LAPTOP EXTRAS",1031
"X86 PLATFORM DRIVERS","FUJITSU TABLET EXTRAS",541
"X86 PLATFORM DRIVERS","HARD DRIVE ACTIVE PROTECTION SYSTEM (HDAPS) DRIVER",627
"X86 PLATFORM DRIVERS","HP BIOSCFG DRIVER",4659
"X86 PLATFORM DRIVERS","IDEAPAD LAPTOP EXTRAS DRIVER",1981
"X86 PLATFORM DRIVERS","INTEL HID EVENT DRIVER",785
"X86 PLATFORM DRIVERS","INTEL IN FIELD SCAN (IFS) DEVICE",1488
"X86 PLATFORM DRIVERS","INTEL ISHTP ECLITE DRIVER",703
"X86 PLATFORM DRIVERS","INTEL P-Unit IPC DRIVER",437
"X86 PLATFORM DRIVERS","INTEL PMC CORE DRIVER",4245
"X86 PLATFORM DRIVERS","INTEL PMT DRIVERS",962
"X86 PLATFORM DRIVERS","INTEL SCU DRIVERS",1135
"X86 PLATFORM DRIVERS","INTEL SDSI DRIVER",1790
"X86 PLATFORM DRIVERS","INTEL SKYLAKE INT3472 ACPI DEVICE DRIVER",1520
"X86 PLATFORM DRIVERS","INTEL SPEED SELECT TECHNOLOGY",11008
"X86 PLATFORM DRIVERS","INTEL TELEMETRY DRIVER",2765
"X86 PLATFORM DRIVERS","INTEL TPMI DRIVER",891
"X86 PLATFORM DRIVERS","INTEL UNCORE FREQUENCY CONTROL",1247
"X86 PLATFORM DRIVERS","INTEL VENDOR SPECIFIC EXTENDED CAPABILITIES DRIVER",578
"X86 PLATFORM DRIVERS","LG LAPTOP EXTRAS",933
"X86 PLATFORM DRIVERS","MELLANOX PLATFORM DRIVER",6664
"X86 PLATFORM DRIVERS","MSI EC DRIVER",1485
"X86 PLATFORM DRIVERS","MSI LAPTOP SUPPORT",1149
"X86 PLATFORM DRIVERS","PANASONIC LAPTOP ACPI EXTRAS DRIVER",1093
"X86 PLATFORM DRIVERS","SAMSUNG LAPTOP DRIVER",1658
"X86 PLATFORM DRIVERS","SIEMENS IPC PLATFORM DRIVERS",882
"X86 PLATFORM DRIVERS","SILEAD TOUCHSCREEN DRIVER",2687
"X86 PLATFORM DRIVERS","SONY VAIO CONTROL DEVICE DRIVER",6670
"X86 PLATFORM DRIVERS","SYSTEM76 ACPI DRIVER",823
"X86 PLATFORM DRIVERS","THINKPAD ACPI EXTRAS DRIVER",11864
"X86 PLATFORM DRIVERS","THINKPAD LMI DRIVER",2357
"X86 PLATFORM DRIVERS","TOSHIBA ACPI EXTRAS DRIVER",3622
"X86 PLATFORM DRIVERS","UV SYSFS DRIVER",931
"X86 PLATFORM DRIVERS","WMI BINARY MOF DRIVER",136
"X86 PLATFORM DRIVERS","X86 PLATFORM ANDROID TABLETS DSDT FIXUP DRIVER",2564
"X86 PLATFORM DRIVERS","X86 PLATFORM DRIVERS",125038
"XEN HYPERVISOR INTERFACE","XEN HYPERVISOR INTERFACE",54191
"XEN HYPERVISOR INTERFACE","XEN PVSCSI DRIVERS",3465
"XEN HYPERVISOR INTERFACE","XEN SWIOTLB SUBSYSTEM",456
"ZBUD COMPRESSED PAGE ALLOCATOR","ZBUD COMPRESSED PAGE ALLOCATOR",455
"ZD1301 MEDIA DRIVER","ZD1301 MEDIA DRIVER",289
"ZHAOXIN PROCESSOR SUPPORT","ZHAOXIN PROCESSOR SUPPORT",119
"ZONEFS FILESYSTEM","ZONEFS FILESYSTEM",3329
"ZPOOL COMPRESSED PAGE STORAGE API","ZPOOL COMPRESSED PAGE STORAGE API",458
