from,to,lines,size
3CR990 NETWORK DRIVER,3CR990 NETWORK DRIVER,3212,94834
3CR990 NETWORK DRIVER,NETWORKING DRIVERS,3212,94834
3CR990 NETWORK DRIVER,THE REST,3212,94834
"3WARE SAS/SATA-RAID SCSI DRIVERS (3W-XXXX, 3W-9XXX, 3W-SAS)","3WARE SAS/SATA-RAID SCSI DRIVERS (3W-XXXX, 3W-9XXX, 3W-SAS)",8130,273402
"3WARE SAS/SATA-RAID SCSI DRIVERS (3W-XXXX, 3W-9XXX, 3W-SAS)",SCSI SUBSYSTEM,8130,273402
"3WARE SAS/SATA-RAID SCSI DRIVERS (3W-XXXX, 3W-9XXX, 3W-SAS)",THE REST,8130,273402
53C700 AND 53C700-66 SCSI DRIVER,53C700 AND 53C700-66 SCSI DRIVER,4386,124818
53C700 AND 53C700-66 SCSI DRIVER,LASI 53c700 driver for PARISC,4386,124818
53C700 AND 53C700-66 SCSI DRIVER,SCSI SUBSYSTEM,4386,124818
53C700 AND 53C700-66 SCSI DRIVER,THE REST,4386,124818
6LOWPAN GENERIC (BTLE/IEEE 802.15.4),6LOWPAN GENERIC (BTLE/IEEE 802.15.4),3222,90003
6LOWPAN GENERIC (BTLE/IEEE 802.15.4),DOCUMENTATION,53,1542
6LOWPAN GENERIC (BTLE/IEEE 802.15.4),NETWORKING [GENERAL],3222,90003
6LOWPAN GENERIC (BTLE/IEEE 802.15.4),THE REST,3222,90003
6PACK NETWORK DRIVER FOR AX.25,6PACK NETWORK DRIVER FOR AX.25,980,23898
6PACK NETWORK DRIVER FOR AX.25,NETWORKING DRIVERS,980,23898
6PACK NETWORK DRIVER FOR AX.25,THE REST,980,23898
802.11 (including CFG80211/NL80211),802.11 (including CFG80211/NL80211),76903,2347778
802.11 (including CFG80211/NL80211),DOCUMENTATION,387,11050
802.11 (including CFG80211/NL80211),NETWORKING [GENERAL],62633,1798467
802.11 (including CFG80211/NL80211),THE REST,76903,2347778
8169 10/100/1000 GIGABIT ETHERNET DRIVER,8169 10/100/1000 GIGABIT ETHERNET DRIVER,6892,182696
8169 10/100/1000 GIGABIT ETHERNET DRIVER,NETWORKING DRIVERS,6892,182696
8169 10/100/1000 GIGABIT ETHERNET DRIVER,THE REST,6892,182696
8250/16?50 (AND CLONE UARTS) SERIAL DRIVER,8250/16?50 (AND CLONE UARTS) SERIAL DRIVER,221,7383
8250/16?50 (AND CLONE UARTS) SERIAL DRIVER,THE REST,221,7383
"8390 NETWORK DRIVERS [WD80x3/SMC-ELITE, SMC-ULTRA, NE2000, 3C503, etc.]","8390 NETWORK DRIVERS [WD80x3/SMC-ELITE, SMC-ULTRA, NE2000, 3C503, etc.]",13332,393939
"8390 NETWORK DRIVERS [WD80x3/SMC-ELITE, SMC-ULTRA, NE2000, 3C503, etc.]",ARM/RISCPC ARCHITECTURE,858,20408
"8390 NETWORK DRIVERS [WD80x3/SMC-ELITE, SMC-ULTRA, NE2000, 3C503, etc.]",NETWORKING DRIVERS,13332,393939
"8390 NETWORK DRIVERS [WD80x3/SMC-ELITE, SMC-ULTRA, NE2000, 3C503, etc.]",THE REST,13332,393939
9P FILE SYSTEM,9P FILE SYSTEM,14820,369042
9P FILE SYSTEM,DOCUMENTATION,221,8066
9P FILE SYSTEM,NETWORKING [GENERAL],7946,195972
9P FILE SYSTEM,THE REST,14820,369042
9P FILE SYSTEM,TRACING,222,6261
9P FILE SYSTEM,VIRTIO CORE AND NET DRIVERS,44,2052
A64FX DIAG DRIVER,A64FX DIAG DRIVER,153,3652
A64FX DIAG DRIVER,THE REST,153,3652
A8293 MEDIA DRIVER,A8293 MEDIA DRIVER,307,6417
A8293 MEDIA DRIVER,MEDIA INPUT INFRASTRUCTURE (V4L/DVB),307,6417
A8293 MEDIA DRIVER,THE REST,307,6417
AACRAID SCSI RAID DRIVER,AACRAID SCSI RAID DRIVER,16766,462477
AACRAID SCSI RAID DRIVER,DOCUMENTATION,177,7088
AACRAID SCSI RAID DRIVER,SCSI SUBSYSTEM,16589,455389
AACRAID SCSI RAID DRIVER,THE REST,16766,462477
AB8500 BATTERY AND CHARGER DRIVERS,AB8500 BATTERY AND CHARGER DRIVERS,10770,298255
AB8500 BATTERY AND CHARGER DRIVERS,OPEN FIRMWARE AND FLATTENED DEVICE TREE BINDINGS,360,9268
AB8500 BATTERY AND CHARGER DRIVERS,POWER SUPPLY CLASS/SUBSYSTEM and DRIVERS,10770,298255
AB8500 BATTERY AND CHARGER DRIVERS,THE REST,10770,298255
ABI/API,ABI/API,1648,64972
ABI/API,THE REST,1648,64972
"ABIT UGURU 1,2 HARDWARE MONITOR DRIVER","ABIT UGURU 1,2 HARDWARE MONITOR DRIVER",1632,53043
"ABIT UGURU 1,2 HARDWARE MONITOR DRIVER",HARDWARE MONITORING,1632,53043
"ABIT UGURU 1,2 HARDWARE MONITOR DRIVER",THE REST,1632,53043
ABIT UGURU 3 HARDWARE MONITOR DRIVER,ABIT UGURU 3 HARDWARE MONITOR DRIVER,1303,41031
ABIT UGURU 3 HARDWARE MONITOR DRIVER,HARDWARE MONITORING,1303,41031
ABIT UGURU 3 HARDWARE MONITOR DRIVER,THE REST,1303,41031
ACCES 104-DIO-48E GPIO DRIVER,ACCES 104-DIO-48E GPIO DRIVER,342,10589
ACCES 104-DIO-48E GPIO DRIVER,GPIO SUBSYSTEM,342,10589
ACCES 104-DIO-48E GPIO DRIVER,THE REST,342,10589
ACCES 104-IDI-48 GPIO DRIVER,ACCES 104-IDI-48 GPIO DRIVER,189,6524
ACCES 104-IDI-48 GPIO DRIVER,GPIO SUBSYSTEM,189,6524
ACCES 104-IDI-48 GPIO DRIVER,THE REST,189,6524
ACCES 104-IDIO-16 GPIO DRIVER,ACCES 104-IDIO-16 GPIO DRIVER,129,4122
ACCES 104-IDIO-16 GPIO DRIVER,GPIO SUBSYSTEM,129,4122
ACCES 104-IDIO-16 GPIO DRIVER,THE REST,129,4122
ACCES 104-QUAD-8 DRIVER,ACCES 104-QUAD-8 DRIVER,1363,38253
ACCES 104-QUAD-8 DRIVER,COUNTER SUBSYSTEM,1363,38253
ACCES 104-QUAD-8 DRIVER,THE REST,1363,38253
ACCES IDIO-16 GPIO LIBRARY,ACCES IDIO-16 GPIO LIBRARY,204,5949
ACCES IDIO-16 GPIO LIBRARY,GPIO SUBSYSTEM,204,5949
ACCES IDIO-16 GPIO LIBRARY,THE REST,204,5949
ACCES PCI-IDIO-16 GPIO DRIVER,ACCES PCI-IDIO-16 GPIO DRIVER,122,3727
ACCES PCI-IDIO-16 GPIO DRIVER,GPIO SUBSYSTEM,122,3727
ACCES PCI-IDIO-16 GPIO DRIVER,THE REST,122,3727
ACCES PCIe-IDIO-24 GPIO DRIVER,ACCES PCIe-IDIO-24 GPIO DRIVER,404,12978
ACCES PCIe-IDIO-24 GPIO DRIVER,GPIO SUBSYSTEM,404,12978
ACCES PCIe-IDIO-24 GPIO DRIVER,THE REST,404,12978
ACENIC DRIVER,ACENIC DRIVER,3969,102672
ACENIC DRIVER,NETWORKING DRIVERS,3969,102672
ACENIC DRIVER,THE REST,3969,102672
ACER ASPIRE ONE TEMPERATURE AND FAN DRIVER,ACER ASPIRE ONE TEMPERATURE AND FAN DRIVER,792,23665
ACER ASPIRE ONE TEMPERATURE AND FAN DRIVER,THE REST,792,23665
ACER ASPIRE ONE TEMPERATURE AND FAN DRIVER,X86 PLATFORM DRIVERS,792,23665
ACER WMI LAPTOP EXTRAS,ACER WMI LAPTOP EXTRAS,2524,60868
ACER WMI LAPTOP EXTRAS,THE REST,2524,60868
ACER WMI LAPTOP EXTRAS,X86 PLATFORM DRIVERS,2524,60868
ACPI,ACPI,201703,5585024
ACPI,ACPI APEI,5329,136074
ACPI,ACPI COMPONENT ARCHITECTURE (ACPICA),115809,3280131
ACPI,ACPI FOR ARM64 (ACPI/arm64),2991,76577
ACPI,ACPI FOR RISC-V (ACPI/riscv),85,2462
ACPI,ACPI PMIC DRIVERS,2490,57826
ACPI,ACPI THERMAL DRIVER,1486,37741
ACPI,ACPI VIOT DRIVER,380,9213
ACPI,"DRIVER CORE, KOBJECTS, DEBUGFS AND SYSFS",215,7631
ACPI,EXTERNAL CONNECTOR SUBSYSTEM (EXTCON),33,1487
ACPI,GPIO ACPI SUPPORT,336,13736
ACPI,LIBNVDIMM: NON-VOLATILE MEMORY DEVICE SUBSYSTEM,4948,133201
ACPI,PCI SUBSYSTEM,7319,196419
ACPI,PNP SUPPORT,1302,34774
ACPI,PSTORE FILESYSTEM,1267,30070
ACPI,RISC-V ARCHITECTURE,85,2462
ACPI,SOFTWARE NODES AND DEVICE PROPERTIES,215,7631
ACPI,SUSPEND TO RAM,466,11451
ACPI,THE REST,201703,5585024
ACPI,USB TYPEC INTEL PMC MUX DRIVER,153,4861
ACPI,X-POWERS AXP288 PMIC DRIVERS,367,8305
ACPI,X86 ARCHITECTURE (32-BIT AND 64-BIT),3292,83775
ACPI APEI,ACPI APEI,5329,136074
ACPI APEI,PSTORE FILESYSTEM,1267,30070
ACPI APEI,THE REST,5329,136074
ACPI COMPONENT ARCHITECTURE (ACPICA),ACPI COMPONENT ARCHITECTURE (ACPICA),115809,3280131
ACPI COMPONENT ARCHITECTURE (ACPICA),THE REST,115809,3280131
ACPI FOR ARM64 (ACPI/arm64),ACPI FOR ARM64 (ACPI/arm64),2991,76577
ACPI FOR ARM64 (ACPI/arm64),THE REST,2991,76577
ACPI FOR RISC-V (ACPI/riscv),ACPI FOR RISC-V (ACPI/riscv),85,2462
ACPI FOR RISC-V (ACPI/riscv),RISC-V ARCHITECTURE,85,2462
ACPI FOR RISC-V (ACPI/riscv),THE REST,85,2462
ACPI PCC(Platform Communication Channel) MAILBOX DRIVER,ACPI PCC(Platform Communication Channel) MAILBOX DRIVER,764,20465
ACPI PCC(Platform Communication Channel) MAILBOX DRIVER,MAILBOX API,764,20465
ACPI PCC(Platform Communication Channel) MAILBOX DRIVER,THE REST,764,20465
ACPI PMIC DRIVERS,ACPI PMIC DRIVERS,2490,57826
ACPI PMIC DRIVERS,THE REST,2490,57826
ACPI PMIC DRIVERS,X-POWERS AXP288 PMIC DRIVERS,367,8305
ACPI SERIAL MULTI INSTANTIATE DRIVER,ACPI SERIAL MULTI INSTANTIATE DRIVER,374,9335
ACPI SERIAL MULTI INSTANTIATE DRIVER,THE REST,374,9335
ACPI SERIAL MULTI INSTANTIATE DRIVER,X86 PLATFORM DRIVERS,374,9335
ACPI THERMAL DRIVER,ACPI THERMAL DRIVER,1486,37741
ACPI THERMAL DRIVER,THE REST,1486,37741
ACPI VIOT DRIVER,ACPI VIOT DRIVER,401,9691
ACPI VIOT DRIVER,THE REST,401,9691
ACPI WMI DRIVER,ACPI WMI DRIVER,2134,60847
ACPI WMI DRIVER,DELL WMI DDV DRIVER,297,12737
ACPI WMI DRIVER,DOCUMENTATION,480,19114
ACPI WMI DRIVER,THE REST,2134,60847
ACPI WMI DRIVER,WMI BINARY MOF DRIVER,25,931
ACPI WMI DRIVER,X86 PLATFORM DRIVERS,1584,40015
ACRN HYPERVISOR SERVICE MODULE,ACRN HYPERVISOR SERVICE MODULE,3552,98247
ACRN HYPERVISOR SERVICE MODULE,DOCUMENTATION,198,7955
ACRN HYPERVISOR SERVICE MODULE,THE REST,3552,98247
AD1889 ALSA SOUND DRIVER,AD1889 ALSA SOUND DRIVER,1115,31812
AD1889 ALSA SOUND DRIVER,SOUND,1115,31812
AD1889 ALSA SOUND DRIVER,THE REST,1115,31812
AD5110 ANALOG DEVICES DIGITAL POTENTIOMETERS DRIVER,AD5110 ANALOG DEVICES DIGITAL POTENTIOMETERS DRIVER,344,8015
AD5110 ANALOG DEVICES DIGITAL POTENTIOMETERS DRIVER,ANALOG DEVICES INC IIO DRIVERS,344,8015
AD5110 ANALOG DEVICES DIGITAL POTENTIOMETERS DRIVER,IIO SUBSYSTEM AND DRIVERS,344,8015
AD5110 ANALOG DEVICES DIGITAL POTENTIOMETERS DRIVER,THE REST,344,8015
AD525X ANALOG DEVICES DIGITAL POTENTIOMETERS DRIVER,AD525X ANALOG DEVICES DIGITAL POTENTIOMETERS DRIVER,763,20651
AD525X ANALOG DEVICES DIGITAL POTENTIOMETERS DRIVER,CHAR and MISC DRIVERS,763,20651
AD525X ANALOG DEVICES DIGITAL POTENTIOMETERS DRIVER,THE REST,763,20651
AD5398 CURRENT REGULATOR DRIVER (AD5398/AD5821),AD5398 CURRENT REGULATOR DRIVER (AD5398/AD5821),279,6488
AD5398 CURRENT REGULATOR DRIVER (AD5398/AD5821),THE REST,279,6488
AD5398 CURRENT REGULATOR DRIVER (AD5398/AD5821),VOLTAGE AND CURRENT REGULATOR FRAMEWORK,279,6488
AD714X CAPACITANCE TOUCH SENSOR DRIVER (AD7142/3/7/8/7A),AD714X CAPACITANCE TOUCH SENSOR DRIVER (AD7142/3/7/8/7A),1209,34983
AD714X CAPACITANCE TOUCH SENSOR DRIVER (AD7142/3/7/8/7A),"INPUT (KEYBOARD, MOUSE, JOYSTICK, TOUCHSCREEN) DRIVERS",1209,34983
AD714X CAPACITANCE TOUCH SENSOR DRIVER (AD7142/3/7/8/7A),THE REST,1209,34983
AD7877 TOUCHSCREEN DRIVER,AD7877 TOUCHSCREEN DRIVER,824,20057
AD7877 TOUCHSCREEN DRIVER,"INPUT (KEYBOARD, MOUSE, JOYSTICK, TOUCHSCREEN) DRIVERS",824,20057
AD7877 TOUCHSCREEN DRIVER,THE REST,824,20057
AD7879 TOUCHSCREEN DRIVER (AD7879/AD7889),AD7879 TOUCHSCREEN DRIVER (AD7879/AD7889),635,15493
AD7879 TOUCHSCREEN DRIVER (AD7879/AD7889),"INPUT (KEYBOARD, MOUSE, JOYSTICK, TOUCHSCREEN) DRIVERS",635,15493
AD7879 TOUCHSCREEN DRIVER (AD7879/AD7889),THE REST,635,15493
ADDRESS SPACE LAYOUT RANDOMIZATION (ASLR),ADDRESS SPACE LAYOUT RANDOMIZATION (ASLR),0,0
ADF7242 IEEE 802.15.4 RADIO DRIVER,ADF7242 IEEE 802.15.4 RADIO DRIVER,1370,37198
ADF7242 IEEE 802.15.4 RADIO DRIVER,IEEE 802.15.4 SUBSYSTEM,1352,36709
ADF7242 IEEE 802.15.4 RADIO DRIVER,NETWORKING DRIVERS,1370,37198
ADF7242 IEEE 802.15.4 RADIO DRIVER,OPEN FIRMWARE AND FLATTENED DEVICE TREE BINDINGS,18,489
ADF7242 IEEE 802.15.4 RADIO DRIVER,THE REST,1370,37198
ADM1025 HARDWARE MONITOR DRIVER,ADM1025 HARDWARE MONITOR DRIVER,632,19761
ADM1025 HARDWARE MONITOR DRIVER,DOCUMENTATION,60,2361
ADM1025 HARDWARE MONITOR DRIVER,HARDWARE MONITORING,632,19761
ADM1025 HARDWARE MONITOR DRIVER,THE REST,632,19761
ADM1029 HARDWARE MONITOR DRIVER,ADM1029 HARDWARE MONITOR DRIVER,402,10604
ADM1029 HARDWARE MONITOR DRIVER,HARDWARE MONITORING,402,10604
ADM1029 HARDWARE MONITOR DRIVER,THE REST,402,10604
ADM8211 WIRELESS DRIVER,ADM8211 WIRELESS DRIVER,2597,73112
ADM8211 WIRELESS DRIVER,NETWORKING DRIVERS (WIRELESS),2597,73112
ADM8211 WIRELESS DRIVER,THE REST,2597,73112
ADP1653 FLASH CONTROLLER DRIVER,ADP1653 FLASH CONTROLLER DRIVER,661,17460
ADP1653 FLASH CONTROLLER DRIVER,MEDIA INPUT INFRASTRUCTURE (V4L/DVB),661,17460
ADP1653 FLASH CONTROLLER DRIVER,THE REST,661,17460
ADP5520 BACKLIGHT DRIVER WITH IO EXPANDER (ADP5520/ADP5501),ADP5520 BACKLIGHT DRIVER WITH IO EXPANDER (ADP5520/ADP5501),1289,32176
ADP5520 BACKLIGHT DRIVER WITH IO EXPANDER (ADP5520/ADP5501),BACKLIGHT CLASS/SUBSYSTEM,386,10209
ADP5520 BACKLIGHT DRIVER WITH IO EXPANDER (ADP5520/ADP5501),FRAMEBUFFER LAYER,386,10209
ADP5520 BACKLIGHT DRIVER WITH IO EXPANDER (ADP5520/ADP5501),GPIO SUBSYSTEM,167,3936
ADP5520 BACKLIGHT DRIVER WITH IO EXPANDER (ADP5520/ADP5501),"INPUT (KEYBOARD, MOUSE, JOYSTICK, TOUCHSCREEN) DRIVERS",193,4918
ADP5520 BACKLIGHT DRIVER WITH IO EXPANDER (ADP5520/ADP5501),LED SUBSYSTEM,197,4932
ADP5520 BACKLIGHT DRIVER WITH IO EXPANDER (ADP5520/ADP5501),MULTIFUNCTION DEVICES (MFD),346,8181
ADP5520 BACKLIGHT DRIVER WITH IO EXPANDER (ADP5520/ADP5501),THE REST,1289,32176
ADP5588 QWERTY KEYPAD AND IO EXPANDER DRIVER (ADP5588/ADP5587),ADP5588 QWERTY KEYPAD AND IO EXPANDER DRIVER (ADP5588/ADP5587),974,26600
ADP5588 QWERTY KEYPAD AND IO EXPANDER DRIVER (ADP5588/ADP5587),"INPUT (KEYBOARD, MOUSE, JOYSTICK, TOUCHSCREEN) DRIVERS",974,26600
ADP5588 QWERTY KEYPAD AND IO EXPANDER DRIVER (ADP5588/ADP5587),OPEN FIRMWARE AND FLATTENED DEVICE TREE BINDINGS,111,2907
ADP5588 QWERTY KEYPAD AND IO EXPANDER DRIVER (ADP5588/ADP5587),THE REST,974,26600
ADP8860 BACKLIGHT DRIVER (ADP8860/ADP8861/ADP8863),ADP8860 BACKLIGHT DRIVER (ADP8860/ADP8861/ADP8863),815,22192
ADP8860 BACKLIGHT DRIVER (ADP8860/ADP8861/ADP8863),BACKLIGHT CLASS/SUBSYSTEM,815,22192
ADP8860 BACKLIGHT DRIVER (ADP8860/ADP8861/ADP8863),FRAMEBUFFER LAYER,815,22192
ADP8860 BACKLIGHT DRIVER (ADP8860/ADP8861/ADP8863),THE REST,815,22192
ADT746X FAN DRIVER,ADT746X FAN DRIVER,623,16764
ADT746X FAN DRIVER,LINUX FOR POWER MACINTOSH,623,16764
ADT746X FAN DRIVER,THE REST,623,16764
ADT7475 HARDWARE MONITOR DRIVER,ADT7475 HARDWARE MONITOR DRIVER,2177,58709
ADT7475 HARDWARE MONITOR DRIVER,DOCUMENTATION,156,5272
ADT7475 HARDWARE MONITOR DRIVER,HARDWARE MONITORING,2177,58709
ADT7475 HARDWARE MONITOR DRIVER,THE REST,2177,58709
ADVANSYS SCSI DRIVER,ADVANSYS SCSI DRIVER,11824,355180
ADVANSYS SCSI DRIVER,DOCUMENTATION,272,9838
ADVANSYS SCSI DRIVER,SCSI SUBSYSTEM,11552,345342
ADVANSYS SCSI DRIVER,THE REST,11824,355180
ADVANTECH SWBTN DRIVER,ADVANTECH SWBTN DRIVER,119,3093
ADVANTECH SWBTN DRIVER,THE REST,119,3093
ADVANTECH SWBTN DRIVER,X86 PLATFORM DRIVERS,119,3093
ADXL313 THREE-AXIS DIGITAL ACCELEROMETER DRIVER,ADXL313 THREE-AXIS DIGITAL ACCELEROMETER DRIVER,823,22569
ADXL313 THREE-AXIS DIGITAL ACCELEROMETER DRIVER,ANALOG DEVICES INC IIO DRIVERS,823,22569
ADXL313 THREE-AXIS DIGITAL ACCELEROMETER DRIVER,IIO SUBSYSTEM AND DRIVERS,823,22569
ADXL313 THREE-AXIS DIGITAL ACCELEROMETER DRIVER,OPEN FIRMWARE AND FLATTENED DEVICE TREE BINDINGS,91,2162
ADXL313 THREE-AXIS DIGITAL ACCELEROMETER DRIVER,THE REST,823,22569
ADXL34X THREE-AXIS DIGITAL ACCELEROMETER DRIVER (ADXL345/ADXL346),ADXL34X THREE-AXIS DIGITAL ACCELEROMETER DRIVER (ADXL345/ADXL346),999,25372
ADXL34X THREE-AXIS DIGITAL ACCELEROMETER DRIVER (ADXL345/ADXL346),ANALOG DEVICES INC IIO DRIVERS,81,1902
ADXL34X THREE-AXIS DIGITAL ACCELEROMETER DRIVER (ADXL345/ADXL346),IIO SUBSYSTEM AND DRIVERS,81,1902
ADXL34X THREE-AXIS DIGITAL ACCELEROMETER DRIVER (ADXL345/ADXL346),"INPUT (KEYBOARD, MOUSE, JOYSTICK, TOUCHSCREEN) DRIVERS",918,23470
ADXL34X THREE-AXIS DIGITAL ACCELEROMETER DRIVER (ADXL345/ADXL346),OPEN FIRMWARE AND FLATTENED DEVICE TREE BINDINGS,81,1902
ADXL34X THREE-AXIS DIGITAL ACCELEROMETER DRIVER (ADXL345/ADXL346),THE REST,999,25372
ADXL355 THREE-AXIS DIGITAL ACCELEROMETER DRIVER,ADXL355 THREE-AXIS DIGITAL ACCELEROMETER DRIVER,1085,27275
ADXL355 THREE-AXIS DIGITAL ACCELEROMETER DRIVER,ANALOG DEVICES INC IIO DRIVERS,1085,27275
ADXL355 THREE-AXIS DIGITAL ACCELEROMETER DRIVER,IIO SUBSYSTEM AND DRIVERS,1085,27275
ADXL355 THREE-AXIS DIGITAL ACCELEROMETER DRIVER,OPEN FIRMWARE AND FLATTENED DEVICE TREE BINDINGS,91,2188
ADXL355 THREE-AXIS DIGITAL ACCELEROMETER DRIVER,THE REST,1085,27275
ADXL367 THREE-AXIS DIGITAL ACCELEROMETER DRIVER,ADXL367 THREE-AXIS DIGITAL ACCELEROMETER DRIVER,1897,45975
ADXL367 THREE-AXIS DIGITAL ACCELEROMETER DRIVER,ANALOG DEVICES INC IIO DRIVERS,1897,45975
ADXL367 THREE-AXIS DIGITAL ACCELEROMETER DRIVER,IIO SUBSYSTEM AND DRIVERS,1897,45975
ADXL367 THREE-AXIS DIGITAL ACCELEROMETER DRIVER,OPEN FIRMWARE AND FLATTENED DEVICE TREE BINDINGS,80,1956
ADXL367 THREE-AXIS DIGITAL ACCELEROMETER DRIVER,THE REST,1897,45975
ADXL372 THREE-AXIS DIGITAL ACCELEROMETER DRIVER,ADXL372 THREE-AXIS DIGITAL ACCELEROMETER DRIVER,1466,38601
ADXL372 THREE-AXIS DIGITAL ACCELEROMETER DRIVER,ANALOG DEVICES INC IIO DRIVERS,1466,38601
ADXL372 THREE-AXIS DIGITAL ACCELEROMETER DRIVER,IIO SUBSYSTEM AND DRIVERS,1466,38601
ADXL372 THREE-AXIS DIGITAL ACCELEROMETER DRIVER,OPEN FIRMWARE AND FLATTENED DEVICE TREE BINDINGS,68,1553
ADXL372 THREE-AXIS DIGITAL ACCELEROMETER DRIVER,THE REST,1466,38601
AF9013 MEDIA DRIVER,AF9013 MEDIA DRIVER,2514,58703
AF9013 MEDIA DRIVER,MEDIA INPUT INFRASTRUCTURE (V4L/DVB),2514,58703
AF9013 MEDIA DRIVER,THE REST,2514,58703
AF9033 MEDIA DRIVER,AF9033 MEDIA DRIVER,3277,71317
AF9033 MEDIA DRIVER,MEDIA INPUT INFRASTRUCTURE (V4L/DVB),3277,71317
AF9033 MEDIA DRIVER,THE REST,3277,71317
AFFS FILE SYSTEM,AFFS FILE SYSTEM,4929,127082
AFFS FILE SYSTEM,DOCUMENTATION,250,8613
AFFS FILE SYSTEM,THE REST,4929,127082
AFS FILESYSTEM,AFS FILESYSTEM,26098,688067
AFS FILESYSTEM,DOCUMENTATION,251,7971
AFS FILESYSTEM,THE REST,26098,688067
AFS FILESYSTEM,TRACING,1515,46385
AGPGART DRIVER,AGPGART DRIVER,14592,388448
AGPGART DRIVER,PARISC ARCHITECTURE,433,10521
AGPGART DRIVER,THE REST,14592,388448
AHA152X SCSI DRIVER,AHA152X SCSI DRIVER,4001,101874
AHA152X SCSI DRIVER,SCSI SUBSYSTEM,4001,101874
AHA152X SCSI DRIVER,THE REST,4001,101874
AIC7XXX / AIC79XX SCSI DRIVER,AIC7XXX / AIC79XX SCSI DRIVER,57799,1536724
AIC7XXX / AIC79XX SCSI DRIVER,SCSI SUBSYSTEM,57799,1536724
AIC7XXX / AIC79XX SCSI DRIVER,THE REST,57799,1536724
AIMSLAB FM RADIO RECEIVER DRIVER,AIMSLAB FM RADIO RECEIVER DRIVER,195,5532
AIMSLAB FM RADIO RECEIVER DRIVER,MEDIA INPUT INFRASTRUCTURE (V4L/DVB),195,5532
AIMSLAB FM RADIO RECEIVER DRIVER,THE REST,195,5532
AIO,AIO,2417,62409
AIO,FILESYSTEMS (VFS and infrastructure),2394,61839
AIO,THE REST,2417,62409
AIRSPY MEDIA DRIVER,AIRSPY MEDIA DRIVER,1124,28083
AIRSPY MEDIA DRIVER,MEDIA INPUT INFRASTRUCTURE (V4L/DVB),1124,28083
AIRSPY MEDIA DRIVER,THE REST,1124,28083
ALACRITECH GIGABIT ETHERNET DRIVER,ALACRITECH GIGABIT ETHERNET DRIVER,2457,65199
ALACRITECH GIGABIT ETHERNET DRIVER,NETWORKING DRIVERS,2457,65199
ALACRITECH GIGABIT ETHERNET DRIVER,THE REST,2457,65199
ALCATEL SPEEDTOUCH USB DRIVER,ALCATEL SPEEDTOUCH USB DRIVER,2274,63485
ALCATEL SPEEDTOUCH USB DRIVER,THE REST,2274,63485
ALCATEL SPEEDTOUCH USB DRIVER,USB SUBSYSTEM,2274,63485
ALCHEMY AU1XX0 MMC DRIVER,ALCHEMY AU1XX0 MMC DRIVER,1224,29446
ALCHEMY AU1XX0 MMC DRIVER,"MULTIMEDIA CARD (MMC), SECURE DIGITAL (SD) AND SDIO SUBSYSTEM",1224,29446
ALCHEMY AU1XX0 MMC DRIVER,THE REST,1224,29446
ALI1563 I2C DRIVER,ALI1563 I2C DRIVER,472,12033
ALI1563 I2C DRIVER,I2C SUBSYSTEM,30,799
ALI1563 I2C DRIVER,I2C SUBSYSTEM HOST DRIVERS,442,11234
ALI1563 I2C DRIVER,I2C/SMBUS CONTROLLER DRIVERS FOR PC,472,12033
ALI1563 I2C DRIVER,THE REST,472,12033
ALIBABA ELASTIC RDMA DRIVER,ALIBABA ELASTIC RDMA DRIVER,6805,165001
ALIBABA ELASTIC RDMA DRIVER,INFINIBAND SUBSYSTEM,6805,165001
ALIBABA ELASTIC RDMA DRIVER,THE REST,6805,165001
ALIBABA PMU DRIVER,ALIBABA PMU DRIVER,941,27925
ALIBABA PMU DRIVER,ARM PMU PROFILING AND DEBUGGING,836,23621
ALIBABA PMU DRIVER,DOCUMENTATION,105,4304
ALIBABA PMU DRIVER,THE REST,941,27925
ALIENWARE WMI DRIVER,ALIENWARE WMI DRIVER,844,20730
ALIENWARE WMI DRIVER,THE REST,844,20730
ALIENWARE WMI DRIVER,X86 PLATFORM DRIVERS,844,20730
ALLEGRO DVT VIDEO IP CORE DRIVER,ALLEGRO DVT VIDEO IP CORE DRIVER,7777,218440
ALLEGRO DVT VIDEO IP CORE DRIVER,MEDIA INPUT INFRASTRUCTURE (V4L/DVB),7777,218440
ALLEGRO DVT VIDEO IP CORE DRIVER,OPEN FIRMWARE AND FLATTENED DEVICE TREE BINDINGS,105,2674
ALLEGRO DVT VIDEO IP CORE DRIVER,THE REST,7777,218440
ALLWINNER A10 CSI DRIVER,ALLWINNER A10 CSI DRIVER,1492,36665
ALLWINNER A10 CSI DRIVER,ARM/Allwinner sunXi SoC support,1492,36665
ALLWINNER A10 CSI DRIVER,MEDIA INPUT INFRASTRUCTURE (V4L/DVB),1492,36665
ALLWINNER A10 CSI DRIVER,OPEN FIRMWARE AND FLATTENED DEVICE TREE BINDINGS,129,3083
ALLWINNER A10 CSI DRIVER,THE REST,1492,36665
ALLWINNER A31 CSI DRIVER,ALLWINNER A31 CSI DRIVER,2976,79061
ALLWINNER A31 CSI DRIVER,ARM/Allwinner sunXi SoC support,2976,79061
ALLWINNER A31 CSI DRIVER,MEDIA INPUT INFRASTRUCTURE (V4L/DVB),2976,79061
ALLWINNER A31 CSI DRIVER,OPEN FIRMWARE AND FLATTENED DEVICE TREE BINDINGS,143,3153
ALLWINNER A31 CSI DRIVER,THE REST,2976,79061
ALLWINNER A31 ISP DRIVER,ALLWINNER A31 ISP DRIVER,3169,84920
ALLWINNER A31 ISP DRIVER,ARM/Allwinner sunXi SoC support,3169,84920
ALLWINNER A31 ISP DRIVER,MEDIA INPUT INFRASTRUCTURE (V4L/DVB),3169,84920
ALLWINNER A31 ISP DRIVER,OPEN FIRMWARE AND FLATTENED DEVICE TREE BINDINGS,101,2074
ALLWINNER A31 ISP DRIVER,STAGING SUBSYSTEM,3068,82846
ALLWINNER A31 ISP DRIVER,THE REST,3169,84920
ALLWINNER A31 MIPI CSI-2 BRIDGE DRIVER,ALLWINNER A31 MIPI CSI-2 BRIDGE DRIVER,1051,27568
ALLWINNER A31 MIPI CSI-2 BRIDGE DRIVER,ARM/Allwinner sunXi SoC support,1051,27568
ALLWINNER A31 MIPI CSI-2 BRIDGE DRIVER,MEDIA INPUT INFRASTRUCTURE (V4L/DVB),1051,27568
ALLWINNER A31 MIPI CSI-2 BRIDGE DRIVER,OPEN FIRMWARE AND FLATTENED DEVICE TREE BINDINGS,137,2877
ALLWINNER A31 MIPI CSI-2 BRIDGE DRIVER,THE REST,1051,27568
ALLWINNER CPUFREQ DRIVER,ALLWINNER CPUFREQ DRIVER,352,8731
ALLWINNER CPUFREQ DRIVER,ARM/Allwinner sunXi SoC support,352,8731
ALLWINNER CPUFREQ DRIVER,CPU FREQUENCY SCALING FRAMEWORK,217,4996
ALLWINNER CPUFREQ DRIVER,OPEN FIRMWARE AND FLATTENED DEVICE TREE BINDINGS,135,3735
ALLWINNER CPUFREQ DRIVER,OPERATING PERFORMANCE POINTS (OPP),135,3735
ALLWINNER CPUFREQ DRIVER,THE REST,352,8731
ALLWINNER CRYPTO DRIVERS,ALLWINNER CRYPTO DRIVERS,7634,207430
ALLWINNER CRYPTO DRIVERS,ARM/Allwinner sunXi SoC support,7634,207430
ALLWINNER CRYPTO DRIVERS,CRYPTO API,7634,207430
ALLWINNER CRYPTO DRIVERS,THE REST,7634,207430
ALLWINNER DMIC DRIVERS,ALLWINNER DMIC DRIVERS,490,12721
ALLWINNER DMIC DRIVERS,ARM/Allwinner sunXi SoC support,490,12721
ALLWINNER DMIC DRIVERS,OPEN FIRMWARE AND FLATTENED DEVICE TREE BINDINGS,87,1633
ALLWINNER DMIC DRIVERS,SOUND,403,11088
ALLWINNER DMIC DRIVERS,SOUND - SOC LAYER / DYNAMIC AUDIO POWER MANAGEMENT (ASoC),490,12721
ALLWINNER DMIC DRIVERS,THE REST,490,12721
ALLWINNER HARDWARE SPINLOCK SUPPORT,ALLWINNER HARDWARE SPINLOCK SUPPORT,263,6850
ALLWINNER HARDWARE SPINLOCK SUPPORT,ARM/Allwinner sunXi SoC support,263,6850
ALLWINNER HARDWARE SPINLOCK SUPPORT,HARDWARE SPINLOCK CORE,263,6850
ALLWINNER HARDWARE SPINLOCK SUPPORT,OPEN FIRMWARE AND FLATTENED DEVICE TREE BINDINGS,53,1110
ALLWINNER HARDWARE SPINLOCK SUPPORT,THE REST,263,6850
ALLWINNER THERMAL DRIVER,ALLWINNER THERMAL DRIVER,793,19473
ALLWINNER THERMAL DRIVER,ARM/Allwinner sunXi SoC support,793,19473
ALLWINNER THERMAL DRIVER,OPEN FIRMWARE AND FLATTENED DEVICE TREE BINDINGS,162,3353
ALLWINNER THERMAL DRIVER,THE REST,793,19473
ALLWINNER THERMAL DRIVER,THERMAL,793,19473
ALLWINNER VPU DRIVER,ALLWINNER VPU DRIVER,5606,173339
ALLWINNER VPU DRIVER,ARM/Allwinner sunXi SoC support,5606,173339
ALLWINNER VPU DRIVER,MEDIA INPUT INFRASTRUCTURE (V4L/DVB),5606,173339
ALLWINNER VPU DRIVER,STAGING SUBSYSTEM,5606,173339
ALLWINNER VPU DRIVER,THE REST,5606,173339
ALPHA PORT,ALPHA PORT,59426,1569767
ALPHA PORT,ATOMIC INFRASTRUCTURE,271,7664
ALPHA PORT,EXEC & BINFMT API,160,5655
ALPHA PORT,FUNCTION HOOKS (FTRACE),1,12
ALPHA PORT,LOCKING PRIMITIVES,184,3332
ALPHA PORT,MMU GATHER AND TLB INVALIDATION,10,257
ALPHA PORT,PER-CPU MEMORY ALLOCATOR,19,527
ALPHA PORT,PERFORMANCE EVENTS SUBSYSTEM,899,23346
ALPHA PORT,PTRACE SUPPORT,366,9989
ALPHA PORT,SRM (Alpha) environment access,218,5156
ALPHA PORT,THE REST,59426,1569767
ALPS PS/2 TOUCHPAD DRIVER,ALPS PS/2 TOUCHPAD DRIVER,3561,99011
ALPS PS/2 TOUCHPAD DRIVER,"INPUT (KEYBOARD, MOUSE, JOYSTICK, TOUCHSCREEN) DRIVERS",3561,99011
ALPS PS/2 TOUCHPAD DRIVER,THE REST,3561,99011
ALTERA I2C CONTROLLER DRIVER,ALTERA I2C CONTROLLER DRIVER,535,15160
ALTERA I2C CONTROLLER DRIVER,I2C SUBSYSTEM HOST DRIVERS,535,15160
ALTERA I2C CONTROLLER DRIVER,OPEN FIRMWARE AND FLATTENED DEVICE TREE BINDINGS,39,980
ALTERA I2C CONTROLLER DRIVER,THE REST,535,15160
ALTERA MAILBOX DRIVER,ALTERA MAILBOX DRIVER,361,8585
ALTERA MAILBOX DRIVER,MAILBOX API,361,8585
ALTERA MAILBOX DRIVER,THE REST,361,8585
ALTERA MSGDMA IP CORE DRIVER,ALTERA MSGDMA IP CORE DRIVER,1026,27535
ALTERA MSGDMA IP CORE DRIVER,DMA GENERIC OFFLOAD ENGINE SUBSYSTEM,1026,27535
ALTERA MSGDMA IP CORE DRIVER,OPEN FIRMWARE AND FLATTENED DEVICE TREE BINDINGS,63,1371
ALTERA MSGDMA IP CORE DRIVER,THE REST,1026,27535
ALTERA PIO DRIVER,ALTERA PIO DRIVER,358,9881
ALTERA PIO DRIVER,GPIO SUBSYSTEM,358,9881
ALTERA PIO DRIVER,THE REST,358,9881
ALTERA SYSTEM MANAGER DRIVER,ALTERA SYSTEM MANAGER DRIVER,228,5774
ALTERA SYSTEM MANAGER DRIVER,MULTIFUNCTION DEVICES (MFD),228,5774
ALTERA SYSTEM MANAGER DRIVER,THE REST,228,5774
ALTERA SYSTEM RESOURCE DRIVER FOR ARRIA10 DEVKIT,ALTERA SYSTEM RESOURCE DRIVER FOR ARRIA10 DEVKIT,509,13709
ALTERA SYSTEM RESOURCE DRIVER FOR ARRIA10 DEVKIT,GPIO SUBSYSTEM,115,3009
ALTERA SYSTEM RESOURCE DRIVER FOR ARRIA10 DEVKIT,MULTIFUNCTION DEVICES (MFD),244,6885
ALTERA SYSTEM RESOURCE DRIVER FOR ARRIA10 DEVKIT,OPEN FIRMWARE AND FLATTENED DEVICE TREE BINDINGS,22,530
ALTERA SYSTEM RESOURCE DRIVER FOR ARRIA10 DEVKIT,RESET CONTROLLER FRAMEWORK,150,3815
ALTERA SYSTEM RESOURCE DRIVER FOR ARRIA10 DEVKIT,THE REST,509,13709
ALTERA TRIPLE SPEED ETHERNET DRIVER,ALTERA TRIPLE SPEED ETHERNET DRIVER,3441,96136
ALTERA TRIPLE SPEED ETHERNET DRIVER,NETWORKING DRIVERS,3441,96136
ALTERA TRIPLE SPEED ETHERNET DRIVER,THE REST,3441,96136
ALTERA UART/JTAG UART SERIAL DRIVERS,ALTERA UART/JTAG UART SERIAL DRIVERS,1174,30612
ALTERA UART/JTAG UART SERIAL DRIVERS,THE REST,1174,30612
ALTERA UART/JTAG UART SERIAL DRIVERS,TTY LAYER AND SERIAL DRIVERS,1141,29836
AMAZON ANNAPURNA LABS FIC DRIVER,AMAZON ANNAPURNA LABS FIC DRIVER,313,8084
AMAZON ANNAPURNA LABS FIC DRIVER,IRQCHIP DRIVERS,313,8084
AMAZON ANNAPURNA LABS FIC DRIVER,OPEN FIRMWARE AND FLATTENED DEVICE TREE BINDINGS,27,971
AMAZON ANNAPURNA LABS FIC DRIVER,THE REST,313,8084
AMAZON ANNAPURNA LABS MEMORY CONTROLLER EDAC,AMAZON ANNAPURNA LABS MEMORY CONTROLLER EDAC,416,11019
AMAZON ANNAPURNA LABS MEMORY CONTROLLER EDAC,EDAC-CORE,350,9595
AMAZON ANNAPURNA LABS MEMORY CONTROLLER EDAC,OPEN FIRMWARE AND FLATTENED DEVICE TREE BINDINGS,66,1424
AMAZON ANNAPURNA LABS MEMORY CONTROLLER EDAC,THE REST,416,11019
AMAZON ANNAPURNA LABS THERMAL MMIO DRIVER,AMAZON ANNAPURNA LABS THERMAL MMIO DRIVER,148,3500
AMAZON ANNAPURNA LABS THERMAL MMIO DRIVER,OPEN FIRMWARE AND FLATTENED DEVICE TREE BINDINGS,33,768
AMAZON ANNAPURNA LABS THERMAL MMIO DRIVER,THE REST,148,3500
AMAZON ANNAPURNA LABS THERMAL MMIO DRIVER,THERMAL,148,3500
AMAZON ETHERNET DRIVERS,AMAZON ETHERNET DRIVERS,13480,382208
AMAZON ETHERNET DRIVERS,DOCUMENTATION,351,13114
AMAZON ETHERNET DRIVERS,NETWORKING DRIVERS,13129,369094
AMAZON ETHERNET DRIVERS,NETWORKING [GENERAL],351,13114
AMAZON ETHERNET DRIVERS,THE REST,13480,382208
AMAZON RDMA EFA DRIVER,AMAZON RDMA EFA DRIVER,7388,193415
AMAZON RDMA EFA DRIVER,INFINIBAND SUBSYSTEM,7388,193415
AMAZON RDMA EFA DRIVER,THE REST,7388,193415
AMD CDX BUS DRIVER,AMD CDX BUS DRIVER,897,24020
AMD CDX BUS DRIVER,OPEN FIRMWARE AND FLATTENED DEVICE TREE BINDINGS,82,2267
AMD CDX BUS DRIVER,THE REST,897,24020
AMD CRYPTOGRAPHIC COPROCESSOR (CCP) DRIVER,AMD CRYPTOGRAPHIC COPROCESSOR (CCP) DRIVER,14702,362659
AMD CRYPTOGRAPHIC COPROCESSOR (CCP) DRIVER,AMD CRYPTOGRAPHIC COPROCESSOR (CCP) DRIVER - DBC SUPPORT,561,13041
AMD CRYPTOGRAPHIC COPROCESSOR (CCP) DRIVER,AMD CRYPTOGRAPHIC COPROCESSOR (CCP) DRIVER - SEV SUPPORT,1438,34946
AMD CRYPTOGRAPHIC COPROCESSOR (CCP) DRIVER,CRYPTO API,14035,344082
AMD CRYPTOGRAPHIC COPROCESSOR (CCP) DRIVER,THE REST,14702,362659
AMD CRYPTOGRAPHIC COPROCESSOR (CCP) DRIVER - DBC SUPPORT,AMD CRYPTOGRAPHIC COPROCESSOR (CCP) DRIVER - DBC SUPPORT,1244,35424
AMD CRYPTOGRAPHIC COPROCESSOR (CCP) DRIVER - DBC SUPPORT,CRYPTO API,561,13041
AMD CRYPTOGRAPHIC COPROCESSOR (CCP) DRIVER - DBC SUPPORT,THE REST,1244,35424
AMD CRYPTOGRAPHIC COPROCESSOR (CCP) DRIVER - SEV SUPPORT,AMD CRYPTOGRAPHIC COPROCESSOR (CCP) DRIVER - SEV SUPPORT,1611,39305
AMD CRYPTOGRAPHIC COPROCESSOR (CCP) DRIVER - SEV SUPPORT,CRYPTO API,1438,34946
AMD CRYPTOGRAPHIC COPROCESSOR (CCP) DRIVER - SEV SUPPORT,THE REST,1611,39305
AMD DISPLAY CORE,AMD DISPLAY CORE,402333,13576691
AMD DISPLAY CORE,DRM DRIVERS,402333,13576691
AMD DISPLAY CORE,RADEON and AMDGPU DRM DRIVERS,402333,13576691
AMD DISPLAY CORE,THE REST,402333,13576691
AMD FAM15H PROCESSOR POWER MONITORING DRIVER,AMD FAM15H PROCESSOR POWER MONITORING DRIVER,631,16324
AMD FAM15H PROCESSOR POWER MONITORING DRIVER,DOCUMENTATION,131,3641
AMD FAM15H PROCESSOR POWER MONITORING DRIVER,HARDWARE MONITORING,631,16324
AMD FAM15H PROCESSOR POWER MONITORING DRIVER,THE REST,631,16324
AMD FCH GPIO DRIVER,AMD FCH GPIO DRIVER,238,6198
AMD FCH GPIO DRIVER,GPIO SUBSYSTEM,192,4967
AMD FCH GPIO DRIVER,THE REST,238,6198
AMD GEODE CS5536 USB DEVICE CONTROLLER DRIVER,AMD GEODE CS5536 USB DEVICE CONTROLLER DRIVER,877,23068
AMD GEODE CS5536 USB DEVICE CONTROLLER DRIVER,THE REST,877,23068
AMD GEODE CS5536 USB DEVICE CONTROLLER DRIVER,USB SUBSYSTEM,877,23068
AMD GEODE PROCESSOR/CHIPSET SUPPORT,AMD GEODE PROCESSOR/CHIPSET SUPPORT,5515,138511
AMD GEODE PROCESSOR/CHIPSET SUPPORT,CRYPTO API,494,12075
AMD GEODE PROCESSOR/CHIPSET SUPPORT,FRAMEBUFFER LAYER,4829,122296
AMD GEODE PROCESSOR/CHIPSET SUPPORT,HARDWARE RANDOM NUMBER GENERATOR CORE,159,3447
AMD GEODE PROCESSOR/CHIPSET SUPPORT,THE REST,5515,138511
AMD GEODE PROCESSOR/CHIPSET SUPPORT,X86 ARCHITECTURE (32-BIT AND 64-BIT),33,693
AMD HSMP DRIVER,AMD HSMP DRIVER,832,22694
AMD HSMP DRIVER,DOCUMENTATION,86,2805
AMD HSMP DRIVER,THE REST,832,22694
AMD HSMP DRIVER,X86 ARCHITECTURE (32-BIT AND 64-BIT),409,12071
AMD HSMP DRIVER,X86 PLATFORM DRIVERS,423,10623
AMD IOMMU (AMD-VI),AMD IOMMU (AMD-VI),11173,280160
AMD IOMMU (AMD-VI),IOMMU SUBSYSTEM,10961,273807
AMD IOMMU (AMD-VI),THE REST,11173,280160
AMD KFD,AMD KFD,58140,1732058
AMD KFD,DRM DRIVERS,56448,1673945
AMD KFD,RADEON and AMDGPU DRM DRIVERS,56448,1673945
AMD KFD,THE REST,58140,1732058
AMD MP2 I2C DRIVER,AMD MP2 I2C DRIVER,1051,27444
AMD MP2 I2C DRIVER,I2C SUBSYSTEM HOST DRIVERS,1051,27444
AMD MP2 I2C DRIVER,THE REST,1051,27444
AMD PDS CORE DRIVER,AMD PDS CORE DRIVER,5065,135521
AMD PDS CORE DRIVER,DOCUMENTATION,139,3782
AMD PDS CORE DRIVER,NETWORKING DRIVERS,2851,72676
AMD PDS CORE DRIVER,NETWORKING [GENERAL],139,3782
AMD PDS CORE DRIVER,THE REST,5065,135521
AMD PMC DRIVER,AMD PMC DRIVER,1367,34396
AMD PMC DRIVER,THE REST,1367,34396
AMD PMC DRIVER,X86 PLATFORM DRIVERS,1367,34396
AMD PMF DRIVER,AMD PMF DRIVER,2454,75035
AMD PMF DRIVER,THE REST,2454,75035
AMD PMF DRIVER,X86 PLATFORM DRIVERS,2441,74475
AMD POWERPLAY AND SWSMU,AMD POWERPLAY AND SWSMU,163104,5731142
AMD POWERPLAY AND SWSMU,DRM DRIVERS,163104,5731142
AMD POWERPLAY AND SWSMU,RADEON and AMDGPU DRM DRIVERS,163104,5731142
AMD POWERPLAY AND SWSMU,THE REST,163104,5731142
AMD PSTATE DRIVER,AMD PSTATE DRIVER,3102,110940
AMD PSTATE DRIVER,CPU FREQUENCY SCALING FRAMEWORK,1915,50030
AMD PSTATE DRIVER,DOCUMENTATION,720,45622
AMD PSTATE DRIVER,THE REST,3102,110940
AMD PTDMA DRIVER,AMD PTDMA DRIVER,1431,34248
AMD PTDMA DRIVER,DMA GENERIC OFFLOAD ENGINE SUBSYSTEM,1431,34248
AMD PTDMA DRIVER,THE REST,1431,34248
AMD SEATTLE DEVICE TREE SUPPORT,AMD SEATTLE DEVICE TREE SUPPORT,848,18416
AMD SEATTLE DEVICE TREE SUPPORT,AMD XGBE DRIVER,112,3278
AMD SEATTLE DEVICE TREE SUPPORT,OPEN FIRMWARE AND FLATTENED DEVICE TREE BINDINGS,848,18416
AMD SEATTLE DEVICE TREE SUPPORT,THE REST,848,18416
AMD SENSOR FUSION HUB DRIVER,AMD SENSOR FUSION HUB DRIVER,3463,113676
AMD SENSOR FUSION HUB DRIVER,DOCUMENTATION,145,7826
AMD SENSOR FUSION HUB DRIVER,HID CORE LAYER,3463,113676
AMD SENSOR FUSION HUB DRIVER,THE REST,3463,113676
AMD SPI DRIVER,AMD SPI DRIVER,444,11255
AMD SPI DRIVER,SPI SUBSYSTEM,444,11255
AMD SPI DRIVER,THE REST,444,11255
AMD XGBE DRIVER,AMD XGBE DRIVER,20919,614630
AMD XGBE DRIVER,NETWORKING DRIVERS,20807,611352
AMD XGBE DRIVER,OPEN FIRMWARE AND FLATTENED DEVICE TREE BINDINGS,112,3278
AMD XGBE DRIVER,THE REST,20919,614630
AMLOGIC DDR PMU DRIVER,AMLOGIC DDR PMU DRIVER,1162,30767
AMLOGIC DDR PMU DRIVER,ARM PMU PROFILING AND DEBUGGING,1026,26675
AMLOGIC DDR PMU DRIVER,ARM/Amlogic Meson SoC support,1093,28852
AMLOGIC DDR PMU DRIVER,DOCUMENTATION,70,2480
AMLOGIC DDR PMU DRIVER,OPEN FIRMWARE AND FLATTENED DEVICE TREE BINDINGS,54,1327
AMLOGIC DDR PMU DRIVER,THE REST,1162,30767
AMPHION VPU CODEC V4L2 DRIVER,AMPHION VPU CODEC V4L2 DRIVER,12424,317758
AMPHION VPU CODEC V4L2 DRIVER,ARM/FREESCALE IMX / MXC ARM ARCHITECTURE,386,10183
AMPHION VPU CODEC V4L2 DRIVER,MEDIA INPUT INFRASTRUCTURE (V4L/DVB),12424,317758
AMPHION VPU CODEC V4L2 DRIVER,OPEN FIRMWARE AND FLATTENED DEVICE TREE BINDINGS,180,4579
AMPHION VPU CODEC V4L2 DRIVER,THE REST,12424,317758
AMS AS73211 DRIVER,AMS AS73211 DRIVER,854,23042
AMS AS73211 DRIVER,IIO SUBSYSTEM AND DRIVERS,854,23042
AMS AS73211 DRIVER,OPEN FIRMWARE AND FLATTENED DEVICE TREE BINDINGS,54,1227
AMS AS73211 DRIVER,THE REST,854,23042
AMT (Automatic Multicast Tunneling),AMT (Automatic Multicast Tunneling),3453,91051
AMT (Automatic Multicast Tunneling),NETWORKING DRIVERS,3453,91051
AMT (Automatic Multicast Tunneling),THE REST,3453,91051
ANALOG DEVICES INC AD3552R DRIVER,ANALOG DEVICES INC AD3552R DRIVER,1356,36913
ANALOG DEVICES INC AD3552R DRIVER,ANALOG DEVICES INC IIO DRIVERS,1356,36913
ANALOG DEVICES INC AD3552R DRIVER,IIO SUBSYSTEM AND DRIVERS,1356,36913
ANALOG DEVICES INC AD3552R DRIVER,OPEN FIRMWARE AND FLATTENED DEVICE TREE BINDINGS,218,6014
ANALOG DEVICES INC AD3552R DRIVER,THE REST,1356,36913
ANALOG DEVICES INC AD4130 DRIVER,ANALOG DEVICES INC AD4130 DRIVER,2418,62451
ANALOG DEVICES INC AD4130 DRIVER,ANALOG DEVICES INC IIO DRIVERS,2372,60727
ANALOG DEVICES INC AD4130 DRIVER,IIO SUBSYSTEM AND DRIVERS,2418,62451
ANALOG DEVICES INC AD4130 DRIVER,OPEN FIRMWARE AND FLATTENED DEVICE TREE BINDINGS,262,6149
ANALOG DEVICES INC AD4130 DRIVER,THE REST,2418,62451
ANALOG DEVICES INC AD7192 DRIVER,ANALOG DEVICES INC AD7192 DRIVER,1247,34763
ANALOG DEVICES INC AD7192 DRIVER,ANALOG DEVICES INC IIO DRIVERS,1247,34763
ANALOG DEVICES INC AD7192 DRIVER,IIO SUBSYSTEM AND DRIVERS,1247,34763
ANALOG DEVICES INC AD7192 DRIVER,OPEN FIRMWARE AND FLATTENED DEVICE TREE BINDINGS,129,3193
ANALOG DEVICES INC AD7192 DRIVER,THE REST,1247,34763
ANALOG DEVICES INC AD7292 DRIVER,ANALOG DEVICES INC AD7292 DRIVER,461,10615
ANALOG DEVICES INC AD7292 DRIVER,ANALOG DEVICES INC IIO DRIVERS,461,10615
ANALOG DEVICES INC AD7292 DRIVER,IIO SUBSYSTEM AND DRIVERS,461,10615
ANALOG DEVICES INC AD7292 DRIVER,OPEN FIRMWARE AND FLATTENED DEVICE TREE BINDINGS,110,2133
ANALOG DEVICES INC AD7292 DRIVER,THE REST,461,10615
ANALOG DEVICES INC AD7293 DRIVER,ANALOG DEVICES INC AD7293 DRIVER,995,25470
ANALOG DEVICES INC AD7293 DRIVER,ANALOG DEVICES INC IIO DRIVERS,995,25470
ANALOG DEVICES INC AD7293 DRIVER,IIO SUBSYSTEM AND DRIVERS,995,25470
ANALOG DEVICES INC AD7293 DRIVER,OPEN FIRMWARE AND FLATTENED DEVICE TREE BINDINGS,61,1269
ANALOG DEVICES INC AD7293 DRIVER,THE REST,995,25470
ANALOG DEVICES INC AD74115 DRIVER,ANALOG DEVICES INC AD74115 DRIVER,2313,61400
ANALOG DEVICES INC AD74115 DRIVER,ANALOG DEVICES INC IIO DRIVERS,2313,61400
ANALOG DEVICES INC AD74115 DRIVER,IIO SUBSYSTEM AND DRIVERS,2313,61400
ANALOG DEVICES INC AD74115 DRIVER,OPEN FIRMWARE AND FLATTENED DEVICE TREE BINDINGS,370,9727
ANALOG DEVICES INC AD74115 DRIVER,THE REST,2313,61400
ANALOG DEVICES INC AD74413R DRIVER,ANALOG DEVICES INC AD74413R DRIVER,1738,43969
ANALOG DEVICES INC AD74413R DRIVER,ANALOG DEVICES INC IIO DRIVERS,1717,43252
ANALOG DEVICES INC AD74413R DRIVER,IIO SUBSYSTEM AND DRIVERS,1738,43969
ANALOG DEVICES INC AD74413R DRIVER,OPEN FIRMWARE AND FLATTENED DEVICE TREE BINDINGS,193,4961
ANALOG DEVICES INC AD74413R DRIVER,THE REST,1738,43969
ANALOG DEVICES INC AD7768-1 DRIVER,ANALOG DEVICES INC AD7768-1 DRIVER,802,19562
ANALOG DEVICES INC AD7768-1 DRIVER,ANALOG DEVICES INC IIO DRIVERS,802,19562
ANALOG DEVICES INC AD7768-1 DRIVER,IIO SUBSYSTEM AND DRIVERS,802,19562
ANALOG DEVICES INC AD7768-1 DRIVER,OPEN FIRMWARE AND FLATTENED DEVICE TREE BINDINGS,125,2627
ANALOG DEVICES INC AD7768-1 DRIVER,THE REST,802,19562
ANALOG DEVICES INC AD7780 DRIVER,ANALOG DEVICES INC AD7780 DRIVER,466,11480
ANALOG DEVICES INC AD7780 DRIVER,ANALOG DEVICES INC IIO DRIVERS,466,11480
ANALOG DEVICES INC AD7780 DRIVER,IIO SUBSYSTEM AND DRIVERS,466,11480
ANALOG DEVICES INC AD7780 DRIVER,OPEN FIRMWARE AND FLATTENED DEVICE TREE BINDINGS,88,2551
ANALOG DEVICES INC AD7780 DRIVER,THE REST,466,11480
ANALOG DEVICES INC ADA4250 DRIVER,ANALOG DEVICES INC ADA4250 DRIVER,454,11020
ANALOG DEVICES INC ADA4250 DRIVER,ANALOG DEVICES INC IIO DRIVERS,454,11020
ANALOG DEVICES INC ADA4250 DRIVER,IIO SUBSYSTEM AND DRIVERS,454,11020
ANALOG DEVICES INC ADA4250 DRIVER,OPEN FIRMWARE AND FLATTENED DEVICE TREE BINDINGS,51,976
ANALOG DEVICES INC ADA4250 DRIVER,THE REST,454,11020
ANALOG DEVICES INC ADF4377 DRIVER,ANALOG DEVICES INC ADF4377 DRIVER,1086,29856
ANALOG DEVICES INC ADF4377 DRIVER,ANALOG DEVICES INC IIO DRIVERS,1086,29856
ANALOG DEVICES INC ADF4377 DRIVER,IIO SUBSYSTEM AND DRIVERS,1086,29856
ANALOG DEVICES INC ADF4377 DRIVER,OPEN FIRMWARE AND FLATTENED DEVICE TREE BINDINGS,92,2244
ANALOG DEVICES INC ADF4377 DRIVER,THE REST,1086,29856
ANALOG DEVICES INC ADGS1408 DRIVER,ANALOG DEVICES INC ADGS1408 DRIVER,179,4327
ANALOG DEVICES INC ADGS1408 DRIVER,MULTIPLEXER SUBSYSTEM,179,4327
ANALOG DEVICES INC ADGS1408 DRIVER,OPEN FIRMWARE AND FLATTENED DEVICE TREE BINDINGS,48,1311
ANALOG DEVICES INC ADGS1408 DRIVER,THE REST,179,4327
ANALOG DEVICES INC ADIN DRIVER,ANALOG DEVICES INC ADIN DRIVER,1082,26782
ANALOG DEVICES INC ADIN DRIVER,ETHERNET PHY LIBRARY,998,24613
ANALOG DEVICES INC ADIN DRIVER,NETWORKING DRIVERS,1082,26782
ANALOG DEVICES INC ADIN DRIVER,OPEN FIRMWARE AND FLATTENED DEVICE TREE BINDINGS,84,2169
ANALOG DEVICES INC ADIN DRIVER,THE REST,1082,26782
ANALOG DEVICES INC ADIS DRIVER LIBRARY,ANALOG DEVICES INC ADIS DRIVER LIBRARY,1411,37400
ANALOG DEVICES INC ADIS DRIVER LIBRARY,ANALOG DEVICES INC IIO DRIVERS,852,21739
ANALOG DEVICES INC ADIS DRIVER LIBRARY,IIO SUBSYSTEM AND DRIVERS,1411,37400
ANALOG DEVICES INC ADIS DRIVER LIBRARY,THE REST,1411,37400
ANALOG DEVICES INC ADIS16460 DRIVER,ANALOG DEVICES INC ADIS16460 DRIVER,489,12332
ANALOG DEVICES INC ADIS16460 DRIVER,ANALOG DEVICES INC IIO DRIVERS,489,12332
ANALOG DEVICES INC ADIS16460 DRIVER,IIO SUBSYSTEM AND DRIVERS,489,12332
ANALOG DEVICES INC ADIS16460 DRIVER,OPEN FIRMWARE AND FLATTENED DEVICE TREE BINDINGS,58,1162
ANALOG DEVICES INC ADIS16460 DRIVER,THE REST,489,12332
ANALOG DEVICES INC ADIS16475 DRIVER,ANALOG DEVICES INC ADIS16475 DRIVER,1486,40325
ANALOG DEVICES INC ADIS16475 DRIVER,ANALOG DEVICES INC IIO DRIVERS,1486,40325
ANALOG DEVICES INC ADIS16475 DRIVER,IIO SUBSYSTEM AND DRIVERS,1486,40325
ANALOG DEVICES INC ADIS16475 DRIVER,OPEN FIRMWARE AND FLATTENED DEVICE TREE BINDINGS,130,2764
ANALOG DEVICES INC ADIS16475 DRIVER,THE REST,1486,40325
ANALOG DEVICES INC ADM1177 DRIVER,ANALOG DEVICES INC ADM1177 DRIVER,333,7838
ANALOG DEVICES INC ADM1177 DRIVER,HARDWARE MONITORING,333,7838
ANALOG DEVICES INC ADM1177 DRIVER,OPEN FIRMWARE AND FLATTENED DEVICE TREE BINDINGS,67,1798
ANALOG DEVICES INC ADM1177 DRIVER,THE REST,333,7838
ANALOG DEVICES INC ADMV1013 DRIVER,ANALOG DEVICES INC ADMV1013 DRIVER,814,19615
ANALOG DEVICES INC ADMV1013 DRIVER,ANALOG DEVICES INC IIO DRIVERS,814,19615
ANALOG DEVICES INC ADMV1013 DRIVER,IIO SUBSYSTEM AND DRIVERS,814,19615
ANALOG DEVICES INC ADMV1013 DRIVER,OPEN FIRMWARE AND FLATTENED DEVICE TREE BINDINGS,154,3398
ANALOG DEVICES INC ADMV1013 DRIVER,THE REST,814,19615
ANALOG DEVICES INC ADMV1014 DRIVER,ANALOG DEVICES INC ADMV1014 DRIVER,969,25370
ANALOG DEVICES INC ADMV1014 DRIVER,ANALOG DEVICES INC IIO DRIVERS,969,25370
ANALOG DEVICES INC ADMV1014 DRIVER,IIO SUBSYSTEM AND DRIVERS,969,25370
ANALOG DEVICES INC ADMV1014 DRIVER,OPEN FIRMWARE AND FLATTENED DEVICE TREE BINDINGS,145,3338
ANALOG DEVICES INC ADMV1014 DRIVER,THE REST,969,25370
ANALOG DEVICES INC ADMV8818 DRIVER,ANALOG DEVICES INC ADMV8818 DRIVER,778,18042
ANALOG DEVICES INC ADMV8818 DRIVER,ANALOG DEVICES INC IIO DRIVERS,778,18042
ANALOG DEVICES INC ADMV8818 DRIVER,IIO SUBSYSTEM AND DRIVERS,778,18042
ANALOG DEVICES INC ADMV8818 DRIVER,OPEN FIRMWARE AND FLATTENED DEVICE TREE BINDINGS,66,1378
ANALOG DEVICES INC ADMV8818 DRIVER,THE REST,778,18042
ANALOG DEVICES INC ADP5061 DRIVER,ANALOG DEVICES INC ADP5061 DRIVER,746,19286
ANALOG DEVICES INC ADP5061 DRIVER,POWER SUPPLY CLASS/SUBSYSTEM and DRIVERS,746,19286
ANALOG DEVICES INC ADP5061 DRIVER,THE REST,746,19286
ANALOG DEVICES INC ADRF6780 DRIVER,ANALOG DEVICES INC ADRF6780 DRIVER,647,16139
ANALOG DEVICES INC ADRF6780 DRIVER,ANALOG DEVICES INC IIO DRIVERS,647,16139
ANALOG DEVICES INC ADRF6780 DRIVER,IIO SUBSYSTEM AND DRIVERS,647,16139
ANALOG DEVICES INC ADRF6780 DRIVER,OPEN FIRMWARE AND FLATTENED DEVICE TREE BINDINGS,134,2970
ANALOG DEVICES INC ADRF6780 DRIVER,THE REST,647,16139
ANALOG DEVICES INC ADV7180 DRIVER,ANALOG DEVICES INC ADV7180 DRIVER,1801,48728
ANALOG DEVICES INC ADV7180 DRIVER,MEDIA INPUT INFRASTRUCTURE (V4L/DVB),1801,48728
ANALOG DEVICES INC ADV7180 DRIVER,OPEN FIRMWARE AND FLATTENED DEVICE TREE BINDINGS,179,4187
ANALOG DEVICES INC ADV7180 DRIVER,THE REST,1801,48728
ANALOG DEVICES INC ADV748X DRIVER,ANALOG DEVICES INC ADV748X DRIVER,3198,86151
ANALOG DEVICES INC ADV748X DRIVER,MEDIA INPUT INFRASTRUCTURE (V4L/DVB),3198,86151
ANALOG DEVICES INC ADV748X DRIVER,OPEN FIRMWARE AND FLATTENED DEVICE TREE BINDINGS,212,6038
ANALOG DEVICES INC ADV748X DRIVER,THE REST,3198,86151
ANALOG DEVICES INC ADV7511 DRIVER,ANALOG DEVICES INC ADV7511 DRIVER,1965,55169
ANALOG DEVICES INC ADV7511 DRIVER,MEDIA INPUT INFRASTRUCTURE (V4L/DVB),1965,55169
ANALOG DEVICES INC ADV7511 DRIVER,THE REST,1965,55169
ANALOG DEVICES INC ADV7604 DRIVER,ANALOG DEVICES INC ADV7604 DRIVER,3857,114714
ANALOG DEVICES INC ADV7604 DRIVER,MEDIA INPUT INFRASTRUCTURE (V4L/DVB),3857,114714
ANALOG DEVICES INC ADV7604 DRIVER,OPEN FIRMWARE AND FLATTENED DEVICE TREE BINDINGS,160,4798
ANALOG DEVICES INC ADV7604 DRIVER,THE REST,3857,114714
ANALOG DEVICES INC ADV7842 DRIVER,ANALOG DEVICES INC ADV7842 DRIVER,3627,105386
ANALOG DEVICES INC ADV7842 DRIVER,MEDIA INPUT INFRASTRUCTURE (V4L/DVB),3627,105386
ANALOG DEVICES INC ADV7842 DRIVER,THE REST,3627,105386
ANALOG DEVICES INC ADXRS290 DRIVER,ANALOG DEVICES INC ADXRS290 DRIVER,770,19085
ANALOG DEVICES INC ADXRS290 DRIVER,ANALOG DEVICES INC IIO DRIVERS,770,19085
ANALOG DEVICES INC ADXRS290 DRIVER,IIO SUBSYSTEM AND DRIVERS,770,19085
ANALOG DEVICES INC ADXRS290 DRIVER,OPEN FIRMWARE AND FLATTENED DEVICE TREE BINDINGS,62,1295
ANALOG DEVICES INC ADXRS290 DRIVER,THE REST,770,19085
ANALOG DEVICES INC ASOC CODEC DRIVERS,ANALOG DEVICES INC ASOC CODEC DRIVERS,15409,434746
ANALOG DEVICES INC ASOC CODEC DRIVERS,ARM/APPLE MACHINE SOUND DRIVERS,448,11406
ANALOG DEVICES INC ASOC CODEC DRIVERS,SOUND,15409,434746
ANALOG DEVICES INC ASOC CODEC DRIVERS,SOUND - SOC LAYER / DYNAMIC AUDIO POWER MANAGEMENT (ASoC),15409,434746
ANALOG DEVICES INC ASOC CODEC DRIVERS,THE REST,15409,434746
ANALOG DEVICES INC DMA DRIVERS,ANALOG DEVICES INC DMA DRIVERS,1063,28249
ANALOG DEVICES INC DMA DRIVERS,DMA GENERIC OFFLOAD ENGINE SUBSYSTEM,1063,28249
ANALOG DEVICES INC DMA DRIVERS,THE REST,1063,28249
ANALOG DEVICES INC IIO DRIVERS,ANALOG DEVICES INC IIO DRIVERS,72339,1847436
ANALOG DEVICES INC IIO DRIVERS,IIO SUBSYSTEM AND DRIVERS,72339,1847436
ANALOG DEVICES INC IIO DRIVERS,LTC2688 IIO DAC DRIVER,147,3735
ANALOG DEVICES INC IIO DRIVERS,LTC2983 IIO TEMPERATURE DRIVER,556,15626
ANALOG DEVICES INC IIO DRIVERS,OPEN FIRMWARE AND FLATTENED DEVICE TREE BINDINGS,7620,180820
ANALOG DEVICES INC IIO DRIVERS,STAGING - INDUSTRIAL IO,6309,162702
ANALOG DEVICES INC IIO DRIVERS,STAGING - SEPS525 LCD CONTROLLER DRIVERS,141,4373
ANALOG DEVICES INC IIO DRIVERS,STAGING SUBSYSTEM,6309,162702
ANALOG DEVICES INC IIO DRIVERS,THE REST,72339,1847436
ANALOG DEVICES INC MAX31760 DRIVER,ANALOG DEVICES INC MAX31760 DRIVER,715,17601
ANALOG DEVICES INC MAX31760 DRIVER,DOCUMENTATION,77,3505
ANALOG DEVICES INC MAX31760 DRIVER,HARDWARE MONITORING,715,17601
ANALOG DEVICES INC MAX31760 DRIVER,OPEN FIRMWARE AND FLATTENED DEVICE TREE BINDINGS,42,831
ANALOG DEVICES INC MAX31760 DRIVER,THE REST,715,17601
ANALOGBITS PLL LIBRARIES,ANALOGBITS PLL LIBRARIES,453,14229
ANALOGBITS PLL LIBRARIES,COMMON CLK FRAMEWORK,453,14229
ANALOGBITS PLL LIBRARIES,THE REST,453,14229
ANDROID DRIVERS,ANDROID DRIVERS,10281,295761
ANDROID DRIVERS,THE REST,10281,295761
ANDROID GOLDFISH PIC DRIVER,ANDROID GOLDFISH PIC DRIVER,164,4111
ANDROID GOLDFISH PIC DRIVER,IRQCHIP DRIVERS,164,4111
ANDROID GOLDFISH PIC DRIVER,OPEN FIRMWARE AND FLATTENED DEVICE TREE BINDINGS,30,806
ANDROID GOLDFISH PIC DRIVER,THE REST,164,4111
ANDROID GOLDFISH RTC DRIVER,ANDROID GOLDFISH RTC DRIVER,223,5086
ANDROID GOLDFISH RTC DRIVER,OPEN FIRMWARE AND FLATTENED DEVICE TREE BINDINGS,17,350
ANDROID GOLDFISH RTC DRIVER,REAL TIME CLOCK (RTC) SUBSYSTEM,223,5086
ANDROID GOLDFISH RTC DRIVER,THE REST,223,5086
AOA (Apple Onboard Audio) ALSA DRIVER,AOA (Apple Onboard Audio) ALSA DRIVER,7515,193568
AOA (Apple Onboard Audio) ALSA DRIVER,SOUND,7515,193568
AOA (Apple Onboard Audio) ALSA DRIVER,THE REST,7515,193568
APEX EMBEDDED SYSTEMS STX104 IIO DRIVER,APEX EMBEDDED SYSTEMS STX104 IIO DRIVER,466,13231
APEX EMBEDDED SYSTEMS STX104 IIO DRIVER,IIO SUBSYSTEM AND DRIVERS,466,13231
APEX EMBEDDED SYSTEMS STX104 IIO DRIVER,THE REST,466,13231
APM DRIVER,APM DRIVER,3395,94010
APM DRIVER,CHAR and MISC DRIVERS,726,17685
APM DRIVER,THE REST,3395,94010
APM DRIVER,X86 ARCHITECTURE (32-BIT AND 64-BIT),2439,70322
APPARMOR SECURITY MODULE,APPARMOR SECURITY MODULE,20873,554148
APPARMOR SECURITY MODULE,DOCUMENTATION,51,1417
APPARMOR SECURITY MODULE,SECURITY SUBSYSTEM,20822,552731
APPARMOR SECURITY MODULE,THE REST,20873,554148
APPLE BCM5974 MULTITOUCH DRIVER,APPLE BCM5974 MULTITOUCH DRIVER,1033,31634
APPLE BCM5974 MULTITOUCH DRIVER,"INPUT (KEYBOARD, MOUSE, JOYSTICK, TOUCHSCREEN) DRIVERS",1033,31634
APPLE BCM5974 MULTITOUCH DRIVER,THE REST,1033,31634
APPLE PCIE CONTROLLER DRIVER,APPLE PCIE CONTROLLER DRIVER,842,22250
APPLE PCIE CONTROLLER DRIVER,PCI NATIVE HOST BRIDGE AND ENDPOINT DRIVERS,842,22250
APPLE PCIE CONTROLLER DRIVER,PCI SUBSYSTEM,842,22250
APPLE PCIE CONTROLLER DRIVER,THE REST,842,22250
APPLE SMC DRIVER,APPLE SMC DRIVER,1419,33775
APPLE SMC DRIVER,HARDWARE MONITORING,1419,33775
APPLE SMC DRIVER,THE REST,1419,33775
APPLETALK NETWORK LAYER,APPLETALK NETWORK LAYER,5998,165108
APPLETALK NETWORK LAYER,NETWORKING DRIVERS,2321,75538
APPLETALK NETWORK LAYER,NETWORKING [GENERAL],3446,83973
APPLETALK NETWORK LAYER,THE REST,5998,165108
APPLIED MICRO (APM) X-GENE DEVICE TREE SUPPORT,APPLIED MICRO (APM) X-GENE DEVICE TREE SUPPORT,2107,52459
APPLIED MICRO (APM) X-GENE DEVICE TREE SUPPORT,OPEN FIRMWARE AND FLATTENED DEVICE TREE BINDINGS,2107,52459
APPLIED MICRO (APM) X-GENE DEVICE TREE SUPPORT,THE REST,2107,52459
APPLIED MICRO (APM) X-GENE SOC EDAC,APPLIED MICRO (APM) X-GENE SOC EDAC,2157,63850
APPLIED MICRO (APM) X-GENE SOC EDAC,EDAC-CORE,2045,60488
APPLIED MICRO (APM) X-GENE SOC EDAC,OPEN FIRMWARE AND FLATTENED DEVICE TREE BINDINGS,112,3362
APPLIED MICRO (APM) X-GENE SOC EDAC,THE REST,2157,63850
APPLIED MICRO (APM) X-GENE SOC ETHERNET (V2) DRIVER,APPLIED MICRO (APM) X-GENE SOC ETHERNET (V2) DRIVER,1710,40419
APPLIED MICRO (APM) X-GENE SOC ETHERNET (V2) DRIVER,NETWORKING DRIVERS,1710,40419
APPLIED MICRO (APM) X-GENE SOC ETHERNET (V2) DRIVER,THE REST,1710,40419
APPLIED MICRO (APM) X-GENE SOC ETHERNET DRIVER,APPLIED MICRO (APM) X-GENE SOC ETHERNET DRIVER,7488,189196
APPLIED MICRO (APM) X-GENE SOC ETHERNET DRIVER,ETHERNET PHY LIBRARY,464,11108
APPLIED MICRO (APM) X-GENE SOC ETHERNET DRIVER,NETWORKING DRIVERS,7488,189196
APPLIED MICRO (APM) X-GENE SOC ETHERNET DRIVER,OPEN FIRMWARE AND FLATTENED DEVICE TREE BINDINGS,128,4203
APPLIED MICRO (APM) X-GENE SOC ETHERNET DRIVER,THE REST,7488,189196
APPLIED MICRO (APM) X-GENE SOC PMU,APPLIED MICRO (APM) X-GENE SOC PMU,2137,62817
APPLIED MICRO (APM) X-GENE SOC PMU,ARM PMU PROFILING AND DEBUGGING,2088,60462
APPLIED MICRO (APM) X-GENE SOC PMU,DOCUMENTATION,49,2355
APPLIED MICRO (APM) X-GENE SOC PMU,OPEN FIRMWARE AND FLATTENED DEVICE TREE BINDINGS,112,3016
APPLIED MICRO (APM) X-GENE SOC PMU,THE REST,2137,62817
APTINA CAMERA SENSOR PLL,APTINA CAMERA SENSOR PLL,202,6228
APTINA CAMERA SENSOR PLL,MEDIA INPUT INFRASTRUCTURE (V4L/DVB),202,6228
APTINA CAMERA SENSOR PLL,THE REST,202,6228
AQUACOMPUTER D5 NEXT PUMP SENSOR DRIVER,AQUACOMPUTER D5 NEXT PUMP SENSOR DRIVER,1988,58123
AQUACOMPUTER D5 NEXT PUMP SENSOR DRIVER,DOCUMENTATION,109,4766
AQUACOMPUTER D5 NEXT PUMP SENSOR DRIVER,HARDWARE MONITORING,1988,58123
AQUACOMPUTER D5 NEXT PUMP SENSOR DRIVER,THE REST,1988,58123
AQUANTIA ETHERNET DRIVER (atlantic),AQUANTIA ETHERNET DRIVER (atlantic),29952,844740
AQUANTIA ETHERNET DRIVER (atlantic),AQUANTIA ETHERNET DRIVER PTP SUBSYSTEM,1586,38284
AQUANTIA ETHERNET DRIVER (atlantic),DOCUMENTATION,556,15057
AQUANTIA ETHERNET DRIVER (atlantic),NETWORKING DRIVERS,29396,829683
AQUANTIA ETHERNET DRIVER (atlantic),NETWORKING [GENERAL],556,15057
AQUANTIA ETHERNET DRIVER (atlantic),THE REST,29952,844740
AQUANTIA ETHERNET DRIVER PTP SUBSYSTEM,AQUANTIA ETHERNET DRIVER PTP SUBSYSTEM,1586,38284
AQUANTIA ETHERNET DRIVER PTP SUBSYSTEM,NETWORKING DRIVERS,1586,38284
AQUANTIA ETHERNET DRIVER PTP SUBSYSTEM,THE REST,1586,38284
AR0521 ON SEMICONDUCTOR CAMERA SENSOR DRIVER,AR0521 ON SEMICONDUCTOR CAMERA SENSOR DRIVER,1321,37864
AR0521 ON SEMICONDUCTOR CAMERA SENSOR DRIVER,MEDIA INPUT INFRASTRUCTURE (V4L/DVB),1321,37864
AR0521 ON SEMICONDUCTOR CAMERA SENSOR DRIVER,OPEN FIRMWARE AND FLATTENED DEVICE TREE BINDINGS,112,2734
AR0521 ON SEMICONDUCTOR CAMERA SENSOR DRIVER,THE REST,1321,37864
AR0521 ON SEMICONDUCTOR CAMERA SENSOR DRIVER,V4L2 CAMERA SENSOR DRIVERS,1209,35130
ARASAN NAND CONTROLLER DRIVER,ARASAN NAND CONTROLLER DRIVER,1558,41010
ARASAN NAND CONTROLLER DRIVER,MEMORY TECHNOLOGY DEVICES (MTD),1558,41010
ARASAN NAND CONTROLLER DRIVER,NAND FLASH SUBSYSTEM,1500,39839
ARASAN NAND CONTROLLER DRIVER,OPEN FIRMWARE AND FLATTENED DEVICE TREE BINDINGS,58,1171
ARASAN NAND CONTROLLER DRIVER,THE REST,1558,41010
ARC FRAMEBUFFER DRIVER,ARC FRAMEBUFFER DRIVER,1023,26129
ARC FRAMEBUFFER DRIVER,FRAMEBUFFER CORE,347,9177
ARC FRAMEBUFFER DRIVER,FRAMEBUFFER LAYER,1023,26129
ARC FRAMEBUFFER DRIVER,THE REST,1023,26129
ARC PGU DRM DRIVER,ARC PGU DRM DRIVER,472,12725
ARC PGU DRM DRIVER,DRM DRIVERS,472,12725
ARC PGU DRM DRIVER,OPEN FIRMWARE AND FLATTENED DEVICE TREE BINDINGS,35,900
ARC PGU DRM DRIVER,THE REST,472,12725
ARCNET NETWORK LAYER,ARCNET NETWORK LAYER,6407,177677
ARCNET NETWORK LAYER,NETWORKING DRIVERS,6407,177677
ARCNET NETWORK LAYER,THE REST,6407,177677
ARM AND ARM64 SoC SUB-ARCHITECTURES (COMMON PARTS),ARM AND ARM64 SoC SUB-ARCHITECTURES (COMMON PARTS),278,10710
ARM AND ARM64 SoC SUB-ARCHITECTURES (COMMON PARTS),DOCUMENTATION,202,9222
ARM AND ARM64 SoC SUB-ARCHITECTURES (COMMON PARTS),DOCUMENTATION PROCESS,202,9222
ARM AND ARM64 SoC SUB-ARCHITECTURES (COMMON PARTS),OPEN FIRMWARE AND FLATTENED DEVICE TREE BINDINGS,76,1488
ARM AND ARM64 SoC SUB-ARCHITECTURES (COMMON PARTS),THE REST,278,10710
ARM ARCHITECTED TIMER DRIVER,ARM ARCHITECTED TIMER DRIVER,2192,56146
ARM ARCHITECTED TIMER DRIVER,ARM PORT,146,3124
ARM ARCHITECTED TIMER DRIVER,ARM64 PORT (AARCH64 ARCHITECTURE),229,4956
ARM ARCHITECTED TIMER DRIVER,"CLOCKSOURCE, CLOCKEVENT DRIVERS",1817,48066
ARM ARCHITECTED TIMER DRIVER,THE REST,2192,56146
ARM GENERIC INTERRUPT CONTROLLER DRIVERS,ARM GENERIC INTERRUPT CONTROLLER DRIVERS,14380,372662
ARM GENERIC INTERRUPT CONTROLLER DRIVERS,ARM PORT,261,6397
ARM GENERIC INTERRUPT CONTROLLER DRIVERS,ARM64 PORT (AARCH64 ARCHITECTURE),199,4928
ARM GENERIC INTERRUPT CONTROLLER DRIVERS,IRQCHIP DRIVERS,12881,326224
ARM GENERIC INTERRUPT CONTROLLER DRIVERS,OPEN FIRMWARE AND FLATTENED DEVICE TREE BINDINGS,559,16079
ARM GENERIC INTERRUPT CONTROLLER DRIVERS,THE REST,14380,372662
ARM HDLCD DRM DRIVER,ARM HDLCD DRM DRIVER,966,26451
ARM HDLCD DRM DRIVER,ARM MALI-DP DRM DRIVER,877,24416
ARM HDLCD DRM DRIVER,DRM DRIVERS,966,26451
ARM HDLCD DRM DRIVER,OPEN FIRMWARE AND FLATTENED DEVICE TREE BINDINGS,89,2035
ARM HDLCD DRM DRIVER,THE REST,966,26451
"ARM INTEGRATOR, VERSATILE AND REALVIEW SUPPORT","ARM INTEGRATOR, VERSATILE AND REALVIEW SUPPORT",11714,304370
"ARM INTEGRATOR, VERSATILE AND REALVIEW SUPPORT",ARM PORT,2969,80702
"ARM INTEGRATOR, VERSATILE AND REALVIEW SUPPORT",ARM SUB-ARCHITECTURES,2969,80702
"ARM INTEGRATOR, VERSATILE AND REALVIEW SUPPORT",ARM/VERSATILE EXPRESS PLATFORM,3091,83507
"ARM INTEGRATOR, VERSATILE AND REALVIEW SUPPORT",AUXILIARY DISPLAY DRIVERS,44,808
"ARM INTEGRATOR, VERSATILE AND REALVIEW SUPPORT",COMMON CLK FRAMEWORK,1410,37822
"ARM INTEGRATOR, VERSATILE AND REALVIEW SUPPORT",I2C SUBSYSTEM HOST DRIVERS,163,3633
"ARM INTEGRATOR, VERSATILE AND REALVIEW SUPPORT",IRQCHIP DRIVERS,283,7794
"ARM INTEGRATOR, VERSATILE AND REALVIEW SUPPORT",MEMORY TECHNOLOGY DEVICES (MTD),484,11985
"ARM INTEGRATOR, VERSATILE AND REALVIEW SUPPORT",OPEN FIRMWARE AND FLATTENED DEVICE TREE BINDINGS,6215,158994
"ARM INTEGRATOR, VERSATILE AND REALVIEW SUPPORT",SYSTEM RESET/SHUTDOWN DRIVERS,160,4196
"ARM INTEGRATOR, VERSATILE AND REALVIEW SUPPORT",THE REST,11714,304370
ARM KOMEDA DRM-KMS DRIVER,ARM KOMEDA DRM-KMS DRIVER,9559,265344
ARM KOMEDA DRM-KMS DRIVER,ARM MALI-DP DRM DRIVER,8940,246896
ARM KOMEDA DRM-KMS DRIVER,DOCUMENTATION,488,15551
ARM KOMEDA DRM-KMS DRIVER,DRM DRIVERS,9559,265344
ARM KOMEDA DRM-KMS DRIVER,DRM DRIVERS AND MISC GPU PATCHES,488,15551
ARM KOMEDA DRM-KMS DRIVER,OPEN FIRMWARE AND FLATTENED DEVICE TREE BINDINGS,131,2897
ARM KOMEDA DRM-KMS DRIVER,THE REST,9559,265344
ARM MALI PANFROST DRM DRIVER,ARM MALI PANFROST DRM DRIVER,6149,174635
ARM MALI PANFROST DRM DRIVER,DRM DRIVERS,6149,174635
ARM MALI PANFROST DRM DRIVER,THE REST,6149,174635
ARM MALI-DP DRM DRIVER,ARM MALI-DP DRM DRIVER,15326,437965
ARM MALI-DP DRM DRIVER,DOCUMENTATION,235,7431
ARM MALI-DP DRM DRIVER,DRM DRIVERS,15326,437965
ARM MALI-DP DRM DRIVER,DRM DRIVERS AND MISC GPU PATCHES,235,7431
ARM MALI-DP DRM DRIVER,OPEN FIRMWARE AND FLATTENED DEVICE TREE BINDINGS,119,3429
ARM MALI-DP DRM DRIVER,THE REST,15326,437965
ARM MFM AND FLOPPY DRIVERS,ARM MFM AND FLOPPY DRIVERS,112,2908
ARM MFM AND FLOPPY DRIVERS,ARM PORT,112,2908
ARM MFM AND FLOPPY DRIVERS,ARM SUB-ARCHITECTURES,29,590
ARM MFM AND FLOPPY DRIVERS,ARM/RISCPC ARCHITECTURE,29,590
ARM MFM AND FLOPPY DRIVERS,THE REST,112,2908
ARM PMU PROFILING AND DEBUGGING,ARM PMU PROFILING AND DEBUGGING,42907,1215362
ARM PMU PROFILING AND DEBUGGING,ARM PORT,4969,143603
ARM PMU PROFILING AND DEBUGGING,ARM/Amlogic Meson SoC support,957,24760
ARM PMU PROFILING AND DEBUGGING,ARM/FREESCALE IMX / MXC ARM ARCHITECTURE,1570,42649
ARM PMU PROFILING AND DEBUGGING,ARM/QUALCOMM SUPPORT,1833,51072
ARM PMU PROFILING AND DEBUGGING,ARM64 PORT (AARCH64 ARCHITECTURE),1499,37964
ARM PMU PROFILING AND DEBUGGING,COMPUTE EXPRESS LINK PMU (CPMU),990,32050
ARM PMU PROFILING AND DEBUGGING,FREESCALE IMX DDR PMU DRIVER,861,22562
ARM PMU PROFILING AND DEBUGGING,HISILICON HNS3 PMU DRIVER,1671,51481
ARM PMU PROFILING AND DEBUGGING,HISILICON PMU DRIVER,7226,204379
ARM PMU PROFILING AND DEBUGGING,OPEN FIRMWARE AND FLATTENED DEVICE TREE BINDINGS,860,25244
ARM PMU PROFILING AND DEBUGGING,PERFORMANCE EVENTS SUBSYSTEM,3759,113980
ARM PMU PROFILING AND DEBUGGING,RISC-V ARCHITECTURE,1894,55869
ARM PMU PROFILING AND DEBUGGING,RISC-V PMU DRIVERS,1734,48711
ARM PMU PROFILING AND DEBUGGING,THE REST,42907,1215362
ARM PORT,ARM PORT,308559,8330899
ARM PORT,ARM SUB-ARCHITECTURES,156079,4269568
ARM PORT,ARM/ACTIONS SEMI ARCHITECTURE,172,4014
ARM PORT,ARM/ARTPEC MACHINE SUPPORT,90,2087
ARM PORT,ARM/ASPEED MACHINE SUPPORT,688,17764
ARM PORT,ARM/Allwinner sunXi SoC support,1565,40639
ARM PORT,ARM/Amlogic Meson SoC support,519,11794
ARM PORT,ARM/Annapurna Labs ALPINE ARCHITECTURE,181,4499
ARM PORT,ARM/CALXEDA HIGHBANK ARCHITECTURE,387,8691
ARM PORT,ARM/CIRRUS LOGIC BK3 MACHINE SUPPORT,422,11874
ARM PORT,ARM/CIRRUS LOGIC CLPS711X ARM ARCHITECTURE,215,5170
ARM PORT,ARM/CIRRUS LOGIC EP93XX ARM ARCHITECTURE,3876,111765
ARM PORT,ARM/CONEXANT DIGICOLOR MACHINE SUPPORT,62,1327
ARM PORT,ARM/CORTINA SYSTEMS GEMINI ARM ARCHITECTURE,87,2160
ARM PORT,ARM/FARADAY FA526 PORT,608,14978
ARM PORT,ARM/FOOTBRIDGE ARCHITECTURE,2866,65643
ARM PORT,ARM/FREESCALE IMX / MXC ARM ARCHITECTURE,9120,231645
ARM PORT,ARM/FREESCALE VYBRID ARM ARCHITECTURE,71,1404
ARM PORT,ARM/HISILICON SOC SUPPORT,979,23305
ARM PORT,ARM/HP JORNADA 7XX MACHINE SUPPORT,408,13632
ARM PORT,ARM/HPE GXP ARCHITECTURE,39,1107
ARM PORT,ARM/INTEL IXP4XX ARM ARCHITECTURE,43,1062
ARM PORT,ARM/LPC18XX ARCHITECTURE,182,4670
ARM PORT,ARM/LPC32XX SOC SUPPORT,1614,50208
ARM PORT,ARM/MILBEAUT ARCHITECTURE,286,6599
ARM PORT,ARM/MStar/Sigmastar Armv7 SoC support,153,4185
ARM PORT,ARM/Marvell Dove/MV78xx0/Orion SOC support,11389,308277
ARM PORT,"ARM/Marvell Kirkwood and Armada 370, 375, 38x, 39x, XP, 3700, 7K/8K, CN9130 SOC support",3605,90346
ARM PORT,ARM/Mediatek SoC support,242,6048
ARM PORT,ARM/Microchip (AT91) SoC support,3768,89966
ARM PORT,ARM/NOMADIK/Ux500 ARCHITECTURES,630,17387
ARM PORT,ARM/NUVOTON NPCM ARCHITECTURE,178,4165
ARM PORT,ARM/NUVOTON WPCM450 ARCHITECTURE,224,5785
ARM PORT,ARM/Orion SoC/Technologic Systems TS-78xx platform support,616,15107
ARM PORT,ARM/QUALCOMM SUPPORT,784,17737
ARM PORT,ARM/REALTEK ARCHITECTURE,53,1291
ARM PORT,ARM/RISC-V/RENESAS ARCHITECTURE,2228,54337
ARM PORT,ARM/RISCPC ARCHITECTURE,3091,71259
ARM PORT,ARM/Rockchip SoC support,993,24469
ARM PORT,"ARM/SAMSUNG S3C, S5P AND EXYNOS ARM ARCHITECTURES",11756,300459
ARM PORT,ARM/SOCFPGA ARCHITECTURE,1037,25571
ARM PORT,ARM/STI ARCHITECTURE,205,5104
ARM PORT,ARM/STM32 ARCHITECTURE,223,5189
ARM PORT,ARM/SUNPLUS SP7021 SOC SUPPORT,109,2762
ARM PORT,ARM/Synaptics SoC support,218,4893
ARM PORT,ARM/TEXAS INSTRUMENT KEYSTONE ARCHITECTURE,166,4083
ARM PORT,ARM/UNIPHIER ARCHITECTURE,533,15405
ARM PORT,ARM/VERSATILE EXPRESS PLATFORM,3263,87923
ARM PORT,ARM/VFP SUPPORT,4102,101150
ARM PORT,ARM/VT8500 ARM ARCHITECTURE,195,4487
ARM PORT,ARM/ZYNQ ARCHITECTURE,809,19425
ARM PORT,ATOMIC INFRASTRUCTURE,514,12897
ARM PORT,BPF JIT for ARM,2304,64632
ARM PORT,BPF [GENERAL] (Safe Dynamic Programs and Tools),2304,64632
ARM PORT,BROADCOM BCM2711/BCM2835 ARM ARCHITECTURE,245,5277
ARM PORT,BROADCOM BCM281XX/BCM11XXX/BCM216XX ARM ARCHITECTURE,1928,47724
ARM PORT,BROADCOM BCM5301X ARM ARCHITECTURE,48,1208
ARM PORT,BROADCOM BCM7XXX ARM ARCHITECTURE,959,25548
ARM PORT,BROADCOM IPROC ARM ARCHITECTURE,45,1016
ARM PORT,CPUIDLE DRIVER - ARM EXYNOS,338,7300
ARM PORT,CRYPTO API,15855,396599
ARM PORT,EXEC & BINFMT API,156,4724
ARM PORT,EXTENSIBLE FIRMWARE INTERFACE (EFI),353,10306
ARM PORT,FUNCTION HOOKS (FTRACE),682,15779
ARM PORT,"HIBERNATION (aka Software Suspend, aka swsusp)",18,445
ARM PORT,KASAN,332,9329
ARM PORT,KFENCE,53,1058
ARM PORT,LOCKING PRIMITIVES,307,6190
ARM PORT,MMP SUPPORT,599,14361
ARM PORT,MMU GATHER AND TLB INVALIDATION,70,1498
ARM PORT,OMAP CLOCK FRAMEWORK SUPPORT,6834,202330
ARM PORT,OMAP GENERAL PURPOSE MEMORY CONTROLLER SUPPORT,10,291
ARM PORT,OMAP HWMOD DATA,6111,156007
ARM PORT,OMAP HWMOD SUPPORT,10732,293776
ARM PORT,OMAP POWER MANAGEMENT SUPPORT,3114,78899
ARM PORT,OMAP POWERDOMAIN SOC ADAPTATION LAYER SUPPORT,4827,148384
ARM PORT,OMAP USB SUPPORT,941,22293
ARM PORT,OMAP1 SUPPORT,13284,363477
ARM PORT,OMAP2+ SUPPORT,52265,1481590
ARM PORT,PARAVIRT_OPS INTERFACE,46,998
ARM PORT,PER-CPU MEMORY ALLOCATOR,70,1744
ARM PORT,PERFORMANCE EVENTS SUBSYSTEM,3554,109098
ARM PORT,PTRACE SUPPORT,1096,26519
ARM PORT,PXA2xx/PXA3xx SUPPORT,10455,318009
ARM PORT,SPEAR PLATFORM/CLOCK/PINCTRL SUPPORT,2395,54352
ARM PORT,STATIC BRANCH/CALL,78,1670
ARM PORT,TEGRA ARCHITECTURE SUPPORT,3994,98287
ARM PORT,THE REST,308559,8330899
ARM PORT,TI DAVINCI MACHINE SUPPORT,3471,97098
ARM PORT,WOLFSON MICROELECTRONICS DRIVERS,1322,33370
ARM PORT,XEN HYPERVISOR ARM,1152,30608
ARM PORT,XEN SWIOTLB SUBSYSTEM,1,33
ARM PRIMECELL AACI PL041 DRIVER,ARM PRIMECELL AACI PL041 DRIVER,1341,31938
ARM PRIMECELL AACI PL041 DRIVER,SOUND,1341,31938
ARM PRIMECELL AACI PL041 DRIVER,THE REST,1341,31938
ARM PRIMECELL BUS SUPPORT,ARM PRIMECELL BUS SUPPORT,1199,31302
ARM PRIMECELL BUS SUPPORT,TEGRA ARCHITECTURE SUPPORT,288,7614
ARM PRIMECELL BUS SUPPORT,THE REST,1199,31302
ARM PRIMECELL CLCD PL110 DRIVER,ARM PRIMECELL CLCD PL110 DRIVER,985,23121
ARM PRIMECELL CLCD PL110 DRIVER,FRAMEBUFFER LAYER,985,23121
ARM PRIMECELL CLCD PL110 DRIVER,THE REST,985,23121
ARM PRIMECELL KMI PL050 DRIVER,ARM PRIMECELL KMI PL050 DRIVER,288,6568
ARM PRIMECELL KMI PL050 DRIVER,"INPUT (KEYBOARD, MOUSE, JOYSTICK, TOUCHSCREEN) DRIVERS",210,4296
ARM PRIMECELL KMI PL050 DRIVER,THE REST,288,6568
ARM PRIMECELL MMCI PL180/1 DRIVER,ARM PRIMECELL MMCI PL180/1 DRIVER,4079,110320
ARM PRIMECELL MMCI PL180/1 DRIVER,ARM/QUALCOMM SUPPORT,202,5799
ARM PRIMECELL MMCI PL180/1 DRIVER,ARM/STM32 ARCHITECTURE,724,18617
ARM PRIMECELL MMCI PL180/1 DRIVER,"MULTIMEDIA CARD (MMC), SECURE DIGITAL (SD) AND SDIO SUBSYSTEM",4055,109667
ARM PRIMECELL MMCI PL180/1 DRIVER,THE REST,4079,110320
ARM PRIMECELL PL35X NAND CONTROLLER DRIVER,ARM PRIMECELL PL35X NAND CONTROLLER DRIVER,1242,34572
ARM PRIMECELL PL35X NAND CONTROLLER DRIVER,MEMORY TECHNOLOGY DEVICES (MTD),1242,34572
ARM PRIMECELL PL35X NAND CONTROLLER DRIVER,NAND FLASH SUBSYSTEM,1190,33141
ARM PRIMECELL PL35X NAND CONTROLLER DRIVER,OPEN FIRMWARE AND FLATTENED DEVICE TREE BINDINGS,52,1431
ARM PRIMECELL PL35X NAND CONTROLLER DRIVER,THE REST,1242,34572
ARM PRIMECELL PL35X SMC DRIVER,ARM PRIMECELL PL35X SMC DRIVER,326,7612
ARM PRIMECELL PL35X SMC DRIVER,MEMORY CONTROLLER DRIVERS,326,7612
ARM PRIMECELL PL35X SMC DRIVER,OPEN FIRMWARE AND FLATTENED DEVICE TREE BINDINGS,156,3750
ARM PRIMECELL PL35X SMC DRIVER,THE REST,326,7612
ARM PRIMECELL SSP PL022 SPI DRIVER,ARM PRIMECELL SSP PL022 SPI DRIVER,2614,72568
ARM PRIMECELL SSP PL022 SPI DRIVER,OPEN FIRMWARE AND FLATTENED DEVICE TREE BINDINGS,162,3997
ARM PRIMECELL SSP PL022 SPI DRIVER,SPI SUBSYSTEM,2614,72568
ARM PRIMECELL SSP PL022 SPI DRIVER,THE REST,2614,72568
ARM PRIMECELL UART PL010 AND PL011 DRIVERS,ARM PRIMECELL UART PL010 AND PL011 DRIVERS,4059,104650
ARM PRIMECELL UART PL010 AND PL011 DRIVERS,THE REST,4059,104650
ARM PRIMECELL UART PL010 AND PL011 DRIVERS,TTY LAYER AND SERIAL DRIVERS,3831,95397
ARM PRIMECELL VIC PL190/PL192 DRIVER,ARM PRIMECELL VIC PL190/PL192 DRIVER,597,15704
ARM PRIMECELL VIC PL190/PL192 DRIVER,IRQCHIP DRIVERS,597,15704
ARM PRIMECELL VIC PL190/PL192 DRIVER,OPEN FIRMWARE AND FLATTENED DEVICE TREE BINDINGS,81,2206
ARM PRIMECELL VIC PL190/PL192 DRIVER,THE REST,597,15704
ARM SMC WATCHDOG DRIVER,ARM SMC WATCHDOG DRIVER,227,5093
ARM SMC WATCHDOG DRIVER,OPEN FIRMWARE AND FLATTENED DEVICE TREE BINDINGS,39,755
ARM SMC WATCHDOG DRIVER,THE REST,227,5093
ARM SMC WATCHDOG DRIVER,WATCHDOG DEVICE DRIVERS,227,5093
ARM SMMU DRIVERS,ARM SMMU DRIVERS,13427,371931
ARM SMMU DRIVERS,IOMMU SUBSYSTEM,13427,371931
ARM SMMU DRIVERS,OPEN FIRMWARE AND FLATTENED DEVICE TREE BINDINGS,687,21507
ARM SMMU DRIVERS,QUALCOMM IOMMU,915,23589
ARM SMMU DRIVERS,TEGRA IOMMU DRIVERS,345,9825
ARM SMMU DRIVERS,THE REST,13427,371931
ARM SUB-ARCHITECTURES,ARM SUB-ARCHITECTURES,156079,4269568
ARM SUB-ARCHITECTURES,ARM/ACTIONS SEMI ARCHITECTURE,172,4014
ARM SUB-ARCHITECTURES,ARM/ARTPEC MACHINE SUPPORT,90,2087
ARM SUB-ARCHITECTURES,ARM/ASPEED MACHINE SUPPORT,112,2716
ARM SUB-ARCHITECTURES,ARM/Allwinner sunXi SoC support,1388,36489
ARM SUB-ARCHITECTURES,ARM/Amlogic Meson SoC support,484,11023
ARM SUB-ARCHITECTURES,ARM/Annapurna Labs ALPINE ARCHITECTURE,181,4499
ARM SUB-ARCHITECTURES,ARM/CALXEDA HIGHBANK ARCHITECTURE,387,8691
ARM SUB-ARCHITECTURES,ARM/CIRRUS LOGIC BK3 MACHINE SUPPORT,422,11874
ARM SUB-ARCHITECTURES,ARM/CIRRUS LOGIC CLPS711X ARM ARCHITECTURE,92,2331
ARM SUB-ARCHITECTURES,ARM/CIRRUS LOGIC EP93XX ARM ARCHITECTURE,3801,109761
ARM SUB-ARCHITECTURES,ARM/CONEXANT DIGICOLOR MACHINE SUPPORT,28,679
ARM SUB-ARCHITECTURES,ARM/CORTINA SYSTEMS GEMINI ARM ARCHITECTURE,87,2160
ARM SUB-ARCHITECTURES,ARM/FOOTBRIDGE ARCHITECTURE,2728,60421
ARM SUB-ARCHITECTURES,ARM/FREESCALE IMX / MXC ARM ARCHITECTURE,8051,204934
ARM SUB-ARCHITECTURES,ARM/FREESCALE VYBRID ARM ARCHITECTURE,71,1404
ARM SUB-ARCHITECTURES,ARM/HISILICON SOC SUPPORT,979,23305
ARM SUB-ARCHITECTURES,ARM/HP JORNADA 7XX MACHINE SUPPORT,408,13632
ARM SUB-ARCHITECTURES,ARM/HPE GXP ARCHITECTURE,39,1107
ARM SUB-ARCHITECTURES,ARM/INTEL IXP4XX ARM ARCHITECTURE,43,1062
ARM SUB-ARCHITECTURES,ARM/LPC18XX ARCHITECTURE,21,477
ARM SUB-ARCHITECTURES,ARM/LPC32XX SOC SUPPORT,1417,45425
ARM SUB-ARCHITECTURES,ARM/MILBEAUT ARCHITECTURE,169,3704
ARM SUB-ARCHITECTURES,ARM/MStar/Sigmastar Armv7 SoC support,153,4185
ARM SUB-ARCHITECTURES,ARM/Marvell Dove/MV78xx0/Orion SOC support,11389,308277
ARM SUB-ARCHITECTURES,"ARM/Marvell Kirkwood and Armada 370, 375, 38x, 39x, XP, 3700, 7K/8K, CN9130 SOC support",3254,82712
ARM SUB-ARCHITECTURES,ARM/Mediatek SoC support,242,6048
ARM SUB-ARCHITECTURES,ARM/Microchip (AT91) SoC support,3490,83137
ARM SUB-ARCHITECTURES,ARM/NOMADIK/Ux500 ARCHITECTURES,630,17387
ARM SUB-ARCHITECTURES,ARM/NUVOTON NPCM ARCHITECTURE,178,4165
ARM SUB-ARCHITECTURES,ARM/NUVOTON WPCM450 ARCHITECTURE,13,271
ARM SUB-ARCHITECTURES,ARM/Orion SoC/Technologic Systems TS-78xx platform support,616,15107
ARM SUB-ARCHITECTURES,ARM/QUALCOMM SUPPORT,457,10398
ARM SUB-ARCHITECTURES,ARM/REALTEK ARCHITECTURE,53,1291
ARM SUB-ARCHITECTURES,ARM/RISC-V/RENESAS ARCHITECTURE,1935,47902
ARM SUB-ARCHITECTURES,ARM/RISCPC ARCHITECTURE,2817,64935
ARM SUB-ARCHITECTURES,ARM/Rockchip SoC support,993,24469
ARM SUB-ARCHITECTURES,"ARM/SAMSUNG S3C, S5P AND EXYNOS ARM ARCHITECTURES",11172,286397
ARM SUB-ARCHITECTURES,ARM/SOCFPGA ARCHITECTURE,876,22116
ARM SUB-ARCHITECTURES,ARM/STI ARCHITECTURE,205,5104
ARM SUB-ARCHITECTURES,ARM/STM32 ARCHITECTURE,97,1993
ARM SUB-ARCHITECTURES,ARM/SUNPLUS SP7021 SOC SUPPORT,51,1359
ARM SUB-ARCHITECTURES,ARM/Synaptics SoC support,218,4893
ARM SUB-ARCHITECTURES,ARM/TEXAS INSTRUMENT KEYSTONE ARCHITECTURE,166,4083
ARM SUB-ARCHITECTURES,ARM/UNIPHIER ARCHITECTURE,15,434
ARM SUB-ARCHITECTURES,ARM/VERSATILE EXPRESS PLATFORM,2969,80702
ARM SUB-ARCHITECTURES,ARM/VT8500 ARM ARCHITECTURE,195,4487
ARM SUB-ARCHITECTURES,ARM/ZYNQ ARCHITECTURE,758,18148
ARM SUB-ARCHITECTURES,BROADCOM BCM2711/BCM2835 ARM ARCHITECTURE,54,964
ARM SUB-ARCHITECTURES,BROADCOM BCM281XX/BCM11XXX/BCM216XX ARM ARCHITECTURE,1928,47724
ARM SUB-ARCHITECTURES,BROADCOM BCM5301X ARM ARCHITECTURE,48,1208
ARM SUB-ARCHITECTURES,BROADCOM BCM7XXX ARM ARCHITECTURE,403,9463
ARM SUB-ARCHITECTURES,BROADCOM IPROC ARM ARCHITECTURE,45,1016
ARM SUB-ARCHITECTURES,CPUIDLE DRIVER - ARM EXYNOS,338,7300
ARM SUB-ARCHITECTURES,MMP SUPPORT,599,14361
ARM SUB-ARCHITECTURES,OMAP CLOCK FRAMEWORK SUPPORT,6834,202330
ARM SUB-ARCHITECTURES,OMAP GENERAL PURPOSE MEMORY CONTROLLER SUPPORT,10,291
ARM SUB-ARCHITECTURES,OMAP HWMOD DATA,6111,156007
ARM SUB-ARCHITECTURES,OMAP HWMOD SUPPORT,10732,293776
ARM SUB-ARCHITECTURES,OMAP POWER MANAGEMENT SUPPORT,3114,78899
ARM SUB-ARCHITECTURES,OMAP POWERDOMAIN SOC ADAPTATION LAYER SUPPORT,4827,148384
ARM SUB-ARCHITECTURES,OMAP USB SUPPORT,941,22293
ARM SUB-ARCHITECTURES,OMAP1 SUPPORT,13047,357961
ARM SUB-ARCHITECTURES,OMAP2+ SUPPORT,51537,1463795
ARM SUB-ARCHITECTURES,PXA2xx/PXA3xx SUPPORT,10455,318009
ARM SUB-ARCHITECTURES,SPEAR PLATFORM/CLOCK/PINCTRL SUPPORT,2395,54352
ARM SUB-ARCHITECTURES,TEGRA ARCHITECTURE SUPPORT,3421,83622
ARM SUB-ARCHITECTURES,THE REST,156079,4269568
ARM SUB-ARCHITECTURES,TI DAVINCI MACHINE SUPPORT,3471,97098
ARM SUB-ARCHITECTURES,WOLFSON MICROELECTRONICS DRIVERS,1322,33370
ARM/ACTIONS SEMI ARCHITECTURE,ARM/ACTIONS SEMI ARCHITECTURE,24300,656458
ARM/ACTIONS SEMI ARCHITECTURE,CHAR and MISC DRIVERS,194,4799
ARM/ACTIONS SEMI ARCHITECTURE,"CLOCKSOURCE, CLOCKEVENT DRIVERS",197,4916
ARM/ACTIONS SEMI ARCHITECTURE,COMMON CLK FRAMEWORK,3840,117570
ARM/ACTIONS SEMI ARCHITECTURE,DMA GENERIC OFFLOAD ENGINE SUBSYSTEM,1359,34187
ARM/ACTIONS SEMI ARCHITECTURE,DOCUMENTATION,1832,37998
ARM/ACTIONS SEMI ARCHITECTURE,GENERIC PM DOMAIN PROVIDERS,368,7460
ARM/ACTIONS SEMI ARCHITECTURE,I2C SUBSYSTEM HOST DRIVERS,584,15152
ARM/ACTIONS SEMI ARCHITECTURE,INTEL ETHERNET DRIVERS,200,6257
ARM/ACTIONS SEMI ARCHITECTURE,IRQCHIP DRIVERS,424,10744
ARM/ACTIONS SEMI ARCHITECTURE,KERNEL SELFTEST FRAMEWORK,510,12765
ARM/ACTIONS SEMI ARCHITECTURE,"MULTIMEDIA CARD (MMC), SECURE DIGITAL (SD) AND SDIO SUBSYSTEM",769,19236
ARM/ACTIONS SEMI ARCHITECTURE,NETWORKING DRIVERS,2227,62643
ARM/ACTIONS SEMI ARCHITECTURE,NETWORKING DRIVERS (WIRELESS),261,6420
ARM/ACTIONS SEMI ARCHITECTURE,NETWORKING [GENERAL],1422,33729
ARM/ACTIONS SEMI ARCHITECTURE,NETWORKING [IPv4/IPv6],912,20964
ARM/ACTIONS SEMI ARCHITECTURE,OPEN FIRMWARE AND FLATTENED DEVICE TREE BINDINGS,3195,88776
ARM/ACTIONS SEMI ARCHITECTURE,PARALLEL PORT SUBSYSTEM,1832,37998
ARM/ACTIONS SEMI ARCHITECTURE,PIN CONTROL SUBSYSTEM,7440,221641
ARM/ACTIONS SEMI ARCHITECTURE,QUALCOMM ATHEROS ATH9K WIRELESS DRIVER,261,6420
ARM/ACTIONS SEMI ARCHITECTURE,RESET CONTROLLER FRAMEWORK,166,4345
ARM/ACTIONS SEMI ARCHITECTURE,SAMSUNG AUDIO (ASoC) DRIVERS,213,5406
ARM/ACTIONS SEMI ARCHITECTURE,SOUND,213,5406
ARM/ACTIONS SEMI ARCHITECTURE,SOUND - SOC LAYER / DYNAMIC AUDIO POWER MANAGEMENT (ASoC),213,5406
ARM/ACTIONS SEMI ARCHITECTURE,THE REST,24300,656458
ARM/ACTIONS SEMI ARCHITECTURE,TTY LAYER AND SERIAL DRIVERS,788,18778
ARM/ACTIONS SEMI ARCHITECTURE,UDF FILESYSTEM,62,1352
ARM/APPLE MACHINE SOUND DRIVERS,ARM/APPLE MACHINE SOUND DRIVERS,2071,54335
ARM/APPLE MACHINE SOUND DRIVERS,CIRRUS LOGIC AUDIO CODEC DRIVERS,240,7193
ARM/APPLE MACHINE SOUND DRIVERS,OPEN FIRMWARE AND FLATTENED DEVICE TREE BINDINGS,184,4199
ARM/APPLE MACHINE SOUND DRIVERS,SOUND,1887,50136
ARM/APPLE MACHINE SOUND DRIVERS,SOUND - SOC LAYER / DYNAMIC AUDIO POWER MANAGEMENT (ASoC),2071,54335
ARM/APPLE MACHINE SOUND DRIVERS,THE REST,2071,54335
ARM/APPLE MACHINE SUPPORT,ARM/APPLE MACHINE SUPPORT,23140,613121
ARM/APPLE MACHINE SUPPORT,BLUETOOTH DRIVERS,2595,75635
ARM/APPLE MACHINE SUPPORT,COMMON CLK FRAMEWORK,397,10243
ARM/APPLE MACHINE SUPPORT,CPU FREQUENCY SCALING FRAMEWORK,470,12596
ARM/APPLE MACHINE SUPPORT,DMA GENERIC OFFLOAD ENGINE SUBSYSTEM,1049,27196
ARM/APPLE MACHINE SUPPORT,GENERIC PM DOMAIN PROVIDERS,328,9375
ARM/APPLE MACHINE SUPPORT,I2C SUBSYSTEM HOST DRIVERS,560,13602
ARM/APPLE MACHINE SUPPORT,IOMMU SUBSYSTEM,1915,50610
ARM/APPLE MACHINE SUPPORT,IRQCHIP DRIVERS,1345,35409
ARM/APPLE MACHINE SUPPORT,LINUX FOR POWERPC (32-BIT AND 64-BIT),493,12122
ARM/APPLE MACHINE SUPPORT,MAILBOX API,529,15159
ARM/APPLE MACHINE SUPPORT,NETWORKING DRIVERS,81,2536
ARM/APPLE MACHINE SUPPORT,NVM EXPRESS DRIVER,1606,43406
ARM/APPLE MACHINE SUPPORT,NVMEM FRAMEWORK,130,2790
ARM/APPLE MACHINE SUPPORT,OPEN FIRMWARE AND FLATTENED DEVICE TREE BINDINGS,10317,264479
ARM/APPLE MACHINE SUPPORT,PCI NATIVE HOST BRIDGE AND ENDPOINT DRIVERS,175,4389
ARM/APPLE MACHINE SUPPORT,PCI SUBSYSTEM,175,4389
ARM/APPLE MACHINE SUPPORT,PIN CONTROL SUBSYSTEM,669,18601
ARM/APPLE MACHINE SUPPORT,PWM SUBSYSTEM,211,5378
ARM/APPLE MACHINE SUPPORT,THE REST,23140,613121
ARM/APPLE MACHINE SUPPORT,WATCHDOG DEVICE DRIVERS,263,6813
ARM/ARTPEC MACHINE SUPPORT,ARM/ARTPEC MACHINE SUPPORT,6788,179893
ARM/ARTPEC MACHINE SUPPORT,COMMON CLK FRAMEWORK,241,6967
ARM/ARTPEC MACHINE SUPPORT,CRYPTO API,2998,79739
ARM/ARTPEC MACHINE SUPPORT,"MULTIMEDIA CARD (MMC), SECURE DIGITAL (SD) AND SDIO SUBSYSTEM",1915,49760
ARM/ARTPEC MACHINE SUPPORT,OPEN FIRMWARE AND FLATTENED DEVICE TREE BINDINGS,544,15147
ARM/ARTPEC MACHINE SUPPORT,PIN CONTROL SUBSYSTEM,1087,28772
ARM/ARTPEC MACHINE SUPPORT,THE REST,6788,179893
ARM/ASPEED I2C DRIVER,ARM/ASPEED I2C DRIVER,1305,38145
ARM/ASPEED I2C DRIVER,ARM/ASPEED MACHINE SUPPORT,1305,38145
ARM/ASPEED I2C DRIVER,I2C SUBSYSTEM HOST DRIVERS,1170,34655
ARM/ASPEED I2C DRIVER,IRQCHIP DRIVERS,135,3490
ARM/ASPEED I2C DRIVER,OPEN FIRMWARE AND FLATTENED DEVICE TREE BINDINGS,98,2264
ARM/ASPEED I2C DRIVER,THE REST,1305,38145
ARM/ASPEED MACHINE SUPPORT,ARM/ASPEED MACHINE SUPPORT,81057,1915106
ARM/ASPEED MACHINE SUPPORT,ASPEED CRYPTO DRIVER,3983,109470
ARM/ASPEED MACHINE SUPPORT,ASPEED PECI CONTROLLER,671,19172
ARM/ASPEED MACHINE SUPPORT,ASPEED PINCTRL DRIVERS,10422,358345
ARM/ASPEED MACHINE SUPPORT,ASPEED SCU INTERRUPT CONTROLLER DRIVER,286,8413
ARM/ASPEED MACHINE SUPPORT,ASPEED SD/MMC DRIVER,837,22376
ARM/ASPEED MACHINE SUPPORT,ASPEED SMC SPI DRIVER,1298,34569
ARM/ASPEED MACHINE SUPPORT,ASPEED USB UDC DRIVER,1647,41021
ARM/ASPEED MACHINE SUPPORT,ASPEED VIDEO ENGINE DRIVER,2297,69860
ARM/ASPEED MACHINE SUPPORT,COMMON CLK FRAMEWORK,880,24533
ARM/ASPEED MACHINE SUPPORT,CRYPTO API,3983,109470
ARM/ASPEED MACHINE SUPPORT,DOCUMENTATION,24,777
ARM/ASPEED MACHINE SUPPORT,DRM DRIVER FOR ASPEED BMC GFX,828,22976
ARM/ASPEED MACHINE SUPPORT,DRM DRIVERS,828,22976
ARM/ASPEED MACHINE SUPPORT,EDAC-AST2500,427,10943
ARM/ASPEED MACHINE SUPPORT,EDAC-CORE,399,10132
ARM/ASPEED MACHINE SUPPORT,ETHERNET PHY LIBRARY,209,5375
ARM/ASPEED MACHINE SUPPORT,FSI SUBSYSTEM,764,18888
ARM/ASPEED MACHINE SUPPORT,GPIO SUBSYSTEM,2103,53552
ARM/ASPEED MACHINE SUPPORT,HARDWARE MONITORING,1068,32454
ARM/ASPEED MACHINE SUPPORT,I2C SUBSYSTEM HOST DRIVERS,1170,34655
ARM/ASPEED MACHINE SUPPORT,I3C DRIVER FOR ASPEED AST2600,72,1585
ARM/ASPEED MACHINE SUPPORT,I3C SUBSYSTEM,72,1585
ARM/ASPEED MACHINE SUPPORT,IIO SUBSYSTEM AND DRIVERS,877,24808
ARM/ASPEED MACHINE SUPPORT,IPMI SUBSYSTEM,818,22076
ARM/ASPEED MACHINE SUPPORT,IRQCHIP DRIVERS,642,17581
ARM/ASPEED MACHINE SUPPORT,MEDIA INPUT INFRASTRUCTURE (V4L/DVB),2362,71992
ARM/ASPEED MACHINE SUPPORT,MULTIFUNCTION DEVICES (MFD),326,8396
ARM/ASPEED MACHINE SUPPORT,"MULTIMEDIA CARD (MMC), SECURE DIGITAL (SD) AND SDIO SUBSYSTEM",837,22376
ARM/ASPEED MACHINE SUPPORT,NETWORKING DRIVERS,262,6579
ARM/ASPEED MACHINE SUPPORT,OPEN FIRMWARE AND FLATTENED DEVICE TREE BINDINGS,43407,818815
ARM/ASPEED MACHINE SUPPORT,PECI SUBSYSTEM,671,19172
ARM/ASPEED MACHINE SUPPORT,PIN CONTROL SUBSYSTEM,10422,358345
ARM/ASPEED MACHINE SUPPORT,REAL TIME CLOCK (RTC) SUBSYSTEM,151,3692
ARM/ASPEED MACHINE SUPPORT,SECURE DIGITAL HOST CONTROLLER INTERFACE (SDHCI) DRIVER,730,19545
ARM/ASPEED MACHINE SUPPORT,SPI SUBSYSTEM,1298,34569
ARM/ASPEED MACHINE SUPPORT,THE REST,81057,1915106
ARM/ASPEED MACHINE SUPPORT,TRACING,89,2339
ARM/ASPEED MACHINE SUPPORT,TTY LAYER AND SERIAL DRIVERS,607,16132
ARM/ASPEED MACHINE SUPPORT,USB SUBSYSTEM,5869,153566
ARM/ASPEED MACHINE SUPPORT,WATCHDOG DEVICE DRIVERS,542,15349
ARM/Allwinner SoC Clock Support,ARM/Allwinner SoC Clock Support,5007,123794
ARM/Allwinner SoC Clock Support,ARM/Allwinner sunXi SoC support,5007,123794
ARM/Allwinner SoC Clock Support,COMMON CLK FRAMEWORK,5007,123794
ARM/Allwinner SoC Clock Support,THE REST,5007,123794
ARM/Allwinner sunXi SoC support,ARM/Allwinner sunXi SoC support,198077,5347352
ARM/Allwinner sunXi SoC support,ARM/FREESCALE IMX / MXC ARM ARCHITECTURE,12,280
ARM/Allwinner sunXi SoC support,ARM/STM32 ARCHITECTURE,1554,40995
ARM/Allwinner sunXi SoC support,CAN NETWORK DRIVERS,1005,27567
ARM/Allwinner sunXi SoC support,"CLOCKSOURCE, CLOCKEVENT DRIVERS",734,18103
ARM/Allwinner sunXi SoC support,COMMON CLK FRAMEWORK,34970,997491
ARM/Allwinner sunXi SoC support,CPU FREQUENCY SCALING FRAMEWORK,217,4996
ARM/Allwinner sunXi SoC support,CRYPTO API,7890,212418
ARM/Allwinner sunXi SoC support,DEINTERLACE DRIVERS FOR ALLWINNER H3,1350,36566
ARM/Allwinner sunXi SoC support,DEVICE FREQUENCY (DEVFREQ),511,14866
ARM/Allwinner sunXi SoC support,DMA GENERIC OFFLOAD ENGINE SUBSYSTEM,3080,84858
ARM/Allwinner sunXi SoC support,DOCUMENTATION,227,5915
ARM/Allwinner sunXi SoC support,DRM DRIVER FOR ALLWINNER DE2 AND DE3 ENGINE,5457,168186
ARM/Allwinner sunXi SoC support,DRM DRIVERS,17920,511438
ARM/Allwinner sunXi SoC support,DRM DRIVERS FOR ALLWINNER A10,17920,511438
ARM/Allwinner sunXi SoC support,ETHERNET PHY LIBRARY,180,4490
ARM/Allwinner sunXi SoC support,GENERIC PHY FRAMEWORK,3665,94143
ARM/Allwinner sunXi SoC support,GENERIC PM DOMAIN PROVIDERS,209,5161
ARM/Allwinner sunXi SoC support,HANTRO VPU CODEC DRIVER,129,2974
ARM/Allwinner sunXi SoC support,HARDWARE SPINLOCK CORE,263,6850
ARM/Allwinner sunXi SoC support,I2C SUBSYSTEM HOST DRIVERS,390,9617
ARM/Allwinner sunXi SoC support,IIO SUBSYSTEM AND DRIVERS,1123,29387
ARM/Allwinner sunXi SoC support,"INPUT (KEYBOARD, MOUSE, JOYSTICK, TOUCHSCREEN) DRIVERS",1285,33616
ARM/Allwinner sunXi SoC support,IOMMU SUBSYSTEM,1139,31097
ARM/Allwinner sunXi SoC support,IRQCHIP DRIVERS,1001,28436
ARM/Allwinner sunXi SoC support,LIBATA SUBSYSTEM (Serial and Parallel ATA drivers),420,10306
ARM/Allwinner sunXi SoC support,MAILBOX API,399,10867
ARM/Allwinner sunXi SoC support,MEDIA INPUT INFRASTRUCTURE (V4L/DVB),19214,530646
ARM/Allwinner sunXi SoC support,MEMORY TECHNOLOGY DEVICES (MTD),2319,61224
ARM/Allwinner sunXi SoC support,MULTIFUNCTION DEVICES (MFD),902,22752
ARM/Allwinner sunXi SoC support,"MULTIMEDIA CARD (MMC), SECURE DIGITAL (SD) AND SDIO SUBSYSTEM",1679,45772
ARM/Allwinner sunXi SoC support,MUSB MULTIPOINT HIGH SPEED DUAL-ROLE CONTROLLER,872,24360
ARM/Allwinner sunXi SoC support,NAND FLASH SUBSYSTEM,2208,58991
ARM/Allwinner sunXi SoC support,NETWORKING DRIVERS,4578,118931
ARM/Allwinner sunXi SoC support,NVMEM FRAMEWORK,284,6692
ARM/Allwinner sunXi SoC support,OPEN FIRMWARE AND FLATTENED DEVICE TREE BINDINGS,76520,1790800
ARM/Allwinner sunXi SoC support,OPERATING PERFORMANCE POINTS (OPP),135,3735
ARM/Allwinner sunXi SoC support,PIN CONTROL SUBSYSTEM,14490,525192
ARM/Allwinner sunXi SoC support,PWM SUBSYSTEM,617,15592
ARM/Allwinner sunXi SoC support,RC-CORE / LIRC FRAMEWORK,428,10771
ARM/Allwinner sunXi SoC support,REAL TIME CLOCK (RTC) SUBSYSTEM,1606,41303
ARM/Allwinner sunXi SoC support,RESET CONTROLLER FRAMEWORK,1582,49968
ARM/Allwinner sunXi SoC support,RISC-V ARCHITECTURE,2162,49910
ARM/Allwinner sunXi SoC support,RISC-V MISC SOC SUPPORT,74,2009
ARM/Allwinner sunXi SoC support,ROTATION DRIVER FOR ALLWINNER A83T,1441,33946
ARM/Allwinner sunXi SoC support,SOUND,7647,233310
ARM/Allwinner sunXi SoC support,SOUND - SOC LAYER / DYNAMIC AUDIO POWER MANAGEMENT (ASoC),8425,249686
ARM/Allwinner sunXi SoC support,SPI SUBSYSTEM,1574,38931
ARM/Allwinner sunXi SoC support,STAGING SUBSYSTEM,8694,256815
ARM/Allwinner sunXi SoC support,STMMAC ETHERNET DRIVER,1554,40995
ARM/Allwinner sunXi SoC support,SUN4I LOW RES ADC ATTACHED TABLET KEYS DRIVER,483,11973
ARM/Allwinner sunXi SoC support,THE REST,198077,5347352
ARM/Allwinner sunXi SoC support,THERMAL,793,19473
ARM/Allwinner sunXi SoC support,USB SUBSYSTEM,978,26344
ARM/Allwinner sunXi SoC support,WATCHDOG DEVICE DRIVERS,408,10074
ARM/Allwinner sunXi SoC support,X-POWERS MULTIFUNCTION PMIC DEVICE DRIVERS,778,21013
ARM/Amlogic Meson SoC CLOCK FRAMEWORK,ARM/Amlogic Meson SoC CLOCK FRAMEWORK,25007,674292
ARM/Amlogic Meson SoC CLOCK FRAMEWORK,ARM/Amlogic Meson SoC support,24211,652721
ARM/Amlogic Meson SoC CLOCK FRAMEWORK,COMMON CLK FRAMEWORK,25007,674292
ARM/Amlogic Meson SoC CLOCK FRAMEWORK,OPEN FIRMWARE AND FLATTENED DEVICE TREE BINDINGS,1126,30523
ARM/Amlogic Meson SoC CLOCK FRAMEWORK,THE REST,25007,674292
ARM/Amlogic Meson SoC Crypto Drivers,ARM/Amlogic Meson SoC Crypto Drivers,948,24908
ARM/Amlogic Meson SoC Crypto Drivers,CRYPTO API,948,24908
ARM/Amlogic Meson SoC Crypto Drivers,OPEN FIRMWARE AND FLATTENED DEVICE TREE BINDINGS,52,1098
ARM/Amlogic Meson SoC Crypto Drivers,THE REST,948,24908
ARM/Amlogic Meson SoC Sound Drivers,ARM/Amlogic Meson SoC Sound Drivers,9799,267284
ARM/Amlogic Meson SoC Sound Drivers,ARM/Amlogic Meson SoC support,8714,242566
ARM/Amlogic Meson SoC Sound Drivers,OPEN FIRMWARE AND FLATTENED DEVICE TREE BINDINGS,1085,24718
ARM/Amlogic Meson SoC Sound Drivers,SOUND,8714,242566
ARM/Amlogic Meson SoC Sound Drivers,SOUND - SOC LAYER / DYNAMIC AUDIO POWER MANAGEMENT (ASoC),9799,267284
ARM/Amlogic Meson SoC Sound Drivers,THE REST,9799,267284
ARM/Amlogic Meson SoC support,ARM/Amlogic Meson SoC support,127980,3311196
ARM/Amlogic Meson SoC support,ARM/STM32 ARCHITECTURE,658,17578
ARM/Amlogic Meson SoC support,CEC FRAMEWORK,1523,40045
ARM/Amlogic Meson SoC support,"CLOCKSOURCE, CLOCKEVENT DRIVERS",266,7166
ARM/Amlogic Meson SoC support,COMMON CLK FRAMEWORK,24211,652721
ARM/Amlogic Meson SoC support,DESIGNWARE USB3 DRD IP DRIVER,982,26151
ARM/Amlogic Meson SoC support,DOCUMENTATION,125,4245
ARM/Amlogic Meson SoC support,DRM AUTOMATED TESTING,14,618
ARM/Amlogic Meson SoC support,DRM DRIVERS,12555,384291
ARM/Amlogic Meson SoC support,DRM DRIVERS AND MISC GPU PATCHES,55,1765
ARM/Amlogic Meson SoC support,DRM DRIVERS FOR AMLOGIC SOCS,12423,381196
ARM/Amlogic Meson SoC support,ETHERNET PHY LIBRARY,765,19562
ARM/Amlogic Meson SoC support,GENERIC PHY FRAMEWORK,3300,88391
ARM/Amlogic Meson SoC support,GENERIC PM DOMAIN PROVIDERS,1275,34311
ARM/Amlogic Meson SoC support,GPIO SUBSYSTEM,947,18887
ARM/Amlogic Meson SoC support,HARDWARE RANDOM NUMBER GENERATOR CORE,117,2609
ARM/Amlogic Meson SoC support,I2C SUBSYSTEM HOST DRIVERS,634,15890
ARM/Amlogic Meson SoC support,IIO SUBSYSTEM AND DRIVERS,1643,50030
ARM/Amlogic Meson SoC support,IRQCHIP DRIVERS,680,18864
ARM/Amlogic Meson SoC support,MAILBOX API,53,1370
ARM/Amlogic Meson SoC support,MEDIA INPUT INFRASTRUCTURE (V4L/DVB),10726,298003
ARM/Amlogic Meson SoC support,MEMORY TECHNOLOGY DEVICES (MTD),1706,42412
ARM/Amlogic Meson SoC support,MESON AO CEC DRIVER FOR AMLOGIC SOCS,1612,41808
ARM/Amlogic Meson SoC support,MESON GE2D DRIVER FOR AMLOGIC SOCS,1436,40508
ARM/Amlogic Meson SoC support,MESON NAND CONTROLLER DRIVER FOR AMLOGIC SOCS,1706,42412
ARM/Amlogic Meson SoC support,MESON VIDEO DECODER DRIVER FOR AMLOGIC SOCS,6929,197238
ARM/Amlogic Meson SoC support,"MULTIMEDIA CARD (MMC), SECURE DIGITAL (SD) AND SDIO SUBSYSTEM",3555,96550
ARM/Amlogic Meson SoC support,NAND FLASH SUBSYSTEM,1599,40312
ARM/Amlogic Meson SoC support,NETWORKING DRIVERS,1599,41980
ARM/Amlogic Meson SoC support,NVMEM FRAMEWORK,476,11708
ARM/Amlogic Meson SoC support,OPEN FIRMWARE AND FLATTENED DEVICE TREE BINDINGS,38476,812895
ARM/Amlogic Meson SoC support,PCI NATIVE HOST BRIDGE AND ENDPOINT DRIVERS,497,11428
ARM/Amlogic Meson SoC support,PCI SUBSYSTEM,497,11428
ARM/Amlogic Meson SoC support,PCIE DRIVER FOR AMLOGIC MESON,497,11428
ARM/Amlogic Meson SoC support,PIN CONTROL SUBSYSTEM,11532,334674
ARM/Amlogic Meson SoC support,PWM SUBSYSTEM,577,15609
ARM/Amlogic Meson SoC support,RC-CORE / LIRC FRAMEWORK,639,16009
ARM/Amlogic Meson SoC support,REAL TIME CLOCK (RTC) SUBSYSTEM,661,16522
ARM/Amlogic Meson SoC support,REMOTE PROCESSOR (REMOTEPROC) SUBSYSTEM,346,9495
ARM/Amlogic Meson SoC support,RESET CONTROLLER FRAMEWORK,1300,32519
ARM/Amlogic Meson SoC support,SOUND,8714,242566
ARM/Amlogic Meson SoC support,SOUND - SOC LAYER / DYNAMIC AUDIO POWER MANAGEMENT (ASoC),8755,243513
ARM/Amlogic Meson SoC support,SPI SUBSYSTEM,1603,41717
ARM/Amlogic Meson SoC support,STAGING SUBSYSTEM,6929,197238
ARM/Amlogic Meson SoC support,STMMAC ETHERNET DRIVER,658,17578
ARM/Amlogic Meson SoC support,THE REST,127980,3311196
ARM/Amlogic Meson SoC support,TTY LAYER AND SERIAL DRIVERS,958,24247
ARM/Amlogic Meson SoC support,USB SUBSYSTEM,1219,31571
ARM/Amlogic Meson SoC support,WATCHDOG DEVICE DRIVERS,551,13895
ARM/Annapurna Labs ALPINE ARCHITECTURE,ARM/Annapurna Labs ALPINE ARCHITECTURE,1411,35750
ARM/Annapurna Labs ALPINE ARCHITECTURE,IRQCHIP DRIVERS,290,7153
ARM/Annapurna Labs ALPINE ARCHITECTURE,OPEN FIRMWARE AND FLATTENED DEVICE TREE BINDINGS,940,24098
ARM/Annapurna Labs ALPINE ARCHITECTURE,THE REST,1411,35750
ARM/BITMAIN ARCHITECTURE,ARM/BITMAIN ARCHITECTURE,2933,90430
ARM/BITMAIN ARCHITECTURE,COMMON CLK FRAMEWORK,1012,28466
ARM/BITMAIN ARCHITECTURE,OPEN FIRMWARE AND FLATTENED DEVICE TREE BINDINGS,626,18049
ARM/BITMAIN ARCHITECTURE,PIN CONTROL SUBSYSTEM,1485,51462
ARM/BITMAIN ARCHITECTURE,THE REST,2933,90430
ARM/CALXEDA HIGHBANK ARCHITECTURE,ARM/CALXEDA HIGHBANK ARCHITECTURE,884,18752
ARM/CALXEDA HIGHBANK ARCHITECTURE,OPEN FIRMWARE AND FLATTENED DEVICE TREE BINDINGS,497,10061
ARM/CALXEDA HIGHBANK ARCHITECTURE,THE REST,884,18752
ARM/CAVIUM THUNDER NETWORK DRIVER,ARM/CAVIUM THUNDER NETWORK DRIVER,10769,286771
ARM/CAVIUM THUNDER NETWORK DRIVER,NETWORKING DRIVERS,10769,286771
ARM/CAVIUM THUNDER NETWORK DRIVER,THE REST,10769,286771
ARM/CIRRUS LOGIC BK3 MACHINE SUPPORT,ARM/CIRRUS LOGIC BK3 MACHINE SUPPORT,422,11874
ARM/CIRRUS LOGIC BK3 MACHINE SUPPORT,ARM/CIRRUS LOGIC EP93XX ARM ARCHITECTURE,422,11874
ARM/CIRRUS LOGIC BK3 MACHINE SUPPORT,THE REST,422,11874
ARM/CIRRUS LOGIC CLPS711X ARM ARCHITECTURE,ARM/CIRRUS LOGIC CLPS711X ARM ARCHITECTURE,2663,68073
ARM/CIRRUS LOGIC CLPS711X ARM ARCHITECTURE,"CLOCKSOURCE, CLOCKEVENT DRIVERS",130,3060
ARM/CIRRUS LOGIC CLPS711X ARM ARCHITECTURE,COMMON CLK FRAMEWORK,189,6033
ARM/CIRRUS LOGIC CLPS711X ARM ARCHITECTURE,CPU IDLE TIME MANAGEMENT FRAMEWORK,52,1218
ARM/CIRRUS LOGIC CLPS711X ARM ARCHITECTURE,DRM DRIVERS,47,1434
ARM/CIRRUS LOGIC CLPS711X ARM ARCHITECTURE,FRAMEBUFFER LAYER,382,9535
ARM/CIRRUS LOGIC CLPS711X ARM ARCHITECTURE,GPIO SUBSYSTEM,133,3139
ARM/CIRRUS LOGIC CLPS711X ARM ARCHITECTURE,"INPUT (KEYBOARD, MOUSE, JOYSTICK, TOUCHSCREEN) DRIVERS",212,5317
ARM/CIRRUS LOGIC CLPS711X ARM ARCHITECTURE,IRQCHIP DRIVERS,268,7211
ARM/CIRRUS LOGIC CLPS711X ARM ARCHITECTURE,MULTIFUNCTION DEVICES (MFD),90,2637
ARM/CIRRUS LOGIC CLPS711X ARM ARCHITECTURE,OPEN FIRMWARE AND FLATTENED DEVICE TREE BINDINGS,309,8967
ARM/CIRRUS LOGIC CLPS711X ARM ARCHITECTURE,PWM SUBSYSTEM,146,3632
ARM/CIRRUS LOGIC CLPS711X ARM ARCHITECTURE,SPI SUBSYSTEM,205,5101
ARM/CIRRUS LOGIC CLPS711X ARM ARCHITECTURE,THE REST,2663,68073
ARM/CIRRUS LOGIC CLPS711X ARM ARCHITECTURE,TTY LAYER AND SERIAL DRIVERS,594,14586
ARM/CIRRUS LOGIC EDB9315A MACHINE SUPPORT,ARM/CIRRUS LOGIC EDB9315A MACHINE SUPPORT,0,0
ARM/CIRRUS LOGIC EP93XX ARM ARCHITECTURE,ARM/CIRRUS LOGIC EP93XX ARM ARCHITECTURE,4239,120764
ARM/CIRRUS LOGIC EP93XX ARM ARCHITECTURE,IIO SUBSYSTEM AND DRIVERS,297,7702
ARM/CIRRUS LOGIC EP93XX ARM ARCHITECTURE,OPEN FIRMWARE AND FLATTENED DEVICE TREE BINDINGS,113,2189
ARM/CIRRUS LOGIC EP93XX ARM ARCHITECTURE,SOUND - SOC LAYER / DYNAMIC AUDIO POWER MANAGEMENT (ASoC),66,1297
ARM/CIRRUS LOGIC EP93XX ARM ARCHITECTURE,THE REST,4239,120764
ARM/CLKDEV SUPPORT,ARM/CLKDEV SUPPORT,381,9127
ARM/CLKDEV SUPPORT,THE REST,381,9127
ARM/CONEXANT DIGICOLOR MACHINE SUPPORT,ARM/CONEXANT DIGICOLOR MACHINE SUPPORT,2440,60363
ARM/CONEXANT DIGICOLOR MACHINE SUPPORT,"CLOCKSOURCE, CLOCKEVENT DRIVERS",222,5527
ARM/CONEXANT DIGICOLOR MACHINE SUPPORT,I2C SUBSYSTEM HOST DRIVERS,401,8712
ARM/CONEXANT DIGICOLOR MACHINE SUPPORT,IRQCHIP DRIVERS,140,3870
ARM/CONEXANT DIGICOLOR MACHINE SUPPORT,OPEN FIRMWARE AND FLATTENED DEVICE TREE BINDINGS,388,10865
ARM/CONEXANT DIGICOLOR MACHINE SUPPORT,PIN CONTROL SUBSYSTEM,344,8477
ARM/CONEXANT DIGICOLOR MACHINE SUPPORT,REAL TIME CLOCK (RTC) SUBSYSTEM,241,5675
ARM/CONEXANT DIGICOLOR MACHINE SUPPORT,THE REST,2440,60363
ARM/CONEXANT DIGICOLOR MACHINE SUPPORT,TTY LAYER AND SERIAL DRIVERS,587,15024
ARM/CONEXANT DIGICOLOR MACHINE SUPPORT,WATCHDOG DEVICE DRIVERS,188,4588
ARM/CORESIGHT FRAMEWORK AND DRIVERS,ARM/CORESIGHT FRAMEWORK AND DRIVERS,44226,1249326
ARM/CORESIGHT FRAMEWORK AND DRIVERS,ARM/QUALCOMM SUPPORT,222,5782
ARM/CORESIGHT FRAMEWORK AND DRIVERS,ARM/STM32 ARCHITECTURE,1138,29241
ARM/CORESIGHT FRAMEWORK AND DRIVERS,DOCUMENTATION,2648,92950
ARM/CORESIGHT FRAMEWORK AND DRIVERS,HARDWARE TRACING FACILITIES,31101,845336
ARM/CORESIGHT FRAMEWORK AND DRIVERS,OPEN FIRMWARE AND FLATTENED DEVICE TREE BINDINGS,2083,57011
ARM/CORESIGHT FRAMEWORK AND DRIVERS,PERFORMANCE EVENTS SUBSYSTEM,6169,175417
ARM/CORESIGHT FRAMEWORK AND DRIVERS,PERFORMANCE EVENTS TOOLING ARM64,5085,145653
ARM/CORESIGHT FRAMEWORK AND DRIVERS,THE REST,44226,1249326
ARM/CORTINA SYSTEMS GEMINI ARM ARCHITECTURE,ARM/CORTINA SYSTEMS GEMINI ARM ARCHITECTURE,11019,291645
ARM/CORTINA SYSTEMS GEMINI ARM ARCHITECTURE,CRYPTO API,1340,35891
ARM/CORTINA SYSTEMS GEMINI ARM ARCHITECTURE,GEMINI CRYPTO DRIVER,1340,35891
ARM/CORTINA SYSTEMS GEMINI ARM ARCHITECTURE,NETWORKING DRIVERS,3764,102934
ARM/CORTINA SYSTEMS GEMINI ARM ARCHITECTURE,OPEN FIRMWARE AND FLATTENED DEVICE TREE BINDINGS,3119,69900
ARM/CORTINA SYSTEMS GEMINI ARM ARCHITECTURE,PIN CONTROL SUBSYSTEM,2695,80517
ARM/CORTINA SYSTEMS GEMINI ARM ARCHITECTURE,REAL TIME CLOCK (RTC) SUBSYSTEM,278,7060
ARM/CORTINA SYSTEMS GEMINI ARM ARCHITECTURE,THE REST,11019,291645
ARM/CZ.NIC TURRIS SUPPORT,ARM/CZ.NIC TURRIS SUPPORT,2932,71297
ARM/CZ.NIC TURRIS SUPPORT,GPIO SUBSYSTEM,197,4671
ARM/CZ.NIC TURRIS SUPPORT,LED SUBSYSTEM,370,9381
ARM/CZ.NIC TURRIS SUPPORT,MAILBOX API,206,5178
ARM/CZ.NIC TURRIS SUPPORT,OPEN FIRMWARE AND FLATTENED DEVICE TREE BINDINGS,213,5662
ARM/CZ.NIC TURRIS SUPPORT,THE REST,2932,71297
ARM/CZ.NIC TURRIS SUPPORT,WATCHDOG DEVICE DRIVERS,386,10660
ARM/FARADAY FA526 PORT,ARM/FARADAY FA526 PORT,608,14978
ARM/FARADAY FA526 PORT,THE REST,608,14978
ARM/FOOTBRIDGE ARCHITECTURE,ARM/FOOTBRIDGE ARCHITECTURE,2866,65643
ARM/FOOTBRIDGE ARCHITECTURE,THE REST,2866,65643
ARM/FREESCALE IMX / MXC ARM ARCHITECTURE,ARM/FREESCALE IMX / MXC ARM ARCHITECTURE,407927,11952641
ARM/FREESCALE IMX / MXC ARM ARCHITECTURE,ARM/FREESCALE VYBRID ARM ARCHITECTURE,71,1404
ARM/FREESCALE IMX / MXC ARM ARCHITECTURE,ARM/STM32 ARCHITECTURE,506,12717
ARM/FREESCALE IMX / MXC ARM ARCHITECTURE,CADENCE USB3 DRD IP DRIVER,437,11047
ARM/FREESCALE IMX / MXC ARM ARCHITECTURE,CHIPIDEA USB HIGH SPEED DUAL ROLE CONTROLLER,2045,55463
ARM/FREESCALE IMX / MXC ARM ARCHITECTURE,"CLOCKSOURCE, CLOCKEVENT DRIVERS",1241,31235
ARM/FREESCALE IMX / MXC ARM ARCHITECTURE,CODA V4L2 MEM2MEM DRIVER,396,9058
ARM/FREESCALE IMX / MXC ARM ARCHITECTURE,COMMON CLK FRAMEWORK,26768,1095414
ARM/FREESCALE IMX / MXC ARM ARCHITECTURE,CPU FREQUENCY SCALING FRAMEWORK,779,21200
ARM/FREESCALE IMX / MXC ARM ARCHITECTURE,CRYPTO API,1270,31316
ARM/FREESCALE IMX / MXC ARM ARCHITECTURE,DESIGNWARE USB3 DRD IP DRIVER,425,10882
ARM/FREESCALE IMX / MXC ARM ARCHITECTURE,DEVICE FREQUENCY (DEVFREQ),623,16416
ARM/FREESCALE IMX / MXC ARM ARCHITECTURE,DH ELECTRONICS IMX6 DHCOM/DHCOR BOARD SUPPORT,3248,80177
ARM/FREESCALE IMX / MXC ARM ARCHITECTURE,DMA GENERIC OFFLOAD ENGINE SUBSYSTEM,4901,133622
ARM/FREESCALE IMX / MXC ARM ARCHITECTURE,DOCUMENTATION,71,3549
ARM/FREESCALE IMX / MXC ARM ARCHITECTURE,DRM DRIVERS,15766,425839
ARM/FREESCALE IMX / MXC ARM ARCHITECTURE,DRM DRIVERS FOR BRIDGE CHIPS,3631,96775
ARM/FREESCALE IMX / MXC ARM ARCHITECTURE,DRM DRIVERS FOR FREESCALE IMX,4705,124540
ARM/FREESCALE IMX / MXC ARM ARCHITECTURE,DRM DRIVERS FOR FREESCALE IMX BRIDGE,3631,96775
ARM/FREESCALE IMX / MXC ARM ARCHITECTURE,FRAMEBUFFER LAYER,1791,48936
ARM/FREESCALE IMX / MXC ARM ARCHITECTURE,FREESCALE IMX / MXC FRAMEBUFFER DRIVER,1090,25474
ARM/FREESCALE IMX / MXC ARM ARCHITECTURE,FREESCALE IMX DDR PMU DRIVER,932,26111
ARM/FREESCALE IMX / MXC ARM ARCHITECTURE,FREESCALE IMX I2C DRIVER,1775,49702
ARM/FREESCALE IMX / MXC ARM ARCHITECTURE,FREESCALE IMX LPI2C DRIVER,759,18181
ARM/FREESCALE IMX / MXC ARM ARCHITECTURE,FREESCALE SOC SOUND DRIVERS,4732,142181
ARM/FREESCALE IMX / MXC ARM ARCHITECTURE,GENERIC PHY FRAMEWORK,2309,60110
ARM/FREESCALE IMX / MXC ARM ARCHITECTURE,GENERIC PM DOMAIN PROVIDERS,5056,137187
ARM/FREESCALE IMX / MXC ARM ARCHITECTURE,GPIO SUBSYSTEM,794,19293
ARM/FREESCALE IMX / MXC ARM ARCHITECTURE,HANTRO VPU CODEC DRIVER,471,11864
ARM/FREESCALE IMX / MXC ARM ARCHITECTURE,HARDWARE RANDOM NUMBER GENERATOR CORE,383,9033
ARM/FREESCALE IMX / MXC ARM ARCHITECTURE,I2C SUBSYSTEM HOST DRIVERS,3491,93385
ARM/FREESCALE IMX / MXC ARM ARCHITECTURE,IIO SUBSYSTEM AND DRIVERS,3184,83905
ARM/FREESCALE IMX / MXC ARM ARCHITECTURE,"INPUT (KEYBOARD, MOUSE, JOYSTICK, TOUCHSCREEN) DRIVERS",2759,73694
ARM/FREESCALE IMX / MXC ARM ARCHITECTURE,INTERCONNECT API,1349,36936
ARM/FREESCALE IMX / MXC ARM ARCHITECTURE,IRQCHIP DRIVERS,1665,42088
ARM/FREESCALE IMX / MXC ARM ARCHITECTURE,LIBATA PATA DRIVERS,265,7339
ARM/FREESCALE IMX / MXC ARM ARCHITECTURE,LIBATA SUBSYSTEM (Serial and Parallel ATA drivers),1602,44170
ARM/FREESCALE IMX / MXC ARM ARCHITECTURE,MAILBOX API,1058,27189
ARM/FREESCALE IMX / MXC ARM ARCHITECTURE,MEDIA DRIVER FOR FREESCALE IMX PXP,3639,124361
ARM/FREESCALE IMX / MXC ARM ARCHITECTURE,MEDIA DRIVERS FOR FREESCALE IMX,11161,292835
ARM/FREESCALE IMX / MXC ARM ARCHITECTURE,MEDIA DRIVERS FOR FREESCALE IMX7/8,5490,148492
ARM/FREESCALE IMX / MXC ARM ARCHITECTURE,MEDIA INPUT INFRASTRUCTURE (V4L/DVB),32671,913731
ARM/FREESCALE IMX / MXC ARM ARCHITECTURE,MEMORY CONTROLLER DRIVERS,73,1880
ARM/FREESCALE IMX / MXC ARM ARCHITECTURE,MOXA SMARTIO/INDUSTIO/INTELLIO SERIAL CARD,1939,49865
ARM/FREESCALE IMX / MXC ARM ARCHITECTURE,MULTIFUNCTION DEVICES (MFD),1606,54940
ARM/FREESCALE IMX / MXC ARM ARCHITECTURE,"MULTIMEDIA CARD (MMC), SECURE DIGITAL (SD) AND SDIO SUBSYSTEM",3040,87796
ARM/FREESCALE IMX / MXC ARM ARCHITECTURE,MXSFB DRM DRIVER,2853,82828
ARM/FREESCALE IMX / MXC ARM ARCHITECTURE,NETWORKING DRIVERS,536,13925
ARM/FREESCALE IMX / MXC ARM ARCHITECTURE,NVMEM FRAMEWORK,1620,39368
ARM/FREESCALE IMX / MXC ARM ARCHITECTURE,NXP i.MX 7D/6SX/6UL/93 AND VF610 ADC DRIVER,1189,30692
ARM/FREESCALE IMX / MXC ARM ARCHITECTURE,NXP i.MX 8M ISI DRIVER,6170,172337
ARM/FREESCALE IMX / MXC ARM ARCHITECTURE,NXP i.MX 8MQ DCSS DRIVER,4120,106644
ARM/FREESCALE IMX / MXC ARM ARCHITECTURE,NXP i.MX 8QXP ADC DRIVER,588,15853
ARM/FREESCALE IMX / MXC ARM ARCHITECTURE,NXP i.MX 8QXP/8QM JPEG V4L2 DRIVER,3571,105201
ARM/FREESCALE IMX / MXC ARM ARCHITECTURE,NXP i.MX CLOCK DRIVERS,25344,1052895
ARM/FREESCALE IMX / MXC ARM ARCHITECTURE,OPEN FIRMWARE AND FLATTENED DEVICE TREE BINDINGS,246974,7177833
ARM/FREESCALE IMX / MXC ARM ARCHITECTURE,PCI DRIVER FOR IMX6,2195,56934
ARM/FREESCALE IMX / MXC ARM ARCHITECTURE,PCI NATIVE HOST BRIDGE AND ENDPOINT DRIVERS,2195,56934
ARM/FREESCALE IMX / MXC ARM ARCHITECTURE,PCI SUBSYSTEM,2195,56934
ARM/FREESCALE IMX / MXC ARM ARCHITECTURE,PERFORMANCE EVENTS SUBSYSTEM,670,22223
ARM/FREESCALE IMX / MXC ARM ARCHITECTURE,PERFORMANCE EVENTS TOOLING ARM64,670,22223
ARM/FREESCALE IMX / MXC ARM ARCHITECTURE,PIN CONTROL SUBSYSTEM,16993,639137
ARM/FREESCALE IMX / MXC ARM ARCHITECTURE,PIN CONTROLLER - FREESCALE,14643,452310
ARM/FREESCALE IMX / MXC ARM ARCHITECTURE,PWM SUBSYSTEM,1372,34208
ARM/FREESCALE IMX / MXC ARM ARCHITECTURE,REAL TIME CLOCK (RTC) SUBSYSTEM,1094,29884
ARM/FREESCALE IMX / MXC ARM ARCHITECTURE,REMOTE PROCESSOR (REMOTEPROC) SUBSYSTEM,2734,71880
ARM/FREESCALE IMX / MXC ARM ARCHITECTURE,RESET CONTROLLER FRAMEWORK,782,25868
ARM/FREESCALE IMX / MXC ARM ARCHITECTURE,SECURE DIGITAL HOST CONTROLLER INTERFACE (SDHCI) DRIVER,1995,61602
ARM/FREESCALE IMX / MXC ARM ARCHITECTURE,SECURE DIGITAL HOST CONTROLLER INTERFACE (SDHCI) NXP i.MX DRIVER,1995,61602
ARM/FREESCALE IMX / MXC ARM ARCHITECTURE,SOLIDRUN CUBOX-I/HUMMINGBOARD SUPPORT,2848,93046
ARM/FREESCALE IMX / MXC ARM ARCHITECTURE,SONY IMX214 SENSOR DRIVER,125,2813
ARM/FREESCALE IMX / MXC ARM ARCHITECTURE,SONY IMX219 SENSOR DRIVER,109,2692
ARM/FREESCALE IMX / MXC ARM ARCHITECTURE,SONY IMX258 SENSOR DRIVER,134,3023
ARM/FREESCALE IMX / MXC ARM ARCHITECTURE,SONY IMX274 SENSOR DRIVER,72,1451
ARM/FREESCALE IMX / MXC ARM ARCHITECTURE,SONY IMX290 SENSOR DRIVER,140,3395
ARM/FREESCALE IMX / MXC ARM ARCHITECTURE,SONY IMX296 SENSOR DRIVER,106,2697
ARM/FREESCALE IMX / MXC ARM ARCHITECTURE,SONY IMX334 SENSOR DRIVER,90,2135
ARM/FREESCALE IMX / MXC ARM ARCHITECTURE,SONY IMX335 SENSOR DRIVER,91,2141
ARM/FREESCALE IMX / MXC ARM ARCHITECTURE,SONY IMX412 SENSOR DRIVER,102,2332
ARM/FREESCALE IMX / MXC ARM ARCHITECTURE,SONY IMX415 SENSOR DRIVER,123,2835
ARM/FREESCALE IMX / MXC ARM ARCHITECTURE,SOUND,7915,221336
ARM/FREESCALE IMX / MXC ARM ARCHITECTURE,SOUND - SOC LAYER / DYNAMIC AUDIO POWER MANAGEMENT (ASoC),8451,235739
ARM/FREESCALE IMX / MXC ARM ARCHITECTURE,SOUND - SOUND OPEN FIRMWARE (SOF) DRIVERS,1878,45978
ARM/FREESCALE IMX / MXC ARM ARCHITECTURE,SPI SUBSYSTEM,2944,77099
ARM/FREESCALE IMX / MXC ARM ARCHITECTURE,STAGING SUBSYSTEM,10358,261861
ARM/FREESCALE IMX / MXC ARM ARCHITECTURE,STMMAC ETHERNET DRIVER,437,11273
ARM/FREESCALE IMX / MXC ARM ARCHITECTURE,THE REST,407927,11952641
ARM/FREESCALE IMX / MXC ARM ARCHITECTURE,THERMAL,1624,43679
ARM/FREESCALE IMX / MXC ARM ARCHITECTURE,TQ SYSTEMS BOARD & DRIVER SUPPORT,4050,103136
ARM/FREESCALE IMX / MXC ARM ARCHITECTURE,TTY LAYER AND SERIAL DRIVERS,6637,174940
ARM/FREESCALE IMX / MXC ARM ARCHITECTURE,USB SUBSYSTEM,4063,109007
ARM/FREESCALE IMX / MXC ARM ARCHITECTURE,W1 DALLAS'S 1-WIRE BUS,44,904
ARM/FREESCALE IMX / MXC ARM ARCHITECTURE,WATCHDOG DEVICE DRIVERS,1330,34215
ARM/FREESCALE LAYERSCAPE ARM ARCHITECTURE,ARM/FREESCALE LAYERSCAPE ARM ARCHITECTURE,19273,419485
ARM/FREESCALE LAYERSCAPE ARM ARCHITECTURE,OPEN FIRMWARE AND FLATTENED DEVICE TREE BINDINGS,19273,419485
ARM/FREESCALE LAYERSCAPE ARM ARCHITECTURE,THE REST,19273,419485
ARM/FREESCALE VYBRID ARM ARCHITECTURE,ARM/FREESCALE VYBRID ARM ARCHITECTURE,7285,178913
ARM/FREESCALE VYBRID ARM ARCHITECTURE,OPEN FIRMWARE AND FLATTENED DEVICE TREE BINDINGS,7214,177509
ARM/FREESCALE VYBRID ARM ARCHITECTURE,THE REST,7285,178913
ARM/GUMSTIX MACHINE SUPPORT,ARM/GUMSTIX MACHINE SUPPORT,0,0
ARM/HISILICON SOC SUPPORT,ARM/HISILICON SOC SUPPORT,17021,407759
ARM/HISILICON SOC SUPPORT,OPEN FIRMWARE AND FLATTENED DEVICE TREE BINDINGS,16042,384454
ARM/HISILICON SOC SUPPORT,THE REST,17021,407759
ARM/HP JORNADA 7XX MACHINE SUPPORT,ARM/HP JORNADA 7XX MACHINE SUPPORT,408,13632
ARM/HP JORNADA 7XX MACHINE SUPPORT,THE REST,408,13632
ARM/HPE GXP ARCHITECTURE,ARM/HPE GXP ARCHITECTURE,2028,48624
ARM/HPE GXP ARCHITECTURE,"CLOCKSOURCE, CLOCKEVENT DRIVERS",262,6007
ARM/HPE GXP ARCHITECTURE,DOCUMENTATION,28,758
ARM/HPE GXP ARCHITECTURE,HARDWARE MONITORING,326,7709
ARM/HPE GXP ARCHITECTURE,I2C SUBSYSTEM HOST DRIVERS,667,16956
ARM/HPE GXP ARCHITECTURE,OPEN FIRMWARE AND FLATTENED DEVICE TREE BINDINGS,390,7695
ARM/HPE GXP ARCHITECTURE,SPI SUBSYSTEM,376,8693
ARM/HPE GXP ARCHITECTURE,THE REST,2028,48624
ARM/HPE GXP ARCHITECTURE,WATCHDOG DEVICE DRIVERS,175,4617
ARM/IGEP MACHINE SUPPORT,ARM/IGEP MACHINE SUPPORT,857,23417
ARM/IGEP MACHINE SUPPORT,OMAP DEVICE TREE SUPPORT,857,23417
ARM/IGEP MACHINE SUPPORT,OPEN FIRMWARE AND FLATTENED DEVICE TREE BINDINGS,857,23417
ARM/IGEP MACHINE SUPPORT,THE REST,857,23417
ARM/INTEL IXP4XX ARM ARCHITECTURE,ARM/INTEL IXP4XX ARM ARCHITECTURE,10726,280295
ARM/INTEL IXP4XX ARM ARCHITECTURE,"CLOCKSOURCE, CLOCKEVENT DRIVERS",336,8632
ARM/INTEL IXP4XX ARM ARCHITECTURE,CRYPTO API,1604,40917
ARM/INTEL IXP4XX ARM ARCHITECTURE,GPIO SUBSYSTEM,347,9343
ARM/INTEL IXP4XX ARM ARCHITECTURE,HARDWARE RANDOM NUMBER GENERATOR CORE,111,2458
ARM/INTEL IXP4XX ARM ARCHITECTURE,INTEL IXP4XX CRYPTO SUPPORT,1604,40917
ARM/INTEL IXP4XX ARM ARCHITECTURE,IRQCHIP DRIVERS,341,9104
ARM/INTEL IXP4XX ARM ARCHITECTURE,MEMORY CONTROLLER DRIVERS,187,5955
ARM/INTEL IXP4XX ARM ARCHITECTURE,NETWORKING DRIVERS,3115,81744
ARM/INTEL IXP4XX ARM ARCHITECTURE,OPEN FIRMWARE AND FLATTENED DEVICE TREE BINDINGS,3180,81433
ARM/INTEL IXP4XX ARM ARCHITECTURE,THE REST,10726,280295
ARM/INTEL KEEMBAY ARCHITECTURE,ARM/INTEL KEEMBAY ARCHITECTURE,184,3732
ARM/INTEL KEEMBAY ARCHITECTURE,ARM/SOCFPGA ARCHITECTURE,160,3229
ARM/INTEL KEEMBAY ARCHITECTURE,OPEN FIRMWARE AND FLATTENED DEVICE TREE BINDINGS,184,3732
ARM/INTEL KEEMBAY ARCHITECTURE,THE REST,184,3732
ARM/INTEL XSC3 (MANZANO) ARM CORE,ARM/INTEL XSC3 (MANZANO) ARM CORE,0,0
ARM/LG1K ARCHITECTURE,ARM/LG1K ARCHITECTURE,787,18849
ARM/LG1K ARCHITECTURE,OPEN FIRMWARE AND FLATTENED DEVICE TREE BINDINGS,787,18849
ARM/LG1K ARCHITECTURE,THE REST,787,18849
ARM/LPC18XX ARCHITECTURE,ARM/LPC18XX ARCHITECTURE,9890,249687
ARM/LPC18XX ARCHITECTURE,ARM/STM32 ARCHITECTURE,97,2573
ARM/LPC18XX ARCHITECTURE,COMMON CLK FRAMEWORK,1312,36564
ARM/LPC18XX ARCHITECTURE,DMA GENERIC OFFLOAD ENGINE SUBSYSTEM,181,4888
ARM/LPC18XX ARCHITECTURE,GENERIC PHY FRAMEWORK,171,4191
ARM/LPC18XX ARCHITECTURE,GPIO SUBSYSTEM,415,10161
ARM/LPC18XX ARCHITECTURE,I2C SUBSYSTEM HOST DRIVERS,510,12589
ARM/LPC18XX ARCHITECTURE,IIO SUBSYSTEM AND DRIVERS,406,9757
ARM/LPC18XX ARCHITECTURE,MEMORY CONTROLLER DRIVERS,316,8116
ARM/LPC18XX ARCHITECTURE,MEMORY TECHNOLOGY DEVICES (MTD),461,11088
ARM/LPC18XX ARCHITECTURE,NETWORKING DRIVERS,97,2573
ARM/LPC18XX ARCHITECTURE,NVMEM FRAMEWORK,385,9936
ARM/LPC18XX ARCHITECTURE,OPEN FIRMWARE AND FLATTENED DEVICE TREE BINDINGS,2756,55088
ARM/LPC18XX ARCHITECTURE,PIN CONTROL SUBSYSTEM,1382,43104
ARM/LPC18XX ARCHITECTURE,PWM SUBSYSTEM,462,13841
ARM/LPC18XX ARCHITECTURE,REAL TIME CLOCK (RTC) SUBSYSTEM,298,8169
ARM/LPC18XX ARCHITECTURE,RESET CONTROLLER FRAMEWORK,226,5772
ARM/LPC18XX ARCHITECTURE,SPI NOR SUBSYSTEM,461,11088
ARM/LPC18XX ARCHITECTURE,STMMAC ETHERNET DRIVER,97,2573
ARM/LPC18XX ARCHITECTURE,THE REST,9890,249687
ARM/LPC18XX ARCHITECTURE,TTY LAYER AND SERIAL DRIVERS,214,5643
ARM/LPC18XX ARCHITECTURE,WATCHDOG DEVICE DRIVERS,309,8921
ARM/LPC32XX SOC SUPPORT,ARM/LPC32XX SOC SUPPORT,15989,424842
ARM/LPC32XX SOC SUPPORT,"CLOCKSOURCE, CLOCKEVENT DRIVERS",310,8161
ARM/LPC32XX SOC SUPPORT,COMMON CLK FRAMEWORK,1645,46562
ARM/LPC32XX SOC SUPPORT,GPIO SUBSYSTEM,588,15500
ARM/LPC32XX SOC SUPPORT,I2C SUBSYSTEM HOST DRIVERS,819,22369
ARM/LPC32XX SOC SUPPORT,IIO SUBSYSTEM AND DRIVERS,236,5802
ARM/LPC32XX SOC SUPPORT,"INPUT (KEYBOARD, MOUSE, JOYSTICK, TOUCHSCREEN) DRIVERS",716,18814
ARM/LPC32XX SOC SUPPORT,IRQCHIP DRIVERS,242,5919
ARM/LPC32XX SOC SUPPORT,MEMORY TECHNOLOGY DEVICES (MTD),2061,57253
ARM/LPC32XX SOC SUPPORT,NAND FLASH SUBSYSTEM,1925,53811
ARM/LPC32XX SOC SUPPORT,NETWORKING DRIVERS,1524,40973
ARM/LPC32XX SOC SUPPORT,OPEN FIRMWARE AND FLATTENED DEVICE TREE BINDINGS,1404,30907
ARM/LPC32XX SOC SUPPORT,PWM SUBSYSTEM,192,4458
ARM/LPC32XX SOC SUPPORT,REAL TIME CLOCK (RTC) SUBSYSTEM,375,9126
ARM/LPC32XX SOC SUPPORT,THE REST,15989,424842
ARM/LPC32XX SOC SUPPORT,TTY LAYER AND SERIAL DRIVERS,755,19131
ARM/LPC32XX SOC SUPPORT,USB OHCI DRIVER,287,7540
ARM/LPC32XX SOC SUPPORT,USB SUBSYSTEM,3588,91520
ARM/LPC32XX SOC SUPPORT,WATCHDOG DEVICE DRIVERS,248,6683
ARM/MICROCHIP (ARM64) SoC support,ARM/MICROCHIP (ARM64) SoC support,2404,52414
ARM/MICROCHIP (ARM64) SoC support,ARM/Microchip Sparx5 SoC support,2400,52192
ARM/MICROCHIP (ARM64) SoC support,OPEN FIRMWARE AND FLATTENED DEVICE TREE BINDINGS,2404,52414
ARM/MICROCHIP (ARM64) SoC support,THE REST,2404,52414
ARM/MILBEAUT ARCHITECTURE,ARM/MILBEAUT ARCHITECTURE,3447,87925
ARM/MILBEAUT ARCHITECTURE,"CLOCKSOURCE, CLOCKEVENT DRIVERS",206,5612
ARM/MILBEAUT ARCHITECTURE,COMMON CLK FRAMEWORK,737,19205
ARM/MILBEAUT ARCHITECTURE,DMA GENERIC OFFLOAD ENGINE SUBSYSTEM,1050,26130
ARM/MILBEAUT ARCHITECTURE,"MULTIMEDIA CARD (MMC), SECURE DIGITAL (SD) AND SDIO SUBSYSTEM",376,10202
ARM/MILBEAUT ARCHITECTURE,OPEN FIRMWARE AND FLATTENED DEVICE TREE BINDINGS,362,8861
ARM/MILBEAUT ARCHITECTURE,SECURE DIGITAL HOST CONTROLLER INTERFACE (SDHCI) DRIVER,346,9197
ARM/MILBEAUT ARCHITECTURE,THE REST,3447,87925
ARM/MILBEAUT ARCHITECTURE,TTY LAYER AND SERIAL DRIVERS,631,16731
ARM/MStar/Sigmastar Armv7 SoC support,ARM/MStar/Sigmastar Armv7 SoC support,3072,78892
ARM/MStar/Sigmastar Armv7 SoC support,"CLOCKSOURCE, CLOCKEVENT DRIVERS",253,6126
ARM/MStar/Sigmastar Armv7 SoC support,COMMON CLK FRAMEWORK,463,13018
ARM/MStar/Sigmastar Armv7 SoC support,GPIO SUBSYSTEM,911,26809
ARM/MStar/Sigmastar Armv7 SoC support,OPEN FIRMWARE AND FLATTENED DEVICE TREE BINDINGS,1123,26034
ARM/MStar/Sigmastar Armv7 SoC support,REAL TIME CLOCK (RTC) SUBSYSTEM,249,6382
ARM/MStar/Sigmastar Armv7 SoC support,THE REST,3072,78892
ARM/MStar/Sigmastar Armv7 SoC support,WATCHDOG DEVICE DRIVERS,170,4345
ARM/Marvell Dove/MV78xx0/Orion SOC support,ARM/Marvell Dove/MV78xx0/Orion SOC support,15831,410850
ARM/Marvell Dove/MV78xx0/Orion SOC support,"ARM/Marvell Kirkwood and Armada 370, 375, 38x, 39x, XP, 3700, 7K/8K, CN9130 SOC support",47,1287
ARM/Marvell Dove/MV78xx0/Orion SOC support,ARM/Orion SoC/Technologic Systems TS-78xx platform support,616,15107
ARM/Marvell Dove/MV78xx0/Orion SOC support,OPEN FIRMWARE AND FLATTENED DEVICE TREE BINDINGS,3985,90946
ARM/Marvell Dove/MV78xx0/Orion SOC support,THE REST,15831,410850
"ARM/Marvell Kirkwood and Armada 370, 375, 38x, 39x, XP, 3700, 7K/8K, CN9130 SOC support","ARM/Marvell Kirkwood and Armada 370, 375, 38x, 39x, XP, 3700, 7K/8K, CN9130 SOC support",59386,1392021
"ARM/Marvell Kirkwood and Armada 370, 375, 38x, 39x, XP, 3700, 7K/8K, CN9130 SOC support",COMMON CLK FRAMEWORK,5367,138149
"ARM/Marvell Kirkwood and Armada 370, 375, 38x, 39x, XP, 3700, 7K/8K, CN9130 SOC support",CPU FREQUENCY SCALING FRAMEWORK,880,24132
"ARM/Marvell Kirkwood and Armada 370, 375, 38x, 39x, XP, 3700, 7K/8K, CN9130 SOC support",IRQCHIP DRIVERS,2432,64649
"ARM/Marvell Kirkwood and Armada 370, 375, 38x, 39x, XP, 3700, 7K/8K, CN9130 SOC support",MARVELL MACCHIATOBIN SUPPORT,45,876
"ARM/Marvell Kirkwood and Armada 370, 375, 38x, 39x, XP, 3700, 7K/8K, CN9130 SOC support",METHODE UDPU SUPPORT,42,960
"ARM/Marvell Kirkwood and Armada 370, 375, 38x, 39x, XP, 3700, 7K/8K, CN9130 SOC support",MIKROTIK CRS3XX 98DX3236 BOARD SUPPORT,180,3408
"ARM/Marvell Kirkwood and Armada 370, 375, 38x, 39x, XP, 3700, 7K/8K, CN9130 SOC support",OPEN FIRMWARE AND FLATTENED DEVICE TREE BINDINGS,39211,803862
"ARM/Marvell Kirkwood and Armada 370, 375, 38x, 39x, XP, 3700, 7K/8K, CN9130 SOC support",PIN CONTROL SUBSYSTEM,7306,255261
"ARM/Marvell Kirkwood and Armada 370, 375, 38x, 39x, XP, 3700, 7K/8K, CN9130 SOC support",REAL TIME CLOCK (RTC) SUBSYSTEM,585,15622
"ARM/Marvell Kirkwood and Armada 370, 375, 38x, 39x, XP, 3700, 7K/8K, CN9130 SOC support",SOLIDRUN CLEARFOG SUPPORT,629,12044
"ARM/Marvell Kirkwood and Armada 370, 375, 38x, 39x, XP, 3700, 7K/8K, CN9130 SOC support",THE REST,59386,1392021
ARM/Mediatek RTC DRIVER,ARM/Mediatek RTC DRIVER,1220,31851
ARM/Mediatek RTC DRIVER,ARM/Mediatek SoC support,1220,31851
ARM/Mediatek RTC DRIVER,OPEN FIRMWARE AND FLATTENED DEVICE TREE BINDINGS,35,1114
ARM/Mediatek RTC DRIVER,REAL TIME CLOCK (RTC) SUBSYSTEM,1220,31851
ARM/Mediatek RTC DRIVER,THE REST,1220,31851
ARM/Mediatek SoC support,ARM/Mediatek SoC support,499415,14813575
ARM/Mediatek SoC support,ARM/Mediatek USB3 PHY DRIVER,5000,142889
ARM/Mediatek SoC support,ARM/STM32 ARCHITECTURE,2341,57759
ARM/Mediatek SoC support,BACKLIGHT CLASS/SUBSYSTEM,470,12810
ARM/Mediatek SoC support,BLUETOOTH DRIVERS,3122,74681
ARM/Mediatek SoC support,"CLOCKSOURCE, CLOCKEVENT DRIVERS",48,1878
ARM/Mediatek SoC support,COMMON CLK FRAMEWORK,40055,1239468
ARM/Mediatek SoC support,DEVICE FREQUENCY (DEVFREQ),444,11463
ARM/Mediatek SoC support,DMA GENERIC OFFLOAD ENGINE SUBSYSTEM,2677,71850
ARM/Mediatek SoC support,DOCUMENTATION,64,2594
ARM/Mediatek SoC support,DRM AUTOMATED TESTING,51,2395
ARM/Mediatek SoC support,DRM DRIVERS,15860,440481
ARM/Mediatek SoC support,DRM DRIVERS FOR MEDIATEK,18043,506963
ARM/Mediatek SoC support,ETHERNET PHY LIBRARY,306,8881
ARM/Mediatek SoC support,FRAMEBUFFER LAYER,349,9880
ARM/Mediatek SoC support,GENERIC PHY FRAMEWORK,5359,152855
ARM/Mediatek SoC support,GENERIC PM DOMAIN PROVIDERS,4485,127215
ARM/Mediatek SoC support,GNSS SUBSYSTEM,152,3118
ARM/Mediatek SoC support,GPIO SUBSYSTEM,415,9841
ARM/Mediatek SoC support,HARDWARE RANDOM NUMBER GENERATOR CORE,256,5655
ARM/Mediatek SoC support,I2C SUBSYSTEM HOST DRIVERS,2100,55364
ARM/Mediatek SoC support,IIO SUBSYSTEM AND DRIVERS,1296,33982
ARM/Mediatek SoC support,"INPUT (KEYBOARD, MOUSE, JOYSTICK, TOUCHSCREEN) DRIVERS",773,20064
ARM/Mediatek SoC support,IOMMU SUBSYSTEM,2553,77431
ARM/Mediatek SoC support,IRQCHIP DRIVERS,662,16863
ARM/Mediatek SoC support,LED SUBSYSTEM,3766,97293
ARM/Mediatek SoC support,LIBATA SUBSYSTEM (Serial and Parallel ATA drivers),238,6401
ARM/Mediatek SoC support,MAILBOX API,1932,70604
ARM/Mediatek SoC support,MEDIA INPUT INFRASTRUCTURE (V4L/DVB),24729,681426
ARM/Mediatek SoC support,MEDIATEK BLUETOOTH DRIVER,999,24470
ARM/Mediatek SoC support,MEDIATEK BOARD LEVEL SHUTDOWN DRIVERS,119,2794
ARM/Mediatek SoC support,MEDIATEK CIR DRIVER,453,11825
ARM/Mediatek SoC support,MEDIATEK DMA DRIVER,2677,71850
ARM/Mediatek SoC support,MEDIATEK ETHERNET DRIVER,15302,397413
ARM/Mediatek SoC support,MEDIATEK ETHERNET PCS DRIVER,319,9259
ARM/Mediatek SoC support,MEDIATEK I2C CONTROLLER DRIVER,1693,45854
ARM/Mediatek SoC support,MEDIATEK IOMMU DRIVER,4770,180862
ARM/Mediatek SoC support,MEDIATEK JPEG DRIVER,3704,101494
ARM/Mediatek SoC support,MEDIATEK KEYPAD DRIVER,358,9212
ARM/Mediatek SoC support,MEDIATEK MDP DRIVER,3637,94718
ARM/Mediatek SoC support,MEDIATEK MEDIA DRIVER,8690,246044
ARM/Mediatek SoC support,MEDIATEK MMC/SD/SDIO DRIVER,3424,99758
ARM/Mediatek SoC support,MEDIATEK MT76 WIRELESS LAN DRIVER,93453,2448290
ARM/Mediatek SoC support,MEDIATEK MT7601U WIRELESS LAN DRIVER,7792,196536
ARM/Mediatek SoC support,MEDIATEK MT7621 CLOCK DRIVER,663,16446
ARM/Mediatek SoC support,MEDIATEK MT7621 PCIE CONTROLLER DRIVER,697,17072
ARM/Mediatek SoC support,MEDIATEK MT7621 PHY PCI DRIVER,400,10736
ARM/Mediatek SoC support,MEDIATEK MT7621/28/88 I2C DRIVER,407,9510
ARM/Mediatek SoC support,MEDIATEK NAND CONTROLLER DRIVER,1807,45228
ARM/Mediatek SoC support,MEDIATEK PMIC LED DRIVER,800,20647
ARM/Mediatek SoC support,MEDIATEK RANDOM NUMBER GENERATOR SUPPORT,201,4555
ARM/Mediatek SoC support,MEDIATEK SMI DRIVER,871,28724
ARM/Mediatek SoC support,MEDIATEK SWITCH DRIVER,4567,119392
ARM/Mediatek SoC support,MEDIATEK USB3 DRD IP DRIVER,2144,55530
ARM/Mediatek SoC support,MEMORY CONTROLLER DRIVERS,3120,132785
ARM/Mediatek SoC support,MEMORY TECHNOLOGY DEVICES (MTD),2475,60782
ARM/Mediatek SoC support,MIPS,2517,52786
ARM/Mediatek SoC support,MULTIFUNCTION DEVICES (MFD),8102,312943
ARM/Mediatek SoC support,"MULTIMEDIA CARD (MMC), SECURE DIGITAL (SD) AND SDIO SUBSYSTEM",3424,99758
ARM/Mediatek SoC support,NAND FLASH SUBSYSTEM,2321,56973
ARM/Mediatek SoC support,NETWORKING DRIVERS,21180,553106
ARM/Mediatek SoC support,NETWORKING DRIVERS (WIRELESS),101245,2644826
ARM/Mediatek SoC support,NETWORKING [DSA],5379,140423
ARM/Mediatek SoC support,NETWORKING [GENERAL],108,2686
ARM/Mediatek SoC support,NVMEM FRAMEWORK,146,3555
ARM/Mediatek SoC support,OPEN FIRMWARE AND FLATTENED DEVICE TREE BINDINGS,86703,2735140
ARM/Mediatek SoC support,PCI NATIVE HOST BRIDGE AND ENDPOINT DRIVERS,697,17072
ARM/Mediatek SoC support,PCI SUBSYSTEM,697,17072
ARM/Mediatek SoC support,PCIE DRIVER FOR MEDIATEK,145,3910
ARM/Mediatek SoC support,PIN CONTROL SUBSYSTEM,68532,2324065
ARM/Mediatek SoC support,PIN CONTROLLER - MEDIATEK,52647,1588887
ARM/Mediatek SoC support,PIN CONTROLLER - MEDIATEK MIPS,1546,40876
ARM/Mediatek SoC support,POWER SUPPLY CLASS/SUBSYSTEM and DRIVERS,1971,53422
ARM/Mediatek SoC support,PWM SUBSYSTEM,424,10956
ARM/Mediatek SoC support,RALINK MIPS ARCHITECTURE,469,11233
ARM/Mediatek SoC support,RALINK MT7621 MIPS ARCHITECTURE,842,15381
ARM/Mediatek SoC support,RC-CORE / LIRC FRAMEWORK,453,11825
ARM/Mediatek SoC support,REAL TIME CLOCK (RTC) SUBSYSTEM,1251,32761
ARM/Mediatek SoC support,REMOTE PROCESSOR (REMOTEPROC) SUBSYSTEM,1565,39489
ARM/Mediatek SoC support,REMOTE PROCESSOR MESSAGING (RPMSG) SUBSYSTEM,448,11985
ARM/Mediatek SoC support,RESET CONTROLLER FRAMEWORK,846,30318
ARM/Mediatek SoC support,SOUND,92538,3078599
ARM/Mediatek SoC support,SOUND - SOC LAYER / DYNAMIC AUDIO POWER MANAGEMENT (ASoC),94531,3134699
ARM/Mediatek SoC support,SOUND - SOUND OPEN FIRMWARE (SOF) DRIVERS,2187,58308
ARM/Mediatek SoC support,SPI SUBSYSTEM,5388,140172
ARM/Mediatek SoC support,SPMI SUBSYSTEM,622,15202
ARM/Mediatek SoC support,SYSTEM RESET/SHUTDOWN DRIVERS,119,2794
ARM/Mediatek SoC support,THE REST,499415,14813575
ARM/Mediatek SoC support,TTY LAYER AND SERIAL DRIVERS,677,18450
ARM/Mediatek SoC support,USB SUBSYSTEM,2579,66144
ARM/Mediatek SoC support,USB TYPEC CLASS,435,10614
ARM/Mediatek SoC support,USB TYPEC PORT CONTROLLER DRIVERS,435,10614
ARM/Mediatek SoC support,USB XHCI DRIVER,1793,45869
ARM/Mediatek SoC support,VOLTAGE AND CURRENT REGULATOR FRAMEWORK,8546,262766
ARM/Mediatek SoC support,WATCHDOG DEVICE DRIVERS,837,20949
ARM/Mediatek USB3 PHY DRIVER,ARM/Mediatek USB3 PHY DRIVER,5945,167742
ARM/Mediatek USB3 PHY DRIVER,DRM DRIVERS FOR MEDIATEK,2234,68877
ARM/Mediatek USB3 PHY DRIVER,GENERIC PHY FRAMEWORK,5945,167742
ARM/Mediatek USB3 PHY DRIVER,MEDIATEK MT7621 PHY PCI DRIVER,41,770
ARM/Mediatek USB3 PHY DRIVER,OPEN FIRMWARE AND FLATTENED DEVICE TREE BINDINGS,889,22676
ARM/Mediatek USB3 PHY DRIVER,THE REST,5945,167742
ARM/Microchip (AT91) SoC support,ARM/Microchip (AT91) SoC support,123811,3288608
ARM/Microchip (AT91) SoC support,ATM,427,13381
ARM/Microchip (AT91) SoC support,ATMEL MAXTOUCH DRIVER,120,3360
ARM/Microchip (AT91) SoC support,AXENTIA ARM DEVICES,983,17690
ARM/Microchip (AT91) SoC support,AXENTIA ASOC DRIVERS,444,12958
ARM/Microchip (AT91) SoC support,CAN NETWORK DRIVERS,1409,35465
ARM/Microchip (AT91) SoC support,CHAR and MISC DRIVERS,281,6023
ARM/Microchip (AT91) SoC support,"CLOCKSOURCE, CLOCKEVENT DRIVERS",1024,27075
ARM/Microchip (AT91) SoC support,COMMON CLK FRAMEWORK,12817,343772
ARM/Microchip (AT91) SoC support,CPU IDLE TIME MANAGEMENT FRAMEWORK,62,1501
ARM/Microchip (AT91) SoC support,CRYPTO API,8354,212543
ARM/Microchip (AT91) SoC support,DMA GENERIC OFFLOAD ENGINE SUBSYSTEM,147,5044
ARM/Microchip (AT91) SoC support,DRM DRIVERS,3174,82402
ARM/Microchip (AT91) SoC support,DRM DRIVERS FOR ATMEL HLCDC,3087,80022
ARM/Microchip (AT91) SoC support,FRAMEBUFFER LAYER,1506,42895
ARM/Microchip (AT91) SoC support,GPIO SUBSYSTEM,31,1103
ARM/Microchip (AT91) SoC support,HARDWARE RANDOM NUMBER GENERATOR CORE,284,6450
ARM/Microchip (AT91) SoC support,I2C SUBSYSTEM HOST DRIVERS,1764,50454
ARM/Microchip (AT91) SoC support,IIO SUBSYSTEM AND DRIVERS,4279,120659
ARM/Microchip (AT91) SoC support,"INPUT (KEYBOARD, MOUSE, JOYSTICK, TOUCHSCREEN) DRIVERS",444,11775
ARM/Microchip (AT91) SoC support,IRQCHIP DRIVERS,1040,26811
ARM/Microchip (AT91) SoC support,LIBATA SUBSYSTEM (Serial and Parallel ATA drivers),19,534
ARM/Microchip (AT91) SoC support,MEDIA INPUT INFRASTRUCTURE (V4L/DVB),6152,167407
ARM/Microchip (AT91) SoC support,MEMORY CONTROLLER DRIVERS,785,19696
ARM/Microchip (AT91) SoC support,MEMORY TECHNOLOGY DEVICES (MTD),4227,110324
ARM/Microchip (AT91) SoC support,MICROCHIP AT91 DMA DRIVERS,93,3228
ARM/Microchip (AT91) SoC support,MICROCHIP AT91 SERIAL DRIVER,3417,96275
ARM/Microchip (AT91) SoC support,MICROCHIP AT91 USART MFD DRIVER,277,7042
ARM/Microchip (AT91) SoC support,MICROCHIP AT91 USART SPI DRIVER,867,21994
ARM/Microchip (AT91) SoC support,MICROCHIP AUDIO ASOC DRIVERS,10121,274443
ARM/Microchip (AT91) SoC support,MICROCHIP ECC DRIVER,415,10580
ARM/Microchip (AT91) SoC support,MICROCHIP I2C DRIVER,1618,46955
ARM/Microchip (AT91) SoC support,MICROCHIP ISC DRIVER,4528,124731
ARM/Microchip (AT91) SoC support,MICROCHIP ISI DRIVER,1509,38855
ARM/Microchip (AT91) SoC support,MICROCHIP LCDFB DRIVER,1506,42895
ARM/Microchip (AT91) SoC support,MICROCHIP MMC/SD/SDIO MCI DRIVER,2707,76412
ARM/Microchip (AT91) SoC support,MICROCHIP NAND DRIVER,3995,103618
ARM/Microchip (AT91) SoC support,MICROCHIP PWM DRIVER,606,14829
ARM/Microchip (AT91) SoC support,MICROCHIP SAMA5D2-COMPATIBLE ADC DRIVER,2761,77746
ARM/Microchip (AT91) SoC support,MICROCHIP SAMA5D2-COMPATIBLE SHUTDOWN CONTROLLER,569,13708
ARM/Microchip (AT91) SoC support,MICROCHIP SPI DRIVER,1720,44515
ARM/Microchip (AT91) SoC support,MICROCHIP SSC DRIVER,666,17697
ARM/Microchip (AT91) SoC support,MICROCHIP USBA UDC DRIVER,2842,70393
ARM/Microchip (AT91) SoC support,MULTIFUNCTION DEVICES (MFD),1408,42865
ARM/Microchip (AT91) SoC support,"MULTIMEDIA CARD (MMC), SECURE DIGITAL (SD) AND SDIO SUBSYSTEM",3296,93438
ARM/Microchip (AT91) SoC support,NAND FLASH SUBSYSTEM,3760,95906
ARM/Microchip (AT91) SoC support,NETWORKING DRIVERS,1409,35465
ARM/Microchip (AT91) SoC support,OPEN FIRMWARE AND FLATTENED DEVICE TREE BINDINGS,36177,940521
ARM/Microchip (AT91) SoC support,PIN CONTROL SUBSYSTEM,3594,102662
ARM/Microchip (AT91) SoC support,PIN CONTROLLER - MICROCHIP AT91,3271,92957
ARM/Microchip (AT91) SoC support,PWM SUBSYSTEM,1490,37721
ARM/Microchip (AT91) SoC support,REAL TIME CLOCK (RTC) SUBSYSTEM,1321,33570
ARM/Microchip (AT91) SoC support,RESET CONTROLLER FRAMEWORK,68,1513
ARM/Microchip (AT91) SoC support,SECURE DIGITAL HOST CONTROLLER INTERFACE (SDHCI) DRIVER,481,14031
ARM/Microchip (AT91) SoC support,SECURE DIGITAL HOST CONTROLLER INTERFACE (SDHCI) MICROCHIP DRIVER,481,14031
ARM/Microchip (AT91) SoC support,SOUND,10664,288699
ARM/Microchip (AT91) SoC support,SOUND - SOC LAYER / DYNAMIC AUDIO POWER MANAGEMENT (ASoC),10121,274443
ARM/Microchip (AT91) SoC support,SPI NOR SUBSYSTEM,215,6288
ARM/Microchip (AT91) SoC support,SPI SUBSYSTEM,3428,88524
ARM/Microchip (AT91) SoC support,STAGING SUBSYSTEM,4446,123638
ARM/Microchip (AT91) SoC support,SYSTEM RESET/SHUTDOWN DRIVERS,1329,33528
ARM/Microchip (AT91) SoC support,THE REST,123811,3288608
ARM/Microchip (AT91) SoC support,TPM DEVICE DRIVER,594,14630
ARM/Microchip (AT91) SoC support,TTY LAYER AND SERIAL DRIVERS,3417,96275
ARM/Microchip (AT91) SoC support,USB EHCI DRIVER,251,6154
ARM/Microchip (AT91) SoC support,USB OHCI DRIVER,728,18315
ARM/Microchip (AT91) SoC support,USB SUBSYSTEM,6141,155424
ARM/Microchip (AT91) SoC support,WATCHDOG DEVICE DRIVERS,1416,35568
ARM/Microchip Sparx5 SoC support,ARM/Microchip Sparx5 SoC support,50365,1503993
ARM/Microchip Sparx5 SoC support,COMMON CLK FRAMEWORK,370,7993
ARM/Microchip Sparx5 SoC support,DOCUMENTATION,33,806
ARM/Microchip Sparx5 SoC support,GENERIC PHY FRAMEWORK,5655,210252
ARM/Microchip Sparx5 SoC support,HARDWARE MONITORING,228,5033
ARM/Microchip Sparx5 SoC support,"MULTIMEDIA CARD (MMC), SECURE DIGITAL (SD) AND SDIO SUBSYSTEM",332,9058
ARM/Microchip Sparx5 SoC support,NETWORKING DRIVERS,39948,1182167
ARM/Microchip Sparx5 SoC support,OPEN FIRMWARE AND FLATTENED DEVICE TREE BINDINGS,3133,70664
ARM/Microchip Sparx5 SoC support,PIN CONTROL SUBSYSTEM,1183,30709
ARM/Microchip Sparx5 SoC support,RESET CONTROLLER FRAMEWORK,182,4566
ARM/Microchip Sparx5 SoC support,SECURE DIGITAL HOST CONTROLLER INTERFACE (SDHCI) DRIVER,265,7480
ARM/Microchip Sparx5 SoC support,THE REST,50365,1503993
ARM/NOMADIK/Ux500 ARCHITECTURES,ARM/NOMADIK/Ux500 ARCHITECTURES,34085,912987
ARM/NOMADIK/Ux500 ARCHITECTURES,"CLOCKSOURCE, CLOCKEVENT DRIVERS",72,2152
ARM/NOMADIK/Ux500 ARCHITECTURES,COMMON CLK FRAMEWORK,570,13458
ARM/NOMADIK/Ux500 ARCHITECTURES,DMA GENERIC OFFLOAD ENGINE SUBSYSTEM,4724,125685
ARM/NOMADIK/Ux500 ARCHITECTURES,GENERIC PM DOMAIN PROVIDERS,94,2402
ARM/NOMADIK/Ux500 ARCHITECTURES,HARDWARE SPINLOCK CORE,155,4004
ARM/NOMADIK/Ux500 ARCHITECTURES,I2C SUBSYSTEM HOST DRIVERS,1213,30671
ARM/NOMADIK/Ux500 ARCHITECTURES,IIO SUBSYSTEM AND DRIVERS,1207,37065
ARM/NOMADIK/Ux500 ARCHITECTURES,MULTIFUNCTION DEVICES (MFD),4913,127367
ARM/NOMADIK/Ux500 ARCHITECTURES,OPEN FIRMWARE AND FLATTENED DEVICE TREE BINDINGS,13502,328153
ARM/NOMADIK/Ux500 ARCHITECTURES,PIN CONTROL SUBSYSTEM,6001,198853
ARM/NOMADIK/Ux500 ARCHITECTURES,REAL TIME CLOCK (RTC) SUBSYSTEM,884,23107
ARM/NOMADIK/Ux500 ARCHITECTURES,THE REST,34085,912987
ARM/NUVOTON MA35 ARCHITECTURE,ARM/NUVOTON MA35 ARCHITECTURE,3155,95530
ARM/NUVOTON MA35 ARCHITECTURE,ARM/NUVOTON NPCM ARCHITECTURE,346,8110
ARM/NUVOTON MA35 ARCHITECTURE,COMMON CLK FRAMEWORK,1631,54196
ARM/NUVOTON MA35 ARCHITECTURE,OPEN FIRMWARE AND FLATTENED DEVICE TREE BINDINGS,532,11878
ARM/NUVOTON MA35 ARCHITECTURE,RESET CONTROLLER FRAMEWORK,280,8301
ARM/NUVOTON MA35 ARCHITECTURE,THE REST,3155,95530
ARM/NUVOTON MA35 ARCHITECTURE,TTY LAYER AND SERIAL DRIVERS,868,24244
ARM/NUVOTON NPCM ARCHITECTURE,ARM/NUVOTON NPCM ARCHITECTURE,17789,451143
ARM/NUVOTON NPCM ARCHITECTURE,ARM/NUVOTON WPCM450 ARCHITECTURE,13,271
ARM/NUVOTON NPCM ARCHITECTURE,"CLOCKSOURCE, CLOCKEVENT DRIVERS",277,7465
ARM/NUVOTON NPCM ARCHITECTURE,COMMON CLK FRAMEWORK,761,22069
ARM/NUVOTON NPCM ARCHITECTURE,EDAC-CORE,544,15040
ARM/NUVOTON NPCM ARCHITECTURE,EDAC-NPCM,594,16286
ARM/NUVOTON NPCM ARCHITECTURE,HARDWARE MONITORING,1119,31957
ARM/NUVOTON NPCM ARCHITECTURE,HARDWARE RANDOM NUMBER GENERATOR CORE,225,5401
ARM/NUVOTON NPCM ARCHITECTURE,I2C SUBSYSTEM HOST DRIVERS,2492,66329
ARM/NUVOTON NPCM ARCHITECTURE,IIO SUBSYSTEM AND DRIVERS,420,10591
ARM/NUVOTON NPCM ARCHITECTURE,IPMI SUBSYSTEM,293,7878
ARM/NUVOTON NPCM ARCHITECTURE,MEMORY CONTROLLER DRIVERS,50,1246
ARM/NUVOTON NPCM ARCHITECTURE,OPEN FIRMWARE AND FLATTENED DEVICE TREE BINDINGS,7079,143463
ARM/NUVOTON NPCM ARCHITECTURE,PECI SUBSYSTEM,354,9475
ARM/NUVOTON NPCM ARCHITECTURE,PIN CONTROL SUBSYSTEM,2271,84073
ARM/NUVOTON NPCM ARCHITECTURE,REAL TIME CLOCK (RTC) SUBSYSTEM,597,15060
ARM/NUVOTON NPCM ARCHITECTURE,RESET CONTROLLER FRAMEWORK,486,13511
ARM/NUVOTON NPCM ARCHITECTURE,SPI SUBSYSTEM,1343,36458
ARM/NUVOTON NPCM ARCHITECTURE,THE REST,17789,451143
ARM/NUVOTON NPCM ARCHITECTURE,USB EHCI DRIVER,154,3609
ARM/NUVOTON NPCM ARCHITECTURE,USB SUBSYSTEM,154,3609
ARM/NUVOTON NPCM ARCHITECTURE,WATCHDOG DEVICE DRIVERS,296,7153
ARM/NUVOTON WPCM450 ARCHITECTURE,ARM/NUVOTON WPCM450 ARCHITECTURE,3046,79861
ARM/NUVOTON WPCM450 ARCHITECTURE,IRQCHIP DRIVERS,201,5257
ARM/NUVOTON WPCM450 ARCHITECTURE,OPEN FIRMWARE AND FLATTENED DEVICE TREE BINDINGS,870,16553
ARM/NUVOTON WPCM450 ARCHITECTURE,PIN CONTROL SUBSYSTEM,1335,40530
ARM/NUVOTON WPCM450 ARCHITECTURE,SPI SUBSYSTEM,573,15663
ARM/NUVOTON WPCM450 ARCHITECTURE,THE REST,3046,79861
ARM/NXP S32G ARCHITECTURE,ARM/NXP S32G ARCHITECTURE,202,3921
ARM/NXP S32G ARCHITECTURE,OPEN FIRMWARE AND FLATTENED DEVICE TREE BINDINGS,202,3921
ARM/NXP S32G ARCHITECTURE,THE REST,202,3921
ARM/Orion SoC/Technologic Systems TS-78xx platform support,ARM/Orion SoC/Technologic Systems TS-78xx platform support,616,15107
ARM/Orion SoC/Technologic Systems TS-78xx platform support,THE REST,616,15107
ARM/QUALCOMM CHROMEBOOK SUPPORT,ARM/QUALCOMM CHROMEBOOK SUPPORT,25596,565498
ARM/QUALCOMM CHROMEBOOK SUPPORT,ARM/QUALCOMM SUPPORT,25596,565498
ARM/QUALCOMM CHROMEBOOK SUPPORT,OPEN FIRMWARE AND FLATTENED DEVICE TREE BINDINGS,25596,565498
ARM/QUALCOMM CHROMEBOOK SUPPORT,THE REST,25596,565498
ARM/QUALCOMM SUPPORT,ARM/QUALCOMM SUPPORT,781022,20328232
ARM/QUALCOMM SUPPORT,ATHEROS 71XX/9XXX USB PHY DRIVER,109,2643
ARM/QUALCOMM SUPPORT,BACKLIGHT CLASS/SUBSYSTEM,1754,43570
ARM/QUALCOMM SUPPORT,BLUETOOTH DRIVERS,232,5004
ARM/QUALCOMM SUPPORT,CHAR and MISC DRIVERS,144,3692
ARM/QUALCOMM SUPPORT,"CLOCKSOURCE, CLOCKEVENT DRIVERS",249,6136
ARM/QUALCOMM SUPPORT,COMMON CLK FRAMEWORK,255031,6732818
ARM/QUALCOMM SUPPORT,CPU FREQUENCY SCALING FRAMEWORK,1378,35713
ARM/QUALCOMM SUPPORT,CPU IDLE TIME MANAGEMENT FRAMEWORK,195,4598
ARM/QUALCOMM SUPPORT,CRYPTO API,469,10158
ARM/QUALCOMM SUPPORT,DESIGNWARE USB3 DRD IP DRIVER,1077,26592
ARM/QUALCOMM SUPPORT,DMA GENERIC OFFLOAD ENGINE SUBSYSTEM,8330,228535
ARM/QUALCOMM SUPPORT,EDAC-CORE,420,11510
ARM/QUALCOMM SUPPORT,EDAC-QCOM,420,11510
ARM/QUALCOMM SUPPORT,EXTERNAL CONNECTOR SUBSYSTEM (EXTCON),285,6880
ARM/QUALCOMM SUPPORT,FRAMEBUFFER LAYER,1754,43570
ARM/QUALCOMM SUPPORT,GENERIC PHY FRAMEWORK,26950,894736
ARM/QUALCOMM SUPPORT,GENERIC PM DOMAIN PROVIDERS,3669,90504
ARM/QUALCOMM SUPPORT,GPIO SUBSYSTEM,47,877
ARM/QUALCOMM SUPPORT,HARDWARE SPINLOCK CORE,294,7298
ARM/QUALCOMM SUPPORT,I2C SUBSYSTEM HOST DRIVERS,3558,88562
ARM/QUALCOMM SUPPORT,IIO SUBSYSTEM AND DRIVERS,5866,166698
ARM/QUALCOMM SUPPORT,"INPUT (KEYBOARD, MOUSE, JOYSTICK, TOUCHSCREEN) DRIVERS",995,24277
ARM/QUALCOMM SUPPORT,INTERCONNECT API,48002,1171748
ARM/QUALCOMM SUPPORT,IOMMU SUBSYSTEM,2896,100877
ARM/QUALCOMM SUPPORT,IRQCHIP DRIVERS,839,22119
ARM/QUALCOMM SUPPORT,LED SUBSYSTEM,176,4705
ARM/QUALCOMM SUPPORT,LIBATA SUBSYSTEM (Serial and Parallel ATA drivers),48,1458
ARM/QUALCOMM SUPPORT,MAILBOX API,877,23387
ARM/QUALCOMM SUPPORT,MEDIA INPUT INFRASTRUCTURE (V4L/DVB),38240,1018668
ARM/QUALCOMM SUPPORT,MEMORY TECHNOLOGY DEVICES (MTD),430,10938
ARM/QUALCOMM SUPPORT,MULTIFUNCTION DEVICES (MFD),2952,82481
ARM/QUALCOMM SUPPORT,"MULTIMEDIA CARD (MMC), SECURE DIGITAL (SD) AND SDIO SUBSYSTEM",2956,86464
ARM/QUALCOMM SUPPORT,NETWORKING DRIVERS,1667,41012
ARM/QUALCOMM SUPPORT,NVMEM FRAMEWORK,415,9641
ARM/QUALCOMM SUPPORT,OPEN FIRMWARE AND FLATTENED DEVICE TREE BINDINGS,272516,6541114
ARM/QUALCOMM SUPPORT,PCI NATIVE HOST BRIDGE AND ENDPOINT DRIVERS,2859,76672
ARM/QUALCOMM SUPPORT,PCI SUBSYSTEM,2859,76672
ARM/QUALCOMM SUPPORT,PCIE DRIVER FOR QUALCOMM MSM,1655,43684
ARM/QUALCOMM SUPPORT,PCIE ENDPOINT DRIVER FOR QUALCOMM,223,5838
ARM/QUALCOMM SUPPORT,PIN CONTROL SUBSYSTEM,74071,2244044
ARM/QUALCOMM SUPPORT,PIN CONTROLLER - QUALCOMM,73801,2235921
ARM/QUALCOMM SUPPORT,POWER SUPPLY CLASS/SUBSYSTEM and DRIVERS,3494,96404
ARM/QUALCOMM SUPPORT,QCOM AUDIO (ASoC) DRIVERS,4058,96155
ARM/QUALCOMM SUPPORT,QCOM EMBEDDED USB DEBUGGER (EUD),328,8053
ARM/QUALCOMM SUPPORT,QUALCOMM BAM-DMUX WWAN NETWORK DRIVER,999,24240
ARM/QUALCOMM SUPPORT,QUALCOMM CAMERA SUBSYSTEM DRIVER,18115,486524
ARM/QUALCOMM SUPPORT,QUALCOMM CLOCK DRIVERS,255031,6732818
ARM/QUALCOMM SUPPORT,QUALCOMM CORE POWER REDUCTION (CPR) AVS DRIVER,1756,44784
ARM/QUALCOMM SUPPORT,QUALCOMM CPUFREQ DRIVER MSM8996/APQ8096,618,15886
ARM/QUALCOMM SUPPORT,QUALCOMM CRYPTO DRIVERS,156,3493
ARM/QUALCOMM SUPPORT,QUALCOMM ETHQOS ETHERNET DRIVER,121,2657
ARM/QUALCOMM SUPPORT,QUALCOMM FASTRPC DRIVER,144,3591
ARM/QUALCOMM SUPPORT,QUALCOMM HIDMA DRIVER,2910,79852
ARM/QUALCOMM SUPPORT,QUALCOMM I2C CCI DRIVER,278,6677
ARM/QUALCOMM SUPPORT,QUALCOMM INTERCONNECT BWMON DRIVER,1005,32654
ARM/QUALCOMM SUPPORT,QUALCOMM IPCC MAILBOX DRIVER,486,12447
ARM/QUALCOMM SUPPORT,QUALCOMM IPQ4019 USB PHY DRIVER,197,4456
ARM/QUALCOMM SUPPORT,QUALCOMM NAND CONTROLLER DRIVER,233,5442
ARM/QUALCOMM SUPPORT,QUALCOMM TSENS THERMAL DRIVER,5280,140796
ARM/QUALCOMM SUPPORT,QUALCOMM TYPEC PORT MANAGER DRIVER,190,5938
ARM/QUALCOMM SUPPORT,QUALCOMM VENUS VIDEO ACCELERATOR DRIVER,20116,531886
ARM/QUALCOMM SUPPORT,REAL TIME CLOCK (RTC) SUBSYSTEM,87,1858
ARM/QUALCOMM SUPPORT,REMOTE PROCESSOR (REMOTEPROC) SUBSYSTEM,13323,336417
ARM/QUALCOMM SUPPORT,REMOTE PROCESSOR MESSAGING (RPMSG) SUBSYSTEM,4558,113839
ARM/QUALCOMM SUPPORT,RESET CONTROLLER FRAMEWORK,2076,61535
ARM/QUALCOMM SUPPORT,SCSI SUBSYSTEM,2217,57269
ARM/QUALCOMM SUPPORT,SECURE DIGITAL HOST CONTROLLER INTERFACE (SDHCI) DRIVER,2754,80665
ARM/QUALCOMM SUPPORT,SERIAL LOW-POWER INTER-CHIP MEDIA BUS (SLIMbus),2701,67164
ARM/QUALCOMM SUPPORT,SOUND - SOC LAYER / DYNAMIC AUDIO POWER MANAGEMENT (ASoC),3373,81742
ARM/QUALCOMM SUPPORT,SOUNDWIRE SUBSYSTEM,1798,51103
ARM/QUALCOMM SUPPORT,SPI SUBSYSTEM,3808,99361
ARM/QUALCOMM SUPPORT,SPMI SUBSYSTEM,127,3138
ARM/QUALCOMM SUPPORT,SYSTEM RESET/SHUTDOWN DRIVERS,175,4251
ARM/QUALCOMM SUPPORT,THE REST,781022,20328232
ARM/QUALCOMM SUPPORT,THERMAL,5859,156555
ARM/QUALCOMM SUPPORT,TTY LAYER AND SERIAL DRIVERS,4025,103363
ARM/QUALCOMM SUPPORT,UNIVERSAL FLASH STORAGE HOST CONTROLLER DRIVER,322,7768
ARM/QUALCOMM SUPPORT,UNIVERSAL FLASH STORAGE HOST CONTROLLER DRIVER QUALCOMM HOOKS,2539,65037
ARM/QUALCOMM SUPPORT,USB SUBSYSTEM,2053,51570
ARM/QUALCOMM SUPPORT,VOLTAGE AND CURRENT REGULATOR FRAMEWORK,9067,297838
ARM/QUALCOMM SUPPORT,WATCHDOG DEVICE DRIVERS,534,13031
ARM/QUALCOMM SUPPORT,WWAN DRIVERS,907,21732
ARM/RDA MICRO ARCHITECTURE,ARM/RDA MICRO ARCHITECTURE,1883,43992
ARM/RDA MICRO ARCHITECTURE,"CLOCKSOURCE, CLOCKEVENT DRIVERS",242,5662
ARM/RDA MICRO ARCHITECTURE,GPIO SUBSYSTEM,342,8584
ARM/RDA MICRO ARCHITECTURE,IRQCHIP DRIVERS,150,3424
ARM/RDA MICRO ARCHITECTURE,OPEN FIRMWARE AND FLATTENED DEVICE TREE BINDINGS,461,8414
ARM/RDA MICRO ARCHITECTURE,THE REST,1883,43992
ARM/RDA MICRO ARCHITECTURE,TTY LAYER AND SERIAL DRIVERS,874,21255
ARM/REALTEK ARCHITECTURE,ARM/REALTEK ARCHITECTURE,1601,31723
ARM/REALTEK ARCHITECTURE,OPEN FIRMWARE AND FLATTENED DEVICE TREE BINDINGS,1548,30432
ARM/REALTEK ARCHITECTURE,THE REST,1601,31723
ARM/RISC-V/RENESAS ARCHITECTURE,ARM/RISC-V/RENESAS ARCHITECTURE,95727,2447634
ARM/RISC-V/RENESAS ARCHITECTURE,GENERIC PM DOMAIN PROVIDERS,2388,70608
ARM/RISC-V/RENESAS ARCHITECTURE,OPEN FIRMWARE AND FLATTENED DEVICE TREE BINDINGS,89648,2284523
ARM/RISC-V/RENESAS ARCHITECTURE,RISC-V ARCHITECTURE,199,3615
ARM/RISC-V/RENESAS ARCHITECTURE,THE REST,95727,2447634
ARM/RISCPC ARCHITECTURE,ARM/RISCPC ARCHITECTURE,16663,430679
ARM/RISCPC ARCHITECTURE,NCR 5380 SCSI DRIVERS,554,12396
ARM/RISCPC ARCHITECTURE,NETWORKING DRIVERS,3291,83704
ARM/RISCPC ARCHITECTURE,SCSI SUBSYSTEM,10281,275716
ARM/RISCPC ARCHITECTURE,THE REST,16663,430679
ARM/Rockchip SoC support,ARM/Rockchip SoC support,211060,5689069
ARM/Rockchip SoC support,"CLOCKSOURCE, CLOCKEVENT DRIVERS",369,8411
ARM/Rockchip SoC support,COMMON CLK FRAMEWORK,23211,905420
ARM/Rockchip SoC support,CRYPTO API,1944,52677
ARM/Rockchip SoC support,DEVICE FREQUENCY (DEVFREQ),256,6815
ARM/Rockchip SoC support,DEVICE FREQUENCY EVENT (DEVFREQ-EVENT),256,6815
ARM/Rockchip SoC support,DRM AUTOMATED TESTING,173,7345
ARM/Rockchip SoC support,DRM DRIVERS,20424,570913
ARM/Rockchip SoC support,DRM DRIVERS FOR ROCKCHIP,20251,563568
ARM/Rockchip SoC support,ETHERNET PHY LIBRARY,200,4523
ARM/Rockchip SoC support,GENERIC PHY FRAMEWORK,10131,295694
ARM/Rockchip SoC support,GENERIC PM DOMAIN PROVIDERS,1398,43284
ARM/Rockchip SoC support,GPIO SUBSYSTEM,960,24154
ARM/Rockchip SoC support,HANTRO VPU CODEC DRIVER,10958,411006
ARM/Rockchip SoC support,I2C SUBSYSTEM HOST DRIVERS,1544,41268
ARM/Rockchip SoC support,IIO SUBSYSTEM AND DRIVERS,685,17712
ARM/Rockchip SoC support,IOMMU SUBSYSTEM,1495,39761
ARM/Rockchip SoC support,LIBATA SUBSYSTEM (Serial and Parallel ATA drivers),124,2819
ARM/Rockchip SoC support,MAILBOX API,287,7200
ARM/Rockchip SoC support,MEDIA INPUT INFRASTRUCTURE (V4L/DVB),23094,797568
ARM/Rockchip SoC support,MEMORY CONTROLLER DRIVERS,384,13318
ARM/Rockchip SoC support,MEMORY TECHNOLOGY DEVICES (MTD),1659,41812
ARM/Rockchip SoC support,MULTIFUNCTION DEVICES (MFD),1832,55967
ARM/Rockchip SoC support,"MULTIMEDIA CARD (MMC), SECURE DIGITAL (SD) AND SDIO SUBSYSTEM",532,14922
ARM/Rockchip SoC support,NAND FLASH SUBSYSTEM,1494,37985
ARM/Rockchip SoC support,NETWORKING DRIVERS,738,17660
ARM/Rockchip SoC support,NVMEM FRAMEWORK,859,20621
ARM/Rockchip SoC support,OPEN FIRMWARE AND FLATTENED DEVICE TREE BINDINGS,108572,2415979
ARM/Rockchip SoC support,PCI NATIVE HOST BRIDGE AND ENDPOINT DRIVERS,3325,95489
ARM/Rockchip SoC support,PCI SUBSYSTEM,3325,95489
ARM/Rockchip SoC support,PCIE DRIVER FOR ROCKCHIP,2742,79788
ARM/Rockchip SoC support,PIN CONTROL SUBSYSTEM,4710,138107
ARM/Rockchip SoC support,PWM SUBSYSTEM,506,11837
ARM/Rockchip SoC support,RESET CONTROLLER FRAMEWORK,754,20260
ARM/Rockchip SoC support,ROCKCHIP CRYPTO DRIVERS,1944,52677
ARM/Rockchip SoC support,ROCKCHIP I2S TDM DRIVER,2370,64765
ARM/Rockchip SoC support,ROCKCHIP ISP V1 DRIVER,9832,332574
ARM/Rockchip SoC support,ROCKCHIP RASTER 2D GRAPHIC ACCELERATION UNIT DRIVER,2212,51881
ARM/Rockchip SoC support,ROCKCHIP VIDEO DECODER DRIVER,83,1843
ARM/Rockchip SoC support,SOUND,6326,165015
ARM/Rockchip SoC support,SOUND - SOC LAYER / DYNAMIC AUDIO POWER MANAGEMENT (ASoC),7077,183643
ARM/Rockchip SoC support,SPI SUBSYSTEM,1979,50656
ARM/Rockchip SoC support,SYNOPSYS DESIGNWARE MMC/SD/SDIO DRIVER,407,11260
ARM/Rockchip SoC support,THE REST,211060,5689069
ARM/Rockchip SoC support,THERMAL,1802,48686
ARM/Rockchip SoC support,USB SUBSYSTEM,223,5375
"ARM/SAMSUNG S3C, S5P AND EXYNOS ARM ARCHITECTURES","ARM/SAMSUNG S3C, S5P AND EXYNOS ARM ARCHITECTURES",179750,4961968
"ARM/SAMSUNG S3C, S5P AND EXYNOS ARM ARCHITECTURES",ARM/SAMSUNG S5P SERIES HDMI CEC SUBSYSTEM SUPPORT,240,6086
"ARM/SAMSUNG S3C, S5P AND EXYNOS ARM ARCHITECTURES",ARM/SAMSUNG S5P SERIES JPEG CODEC SUPPORT,1031,27794
"ARM/SAMSUNG S3C, S5P AND EXYNOS ARM ARCHITECTURES",BUS FREQUENCY DRIVER FOR SAMSUNG EXYNOS,841,22636
"ARM/SAMSUNG S3C, S5P AND EXYNOS ARM ARCHITECTURES",CEC FRAMEWORK,240,6086
"ARM/SAMSUNG S3C, S5P AND EXYNOS ARM ARCHITECTURES","CLOCKSOURCE, CLOCKEVENT DRIVERS",1456,38745
"ARM/SAMSUNG S3C, S5P AND EXYNOS ARM ARCHITECTURES",COMMON CLK FRAMEWORK,29061,1046846
"ARM/SAMSUNG S3C, S5P AND EXYNOS ARM ARCHITECTURES",CPU FREQUENCY SCALING FRAMEWORK,895,22481
"ARM/SAMSUNG S3C, S5P AND EXYNOS ARM ARCHITECTURES",CPU IDLE TIME MANAGEMENT FRAMEWORK,143,3357
"ARM/SAMSUNG S3C, S5P AND EXYNOS ARM ARCHITECTURES",CPUIDLE DRIVER - ARM EXYNOS,498,11018
"ARM/SAMSUNG S3C, S5P AND EXYNOS ARM ARCHITECTURES",CRYPTO API,401,9442
"ARM/SAMSUNG S3C, S5P AND EXYNOS ARM ARCHITECTURES",DESIGNWARE USB3 DRD IP DRIVER,256,6084
"ARM/SAMSUNG S3C, S5P AND EXYNOS ARM ARCHITECTURES",DEVICE FREQUENCY (DEVFREQ),1998,49954
"ARM/SAMSUNG S3C, S5P AND EXYNOS ARM ARCHITECTURES",DEVICE FREQUENCY EVENT (DEVFREQ-EVENT),1499,37713
"ARM/SAMSUNG S3C, S5P AND EXYNOS ARM ARCHITECTURES",DMC FREQUENCY DRIVER FOR SAMSUNG EXYNOS5422,1732,52070
"ARM/SAMSUNG S3C, S5P AND EXYNOS ARM ARCHITECTURES",DOCUMENTATION,518,15533
"ARM/SAMSUNG S3C, S5P AND EXYNOS ARM ARCHITECTURES",DRM DRIVERS,21951,601108
"ARM/SAMSUNG S3C, S5P AND EXYNOS ARM ARCHITECTURES",DRM DRIVERS FOR EXYNOS,21951,601108
"ARM/SAMSUNG S3C, S5P AND EXYNOS ARM ARCHITECTURES",EXYNOS DP DRIVER,299,7367
"ARM/SAMSUNG S3C, S5P AND EXYNOS ARM ARCHITECTURES",EXYNOS SYSMMU (IOMMU) driver,1531,42729
"ARM/SAMSUNG S3C, S5P AND EXYNOS ARM ARCHITECTURES",GENERIC PHY FRAMEWORK,3617,104268
"ARM/SAMSUNG S3C, S5P AND EXYNOS ARM ARCHITECTURES",GENERIC PM DOMAIN PROVIDERS,167,3992
"ARM/SAMSUNG S3C, S5P AND EXYNOS ARM ARCHITECTURES",HARDWARE RANDOM NUMBER GENERATOR CORE,321,7178
"ARM/SAMSUNG S3C, S5P AND EXYNOS ARM ARCHITECTURES",I2C SUBSYSTEM HOST DRIVERS,2272,58602
"ARM/SAMSUNG S3C, S5P AND EXYNOS ARM ARCHITECTURES",IIO SUBSYSTEM AND DRIVERS,1184,29111
"ARM/SAMSUNG S3C, S5P AND EXYNOS ARM ARCHITECTURES",INTERCONNECT API,510,14550
"ARM/SAMSUNG S3C, S5P AND EXYNOS ARM ARCHITECTURES",IOMMU SUBSYSTEM,1531,42729
"ARM/SAMSUNG S3C, S5P AND EXYNOS ARM ARCHITECTURES",IRQCHIP DRIVERS,368,10049
"ARM/SAMSUNG S3C, S5P AND EXYNOS ARM ARCHITECTURES",MEDIA INPUT INFRASTRUCTURE (V4L/DVB),22789,601504
"ARM/SAMSUNG S3C, S5P AND EXYNOS ARM ARCHITECTURES",MEMORY CONTROLLER DRIVERS,2158,64044
"ARM/SAMSUNG S3C, S5P AND EXYNOS ARM ARCHITECTURES",MULTIFUNCTION DEVICES (MFD),312,8280
"ARM/SAMSUNG S3C, S5P AND EXYNOS ARM ARCHITECTURES","MULTIMEDIA CARD (MMC), SECURE DIGITAL (SD) AND SDIO SUBSYSTEM",929,25894
"ARM/SAMSUNG S3C, S5P AND EXYNOS ARM ARCHITECTURES",OPEN FIRMWARE AND FLATTENED DEVICE TREE BINDINGS,67040,1631776
"ARM/SAMSUNG S3C, S5P AND EXYNOS ARM ARCHITECTURES",PCI DRIVER FOR SAMSUNG EXYNOS,443,10982
"ARM/SAMSUNG S3C, S5P AND EXYNOS ARM ARCHITECTURES",PCI NATIVE HOST BRIDGE AND ENDPOINT DRIVERS,562,13895
"ARM/SAMSUNG S3C, S5P AND EXYNOS ARM ARCHITECTURES",PCI SUBSYSTEM,562,13895
"ARM/SAMSUNG S3C, S5P AND EXYNOS ARM ARCHITECTURES",PIN CONTROL SUBSYSTEM,3435,112138
"ARM/SAMSUNG S3C, S5P AND EXYNOS ARM ARCHITECTURES",PIN CONTROLLER - SAMSUNG,3435,112138
"ARM/SAMSUNG S3C, S5P AND EXYNOS ARM ARCHITECTURES",PWM SUBSYSTEM,683,17998
"ARM/SAMSUNG S3C, S5P AND EXYNOS ARM ARCHITECTURES",SAMSUNG EXYNOS PSEUDO RANDOM NUMBER GENERATOR (RNG) DRIVER,446,10324
"ARM/SAMSUNG S3C, S5P AND EXYNOS ARM ARCHITECTURES",SAMSUNG EXYNOS TRUE RANDOM NUMBER GENERATOR (TRNG) DRIVER,276,6296
"ARM/SAMSUNG S3C, S5P AND EXYNOS ARM ARCHITECTURES",SAMSUNG INTERCONNECT DRIVERS,193,4845
"ARM/SAMSUNG S3C, S5P AND EXYNOS ARM ARCHITECTURES",SAMSUNG S5P/EXYNOS4 SOC SERIES CAMERA SUBSYSTEM DRIVERS,18009,477801
"ARM/SAMSUNG S3C, S5P AND EXYNOS ARM ARCHITECTURES",SAMSUNG SOC CLOCK DRIVERS,29061,1046846
"ARM/SAMSUNG S3C, S5P AND EXYNOS ARM ARCHITECTURES",SAMSUNG SPI DRIVERS,1602,43816
"ARM/SAMSUNG S3C, S5P AND EXYNOS ARM ARCHITECTURES",SAMSUNG THERMAL DRIVER,1368,38049
"ARM/SAMSUNG S3C, S5P AND EXYNOS ARM ARCHITECTURES",SAMSUNG USB2 PHY DRIVER,1238,35689
"ARM/SAMSUNG S3C, S5P AND EXYNOS ARM ARCHITECTURES",SCSI SUBSYSTEM,2041,58045
"ARM/SAMSUNG S3C, S5P AND EXYNOS ARM ARCHITECTURES",SPI SUBSYSTEM,1544,42206
"ARM/SAMSUNG S3C, S5P AND EXYNOS ARM ARCHITECTURES",SYNOPSYS DESIGNWARE MMC/SD/SDIO DRIVER,769,21047
"ARM/SAMSUNG S3C, S5P AND EXYNOS ARM ARCHITECTURES",THE REST,179750,4961968
"ARM/SAMSUNG S3C, S5P AND EXYNOS ARM ARCHITECTURES",THERMAL,1537,43685
"ARM/SAMSUNG S3C, S5P AND EXYNOS ARM ARCHITECTURES",TTY LAYER AND SERIAL DRIVERS,2914,73762
"ARM/SAMSUNG S3C, S5P AND EXYNOS ARM ARCHITECTURES",UNIVERSAL FLASH STORAGE HOST CONTROLLER DRIVER,95,2272
"ARM/SAMSUNG S3C, S5P AND EXYNOS ARM ARCHITECTURES",UNIVERSAL FLASH STORAGE HOST CONTROLLER DRIVER EXYNOS HOOKS,2041,58045
"ARM/SAMSUNG S3C, S5P AND EXYNOS ARM ARCHITECTURES",USB EHCI DRIVER,343,8181
"ARM/SAMSUNG S3C, S5P AND EXYNOS ARM ARCHITECTURES",USB OHCI DRIVER,811,18796
"ARM/SAMSUNG S3C, S5P AND EXYNOS ARM ARCHITECTURES",USB SUBSYSTEM,1662,38349
"ARM/SAMSUNG S3C, S5P AND EXYNOS ARM ARCHITECTURES",WATCHDOG DEVICE DRIVERS,809,23709
"ARM/SAMSUNG S3C, S5P AND EXYNOS ARM ARCHITECTURES",WOLFSON MICROELECTRONICS DRIVERS,1322,33370
ARM/SAMSUNG S5P SERIES 2D GRAPHICS ACCELERATION (G2D) SUPPORT,ARM/SAMSUNG S5P SERIES 2D GRAPHICS ACCELERATION (G2D) SUPPORT,1121,27817
ARM/SAMSUNG S5P SERIES 2D GRAPHICS ACCELERATION (G2D) SUPPORT,MEDIA INPUT INFRASTRUCTURE (V4L/DVB),1121,27817
ARM/SAMSUNG S5P SERIES 2D GRAPHICS ACCELERATION (G2D) SUPPORT,THE REST,1121,27817
ARM/SAMSUNG S5P SERIES HDMI CEC SUBSYSTEM SUPPORT,ARM/SAMSUNG S5P SERIES HDMI CEC SUBSYSTEM SUPPORT,787,19363
ARM/SAMSUNG S5P SERIES HDMI CEC SUBSYSTEM SUPPORT,CEC FRAMEWORK,721,17978
ARM/SAMSUNG S5P SERIES HDMI CEC SUBSYSTEM SUPPORT,MEDIA INPUT INFRASTRUCTURE (V4L/DVB),787,19363
ARM/SAMSUNG S5P SERIES HDMI CEC SUBSYSTEM SUPPORT,OPEN FIRMWARE AND FLATTENED DEVICE TREE BINDINGS,66,1385
ARM/SAMSUNG S5P SERIES HDMI CEC SUBSYSTEM SUPPORT,THE REST,787,19363
ARM/SAMSUNG S5P SERIES JPEG CODEC SUPPORT,ARM/SAMSUNG S5P SERIES JPEG CODEC SUPPORT,5487,153018
ARM/SAMSUNG S5P SERIES JPEG CODEC SUPPORT,MEDIA INPUT INFRASTRUCTURE (V4L/DVB),5487,153018
ARM/SAMSUNG S5P SERIES JPEG CODEC SUPPORT,OPEN FIRMWARE AND FLATTENED DEVICE TREE BINDINGS,123,2627
ARM/SAMSUNG S5P SERIES JPEG CODEC SUPPORT,THE REST,5487,153018
ARM/SAMSUNG S5P SERIES Multi Format Codec (MFC) SUPPORT,ARM/SAMSUNG S5P SERIES Multi Format Codec (MFC) SUPPORT,13640,403857
ARM/SAMSUNG S5P SERIES Multi Format Codec (MFC) SUPPORT,MEDIA INPUT INFRASTRUCTURE (V4L/DVB),13640,403857
ARM/SAMSUNG S5P SERIES Multi Format Codec (MFC) SUPPORT,THE REST,13640,403857
ARM/SOCFPGA ARCHITECTURE,ARM/SOCFPGA ARCHITECTURE,7925,173340
ARM/SOCFPGA ARCHITECTURE,OPEN FIRMWARE AND FLATTENED DEVICE TREE BINDINGS,6888,147769
ARM/SOCFPGA ARCHITECTURE,THE REST,7925,173340
ARM/SOCFPGA CLOCK FRAMEWORK SUPPORT,ARM/SOCFPGA CLOCK FRAMEWORK SUPPORT,2828,78851
ARM/SOCFPGA CLOCK FRAMEWORK SUPPORT,COMMON CLK FRAMEWORK,2828,78851
ARM/SOCFPGA CLOCK FRAMEWORK SUPPORT,THE REST,2828,78851
ARM/SOCFPGA EDAC SUPPORT,ARM/SOCFPGA EDAC SUPPORT,2625,75303
ARM/SOCFPGA EDAC SUPPORT,EDAC-CORE,2625,75303
ARM/SOCFPGA EDAC SUPPORT,THE REST,2625,75303
ARM/SPREADTRUM SoC SUPPORT,ARM/SPREADTRUM SoC SUPPORT,37773,1050490
ARM/SPREADTRUM SoC SUPPORT,"CLOCKSOURCE, CLOCKEVENT DRIVERS",229,5633
ARM/SPREADTRUM SoC SUPPORT,COMMON CLK FRAMEWORK,8800,292470
ARM/SPREADTRUM SoC SUPPORT,DMA GENERIC OFFLOAD ENGINE SUBSYSTEM,1542,45472
ARM/SPREADTRUM SoC SUPPORT,DOCUMENTATION,27,989
ARM/SPREADTRUM SoC SUPPORT,DRM DRIVERS,2966,75399
ARM/SPREADTRUM SoC SUPPORT,GPIO SUBSYSTEM,1558,43017
ARM/SPREADTRUM SoC SUPPORT,HARDWARE SPINLOCK CORE,180,4971
ARM/SPREADTRUM SoC SUPPORT,I2C SUBSYSTEM HOST DRIVERS,690,17520
ARM/SPREADTRUM SoC SUPPORT,IIO SUBSYSTEM AND DRIVERS,1090,27514
ARM/SPREADTRUM SoC SUPPORT,"INPUT (KEYBOARD, MOUSE, JOYSTICK, TOUCHSCREEN) DRIVERS",249,6220
ARM/SPREADTRUM SoC SUPPORT,IOMMU SUBSYSTEM,624,15801
ARM/SPREADTRUM SoC SUPPORT,LED SUBSYSTEM,431,11120
ARM/SPREADTRUM SoC SUPPORT,MAILBOX API,499,13220
ARM/SPREADTRUM SoC SUPPORT,MULTIFUNCTION DEVICES (MFD),396,10304
ARM/SPREADTRUM SoC SUPPORT,"MULTIMEDIA CARD (MMC), SECURE DIGITAL (SD) AND SDIO SUBSYSTEM",1028,28092
ARM/SPREADTRUM SoC SUPPORT,NVMEM FRAMEWORK,809,20222
ARM/SPREADTRUM SoC SUPPORT,OPEN FIRMWARE AND FLATTENED DEVICE TREE BINDINGS,7009,166589
ARM/SPREADTRUM SoC SUPPORT,PIN CONTROL SUBSYSTEM,2328,81397
ARM/SPREADTRUM SoC SUPPORT,POWER SUPPLY CLASS/SUBSYSTEM and DRIVERS,2041,51849
ARM/SPREADTRUM SoC SUPPORT,PWM SUBSYSTEM,349,9422
ARM/SPREADTRUM SoC SUPPORT,REAL TIME CLOCK (RTC) SUBSYSTEM,673,17595
ARM/SPREADTRUM SoC SUPPORT,SCSI SUBSYSTEM,542,13486
ARM/SPREADTRUM SoC SUPPORT,SECURE DIGITAL HOST CONTROLLER INTERFACE (SDHCI) DRIVER,961,25383
ARM/SPREADTRUM SoC SUPPORT,SOUND,2363,61086
ARM/SPREADTRUM SoC SUPPORT,SOUND - SOC LAYER / DYNAMIC AUDIO POWER MANAGEMENT (ASoC),2405,62471
ARM/SPREADTRUM SoC SUPPORT,SPI SUBSYSTEM,1884,49335
ARM/SPREADTRUM SoC SUPPORT,SYSTEM RESET/SHUTDOWN DRIVERS,79,1974
ARM/SPREADTRUM SoC SUPPORT,THE REST,37773,1050490
ARM/SPREADTRUM SoC SUPPORT,THERMAL,669,16657
ARM/SPREADTRUM SoC SUPPORT,TTY LAYER AND SERIAL DRIVERS,1346,31825
ARM/SPREADTRUM SoC SUPPORT,UNIVERSAL FLASH STORAGE HOST CONTROLLER DRIVER,79,1859
ARM/SPREADTRUM SoC SUPPORT,VOLTAGE AND CURRENT REGULATOR FRAMEWORK,300,9909
ARM/SPREADTRUM SoC SUPPORT,WATCHDOG DEVICE DRIVERS,400,9914
ARM/STI ARCHITECTURE,ARM/STI ARCHITECTURE,18275,465997
ARM/STI ARCHITECTURE,"CLOCKSOURCE, CLOCKEVENT DRIVERS",573,14292
ARM/STI ARCHITECTURE,CPU FREQUENCY SCALING FRAMEWORK,303,7355
ARM/STI ARCHITECTURE,DESIGNWARE USB3 DRD IP DRIVER,377,10082
ARM/STI ARCHITECTURE,DMA GENERIC OFFLOAD ENGINE SUBSYSTEM,1122,29072
ARM/STI ARCHITECTURE,GENERIC PHY FRAMEWORK,1436,38499
ARM/STI ARCHITECTURE,HARDWARE RANDOM NUMBER GENERATOR CORE,124,3099
ARM/STI ARCHITECTURE,I2C SUBSYSTEM HOST DRIVERS,977,24612
ARM/STI ARCHITECTURE,LIBATA SUBSYSTEM (Serial and Parallel ATA drivers),249,5866
ARM/STI ARCHITECTURE,MEDIA INPUT INFRASTRUCTURE (V4L/DVB),2759,75169
ARM/STI ARCHITECTURE,"MULTIMEDIA CARD (MMC), SECURE DIGITAL (SD) AND SDIO SUBSYSTEM",524,14485
ARM/STI ARCHITECTURE,OPEN FIRMWARE AND FLATTENED DEVICE TREE BINDINGS,4376,102167
ARM/STI ARCHITECTURE,PIN CONTROL SUBSYSTEM,1752,49380
ARM/STI ARCHITECTURE,RC-CORE / LIRC FRAMEWORK,417,11296
ARM/STI ARCHITECTURE,REAL TIME CLOCK (RTC) SUBSYSTEM,315,7553
ARM/STI ARCHITECTURE,REMOTE PROCESSOR (REMOTEPROC) SUBSYSTEM,867,21380
ARM/STI ARCHITECTURE,RESET CONTROLLER FRAMEWORK,429,13173
ARM/STI ARCHITECTURE,SECURE DIGITAL HOST CONTROLLER INTERFACE (SDHCI) DRIVER,524,14485
ARM/STI ARCHITECTURE,SPI SUBSYSTEM,61,1272
ARM/STI ARCHITECTURE,THE REST,18275,465997
ARM/STI ARCHITECTURE,TTY LAYER AND SERIAL DRIVERS,974,23716
ARM/STI ARCHITECTURE,USB EHCI DRIVER,352,8157
ARM/STI ARCHITECTURE,USB OHCI DRIVER,330,7448
ARM/STI ARCHITECTURE,USB SUBSYSTEM,1059,25687
ARM/STI ARCHITECTURE,WATCHDOG DEVICE DRIVERS,302,7011
ARM/STM32 ARCHITECTURE,ARM/STM32 ARCHITECTURE,239551,6968742
ARM/STM32 ARCHITECTURE,ARM/TOSHIBA VISCONTI ARCHITECTURE,292,8487
ARM/STM32 ARCHITECTURE,ATHEROS ATH6KL WIRELESS DRIVER,141,4072
ARM/STM32 ARCHITECTURE,BPF [GENERAL] (Safe Dynamic Programs and Tools),941,24830
ARM/STM32 ARCHITECTURE,BPF [SELFTESTS] (Test Runners & Infrastructure),941,24830
ARM/STM32 ARCHITECTURE,BXCAN CAN NETWORK DRIVER,96,2603
ARM/STM32 ARCHITECTURE,CAN NETWORK DRIVERS,96,2603
ARM/STM32 ARCHITECTURE,CEC FRAMEWORK,378,9113
ARM/STM32 ARCHITECTURE,"CLOCKSOURCE, CLOCKEVENT DRIVERS",1010,24721
ARM/STM32 ARCHITECTURE,COMMON CLK FRAMEWORK,11216,313206
ARM/STM32 ARCHITECTURE,COUNTER SUBSYSTEM,946,24592
ARM/STM32 ARCHITECTURE,CRYPTO API,50647,1814583
ARM/STM32 ARCHITECTURE,DH ELECTRONICS STM32MP1 DHCOM/DHCOR BOARD SUPPORT,2754,55981
ARM/STM32 ARCHITECTURE,DMA GENERIC OFFLOAD ENGINE SUBSYSTEM,4296,124131
ARM/STM32 ARCHITECTURE,DOCUMENTATION,1542,51247
ARM/STM32 ARCHITECTURE,DRM COMPUTE ACCELERATORS DRIVERS AND FRAMEWORK,131,3160
ARM/STM32 ARCHITECTURE,DRM DRIVER FOR NVIDIA GEFORCE/QUADRO GPUS,1850,50992
ARM/STM32 ARCHITECTURE,DRM DRIVERS,5197,147872
ARM/STM32 ARCHITECTURE,DRM DRIVERS FOR MEDIATEK,83,2460
ARM/STM32 ARCHITECTURE,DRM DRIVERS FOR STM,3128,91176
ARM/STM32 ARCHITECTURE,GENERIC PHY FRAMEWORK,1108,29244
ARM/STM32 ARCHITECTURE,GPIO SUBSYSTEM,601,15637
ARM/STM32 ARCHITECTURE,HABANALABS PCI DRIVER,131,3160
ARM/STM32 ARCHITECTURE,HARDWARE RANDOM NUMBER GENERATOR CORE,271,6043
ARM/STM32 ARCHITECTURE,HARDWARE SPINLOCK CORE,224,5120
ARM/STM32 ARCHITECTURE,HARDWARE TRACING FACILITIES,3961,94306
ARM/STM32 ARCHITECTURE,HID CORE LAYER,389,10733
ARM/STM32 ARCHITECTURE,I2C SUBSYSTEM HOST DRIVERS,3760,100791
ARM/STM32 ARCHITECTURE,IIO SUBSYSTEM AND DRIVERS,9938,269777
ARM/STM32 ARCHITECTURE,"INPUT (KEYBOARD, MOUSE, JOYSTICK, TOUCHSCREEN) DRIVERS",1697,42779
ARM/STM32 ARCHITECTURE,INTEL WIRELESS WIFI LINK (iwlwifi),92,3831
ARM/STM32 ARCHITECTURE,IRQCHIP DRIVERS,1130,27435
ARM/STM32 ARCHITECTURE,KERNEL SELFTEST FRAMEWORK,941,24830
ARM/STM32 ARCHITECTURE,M68K ARCHITECTURE,220,5250
ARM/STM32 ARCHITECTURE,MAILBOX API,468,11565
ARM/STM32 ARCHITECTURE,MEDIA DRIVERS FOR STM32 - DCMI,2291,56681
ARM/STM32 ARCHITECTURE,MEDIA INPUT INFRASTRUCTURE (V4L/DVB),3938,97122
ARM/STM32 ARCHITECTURE,MEDIATEK MT76 WIRELESS LAN DRIVER,2341,57759
ARM/STM32 ARCHITECTURE,MEMORY CONTROLLER DRIVERS,1475,40420
ARM/STM32 ARCHITECTURE,MEMORY TECHNOLOGY DEVICES (MTD),4432,111788
ARM/STM32 ARCHITECTURE,MULTIFUNCTION DEVICES (MFD),4721,125255
ARM/STM32 ARCHITECTURE,"MULTIMEDIA CARD (MMC), SECURE DIGITAL (SD) AND SDIO SUBSYSTEM",724,18617
ARM/STM32 ARCHITECTURE,NAND FLASH SUBSYSTEM,2110,55423
ARM/STM32 ARCHITECTURE,NETWORKING DRIVERS,43897,1237408
ARM/STM32 ARCHITECTURE,NETWORKING DRIVERS (WIRELESS),4363,109367
ARM/STM32 ARCHITECTURE,NETWORKING [GENERAL],700,19009
ARM/STM32 ARCHITECTURE,NVMEM FRAMEWORK,741,18680
ARM/STM32 ARCHITECTURE,OPEN FIRMWARE AND FLATTENED DEVICE TREE BINDINGS,31959,756364
ARM/STM32 ARCHITECTURE,PERFORMANCE EVENTS SUBSYSTEM,13886,464903
ARM/STM32 ARCHITECTURE,PIN CONTROL SUBSYSTEM,18384,528143
ARM/STM32 ARCHITECTURE,PWM SUBSYSTEM,1320,33484
ARM/STM32 ARCHITECTURE,QUALCOMM ATHEROS ATH10K WIRELESS DRIVER,564,13498
ARM/STM32 ARCHITECTURE,QUALCOMM ATHEROS ATH11K WIRELESS DRIVER,597,15103
ARM/STM32 ARCHITECTURE,QUALCOMM ETHQOS ETHERNET DRIVER,838,25697
ARM/STM32 ARCHITECTURE,QUALCOMM WCN36XX WIRELESS DRIVER,224,6471
ARM/STM32 ARCHITECTURE,REAL TIME CLOCK (RTC) SUBSYSTEM,1525,41090
ARM/STM32 ARCHITECTURE,REMOTE PROCESSOR (REMOTEPROC) SUBSYSTEM,1156,29475
ARM/STM32 ARCHITECTURE,RESET CONTROLLER FRAMEWORK,235,5683
ARM/STM32 ARCHITECTURE,SOUND,5021,135511
ARM/STM32 ARCHITECTURE,SOUND - SOC LAYER / DYNAMIC AUDIO POWER MANAGEMENT (ASoC),5408,144783
ARM/STM32 ARCHITECTURE,SPI SUBSYSTEM,3258,88816
ARM/STM32 ARCHITECTURE,ST STM32 I2C/SMBUS DRIVER,3599,96684
ARM/STM32 ARCHITECTURE,ST STM32 SPI DRIVER,2094,60099
ARM/STM32 ARCHITECTURE,STARFIVE DWMAC GLUE LAYER,173,4554
ARM/STM32 ARCHITECTURE,STM32 AUDIO (ASoC) DRIVERS,5737,153496
ARM/STM32 ARCHITECTURE,STM32 TIMER/LPTIMER DRIVERS,3033,80619
ARM/STM32 ARCHITECTURE,STMMAC ETHERNET DRIVER,42554,1201298
ARM/STM32 ARCHITECTURE,SYSTEM TRACE MODULE CLASS,3307,82462
ARM/STM32 ARCHITECTURE,TEGRA ARCHITECTURE SUPPORT,387,10869
ARM/STM32 ARCHITECTURE,THE REST,239551,6968742
ARM/STM32 ARCHITECTURE,THERMAL,675,16042
ARM/STM32 ARCHITECTURE,TI WILINK WIRELESS DRIVERS,404,8633
ARM/STM32 ARCHITECTURE,TRACING,143,6751
ARM/STM32 ARCHITECTURE,TRACING MMIO ACCESSES (MMIOTRACE),146,3255
ARM/STM32 ARCHITECTURE,TTY LAYER AND SERIAL DRIVERS,2517,69701
ARM/STM32 ARCHITECTURE,UCLINUX (M68KNOMMU AND COLDFIRE),126,2904
ARM/STM32 ARCHITECTURE,UNSORTED BLOCK IMAGES (UBI),2187,53222
ARM/STM32 ARCHITECTURE,USB SUBSYSTEM,866,20796
ARM/STM32 ARCHITECTURE,USB TYPEC CLASS,775,18877
ARM/STM32 ARCHITECTURE,VOLTAGE AND CURRENT REGULATOR FRAMEWORK,816,20681
ARM/STM32 ARCHITECTURE,WATCHDOG DEVICE DRIVERS,507,12654
ARM/STM32 ARCHITECTURE,X86 ARCHITECTURE (32-BIT AND 64-BIT),146,3255
ARM/STM32 ARCHITECTURE,X86 MM,146,3255
ARM/STM32 ARCHITECTURE,XDP (eXpress Data Path),156,3908
ARM/SUNPLUS SP7021 SOC SUPPORT,ARM/SUNPLUS SP7021 SOC SUPPORT,2093,49753
ARM/SUNPLUS SP7021 SOC SUPPORT,COMMON CLK FRAMEWORK,852,18950
ARM/SUNPLUS SP7021 SOC SUPPORT,IRQCHIP DRIVERS,340,8686
ARM/SUNPLUS SP7021 SOC SUPPORT,OPEN FIRMWARE AND FLATTENED DEVICE TREE BINDINGS,782,20374
ARM/SUNPLUS SP7021 SOC SUPPORT,RESET CONTROLLER FRAMEWORK,337,7403
ARM/SUNPLUS SP7021 SOC SUPPORT,THE REST,2093,49753
ARM/Synaptics SoC support,ARM/Synaptics SoC support,2734,59131
ARM/Synaptics SoC support,OPEN FIRMWARE AND FLATTENED DEVICE TREE BINDINGS,2516,54238
ARM/Synaptics SoC support,THE REST,2734,59131
ARM/TECHNOLOGIC SYSTEMS TS7250 MACHINE SUPPORT,ARM/TECHNOLOGIC SYSTEMS TS7250 MACHINE SUPPORT,0,0
ARM/TEGRA HDMI CEC SUBSYSTEM SUPPORT,ARM/TEGRA HDMI CEC SUBSYSTEM SUPPORT,656,18493
ARM/TEGRA HDMI CEC SUBSYSTEM SUPPORT,CEC FRAMEWORK,599,17406
ARM/TEGRA HDMI CEC SUBSYSTEM SUPPORT,MEDIA INPUT INFRASTRUCTURE (V4L/DVB),656,18493
ARM/TEGRA HDMI CEC SUBSYSTEM SUPPORT,OPEN FIRMWARE AND FLATTENED DEVICE TREE BINDINGS,57,1087
ARM/TEGRA HDMI CEC SUBSYSTEM SUPPORT,TEGRA ARCHITECTURE SUPPORT,656,18493
ARM/TEGRA HDMI CEC SUBSYSTEM SUPPORT,THE REST,656,18493
ARM/TESLA FSD SoC SUPPORT,ARM/TESLA FSD SoC SUPPORT,1529,40109
ARM/TESLA FSD SoC SUPPORT,OPEN FIRMWARE AND FLATTENED DEVICE TREE BINDINGS,1529,40109
ARM/TESLA FSD SoC SUPPORT,THE REST,1529,40109
ARM/TETON BGA MACHINE SUPPORT,ARM/TETON BGA MACHINE SUPPORT,0,0
ARM/TEXAS INSTRUMENT AEMIF/EMIF DRIVERS,ARM/TEXAS INSTRUMENT AEMIF/EMIF DRIVERS,3248,96124
ARM/TEXAS INSTRUMENT AEMIF/EMIF DRIVERS,MEMORY CONTROLLER DRIVERS,3248,96124
ARM/TEXAS INSTRUMENT AEMIF/EMIF DRIVERS,THE REST,3248,96124
ARM/TEXAS INSTRUMENT KEYSTONE ARCHITECTURE,ARM/TEXAS INSTRUMENT KEYSTONE ARCHITECTURE,5811,143294
ARM/TEXAS INSTRUMENT KEYSTONE ARCHITECTURE,OPEN FIRMWARE AND FLATTENED DEVICE TREE BINDINGS,5645,139211
ARM/TEXAS INSTRUMENT KEYSTONE ARCHITECTURE,THE REST,5811,143294
ARM/TEXAS INSTRUMENT KEYSTONE CLOCK FRAMEWORK,ARM/TEXAS INSTRUMENT KEYSTONE CLOCK FRAMEWORK,1595,41482
ARM/TEXAS INSTRUMENT KEYSTONE CLOCK FRAMEWORK,COMMON CLK FRAMEWORK,1595,41482
ARM/TEXAS INSTRUMENT KEYSTONE CLOCK FRAMEWORK,TEXAS INSTRUMENTS' SYSTEM CONTROL INTERFACE (TISCI) PROTOCOL DRIVER,711,17929
ARM/TEXAS INSTRUMENT KEYSTONE CLOCK FRAMEWORK,THE REST,1595,41482
ARM/TEXAS INSTRUMENT KEYSTONE CLOCKSOURCE,ARM/TEXAS INSTRUMENT KEYSTONE CLOCKSOURCE,226,5429
ARM/TEXAS INSTRUMENT KEYSTONE CLOCKSOURCE,"CLOCKSOURCE, CLOCKEVENT DRIVERS",226,5429
ARM/TEXAS INSTRUMENT KEYSTONE CLOCKSOURCE,THE REST,226,5429
ARM/TEXAS INSTRUMENT KEYSTONE RESET DRIVER,ARM/TEXAS INSTRUMENT KEYSTONE RESET DRIVER,173,4244
ARM/TEXAS INSTRUMENT KEYSTONE RESET DRIVER,SYSTEM RESET/SHUTDOWN DRIVERS,173,4244
ARM/TEXAS INSTRUMENT KEYSTONE RESET DRIVER,THE REST,173,4244
ARM/TEXAS INSTRUMENTS K3 ARCHITECTURE,ARM/TEXAS INSTRUMENTS K3 ARCHITECTURE,36541,985667
ARM/TEXAS INSTRUMENTS K3 ARCHITECTURE,OPEN FIRMWARE AND FLATTENED DEVICE TREE BINDINGS,36541,985667
ARM/TEXAS INSTRUMENTS K3 ARCHITECTURE,THE REST,36541,985667
ARM/TOSHIBA VISCONTI ARCHITECTURE,ARM/TOSHIBA VISCONTI ARCHITECTURE,4602,125404
ARM/TOSHIBA VISCONTI ARCHITECTURE,COMMON CLK FRAMEWORK,1328,36847
ARM/TOSHIBA VISCONTI ARCHITECTURE,GPIO SUBSYSTEM,301,7228
ARM/TOSHIBA VISCONTI ARCHITECTURE,NETWORKING DRIVERS,378,10467
ARM/TOSHIBA VISCONTI ARCHITECTURE,OPEN FIRMWARE AND FLATTENED DEVICE TREE BINDINGS,1377,31682
ARM/TOSHIBA VISCONTI ARCHITECTURE,PCI NATIVE HOST BRIDGE AND ENDPOINT DRIVERS,440,12028
ARM/TOSHIBA VISCONTI ARCHITECTURE,PCI SUBSYSTEM,440,12028
ARM/TOSHIBA VISCONTI ARCHITECTURE,PIN CONTROL SUBSYSTEM,892,28836
ARM/TOSHIBA VISCONTI ARCHITECTURE,PWM SUBSYSTEM,222,5804
ARM/TOSHIBA VISCONTI ARCHITECTURE,STMMAC ETHERNET DRIVER,292,8487
ARM/TOSHIBA VISCONTI ARCHITECTURE,THE REST,4602,125404
ARM/TOSHIBA VISCONTI ARCHITECTURE,WATCHDOG DEVICE DRIVERS,228,5747
ARM/UNIPHIER ARCHITECTURE,ARM/UNIPHIER ARCHITECTURE,37589,1111261
ARM/UNIPHIER ARCHITECTURE,COMMON CLK FRAMEWORK,1324,40316
ARM/UNIPHIER ARCHITECTURE,DMA GENERIC OFFLOAD ENGINE SUBSYSTEM,1237,32142
ARM/UNIPHIER ARCHITECTURE,GENERIC PHY FRAMEWORK,2545,62449
ARM/UNIPHIER ARCHITECTURE,GPIO SUBSYSTEM,626,16857
ARM/UNIPHIER ARCHITECTURE,I2C SUBSYSTEM HOST DRIVERS,1168,30775
ARM/UNIPHIER ARCHITECTURE,IRQCHIP DRIVERS,313,7975
ARM/UNIPHIER ARCHITECTURE,"MULTIMEDIA CARD (MMC), SECURE DIGITAL (SD) AND SDIO SUBSYSTEM",885,23201
ARM/UNIPHIER ARCHITECTURE,NETWORKING DRIVERS,138,3027
ARM/UNIPHIER ARCHITECTURE,NVMEM FRAMEWORK,160,3687
ARM/UNIPHIER ARCHITECTURE,OPEN FIRMWARE AND FLATTENED DEVICE TREE BINDINGS,11357,258979
ARM/UNIPHIER ARCHITECTURE,PCI NATIVE HOST BRIDGE AND ENDPOINT DRIVERS,1109,26315
ARM/UNIPHIER ARCHITECTURE,PCI SUBSYSTEM,1109,26315
ARM/UNIPHIER ARCHITECTURE,PCIE DRIVER FOR SOCIONEXT UNIPHIER,1109,26315
ARM/UNIPHIER ARCHITECTURE,PIN CONTROL SUBSYSTEM,10165,414990
ARM/UNIPHIER ARCHITECTURE,RESET CONTROLLER FRAMEWORK,880,24767
ARM/UNIPHIER ARCHITECTURE,SOCIONEXT (SNI) AVE NETWORK DRIVER,138,3027
ARM/UNIPHIER ARCHITECTURE,SOCIONEXT UNIPHIER SOUND DRIVER,4882,138628
ARM/UNIPHIER ARCHITECTURE,SOUND,4882,138628
ARM/UNIPHIER ARCHITECTURE,SOUND - SOC LAYER / DYNAMIC AUDIO POWER MANAGEMENT (ASoC),5059,142152
ARM/UNIPHIER ARCHITECTURE,SPI SUBSYSTEM,866,21236
ARM/UNIPHIER ARCHITECTURE,THE REST,37589,1111261
ARM/UNIPHIER ARCHITECTURE,THERMAL,429,10942
ARM/UNIPHIER ARCHITECTURE,TTY LAYER AND SERIAL DRIVERS,358,8663
ARM/UNIPHIER ARCHITECTURE,VOLTAGE AND CURRENT REGULATOR FRAMEWORK,322,8137
ARM/UNIPHIER ARCHITECTURE,WATCHDOG DEVICE DRIVERS,287,7064
ARM/VERSATILE EXPRESS PLATFORM,ARM/VERSATILE EXPRESS PLATFORM,13176,320998
ARM/VERSATILE EXPRESS PLATFORM,"CLOCKSOURCE, CLOCKEVENT DRIVERS",341,7757
ARM/VERSATILE EXPRESS PLATFORM,COMMON CLK FRAMEWORK,122,2805
ARM/VERSATILE EXPRESS PLATFORM,DOCUMENTATION,41,1500
ARM/VERSATILE EXPRESS PLATFORM,HARDWARE MONITORING,308,8733
ARM/VERSATILE EXPRESS PLATFORM,MULTIFUNCTION DEVICES (MFD),135,3610
ARM/VERSATILE EXPRESS PLATFORM,OPEN FIRMWARE AND FLATTENED DEVICE TREE BINDINGS,7738,179715
ARM/VERSATILE EXPRESS PLATFORM,SYSTEM RESET/SHUTDOWN DRIVERS,149,3466
ARM/VERSATILE EXPRESS PLATFORM,THE REST,13176,320998
ARM/VERSATILE EXPRESS PLATFORM,TTY LAYER AND SERIAL DRIVERS,654,15456
ARM/VERSATILE EXPRESS PLATFORM,VOLTAGE AND CURRENT REGULATOR FRAMEWORK,134,3699
ARM/VFP SUPPORT,ARM/VFP SUPPORT,4102,101150
ARM/VFP SUPPORT,THE REST,4102,101150
ARM/VT8500 ARM ARCHITECTURE,ARM/VT8500 ARM ARCHITECTURE,5044,126714
ARM/VT8500 ARM ARCHITECTURE,"CLOCKSOURCE, CLOCKEVENT DRIVERS",150,3988
ARM/VT8500 ARM ARCHITECTURE,FRAMEBUFFER LAYER,1187,30376
ARM/VT8500 ARM ARCHITECTURE,I2C SUBSYSTEM HOST DRIVERS,490,11363
ARM/VT8500 ARM ARCHITECTURE,"MULTIMEDIA CARD (MMC), SECURE DIGITAL (SD) AND SDIO SUBSYSTEM",1003,24571
ARM/VT8500 ARM ARCHITECTURE,OPEN FIRMWARE AND FLATTENED DEVICE TREE BINDINGS,24,607
ARM/VT8500 ARM ARCHITECTURE,PWM SUBSYSTEM,300,7336
ARM/VT8500 ARM ARCHITECTURE,REAL TIME CLOCK (RTC) SUBSYSTEM,266,7578
ARM/VT8500 ARM ARCHITECTURE,THE REST,5044,126714
ARM/VT8500 ARM ARCHITECTURE,TTY LAYER AND SERIAL DRIVERS,719,18046
ARM/VT8500 ARM ARCHITECTURE,USB EHCI DRIVER,541,13951
ARM/VT8500 ARM ARCHITECTURE,USB SUBSYSTEM,734,18969
ARM/VT8500 ARM ARCHITECTURE,USB UHCI DRIVER,193,5018
ARM/ZYNQ ARCHITECTURE,ARM/ZYNQ ARCHITECTURE,89091,2405887
ARM/ZYNQ ARCHITECTURE,CAN NETWORK DRIVERS,2124,59750
ARM/ZYNQ ARCHITECTURE,CHAR and MISC DRIVERS,3839,106876
ARM/ZYNQ ARCHITECTURE,"CLOCKSOURCE, CLOCKEVENT DRIVERS",553,15015
ARM/ZYNQ ARCHITECTURE,COMMON CLK FRAMEWORK,4645,125638
ARM/ZYNQ ARCHITECTURE,CPU IDLE TIME MANAGEMENT FRAMEWORK,65,1538
ARM/ZYNQ ARCHITECTURE,CRYPTO API,751,19664
ARM/ZYNQ ARCHITECTURE,DESIGNWARE USB3 DRD IP DRIVER,402,9953
ARM/ZYNQ ARCHITECTURE,DMA GENERIC OFFLOAD ENGINE SUBSYSTEM,7756,217484
ARM/ZYNQ ARCHITECTURE,DOCUMENTATION,348,13628
ARM/ZYNQ ARCHITECTURE,DRM DRIVERS,4615,132787
ARM/ZYNQ ARCHITECTURE,DRM DRIVERS FOR XILINX,4615,132787
ARM/ZYNQ ARCHITECTURE,EDAC-CORE,1912,51225
ARM/ZYNQ ARCHITECTURE,ETHERNET PHY LIBRARY,141,3455
ARM/ZYNQ ARCHITECTURE,FPGA MANAGER FRAMEWORK,1353,33478
ARM/ZYNQ ARCHITECTURE,FRAMEBUFFER LAYER,502,14068
ARM/ZYNQ ARCHITECTURE,GENERIC PHY FRAMEWORK,1151,29721
ARM/ZYNQ ARCHITECTURE,GENERIC PM DOMAIN PROVIDERS,324,8306
ARM/ZYNQ ARCHITECTURE,GPIO SUBSYSTEM,2258,64283
ARM/ZYNQ ARCHITECTURE,I2C SUBSYSTEM HOST DRIVERS,2982,83350
ARM/ZYNQ ARCHITECTURE,IIO SUBSYSTEM AND DRIVERS,3732,104042
ARM/ZYNQ ARCHITECTURE,"INPUT (KEYBOARD, MOUSE, JOYSTICK, TOUCHSCREEN) DRIVERS",371,10647
ARM/ZYNQ ARCHITECTURE,IRQCHIP DRIVERS,250,6460
ARM/ZYNQ ARCHITECTURE,MAILBOX API,865,23751
ARM/ZYNQ ARCHITECTURE,MEDIA INPUT INFRASTRUCTURE (V4L/DVB),5003,137356
ARM/ZYNQ ARCHITECTURE,MEMORY CONTROLLER DRIVERS,199,5427
ARM/ZYNQ ARCHITECTURE,MEMORY TECHNOLOGY DEVICES (MTD),175,4871
ARM/ZYNQ ARCHITECTURE,MICROBLAZE ARCHITECTURE,29,859
ARM/ZYNQ ARCHITECTURE,MICROBLAZE TMR INJECT,172,4476
ARM/ZYNQ ARCHITECTURE,MICROBLAZE TMR MANAGER,236,7140
ARM/ZYNQ ARCHITECTURE,"MULTIMEDIA CARD (MMC), SECURE DIGITAL (SD) AND SDIO SUBSYSTEM",2056,60071
ARM/ZYNQ ARCHITECTURE,NETWORKING DRIVERS,9000,263974
ARM/ZYNQ ARCHITECTURE,NVMEM FRAMEWORK,127,2887
ARM/ZYNQ ARCHITECTURE,OPEN FIRMWARE AND FLATTENED DEVICE TREE BINDINGS,16525,373157
ARM/ZYNQ ARCHITECTURE,PCI DRIVER FOR XILINX VERSAL CPM,797,22172
ARM/ZYNQ ARCHITECTURE,PCI NATIVE HOST BRIDGE AND ENDPOINT DRIVERS,2265,61875
ARM/ZYNQ ARCHITECTURE,PCI SUBSYSTEM,2265,61875
ARM/ZYNQ ARCHITECTURE,PIN CONTROL SUBSYSTEM,2709,90362
ARM/ZYNQ ARCHITECTURE,PWM SUBSYSTEM,322,9984
ARM/ZYNQ ARCHITECTURE,REAL TIME CLOCK (RTC) SUBSYSTEM,472,11843
ARM/ZYNQ ARCHITECTURE,REMOTE PROCESSOR (REMOTEPROC) SUBSYSTEM,135,4585
ARM/ZYNQ ARCHITECTURE,RESET CONTROLLER FRAMEWORK,529,14012
ARM/ZYNQ ARCHITECTURE,SECURE DIGITAL HOST CONTROLLER INTERFACE (SDHCI) DRIVER,2056,60071
ARM/ZYNQ ARCHITECTURE,SOUND,1347,35619
ARM/ZYNQ ARCHITECTURE,SOUND - SOC LAYER / DYNAMIC AUDIO POWER MANAGEMENT (ASoC),1347,35619
ARM/ZYNQ ARCHITECTURE,SPI NOR SUBSYSTEM,175,4871
ARM/ZYNQ ARCHITECTURE,SPI SUBSYSTEM,2911,84515
ARM/ZYNQ ARCHITECTURE,SYSTEM RESET/SHUTDOWN DRIVERS,83,2059
ARM/ZYNQ ARCHITECTURE,THE REST,89091,2405887
ARM/ZYNQ ARCHITECTURE,TTY LAYER AND SERIAL DRIVERS,1726,50046
ARM/ZYNQ ARCHITECTURE,USB EHCI DRIVER,229,6027
ARM/ZYNQ ARCHITECTURE,USB SUBSYSTEM,3034,81048
ARM/ZYNQ ARCHITECTURE,WATCHDOG DEVICE DRIVERS,499,13071
ARM/ZYNQ ARCHITECTURE,XILINX AMS DRIVER,1670,48555
ARM/ZYNQ ARCHITECTURE,XILINX AXI ETHERNET DRIVER,3203,98939
ARM/ZYNQ ARCHITECTURE,XILINX CAN DRIVER,2124,59750
ARM/ZYNQ ARCHITECTURE,XILINX EVENT MANAGEMENT DRIVER,704,19595
ARM/ZYNQ ARCHITECTURE,XILINX GPIO DRIVER,2053,59213
ARM/ZYNQ ARCHITECTURE,XILINX PWM DRIVER,395,11750
ARM/ZYNQ ARCHITECTURE,XILINX SD-FEC IP CORES,2195,62858
ARM/ZYNQ ARCHITECTURE,XILINX VIDEO IP CORES,5041,139387
ARM/ZYNQ ARCHITECTURE,XILINX WATCHDOG DRIVER,499,13071
ARM/ZYNQ ARCHITECTURE,XILINX XDMA DRIVER,1142,30254
ARM/ZYNQ ARCHITECTURE,XILINX ZYNQMP DPDMA DRIVER,1867,52755
ARM/ZYNQ ARCHITECTURE,XILINX ZYNQMP OCM EDAC DRIVER,512,13440
ARM/ZYNQ ARCHITECTURE,XILINX ZYNQMP PSGTR PHY DRIVER,1135,29332
ARM/ZYNQ ARCHITECTURE,XILINX ZYNQMP SHA3 DRIVER,263,6877
ARM64 PORT (AARCH64 ARCHITECTURE),ARM64 PORT (AARCH64 ARCHITECTURE),170593,4605921
ARM64 PORT (AARCH64 ARCHITECTURE),ATOMIC INFRASTRUCTURE,852,26815
ARM64 PORT (AARCH64 ARCHITECTURE),BPF JIT for ARM64,2593,74473
ARM64 PORT (AARCH64 ARCHITECTURE),BPF [GENERAL] (Safe Dynamic Programs and Tools),2593,74473
ARM64 PORT (AARCH64 ARCHITECTURE),CRYPTO API,18378,471284
ARM64 PORT (AARCH64 ARCHITECTURE),DOCUMENTATION,5652,229551
ARM64 PORT (AARCH64 ARCHITECTURE),EXEC & BINFMT API,298,8196
ARM64 PORT (AARCH64 ARCHITECTURE),EXTENSIBLE FIRMWARE INTERFACE (EFI),384,11387
ARM64 PORT (AARCH64 ARCHITECTURE),FUNCTION HOOKS (FTRACE),1091,29393
ARM64 PORT (AARCH64 ARCHITECTURE),"HIBERNATION (aka Software Suspend, aka swsusp)",54,1694
ARM64 PORT (AARCH64 ARCHITECTURE),Hyper-V/Azure CORE AND DRIVERS,402,10680
ARM64 PORT (AARCH64 ARCHITECTURE),KASAN,614,16527
ARM64 PORT (AARCH64 ARCHITECTURE),KERNEL SELFTEST FRAMEWORK,15071,347315
ARM64 PORT (AARCH64 ARCHITECTURE),KERNEL VIRTUAL MACHINE FOR ARM64 (KVM/arm64),49647,1338145
ARM64 PORT (AARCH64 ARCHITECTURE),KFENCE,32,680
ARM64 PORT (AARCH64 ARCHITECTURE),LOCKING PRIMITIVES,42,965
ARM64 PORT (AARCH64 ARCHITECTURE),MMU GATHER AND TLB INVALIDATION,103,2391
ARM64 PORT (AARCH64 ARCHITECTURE),PARAVIRT_OPS INTERFACE,206,4371
ARM64 PORT (AARCH64 ARCHITECTURE),PER-CPU MEMORY ALLOCATOR,271,8511
ARM64 PORT (AARCH64 ARCHITECTURE),PERFORMANCE EVENTS SUBSYSTEM,205,4882
ARM64 PORT (AARCH64 ARCHITECTURE),PTRACE SUPPORT,2701,66579
ARM64 PORT (AARCH64 ARCHITECTURE),STATIC BRANCH/CALL,81,1905
ARM64 PORT (AARCH64 ARCHITECTURE),THE REST,170593,4605921
ARM64 PORT (AARCH64 ARCHITECTURE),XEN HYPERVISOR ARM64,155,4715
ARM64 PORT (AARCH64 ARCHITECTURE),XEN SWIOTLB SUBSYSTEM,1,33
ARROW SPEEDCHIPS XRS7000 SERIES ETHERNET SWITCH DRIVER,ARROW SPEEDCHIPS XRS7000 SERIES ETHERNET SWITCH DRIVER,1588,43813
ARROW SPEEDCHIPS XRS7000 SERIES ETHERNET SWITCH DRIVER,NETWORKING DRIVERS,1522,42397
ARROW SPEEDCHIPS XRS7000 SERIES ETHERNET SWITCH DRIVER,NETWORKING [DSA],1588,43813
ARROW SPEEDCHIPS XRS7000 SERIES ETHERNET SWITCH DRIVER,NETWORKING [GENERAL],66,1416
ARROW SPEEDCHIPS XRS7000 SERIES ETHERNET SWITCH DRIVER,OPEN FIRMWARE AND FLATTENED DEVICE TREE BINDINGS,74,1857
ARROW SPEEDCHIPS XRS7000 SERIES ETHERNET SWITCH DRIVER,THE REST,1588,43813
AS3645A LED FLASH CONTROLLER DRIVER,AS3645A LED FLASH CONTROLLER DRIVER,772,19851
AS3645A LED FLASH CONTROLLER DRIVER,LED SUBSYSTEM,772,19851
AS3645A LED FLASH CONTROLLER DRIVER,THE REST,772,19851
ASAHI KASEI AK7375 LENS VOICE COIL DRIVER,ASAHI KASEI AK7375 LENS VOICE COIL DRIVER,369,9210
ASAHI KASEI AK7375 LENS VOICE COIL DRIVER,MEDIA INPUT INFRASTRUCTURE (V4L/DVB),369,9210
ASAHI KASEI AK7375 LENS VOICE COIL DRIVER,OPEN FIRMWARE AND FLATTENED DEVICE TREE BINDINGS,52,989
ASAHI KASEI AK7375 LENS VOICE COIL DRIVER,THE REST,369,9210
ASAHI KASEI AK7375 LENS VOICE COIL DRIVER,V4L2 LENS DRIVERS,317,8221
ASAHI KASEI AK8974 DRIVER,ASAHI KASEI AK8974 DRIVER,1058,27209
ASAHI KASEI AK8974 DRIVER,IIO SUBSYSTEM AND DRIVERS,1058,27209
ASAHI KASEI AK8974 DRIVER,THE REST,1058,27209
ASC7621 HARDWARE MONITOR DRIVER,ASC7621 HARDWARE MONITOR DRIVER,1557,45282
ASC7621 HARDWARE MONITOR DRIVER,DOCUMENTATION,326,10283
ASC7621 HARDWARE MONITOR DRIVER,HARDWARE MONITORING,1557,45282
ASC7621 HARDWARE MONITOR DRIVER,THE REST,1557,45282
ASIX AX88796C SPI ETHERNET ADAPTER,ASIX AX88796C SPI ETHERNET ADAPTER,2257,59484
ASIX AX88796C SPI ETHERNET ADAPTER,NETWORKING DRIVERS,2257,59484
ASIX AX88796C SPI ETHERNET ADAPTER,OPEN FIRMWARE AND FLATTENED DEVICE TREE BINDINGS,74,1743
ASIX AX88796C SPI ETHERNET ADAPTER,THE REST,2257,59484
ASPEED CRYPTO DRIVER,ASPEED CRYPTO DRIVER,3983,109470
ASPEED CRYPTO DRIVER,CRYPTO API,3983,109470
ASPEED CRYPTO DRIVER,OPEN FIRMWARE AND FLATTENED DEVICE TREE BINDINGS,102,2288
ASPEED CRYPTO DRIVER,THE REST,3983,109470
ASPEED PECI CONTROLLER,ASPEED PECI CONTROLLER,671,19172
ASPEED PECI CONTROLLER,OPEN FIRMWARE AND FLATTENED DEVICE TREE BINDINGS,72,1484
ASPEED PECI CONTROLLER,PECI SUBSYSTEM,671,19172
ASPEED PECI CONTROLLER,THE REST,671,19172
ASPEED PINCTRL DRIVERS,ASPEED PINCTRL DRIVERS,10422,358345
ASPEED PINCTRL DRIVERS,OPEN FIRMWARE AND FLATTENED DEVICE TREE BINDINGS,306,11865
ASPEED PINCTRL DRIVERS,PIN CONTROL SUBSYSTEM,10422,358345
ASPEED PINCTRL DRIVERS,THE REST,10422,358345
ASPEED SCU INTERRUPT CONTROLLER DRIVER,ASPEED SCU INTERRUPT CONTROLLER DRIVER,286,8413
ASPEED SCU INTERRUPT CONTROLLER DRIVER,IRQCHIP DRIVERS,263,7527
ASPEED SCU INTERRUPT CONTROLLER DRIVER,OPEN FIRMWARE AND FLATTENED DEVICE TREE BINDINGS,46,1562
ASPEED SCU INTERRUPT CONTROLLER DRIVER,THE REST,286,8413
ASPEED SD/MMC DRIVER,ASPEED SD/MMC DRIVER,837,22376
ASPEED SD/MMC DRIVER,"MULTIMEDIA CARD (MMC), SECURE DIGITAL (SD) AND SDIO SUBSYSTEM",837,22376
ASPEED SD/MMC DRIVER,OPEN FIRMWARE AND FLATTENED DEVICE TREE BINDINGS,107,2831
ASPEED SD/MMC DRIVER,SECURE DIGITAL HOST CONTROLLER INTERFACE (SDHCI) DRIVER,730,19545
ASPEED SD/MMC DRIVER,THE REST,837,22376
ASPEED SMC SPI DRIVER,ASPEED SMC SPI DRIVER,1298,34569
ASPEED SMC SPI DRIVER,OPEN FIRMWARE AND FLATTENED DEVICE TREE BINDINGS,82,1912
ASPEED SMC SPI DRIVER,SPI SUBSYSTEM,1298,34569
ASPEED SMC SPI DRIVER,THE REST,1298,34569
ASPEED USB UDC DRIVER,ASPEED USB UDC DRIVER,1647,41021
ASPEED USB UDC DRIVER,OPEN FIRMWARE AND FLATTENED DEVICE TREE BINDINGS,52,1148
ASPEED USB UDC DRIVER,THE REST,1647,41021
ASPEED USB UDC DRIVER,USB SUBSYSTEM,1647,41021
ASPEED VIDEO ENGINE DRIVER,ASPEED VIDEO ENGINE DRIVER,2297,69860
ASPEED VIDEO ENGINE DRIVER,MEDIA INPUT INFRASTRUCTURE (V4L/DVB),2297,69860
ASPEED VIDEO ENGINE DRIVER,OPEN FIRMWARE AND FLATTENED DEVICE TREE BINDINGS,33,1202
ASPEED VIDEO ENGINE DRIVER,THE REST,2297,69860
ASUS EC HARDWARE MONITOR DRIVER,ASUS EC HARDWARE MONITOR DRIVER,1095,32923
ASUS EC HARDWARE MONITOR DRIVER,HARDWARE MONITORING,1095,32923
ASUS EC HARDWARE MONITOR DRIVER,THE REST,1095,32923
ASUS NOTEBOOKS AND EEEPC ACPI/WMI EXTRAS DRIVERS,ASUS NOTEBOOKS AND EEEPC ACPI/WMI EXTRAS DRIVERS,10129,266412
ASUS NOTEBOOKS AND EEEPC ACPI/WMI EXTRAS DRIVERS,ASUS TF103C DOCK DRIVER,943,27716
ASUS NOTEBOOKS AND EEEPC ACPI/WMI EXTRAS DRIVERS,ASUS WIRELESS RADIO CONTROL DRIVER,202,5140
ASUS NOTEBOOKS AND EEEPC ACPI/WMI EXTRAS DRIVERS,THE REST,10129,266412
ASUS NOTEBOOKS AND EEEPC ACPI/WMI EXTRAS DRIVERS,X86 PLATFORM DRIVERS,10129,266412
ASUS TF103C DOCK DRIVER,ASUS TF103C DOCK DRIVER,943,27716
ASUS TF103C DOCK DRIVER,THE REST,943,27716
ASUS TF103C DOCK DRIVER,X86 PLATFORM DRIVERS,943,27716
ASUS WIRELESS RADIO CONTROL DRIVER,ASUS WIRELESS RADIO CONTROL DRIVER,202,5140
ASUS WIRELESS RADIO CONTROL DRIVER,THE REST,202,5140
ASUS WIRELESS RADIO CONTROL DRIVER,X86 PLATFORM DRIVERS,202,5140
ASUS WMI HARDWARE MONITOR DRIVER,ASUS WMI HARDWARE MONITOR DRIVER,663,15693
ASUS WMI HARDWARE MONITOR DRIVER,HARDWARE MONITORING,663,15693
ASUS WMI HARDWARE MONITOR DRIVER,THE REST,663,15693
ASYMMETRIC KEYS,ASYMMETRIC KEYS,6603,183609
ASYMMETRIC KEYS,CRYPTO API,6531,181655
ASYMMETRIC KEYS,DOCUMENTATION,424,16306
ASYMMETRIC KEYS,THE REST,6603,183609
ASYNCHRONOUS TRANSFERS/TRANSFORMS (IOAT) API,ASYNCHRONOUS TRANSFERS/TRANSFORMS (IOAT) API,2618,76025
ASYNCHRONOUS TRANSFERS/TRANSFORMS (IOAT) API,CRYPTO API,2410,69165
ASYNCHRONOUS TRANSFERS/TRANSFORMS (IOAT) API,DOCUMENTATION,270,10123
ASYNCHRONOUS TRANSFERS/TRANSFORMS (IOAT) API,THE REST,2618,76025
AT24 EEPROM DRIVER,AT24 EEPROM DRIVER,1070,30906
AT24 EEPROM DRIVER,CHAR and MISC DRIVERS,862,25339
AT24 EEPROM DRIVER,OPEN FIRMWARE AND FLATTENED DEVICE TREE BINDINGS,208,5567
AT24 EEPROM DRIVER,THE REST,1070,30906
ATA OVER ETHERNET (AOE) DRIVER,ATA OVER ETHERNET (AOE) DRIVER,3940,87484
ATA OVER ETHERNET (AOE) DRIVER,BLOCK LAYER,3627,77000
ATA OVER ETHERNET (AOE) DRIVER,DOCUMENTATION,313,10484
ATA OVER ETHERNET (AOE) DRIVER,THE REST,3940,87484
ATC260X PMIC MFD DRIVER,ATC260X PMIC MFD DRIVER,2310,71190
ATC260X PMIC MFD DRIVER,"INPUT (KEYBOARD, MOUSE, JOYSTICK, TOUCHSCREEN) DRIVERS",305,8371
ATC260X PMIC MFD DRIVER,MULTIFUNCTION DEVICES (MFD),1200,38805
ATC260X PMIC MFD DRIVER,OPEN FIRMWARE AND FLATTENED DEVICE TREE BINDINGS,183,5038
ATC260X PMIC MFD DRIVER,SYSTEM RESET/SHUTDOWN DRIVERS,262,6919
ATC260X PMIC MFD DRIVER,THE REST,2310,71190
ATC260X PMIC MFD DRIVER,VOLTAGE AND CURRENT REGULATOR FRAMEWORK,543,17095
ATHEROS 71XX/9XXX GPIO DRIVER,ATHEROS 71XX/9XXX GPIO DRIVER,345,9593
ATHEROS 71XX/9XXX GPIO DRIVER,GPIO SUBSYSTEM,345,9593
ATHEROS 71XX/9XXX GPIO DRIVER,OPEN FIRMWARE AND FLATTENED DEVICE TREE BINDINGS,37,1164
ATHEROS 71XX/9XXX GPIO DRIVER,THE REST,345,9593
ATHEROS 71XX/9XXX USB PHY DRIVER,ATHEROS 71XX/9XXX USB PHY DRIVER,127,3005
ATHEROS 71XX/9XXX USB PHY DRIVER,GENERIC PHY FRAMEWORK,127,3005
ATHEROS 71XX/9XXX USB PHY DRIVER,OPEN FIRMWARE AND FLATTENED DEVICE TREE BINDINGS,18,362
ATHEROS 71XX/9XXX USB PHY DRIVER,THE REST,127,3005
ATHEROS ATH GENERIC UTILITIES,ATHEROS ATH GENERIC UTILITIES,4269,119092
ATHEROS ATH GENERIC UTILITIES,NETWORKING DRIVERS (WIRELESS),4269,119092
ATHEROS ATH GENERIC UTILITIES,THE REST,4269,119092
ATHEROS ATH5K WIRELESS DRIVER,ATHEROS ATH5K WIRELESS DRIVER,27022,830595
ATHEROS ATH5K WIRELESS DRIVER,NETWORKING DRIVERS (WIRELESS),27022,830595
ATHEROS ATH5K WIRELESS DRIVER,THE REST,27022,830595
ATHEROS ATH6KL WIRELESS DRIVER,ATHEROS ATH6KL WIRELESS DRIVER,30875,794803
ATHEROS ATH6KL WIRELESS DRIVER,NETWORKING DRIVERS (WIRELESS),30875,794803
ATHEROS ATH6KL WIRELESS DRIVER,THE REST,30875,794803
ATI_REMOTE2 DRIVER,ATI_REMOTE2 DRIVER,1035,24719
ATI_REMOTE2 DRIVER,"INPUT (KEYBOARD, MOUSE, JOYSTICK, TOUCHSCREEN) DRIVERS",1035,24719
ATI_REMOTE2 DRIVER,THE REST,1035,24719
ATK0110 HWMON DRIVER,ATK0110 HWMON DRIVER,1392,32558
ATK0110 HWMON DRIVER,HARDWARE MONITORING,1392,32558
ATK0110 HWMON DRIVER,THE REST,1392,32558
ATLX ETHERNET DRIVERS,ATLX ETHERNET DRIVERS,26771,763513
ATLX ETHERNET DRIVERS,NETWORKING DRIVERS,26771,763513
ATLX ETHERNET DRIVERS,THE REST,26771,763513
ATM,ATM,32974,998123
ATM,MICROCHIP ISC DRIVER,58,2115
ATM,MICROCHIP SSC DRIVER,335,9971
ATM,PPP OVER ATM (RFC 2364),25,639
ATM,THE REST,32974,998123
ATMEL MACB ETHERNET DRIVER,ATMEL MACB ETHERNET DRIVER,7484,206880
ATMEL MACB ETHERNET DRIVER,NETWORKING DRIVERS,7484,206880
ATMEL MACB ETHERNET DRIVER,THE REST,7484,206880
ATMEL MAXTOUCH DRIVER,ATMEL MAXTOUCH DRIVER,3595,86781
ATMEL MAXTOUCH DRIVER,"INPUT (KEYBOARD, MOUSE, JOYSTICK, TOUCHSCREEN) DRIVERS",3595,86781
ATMEL MAXTOUCH DRIVER,OPEN FIRMWARE AND FLATTENED DEVICE TREE BINDINGS,120,3360
ATMEL MAXTOUCH DRIVER,THE REST,3595,86781
ATMEL WIRELESS DRIVER,ATMEL WIRELESS DRIVER,4912,144572
ATMEL WIRELESS DRIVER,NETWORKING DRIVERS (WIRELESS),4912,144572
ATMEL WIRELESS DRIVER,THE REST,4912,144572
ATOMIC INFRASTRUCTURE,ATOMIC INFRASTRUCTURE,8795,235690
ATOMIC INFRASTRUCTURE,C-SKY ARCHITECTURE,202,4363
ATOMIC INFRASTRUCTURE,DOCUMENTATION,436,11594
ATOMIC INFRASTRUCTURE,GENERIC INCLUDE/ASM HEADER FILES,208,5962
ATOMIC INFRASTRUCTURE,IA64 (Itanium) PLATFORM,216,6081
ATOMIC INFRASTRUCTURE,LINUX FOR POWERPC (32-BIT AND 64-BIT),452,11768
ATOMIC INFRASTRUCTURE,LINUX KERNEL MEMORY CONSISTENCY MODEL (LKMM),436,11594
ATOMIC INFRASTRUCTURE,LOONGARCH,301,7717
ATOMIC INFRASTRUCTURE,M68K ARCHITECTURE,221,5306
ATOMIC INFRASTRUCTURE,MIPS,258,8015
ATOMIC INFRASTRUCTURE,OPENRISC ARCHITECTURE,133,3453
ATOMIC INFRASTRUCTURE,PARISC ARCHITECTURE,238,6110
ATOMIC INFRASTRUCTURE,QUALCOMM HEXAGON ARCHITECTURE,134,3210
ATOMIC INFRASTRUCTURE,RISC-V ARCHITECTURE,366,10493
ATOMIC INFRASTRUCTURE,S390 ARCHITECTURE,351,9325
ATOMIC INFRASTRUCTURE,SPARC + UltraSPARC (sparc/sparc64),143,4616
ATOMIC INFRASTRUCTURE,SUPERH,308,8347
ATOMIC INFRASTRUCTURE,SYNOPSYS ARC ARCHITECTURE,479,12081
ATOMIC INFRASTRUCTURE,TENSILICA XTENSA PORT (xtensa),269,7531
ATOMIC INFRASTRUCTURE,THE REST,8795,235690
ATOMIC INFRASTRUCTURE,X86 ARCHITECTURE (32-BIT AND 64-BIT),624,15961
ATTO EXPRESSSAS SAS/SATA RAID SCSI DRIVER,ATTO EXPRESSSAS SAS/SATA RAID SCSI DRIVER,15438,406756
ATTO EXPRESSSAS SAS/SATA RAID SCSI DRIVER,SCSI SUBSYSTEM,15438,406756
ATTO EXPRESSSAS SAS/SATA RAID SCSI DRIVER,THE REST,15438,406756
ATUSB IEEE 802.15.4 RADIO DRIVER,ATUSB IEEE 802.15.4 RADIO DRIVER,1431,40262
ATUSB IEEE 802.15.4 RADIO DRIVER,IEEE 802.15.4 SUBSYSTEM,1431,40262
ATUSB IEEE 802.15.4 RADIO DRIVER,NETWORKING DRIVERS,1431,40262
ATUSB IEEE 802.15.4 RADIO DRIVER,THE REST,1431,40262
AUDIT SUBSYSTEM,AUDIT SUBSYSTEM,10650,289057
AUDIT SUBSYSTEM,GENERIC INCLUDE/ASM HEADER FILES,113,1750
AUDIT SUBSYSTEM,THE REST,10650,289057
AUXILIARY BUS DRIVER,AUXILIARY BUS DRIVER,720,25176
AUXILIARY BUS DRIVER,DOCUMENTATION,50,1081
AUXILIARY BUS DRIVER,"DRIVER CORE, KOBJECTS, DEBUGFS AND SYSFS",419,14198
AUXILIARY BUS DRIVER,THE REST,720,25176
AUXILIARY DISPLAY DRIVERS,AUXILIARY DISPLAY DRIVERS,7179,184340
AUXILIARY DISPLAY DRIVERS,CFAG12864B LCD DRIVER,448,9197
AUXILIARY DISPLAY DRIVERS,CFAG12864BFB LCD FRAMEBUFFER DRIVER,239,5321
AUXILIARY DISPLAY DRIVERS,HT16K33 LED CONTROLLER DRIVER,938,23474
AUXILIARY DISPLAY DRIVERS,IMGTEC ASCII LCD DRIVER,361,8161
AUXILIARY DISPLAY DRIVERS,KS0108 LCD CONTROLLER DRIVER,172,4181
AUXILIARY DISPLAY DRIVERS,OPEN FIRMWARE AND FLATTENED DEVICE TREE BINDINGS,386,9688
AUXILIARY DISPLAY DRIVERS,PARALLEL LCD/KEYPAD PANEL DRIVER,1739,46495
AUXILIARY DISPLAY DRIVERS,THE REST,7179,184340
AVIA HX711 ANALOG DIGITAL CONVERTER IIO DRIVER,AVIA HX711 ANALOG DIGITAL CONVERTER IIO DRIVER,689,15860
AVIA HX711 ANALOG DIGITAL CONVERTER IIO DRIVER,IIO SUBSYSTEM AND DRIVERS,689,15860
AVIA HX711 ANALOG DIGITAL CONVERTER IIO DRIVER,OPEN FIRMWARE AND FLATTENED DEVICE TREE BINDINGS,67,1658
AVIA HX711 ANALOG DIGITAL CONVERTER IIO DRIVER,THE REST,689,15860
AX.25 NETWORK LAYER,AX.25 NETWORK LAYER,7466,177686
AX.25 NETWORK LAYER,DAMA SLAVE for AX.25,4277,97946
AX.25 NETWORK LAYER,NETWORKING [GENERAL],7349,174862
AX.25 NETWORK LAYER,THE REST,7466,177686
AXENTIA ARM DEVICES,AXENTIA ARM DEVICES,983,17690
AXENTIA ARM DEVICES,OPEN FIRMWARE AND FLATTENED DEVICE TREE BINDINGS,983,17690
AXENTIA ARM DEVICES,THE REST,983,17690
AXENTIA ASOC DRIVERS,AXENTIA ASOC DRIVERS,536,15539
AXENTIA ASOC DRIVERS,MICROCHIP AUDIO ASOC DRIVERS,536,15539
AXENTIA ASOC DRIVERS,OPEN FIRMWARE AND FLATTENED DEVICE TREE BINDINGS,92,2581
AXENTIA ASOC DRIVERS,SOUND,444,12958
AXENTIA ASOC DRIVERS,SOUND - SOC LAYER / DYNAMIC AUDIO POWER MANAGEMENT (ASoC),536,15539
AXENTIA ASOC DRIVERS,THE REST,536,15539
AXI-FAN-CONTROL HARDWARE MONITOR DRIVER,AXI-FAN-CONTROL HARDWARE MONITOR DRIVER,601,16641
AXI-FAN-CONTROL HARDWARE MONITOR DRIVER,HARDWARE MONITORING,601,16641
AXI-FAN-CONTROL HARDWARE MONITOR DRIVER,OPEN FIRMWARE AND FLATTENED DEVICE TREE BINDINGS,63,1358
AXI-FAN-CONTROL HARDWARE MONITOR DRIVER,THE REST,601,16641
AXXIA I2C CONTROLLER,AXXIA I2C CONTROLLER,866,24292
AXXIA I2C CONTROLLER,I2C SUBSYSTEM HOST DRIVERS,866,24292
AXXIA I2C CONTROLLER,OPEN FIRMWARE AND FLATTENED DEVICE TREE BINDINGS,30,855
AXXIA I2C CONTROLLER,THE REST,866,24292
AZ6007 DVB DRIVER,AZ6007 DVB DRIVER,992,22576
AZ6007 DVB DRIVER,MEDIA INPUT INFRASTRUCTURE (V4L/DVB),992,22576
AZ6007 DVB DRIVER,THE REST,992,22576
AZTECH FM RADIO RECEIVER DRIVER,AZTECH FM RADIO RECEIVER DRIVER,161,4346
AZTECH FM RADIO RECEIVER DRIVER,MEDIA INPUT INFRASTRUCTURE (V4L/DVB),161,4346
AZTECH FM RADIO RECEIVER DRIVER,THE REST,161,4346
B43 WIRELESS DRIVER,B43 WIRELESS DRIVER,56689,2118002
B43 WIRELESS DRIVER,NETWORKING DRIVERS (WIRELESS),56689,2118002
B43 WIRELESS DRIVER,THE REST,56689,2118002
B43LEGACY WIRELESS DRIVER,B43LEGACY WIRELESS DRIVER,14620,410604
B43LEGACY WIRELESS DRIVER,NETWORKING DRIVERS (WIRELESS),14620,410604
B43LEGACY WIRELESS DRIVER,THE REST,14620,410604
BACKLIGHT CLASS/SUBSYSTEM,BACKLIGHT CLASS/SUBSYSTEM,22514,570604
BACKLIGHT CLASS/SUBSYSTEM,DIALOG SEMICONDUCTOR DRIVERS,339,8070
BACKLIGHT CLASS/SUBSYSTEM,FRAMEBUFFER LAYER,20504,516395
BACKLIGHT CLASS/SUBSYSTEM,KTD253 BACKLIGHT DRIVER,274,7650
BACKLIGHT CLASS/SUBSYSTEM,KTZ8866 BACKLIGHT DRIVER,294,7923
BACKLIGHT CLASS/SUBSYSTEM,LED SUBSYSTEM,1253,31655
BACKLIGHT CLASS/SUBSYSTEM,OPEN FIRMWARE AND FLATTENED DEVICE TREE BINDINGS,1253,31655
BACKLIGHT CLASS/SUBSYSTEM,PWM SUBSYSTEM,721,18559
BACKLIGHT CLASS/SUBSYSTEM,THE REST,22514,570604
BACKLIGHT CLASS/SUBSYSTEM,WOLFSON MICROELECTRONICS DRIVERS,216,5335
BARCO P50 GPIO DRIVER,BARCO P50 GPIO DRIVER,436,9369
BARCO P50 GPIO DRIVER,THE REST,436,9369
BARCO P50 GPIO DRIVER,X86 PLATFORM DRIVERS,436,9369
BATMAN ADVANCED,BATMAN ADVANCED,36130,1042808
BATMAN ADVANCED,DOCUMENTATION,168,5709
BATMAN ADVANCED,NETWORKING [GENERAL],34793,1005442
BATMAN ADVANCED,THE REST,36130,1042808
BAYCOM/HDLCDRV DRIVERS FOR AX.25,BAYCOM/HDLCDRV DRIVERS FOR AX.25,3321,92042
BAYCOM/HDLCDRV DRIVERS FOR AX.25,NETWORKING DRIVERS,3321,92042
BAYCOM/HDLCDRV DRIVERS FOR AX.25,THE REST,3321,92042
BCACHE (BLOCK LAYER CACHE),BCACHE (BLOCK LAYER CACHE),18928,489262
BCACHE (BLOCK LAYER CACHE),THE REST,18928,489262
BDISP ST MEDIA DRIVER,BDISP ST MEDIA DRIVER,3707,95532
BDISP ST MEDIA DRIVER,MEDIA INPUT INFRASTRUCTURE (V4L/DVB),3707,95532
BDISP ST MEDIA DRIVER,THE REST,3707,95532
BECKHOFF CX5020 ETHERCAT MASTER DRIVER,BECKHOFF CX5020 ETHERCAT MASTER DRIVER,594,14167
BECKHOFF CX5020 ETHERCAT MASTER DRIVER,NETWORKING DRIVERS,594,14167
BECKHOFF CX5020 ETHERCAT MASTER DRIVER,THE REST,594,14167
BEFS FILE SYSTEM,BEFS FILE SYSTEM,3996,110437
BEFS FILE SYSTEM,DOCUMENTATION,128,3889
BEFS FILE SYSTEM,THE REST,3996,110437
BFQ I/O SCHEDULER,BFQ I/O SCHEDULER,12699,433761
BFQ I/O SCHEDULER,BLOCK LAYER,12699,433761
BFQ I/O SCHEDULER,CONTROL GROUP - BLOCK IO CONTROLLER (BLKIO),1496,40911
BFQ I/O SCHEDULER,DOCUMENTATION,606,26861
BFQ I/O SCHEDULER,THE REST,12699,433761
BFS FILE SYSTEM,BFS FILE SYSTEM,1285,33105
BFS FILE SYSTEM,DOCUMENTATION,60,2214
BFS FILE SYSTEM,THE REST,1285,33105
BITMAP API,BITMAP API,7770,236333
BITMAP API,GENERIC VDSO LIBRARY,10,209
BITMAP API,THE REST,7770,236333
BLINKM RGB LED DRIVER,BLINKM RGB LED DRIVER,745,18405
BLINKM RGB LED DRIVER,LED SUBSYSTEM,745,18405
BLINKM RGB LED DRIVER,THE REST,745,18405
BLOCK LAYER,BLOCK LAYER,169172,4688611
BLOCK LAYER,BSG (block layer generic sg v4 driver),277,6428
BLOCK LAYER,CONTROL GROUP - BLOCK IO CONTROLLER (BLKIO),10786,299076
BLOCK LAYER,DOCUMENTATION,2670,113409
BLOCK LAYER,DRBD DRIVER,29729,906689
BLOCK LAYER,FLOPPY DRIVER,5029,137100
BLOCK LAYER,GUID PARTITION TABLE (GPT),872,27239
BLOCK LAYER,LINUX FOR POWERPC (32-BIT AND 64-BIT),1413,35433
BLOCK LAYER,"LOGICAL DISK MANAGER SUPPORT (LDM, Windows 2000/XP/Vista Dynamic Disks)",1682,47626
BLOCK LAYER,NETWORK BLOCK DEVICE (NBD),2594,66104
BLOCK LAYER,PKTCDVD DRIVER,2922,72607
BLOCK LAYER,PS3 PLATFORM SUPPORT,1413,35433
BLOCK LAYER,PS3VRAM DRIVER,853,22083
BLOCK LAYER,RADOS BLOCK DEVICE (RBD),7551,193651
BLOCK LAYER,RAMDISK RAM BLOCK DEVICE DRIVER,471,10796
BLOCK LAYER,RNBD BLOCK DRIVERS,4544,116188
BLOCK LAYER,S390 DASD DRIVER,376,9931
BLOCK LAYER,SECURE ENCRYPTING DEVICE (SED) OPAL DRIVER,3793,88689
BLOCK LAYER,THE REST,169172,4688611
BLOCK LAYER,TRACING,1918,47475
BLOCK LAYER,UBLK USERSPACE BLOCK DRIVER,3265,87418
BLOCK LAYER,VIRTIO BLOCK AND SCSI DRIVERS,1735,44634
BLOCK LAYER,VIRTIO CORE AND NET DRIVERS,1735,44634
BLOCK LAYER,XEN BLOCK SUBSYSTEM,5793,161455
BLOCK LAYER,XEN HYPERVISOR INTERFACE,2647,73120
BLOCK LAYER,ZRAM COMPRESSED RAM BLOCK DEVICE DRVIER,2968,74187
BLOCK2MTD DRIVER,BLOCK2MTD DRIVER,527,12117
BLOCK2MTD DRIVER,MEMORY TECHNOLOGY DEVICES (MTD),527,12117
BLOCK2MTD DRIVER,THE REST,527,12117
BLUETOOTH DRIVERS,BLUETOOTH DRIVERS,41150,1017749
BLUETOOTH DRIVERS,MEDIATEK BLUETOOTH DRIVER,999,24470
BLUETOOTH DRIVERS,NETWORKING DRIVERS,386,10073
BLUETOOTH DRIVERS,NXP BLUETOOTH WIRELESS DRIVERS,1459,39820
BLUETOOTH DRIVERS,OPEN FIRMWARE AND FLATTENED DEVICE TREE BINDINGS,386,10073
BLUETOOTH DRIVERS,THE REST,41150,1017749
BLUETOOTH SUBSYSTEM,BLUETOOTH SUBSYSTEM,82496,2022101
BLUETOOTH SUBSYSTEM,ISDN/CMTP OVER BLUETOOTH,1534,35950
BLUETOOTH SUBSYSTEM,NETWORKING [GENERAL],9066,228767
BLUETOOTH SUBSYSTEM,THE REST,82496,2022101
BONDING DRIVER,BONDING DRIVER,21042,629862
BONDING DRIVER,DOCUMENTATION,2925,116269
BONDING DRIVER,KERNEL SELFTEST FRAMEWORK,1277,31525
BONDING DRIVER,NETWORKING DRIVERS,15408,440296
BONDING DRIVER,NETWORKING [GENERAL],4357,158041
BONDING DRIVER,THE REST,21042,629862
BOSCH SENSORTEC BMA400 ACCELEROMETER IIO DRIVER,BOSCH SENSORTEC BMA400 ACCELEROMETER IIO DRIVER,2147,54053
BOSCH SENSORTEC BMA400 ACCELEROMETER IIO DRIVER,IIO SUBSYSTEM AND DRIVERS,2147,54053
BOSCH SENSORTEC BMA400 ACCELEROMETER IIO DRIVER,OPEN FIRMWARE AND FLATTENED DEVICE TREE BINDINGS,56,1306
BOSCH SENSORTEC BMA400 ACCELEROMETER IIO DRIVER,THE REST,2147,54053
BPF JIT for ARM,BPF JIT for ARM,2304,64632
BPF JIT for ARM,BPF [GENERAL] (Safe Dynamic Programs and Tools),2304,64632
BPF JIT for ARM,THE REST,2304,64632
BPF JIT for ARM64,BPF JIT for ARM64,2593,74473
BPF JIT for ARM64,BPF [GENERAL] (Safe Dynamic Programs and Tools),2593,74473
BPF JIT for ARM64,THE REST,2593,74473
BPF JIT for MIPS (32-BIT AND 64-BIT),BPF JIT for MIPS (32-BIT AND 64-BIT),4260,119733
BPF JIT for MIPS (32-BIT AND 64-BIT),BPF [GENERAL] (Safe Dynamic Programs and Tools),4260,119733
BPF JIT for MIPS (32-BIT AND 64-BIT),MIPS,4260,119733
BPF JIT for MIPS (32-BIT AND 64-BIT),THE REST,4260,119733
BPF JIT for NFP NICs,BPF JIT for NFP NICs,7875,213850
BPF JIT for NFP NICs,NETRONOME ETHERNET DRIVERS,7875,213850
BPF JIT for NFP NICs,NETWORKING DRIVERS,7875,213850
BPF JIT for NFP NICs,THE REST,7875,213850
BPF JIT for POWERPC (32-BIT AND 64-BIT),BPF JIT for POWERPC (32-BIT AND 64-BIT),2995,90587
BPF JIT for POWERPC (32-BIT AND 64-BIT),BPF [GENERAL] (Safe Dynamic Programs and Tools),2995,90587
BPF JIT for POWERPC (32-BIT AND 64-BIT),LINUX FOR POWERPC (32-BIT AND 64-BIT),2995,90587
BPF JIT for POWERPC (32-BIT AND 64-BIT),THE REST,2995,90587
BPF JIT for RISC-V (32-bit),BPF JIT for RISC-V (32-bit),2744,68298
BPF JIT for RISC-V (32-bit),BPF JIT for RISC-V (64-bit),1387,31695
BPF JIT for RISC-V (32-bit),BPF [GENERAL] (Safe Dynamic Programs and Tools),2744,68298
BPF JIT for RISC-V (32-bit),RISC-V ARCHITECTURE,2744,68298
BPF JIT for RISC-V (32-bit),THE REST,2744,68298
BPF JIT for RISC-V (64-bit),BPF JIT for RISC-V (64-bit),3257,81265
BPF JIT for RISC-V (64-bit),BPF [GENERAL] (Safe Dynamic Programs and Tools),3257,81265
BPF JIT for RISC-V (64-bit),RISC-V ARCHITECTURE,3257,81265
BPF JIT for RISC-V (64-bit),THE REST,3257,81265
BPF JIT for S390,BPF JIT for S390,2598,70531
BPF JIT for S390,BPF [GENERAL] (Safe Dynamic Programs and Tools),2598,70531
BPF JIT for S390,S390 ARCHITECTURE,2598,70531
BPF JIT for S390,THE REST,2598,70531
BPF JIT for SPARC (32-BIT AND 64-BIT),BPF JIT for SPARC (32-BIT AND 64-BIT),2709,66204
BPF JIT for SPARC (32-BIT AND 64-BIT),BPF [GENERAL] (Safe Dynamic Programs and Tools),2709,66204
BPF JIT for SPARC (32-BIT AND 64-BIT),SPARC + UltraSPARC (sparc/sparc64),2709,66204
BPF JIT for SPARC (32-BIT AND 64-BIT),THE REST,2709,66204
BPF JIT for X86 32-BIT,BPF JIT for X86 32-BIT,2624,68697
BPF JIT for X86 32-BIT,BPF [GENERAL] (Safe Dynamic Programs and Tools),2624,68697
BPF JIT for X86 32-BIT,NETWORKING [IPv4/IPv6],2624,68697
BPF JIT for X86 32-BIT,THE REST,2624,68697
BPF JIT for X86 32-BIT,X86 ARCHITECTURE (32-BIT AND 64-BIT),2624,68697
BPF JIT for X86 64-BIT,BPF JIT for X86 64-BIT,2925,80479
BPF JIT for X86 64-BIT,BPF [GENERAL] (Safe Dynamic Programs and Tools),2925,80479
BPF JIT for X86 64-BIT,NETWORKING [IPv4/IPv6],2925,80479
BPF JIT for X86 64-BIT,THE REST,2925,80479
BPF JIT for X86 64-BIT,X86 ARCHITECTURE (32-BIT AND 64-BIT),2925,80479
BPF [BTF],BPF [BTF],9431,250750
BPF [BTF],BPF [GENERAL] (Safe Dynamic Programs and Tools),9431,250750
BPF [BTF],THE REST,9431,250750
BPF [CORE],BPF [CORE],37656,1086398
BPF [CORE],BPF [GENERAL] (Safe Dynamic Programs and Tools),37539,1082327
BPF [CORE],BPF [SECURITY & LSM] (Security Audit and Enforcement using BPF),83,1788
BPF [CORE],THE REST,37656,1086398
BPF [DOCUMENTATION] (Related to Standardization),BPF [DOCUMENTATION] (Related to Standardization),648,25962
BPF [DOCUMENTATION] (Related to Standardization),BPF [GENERAL] (Safe Dynamic Programs and Tools),648,25962
BPF [DOCUMENTATION] (Related to Standardization),DOCUMENTATION,648,25962
BPF [DOCUMENTATION] (Related to Standardization),THE REST,648,25962
BPF [GENERAL] (Safe Dynamic Programs and Tools),BPF [GENERAL] (Safe Dynamic Programs and Tools),459424,12362694
BPF [GENERAL] (Safe Dynamic Programs and Tools),BPF [ITERATOR],2453,59840
BPF [GENERAL] (Safe Dynamic Programs and Tools),BPF [LIBRARY] (libbpf),40767,1179115
BPF [GENERAL] (Safe Dynamic Programs and Tools),"BPF [NETWORKING] (struct_ops, reuseport)",922,24182
BPF [GENERAL] (Safe Dynamic Programs and Tools),"BPF [NETWORKING] (tcx & tc BPF, sock_addr)",13361,364049
BPF [GENERAL] (Safe Dynamic Programs and Tools),BPF [RINGBUF],790,22870
BPF [GENERAL] (Safe Dynamic Programs and Tools),BPF [SECURITY & LSM] (Security Audit and Enforcement using BPF),602,17541
BPF [GENERAL] (Safe Dynamic Programs and Tools),BPF [SELFTESTS] (Test Runners & Infrastructure),210772,5408305
BPF [GENERAL] (Safe Dynamic Programs and Tools),BPF [STORAGE & CGROUPS],5730,151307
BPF [GENERAL] (Safe Dynamic Programs and Tools),BPF [TOOLING] (bpftool),22508,570984
BPF [GENERAL] (Safe Dynamic Programs and Tools),BPF [TRACING],3999,105492
BPF [GENERAL] (Safe Dynamic Programs and Tools),DOCUMENTATION,12512,481873
BPF [GENERAL] (Safe Dynamic Programs and Tools),INFINIBAND SUBSYSTEM,296,6416
BPF [GENERAL] (Safe Dynamic Programs and Tools),KERNEL SELFTEST FRAMEWORK,210772,5408305
BPF [GENERAL] (Safe Dynamic Programs and Tools),LINUX FOR POWERPC (32-BIT AND 64-BIT),2995,90587
BPF [GENERAL] (Safe Dynamic Programs and Tools),LOONGARCH,1572,40315
BPF [GENERAL] (Safe Dynamic Programs and Tools),MIPS,4260,119733
BPF [GENERAL] (Safe Dynamic Programs and Tools),NETWORKING [GENERAL],15637,427969
BPF [GENERAL] (Safe Dynamic Programs and Tools),NETWORKING [IPv4/IPv6],5549,149176
BPF [GENERAL] (Safe Dynamic Programs and Tools),NETWORKING [MPTCP],439,9592
BPF [GENERAL] (Safe Dynamic Programs and Tools),PARISC ARCHITECTURE,3513,99010
BPF [GENERAL] (Safe Dynamic Programs and Tools),RISC-V ARCHITECTURE,4614,117868
BPF [GENERAL] (Safe Dynamic Programs and Tools),S390 ARCHITECTURE,2689,73028
BPF [GENERAL] (Safe Dynamic Programs and Tools),SPARC + UltraSPARC (sparc/sparc64),2709,66204
BPF [GENERAL] (Safe Dynamic Programs and Tools),TC subsystem,1147,27180
BPF [GENERAL] (Safe Dynamic Programs and Tools),THE REST,459424,12362694
BPF [GENERAL] (Safe Dynamic Programs and Tools),TRACING,3747,98215
BPF [GENERAL] (Safe Dynamic Programs and Tools),X86 ARCHITECTURE (32-BIT AND 64-BIT),5549,149176
BPF [GENERAL] (Safe Dynamic Programs and Tools),XDP (eXpress Data Path),19563,503202
BPF [GENERAL] (Safe Dynamic Programs and Tools),XDP SOCKETS (AF_XDP),3895,98864
BPF [ITERATOR],BPF [ITERATOR],2453,59840
BPF [ITERATOR],THE REST,2453,59840
BPF [L7 FRAMEWORK] (sockmap),BPF [L7 FRAMEWORK] (sockmap),4550,109676
BPF [L7 FRAMEWORK] (sockmap),NETWORKING [GENERAL],3991,96071
BPF [L7 FRAMEWORK] (sockmap),NETWORKING [IPv4/IPv6],845,20272
BPF [L7 FRAMEWORK] (sockmap),NETWORKING [TCP],688,16474
BPF [L7 FRAMEWORK] (sockmap),THE REST,4550,109676
BPF [LIBRARY] (libbpf),BPF [LIBRARY] (libbpf),40767,1179115
BPF [LIBRARY] (libbpf),THE REST,40767,1179115
BPF [MISC],BPF [MISC],0,0
"BPF [NETWORKING] (struct_ops, reuseport)","BPF [NETWORKING] (struct_ops, reuseport)",922,24182
"BPF [NETWORKING] (struct_ops, reuseport)",THE REST,922,24182
"BPF [NETWORKING] (tcx & tc BPF, sock_addr)","BPF [NETWORKING] (tcx & tc BPF, sock_addr)",13567,368497
"BPF [NETWORKING] (tcx & tc BPF, sock_addr)",NETWORKING [GENERAL],13221,360446
"BPF [NETWORKING] (tcx & tc BPF, sock_addr)",TC subsystem,1147,27180
"BPF [NETWORKING] (tcx & tc BPF, sock_addr)",THE REST,13567,368497
BPF [RINGBUF],BPF [RINGBUF],790,22870
BPF [RINGBUF],THE REST,790,22870
BPF [SECURITY & LSM] (Security Audit and Enforcement using BPF),BPF [SECURITY & LSM] (Security Audit and Enforcement using BPF),641,18514
BPF [SECURITY & LSM] (Security Audit and Enforcement using BPF),DOCUMENTATION,143,4562
BPF [SECURITY & LSM] (Security Audit and Enforcement using BPF),SECURITY SUBSYSTEM,39,973
BPF [SECURITY & LSM] (Security Audit and Enforcement using BPF),THE REST,641,18514
BPF [SELFTESTS] (Test Runners & Infrastructure),BPF [SELFTESTS] (Test Runners & Infrastructure),210772,5408305
BPF [SELFTESTS] (Test Runners & Infrastructure),KERNEL SELFTEST FRAMEWORK,210772,5408305
BPF [SELFTESTS] (Test Runners & Infrastructure),NETWORKING [MPTCP],439,9592
BPF [SELFTESTS] (Test Runners & Infrastructure),THE REST,210772,5408305
BPF [SELFTESTS] (Test Runners & Infrastructure),XDP (eXpress Data Path),12482,321313
BPF [SELFTESTS] (Test Runners & Infrastructure),XDP SOCKETS (AF_XDP),3895,98864
BPF [STORAGE & CGROUPS],BPF [STORAGE & CGROUPS],5730,151307
BPF [STORAGE & CGROUPS],THE REST,5730,151307
BPF [TOOLING] (bpftool),BPF [TOOLING] (bpftool),22508,570984
BPF [TOOLING] (bpftool),THE REST,22508,570984
BPF [TRACING],BPF [TRACING],3999,105492
BPF [TRACING],THE REST,3999,105492
BPF [TRACING],TRACING,3320,87921
BROADCOM ASP 2.0 ETHERNET DRIVER,BROADCOM ASP 2.0 ETHERNET DRIVER,4361,117923
BROADCOM ASP 2.0 ETHERNET DRIVER,NETWORKING DRIVERS,4361,117923
BROADCOM ASP 2.0 ETHERNET DRIVER,OPEN FIRMWARE AND FLATTENED DEVICE TREE BINDINGS,155,3353
BROADCOM ASP 2.0 ETHERNET DRIVER,THE REST,4361,117923
BROADCOM B44 10/100 ETHERNET DRIVER,BROADCOM B44 10/100 ETHERNET DRIVER,3004,82441
BROADCOM B44 10/100 ETHERNET DRIVER,NETWORKING DRIVERS,3004,82441
BROADCOM B44 10/100 ETHERNET DRIVER,THE REST,3004,82441
BROADCOM B53/SF2 ETHERNET SWITCH DRIVER,BROADCOM B53/SF2 ETHERNET SWITCH DRIVER,10087,263691
BROADCOM B53/SF2 ETHERNET SWITCH DRIVER,NETWORKING DRIVERS,10034,262083
BROADCOM B53/SF2 ETHERNET SWITCH DRIVER,NETWORKING [DSA],10050,262531
BROADCOM B53/SF2 ETHERNET SWITCH DRIVER,OPEN FIRMWARE AND FLATTENED DEVICE TREE BINDINGS,268,7542
BROADCOM B53/SF2 ETHERNET SWITCH DRIVER,THE REST,10087,263691
BROADCOM BCM2711/BCM2835 ARM ARCHITECTURE,BROADCOM BCM2711/BCM2835 ARM ARCHITECTURE,42902,1121354
BROADCOM BCM2711/BCM2835 ARM ARCHITECTURE,BROADCOM BCM281XX/BCM11XXX/BCM216XX ARM ARCHITECTURE,54,964
BROADCOM BCM2711/BCM2835 ARM ARCHITECTURE,BROADCOM BCM7XXX ARM ARCHITECTURE,1813,52623
BROADCOM BCM2711/BCM2835 ARM ARCHITECTURE,BROADCOM STB PCIE DRIVER,1813,52623
BROADCOM BCM2711/BCM2835 ARM ARCHITECTURE,"CLOCKSOURCE, CLOCKEVENT DRIVERS",159,3950
BROADCOM BCM2711/BCM2835 ARM ARCHITECTURE,COMMON CLK FRAMEWORK,3222,83859
BROADCOM BCM2711/BCM2835 ARM ARCHITECTURE,CPU FREQUENCY SCALING FRAMEWORK,95,2365
BROADCOM BCM2711/BCM2835 ARM ARCHITECTURE,DMA GENERIC OFFLOAD ENGINE SUBSYSTEM,1148,31598
BROADCOM BCM2711/BCM2835 ARM ARCHITECTURE,DOCUMENTATION,25,612
BROADCOM BCM2711/BCM2835 ARM ARCHITECTURE,DRM DRIVERS,1216,26808
BROADCOM BCM2711/BCM2835 ARM ARCHITECTURE,DRM DRIVERS FOR VC4,493,9192
BROADCOM BCM2711/BCM2835 ARM ARCHITECTURE,DRM PANEL DRIVERS,582,14248
BROADCOM BCM2711/BCM2835 ARM ARCHITECTURE,GENERIC PM DOMAIN PROVIDERS,958,25580
BROADCOM BCM2711/BCM2835 ARM ARCHITECTURE,GPIO SUBSYSTEM,285,7196
BROADCOM BCM2711/BCM2835 ARM ARCHITECTURE,HARDWARE MONITORING,173,4222
BROADCOM BCM2711/BCM2835 ARM ARCHITECTURE,HARDWARE RANDOM NUMBER GENERATOR CORE,297,6614
BROADCOM BCM2711/BCM2835 ARM ARCHITECTURE,I2C SUBSYSTEM HOST DRIVERS,589,15149
BROADCOM BCM2711/BCM2835 ARM ARCHITECTURE,"INPUT (KEYBOARD, MOUSE, JOYSTICK, TOUCHSCREEN) DRIVERS",254,6431
BROADCOM BCM2711/BCM2835 ARM ARCHITECTURE,IRQCHIP DRIVERS,771,19634
BROADCOM BCM2711/BCM2835 ARM ARCHITECTURE,MAILBOX API,239,6097
BROADCOM BCM2711/BCM2835 ARM ARCHITECTURE,MULTIFUNCTION DEVICES (MFD),140,3365
BROADCOM BCM2711/BCM2835 ARM ARCHITECTURE,"MULTIMEDIA CARD (MMC), SECURE DIGITAL (SD) AND SDIO SUBSYSTEM",1528,38288
BROADCOM BCM2711/BCM2835 ARM ARCHITECTURE,OPEN FIRMWARE AND FLATTENED DEVICE TREE BINDINGS,7534,161631
BROADCOM BCM2711/BCM2835 ARM ARCHITECTURE,PCI NATIVE HOST BRIDGE AND ENDPOINT DRIVERS,1813,52623
BROADCOM BCM2711/BCM2835 ARM ARCHITECTURE,PCI SUBSYSTEM,1813,52623
BROADCOM BCM2711/BCM2835 ARM ARCHITECTURE,PIN CONTROL SUBSYSTEM,1510,40082
BROADCOM BCM2711/BCM2835 ARM ARCHITECTURE,PWM SUBSYSTEM,456,11061
BROADCOM BCM2711/BCM2835 ARM ARCHITECTURE,RESET CONTROLLER FRAMEWORK,135,3502
BROADCOM BCM2711/BCM2835 ARM ARCHITECTURE,SOUND,931,24467
BROADCOM BCM2711/BCM2835 ARM ARCHITECTURE,SOUND - SOC LAYER / DYNAMIC AUDIO POWER MANAGEMENT (ASoC),955,25205
BROADCOM BCM2711/BCM2835 ARM ARCHITECTURE,SPI SUBSYSTEM,2103,61742
BROADCOM BCM2711/BCM2835 ARM ARCHITECTURE,STAGING SUBSYSTEM,17409,478283
BROADCOM BCM2711/BCM2835 ARM ARCHITECTURE,THE REST,42902,1121354
BROADCOM BCM2711/BCM2835 ARM ARCHITECTURE,THERMAL,470,11573
BROADCOM BCM2711/BCM2835 ARM ARCHITECTURE,TTY LAYER AND SERIAL DRIVERS,273,7715
BROADCOM BCM2711/BCM2835 ARM ARCHITECTURE,VOLTAGE AND CURRENT REGULATOR FRAMEWORK,44,953
BROADCOM BCM2711/BCM2835 ARM ARCHITECTURE,WATCHDOG DEVICE DRIVERS,264,7015
BROADCOM BCM281XX/BCM11XXX/BCM216XX ARM ARCHITECTURE,BROADCOM BCM281XX/BCM11XXX/BCM216XX ARM ARCHITECTURE,11539,313878
BROADCOM BCM281XX/BCM11XXX/BCM216XX ARM ARCHITECTURE,BROADCOM BCM5301X ARM ARCHITECTURE,48,1208
BROADCOM BCM281XX/BCM11XXX/BCM216XX ARM ARCHITECTURE,BROADCOM BCM7XXX ARM ARCHITECTURE,403,9463
BROADCOM BCM281XX/BCM11XXX/BCM216XX ARM ARCHITECTURE,BROADCOM IPROC ARM ARCHITECTURE,739,23458
BROADCOM BCM281XX/BCM11XXX/BCM216XX ARM ARCHITECTURE,BROADCOM KONA GPIO DRIVER,756,20071
BROADCOM BCM281XX/BCM11XXX/BCM216XX ARM ARCHITECTURE,"CLOCKSOURCE, CLOCKEVENT DRIVERS",244,5873
BROADCOM BCM281XX/BCM11XXX/BCM216XX ARM ARCHITECTURE,COMMON CLK FRAMEWORK,3537,98126
BROADCOM BCM281XX/BCM11XXX/BCM216XX ARM ARCHITECTURE,GENERIC PHY FRAMEWORK,181,4005
BROADCOM BCM281XX/BCM11XXX/BCM216XX ARM ARCHITECTURE,GPIO SUBSYSTEM,756,20071
BROADCOM BCM281XX/BCM11XXX/BCM216XX ARM ARCHITECTURE,I2C SUBSYSTEM HOST DRIVERS,946,24164
BROADCOM BCM281XX/BCM11XXX/BCM216XX ARM ARCHITECTURE,"MULTIMEDIA CARD (MMC), SECURE DIGITAL (SD) AND SDIO SUBSYSTEM",385,10082
BROADCOM BCM281XX/BCM11XXX/BCM216XX ARM ARCHITECTURE,OPEN FIRMWARE AND FLATTENED DEVICE TREE BINDINGS,1939,52131
BROADCOM BCM281XX/BCM11XXX/BCM216XX ARM ARCHITECTURE,PIN CONTROL SUBSYSTEM,1698,60248
BROADCOM BCM281XX/BCM11XXX/BCM216XX ARM ARCHITECTURE,PWM SUBSYSTEM,391,10249
BROADCOM BCM281XX/BCM11XXX/BCM216XX ARM ARCHITECTURE,SECURE DIGITAL HOST CONTROLLER INTERFACE (SDHCI) DRIVER,337,9136
BROADCOM BCM281XX/BCM11XXX/BCM216XX ARM ARCHITECTURE,SYSTEM RESET/SHUTDOWN DRIVERS,92,2202
BROADCOM BCM281XX/BCM11XXX/BCM216XX ARM ARCHITECTURE,THE REST,11539,313878
BROADCOM BCM281XX/BCM11XXX/BCM216XX ARM ARCHITECTURE,WATCHDOG DEVICE DRIVERS,380,9410
BROADCOM BCM47XX MIPS ARCHITECTURE,BROADCOM BCM47XX MIPS ARCHITECTURE,3359,104544
BROADCOM BCM47XX MIPS ARCHITECTURE,MIPS,3359,104544
BROADCOM BCM47XX MIPS ARCHITECTURE,OPEN FIRMWARE AND FLATTENED DEVICE TREE BINDINGS,262,6574
BROADCOM BCM47XX MIPS ARCHITECTURE,THE REST,3359,104544
BROADCOM BCM4908 ETHERNET DRIVER,BROADCOM BCM4908 ETHERNET DRIVER,1018,29779
BROADCOM BCM4908 ETHERNET DRIVER,BROADCOM GENET ETHERNET DRIVER,68,2162
BROADCOM BCM4908 ETHERNET DRIVER,BROADCOM IPROC GBIT ETHERNET DRIVER,68,2162
BROADCOM BCM4908 ETHERNET DRIVER,BROADCOM SYSTEMPORT ETHERNET DRIVER,68,2162
BROADCOM BCM4908 ETHERNET DRIVER,NETWORKING DRIVERS,1018,29779
BROADCOM BCM4908 ETHERNET DRIVER,OPEN FIRMWARE AND FLATTENED DEVICE TREE BINDINGS,55,1155
BROADCOM BCM4908 ETHERNET DRIVER,THE REST,1018,29779
BROADCOM BCM4908 PINMUX DRIVER,BROADCOM BCM4908 PINMUX DRIVER,636,20042
BROADCOM BCM4908 PINMUX DRIVER,OPEN FIRMWARE AND FLATTENED DEVICE TREE BINDINGS,73,2239
BROADCOM BCM4908 PINMUX DRIVER,PIN CONTROL SUBSYSTEM,636,20042
BROADCOM BCM4908 PINMUX DRIVER,THE REST,636,20042
BROADCOM BCM5301X ARM ARCHITECTURE,BROADCOM BCM5301X ARM ARCHITECTURE,6217,114898
BROADCOM BCM5301X ARM ARCHITECTURE,OPEN FIRMWARE AND FLATTENED DEVICE TREE BINDINGS,6169,113690
BROADCOM BCM5301X ARM ARCHITECTURE,THE REST,6217,114898
BROADCOM BCM53573 ARM ARCHITECTURE,BROADCOM BCM53573 ARM ARCHITECTURE,571,9918
BROADCOM BCM53573 ARM ARCHITECTURE,OPEN FIRMWARE AND FLATTENED DEVICE TREE BINDINGS,571,9918
BROADCOM BCM53573 ARM ARCHITECTURE,THE REST,571,9918
BROADCOM BCM6348/BCM6358 SPI controller DRIVER,BROADCOM BCM6348/BCM6358 SPI controller DRIVER,737,18748
BROADCOM BCM6348/BCM6358 SPI controller DRIVER,OPEN FIRMWARE AND FLATTENED DEVICE TREE BINDINGS,71,1562
BROADCOM BCM6348/BCM6358 SPI controller DRIVER,SPI SUBSYSTEM,737,18748
BROADCOM BCM6348/BCM6358 SPI controller DRIVER,THE REST,737,18748
BROADCOM BCM63XX/BCM33XX UDC DRIVER,BROADCOM BCM63XX/BCM33XX UDC DRIVER,2380,66654
BROADCOM BCM63XX/BCM33XX UDC DRIVER,THE REST,2380,66654
BROADCOM BCM63XX/BCM33XX UDC DRIVER,USB SUBSYSTEM,2380,66654
BROADCOM BCM7XXX ARM ARCHITECTURE,BROADCOM BCM7XXX ARM ARCHITECTURE,13580,351474
BROADCOM BCM7XXX ARM ARCHITECTURE,BROADCOM BMIPS MIPS ARCHITECTURE,1121,29663
BROADCOM BCM7XXX ARM ARCHITECTURE,BROADCOM BRCMSTB GPIO DRIVER,871,23445
BROADCOM BCM7XXX ARM ARCHITECTURE,BROADCOM BRCMSTB I2C DRIVER,831,20714
BROADCOM BCM7XXX ARM ARCHITECTURE,BROADCOM BRCMSTB USB PIN MAP DRIVER,355,8468
BROADCOM BCM7XXX ARM ARCHITECTURE,BROADCOM SPI DRIVER,42,1008
BROADCOM BCM7XXX ARM ARCHITECTURE,BROADCOM STB AVS CPUFREQ DRIVER,781,20679
BROADCOM BCM7XXX ARM ARCHITECTURE,BROADCOM STB AVS TMON DRIVER,377,10001
BROADCOM BCM7XXX ARM ARCHITECTURE,BROADCOM STB DPFE DRIVER,947,25326
BROADCOM BCM7XXX ARM ARCHITECTURE,BROADCOM STB NAND FLASH DRIVER,37,885
BROADCOM BCM7XXX ARM ARCHITECTURE,BROADCOM STB PCIE DRIVER,1813,52623
BROADCOM BCM7XXX ARM ARCHITECTURE,CPU FREQUENCY SCALING FRAMEWORK,781,20679
BROADCOM BCM7XXX ARM ARCHITECTURE,GENERIC PHY FRAMEWORK,196,4264
BROADCOM BCM7XXX ARM ARCHITECTURE,GPIO SUBSYSTEM,871,23445
BROADCOM BCM7XXX ARM ARCHITECTURE,I2C SUBSYSTEM HOST DRIVERS,831,20714
BROADCOM BCM7XXX ARM ARCHITECTURE,IRQCHIP DRIVERS,1364,37161
BROADCOM BCM7XXX ARM ARCHITECTURE,MEMORY CONTROLLER DRIVERS,1300,34057
BROADCOM BCM7XXX ARM ARCHITECTURE,MEMORY TECHNOLOGY DEVICES (MTD),37,885
BROADCOM BCM7XXX ARM ARCHITECTURE,"MULTIMEDIA CARD (MMC), SECURE DIGITAL (SD) AND SDIO SUBSYSTEM",551,14312
BROADCOM BCM7XXX ARM ARCHITECTURE,NAND FLASH SUBSYSTEM,37,885
BROADCOM BCM7XXX ARM ARCHITECTURE,OPEN FIRMWARE AND FLATTENED DEVICE TREE BINDINGS,1789,44982
BROADCOM BCM7XXX ARM ARCHITECTURE,PCI NATIVE HOST BRIDGE AND ENDPOINT DRIVERS,1813,52623
BROADCOM BCM7XXX ARM ARCHITECTURE,PCI SUBSYSTEM,1813,52623
BROADCOM BCM7XXX ARM ARCHITECTURE,PWM SUBSYSTEM,365,8570
BROADCOM BCM7XXX ARM ARCHITECTURE,REAL TIME CLOCK (RTC) SUBSYSTEM,447,11038
BROADCOM BCM7XXX ARM ARCHITECTURE,RESET CONTROLLER FRAMEWORK,280,7233
BROADCOM BCM7XXX ARM ARCHITECTURE,SECURE DIGITAL HOST CONTROLLER INTERFACE (SDHCI) Broadcom BRCMSTB DRIVER,433,11637
BROADCOM BCM7XXX ARM ARCHITECTURE,SECURE DIGITAL HOST CONTROLLER INTERFACE (SDHCI) DRIVER,433,11637
BROADCOM BCM7XXX ARM ARCHITECTURE,SPI SUBSYSTEM,42,1008
BROADCOM BCM7XXX ARM ARCHITECTURE,SYSTEM RESET/SHUTDOWN DRIVERS,146,3368
BROADCOM BCM7XXX ARM ARCHITECTURE,THE REST,13580,351474
BROADCOM BCM7XXX ARM ARCHITECTURE,THERMAL,377,10001
BROADCOM BCM7XXX ARM ARCHITECTURE,USB SUBSYSTEM,355,8468
BROADCOM BCM7XXX ARM ARCHITECTURE,WATCHDOG DEVICE DRIVERS,277,6681
BROADCOM BCMBCA ARM ARCHITECTURE,BROADCOM BCMBCA ARM ARCHITECTURE,5384,114624
BROADCOM BCMBCA ARM ARCHITECTURE,BROADCOM Broadband SoC High Speed SPI Controller DRIVER,652,17362
BROADCOM BCMBCA ARM ARCHITECTURE,BROADCOM STB NAND FLASH DRIVER,99,2307
BROADCOM BCMBCA ARM ARCHITECTURE,"CLOCKSOURCE, CLOCKEVENT DRIVERS",40,918
BROADCOM BCMBCA ARM ARCHITECTURE,LED SUBSYSTEM,402,10076
BROADCOM BCMBCA ARM ARCHITECTURE,MEMORY TECHNOLOGY DEVICES (MTD),99,2307
BROADCOM BCMBCA ARM ARCHITECTURE,NAND FLASH SUBSYSTEM,99,2307
BROADCOM BCMBCA ARM ARCHITECTURE,OPEN FIRMWARE AND FLATTENED DEVICE TREE BINDINGS,4326,86926
BROADCOM BCMBCA ARM ARCHITECTURE,RESET CONTROLLER FRAMEWORK,19,608
BROADCOM BCMBCA ARM ARCHITECTURE,SPI SUBSYSTEM,652,17362
BROADCOM BCMBCA ARM ARCHITECTURE,THE REST,5384,114624
BROADCOM BDC DRIVER,BROADCOM BDC DRIVER,4397,110286
BROADCOM BDC DRIVER,OPEN FIRMWARE AND FLATTENED DEVICE TREE BINDINGS,50,985
BROADCOM BDC DRIVER,THE REST,4397,110286
BROADCOM BDC DRIVER,USB SUBSYSTEM,4397,110286
BROADCOM BMIPS CPUFREQ DRIVER,BROADCOM BMIPS CPUFREQ DRIVER,189,4532
BROADCOM BMIPS CPUFREQ DRIVER,CPU FREQUENCY SCALING FRAMEWORK,189,4532
BROADCOM BMIPS CPUFREQ DRIVER,THE REST,189,4532
BROADCOM BMIPS MIPS ARCHITECTURE,BROADCOM BMIPS MIPS ARCHITECTURE,10849,232630
BROADCOM BMIPS MIPS ARCHITECTURE,GENERIC PM DOMAIN PROVIDERS,375,8203
BROADCOM BMIPS MIPS ARCHITECTURE,IRQCHIP DRIVERS,1477,38996
BROADCOM BMIPS MIPS ARCHITECTURE,MIPS,8781,178710
BROADCOM BMIPS MIPS ARCHITECTURE,OPEN FIRMWARE AND FLATTENED DEVICE TREE BINDINGS,6592,130997
BROADCOM BMIPS MIPS ARCHITECTURE,THE REST,10849,232630
BROADCOM BNX2 GIGABIT ETHERNET DRIVER,BROADCOM BNX2 GIGABIT ETHERNET DRIVER,16350,555968
BROADCOM BNX2 GIGABIT ETHERNET DRIVER,NETWORKING DRIVERS,16350,555968
BROADCOM BNX2 GIGABIT ETHERNET DRIVER,THE REST,16350,555968
BROADCOM BNX2FC 10 GIGABIT FCOE DRIVER,BROADCOM BNX2FC 10 GIGABIT FCOE DRIVER,11189,305467
BROADCOM BNX2FC 10 GIGABIT FCOE DRIVER,SCSI SUBSYSTEM,11189,305467
BROADCOM BNX2FC 10 GIGABIT FCOE DRIVER,THE REST,11189,305467
BROADCOM BNX2I 1/10 GIGABIT iSCSI DRIVER,BROADCOM BNX2I 1/10 GIGABIT iSCSI DRIVER,8347,239097
BROADCOM BNX2I 1/10 GIGABIT iSCSI DRIVER,SCSI SUBSYSTEM,8347,239097
BROADCOM BNX2I 1/10 GIGABIT iSCSI DRIVER,THE REST,8347,239097
BROADCOM BNX2X 10 GIGABIT ETHERNET DRIVER,BROADCOM BNX2X 10 GIGABIT ETHERNET DRIVER,84545,2629331
BROADCOM BNX2X 10 GIGABIT ETHERNET DRIVER,NETWORKING DRIVERS,84545,2629331
BROADCOM BNX2X 10 GIGABIT ETHERNET DRIVER,THE REST,84545,2629331
BROADCOM BNXT_EN 50 GIGABIT ETHERNET DRIVER,BROADCOM BNXT_EN 50 GIGABIT ETHERNET DRIVER,41827,1275096
BROADCOM BNXT_EN 50 GIGABIT ETHERNET DRIVER,BROADCOM NVRAM DRIVER,286,6994
BROADCOM BNXT_EN 50 GIGABIT ETHERNET DRIVER,NETWORKING DRIVERS,41527,1267804
BROADCOM BNXT_EN 50 GIGABIT ETHERNET DRIVER,THE REST,41827,1275096
BROADCOM BNXT_EN 50 GIGABIT ETHERNET DRIVER,XDP (eXpress Data Path),534,14080
BROADCOM BRCM80211 IEEE802.11n WIRELESS DRIVER,BROADCOM BRCM80211 IEEE802.11n WIRELESS DRIVER,115951,3163748
BROADCOM BRCM80211 IEEE802.11n WIRELESS DRIVER,NETWORKING DRIVERS (WIRELESS),115951,3163748
BROADCOM BRCM80211 IEEE802.11n WIRELESS DRIVER,THE REST,115951,3163748
BROADCOM BRCMSTB GPIO DRIVER,BROADCOM BRCMSTB GPIO DRIVER,871,23445
BROADCOM BRCMSTB GPIO DRIVER,GPIO SUBSYSTEM,871,23445
BROADCOM BRCMSTB GPIO DRIVER,OPEN FIRMWARE AND FLATTENED DEVICE TREE BINDINGS,104,2912
BROADCOM BRCMSTB GPIO DRIVER,THE REST,871,23445
BROADCOM BRCMSTB I2C DRIVER,BROADCOM BRCMSTB I2C DRIVER,831,20714
BROADCOM BRCMSTB I2C DRIVER,I2C SUBSYSTEM HOST DRIVERS,831,20714
BROADCOM BRCMSTB I2C DRIVER,OPEN FIRMWARE AND FLATTENED DEVICE TREE BINDINGS,96,1657
BROADCOM BRCMSTB I2C DRIVER,THE REST,831,20714
BROADCOM BRCMSTB UART DRIVER,BROADCOM BRCMSTB UART DRIVER,1342,36473
BROADCOM BRCMSTB UART DRIVER,OPEN FIRMWARE AND FLATTENED DEVICE TREE BINDINGS,95,2067
BROADCOM BRCMSTB UART DRIVER,THE REST,1342,36473
BROADCOM BRCMSTB UART DRIVER,TTY LAYER AND SERIAL DRIVERS,1342,36473
BROADCOM BRCMSTB USB EHCI DRIVER,BROADCOM BRCMSTB USB EHCI DRIVER,339,7935
BROADCOM BRCMSTB USB EHCI DRIVER,OPEN FIRMWARE AND FLATTENED DEVICE TREE BINDINGS,59,972
BROADCOM BRCMSTB USB EHCI DRIVER,THE REST,339,7935
BROADCOM BRCMSTB USB EHCI DRIVER,USB EHCI DRIVER,280,6963
BROADCOM BRCMSTB USB EHCI DRIVER,USB SUBSYSTEM,339,7935
BROADCOM BRCMSTB USB PIN MAP DRIVER,BROADCOM BRCMSTB USB PIN MAP DRIVER,428,10330
BROADCOM BRCMSTB USB PIN MAP DRIVER,OPEN FIRMWARE AND FLATTENED DEVICE TREE BINDINGS,73,1862
BROADCOM BRCMSTB USB PIN MAP DRIVER,THE REST,428,10330
BROADCOM BRCMSTB USB PIN MAP DRIVER,USB SUBSYSTEM,428,10330
BROADCOM BRCMSTB USB2 and USB3 PHY DRIVER,BROADCOM BRCMSTB USB2 and USB3 PHY DRIVER,2395,72135
BROADCOM BRCMSTB USB2 and USB3 PHY DRIVER,GENERIC PHY FRAMEWORK,2395,72135
BROADCOM BRCMSTB USB2 and USB3 PHY DRIVER,THE REST,2395,72135
BROADCOM Broadband SoC High Speed SPI Controller DRIVER,BROADCOM Broadband SoC High Speed SPI Controller DRIVER,1741,47764
BROADCOM Broadband SoC High Speed SPI Controller DRIVER,OPEN FIRMWARE AND FLATTENED DEVICE TREE BINDINGS,134,3854
BROADCOM Broadband SoC High Speed SPI Controller DRIVER,SPI SUBSYSTEM,1741,47764
BROADCOM Broadband SoC High Speed SPI Controller DRIVER,THE REST,1741,47764
BROADCOM ETHERNET PHY DRIVERS,BROADCOM ETHERNET PHY DRIVERS,6612,178458
BROADCOM ETHERNET PHY DRIVERS,BROADCOM IPROC ARM ARCHITECTURE,292,7027
BROADCOM ETHERNET PHY DRIVERS,ETHERNET PHY LIBRARY,6160,160401
BROADCOM ETHERNET PHY DRIVERS,NETWORKING DRIVERS,6189,161421
BROADCOM ETHERNET PHY DRIVERS,OPEN FIRMWARE AND FLATTENED DEVICE TREE BINDINGS,29,1020
BROADCOM ETHERNET PHY DRIVERS,THE REST,6612,178458
BROADCOM GENET ETHERNET DRIVER,BROADCOM GENET ETHERNET DRIVER,6716,180476
BROADCOM GENET ETHERNET DRIVER,BROADCOM IPROC GBIT ETHERNET DRIVER,68,2162
BROADCOM GENET ETHERNET DRIVER,BROADCOM SYSTEMPORT ETHERNET DRIVER,68,2162
BROADCOM GENET ETHERNET DRIVER,ETHERNET PHY LIBRARY,376,9438
BROADCOM GENET ETHERNET DRIVER,NETWORKING DRIVERS,6684,179799
BROADCOM GENET ETHERNET DRIVER,OPEN FIRMWARE AND FLATTENED DEVICE TREE BINDINGS,230,5249
BROADCOM GENET ETHERNET DRIVER,THE REST,6716,180476
BROADCOM IPROC ARM ARCHITECTURE,BROADCOM IPROC ARM ARCHITECTURE,28386,756259
BROADCOM IPROC ARM ARCHITECTURE,BROADCOM SPI DRIVER,152,3799
BROADCOM IPROC ARM ARCHITECTURE,BROADCOM STB NAND FLASH DRIVER,149,3759
BROADCOM IPROC ARM ARCHITECTURE,COMMON CLK FRAMEWORK,3413,98529
BROADCOM IPROC ARM ARCHITECTURE,DMA GENERIC OFFLOAD ENGINE SUBSYSTEM,29,695
BROADCOM IPROC ARM ARCHITECTURE,ETHERNET PHY LIBRARY,865,20761
BROADCOM IPROC ARM ARCHITECTURE,GENERIC PHY FRAMEWORK,318,7080
BROADCOM IPROC ARM ARCHITECTURE,GPIO SUBSYSTEM,397,10506
BROADCOM IPROC ARM ARCHITECTURE,HARDWARE RANDOM NUMBER GENERATOR CORE,276,6815
BROADCOM IPROC ARM ARCHITECTURE,I2C SUBSYSTEM HOST DRIVERS,1329,37332
BROADCOM IPROC ARM ARCHITECTURE,IIO SUBSYSTEM AND DRIVERS,692,19145
BROADCOM IPROC ARM ARCHITECTURE,"INPUT (KEYBOARD, MOUSE, JOYSTICK, TOUCHSCREEN) DRIVERS",609,16829
BROADCOM IPROC ARM ARCHITECTURE,MAILBOX API,84,3196
BROADCOM IPROC ARM ARCHITECTURE,MEMORY TECHNOLOGY DEVICES (MTD),149,3759
BROADCOM IPROC ARM ARCHITECTURE,MULTIFUNCTION DEVICES (MFD),34,1059
BROADCOM IPROC ARM ARCHITECTURE,"MULTIMEDIA CARD (MMC), SECURE DIGITAL (SD) AND SDIO SUBSYSTEM",498,14156
BROADCOM IPROC ARM ARCHITECTURE,NAND FLASH SUBSYSTEM,149,3759
BROADCOM IPROC ARM ARCHITECTURE,NETWORKING DRIVERS,983,23267
BROADCOM IPROC ARM ARCHITECTURE,OPEN FIRMWARE AND FLATTENED DEVICE TREE BINDINGS,10710,268496
BROADCOM IPROC ARM ARCHITECTURE,PCI NATIVE HOST BRIDGE AND ENDPOINT DRIVERS,2824,74478
BROADCOM IPROC ARM ARCHITECTURE,PCI SUBSYSTEM,2824,74478
BROADCOM IPROC ARM ARCHITECTURE,PIN CONTROL SUBSYSTEM,5285,158644
BROADCOM IPROC ARM ARCHITECTURE,PWM SUBSYSTEM,314,7888
BROADCOM IPROC ARM ARCHITECTURE,SECURE DIGITAL HOST CONTROLLER INTERFACE (SDHCI) DRIVER,434,12786
BROADCOM IPROC ARM ARCHITECTURE,SOUND,2282,63314
BROADCOM IPROC ARM ARCHITECTURE,SOUND - SOC LAYER / DYNAMIC AUDIO POWER MANAGEMENT (ASoC),2345,65219
BROADCOM IPROC ARM ARCHITECTURE,SPI SUBSYSTEM,152,3799
BROADCOM IPROC ARM ARCHITECTURE,THE REST,28386,756259
BROADCOM IPROC ARM ARCHITECTURE,USB SUBSYSTEM,21,766
BROADCOM IPROC GBIT ETHERNET DRIVER,BROADCOM IPROC GBIT ETHERNET DRIVER,3309,93119
BROADCOM IPROC GBIT ETHERNET DRIVER,BROADCOM SYSTEMPORT ETHERNET DRIVER,68,2162
BROADCOM IPROC GBIT ETHERNET DRIVER,NETWORKING DRIVERS,3309,93119
BROADCOM IPROC GBIT ETHERNET DRIVER,OPEN FIRMWARE AND FLATTENED DEVICE TREE BINDINGS,88,1646
BROADCOM IPROC GBIT ETHERNET DRIVER,THE REST,3309,93119
BROADCOM KONA GPIO DRIVER,BROADCOM KONA GPIO DRIVER,756,20071
BROADCOM KONA GPIO DRIVER,GPIO SUBSYSTEM,756,20071
BROADCOM KONA GPIO DRIVER,OPEN FIRMWARE AND FLATTENED DEVICE TREE BINDINGS,100,2480
BROADCOM KONA GPIO DRIVER,THE REST,756,20071
BROADCOM MPI3 STORAGE CONTROLLER DRIVER,BROADCOM MPI3 STORAGE CONTROLLER DRIVER,22612,764131
BROADCOM MPI3 STORAGE CONTROLLER DRIVER,SCSI SUBSYSTEM,22612,764131
BROADCOM MPI3 STORAGE CONTROLLER DRIVER,THE REST,22612,764131
BROADCOM NETXTREME-E ROCE DRIVER,BROADCOM NETXTREME-E ROCE DRIVER,20077,628934
BROADCOM NETXTREME-E ROCE DRIVER,INFINIBAND SUBSYSTEM,20077,628934
BROADCOM NETXTREME-E ROCE DRIVER,THE REST,20077,628934
BROADCOM NVRAM DRIVER,BROADCOM NVRAM DRIVER,1305,42724
BROADCOM NVRAM DRIVER,THE REST,1305,42724
BROADCOM PMB (POWER MANAGEMENT BUS) DRIVER,BROADCOM PMB (POWER MANAGEMENT BUS) DRIVER,375,10127
BROADCOM PMB (POWER MANAGEMENT BUS) DRIVER,GENERIC PM DOMAIN PROVIDERS,363,9839
BROADCOM PMB (POWER MANAGEMENT BUS) DRIVER,OPEN FIRMWARE AND FLATTENED DEVICE TREE BINDINGS,12,288
BROADCOM PMB (POWER MANAGEMENT BUS) DRIVER,THE REST,375,10127
BROADCOM SPECIFIC AMBA DRIVER (BCMA),BROADCOM SPECIFIC AMBA DRIVER (BCMA),8195,250482
BROADCOM SPECIFIC AMBA DRIVER (BCMA),THE REST,8195,250482
BROADCOM SPI DRIVER,BROADCOM SPI DRIVER,2231,58784
BROADCOM SPI DRIVER,OPEN FIRMWARE AND FLATTENED DEVICE TREE BINDINGS,196,6304
BROADCOM SPI DRIVER,SPI SUBSYSTEM,2231,58784
BROADCOM SPI DRIVER,THE REST,2231,58784
BROADCOM STB AVS CPUFREQ DRIVER,BROADCOM STB AVS CPUFREQ DRIVER,857,23203
BROADCOM STB AVS CPUFREQ DRIVER,CPU FREQUENCY SCALING FRAMEWORK,857,23203
BROADCOM STB AVS CPUFREQ DRIVER,OPEN FIRMWARE AND FLATTENED DEVICE TREE BINDINGS,76,2524
BROADCOM STB AVS CPUFREQ DRIVER,THE REST,857,23203
BROADCOM STB AVS TMON DRIVER,BROADCOM STB AVS TMON DRIVER,433,11165
BROADCOM STB AVS TMON DRIVER,OPEN FIRMWARE AND FLATTENED DEVICE TREE BINDINGS,56,1164
BROADCOM STB AVS TMON DRIVER,THE REST,433,11165
BROADCOM STB AVS TMON DRIVER,THERMAL,433,11165
BROADCOM STB DPFE DRIVER,BROADCOM STB DPFE DRIVER,995,26425
BROADCOM STB DPFE DRIVER,MEMORY CONTROLLER DRIVERS,995,26425
BROADCOM STB DPFE DRIVER,OPEN FIRMWARE AND FLATTENED DEVICE TREE BINDINGS,48,1099
BROADCOM STB DPFE DRIVER,THE REST,995,26425
BROADCOM STB NAND FLASH DRIVER,BROADCOM STB NAND FLASH DRIVER,4042,109451
BROADCOM STB NAND FLASH DRIVER,MEMORY TECHNOLOGY DEVICES (MTD),4030,109165
BROADCOM STB NAND FLASH DRIVER,NAND FLASH SUBSYSTEM,4030,109165
BROADCOM STB NAND FLASH DRIVER,THE REST,4042,109451
BROADCOM STB PCIE DRIVER,BROADCOM STB PCIE DRIVER,1813,52623
BROADCOM STB PCIE DRIVER,OPEN FIRMWARE AND FLATTENED DEVICE TREE BINDINGS,185,5446
BROADCOM STB PCIE DRIVER,PCI NATIVE HOST BRIDGE AND ENDPOINT DRIVERS,1813,52623
BROADCOM STB PCIE DRIVER,PCI SUBSYSTEM,1813,52623
BROADCOM STB PCIE DRIVER,THE REST,1813,52623
BROADCOM SYSTEMPORT ETHERNET DRIVER,BROADCOM SYSTEMPORT ETHERNET DRIVER,3846,105162
BROADCOM SYSTEMPORT ETHERNET DRIVER,NETWORKING DRIVERS,3846,105162
BROADCOM SYSTEMPORT ETHERNET DRIVER,OPEN FIRMWARE AND FLATTENED DEVICE TREE BINDINGS,86,1885
BROADCOM SYSTEMPORT ETHERNET DRIVER,THE REST,3846,105162
BROADCOM TG3 GIGABIT ETHERNET DRIVER,BROADCOM TG3 GIGABIT ETHERNET DRIVER,21704,605914
BROADCOM TG3 GIGABIT ETHERNET DRIVER,NETWORKING DRIVERS,21704,605914
BROADCOM TG3 GIGABIT ETHERNET DRIVER,THE REST,21704,605914
BROADCOM VK DRIVER,BROADCOM VK DRIVER,4515,121297
BROADCOM VK DRIVER,CHAR and MISC DRIVERS,4431,118290
BROADCOM VK DRIVER,THE REST,4515,121297
BROCADE BFA FC SCSI DRIVER,BROCADE BFA FC SCSI DRIVER,58322,1530306
BROCADE BFA FC SCSI DRIVER,SCSI SUBSYSTEM,58322,1530306
BROCADE BFA FC SCSI DRIVER,THE REST,58322,1530306
BROCADE BNA 10 GIGABIT ETHERNET DRIVER,BROCADE BNA 10 GIGABIT ETHERNET DRIVER,22364,569020
BROCADE BNA 10 GIGABIT ETHERNET DRIVER,NETWORKING DRIVERS,22364,569020
BROCADE BNA 10 GIGABIT ETHERNET DRIVER,THE REST,22364,569020
BSG (block layer generic sg v4 driver),BSG (block layer generic sg v4 driver),363,9436
BSG (block layer generic sg v4 driver),THE REST,363,9436
BT87X AUDIO DRIVER,BT87X AUDIO DRIVER,1008,31122
BT87X AUDIO DRIVER,DOCUMENTATION,83,2673
BT87X AUDIO DRIVER,SOUND,1008,31122
BT87X AUDIO DRIVER,THE REST,1008,31122
BT8XXGPIO DRIVER,BT8XXGPIO DRIVER,311,7183
BT8XXGPIO DRIVER,GPIO SUBSYSTEM,311,7183
BT8XXGPIO DRIVER,THE REST,311,7183
BTRFS FILE SYSTEM,BTRFS FILE SYSTEM,160335,4515826
BTRFS FILE SYSTEM,DOCUMENTATION,43,1540
BTRFS FILE SYSTEM,THE REST,160335,4515826
BTRFS FILE SYSTEM,TRACING,2503,69264
BTRFS FILE SYSTEM,ZSTD,702,18815
BTTV VIDEO4LINUX DRIVER,BTTV VIDEO4LINUX DRIVER,12465,356841
BTTV VIDEO4LINUX DRIVER,MEDIA INPUT INFRASTRUCTURE (V4L/DVB),12465,356841
BTTV VIDEO4LINUX DRIVER,THE REST,12465,356841
BUS FREQUENCY DRIVER FOR SAMSUNG EXYNOS,BUS FREQUENCY DRIVER FOR SAMSUNG EXYNOS,841,22636
BUS FREQUENCY DRIVER FOR SAMSUNG EXYNOS,DEVICE FREQUENCY (DEVFREQ),524,12931
BUS FREQUENCY DRIVER FOR SAMSUNG EXYNOS,INTERCONNECT API,317,9705
BUS FREQUENCY DRIVER FOR SAMSUNG EXYNOS,OPEN FIRMWARE AND FLATTENED DEVICE TREE BINDINGS,317,9705
BUS FREQUENCY DRIVER FOR SAMSUNG EXYNOS,THE REST,841,22636
BUSLOGIC SCSI DRIVER,BUSLOGIC SCSI DRIVER,12580,355421
BUSLOGIC SCSI DRIVER,SCSI SUBSYSTEM,12580,355421
BUSLOGIC SCSI DRIVER,THE REST,12580,355421
BXCAN CAN NETWORK DRIVER,BXCAN CAN NETWORK DRIVER,1198,30402
BXCAN CAN NETWORK DRIVER,CAN NETWORK DRIVERS,1198,30402
BXCAN CAN NETWORK DRIVER,NETWORKING DRIVERS,1198,30402
BXCAN CAN NETWORK DRIVER,OPEN FIRMWARE AND FLATTENED DEVICE TREE BINDINGS,96,2603
BXCAN CAN NETWORK DRIVER,THE REST,1198,30402
C-MEDIA CMI8788 DRIVER,C-MEDIA CMI8788 DRIVER,9857,278153
C-MEDIA CMI8788 DRIVER,SOUND,9857,278153
C-MEDIA CMI8788 DRIVER,THE REST,9857,278153
C-SKY ARCHITECTURE,C-SKY ARCHITECTURE,16528,372202
C-SKY ARCHITECTURE,"CLOCKSOURCE, CLOCKEVENT DRIVERS",412,9797
C-SKY ARCHITECTURE,EXEC & BINFMT API,90,2723
C-SKY ARCHITECTURE,FUNCTION HOOKS (FTRACE),331,7727
C-SKY ARCHITECTURE,IRQCHIP DRIVERS,676,16183
C-SKY ARCHITECTURE,LOCKING PRIMITIVES,21,502
C-SKY ARCHITECTURE,MMU GATHER AND TLB INVALIDATION,9,179
C-SKY ARCHITECTURE,OPEN FIRMWARE AND FLATTENED DEVICE TREE BINDINGS,313,7233
C-SKY ARCHITECTURE,PERFORMANCE EVENTS SUBSYSTEM,1815,41238
C-SKY ARCHITECTURE,PTRACE SUPPORT,623,15419
C-SKY ARCHITECTURE,STATIC BRANCH/CALL,101,2378
C-SKY ARCHITECTURE,THE REST,16528,372202
CA8210 IEEE-802.15.4 RADIO DRIVER,CA8210 IEEE-802.15.4 RADIO DRIVER,3209,85147
CA8210 IEEE-802.15.4 RADIO DRIVER,IEEE 802.15.4 SUBSYSTEM,3181,84213
CA8210 IEEE-802.15.4 RADIO DRIVER,NETWORKING DRIVERS,3209,85147
CA8210 IEEE-802.15.4 RADIO DRIVER,OPEN FIRMWARE AND FLATTENED DEVICE TREE BINDINGS,28,934
CA8210 IEEE-802.15.4 RADIO DRIVER,THE REST,3209,85147
CACHEFILES: FS-CACHE BACKEND FOR CACHING ON MOUNTED FILESYSTEMS,CACHEFILES: FS-CACHE BACKEND FOR CACHING ON MOUNTED FILESYSTEMS,5680,153765
CACHEFILES: FS-CACHE BACKEND FOR CACHING ON MOUNTED FILESYSTEMS,DOCUMENTATION,662,23056
CACHEFILES: FS-CACHE BACKEND FOR CACHING ON MOUNTED FILESYSTEMS,FS-CACHE: LOCAL CACHING FOR NETWORK FILESYSTEMS,662,23056
CACHEFILES: FS-CACHE BACKEND FOR CACHING ON MOUNTED FILESYSTEMS,THE REST,5680,153765
CACHESTAT: PAGE CACHE STATS FOR A FILE,CACHESTAT: PAGE CACHE STATS FOR A FILE,318,6989
CACHESTAT: PAGE CACHE STATS FOR A FILE,KERNEL SELFTEST FRAMEWORK,318,6989
CACHESTAT: PAGE CACHE STATS FOR A FILE,THE REST,318,6989
CADENCE MIPI-CSI2 BRIDGES,CADENCE MIPI-CSI2 BRIDGES,1537,38743
CADENCE MIPI-CSI2 BRIDGES,MEDIA INPUT INFRASTRUCTURE (V4L/DVB),1537,38743
CADENCE MIPI-CSI2 BRIDGES,OPEN FIRMWARE AND FLATTENED DEVICE TREE BINDINGS,300,7681
CADENCE MIPI-CSI2 BRIDGES,THE REST,1537,38743
CADENCE NAND DRIVER,CADENCE NAND DRIVER,3132,85999
CADENCE NAND DRIVER,MEMORY TECHNOLOGY DEVICES (MTD),3132,85999
CADENCE NAND DRIVER,NAND FLASH SUBSYSTEM,3079,84253
CADENCE NAND DRIVER,OPEN FIRMWARE AND FLATTENED DEVICE TREE BINDINGS,53,1746
CADENCE NAND DRIVER,THE REST,3132,85999
CADENCE USB3 DRD IP DRIVER,CADENCE USB3 DRD IP DRIVER,9812,265909
CADENCE USB3 DRD IP DRIVER,CADENCE USBSSP DRD IP DRIVER,1822,44344
CADENCE USB3 DRD IP DRIVER,OPEN FIRMWARE AND FLATTENED DEVICE TREE BINDINGS,102,2457
CADENCE USB3 DRD IP DRIVER,STARFIVE JH71X0 USB DRIVERS,244,5883
CADENCE USB3 DRD IP DRIVER,THE REST,9812,265909
CADENCE USB3 DRD IP DRIVER,USB SUBSYSTEM,9812,265909
CADENCE USBHS DRIVER,CADENCE USBHS DRIVER,4815,125259
CADENCE USBHS DRIVER,THE REST,4815,125259
CADENCE USBHS DRIVER,USB SUBSYSTEM,4815,125259
CADENCE USBSSP DRD IP DRIVER,CADENCE USBSSP DRD IP DRIVER,11424,309784
CADENCE USBSSP DRD IP DRIVER,THE REST,11424,309784
CADENCE USBSSP DRD IP DRIVER,USB SUBSYSTEM,11424,309784
CADET FM/AM RADIO RECEIVER DRIVER,CADET FM/AM RADIO RECEIVER DRIVER,679,16817
CADET FM/AM RADIO RECEIVER DRIVER,MEDIA INPUT INFRASTRUCTURE (V4L/DVB),679,16817
CADET FM/AM RADIO RECEIVER DRIVER,THE REST,679,16817
CAFE CMOS INTEGRATED CAMERA CONTROLLER DRIVER,CAFE CMOS INTEGRATED CAMERA CONTROLLER DRIVER,3516,94494
CAFE CMOS INTEGRATED CAMERA CONTROLLER DRIVER,MEDIA INPUT INFRASTRUCTURE (V4L/DVB),3516,94494
CAFE CMOS INTEGRATED CAMERA CONTROLLER DRIVER,THE REST,3516,94494
CAIF NETWORK LAYER,CAIF NETWORK LAYER,8651,220121
CAIF NETWORK LAYER,DOCUMENTATION,345,10579
CAIF NETWORK LAYER,NETWORKING DRIVERS,1286,33091
CAIF NETWORK LAYER,NETWORKING [GENERAL],7135,180160
CAIF NETWORK LAYER,THE REST,8651,220121
CAKE QDISC,CAKE QDISC,3121,80805
CAKE QDISC,NETWORKING [GENERAL],3121,80805
CAKE QDISC,TC subsystem,3121,80805
CAKE QDISC,THE REST,3121,80805
CAN NETWORK DRIVERS,CAN NETWORK DRIVERS,81317,2197788
CAN NETWORK DRIVERS,CTU CAN FD DRIVER,2492,71635
CAN NETWORK DRIVERS,ELM327 CAN NETWORK DRIVER,1142,30921
CAN NETWORK DRIVERS,EMS CPC-PCI CAN DRIVER,431,12125
CAN NETWORK DRIVERS,ESD CAN/USB DRIVERS,1381,36806
CAN NETWORK DRIVERS,ETAS ES58X CAN/USB DRIVER,4771,144555
CAN NETWORK DRIVERS,FINTEK F81604 USB to 2xCANBUS DEVICE DRIVER,1201,27972
CAN NETWORK DRIVERS,GENERIC PHY FRAMEWORK,238,6256
CAN NETWORK DRIVERS,MCAN MMIO DEVICE DRIVER,2692,67335
CAN NETWORK DRIVERS,MCBA MICROCHIP CAN BUS ANALYZER TOOL DRIVER,913,21453
CAN NETWORK DRIVERS,MCP251XFD SPI-CAN NETWORK DRIVER,6138,167659
CAN NETWORK DRIVERS,NETWORKING DRIVERS,79898,2152725
CAN NETWORK DRIVERS,OPEN FIRMWARE AND FLATTENED DEVICE TREE BINDINGS,1871,48823
CAN NETWORK DRIVERS,RISC-V MICROCHIP FPGA SUPPORT,45,793
CAN NETWORK DRIVERS,SLCAN CAN NETWORK DRIVER,1027,26400
CAN NETWORK DRIVERS,THE REST,81317,2197788
CAN NETWORK DRIVERS,XILINX CAN DRIVER,2124,59750
CAN NETWORK LAYER,CAN NETWORK LAYER,15147,422606
CAN NETWORK LAYER,CAN-J1939 NETWORK LAYER,4931,123265
CAN NETWORK LAYER,DOCUMENTATION,1508,59294
CAN NETWORK LAYER,NETWORKING [GENERAL],13977,379060
CAN NETWORK LAYER,THE REST,15147,422606
CAN-J1939 NETWORK LAYER,CAN-J1939 NETWORK LAYER,5499,142709
CAN-J1939 NETWORK LAYER,DOCUMENTATION,460,17031
CAN-J1939 NETWORK LAYER,NETWORKING [GENERAL],5391,140296
CAN-J1939 NETWORK LAYER,THE REST,5499,142709
CANAAN/KENDRYTE K210 SOC FPIOA DRIVER,CANAAN/KENDRYTE K210 SOC FPIOA DRIVER,1182,31822
CANAAN/KENDRYTE K210 SOC FPIOA DRIVER,OPEN FIRMWARE AND FLATTENED DEVICE TREE BINDINGS,180,5130
CANAAN/KENDRYTE K210 SOC FPIOA DRIVER,PIN CONTROL SUBSYSTEM,1182,31822
CANAAN/KENDRYTE K210 SOC FPIOA DRIVER,THE REST,1182,31822
CANAAN/KENDRYTE K210 SOC RESET CONTROLLER DRIVER,CANAAN/KENDRYTE K210 SOC RESET CONTROLLER DRIVER,170,3938
CANAAN/KENDRYTE K210 SOC RESET CONTROLLER DRIVER,OPEN FIRMWARE AND FLATTENED DEVICE TREE BINDINGS,40,933
CANAAN/KENDRYTE K210 SOC RESET CONTROLLER DRIVER,RESET CONTROLLER FRAMEWORK,170,3938
CANAAN/KENDRYTE K210 SOC RESET CONTROLLER DRIVER,THE REST,170,3938
CANAAN/KENDRYTE K210 SOC SYSTEM CONTROLLER DRIVER,CANAAN/KENDRYTE K210 SOC SYSTEM CONTROLLER DRIVER,244,6979
CANAAN/KENDRYTE K210 SOC SYSTEM CONTROLLER DRIVER,MULTIFUNCTION DEVICES (MFD),109,2644
CANAAN/KENDRYTE K210 SOC SYSTEM CONTROLLER DRIVER,OPEN FIRMWARE AND FLATTENED DEVICE TREE BINDINGS,109,2644
CANAAN/KENDRYTE K210 SOC SYSTEM CONTROLLER DRIVER,THE REST,244,6979
CAPABILITIES,CAPABILITIES,2652,78603
CAPABILITIES,SECURITY SUBSYSTEM,1477,43492
CAPABILITIES,THE REST,2652,78603
CAPELLA MICROSYSTEMS LIGHT SENSOR DRIVER,CAPELLA MICROSYSTEMS LIGHT SENSOR DRIVER,2328,59779
CAPELLA MICROSYSTEMS LIGHT SENSOR DRIVER,IIO SUBSYSTEM AND DRIVERS,2328,59779
CAPELLA MICROSYSTEMS LIGHT SENSOR DRIVER,THE REST,2328,59779
CARL9170 LINUX COMMUNITY WIRELESS DRIVER,CARL9170 LINUX COMMUNITY WIRELESS DRIVER,13716,389745
CARL9170 LINUX COMMUNITY WIRELESS DRIVER,NETWORKING DRIVERS (WIRELESS),13716,389745
CARL9170 LINUX COMMUNITY WIRELESS DRIVER,THE REST,13716,389745
CAVIUM I2C DRIVER,CAVIUM I2C DRIVER,1559,39435
CAVIUM I2C DRIVER,I2C SUBSYSTEM HOST DRIVERS,1559,39435
CAVIUM I2C DRIVER,THE REST,1559,39435
CAVIUM LIQUIDIO NETWORK DRIVER,CAVIUM LIQUIDIO NETWORK DRIVER,27489,778550
CAVIUM LIQUIDIO NETWORK DRIVER,NETWORKING DRIVERS,27489,778550
CAVIUM LIQUIDIO NETWORK DRIVER,THE REST,27489,778550
CAVIUM MMC DRIVER,CAVIUM MMC DRIVER,1846,49503
CAVIUM MMC DRIVER,"MULTIMEDIA CARD (MMC), SECURE DIGITAL (SD) AND SDIO SUBSYSTEM",1846,49503
CAVIUM MMC DRIVER,THE REST,1846,49503
CAVIUM OCTEON-TX CRYPTO DRIVER,CAVIUM OCTEON-TX CRYPTO DRIVER,4217,112197
CAVIUM OCTEON-TX CRYPTO DRIVER,CRYPTO API,4217,112197
CAVIUM OCTEON-TX CRYPTO DRIVER,THE REST,4217,112197
CAVIUM THUNDERX2 ARM64 SOC,CAVIUM THUNDERX2 ARM64 SOC,183,4397
CAVIUM THUNDERX2 ARM64 SOC,OPEN FIRMWARE AND FLATTENED DEVICE TREE BINDINGS,183,4397
CAVIUM THUNDERX2 ARM64 SOC,THE REST,183,4397
CBS/ETF/TAPRIO QDISCS,CBS/ETF/TAPRIO QDISCS,3665,93617
CBS/ETF/TAPRIO QDISCS,NETWORKING [GENERAL],3665,93617
CBS/ETF/TAPRIO QDISCS,TC subsystem,3665,93617
CBS/ETF/TAPRIO QDISCS,THE REST,3665,93617
CC2520 IEEE-802.15.4 RADIO DRIVER,CC2520 IEEE-802.15.4 RADIO DRIVER,1225,29972
CC2520 IEEE-802.15.4 RADIO DRIVER,IEEE 802.15.4 SUBSYSTEM,1192,28910
CC2520 IEEE-802.15.4 RADIO DRIVER,NETWORKING DRIVERS,1225,29972
CC2520 IEEE-802.15.4 RADIO DRIVER,OPEN FIRMWARE AND FLATTENED DEVICE TREE BINDINGS,33,1062
CC2520 IEEE-802.15.4 RADIO DRIVER,THE REST,1225,29972
CCREE ARM TRUSTZONE CRYPTOCELL REE DRIVER,CCREE ARM TRUSTZONE CRYPTOCELL REE DRIVER,11697,344148
CCREE ARM TRUSTZONE CRYPTOCELL REE DRIVER,CRYPTO API,11697,344148
CCREE ARM TRUSTZONE CRYPTOCELL REE DRIVER,THE REST,11697,344148
CCTRNG ARM TRUSTZONE CRYPTOCELL TRUE RANDOM NUMBER GENERATOR (TRNG) DRIVER,CCTRNG ARM TRUSTZONE CRYPTOCELL TRUE RANDOM NUMBER GENERATOR (TRNG) DRIVER,789,21864
CCTRNG ARM TRUSTZONE CRYPTOCELL TRUE RANDOM NUMBER GENERATOR (TRNG) DRIVER,HARDWARE RANDOM NUMBER GENERATOR CORE,789,21864
CCTRNG ARM TRUSTZONE CRYPTOCELL TRUE RANDOM NUMBER GENERATOR (TRNG) DRIVER,OPEN FIRMWARE AND FLATTENED DEVICE TREE BINDINGS,52,1105
CCTRNG ARM TRUSTZONE CRYPTOCELL TRUE RANDOM NUMBER GENERATOR (TRNG) DRIVER,THE REST,789,21864
CEC FRAMEWORK,CEC FRAMEWORK,20083,575883
CEC FRAMEWORK,CEC GPIO DRIVER,295,6979
CEC FRAMEWORK,CHROMEOS EC SUBDRIVERS,373,9805
CEC FRAMEWORK,CHRONTEL CH7322 CEC DRIVER,602,13859
CEC FRAMEWORK,MEDIA INPUT INFRASTRUCTURE (V4L/DVB),16879,478644
CEC FRAMEWORK,MESON AO CEC DRIVER FOR AMLOGIC SOCS,1520,39917
CEC FRAMEWORK,OPEN FIRMWARE AND FLATTENED DEVICE TREE BINDINGS,28,762
CEC FRAMEWORK,PULSE8-CEC DRIVER,939,25300
CEC FRAMEWORK,RAINSHADOW-CEC DRIVER,395,8988
CEC FRAMEWORK,RC-CORE / LIRC FRAMEWORK,172,5987
CEC FRAMEWORK,SECO BOARDS CEC DRIVER,929,21288
CEC FRAMEWORK,STI CEC DRIVER,398,10254
CEC FRAMEWORK,TEGRA ARCHITECTURE SUPPORT,599,17406
CEC FRAMEWORK,THE REST,20083,575883
CEC GPIO DRIVER,CEC GPIO DRIVER,369,8746
CEC GPIO DRIVER,MEDIA INPUT INFRASTRUCTURE (V4L/DVB),369,8746
CEC GPIO DRIVER,OPEN FIRMWARE AND FLATTENED DEVICE TREE BINDINGS,74,1767
CEC GPIO DRIVER,THE REST,369,8746
CELL BROADBAND ENGINE ARCHITECTURE,CELL BROADBAND ENGINE ARCHITECTURE,20066,492067
CELL BROADBAND ENGINE ARCHITECTURE,LINUX FOR POWERPC (32-BIT AND 64-BIT),20066,492067
CELL BROADBAND ENGINE ARCHITECTURE,SPU FILE SYSTEM,11710,275789
CELL BROADBAND ENGINE ARCHITECTURE,THE REST,20066,492067
CELLWISE CW2015 BATTERY DRIVER,CELLWISE CW2015 BATTERY DRIVER,839,21837
CELLWISE CW2015 BATTERY DRIVER,OPEN FIRMWARE AND FLATTENED DEVICE TREE BINDINGS,80,2355
CELLWISE CW2015 BATTERY DRIVER,POWER SUPPLY CLASS/SUBSYSTEM and DRIVERS,839,21837
CELLWISE CW2015 BATTERY DRIVER,THE REST,839,21837
CEPH COMMON CODE (LIBCEPH),CEPH COMMON CODE (LIBCEPH),31353,828172
CEPH COMMON CODE (LIBCEPH),NETWORKING [GENERAL],25743,656639
CEPH COMMON CODE (LIBCEPH),THE REST,31353,828172
CEPH DISTRIBUTED FILE SYSTEM CLIENT (CEPH),CEPH DISTRIBUTED FILE SYSTEM CLIENT (CEPH),33854,924049
CEPH DISTRIBUTED FILE SYSTEM CLIENT (CEPH),DOCUMENTATION,218,9018
CEPH DISTRIBUTED FILE SYSTEM CLIENT (CEPH),THE REST,33854,924049
CERTIFICATE HANDLING,CERTIFICATE HANDLING,2123,63673
CERTIFICATE HANDLING,DOCUMENTATION,285,11323
CERTIFICATE HANDLING,THE REST,2123,63673
CFAG12864B LCD DRIVER,CFAG12864B LCD DRIVER,448,9197
CFAG12864B LCD DRIVER,CFAG12864BFB LCD FRAMEBUFFER DRIVER,68,1509
CFAG12864B LCD DRIVER,THE REST,448,9197
CFAG12864BFB LCD FRAMEBUFFER DRIVER,CFAG12864BFB LCD FRAMEBUFFER DRIVER,239,5321
CFAG12864BFB LCD FRAMEBUFFER DRIVER,THE REST,239,5321
CHAR and MISC DRIVERS,CHAR and MISC DRIVERS,156428,4093787
CHAR and MISC DRIVERS,CXL (IBM Coherent Accelerator Processor Interface CAPI) DRIVER,13047,354220
CHAR and MISC DRIVERS,DESIGNWARE XDATA IP DRIVER,420,9923
CHAR and MISC DRIVERS,DOUBLETALK DRIVER,663,16685
CHAR and MISC DRIVERS,ENE CB710 FLASH CARD READER DRIVER,620,15320
CHAR and MISC DRIVERS,GENWQE (IBM Generic Workqueue Card),6778,182394
CHAR and MISC DRIVERS,HEWLETT PACKARD ENTERPRISE ILO CHIF DRIVER,1141,28047
CHAR and MISC DRIVERS,HIKEY960 ONBOARD USB GPIO HUB DRIVER,277,7432
CHAR and MISC DRIVERS,HPET:	High Precision Event Timers driver,1047,24063
CHAR and MISC DRIVERS,IBM Power Virtual Management Channel Driver,2630,67537
CHAR and MISC DRIVERS,INTEL MANAGEMENT ENGINE (mei),17843,435220
CHAR and MISC DRIVERS,KGDB / KDB /debug_core,1191,31354
CHAR and MISC DRIVERS,LEGACY EEPROM DRIVER,214,6056
CHAR and MISC DRIVERS,LINUX FOR POWERPC (32-BIT AND 64-BIT),670,15485
CHAR and MISC DRIVERS,LINUX KERNEL DUMP TEST MODULE (LKDTM),3500,91934
CHAR and MISC DRIVERS,LIS3LV02D ACCELEROMETER DRIVER,2052,53152
CHAR and MISC DRIVERS,MICROBLAZE TMR INJECT,172,4476
CHAR and MISC DRIVERS,MICROBLAZE TMR MANAGER,220,6380
CHAR and MISC DRIVERS,MICROCHIP PCI1XXXX GP DRIVER,1069,31232
CHAR and MISC DRIVERS,MICROCHIP SSC DRIVER,281,6023
CHAR and MISC DRIVERS,OCXL (Open Coherent Accelerator Processor Interface OpenCAPI) DRIVER,4488,106863
CHAR and MISC DRIVERS,PARALLEL PORT SUBSYSTEM,879,20690
CHAR and MISC DRIVERS,PC8736x GPIO DRIVER,353,9018
CHAR and MISC DRIVERS,PCI ENDPOINT SUBSYSTEM,1017,25415
CHAR and MISC DRIVERS,POWERNV OPERATOR PANEL LCD DISPLAY DRIVER,225,5224
CHAR and MISC DRIVERS,PS3 PLATFORM SUPPORT,445,10261
CHAR and MISC DRIVERS,QUALCOMM FASTRPC DRIVER,2482,59933
CHAR and MISC DRIVERS,SCx200 GPIO DRIVER,133,3171
CHAR and MISC DRIVERS,SENSABLE PHANTOM,563,13316
CHAR and MISC DRIVERS,SGI GRU DRIVER,7048,191212
CHAR and MISC DRIVERS,SGI XP/XPC/XPNET DRIVER,6839,194436
CHAR and MISC DRIVERS,SONY VAIO CONTROL DEVICE DRIVER,1548,41315
CHAR and MISC DRIVERS,TELECOM CLOCK DRIVER FOR MCPL0010,939,23853
CHAR and MISC DRIVERS,THE REST,156428,4093787
CHAR and MISC DRIVERS,TI FLASH MEDIA MEMORYSTICK/MMC DRIVERS,793,19248
CHAR and MISC DRIVERS,TOSHIBA SMM DRIVER,520,12740
CHAR and MISC DRIVERS,UACCE ACCELERATOR FRAMEWORK,663,15469
CHAR and MISC DRIVERS,VIRTIO CONSOLE DRIVER,2291,55776
CHAR and MISC DRIVERS,VMWARE BALLOON DRIVER,1937,54647
CHAR and MISC DRIVERS,VMWARE VMCI DRIVER,9217,255176
CHAR and MISC DRIVERS,XILINX SD-FEC IP CORES,2106,60886
CHAR and MISC DRIVERS,XILLYBUS DRIVER,4955,119261
CHECKPATCH,CHECKPATCH,7794,238212
CHECKPATCH,THE REST,7794,238212
CHECKPATCH DOCUMENTATION,CHECKPATCH DOCUMENTATION,1256,40477
CHECKPATCH DOCUMENTATION,DOCUMENTATION,1256,40477
CHECKPATCH DOCUMENTATION,THE REST,1256,40477
CHINESE DOCUMENTATION,CHINESE DOCUMENTATION,41933,1769563
CHINESE DOCUMENTATION,DOCUMENTATION,41933,1769563
CHINESE DOCUMENTATION,LOONGARCH,593,24553
CHINESE DOCUMENTATION,RISC-V ARCHITECTURE,236,10856
CHINESE DOCUMENTATION,THE REST,41933,1769563
CHIPIDEA USB HIGH SPEED DUAL ROLE CONTROLLER,CHIPIDEA USB HIGH SPEED DUAL ROLE CONTROLLER,9972,248329
CHIPIDEA USB HIGH SPEED DUAL ROLE CONTROLLER,TEGRA ARCHITECTURE SUPPORT,418,10457
CHIPIDEA USB HIGH SPEED DUAL ROLE CONTROLLER,THE REST,9972,248329
CHIPIDEA USB HIGH SPEED DUAL ROLE CONTROLLER,USB SUBSYSTEM,9972,248329
CHIPONE ICN8318 I2C TOUCHSCREEN DRIVER,CHIPONE ICN8318 I2C TOUCHSCREEN DRIVER,333,8070
CHIPONE ICN8318 I2C TOUCHSCREEN DRIVER,"INPUT (KEYBOARD, MOUSE, JOYSTICK, TOUCHSCREEN) DRIVERS",333,8070
CHIPONE ICN8318 I2C TOUCHSCREEN DRIVER,OPEN FIRMWARE AND FLATTENED DEVICE TREE BINDINGS,62,1314
CHIPONE ICN8318 I2C TOUCHSCREEN DRIVER,THE REST,333,8070
CHIPONE ICN8505 I2C TOUCHSCREEN DRIVER,CHIPONE ICN8505 I2C TOUCHSCREEN DRIVER,508,12730
CHIPONE ICN8505 I2C TOUCHSCREEN DRIVER,"INPUT (KEYBOARD, MOUSE, JOYSTICK, TOUCHSCREEN) DRIVERS",508,12730
CHIPONE ICN8505 I2C TOUCHSCREEN DRIVER,THE REST,508,12730
CHROME HARDWARE PLATFORM SUPPORT,CHROME HARDWARE PLATFORM SUPPORT,18991,521923
CHROME HARDWARE PLATFORM SUPPORT,CHROMEOS EC SUBDRIVERS,13007,360876
CHROME HARDWARE PLATFORM SUPPORT,CHROMEOS EC UART DRIVER,362,10225
CHROME HARDWARE PLATFORM SUPPORT,CHROMEOS EC USB PD NOTIFY DRIVER,265,6921
CHROME HARDWARE PLATFORM SUPPORT,CHROMEOS EC USB TYPE-C DRIVER,1853,51113
CHROME HARDWARE PLATFORM SUPPORT,CHROMEOS HPS DRIVER,160,4044
CHROME HARDWARE PLATFORM SUPPORT,THE REST,18991,521923
CHROMEOS EC CODEC DRIVER,CHROMEOS EC CODEC DRIVER,1147,30067
CHROMEOS EC CODEC DRIVER,CHROMEOS EC SUBDRIVERS,1147,30067
CHROMEOS EC CODEC DRIVER,OPEN FIRMWARE AND FLATTENED DEVICE TREE BINDINGS,78,2091
CHROMEOS EC CODEC DRIVER,SOUND,1069,27976
CHROMEOS EC CODEC DRIVER,SOUND - SOC LAYER / DYNAMIC AUDIO POWER MANAGEMENT (ASoC),1147,30067
CHROMEOS EC CODEC DRIVER,THE REST,1147,30067
CHROMEOS EC SUBDRIVERS,CHROMEOS EC SUBDRIVERS,29123,813564
CHROMEOS EC SUBDRIVERS,CHROMEOS EC UART DRIVER,362,10225
CHROMEOS EC SUBDRIVERS,CHROMEOS EC USB TYPE-C DRIVER,1363,37902
CHROMEOS EC SUBDRIVERS,DRM DRIVERS,269,7165
CHROMEOS EC SUBDRIVERS,DRM DRIVERS FOR BRIDGE CHIPS,269,7165
CHROMEOS EC SUBDRIVERS,EXTERNAL CONNECTOR SUBSYSTEM (EXTCON),597,15901
CHROMEOS EC SUBDRIVERS,I2C SUBSYSTEM HOST DRIVERS,385,9793
CHROMEOS EC SUBDRIVERS,IIO SUBSYSTEM AND DRIVERS,2570,70565
CHROMEOS EC SUBDRIVERS,"INPUT (KEYBOARD, MOUSE, JOYSTICK, TOUCHSCREEN) DRIVERS",1038,29721
CHROMEOS EC SUBDRIVERS,MEDIA INPUT INFRASTRUCTURE (V4L/DVB),373,9805
CHROMEOS EC SUBDRIVERS,MULTIFUNCTION DEVICES (MFD),690,17012
CHROMEOS EC SUBDRIVERS,OPEN FIRMWARE AND FLATTENED DEVICE TREE BINDINGS,1150,31779
CHROMEOS EC SUBDRIVERS,POWER SUPPLY CLASS/SUBSYSTEM and DRIVERS,726,19955
CHROMEOS EC SUBDRIVERS,PWM SUBSYSTEM,420,10065
CHROMEOS EC SUBDRIVERS,REAL TIME CLOCK (RTC) SUBSYSTEM,409,10536
CHROMEOS EC SUBDRIVERS,SOUND,1069,27976
CHROMEOS EC SUBDRIVERS,SOUND - SOC LAYER / DYNAMIC AUDIO POWER MANAGEMENT (ASoC),1147,30067
CHROMEOS EC SUBDRIVERS,THE REST,29123,813564
CHROMEOS EC SUBDRIVERS,VOLTAGE AND CURRENT REGULATOR FRAMEWORK,281,7211
CHROMEOS EC UART DRIVER,CHROMEOS EC UART DRIVER,362,10225
CHROMEOS EC UART DRIVER,THE REST,362,10225
CHROMEOS EC USB PD NOTIFY DRIVER,CHROMEOS EC USB PD NOTIFY DRIVER,282,7357
CHROMEOS EC USB PD NOTIFY DRIVER,THE REST,282,7357
CHROMEOS EC USB TYPE-C DRIVER,CHROMEOS EC USB TYPE-C DRIVER,1853,51113
CHROMEOS EC USB TYPE-C DRIVER,THE REST,1853,51113
CHROMEOS HPS DRIVER,CHROMEOS HPS DRIVER,160,4044
CHROMEOS HPS DRIVER,THE REST,160,4044
CHRONTEL CH7322 CEC DRIVER,CHRONTEL CH7322 CEC DRIVER,670,15384
CHRONTEL CH7322 CEC DRIVER,MEDIA INPUT INFRASTRUCTURE (V4L/DVB),670,15384
CHRONTEL CH7322 CEC DRIVER,OPEN FIRMWARE AND FLATTENED DEVICE TREE BINDINGS,68,1525
CHRONTEL CH7322 CEC DRIVER,THE REST,670,15384
CIRRUS LOGIC AUDIO CODEC DRIVERS,CIRRUS LOGIC AUDIO CODEC DRIVERS,62980,1986736
CIRRUS LOGIC AUDIO CODEC DRIVERS,CIRRUS LOGIC MADERA CODEC DRIVERS,12763,448950
CIRRUS LOGIC AUDIO CODEC DRIVERS,MULTIFUNCTION DEVICES (MFD),2839,94867
CIRRUS LOGIC AUDIO CODEC DRIVERS,OPEN FIRMWARE AND FLATTENED DEVICE TREE BINDINGS,1236,33092
CIRRUS LOGIC AUDIO CODEC DRIVERS,PIN CONTROL SUBSYSTEM,609,16848
CIRRUS LOGIC AUDIO CODEC DRIVERS,SOUND,58013,1834226
CIRRUS LOGIC AUDIO CODEC DRIVERS,SOUND - SOC LAYER / DYNAMIC AUDIO POWER MANAGEMENT (ASoC),52687,1650841
CIRRUS LOGIC AUDIO CODEC DRIVERS,SPI SUBSYSTEM,283,7703
CIRRUS LOGIC AUDIO CODEC DRIVERS,THE REST,62980,1986736
CIRRUS LOGIC AUDIO CODEC DRIVERS,WOLFSON MICROELECTRONICS DRIVERS,1375,47338
CIRRUS LOGIC DSP FIRMWARE DRIVER,CIRRUS LOGIC DSP FIRMWARE DRIVER,3884,103626
CIRRUS LOGIC DSP FIRMWARE DRIVER,THE REST,3884,103626
CIRRUS LOGIC EP93XX ETHERNET DRIVER,CIRRUS LOGIC EP93XX ETHERNET DRIVER,874,20346
CIRRUS LOGIC EP93XX ETHERNET DRIVER,NETWORKING DRIVERS,874,20346
CIRRUS LOGIC EP93XX ETHERNET DRIVER,THE REST,874,20346
CIRRUS LOGIC LOCHNAGAR DRIVER,CIRRUS LOGIC LOCHNAGAR DRIVER,4361,138978
CIRRUS LOGIC LOCHNAGAR DRIVER,CIRRUS LOGIC MADERA CODEC DRIVERS,1234,37474
CIRRUS LOGIC LOCHNAGAR DRIVER,COMMON CLK FRAMEWORK,408,11252
CIRRUS LOGIC LOCHNAGAR DRIVER,DOCUMENTATION,83,3920
CIRRUS LOGIC LOCHNAGAR DRIVER,HARDWARE MONITORING,528,15279
CIRRUS LOGIC LOCHNAGAR DRIVER,MULTIFUNCTION DEVICES (MFD),1266,45916
CIRRUS LOGIC LOCHNAGAR DRIVER,OPEN FIRMWARE AND FLATTENED DEVICE TREE BINDINGS,877,28525
CIRRUS LOGIC LOCHNAGAR DRIVER,PIN CONTROL SUBSYSTEM,1552,50585
CIRRUS LOGIC LOCHNAGAR DRIVER,SOUND,266,7032
CIRRUS LOGIC LOCHNAGAR DRIVER,SOUND - SOC LAYER / DYNAMIC AUDIO POWER MANAGEMENT (ASoC),321,8515
CIRRUS LOGIC LOCHNAGAR DRIVER,THE REST,4361,138978
CIRRUS LOGIC LOCHNAGAR DRIVER,VOLTAGE AND CURRENT REGULATOR FRAMEWORK,286,7431
CIRRUS LOGIC MADERA CODEC DRIVERS,CIRRUS LOGIC MADERA CODEC DRIVERS,38703,1453043
CIRRUS LOGIC MADERA CODEC DRIVERS,GPIO SUBSYSTEM,213,5892
CIRRUS LOGIC MADERA CODEC DRIVERS,IRQCHIP DRIVERS,252,7302
CIRRUS LOGIC MADERA CODEC DRIVERS,MULTIFUNCTION DEVICES (MFD),17081,760419
CIRRUS LOGIC MADERA CODEC DRIVERS,OPEN FIRMWARE AND FLATTENED DEVICE TREE BINDINGS,553,15120
CIRRUS LOGIC MADERA CODEC DRIVERS,PIN CONTROL SUBSYSTEM,3400,96934
CIRRUS LOGIC MADERA CODEC DRIVERS,SOUND,17482,574412
CIRRUS LOGIC MADERA CODEC DRIVERS,SOUND - SOC LAYER / DYNAMIC AUDIO POWER MANAGEMENT (ASoC),17566,576756
CIRRUS LOGIC MADERA CODEC DRIVERS,THE REST,38703,1453043
CIRRUS LOGIC MADERA CODEC DRIVERS,WOLFSON MICROELECTRONICS DRIVERS,2999,119287
CISCO FCOE HBA DRIVER,CISCO FCOE HBA DRIVER,13185,375446
CISCO FCOE HBA DRIVER,SCSI SUBSYSTEM,13185,375446
CISCO FCOE HBA DRIVER,THE REST,13185,375446
CISCO SCSI HBA DRIVER,CISCO SCSI HBA DRIVER,9730,246135
CISCO SCSI HBA DRIVER,SCSI SUBSYSTEM,9730,246135
CISCO SCSI HBA DRIVER,THE REST,9730,246135
CISCO VIC ETHERNET NIC DRIVER,CISCO VIC ETHERNET NIC DRIVER,9624,249607
CISCO VIC ETHERNET NIC DRIVER,NETWORKING DRIVERS,9624,249607
CISCO VIC ETHERNET NIC DRIVER,THE REST,9624,249607
CISCO VIC LOW LATENCY NIC DRIVER,CISCO VIC LOW LATENCY NIC DRIVER,5700,158832
CISCO VIC LOW LATENCY NIC DRIVER,INFINIBAND SUBSYSTEM,5700,158832
CISCO VIC LOW LATENCY NIC DRIVER,THE REST,5700,158832
CLANG CONTROL FLOW INTEGRITY SUPPORT,CLANG CONTROL FLOW INTEGRITY SUPPORT,142,3339
CLANG CONTROL FLOW INTEGRITY SUPPORT,THE REST,142,3339
CLANG-FORMAT FILE,CLANG-FORMAT FILE,689,20561
CLANG-FORMAT FILE,THE REST,689,20561
CLANG/LLVM BUILD SUPPORT,CLANG/LLVM BUILD SUPPORT,700,23717
CLANG/LLVM BUILD SUPPORT,DOCUMENTATION,222,7531
CLANG/LLVM BUILD SUPPORT,KERNEL BUILD + files below scripts/ (unless maintained elsewhere),261,9184
CLANG/LLVM BUILD SUPPORT,THE REST,700,23717
CLK API,CLK API,1161,34537
CLK API,THE REST,1161,34537
"CLOCKSOURCE, CLOCKEVENT DRIVERS","CLOCKSOURCE, CLOCKEVENT DRIVERS",34017,871722
"CLOCKSOURCE, CLOCKEVENT DRIVERS",Hyper-V/Azure CORE AND DRIVERS,614,16927
"CLOCKSOURCE, CLOCKEVENT DRIVERS",MIPS CORE DRIVERS,269,6341
"CLOCKSOURCE, CLOCKEVENT DRIVERS",MIPS/LOONGSON1 ARCHITECTURE,236,6139
"CLOCKSOURCE, CLOCKEVENT DRIVERS",OPEN FIRMWARE AND FLATTENED DEVICE TREE BINDINGS,4610,122174
"CLOCKSOURCE, CLOCKEVENT DRIVERS",RENESAS RZ/G2L MTU3a COUNTER DRIVER,302,12274
"CLOCKSOURCE, CLOCKEVENT DRIVERS",RISC-V ARCHITECTURE,272,7175
"CLOCKSOURCE, CLOCKEVENT DRIVERS",SCx200 HRT CLOCKSOURCE DRIVER,89,2598
"CLOCKSOURCE, CLOCKEVENT DRIVERS",SIFIVE DRIVERS,77,2542
"CLOCKSOURCE, CLOCKEVENT DRIVERS",STM32 TIMER/LPTIMER DRIVERS,48,920
"CLOCKSOURCE, CLOCKEVENT DRIVERS",SYNOPSYS ARC ARCHITECTURE,373,9256
"CLOCKSOURCE, CLOCKEVENT DRIVERS",TEGRA ARCHITECTURE SUPPORT,1185,31160
"CLOCKSOURCE, CLOCKEVENT DRIVERS",THE REST,34017,871722
CMPC ACPI DRIVER,CMPC ACPI DRIVER,1146,27035
CMPC ACPI DRIVER,THE REST,1146,27035
CMPC ACPI DRIVER,X86 PLATFORM DRIVERS,1146,27035
COBALT MEDIA DRIVER,COBALT MEDIA DRIVER,5139,150797
COBALT MEDIA DRIVER,MEDIA INPUT INFRASTRUCTURE (V4L/DVB),5139,150797
COBALT MEDIA DRIVER,THE REST,5139,150797
COCCINELLE/Semantic Patches (SmPL),COCCINELLE/Semantic Patches (SmPL),8682,183334
COCCINELLE/Semantic Patches (SmPL),DOCUMENTATION,519,16901
COCCINELLE/Semantic Patches (SmPL),THE REST,8682,183334
CODA FILE SYSTEM,CODA FILE SYSTEM,6181,160029
CODA FILE SYSTEM,DOCUMENTATION,1670,44463
CODA FILE SYSTEM,THE REST,6181,160029
CODA V4L2 MEM2MEM DRIVER,CODA V4L2 MEM2MEM DRIVER,9993,281889
CODA V4L2 MEM2MEM DRIVER,MEDIA INPUT INFRASTRUCTURE (V4L/DVB),9993,281889
CODA V4L2 MEM2MEM DRIVER,OPEN FIRMWARE AND FLATTENED DEVICE TREE BINDINGS,107,2076
CODA V4L2 MEM2MEM DRIVER,THE REST,9993,281889
CODE OF CONDUCT,CODE OF CONDUCT,244,10793
CODE OF CONDUCT,DOCUMENTATION,244,10793
CODE OF CONDUCT,DOCUMENTATION PROCESS,244,10793
CODE OF CONDUCT,THE REST,244,10793
COMEDI DRIVERS,COMEDI DRIVERS,132701,3513118
COMEDI DRIVERS,THE REST,132701,3513118
COMMON CLK FRAMEWORK,COMMON CLK FRAMEWORK,690896,20101610
COMMON CLK FRAMEWORK,IDT VersaClock 5 CLOCK DRIVER,1543,42625
COMMON CLK FRAMEWORK,INGENIC JZ47xx SoCs,5401,135833
COMMON CLK FRAMEWORK,LOONGSON-2 SOC SERIES CLOCK DRIVER,434,11294
COMMON CLK FRAMEWORK,MARVELL ARMADA 3700 SERIAL DRIVER,59,1600
COMMON CLK FRAMEWORK,MAXIM MAX77802 PMIC REGULATOR DEVICE DRIVER,19,479
COMMON CLK FRAMEWORK,MAXIM PMIC AND MUIC DRIVERS FOR EXYNOS BASED BOARDS,406,10135
COMMON CLK FRAMEWORK,MEDIATEK MT7621 CLOCK DRIVER,663,16446
COMMON CLK FRAMEWORK,MEDIATEK MTMIPS CLOCK DRIVER,1181,30891
COMMON CLK FRAMEWORK,MIPS BOSTON DEVELOPMENT BOARD,155,4084
COMMON CLK FRAMEWORK,MIPS/LOONGSON1 ARCHITECTURE,303,8015
COMMON CLK FRAMEWORK,NXP i.MX CLOCK DRIVERS,25344,1052895
COMMON CLK FRAMEWORK,OPEN FIRMWARE AND FLATTENED DEVICE TREE,33,819
COMMON CLK FRAMEWORK,OPEN FIRMWARE AND FLATTENED DEVICE TREE BINDINGS,88655,2553905
COMMON CLK FRAMEWORK,QUALCOMM CLOCK DRIVERS,255031,6732818
COMMON CLK FRAMEWORK,RENESAS CLOCK DRIVERS,17702,551972
COMMON CLK FRAMEWORK,RENESAS VERSACLOCK 7 CLOCK DRIVER,1373,35986
COMMON CLK FRAMEWORK,RISC-V MICROCHIP FPGA SUPPORT,967,29423
COMMON CLK FRAMEWORK,ROHM POWER MANAGEMENT IC DEVICE DRIVERS,166,3979
COMMON CLK FRAMEWORK,SAMSUNG MULTIFUNCTION PMIC DEVICE DRIVERS,317,8177
COMMON CLK FRAMEWORK,SAMSUNG SOC CLOCK DRIVERS,33975,1229378
COMMON CLK FRAMEWORK,SIFIVE DRIVERS,1370,40278
COMMON CLK FRAMEWORK,SIFIVE FU540 SYSTEM-ON-CHIP,176,4761
COMMON CLK FRAMEWORK,SPEAR PLATFORM/CLOCK/PINCTRL SUPPORT,4171,144074
COMMON CLK FRAMEWORK,STARFIVE JH7110 PLL CLOCK DRIVER,553,14935
COMMON CLK FRAMEWORK,STARFIVE JH71X0 CLOCK DRIVERS,4016,136946
COMMON CLK FRAMEWORK,SYNOPSYS ARC HSDK SDP pll clock driver,455,11772
COMMON CLK FRAMEWORK,SYNOPSYS ARC SDP clock driver,588,15105
COMMON CLK FRAMEWORK,SYSTEM CONTROL & POWER/MANAGEMENT INTERFACE (SCPI/SCMI) Message Protocol drivers,578,14242
COMMON CLK FRAMEWORK,TEGRA ARCHITECTURE SUPPORT,26789,841468
COMMON CLK FRAMEWORK,TEGRA CLOCK DRIVER,22433,686862
COMMON CLK FRAMEWORK,TEXAS INSTRUMENTS' SYSTEM CONTROL INTERFACE (TISCI) PROTOCOL DRIVER,760,19453
COMMON CLK FRAMEWORK,THE REST,690896,20101610
COMMON CLK FRAMEWORK,TI CDCE706 CLOCK DRIVER,698,18018
COMMON CLK FRAMEWORK,TI CLOCK DRIVER,13138,378583
COMMON CLK FRAMEWORK,TI DAVINCI SERIES CLOCK DRIVER,3451,94113
COMMON CLK FRAMEWORK,Ux500 CLOCK DRIVERS,1867,50957
COMMON CLK FRAMEWORK,WOLFSON MICROELECTRONICS DRIVERS,399,9557
COMMON INTERNET FILE SYSTEM CLIENT (CIFS and SMB3),COMMON INTERNET FILE SYSTEM CLIENT (CIFS and SMB3),79352,2438837
COMMON INTERNET FILE SYSTEM CLIENT (CIFS and SMB3),DOCUMENTATION,1219,54211
COMMON INTERNET FILE SYSTEM CLIENT (CIFS and SMB3),KERNEL SMB3 SERVER (KSMBD),2288,70331
COMMON INTERNET FILE SYSTEM CLIENT (CIFS and SMB3),THE REST,79352,2438837
COMPACTPCI HOTPLUG CORE,COMPACTPCI HOTPLUG CORE,1058,23648
COMPACTPCI HOTPLUG CORE,PCI SUBSYSTEM,1058,23648
COMPACTPCI HOTPLUG CORE,THE REST,1058,23648
COMPACTPCI HOTPLUG GENERIC DRIVER,COMPACTPCI HOTPLUG GENERIC DRIVER,207,5332
COMPACTPCI HOTPLUG GENERIC DRIVER,PCI SUBSYSTEM,207,5332
COMPACTPCI HOTPLUG GENERIC DRIVER,THE REST,207,5332
COMPACTPCI HOTPLUG ZIATECH ZT5550 DRIVER,COMPACTPCI HOTPLUG ZIATECH ZT5550 DRIVER,369,9056
COMPACTPCI HOTPLUG ZIATECH ZT5550 DRIVER,PCI SUBSYSTEM,369,9056
COMPACTPCI HOTPLUG ZIATECH ZT5550 DRIVER,THE REST,369,9056
COMPAL LAPTOP SUPPORT,COMPAL LAPTOP SUPPORT,1113,29856
COMPAL LAPTOP SUPPORT,THE REST,1113,29856
COMPAL LAPTOP SUPPORT,X86 PLATFORM DRIVERS,1113,29856
COMPILER ATTRIBUTES,COMPILER ATTRIBUTES,400,15671
COMPILER ATTRIBUTES,THE REST,400,15671
COMPUTE EXPRESS LINK (CXL),COMPUTE EXPRESS LINK (CXL),16285,440808
COMPUTE EXPRESS LINK (CXL),THE REST,16285,440808
COMPUTE EXPRESS LINK PMU (CPMU),COMPUTE EXPRESS LINK PMU (CPMU),1058,34707
COMPUTE EXPRESS LINK PMU (CPMU),DOCUMENTATION,68,2657
COMPUTE EXPRESS LINK PMU (CPMU),THE REST,1058,34707
CONEXANT ACCESSRUNNER USB DRIVER,CONEXANT ACCESSRUNNER USB DRIVER,1378,39279
CONEXANT ACCESSRUNNER USB DRIVER,THE REST,1378,39279
CONEXANT ACCESSRUNNER USB DRIVER,USB SUBSYSTEM,1378,39279
CONFIGFS,CONFIGFS,4132,108473
CONFIGFS,THE REST,4132,108473
CONSOLE SUBSYSTEM,CONSOLE SUBSYSTEM,3888,109681
CONSOLE SUBSYSTEM,FRAMEBUFFER LAYER,3231,87945
CONSOLE SUBSYSTEM,PARISC ARCHITECTURE,409,10227
CONSOLE SUBSYSTEM,THE REST,3888,109681
CONTEXT TRACKING,CONTEXT TRACKING,1063,32580
CONTEXT TRACKING,THE REST,1063,32580
CONTROL GROUP (CGROUP),CONTROL GROUP (CGROUP),32122,912374
CONTROL GROUP (CGROUP),CONTROL GROUP - BLOCK IO CONTROLLER (BLKIO),301,11945
CONTROL GROUP (CGROUP),CONTROL GROUP - CPUSET,6158,185058
CONTROL GROUP (CGROUP),CONTROL GROUP - MEMORY RESOURCE CONTROLLER (MEMCG),1899,40507
CONTROL GROUP (CGROUP),DOCUMENTATION,7012,269264
CONTROL GROUP (CGROUP),KERNEL SELFTEST FRAMEWORK,6875,148281
CONTROL GROUP (CGROUP),THE REST,32122,912374
CONTROL GROUP - BLOCK IO CONTROLLER (BLKIO),CONTROL GROUP - BLOCK IO CONTROLLER (BLKIO),11087,311021
CONTROL GROUP - BLOCK IO CONTROLLER (BLKIO),DOCUMENTATION,301,11945
CONTROL GROUP - BLOCK IO CONTROLLER (BLKIO),THE REST,11087,311021
CONTROL GROUP - CPUSET,CONTROL GROUP - CPUSET,6454,193165
CONTROL GROUP - CPUSET,DOCUMENTATION,879,38196
CONTROL GROUP - CPUSET,KERNEL SELFTEST FRAMEWORK,968,25323
CONTROL GROUP - CPUSET,THE REST,6454,193165
CONTROL GROUP - MEMORY RESOURCE CONTROLLER (MEMCG),CONTROL GROUP - MEMORY RESOURCE CONTROLLER (MEMCG),10043,254490
CONTROL GROUP - MEMORY RESOURCE CONTROLLER (MEMCG),KERNEL SELFTEST FRAMEWORK,1899,40507
CONTROL GROUP - MEMORY RESOURCE CONTROLLER (MEMCG),MEMORY MANAGEMENT,8144,213983
CONTROL GROUP - MEMORY RESOURCE CONTROLLER (MEMCG),THE REST,10043,254490
CORETEMP HARDWARE MONITORING DRIVER,CORETEMP HARDWARE MONITORING DRIVER,1018,27525
CORETEMP HARDWARE MONITORING DRIVER,DOCUMENTATION,195,5756
CORETEMP HARDWARE MONITORING DRIVER,HARDWARE MONITORING,1018,27525
CORETEMP HARDWARE MONITORING DRIVER,THE REST,1018,27525
CORSAIR-CPRO HARDWARE MONITOR DRIVER,CORSAIR-CPRO HARDWARE MONITOR DRIVER,583,12841
CORSAIR-CPRO HARDWARE MONITOR DRIVER,HARDWARE MONITORING,583,12841
CORSAIR-CPRO HARDWARE MONITOR DRIVER,THE REST,583,12841
CORSAIR-PSU HARDWARE MONITOR DRIVER,CORSAIR-PSU HARDWARE MONITOR DRIVER,1007,27613
CORSAIR-PSU HARDWARE MONITOR DRIVER,DOCUMENTATION,101,3230
CORSAIR-PSU HARDWARE MONITOR DRIVER,HARDWARE MONITORING,1007,27613
CORSAIR-PSU HARDWARE MONITOR DRIVER,THE REST,1007,27613
COUNTER SUBSYSTEM,COUNTER SUBSYSTEM,10575,301740
COUNTER SUBSYSTEM,DOCUMENTATION,573,24887
COUNTER SUBSYSTEM,FLEXTIMER FTM-QUADDEC DRIVER,328,8202
COUNTER SUBSYSTEM,INTEL 8254 COUNTER DRIVER,447,12620
COUNTER SUBSYSTEM,INTEL QUADRATURE ENCODER PERIPHERAL DRIVER,526,13231
COUNTER SUBSYSTEM,INTERRUPT COUNTER DRIVER,256,6461
COUNTER SUBSYSTEM,Microchip Timer Counter Block (TCB) Capture Driver,406,10682
COUNTER SUBSYSTEM,RENESAS RZ/G2L MTU3a COUNTER DRIVER,906,24395
COUNTER SUBSYSTEM,STM32 TIMER/LPTIMER DRIVERS,946,24592
COUNTER SUBSYSTEM,THE REST,10575,301740
COUNTER SUBSYSTEM,TI ENHANCED CAPTURE (eCAP) DRIVER,615,16350
COUNTER SUBSYSTEM,TI ENHANCED QUADRATURE ENCODER PULSE (eQEP) DRIVER,459,11653
CP2615 I2C DRIVER,CP2615 I2C DRIVER,336,8224
CP2615 I2C DRIVER,I2C SUBSYSTEM HOST DRIVERS,336,8224
CP2615 I2C DRIVER,THE REST,336,8224
CPMAC ETHERNET DRIVER,CPMAC ETHERNET DRIVER,1251,33612
CPMAC ETHERNET DRIVER,NETWORKING DRIVERS,1251,33612
CPMAC ETHERNET DRIVER,THE REST,1251,33612
CPU FREQUENCY DRIVERS - VEXPRESS SPC ARM BIG LITTLE,CPU FREQUENCY DRIVERS - VEXPRESS SPC ARM BIG LITTLE,577,14473
CPU FREQUENCY DRIVERS - VEXPRESS SPC ARM BIG LITTLE,CPU FREQUENCY SCALING FRAMEWORK,577,14473
CPU FREQUENCY DRIVERS - VEXPRESS SPC ARM BIG LITTLE,THE REST,577,14473
CPU FREQUENCY SCALING FRAMEWORK,CPU FREQUENCY SCALING FRAMEWORK,47076,1258617
CPU FREQUENCY SCALING FRAMEWORK,DOCUMENTATION,2049,91350
CPU FREQUENCY SCALING FRAMEWORK,INTEL PSTATE DRIVER,3558,92220
CPU FREQUENCY SCALING FRAMEWORK,KERNEL SELFTEST FRAMEWORK,1055,19611
CPU FREQUENCY SCALING FRAMEWORK,LINUX FOR POWERPC (32-BIT AND 64-BIT),2808,73456
CPU FREQUENCY SCALING FRAMEWORK,MIPS/LOONGSON2EF ARCHITECTURE,184,4306
CPU FREQUENCY SCALING FRAMEWORK,OMAP POWER MANAGEMENT SUPPORT,200,4949
CPU FREQUENCY SCALING FRAMEWORK,OPEN FIRMWARE AND FLATTENED DEVICE TREE BINDINGS,1408,35762
CPU FREQUENCY SCALING FRAMEWORK,QUALCOMM CPUFREQ DRIVER MSM8996/APQ8096,618,15886
CPU FREQUENCY SCALING FRAMEWORK,SCHEDULER,941,26837
CPU FREQUENCY SCALING FRAMEWORK,SYSTEM CONTROL & POWER/MANAGEMENT INTERFACE (SCPI/SCMI) Message Protocol drivers,576,14013
CPU FREQUENCY SCALING FRAMEWORK,TEGRA ARCHITECTURE SUPPORT,1483,38718
CPU FREQUENCY SCALING FRAMEWORK,THE REST,47076,1258617
CPU HOTPLUG,CPU HOTPLUG,4376,115446
CPU HOTPLUG,THE REST,4376,115446
CPU IDLE TIME MANAGEMENT FRAMEWORK,CPU IDLE TIME MANAGEMENT FRAMEWORK,11022,323611
CPU IDLE TIME MANAGEMENT FRAMEWORK,CPUIDLE DRIVER - ARM BIG LITTLE,233,6828
CPU IDLE TIME MANAGEMENT FRAMEWORK,CPUIDLE DRIVER - ARM EXYNOS,143,3357
CPU IDLE TIME MANAGEMENT FRAMEWORK,CPUIDLE DRIVER - ARM PSCI,449,10351
CPU IDLE TIME MANAGEMENT FRAMEWORK,CPUIDLE DRIVER - ARM PSCI PM DOMAIN,234,5288
CPU IDLE TIME MANAGEMENT FRAMEWORK,CPUIDLE DRIVER - DT IDLE PM DOMAIN,259,5312
CPU IDLE TIME MANAGEMENT FRAMEWORK,CPUIDLE DRIVER - RISC-V SBI,634,14528
CPU IDLE TIME MANAGEMENT FRAMEWORK,DOCUMENTATION,941,52622
CPU IDLE TIME MANAGEMENT FRAMEWORK,LINUX FOR POWERPC (32-BIT AND 64-BIT),883,23073
CPU IDLE TIME MANAGEMENT FRAMEWORK,MIPS CORE DRIVERS,178,4283
CPU IDLE TIME MANAGEMENT FRAMEWORK,RISC-V ARCHITECTURE,649,14966
CPU IDLE TIME MANAGEMENT FRAMEWORK,TEGRA ARCHITECTURE SUPPORT,402,9625
CPU IDLE TIME MANAGEMENT FRAMEWORK,THE REST,11022,323611
CPU POWER MONITORING SUBSYSTEM,CPU POWER MONITORING SUBSYSTEM,17319,456918
CPU POWER MONITORING SUBSYSTEM,THE REST,17319,456918
CPUID/MSR DRIVER,CPUID/MSR DRIVER,525,11698
CPUID/MSR DRIVER,THE REST,525,11698
CPUID/MSR DRIVER,X86 ARCHITECTURE (32-BIT AND 64-BIT),525,11698
CPUIDLE DRIVER - ARM BIG LITTLE,CPUIDLE DRIVER - ARM BIG LITTLE,233,6828
CPUIDLE DRIVER - ARM BIG LITTLE,THE REST,233,6828
CPUIDLE DRIVER - ARM EXYNOS,CPUIDLE DRIVER - ARM EXYNOS,498,11018
CPUIDLE DRIVER - ARM EXYNOS,THE REST,498,11018
CPUIDLE DRIVER - ARM PSCI,CPUIDLE DRIVER - ARM PSCI,449,10351
CPUIDLE DRIVER - ARM PSCI,THE REST,449,10351
CPUIDLE DRIVER - ARM PSCI PM DOMAIN,CPUIDLE DRIVER - ARM PSCI PM DOMAIN,234,5288
CPUIDLE DRIVER - ARM PSCI PM DOMAIN,THE REST,234,5288
CPUIDLE DRIVER - DT IDLE PM DOMAIN,CPUIDLE DRIVER - DT IDLE PM DOMAIN,259,5312
CPUIDLE DRIVER - DT IDLE PM DOMAIN,THE REST,259,5312
CPUIDLE DRIVER - RISC-V SBI,CPUIDLE DRIVER - RISC-V SBI,634,14528
CPUIDLE DRIVER - RISC-V SBI,RISC-V ARCHITECTURE,634,14528
CPUIDLE DRIVER - RISC-V SBI,THE REST,634,14528
CRAMFS FILESYSTEM,CRAMFS FILESYSTEM,1472,43470
CRAMFS FILESYSTEM,DOCUMENTATION,123,4661
CRAMFS FILESYSTEM,THE REST,1472,43470
CREATIVE SB0540,CREATIVE SB0540,268,5771
CREATIVE SB0540,HID CORE LAYER,268,5771
CREATIVE SB0540,THE REST,268,5771
CRYPTO API,CRYPTO API,515289,14764104
CRYPTO API,CRYPTOGRAPHIC RANDOM NUMBER GENERATOR,729,16710
CRYPTO API,CXGB4 CRYPTO DRIVER (chcr),5767,167343
CRYPTO API,DOCUMENTATION,2992,109380
CRYPTO API,FREESCALE CAAM (Cryptographic Acceleration and Assurance Module) DRIVER,28371,817122
CRYPTO API,GEMINI CRYPTO DRIVER,1340,35891
CRYPTO API,HISILICON HIGH PERFORMANCE RSA ENGINE DRIVER (HPRE),3878,96187
CRYPTO API,HISILICON QM DRIVER,6010,145193
CRYPTO API,HISILICON SECURITY ENGINE V2 DRIVER (SEC2),4576,114756
CRYPTO API,HISILICON TRUE RANDOM NUMBER GENERATOR V2 SUPPORT,341,8230
CRYPTO API,HISILICON ZIP Controller DRIVER,2286,60352
CRYPTO API,IBM Power 842 compression accelerator,930,26965
CRYPTO API,IBM Power VMX Cryptographic instructions,5227,131635
CRYPTO API,IBM Power in-Nest Crypto Acceleration,6931,186955
CRYPTO API,INSIDE SECURE CRYPTO DRIVER,10166,301397
CRYPTO API,INTEL IXP4XX CRYPTO SUPPORT,1604,40917
CRYPTO API,INTEL KEEM BAY OCS AES/SM4 CRYPTO DRIVER,3454,99320
CRYPTO API,INTEL KEEM BAY OCS ECC CRYPTO DRIVER,1156,31538
CRYPTO API,INTEL KEEM BAY OCS HCU CRYPTO DRIVER,2353,64510
CRYPTO API,LINUX FOR POWERPC (32-BIT AND 64-BIT),24473,620474
CRYPTO API,LOONGARCH,324,7124
CRYPTO API,MARVELL CRYPTO DRIVER,20665,543058
CRYPTO API,MICROCHIP ECC DRIVER,415,10580
CRYPTO API,MIPS,2565,54507
CRYPTO API,OPEN FIRMWARE AND FLATTENED DEVICE TREE BINDINGS,2947,71951
CRYPTO API,PCRYPT PARALLEL CRYPTO ENGINE,421,10192
CRYPTO API,QAT DRIVER,25200,726314
CRYPTO API,QUALCOMM CRYPTO DRIVERS,3847,103512
CRYPTO API,ROCKCHIP CRYPTO DRIVERS,1944,52677
CRYPTO API,S390 ARCHITECTURE,6308,155427
CRYPTO API,SAMSUNG EXYNOS PSEUDO RANDOM NUMBER GENERATOR (RNG) DRIVER,401,9442
CRYPTO API,SAMSUNG S5P Security SubSystem (SSS) DRIVER,2460,62865
CRYPTO API,SPARC + UltraSPARC (sparc/sparc64),5308,135348
CRYPTO API,STARFIVE CRYPTO DRIVER,3171,84058
CRYPTO API,THE REST,515289,14764104
CRYPTO API,VIRTIO CORE AND NET DRIVERS,2338,62452
CRYPTO API,VIRTIO CRYPTO DRIVER,2338,62452
CRYPTO API,X86 ARCHITECTURE (32-BIT AND 64-BIT),48040,1360088
CRYPTO API,XILINX ZYNQMP SHA3 DRIVER,263,6877
CRYPTO API,ZSTD,258,5090
CRYPTOGRAPHIC RANDOM NUMBER GENERATOR,CRYPTOGRAPHIC RANDOM NUMBER GENERATOR,729,16710
CRYPTOGRAPHIC RANDOM NUMBER GENERATOR,THE REST,729,16710
CS3308 MEDIA DRIVER,CS3308 MEDIA DRIVER,126,3292
CS3308 MEDIA DRIVER,MEDIA INPUT INFRASTRUCTURE (V4L/DVB),126,3292
CS3308 MEDIA DRIVER,THE REST,126,3292
CS5535 Audio ALSA driver,CS5535 Audio ALSA driver,1228,32782
CS5535 Audio ALSA driver,SOUND,1228,32782
CS5535 Audio ALSA driver,THE REST,1228,32782
CTU CAN FD DRIVER,CTU CAN FD DRIVER,2492,71635
CTU CAN FD DRIVER,NETWORKING DRIVERS,2492,71635
CTU CAN FD DRIVER,OPEN FIRMWARE AND FLATTENED DEVICE TREE BINDINGS,66,1736
CTU CAN FD DRIVER,THE REST,2492,71635
CW1200 WLAN driver,CW1200 WLAN driver,13471,350670
CW1200 WLAN driver,NETWORKING DRIVERS (WIRELESS),13471,350670
CW1200 WLAN driver,THE REST,13471,350670
CX18 VIDEO4LINUX DRIVER,CX18 VIDEO4LINUX DRIVER,14222,418452
CX18 VIDEO4LINUX DRIVER,IVTV VIDEO4LINUX DRIVER,112,4304
CX18 VIDEO4LINUX DRIVER,MEDIA INPUT INFRASTRUCTURE (V4L/DVB),14222,418452
CX18 VIDEO4LINUX DRIVER,THE REST,14222,418452
CX2341X MPEG ENCODER HELPER MODULE,CX2341X MPEG ENCODER HELPER MODULE,2061,66492
CX2341X MPEG ENCODER HELPER MODULE,MEDIA INPUT INFRASTRUCTURE (V4L/DVB),2061,66492
CX2341X MPEG ENCODER HELPER MODULE,THE REST,2061,66492
CX24120 MEDIA DRIVER,CX24120 MEDIA DRIVER,1639,43650
CX24120 MEDIA DRIVER,MEDIA INPUT INFRASTRUCTURE (V4L/DVB),1639,43650
CX24120 MEDIA DRIVER,THE REST,1639,43650
CX88 VIDEO4LINUX DRIVER,CX88 VIDEO4LINUX DRIVER,15863,430787
CX88 VIDEO4LINUX DRIVER,MEDIA INPUT INFRASTRUCTURE (V4L/DVB),15863,430787
CX88 VIDEO4LINUX DRIVER,THE REST,15863,430787
CXD2820R MEDIA DRIVER,CXD2820R MEDIA DRIVER,2173,50192
CXD2820R MEDIA DRIVER,MEDIA INPUT INFRASTRUCTURE (V4L/DVB),2173,50192
CXD2820R MEDIA DRIVER,THE REST,2173,50192
CXGB3 ETHERNET DRIVER (CXGB3),CXGB3 ETHERNET DRIVER (CXGB3),21809,606556
CXGB3 ETHERNET DRIVER (CXGB3),NETWORKING DRIVERS,21809,606556
CXGB3 ETHERNET DRIVER (CXGB3),THE REST,21809,606556
CXGB3 ISCSI DRIVER (CXGB3I),CXGB3 ISCSI DRIVER (CXGB3I),1494,43750
CXGB3 ISCSI DRIVER (CXGB3I),SCSI SUBSYSTEM,1494,43750
CXGB3 ISCSI DRIVER (CXGB3I),THE REST,1494,43750
CXGB4 CRYPTO DRIVER (chcr),CXGB4 CRYPTO DRIVER (chcr),5767,167343
CXGB4 CRYPTO DRIVER (chcr),THE REST,5767,167343
CXGB4 ETHERNET DRIVER (CXGB4),CXGB4 ETHERNET DRIVER (CXGB4),59861,1723638
CXGB4 ETHERNET DRIVER (CXGB4),NETWORKING DRIVERS,59861,1723638
CXGB4 ETHERNET DRIVER (CXGB4),THE REST,59861,1723638
CXGB4 INLINE CRYPTO DRIVER,CXGB4 INLINE CRYPTO DRIVER,9525,246804
CXGB4 INLINE CRYPTO DRIVER,NETWORKING DRIVERS,9525,246804
CXGB4 INLINE CRYPTO DRIVER,THE REST,9525,246804
CXGB4 ISCSI DRIVER (CXGB4I),CXGB4 ISCSI DRIVER (CXGB4I),2520,71960
CXGB4 ISCSI DRIVER (CXGB4I),SCSI SUBSYSTEM,2520,71960
CXGB4 ISCSI DRIVER (CXGB4I),THE REST,2520,71960
CXGB4 IWARP RNIC DRIVER (IW_CXGB4),CXGB4 IWARP RNIC DRIVER (IW_CXGB4),15545,421453
CXGB4 IWARP RNIC DRIVER (IW_CXGB4),INFINIBAND SUBSYSTEM,15545,421453
CXGB4 IWARP RNIC DRIVER (IW_CXGB4),THE REST,15545,421453
CXGB4VF ETHERNET DRIVER (CXGB4VF),CXGB4VF ETHERNET DRIVER (CXGB4VF),9540,285045
CXGB4VF ETHERNET DRIVER (CXGB4VF),NETWORKING DRIVERS,9540,285045
CXGB4VF ETHERNET DRIVER (CXGB4VF),THE REST,9540,285045
CXL (IBM Coherent Accelerator Processor Interface CAPI) DRIVER,CXL (IBM Coherent Accelerator Processor Interface CAPI) DRIVER,14537,403315
CXL (IBM Coherent Accelerator Processor Interface CAPI) DRIVER,DOCUMENTATION,469,16192
CXL (IBM Coherent Accelerator Processor Interface CAPI) DRIVER,LINUX FOR POWERPC (32-BIT AND 64-BIT),622,20130
CXL (IBM Coherent Accelerator Processor Interface CAPI) DRIVER,THE REST,14537,403315
CXLFLASH (IBM Coherent Accelerator Processor Interface CAPI Flash) SCSI DRIVER,CXLFLASH (IBM Coherent Accelerator Processor Interface CAPI Flash) SCSI DRIVER,11489,330300
CXLFLASH (IBM Coherent Accelerator Processor Interface CAPI Flash) SCSI DRIVER,DOCUMENTATION,433,22138
CXLFLASH (IBM Coherent Accelerator Processor Interface CAPI Flash) SCSI DRIVER,LINUX FOR POWERPC (32-BIT AND 64-BIT),433,22138
CXLFLASH (IBM Coherent Accelerator Processor Interface CAPI Flash) SCSI DRIVER,SCSI SUBSYSTEM,10780,297994
CXLFLASH (IBM Coherent Accelerator Processor Interface CAPI Flash) SCSI DRIVER,THE REST,11489,330300
CYBERPRO FB DRIVER,CYBERPRO FB DRIVER,2401,62509
CYBERPRO FB DRIVER,FRAMEBUFFER LAYER,2401,62509
CYBERPRO FB DRIVER,THE REST,2401,62509
CYCLADES PC300 DRIVER,CYCLADES PC300 DRIVER,513,14026
CYCLADES PC300 DRIVER,GENERIC HDLC (WAN) DRIVERS,513,14026
CYCLADES PC300 DRIVER,NETWORKING DRIVERS,513,14026
CYCLADES PC300 DRIVER,THE REST,513,14026
CYPRESS CY8C95X0 PINCTRL DRIVER,CYPRESS CY8C95X0 PINCTRL DRIVER,1470,37130
CYPRESS CY8C95X0 PINCTRL DRIVER,PIN CONTROL SUBSYSTEM,1470,37130
CYPRESS CY8C95X0 PINCTRL DRIVER,THE REST,1470,37130
CYPRESS CY8CTMA140 TOUCHSCREEN DRIVER,CYPRESS CY8CTMA140 TOUCHSCREEN DRIVER,349,8628
CYPRESS CY8CTMA140 TOUCHSCREEN DRIVER,"INPUT (KEYBOARD, MOUSE, JOYSTICK, TOUCHSCREEN) DRIVERS",349,8628
CYPRESS CY8CTMA140 TOUCHSCREEN DRIVER,THE REST,349,8628
CYPRESS STREETFIGHTER TOUCHKEYS DRIVER,CYPRESS STREETFIGHTER TOUCHKEYS DRIVER,299,7172
CYPRESS STREETFIGHTER TOUCHKEYS DRIVER,"INPUT (KEYBOARD, MOUSE, JOYSTICK, TOUCHSCREEN) DRIVERS",299,7172
CYPRESS STREETFIGHTER TOUCHKEYS DRIVER,OPEN FIRMWARE AND FLATTENED DEVICE TREE BINDINGS,61,1273
CYPRESS STREETFIGHTER TOUCHKEYS DRIVER,THE REST,299,7172
CYPRESS_FIRMWARE MEDIA DRIVER,CYPRESS_FIRMWARE MEDIA DRIVER,160,3775
CYPRESS_FIRMWARE MEDIA DRIVER,MEDIA INPUT INFRASTRUCTURE (V4L/DVB),160,3775
CYPRESS_FIRMWARE MEDIA DRIVER,THE REST,160,3775
CYTTSP TOUCHSCREEN DRIVER,CYTTSP TOUCHSCREEN DRIVER,5083,126623
CYTTSP TOUCHSCREEN DRIVER,"INPUT (KEYBOARD, MOUSE, JOYSTICK, TOUCHSCREEN) DRIVERS",5083,126623
CYTTSP TOUCHSCREEN DRIVER,THE REST,5083,126623
D-LINK DIR-685 TOUCHKEYS DRIVER,D-LINK DIR-685 TOUCHKEYS DRIVER,155,3904
D-LINK DIR-685 TOUCHKEYS DRIVER,"INPUT (KEYBOARD, MOUSE, JOYSTICK, TOUCHSCREEN) DRIVERS",155,3904
D-LINK DIR-685 TOUCHKEYS DRIVER,THE REST,155,3904
DALLAS/MAXIM DS1685-FAMILY REAL TIME CLOCK,DALLAS/MAXIM DS1685-FAMILY REAL TIME CLOCK,1810,56024
DALLAS/MAXIM DS1685-FAMILY REAL TIME CLOCK,REAL TIME CLOCK (RTC) SUBSYSTEM,1810,56024
DALLAS/MAXIM DS1685-FAMILY REAL TIME CLOCK,THE REST,1810,56024
DAMA SLAVE for AX.25,DAMA SLAVE for AX.25,4277,97946
DAMA SLAVE for AX.25,NETWORKING [GENERAL],4277,97946
DAMA SLAVE for AX.25,THE REST,4277,97946
DATA ACCESS MONITOR,DATA ACCESS MONITOR,13418,388230
DATA ACCESS MONITOR,DOCUMENTATION,2141,86982
DATA ACCESS MONITOR,KERNEL SELFTEST FRAMEWORK,787,17804
DATA ACCESS MONITOR,MEMORY MANAGEMENT,9412,240707
DATA ACCESS MONITOR,THE REST,13418,388230
DATA ACCESS MONITOR,TRACING,46,1162
DAVICOM FAST ETHERNET (DMFE) NETWORK DRIVER,DAVICOM FAST ETHERNET (DMFE) NETWORK DRIVER,2289,61426
DAVICOM FAST ETHERNET (DMFE) NETWORK DRIVER,DOCUMENTATION,71,2318
DAVICOM FAST ETHERNET (DMFE) NETWORK DRIVER,NETWORKING DRIVERS,2218,59108
DAVICOM FAST ETHERNET (DMFE) NETWORK DRIVER,NETWORKING [GENERAL],71,2318
DAVICOM FAST ETHERNET (DMFE) NETWORK DRIVER,THE REST,2289,61426
DAVICOM FAST ETHERNET (DMFE) NETWORK DRIVER,TULIP NETWORK DRIVERS,2218,59108
DC390/AM53C974 SCSI driver,DC390/AM53C974 SCSI driver,542,13047
DC390/AM53C974 SCSI driver,SCSI SUBSYSTEM,542,13047
DC390/AM53C974 SCSI driver,THE REST,542,13047
DC395x SCSI driver,DC395x SCSI driver,5418,166617
DC395x SCSI driver,DOCUMENTATION,114,3741
DC395x SCSI driver,SCSI SUBSYSTEM,5304,162876
DC395x SCSI driver,THE REST,5418,166617
DCCP PROTOCOL,DCCP PROTOCOL,14162,404289
DCCP PROTOCOL,NETWORKING [GENERAL],13549,385122
DCCP PROTOCOL,THE REST,14162,404289
DEBUGOBJECTS:,DEBUGOBJECTS:,1564,41861
DEBUGOBJECTS:,THE REST,1564,41861
DECSTATION PLATFORM SUPPORT,DECSTATION PLATFORM SUPPORT,4278,125775
DECSTATION PLATFORM SUPPORT,MIPS,4278,125775
DECSTATION PLATFORM SUPPORT,THE REST,4278,125775
DEFXX FDDI NETWORK DRIVER,DEFXX FDDI NETWORK DRIVER,5673,173548
DEFXX FDDI NETWORK DRIVER,NETWORKING DRIVERS,5673,173548
DEFXX FDDI NETWORK DRIVER,THE REST,5673,173548
DEFZA FDDI NETWORK DRIVER,DEFZA FDDI NETWORK DRIVER,2357,73512
DEFZA FDDI NETWORK DRIVER,NETWORKING DRIVERS,2357,73512
DEFZA FDDI NETWORK DRIVER,THE REST,2357,73512
DEINTERLACE DRIVERS FOR ALLWINNER H3,DEINTERLACE DRIVERS FOR ALLWINNER H3,1350,36566
DEINTERLACE DRIVERS FOR ALLWINNER H3,MEDIA INPUT INFRASTRUCTURE (V4L/DVB),1350,36566
DEINTERLACE DRIVERS FOR ALLWINNER H3,OPEN FIRMWARE AND FLATTENED DEVICE TREE BINDINGS,83,1957
DEINTERLACE DRIVERS FOR ALLWINNER H3,THE REST,1350,36566
DELL LAPTOP DRIVER,DELL LAPTOP DRIVER,2365,61947
DELL LAPTOP DRIVER,THE REST,2365,61947
DELL LAPTOP DRIVER,X86 PLATFORM DRIVERS,2365,61947
DELL LAPTOP FREEFALL DRIVER,DELL LAPTOP FREEFALL DRIVER,192,4814
DELL LAPTOP FREEFALL DRIVER,THE REST,192,4814
DELL LAPTOP FREEFALL DRIVER,X86 PLATFORM DRIVERS,192,4814
DELL LAPTOP RBTN DRIVER,DELL LAPTOP RBTN DRIVER,514,11113
DELL LAPTOP RBTN DRIVER,THE REST,514,11113
DELL LAPTOP RBTN DRIVER,X86 PLATFORM DRIVERS,514,11113
DELL LAPTOP SMM DRIVER,DELL LAPTOP SMM DRIVER,1527,35230
DELL LAPTOP SMM DRIVER,HARDWARE MONITORING,1469,33299
DELL LAPTOP SMM DRIVER,THE REST,1527,35230
DELL REMOTE BIOS UPDATE DRIVER,DELL REMOTE BIOS UPDATE DRIVER,677,17682
DELL REMOTE BIOS UPDATE DRIVER,THE REST,677,17682
DELL REMOTE BIOS UPDATE DRIVER,X86 PLATFORM DRIVERS,677,17682
DELL SMBIOS DRIVER,DELL SMBIOS DRIVER,1186,30854
DELL SMBIOS DRIVER,DELL SMBIOS SMM DRIVER,154,3693
DELL SMBIOS DRIVER,DELL SMBIOS WMI DRIVER,278,6846
DELL SMBIOS DRIVER,THE REST,1186,30854
DELL SMBIOS DRIVER,X86 PLATFORM DRIVERS,1186,30854
DELL SMBIOS SMM DRIVER,DELL SMBIOS SMM DRIVER,154,3693
DELL SMBIOS SMM DRIVER,THE REST,154,3693
DELL SMBIOS SMM DRIVER,X86 PLATFORM DRIVERS,154,3693
DELL SMBIOS WMI DRIVER,DELL SMBIOS WMI DRIVER,485,11709
DELL SMBIOS WMI DRIVER,THE REST,485,11709
DELL SMBIOS WMI DRIVER,X86 PLATFORM DRIVERS,278,6846
DELL SYSTEMS MANAGEMENT BASE DRIVER (dcdbas),DELL SYSTEMS MANAGEMENT BASE DRIVER (dcdbas),997,25908
DELL SYSTEMS MANAGEMENT BASE DRIVER (dcdbas),DOCUMENTATION,99,3984
DELL SYSTEMS MANAGEMENT BASE DRIVER (dcdbas),THE REST,997,25908
DELL SYSTEMS MANAGEMENT BASE DRIVER (dcdbas),X86 PLATFORM DRIVERS,898,21924
DELL WMI DDV DRIVER,DELL WMI DDV DRIVER,1230,35150
DELL WMI DDV DRIVER,DOCUMENTATION,297,12737
DELL WMI DDV DRIVER,THE REST,1230,35150
DELL WMI DDV DRIVER,X86 PLATFORM DRIVERS,890,21027
DELL WMI DESCRIPTOR DRIVER,DELL WMI DESCRIPTOR DRIVER,205,4779
DELL WMI DESCRIPTOR DRIVER,THE REST,205,4779
DELL WMI DESCRIPTOR DRIVER,X86 PLATFORM DRIVERS,205,4779
DELL WMI HARDWARE PRIVACY SUPPORT,DELL WMI HARDWARE PRIVACY SUPPORT,406,11560
DELL WMI HARDWARE PRIVACY SUPPORT,THE REST,406,11560
DELL WMI HARDWARE PRIVACY SUPPORT,X86 PLATFORM DRIVERS,406,11560
DELL WMI NOTIFICATIONS DRIVER,DELL WMI NOTIFICATIONS DRIVER,837,22316
DELL WMI NOTIFICATIONS DRIVER,THE REST,837,22316
DELL WMI NOTIFICATIONS DRIVER,X86 PLATFORM DRIVERS,837,22316
DELL WMI SYSMAN DRIVER,DELL WMI SYSMAN DRIVER,2427,71033
DELL WMI SYSMAN DRIVER,THE REST,2427,71033
DELL WMI SYSMAN DRIVER,THINKPAD LMI DRIVER,463,16124
DELL WMI SYSMAN DRIVER,X86 PLATFORM DRIVERS,1964,54909
DELTA AHE-50DC FAN CONTROL MODULE DRIVER,DELTA AHE-50DC FAN CONTROL MODULE DRIVER,130,3887
DELTA AHE-50DC FAN CONTROL MODULE DRIVER,HARDWARE MONITORING,130,3887
DELTA AHE-50DC FAN CONTROL MODULE DRIVER,PMBUS HARDWARE MONITORING DRIVERS,130,3887
DELTA AHE-50DC FAN CONTROL MODULE DRIVER,THE REST,130,3887
DELTA DPS920AB PSU DRIVER,DELTA DPS920AB PSU DRIVER,279,6660
DELTA DPS920AB PSU DRIVER,DOCUMENTATION,73,1730
DELTA DPS920AB PSU DRIVER,HARDWARE MONITORING,279,6660
DELTA DPS920AB PSU DRIVER,PMBUS HARDWARE MONITORING DRIVERS,206,4930
DELTA DPS920AB PSU DRIVER,THE REST,279,6660
DELTA NETWORKS TN48M CPLD DRIVERS,DELTA NETWORKS TN48M CPLD DRIVERS,284,6257
DELTA NETWORKS TN48M CPLD DRIVERS,GPIO SUBSYSTEM,139,3081
DELTA NETWORKS TN48M CPLD DRIVERS,MULTIFUNCTION DEVICES (MFD),90,1954
DELTA NETWORKS TN48M CPLD DRIVERS,OPEN FIRMWARE AND FLATTENED DEVICE TREE BINDINGS,184,4021
DELTA NETWORKS TN48M CPLD DRIVERS,RESET CONTROLLER FRAMEWORK,55,1222
DELTA NETWORKS TN48M CPLD DRIVERS,THE REST,284,6257
DELTA ST MEDIA DRIVER,DELTA ST MEDIA DRIVER,4327,115930
DELTA ST MEDIA DRIVER,MEDIA INPUT INFRASTRUCTURE (V4L/DVB),4327,115930
DELTA ST MEDIA DRIVER,THE REST,4327,115930
DENALI NAND DRIVER,DENALI NAND DRIVER,2177,60191
DENALI NAND DRIVER,MEMORY TECHNOLOGY DEVICES (MTD),2177,60191
DENALI NAND DRIVER,NAND FLASH SUBSYSTEM,2177,60191
DENALI NAND DRIVER,THE REST,2177,60191
DESIGNWARE EDMA CORE IP DRIVER,DESIGNWARE EDMA CORE IP DRIVER,3460,88321
DESIGNWARE EDMA CORE IP DRIVER,DMA GENERIC OFFLOAD ENGINE SUBSYSTEM,3460,88321
DESIGNWARE EDMA CORE IP DRIVER,THE REST,3460,88321
DESIGNWARE USB2 DRD IP DRIVER,DESIGNWARE USB2 DRD IP DRIVER,25647,748032
DESIGNWARE USB2 DRD IP DRIVER,THE REST,25647,748032
DESIGNWARE USB2 DRD IP DRIVER,USB SUBSYSTEM,25647,748032
DESIGNWARE USB3 DRD IP DRIVER,DESIGNWARE USB3 DRD IP DRIVER,19192,511865
DESIGNWARE USB3 DRD IP DRIVER,OMAP USB SUPPORT,625,15873
DESIGNWARE USB3 DRD IP DRIVER,THE REST,19192,511865
DESIGNWARE USB3 DRD IP DRIVER,USB SUBSYSTEM,19192,511865
DESIGNWARE XDATA IP DRIVER,DESIGNWARE XDATA IP DRIVER,484,11612
DESIGNWARE XDATA IP DRIVER,DOCUMENTATION,64,1689
DESIGNWARE XDATA IP DRIVER,THE REST,484,11612
DEVANTECH SRF ULTRASONIC RANGER IIO DRIVER,DEVANTECH SRF ULTRASONIC RANGER IIO DRIVER,983,24827
DEVANTECH SRF ULTRASONIC RANGER IIO DRIVER,IIO SUBSYSTEM AND DRIVERS,983,24827
DEVANTECH SRF ULTRASONIC RANGER IIO DRIVER,THE REST,983,24827
DEVICE COREDUMP (DEV_COREDUMP),DEVICE COREDUMP (DEV_COREDUMP),515,14837
DEVICE COREDUMP (DEV_COREDUMP),"DRIVER CORE, KOBJECTS, DEBUGFS AND SYSFS",425,12571
DEVICE COREDUMP (DEV_COREDUMP),THE REST,515,14837
DEVICE DEPENDENCY HELPER SCRIPT,DEVICE DEPENDENCY HELPER SCRIPT,315,6219
DEVICE DEPENDENCY HELPER SCRIPT,THE REST,315,6219
DEVICE DIRECT ACCESS (DAX),DEVICE DIRECT ACCESS (DAX),3559,88728
DEVICE DIRECT ACCESS (DAX),THE REST,3559,88728
DEVICE FREQUENCY (DEVFREQ),DEVICE FREQUENCY (DEVFREQ),10055,267143
DEVICE FREQUENCY (DEVFREQ),DEVICE FREQUENCY EVENT (DEVFREQ-EVENT),2260,57975
DEVICE FREQUENCY (DEVFREQ),INTERCONNECT API,142,4250
DEVICE FREQUENCY (DEVFREQ),MEMORY FREQUENCY SCALING DRIVERS FOR NVIDIA TEGRA,983,25762
DEVICE FREQUENCY (DEVFREQ),OPEN FIRMWARE AND FLATTENED DEVICE TREE BINDINGS,503,13711
DEVICE FREQUENCY (DEVFREQ),TEGRA ARCHITECTURE SUPPORT,1109,28744
DEVICE FREQUENCY (DEVFREQ),THE REST,10055,267143
DEVICE FREQUENCY (DEVFREQ),TRACING,68,1962
DEVICE FREQUENCY EVENT (DEVFREQ-EVENT),DEVICE FREQUENCY EVENT (DEVFREQ-EVENT),2485,64760
DEVICE FREQUENCY EVENT (DEVFREQ-EVENT),OPEN FIRMWARE AND FLATTENED DEVICE TREE BINDINGS,260,7169
DEVICE FREQUENCY EVENT (DEVFREQ-EVENT),THE REST,2485,64760
DEVICE RESOURCE MANAGEMENT HELPERS,DEVICE RESOURCE MANAGEMENT HELPERS,79,2740
DEVICE RESOURCE MANAGEMENT HELPERS,THE REST,79,2740
DEVICE-MAPPER  (LVM),DEVICE-MAPPER  (LVM),98524,2552817
DEVICE-MAPPER  (LVM),DOCUMENTATION,5706,216392
DEVICE-MAPPER  (LVM),SOFTWARE RAID (Multiple Disks) SUPPORT,784,25657
DEVICE-MAPPER  (LVM),THE REST,98524,2552817
DEVLINK,DEVLINK,20600,618522
DEVLINK,DOCUMENTATION,4110,148271
DEVLINK,ETAS ES58X CAN/USB DRIVER,36,979
DEVLINK,MARVELL 88E6XXX ETHERNET SWITCH FABRIC DRIVER,28,762
DEVLINK,NETWORKING [GENERAL],19894,595902
DEVLINK,SFC NETWORK DRIVER,57,1775
DEVLINK,THE REST,20600,618522
DH ELECTRONICS IMX6 DHCOM/DHCOR BOARD SUPPORT,DH ELECTRONICS IMX6 DHCOM/DHCOR BOARD SUPPORT,3248,80177
DH ELECTRONICS IMX6 DHCOM/DHCOR BOARD SUPPORT,OPEN FIRMWARE AND FLATTENED DEVICE TREE BINDINGS,3248,80177
DH ELECTRONICS IMX6 DHCOM/DHCOR BOARD SUPPORT,THE REST,3248,80177
DH ELECTRONICS STM32MP1 DHCOM/DHCOR BOARD SUPPORT,DH ELECTRONICS STM32MP1 DHCOM/DHCOR BOARD SUPPORT,2754,55981
DH ELECTRONICS STM32MP1 DHCOM/DHCOR BOARD SUPPORT,OPEN FIRMWARE AND FLATTENED DEVICE TREE BINDINGS,2754,55981
DH ELECTRONICS STM32MP1 DHCOM/DHCOR BOARD SUPPORT,THE REST,2754,55981
DIALOG SEMICONDUCTOR DRIVERS,DIALOG SEMICONDUCTOR DRIVERS,46326,1371070
DIALOG SEMICONDUCTOR DRIVERS,DOCUMENTATION,135,4225
DIALOG SEMICONDUCTOR DRIVERS,FRAMEBUFFER LAYER,339,8070
DIALOG SEMICONDUCTOR DRIVERS,GPIO SUBSYSTEM,398,9935
DIALOG SEMICONDUCTOR DRIVERS,HARDWARE MONITORING,925,25508
DIALOG SEMICONDUCTOR DRIVERS,IIO SUBSYSTEM AND DRIVERS,375,9965
DIALOG SEMICONDUCTOR DRIVERS,"INPUT (KEYBOARD, MOUSE, JOYSTICK, TOUCHSCREEN) DRIVERS",2429,63568
DIALOG SEMICONDUCTOR DRIVERS,LED SUBSYSTEM,338,8211
DIALOG SEMICONDUCTOR DRIVERS,MULTIFUNCTION DEVICES (MFD),10515,301897
DIALOG SEMICONDUCTOR DRIVERS,OPEN FIRMWARE AND FLATTENED DEVICE TREE BINDINGS,1434,41797
DIALOG SEMICONDUCTOR DRIVERS,PIN CONTROL SUBSYSTEM,300,8009
DIALOG SEMICONDUCTOR DRIVERS,POWER SUPPLY CLASS/SUBSYSTEM and DRIVERS,1910,46808
DIALOG SEMICONDUCTOR DRIVERS,REAL TIME CLOCK (RTC) SUBSYSTEM,1256,32443
DIALOG SEMICONDUCTOR DRIVERS,SOUND,17807,567588
DIALOG SEMICONDUCTOR DRIVERS,SOUND - SOC LAYER / DYNAMIC AUDIO POWER MANAGEMENT (ASoC),17644,565220
DIALOG SEMICONDUCTOR DRIVERS,THE REST,46326,1371070
DIALOG SEMICONDUCTOR DRIVERS,THERMAL,302,8226
DIALOG SEMICONDUCTOR DRIVERS,VOLTAGE AND CURRENT REGULATOR FRAMEWORK,8263,250057
DIALOG SEMICONDUCTOR DRIVERS,WATCHDOG DEVICE DRIVERS,1000,25521
DIAMOND SYSTEMS GPIO-MM GPIO DRIVER,DIAMOND SYSTEMS GPIO-MM GPIO DRIVER,101,3089
DIAMOND SYSTEMS GPIO-MM GPIO DRIVER,GPIO SUBSYSTEM,101,3089
DIAMOND SYSTEMS GPIO-MM GPIO DRIVER,THE REST,101,3089
DIOLAN U2C-12 I2C DRIVER,DIOLAN U2C-12 I2C DRIVER,518,13044
DIOLAN U2C-12 I2C DRIVER,I2C SUBSYSTEM HOST DRIVERS,518,13044
DIOLAN U2C-12 I2C DRIVER,THE REST,518,13044
DIRECTORY NOTIFICATION (DNOTIFY),DIRECTORY NOTIFICATION (DNOTIFY),551,15958
DIRECTORY NOTIFICATION (DNOTIFY),DOCUMENTATION,75,3198
DIRECTORY NOTIFICATION (DNOTIFY),FSNOTIFY: FILESYSTEM NOTIFICATION INFRASTRUCTURE,426,11748
DIRECTORY NOTIFICATION (DNOTIFY),THE REST,551,15958
DISK GEOMETRY AND PARTITION HANDLING,DISK GEOMETRY AND PARTITION HANDLING,0,0
DISKQUOTA,DISKQUOTA,7212,204101
DISKQUOTA,DOCUMENTATION,85,3408
DISKQUOTA,THE REST,7212,204101
DISPLAYLINK USB 2.0 FRAMEBUFFER DRIVER (UDLFB),DISPLAYLINK USB 2.0 FRAMEBUFFER DRIVER (UDLFB),2273,63409
DISPLAYLINK USB 2.0 FRAMEBUFFER DRIVER (UDLFB),DOCUMENTATION,169,7668
DISPLAYLINK USB 2.0 FRAMEBUFFER DRIVER (UDLFB),FRAMEBUFFER LAYER,2273,63409
DISPLAYLINK USB 2.0 FRAMEBUFFER DRIVER (UDLFB),THE REST,2273,63409
DISTRIBUTED LOCK MANAGER (DLM),DISTRIBUTED LOCK MANAGER (DLM),19559,496323
DISTRIBUTED LOCK MANAGER (DLM),THE REST,19559,496323
DMA BUFFER SHARING FRAMEWORK,DMA BUFFER SHARING FRAMEWORK,11912,320979
DMA BUFFER SHARING FRAMEWORK,DMA-BUF HEAPS FRAMEWORK,1187,27539
DMA BUFFER SHARING FRAMEWORK,DOCUMENTATION,366,14097
DMA BUFFER SHARING FRAMEWORK,KFENCE,251,8870
DMA BUFFER SHARING FRAMEWORK,SYNC FILE FRAMEWORK,2820,77765
DMA BUFFER SHARING FRAMEWORK,THE REST,11912,320979
DMA BUFFER SHARING FRAMEWORK,USERSPACE DMA BUFFER DRIVER,395,9020
DMA GENERIC OFFLOAD ENGINE SUBSYSTEM,DMA GENERIC OFFLOAD ENGINE SUBSYSTEM,164937,4451838
DMA GENERIC OFFLOAD ENGINE SUBSYSTEM,DOCUMENTATION,1503,53351
DMA GENERIC OFFLOAD ENGINE SUBSYSTEM,FREESCALE DMA DRIVER,1696,43705
DMA GENERIC OFFLOAD ENGINE SUBSYSTEM,HISILICON DMA DRIVER,1053,31034
DMA GENERIC OFFLOAD ENGINE SUBSYSTEM,INGENIC JZ47xx SoCs,1148,32243
DMA GENERIC OFFLOAD ENGINE SUBSYSTEM,INTEL IDXD DRIVER,8882,219531
DMA GENERIC OFFLOAD ENGINE SUBSYSTEM,MEDIATEK DMA DRIVER,2719,73229
DMA GENERIC OFFLOAD ENGINE SUBSYSTEM,MICROCHIP AT91 DMA DRIVERS,4867,146259
DMA GENERIC OFFLOAD ENGINE SUBSYSTEM,OPEN FIRMWARE AND FLATTENED DEVICE TREE,93,2353
DMA GENERIC OFFLOAD ENGINE SUBSYSTEM,OPEN FIRMWARE AND FLATTENED DEVICE TREE BINDINGS,6528,183532
DMA GENERIC OFFLOAD ENGINE SUBSYSTEM,PLX DMA DRIVER,635,15580
DMA GENERIC OFFLOAD ENGINE SUBSYSTEM,PXA2xx/PXA3xx SUPPORT,1468,40593
DMA GENERIC OFFLOAD ENGINE SUBSYSTEM,QUALCOMM HIDMA DRIVER,2910,79852
DMA GENERIC OFFLOAD ENGINE SUBSYSTEM,SIFIVE DRIVERS,74,1778
DMA GENERIC OFFLOAD ENGINE SUBSYSTEM,SIFIVE FU540 SYSTEM-ON-CHIP,74,1778
DMA GENERIC OFFLOAD ENGINE SUBSYSTEM,SIFIVE PDMA DRIVER,824,20428
DMA GENERIC OFFLOAD ENGINE SUBSYSTEM,SYNOPSYS DESIGNWARE AXI DMAC DRIVER,2158,57738
DMA GENERIC OFFLOAD ENGINE SUBSYSTEM,SYNOPSYS DESIGNWARE DMAC DRIVER,3306,87746
DMA GENERIC OFFLOAD ENGINE SUBSYSTEM,TEGRA ARCHITECTURE SUPPORT,4484,123618
DMA GENERIC OFFLOAD ENGINE SUBSYSTEM,TEGRA DMA DRIVERS,4222,115614
DMA GENERIC OFFLOAD ENGINE SUBSYSTEM,TEXAS INSTRUMENTS DMA DRIVERS,16833,449834
DMA GENERIC OFFLOAD ENGINE SUBSYSTEM,THE REST,164937,4451838
DMA GENERIC OFFLOAD ENGINE SUBSYSTEM,XILINX XDMA DRIVER,1158,30737
DMA GENERIC OFFLOAD ENGINE SUBSYSTEM,XILINX ZYNQMP DPDMA DRIVER,1867,52755
DMA MAPPING BENCHMARK,DMA MAPPING BENCHMARK,495,11886
DMA MAPPING BENCHMARK,DMA MAPPING HELPERS,358,8811
DMA MAPPING BENCHMARK,KERNEL SELFTEST FRAMEWORK,137,3075
DMA MAPPING BENCHMARK,THE REST,495,11886
DMA MAPPING HELPERS,DMA MAPPING HELPERS,8661,245489
DMA MAPPING HELPERS,GENERIC INCLUDE/ASM HEADER FILES,10,232
DMA MAPPING HELPERS,THE REST,8661,245489
DMA-BUF HEAPS FRAMEWORK,DMA-BUF HEAPS FRAMEWORK,1308,30564
DMA-BUF HEAPS FRAMEWORK,THE REST,1308,30564
DMC FREQUENCY DRIVER FOR SAMSUNG EXYNOS5422,DMC FREQUENCY DRIVER FOR SAMSUNG EXYNOS5422,1732,52070
DMC FREQUENCY DRIVER FOR SAMSUNG EXYNOS5422,MEMORY CONTROLLER DRIVERS,1732,52070
DMC FREQUENCY DRIVER FOR SAMSUNG EXYNOS5422,OPEN FIRMWARE AND FLATTENED DEVICE TREE BINDINGS,139,4242
DMC FREQUENCY DRIVER FOR SAMSUNG EXYNOS5422,THE REST,1732,52070
DME1737 HARDWARE MONITOR DRIVER,DME1737 HARDWARE MONITOR DRIVER,3151,92448
DME1737 HARDWARE MONITOR DRIVER,DOCUMENTATION,364,13203
DME1737 HARDWARE MONITOR DRIVER,HARDWARE MONITORING,3151,92448
DME1737 HARDWARE MONITOR DRIVER,THE REST,3151,92448
DMI/SMBIOS SUPPORT,DMI/SMBIOS SUPPORT,1645,42641
DMI/SMBIOS SUPPORT,THE REST,1645,42641
DOCUMENTATION,DOCUMENTATION,666943,25980551
DOCUMENTATION,DOCUMENTATION PROCESS,15441,647814
DOCUMENTATION,DOCUMENTATION REPORTING ISSUES,2861,145052
DOCUMENTATION,DOCUMENTATION SCRIPTS,1709,40383
DOCUMENTATION,DOCUMENTATION/ITALIAN,14768,632912
DOCUMENTATION,DOCUMENTATION/JAPANESE,1837,110042
DOCUMENTATION,DPAA2 ETHERNET DRIVER,380,16274
DOCUMENTATION,DPAA2 ETHERNET SWITCH DRIVER,217,9289
DOCUMENTATION,DRBD DRIVER,2459,90580
DOCUMENTATION,"DRIVER CORE, KOBJECTS, DEBUGFS AND SYSFS",434,19252
DOCUMENTATION,DRM AUTOMATED TESTING,144,5307
DOCUMENTATION,DRM COMPUTE ACCELERATORS DRIVERS AND FRAMEWORK,821,33575
DOCUMENTATION,DRM DRIVER FOR VIRTUAL KERNEL MODESETTING (VKMS),195,6637
DOCUMENTATION,DRM DRIVERS,17857,699221
DOCUMENTATION,DRM DRIVERS AND MISC GPU PATCHES,17857,699221
DOCUMENTATION,DRM DRIVERS FOR AMLOGIC SOCS,55,1765
DOCUMENTATION,DRM DRIVERS FOR XEN,31,1010
DOCUMENTATION,DYNAMIC INTERRUPT MODERATION,176,7999
DOCUMENTATION,ECRYPT FILE SYSTEM,86,2600
DOCUMENTATION,EDAC-CORE,1517,53628
DOCUMENTATION,ELM327 CAN NETWORK DRIVER,331,10036
DOCUMENTATION,EROFS FILE SYSTEM,364,18151
DOCUMENTATION,ETAS ES58X CAN/USB DRIVER,36,979
DOCUMENTATION,ETHERNET PHY LIBRARY,551,24560
DOCUMENTATION,EXEC & BINFMT API,151,7383
DOCUMENTATION,EXT2 FILE SYSTEM,398,19136
DOCUMENTATION,EXT4 FILE SYSTEM,4084,140957
DOCUMENTATION,EXTENSIBLE FIRMWARE INTERFACE (EFI),100,3908
DOCUMENTATION,EXTRA BOOT CONFIG,327,10604
DOCUMENTATION,F2FS FILE SYSTEM,918,41767
DOCUMENTATION,F71805F HARDWARE MONITORING DRIVER,181,6887
DOCUMENTATION,FAILOVER MODULE,18,639
DOCUMENTATION,FAULT INJECTION SUPPORT,904,29271
DOCUMENTATION,FIRMWARE LOADER (request_firmware),17,443
DOCUMENTATION,FPGA DFL DRIVERS,687,30533
DOCUMENTATION,FPGA MANAGER FRAMEWORK,1173,46816
DOCUMENTATION,FRAMEBUFFER LAYER,5771,205704
DOCUMENTATION,FREESCALE IMX DDR PMU DRIVER,71,3549
DOCUMENTATION,FS-CACHE: LOCAL CACHING FOR NETWORK FILESYSTEMS,1953,73138
DOCUMENTATION,FSCRYPT: FILE SYSTEM LEVEL ENCRYPTION SUPPORT,1448,65092
DOCUMENTATION,FSVERITY: READ-ONLY FILE-BASED AUTHENTICITY PROTECTION,884,41413
DOCUMENTATION,FUNCTION HOOKS (FTRACE),4492,167546
DOCUMENTATION,FUSE: FILESYSTEM IN USERSPACE,426,17080
DOCUMENTATION,FUTEX SUBSYSTEM,659,29628
DOCUMENTATION,GATEWORKS SYSTEM CONTROLLER (GSC) DRIVER,53,1726
DOCUMENTATION,GCC PLUGINS,133,4210
DOCUMENTATION,GCOV BASED KERNEL PROFILING,274,8137
DOCUMENTATION,GFS2 FILE SYSTEM,416,17388
DOCUMENTATION,GOOGLE ETHERNET DRIVERS,175,6284
DOCUMENTATION,GPIO AGGREGATOR,111,3537
DOCUMENTATION,GPIO SUBSYSTEM,3046,129652
DOCUMENTATION,HANDSHAKE UPCALL FOR TRANSPORT LAYER SECURITY,222,8469
DOCUMENTATION,HARDWARE MONITORING,23910,760027
DOCUMENTATION,HARDWARE RANDOM NUMBER GENERATOR CORE,105,3770
DOCUMENTATION,HARDWARE SPINLOCK CORE,485,15501
DOCUMENTATION,HEWLETT PACKARD ENTERPRISE ILO NMI WATCHDOG DRIVER,77,3540
DOCUMENTATION,HEWLETT-PACKARD SMART ARRAY RAID DRIVER (hpsa),129,5244
DOCUMENTATION,HFS FILESYSTEM,87,3033
DOCUMENTATION,HFSPLUS FILESYSTEM,61,1831
DOCUMENTATION,HID CORE LAYER,3153,131733
DOCUMENTATION,HID SENSOR HUB DRIVERS,242,9846
DOCUMENTATION,"HIGH-RESOLUTION TIMERS, CLOCKEVENTS",1090,51651
DOCUMENTATION,HIGHPOINT ROCKETRAID 3xxx RAID DRIVER,215,8709
DOCUMENTATION,HISILICON HNS3 PMU DRIVER,136,4503
DOCUMENTATION,HISILICON PMU DRIVER,256,10226
DOCUMENTATION,HISILICON PTT DRIVER,304,12853
DOCUMENTATION,HMM - Heterogeneous Memory Management,441,21123
DOCUMENTATION,HP WMI HARDWARE MONITOR DRIVER,140,6393
DOCUMENTATION,HPET:	High Precision Event Timers driver,30,1554
DOCUMENTATION,HSI SUBSYSTEM,88,3192
DOCUMENTATION,HTE SUBSYSTEM,148,5568
DOCUMENTATION,HUAWEI ETHERNET DRIVER,128,4331
DOCUMENTATION,HUGETLB SUBSYSTEM,1319,63734
DOCUMENTATION,Hyper-V/Azure CORE AND DRIVERS,715,33087
DOCUMENTATION,I3C SUBSYSTEM,232,8723
DOCUMENTATION,IA64 (Itanium) PLATFORM,2274,73149
DOCUMENTATION,IDMAPPED MOUNTS,1039,42083
DOCUMENTATION,IEEE 802.15.4 SUBSYSTEM,182,7078
DOCUMENTATION,INA209 HARDWARE MONITOR DRIVER,99,3683
DOCUMENTATION,INA2XX HARDWARE MONITOR DRIVER,123,3963
DOCUMENTATION,INDEX OF FURTHER KERNEL DOCUMENTATION,210,7625
DOCUMENTATION,INFINIBAND SUBSYSTEM,729,28936
DOCUMENTATION,INOTIFY,90,4088
DOCUMENTATION,"INPUT (KEYBOARD, MOUSE, JOYSTICK, TOUCHSCREEN) DRIVERS",9190,313810
DOCUMENTATION,INPUT MULTITOUCH (MT) PROTOCOL,415,17894
DOCUMENTATION,"INTEL DRM DRIVERS (excluding Poulsbo, Moorestown and derivative chipsets)",739,23061
DOCUMENTATION,INTEL ETHERNET DRIVERS,4153,161889
DOCUMENTATION,INTEL FRAMEBUFFER DRIVER (excluding 810 and 815),155,3861
DOCUMENTATION,INTEL MANAGEMENT ENGINE (mei),565,17910
DOCUMENTATION,INTEL MAX 10 BMC MFD DRIVER,78,2968
DOCUMENTATION,"INTEL PRO/WIRELESS 2100, 2200BG, 2915ABG NETWORK CONNECTION SUPPORT",849,29244
DOCUMENTATION,INTEL SGX,302,13110
DOCUMENTATION,INTEL UNCORE FREQUENCY CONTROL,115,4741
DOCUMENTATION,INTEL(R) TRACE HUB,150,6152
DOCUMENTATION,INTEL(R) TRUSTED EXECUTION TECHNOLOGY (TXT),227,10497
DOCUMENTATION,INTERCONNECT API,140,6295
DOCUMENTATION,IOMMU SUBSYSTEM,209,7770
DOCUMENTATION,IOMMUFD,223,9693
DOCUMENTATION,IPMI SUBSYSTEM,810,33138
DOCUMENTATION,IPVS,332,11723
DOCUMENTATION,IRQ DOMAINS (IRQ NUMBER MAPPING LIBRARY),297,12506
DOCUMENTATION,ISA,122,5220
DOCUMENTATION,ISAPNP,15,492
DOCUMENTATION,ISDN/CMTP OVER BLUETOOTH,439,15395
DOCUMENTATION,ISOFS FILESYSTEM,64,3145
DOCUMENTATION,IT87 HARDWARE MONITORING DRIVER,385,13009
DOCUMENTATION,JC42.4 TEMPERATURE SENSOR DRIVER,152,4354
DOCUMENTATION,JFS FILESYSTEM,66,2697
DOCUMENTATION,K10TEMP HARDWARE MONITORING DRIVER,134,4650
DOCUMENTATION,K8TEMP HARDWARE MONITORING DRIVER,62,2155
DOCUMENTATION,KASAN,549,23613
DOCUMENTATION,KCONFIG,1345,46240
DOCUMENTATION,KCOV,374,12893
DOCUMENTATION,KCSAN,366,16818
DOCUMENTATION,KDUMP,1566,47940
DOCUMENTATION,KERNEL BUILD + files below scripts/ (unless maintained elsewhere),4609,150142
DOCUMENTATION,"KERNEL NFSD, SUNRPC, AND LOCKD SERVERS",1357,69041
DOCUMENTATION,KERNEL REGRESSIONS,1241,59882
DOCUMENTATION,KERNEL SELFTEST FRAMEWORK,415,13917
DOCUMENTATION,KERNEL SMB3 SERVER (KSMBD),183,8213
DOCUMENTATION,KERNEL UNIT TESTING FRAMEWORK (KUnit),2830,103008
DOCUMENTATION,KERNEL VIRTUAL MACHINE (KVM),15142,561987
DOCUMENTATION,KEYS-ENCRYPTED,428,16758
DOCUMENTATION,KEYS-TRUSTED,428,16758
DOCUMENTATION,KEYS/KEYRINGS,1849,72604
DOCUMENTATION,KFENCE,333,14960
DOCUMENTATION,KGDB / KDB /debug_core,939,33231
DOCUMENTATION,KMEMLEAK,258,10777
DOCUMENTATION,KMSAN,428,16255
DOCUMENTATION,KPROBES,788,30256
DOCUMENTATION,KS0108 LCD CONTROLLER DRIVER,50,1011
DOCUMENTATION,LANDLOCK SECURITY MODULE,629,26067
DOCUMENTATION,LASI 53c700 driver for PARISC,134,4703
DOCUMENTATION,LED SUBSYSTEM,2225,70699
DOCUMENTATION,LEGACY EEPROM DRIVER,107,4490
DOCUMENTATION,LG LAPTOP EXTRAS,82,1864
DOCUMENTATION,LICENSES and SPDX stuff,485,18024
DOCUMENTATION,LINUX FOR POWERPC (32-BIT AND 64-BIT),7172,284029
DOCUMENTATION,LINUX KERNEL MEMORY CONSISTENCY MODEL (LKMM),3973,137610
DOCUMENTATION,LIS3LV02D ACCELEROMETER DRIVER,99,4356
DOCUMENTATION,LIVE PATCHING,1741,68293
DOCUMENTATION,LM78 HARDWARE MONITOR DRIVER,80,3249
DOCUMENTATION,LM83 HARDWARE MONITOR DRIVER,97,3808
DOCUMENTATION,LM90 HARDWARE MONITOR DRIVER,641,16628
DOCUMENTATION,LM95234 HARDWARE MONITOR DRIVER,48,1771
DOCUMENTATION,LOADPIN SECURITY MODULE,31,1643
DOCUMENTATION,LOCKING PRIMITIVES,4519,175105
DOCUMENTATION,"LOGICAL DISK MANAGER SUPPORT (LDM, Windows 2000/XP/Vista Dynamic Disks)",121,4687
DOCUMENTATION,LOONGARCH,1210,48665
DOCUMENTATION,LTC4261 HARDWARE MONITOR DRIVER,71,2261
DOCUMENTATION,MAC80211,186,6674
DOCUMENTATION,MANAGEMENT COMPONENT TRANSPORT PROTOCOL (MCTP),320,11661
DOCUMENTATION,MAPLE TREE,217,9286
DOCUMENTATION,MARVELL 88E6XXX ETHERNET SWITCH FABRIC DRIVER,28,762
DOCUMENTATION,MARVELL OCTEONTX2 RVU ADMIN FUNCTION DRIVER,342,12883
DOCUMENTATION,MAX15301 DRIVER,87,2410
DOCUMENTATION,MAX16065 HARDWARE MONITOR DRIVER,127,3799
DOCUMENTATION,MAX31827 TEMPERATURE SWITCH DRIVER,90,3660
DOCUMENTATION,MAX6650 HARDWARE MONITOR AND FAN CONTROLLER DRIVER,74,2307
DOCUMENTATION,MAX6697 HARDWARE MONITOR DRIVER,91,2359
DOCUMENTATION,MEGARAID SCSI/SAS DRIVERS,77,3155
DOCUMENTATION,MELLANOX MLX5 core VPI driver,2008,74161
DOCUMENTATION,MELLANOX MLXCPLD LED DRIVER,118,2424
DOCUMENTATION,MEMBLOCK AND MEMORY MANAGEMENT INITIALIZATION,41,1442
DOCUMENTATION,MEMORY HOT(UN)PLUG,817,32970
DOCUMENTATION,MEN CHAMELEON BUS (mcb),187,6226
DOCUMENTATION,MEN F21BMC (Board Management Controller),55,1362
DOCUMENTATION,MHI BUS,296,10793
DOCUMENTATION,MICROSEMI SMART ARRAY SMARTPQI DRIVER (smartpqi),78,2840
DOCUMENTATION,MICROSOFT SURFACE DTX DRIVER,718,21468
DOCUMENTATION,MICROSOFT SURFACE SYSTEM AGGREGATOR SUBSYSTEM,2515,100256
DOCUMENTATION,MIPS,123,4406
DOCUMENTATION,MOXA SMARTIO/INDUSTIO/INTELLIO SERIAL CARD,197,6361
DOCUMENTATION,NCR 5380 SCSI DRIVERS,93,2977
DOCUMENTATION,NCT6775 HARDWARE MONITOR DRIVER - CORE & PLATFORM DRIVER,289,8946
DOCUMENTATION,NETERION 10GbE DRIVERS (s2io),196,5409
DOCUMENTATION,NETWORK BLOCK DEVICE (NBD),31,1081
DOCUMENTATION,NETWORKING [GENERAL],68259,2618383
DOCUMENTATION,"NETWORKING [LABELED] (NetLabel, Labeled IPsec, SECMARK)",978,35926
DOCUMENTATION,NETWORKING [MPTCP],84,2429
DOCUMENTATION,NET_FAILOVER MODULE,184,7375
DOCUMENTATION,"NFS, SUNRPC, AND LOCKD CLIENTS",1357,69041
DOCUMENTATION,NILFS2 FILESYSTEM,286,11599
DOCUMENTATION,NINJA SCSI-3 / NINJA SCSI-32Bi (16bit/CardBus) PCMCIA SCSI HOST ADAPTER DRIVER,164,3994
DOCUMENTATION,NINJA SCSI-32Bi/UDE PCI/CARDBUS SCSI HOST ADAPTER DRIVER,164,3994
DOCUMENTATION,NITRO ENCLAVES (NE),100,4987
DOCUMENTATION,NSDEPS,157,6949
DOCUMENTATION,NTFS FILESYSTEM,466,20716
DOCUMENTATION,NTFS3 FILESYSTEM,123,4277
DOCUMENTATION,NVM EXPRESS DRIVER,77,3196
DOCUMENTATION,NZXT-KRAKEN2 HARDWARE MONITORING DRIVER,42,1202
DOCUMENTATION,NZXT-SMART2 HARDWARE MONITORING DRIVER,62,2569
DOCUMENTATION,OCXL (Open Coherent Accelerator Processor Interface OpenCAPI) DRIVER,176,5537
DOCUMENTATION,OMAP DISPLAY SUBSYSTEM and FRAMEBUFFER SUPPORT (DSS2),372,12936
DOCUMENTATION,OMFS FILESYSTEM,112,4229
DOCUMENTATION,OPENRISC ARCHITECTURE,159,5017
DOCUMENTATION,ORACLE CLUSTER FILESYSTEM 2 (OCFS2),257,9394
DOCUMENTATION,ORANGEFS FILESYSTEM,556,20099
DOCUMENTATION,OVERLAY FILESYSTEM,744,32949
DOCUMENTATION,PACKING,166,7426
DOCUMENTATION,PADATA PARALLEL EXECUTION MECHANISM,178,7679
DOCUMENTATION,PAGE CACHE,2255,90534
DOCUMENTATION,PAGE POOL,191,6455
DOCUMENTATION,PAGE TABLE CHECK,73,3333
DOCUMENTATION,PARALLEL LCD/KEYPAD PANEL DRIVER,27,1207
DOCUMENTATION,PARALLEL PORT SUBSYSTEM,1832,37998
DOCUMENTATION,PARAVIRT_OPS INTERFACE,35,1544
DOCUMENTATION,PARISC ARCHITECTURE,223,7704
DOCUMENTATION,PC87360 HARDWARE MONITORING DRIVER,198,8028
DOCUMENTATION,PC87427 HARDWARE MONITORING DRIVER,63,1907
DOCUMENTATION,PCI DRIVER FOR MICROSEMI SWITCHTEC,102,4120
DOCUMENTATION,PCI ENDPOINT SUBSYSTEM,1582,53220
DOCUMENTATION,PCI ENHANCED ERROR HANDLING (EEH) FOR POWERPC,768,34274
DOCUMENTATION,PCI ERROR RECOVERY,432,19010
DOCUMENTATION,PCI PEER-TO-PEER DMA (P2PDMA),141,6329
DOCUMENTATION,PCI SUBSYSTEM,4048,154085
DOCUMENTATION,PCMCIA SUBSYSTEM,380,12171
DOCUMENTATION,PECI HARDWARE MONITORING DRIVERS,147,5110
DOCUMENTATION,PECI SUBSYSTEM,67,2029
DOCUMENTATION,PENSANDO ETHERNET DRIVERS,274,7290
DOCUMENTATION,PHOENIX RC FLIGHT CONTROLLER ADAPTER,56,1530
DOCUMENTATION,PHONET PROTOCOL,230,7326
DOCUMENTATION,PIN CONTROL SUBSYSTEM,1455,53285
DOCUMENTATION,PLDMFW LIBRARY,331,11619
DOCUMENTATION,PM6764TR DRIVER,32,1048
DOCUMENTATION,PMBUS HARDWARE MONITORING DRIVERS,2687,81856
DOCUMENTATION,PPS SUPPORT,242,8641
DOCUMENTATION,PRINTK INDEXING,137,5516
DOCUMENTATION,PROC FILESYSTEM,2275,98172
DOCUMENTATION,PSTORE FILESYSTEM,398,15350
DOCUMENTATION,PTP HARDWARE CLOCK SUPPORT,137,5803
DOCUMENTATION,PWM SUBSYSTEM,176,7360
DOCUMENTATION,QLOGIC QLGE 10Gb ETHERNET DRIVER,118,4276
DOCUMENTATION,QNX6 FILESYSTEM,196,7337
DOCUMENTATION,QORIQ DPAA2 FSL-MC BUS DRIVER,406,15345
DOCUMENTATION,QUALCOMM CLOUD AI (QAIC) DRIVER,693,28544
DOCUMENTATION,QUALCOMM RMNET DRIVER,196,6572
DOCUMENTATION,RADEON and AMDGPU DRM DRIVERS,10093,422941
DOCUMENTATION,RAMDISK RAM BLOCK DEVICE DRIVER,153,5065
DOCUMENTATION,RAS INFRASTRUCTURE,1219,43122
DOCUMENTATION,RDS - RELIABLE DATAGRAM SOCKETS,448,17019
DOCUMENTATION,RDT - RESOURCE ALLOCATION,1454,53586
DOCUMENTATION,READ-COPY UPDATE (RCU),36124,1409381
DOCUMENTATION,REAL TIME CLOCK (RTC) SUBSYSTEM,140,7180
DOCUMENTATION,REMOTE PROCESSOR (REMOTEPROC) SUBSYSTEM,360,13203
DOCUMENTATION,REMOTE PROCESSOR MESSAGING (RPMSG) SUBSYSTEM,341,13389
DOCUMENTATION,RESET CONTROLLER FRAMEWORK,221,8514
DOCUMENTATION,RFKILL,132,5154
DOCUMENTATION,RISC-V ARCHITECTURE,1043,48618
DOCUMENTATION,RUNTIME VERIFICATION (RV),847,29641
DOCUMENTATION,RUST,600,19494
DOCUMENTATION,RXRPC SOCKETS (AF_RXRPC),1174,46701
DOCUMENTATION,Real-time Linux Analysis (RTLA) tools,902,36112
DOCUMENTATION,S390 ARCHITECTURE,4161,156675
DOCUMENTATION,S390 PCI SUBSYSTEM,133,4028
DOCUMENTATION,S390 VFIO AP DRIVER,1184,48729
DOCUMENTATION,S390 VFIO-CCW DRIVER,445,16405
DOCUMENTATION,SAFESETID SECURITY MODULE,118,6970
DOCUMENTATION,SAMSUNG USB2 PHY DRIVER,137,4826
DOCUMENTATION,SCSI LIBSAS SUBSYSTEM,458,13804
DOCUMENTATION,SCSI SG DRIVER,107,3757
DOCUMENTATION,SCSI TAPE DRIVER,673,29472
DOCUMENTATION,SCSI TARGET CORE USER DRIVER,405,14378
DOCUMENTATION,SCSI TARGET SUBSYSTEM,658,24054
DOCUMENTATION,SCTP PROTOCOL,42,1478
DOCUMENTATION,SECURE COMPUTING,376,16587
DOCUMENTATION,SECURITY CONTACT,93,4188
DOCUMENTATION,SELINUX SECURITY MODULE,33,1094
DOCUMENTATION,SFC NETWORK DRIVER,57,1775
DOCUMENTATION,SFCTEMP HWMON DRIVER,33,1039
DOCUMENTATION,SILICON MOTION SM712 FRAME BUFFER DRIVER,35,857
DOCUMENTATION,SIS FRAMEBUFFER DRIVER,160,6625
DOCUMENTATION,SMACK SECURITY MODULE,861,32985
DOCUMENTATION,SMSC EMC2103 HARDWARE MONITOR DRIVER,37,1262
DOCUMENTATION,SMSC SCH5627 HARDWARE MONITOR DRIVER,35,1210
DOCUMENTATION,SMSC47B397 HARDWARE MONITOR DRIVER,197,5302
DOCUMENTATION,SOCKET TIMESTAMPING,802,37200
DOCUMENTATION,SONY VAIO CONTROL DEVICE DRIVER,174,6133
DOCUMENTATION,SOUND,17851,612448
DOCUMENTATION,SOUND - COMPRESSED AUDIO,329,15381
DOCUMENTATION,SOUND - SOC LAYER / DYNAMIC AUDIO POWER MANAGEMENT (ASoC),1552,51633
DOCUMENTATION,SOUNDWIRE SUBSYSTEM,926,39540
DOCUMENTATION,SPANISH DOCUMENTATION,8347,353232
DOCUMENTATION,SPIDERNET NETWORK DRIVER for CELL,202,10026
DOCUMENTATION,SPU FILE SYSTEM,273,12371
DOCUMENTATION,SQUASHFS FILE SYSTEM,265,10901
DOCUMENTATION,ST STPDDC60 DRIVER,90,2826
DOCUMENTATION,STABLE BRANCH,235,8713
DOCUMENTATION,STMMAC ETHERNET DRIVER,700,19009
DOCUMENTATION,SUPERH,388,13149
DOCUMENTATION,SVGA HANDLING,250,12123
DOCUMENTATION,SYNC FILE FRAMEWORK,86,3150
DOCUMENTATION,SYNOPSYS ARC ARCHITECTURE,105,4176
DOCUMENTATION,SYSTEM TRACE MODULE CLASS,143,6751
DOCUMENTATION,SYSV FILESYSTEM,264,8313
DOCUMENTATION,TASKSTATS STATISTICS INTERFACE,379,14244
DOCUMENTATION,TECHNICAL ADVISORY BOARD PROCESS DOCS,279,12817
DOCUMENTATION,TEE SUBSYSTEM,364,15328
DOCUMENTATION,TEGRA ARCHITECTURE SUPPORT,225,9533
DOCUMENTATION,TEXAS INSTRUMENTS TPS23861 PoE PSE DRIVER,41,1158
DOCUMENTATION,THE REST,666943,25980551
DOCUMENTATION,THERMAL,2073,73370
DOCUMENTATION,THERMAL/CPU_COOLING,306,11291
DOCUMENTATION,THERMAL/POWER_ALLOCATOR,281,10877
DOCUMENTATION,THUNDERBOLT DRIVER,336,15069
DOCUMENTATION,TLAN NETWORK DRIVER,140,4397
DOCUMENTATION,TMP401 HARDWARE MONITOR DRIVER,80,2040
DOCUMENTATION,TMP464 HARDWARE MONITOR DRIVER,73,1621
DOCUMENTATION,TMP513 HARDWARE MONITOR DRIVER,103,2673
DOCUMENTATION,TORTURE-TEST MODULES,374,17074
DOCUMENTATION,TPS546D24 DRIVER,35,834
DOCUMENTATION,TRACING,16236,671628
DOCUMENTATION,TRACING OS NOISE / LATENCY TRACERS,528,25289
DOCUMENTATION,TRADITIONAL CHINESE DOCUMENTATION,12339,578104
DOCUMENTATION,TTY LAYER AND SERIAL DRIVERS,358,11515
DOCUMENTATION,TUN/TAP driver,259,8313
DOCUMENTATION,UACCE ACCELERATOR FRAMEWORK,176,7177
DOCUMENTATION,UBI FILE SYSTEM (UBIFS),585,28087
DOCUMENTATION,UBLK USERSPACE BLOCK DRIVER,326,14031
DOCUMENTATION,UDF FILESYSTEM,75,3074
DOCUMENTATION,UFS FILESYSTEM,68,1361
DOCUMENTATION,UNIFORM CDROM DRIVER,1205,52382
DOCUMENTATION,UNIVERSAL FLASH STORAGE HOST CONTROLLER DRIVER,210,7676
DOCUMENTATION,USB ACM DRIVER,132,5036
DOCUMENTATION,USB EHCI DRIVER,230,10096
DOCUMENTATION,"USB HID/HIDBP DRIVERS (USB KEYBOARDS, MICE, REMOTE CONTROLS, ...)",251,9320
DOCUMENTATION,USB OHCI DRIVER,35,1501
DOCUMENTATION,USB OVER IP DRIVER,452,30052
DOCUMENTATION,USB RAW GADGET DRIVER,94,3814
DOCUMENTATION,USB SERIAL SUBSYSTEM,537,20123
DOCUMENTATION,USB SUBSYSTEM,6593,231718
DOCUMENTATION,USB TYPEC BUS FOR ALTERNATE MODES,122,5005
DOCUMENTATION,USB TYPEC CLASS,234,10667
DOCUMENTATION,USER-MODE LINUX (UML),1238,47054
DOCUMENTATION,USERSPACE I/O (UIO),730,30438
DOCUMENTATION,UVESAFB DRIVER,188,7409
DOCUMENTATION,VFAT/FAT/MSDOS FILESYSTEM,387,14864
DOCUMENTATION,VFIO DRIVER,707,29343
DOCUMENTATION,VFIO MEDIATED DEVICE DRIVERS,273,9715
DOCUMENTATION,VFIO PDS PCI DRIVER,79,2251
DOCUMENTATION,VGA_SWITCHEROO,98,1899
DOCUMENTATION,VIRTIO CORE AND NET DRIVERS,353,11643
DOCUMENTATION,VIRTIO FILE SYSTEM,76,3106
DOCUMENTATION,VIRTUAL PCM TEST DRIVER,120,4456
DOCUMENTATION,VME SUBSYSTEM,297,10664
DOCUMENTATION,VRF,464,16853
DOCUMENTATION,VSPRINTF,651,18097
DOCUMENTATION,VT1211 HARDWARE MONITOR DRIVER,226,9309
DOCUMENTATION,W1 DALLAS'S 1-WIRE BUS,1098,41223
DOCUMENTATION,W83791D HARDWARE MONITORING DRIVER,180,6863
DOCUMENTATION,W83793 HARDWARE MONITORING DRIVER,113,4306
DOCUMENTATION,WANGXUN ETHERNET DRIVER,34,996
DOCUMENTATION,WATCHDOG DEVICE DRIVERS,1904,64501
DOCUMENTATION,WMI BINARY MOF DRIVER,25,931
DOCUMENTATION,WOLFSON MICROELECTRONICS DRIVERS,70,1872
DOCUMENTATION,WORKQUEUE,763,29119
DOCUMENTATION,X.25 STACK,432,16090
DOCUMENTATION,X86 ARCHITECTURE (32-BIT AND 64-BIT),8968,356191
DOCUMENTATION,X86 HARDWARE VULNERABILITIES,3207,135563
DOCUMENTATION,X86 MCE INFRASTRUCTURE,33,1334
DOCUMENTATION,XARRAY,496,21412
DOCUMENTATION,XDP SOCKETS (AF_XDP),849,34939
DOCUMENTATION,XFS FILESYSTEM,1984,95413
DOCUMENTATION,XILINX SD-FEC IP CORES,292,11846
DOCUMENTATION,YAMA SECURITY MODULE,75,3692
DOCUMENTATION,YEALINK PHONE DRIVER,225,5922
DOCUMENTATION,Z8530 DRIVER FOR AX.25,686,20836
DOCUMENTATION,ZONEFS FILESYSTEM,485,23921
DOCUMENTATION,ZRAM COMPRESSED RAM BLOCK DEVICE DRVIER,532,19286
DOCUMENTATION,ZSMALLOC COMPRESSED SLAB MEMORY ALLOCATOR,270,13051
DOCUMENTATION PROCESS,DOCUMENTATION PROCESS,15441,647814
DOCUMENTATION PROCESS,INDEX OF FURTHER KERNEL DOCUMENTATION,210,7625
DOCUMENTATION PROCESS,KERNEL REGRESSIONS,790,37291
DOCUMENTATION PROCESS,LICENSES and SPDX stuff,485,18024
DOCUMENTATION PROCESS,NETWORKING [GENERAL],454,18264
DOCUMENTATION PROCESS,SECURITY CONTACT,93,4188
DOCUMENTATION PROCESS,STABLE BRANCH,235,8713
DOCUMENTATION PROCESS,TECHNICAL ADVISORY BOARD PROCESS DOCS,279,12817
DOCUMENTATION PROCESS,THE REST,15441,647814
DOCUMENTATION REPORTING ISSUES,DOCUMENTATION REPORTING ISSUES,2861,145052
DOCUMENTATION REPORTING ISSUES,THE REST,2861,145052
DOCUMENTATION SCRIPTS,DOCUMENTATION SCRIPTS,1709,40383
DOCUMENTATION SCRIPTS,THE REST,1709,40383
DOCUMENTATION/ITALIAN,DOCUMENTATION/ITALIAN,14768,632912
DOCUMENTATION/ITALIAN,RISC-V ARCHITECTURE,40,1955
DOCUMENTATION/ITALIAN,THE REST,14768,632912
DOCUMENTATION/JAPANESE,DOCUMENTATION/JAPANESE,1837,110042
DOCUMENTATION/JAPANESE,THE REST,1837,110042
DONGWOON DW9714 LENS VOICE COIL DRIVER,DONGWOON DW9714 LENS VOICE COIL DRIVER,362,9396
DONGWOON DW9714 LENS VOICE COIL DRIVER,MEDIA INPUT INFRASTRUCTURE (V4L/DVB),362,9396
DONGWOON DW9714 LENS VOICE COIL DRIVER,OPEN FIRMWARE AND FLATTENED DEVICE TREE BINDINGS,47,950
DONGWOON DW9714 LENS VOICE COIL DRIVER,THE REST,362,9396
DONGWOON DW9714 LENS VOICE COIL DRIVER,V4L2 LENS DRIVERS,315,8446
DONGWOON DW9719 LENS VOICE COIL DRIVER,DONGWOON DW9719 LENS VOICE COIL DRIVER,350,8362
DONGWOON DW9719 LENS VOICE COIL DRIVER,MEDIA INPUT INFRASTRUCTURE (V4L/DVB),350,8362
DONGWOON DW9719 LENS VOICE COIL DRIVER,THE REST,350,8362
DONGWOON DW9719 LENS VOICE COIL DRIVER,V4L2 LENS DRIVERS,350,8362
DONGWOON DW9768 LENS VOICE COIL DRIVER,DONGWOON DW9768 LENS VOICE COIL DRIVER,656,16867
DONGWOON DW9768 LENS VOICE COIL DRIVER,MEDIA INPUT INFRASTRUCTURE (V4L/DVB),656,16867
DONGWOON DW9768 LENS VOICE COIL DRIVER,OPEN FIRMWARE AND FLATTENED DEVICE TREE BINDINGS,97,2686
DONGWOON DW9768 LENS VOICE COIL DRIVER,THE REST,656,16867
DONGWOON DW9768 LENS VOICE COIL DRIVER,V4L2 LENS DRIVERS,559,14181
DONGWOON DW9807 LENS VOICE COIL DRIVER,DONGWOON DW9807 LENS VOICE COIL DRIVER,362,9133
DONGWOON DW9807 LENS VOICE COIL DRIVER,MEDIA INPUT INFRASTRUCTURE (V4L/DVB),362,9133
DONGWOON DW9807 LENS VOICE COIL DRIVER,OPEN FIRMWARE AND FLATTENED DEVICE TREE BINDINGS,41,826
DONGWOON DW9807 LENS VOICE COIL DRIVER,THE REST,362,9133
DONGWOON DW9807 LENS VOICE COIL DRIVER,V4L2 LENS DRIVERS,321,8307
DOUBLETALK DRIVER,DOUBLETALK DRIVER,749,20269
DOUBLETALK DRIVER,THE REST,749,20269
DPAA2 DATAPATH I/O (DPIO) DRIVER,DPAA2 DATAPATH I/O (DPIO) DRIVER,4150,115371
DPAA2 DATAPATH I/O (DPIO) DRIVER,FREESCALE SOC DRIVERS,4150,115371
DPAA2 DATAPATH I/O (DPIO) DRIVER,THE REST,4150,115371
DPAA2 ETHERNET DRIVER,DPAA2 ETHERNET DRIVER,14354,400309
DPAA2 ETHERNET DRIVER,NETWORKING DRIVERS,13974,384035
DPAA2 ETHERNET DRIVER,NETWORKING [GENERAL],380,16274
DPAA2 ETHERNET DRIVER,THE REST,14354,400309
DPAA2 ETHERNET SWITCH DRIVER,DPAA2 ETHERNET SWITCH DRIVER,8163,226233
DPAA2 ETHERNET SWITCH DRIVER,NETWORKING DRIVERS,7946,216944
DPAA2 ETHERNET SWITCH DRIVER,NETWORKING [GENERAL],217,9289
DPAA2 ETHERNET SWITCH DRIVER,THE REST,8163,226233
DRBD DRIVER,DRBD DRIVER,34061,1057554
DRBD DRIVER,NETWORK BLOCK DEVICE (NBD),31,1081
DRBD DRIVER,RAMDISK RAM BLOCK DEVICE DRIVER,153,5065
DRBD DRIVER,THE REST,34061,1057554
DRBD DRIVER,ZRAM COMPRESSED RAM BLOCK DEVICE DRVIER,532,19286
DRIVER COMPONENT FRAMEWORK,DRIVER COMPONENT FRAMEWORK,955,27298
DRIVER COMPONENT FRAMEWORK,"DRIVER CORE, KOBJECTS, DEBUGFS AND SYSFS",824,22839
DRIVER COMPONENT FRAMEWORK,THE REST,955,27298
"DRIVER CORE, KOBJECTS, DEBUGFS AND SYSFS","DRIVER CORE, KOBJECTS, DEBUGFS AND SYSFS",63231,1684142
"DRIVER CORE, KOBJECTS, DEBUGFS AND SYSFS",FIRMWARE LOADER (request_firmware),3626,97408
"DRIVER CORE, KOBJECTS, DEBUGFS AND SYSFS",GENERIC ARCHITECTURE TOPOLOGY,872,21744
"DRIVER CORE, KOBJECTS, DEBUGFS AND SYSFS",GENERIC PM DOMAINS,3837,99790
"DRIVER CORE, KOBJECTS, DEBUGFS AND SYSFS","HIBERNATION (aka Software Suspend, aka swsusp)",13346,352237
"DRIVER CORE, KOBJECTS, DEBUGFS AND SYSFS",ISA,179,3778
"DRIVER CORE, KOBJECTS, DEBUGFS AND SYSFS",MEMORY HOT(UN)PLUG,1219,32236
"DRIVER CORE, KOBJECTS, DEBUGFS AND SYSFS",POWER MANAGEMENT CORE,13346,352237
"DRIVER CORE, KOBJECTS, DEBUGFS AND SYSFS",REGISTER MAP ABSTRACTION,12586,311390
"DRIVER CORE, KOBJECTS, DEBUGFS AND SYSFS",SOFTWARE NODES AND DEVICE PROPERTIES,3268,98425
"DRIVER CORE, KOBJECTS, DEBUGFS AND SYSFS",SUSPEND TO RAM,13346,352237
"DRIVER CORE, KOBJECTS, DEBUGFS AND SYSFS",THE REST,63231,1684142
DRIVERS FOR OMAP ADAPTIVE VOLTAGE SCALING (AVS),DRIVERS FOR OMAP ADAPTIVE VOLTAGE SCALING (AVS),1325,36330
DRIVERS FOR OMAP ADAPTIVE VOLTAGE SCALING (AVS),POWER SUPPLY CLASS/SUBSYSTEM and DRIVERS,320,9371
DRIVERS FOR OMAP ADAPTIVE VOLTAGE SCALING (AVS),THE REST,1325,36330
DRIVERS FOR OMAP ADAPTIVE VOLTAGE SCALING (AVS),TI KEYSTONE MULTICORE NAVIGATOR DRIVERS,1005,26959
DRM ACCEL DRIVERS FOR INTEL VPU,DRM ACCEL DRIVERS FOR INTEL VPU,10987,323137
DRM ACCEL DRIVERS FOR INTEL VPU,DRM COMPUTE ACCELERATORS DRIVERS AND FRAMEWORK,10674,314478
DRM ACCEL DRIVERS FOR INTEL VPU,DRM DRIVERS,313,8659
DRM ACCEL DRIVERS FOR INTEL VPU,THE REST,10987,323137
DRM AUTOMATED TESTING,DRM AUTOMATED TESTING,5479,237106
DRM AUTOMATED TESTING,DRM DRIVERS,5479,237106
DRM AUTOMATED TESTING,DRM DRIVERS AND MISC GPU PATCHES,144,5307
DRM AUTOMATED TESTING,THE REST,5479,237106
DRM COMPUTE ACCELERATORS DRIVERS AND FRAMEWORK,DRM COMPUTE ACCELERATORS DRIVERS AND FRAMEWORK,353568,13558614
DRM COMPUTE ACCELERATORS DRIVERS AND FRAMEWORK,DRM DRIVERS,98,2502
DRM COMPUTE ACCELERATORS DRIVERS AND FRAMEWORK,DRM DRIVERS AND MISC GPU PATCHES,98,2502
DRM COMPUTE ACCELERATORS DRIVERS AND FRAMEWORK,HABANALABS PCI DRIVER,336624,13068457
DRM COMPUTE ACCELERATORS DRIVERS AND FRAMEWORK,QUALCOMM CLOUD AI (QAIC) DRIVER,5685,158784
DRM COMPUTE ACCELERATORS DRIVERS AND FRAMEWORK,THE REST,353568,13558614
DRM DRIVER FOR ALLWINNER DE2 AND DE3 ENGINE,DRM DRIVER FOR ALLWINNER DE2 AND DE3 ENGINE,5457,168186
DRM DRIVER FOR ALLWINNER DE2 AND DE3 ENGINE,DRM DRIVERS,5457,168186
DRM DRIVER FOR ALLWINNER DE2 AND DE3 ENGINE,DRM DRIVERS FOR ALLWINNER A10,5457,168186
DRM DRIVER FOR ALLWINNER DE2 AND DE3 ENGINE,THE REST,5457,168186
DRM DRIVER FOR ARM PL111 CLCD,DRM DRIVER FOR ARM PL111 CLCD,1917,49770
DRM DRIVER FOR ARM PL111 CLCD,DRM DRIVERS,1917,49770
DRM DRIVER FOR ARM PL111 CLCD,THE REST,1917,49770
DRM DRIVER FOR ARM VERSATILE TFT PANELS,DRM DRIVER FOR ARM VERSATILE TFT PANELS,425,10750
DRM DRIVER FOR ARM VERSATILE TFT PANELS,DRM DRIVERS,425,10750
DRM DRIVER FOR ARM VERSATILE TFT PANELS,DRM PANEL DRIVERS,425,10750
DRM DRIVER FOR ARM VERSATILE TFT PANELS,OPEN FIRMWARE AND FLATTENED DEVICE TREE BINDINGS,51,1005
DRM DRIVER FOR ARM VERSATILE TFT PANELS,THE REST,425,10750
DRM DRIVER FOR ASPEED BMC GFX,DRM DRIVER FOR ASPEED BMC GFX,828,22976
DRM DRIVER FOR ASPEED BMC GFX,DRM DRIVERS,828,22976
DRM DRIVER FOR ASPEED BMC GFX,OPEN FIRMWARE AND FLATTENED DEVICE TREE BINDINGS,41,1090
DRM DRIVER FOR ASPEED BMC GFX,THE REST,828,22976
DRM DRIVER FOR AST SERVER GRAPHICS CHIPS,DRM DRIVER FOR AST SERVER GRAPHICS CHIPS,6861,190466
DRM DRIVER FOR AST SERVER GRAPHICS CHIPS,DRM DRIVERS,6861,190466
DRM DRIVER FOR AST SERVER GRAPHICS CHIPS,THE REST,6861,190466
DRM DRIVER FOR BOCHS VIRTUAL GPU,DRM DRIVER FOR BOCHS VIRTUAL GPU,733,18944
DRM DRIVER FOR BOCHS VIRTUAL GPU,DRM DRIVERS,733,18944
DRM DRIVER FOR BOCHS VIRTUAL GPU,THE REST,733,18944
DRM DRIVER FOR BOE HIMAX8279D PANELS,DRM DRIVER FOR BOE HIMAX8279D PANELS,1021,19796
DRM DRIVER FOR BOE HIMAX8279D PANELS,DRM DRIVERS,1021,19796
DRM DRIVER FOR BOE HIMAX8279D PANELS,DRM PANEL DRIVERS,1021,19796
DRM DRIVER FOR BOE HIMAX8279D PANELS,OPEN FIRMWARE AND FLATTENED DEVICE TREE BINDINGS,59,1238
DRM DRIVER FOR BOE HIMAX8279D PANELS,THE REST,1021,19796
DRM DRIVER FOR CHIPONE ICN6211 MIPI-DSI to RGB CONVERTER BRIDGE,DRM DRIVER FOR CHIPONE ICN6211 MIPI-DSI to RGB CONVERTER BRIDGE,949,25753
DRM DRIVER FOR CHIPONE ICN6211 MIPI-DSI to RGB CONVERTER BRIDGE,DRM DRIVERS,949,25753
DRM DRIVER FOR CHIPONE ICN6211 MIPI-DSI to RGB CONVERTER BRIDGE,DRM DRIVERS FOR BRIDGE CHIPS,949,25753
DRM DRIVER FOR CHIPONE ICN6211 MIPI-DSI to RGB CONVERTER BRIDGE,OPEN FIRMWARE AND FLATTENED DEVICE TREE BINDINGS,123,2797
DRM DRIVER FOR CHIPONE ICN6211 MIPI-DSI to RGB CONVERTER BRIDGE,THE REST,949,25753
DRM DRIVER FOR EBBG FT8719 PANEL,DRM DRIVER FOR EBBG FT8719 PANEL,357,8364
DRM DRIVER FOR EBBG FT8719 PANEL,DRM DRIVERS,357,8364
DRM DRIVER FOR EBBG FT8719 PANEL,DRM PANEL DRIVERS,357,8364
DRM DRIVER FOR EBBG FT8719 PANEL,OPEN FIRMWARE AND FLATTENED DEVICE TREE BINDINGS,74,1501
DRM DRIVER FOR EBBG FT8719 PANEL,THE REST,357,8364
DRM DRIVER FOR FARADAY TVE200 TV ENCODER,DRM DRIVER FOR FARADAY TVE200 TV ENCODER,777,22208
DRM DRIVER FOR FARADAY TVE200 TV ENCODER,DRM DRIVERS,777,22208
DRM DRIVER FOR FARADAY TVE200 TV ENCODER,THE REST,777,22208
DRM DRIVER FOR FEIXIN K101 IM2BA02 MIPI-DSI LCD PANELS,DRM DRIVER FOR FEIXIN K101 IM2BA02 MIPI-DSI LCD PANELS,569,14470
DRM DRIVER FOR FEIXIN K101 IM2BA02 MIPI-DSI LCD PANELS,DRM DRIVERS,569,14470
DRM DRIVER FOR FEIXIN K101 IM2BA02 MIPI-DSI LCD PANELS,DRM PANEL DRIVERS,569,14470
DRM DRIVER FOR FEIXIN K101 IM2BA02 MIPI-DSI LCD PANELS,OPEN FIRMWARE AND FLATTENED DEVICE TREE BINDINGS,55,1232
DRM DRIVER FOR FEIXIN K101 IM2BA02 MIPI-DSI LCD PANELS,THE REST,569,14470
DRM DRIVER FOR FEIYANG FY07024DI26A30-D MIPI-DSI LCD PANELS,DRM DRIVER FOR FEIYANG FY07024DI26A30-D MIPI-DSI LCD PANELS,327,7351
DRM DRIVER FOR FEIYANG FY07024DI26A30-D MIPI-DSI LCD PANELS,DRM DRIVERS,327,7351
DRM DRIVER FOR FEIYANG FY07024DI26A30-D MIPI-DSI LCD PANELS,DRM PANEL DRIVERS,327,7351
DRM DRIVER FOR FEIYANG FY07024DI26A30-D MIPI-DSI LCD PANELS,OPEN FIRMWARE AND FLATTENED DEVICE TREE BINDINGS,65,1355
DRM DRIVER FOR FEIYANG FY07024DI26A30-D MIPI-DSI LCD PANELS,THE REST,327,7351
DRM DRIVER FOR FIRMWARE FRAMEBUFFERS,DRM DRIVER FOR FIRMWARE FRAMEBUFFERS,3019,86077
DRM DRIVER FOR FIRMWARE FRAMEBUFFERS,DRM DRIVERS,2544,71895
DRM DRIVER FOR FIRMWARE FRAMEBUFFERS,DRM DRIVERS AND MISC GPU PATCHES,230,7840
DRM DRIVER FOR FIRMWARE FRAMEBUFFERS,FRAMEBUFFER LAYER,413,12529
DRM DRIVER FOR FIRMWARE FRAMEBUFFERS,THE REST,3019,86077
DRM DRIVER FOR GENERIC EDP PANELS,DRM DRIVER FOR GENERIC EDP PANELS,2214,59046
DRM DRIVER FOR GENERIC EDP PANELS,DRM DRIVERS,2214,59046
DRM DRIVER FOR GENERIC EDP PANELS,DRM PANEL DRIVERS,2214,59046
DRM DRIVER FOR GENERIC EDP PANELS,OPEN FIRMWARE AND FLATTENED DEVICE TREE BINDINGS,188,7449
DRM DRIVER FOR GENERIC EDP PANELS,THE REST,2214,59046
DRM DRIVER FOR GENERIC USB DISPLAY,DRM DRIVER FOR GENERIC USB DISPLAY,2546,70577
DRM DRIVER FOR GENERIC USB DISPLAY,DRM DRIVERS,2546,70577
DRM DRIVER FOR GENERIC USB DISPLAY,THE REST,2546,70577
DRM DRIVER FOR GRAIN MEDIA GM12U320 PROJECTORS,DRM DRIVER FOR GRAIN MEDIA GM12U320 PROJECTORS,758,22664
DRM DRIVER FOR GRAIN MEDIA GM12U320 PROJECTORS,DRM DRIVERS,758,22664
DRM DRIVER FOR GRAIN MEDIA GM12U320 PROJECTORS,THE REST,758,22664
DRM DRIVER FOR HIMAX HX8394 MIPI-DSI LCD panels,DRM DRIVER FOR HIMAX HX8394 MIPI-DSI LCD panels,527,13977
DRM DRIVER FOR HIMAX HX8394 MIPI-DSI LCD panels,DRM DRIVERS,527,13977
DRM DRIVER FOR HIMAX HX8394 MIPI-DSI LCD panels,DRM PANEL DRIVERS,527,13977
DRM DRIVER FOR HIMAX HX8394 MIPI-DSI LCD panels,OPEN FIRMWARE AND FLATTENED DEVICE TREE BINDINGS,76,1562
DRM DRIVER FOR HIMAX HX8394 MIPI-DSI LCD panels,THE REST,527,13977
DRM DRIVER FOR HX8357D PANELS,DRM DRIVER FOR HX8357D PANELS,317,7331
DRM DRIVER FOR HX8357D PANELS,DRM DRIVERS,317,7331
DRM DRIVER FOR HX8357D PANELS,OPEN FIRMWARE AND FLATTENED DEVICE TREE BINDINGS,26,824
DRM DRIVER FOR HX8357D PANELS,THE REST,317,7331
DRM DRIVER FOR HYPERV SYNTHETIC VIDEO DEVICE,DRM DRIVER FOR HYPERV SYNTHETIC VIDEO DEVICE,1085,27618
DRM DRIVER FOR HYPERV SYNTHETIC VIDEO DEVICE,DRM DRIVERS,1085,27618
DRM DRIVER FOR HYPERV SYNTHETIC VIDEO DEVICE,THE REST,1085,27618
DRM DRIVER FOR ILITEK ILI9225 PANELS,DRM DRIVER FOR ILITEK ILI9225 PANELS,485,13862
DRM DRIVER FOR ILITEK ILI9225 PANELS,DRM DRIVERS,485,13862
DRM DRIVER FOR ILITEK ILI9225 PANELS,OPEN FIRMWARE AND FLATTENED DEVICE TREE BINDINGS,25,721
DRM DRIVER FOR ILITEK ILI9225 PANELS,THE REST,485,13862
DRM DRIVER FOR ILITEK ILI9486 PANELS,DRM DRIVER FOR ILITEK ILI9486 PANELS,355,8814
DRM DRIVER FOR ILITEK ILI9486 PANELS,DRM DRIVERS,355,8814
DRM DRIVER FOR ILITEK ILI9486 PANELS,OPEN FIRMWARE AND FLATTENED DEVICE TREE BINDINGS,73,1630
DRM DRIVER FOR ILITEK ILI9486 PANELS,THE REST,355,8814
DRM DRIVER FOR JADARD JD9365DA-H3 MIPI-DSI LCD PANELS,DRM DRIVER FOR JADARD JD9365DA-H3 MIPI-DSI LCD PANELS,752,19410
DRM DRIVER FOR JADARD JD9365DA-H3 MIPI-DSI LCD PANELS,DRM DRIVERS,752,19410
DRM DRIVER FOR JADARD JD9365DA-H3 MIPI-DSI LCD PANELS,DRM PANEL DRIVERS,752,19410
DRM DRIVER FOR JADARD JD9365DA-H3 MIPI-DSI LCD PANELS,OPEN FIRMWARE AND FLATTENED DEVICE TREE BINDINGS,72,1478
DRM DRIVER FOR JADARD JD9365DA-H3 MIPI-DSI LCD PANELS,THE REST,752,19410
DRM DRIVER FOR LOGICVC DISPLAY CONTROLLER,DRM DRIVER FOR LOGICVC DISPLAY CONTROLLER,2228,57284
DRM DRIVER FOR LOGICVC DISPLAY CONTROLLER,DRM DRIVERS,2228,57284
DRM DRIVER FOR LOGICVC DISPLAY CONTROLLER,THE REST,2228,57284
DRM DRIVER FOR LVDS PANELS,DRM DRIVER FOR LVDS PANELS,413,11258
DRM DRIVER FOR LVDS PANELS,DRM DRIVERS,413,11258
DRM DRIVER FOR LVDS PANELS,DRM PANEL DRIVERS,323,7524
DRM DRIVER FOR LVDS PANELS,OPEN FIRMWARE AND FLATTENED DEVICE TREE BINDINGS,153,5136
DRM DRIVER FOR LVDS PANELS,THE REST,413,11258
DRM DRIVER FOR MANTIX MLAF057WE51 PANELS,DRM DRIVER FOR MANTIX MLAF057WE51 PANELS,437,10788
DRM DRIVER FOR MANTIX MLAF057WE51 PANELS,DRM DRIVERS,437,10788
DRM DRIVER FOR MANTIX MLAF057WE51 PANELS,DRM PANEL DRIVERS,437,10788
DRM DRIVER FOR MANTIX MLAF057WE51 PANELS,OPEN FIRMWARE AND FLATTENED DEVICE TREE BINDINGS,76,1591
DRM DRIVER FOR MANTIX MLAF057WE51 PANELS,THE REST,437,10788
DRM DRIVER FOR MGA G200 GRAPHICS CHIPS,DRM DRIVER FOR MGA G200 GRAPHICS CHIPS,5401,150481
DRM DRIVER FOR MGA G200 GRAPHICS CHIPS,DRM DRIVERS,5401,150481
DRM DRIVER FOR MGA G200 GRAPHICS CHIPS,THE REST,5401,150481
DRM DRIVER FOR MI0283QT,DRM DRIVER FOR MI0283QT,306,8216
DRM DRIVER FOR MI0283QT,DRM DRIVERS,306,8216
DRM DRIVER FOR MI0283QT,OPEN FIRMWARE AND FLATTENED DEVICE TREE BINDINGS,27,892
DRM DRIVER FOR MI0283QT,THE REST,306,8216
DRM DRIVER FOR MIPI DBI compatible panels,DRM DRIVER FOR MIPI DBI compatible panels,538,15298
DRM DRIVER FOR MIPI DBI compatible panels,DRM DRIVERS,538,15298
DRM DRIVER FOR MIPI DBI compatible panels,DRM PANEL DRIVERS,138,4043
DRM DRIVER FOR MIPI DBI compatible panels,OPEN FIRMWARE AND FLATTENED DEVICE TREE BINDINGS,138,4043
DRM DRIVER FOR MIPI DBI compatible panels,THE REST,538,15298
DRM DRIVER FOR MSM ADRENO GPU,DRM DRIVER FOR MSM ADRENO GPU,139169,4255564
DRM DRIVER FOR MSM ADRENO GPU,DRM DRIVERS,139169,4255564
DRM DRIVER FOR MSM ADRENO GPU,OPEN FIRMWARE AND FLATTENED DEVICE TREE BINDINGS,7977,211681
DRM DRIVER FOR MSM ADRENO GPU,THE REST,139169,4255564
DRM DRIVER FOR NOVATEK NT35510 PANELS,DRM DRIVER FOR NOVATEK NT35510 PANELS,1153,33719
DRM DRIVER FOR NOVATEK NT35510 PANELS,DRM DRIVERS,1153,33719
DRM DRIVER FOR NOVATEK NT35510 PANELS,DRM PANEL DRIVERS,1153,33719
DRM DRIVER FOR NOVATEK NT35510 PANELS,OPEN FIRMWARE AND FLATTENED DEVICE TREE BINDINGS,56,1462
DRM DRIVER FOR NOVATEK NT35510 PANELS,THE REST,1153,33719
DRM DRIVER FOR NOVATEK NT35560 PANELS,DRM DRIVER FOR NOVATEK NT35560 PANELS,614,15070
DRM DRIVER FOR NOVATEK NT35560 PANELS,DRM DRIVERS,614,15070
DRM DRIVER FOR NOVATEK NT35560 PANELS,DRM PANEL DRIVERS,614,15070
DRM DRIVER FOR NOVATEK NT35560 PANELS,OPEN FIRMWARE AND FLATTENED DEVICE TREE BINDINGS,56,1284
DRM DRIVER FOR NOVATEK NT35560 PANELS,THE REST,614,15070
DRM DRIVER FOR NOVATEK NT36523 PANELS,DRM DRIVER FOR NOVATEK NT36523 PANELS,1431,55117
DRM DRIVER FOR NOVATEK NT36523 PANELS,DRM DRIVERS,1431,55117
DRM DRIVER FOR NOVATEK NT36523 PANELS,DRM PANEL DRIVERS,1431,55117
DRM DRIVER FOR NOVATEK NT36523 PANELS,OPEN FIRMWARE AND FLATTENED DEVICE TREE BINDINGS,91,2073
DRM DRIVER FOR NOVATEK NT36523 PANELS,THE REST,1431,55117
DRM DRIVER FOR NOVATEK NT36672A PANELS,DRM DRIVER FOR NOVATEK NT36672A PANELS,806,20761
DRM DRIVER FOR NOVATEK NT36672A PANELS,DRM DRIVERS,806,20761
DRM DRIVER FOR NOVATEK NT36672A PANELS,DRM PANEL DRIVERS,806,20761
DRM DRIVER FOR NOVATEK NT36672A PANELS,OPEN FIRMWARE AND FLATTENED DEVICE TREE BINDINGS,88,2267
DRM DRIVER FOR NOVATEK NT36672A PANELS,THE REST,806,20761
DRM DRIVER FOR NVIDIA GEFORCE/QUADRO GPUS,DRM DRIVER FOR NVIDIA GEFORCE/QUADRO GPUS,209129,6226124
DRM DRIVER FOR NVIDIA GEFORCE/QUADRO GPUS,DRM DRIVERS,209129,6226124
DRM DRIVER FOR NVIDIA GEFORCE/QUADRO GPUS,TEGRA ARCHITECTURE SUPPORT,397,9500
DRM DRIVER FOR NVIDIA GEFORCE/QUADRO GPUS,THE REST,209129,6226124
DRM DRIVER FOR OLIMEX LCD-OLINUXINO PANELS,DRM DRIVER FOR OLIMEX LCD-OLINUXINO PANELS,389,9030
DRM DRIVER FOR OLIMEX LCD-OLINUXINO PANELS,DRM DRIVERS,389,9030
DRM DRIVER FOR OLIMEX LCD-OLINUXINO PANELS,DRM PANEL DRIVERS,389,9030
DRM DRIVER FOR OLIMEX LCD-OLINUXINO PANELS,OPEN FIRMWARE AND FLATTENED DEVICE TREE BINDINGS,70,1722
DRM DRIVER FOR OLIMEX LCD-OLINUXINO PANELS,THE REST,389,9030
DRM DRIVER FOR PARADE PS8640 BRIDGE CHIP,DRM DRIVER FOR PARADE PS8640 BRIDGE CHIP,850,23063
DRM DRIVER FOR PARADE PS8640 BRIDGE CHIP,DRM DRIVERS,850,23063
DRM DRIVER FOR PARADE PS8640 BRIDGE CHIP,DRM DRIVERS FOR BRIDGE CHIPS,850,23063
DRM DRIVER FOR PARADE PS8640 BRIDGE CHIP,OPEN FIRMWARE AND FLATTENED DEVICE TREE BINDINGS,121,3081
DRM DRIVER FOR PARADE PS8640 BRIDGE CHIP,THE REST,850,23063
DRM DRIVER FOR PERVASIVE DISPLAYS REPAPER PANELS,DRM DRIVER FOR PERVASIVE DISPLAYS REPAPER PANELS,1201,30130
DRM DRIVER FOR PERVASIVE DISPLAYS REPAPER PANELS,DRM DRIVERS,1201,30130
DRM DRIVER FOR PERVASIVE DISPLAYS REPAPER PANELS,OPEN FIRMWARE AND FLATTENED DEVICE TREE BINDINGS,52,1239
DRM DRIVER FOR PERVASIVE DISPLAYS REPAPER PANELS,THE REST,1201,30130
DRM DRIVER FOR QEMU'S CIRRUS DEVICE,DRM DRIVER FOR QEMU'S CIRRUS DEVICE,756,20556
DRM DRIVER FOR QEMU'S CIRRUS DEVICE,DRM DRIVERS,756,20556
DRM DRIVER FOR QEMU'S CIRRUS DEVICE,THE REST,756,20556
DRM DRIVER FOR QXL VIRTUAL GPU,DRM DRIVER FOR QXL VIRTUAL GPU,6709,177206
DRM DRIVER FOR QXL VIRTUAL GPU,DRM DRIVERS,6709,177206
DRM DRIVER FOR QXL VIRTUAL GPU,THE REST,6709,177206
DRM DRIVER FOR RAYDIUM RM67191 PANELS,DRM DRIVER FOR RAYDIUM RM67191 PANELS,736,15582
DRM DRIVER FOR RAYDIUM RM67191 PANELS,DRM DRIVERS,736,15582
DRM DRIVER FOR RAYDIUM RM67191 PANELS,DRM PANEL DRIVERS,736,15582
DRM DRIVER FOR RAYDIUM RM67191 PANELS,OPEN FIRMWARE AND FLATTENED DEVICE TREE BINDINGS,77,1618
DRM DRIVER FOR RAYDIUM RM67191 PANELS,THE REST,736,15582
DRM DRIVER FOR SAMSUNG DB7430 PANELS,DRM DRIVER FOR SAMSUNG DB7430 PANELS,438,12052
DRM DRIVER FOR SAMSUNG DB7430 PANELS,DRM DRIVERS,438,12052
DRM DRIVER FOR SAMSUNG DB7430 PANELS,DRM PANEL DRIVERS,438,12052
DRM DRIVER FOR SAMSUNG DB7430 PANELS,OPEN FIRMWARE AND FLATTENED DEVICE TREE BINDINGS,89,1988
DRM DRIVER FOR SAMSUNG DB7430 PANELS,THE REST,438,12052
DRM DRIVER FOR SAMSUNG MIPI DSIM BRIDGE,DRM DRIVER FOR SAMSUNG MIPI DSIM BRIDGE,2516,68020
DRM DRIVER FOR SAMSUNG MIPI DSIM BRIDGE,DRM DRIVERS,2516,68020
DRM DRIVER FOR SAMSUNG MIPI DSIM BRIDGE,DRM DRIVERS FOR BRIDGE CHIPS,2395,65173
DRM DRIVER FOR SAMSUNG MIPI DSIM BRIDGE,OPEN FIRMWARE AND FLATTENED DEVICE TREE BINDINGS,280,6609
DRM DRIVER FOR SAMSUNG MIPI DSIM BRIDGE,THE REST,2516,68020
DRM DRIVER FOR SAMSUNG S6D27A1 PANELS,DRM DRIVER FOR SAMSUNG S6D27A1 PANELS,417,10529
DRM DRIVER FOR SAMSUNG S6D27A1 PANELS,DRM DRIVERS,417,10529
DRM DRIVER FOR SAMSUNG S6D27A1 PANELS,DRM PANEL DRIVERS,417,10529
DRM DRIVER FOR SAMSUNG S6D27A1 PANELS,OPEN FIRMWARE AND FLATTENED DEVICE TREE BINDINGS,98,2270
DRM DRIVER FOR SAMSUNG S6D27A1 PANELS,THE REST,417,10529
DRM DRIVER FOR SAMSUNG S6D7AA0 PANELS,DRM DRIVER FOR SAMSUNG S6D7AA0 PANELS,654,16057
DRM DRIVER FOR SAMSUNG S6D7AA0 PANELS,DRM DRIVERS,654,16057
DRM DRIVER FOR SAMSUNG S6D7AA0 PANELS,DRM PANEL DRIVERS,654,16057
DRM DRIVER FOR SAMSUNG S6D7AA0 PANELS,OPEN FIRMWARE AND FLATTENED DEVICE TREE BINDINGS,70,1640
DRM DRIVER FOR SAMSUNG S6D7AA0 PANELS,THE REST,654,16057
DRM DRIVER FOR SITRONIX ST7586 PANELS,DRM DRIVER FOR SITRONIX ST7586 PANELS,426,11673
DRM DRIVER FOR SITRONIX ST7586 PANELS,DRM DRIVERS,426,11673
DRM DRIVER FOR SITRONIX ST7586 PANELS,OPEN FIRMWARE AND FLATTENED DEVICE TREE BINDINGS,22,693
DRM DRIVER FOR SITRONIX ST7586 PANELS,THE REST,426,11673
DRM DRIVER FOR SITRONIX ST7701 PANELS,DRM DRIVER FOR SITRONIX ST7701 PANELS,1022,32273
DRM DRIVER FOR SITRONIX ST7701 PANELS,DRM DRIVERS,1022,32273
DRM DRIVER FOR SITRONIX ST7701 PANELS,DRM PANEL DRIVERS,1022,32273
DRM DRIVER FOR SITRONIX ST7701 PANELS,OPEN FIRMWARE AND FLATTENED DEVICE TREE BINDINGS,83,1892
DRM DRIVER FOR SITRONIX ST7701 PANELS,THE REST,1022,32273
DRM DRIVER FOR SITRONIX ST7703 PANELS,DRM DRIVER FOR SITRONIX ST7703 PANELS,787,24246
DRM DRIVER FOR SITRONIX ST7703 PANELS,DRM DRIVERS,787,24246
DRM DRIVER FOR SITRONIX ST7703 PANELS,DRM PANEL DRIVERS,787,24246
DRM DRIVER FOR SITRONIX ST7703 PANELS,OPEN FIRMWARE AND FLATTENED DEVICE TREE BINDINGS,71,1520
DRM DRIVER FOR SITRONIX ST7703 PANELS,THE REST,787,24246
DRM DRIVER FOR SITRONIX ST7735R PANELS,DRM DRIVER FOR SITRONIX ST7735R PANELS,353,8967
DRM DRIVER FOR SITRONIX ST7735R PANELS,DRM DRIVERS,353,8967
DRM DRIVER FOR SITRONIX ST7735R PANELS,OPEN FIRMWARE AND FLATTENED DEVICE TREE BINDINGS,77,1837
DRM DRIVER FOR SITRONIX ST7735R PANELS,THE REST,353,8967
DRM DRIVER FOR SOLOMON SSD130X OLED DISPLAYS,DRM DRIVER FOR SOLOMON SSD130X OLED DISPLAYS,1821,49775
DRM DRIVER FOR SOLOMON SSD130X OLED DISPLAYS,DRM DRIVERS,1821,49775
DRM DRIVER FOR SOLOMON SSD130X OLED DISPLAYS,OPEN FIRMWARE AND FLATTENED DEVICE TREE BINDINGS,295,7379
DRM DRIVER FOR SOLOMON SSD130X OLED DISPLAYS,THE REST,1821,49775
DRM DRIVER FOR ST-ERICSSON MCDE,DRM DRIVER FOR ST-ERICSSON MCDE,4755,143669
DRM DRIVER FOR ST-ERICSSON MCDE,DRM DRIVERS,4755,143669
DRM DRIVER FOR ST-ERICSSON MCDE,OPEN FIRMWARE AND FLATTENED DEVICE TREE BINDINGS,168,3908
DRM DRIVER FOR ST-ERICSSON MCDE,THE REST,4755,143669
DRM DRIVER FOR TI DLPC3433 MIPI DSI TO DMD BRIDGE,DRM DRIVER FOR TI DLPC3433 MIPI DSI TO DMD BRIDGE,533,13637
DRM DRIVER FOR TI DLPC3433 MIPI DSI TO DMD BRIDGE,DRM DRIVERS,533,13637
DRM DRIVER FOR TI DLPC3433 MIPI DSI TO DMD BRIDGE,DRM DRIVERS FOR BRIDGE CHIPS,533,13637
DRM DRIVER FOR TI DLPC3433 MIPI DSI TO DMD BRIDGE,OPEN FIRMWARE AND FLATTENED DEVICE TREE BINDINGS,117,2782
DRM DRIVER FOR TI DLPC3433 MIPI DSI TO DMD BRIDGE,THE REST,533,13637
DRM DRIVER FOR TI SN65DSI86 BRIDGE CHIP,DRM DRIVER FOR TI SN65DSI86 BRIDGE CHIP,2314,65120
DRM DRIVER FOR TI SN65DSI86 BRIDGE CHIP,DRM DRIVERS,2314,65120
DRM DRIVER FOR TI SN65DSI86 BRIDGE CHIP,DRM DRIVERS FOR BRIDGE CHIPS,2314,65120
DRM DRIVER FOR TI SN65DSI86 BRIDGE CHIP,OPEN FIRMWARE AND FLATTENED DEVICE TREE BINDINGS,273,6770
DRM DRIVER FOR TI SN65DSI86 BRIDGE CHIP,THE REST,2314,65120
DRM DRIVER FOR TPO TPG110 PANELS,DRM DRIVER FOR TPO TPG110 PANELS,589,13986
DRM DRIVER FOR TPO TPG110 PANELS,DRM DRIVERS,589,13986
DRM DRIVER FOR TPO TPG110 PANELS,DRM PANEL DRIVERS,589,13986
DRM DRIVER FOR TPO TPG110 PANELS,OPEN FIRMWARE AND FLATTENED DEVICE TREE BINDINGS,104,2495
DRM DRIVER FOR TPO TPG110 PANELS,THE REST,589,13986
DRM DRIVER FOR USB DISPLAYLINK VIDEO ADAPTERS,DRM DRIVER FOR USB DISPLAYLINK VIDEO ADAPTERS,1534,41247
DRM DRIVER FOR USB DISPLAYLINK VIDEO ADAPTERS,DRM DRIVERS,1534,41247
DRM DRIVER FOR USB DISPLAYLINK VIDEO ADAPTERS,THE REST,1534,41247
DRM DRIVER FOR VIRTUAL KERNEL MODESETTING (VKMS),DRM DRIVER FOR VIRTUAL KERNEL MODESETTING (VKMS),2205,62467
DRM DRIVER FOR VIRTUAL KERNEL MODESETTING (VKMS),DRM DRIVERS,2205,62467
DRM DRIVER FOR VIRTUAL KERNEL MODESETTING (VKMS),DRM DRIVERS AND MISC GPU PATCHES,195,6637
DRM DRIVER FOR VIRTUAL KERNEL MODESETTING (VKMS),THE REST,2205,62467
DRM DRIVER FOR VIRTUALBOX VIRTUAL GPU,DRM DRIVER FOR VIRTUALBOX VIRTUAL GPU,3003,86749
DRM DRIVER FOR VIRTUALBOX VIRTUAL GPU,DRM DRIVERS,3003,86749
DRM DRIVER FOR VIRTUALBOX VIRTUAL GPU,THE REST,3003,86749
DRM DRIVER FOR VMWARE VIRTUAL GPU,DRM DRIVER FOR VMWARE VIRTUAL GPU,47272,1338591
DRM DRIVER FOR VMWARE VIRTUAL GPU,DRM DRIVERS,47272,1338591
DRM DRIVER FOR VMWARE VIRTUAL GPU,THE REST,47272,1338591
DRM DRIVER FOR WIDECHIPS WS2401 PANELS,DRM DRIVER FOR WIDECHIPS WS2401 PANELS,545,15511
DRM DRIVER FOR WIDECHIPS WS2401 PANELS,DRM DRIVERS,545,15511
DRM DRIVER FOR WIDECHIPS WS2401 PANELS,DRM PANEL DRIVERS,545,15511
DRM DRIVER FOR WIDECHIPS WS2401 PANELS,OPEN FIRMWARE AND FLATTENED DEVICE TREE BINDINGS,98,2367
DRM DRIVER FOR WIDECHIPS WS2401 PANELS,THE REST,545,15511
DRM DRIVERS,DRM DRIVERS,6740056,489987224
DRM DRIVERS,DRM DRIVERS AND MISC GPU PATCHES,126608,4079642
DRM DRIVERS,DRM DRIVERS FOR ALLWINNER A10,17920,511438
DRM DRIVERS,DRM DRIVERS FOR AMLOGIC SOCS,12423,381196
DRM DRIVERS,DRM DRIVERS FOR ATMEL HLCDC,3087,80022
DRM DRIVERS,DRM DRIVERS FOR BRIDGE CHIPS,72143,1951301
DRM DRIVERS,DRM DRIVERS FOR EXYNOS,22148,606180
DRM DRIVERS,DRM DRIVERS FOR FREESCALE DCU,1449,37276
DRM DRIVERS,DRM DRIVERS FOR FREESCALE IMX,15020,397065
DRM DRIVERS,DRM DRIVERS FOR FREESCALE IMX BRIDGE,3631,96775
DRM DRIVERS,"DRM DRIVERS FOR GMA500 (Poulsbo, Moorestown and derivative chipsets)",23688,667174
DRM DRIVERS,DRM DRIVERS FOR HISILICON,4144,110045
DRM DRIVERS,DRM DRIVERS FOR LIMA,5222,127185
DRM DRIVERS,DRM DRIVERS FOR LOONGSON,6484,171237
DRM DRIVERS,DRM DRIVERS FOR MEDIATEK,18054,501975
DRM DRIVERS,DRM DRIVERS FOR NVIDIA TEGRA,38151,999311
DRM DRIVERS,DRM DRIVERS FOR RENESAS,13705,364307
DRM DRIVERS,DRM DRIVERS FOR ROCKCHIP,20251,563568
DRM DRIVERS,DRM DRIVERS FOR STI,10412,291360
DRM DRIVERS,DRM DRIVERS FOR STM,3128,91176
DRM DRIVERS,DRM DRIVERS FOR TI KEYSTONE,5669,154158
DRM DRIVERS,DRM DRIVERS FOR TI LCDC,2964,79754
DRM DRIVERS,DRM DRIVERS FOR TI OMAP,32576,823500
DRM DRIVERS,DRM DRIVERS FOR V3D,4830,137905
DRM DRIVERS,DRM DRIVERS FOR VC4,26685,760738
DRM DRIVERS,DRM DRIVERS FOR VIVANTE GPU IP,10542,326189
DRM DRIVERS,DRM DRIVERS FOR XEN,2461,63491
DRM DRIVERS,DRM DRIVERS FOR XILINX,4634,133442
DRM DRIVERS,DRM GPU SCHEDULER,2786,84338
DRM DRIVERS,DRM PANEL DRIVERS,59038,1550471
DRM DRIVERS,DRM PRIVACY-SCREEN CLASS,783,23087
DRM DRIVERS,DRM TTM SUBSYSTEM,8229,229678
DRM DRIVERS,EXYNOS DP DRIVER,299,7367
DRM DRIVERS,HABANALABS PCI DRIVER,2324,79626
DRM DRIVERS,INGENIC JZ47xx SoCs,3133,90795
DRM DRIVERS,"INTEL DRM DRIVERS (excluding Poulsbo, Moorestown and derivative chipsets)",387882,11126961
DRM DRIVERS,INTEL GVT-g DRIVERS (Intel GPU Virtualization),24045,689697
DRM DRIVERS,INTEL KEEM BAY DRM DRIVER,4472,135522
DRM DRIVERS,ITE IT66121 HDMI BRIDGE DRIVER,1781,45842
DRM DRIVERS,LONTIUM LT8912B MIPI TO HDMI BRIDGE,887,19890
DRM DRIVERS,MARVELL ARMADA DRM SUPPORT,4320,119225
DRM DRIVERS,MEGACHIPS STDPXXXX-GE-B850V3-FW LVDS/DP++ BRIDGES,550,14219
DRM DRIVERS,MXSFB DRM DRIVER,3010,86177
DRM DRIVERS,NXP TDA998X DRM DRIVER,2155,63990
DRM DRIVERS,NXP i.MX 8MQ DCSS DRIVER,4120,106644
DRM DRIVERS,OPEN FIRMWARE AND FLATTENED DEVICE TREE BINDINGS,42227,1063501
DRM DRIVERS,QUALCOMM CLOUD AI (QAIC) DRIVER,397,12182
DRM DRIVERS,RADEON and AMDGPU DRM DRIVERS,5247589,447023683
DRM DRIVERS,RISC-V ARCHITECTURE,136,4283
DRM DRIVERS,SIMPLEFB FB DRIVER,213,6863
DRM DRIVERS,TEGRA ARCHITECTURE SUPPORT,30011,784249
DRM DRIVERS,TEGRA VIDEO DRIVER,692,18815
DRM DRIVERS,THE REST,6740056,489987224
DRM DRIVERS,VGA_SWITCHEROO,1375,44474
DRM DRIVERS,VIRTIO GPU DRIVER,5705,160637
DRM DRIVERS AND MISC GPU PATCHES,DRM DRIVERS AND MISC GPU PATCHES,126608,4079642
DRM DRIVERS AND MISC GPU PATCHES,DRM DRIVERS FOR AMLOGIC SOCS,55,1765
DRM DRIVERS AND MISC GPU PATCHES,DRM DRIVERS FOR BRIDGE CHIPS,2351,81369
DRM DRIVERS AND MISC GPU PATCHES,DRM DRIVERS FOR XEN,31,1010
DRM DRIVERS AND MISC GPU PATCHES,DRM PANEL DRIVERS,892,24722
DRM DRIVERS AND MISC GPU PATCHES,DRM PRIVACY-SCREEN CLASS,783,23087
DRM DRIVERS AND MISC GPU PATCHES,"INTEL DRM DRIVERS (excluding Poulsbo, Moorestown and derivative chipsets)",739,23061
DRM DRIVERS AND MISC GPU PATCHES,RADEON and AMDGPU DRM DRIVERS,10093,422941
DRM DRIVERS AND MISC GPU PATCHES,TEGRA ARCHITECTURE SUPPORT,178,7366
DRM DRIVERS AND MISC GPU PATCHES,THE REST,126608,4079642
DRM DRIVERS AND MISC GPU PATCHES,VGA_SWITCHEROO,1375,44474
DRM DRIVERS FOR ALLWINNER A10,DRM DRIVERS FOR ALLWINNER A10,17920,511438
DRM DRIVERS FOR ALLWINNER A10,OPEN FIRMWARE AND FLATTENED DEVICE TREE BINDINGS,2606,61573
DRM DRIVERS FOR ALLWINNER A10,THE REST,17920,511438
DRM DRIVERS FOR AMLOGIC SOCS,DRM DRIVERS FOR AMLOGIC SOCS,12423,381196
DRM DRIVERS FOR AMLOGIC SOCS,OPEN FIRMWARE AND FLATTENED DEVICE TREE BINDINGS,302,8575
DRM DRIVERS FOR AMLOGIC SOCS,THE REST,12423,381196
DRM DRIVERS FOR ATMEL HLCDC,DRM DRIVERS FOR ATMEL HLCDC,3087,80022
DRM DRIVERS FOR ATMEL HLCDC,OPEN FIRMWARE AND FLATTENED DEVICE TREE BINDINGS,75,2176
DRM DRIVERS FOR ATMEL HLCDC,THE REST,3087,80022
DRM DRIVERS FOR BRIDGE CHIPS,DRM DRIVERS FOR BRIDGE CHIPS,72143,1951301
DRM DRIVERS FOR BRIDGE CHIPS,DRM DRIVERS FOR FREESCALE IMX BRIDGE,3631,96775
DRM DRIVERS FOR BRIDGE CHIPS,DRM DRIVERS FOR RENESAS,484,12207
DRM DRIVERS FOR BRIDGE CHIPS,ITE IT66121 HDMI BRIDGE DRIVER,1781,45842
DRM DRIVERS FOR BRIDGE CHIPS,LONTIUM LT8912B MIPI TO HDMI BRIDGE,887,19890
DRM DRIVERS FOR BRIDGE CHIPS,MEGACHIPS STDPXXXX-GE-B850V3-FW LVDS/DP++ BRIDGES,550,14219
DRM DRIVERS FOR BRIDGE CHIPS,OPEN FIRMWARE AND FLATTENED DEVICE TREE BINDINGS,6893,167260
DRM DRIVERS FOR BRIDGE CHIPS,THE REST,72143,1951301
DRM DRIVERS FOR EXYNOS,DRM DRIVERS FOR EXYNOS,22148,606180
DRM DRIVERS FOR EXYNOS,EXYNOS DP DRIVER,299,7367
DRM DRIVERS FOR EXYNOS,OPEN FIRMWARE AND FLATTENED DEVICE TREE BINDINGS,1075,28800
DRM DRIVERS FOR EXYNOS,THE REST,22148,606180
DRM DRIVERS FOR FREESCALE DCU,DRM DRIVERS FOR FREESCALE DCU,1449,37276
DRM DRIVERS FOR FREESCALE DCU,OPEN FIRMWARE AND FLATTENED DEVICE TREE BINDINGS,51,1398
DRM DRIVERS FOR FREESCALE DCU,THE REST,1449,37276
DRM DRIVERS FOR FREESCALE IMX,DRM DRIVERS FOR FREESCALE IMX,15020,397065
DRM DRIVERS FOR FREESCALE IMX,NXP i.MX 8MQ DCSS DRIVER,107,3668
DRM DRIVERS FOR FREESCALE IMX,OPEN FIRMWARE AND FLATTENED DEVICE TREE BINDINGS,688,18846
DRM DRIVERS FOR FREESCALE IMX,THE REST,15020,397065
DRM DRIVERS FOR FREESCALE IMX BRIDGE,DRM DRIVERS FOR FREESCALE IMX BRIDGE,3631,96775
DRM DRIVERS FOR FREESCALE IMX BRIDGE,OPEN FIRMWARE AND FLATTENED DEVICE TREE BINDINGS,569,14834
DRM DRIVERS FOR FREESCALE IMX BRIDGE,THE REST,3631,96775
"DRM DRIVERS FOR GMA500 (Poulsbo, Moorestown and derivative chipsets)","DRM DRIVERS FOR GMA500 (Poulsbo, Moorestown and derivative chipsets)",23688,667174
"DRM DRIVERS FOR GMA500 (Poulsbo, Moorestown and derivative chipsets)",THE REST,23688,667174
DRM DRIVERS FOR HISILICON,DRM DRIVERS FOR HISILICON,4144,110045
DRM DRIVERS FOR HISILICON,OPEN FIRMWARE AND FLATTENED DEVICE TREE BINDINGS,136,3845
DRM DRIVERS FOR HISILICON,THE REST,4144,110045
DRM DRIVERS FOR LIMA,DRM DRIVERS FOR LIMA,5222,127185
DRM DRIVERS FOR LIMA,THE REST,5222,127185
DRM DRIVERS FOR LOONGSON,DRM DRIVERS FOR LOONGSON,6484,171237
DRM DRIVERS FOR LOONGSON,THE REST,6484,171237
DRM DRIVERS FOR MEDIATEK,DRM DRIVERS FOR MEDIATEK,20288,570852
DRM DRIVERS FOR MEDIATEK,GENERIC PHY FRAMEWORK,2234,68877
DRM DRIVERS FOR MEDIATEK,OPEN FIRMWARE AND FLATTENED DEVICE TREE BINDINGS,2177,62218
DRM DRIVERS FOR MEDIATEK,THE REST,20288,570852
DRM DRIVERS FOR NVIDIA TEGRA,DRM DRIVERS FOR NVIDIA TEGRA,38648,1013127
DRM DRIVERS FOR NVIDIA TEGRA,OPEN FIRMWARE AND FLATTENED DEVICE TREE BINDINGS,921,24651
DRM DRIVERS FOR NVIDIA TEGRA,RISC-V ARCHITECTURE,136,4283
DRM DRIVERS FOR NVIDIA TEGRA,TEGRA ARCHITECTURE SUPPORT,27176,713538
DRM DRIVERS FOR NVIDIA TEGRA,TEGRA VIDEO DRIVER,430,12467
DRM DRIVERS FOR NVIDIA TEGRA,THE REST,38648,1013127
DRM DRIVERS FOR RENESAS,DRM DRIVERS FOR RENESAS,13794,366908
DRM DRIVERS FOR RENESAS,OPEN FIRMWARE AND FLATTENED DEVICE TREE BINDINGS,1351,32520
DRM DRIVERS FOR RENESAS,THE REST,13794,366908
DRM DRIVERS FOR ROCKCHIP,DRM DRIVERS FOR ROCKCHIP,20251,563568
DRM DRIVERS FOR ROCKCHIP,OPEN FIRMWARE AND FLATTENED DEVICE TREE BINDINGS,1169,27767
DRM DRIVERS FOR ROCKCHIP,THE REST,20251,563568
DRM DRIVERS FOR STI,DRM DRIVERS FOR STI,10412,291360
DRM DRIVERS FOR STI,OPEN FIRMWARE AND FLATTENED DEVICE TREE BINDINGS,241,8693
DRM DRIVERS FOR STI,THE REST,10412,291360
DRM DRIVERS FOR STM,DRM DRIVERS FOR STM,3128,91176
DRM DRIVERS FOR STM,OPEN FIRMWARE AND FLATTENED DEVICE TREE BINDINGS,77,1780
DRM DRIVERS FOR STM,THE REST,3128,91176
DRM DRIVERS FOR TI KEYSTONE,DRM DRIVERS FOR TI KEYSTONE,5669,154158
DRM DRIVERS FOR TI KEYSTONE,DRM DRIVERS FOR TI OMAP,469,13533
DRM DRIVERS FOR TI KEYSTONE,OPEN FIRMWARE AND FLATTENED DEVICE TREE BINDINGS,469,13533
DRM DRIVERS FOR TI KEYSTONE,THE REST,5669,154158
DRM DRIVERS FOR TI LCDC,DRM DRIVERS FOR TI LCDC,2964,79754
DRM DRIVERS FOR TI LCDC,OPEN FIRMWARE AND FLATTENED DEVICE TREE BINDINGS,148,4990
DRM DRIVERS FOR TI LCDC,THE REST,2964,79754
DRM DRIVERS FOR TI OMAP,DRM DRIVERS FOR TI OMAP,32576,823500
DRM DRIVERS FOR TI OMAP,OPEN FIRMWARE AND FLATTENED DEVICE TREE BINDINGS,1200,29762
DRM DRIVERS FOR TI OMAP,THE REST,32576,823500
DRM DRIVERS FOR V3D,DRM DRIVERS FOR V3D,4830,137905
DRM DRIVERS FOR V3D,OPEN FIRMWARE AND FLATTENED DEVICE TREE BINDINGS,75,1546
DRM DRIVERS FOR V3D,THE REST,4830,137905
DRM DRIVERS FOR VC4,DRM DRIVERS FOR VC4,26685,760738
DRM DRIVERS FOR VC4,OPEN FIRMWARE AND FLATTENED DEVICE TREE BINDINGS,493,9192
DRM DRIVERS FOR VC4,THE REST,26685,760738
DRM DRIVERS FOR VIVANTE GPU IP,DRM DRIVERS FOR VIVANTE GPU IP,10542,326189
DRM DRIVERS FOR VIVANTE GPU IP,OPEN FIRMWARE AND FLATTENED DEVICE TREE BINDINGS,76,1563
DRM DRIVERS FOR VIVANTE GPU IP,THE REST,10542,326189
DRM DRIVERS FOR XEN,DRM DRIVERS FOR XEN,2461,63491
DRM DRIVERS FOR XEN,THE REST,2461,63491
DRM DRIVERS FOR XILINX,DRM DRIVERS FOR XILINX,4634,133442
DRM DRIVERS FOR XILINX,OPEN FIRMWARE AND FLATTENED DEVICE TREE BINDINGS,236,6991
DRM DRIVERS FOR XILINX,THE REST,4634,133442
DRM GPU SCHEDULER,DRM GPU SCHEDULER,2786,84338
DRM GPU SCHEDULER,THE REST,2786,84338
DRM PANEL DRIVERS,DRM PANEL DRIVERS,59038,1550471
DRM PANEL DRIVERS,OPEN FIRMWARE AND FLATTENED DEVICE TREE BINDINGS,7205,174263
DRM PANEL DRIVERS,THE REST,59038,1550471
DRM PRIVACY-SCREEN CLASS,DRM PRIVACY-SCREEN CLASS,783,23087
DRM PRIVACY-SCREEN CLASS,THE REST,783,23087
DRM TTM SUBSYSTEM,DRM TTM SUBSYSTEM,8229,229678
DRM TTM SUBSYSTEM,THE REST,8229,229678
DSBR100 USB FM RADIO DRIVER,DSBR100 USB FM RADIO DRIVER,420,11794
DSBR100 USB FM RADIO DRIVER,MEDIA INPUT INFRASTRUCTURE (V4L/DVB),420,11794
DSBR100 USB FM RADIO DRIVER,THE REST,420,11794
DT3155 MEDIA DRIVER,DT3155 MEDIA DRIVER,802,23194
DT3155 MEDIA DRIVER,MEDIA INPUT INFRASTRUCTURE (V4L/DVB),802,23194
DT3155 MEDIA DRIVER,THE REST,802,23194
DVB_USB_AF9015 MEDIA DRIVER,DVB_USB_AF9015 MEDIA DRIVER,1687,47647
DVB_USB_AF9015 MEDIA DRIVER,MEDIA INPUT INFRASTRUCTURE (V4L/DVB),1687,47647
DVB_USB_AF9015 MEDIA DRIVER,THE REST,1687,47647
DVB_USB_AF9035 MEDIA DRIVER,DVB_USB_AF9035 MEDIA DRIVER,2340,60714
DVB_USB_AF9035 MEDIA DRIVER,MEDIA INPUT INFRASTRUCTURE (V4L/DVB),2340,60714
DVB_USB_AF9035 MEDIA DRIVER,THE REST,2340,60714
DVB_USB_ANYSEE MEDIA DRIVER,DVB_USB_ANYSEE MEDIA DRIVER,1731,48847
DVB_USB_ANYSEE MEDIA DRIVER,MEDIA INPUT INFRASTRUCTURE (V4L/DVB),1731,48847
DVB_USB_ANYSEE MEDIA DRIVER,THE REST,1731,48847
DVB_USB_AU6610 MEDIA DRIVER,DVB_USB_AU6610 MEDIA DRIVER,219,4952
DVB_USB_AU6610 MEDIA DRIVER,MEDIA INPUT INFRASTRUCTURE (V4L/DVB),219,4952
DVB_USB_AU6610 MEDIA DRIVER,THE REST,219,4952
DVB_USB_CE6230 MEDIA DRIVER,DVB_USB_CE6230 MEDIA DRIVER,322,7489
DVB_USB_CE6230 MEDIA DRIVER,MEDIA INPUT INFRASTRUCTURE (V4L/DVB),322,7489
DVB_USB_CE6230 MEDIA DRIVER,THE REST,322,7489
DVB_USB_CXUSB MEDIA DRIVER,DVB_USB_CXUSB MEDIA DRIVER,4443,111163
DVB_USB_CXUSB MEDIA DRIVER,MEDIA INPUT INFRASTRUCTURE (V4L/DVB),4443,111163
DVB_USB_CXUSB MEDIA DRIVER,THE REST,4443,111163
DVB_USB_EC168 MEDIA DRIVER,DVB_USB_EC168 MEDIA DRIVER,417,9693
DVB_USB_EC168 MEDIA DRIVER,MEDIA INPUT INFRASTRUCTURE (V4L/DVB),417,9693
DVB_USB_EC168 MEDIA DRIVER,THE REST,417,9693
DVB_USB_GL861 MEDIA DRIVER,DVB_USB_GL861 MEDIA DRIVER,578,13961
DVB_USB_GL861 MEDIA DRIVER,MEDIA INPUT INFRASTRUCTURE (V4L/DVB),578,13961
DVB_USB_GL861 MEDIA DRIVER,THE REST,578,13961
DVB_USB_MXL111SF MEDIA DRIVER,DVB_USB_MXL111SF MEDIA DRIVER,4978,127231
DVB_USB_MXL111SF MEDIA DRIVER,MEDIA INPUT INFRASTRUCTURE (V4L/DVB),4978,127231
DVB_USB_MXL111SF MEDIA DRIVER,THE REST,4978,127231
DVB_USB_RTL28XXU MEDIA DRIVER,DVB_USB_RTL28XXU MEDIA DRIVER,2292,62268
DVB_USB_RTL28XXU MEDIA DRIVER,MEDIA INPUT INFRASTRUCTURE (V4L/DVB),2292,62268
DVB_USB_RTL28XXU MEDIA DRIVER,THE REST,2292,62268
DVB_USB_V2 MEDIA DRIVER,DVB_USB_V2 MEDIA DRIVER,2014,53670
DVB_USB_V2 MEDIA DRIVER,MEDIA INPUT INFRASTRUCTURE (V4L/DVB),2014,53670
DVB_USB_V2 MEDIA DRIVER,THE REST,2014,53670
DYNAMIC DEBUG,DYNAMIC DEBUG,2010,53532
DYNAMIC DEBUG,THE REST,2010,53532
DYNAMIC INTERRUPT MODERATION,DYNAMIC INTERRUPT MODERATION,960,28745
DYNAMIC INTERRUPT MODERATION,NETWORKING [GENERAL],176,7999
DYNAMIC INTERRUPT MODERATION,THE REST,960,28745
DYNAMIC THERMAL POWER MANAGEMENT (DTPM),DYNAMIC THERMAL POWER MANAGEMENT (DTPM),1256,29550
DYNAMIC THERMAL POWER MANAGEMENT (DTPM),POWER MANAGEMENT CORE,1183,28058
DYNAMIC THERMAL POWER MANAGEMENT (DTPM),THE REST,1256,29550
DZ DECSTATION DZ11 SERIAL DRIVER,DZ DECSTATION DZ11 SERIAL DRIVER,1077,28392
DZ DECSTATION DZ11 SERIAL DRIVER,THE REST,1077,28392
DZ DECSTATION DZ11 SERIAL DRIVER,TTY LAYER AND SERIAL DRIVERS,1077,28392
E3X0 POWER BUTTON DRIVER,E3X0 POWER BUTTON DRIVER,158,4032
E3X0 POWER BUTTON DRIVER,"INPUT (KEYBOARD, MOUSE, JOYSTICK, TOUCHSCREEN) DRIVERS",158,4032
E3X0 POWER BUTTON DRIVER,OPEN FIRMWARE AND FLATTENED DEVICE TREE BINDINGS,23,819
E3X0 POWER BUTTON DRIVER,THE REST,158,4032
E4000 MEDIA DRIVER,E4000 MEDIA DRIVER,989,22901
E4000 MEDIA DRIVER,MEDIA INPUT INFRASTRUCTURE (V4L/DVB),989,22901
E4000 MEDIA DRIVER,THE REST,989,22901
EARTH_PT1 MEDIA DRIVER,EARTH_PT1 MEDIA DRIVER,1505,32329
EARTH_PT1 MEDIA DRIVER,MEDIA INPUT INFRASTRUCTURE (V4L/DVB),1505,32329
EARTH_PT1 MEDIA DRIVER,THE REST,1505,32329
EARTH_PT3 MEDIA DRIVER,EARTH_PT3 MEDIA DRIVER,1444,33058
EARTH_PT3 MEDIA DRIVER,MEDIA INPUT INFRASTRUCTURE (V4L/DVB),1444,33058
EARTH_PT3 MEDIA DRIVER,THE REST,1444,33058
EC100 MEDIA DRIVER,EC100 MEDIA DRIVER,362,7498
EC100 MEDIA DRIVER,MEDIA INPUT INFRASTRUCTURE (V4L/DVB),362,7498
EC100 MEDIA DRIVER,THE REST,362,7498
ECRYPT FILE SYSTEM,ECRYPT FILE SYSTEM,10274,309582
ECRYPT FILE SYSTEM,THE REST,10274,309582
EDAC-AMD64,EDAC-AMD64,6530,168349
EDAC-AMD64,EDAC-CORE,6530,168349
EDAC-AMD64,THE REST,6530,168349
EDAC-ARMADA,EDAC-ARMADA,655,19094
EDAC-ARMADA,EDAC-CORE,624,18443
EDAC-ARMADA,MEMORY CONTROLLER DRIVERS,31,651
EDAC-ARMADA,OPEN FIRMWARE AND FLATTENED DEVICE TREE BINDINGS,31,651
EDAC-ARMADA,THE REST,655,19094
EDAC-AST2500,EDAC-AST2500,427,10943
EDAC-AST2500,EDAC-CORE,399,10132
EDAC-AST2500,OPEN FIRMWARE AND FLATTENED DEVICE TREE BINDINGS,28,811
EDAC-AST2500,THE REST,427,10943
EDAC-BLUEFIELD,EDAC-BLUEFIELD,356,9271
EDAC-BLUEFIELD,EDAC-CORE,356,9271
EDAC-BLUEFIELD,THE REST,356,9271
EDAC-CALXEDA,EDAC-CALXEDA,419,10587
EDAC-CALXEDA,EDAC-CORE,419,10587
EDAC-CALXEDA,THE REST,419,10587
EDAC-CAVIUM OCTEON,EDAC-CAVIUM OCTEON,783,20386
EDAC-CAVIUM OCTEON,EDAC-CORE,783,20386
EDAC-CAVIUM OCTEON,THE REST,783,20386
EDAC-CAVIUM THUNDERX,EDAC-CAVIUM THUNDERX,2154,54112
EDAC-CAVIUM THUNDERX,EDAC-CORE,2154,54112
EDAC-CAVIUM THUNDERX,THE REST,2154,54112
EDAC-CORE,EDAC-CORE,60854,1648337
EDAC-CORE,EDAC-DMC520,656,16753
EDAC-CORE,EDAC-E752X,1481,41678
EDAC-CORE,EDAC-E7XXX,602,16480
EDAC-CORE,EDAC-FSL_DDR,709,17928
EDAC-CORE,EDAC-GHES,573,12926
EDAC-CORE,EDAC-I10NM,1230,33175
EDAC-CORE,EDAC-I3000,565,14045
EDAC-CORE,EDAC-I5000,1582,43079
EDAC-CORE,EDAC-I5400,1469,40748
EDAC-CORE,EDAC-I7300,1214,35981
EDAC-CORE,EDAC-I7CORE,2399,62934
EDAC-CORE,EDAC-I82443BXGX,462,13876
EDAC-CORE,EDAC-I82975X,706,18497
EDAC-CORE,EDAC-IE31200,667,20501
EDAC-CORE,EDAC-IGEN6,1304,31930
EDAC-CORE,EDAC-MPC85XX,818,22715
EDAC-CORE,EDAC-NPCM,544,15040
EDAC-CORE,EDAC-PASEMI,303,8181
EDAC-CORE,EDAC-PND2,1880,49036
EDAC-CORE,EDAC-QCOM,420,11510
EDAC-CORE,EDAC-R82600,426,11981
EDAC-CORE,EDAC-SBRIDGE,3688,99885
EDAC-CORE,EDAC-SKYLAKE,1745,45301
EDAC-CORE,EDAC-TI,338,8643
EDAC-CORE,LINUX FOR POWERPC (32-BIT AND 64-BIT),303,8181
EDAC-CORE,RAS INFRASTRUCTURE,1219,43122
EDAC-CORE,SIFIVE DRIVERS,119,2600
EDAC-CORE,THE REST,60854,1648337
EDAC-CORE,XILINX ZYNQMP OCM EDAC DRIVER,467,12208
EDAC-DMC520,EDAC-DMC520,656,16753
EDAC-DMC520,THE REST,656,16753
EDAC-E752X,EDAC-E752X,1481,41678
EDAC-E752X,THE REST,1481,41678
EDAC-E7XXX,EDAC-E7XXX,602,16480
EDAC-E7XXX,THE REST,602,16480
EDAC-FSL_DDR,EDAC-FSL_DDR,709,17928
EDAC-FSL_DDR,THE REST,709,17928
EDAC-GHES,EDAC-GHES,573,12926
EDAC-GHES,THE REST,573,12926
EDAC-I10NM,EDAC-I10NM,1230,33175
EDAC-I10NM,THE REST,1230,33175
EDAC-I3000,EDAC-I3000,565,14045
EDAC-I3000,THE REST,565,14045
EDAC-I5000,EDAC-I5000,1582,43079
EDAC-I5000,THE REST,1582,43079
EDAC-I5400,EDAC-I5400,1469,40748
EDAC-I5400,THE REST,1469,40748
EDAC-I7300,EDAC-I7300,1214,35981
EDAC-I7300,THE REST,1214,35981
EDAC-I7CORE,EDAC-I7CORE,2399,62934
EDAC-I7CORE,THE REST,2399,62934
EDAC-I82443BXGX,EDAC-I82443BXGX,462,13876
EDAC-I82443BXGX,THE REST,462,13876
EDAC-I82975X,EDAC-I82975X,706,18497
EDAC-I82975X,THE REST,706,18497
EDAC-IE31200,EDAC-IE31200,667,20501
EDAC-IE31200,THE REST,667,20501
EDAC-IGEN6,EDAC-IGEN6,1304,31930
EDAC-IGEN6,THE REST,1304,31930
EDAC-MPC85XX,EDAC-MPC85XX,818,22715
EDAC-MPC85XX,THE REST,818,22715
EDAC-NPCM,EDAC-NPCM,594,16286
EDAC-NPCM,MEMORY CONTROLLER DRIVERS,50,1246
EDAC-NPCM,OPEN FIRMWARE AND FLATTENED DEVICE TREE BINDINGS,50,1246
EDAC-NPCM,THE REST,594,16286
EDAC-PASEMI,EDAC-PASEMI,303,8181
EDAC-PASEMI,LINUX FOR POWERPC (32-BIT AND 64-BIT),303,8181
EDAC-PASEMI,THE REST,303,8181
EDAC-PND2,EDAC-PND2,1880,49036
EDAC-PND2,THE REST,1880,49036
EDAC-QCOM,EDAC-QCOM,420,11510
EDAC-QCOM,THE REST,420,11510
EDAC-R82600,EDAC-R82600,426,11981
EDAC-R82600,THE REST,426,11981
EDAC-SBRIDGE,EDAC-SBRIDGE,3688,99885
EDAC-SBRIDGE,THE REST,3688,99885
EDAC-SKYLAKE,EDAC-SKYLAKE,1745,45301
EDAC-SKYLAKE,THE REST,1745,45301
EDAC-TI,EDAC-TI,338,8643
EDAC-TI,THE REST,338,8643
EDIROL UA-101/UA-1000 DRIVER,EDIROL UA-101/UA-1000 DRIVER,1357,37030
EDIROL UA-101/UA-1000 DRIVER,SOUND,1357,37030
EDIROL UA-101/UA-1000 DRIVER,THE REST,1357,37030
EFI TEST DRIVER,EFI TEST DRIVER,908,20667
EFI TEST DRIVER,EXTENSIBLE FIRMWARE INTERFACE (EFI),908,20667
EFI TEST DRIVER,THE REST,908,20667
EFI VARIABLE FILESYSTEM,EFI VARIABLE FILESYSTEM,1428,35844
EFI VARIABLE FILESYSTEM,THE REST,1428,35844
EFIFB FRAMEBUFFER DRIVER,EFIFB FRAMEBUFFER DRIVER,693,19170
EFIFB FRAMEBUFFER DRIVER,FRAMEBUFFER LAYER,693,19170
EFIFB FRAMEBUFFER DRIVER,THE REST,693,19170
EFS FILESYSTEM,EFS FILESYSTEM,1167,29183
EFS FILESYSTEM,THE REST,1167,29183
EHEA (IBM pSeries eHEA 10Gb ethernet adapter) DRIVER,EHEA (IBM pSeries eHEA 10Gb ethernet adapter) DRIVER,7031,173302
EHEA (IBM pSeries eHEA 10Gb ethernet adapter) DRIVER,NETWORKING DRIVERS,7031,173302
EHEA (IBM pSeries eHEA 10Gb ethernet adapter) DRIVER,THE REST,7031,173302
ELM327 CAN NETWORK DRIVER,ELM327 CAN NETWORK DRIVER,1473,40957
ELM327 CAN NETWORK DRIVER,NETWORKING DRIVERS,1142,30921
ELM327 CAN NETWORK DRIVER,NETWORKING [GENERAL],331,10036
ELM327 CAN NETWORK DRIVER,THE REST,1473,40957
EM28XX VIDEO4LINUX DRIVER,EM28XX VIDEO4LINUX DRIVER,15573,423242
EM28XX VIDEO4LINUX DRIVER,MEDIA INPUT INFRASTRUCTURE (V4L/DVB),15573,423242
EM28XX VIDEO4LINUX DRIVER,THE REST,15573,423242
EMMC CMDQ HOST CONTROLLER INTERFACE (CQHCI) DRIVER,EMMC CMDQ HOST CONTROLLER INTERFACE (CQHCI) DRIVER,1847,47774
EMMC CMDQ HOST CONTROLLER INTERFACE (CQHCI) DRIVER,"MULTIMEDIA CARD (MMC), SECURE DIGITAL (SD) AND SDIO SUBSYSTEM",1847,47774
EMMC CMDQ HOST CONTROLLER INTERFACE (CQHCI) DRIVER,THE REST,1847,47774
EMS CPC-PCI CAN DRIVER,EMS CPC-PCI CAN DRIVER,431,12125
EMS CPC-PCI CAN DRIVER,NETWORKING DRIVERS,431,12125
EMS CPC-PCI CAN DRIVER,THE REST,431,12125
"EMULEX 10Gbps NIC BE2, BE3-R, Lancer, Skyhawk-R DRIVER (be2net)","EMULEX 10Gbps NIC BE2, BE3-R, Lancer, Skyhawk-R DRIVER (be2net)",16849,444424
"EMULEX 10Gbps NIC BE2, BE3-R, Lancer, Skyhawk-R DRIVER (be2net)",NETWORKING DRIVERS,16849,444424
"EMULEX 10Gbps NIC BE2, BE3-R, Lancer, Skyhawk-R DRIVER (be2net)",THE REST,16849,444424
EMULEX 10Gbps iSCSI - OneConnect DRIVER,EMULEX 10Gbps iSCSI - OneConnect DRIVER,13733,387711
EMULEX 10Gbps iSCSI - OneConnect DRIVER,SCSI SUBSYSTEM,13733,387711
EMULEX 10Gbps iSCSI - OneConnect DRIVER,THE REST,13733,387711
EMULEX ONECONNECT ROCE DRIVER,EMULEX ONECONNECT ROCE DRIVER,11164,312140
EMULEX ONECONNECT ROCE DRIVER,INFINIBAND SUBSYSTEM,11164,312140
EMULEX ONECONNECT ROCE DRIVER,THE REST,11164,312140
EMULEX/BROADCOM EFCT FC/FCOE SCSI TARGET DRIVER,EMULEX/BROADCOM EFCT FC/FCOE SCSI TARGET DRIVER,30296,755190
EMULEX/BROADCOM EFCT FC/FCOE SCSI TARGET DRIVER,SCSI SUBSYSTEM,30296,755190
EMULEX/BROADCOM EFCT FC/FCOE SCSI TARGET DRIVER,THE REST,30296,755190
EMULEX/BROADCOM LPFC FC/FCOE SCSI DRIVER,EMULEX/BROADCOM LPFC FC/FCOE SCSI DRIVER,119410,3655734
EMULEX/BROADCOM LPFC FC/FCOE SCSI DRIVER,SCSI SUBSYSTEM,119410,3655734
EMULEX/BROADCOM LPFC FC/FCOE SCSI DRIVER,THE REST,119410,3655734
ENE CB710 FLASH CARD READER DRIVER,ENE CB710 FLASH CARD READER DRIVER,1707,45945
ENE CB710 FLASH CARD READER DRIVER,"MULTIMEDIA CARD (MMC), SECURE DIGITAL (SD) AND SDIO SUBSYSTEM",886,25135
ENE CB710 FLASH CARD READER DRIVER,THE REST,1707,45945
ENE KB2426 (ENE0100/ENE020XX) INFRARED RECEIVER,ENE KB2426 (ENE0100/ENE020XX) INFRARED RECEIVER,1438,39396
ENE KB2426 (ENE0100/ENE020XX) INFRARED RECEIVER,MEDIA INPUT INFRASTRUCTURE (V4L/DVB),1438,39396
ENE KB2426 (ENE0100/ENE020XX) INFRARED RECEIVER,RC-CORE / LIRC FRAMEWORK,1438,39396
ENE KB2426 (ENE0100/ENE020XX) INFRARED RECEIVER,THE REST,1438,39396
EPAPR HYPERVISOR BYTE CHANNEL DEVICE DRIVER,EPAPR HYPERVISOR BYTE CHANNEL DEVICE DRIVER,818,22257
EPAPR HYPERVISOR BYTE CHANNEL DEVICE DRIVER,THE REST,818,22257
EPAPR HYPERVISOR BYTE CHANNEL DEVICE DRIVER,TTY LAYER AND SERIAL DRIVERS,818,22257
EPSON S1D13XXX FRAMEBUFFER DRIVER,EPSON S1D13XXX FRAMEBUFFER DRIVER,1207,38865
EPSON S1D13XXX FRAMEBUFFER DRIVER,FRAMEBUFFER LAYER,1207,38865
EPSON S1D13XXX FRAMEBUFFER DRIVER,THE REST,1207,38865
EROFS FILE SYSTEM,EROFS FILE SYSTEM,9741,267253
EROFS FILE SYSTEM,THE REST,9741,267253
EROFS FILE SYSTEM,TRACING,261,6491
ERRSEQ ERROR TRACKING INFRASTRUCTURE,ERRSEQ ERROR TRACKING INFRASTRUCTURE,221,7163
ERRSEQ ERROR TRACKING INFRASTRUCTURE,THE REST,221,7163
ESD CAN/USB DRIVERS,ESD CAN/USB DRIVERS,1381,36806
ESD CAN/USB DRIVERS,NETWORKING DRIVERS,1381,36806
ESD CAN/USB DRIVERS,THE REST,1381,36806
ET131X NETWORK DRIVER,ET131X NETWORK DRIVER,5533,158935
ET131X NETWORK DRIVER,NETWORKING DRIVERS,5533,158935
ET131X NETWORK DRIVER,THE REST,5533,158935
ETAS ES58X CAN/USB DRIVER,ETAS ES58X CAN/USB DRIVER,4807,145534
ETAS ES58X CAN/USB DRIVER,NETWORKING DRIVERS,4771,144555
ETAS ES58X CAN/USB DRIVER,NETWORKING [GENERAL],36,979
ETAS ES58X CAN/USB DRIVER,THE REST,4807,145534
ETHERNET BRIDGE,ETHERNET BRIDGE,36730,961933
ETHERNET BRIDGE,NETFILTER,7807,200400
ETHERNET BRIDGE,NETWORKING [GENERAL],36603,957758
ETHERNET BRIDGE,THE REST,36730,961933
ETHERNET PHY LIBRARY,ETHERNET PHY LIBRARY,87077,2387053
ETHERNET PHY LIBRARY,LYNX PCS MODULE,401,10740
ETHERNET PHY LIBRARY,MARVELL MV88X3310 PHY DRIVER,1431,38561
ETHERNET PHY LIBRARY,MARVELL USB MDIO CONTROLLER DRIVER,123,2919
ETHERNET PHY LIBRARY,MAXLINEAR ETHERNET PHY DRIVER,1043,27435
ETHERNET PHY LIBRARY,MDIO REGMAP DRIVER,119,2756
ETHERNET PHY LIBRARY,MEDIATEK ETHERNET PCS DRIVER,306,8881
ETHERNET PHY LIBRARY,MEDIATEK ETHERNET PHY DRIVERS,1645,49180
ETHERNET PHY LIBRARY,MICROCHIP LAN87xx/LAN937x T1 PHY DRIVER,912,25729
ETHERNET PHY LIBRARY,MOTORCOMM PHY DRIVER,2327,64095
ETHERNET PHY LIBRARY,NETWORKING DRIVERS,81381,2190411
ETHERNET PHY LIBRARY,NETWORKING [GENERAL],723,29198
ETHERNET PHY LIBRARY,NXP C45 TJA11XX PHY DRIVER,1978,54919
ETHERNET PHY LIBRARY,NXP SJA1105 ETHERNET SWITCH DRIVER,185,5515
ETHERNET PHY LIBRARY,ONSEMI ETHERNET PHY DRIVERS,171,4537
ETHERNET PHY LIBRARY,OPEN FIRMWARE AND FLATTENED DEVICE TREE,202,5176
ETHERNET PHY LIBRARY,OPEN FIRMWARE AND FLATTENED DEVICE TREE BINDINGS,929,24967
ETHERNET PHY LIBRARY,PLCA RECONCILIATION SUBLAYER (IEEE802.3 Clause 148),46,1612
ETHERNET PHY LIBRARY,PTP HARDWARE CLOCK SUPPORT,1824,55097
ETHERNET PHY LIBRARY,RENESAS RZ/N1 A5PSW SWITCH DRIVER,534,13865
ETHERNET PHY LIBRARY,SFF/SFP/SFP+ MODULE SUPPORT,7804,210756
ETHERNET PHY LIBRARY,SYNOPSYS DESIGNWARE ETHERNET XPCS DRIVER,1558,39925
ETHERNET PHY LIBRARY,THE REST,87077,2387053
ETHERNET PHY LIBRARY,TRACING,43,1048
ETHERNET PHY LIBRARY,WANGXUN ETHERNET DRIVER,209,7351
EXEC & BINFMT API,EXEC & BINFMT API,15446,445043
EXEC & BINFMT API,FILESYSTEMS (VFS and infrastructure),8337,217906
EXEC & BINFMT API,IA64 (Itanium) PLATFORM,233,10027
EXEC & BINFMT API,KERNEL SELFTEST FRAMEWORK,1064,31395
EXEC & BINFMT API,LINUX FOR POWERPC (32-BIT AND 64-BIT),495,20084
EXEC & BINFMT API,LOONGARCH,345,9454
EXEC & BINFMT API,M68K ARCHITECTURE,126,3431
EXEC & BINFMT API,MICROBLAZE ARCHITECTURE,150,3933
EXEC & BINFMT API,MIPS,520,15559
EXEC & BINFMT API,NIOS2 ARCHITECTURE,154,4546
EXEC & BINFMT API,OPENRISC ARCHITECTURE,129,3737
EXEC & BINFMT API,PARISC ARCHITECTURE,376,14777
EXEC & BINFMT API,QUALCOMM HEXAGON ARCHITECTURE,216,5758
EXEC & BINFMT API,RISC-V ARCHITECTURE,261,7742
EXEC & BINFMT API,S390 ARCHITECTURE,302,11210
EXEC & BINFMT API,SPARC + UltraSPARC (sparc/sparc64),9,207
EXEC & BINFMT API,SUPERH,211,6009
EXEC & BINFMT API,SYNOPSYS ARC ARCHITECTURE,107,2999
EXEC & BINFMT API,TENSILICA XTENSA PORT (xtensa),196,5537
EXEC & BINFMT API,THE REST,15446,445043
EXEC & BINFMT API,USER-MODE LINUX (UML),213,6149
EXEC & BINFMT API,X86 ARCHITECTURE (32-BIT AND 64-BIT),608,18360
EXFAT FILE SYSTEM,EXFAT FILE SYSTEM,7398,205644
EXFAT FILE SYSTEM,THE REST,7398,205644
EXT2 FILE SYSTEM,EXT2 FILE SYSTEM,10308,297161
EXT2 FILE SYSTEM,THE REST,10308,297161
EXT4 FILE SYSTEM,EXT4 FILE SYSTEM,71405,2053772
EXT4 FILE SYSTEM,THE REST,71405,2053772
EXT4 FILE SYSTEM,TRACING,2986,76854
EXTENSIBLE FIRMWARE INTERFACE (EFI),EXTENSIBLE FIRMWARE INTERFACE (EFI),25973,712341
EXTENSIBLE FIRMWARE INTERFACE (EFI),IA64 (Itanium) PLATFORM,1373,36839
EXTENSIBLE FIRMWARE INTERFACE (EFI),LOONGARCH,174,4272
EXTENSIBLE FIRMWARE INTERFACE (EFI),PSTORE FILESYSTEM,269,6814
EXTENSIBLE FIRMWARE INTERFACE (EFI),RISC-V ARCHITECTURE,457,10989
EXTENSIBLE FIRMWARE INTERFACE (EFI),THE REST,25973,712341
EXTENSIBLE FIRMWARE INTERFACE (EFI),X86 ARCHITECTURE (32-BIT AND 64-BIT),4041,107436
EXTENSIBLE FIRMWARE INTERFACE (EFI),X86 PLATFORM DRIVERS - ARCH,3595,93508
EXTERNAL CONNECTOR SUBSYSTEM (EXTCON),EXTERNAL CONNECTOR SUBSYSTEM (EXTCON),14087,393913
EXTERNAL CONNECTOR SUBSYSTEM (EXTCON),MAXIM PMIC AND MUIC DRIVERS FOR EXYNOS BASED BOARDS,3083,87394
EXTERNAL CONNECTOR SUBSYSTEM (EXTCON),NXP PTN5150A CC LOGIC AND EXTCON DRIVER,421,10785
EXTERNAL CONNECTOR SUBSYSTEM (EXTCON),OPEN FIRMWARE AND FLATTENED DEVICE TREE BINDINGS,589,15599
EXTERNAL CONNECTOR SUBSYSTEM (EXTCON),THE REST,14087,393913
EXTERNAL CONNECTOR SUBSYSTEM (EXTCON),WOLFSON MICROELECTRONICS DRIVERS,126,3820
EXTERNAL CONNECTOR SUBSYSTEM (EXTCON),X-POWERS AXP288 PMIC DRIVERS,526,13981
EXTERNAL CONNECTOR SUBSYSTEM (EXTCON),X-POWERS MULTIFUNCTION PMIC DEVICE DRIVERS,526,13981
EXTRA BOOT CONFIG,EXTRA BOOT CONFIG,3201,76970
EXTRA BOOT CONFIG,PROC FILESYSTEM,96,2021
EXTRA BOOT CONFIG,THE REST,3201,76970
EXYNOS DP DRIVER,EXYNOS DP DRIVER,299,7367
EXYNOS DP DRIVER,THE REST,299,7367
EXYNOS SYSMMU (IOMMU) driver,EXYNOS SYSMMU (IOMMU) driver,1531,42729
EXYNOS SYSMMU (IOMMU) driver,IOMMU SUBSYSTEM,1531,42729
EXYNOS SYSMMU (IOMMU) driver,THE REST,1531,42729
Extended Verification Module (EVM),Extended Verification Module (EVM),13252,358543
Extended Verification Module (EVM),INTEGRITY MEASUREMENT ARCHITECTURE (IMA),13252,358543
Extended Verification Module (EVM),KEYS/KEYRINGS_INTEGRITY,847,22513
Extended Verification Module (EVM),SECURITY SUBSYSTEM,13252,358543
Extended Verification Module (EVM),THE REST,13252,358543
F2FS FILE SYSTEM,F2FS FILE SYSTEM,51716,1401354
F2FS FILE SYSTEM,THE REST,51716,1401354
F2FS FILE SYSTEM,TRACING,2311,57401
F71805F HARDWARE MONITORING DRIVER,F71805F HARDWARE MONITORING DRIVER,1830,55475
F71805F HARDWARE MONITORING DRIVER,HARDWARE MONITORING,1830,55475
F71805F HARDWARE MONITORING DRIVER,THE REST,1830,55475
FADDR2LINE,FADDR2LINE,295,8489
FADDR2LINE,THE REST,295,8489
FAILOVER MODULE,FAILOVER MODULE,370,9519
FAILOVER MODULE,NETWORKING [GENERAL],370,9519
FAILOVER MODULE,THE REST,370,9519
FANOTIFY,FANOTIFY,3944,112168
FANOTIFY,FSNOTIFY: FILESYSTEM NOTIFICATION INFRASTRUCTURE,3561,99100
FANOTIFY,THE REST,3944,112168
FARADAY FOTG210 USB2 DUAL-ROLE CONTROLLER,FARADAY FOTG210 USB2 DUAL-ROLE CONTROLLER,8231,230828
FARADAY FOTG210 USB2 DUAL-ROLE CONTROLLER,THE REST,8231,230828
FARADAY FOTG210 USB2 DUAL-ROLE CONTROLLER,USB SUBSYSTEM,8231,230828
FARSYNC SYNCHRONOUS DRIVER,FARSYNC SYNCHRONOUS DRIVER,2943,84874
FARSYNC SYNCHRONOUS DRIVER,NETWORKING DRIVERS,2943,84874
FARSYNC SYNCHRONOUS DRIVER,THE REST,2943,84874
FAULT INJECTION SUPPORT,FAULT INJECTION SUPPORT,1341,40812
FAULT INJECTION SUPPORT,THE REST,1341,40812
FBTFT Framebuffer drivers,FBTFT Framebuffer drivers,9490,247288
FBTFT Framebuffer drivers,STAGING - SEPS525 LCD CONTROLLER DRIVERS,213,6449
FBTFT Framebuffer drivers,STAGING SUBSYSTEM,9490,247288
FBTFT Framebuffer drivers,THE REST,9490,247288
FC0011 TUNER DRIVER,FC0011 TUNER DRIVER,547,13245
FC0011 TUNER DRIVER,MEDIA INPUT INFRASTRUCTURE (V4L/DVB),547,13245
FC0011 TUNER DRIVER,THE REST,547,13245
FC2580 MEDIA DRIVER,FC2580 MEDIA DRIVER,789,18937
FC2580 MEDIA DRIVER,MEDIA INPUT INFRASTRUCTURE (V4L/DVB),789,18937
FC2580 MEDIA DRIVER,THE REST,789,18937
"FCOE SUBSYSTEM (libfc, libfcoe, fcoe)","FCOE SUBSYSTEM (libfc, libfcoe, fcoe)",24729,684454
"FCOE SUBSYSTEM (libfc, libfcoe, fcoe)",SCSI SUBSYSTEM,22858,627282
"FCOE SUBSYSTEM (libfc, libfcoe, fcoe)",THE REST,24729,684454
FILE LOCKING (flock() and fcntl()/lockf()),FILE LOCKING (flock() and fcntl()/lockf()),4138,107736
FILE LOCKING (flock() and fcntl()/lockf()),FILESYSTEMS (VFS and infrastructure),3970,101478
FILE LOCKING (flock() and fcntl()/lockf()),THE REST,4138,107736
FILESYSTEM DIRECT ACCESS (DAX),FILESYSTEM DIRECT ACCESS (DAX),2641,74084
FILESYSTEM DIRECT ACCESS (DAX),FILESYSTEMS (VFS and infrastructure),2067,56545
FILESYSTEM DIRECT ACCESS (DAX),THE REST,2641,74084
FILESYSTEM DIRECT ACCESS (DAX),TRACING,286,8456
FILESYSTEMS (VFS and infrastructure),FILESYSTEMS (VFS and infrastructure),82738,2195294
FILESYSTEMS (VFS and infrastructure),POSIX CLOCKS and TIMERS,612,14276
FILESYSTEMS (VFS and infrastructure),THE REST,82738,2195294
FINTEK F75375S HARDWARE MONITOR AND FAN CONTROLLER DRIVER,FINTEK F75375S HARDWARE MONITOR AND FAN CONTROLLER DRIVER,929,26508
FINTEK F75375S HARDWARE MONITOR AND FAN CONTROLLER DRIVER,HARDWARE MONITORING,908,25967
FINTEK F75375S HARDWARE MONITOR AND FAN CONTROLLER DRIVER,THE REST,929,26508
FINTEK F81604 USB to 2xCANBUS DEVICE DRIVER,FINTEK F81604 USB to 2xCANBUS DEVICE DRIVER,1201,27972
FINTEK F81604 USB to 2xCANBUS DEVICE DRIVER,NETWORKING DRIVERS,1201,27972
FINTEK F81604 USB to 2xCANBUS DEVICE DRIVER,THE REST,1201,27972
FIREWIRE AUDIO DRIVERS and IEC 61883-1/6 PACKET STREAMING ENGINE,FIREWIRE AUDIO DRIVERS and IEC 61883-1/6 PACKET STREAMING ENGINE,31920,847785
FIREWIRE AUDIO DRIVERS and IEC 61883-1/6 PACKET STREAMING ENGINE,SOUND,31920,847785
FIREWIRE AUDIO DRIVERS and IEC 61883-1/6 PACKET STREAMING ENGINE,THE REST,31920,847785
FIREWIRE MEDIA DRIVERS (firedtv),FIREWIRE MEDIA DRIVERS (firedtv),3044,78698
FIREWIRE MEDIA DRIVERS (firedtv),MEDIA INPUT INFRASTRUCTURE (V4L/DVB),3044,78698
FIREWIRE MEDIA DRIVERS (firedtv),THE REST,3044,78698
FIREWIRE SBP-2 TARGET,FIREWIRE SBP-2 TARGET,2553,65620
FIREWIRE SBP-2 TARGET,SCSI TARGET SUBSYSTEM,2553,65620
FIREWIRE SBP-2 TARGET,THE REST,2553,65620
FIREWIRE SUBSYSTEM,FIREWIRE SUBSYSTEM,18710,532158
FIREWIRE SUBSYSTEM,THE REST,18710,532158
FIRMWARE FRAMEWORK FOR ARMV8-A,FIRMWARE FRAMEWORK FOR ARMV8-A,1499,39152
FIRMWARE FRAMEWORK FOR ARMV8-A,THE REST,1499,39152
FIRMWARE LOADER (request_firmware),FIRMWARE LOADER (request_firmware),3842,103725
FIRMWARE LOADER (request_firmware),THE REST,3842,103725
FLEXTIMER FTM-QUADDEC DRIVER,FLEXTIMER FTM-QUADDEC DRIVER,346,8674
FLEXTIMER FTM-QUADDEC DRIVER,OPEN FIRMWARE AND FLATTENED DEVICE TREE BINDINGS,18,472
FLEXTIMER FTM-QUADDEC DRIVER,THE REST,346,8674
FLOPPY DRIVER,FLOPPY DRIVER,5029,137100
FLOPPY DRIVER,THE REST,5029,137100
FLYSKY FSIA6B RC RECEIVER,FLYSKY FSIA6B RC RECEIVER,231,5178
FLYSKY FSIA6B RC RECEIVER,"INPUT (KEYBOARD, MOUSE, JOYSTICK, TOUCHSCREEN) DRIVERS",231,5178
FLYSKY FSIA6B RC RECEIVER,THE REST,231,5178
FOCUSRITE SCARLETT GEN 2/3 MIXER DRIVER,FOCUSRITE SCARLETT GEN 2/3 MIXER DRIVER,4197,116308
FOCUSRITE SCARLETT GEN 2/3 MIXER DRIVER,SOUND,4197,116308
FOCUSRITE SCARLETT GEN 2/3 MIXER DRIVER,THE REST,4197,116308
FORCEDETH GIGABIT ETHERNET DRIVER,FORCEDETH GIGABIT ETHERNET DRIVER,6538,196689
FORCEDETH GIGABIT ETHERNET DRIVER,NETWORKING DRIVERS,6538,196689
FORCEDETH GIGABIT ETHERNET DRIVER,THE REST,6538,196689
FORTIFY_SOURCE,FORTIFY_SOURCE,2175,71345
FORTIFY_SOURCE,THE REST,2175,71345
FPGA DFL DRIVERS,FPGA DFL DRIVERS,10066,281813
FPGA DFL DRIVERS,FPGA MANAGER FRAMEWORK,9531,265537
FPGA DFL DRIVERS,THE REST,10066,281813
FPGA DFL DRIVERS,USERSPACE I/O (UIO),72,1794
FPGA MANAGER FRAMEWORK,FPGA MANAGER FRAMEWORK,22367,609251
FPGA MANAGER FRAMEWORK,INTEL MAX10 BMC SECURE UPDATES,775,20045
FPGA MANAGER FRAMEWORK,MICROCHIP POLARFIRE FPGA DRIVERS,457,10928
FPGA MANAGER FRAMEWORK,OPEN FIRMWARE AND FLATTENED DEVICE TREE BINDINGS,1097,33107
FPGA MANAGER FRAMEWORK,THE REST,22367,609251
FPU EMULATOR,FPU EMULATOR,13013,362085
FPU EMULATOR,THE REST,13013,362085
FPU EMULATOR,X86 ARCHITECTURE (32-BIT AND 64-BIT),13013,362085
FRAMEBUFFER CORE,FRAMEBUFFER CORE,15797,403153
FRAMEBUFFER CORE,FRAMEBUFFER LAYER,15797,403153
FRAMEBUFFER CORE,THE REST,15797,403153
FRAMEBUFFER LAYER,FRAMEBUFFER LAYER,343300,9744758
FRAMEBUFFER LAYER,FREESCALE DIU FRAMEBUFFER DRIVER,1994,52563
FRAMEBUFFER LAYER,FREESCALE IMX / MXC FRAMEBUFFER DRIVER,1090,25474
FRAMEBUFFER LAYER,HGA FRAMEBUFFER DRIVER,669,16930
FRAMEBUFFER LAYER,Hyper-V/Azure CORE AND DRIVERS,1396,35172
FRAMEBUFFER LAYER,IMS TWINTURBO FRAMEBUFFER DRIVER,1649,44856
FRAMEBUFFER LAYER,INTEL 810/815 FRAMEBUFFER DRIVER,4112,119053
FRAMEBUFFER LAYER,INTEL FRAMEBUFFER DRIVER (excluding 810 and 815),5156,134154
FRAMEBUFFER LAYER,KTD253 BACKLIGHT DRIVER,225,6452
FRAMEBUFFER LAYER,KTZ8866 BACKLIGHT DRIVER,208,5621
FRAMEBUFFER LAYER,LINUX FOR POWERPC (32-BIT AND 64-BIT),1305,33604
FRAMEBUFFER LAYER,MATROX FRAMEBUFFER DRIVER,9503,271089
FRAMEBUFFER LAYER,MICROCHIP LCDFB DRIVER,1506,42895
FRAMEBUFFER LAYER,NVIDIA (rivafb and nvidiafb) FRAMEBUFFER DRIVER,12217,370257
FRAMEBUFFER LAYER,OMAP DISPLAY SUBSYSTEM and FRAMEBUFFER SUPPORT (DSS2),38516,909143
FRAMEBUFFER LAYER,OMAP FRAMEBUFFER SUPPORT,6149,150392
FRAMEBUFFER LAYER,PARISC ARCHITECTURE,3539,128437
FRAMEBUFFER LAYER,PWM SUBSYSTEM,696,17850
FRAMEBUFFER LAYER,RADEON FRAMEBUFFER DISPLAY DRIVER,7855,231159
FRAMEBUFFER LAYER,RAGE128 FRAMEBUFFER DISPLAY DRIVER,2530,64984
FRAMEBUFFER LAYER,S3 SAVAGE FRAMEBUFFER DRIVER,3367,86325
FRAMEBUFFER LAYER,SAMSUNG FRAMEBUFFER DRIVER,1804,46480
FRAMEBUFFER LAYER,SILICON MOTION SM712 FRAME BUFFER DRIVER,1927,53132
FRAMEBUFFER LAYER,SIMPLEFB FB DRIVER,565,14741
FRAMEBUFFER LAYER,SIS FRAMEBUFFER DRIVER,31086,988262
FRAMEBUFFER LAYER,SMSC UFX6000 and UFX7000 USB to VGA DRIVER,1988,54798
FRAMEBUFFER LAYER,THE REST,343300,9744758
FRAMEBUFFER LAYER,UVESAFB DRIVER,2188,57190
FRAMEBUFFER LAYER,VIA UNICHROME(PRO)/CHROME9 FRAMEBUFFER DRIVER,11822,334563
FRAMEBUFFER LAYER,WOLFSON MICROELECTRONICS DRIVERS,216,5335
FREESCALE CAAM (Cryptographic Acceleration and Assurance Module) DRIVER,FREESCALE CAAM (Cryptographic Acceleration and Assurance Module) DRIVER,28371,817122
FREESCALE CAAM (Cryptographic Acceleration and Assurance Module) DRIVER,OPEN FIRMWARE AND FLATTENED DEVICE TREE BINDINGS,428,11733
FREESCALE CAAM (Cryptographic Acceleration and Assurance Module) DRIVER,THE REST,28371,817122
FREESCALE COLDFIRE M5441X MMC DRIVER,FREESCALE COLDFIRE M5441X MMC DRIVER,537,12824
FREESCALE COLDFIRE M5441X MMC DRIVER,"MULTIMEDIA CARD (MMC), SECURE DIGITAL (SD) AND SDIO SUBSYSTEM",520,12377
FREESCALE COLDFIRE M5441X MMC DRIVER,SECURE DIGITAL HOST CONTROLLER INTERFACE (SDHCI) DRIVER,520,12377
FREESCALE COLDFIRE M5441X MMC DRIVER,THE REST,537,12824
FREESCALE DIU FRAMEBUFFER DRIVER,FREESCALE DIU FRAMEBUFFER DRIVER,1994,52563
FREESCALE DIU FRAMEBUFFER DRIVER,THE REST,1994,52563
FREESCALE DMA DRIVER,FREESCALE DMA DRIVER,1696,43705
FREESCALE DMA DRIVER,THE REST,1696,43705
FREESCALE DSPI DRIVER,FREESCALE DSPI DRIVER,1570,39841
FREESCALE DSPI DRIVER,OPEN FIRMWARE AND FLATTENED DEVICE TREE BINDINGS,65,2058
FREESCALE DSPI DRIVER,SPI SUBSYSTEM,1570,39841
FREESCALE DSPI DRIVER,THE REST,1570,39841
FREESCALE ENETC ETHERNET DRIVERS,FREESCALE ENETC ETHERNET DRIVERS,10668,273989
FREESCALE ENETC ETHERNET DRIVERS,FREESCALE QORIQ PTP CLOCK DRIVER,145,3269
FREESCALE ENETC ETHERNET DRIVERS,NETWORKING DRIVERS,10668,273989
FREESCALE ENETC ETHERNET DRIVERS,THE REST,10668,273989
FREESCALE GPMI NAND DRIVER,FREESCALE GPMI NAND DRIVER,3344,99297
FREESCALE GPMI NAND DRIVER,MEMORY TECHNOLOGY DEVICES (MTD),3344,99297
FREESCALE GPMI NAND DRIVER,NAND FLASH SUBSYSTEM,3344,99297
FREESCALE GPMI NAND DRIVER,THE REST,3344,99297
FREESCALE I2C CPM DRIVER,FREESCALE I2C CPM DRIVER,715,17396
FREESCALE I2C CPM DRIVER,I2C SUBSYSTEM HOST DRIVERS,715,17396
FREESCALE I2C CPM DRIVER,THE REST,715,17396
FREESCALE IMX / MXC FEC DRIVER,FREESCALE IMX / MXC FEC DRIVER,6509,183902
FREESCALE IMX / MXC FEC DRIVER,NETWORKING DRIVERS,6509,183902
FREESCALE IMX / MXC FEC DRIVER,OPEN FIRMWARE AND FLATTENED DEVICE TREE BINDINGS,266,7442
FREESCALE IMX / MXC FEC DRIVER,THE REST,6509,183902
FREESCALE IMX / MXC FRAMEBUFFER DRIVER,FREESCALE IMX / MXC FRAMEBUFFER DRIVER,1090,25474
FREESCALE IMX / MXC FRAMEBUFFER DRIVER,THE REST,1090,25474
FREESCALE IMX DDR PMU DRIVER,FREESCALE IMX DDR PMU DRIVER,932,26111
FREESCALE IMX DDR PMU DRIVER,OPEN FIRMWARE AND FLATTENED DEVICE TREE BINDINGS,53,1167
FREESCALE IMX DDR PMU DRIVER,THE REST,932,26111
FREESCALE IMX I2C DRIVER,FREESCALE IMX I2C DRIVER,1775,49702
FREESCALE IMX I2C DRIVER,I2C SUBSYSTEM HOST DRIVERS,1775,49702
FREESCALE IMX I2C DRIVER,OPEN FIRMWARE AND FLATTENED DEVICE TREE BINDINGS,123,2752
FREESCALE IMX I2C DRIVER,THE REST,1775,49702
FREESCALE IMX LPI2C DRIVER,FREESCALE IMX LPI2C DRIVER,759,18181
FREESCALE IMX LPI2C DRIVER,I2C SUBSYSTEM HOST DRIVERS,759,18181
FREESCALE IMX LPI2C DRIVER,OPEN FIRMWARE AND FLATTENED DEVICE TREE BINDINGS,81,1676
FREESCALE IMX LPI2C DRIVER,THE REST,759,18181
FREESCALE MPC I2C DRIVER,FREESCALE MPC I2C DRIVER,1075,27383
FREESCALE MPC I2C DRIVER,I2C SUBSYSTEM HOST DRIVERS,1075,27383
FREESCALE MPC I2C DRIVER,OPEN FIRMWARE AND FLATTENED DEVICE TREE BINDINGS,101,2484
FREESCALE MPC I2C DRIVER,THE REST,1075,27383
FREESCALE QORIQ DPAA ETHERNET DRIVER,FREESCALE QORIQ DPAA ETHERNET DRIVER,4575,122235
FREESCALE QORIQ DPAA ETHERNET DRIVER,NETWORKING DRIVERS,4575,122235
FREESCALE QORIQ DPAA ETHERNET DRIVER,THE REST,4575,122235
FREESCALE QORIQ DPAA FMAN DRIVER,FREESCALE QORIQ DPAA FMAN DRIVER,11419,322836
FREESCALE QORIQ DPAA FMAN DRIVER,NETWORKING DRIVERS,11419,322836
FREESCALE QORIQ DPAA FMAN DRIVER,OPEN FIRMWARE AND FLATTENED DEVICE TREE BINDINGS,548,13901
FREESCALE QORIQ DPAA FMAN DRIVER,THE REST,11419,322836
FREESCALE QORIQ PTP CLOCK DRIVER,FREESCALE QORIQ PTP CLOCK DRIVER,1934,50774
FREESCALE QORIQ PTP CLOCK DRIVER,FREESCALE SOC DRIVERS,208,7836
FREESCALE QORIQ PTP CLOCK DRIVER,NETWORKING DRIVERS,857,20193
FREESCALE QORIQ PTP CLOCK DRIVER,OPEN FIRMWARE AND FLATTENED DEVICE TREE BINDINGS,87,3530
FREESCALE QORIQ PTP CLOCK DRIVER,PTP HARDWARE CLOCK SUPPORT,782,19215
FREESCALE QORIQ PTP CLOCK DRIVER,THE REST,1934,50774
FREESCALE QUAD SPI DRIVER,FREESCALE QUAD SPI DRIVER,1106,28769
FREESCALE QUAD SPI DRIVER,OPEN FIRMWARE AND FLATTENED DEVICE TREE BINDINGS,96,2241
FREESCALE QUAD SPI DRIVER,SPI SUBSYSTEM,1106,28769
FREESCALE QUAD SPI DRIVER,THE REST,1106,28769
FREESCALE QUICC ENGINE LIBRARY,FREESCALE QUICC ENGINE LIBRARY,8170,217999
FREESCALE QUICC ENGINE LIBRARY,FREESCALE QUICC ENGINE QMC DRIVER,1608,40962
FREESCALE QUICC ENGINE LIBRARY,FREESCALE QUICC ENGINE TSA DRIVER,888,22372
FREESCALE QUICC ENGINE LIBRARY,FREESCALE SOC DRIVERS,8170,217999
FREESCALE QUICC ENGINE LIBRARY,THE REST,8170,217999
FREESCALE QUICC ENGINE QMC DRIVER,FREESCALE QUICC ENGINE QMC DRIVER,1770,45360
FREESCALE QUICC ENGINE QMC DRIVER,FREESCALE SOC DRIVERS,1770,45360
FREESCALE QUICC ENGINE QMC DRIVER,OPEN FIRMWARE AND FLATTENED DEVICE TREE BINDINGS,162,4398
FREESCALE QUICC ENGINE QMC DRIVER,THE REST,1770,45360
FREESCALE QUICC ENGINE TSA DRIVER,FREESCALE QUICC ENGINE TSA DRIVER,1106,28616
FREESCALE QUICC ENGINE TSA DRIVER,FREESCALE SOC DRIVERS,1093,28274
FREESCALE QUICC ENGINE TSA DRIVER,OPEN FIRMWARE AND FLATTENED DEVICE TREE BINDINGS,218,6244
FREESCALE QUICC ENGINE TSA DRIVER,THE REST,1106,28616
FREESCALE QUICC ENGINE UCC ETHERNET DRIVER,FREESCALE QUICC ENGINE UCC ETHERNET DRIVER,5452,171054
FREESCALE QUICC ENGINE UCC ETHERNET DRIVER,NETWORKING DRIVERS,5452,171054
FREESCALE QUICC ENGINE UCC ETHERNET DRIVER,THE REST,5452,171054
FREESCALE QUICC ENGINE UCC HDLC DRIVER,FREESCALE QUICC ENGINE UCC HDLC DRIVER,1450,34787
FREESCALE QUICC ENGINE UCC HDLC DRIVER,NETWORKING DRIVERS,1450,34787
FREESCALE QUICC ENGINE UCC HDLC DRIVER,THE REST,1450,34787
FREESCALE QUICC ENGINE UCC UART DRIVER,FREESCALE QUICC ENGINE UCC UART DRIVER,1539,41840
FREESCALE QUICC ENGINE UCC UART DRIVER,THE REST,1539,41840
FREESCALE QUICC ENGINE UCC UART DRIVER,TTY LAYER AND SERIAL DRIVERS,1539,41840
FREESCALE SOC DRIVERS,FREESCALE SOC DRIVERS,27551,771787
FREESCALE SOC DRIVERS,OPEN FIRMWARE AND FLATTENED DEVICE TREE BINDINGS,1957,55696
FREESCALE SOC DRIVERS,THE REST,27551,771787
FREESCALE SOC FS_ENET DRIVER,FREESCALE SOC FS_ENET DRIVER,3448,86413
FREESCALE SOC FS_ENET DRIVER,NETWORKING DRIVERS,3448,86413
FREESCALE SOC FS_ENET DRIVER,THE REST,3448,86413
FREESCALE SOC SOUND DRIVERS,FREESCALE SOC SOUND DRIVERS,26233,775963
FREESCALE SOC SOUND DRIVERS,FREESCALE SOC SOUND QMC DRIVER,735,19460
FREESCALE SOC SOUND DRIVERS,SOUND,26233,775963
FREESCALE SOC SOUND DRIVERS,SOUND - SOC LAYER / DYNAMIC AUDIO POWER MANAGEMENT (ASoC),26233,775963
FREESCALE SOC SOUND DRIVERS,THE REST,26233,775963
FREESCALE SOC SOUND QMC DRIVER,FREESCALE SOC SOUND QMC DRIVER,852,22361
FREESCALE SOC SOUND QMC DRIVER,OPEN FIRMWARE AND FLATTENED DEVICE TREE BINDINGS,117,2901
FREESCALE SOC SOUND QMC DRIVER,SOUND,735,19460
FREESCALE SOC SOUND QMC DRIVER,SOUND - SOC LAYER / DYNAMIC AUDIO POWER MANAGEMENT (ASoC),852,22361
FREESCALE SOC SOUND QMC DRIVER,THE REST,852,22361
FREESCALE USB PERIPHERAL DRIVERS,FREESCALE USB PERIPHERAL DRIVERS,6417,172028
FREESCALE USB PERIPHERAL DRIVERS,THE REST,6417,172028
FREESCALE USB PERIPHERAL DRIVERS,USB SUBSYSTEM,6417,172028
FREESCALE USB PHY DRIVER,FREESCALE USB PHY DRIVER,1394,37065
FREESCALE USB PHY DRIVER,THE REST,1394,37065
FREESCALE USB PHY DRIVER,USB SUBSYSTEM,1394,37065
FREESCALE eTSEC ETHERNET DRIVER (GIANFAR),FREESCALE eTSEC ETHERNET DRIVER (GIANFAR),6622,181915
FREESCALE eTSEC ETHERNET DRIVER (GIANFAR),NETWORKING DRIVERS,6622,181915
FREESCALE eTSEC ETHERNET DRIVER (GIANFAR),OPEN FIRMWARE AND FLATTENED DEVICE TREE BINDINGS,89,3345
FREESCALE eTSEC ETHERNET DRIVER (GIANFAR),THE REST,6622,181915
FREEVXFS FILESYSTEM,FREEVXFS FILESYSTEM,2411,61296
FREEVXFS FILESYSTEM,THE REST,2411,61296
FREEZER,FREEZER,570,20706
FREEZER,"HIBERNATION (aka Software Suspend, aka swsusp)",90,2394
FREEZER,SUSPEND TO RAM,335,15203
FREEZER,THE REST,570,20706
FS-CACHE: LOCAL CACHING FOR NETWORK FILESYSTEMS,FS-CACHE: LOCAL CACHING FOR NETWORK FILESYSTEMS,5918,193476
FS-CACHE: LOCAL CACHING FOR NETWORK FILESYSTEMS,THE REST,5918,193476
FSCRYPT: FILE SYSTEM LEVEL ENCRYPTION SUPPORT,FSCRYPT: FILE SYSTEM LEVEL ENCRYPTION SUPPORT,8968,301279
FSCRYPT: FILE SYSTEM LEVEL ENCRYPTION SUPPORT,THE REST,8968,301279
FSI SUBSYSTEM,FSI SUBSYSTEM,9180,228447
FSI SUBSYSTEM,THE REST,9180,228447
FSI SUBSYSTEM,TRACING,762,19079
FSI-ATTACHED I2C DRIVER,FSI-ATTACHED I2C DRIVER,816,18863
FSI-ATTACHED I2C DRIVER,I2C SUBSYSTEM HOST DRIVERS,816,18863
FSI-ATTACHED I2C DRIVER,OPEN FIRMWARE AND FLATTENED DEVICE TREE BINDINGS,40,1020
FSI-ATTACHED I2C DRIVER,THE REST,816,18863
FSI-ATTACHED SPI DRIVER,FSI-ATTACHED SPI DRIVER,631,14607
FSI-ATTACHED SPI DRIVER,OPEN FIRMWARE AND FLATTENED DEVICE TREE BINDINGS,38,825
FSI-ATTACHED SPI DRIVER,SPI SUBSYSTEM,593,13782
FSI-ATTACHED SPI DRIVER,THE REST,631,14607
FSNOTIFY: FILESYSTEM NOTIFICATION INFRASTRUCTURE,FSNOTIFY: FILESYSTEM NOTIFICATION INFRASTRUCTURE,8568,245075
FSNOTIFY: FILESYSTEM NOTIFICATION INFRASTRUCTURE,INOTIFY,1172,30847
FSNOTIFY: FILESYSTEM NOTIFICATION INFRASTRUCTURE,THE REST,8568,245075
FSVERITY: READ-ONLY FILE-BASED AUTHENTICITY PROTECTION,FSVERITY: READ-ONLY FILE-BASED AUTHENTICITY PROTECTION,3449,118464
FSVERITY: READ-ONLY FILE-BASED AUTHENTICITY PROTECTION,THE REST,3449,118464
FT260 FTDI USB-HID TO I2C BRIDGE DRIVER,FT260 FTDI USB-HID TO I2C BRIDGE DRIVER,1107,28607
FT260 FTDI USB-HID TO I2C BRIDGE DRIVER,HID CORE LAYER,1107,28607
FT260 FTDI USB-HID TO I2C BRIDGE DRIVER,THE REST,1107,28607
FUJITSU LAPTOP EXTRAS,FUJITSU LAPTOP EXTRAS,1031,28222
FUJITSU LAPTOP EXTRAS,THE REST,1031,28222
FUJITSU LAPTOP EXTRAS,X86 PLATFORM DRIVERS,1031,28222
FUJITSU TABLET EXTRAS,FUJITSU TABLET EXTRAS,541,11472
FUJITSU TABLET EXTRAS,THE REST,541,11472
FUJITSU TABLET EXTRAS,X86 PLATFORM DRIVERS,541,11472
FUNCTION HOOKS (FTRACE),FUNCTION HOOKS (FTRACE),24995,687201
FUNCTION HOOKS (FTRACE),GENERIC INCLUDE/ASM HEADER FILES,13,314
FUNCTION HOOKS (FTRACE),IA64 (Itanium) PLATFORM,224,6243
FUNCTION HOOKS (FTRACE),LINUX FOR POWERPC (32-BIT AND 64-BIT),1955,47894
FUNCTION HOOKS (FTRACE),LOONGARCH,539,13350
FUNCTION HOOKS (FTRACE),M68K ARCHITECTURE,1,12
FUNCTION HOOKS (FTRACE),MICROBLAZE ARCHITECTURE,244,6557
FUNCTION HOOKS (FTRACE),MIPS,492,12576
FUNCTION HOOKS (FTRACE),PARISC ARCHITECTURE,285,6453
FUNCTION HOOKS (FTRACE),RISC-V ARCHITECTURE,427,10832
FUNCTION HOOKS (FTRACE),S390 ARCHITECTURE,554,14927
FUNCTION HOOKS (FTRACE),SPARC + UltraSPARC (sparc/sparc64),167,3860
FUNCTION HOOKS (FTRACE),SUPERH,413,11385
FUNCTION HOOKS (FTRACE),TENSILICA XTENSA PORT (xtensa),31,760
FUNCTION HOOKS (FTRACE),THE REST,24995,687201
FUNCTION HOOKS (FTRACE),TRACING,13511,387928
FUNCTION HOOKS (FTRACE),X86 ARCHITECTURE (32-BIT AND 64-BIT),1489,38155
FUNGIBLE ETHERNET DRIVERS,FUNGIBLE ETHERNET DRIVERS,8854,234253
FUNGIBLE ETHERNET DRIVERS,NETWORKING DRIVERS,8854,234253
FUNGIBLE ETHERNET DRIVERS,THE REST,8854,234253
FUSE: FILESYSTEM IN USERSPACE,FUSE: FILESYSTEM IN USERSPACE,18263,456871
FUSE: FILESYSTEM IN USERSPACE,THE REST,18263,456871
FUSE: FILESYSTEM IN USERSPACE,VIRTIO FILE SYSTEM,1542,38229
FUTEX SUBSYSTEM,FUTEX SUBSYSTEM,9902,278623
FUTEX SUBSYSTEM,GENERIC INCLUDE/ASM HEADER FILES,121,2655
FUTEX SUBSYSTEM,KERNEL SELFTEST FRAMEWORK,2635,66491
FUTEX SUBSYSTEM,LOCKING PRIMITIVES,659,29628
FUTEX SUBSYSTEM,PERFORMANCE EVENTS SUBSYSTEM,1552,40714
FUTEX SUBSYSTEM,THE REST,9902,278623
GATEWORKS SYSTEM CONTROLLER (GSC) DRIVER,GATEWORKS SYSTEM CONTROLLER (GSC) DRIVER,1062,27862
GATEWORKS SYSTEM CONTROLLER (GSC) DRIVER,HARDWARE MONITORING,474,13224
GATEWORKS SYSTEM CONTROLLER (GSC) DRIVER,MULTIFUNCTION DEVICES (MFD),543,13560
GATEWORKS SYSTEM CONTROLLER (GSC) DRIVER,OPEN FIRMWARE AND FLATTENED DEVICE TREE BINDINGS,193,4783
GATEWORKS SYSTEM CONTROLLER (GSC) DRIVER,THE REST,1062,27862
GCC PLUGINS,GCC PLUGINS,4103,114187
GCC PLUGINS,KERNEL BUILD + files below scripts/ (unless maintained elsewhere),196,6865
GCC PLUGINS,THE REST,4103,114187
GCOV BASED KERNEL PROFILING,GCOV BASED KERNEL PROFILING,2357,60568
GCOV BASED KERNEL PROFILING,THE REST,2357,60568
GDB KERNEL DEBUGGING HELPER SCRIPTS,GDB KERNEL DEBUGGING HELPER SCRIPTS,4102,134969
GDB KERNEL DEBUGGING HELPER SCRIPTS,THE REST,4102,134969
GEMINI CRYPTO DRIVER,GEMINI CRYPTO DRIVER,1340,35891
GEMINI CRYPTO DRIVER,THE REST,1340,35891
GEMTEK FM RADIO RECEIVER DRIVER,GEMTEK FM RADIO RECEIVER DRIVER,340,10148
GEMTEK FM RADIO RECEIVER DRIVER,MEDIA INPUT INFRASTRUCTURE (V4L/DVB),340,10148
GEMTEK FM RADIO RECEIVER DRIVER,THE REST,340,10148
GENERIC ARCHITECTURE TOPOLOGY,GENERIC ARCHITECTURE TOPOLOGY,969,24606
GENERIC ARCHITECTURE TOPOLOGY,THE REST,969,24606
GENERIC ENTRY CODE,GENERIC ENTRY CODE,1282,37785
GENERIC ENTRY CODE,THE REST,1282,37785
GENERIC GPIO I2C DRIVER,GENERIC GPIO I2C DRIVER,575,16209
GENERIC GPIO I2C DRIVER,I2C SUBSYSTEM HOST DRIVERS,535,14694
GENERIC GPIO I2C DRIVER,THE REST,575,16209
GENERIC GPIO I2C MULTIPLEXER DRIVER,GENERIC GPIO I2C MULTIPLEXER DRIVER,376,9914
GENERIC GPIO I2C MULTIPLEXER DRIVER,I2C MUXES,343,8959
GENERIC GPIO I2C MULTIPLEXER DRIVER,I2C SUBSYSTEM,85,2904
GENERIC GPIO I2C MULTIPLEXER DRIVER,THE REST,376,9914
GENERIC HDLC (WAN) DRIVERS,GENERIC HDLC (WAN) DRIVERS,9516,255236
GENERIC HDLC (WAN) DRIVERS,NETWORKING DRIVERS,9516,255236
GENERIC HDLC (WAN) DRIVERS,THE REST,9516,255236
GENERIC HDLC (WAN) DRIVERS,X.25 STACK,384,9060
GENERIC INCLUDE/ASM HEADER FILES,GENERIC INCLUDE/ASM HEADER FILES,16731,455499
GENERIC INCLUDE/ASM HEADER FILES,GENERIC VDSO LIBRARY,29,675
GENERIC INCLUDE/ASM HEADER FILES,Hyper-V/Azure CORE AND DRIVERS,1126,29525
GENERIC INCLUDE/ASM HEADER FILES,KERNEL VIRTUAL MACHINE (KVM),41,758
GENERIC INCLUDE/ASM HEADER FILES,KPROBES,26,833
GENERIC INCLUDE/ASM HEADER FILES,KVM PARAVIRT (KVM/paravirt),36,645
GENERIC INCLUDE/ASM HEADER FILES,MMU GATHER AND TLB INVALIDATION,723,21009
GENERIC INCLUDE/ASM HEADER FILES,PCI SUBSYSTEM,90,2658
GENERIC INCLUDE/ASM HEADER FILES,PTRACE SUPPORT,134,5140
GENERIC INCLUDE/ASM HEADER FILES,THE REST,16731,455499
GENERIC PHY FRAMEWORK,GENERIC PHY FRAMEWORK,134571,3949923
GENERIC PHY FRAMEWORK,LYNX 28G SERDES PHY DRIVER,685,19111
GENERIC PHY FRAMEWORK,MARVELL ARMADA 3700 PHY DRIVERS,1797,54820
GENERIC PHY FRAMEWORK,MEDIATEK MT7621 PHY PCI DRIVER,400,10736
GENERIC PHY FRAMEWORK,MICROSEMI MIPS SOCS,56,1607
GENERIC PHY FRAMEWORK,MMP USB PHY DRIVERS,633,17708
GENERIC PHY FRAMEWORK,OPEN FIRMWARE AND FLATTENED DEVICE TREE BINDINGS,17893,451052
GENERIC PHY FRAMEWORK,QUALCOMM IPQ4019 USB PHY DRIVER,197,4456
GENERIC PHY FRAMEWORK,RENESAS USB PHY DRIVER,997,25351
GENERIC PHY FRAMEWORK,SAMSUNG USB2 PHY DRIVER,1672,46462
GENERIC PHY FRAMEWORK,STARFIVE JH7110 DPHY RX DRIVER,303,7754
GENERIC PHY FRAMEWORK,STARFIVE JH71X0 PCIE AND USB PHY DRIVER,464,11666
GENERIC PHY FRAMEWORK,SUNPLUS USB2 PHY DRIVER,386,10484
GENERIC PHY FRAMEWORK,TEGRA ARCHITECTURE SUPPORT,12093,355064
GENERIC PHY FRAMEWORK,TEGRA XUSB PADCTL DRIVER,8807,251899
GENERIC PHY FRAMEWORK,THE REST,134571,3949923
GENERIC PHY FRAMEWORK,USB IP DRIVER FOR HISILICON KIRIN 960,285,7087
GENERIC PHY FRAMEWORK,USB IP DRIVER FOR HISILICON KIRIN 970,726,17389
GENERIC PHY FRAMEWORK,XILINX ZYNQMP PSGTR PHY DRIVER,1135,29332
GENERIC PINCTRL I2C DEMULTIPLEXER DRIVER,GENERIC PINCTRL I2C DEMULTIPLEXER DRIVER,324,8549
GENERIC PINCTRL I2C DEMULTIPLEXER DRIVER,I2C MUXES,324,8549
GENERIC PINCTRL I2C DEMULTIPLEXER DRIVER,THE REST,324,8549
GENERIC PM DOMAIN PROVIDERS,GENERIC PM DOMAIN PROVIDERS,23433,634232
GENERIC PM DOMAIN PROVIDERS,QUALCOMM CORE POWER REDUCTION (CPR) AVS DRIVER,1756,44784
GENERIC PM DOMAIN PROVIDERS,STARFIVE JH71XX PMU CONTROLLER DRIVER,383,9929
GENERIC PM DOMAIN PROVIDERS,TEGRA ARCHITECTURE SUPPORT,363,8294
GENERIC PM DOMAIN PROVIDERS,TEXAS INSTRUMENTS' SYSTEM CONTROL INTERFACE (TISCI) PROTOCOL DRIVER,204,5624
GENERIC PM DOMAIN PROVIDERS,THE REST,23433,634232
GENERIC PM DOMAIN PROVIDERS,TI KEYSTONE MULTICORE NAVIGATOR DRIVERS,989,25689
GENERIC PM DOMAINS,GENERIC PM DOMAINS,4540,122245
GENERIC PM DOMAINS,"HIBERNATION (aka Software Suspend, aka swsusp)",3837,99790
GENERIC PM DOMAINS,OPEN FIRMWARE AND FLATTENED DEVICE TREE BINDINGS,246,8546
GENERIC PM DOMAINS,POWER MANAGEMENT CORE,4294,113699
GENERIC PM DOMAINS,SUSPEND TO RAM,3837,99790
GENERIC PM DOMAINS,THE REST,4540,122245
GENERIC RESISTIVE TOUCHSCREEN ADC DRIVER,GENERIC RESISTIVE TOUCHSCREEN ADC DRIVER,303,7548
GENERIC RESISTIVE TOUCHSCREEN ADC DRIVER,"INPUT (KEYBOARD, MOUSE, JOYSTICK, TOUCHSCREEN) DRIVERS",303,7548
GENERIC RESISTIVE TOUCHSCREEN ADC DRIVER,THE REST,303,7548
GENERIC STRING LIBRARY,GENERIC STRING LIBRARY,3322,79154
GENERIC STRING LIBRARY,THE REST,3322,79154
GENERIC UIO DRIVER FOR PCI DEVICES,GENERIC UIO DRIVER FOR PCI DEVICES,149,4168
GENERIC UIO DRIVER FOR PCI DEVICES,THE REST,149,4168
GENERIC UIO DRIVER FOR PCI DEVICES,USERSPACE I/O (UIO),149,4168
GENERIC VDSO LIBRARY,GENERIC VDSO LIBRARY,1072,27549
GENERIC VDSO LIBRARY,THE REST,1072,27549
GENWQE (IBM Generic Workqueue Card),GENWQE (IBM Generic Workqueue Card),6778,182394
GENWQE (IBM Generic Workqueue Card),THE REST,6778,182394
GET_MAINTAINER SCRIPT,GET_MAINTAINER SCRIPT,2619,68795
GET_MAINTAINER SCRIPT,THE REST,2619,68795
GFS2 FILE SYSTEM,GFS2 FILE SYSTEM,34012,894452
GFS2 FILE SYSTEM,THE REST,34012,894452
GIGABYTE WMI DRIVER,GIGABYTE WMI DRIVER,164,4115
GIGABYTE WMI DRIVER,THE REST,164,4115
GIGABYTE WMI DRIVER,X86 PLATFORM DRIVERS,164,4115
GNSS SUBSYSTEM,GNSS SUBSYSTEM,2345,51156
GNSS SUBSYSTEM,OPEN FIRMWARE AND FLATTENED DEVICE TREE BINDINGS,317,8011
GNSS SUBSYSTEM,THE REST,2345,51156
GO7007 MPEG CODEC,GO7007 MPEG CODEC,6464,166514
GO7007 MPEG CODEC,MEDIA INPUT INFRASTRUCTURE (V4L/DVB),6464,166514
GO7007 MPEG CODEC,THE REST,6464,166514
GOODIX TOUCHSCREEN,GOODIX TOUCHSCREEN,2111,55933
GOODIX TOUCHSCREEN,"INPUT (KEYBOARD, MOUSE, JOYSTICK, TOUCHSCREEN) DRIVERS",2111,55933
GOODIX TOUCHSCREEN,THE REST,2111,55933
GOOGLE ETHERNET DRIVERS,GOOGLE ETHERNET DRIVERS,10595,292492
GOOGLE ETHERNET DRIVERS,NETWORKING DRIVERS,10420,286208
GOOGLE ETHERNET DRIVERS,NETWORKING [GENERAL],175,6284
GOOGLE ETHERNET DRIVERS,THE REST,10595,292492
GOOGLE FIRMWARE DRIVERS,GOOGLE FIRMWARE DRIVERS,2588,64388
GOOGLE FIRMWARE DRIVERS,THE REST,2588,64388
GPD POCKET FAN DRIVER,GPD POCKET FAN DRIVER,224,5802
GPD POCKET FAN DRIVER,THE REST,224,5802
GPD POCKET FAN DRIVER,X86 PLATFORM DRIVERS,224,5802
GPIO ACPI SUPPORT,GPIO ACPI SUPPORT,2082,60612
GPIO ACPI SUPPORT,GPIO SUBSYSTEM,1746,46876
GPIO ACPI SUPPORT,THE REST,2082,60612
GPIO AGGREGATOR,GPIO AGGREGATOR,747,18995
GPIO AGGREGATOR,GPIO SUBSYSTEM,747,18995
GPIO AGGREGATOR,THE REST,747,18995
GPIO IR Transmitter,GPIO IR Transmitter,245,5278
GPIO IR Transmitter,LED SUBSYSTEM,36,671
GPIO IR Transmitter,MEDIA INPUT INFRASTRUCTURE (V4L/DVB),209,4607
GPIO IR Transmitter,OPEN FIRMWARE AND FLATTENED DEVICE TREE BINDINGS,36,671
GPIO IR Transmitter,RC-CORE / LIRC FRAMEWORK,209,4607
GPIO IR Transmitter,THE REST,245,5278
GPIO MOCKUP DRIVER,GPIO MOCKUP DRIVER,1820,43853
GPIO MOCKUP DRIVER,GPIO SUBSYSTEM,615,15600
GPIO MOCKUP DRIVER,KERNEL SELFTEST FRAMEWORK,1205,28253
GPIO MOCKUP DRIVER,THE REST,1820,43853
GPIO REGMAP,GPIO REGMAP,439,12492
GPIO REGMAP,GPIO SUBSYSTEM,439,12492
GPIO REGMAP,THE REST,439,12492
GPIO SUBSYSTEM,GPIO SUBSYSTEM,95138,2569992
GPIO SUBSYSTEM,HISILICON GPIO DRIVER,391,10730
GPIO SUBSYSTEM,ICH LPC AND GPIO DRIVER,484,12271
GPIO SUBSYSTEM,INTEL 8255 GPIO DRIVER,175,5001
GPIO SUBSYSTEM,INTEL GPIO DRIVERS,2894,72395
GPIO SUBSYSTEM,INTEL PMIC GPIO DRIVERS,911,23270
GPIO SUBSYSTEM,LOONGSON GPIO DRIVER,364,9959
GPIO SUBSYSTEM,MAXIM MAX77650 PMIC MFD DRIVER,191,5147
GPIO SUBSYSTEM,MIPS/LOONGSON1 ARCHITECTURE,110,2791
GPIO SUBSYSTEM,OMAP GPIO DRIVER,1698,45902
GPIO SUBSYSTEM,OMAP2+ SUPPORT,185,5143
GPIO SUBSYSTEM,OPEN FIRMWARE AND FLATTENED DEVICE TREE,38,878
GPIO SUBSYSTEM,OPEN FIRMWARE AND FLATTENED DEVICE TREE BINDINGS,9011,232511
GPIO SUBSYSTEM,PIN CONTROLLER - MICROCHIP AT91,247,6098
GPIO SUBSYSTEM,PWM SUBSYSTEM,1464,38138
GPIO SUBSYSTEM,PXA GPIO DRIVER,804,20136
GPIO SUBSYSTEM,RISC-V MICROCHIP FPGA SUPPORT,97,1904
GPIO SUBSYSTEM,ROHM MULTIFUNCTION BD9571MWV-M PMIC DEVICE DRIVERS,130,3342
GPIO SUBSYSTEM,ROHM POWER MANAGEMENT IC DEVICE DRIVERS,328,9134
GPIO SUBSYSTEM,SIFIVE DRIVERS,367,9802
GPIO SUBSYSTEM,SIOX,270,6426
GPIO SUBSYSTEM,SL28 CPLD MFD DRIVER,214,5084
GPIO SUBSYSTEM,SYNOPSYS CREG GPIO DRIVER,210,5059
GPIO SUBSYSTEM,SYNOPSYS DESIGNWARE APB GPIO DRIVER,991,24362
GPIO SUBSYSTEM,TEGRA ARCHITECTURE SUPPORT,2762,77930
GPIO SUBSYSTEM,THE REST,95138,2569992
GPIO SUBSYSTEM,THUNDERX GPIO DRIVER,602,16561
GPIO SUBSYSTEM,TI DAVINCI SERIES GPIO DRIVER,919,25263
GPIO SUBSYSTEM,TQ SYSTEMS BOARD & DRIVER SUPPORT,354,9372
GPIO SUBSYSTEM,VIRTIO GPIO DRIVER,664,17383
GPIO SUBSYSTEM,WHISKEYCOVE PMIC GPIO DRIVER,514,13203
GPIO SUBSYSTEM,WINSYSTEMS WS16C48 GPIO DRIVER,327,10300
GPIO SUBSYSTEM,WOLFSON MICROELECTRONICS DRIVERS,965,24081
GPIO SUBSYSTEM,X-POWERS MULTIFUNCTION PMIC DEVICE DRIVERS,63,1243
GPIO SUBSYSTEM,XILINX GPIO DRIVER,2053,59213
GPIO SUBSYSTEM,XRA1403 GPIO EXPANDER,263,6986
GRE DEMULTIPLEXER DRIVER,GRE DEMULTIPLEXER DRIVER,657,15587
GRE DEMULTIPLEXER DRIVER,NETWORKING [GENERAL],657,15587
GRE DEMULTIPLEXER DRIVER,NETWORKING [IPv4/IPv6],508,12218
GRE DEMULTIPLEXER DRIVER,THE REST,657,15587
GRETH 10/100/1G Ethernet MAC device driver,GRETH 10/100/1G Ethernet MAC device driver,1735,43455
GRETH 10/100/1G Ethernet MAC device driver,NETWORKING DRIVERS,1735,43455
GRETH 10/100/1G Ethernet MAC device driver,THE REST,1735,43455
GREYBUS AUDIO PROTOCOLS DRIVERS,GREYBUS AUDIO PROTOCOLS DRIVERS,4467,120190
GREYBUS AUDIO PROTOCOLS DRIVERS,GREYBUS SUBSYSTEM,4467,120190
GREYBUS AUDIO PROTOCOLS DRIVERS,STAGING SUBSYSTEM,4467,120190
GREYBUS AUDIO PROTOCOLS DRIVERS,THE REST,4467,120190
GREYBUS FW/HID/SPI PROTOCOLS DRIVERS,GREYBUS FW/HID/SPI PROTOCOLS DRIVERS,4154,105478
GREYBUS FW/HID/SPI PROTOCOLS DRIVERS,GREYBUS SDIO/GPIO/SPI PROTOCOLS DRIVERS,648,15960
GREYBUS FW/HID/SPI PROTOCOLS DRIVERS,GREYBUS SUBSYSTEM,4154,105478
GREYBUS FW/HID/SPI PROTOCOLS DRIVERS,STAGING SUBSYSTEM,4154,105478
GREYBUS FW/HID/SPI PROTOCOLS DRIVERS,THE REST,4154,105478
GREYBUS LOOPBACK DRIVER,GREYBUS LOOPBACK DRIVER,1177,30681
GREYBUS LOOPBACK DRIVER,GREYBUS SUBSYSTEM,1177,30681
GREYBUS LOOPBACK DRIVER,STAGING SUBSYSTEM,1177,30681
GREYBUS LOOPBACK DRIVER,THE REST,1177,30681
GREYBUS PLATFORM DRIVERS,GREYBUS PLATFORM DRIVERS,1184,31072
GREYBUS PLATFORM DRIVERS,GREYBUS SUBSYSTEM,1184,31072
GREYBUS PLATFORM DRIVERS,STAGING SUBSYSTEM,1184,31072
GREYBUS PLATFORM DRIVERS,THE REST,1184,31072
GREYBUS SDIO/GPIO/SPI PROTOCOLS DRIVERS,GREYBUS SDIO/GPIO/SPI PROTOCOLS DRIVERS,4661,116072
GREYBUS SDIO/GPIO/SPI PROTOCOLS DRIVERS,GREYBUS SUBSYSTEM,4661,116072
GREYBUS SDIO/GPIO/SPI PROTOCOLS DRIVERS,STAGING SUBSYSTEM,4661,116072
GREYBUS SDIO/GPIO/SPI PROTOCOLS DRIVERS,THE REST,4661,116072
GREYBUS SUBSYSTEM,GREYBUS SUBSYSTEM,33531,861590
GREYBUS SUBSYSTEM,GREYBUS UART PROTOCOLS DRIVERS,1159,28744
GREYBUS SUBSYSTEM,STAGING SUBSYSTEM,20762,534853
GREYBUS SUBSYSTEM,THE REST,33531,861590
GREYBUS UART PROTOCOLS DRIVERS,GREYBUS UART PROTOCOLS DRIVERS,1159,28744
GREYBUS UART PROTOCOLS DRIVERS,STAGING SUBSYSTEM,1159,28744
GREYBUS UART PROTOCOLS DRIVERS,THE REST,1159,28744
GS1662 VIDEO SERIALIZER,GS1662 VIDEO SERIALIZER,482,11067
GS1662 VIDEO SERIALIZER,MEDIA INPUT INFRASTRUCTURE (V4L/DVB),482,11067
GS1662 VIDEO SERIALIZER,THE REST,482,11067
GSPCA FINEPIX SUBDRIVER,GSPCA FINEPIX SUBDRIVER,293,7568
GSPCA FINEPIX SUBDRIVER,GSPCA USB WEBCAM DRIVER,293,7568
GSPCA FINEPIX SUBDRIVER,MEDIA INPUT INFRASTRUCTURE (V4L/DVB),293,7568
GSPCA FINEPIX SUBDRIVER,THE REST,293,7568
GSPCA GL860 SUBDRIVER,GSPCA GL860 SUBDRIVER,3037,100488
GSPCA GL860 SUBDRIVER,GSPCA USB WEBCAM DRIVER,3037,100488
GSPCA GL860 SUBDRIVER,MEDIA INPUT INFRASTRUCTURE (V4L/DVB),3037,100488
GSPCA GL860 SUBDRIVER,THE REST,3037,100488
GSPCA M5602 SUBDRIVER,GSPCA M5602 SUBDRIVER,5203,139903
GSPCA M5602 SUBDRIVER,GSPCA USB WEBCAM DRIVER,5203,139903
GSPCA M5602 SUBDRIVER,MEDIA INPUT INFRASTRUCTURE (V4L/DVB),5203,139903
GSPCA M5602 SUBDRIVER,THE REST,5203,139903
GSPCA PAC207 SONIXB SUBDRIVER,GSPCA PAC207 SONIXB SUBDRIVER,475,12921
GSPCA PAC207 SONIXB SUBDRIVER,GSPCA USB WEBCAM DRIVER,475,12921
GSPCA PAC207 SONIXB SUBDRIVER,MEDIA INPUT INFRASTRUCTURE (V4L/DVB),475,12921
GSPCA PAC207 SONIXB SUBDRIVER,THE REST,475,12921
GSPCA SN9C20X SUBDRIVER,GSPCA SN9C20X SUBDRIVER,2409,71484
GSPCA SN9C20X SUBDRIVER,GSPCA USB WEBCAM DRIVER,2409,71484
GSPCA SN9C20X SUBDRIVER,MEDIA INPUT INFRASTRUCTURE (V4L/DVB),2409,71484
GSPCA SN9C20X SUBDRIVER,THE REST,2409,71484
GSPCA T613 SUBDRIVER,GSPCA T613 SUBDRIVER,1041,27296
GSPCA T613 SUBDRIVER,GSPCA USB WEBCAM DRIVER,1041,27296
GSPCA T613 SUBDRIVER,MEDIA INPUT INFRASTRUCTURE (V4L/DVB),1041,27296
GSPCA T613 SUBDRIVER,THE REST,1041,27296
GSPCA USB WEBCAM DRIVER,GSPCA USB WEBCAM DRIVER,77695,2329593
GSPCA USB WEBCAM DRIVER,MEDIA INPUT INFRASTRUCTURE (V4L/DVB),77695,2329593
GSPCA USB WEBCAM DRIVER,THE REST,77695,2329593
GTP (GPRS Tunneling Protocol),GTP (GPRS Tunneling Protocol),1945,46438
GTP (GPRS Tunneling Protocol),NETWORKING DRIVERS,1945,46438
GTP (GPRS Tunneling Protocol),THE REST,1945,46438
GUID PARTITION TABLE (GPT),GUID PARTITION TABLE (GPT),872,27239
GUID PARTITION TABLE (GPT),THE REST,872,27239
HABANALABS PCI DRIVER,HABANALABS PCI DRIVER,339686,13177970
HABANALABS PCI DRIVER,THE REST,339686,13177970
HABANALABS PCI DRIVER,TRACING,168,4676
HACKRF MEDIA DRIVER,HACKRF MEDIA DRIVER,1562,43442
HACKRF MEDIA DRIVER,MEDIA INPUT INFRASTRUCTURE (V4L/DVB),1562,43442
HACKRF MEDIA DRIVER,THE REST,1562,43442
HANDSHAKE UPCALL FOR TRANSPORT LAYER SECURITY,HANDSHAKE UPCALL FOR TRANSPORT LAYER SECURITY,2690,70331
HANDSHAKE UPCALL FOR TRANSPORT LAYER SECURITY,NETWORKING [GENERAL],2371,61928
HANDSHAKE UPCALL FOR TRANSPORT LAYER SECURITY,THE REST,2690,70331
HANDSHAKE UPCALL FOR TRANSPORT LAYER SECURITY,TRACING,319,8403
HANTRO VPU CODEC DRIVER,HANTRO VPU CODEC DRIVER,20923,725640
HANTRO VPU CODEC DRIVER,MEDIA INPUT INFRASTRUCTURE (V4L/DVB),20923,725640
HANTRO VPU CODEC DRIVER,OPEN FIRMWARE AND FLATTENED DEVICE TREE BINDINGS,235,5455
HANTRO VPU CODEC DRIVER,THE REST,20923,725640
HARD DRIVE ACTIVE PROTECTION SYSTEM (HDAPS) DRIVER,HARD DRIVE ACTIVE PROTECTION SYSTEM (HDAPS) DRIVER,627,16433
HARD DRIVE ACTIVE PROTECTION SYSTEM (HDAPS) DRIVER,THE REST,627,16433
HARD DRIVE ACTIVE PROTECTION SYSTEM (HDAPS) DRIVER,X86 PLATFORM DRIVERS,627,16433
HARDWARE MONITORING,HARDWARE MONITORING,213373,5904967
HARDWARE MONITORING,HP WMI HARDWARE MONITOR DRIVER,2130,61224
HARDWARE MONITORING,HS3001 Hardware Temperature and Humidity Sensor,242,5790
HARDWARE MONITORING,INA209 HARDWARE MONITOR DRIVER,787,23277
HARDWARE MONITORING,INA2XX HARDWARE MONITOR DRIVER,854,23143
HARDWARE MONITORING,INTEL MAX 10 BMC MFD DRIVER,875,32175
HARDWARE MONITORING,IT87 HARDWARE MONITORING DRIVER,4187,127049
HARDWARE MONITORING,JC42.4 TEMPERATURE SENSOR DRIVER,873,22713
HARDWARE MONITORING,K10TEMP HARDWARE MONITORING DRIVER,675,19734
HARDWARE MONITORING,K8TEMP HARDWARE MONITORING DRIVER,287,7716
HARDWARE MONITORING,LINUX FOR POWERPC (32-BIT AND 64-BIT),829,20790
HARDWARE MONITORING,LM73 HARDWARE MONITOR DRIVER,290,7633
HARDWARE MONITORING,LM78 HARDWARE MONITOR DRIVER,1113,30616
HARDWARE MONITORING,LM83 HARDWARE MONITOR DRIVER,564,15375
HARDWARE MONITORING,LM90 HARDWARE MONITOR DRIVER,3854,109068
HARDWARE MONITORING,LM95234 HARDWARE MONITOR DRIVER,781,21726
HARDWARE MONITORING,LTC2947 HARDWARE MONITOR DRIVER,1382,35864
HARDWARE MONITORING,LTC4261 HARDWARE MONITOR DRIVER,315,8672
HARDWARE MONITORING,MAX15301 DRIVER,277,7174
HARDWARE MONITORING,MAX16065 HARDWARE MONITOR DRIVER,738,23082
HARDWARE MONITORING,MAX31827 TEMPERATURE SWITCH DRIVER,610,15245
HARDWARE MONITORING,MAX6650 HARDWARE MONITOR AND FAN CONTROLLER DRIVER,904,21795
HARDWARE MONITORING,MAX6697 HARDWARE MONITOR DRIVER,951,27610
HARDWARE MONITORING,MEN F21BMC (Board Management Controller),286,7861
HARDWARE MONITORING,MONOLITHIC POWER SYSTEM PMIC DRIVER,156,4184
HARDWARE MONITORING,NCT6775 HARDWARE MONITOR DRIVER - CORE & PLATFORM DRIVER,6567,186322
HARDWARE MONITORING,NCT6775 HARDWARE MONITOR DRIVER - I2C DRIVER,254,7451
HARDWARE MONITORING,NZXT-KRAKEN2 HARDWARE MONITORING DRIVER,276,6752
HARDWARE MONITORING,NZXT-SMART2 HARDWARE MONITORING DRIVER,900,22987
HARDWARE MONITORING,ONEXPLAYER FAN DRIVER,493,10561
HARDWARE MONITORING,OPEN FIRMWARE AND FLATTENED DEVICE TREE BINDINGS,4172,102918
HARDWARE MONITORING,PC87360 HARDWARE MONITORING DRIVER,2001,60022
HARDWARE MONITORING,PC87427 HARDWARE MONITORING DRIVER,1394,40263
HARDWARE MONITORING,PECI HARDWARE MONITORING DRIVERS,1522,40451
HARDWARE MONITORING,PM6764TR DRIVER,108,2924
HARDWARE MONITORING,PMBUS HARDWARE MONITORING DRIVERS,21523,576196
HARDWARE MONITORING,SFCTEMP HWMON DRIVER,434,10157
HARDWARE MONITORING,SL28 CPLD MFD DRIVER,159,3746
HARDWARE MONITORING,SMSC EMC2103 HARDWARE MONITOR DRIVER,703,20048
HARDWARE MONITORING,SMSC SCH5627 HARDWARE MONITOR DRIVER,576,14917
HARDWARE MONITORING,SMSC47B397 HARDWARE MONITOR DRIVER,567,13613
HARDWARE MONITORING,ST STPDDC60 DRIVER,339,8714
HARDWARE MONITORING,TEXAS INSTRUMENTS TPS23861 PoE PSE DRIVER,687,16928
HARDWARE MONITORING,THE REST,213373,5904967
HARDWARE MONITORING,TMP401 HARDWARE MONITOR DRIVER,963,24112
HARDWARE MONITORING,TMP464 HARDWARE MONITOR DRIVER,898,22728
HARDWARE MONITORING,TMP513 HARDWARE MONITOR DRIVER,871,22354
HARDWARE MONITORING,TPS546D24 DRIVER,106,2566
HARDWARE MONITORING,TRACING,71,1489
HARDWARE MONITORING,VT1211 HARDWARE MONITOR DRIVER,1587,46898
HARDWARE MONITORING,VT8231 HARDWARE MONITOR DRIVER,1060,30877
HARDWARE MONITORING,W83791D HARDWARE MONITORING DRIVER,1837,56900
HARDWARE MONITORING,W83793 HARDWARE MONITORING DRIVER,2257,64592
HARDWARE MONITORING,W83795 HARDWARE MONITORING DRIVER,2271,63038
HARDWARE MONITORING,WOLFSON MICROELECTRONICS DRIVERS,315,8853
HARDWARE RANDOM NUMBER GENERATOR CORE,HARDWARE RANDOM NUMBER GENERATOR CORE,13097,322485
HARDWARE RANDOM NUMBER GENERATOR CORE,LINUX FOR POWERPC (32-BIT AND 64-BIT),281,6736
HARDWARE RANDOM NUMBER GENERATOR CORE,MEDIATEK RANDOM NUMBER GENERATOR SUPPORT,201,4555
HARDWARE RANDOM NUMBER GENERATOR CORE,OMAP RANDOM NUMBER GENERATOR SUPPORT,569,14433
HARDWARE RANDOM NUMBER GENERATOR CORE,OP-TEE RANDOM NUMBER GENERATOR (RNG) DRIVER,305,7483
HARDWARE RANDOM NUMBER GENERATOR CORE,OPEN FIRMWARE AND FLATTENED DEVICE TREE BINDINGS,1135,22477
HARDWARE RANDOM NUMBER GENERATOR CORE,RISC-V MICROCHIP FPGA SUPPORT,103,2592
HARDWARE RANDOM NUMBER GENERATOR CORE,SAMSUNG EXYNOS PSEUDO RANDOM NUMBER GENERATOR (RNG) DRIVER,45,882
HARDWARE RANDOM NUMBER GENERATOR CORE,SAMSUNG EXYNOS TRUE RANDOM NUMBER GENERATOR (TRNG) DRIVER,276,6296
HARDWARE RANDOM NUMBER GENERATOR CORE,STARFIVE TRNG DRIVER,448,11051
HARDWARE RANDOM NUMBER GENERATOR CORE,THE REST,13097,322485
HARDWARE SPINLOCK CORE,HARDWARE SPINLOCK CORE,3462,99930
HARDWARE SPINLOCK CORE,LOCKING PRIMITIVES,485,15501
HARDWARE SPINLOCK CORE,OMAP HARDWARE SPINLOCK SUPPORT,196,5047
HARDWARE SPINLOCK CORE,OPEN FIRMWARE AND FLATTENED DEVICE TREE BINDINGS,285,7104
HARDWARE SPINLOCK CORE,THE REST,3462,99930
HARDWARE TRACING FACILITIES,HARDWARE TRACING FACILITIES,41885,1106630
HARDWARE TRACING FACILITIES,HISILICON PTT DRIVER,1700,48423
HARDWARE TRACING FACILITIES,INTEL(R) TRACE HUB,6087,142698
HARDWARE TRACING FACILITIES,SYSTEM TRACE MODULE CLASS,2987,69973
HARDWARE TRACING FACILITIES,THE REST,41885,1106630
HARMONY SOUND DRIVER,HARMONY SOUND DRIVER,1142,29111
HARMONY SOUND DRIVER,SOUND,1142,29111
HARMONY SOUND DRIVER,THE REST,1142,29111
HDPVR USB VIDEO ENCODER DRIVER,HDPVR USB VIDEO ENCODER DRIVER,2424,61247
HDPVR USB VIDEO ENCODER DRIVER,MEDIA INPUT INFRASTRUCTURE (V4L/DVB),2424,61247
HDPVR USB VIDEO ENCODER DRIVER,THE REST,2424,61247
HEWLETT PACKARD ENTERPRISE ILO CHIF DRIVER,HEWLETT PACKARD ENTERPRISE ILO CHIF DRIVER,1141,28047
HEWLETT PACKARD ENTERPRISE ILO CHIF DRIVER,THE REST,1141,28047
HEWLETT PACKARD ENTERPRISE ILO NMI WATCHDOG DRIVER,HEWLETT PACKARD ENTERPRISE ILO NMI WATCHDOG DRIVER,495,13946
HEWLETT PACKARD ENTERPRISE ILO NMI WATCHDOG DRIVER,THE REST,495,13946
HEWLETT PACKARD ENTERPRISE ILO NMI WATCHDOG DRIVER,WATCHDOG DEVICE DRIVERS,495,13946
HEWLETT-PACKARD SMART ARRAY RAID DRIVER (hpsa),HEWLETT-PACKARD SMART ARRAY RAID DRIVER (hpsa),11964,342307
HEWLETT-PACKARD SMART ARRAY RAID DRIVER (hpsa),MICROSEMI SMART ARRAY SMARTPQI DRIVER (smartpqi),252,7124
HEWLETT-PACKARD SMART ARRAY RAID DRIVER (hpsa),SCSI SUBSYSTEM,11583,329939
HEWLETT-PACKARD SMART ARRAY RAID DRIVER (hpsa),THE REST,11964,342307
HFI1 DRIVER,HFI1 DRIVER,78562,2235675
HFI1 DRIVER,INFINIBAND SUBSYSTEM,78562,2235675
HFI1 DRIVER,THE REST,78562,2235675
HFS FILESYSTEM,HFS FILESYSTEM,6177,162890
HFS FILESYSTEM,THE REST,6177,162890
HFSPLUS FILESYSTEM,HFSPLUS FILESYSTEM,12434,355888
HFSPLUS FILESYSTEM,THE REST,12434,355888
HGA FRAMEBUFFER DRIVER,HGA FRAMEBUFFER DRIVER,669,16930
HGA FRAMEBUFFER DRIVER,THE REST,669,16930
"HIBERNATION (aka Software Suspend, aka swsusp)","HIBERNATION (aka Software Suspend, aka swsusp)",27573,733457
"HIBERNATION (aka Software Suspend, aka swsusp)",LOONGARCH,10,240
"HIBERNATION (aka Software Suspend, aka swsusp)",POWER MANAGEMENT CORE,14238,388956
"HIBERNATION (aka Software Suspend, aka swsusp)",QUALCOMM HEXAGON ARCHITECTURE,14,238
"HIBERNATION (aka Software Suspend, aka swsusp)",RISC-V ARCHITECTURE,58,1722
"HIBERNATION (aka Software Suspend, aka swsusp)",SUPERH,97,2576
"HIBERNATION (aka Software Suspend, aka swsusp)",SUSPEND TO RAM,25866,689210
"HIBERNATION (aka Software Suspend, aka swsusp)",THE REST,27573,733457
"HIBERNATION (aka Software Suspend, aka swsusp)",X86 ARCHITECTURE (32-BIT AND 64-BIT),1456,37332
HID CORE LAYER,HID CORE LAYER,133923,4272152
HID CORE LAYER,HID LOGITECH DRIVERS,6776,205732
HID CORE LAYER,HID NVIDIA SHIELD DRIVER,1127,31662
HID CORE LAYER,HID PHOENIX RC FLIGHT CONTROLLER,112,2937
HID CORE LAYER,HID PLAYSTATION DRIVER,2743,86618
HID CORE LAYER,HID SENSOR HUB DRIVERS,2557,78088
HID CORE LAYER,HID VRC-2 CAR CONTROLLER DRIVER,91,2593
HID CORE LAYER,HID WACOM DRIVER,8601,257663
HID CORE LAYER,HID++ LOGITECH DRIVERS,4718,135937
HID CORE LAYER,Hyper-V/Azure CORE AND DRIVERS,594,13266
HID CORE LAYER,INTEL INTEGRATED SENSOR HUB DRIVER,8712,232422
HID CORE LAYER,KERNEL SELFTEST FRAMEWORK,10568,609611
HID CORE LAYER,LETSKETCH HID TABLET DRIVER,322,9370
HID CORE LAYER,LINUX FOR POWERPC (32-BIT AND 64-BIT),466,11580
HID CORE LAYER,LOGITECH HID GAMING KEYBOARDS,957,24894
HID CORE LAYER,MCP2221A MICROCHIP USB-HID TO I2C BRIDGE DRIVER,1216,27323
HID CORE LAYER,MICROSOFT SURFACE HID TRANSPORT DRIVER,972,26540
HID CORE LAYER,NINTENDO HID DRIVER,2444,77609
HID CORE LAYER,PICOLCD HID DRIVER,2953,85231
HID CORE LAYER,ROCCAT DRIVERS,6256,160417
HID CORE LAYER,THE REST,133923,4272152
HID CORE LAYER,UDRAW TABLET,466,11580
HID CORE LAYER,UHID USERSPACE HID IO DRIVER,821,19548
HID CORE LAYER,"USB HID/HIDBP DRIVERS (USB KEYBOARDS, MICE, REMOTE CONTROLS, ...)",5064,138780
HID CORE LAYER,WIIMOTE HID DRIVER,5369,152438
HID LOGITECH DRIVERS,HID LOGITECH DRIVERS,6776,205732
HID LOGITECH DRIVERS,HID++ LOGITECH DRIVERS,4718,135937
HID LOGITECH DRIVERS,THE REST,6776,205732
HID NVIDIA SHIELD DRIVER,HID NVIDIA SHIELD DRIVER,1127,31662
HID NVIDIA SHIELD DRIVER,THE REST,1127,31662
HID PHOENIX RC FLIGHT CONTROLLER,HID PHOENIX RC FLIGHT CONTROLLER,112,2937
HID PHOENIX RC FLIGHT CONTROLLER,THE REST,112,2937
HID PLAYSTATION DRIVER,HID PLAYSTATION DRIVER,2743,86618
HID PLAYSTATION DRIVER,THE REST,2743,86618
HID SENSOR HUB DRIVERS,HID SENSOR HUB DRIVERS,6884,197057
HID SENSOR HUB DRIVERS,IIO SUBSYSTEM AND DRIVERS,4327,118969
HID SENSOR HUB DRIVERS,THE REST,6884,197057
HID VRC-2 CAR CONTROLLER DRIVER,HID VRC-2 CAR CONTROLLER DRIVER,91,2593
HID VRC-2 CAR CONTROLLER DRIVER,THE REST,91,2593
HID WACOM DRIVER,HID WACOM DRIVER,8601,257663
HID WACOM DRIVER,THE REST,8601,257663
HID++ LOGITECH DRIVERS,HID++ LOGITECH DRIVERS,4718,135937
HID++ LOGITECH DRIVERS,THE REST,4718,135937
"HIGH-RESOLUTION TIMERS, CLOCKEVENTS","HIGH-RESOLUTION TIMERS, CLOCKEVENTS",5394,172351
"HIGH-RESOLUTION TIMERS, CLOCKEVENTS",HPET:	High Precision Event Timers driver,30,1554
"HIGH-RESOLUTION TIMERS, CLOCKEVENTS",POSIX CLOCKS and TIMERS,2760,76896
"HIGH-RESOLUTION TIMERS, CLOCKEVENTS",THE REST,5394,172351
"HIGH-RESOLUTION TIMERS, CLOCKEVENTS","TIMEKEEPING, CLOCKSOURCE CORE, NTP, ALARMTIMER",360,8789
HIGH-SPEED SCC DRIVER FOR AX.25,HIGH-SPEED SCC DRIVER FOR AX.25,2175,55214
HIGH-SPEED SCC DRIVER FOR AX.25,NETWORKING DRIVERS,2175,55214
HIGH-SPEED SCC DRIVER FOR AX.25,THE REST,2175,55214
HIGH-SPEED SCC DRIVER FOR AX.25,Z8530 DRIVER FOR AX.25,2175,55214
HIGHPOINT ROCKETRAID 3xxx RAID DRIVER,HIGHPOINT ROCKETRAID 3xxx RAID DRIVER,1914,55040
HIGHPOINT ROCKETRAID 3xxx RAID DRIVER,SCSI SUBSYSTEM,1699,46331
HIGHPOINT ROCKETRAID 3xxx RAID DRIVER,THE REST,1914,55040
HIKEY960 ONBOARD USB GPIO HUB DRIVER,HIKEY960 ONBOARD USB GPIO HUB DRIVER,277,7432
HIKEY960 ONBOARD USB GPIO HUB DRIVER,THE REST,277,7432
HIMAX HX83112B TOUCHSCREEN SUPPORT,HIMAX HX83112B TOUCHSCREEN SUPPORT,427,9593
HIMAX HX83112B TOUCHSCREEN SUPPORT,"INPUT (KEYBOARD, MOUSE, JOYSTICK, TOUCHSCREEN) DRIVERS",427,9593
HIMAX HX83112B TOUCHSCREEN SUPPORT,OPEN FIRMWARE AND FLATTENED DEVICE TREE BINDINGS,63,1252
HIMAX HX83112B TOUCHSCREEN SUPPORT,THE REST,427,9593
HIPPI,HIPPI,2968,69087
HIPPI,NETWORKING DRIVERS,2775,64077
HIPPI,NETWORKING [GENERAL],193,5010
HIPPI,THE REST,2968,69087
HIRSCHMANN HELLCREEK ETHERNET SWITCH DRIVER,HIRSCHMANN HELLCREEK ETHERNET SWITCH DRIVER,3752,99427
HIRSCHMANN HELLCREEK ETHERNET SWITCH DRIVER,NETWORKING DRIVERS,3655,96947
HIRSCHMANN HELLCREEK ETHERNET SWITCH DRIVER,NETWORKING [DSA],3728,98708
HIRSCHMANN HELLCREEK ETHERNET SWITCH DRIVER,NETWORKING [GENERAL],73,1761
HIRSCHMANN HELLCREEK ETHERNET SWITCH DRIVER,OPEN FIRMWARE AND FLATTENED DEVICE TREE BINDINGS,132,2964
HIRSCHMANN HELLCREEK ETHERNET SWITCH DRIVER,THE REST,3752,99427
HISILICON DMA DRIVER,HISILICON DMA DRIVER,1053,31034
HISILICON DMA DRIVER,THE REST,1053,31034
HISILICON GPIO DRIVER,HISILICON GPIO DRIVER,391,10730
HISILICON GPIO DRIVER,OPEN FIRMWARE AND FLATTENED DEVICE TREE BINDINGS,56,1076
HISILICON GPIO DRIVER,THE REST,391,10730
HISILICON HIGH PERFORMANCE RSA ENGINE DRIVER (HPRE),HISILICON HIGH PERFORMANCE RSA ENGINE DRIVER (HPRE),4042,102723
HISILICON HIGH PERFORMANCE RSA ENGINE DRIVER (HPRE),THE REST,4042,102723
HISILICON HNS3 PMU DRIVER,HISILICON HNS3 PMU DRIVER,1807,55984
HISILICON HNS3 PMU DRIVER,HISILICON PMU DRIVER,1671,51481
HISILICON HNS3 PMU DRIVER,THE REST,1807,55984
HISILICON I2C CONTROLLER DRIVER,HISILICON I2C CONTROLLER DRIVER,605,16884
HISILICON I2C CONTROLLER DRIVER,I2C SUBSYSTEM HOST DRIVERS,605,16884
HISILICON I2C CONTROLLER DRIVER,OPEN FIRMWARE AND FLATTENED DEVICE TREE BINDINGS,73,1475
HISILICON I2C CONTROLLER DRIVER,THE REST,605,16884
HISILICON KUNPENG SOC HCCS DRIVER,HISILICON KUNPENG SOC HCCS DRIVER,1548,39156
HISILICON KUNPENG SOC HCCS DRIVER,THE REST,1548,39156
HISILICON LPC BUS DRIVER,HISILICON LPC BUS DRIVER,757,19793
HISILICON LPC BUS DRIVER,OPEN FIRMWARE AND FLATTENED DEVICE TREE BINDINGS,61,1363
HISILICON LPC BUS DRIVER,THE REST,757,19793
HISILICON NETWORK SUBSYSTEM 3 DRIVER (HNS3),HISILICON NETWORK SUBSYSTEM 3 DRIVER (HNS3),46446,1259585
HISILICON NETWORK SUBSYSTEM 3 DRIVER (HNS3),HISILICON NETWORK SUBSYSTEM DRIVER,46446,1259585
HISILICON NETWORK SUBSYSTEM 3 DRIVER (HNS3),NETWORKING DRIVERS,46446,1259585
HISILICON NETWORK SUBSYSTEM 3 DRIVER (HNS3),THE REST,46446,1259585
HISILICON NETWORK SUBSYSTEM DRIVER,HISILICON NETWORK SUBSYSTEM DRIVER,67868,1868371
HISILICON NETWORK SUBSYSTEM DRIVER,NETWORKING DRIVERS,67868,1868371
HISILICON NETWORK SUBSYSTEM DRIVER,OPEN FIRMWARE AND FLATTENED DEVICE TREE BINDINGS,405,14015
HISILICON NETWORK SUBSYSTEM DRIVER,THE REST,67868,1868371
HISILICON PMU DRIVER,HISILICON PMU DRIVER,7482,214605
HISILICON PMU DRIVER,THE REST,7482,214605
HISILICON PTT DRIVER,HISILICON PTT DRIVER,2712,81794
HISILICON PTT DRIVER,PERFORMANCE EVENTS SUBSYSTEM,595,15381
HISILICON PTT DRIVER,PERFORMANCE EVENTS TOOLING ARM64,188,4755
HISILICON PTT DRIVER,THE REST,2712,81794
HISILICON PTT DRIVER,TRACING,304,12853
HISILICON QM DRIVER,HISILICON QM DRIVER,6546,158406
HISILICON QM DRIVER,THE REST,6546,158406
HISILICON ROCE DRIVER,HISILICON ROCE DRIVER,17556,486705
HISILICON ROCE DRIVER,INFINIBAND SUBSYSTEM,17556,486705
HISILICON ROCE DRIVER,OPEN FIRMWARE AND FLATTENED DEVICE TREE BINDINGS,108,2741
HISILICON ROCE DRIVER,THE REST,17556,486705
HISILICON SAS Controller,HISILICON SAS Controller,14189,408355
HISILICON SAS Controller,OPEN FIRMWARE AND FLATTENED DEVICE TREE BINDINGS,98,4013
HISILICON SAS Controller,SCSI SUBSYSTEM,14189,408355
HISILICON SAS Controller,THE REST,14189,408355
HISILICON SECURITY ENGINE V2 DRIVER (SEC2),HISILICON SECURITY ENGINE V2 DRIVER (SEC2),4713,120200
HISILICON SECURITY ENGINE V2 DRIVER (SEC2),THE REST,4713,120200
HISILICON SPI Controller DRIVER FOR KUNPENG SOCS,HISILICON SPI Controller DRIVER FOR KUNPENG SOCS,553,14133
HISILICON SPI Controller DRIVER FOR KUNPENG SOCS,SPI SUBSYSTEM,553,14133
HISILICON SPI Controller DRIVER FOR KUNPENG SOCS,THE REST,553,14133
HISILICON SPMI CONTROLLER DRIVER FOR HIKEY 970,HISILICON SPMI CONTROLLER DRIVER FOR HIKEY 970,439,11583
HISILICON SPMI CONTROLLER DRIVER FOR HIKEY 970,OPEN FIRMWARE AND FLATTENED DEVICE TREE BINDINGS,73,1689
HISILICON SPMI CONTROLLER DRIVER FOR HIKEY 970,SPMI SUBSYSTEM,439,11583
HISILICON SPMI CONTROLLER DRIVER FOR HIKEY 970,THE REST,439,11583
HISILICON SPMI PMIC DRIVER FOR HIKEY 6421v600,HISILICON SPMI PMIC DRIVER FOR HIKEY 6421v600,203,4683
HISILICON SPMI PMIC DRIVER FOR HIKEY 6421v600,MULTIFUNCTION DEVICES (MFD),203,4683
HISILICON SPMI PMIC DRIVER FOR HIKEY 6421v600,OPEN FIRMWARE AND FLATTENED DEVICE TREE BINDINGS,137,3062
HISILICON SPMI PMIC DRIVER FOR HIKEY 6421v600,THE REST,203,4683
HISILICON TRUE RANDOM NUMBER GENERATOR V2 SUPPORT,HISILICON TRUE RANDOM NUMBER GENERATOR V2 SUPPORT,341,8230
HISILICON TRUE RANDOM NUMBER GENERATOR V2 SUPPORT,THE REST,341,8230
HISILICON V3XX SPI NOR FLASH Controller Driver,HISILICON V3XX SPI NOR FLASH Controller Driver,542,13964
HISILICON V3XX SPI NOR FLASH Controller Driver,SPI SUBSYSTEM,542,13964
HISILICON V3XX SPI NOR FLASH Controller Driver,THE REST,542,13964
HISILICON ZIP Controller DRIVER,HISILICON ZIP Controller DRIVER,2424,65812
HISILICON ZIP Controller DRIVER,THE REST,2424,65812
HMM - Heterogeneous Memory Management,HMM - Heterogeneous Memory Management,4965,137173
HMM - Heterogeneous Memory Management,KERNEL SELFTEST FRAMEWORK,2164,52760
HMM - Heterogeneous Memory Management,MEMORY MANAGEMENT,2778,70271
HMM - Heterogeneous Memory Management,THE REST,4965,137173
HONEYWELL MPRLS0025PA PRESSURE SENSOR SERIES IIO DRIVER,HONEYWELL MPRLS0025PA PRESSURE SENSOR SERIES IIO DRIVER,554,15393
HONEYWELL MPRLS0025PA PRESSURE SENSOR SERIES IIO DRIVER,IIO SUBSYSTEM AND DRIVERS,554,15393
HONEYWELL MPRLS0025PA PRESSURE SENSOR SERIES IIO DRIVER,OPEN FIRMWARE AND FLATTENED DEVICE TREE BINDINGS,104,3175
HONEYWELL MPRLS0025PA PRESSURE SENSOR SERIES IIO DRIVER,THE REST,554,15393
HOST AP DRIVER,HOST AP DRIVER,19121,523415
HOST AP DRIVER,NETWORKING DRIVERS (WIRELESS),19121,523415
HOST AP DRIVER,THE REST,19121,523415
HP BIOSCFG DRIVER,HP BIOSCFG DRIVER,4659,126478
HP BIOSCFG DRIVER,THE REST,4659,126478
HP BIOSCFG DRIVER,X86 PLATFORM DRIVERS,4659,126478
HP COMPAQ TC1100 TABLET WMI EXTRAS DRIVER,HP COMPAQ TC1100 TABLET WMI EXTRAS DRIVER,263,5831
HP COMPAQ TC1100 TABLET WMI EXTRAS DRIVER,THE REST,263,5831
HP COMPAQ TC1100 TABLET WMI EXTRAS DRIVER,X86 PLATFORM DRIVERS,263,5831
HP WMI HARDWARE MONITOR DRIVER,HP WMI HARDWARE MONITOR DRIVER,2130,61224
HP WMI HARDWARE MONITOR DRIVER,THE REST,2130,61224
HPET:	High Precision Event Timers driver,HPET:	High Precision Event Timers driver,1214,29016
HPET:	High Precision Event Timers driver,THE REST,1214,29016
HPET:	x86,HPET:	x86,1576,40396
HPET:	x86,THE REST,1576,40396
HPET:	x86,X86 ARCHITECTURE (32-BIT AND 64-BIT),1576,40396
HPFS FILESYSTEM,HPFS FILESYSTEM,6587,187389
HPFS FILESYSTEM,THE REST,6587,187389
HS3001 Hardware Temperature and Humidity Sensor,HS3001 Hardware Temperature and Humidity Sensor,242,5790
HS3001 Hardware Temperature and Humidity Sensor,THE REST,242,5790
HSI SUBSYSTEM,HSI SUBSYSTEM,7762,203245
HSI SUBSYSTEM,THE REST,7762,203245
HSO 3G MODEM DRIVER,HSO 3G MODEM DRIVER,3314,85166
HSO 3G MODEM DRIVER,NETWORKING DRIVERS,3314,85166
HSO 3G MODEM DRIVER,THE REST,3314,85166
HSO 3G MODEM DRIVER,USB NETWORKING DRIVERS,3314,85166
HSR NETWORK PROTOCOL,HSR NETWORK PROTOCOL,3472,91652
HSR NETWORK PROTOCOL,NETWORKING [GENERAL],3472,91652
HSR NETWORK PROTOCOL,THE REST,3472,91652
HT16K33 LED CONTROLLER DRIVER,HT16K33 LED CONTROLLER DRIVER,938,23474
HT16K33 LED CONTROLLER DRIVER,OPEN FIRMWARE AND FLATTENED DEVICE TREE BINDINGS,104,2932
HT16K33 LED CONTROLLER DRIVER,THE REST,938,23474
HTCPEN TOUCHSCREEN DRIVER,HTCPEN TOUCHSCREEN DRIVER,243,5670
HTCPEN TOUCHSCREEN DRIVER,"INPUT (KEYBOARD, MOUSE, JOYSTICK, TOUCHSCREEN) DRIVERS",243,5670
HTCPEN TOUCHSCREEN DRIVER,THE REST,243,5670
HTE SUBSYSTEM,HTE SUBSYSTEM,2718,71628
HTE SUBSYSTEM,OPEN FIRMWARE AND FLATTENED DEVICE TREE BINDINGS,208,5775
HTE SUBSYSTEM,TEGRA ARCHITECTURE SUPPORT,1295,35562
HTE SUBSYSTEM,THE REST,2718,71628
HTS221 TEMPERATURE-HUMIDITY IIO DRIVER,HTS221 TEMPERATURE-HUMIDITY IIO DRIVER,1142,26292
HTS221 TEMPERATURE-HUMIDITY IIO DRIVER,IIO SUBSYSTEM AND DRIVERS,1142,26292
HTS221 TEMPERATURE-HUMIDITY IIO DRIVER,OPEN FIRMWARE AND FLATTENED DEVICE TREE BINDINGS,54,1111
HTS221 TEMPERATURE-HUMIDITY IIO DRIVER,THE REST,1142,26292
HUAWEI ETHERNET DRIVER,HUAWEI ETHERNET DRIVER,22812,605218
HUAWEI ETHERNET DRIVER,NETWORKING DRIVERS,22684,600887
HUAWEI ETHERNET DRIVER,NETWORKING [GENERAL],128,4331
HUAWEI ETHERNET DRIVER,THE REST,22812,605218
HUGETLB SUBSYSTEM,HUGETLB SUBSYSTEM,12470,374253
HUGETLB SUBSYSTEM,MEMORY MANAGEMENT,8119,228780
HUGETLB SUBSYSTEM,THE REST,12470,374253
HVA ST MEDIA DRIVER,HVA ST MEDIA DRIVER,4098,112059
HVA ST MEDIA DRIVER,MEDIA INPUT INFRASTRUCTURE (V4L/DVB),4098,112059
HVA ST MEDIA DRIVER,THE REST,4098,112059
HWPOISON MEMORY FAILURE HANDLING,HWPOISON MEMORY FAILURE HANDLING,2903,77022
HWPOISON MEMORY FAILURE HANDLING,MEMORY MANAGEMENT,2903,77022
HWPOISON MEMORY FAILURE HANDLING,THE REST,2903,77022
HYCON HY46XX TOUCHSCREEN SUPPORT,HYCON HY46XX TOUCHSCREEN SUPPORT,709,18135
HYCON HY46XX TOUCHSCREEN SUPPORT,"INPUT (KEYBOARD, MOUSE, JOYSTICK, TOUCHSCREEN) DRIVERS",709,18135
HYCON HY46XX TOUCHSCREEN SUPPORT,OPEN FIRMWARE AND FLATTENED DEVICE TREE BINDINGS,119,2795
HYCON HY46XX TOUCHSCREEN SUPPORT,THE REST,709,18135
HYGON PROCESSOR SUPPORT,HYGON PROCESSOR SUPPORT,391,9843
HYGON PROCESSOR SUPPORT,THE REST,391,9843
HYGON PROCESSOR SUPPORT,X86 ARCHITECTURE (32-BIT AND 64-BIT),391,9843
HYNIX HI556 SENSOR DRIVER,HYNIX HI556 SENSOR DRIVER,1362,30953
HYNIX HI556 SENSOR DRIVER,MEDIA INPUT INFRASTRUCTURE (V4L/DVB),1362,30953
HYNIX HI556 SENSOR DRIVER,THE REST,1362,30953
HYNIX HI556 SENSOR DRIVER,V4L2 CAMERA SENSOR DRIVERS,1362,30953
HYNIX HI846 SENSOR DRIVER,HYNIX HI846 SENSOR DRIVER,2202,54100
HYNIX HI846 SENSOR DRIVER,MEDIA INPUT INFRASTRUCTURE (V4L/DVB),2202,54100
HYNIX HI846 SENSOR DRIVER,THE REST,2202,54100
HYNIX HI846 SENSOR DRIVER,V4L2 CAMERA SENSOR DRIVERS,2202,54100
HYNIX HI847 SENSOR DRIVER,HYNIX HI847 SENSOR DRIVER,3010,62520
HYNIX HI847 SENSOR DRIVER,MEDIA INPUT INFRASTRUCTURE (V4L/DVB),3010,62520
HYNIX HI847 SENSOR DRIVER,THE REST,3010,62520
HYNIX HI847 SENSOR DRIVER,V4L2 CAMERA SENSOR DRIVERS,3010,62520
HYPERBUS SUPPORT,HYPERBUS SUPPORT,793,19692
HYPERBUS SUPPORT,MEMORY TECHNOLOGY DEVICES (MTD),793,19692
HYPERBUS SUPPORT,OPEN FIRMWARE AND FLATTENED DEVICE TREE BINDINGS,71,1676
HYPERBUS SUPPORT,THE REST,793,19692
HYPERVISOR VIRTUAL CONSOLE DRIVER,HYPERVISOR VIRTUAL CONSOLE DRIVER,8205,211824
HYPERVISOR VIRTUAL CONSOLE DRIVER,LINUX FOR POWERPC (32-BIT AND 64-BIT),419,10210
HYPERVISOR VIRTUAL CONSOLE DRIVER,RISC-V ARCHITECTURE,59,1105
HYPERVISOR VIRTUAL CONSOLE DRIVER,THE REST,8205,211824
HYPERVISOR VIRTUAL CONSOLE DRIVER,TTY LAYER AND SERIAL DRIVERS,8205,211824
Hyper-V/Azure CORE AND DRIVERS,Hyper-V/Azure CORE AND DRIVERS,54791,1462152
Hyper-V/Azure CORE AND DRIVERS,"INPUT (KEYBOARD, MOUSE, JOYSTICK, TOUCHSCREEN) DRIVERS",440,10517
Hyper-V/Azure CORE AND DRIVERS,IOMMU SUBSYSTEM,343,8746
Hyper-V/Azure CORE AND DRIVERS,MICROSOFT MANA RDMA DRIVER,1873,41411
Hyper-V/Azure CORE AND DRIVERS,NETWORKING DRIVERS,14777,378029
Hyper-V/Azure CORE AND DRIVERS,NETWORKING [GENERAL],2947,70334
Hyper-V/Azure CORE AND DRIVERS,OPEN FIRMWARE AND FLATTENED DEVICE TREE BINDINGS,54,1152
Hyper-V/Azure CORE AND DRIVERS,PCI NATIVE HOST BRIDGE AND ENDPOINT DRIVERS,4188,118409
Hyper-V/Azure CORE AND DRIVERS,PCI SUBSYSTEM,4188,118409
Hyper-V/Azure CORE AND DRIVERS,SCSI SUBSYSTEM,2234,60330
Hyper-V/Azure CORE AND DRIVERS,SCSI TAPE DRIVER,2234,60330
Hyper-V/Azure CORE AND DRIVERS,THE REST,54791,1462152
Hyper-V/Azure CORE AND DRIVERS,USERSPACE I/O (UIO),398,10581
Hyper-V/Azure CORE AND DRIVERS,VM SOCKETS (AF_VSOCK),954,24401
Hyper-V/Azure CORE AND DRIVERS,X86 ARCHITECTURE (32-BIT AND 64-BIT),4889,132787
I2C ACPI SUPPORT,I2C ACPI SUPPORT,813,19989
I2C ACPI SUPPORT,I2C SUBSYSTEM,813,19989
I2C ACPI SUPPORT,THE REST,813,19989
I2C ADDRESS TRANSLATOR (ATR),I2C ADDRESS TRANSLATOR (ATR),826,21405
I2C ADDRESS TRANSLATOR (ATR),I2C SUBSYSTEM,710,17363
I2C ADDRESS TRANSLATOR (ATR),THE REST,826,21405
I2C CONTROLLER DRIVER FOR NVIDIA GPU,I2C CONTROLLER DRIVER FOR NVIDIA GPU,397,10402
I2C CONTROLLER DRIVER FOR NVIDIA GPU,I2C SUBSYSTEM,20,552
I2C CONTROLLER DRIVER FOR NVIDIA GPU,I2C SUBSYSTEM HOST DRIVERS,377,9850
I2C CONTROLLER DRIVER FOR NVIDIA GPU,THE REST,397,10402
I2C MUXES,I2C MUXES,4955,137013
I2C MUXES,I2C SUBSYSTEM,963,31877
I2C MUXES,I2C SUBSYSTEM HOST DRIVERS,869,25012
I2C MUXES,LTC4306 I2C MULTIPLEXER DRIVER,378,9351
I2C MUXES,MELLANOX MLXCPLD I2C AND MUX DRIVER,193,5257
I2C MUXES,OPEN FIRMWARE AND FLATTENED DEVICE TREE BINDINGS,869,25012
I2C MUXES,PCA9541 I2C BUS MASTER SELECTOR DRIVER,348,9573
I2C MUXES,THE REST,4955,137013
I2C MV64XXX MARVELL AND ALLWINNER DRIVER,I2C MV64XXX MARVELL AND ALLWINNER DRIVER,1261,34363
I2C MV64XXX MARVELL AND ALLWINNER DRIVER,I2C SUBSYSTEM HOST DRIVERS,1261,34363
I2C MV64XXX MARVELL AND ALLWINNER DRIVER,OPEN FIRMWARE AND FLATTENED DEVICE TREE BINDINGS,141,3142
I2C MV64XXX MARVELL AND ALLWINNER DRIVER,THE REST,1261,34363
I2C OVER PARALLEL PORT,I2C OVER PARALLEL PORT,599,18477
I2C OVER PARALLEL PORT,I2C SUBSYSTEM,190,7711
I2C OVER PARALLEL PORT,I2C SUBSYSTEM HOST DRIVERS,409,10766
I2C OVER PARALLEL PORT,THE REST,599,18477
I2C SUBSYSTEM,I2C SUBSYSTEM,15948,509370
I2C SUBSYSTEM,I2C SUBSYSTEM HOST DRIVERS,168,5834
I2C SUBSYSTEM,I2C-TAOS-EVM DRIVER,48,1496
I2C SUBSYSTEM,I2C/SMBUS CONTROLLER DRIVERS FOR PC,950,31472
I2C SUBSYSTEM,I2C/SMBUS ISMT DRIVER,44,1077
I2C SUBSYSTEM,I2C/SMBUS STUB DRIVER,413,10044
I2C SUBSYSTEM,MELLANOX MLXCPLD I2C AND MUX DRIVER,57,1904
I2C SUBSYSTEM,OPEN FIRMWARE AND FLATTENED DEVICE TREE BINDINGS,168,5834
I2C SUBSYSTEM,OPENCORES I2C BUS DRIVER,70,1856
I2C SUBSYSTEM,SCx200 CPU SUPPORT,37,1079
I2C SUBSYSTEM,THE REST,15948,509370
I2C SUBSYSTEM HOST DRIVERS,I2C SUBSYSTEM HOST DRIVERS,101500,2685072
I2C SUBSYSTEM HOST DRIVERS,I2C-TAOS-EVM DRIVER,311,7540
I2C SUBSYSTEM HOST DRIVERS,I2C-TINY-USB DRIVER,305,7921
I2C SUBSYSTEM HOST DRIVERS,I2C/SMBUS CONTROLLER DRIVERS FOR PC,8577,238523
I2C SUBSYSTEM HOST DRIVERS,I2C/SMBUS INTEL CHT WHISKEY COVE PMIC DRIVER,559,16812
I2C SUBSYSTEM HOST DRIVERS,I2C/SMBUS ISMT DRIVER,985,28369
I2C SUBSYSTEM HOST DRIVERS,ICY I2C DRIVER,215,5720
I2C SUBSYSTEM HOST DRIVERS,INGENIC JZ47xx SoCs,869,21725
I2C SUBSYSTEM HOST DRIVERS,LINUX FOR POWERPC (32-BIT AND 64-BIT),1367,34179
I2C SUBSYSTEM HOST DRIVERS,LOONGSON LS2X I2C DRIVER,421,10320
I2C SUBSYSTEM HOST DRIVERS,LTC4306 I2C MULTIPLEXER DRIVER,61,1613
I2C SUBSYSTEM HOST DRIVERS,MEDIATEK I2C CONTROLLER DRIVER,1693,45854
I2C SUBSYSTEM HOST DRIVERS,MEDIATEK MT7621/28/88 I2C DRIVER,407,9510
I2C SUBSYSTEM HOST DRIVERS,MELLANOX BLUEFIELD I2C DRIVER,2493,73848
I2C SUBSYSTEM HOST DRIVERS,MELLANOX MLXCPLD I2C AND MUX DRIVER,605,15528
I2C SUBSYSTEM HOST DRIVERS,MICROCHIP I2C DRIVER,1618,46955
I2C SUBSYSTEM HOST DRIVERS,MICROCHIP PCI1XXXX I2C DRIVER,1212,33787
I2C SUBSYSTEM HOST DRIVERS,OMAP I2C DRIVER,1716,45102
I2C SUBSYSTEM HOST DRIVERS,OMAP1 SUPPORT,1614,43047
I2C SUBSYSTEM HOST DRIVERS,OMAP2+ SUPPORT,1614,43047
I2C SUBSYSTEM HOST DRIVERS,OPEN FIRMWARE AND FLATTENED DEVICE TREE BINDINGS,6793,168116
I2C SUBSYSTEM HOST DRIVERS,OPENCORES I2C BUS DRIVER,906,22464
I2C SUBSYSTEM HOST DRIVERS,QUALCOMM I2C CCI DRIVER,1120,27129
I2C SUBSYSTEM HOST DRIVERS,RENESAS EMEV2 I2C DRIVER,503,11846
I2C SUBSYSTEM HOST DRIVERS,RENESAS R-CAR I2C DRIVERS,2531,69494
I2C SUBSYSTEM HOST DRIVERS,RENESAS RIIC DRIVER,623,15965
I2C SUBSYSTEM HOST DRIVERS,RENESAS RZ/V2M I2C DRIVER,625,14377
I2C SUBSYSTEM HOST DRIVERS,RISC-V MICROCHIP FPGA SUPPORT,533,13356
I2C SUBSYSTEM HOST DRIVERS,SCx200 CPU SUPPORT,598,13299
I2C SUBSYSTEM HOST DRIVERS,SOCIONEXT SYNQUACER I2C DRIVER,707,18886
I2C SUBSYSTEM HOST DRIVERS,ST STM32 I2C/SMBUS DRIVER,3599,96684
I2C SUBSYSTEM HOST DRIVERS,SYNOPSYS DESIGNWARE I2C DRIVER,3713,96196
I2C SUBSYSTEM HOST DRIVERS,TEGRA ARCHITECTURE SUPPORT,2563,72434
I2C SUBSYSTEM HOST DRIVERS,TEGRA I2C DRIVER,1981,56107
I2C SUBSYSTEM HOST DRIVERS,THE REST,101500,2685072
I2C SUBSYSTEM HOST DRIVERS,TI DAVINCI MACHINE SUPPORT,1007,26884
I2C SUBSYSTEM HOST DRIVERS,VIRTIO I2C DRIVER,278,6834
I2C SUBSYSTEM HOST DRIVERS,XLP9XX I2C DRIVER,593,15686
I2C-TAOS-EVM DRIVER,I2C-TAOS-EVM DRIVER,359,9036
I2C-TAOS-EVM DRIVER,THE REST,359,9036
I2C-TINY-USB DRIVER,I2C-TINY-USB DRIVER,305,7921
I2C-TINY-USB DRIVER,THE REST,305,7921
I2C/SMBUS CONTROLLER DRIVERS FOR PC,I2C/SMBUS CONTROLLER DRIVERS FOR PC,9527,269995
I2C/SMBUS CONTROLLER DRIVERS FOR PC,THE REST,9527,269995
I2C/SMBUS INTEL CHT WHISKEY COVE PMIC DRIVER,I2C/SMBUS INTEL CHT WHISKEY COVE PMIC DRIVER,559,16812
I2C/SMBUS INTEL CHT WHISKEY COVE PMIC DRIVER,THE REST,559,16812
I2C/SMBUS ISMT DRIVER,I2C/SMBUS ISMT DRIVER,1029,29446
I2C/SMBUS ISMT DRIVER,THE REST,1029,29446
I2C/SMBUS STUB DRIVER,I2C/SMBUS STUB DRIVER,413,10044
I2C/SMBUS STUB DRIVER,THE REST,413,10044
I3C DRIVER FOR ASPEED AST2600,I3C DRIVER FOR ASPEED AST2600,260,6686
I3C DRIVER FOR ASPEED AST2600,I3C SUBSYSTEM,260,6686
I3C DRIVER FOR ASPEED AST2600,OPEN FIRMWARE AND FLATTENED DEVICE TREE BINDINGS,72,1585
I3C DRIVER FOR ASPEED AST2600,THE REST,260,6686
I3C DRIVER FOR CADENCE I3C MASTER IP,I3C DRIVER FOR CADENCE I3C MASTER IP,1747,47036
I3C DRIVER FOR CADENCE I3C MASTER IP,I3C SUBSYSTEM,1747,47036
I3C DRIVER FOR CADENCE I3C MASTER IP,OPEN FIRMWARE AND FLATTENED DEVICE TREE BINDINGS,60,1062
I3C DRIVER FOR CADENCE I3C MASTER IP,THE REST,1747,47036
I3C DRIVER FOR SYNOPSYS DESIGNWARE,I3C DRIVER FOR SYNOPSYS DESIGNWARE,1670,45370
I3C DRIVER FOR SYNOPSYS DESIGNWARE,I3C SUBSYSTEM,1670,45370
I3C DRIVER FOR SYNOPSYS DESIGNWARE,OPEN FIRMWARE AND FLATTENED DEVICE TREE BINDINGS,52,922
I3C DRIVER FOR SYNOPSYS DESIGNWARE,THE REST,1670,45370
I3C SUBSYSTEM,I3C SUBSYSTEM,14956,413880
I3C SUBSYSTEM,OPEN FIRMWARE AND FLATTENED DEVICE TREE BINDINGS,483,12218
I3C SUBSYSTEM,SILVACO I3C DUAL-ROLE MASTER,1733,46154
I3C SUBSYSTEM,THE REST,14956,413880
IA64 (Itanium) PLATFORM,IA64 (Itanium) PLATFORM,62301,1739945
IA64 (Itanium) PLATFORM,LOCKING PRIMITIVES,287,7169
IA64 (Itanium) PLATFORM,MMU GATHER AND TLB INVALIDATION,50,1577
IA64 (Itanium) PLATFORM,PER-CPU MEMORY ALLOCATOR,53,1354
IA64 (Itanium) PLATFORM,PTRACE SUPPORT,2158,57589
IA64 (Itanium) PLATFORM,THE REST,62301,1739945
IBM Operation Panel Input Driver,IBM Operation Panel Input Driver,249,5629
IBM Operation Panel Input Driver,"INPUT (KEYBOARD, MOUSE, JOYSTICK, TOUCHSCREEN) DRIVERS",249,5629
IBM Operation Panel Input Driver,OPEN FIRMWARE AND FLATTENED DEVICE TREE BINDINGS,50,1037
IBM Operation Panel Input Driver,THE REST,249,5629
IBM Power 842 compression accelerator,IBM Power 842 compression accelerator,2173,57801
IBM Power 842 compression accelerator,IBM Power in-Nest Crypto Acceleration,779,23151
IBM Power 842 compression accelerator,LINUX FOR POWERPC (32-BIT AND 64-BIT),779,23151
IBM Power 842 compression accelerator,THE REST,2173,57801
IBM Power IO DLPAR Driver for RPA-compliant PPC64 platform,IBM Power IO DLPAR Driver for RPA-compliant PPC64 platform,625,13257
IBM Power IO DLPAR Driver for RPA-compliant PPC64 platform,LINUX FOR POWERPC (32-BIT AND 64-BIT),625,13257
IBM Power IO DLPAR Driver for RPA-compliant PPC64 platform,PCI SUBSYSTEM,625,13257
IBM Power IO DLPAR Driver for RPA-compliant PPC64 platform,THE REST,625,13257
IBM Power Linux RAID adapter,IBM Power Linux RAID adapter,12050,339130
IBM Power Linux RAID adapter,SCSI SUBSYSTEM,12050,339130
IBM Power Linux RAID adapter,THE REST,12050,339130
IBM Power PCI Hotplug Driver for RPA-compliant PPC64 platform,IBM Power PCI Hotplug Driver for RPA-compliant PPC64 platform,955,23451
IBM Power PCI Hotplug Driver for RPA-compliant PPC64 platform,LINUX FOR POWERPC (32-BIT AND 64-BIT),955,23451
IBM Power PCI Hotplug Driver for RPA-compliant PPC64 platform,PCI SUBSYSTEM,955,23451
IBM Power PCI Hotplug Driver for RPA-compliant PPC64 platform,THE REST,955,23451
IBM Power SRIOV Virtual NIC Device Driver,IBM Power SRIOV Virtual NIC Device Driver,7750,213024
IBM Power SRIOV Virtual NIC Device Driver,LINUX FOR POWERPC (32-BIT AND 64-BIT),7750,213024
IBM Power SRIOV Virtual NIC Device Driver,NETWORKING DRIVERS,7750,213024
IBM Power SRIOV Virtual NIC Device Driver,THE REST,7750,213024
IBM Power VFIO Support,IBM Power VFIO Support,1374,32760
IBM Power VFIO Support,THE REST,1374,32760
IBM Power VFIO Support,VFIO DRIVER,1374,32760
IBM Power VMX Cryptographic instructions,IBM Power VMX Cryptographic instructions,5227,131635
IBM Power VMX Cryptographic instructions,LINUX FOR POWERPC (32-BIT AND 64-BIT),5227,131635
IBM Power VMX Cryptographic instructions,THE REST,5227,131635
IBM Power Virtual Ethernet Device Driver,IBM Power Virtual Ethernet Device Driver,2187,60437
IBM Power Virtual Ethernet Device Driver,LINUX FOR POWERPC (32-BIT AND 64-BIT),2187,60437
IBM Power Virtual Ethernet Device Driver,NETWORKING DRIVERS,2187,60437
IBM Power Virtual Ethernet Device Driver,THE REST,2187,60437
IBM Power Virtual FC Device Drivers,IBM Power Virtual FC Device Drivers,7322,205391
IBM Power Virtual FC Device Drivers,LINUX FOR POWERPC (32-BIT AND 64-BIT),7322,205391
IBM Power Virtual FC Device Drivers,SCSI SUBSYSTEM,7322,205391
IBM Power Virtual FC Device Drivers,THE REST,7322,205391
IBM Power Virtual Management Channel Driver,IBM Power Virtual Management Channel Driver,2630,67537
IBM Power Virtual Management Channel Driver,THE REST,2630,67537
IBM Power Virtual SCSI Device Drivers,IBM Power Virtual SCSI Device Drivers,2755,80222
IBM Power Virtual SCSI Device Drivers,LINUX FOR POWERPC (32-BIT AND 64-BIT),2538,74606
IBM Power Virtual SCSI Device Drivers,SCSI SUBSYSTEM,2755,80222
IBM Power Virtual SCSI Device Drivers,THE REST,2755,80222
IBM Power Virtual SCSI Device Target Driver,IBM Power Virtual SCSI Device Target Driver,4987,132465
IBM Power Virtual SCSI Device Target Driver,SCSI SUBSYSTEM,4987,132465
IBM Power Virtual SCSI Device Target Driver,THE REST,4987,132465
IBM Power in-Nest Crypto Acceleration,IBM Power in-Nest Crypto Acceleration,6931,186955
IBM Power in-Nest Crypto Acceleration,LINUX FOR POWERPC (32-BIT AND 64-BIT),6931,186955
IBM Power in-Nest Crypto Acceleration,THE REST,6931,186955
IBM ServeRAID RAID DRIVER,IBM ServeRAID RAID DRIVER,8312,277601
IBM ServeRAID RAID DRIVER,IPS SCSI RAID DRIVER,8312,277601
IBM ServeRAID RAID DRIVER,SCSI SUBSYSTEM,8312,277601
IBM ServeRAID RAID DRIVER,THE REST,8312,277601
ICH LPC AND GPIO DRIVER,ICH LPC AND GPIO DRIVER,1861,49585
ICH LPC AND GPIO DRIVER,INTEL GPIO DRIVERS,484,12271
ICH LPC AND GPIO DRIVER,MULTIFUNCTION DEVICES (MFD),1377,37314
ICH LPC AND GPIO DRIVER,THE REST,1861,49585
ICY I2C DRIVER,ICY I2C DRIVER,215,5720
ICY I2C DRIVER,THE REST,215,5720
IDEAPAD LAPTOP EXTRAS DRIVER,IDEAPAD LAPTOP EXTRAS DRIVER,1981,50256
IDEAPAD LAPTOP EXTRAS DRIVER,THE REST,1981,50256
IDEAPAD LAPTOP EXTRAS DRIVER,X86 PLATFORM DRIVERS,1981,50256
IDEAPAD LAPTOP SLIDEBAR DRIVER,IDEAPAD LAPTOP SLIDEBAR DRIVER,353,8155
IDEAPAD LAPTOP SLIDEBAR DRIVER,"INPUT (KEYBOARD, MOUSE, JOYSTICK, TOUCHSCREEN) DRIVERS",353,8155
IDEAPAD LAPTOP SLIDEBAR DRIVER,THE REST,353,8155
IDMAPPED MOUNTS,IDMAPPED MOUNTS,2795,87829
IDMAPPED MOUNTS,KERNEL SELFTEST FRAMEWORK,1509,38754
IDMAPPED MOUNTS,THE REST,2795,87829
IDT VersaClock 5 CLOCK DRIVER,IDT VersaClock 5 CLOCK DRIVER,1543,42625
IDT VersaClock 5 CLOCK DRIVER,OPEN FIRMWARE AND FLATTENED DEVICE TREE BINDINGS,197,5044
IDT VersaClock 5 CLOCK DRIVER,THE REST,1543,42625
IEEE 802.15.4 SUBSYSTEM,IEEE 802.15.4 SUBSYSTEM,31348,819882
IEEE 802.15.4 SUBSYSTEM,MCR20A IEEE-802.15.4 RADIO DRIVER,1855,48804
IEEE 802.15.4 SUBSYSTEM,MRF24J40 IEEE 802.15.4 RADIO DRIVER,1401,36420
IEEE 802.15.4 SUBSYSTEM,NETWORKING DRIVERS,13649,354199
IEEE 802.15.4 SUBSYSTEM,NETWORKING [GENERAL],17075,446916
IEEE 802.15.4 SUBSYSTEM,THE REST,31348,819882
IFCVF VIRTIO DATA PATH ACCELERATOR,IFCVF VIRTIO DATA PATH ACCELERATOR,1451,36004
IFCVF VIRTIO DATA PATH ACCELERATOR,THE REST,1451,36004
IFCVF VIRTIO DATA PATH ACCELERATOR,VIRTIO CORE AND NET DRIVERS,1451,36004
IFE PROTOCOL,IFE PROTOCOL,269,6447
IFE PROTOCOL,NETWORKING [GENERAL],250,6096
IFE PROTOCOL,THE REST,269,6447
IGORPLUG-USB IR RECEIVER,IGORPLUG-USB IR RECEIVER,269,6551
IGORPLUG-USB IR RECEIVER,MEDIA INPUT INFRASTRUCTURE (V4L/DVB),269,6551
IGORPLUG-USB IR RECEIVER,RC-CORE / LIRC FRAMEWORK,269,6551
IGORPLUG-USB IR RECEIVER,THE REST,269,6551
IGUANAWORKS USB IR TRANSCEIVER,IGUANAWORKS USB IR TRANSCEIVER,565,13132
IGUANAWORKS USB IR TRANSCEIVER,MEDIA INPUT INFRASTRUCTURE (V4L/DVB),565,13132
IGUANAWORKS USB IR TRANSCEIVER,RC-CORE / LIRC FRAMEWORK,565,13132
IGUANAWORKS USB IR TRANSCEIVER,THE REST,565,13132
IIO DIGITAL POTENTIOMETER DAC,IIO DIGITAL POTENTIOMETER DAC,330,8035
IIO DIGITAL POTENTIOMETER DAC,IIO SUBSYSTEM AND DRIVERS,330,8035
IIO DIGITAL POTENTIOMETER DAC,OPEN FIRMWARE AND FLATTENED DEVICE TREE BINDINGS,64,1483
IIO DIGITAL POTENTIOMETER DAC,THE REST,330,8035
IIO ENVELOPE DETECTOR,IIO ENVELOPE DETECTOR,533,14298
IIO ENVELOPE DETECTOR,IIO SUBSYSTEM AND DRIVERS,533,14298
IIO ENVELOPE DETECTOR,OPEN FIRMWARE AND FLATTENED DEVICE TREE BINDINGS,86,2065
IIO ENVELOPE DETECTOR,THE REST,533,14298
IIO LIGHT SENSOR GAIN-TIME-SCALE HELPERS,IIO LIGHT SENSOR GAIN-TIME-SCALE HELPERS,0,0
IIO MULTIPLEXER,IIO MULTIPLEXER,538,12149
IIO MULTIPLEXER,IIO SUBSYSTEM AND DRIVERS,538,12149
IIO MULTIPLEXER,OPEN FIRMWARE AND FLATTENED DEVICE TREE BINDINGS,79,1957
IIO MULTIPLEXER,THE REST,538,12149
IIO SCMI BASED DRIVER,IIO SCMI BASED DRIVER,730,20034
IIO SCMI BASED DRIVER,IIO SUBSYSTEM AND DRIVERS,730,20034
IIO SCMI BASED DRIVER,THE REST,730,20034
IIO SUBSYSTEM AND DRIVERS,IIO SUBSYSTEM AND DRIVERS,354124,9213142
IIO SUBSYSTEM AND DRIVERS,IIO UNIT CONVERTER,808,20304
IIO SUBSYSTEM AND DRIVERS,INFINEON DPS310 Driver,897,19487
IIO SUBSYSTEM AND DRIVERS,INGENIC JZ47xx SoCs,941,24970
IIO SUBSYSTEM AND DRIVERS,INVENSENSE ICM-426xx IMU DRIVER,3967,107796
IIO SUBSYSTEM AND DRIVERS,INVENSENSE MPU-3050 GYROSCOPE DRIVER,1586,41723
IIO SUBSYSTEM AND DRIVERS,KIONIX/ROHM KX022A ACCELEROMETER,1323,32813
IIO SUBSYSTEM AND DRIVERS,LTC1660 DAC DRIVER,298,7299
IIO SUBSYSTEM AND DRIVERS,LTC2688 IIO DAC DRIVER,1286,34089
IIO SUBSYSTEM AND DRIVERS,LTC2983 IIO TEMPERATURE DRIVER,2308,65484
IIO SUBSYSTEM AND DRIVERS,MAXBOTIX ULTRASONIC RANGER IIO DRIVER,331,7998
IIO SUBSYSTEM AND DRIVERS,MAXIM MAX11205 DRIVER,252,5936
IIO SUBSYSTEM AND DRIVERS,MAXIM MAX30208 TEMPERATURE SENSOR DRIVER,252,5651
IIO SUBSYSTEM AND DRIVERS,MCP4018 AND MCP4531 MICROCHIP DIGITAL POTENTIOMETER DRIVERS,595,20247
IIO SUBSYSTEM AND DRIVERS,MEASUREMENT COMPUTING CIO-DAC IIO DRIVER,161,4318
IIO SUBSYSTEM AND DRIVERS,MELEXIS MLX90614 DRIVER,787,22158
IIO SUBSYSTEM AND DRIVERS,MELEXIS MLX90632 DRIVER,1347,38690
IIO SUBSYSTEM AND DRIVERS,MEMSENSING MICROSYSTEMS MSA311 DRIVER,1356,37996
IIO SUBSYSTEM AND DRIVERS,MICROCHIP MCP3911 ADC DRIVER,692,17292
IIO SUBSYSTEM AND DRIVERS,MICROCHIP SAMA5D2-COMPATIBLE ADC DRIVER,2761,77746
IIO SUBSYSTEM AND DRIVERS,MONOLITHIC POWER SYSTEM PMIC DRIVER,209,5060
IIO SUBSYSTEM AND DRIVERS,NXP FXAS21002C DRIVER,1377,34087
IIO SUBSYSTEM AND DRIVERS,NXP i.MX 7D/6SX/6UL/93 AND VF610 ADC DRIVER,2266,56889
IIO SUBSYSTEM AND DRIVERS,NXP i.MX 8QXP ADC DRIVER,588,15853
IIO SUBSYSTEM AND DRIVERS,OPEN FIRMWARE AND FLATTENED DEVICE TREE BINDINGS,24474,589498
IIO SUBSYSTEM AND DRIVERS,PARALLAX PING IIO SENSOR DRIVER,385,10536
IIO SUBSYSTEM AND DRIVERS,PLANTOWER PMS7003 AIR POLLUTION SENSOR DRIVER,403,9851
IIO SUBSYSTEM AND DRIVERS,PNI RM3100 IIO DRIVER,784,19717
IIO SUBSYSTEM AND DRIVERS,RENESAS R-CAR GYROADC DRIVER,759,19119
IIO SUBSYSTEM AND DRIVERS,RENESAS RZ/G2L A/D DRIVER,757,17172
IIO SUBSYSTEM AND DRIVERS,RENESAS X9250 DIGITAL POTENTIOMETERS DRIVER,298,6896
IIO SUBSYSTEM AND DRIVERS,ROHM BH1750 AMBIENT LIGHT SENSOR DRIVER,377,9084
IIO SUBSYSTEM AND DRIVERS,ROHM BU270xx LIGHT SENSOR DRIVERs,2972,81139
IIO SUBSYSTEM AND DRIVERS,SENSEAIR SUNRISE 006-0-0007,630,16430
IIO SUBSYSTEM AND DRIVERS,SENSIRION SCD30 CARBON DIOXIDE SENSOR DRIVER,1301,31990
IIO SUBSYSTEM AND DRIVERS,SENSIRION SCD4X CARBON DIOXIDE SENSOR DRIVER,812,18154
IIO SUBSYSTEM AND DRIVERS,SENSIRION SGP40 GAS SENSOR DRIVER,409,10432
IIO SUBSYSTEM AND DRIVERS,SENSIRION SPS30 AIR POLLUTION SENSOR DRIVER,1116,26763
IIO SUBSYSTEM AND DRIVERS,SHARP GP2AP002A00F/GP2AP002S00F SENSOR DRIVER,808,23086
IIO SUBSYSTEM AND DRIVERS,ST LSM6DSx IMU IIO DRIVER,5711,138559
IIO SUBSYSTEM AND DRIVERS,ST VL53L0X ToF RANGER(I2C) IIO DRIVER,351,8342
IIO SUBSYSTEM AND DRIVERS,STAGING - INDUSTRIAL IO,6819,178433
IIO SUBSYSTEM AND DRIVERS,STAGING - SEPS525 LCD CONTROLLER DRIVERS,141,4373
IIO SUBSYSTEM AND DRIVERS,STAGING SUBSYSTEM,6819,178433
IIO SUBSYSTEM AND DRIVERS,STM32 AUDIO (ASoC) DRIVERS,329,8713
IIO SUBSYSTEM AND DRIVERS,STM32 TIMER/LPTIMER DRIVERS,143,4636
IIO SUBSYSTEM AND DRIVERS,TEXAS INSTRUMENTS' DAC7612 DAC DRIVER,247,5826
IIO SUBSYSTEM AND DRIVERS,TEXAS INSTRUMENTS' TMP117 TEMPERATURE SENSOR DRIVER,270,6316
IIO SUBSYSTEM AND DRIVERS,THE REST,354124,9213142
IIO SUBSYSTEM AND DRIVERS,TI ADS7924 ADC DRIVER,584,15006
IIO SUBSYSTEM AND DRIVERS,TI LMP92064 ADC DRIVER,455,12114
IIO SUBSYSTEM AND DRIVERS,TI TMAG5273 MAGNETOMETER DRIVER,819,22006
IIO SUBSYSTEM AND DRIVERS,TI TSC2046 ADC DRIVER,1031,26523
IIO SUBSYSTEM AND DRIVERS,X-POWERS AXP288 PMIC DRIVERS,319,8611
IIO SUBSYSTEM AND DRIVERS,X-POWERS MULTIFUNCTION PMIC DEVICE DRIVERS,1171,29166
IIO SUBSYSTEM AND DRIVERS,XILINX AMS DRIVER,1670,48555
IIO UNIT CONVERTER,IIO UNIT CONVERTER,808,20304
IIO UNIT CONVERTER,OPEN FIRMWARE AND FLATTENED DEVICE TREE BINDINGS,208,4946
IIO UNIT CONVERTER,THE REST,808,20304
IKANOS/ADI EAGLE ADSL USB DRIVER,IKANOS/ADI EAGLE ADSL USB DRIVER,2755,67575
IKANOS/ADI EAGLE ADSL USB DRIVER,THE REST,2755,67575
IKANOS/ADI EAGLE ADSL USB DRIVER,USB SUBSYSTEM,2755,67575
IMAGIS TOUCHSCREEN DRIVER,IMAGIS TOUCHSCREEN DRIVER,441,10326
IMAGIS TOUCHSCREEN DRIVER,"INPUT (KEYBOARD, MOUSE, JOYSTICK, TOUCHSCREEN) DRIVERS",441,10326
IMAGIS TOUCHSCREEN DRIVER,OPEN FIRMWARE AND FLATTENED DEVICE TREE BINDINGS,74,1589
IMAGIS TOUCHSCREEN DRIVER,THE REST,441,10326
IMGTEC ASCII LCD DRIVER,IMGTEC ASCII LCD DRIVER,361,8161
IMGTEC ASCII LCD DRIVER,OPEN FIRMWARE AND FLATTENED DEVICE TREE BINDINGS,55,972
IMGTEC ASCII LCD DRIVER,THE REST,361,8161
IMGTEC IR DECODER DRIVER,IMGTEC IR DECODER DRIVER,2951,79637
IMGTEC IR DECODER DRIVER,MEDIA INPUT INFRASTRUCTURE (V4L/DVB),2951,79637
IMGTEC IR DECODER DRIVER,RC-CORE / LIRC FRAMEWORK,2951,79637
IMGTEC IR DECODER DRIVER,THE REST,2951,79637
IMON SOUNDGRAPH USB IR RECEIVER,IMON SOUNDGRAPH USB IR RECEIVER,2807,76834
IMON SOUNDGRAPH USB IR RECEIVER,MEDIA INPUT INFRASTRUCTURE (V4L/DVB),2807,76834
IMON SOUNDGRAPH USB IR RECEIVER,RC-CORE / LIRC FRAMEWORK,2807,76834
IMON SOUNDGRAPH USB IR RECEIVER,THE REST,2807,76834
IMS TWINTURBO FRAMEBUFFER DRIVER,IMS TWINTURBO FRAMEBUFFER DRIVER,1649,44856
IMS TWINTURBO FRAMEBUFFER DRIVER,THE REST,1649,44856
INA209 HARDWARE MONITOR DRIVER,INA209 HARDWARE MONITOR DRIVER,787,23277
INA209 HARDWARE MONITOR DRIVER,OPEN FIRMWARE AND FLATTENED DEVICE TREE BINDINGS,82,2224
INA209 HARDWARE MONITOR DRIVER,THE REST,787,23277
INA2XX HARDWARE MONITOR DRIVER,INA2XX HARDWARE MONITOR DRIVER,870,23555
INA2XX HARDWARE MONITOR DRIVER,THE REST,870,23555
INDEX OF FURTHER KERNEL DOCUMENTATION,INDEX OF FURTHER KERNEL DOCUMENTATION,210,7625
INDEX OF FURTHER KERNEL DOCUMENTATION,THE REST,210,7625
INDUSTRY PACK SUBSYSTEM (IPACK),INDUSTRY PACK SUBSYSTEM (IPACK),2401,64159
INDUSTRY PACK SUBSYSTEM (IPACK),THE REST,2401,64159
INFINEON DPS310 Driver,INFINEON DPS310 Driver,897,19487
INFINEON DPS310 Driver,THE REST,897,19487
INFINEON PEB2466 ASoC CODEC,INFINEON PEB2466 ASoC CODEC,2162,58205
INFINEON PEB2466 ASoC CODEC,OPEN FIRMWARE AND FLATTENED DEVICE TREE BINDINGS,91,2074
INFINEON PEB2466 ASoC CODEC,SOUND,2071,56131
INFINEON PEB2466 ASoC CODEC,SOUND - SOC LAYER / DYNAMIC AUDIO POWER MANAGEMENT (ASoC),2162,58205
INFINEON PEB2466 ASoC CODEC,THE REST,2162,58205
INFINIBAND SUBSYSTEM,INFINIBAND SUBSYSTEM,475358,13389064
INFINIBAND SUBSYSTEM,INTEL ETHERNET PROTOCOL DRIVER FOR RDMA,32615,933005
INFINIBAND SUBSYSTEM,ISCSI EXTENSIONS FOR RDMA (ISER) INITIATOR,3769,108203
INFINIBAND SUBSYSTEM,ISCSI EXTENSIONS FOR RDMA (ISER) TARGET,2887,78139
INFINIBAND SUBSYSTEM,MELLANOX MLX4 IB driver,17512,490081
INFINIBAND SUBSYSTEM,MELLANOX MLX5 IB driver,34557,943453
INFINIBAND SUBSYSTEM,MICROSOFT MANA RDMA DRIVER,1782,46169
INFINIBAND SUBSYSTEM,NETWORKING DRIVERS,30,1245
INFINIBAND SUBSYSTEM,OPA-VNIC DRIVER,3415,107103
INFINIBAND SUBSYSTEM,OPEN FIRMWARE AND FLATTENED DEVICE TREE BINDINGS,108,2741
INFINIBAND SUBSYSTEM,QIB DRIVER,48365,1533463
INFINIBAND SUBSYSTEM,QLOGIC QL4xxx RDMA DRIVER,8880,245378
INFINIBAND SUBSYSTEM,RDMAVT - RDMA verbs software,7636,191687
INFINIBAND SUBSYSTEM,RTRS TRANSPORT DRIVERS,8682,230739
INFINIBAND SUBSYSTEM,SCSI RDMA PROTOCOL (SRP) INITIATOR,4585,120824
INFINIBAND SUBSYSTEM,SCSI RDMA PROTOCOL (SRP) TARGET,4548,128268
INFINIBAND SUBSYSTEM,SOFT-IWARP DRIVER (siw),10763,262797
INFINIBAND SUBSYSTEM,SOFT-ROCE DRIVER (rxe),14139,340750
INFINIBAND SUBSYSTEM,THE REST,475358,13389064
INFINIBAND SUBSYSTEM,TRACING,679,21151
INFINIBAND SUBSYSTEM,VMWARE PVRDMA DRIVER,6110,171379
INGENIC JZ4780 NAND DRIVER,INGENIC JZ4780 NAND DRIVER,1634,41807
INGENIC JZ4780 NAND DRIVER,INGENIC JZ47xx SoCs,1634,41807
INGENIC JZ4780 NAND DRIVER,MEMORY TECHNOLOGY DEVICES (MTD),1634,41807
INGENIC JZ4780 NAND DRIVER,NAND FLASH SUBSYSTEM,1634,41807
INGENIC JZ4780 NAND DRIVER,THE REST,1634,41807
INGENIC JZ47xx SoCs,INGENIC JZ47xx SoCs,30288,837206
INGENIC JZ47xx SoCs,IRQCHIP DRIVERS,160,3999
INGENIC JZ47xx SoCs,MEMORY CONTROLLER DRIVERS,422,10751
INGENIC JZ47xx SoCs,MEMORY TECHNOLOGY DEVICES (MTD),1634,41807
INGENIC JZ47xx SoCs,MIPS,5320,105057
INGENIC JZ47xx SoCs,MIPS GENERIC PLATFORM,200,5200
INGENIC JZ47xx SoCs,MULTIFUNCTION DEVICES (MFD),56,1753
INGENIC JZ47xx SoCs,"MULTIMEDIA CARD (MMC), SECURE DIGITAL (SD) AND SDIO SUBSYSTEM",1212,31153
INGENIC JZ47xx SoCs,MUSB MULTIPOINT HIGH SPEED DUAL-ROLE CONTROLLER,338,8668
INGENIC JZ47xx SoCs,NAND FLASH SUBSYSTEM,1634,41807
INGENIC JZ47xx SoCs,OPEN FIRMWARE AND FLATTENED DEVICE TREE BINDINGS,5011,97580
INGENIC JZ47xx SoCs,PIN CONTROL SUBSYSTEM,4426,185566
INGENIC JZ47xx SoCs,POWER SUPPLY CLASS/SUBSYSTEM and DRIVERS,190,5225
INGENIC JZ47xx SoCs,PWM SUBSYSTEM,281,7397
INGENIC JZ47xx SoCs,REAL TIME CLOCK (RTC) SUBSYSTEM,440,11243
INGENIC JZ47xx SoCs,REMOTE PROCESSOR (REMOTEPROC) SUBSYSTEM,254,5993
INGENIC JZ47xx SoCs,SOUND,3485,98401
INGENIC JZ47xx SoCs,SOUND - SOC LAYER / DYNAMIC AUDIO POWER MANAGEMENT (ASoC),3485,98401
INGENIC JZ47xx SoCs,THE REST,30288,837206
INGENIC JZ47xx SoCs,TTY LAYER AND SERIAL DRIVERS,378,9389
INGENIC JZ47xx SoCs,USB SUBSYSTEM,338,8668
INGENIC JZ47xx SoCs,WATCHDOG DEVICE DRIVERS,200,5238
INJOINIC IP5xxx POWER BANK IC DRIVER,INJOINIC IP5xxx POWER BANK IC DRIVER,638,16773
INJOINIC IP5xxx POWER BANK IC DRIVER,POWER SUPPLY CLASS/SUBSYSTEM and DRIVERS,638,16773
INJOINIC IP5xxx POWER BANK IC DRIVER,THE REST,638,16773
INOTIFY,INOTIFY,1366,38869
INOTIFY,THE REST,1366,38869
"INPUT (KEYBOARD, MOUSE, JOYSTICK, TOUCHSCREEN) DRIVERS","INPUT (KEYBOARD, MOUSE, JOYSTICK, TOUCHSCREEN) DRIVERS",247501,6468708
"INPUT (KEYBOARD, MOUSE, JOYSTICK, TOUCHSCREEN) DRIVERS",INPUT MULTITOUCH (MT) PROTOCOL,950,31488
"INPUT (KEYBOARD, MOUSE, JOYSTICK, TOUCHSCREEN) DRIVERS",MAXIM MAX77650 PMIC MFD DRIVER,167,4053
"INPUT (KEYBOARD, MOUSE, JOYSTICK, TOUCHSCREEN) DRIVERS",MEDIATEK KEYPAD DRIVER,358,9212
"INPUT (KEYBOARD, MOUSE, JOYSTICK, TOUCHSCREEN) DRIVERS",MELFAS MIP4 TOUCHSCREEN DRIVER,1621,38864
"INPUT (KEYBOARD, MOUSE, JOYSTICK, TOUCHSCREEN) DRIVERS",NOVATEK NVT-TS I2C TOUCHSCREEN DRIVER,299,7606
"INPUT (KEYBOARD, MOUSE, JOYSTICK, TOUCHSCREEN) DRIVERS",OPEN FIRMWARE AND FLATTENED DEVICE TREE BINDINGS,11401,317899
"INPUT (KEYBOARD, MOUSE, JOYSTICK, TOUCHSCREEN) DRIVERS",PARISC ARCHITECTURE,2324,60191
"INPUT (KEYBOARD, MOUSE, JOYSTICK, TOUCHSCREEN) DRIVERS",PHOENIX RC FLIGHT CONTROLLER ADAPTER,337,8193
"INPUT (KEYBOARD, MOUSE, JOYSTICK, TOUCHSCREEN) DRIVERS",PINE64 PINEPHONE KEYBOARD DRIVER,516,12491
"INPUT (KEYBOARD, MOUSE, JOYSTICK, TOUCHSCREEN) DRIVERS",SILEAD TOUCHSCREEN DRIVER,840,22410
"INPUT (KEYBOARD, MOUSE, JOYSTICK, TOUCHSCREEN) DRIVERS",SIS I2C TOUCHSCREEN DRIVER,426,10856
"INPUT (KEYBOARD, MOUSE, JOYSTICK, TOUCHSCREEN) DRIVERS",SUN4I LOW RES ADC ATTACHED TABLET KEYS DRIVER,483,11973
"INPUT (KEYBOARD, MOUSE, JOYSTICK, TOUCHSCREEN) DRIVERS",TEGRA ARCHITECTURE SUPPORT,873,22941
"INPUT (KEYBOARD, MOUSE, JOYSTICK, TOUCHSCREEN) DRIVERS",TEGRA KBC DRIVER,818,20866
"INPUT (KEYBOARD, MOUSE, JOYSTICK, TOUCHSCREEN) DRIVERS",THE REST,247501,6468708
"INPUT (KEYBOARD, MOUSE, JOYSTICK, TOUCHSCREEN) DRIVERS",VIRTUAL SERIO DEVICE DRIVER,285,6678
"INPUT (KEYBOARD, MOUSE, JOYSTICK, TOUCHSCREEN) DRIVERS",VMWARE VMMOUSE SUBDRIVER,516,13892
"INPUT (KEYBOARD, MOUSE, JOYSTICK, TOUCHSCREEN) DRIVERS",WACOM PROTOCOL 4 SERIAL TABLETS,617,15714
"INPUT (KEYBOARD, MOUSE, JOYSTICK, TOUCHSCREEN) DRIVERS",WISTRON LAPTOP BUTTON DRIVER,1391,34666
"INPUT (KEYBOARD, MOUSE, JOYSTICK, TOUCHSCREEN) DRIVERS",WOLFSON MICROELECTRONICS DRIVERS,2747,71543
"INPUT (KEYBOARD, MOUSE, JOYSTICK, TOUCHSCREEN) DRIVERS",X-POWERS MULTIFUNCTION PMIC DEVICE DRIVERS,422,10641
"INPUT (KEYBOARD, MOUSE, JOYSTICK, TOUCHSCREEN) DRIVERS",YEALINK PHONE DRIVER,1427,36008
INPUT MULTITOUCH (MT) PROTOCOL,INPUT MULTITOUCH (MT) PROTOCOL,950,31488
INPUT MULTITOUCH (MT) PROTOCOL,THE REST,950,31488
INSIDE SECURE CRYPTO DRIVER,INSIDE SECURE CRYPTO DRIVER,10166,301397
INSIDE SECURE CRYPTO DRIVER,THE REST,10166,301397
INTEGRITY MEASUREMENT ARCHITECTURE (IMA),INTEGRITY MEASUREMENT ARCHITECTURE (IMA),13252,358543
INTEGRITY MEASUREMENT ARCHITECTURE (IMA),KEYS/KEYRINGS_INTEGRITY,847,22513
INTEGRITY MEASUREMENT ARCHITECTURE (IMA),SECURITY SUBSYSTEM,13252,358543
INTEGRITY MEASUREMENT ARCHITECTURE (IMA),THE REST,13252,358543
INTEL 810/815 FRAMEBUFFER DRIVER,INTEL 810/815 FRAMEBUFFER DRIVER,4112,119053
INTEL 810/815 FRAMEBUFFER DRIVER,THE REST,4112,119053
INTEL 8254 COUNTER DRIVER,INTEL 8254 COUNTER DRIVER,468,13109
INTEL 8254 COUNTER DRIVER,THE REST,468,13109
INTEL 8255 GPIO DRIVER,INTEL 8255 GPIO DRIVER,175,5001
INTEL 8255 GPIO DRIVER,THE REST,175,5001
INTEL ASoC DRIVERS,INTEL ASoC DRIVERS,79555,2120589
INTEL ASoC DRIVERS,SOUND,79555,2120589
INTEL ASoC DRIVERS,SOUND - SOC LAYER / DYNAMIC AUDIO POWER MANAGEMENT (ASoC),79555,2120589
INTEL ASoC DRIVERS,THE REST,79555,2120589
INTEL ATOMISP2 DUMMY / POWER-MANAGEMENT DRIVER,INTEL ATOMISP2 DUMMY / POWER-MANAGEMENT DRIVER,143,3821
INTEL ATOMISP2 DUMMY / POWER-MANAGEMENT DRIVER,THE REST,143,3821
INTEL ATOMISP2 DUMMY / POWER-MANAGEMENT DRIVER,X86 PLATFORM DRIVERS,143,3821
INTEL ATOMISP2 LED DRIVER,INTEL ATOMISP2 LED DRIVER,117,3103
INTEL ATOMISP2 LED DRIVER,THE REST,117,3103
INTEL ATOMISP2 LED DRIVER,X86 PLATFORM DRIVERS,117,3103
INTEL BIOS SAR INT1092 DRIVER,INTEL BIOS SAR INT1092 DRIVER,422,12693
INTEL BIOS SAR INT1092 DRIVER,THE REST,422,12693
INTEL BIOS SAR INT1092 DRIVER,X86 PLATFORM DRIVERS,422,12693
INTEL BROXTON PMC DRIVER,INTEL BROXTON PMC DRIVER,521,13803
INTEL BROXTON PMC DRIVER,MULTIFUNCTION DEVICES (MFD),521,13803
INTEL BROXTON PMC DRIVER,THE REST,521,13803
INTEL C600 SERIES SAS CONTROLLER DRIVER,INTEL C600 SERIES SAS CONTROLLER DRIVER,23079,731018
INTEL C600 SERIES SAS CONTROLLER DRIVER,SCSI SUBSYSTEM,23079,731018
INTEL C600 SERIES SAS CONTROLLER DRIVER,THE REST,23079,731018
INTEL CPU family model numbers,INTEL CPU family model numbers,171,5995
INTEL CPU family model numbers,THE REST,171,5995
INTEL CPU family model numbers,X86 ARCHITECTURE (32-BIT AND 64-BIT),171,5995
"INTEL DRM DRIVERS (excluding Poulsbo, Moorestown and derivative chipsets)","INTEL DRM DRIVERS (excluding Poulsbo, Moorestown and derivative chipsets)",387959,11129773
"INTEL DRM DRIVERS (excluding Poulsbo, Moorestown and derivative chipsets)",INTEL GVT-g DRIVERS (Intel GPU Virtualization),24045,689697
"INTEL DRM DRIVERS (excluding Poulsbo, Moorestown and derivative chipsets)",THE REST,387959,11129773
INTEL ETHERNET DRIVERS,INTEL ETHERNET DRIVERS,359612,10434237
INTEL ETHERNET DRIVERS,NETWORKING DRIVERS,353742,10214037
INTEL ETHERNET DRIVERS,NETWORKING [GENERAL],4153,161889
INTEL ETHERNET DRIVERS,THE REST,359612,10434237
INTEL ETHERNET DRIVERS,XDP (eXpress Data Path),168,4220
INTEL ETHERNET PROTOCOL DRIVER FOR RDMA,INTEL ETHERNET PROTOCOL DRIVER FOR RDMA,32615,933005
INTEL ETHERNET PROTOCOL DRIVER FOR RDMA,THE REST,32615,933005
INTEL FRAMEBUFFER DRIVER (excluding 810 and 815),INTEL FRAMEBUFFER DRIVER (excluding 810 and 815),5156,134154
INTEL FRAMEBUFFER DRIVER (excluding 810 and 815),THE REST,5156,134154
INTEL GPIO DRIVERS,INTEL GPIO DRIVERS,2894,72395
INTEL GPIO DRIVERS,THE REST,2894,72395
INTEL GVT-g DRIVERS (Intel GPU Virtualization),INTEL GVT-g DRIVERS (Intel GPU Virtualization),24045,689697
INTEL GVT-g DRIVERS (Intel GPU Virtualization),THE REST,24045,689697
INTEL HID EVENT DRIVER,INTEL HID EVENT DRIVER,785,21137
INTEL HID EVENT DRIVER,THE REST,785,21137
INTEL HID EVENT DRIVER,X86 PLATFORM DRIVERS,785,21137
INTEL I/OAT DMA DRIVER,INTEL I/OAT DMA DRIVER,0,0
INTEL IDLE DRIVER,INTEL IDLE DRIVER,2178,57966
INTEL IDLE DRIVER,THE REST,2178,57966
INTEL IDXD DRIVER,INTEL IDXD DRIVER,9280,228863
INTEL IDXD DRIVER,THE REST,9280,228863
INTEL IN FIELD SCAN (IFS) DEVICE,INTEL IN FIELD SCAN (IFS) DEVICE,1245,33729
INTEL IN FIELD SCAN (IFS) DEVICE,THE REST,1245,33729
INTEL IN FIELD SCAN (IFS) DEVICE,TRACING,41,860
INTEL IN FIELD SCAN (IFS) DEVICE,X86 PLATFORM DRIVERS,1204,32869
INTEL INTEGRATED SENSOR HUB DRIVER,INTEL INTEGRATED SENSOR HUB DRIVER,8712,232422
INTEL INTEGRATED SENSOR HUB DRIVER,THE REST,8712,232422
INTEL IOMMU (VT-d),INTEL IOMMU (VT-d),14137,380513
INTEL IOMMU (VT-d),IOMMU SUBSYSTEM,14137,380513
INTEL IOMMU (VT-d),THE REST,14137,380513
INTEL IPU3 CSI-2 CIO2 DRIVER,INTEL IPU3 CSI-2 CIO2 DRIVER,2896,85040
INTEL IPU3 CSI-2 CIO2 DRIVER,MEDIA INPUT INFRASTRUCTURE (V4L/DVB),2896,85040
INTEL IPU3 CSI-2 CIO2 DRIVER,THE REST,2896,85040
INTEL IPU3 CSI-2 IMGU DRIVER,INTEL IPU3 CSI-2 IMGU DRIVER,25016,855813
INTEL IPU3 CSI-2 IMGU DRIVER,MEDIA INPUT INFRASTRUCTURE (V4L/DVB),25016,855813
INTEL IPU3 CSI-2 IMGU DRIVER,STAGING SUBSYSTEM,24004,752896
INTEL IPU3 CSI-2 IMGU DRIVER,THE REST,25016,855813
INTEL ISHTP ECLITE DRIVER,INTEL ISHTP ECLITE DRIVER,703,17983
INTEL ISHTP ECLITE DRIVER,THE REST,703,17983
INTEL ISHTP ECLITE DRIVER,X86 PLATFORM DRIVERS,703,17983
INTEL IXP4XX CRYPTO SUPPORT,INTEL IXP4XX CRYPTO SUPPORT,1604,40917
INTEL IXP4XX CRYPTO SUPPORT,THE REST,1604,40917
INTEL KEEM BAY DRM DRIVER,INTEL KEEM BAY DRM DRIVER,4472,135522
INTEL KEEM BAY DRM DRIVER,OPEN FIRMWARE AND FLATTENED DEVICE TREE BINDINGS,72,1501
INTEL KEEM BAY DRM DRIVER,THE REST,4472,135522
INTEL KEEM BAY OCS AES/SM4 CRYPTO DRIVER,INTEL KEEM BAY OCS AES/SM4 CRYPTO DRIVER,3454,99320
INTEL KEEM BAY OCS AES/SM4 CRYPTO DRIVER,INTEL KEEM BAY OCS ECC CRYPTO DRIVER,100,3471
INTEL KEEM BAY OCS AES/SM4 CRYPTO DRIVER,INTEL KEEM BAY OCS HCU CRYPTO DRIVER,100,3471
INTEL KEEM BAY OCS AES/SM4 CRYPTO DRIVER,OPEN FIRMWARE AND FLATTENED DEVICE TREE BINDINGS,45,943
INTEL KEEM BAY OCS AES/SM4 CRYPTO DRIVER,THE REST,3454,99320
INTEL KEEM BAY OCS ECC CRYPTO DRIVER,INTEL KEEM BAY OCS ECC CRYPTO DRIVER,1156,31538
INTEL KEEM BAY OCS ECC CRYPTO DRIVER,INTEL KEEM BAY OCS HCU CRYPTO DRIVER,100,3471
INTEL KEEM BAY OCS ECC CRYPTO DRIVER,OPEN FIRMWARE AND FLATTENED DEVICE TREE BINDINGS,47,1080
INTEL KEEM BAY OCS ECC CRYPTO DRIVER,THE REST,1156,31538
INTEL KEEM BAY OCS HCU CRYPTO DRIVER,INTEL KEEM BAY OCS HCU CRYPTO DRIVER,2353,64510
INTEL KEEM BAY OCS HCU CRYPTO DRIVER,OPEN FIRMWARE AND FLATTENED DEVICE TREE BINDINGS,46,987
INTEL KEEM BAY OCS HCU CRYPTO DRIVER,THE REST,2353,64510
INTEL MANAGEMENT ENGINE (mei),INTEL MANAGEMENT ENGINE (mei),19875,491138
INTEL MANAGEMENT ENGINE (mei),THE REST,19875,491138
INTEL MANAGEMENT ENGINE (mei),WATCHDOG DEVICE DRIVERS,664,14969
INTEL MAX 10 BMC MFD DRIVER,INTEL MAX 10 BMC MFD DRIVER,2066,67399
INTEL MAX 10 BMC MFD DRIVER,MULTIFUNCTION DEVICES (MFD),1155,33942
INTEL MAX 10 BMC MFD DRIVER,THE REST,2066,67399
INTEL MAX10 BMC SECURE UPDATES,INTEL MAX10 BMC SECURE UPDATES,836,22607
INTEL MAX10 BMC SECURE UPDATES,THE REST,836,22607
INTEL P-Unit IPC DRIVER,INTEL P-Unit IPC DRIVER,437,13007
INTEL P-Unit IPC DRIVER,THE REST,437,13007
INTEL P-Unit IPC DRIVER,X86 ARCHITECTURE (32-BIT AND 64-BIT),102,4666
INTEL P-Unit IPC DRIVER,X86 PLATFORM DRIVERS,335,8341
INTEL PMC CORE DRIVER,INTEL PMC CORE DRIVER,4245,124644
INTEL PMC CORE DRIVER,THE REST,4245,124644
INTEL PMC CORE DRIVER,X86 PLATFORM DRIVERS,4223,123828
INTEL PMIC GPIO DRIVERS,INTEL PMIC GPIO DRIVERS,911,23270
INTEL PMIC GPIO DRIVERS,THE REST,911,23270
INTEL PMIC GPIO DRIVERS,WHISKEYCOVE PMIC GPIO DRIVER,514,13203
INTEL PMIC MULTIFUNCTION DEVICE DRIVERS,INTEL PMIC MULTIFUNCTION DEVICE DRIVERS,1674,44094
INTEL PMIC MULTIFUNCTION DEVICE DRIVERS,MULTIFUNCTION DEVICES (MFD),1674,44094
INTEL PMIC MULTIFUNCTION DEVICE DRIVERS,THE REST,1674,44094
INTEL PMT DRIVERS,INTEL PMT DRIVERS,962,24401
INTEL PMT DRIVERS,THE REST,962,24401
INTEL PMT DRIVERS,X86 PLATFORM DRIVERS,962,24401
"INTEL PRO/WIRELESS 2100, 2200BG, 2915ABG NETWORK CONNECTION SUPPORT","INTEL PRO/WIRELESS 2100, 2200BG, 2915ABG NETWORK CONNECTION SUPPORT",29216,816571
"INTEL PRO/WIRELESS 2100, 2200BG, 2915ABG NETWORK CONNECTION SUPPORT",NETWORKING DRIVERS (WIRELESS),28367,787327
"INTEL PRO/WIRELESS 2100, 2200BG, 2915ABG NETWORK CONNECTION SUPPORT",NETWORKING [GENERAL],849,29244
"INTEL PRO/WIRELESS 2100, 2200BG, 2915ABG NETWORK CONNECTION SUPPORT",THE REST,29216,816571
INTEL PSTATE DRIVER,INTEL PSTATE DRIVER,3558,92220
INTEL PSTATE DRIVER,THE REST,3558,92220
INTEL PTP DFL ToD DRIVER,INTEL PTP DFL ToD DRIVER,332,9704
INTEL PTP DFL ToD DRIVER,PTP HARDWARE CLOCK SUPPORT,332,9704
INTEL PTP DFL ToD DRIVER,THE REST,332,9704
INTEL QUADRATURE ENCODER PERIPHERAL DRIVER,INTEL QUADRATURE ENCODER PERIPHERAL DRIVER,526,13231
INTEL QUADRATURE ENCODER PERIPHERAL DRIVER,THE REST,526,13231
INTEL SCU DRIVERS,INTEL SCU DRIVERS,1135,30041
INTEL SCU DRIVERS,THE REST,1135,30041
INTEL SCU DRIVERS,X86 ARCHITECTURE (32-BIT AND 64-BIT),68,2234
INTEL SCU DRIVERS,X86 PLATFORM DRIVERS,1067,27807
INTEL SDSI DRIVER,INTEL SDSI DRIVER,1790,46193
INTEL SDSI DRIVER,KERNEL SELFTEST FRAMEWORK,251,7779
INTEL SDSI DRIVER,THE REST,1790,46193
INTEL SDSI DRIVER,X86 PLATFORM DRIVERS,672,16738
INTEL SGX,INTEL SGX,9092,245301
INTEL SGX,KERNEL SELFTEST FRAMEWORK,3312,85265
INTEL SGX,THE REST,9092,245301
INTEL SGX,X86 ARCHITECTURE (32-BIT AND 64-BIT),5780,160036
INTEL SGX,X86 ENTRY CODE,151,3674
INTEL SGX,X86 VDSO,151,3674
INTEL SKYLAKE INT3472 ACPI DEVICE DRIVER,INTEL SKYLAKE INT3472 ACPI DEVICE DRIVER,1520,43229
INTEL SKYLAKE INT3472 ACPI DEVICE DRIVER,THE REST,1520,43229
INTEL SKYLAKE INT3472 ACPI DEVICE DRIVER,X86 PLATFORM DRIVERS,1520,43229
INTEL SPEED SELECT TECHNOLOGY,INTEL SPEED SELECT TECHNOLOGY,10881,285848
INTEL SPEED SELECT TECHNOLOGY,THE REST,10881,285848
INTEL SPEED SELECT TECHNOLOGY,X86 PLATFORM DRIVERS,3125,87714
INTEL STRATIX10 FIRMWARE DRIVERS,INTEL STRATIX10 FIRMWARE DRIVERS,3275,94636
INTEL STRATIX10 FIRMWARE DRIVERS,OPEN FIRMWARE AND FLATTENED DEVICE TREE BINDINGS,57,2056
INTEL STRATIX10 FIRMWARE DRIVERS,THE REST,3275,94636
INTEL TELEMETRY DRIVER,INTEL TELEMETRY DRIVER,2765,75515
INTEL TELEMETRY DRIVER,THE REST,2765,75515
INTEL TELEMETRY DRIVER,X86 ARCHITECTURE (32-BIT AND 64-BIT),139,3723
INTEL TELEMETRY DRIVER,X86 PLATFORM DRIVERS,2626,71792
INTEL TPMI DRIVER,INTEL TPMI DRIVER,854,24597
INTEL TPMI DRIVER,THE REST,854,24597
INTEL TPMI DRIVER,X86 PLATFORM DRIVERS,791,22512
INTEL UNCORE FREQUENCY CONTROL,INTEL UNCORE FREQUENCY CONTROL,1233,36999
INTEL UNCORE FREQUENCY CONTROL,THE REST,1233,36999
INTEL UNCORE FREQUENCY CONTROL,X86 PLATFORM DRIVERS,1118,32258
INTEL VENDOR SPECIFIC EXTENDED CAPABILITIES DRIVER,INTEL VENDOR SPECIFIC EXTENDED CAPABILITIES DRIVER,578,14660
INTEL VENDOR SPECIFIC EXTENDED CAPABILITIES DRIVER,THE REST,578,14660
INTEL VENDOR SPECIFIC EXTENDED CAPABILITIES DRIVER,X86 PLATFORM DRIVERS,578,14660
INTEL VIRTUAL BUTTON DRIVER,INTEL VIRTUAL BUTTON DRIVER,405,11886
INTEL VIRTUAL BUTTON DRIVER,THE REST,405,11886
INTEL VIRTUAL BUTTON DRIVER,X86 PLATFORM DRIVERS,405,11886
"INTEL WIRELESS 3945ABG/BG, 4965AGN (iwlegacy)","INTEL WIRELESS 3945ABG/BG, 4965AGN (iwlegacy)",37682,1110055
"INTEL WIRELESS 3945ABG/BG, 4965AGN (iwlegacy)",NETWORKING DRIVERS (WIRELESS),37682,1110055
"INTEL WIRELESS 3945ABG/BG, 4965AGN (iwlegacy)",THE REST,37682,1110055
INTEL WIRELESS WIFI LINK (iwlwifi),INTEL WIRELESS WIFI LINK (iwlwifi),143059,4287595
INTEL WIRELESS WIFI LINK (iwlwifi),NETWORKING DRIVERS (WIRELESS),143059,4287595
INTEL WIRELESS WIFI LINK (iwlwifi),THE REST,143059,4287595
INTEL WMI SLIM BOOTLOADER (SBL) FIRMWARE UPDATE DRIVER,INTEL WMI SLIM BOOTLOADER (SBL) FIRMWARE UPDATE DRIVER,144,3601
INTEL WMI SLIM BOOTLOADER (SBL) FIRMWARE UPDATE DRIVER,THE REST,144,3601
INTEL WMI SLIM BOOTLOADER (SBL) FIRMWARE UPDATE DRIVER,X86 PLATFORM DRIVERS,144,3601
INTEL WMI THUNDERBOLT FORCE POWER DRIVER,INTEL WMI THUNDERBOLT FORCE POWER DRIVER,74,1846
INTEL WMI THUNDERBOLT FORCE POWER DRIVER,THE REST,74,1846
INTEL WMI THUNDERBOLT FORCE POWER DRIVER,X86 PLATFORM DRIVERS,74,1846
INTEL WWAN IOSM DRIVER,INTEL WWAN IOSM DRIVER,11979,333756
INTEL WWAN IOSM DRIVER,NETWORKING DRIVERS,11979,333756
INTEL WWAN IOSM DRIVER,THE REST,11979,333756
INTEL WWAN IOSM DRIVER,WWAN DRIVERS,11979,333756
INTEL(R) TRACE HUB,INTEL(R) TRACE HUB,6316,151351
INTEL(R) TRACE HUB,THE REST,6316,151351
INTEL(R) TRACE HUB,TRACING,150,6152
INTEL(R) TRUSTED EXECUTION TECHNOLOGY (TXT),INTEL(R) TRUSTED EXECUTION TECHNOLOGY (TXT),885,26738
INTEL(R) TRUSTED EXECUTION TECHNOLOGY (TXT),THE REST,885,26738
INTEL(R) TRUSTED EXECUTION TECHNOLOGY (TXT),X86 ARCHITECTURE (32-BIT AND 64-BIT),744,23398
INTERCONNECT API,INTERCONNECT API,52375,1289353
INTERCONNECT API,OPEN FIRMWARE AND FLATTENED DEVICE TREE BINDINGS,5761,153566
INTERCONNECT API,QUALCOMM INTERCONNECT BWMON DRIVER,130,3328
INTERCONNECT API,SAMSUNG INTERCONNECT DRIVERS,212,5501
INTERCONNECT API,THE REST,52375,1289353
INTERRUPT COUNTER DRIVER,INTERRUPT COUNTER DRIVER,318,7898
INTERRUPT COUNTER DRIVER,OPEN FIRMWARE AND FLATTENED DEVICE TREE BINDINGS,62,1437
INTERRUPT COUNTER DRIVER,THE REST,318,7898
INTERSIL ISL7998X VIDEO DECODER DRIVER,INTERSIL ISL7998X VIDEO DECODER DRIVER,1739,58202
INTERSIL ISL7998X VIDEO DECODER DRIVER,MEDIA INPUT INFRASTRUCTURE (V4L/DVB),1739,58202
INTERSIL ISL7998X VIDEO DECODER DRIVER,OPEN FIRMWARE AND FLATTENED DEVICE TREE BINDINGS,113,2499
INTERSIL ISL7998X VIDEO DECODER DRIVER,THE REST,1739,58202
INVENSENSE ICM-426xx IMU DRIVER,INVENSENSE ICM-426xx IMU DRIVER,3967,107796
INVENSENSE ICM-426xx IMU DRIVER,OPEN FIRMWARE AND FLATTENED DEVICE TREE BINDINGS,99,2561
INVENSENSE ICM-426xx IMU DRIVER,THE REST,3967,107796
INVENSENSE MPU-3050 GYROSCOPE DRIVER,INVENSENSE MPU-3050 GYROSCOPE DRIVER,1586,41723
INVENSENSE MPU-3050 GYROSCOPE DRIVER,OPEN FIRMWARE AND FLATTENED DEVICE TREE BINDINGS,70,1663
INVENSENSE MPU-3050 GYROSCOPE DRIVER,THE REST,1586,41723
IOC3 ETHERNET DRIVER,IOC3 ETHERNET DRIVER,1288,33867
IOC3 ETHERNET DRIVER,NETWORKING DRIVERS,1288,33867
IOC3 ETHERNET DRIVER,THE REST,1288,33867
IOMAP FILESYSTEM LIBRARY,IOMAP FILESYSTEM LIBRARY,3976,117754
IOMAP FILESYSTEM LIBRARY,THE REST,3976,117754
IOMMU DMA-API LAYER,IOMMU DMA-API LAYER,2929,78635
IOMMU DMA-API LAYER,IOMMU SUBSYSTEM,2929,78635
IOMMU DMA-API LAYER,THE REST,2929,78635
IOMMU SUBSYSTEM,IOMMU SUBSYSTEM,78659,2137357
IOMMU SUBSYSTEM,IOMMUFD,8002,219603
IOMMU SUBSYSTEM,MEDIATEK IOMMU DRIVER,2783,84926
IOMMU SUBSYSTEM,OPEN FIRMWARE AND FLATTENED DEVICE TREE,34,703
IOMMU SUBSYSTEM,OPEN FIRMWARE AND FLATTENED DEVICE TREE BINDINGS,2014,60376
IOMMU SUBSYSTEM,QUALCOMM IOMMU,915,23589
IOMMU SUBSYSTEM,S390 IOMMU (PCI),449,11052
IOMMU SUBSYSTEM,TEGRA ARCHITECTURE SUPPORT,1552,37733
IOMMU SUBSYSTEM,TEGRA IOMMU DRIVERS,1876,46890
IOMMU SUBSYSTEM,THE REST,78659,2137357
IOMMU SUBSYSTEM,VIRTIO IOMMU DRIVER,1248,31331
IOMMUFD,IOMMUFD,11644,328352
IOMMUFD,KERNEL SELFTEST FRAMEWORK,2861,79758
IOMMUFD,THE REST,11644,328352
IOSYS-MAP HELPERS,IOSYS-MAP HELPERS,516,17176
IOSYS-MAP HELPERS,THE REST,516,17176
IO_URING,IO_URING,20159,516062
IO_URING,THE REST,20159,516062
IO_URING,TRACING,687,17280
IPMI SUBSYSTEM,IPMI SUBSYSTEM,24014,634672
IPMI SUBSYSTEM,LINUX FOR POWERPC (32-BIT AND 64-BIT),316,7380
IPMI SUBSYSTEM,OPEN FIRMWARE AND FLATTENED DEVICE TREE BINDINGS,342,8393
IPMI SUBSYSTEM,THE REST,24014,634672
IPS SCSI RAID DRIVER,IPS SCSI RAID DRIVER,8312,277601
IPS SCSI RAID DRIVER,SCSI SUBSYSTEM,8312,277601
IPS SCSI RAID DRIVER,THE REST,8312,277601
IPVS,IPVS,24524,650049
IPVS,NETFILTER,21849,569066
IPVS,NETWORKING [GENERAL],24050,635916
IPVS,NETWORKING [IPv4/IPv6],1869,55127
IPVS,THE REST,24524,650049
IPWIRELESS DRIVER,IPWIRELESS DRIVER,3620,92367
IPWIRELESS DRIVER,THE REST,3620,92367
IPWIRELESS DRIVER,TTY LAYER AND SERIAL DRIVERS,3620,92367
IRON DEVICE AUDIO CODEC DRIVERS,IRON DEVICE AUDIO CODEC DRIVERS,2477,66878
IRON DEVICE AUDIO CODEC DRIVERS,OPEN FIRMWARE AND FLATTENED DEVICE TREE BINDINGS,48,866
IRON DEVICE AUDIO CODEC DRIVERS,SOUND,2429,66012
IRON DEVICE AUDIO CODEC DRIVERS,SOUND - SOC LAYER / DYNAMIC AUDIO POWER MANAGEMENT (ASoC),2477,66878
IRON DEVICE AUDIO CODEC DRIVERS,THE REST,2477,66878
IRQ DOMAINS (IRQ NUMBER MAPPING LIBRARY),IRQ DOMAINS (IRQ NUMBER MAPPING LIBRARY),4583,134682
IRQ DOMAINS (IRQ NUMBER MAPPING LIBRARY),IRQ SUBSYSTEM,3655,101327
IRQ DOMAINS (IRQ NUMBER MAPPING LIBRARY),THE REST,4583,134682
IRQ SUBSYSTEM,IRQ SUBSYSTEM,16527,439225
IRQ SUBSYSTEM,THE REST,16527,439225
IRQCHIP DRIVERS,IRQCHIP DRIVERS,57041,1490179
IRQCHIP DRIVERS,LOONGARCH,172,4165
IRQCHIP DRIVERS,MICROCHIP EIC DRIVER,352,8286
IRQCHIP DRIVERS,MIPS CORE DRIVERS,1117,27527
IRQCHIP DRIVERS,MIPS/LOONGSON64 ARCHITECTURE,2355,57373
IRQCHIP DRIVERS,MSTAR INTERRUPT CONTROLLER DRIVER,355,8778
IRQCHIP DRIVERS,OMAP2+ SUPPORT,394,9749
IRQCHIP DRIVERS,OPEN FIRMWARE AND FLATTENED DEVICE TREE BINDINGS,7840,224171
IRQCHIP DRIVERS,OPENRISC ARCHITECTURE,378,10009
IRQCHIP DRIVERS,RISC-V ARCHITECTURE,256,7886
IRQCHIP DRIVERS,SIFIVE DRIVERS,752,20338
IRQCHIP DRIVERS,SL28 CPLD MFD DRIVER,148,3814
IRQCHIP DRIVERS,SYNOPSYS ARC ARCHITECTURE,92,2678
IRQCHIP DRIVERS,TEGRA ARCHITECTURE SUPPORT,400,10135
IRQCHIP DRIVERS,TENSILICA XTENSA PORT (xtensa),296,7694
IRQCHIP DRIVERS,TEXAS INSTRUMENTS' SYSTEM CONTROL INTERFACE (TISCI) PROTOCOL DRIVER,1275,38499
IRQCHIP DRIVERS,THE REST,57041,1490179
ISA,ISA,406,12405
ISA,THE REST,406,12405
ISA RADIO MODULE,ISA RADIO MODULE,478,12993
ISA RADIO MODULE,MEDIA INPUT INFRASTRUCTURE (V4L/DVB),478,12993
ISA RADIO MODULE,THE REST,478,12993
ISAPNP,ISAPNP,1356,32447
ISAPNP,PNP SUPPORT,1241,29011
ISAPNP,THE REST,1356,32447
ISCSI,ISCSI,14865,427901
ISCSI,SCSI SUBSYSTEM,14865,427901
ISCSI,THE REST,14865,427901
ISCSI EXTENSIONS FOR RDMA (ISER) INITIATOR,ISCSI EXTENSIONS FOR RDMA (ISER) INITIATOR,3769,108203
ISCSI EXTENSIONS FOR RDMA (ISER) INITIATOR,THE REST,3769,108203
ISCSI EXTENSIONS FOR RDMA (ISER) TARGET,ISCSI EXTENSIONS FOR RDMA (ISER) TARGET,2887,78139
ISCSI EXTENSIONS FOR RDMA (ISER) TARGET,THE REST,2887,78139
ISDN/CMTP OVER BLUETOOTH,ISDN/CMTP OVER BLUETOOTH,5742,142324
ISDN/CMTP OVER BLUETOOTH,THE REST,5742,142324
ISDN/mISDN SUBSYSTEM,ISDN/mISDN SUBSYSTEM,38090,992037
ISDN/mISDN SUBSYSTEM,THE REST,38090,992037
ISOFS FILESYSTEM,ISOFS FILESYSTEM,4048,104658
ISOFS FILESYSTEM,THE REST,4048,104658
IT87 HARDWARE MONITORING DRIVER,IT87 HARDWARE MONITORING DRIVER,4187,127049
IT87 HARDWARE MONITORING DRIVER,THE REST,4187,127049
IT913X MEDIA DRIVER,IT913X MEDIA DRIVER,485,10827
IT913X MEDIA DRIVER,MEDIA INPUT INFRASTRUCTURE (V4L/DVB),485,10827
IT913X MEDIA DRIVER,THE REST,485,10827
ITE IT66121 HDMI BRIDGE DRIVER,ITE IT66121 HDMI BRIDGE DRIVER,1781,45842
ITE IT66121 HDMI BRIDGE DRIVER,OPEN FIRMWARE AND FLATTENED DEVICE TREE BINDINGS,129,3171
ITE IT66121 HDMI BRIDGE DRIVER,THE REST,1781,45842
IVTV VIDEO4LINUX DRIVER,IVTV VIDEO4LINUX DRIVER,16296,490189
IVTV VIDEO4LINUX DRIVER,MEDIA INPUT INFRASTRUCTURE (V4L/DVB),16296,490189
IVTV VIDEO4LINUX DRIVER,THE REST,16296,490189
IX2505V MEDIA DRIVER,IX2505V MEDIA DRIVER,364,8705
IX2505V MEDIA DRIVER,MEDIA INPUT INFRASTRUCTURE (V4L/DVB),364,8705
IX2505V MEDIA DRIVER,THE REST,364,8705
JAILHOUSE HYPERVISOR INTERFACE,JAILHOUSE HYPERVISOR INTERFACE,319,7779
JAILHOUSE HYPERVISOR INTERFACE,THE REST,319,7779
JAILHOUSE HYPERVISOR INTERFACE,X86 ARCHITECTURE (32-BIT AND 64-BIT),319,7779
JC42.4 TEMPERATURE SENSOR DRIVER,JC42.4 TEMPERATURE SENSOR DRIVER,873,22713
JC42.4 TEMPERATURE SENSOR DRIVER,OPEN FIRMWARE AND FLATTENED DEVICE TREE BINDINGS,78,1737
JC42.4 TEMPERATURE SENSOR DRIVER,THE REST,873,22713
JFS FILESYSTEM,JFS FILESYSTEM,30768,773994
JFS FILESYSTEM,THE REST,30768,773994
JME NETWORK DRIVER,JME NETWORK DRIVER,4544,105432
JME NETWORK DRIVER,NETWORKING DRIVERS,4544,105432
JME NETWORK DRIVER,THE REST,4544,105432
JOURNALLING FLASH FILE SYSTEM V2 (JFFS2),JOURNALLING FLASH FILE SYSTEM V2 (JFFS2),19087,559248
JOURNALLING FLASH FILE SYSTEM V2 (JFFS2),THE REST,19087,559248
JOURNALLING LAYER FOR BLOCK DEVICES (JBD2),JOURNALLING LAYER FOR BLOCK DEVICES (JBD2),11381,336700
JOURNALLING LAYER FOR BLOCK DEVICES (JBD2),THE REST,11381,336700
JPU V4L2 MEM2MEM DRIVER FOR RENESAS,JPU V4L2 MEM2MEM DRIVER FOR RENESAS,1752,49731
JPU V4L2 MEM2MEM DRIVER FOR RENESAS,MEDIA INPUT INFRASTRUCTURE (V4L/DVB),1752,49731
JPU V4L2 MEM2MEM DRIVER FOR RENESAS,THE REST,1752,49731
JSM Neo PCI based serial card,JSM Neo PCI based serial card,3994,106015
JSM Neo PCI based serial card,THE REST,3994,106015
JSM Neo PCI based serial card,TTY LAYER AND SERIAL DRIVERS,3994,106015
K10TEMP HARDWARE MONITORING DRIVER,K10TEMP HARDWARE MONITORING DRIVER,675,19734
K10TEMP HARDWARE MONITORING DRIVER,THE REST,675,19734
K8TEMP HARDWARE MONITORING DRIVER,K8TEMP HARDWARE MONITORING DRIVER,287,7716
K8TEMP HARDWARE MONITORING DRIVER,THE REST,287,7716
KASAN,KASAN,11056,312599
KASAN,KERNEL BUILD + files below scripts/ (unless maintained elsewhere),78,2511
KASAN,LINUX FOR POWERPC (32-BIT AND 64-BIT),84,2329
KASAN,LOONGARCH,379,11941
KASAN,MEMORY MANAGEMENT,6972,188486
KASAN,RISC-V ARCHITECTURE,570,15573
KASAN,S390 ARCHITECTURE,18,460
KASAN,TENSILICA XTENSA PORT (xtensa),141,3638
KASAN,THE REST,11056,312599
KASAN,USER-MODE LINUX (UML),37,1074
KASAN,X86 ARCHITECTURE (32-BIT AND 64-BIT),497,13547
KASAN,X86 MM,456,12256
KCONFIG,KCONFIG,22556,564343
KCONFIG,KERNEL BUILD + files below scripts/ (unless maintained elsewhere),1345,46240
KCONFIG,THE REST,22556,564343
KCOV,KCOV,1634,48221
KCOV,KERNEL BUILD + files below scripts/ (unless maintained elsewhere),6,333
KCOV,THE REST,1634,48221
KCSAN,KCSAN,5875,200551
KCSAN,KERNEL BUILD + files below scripts/ (unless maintained elsewhere),26,1004
KCSAN,THE REST,5875,200551
KDUMP,KDUMP,4412,125378
KDUMP,PROC FILESYSTEM,1603,41972
KDUMP,THE REST,4412,125378
KEENE FM RADIO TRANSMITTER DRIVER,KEENE FM RADIO TRANSMITTER DRIVER,405,11376
KEENE FM RADIO TRANSMITTER DRIVER,MEDIA INPUT INFRASTRUCTURE (V4L/DVB),405,11376
KEENE FM RADIO TRANSMITTER DRIVER,THE REST,405,11376
KERNEL AUTOMOUNTER,KERNEL AUTOMOUNTER,3567,89359
KERNEL AUTOMOUNTER,THE REST,3567,89359
KERNEL BUILD + files below scripts/ (unless maintained elsewhere),KERNEL BUILD + files below scripts/ (unless maintained elsewhere),18777,567246
KERNEL BUILD + files below scripts/ (unless maintained elsewhere),KMSAN,8,208
KERNEL BUILD + files below scripts/ (unless maintained elsewhere),THE REST,18777,567246
KERNEL HARDENING (not covered by other areas),KERNEL HARDENING (not covered by other areas),693,23043
KERNEL HARDENING (not covered by other areas),MEMORY MANAGEMENT,277,8325
KERNEL HARDENING (not covered by other areas),THE REST,693,23043
KERNEL JANITORS,KERNEL JANITORS,0,0
"KERNEL NFSD, SUNRPC, AND LOCKD SERVERS","KERNEL NFSD, SUNRPC, AND LOCKD SERVERS",119998,3197829
"KERNEL NFSD, SUNRPC, AND LOCKD SERVERS",NETWORKING [GENERAL],50581,1329986
"KERNEL NFSD, SUNRPC, AND LOCKD SERVERS","NFS, SUNRPC, AND LOCKD CLIENTS",68155,1841203
"KERNEL NFSD, SUNRPC, AND LOCKD SERVERS",THE REST,119998,3197829
"KERNEL NFSD, SUNRPC, AND LOCKD SERVERS",TRACING,5988,146236
KERNEL REGRESSIONS,KERNEL REGRESSIONS,1241,59882
KERNEL REGRESSIONS,THE REST,1241,59882
KERNEL SELFTEST FRAMEWORK,KERNEL SELFTEST FRAMEWORK,650301,17177520
KERNEL SELFTEST FRAMEWORK,KERNEL VIRTUAL MACHINE (KVM),47589,1330018
KERNEL SELFTEST FRAMEWORK,KERNEL VIRTUAL MACHINE FOR ARM64 (KVM/arm64),7741,220537
KERNEL SELFTEST FRAMEWORK,KERNEL VIRTUAL MACHINE FOR RISC-V (KVM/riscv),568,16890
KERNEL SELFTEST FRAMEWORK,KERNEL VIRTUAL MACHINE FOR X86 (KVM/x86),20542,566183
KERNEL SELFTEST FRAMEWORK,KERNEL VIRTUAL MACHINE for s390 (KVM/s390),3495,94871
KERNEL SELFTEST FRAMEWORK,LANDLOCK SECURITY MODULE,5831,161069
KERNEL SELFTEST FRAMEWORK,LINUX FOR POWERPC (32-BIT AND 64-BIT),35695,831719
KERNEL SELFTEST FRAMEWORK,LINUX KERNEL DUMP TEST MODULE (LKDTM),277,7979
KERNEL SELFTEST FRAMEWORK,LIVE PATCHING,1525,56615
KERNEL SELFTEST FRAMEWORK,MELLANOX ETHERNET SWITCH DRIVERS,20605,512170
KERNEL SELFTEST FRAMEWORK,MEMORY HOT(UN)PLUG,327,6957
KERNEL SELFTEST FRAMEWORK,MEMORY MANAGEMENT,21559,536892
KERNEL SELFTEST FRAMEWORK,MODULE SUPPORT,697,15719
KERNEL SELFTEST FRAMEWORK,NETWORKING [DSA],67,2265
KERNEL SELFTEST FRAMEWORK,NETWORKING [GENERAL],114423,2987331
KERNEL SELFTEST FRAMEWORK,NETWORKING [IPSEC],2341,56198
KERNEL SELFTEST FRAMEWORK,NETWORKING [MPTCP],11987,288194
KERNEL SELFTEST FRAMEWORK,NFC VIRTUAL NCI DEVICE DRIVER,914,22428
KERNEL SELFTEST FRAMEWORK,NOLIBC HEADER FILE,1623,51883
KERNEL SELFTEST FRAMEWORK,NTB DRIVER CORE,631,12098
KERNEL SELFTEST FRAMEWORK,OCELOT ETHERNET SWITCH DRIVER,932,22169
KERNEL SELFTEST FRAMEWORK,OPENVSWITCH,2792,86224
KERNEL SELFTEST FRAMEWORK,PIDFD API,3406,79646
KERNEL SELFTEST FRAMEWORK,PROC FILESYSTEM,2799,69183
KERNEL SELFTEST FRAMEWORK,PROC SYSCTL,1059,21803
KERNEL SELFTEST FRAMEWORK,RCUTORTURE TEST FRAMEWORK,5787,157056
KERNEL SELFTEST FRAMEWORK,RDT - RESOURCE ALLOCATION,3197,75194
KERNEL SELFTEST FRAMEWORK,REAL TIME CLOCK (RTC) SUBSYSTEM,526,12060
KERNEL SELFTEST FRAMEWORK,RESTARTABLE SEQUENCES SUPPORT,8367,231486
KERNEL SELFTEST FRAMEWORK,RISC-V ARCHITECTURE,2821,91010
KERNEL SELFTEST FRAMEWORK,SECURE COMPUTING,6236,163279
KERNEL SELFTEST FRAMEWORK,SOCKET TIMESTAMPING,514,12119
KERNEL SELFTEST FRAMEWORK,SOUND,2746,72050
KERNEL SELFTEST FRAMEWORK,SOUND - ALSA SELFTESTS,2746,72050
KERNEL SELFTEST FRAMEWORK,TC subsystem,29864,978013
KERNEL SELFTEST FRAMEWORK,TEAM DRIVER,64,878
KERNEL SELFTEST FRAMEWORK,THE REST,650301,17177520
KERNEL SELFTEST FRAMEWORK,"TIMEKEEPING, CLOCKSOURCE CORE, NTP, ALARMTIMER",3914,89388
KERNEL SELFTEST FRAMEWORK,TRACING,5671,153584
KERNEL SELFTEST FRAMEWORK,USB OVER IP DRIVER,200,5972
KERNEL SELFTEST FRAMEWORK,VFAT/FAT/MSDOS FILESYSTEM,130,3061
KERNEL SELFTEST FRAMEWORK,VIRTUAL PCM TEST DRIVER,330,9528
KERNEL SELFTEST FRAMEWORK,WIREGUARD SECURE NETWORK TUNNEL,1781,64807
KERNEL SELFTEST FRAMEWORK,XDP (eXpress Data Path),12482,321313
KERNEL SELFTEST FRAMEWORK,XDP SOCKETS (AF_XDP),3895,98864
KERNEL SMB3 SERVER (KSMBD),KERNEL SMB3 SERVER (KSMBD),33663,971683
KERNEL SMB3 SERVER (KSMBD),THE REST,33663,971683
KERNEL UNIT TESTING FRAMEWORK (KUnit),KERNEL UNIT TESTING FRAMEWORK (KUnit),13846,459357
KERNEL UNIT TESTING FRAMEWORK (KUnit),RISC-V ARCHITECTURE,28,856
KERNEL UNIT TESTING FRAMEWORK (KUnit),RUST,495,20162
KERNEL UNIT TESTING FRAMEWORK (KUnit),THE REST,13846,459357
KERNEL USERMODE HELPER,KERNEL USERMODE HELPER,640,17492
KERNEL USERMODE HELPER,THE REST,640,17492
KERNEL VIRTUAL MACHINE (KVM),KERNEL VIRTUAL MACHINE (KVM),79697,2355167
KERNEL VIRTUAL MACHINE (KVM),KERNEL VIRTUAL MACHINE FOR ARM64 (KVM/arm64),7741,220537
KERNEL VIRTUAL MACHINE (KVM),KERNEL VIRTUAL MACHINE FOR RISC-V (KVM/riscv),568,16890
KERNEL VIRTUAL MACHINE (KVM),KERNEL VIRTUAL MACHINE FOR X86 (KVM/x86),20542,566183
KERNEL VIRTUAL MACHINE (KVM),KERNEL VIRTUAL MACHINE for s390 (KVM/s390),3198,87156
KERNEL VIRTUAL MACHINE (KVM),KVM PARAVIRT (KVM/paravirt),92,2063
KERNEL VIRTUAL MACHINE (KVM),RISC-V ARCHITECTURE,1466,52943
KERNEL VIRTUAL MACHINE (KVM),THE REST,79697,2355167
KERNEL VIRTUAL MACHINE (KVM),TRACING,510,11426
KERNEL VIRTUAL MACHINE FOR ARM64 (KVM/arm64),KERNEL VIRTUAL MACHINE FOR ARM64 (KVM/arm64),58252,1582852
KERNEL VIRTUAL MACHINE FOR ARM64 (KVM/arm64),THE REST,58252,1582852
KERNEL VIRTUAL MACHINE FOR MIPS (KVM/mips),KERNEL VIRTUAL MACHINE FOR MIPS (KVM/mips),11076,299076
KERNEL VIRTUAL MACHINE FOR MIPS (KVM/mips),MIPS,11076,299076
KERNEL VIRTUAL MACHINE FOR MIPS (KVM/mips),THE REST,11076,299076
KERNEL VIRTUAL MACHINE FOR POWERPC (KVM/powerpc),KERNEL VIRTUAL MACHINE FOR POWERPC (KVM/powerpc),59263,1534624
KERNEL VIRTUAL MACHINE FOR POWERPC (KVM/powerpc),LINUX FOR POWERPC (32-BIT AND 64-BIT),59263,1534624
KERNEL VIRTUAL MACHINE FOR POWERPC (KVM/powerpc),THE REST,59263,1534624
KERNEL VIRTUAL MACHINE FOR RISC-V (KVM/riscv),KERNEL VIRTUAL MACHINE FOR RISC-V (KVM/riscv),12293,320805
KERNEL VIRTUAL MACHINE FOR RISC-V (KVM/riscv),RISC-V ARCHITECTURE,12293,320805
KERNEL VIRTUAL MACHINE FOR RISC-V (KVM/riscv),THE REST,12293,320805
KERNEL VIRTUAL MACHINE FOR X86 (KVM/x86),KERNEL VIRTUAL MACHINE FOR X86 (KVM/x86),113536,3201112
KERNEL VIRTUAL MACHINE FOR X86 (KVM/x86),KVM PARAVIRT (KVM/paravirt),332,8585
KERNEL VIRTUAL MACHINE FOR X86 (KVM/x86),KVM X86 HYPER-V (KVM/hyper-v),4349,124757
KERNEL VIRTUAL MACHINE FOR X86 (KVM/x86),KVM X86 Xen (KVM/Xen),2353,64703
KERNEL VIRTUAL MACHINE FOR X86 (KVM/x86),THE REST,113536,3201112
KERNEL VIRTUAL MACHINE FOR X86 (KVM/x86),X86 ARCHITECTURE (32-BIT AND 64-BIT),92994,2634929
KERNEL VIRTUAL MACHINE for s390 (KVM/s390),KERNEL VIRTUAL MACHINE for s390 (KVM/s390),29084,811325
KERNEL VIRTUAL MACHINE for s390 (KVM/s390),S390 ARCHITECTURE,25589,716454
KERNEL VIRTUAL MACHINE for s390 (KVM/s390),S390 MM,2882,84406
KERNEL VIRTUAL MACHINE for s390 (KVM/s390),S390 VFIO-PCI DRIVER,791,17976
KERNEL VIRTUAL MACHINE for s390 (KVM/s390),THE REST,29084,811325
KERNFS,KERNFS,4808,126193
KERNFS,THE REST,4808,126193
KEXEC,KEXEC,3831,99526
KEXEC,THE REST,3831,99526
KEYS-ENCRYPTED,KEYS-ENCRYPTED,1731,52447
KEYS-ENCRYPTED,KEYS-TRUSTED,428,16758
KEYS-ENCRYPTED,KEYS/KEYRINGS,1303,35689
KEYS-ENCRYPTED,SECURITY SUBSYSTEM,1268,34571
KEYS-ENCRYPTED,THE REST,1731,52447
KEYS-TRUSTED,KEYS-TRUSTED,3103,80514
KEYS-TRUSTED,KEYS-TRUSTED-CAAM,80,1818
KEYS-TRUSTED,KEYS-TRUSTED-TEE,314,7705
KEYS-TRUSTED,KEYS/KEYRINGS,2675,63756
KEYS-TRUSTED,SECURITY SUBSYSTEM,2477,58757
KEYS-TRUSTED,THE REST,3103,80514
KEYS-TRUSTED-CAAM,KEYS-TRUSTED-CAAM,91,2061
KEYS-TRUSTED-CAAM,KEYS/KEYRINGS,91,2061
KEYS-TRUSTED-CAAM,SECURITY SUBSYSTEM,80,1818
KEYS-TRUSTED-CAAM,THE REST,91,2061
KEYS-TRUSTED-TEE,KEYS-TRUSTED-TEE,330,7991
KEYS-TRUSTED-TEE,KEYS/KEYRINGS,330,7991
KEYS-TRUSTED-TEE,SECURITY SUBSYSTEM,314,7705
KEYS-TRUSTED-TEE,THE REST,330,7991
KEYS/KEYRINGS,KEYS/KEYRINGS,17396,482634
KEYS/KEYRINGS,RXRPC SOCKETS (AF_RXRPC),95,2399
KEYS/KEYRINGS,SECURITY SUBSYSTEM,13822,356445
KEYS/KEYRINGS,THE REST,17396,482634
KEYS/KEYRINGS_INTEGRITY,KEYS/KEYRINGS_INTEGRITY,847,22513
KEYS/KEYRINGS_INTEGRITY,SECURITY SUBSYSTEM,847,22513
KEYS/KEYRINGS_INTEGRITY,THE REST,847,22513
KFENCE,KFENCE,3635,112216
KFENCE,LINUX FOR POWERPC (32-BIT AND 64-BIT),48,933
KFENCE,LOONGARCH,61,1397
KFENCE,MEMORY MANAGEMENT,2569,76405
KFENCE,PARISC ARCHITECTURE,44,865
KFENCE,RISC-V ARCHITECTURE,30,611
KFENCE,S390 ARCHITECTURE,42,1156
KFENCE,THE REST,3635,112216
KFENCE,X86 ARCHITECTURE (32-BIT AND 64-BIT),73,1630
KFIFO,KFIFO,2211,54823
KFIFO,THE REST,2211,54823
KGDB / KDB /debug_core,KGDB / KDB /debug_core,11854,306386
KGDB / KDB /debug_core,MODULE SUPPORT,63,1574
KGDB / KDB /debug_core,THE REST,11854,306386
KGDB / KDB /debug_core,TTY LAYER AND SERIAL DRIVERS,630,15750
KHADAS MCU MFD DRIVER,KHADAS MCU MFD DRIVER,439,11822
KHADAS MCU MFD DRIVER,MULTIFUNCTION DEVICES (MFD),278,8177
KHADAS MCU MFD DRIVER,OPEN FIRMWARE AND FLATTENED DEVICE TREE BINDINGS,44,1002
KHADAS MCU MFD DRIVER,THE REST,439,11822
KHADAS MCU MFD DRIVER,THERMAL,161,3645
KIONIX/ROHM KX022A ACCELEROMETER,KIONIX/ROHM KX022A ACCELEROMETER,1323,32813
KIONIX/ROHM KX022A ACCELEROMETER,THE REST,1323,32813
KMEMLEAK,KMEMLEAK,2630,79173
KMEMLEAK,MEMORY MANAGEMENT,2152,62576
KMEMLEAK,THE REST,2630,79173
KMSAN,KMSAN,3949,117861
KMSAN,MEMORY MANAGEMENT,2870,82607
KMSAN,THE REST,3949,117861
KMSAN,X86 ARCHITECTURE (32-BIT AND 64-BIT),107,2964
KMSAN,X86 MM,20,712
KPROBES,KPROBES,5101,141157
KPROBES,THE REST,5101,141157
KPROBES,TRACING,788,30256
KS0108 LCD CONTROLLER DRIVER,KS0108 LCD CONTROLLER DRIVER,257,6162
KS0108 LCD CONTROLLER DRIVER,THE REST,257,6162
KTD253 BACKLIGHT DRIVER,KTD253 BACKLIGHT DRIVER,274,7650
KTD253 BACKLIGHT DRIVER,LED SUBSYSTEM,49,1198
KTD253 BACKLIGHT DRIVER,OPEN FIRMWARE AND FLATTENED DEVICE TREE BINDINGS,49,1198
KTD253 BACKLIGHT DRIVER,THE REST,274,7650
KTEST,KTEST,8250,219893
KTEST,THE REST,8250,219893
KTZ8866 BACKLIGHT DRIVER,KTZ8866 BACKLIGHT DRIVER,294,7923
KTZ8866 BACKLIGHT DRIVER,LED SUBSYSTEM,86,2302
KTZ8866 BACKLIGHT DRIVER,OPEN FIRMWARE AND FLATTENED DEVICE TREE BINDINGS,86,2302
KTZ8866 BACKLIGHT DRIVER,THE REST,294,7923
KVM PARAVIRT (KVM/paravirt),KVM PARAVIRT (KVM/paravirt),1970,49309
KVM PARAVIRT (KVM/paravirt),THE REST,1970,49309
KVM PARAVIRT (KVM/paravirt),USER-MODE LINUX (UML),1,34
KVM PARAVIRT (KVM/paravirt),X86 ARCHITECTURE (32-BIT AND 64-BIT),1877,47212
KVM PARAVIRT (KVM/paravirt),XEN HYPERVISOR X86,48,1530
KVM X86 HYPER-V (KVM/hyper-v),KVM X86 HYPER-V (KVM/hyper-v),4349,124757
KVM X86 HYPER-V (KVM/hyper-v),THE REST,4349,124757
KVM X86 HYPER-V (KVM/hyper-v),X86 ARCHITECTURE (32-BIT AND 64-BIT),4349,124757
KVM X86 Xen (KVM/Xen),KVM X86 Xen (KVM/Xen),2353,64703
KVM X86 Xen (KVM/Xen),THE REST,2353,64703
KVM X86 Xen (KVM/Xen),X86 ARCHITECTURE (32-BIT AND 64-BIT),2353,64703
L3MDEV,L3MDEV,652,14299
L3MDEV,NETWORKING [GENERAL],652,14299
L3MDEV,THE REST,652,14299
LANDLOCK SECURITY MODULE,LANDLOCK SECURITY MODULE,10021,293923
LANDLOCK SECURITY MODULE,SECURITY SUBSYSTEM,3044,90309
LANDLOCK SECURITY MODULE,THE REST,10021,293923
LANTIQ / INTEL Ethernet drivers,LANTIQ / INTEL Ethernet drivers,3238,91096
LANTIQ / INTEL Ethernet drivers,NETWORKING DRIVERS,3125,88273
LANTIQ / INTEL Ethernet drivers,NETWORKING [DSA],2553,74624
LANTIQ / INTEL Ethernet drivers,NETWORKING [GENERAL],113,2823
LANTIQ / INTEL Ethernet drivers,THE REST,3238,91096
LANTIQ MIPS ARCHITECTURE,LANTIQ MIPS ARCHITECTURE,3221,77493
LANTIQ MIPS ARCHITECTURE,MIPS,3136,75290
LANTIQ MIPS ARCHITECTURE,THE REST,3221,77493
LASI 53c700 driver for PARISC,LASI 53c700 driver for PARISC,4520,129521
LASI 53c700 driver for PARISC,SCSI SUBSYSTEM,4386,124818
LASI 53c700 driver for PARISC,THE REST,4520,129521
LEAKING_ADDRESSES,LEAKING_ADDRESSES,648,13147
LEAKING_ADDRESSES,THE REST,648,13147
LED SUBSYSTEM,LED SUBSYSTEM,57498,1486335
LED SUBSYSTEM,LINUX FOR POWERPC (32-BIT AND 64-BIT),375,9599
LED SUBSYSTEM,MAXIM MAX77650 PMIC MFD DRIVER,197,4680
LED SUBSYSTEM,MAXIM PMIC AND MUIC DRIVERS FOR EXYNOS BASED BOARDS,105,3282
LED SUBSYSTEM,MEDIATEK PMIC LED DRIVER,800,20647
LED SUBSYSTEM,MELLANOX MLXCPLD LED DRIVER,853,23621
LED SUBSYSTEM,MEN F21BMC (Board Management Controller),110,2588
LED SUBSYSTEM,OPEN FIRMWARE AND FLATTENED DEVICE TREE BINDINGS,7198,182461
LED SUBSYSTEM,PCA9532 LED DRIVER,558,14383
LED SUBSYSTEM,PWM IR Transmitter,34,614
LED SUBSYSTEM,SIEMENS IPC LED DRIVERS,508,15302
LED SUBSYSTEM,SOEKRIS NET48XX LED SUPPORT,86,1872
LED SUBSYSTEM,THE REST,57498,1486335
LED SUBSYSTEM,WOLFSON MICROELECTRONICS DRIVERS,573,12042
LEGACY EEPROM DRIVER,LEGACY EEPROM DRIVER,321,10546
LEGACY EEPROM DRIVER,THE REST,321,10546
LEGO MINDSTORMS EV3,LEGO MINDSTORMS EV3,753,16568
LEGO MINDSTORMS EV3,OPEN FIRMWARE AND FLATTENED DEVICE TREE BINDINGS,521,10099
LEGO MINDSTORMS EV3,POWER SUPPLY CLASS/SUBSYSTEM and DRIVERS,287,7773
LEGO MINDSTORMS EV3,THE REST,753,16568
LEGO MINDSTORMS EV3,TI DAVINCI MACHINE SUPPORT,466,8795
LEGO USB Tower driver,LEGO USB Tower driver,879,24788
LEGO USB Tower driver,THE REST,879,24788
LEGO USB Tower driver,USB SUBSYSTEM,879,24788
LETSKETCH HID TABLET DRIVER,LETSKETCH HID TABLET DRIVER,322,9370
LETSKETCH HID TABLET DRIVER,THE REST,322,9370
LG LAPTOP EXTRAS,LG LAPTOP EXTRAS,933,20781
LG LAPTOP EXTRAS,THE REST,933,20781
LG LAPTOP EXTRAS,X86 PLATFORM DRIVERS,815,17757
LG2160 MEDIA DRIVER,LG2160 MEDIA DRIVER,1503,30306
LG2160 MEDIA DRIVER,MEDIA INPUT INFRASTRUCTURE (V4L/DVB),1503,30306
LG2160 MEDIA DRIVER,THE REST,1503,30306
LGDT3305 MEDIA DRIVER,LGDT3305 MEDIA DRIVER,1284,33194
LGDT3305 MEDIA DRIVER,MEDIA INPUT INFRASTRUCTURE (V4L/DVB),1284,33194
LGDT3305 MEDIA DRIVER,THE REST,1284,33194
LIBATA PATA ARASAN COMPACT FLASH CONTROLLER,LIBATA PATA ARASAN COMPACT FLASH CONTROLLER,1027,27933
LIBATA PATA ARASAN COMPACT FLASH CONTROLLER,LIBATA PATA DRIVERS,980,26683
LIBATA PATA ARASAN COMPACT FLASH CONTROLLER,LIBATA SUBSYSTEM (Serial and Parallel ATA drivers),980,26683
LIBATA PATA ARASAN COMPACT FLASH CONTROLLER,THE REST,1027,27933
LIBATA PATA DRIVERS,LIBATA PATA DRIVERS,29691,802450
LIBATA PATA DRIVERS,LIBATA PATA FARADAY FTIDE010 AND GEMINI SATA BRIDGE DRIVERS,566,16441
LIBATA PATA DRIVERS,LIBATA SUBSYSTEM (Serial and Parallel ATA drivers),29691,802450
LIBATA PATA DRIVERS,THE REST,29691,802450
LIBATA PATA FARADAY FTIDE010 AND GEMINI SATA BRIDGE DRIVERS,LIBATA PATA FARADAY FTIDE010 AND GEMINI SATA BRIDGE DRIVERS,1019,28545
LIBATA PATA FARADAY FTIDE010 AND GEMINI SATA BRIDGE DRIVERS,LIBATA SUBSYSTEM (Serial and Parallel ATA drivers),1019,28545
LIBATA PATA FARADAY FTIDE010 AND GEMINI SATA BRIDGE DRIVERS,THE REST,1019,28545
LIBATA SATA AHCI PLATFORM devices support,LIBATA SATA AHCI PLATFORM devices support,1118,28578
LIBATA SATA AHCI PLATFORM devices support,LIBATA SUBSYSTEM (Serial and Parallel ATA drivers),1066,26720
LIBATA SATA AHCI PLATFORM devices support,THE REST,1118,28578
LIBATA SATA AHCI SYNOPSYS DWC CONTROLLER DRIVER,LIBATA SATA AHCI SYNOPSYS DWC CONTROLLER DRIVER,688,17212
LIBATA SATA AHCI SYNOPSYS DWC CONTROLLER DRIVER,LIBATA SUBSYSTEM (Serial and Parallel ATA drivers),688,17212
LIBATA SATA AHCI SYNOPSYS DWC CONTROLLER DRIVER,OPEN FIRMWARE AND FLATTENED DEVICE TREE BINDINGS,195,4152
LIBATA SATA AHCI SYNOPSYS DWC CONTROLLER DRIVER,THE REST,688,17212
LIBATA SATA PROMISE TX2/TX4 CONTROLLER DRIVER,LIBATA SATA PROMISE TX2/TX4 CONTROLLER DRIVER,1371,36921
LIBATA SATA PROMISE TX2/TX4 CONTROLLER DRIVER,LIBATA SUBSYSTEM (Serial and Parallel ATA drivers),1371,36921
LIBATA SATA PROMISE TX2/TX4 CONTROLLER DRIVER,THE REST,1371,36921
LIBATA SUBSYSTEM (Serial and Parallel ATA drivers),LIBATA SUBSYSTEM (Serial and Parallel ATA drivers),100468,2703110
LIBATA SUBSYSTEM (Serial and Parallel ATA drivers),OPEN FIRMWARE AND FLATTENED DEVICE TREE BINDINGS,2402,62331
LIBATA SUBSYSTEM (Serial and Parallel ATA drivers),RENESAS R-CAR SATA DRIVER,1110,28589
LIBATA SUBSYSTEM (Serial and Parallel ATA drivers),TEGRA ARCHITECTURE SUPPORT,797,22434
LIBATA SUBSYSTEM (Serial and Parallel ATA drivers),THE REST,100468,2703110
LIBNVDIMM BTT: BLOCK TRANSLATION TABLE,LIBNVDIMM BTT: BLOCK TRANSLATION TABLE,2335,60100
LIBNVDIMM BTT: BLOCK TRANSLATION TABLE,LIBNVDIMM: NON-VOLATILE MEMORY DEVICE SUBSYSTEM,2335,60100
LIBNVDIMM BTT: BLOCK TRANSLATION TABLE,THE REST,2335,60100
LIBNVDIMM PMEM: PERSISTENT MEMORY DRIVER,LIBNVDIMM PMEM: PERSISTENT MEMORY DRIVER,815,21153
LIBNVDIMM PMEM: PERSISTENT MEMORY DRIVER,LIBNVDIMM: NON-VOLATILE MEMORY DEVICE SUBSYSTEM,815,21153
LIBNVDIMM PMEM: PERSISTENT MEMORY DRIVER,THE REST,815,21153
LIBNVDIMM: DEVICETREE BINDINGS,LIBNVDIMM: DEVICETREE BINDINGS,174,4790
LIBNVDIMM: DEVICETREE BINDINGS,LIBNVDIMM: NON-VOLATILE MEMORY DEVICE SUBSYSTEM,109,2683
LIBNVDIMM: DEVICETREE BINDINGS,OPEN FIRMWARE AND FLATTENED DEVICE TREE BINDINGS,65,2107
LIBNVDIMM: DEVICETREE BINDINGS,THE REST,174,4790
LIBNVDIMM: NON-VOLATILE MEMORY DEVICE SUBSYSTEM,LIBNVDIMM: NON-VOLATILE MEMORY DEVICE SUBSYSTEM,26388,692132
LIBNVDIMM: NON-VOLATILE MEMORY DEVICE SUBSYSTEM,THE REST,26388,692132
LIBNVDIMM: NON-VOLATILE MEMORY DEVICE SUBSYSTEM,VIRTIO PMEM DRIVER,262,7156
LICENSES and SPDX stuff,LICENSES and SPDX stuff,5364,261878
LICENSES and SPDX stuff,THE REST,5364,261878
LINEAR RANGES HELPERS,LINEAR RANGES HELPERS,556,17995
LINEAR RANGES HELPERS,THE REST,556,17995
LINUX FOR POWER MACINTOSH,LINUX FOR POWER MACINTOSH,34125,852624
LINUX FOR POWER MACINTOSH,LINUX FOR POWERPC (32-BIT AND 64-BIT),12520,318964
LINUX FOR POWER MACINTOSH,THE REST,34125,852624
LINUX FOR POWERPC (32-BIT AND 64-BIT),LINUX FOR POWERPC (32-BIT AND 64-BIT),649217,17197619
LINUX FOR POWERPC (32-BIT AND 64-BIT),LINUX FOR POWERPC EMBEDDED MPC5XXX,6647,179513
LINUX FOR POWERPC (32-BIT AND 64-BIT),LINUX FOR POWERPC EMBEDDED PPC4XX,2387,61535
LINUX FOR POWERPC (32-BIT AND 64-BIT),LINUX FOR POWERPC EMBEDDED PPC83XX AND PPC85XX,10168,260789
LINUX FOR POWERPC (32-BIT AND 64-BIT),LINUX FOR POWERPC EMBEDDED PPC8XX,2705,72766
LINUX FOR POWERPC (32-BIT AND 64-BIT),LIVE PATCHING,23,604
LINUX FOR POWERPC (32-BIT AND 64-BIT),LOCKING PRIMITIVES,37,852
LINUX FOR POWERPC (32-BIT AND 64-BIT),MEDIA INPUT INFRASTRUCTURE (V4L/DVB),86,2505
LINUX FOR POWERPC (32-BIT AND 64-BIT),MEMBARRIER SUPPORT,28,877
LINUX FOR POWERPC (32-BIT AND 64-BIT),MEMORY TECHNOLOGY DEVICES (MTD),297,7352
LINUX FOR POWERPC (32-BIT AND 64-BIT),MMU GATHER AND TLB INVALIDATION,91,2212
LINUX FOR POWERPC (32-BIT AND 64-BIT),NETWORKING DRIVERS,15152,411445
LINUX FOR POWERPC (32-BIT AND 64-BIT),OCXL (Open Coherent Accelerator Processor Interface OpenCAPI) DRIVER,683,18670
LINUX FOR POWERPC (32-BIT AND 64-BIT),OPEN FIRMWARE AND FLATTENED DEVICE TREE BINDINGS,73600,1931781
LINUX FOR POWERPC (32-BIT AND 64-BIT),PARAVIRT_OPS INTERFACE,167,4845
LINUX FOR POWERPC (32-BIT AND 64-BIT),PCI ENHANCED ERROR HANDLING (EEH) FOR POWERPC,8111,224179
LINUX FOR POWERPC (32-BIT AND 64-BIT),PCI SUBSYSTEM,2629,62204
LINUX FOR POWERPC (32-BIT AND 64-BIT),PER-CPU MEMORY ALLOCATOR,22,468
LINUX FOR POWERPC (32-BIT AND 64-BIT),PERFORMANCE EVENTS SUBSYSTEM,48,1509
LINUX FOR POWERPC (32-BIT AND 64-BIT),POWERNV OPERATOR PANEL LCD DISPLAY DRIVER,225,5224
LINUX FOR POWERPC (32-BIT AND 64-BIT),PS3 NETWORK SUPPORT,2246,59823
LINUX FOR POWERPC (32-BIT AND 64-BIT),PS3 PLATFORM SUPPORT,21630,562485
LINUX FOR POWERPC (32-BIT AND 64-BIT),PS3VRAM DRIVER,853,22083
LINUX FOR POWERPC (32-BIT AND 64-BIT),PTRACE SUPPORT,412,11476
LINUX FOR POWERPC (32-BIT AND 64-BIT),RC-CORE / LIRC FRAMEWORK,86,2505
LINUX FOR POWERPC (32-BIT AND 64-BIT),REAL TIME CLOCK (RTC) SUBSYSTEM,391,8785
LINUX FOR POWERPC (32-BIT AND 64-BIT),SCSI SUBSYSTEM,10300,290711
LINUX FOR POWERPC (32-BIT AND 64-BIT),SOUND,3873,110180
LINUX FOR POWERPC (32-BIT AND 64-BIT),SPU FILE SYSTEM,11710,275789
LINUX FOR POWERPC (32-BIT AND 64-BIT),STATIC BRANCH/CALL,143,3853
LINUX FOR POWERPC (32-BIT AND 64-BIT),THE REST,649217,17197619
LINUX FOR POWERPC (32-BIT AND 64-BIT),TPM DEVICE DRIVER,830,19602
LINUX FOR POWERPC (32-BIT AND 64-BIT),TTY LAYER AND SERIAL DRIVERS,2786,71426
LINUX FOR POWERPC (32-BIT AND 64-BIT),UDRAW TABLET,466,11580
LINUX FOR POWERPC (32-BIT AND 64-BIT),USB EHCI DRIVER,254,6372
LINUX FOR POWERPC (32-BIT AND 64-BIT),USB OHCI DRIVER,239,5898
LINUX FOR POWERPC (32-BIT AND 64-BIT),USB SUBSYSTEM,493,12270
LINUX FOR POWERPC (32-BIT AND 64-BIT),WATCHDOG DEVICE DRIVERS,867,21552
LINUX FOR POWERPC EMBEDDED MPC5XXX,LINUX FOR POWERPC EMBEDDED MPC5XXX,6647,179513
LINUX FOR POWERPC EMBEDDED MPC5XXX,THE REST,6647,179513
LINUX FOR POWERPC EMBEDDED PPC4XX,LINUX FOR POWERPC EMBEDDED PPC4XX,2387,61535
LINUX FOR POWERPC EMBEDDED PPC4XX,THE REST,2387,61535
LINUX FOR POWERPC EMBEDDED PPC83XX AND PPC85XX,LINUX FOR POWERPC EMBEDDED PPC83XX AND PPC85XX,10223,262660
LINUX FOR POWERPC EMBEDDED PPC83XX AND PPC85XX,OPEN FIRMWARE AND FLATTENED DEVICE TREE BINDINGS,2564,83906
LINUX FOR POWERPC EMBEDDED PPC83XX AND PPC85XX,THE REST,10223,262660
LINUX FOR POWERPC EMBEDDED PPC8XX,LINUX FOR POWERPC EMBEDDED PPC8XX,2705,72766
LINUX FOR POWERPC EMBEDDED PPC8XX,THE REST,2705,72766
LINUX KERNEL DUMP TEST MODULE (LKDTM),LINUX KERNEL DUMP TEST MODULE (LKDTM),3777,99913
LINUX KERNEL DUMP TEST MODULE (LKDTM),THE REST,3777,99913
LINUX KERNEL MEMORY CONSISTENCY MODEL (LKMM),LINUX KERNEL MEMORY CONSISTENCY MODEL (LKMM),14208,487419
LINUX KERNEL MEMORY CONSISTENCY MODEL (LKMM),THE REST,14208,487419
LINUX-NEXT TREE,LINUX-NEXT TREE,0,0
LIS3LV02D ACCELEROMETER DRIVER,LIS3LV02D ACCELEROMETER DRIVER,2537,69349
LIS3LV02D ACCELEROMETER DRIVER,THE REST,2537,69349
LIS3LV02D ACCELEROMETER DRIVER,X86 PLATFORM DRIVERS,386,11841
LIST KUNIT TEST,LIST KUNIT TEST,1502,35927
LIST KUNIT TEST,THE REST,1502,35927
LITEX PLATFORM,LITEX PLATFORM,2124,52673
LITEX PLATFORM,"MULTIMEDIA CARD (MMC), SECURE DIGITAL (SD) AND SDIO SUBSYSTEM",740,19643
LITEX PLATFORM,NETWORKING DRIVERS,455,10845
LITEX PLATFORM,OPEN FIRMWARE AND FLATTENED DEVICE TREE BINDINGS,321,6669
LITEX PLATFORM,OPENRISC ARCHITECTURE,120,2439
LITEX PLATFORM,THE REST,2124,52673
LITEX PLATFORM,TTY LAYER AND SERIAL DRIVERS,520,12199
LIVE PATCHING,LIVE PATCHING,8612,264227
LIVE PATCHING,MODULE SUPPORT,74,1876
LIVE PATCHING,THE REST,8612,264227
LLC (802.2),LLC (802.2),13461,400898
LLC (802.2),NETWORKING [GENERAL],13352,396970
LLC (802.2),THE REST,13461,400898
LM73 HARDWARE MONITOR DRIVER,LM73 HARDWARE MONITOR DRIVER,290,7633
LM73 HARDWARE MONITOR DRIVER,THE REST,290,7633
LM78 HARDWARE MONITOR DRIVER,LM78 HARDWARE MONITOR DRIVER,1113,30616
LM78 HARDWARE MONITOR DRIVER,THE REST,1113,30616
LM83 HARDWARE MONITOR DRIVER,LM83 HARDWARE MONITOR DRIVER,564,15375
LM83 HARDWARE MONITOR DRIVER,THE REST,564,15375
LM90 HARDWARE MONITOR DRIVER,LM90 HARDWARE MONITOR DRIVER,3867,109365
LM90 HARDWARE MONITOR DRIVER,OPEN FIRMWARE AND FLATTENED DEVICE TREE BINDINGS,240,5346
LM90 HARDWARE MONITOR DRIVER,THE REST,3867,109365
LM90 HARDWARE MONITOR DRIVER,THERMAL,13,297
LM95234 HARDWARE MONITOR DRIVER,LM95234 HARDWARE MONITOR DRIVER,781,21726
LM95234 HARDWARE MONITOR DRIVER,THE REST,781,21726
LME2510 MEDIA DRIVER,LME2510 MEDIA DRIVER,1437,32923
LME2510 MEDIA DRIVER,MEDIA INPUT INFRASTRUCTURE (V4L/DVB),1437,32923
LME2510 MEDIA DRIVER,THE REST,1437,32923
LOADPIN SECURITY MODULE,LOADPIN SECURITY MODULE,517,14286
LOADPIN SECURITY MODULE,SECURITY SUBSYSTEM,486,12643
LOADPIN SECURITY MODULE,THE REST,517,14286
LOCKING PRIMITIVES,LOCKING PRIMITIVES,33085,924719
LOCKING PRIMITIVES,LOONGARCH,23,533
LOCKING PRIMITIVES,MIPS,39,1010
LOCKING PRIMITIVES,PARISC ARCHITECTURE,196,4453
LOCKING PRIMITIVES,QUALCOMM HEXAGON ARCHITECTURE,185,3844
LOCKING PRIMITIVES,S390 ARCHITECTURE,170,3762
LOCKING PRIMITIVES,SPARC + UltraSPARC (sparc/sparc64),241,5509
LOCKING PRIMITIVES,SUPERH,328,7055
LOCKING PRIMITIVES,SYNOPSYS ARC ARCHITECTURE,416,9485
LOCKING PRIMITIVES,TENSILICA XTENSA PORT (xtensa),32,793
LOCKING PRIMITIVES,THE REST,33085,924719
LOCKING PRIMITIVES,X86 ARCHITECTURE (32-BIT AND 64-BIT),54,1467
"LOGICAL DISK MANAGER SUPPORT (LDM, Windows 2000/XP/Vista Dynamic Disks)","LOGICAL DISK MANAGER SUPPORT (LDM, Windows 2000/XP/Vista Dynamic Disks)",1803,52313
"LOGICAL DISK MANAGER SUPPORT (LDM, Windows 2000/XP/Vista Dynamic Disks)",THE REST,1803,52313
LOGITECH HID GAMING KEYBOARDS,LOGITECH HID GAMING KEYBOARDS,957,24894
LOGITECH HID GAMING KEYBOARDS,THE REST,957,24894
LONTIUM LT8912B MIPI TO HDMI BRIDGE,LONTIUM LT8912B MIPI TO HDMI BRIDGE,887,19890
LONTIUM LT8912B MIPI TO HDMI BRIDGE,OPEN FIRMWARE AND FLATTENED DEVICE TREE BINDINGS,103,2080
LONTIUM LT8912B MIPI TO HDMI BRIDGE,THE REST,887,19890
LOONGARCH,LOONGARCH,38301,1000682
LOONGARCH,MMU GATHER AND TLB INVALIDATION,168,4090
LOONGARCH,OPEN FIRMWARE AND FLATTENED DEVICE TREE BINDINGS,4,144
LOONGARCH,PER-CPU MEMORY ALLOCATOR,236,6120
LOONGARCH,PERFORMANCE EVENTS SUBSYSTEM,899,21954
LOONGARCH,PTRACE SUPPORT,1276,31602
LOONGARCH,STATIC BRANCH/CALL,72,1610
LOONGARCH,THE REST,38301,1000682
LOONGSON GPIO DRIVER,LOONGSON GPIO DRIVER,364,9959
LOONGSON GPIO DRIVER,OPEN FIRMWARE AND FLATTENED DEVICE TREE BINDINGS,126,3871
LOONGSON GPIO DRIVER,THE REST,364,9959
LOONGSON LS2X I2C DRIVER,LOONGSON LS2X I2C DRIVER,421,10320
LOONGSON LS2X I2C DRIVER,OPEN FIRMWARE AND FLATTENED DEVICE TREE BINDINGS,51,1005
LOONGSON LS2X I2C DRIVER,THE REST,421,10320
LOONGSON SPI DRIVER,LOONGSON SPI DRIVER,476,13666
LOONGSON SPI DRIVER,OPEN FIRMWARE AND FLATTENED DEVICE TREE BINDINGS,46,856
LOONGSON SPI DRIVER,SPI SUBSYSTEM,476,13666
LOONGSON SPI DRIVER,THE REST,476,13666
LOONGSON-2 SOC SERIES CLOCK DRIVER,LOONGSON-2 SOC SERIES CLOCK DRIVER,434,11294
LOONGSON-2 SOC SERIES CLOCK DRIVER,OPEN FIRMWARE AND FLATTENED DEVICE TREE BINDINGS,93,2278
LOONGSON-2 SOC SERIES CLOCK DRIVER,THE REST,434,11294
LOONGSON-2 SOC SERIES GUTS DRIVER,LOONGSON-2 SOC SERIES GUTS DRIVER,228,5448
LOONGSON-2 SOC SERIES GUTS DRIVER,OPEN FIRMWARE AND FLATTENED DEVICE TREE BINDINGS,38,790
LOONGSON-2 SOC SERIES GUTS DRIVER,THE REST,228,5448
LOONGSON-2 SOC SERIES PINCTRL DRIVER,LOONGSON-2 SOC SERIES PINCTRL DRIVER,434,11738
LOONGSON-2 SOC SERIES PINCTRL DRIVER,OPEN FIRMWARE AND FLATTENED DEVICE TREE BINDINGS,123,2784
LOONGSON-2 SOC SERIES PINCTRL DRIVER,PIN CONTROL SUBSYSTEM,434,11738
LOONGSON-2 SOC SERIES PINCTRL DRIVER,THE REST,434,11738
LOONGSON-2 SOC SERIES PM DRIVER,LOONGSON-2 SOC SERIES PM DRIVER,303,7664
LOONGSON-2 SOC SERIES PM DRIVER,OPEN FIRMWARE AND FLATTENED DEVICE TREE BINDINGS,83,2100
LOONGSON-2 SOC SERIES PM DRIVER,THE REST,303,7664
LOONGSON-2 SOC SERIES THERMAL DRIVER,LOONGSON-2 SOC SERIES THERMAL DRIVER,213,5417
LOONGSON-2 SOC SERIES THERMAL DRIVER,OPEN FIRMWARE AND FLATTENED DEVICE TREE BINDINGS,44,966
LOONGSON-2 SOC SERIES THERMAL DRIVER,THE REST,213,5417
LOONGSON-2 SOC SERIES THERMAL DRIVER,THERMAL,213,5417
LSILOGIC MPT FUSION DRIVERS (FC/SAS/SPI),LSILOGIC MPT FUSION DRIVERS (FC/SAS/SPI),81325,2693886
LSILOGIC MPT FUSION DRIVERS (FC/SAS/SPI),SCSI SUBSYSTEM,44829,1439746
LSILOGIC MPT FUSION DRIVERS (FC/SAS/SPI),THE REST,81325,2693886
LSILOGIC/SYMBIOS/NCR 53C8XX and 53C1010 PCI-SCSI drivers,LSILOGIC/SYMBIOS/NCR 53C8XX and 53C1010 PCI-SCSI drivers,16230,421747
LSILOGIC/SYMBIOS/NCR 53C8XX and 53C1010 PCI-SCSI drivers,SCSI SUBSYSTEM,16230,421747
LSILOGIC/SYMBIOS/NCR 53C8XX and 53C1010 PCI-SCSI drivers,THE REST,16230,421747
LTC1660 DAC DRIVER,LTC1660 DAC DRIVER,298,7299
LTC1660 DAC DRIVER,OPEN FIRMWARE AND FLATTENED DEVICE TREE BINDINGS,51,1127
LTC1660 DAC DRIVER,THE REST,298,7299
LTC2688 IIO DAC DRIVER,LTC2688 IIO DAC DRIVER,1286,34089
LTC2688 IIO DAC DRIVER,OPEN FIRMWARE AND FLATTENED DEVICE TREE BINDINGS,147,3735
LTC2688 IIO DAC DRIVER,THE REST,1286,34089
LTC2947 HARDWARE MONITOR DRIVER,LTC2947 HARDWARE MONITOR DRIVER,1382,35864
LTC2947 HARDWARE MONITOR DRIVER,OPEN FIRMWARE AND FLATTENED DEVICE TREE BINDINGS,101,3191
LTC2947 HARDWARE MONITOR DRIVER,THE REST,1382,35864
LTC2983 IIO TEMPERATURE DRIVER,LTC2983 IIO TEMPERATURE DRIVER,2308,65484
LTC2983 IIO TEMPERATURE DRIVER,OPEN FIRMWARE AND FLATTENED DEVICE TREE BINDINGS,556,15626
LTC2983 IIO TEMPERATURE DRIVER,THE REST,2308,65484
LTC4261 HARDWARE MONITOR DRIVER,LTC4261 HARDWARE MONITOR DRIVER,315,8672
LTC4261 HARDWARE MONITOR DRIVER,THE REST,315,8672
LTC4306 I2C MULTIPLEXER DRIVER,LTC4306 I2C MULTIPLEXER DRIVER,378,9351
LTC4306 I2C MULTIPLEXER DRIVER,OPEN FIRMWARE AND FLATTENED DEVICE TREE BINDINGS,61,1613
LTC4306 I2C MULTIPLEXER DRIVER,THE REST,378,9351
LTP (Linux Test Project),LTP (Linux Test Project),0,0
LYNX 28G SERDES PHY DRIVER,LYNX 28G SERDES PHY DRIVER,685,19111
LYNX 28G SERDES PHY DRIVER,OPEN FIRMWARE AND FLATTENED DEVICE TREE BINDINGS,40,702
LYNX 28G SERDES PHY DRIVER,THE REST,685,19111
LYNX PCS MODULE,LYNX PCS MODULE,418,11182
LYNX PCS MODULE,NETWORKING DRIVERS,401,10740
LYNX PCS MODULE,THE REST,418,11182
M68K ARCHITECTURE,M68K ARCHITECTURE,175732,5244145
M68K ARCHITECTURE,M68K ON APPLE MACINTOSH,4099,117851
M68K ARCHITECTURE,M68K ON HP9000/300,673,16039
M68K ARCHITECTURE,MMU GATHER AND TLB INVALIDATION,7,135
M68K ARCHITECTURE,NUBUS SUBSYSTEM,48,1262
M68K ARCHITECTURE,PTRACE SUPPORT,376,9171
M68K ARCHITECTURE,SUN3/3X,3302,80498
M68K ARCHITECTURE,THE REST,175732,5244145
M68K ARCHITECTURE,UCLINUX (M68KNOMMU AND COLDFIRE),12031,520966
M68K ON APPLE MACINTOSH,M68K ON APPLE MACINTOSH,4960,138690
M68K ON APPLE MACINTOSH,THE REST,4960,138690
M68K ON HP9000/300,M68K ON HP9000/300,673,16039
M68K ON HP9000/300,THE REST,673,16039
M88DS3103 MEDIA DRIVER,M88DS3103 MEDIA DRIVER,2516,55281
M88DS3103 MEDIA DRIVER,MEDIA INPUT INFRASTRUCTURE (V4L/DVB),2516,55281
M88DS3103 MEDIA DRIVER,THE REST,2516,55281
M88RS2000 MEDIA DRIVER,M88RS2000 MEDIA DRIVER,866,19387
M88RS2000 MEDIA DRIVER,MEDIA INPUT INFRASTRUCTURE (V4L/DVB),866,19387
M88RS2000 MEDIA DRIVER,THE REST,866,19387
MA901 MASTERKIT USB FM RADIO DRIVER,MA901 MASTERKIT USB FM RADIO DRIVER,456,12795
MA901 MASTERKIT USB FM RADIO DRIVER,MEDIA INPUT INFRASTRUCTURE (V4L/DVB),456,12795
MA901 MASTERKIT USB FM RADIO DRIVER,THE REST,456,12795
MAC80211,MAC80211,96018,2772031
MAC80211,NETWORKING DRIVERS (WIRELESS),7053,203792
MAC80211,NETWORKING [GENERAL],88965,2568239
MAC80211,THE REST,96018,2772031
MAILBOX API,MAILBOX API,21782,607099
MAILBOX API,MAILBOX ARM MHUv2,1345,37652
MAILBOX API,OPEN FIRMWARE AND FLATTENED DEVICE TREE BINDINGS,3583,120347
MAILBOX API,QUALCOMM IPCC MAILBOX DRIVER,486,12447
MAILBOX API,RISC-V MICROCHIP FPGA SUPPORT,341,8935
MAILBOX API,TEGRA ARCHITECTURE SUPPORT,1128,28911
MAILBOX API,THE REST,21782,607099
MAILBOX ARM MHUv2,MAILBOX ARM MHUv2,1365,38039
MAILBOX ARM MHUv2,OPEN FIRMWARE AND FLATTENED DEVICE TREE BINDINGS,208,7497
MAILBOX ARM MHUv2,THE REST,1365,38039
"MAN-PAGES: MANUAL PAGES FOR LINUX -- Sections 2, 3, 4, 5, and 7","MAN-PAGES: MANUAL PAGES FOR LINUX -- Sections 2, 3, 4, 5, and 7",0,0
MANAGEMENT COMPONENT TRANSPORT PROTOCOL (MCTP),MANAGEMENT COMPONENT TRANSPORT PROTOCOL (MCTP),6198,149513
MANAGEMENT COMPONENT TRANSPORT PROTOCOL (MCTP),NETWORKING DRIVERS,1660,40555
MANAGEMENT COMPONENT TRANSPORT PROTOCOL (MCTP),NETWORKING [GENERAL],4538,108958
MANAGEMENT COMPONENT TRANSPORT PROTOCOL (MCTP),THE REST,6198,149513
MAPLE TREE,MAPLE TREE,48257,1702869
MAPLE TREE,THE REST,48257,1702869
MAPLE TREE,TRACING,123,2750
MAPLE TREE,XARRAY,35961,1374377
MARDUK (CREATOR CI40) DEVICE TREE SUPPORT,MARDUK (CREATOR CI40) DEVICE TREE SUPPORT,1091,24110
MARDUK (CREATOR CI40) DEVICE TREE SUPPORT,MIPS,1091,24110
MARDUK (CREATOR CI40) DEVICE TREE SUPPORT,OPEN FIRMWARE AND FLATTENED DEVICE TREE BINDINGS,1091,24110
MARDUK (CREATOR CI40) DEVICE TREE SUPPORT,THE REST,1091,24110
MARVELL 88E6XXX ETHERNET SWITCH FABRIC DRIVER,MARVELL 88E6XXX ETHERNET SWITCH FABRIC DRIVER,20135,557147
MARVELL 88E6XXX ETHERNET SWITCH FABRIC DRIVER,NETWORKING DRIVERS,20075,555720
MARVELL 88E6XXX ETHERNET SWITCH FABRIC DRIVER,NETWORKING [DSA],20088,555969
MARVELL 88E6XXX ETHERNET SWITCH FABRIC DRIVER,NETWORKING [GENERAL],28,762
MARVELL 88E6XXX ETHERNET SWITCH FABRIC DRIVER,OPEN FIRMWARE AND FLATTENED DEVICE TREE BINDINGS,109,3254
MARVELL 88E6XXX ETHERNET SWITCH FABRIC DRIVER,THE REST,20135,557147
MARVELL ARMADA 3700 PHY DRIVERS,MARVELL ARMADA 3700 PHY DRIVERS,1797,54820
MARVELL ARMADA 3700 PHY DRIVERS,OPEN FIRMWARE AND FLATTENED DEVICE TREE BINDINGS,151,3795
MARVELL ARMADA 3700 PHY DRIVERS,THE REST,1797,54820
MARVELL ARMADA 3700 SERIAL DRIVER,MARVELL ARMADA 3700 SERIAL DRIVER,1646,46360
MARVELL ARMADA 3700 SERIAL DRIVER,OPEN FIRMWARE AND FLATTENED DEVICE TREE BINDINGS,115,4110
MARVELL ARMADA 3700 SERIAL DRIVER,THE REST,1646,46360
MARVELL ARMADA 3700 SERIAL DRIVER,TTY LAYER AND SERIAL DRIVERS,1587,44760
MARVELL ARMADA DRM SUPPORT,MARVELL ARMADA DRM SUPPORT,4320,119225
MARVELL ARMADA DRM SUPPORT,OPEN FIRMWARE AND FLATTENED DEVICE TREE BINDINGS,30,958
MARVELL ARMADA DRM SUPPORT,THE REST,4320,119225
MARVELL CRYPTO DRIVER,MARVELL CRYPTO DRIVER,20722,544638
MARVELL CRYPTO DRIVER,MARVELL OCTEONTX2 PHYSICAL FUNCTION DRIVER,57,1580
MARVELL CRYPTO DRIVER,THE REST,20722,544638
MARVELL GIGABIT ETHERNET DRIVERS (skge/sky2),MARVELL GIGABIT ETHERNET DRIVERS (skge/sky2),14366,441529
MARVELL GIGABIT ETHERNET DRIVERS (skge/sky2),NETWORKING DRIVERS,14366,441529
MARVELL GIGABIT ETHERNET DRIVERS (skge/sky2),THE REST,14366,441529
MARVELL LIBERTAS WIRELESS DRIVER,MARVELL LIBERTAS WIRELESS DRIVER,15804,401931
MARVELL LIBERTAS WIRELESS DRIVER,NETWORKING DRIVERS (WIRELESS),15804,401931
MARVELL LIBERTAS WIRELESS DRIVER,THE REST,15804,401931
MARVELL MACCHIATOBIN SUPPORT,MARVELL MACCHIATOBIN SUPPORT,45,876
MARVELL MACCHIATOBIN SUPPORT,OPEN FIRMWARE AND FLATTENED DEVICE TREE BINDINGS,45,876
MARVELL MACCHIATOBIN SUPPORT,THE REST,45,876
MARVELL MV643XX ETHERNET DRIVER,MARVELL MV643XX ETHERNET DRIVER,4264,133810
MARVELL MV643XX ETHERNET DRIVER,NETWORKING DRIVERS,3343,81539
MARVELL MV643XX ETHERNET DRIVER,THE REST,4264,133810
MARVELL MV88X3310 PHY DRIVER,MARVELL MV88X3310 PHY DRIVER,1431,38561
MARVELL MV88X3310 PHY DRIVER,NETWORKING DRIVERS,1431,38561
MARVELL MV88X3310 PHY DRIVER,THE REST,1431,38561
MARVELL MVEBU THERMAL DRIVER,MARVELL MVEBU THERMAL DRIVER,991,26605
MARVELL MVEBU THERMAL DRIVER,THE REST,991,26605
MARVELL MVEBU THERMAL DRIVER,THERMAL,991,26605
MARVELL MVNETA ETHERNET DRIVER,MARVELL MVNETA ETHERNET DRIVER,6622,181886
MARVELL MVNETA ETHERNET DRIVER,NETWORKING DRIVERS,6622,181886
MARVELL MVNETA ETHERNET DRIVER,THE REST,6622,181886
MARVELL MVPP2 ETHERNET DRIVER,MARVELL MVPP2 ETHERNET DRIVER,15750,450326
MARVELL MVPP2 ETHERNET DRIVER,NETWORKING DRIVERS,15750,450326
MARVELL MVPP2 ETHERNET DRIVER,OPEN FIRMWARE AND FLATTENED DEVICE TREE BINDINGS,305,9256
MARVELL MVPP2 ETHERNET DRIVER,THE REST,15750,450326
MARVELL MWIFIEX WIRELESS DRIVER,MARVELL MWIFIEX WIRELESS DRIVER,46170,1307857
MARVELL MWIFIEX WIRELESS DRIVER,NETWORKING DRIVERS (WIRELESS),46170,1307857
MARVELL MWIFIEX WIRELESS DRIVER,THE REST,46170,1307857
MARVELL MWL8K WIRELESS DRIVER,MARVELL MWL8K WIRELESS DRIVER,6373,157772
MARVELL MWL8K WIRELESS DRIVER,NETWORKING DRIVERS (WIRELESS),6373,157772
MARVELL MWL8K WIRELESS DRIVER,THE REST,6373,157772
MARVELL NAND CONTROLLER DRIVER,MARVELL NAND CONTROLLER DRIVER,3179,92355
MARVELL NAND CONTROLLER DRIVER,MEMORY TECHNOLOGY DEVICES (MTD),3179,92355
MARVELL NAND CONTROLLER DRIVER,NAND FLASH SUBSYSTEM,3179,92355
MARVELL NAND CONTROLLER DRIVER,THE REST,3179,92355
MARVELL OCTEON ENDPOINT DRIVER,MARVELL OCTEON ENDPOINT DRIVER,5998,174349
MARVELL OCTEON ENDPOINT DRIVER,NETWORKING DRIVERS,5998,174349
MARVELL OCTEON ENDPOINT DRIVER,THE REST,5998,174349
MARVELL OCTEONTX2 PHYSICAL FUNCTION DRIVER,MARVELL OCTEONTX2 PHYSICAL FUNCTION DRIVER,19355,496613
MARVELL OCTEONTX2 PHYSICAL FUNCTION DRIVER,NETWORKING DRIVERS,19298,495033
MARVELL OCTEONTX2 PHYSICAL FUNCTION DRIVER,THE REST,19355,496613
MARVELL OCTEONTX2 RVU ADMIN FUNCTION DRIVER,MARVELL OCTEONTX2 RVU ADMIN FUNCTION DRIVER,56002,1370146
MARVELL OCTEONTX2 RVU ADMIN FUNCTION DRIVER,NETWORKING DRIVERS,55660,1357263
MARVELL OCTEONTX2 RVU ADMIN FUNCTION DRIVER,NETWORKING [GENERAL],342,12883
MARVELL OCTEONTX2 RVU ADMIN FUNCTION DRIVER,THE REST,56002,1370146
MARVELL PRESTERA ETHERNET SWITCH DRIVER,MARVELL PRESTERA ETHERNET SWITCH DRIVER,15650,399098
MARVELL PRESTERA ETHERNET SWITCH DRIVER,NETWORKING DRIVERS,15650,399098
MARVELL PRESTERA ETHERNET SWITCH DRIVER,THE REST,15650,399098
MARVELL SOC MMC/SD/SDIO CONTROLLER DRIVER,MARVELL SOC MMC/SD/SDIO CONTROLLER DRIVER,1028,28795
MARVELL SOC MMC/SD/SDIO CONTROLLER DRIVER,"MULTIMEDIA CARD (MMC), SECURE DIGITAL (SD) AND SDIO SUBSYSTEM",1028,28795
MARVELL SOC MMC/SD/SDIO CONTROLLER DRIVER,THE REST,1028,28795
MARVELL USB MDIO CONTROLLER DRIVER,MARVELL USB MDIO CONTROLLER DRIVER,189,4649
MARVELL USB MDIO CONTROLLER DRIVER,NETWORKING DRIVERS,189,4649
MARVELL USB MDIO CONTROLLER DRIVER,OPEN FIRMWARE AND FLATTENED DEVICE TREE BINDINGS,66,1730
MARVELL USB MDIO CONTROLLER DRIVER,THE REST,189,4649
MARVELL XENON MMC/SD/SDIO HOST CONTROLLER DRIVER,MARVELL XENON MMC/SD/SDIO HOST CONTROLLER DRIVER,1946,55412
MARVELL XENON MMC/SD/SDIO HOST CONTROLLER DRIVER,"MULTIMEDIA CARD (MMC), SECURE DIGITAL (SD) AND SDIO SUBSYSTEM",1946,55412
MARVELL XENON MMC/SD/SDIO HOST CONTROLLER DRIVER,OPEN FIRMWARE AND FLATTENED DEVICE TREE BINDINGS,277,7966
MARVELL XENON MMC/SD/SDIO HOST CONTROLLER DRIVER,SECURE DIGITAL HOST CONTROLLER INTERFACE (SDHCI) DRIVER,1669,47446
MARVELL XENON MMC/SD/SDIO HOST CONTROLLER DRIVER,THE REST,1946,55412
MATROX FRAMEBUFFER DRIVER,MATROX FRAMEBUFFER DRIVER,9546,272553
MATROX FRAMEBUFFER DRIVER,THE REST,9546,272553
MAX15301 DRIVER,MAX15301 DRIVER,277,7174
MAX15301 DRIVER,PMBUS HARDWARE MONITORING DRIVERS,190,4764
MAX15301 DRIVER,THE REST,277,7174
MAX16065 HARDWARE MONITOR DRIVER,MAX16065 HARDWARE MONITOR DRIVER,738,23082
MAX16065 HARDWARE MONITOR DRIVER,THE REST,738,23082
MAX2175 SDR TUNER DRIVER,MAX2175 SDR TUNER DRIVER,1694,45232
MAX2175 SDR TUNER DRIVER,MEDIA INPUT INFRASTRUCTURE (V4L/DVB),1665,44197
MAX2175 SDR TUNER DRIVER,OPEN FIRMWARE AND FLATTENED DEVICE TREE BINDINGS,59,1578
MAX2175 SDR TUNER DRIVER,THE REST,1694,45232
MAX31827 TEMPERATURE SWITCH DRIVER,MAX31827 TEMPERATURE SWITCH DRIVER,610,15245
MAX31827 TEMPERATURE SWITCH DRIVER,OPEN FIRMWARE AND FLATTENED DEVICE TREE BINDINGS,54,1205
MAX31827 TEMPERATURE SWITCH DRIVER,THE REST,610,15245
MAX6650 HARDWARE MONITOR AND FAN CONTROLLER DRIVER,MAX6650 HARDWARE MONITOR AND FAN CONTROLLER DRIVER,904,21795
MAX6650 HARDWARE MONITOR AND FAN CONTROLLER DRIVER,THE REST,904,21795
MAX6697 HARDWARE MONITOR DRIVER,MAX6697 HARDWARE MONITOR DRIVER,984,28522
MAX6697 HARDWARE MONITOR DRIVER,OPEN FIRMWARE AND FLATTENED DEVICE TREE BINDINGS,64,1984
MAX6697 HARDWARE MONITOR DRIVER,THE REST,984,28522
MAX9286 QUAD GMSL DESERIALIZER DRIVER,MAX9286 QUAD GMSL DESERIALIZER DRIVER,2131,55832
MAX9286 QUAD GMSL DESERIALIZER DRIVER,MEDIA INPUT INFRASTRUCTURE (V4L/DVB),2131,55832
MAX9286 QUAD GMSL DESERIALIZER DRIVER,OPEN FIRMWARE AND FLATTENED DEVICE TREE BINDINGS,416,12172
MAX9286 QUAD GMSL DESERIALIZER DRIVER,THE REST,2131,55832
MAX96712 QUAD GMSL2 DESERIALIZER DRIVER,MAX96712 QUAD GMSL2 DESERIALIZER DRIVER,464,11574
MAX96712 QUAD GMSL2 DESERIALIZER DRIVER,MEDIA INPUT INFRASTRUCTURE (V4L/DVB),464,11574
MAX96712 QUAD GMSL2 DESERIALIZER DRIVER,STAGING SUBSYSTEM,464,11574
MAX96712 QUAD GMSL2 DESERIALIZER DRIVER,THE REST,464,11574
MAX9860 MONO AUDIO VOICE CODEC DRIVER,MAX9860 MONO AUDIO VOICE CODEC DRIVER,922,23766
MAX9860 MONO AUDIO VOICE CODEC DRIVER,OPEN FIRMWARE AND FLATTENED DEVICE TREE BINDINGS,28,589
MAX9860 MONO AUDIO VOICE CODEC DRIVER,SOUND,894,23177
MAX9860 MONO AUDIO VOICE CODEC DRIVER,SOUND - SOC LAYER / DYNAMIC AUDIO POWER MANAGEMENT (ASoC),922,23766
MAX9860 MONO AUDIO VOICE CODEC DRIVER,THE REST,922,23766
MAXBOTIX ULTRASONIC RANGER IIO DRIVER,MAXBOTIX ULTRASONIC RANGER IIO DRIVER,331,7998
MAXBOTIX ULTRASONIC RANGER IIO DRIVER,OPEN FIRMWARE AND FLATTENED DEVICE TREE BINDINGS,60,1483
MAXBOTIX ULTRASONIC RANGER IIO DRIVER,THE REST,331,7998
MAXIM MAX11205 DRIVER,MAXIM MAX11205 DRIVER,252,5936
MAXIM MAX11205 DRIVER,OPEN FIRMWARE AND FLATTENED DEVICE TREE BINDINGS,69,1486
MAXIM MAX11205 DRIVER,THE REST,252,5936
MAXIM MAX17040 FAMILY FUEL GAUGE DRIVERS,MAXIM MAX17040 FAMILY FUEL GAUGE DRIVERS,706,17096
MAXIM MAX17040 FAMILY FUEL GAUGE DRIVERS,OPEN FIRMWARE AND FLATTENED DEVICE TREE BINDINGS,97,2328
MAXIM MAX17040 FAMILY FUEL GAUGE DRIVERS,POWER SUPPLY CLASS/SUBSYSTEM and DRIVERS,706,17096
MAXIM MAX17040 FAMILY FUEL GAUGE DRIVERS,THE REST,706,17096
MAXIM MAX17042 FAMILY FUEL GAUGE DRIVERS,MAXIM MAX17042 FAMILY FUEL GAUGE DRIVERS,1308,35313
MAXIM MAX17042 FAMILY FUEL GAUGE DRIVERS,OPEN FIRMWARE AND FLATTENED DEVICE TREE BINDINGS,83,2066
MAXIM MAX17042 FAMILY FUEL GAUGE DRIVERS,POWER SUPPLY CLASS/SUBSYSTEM and DRIVERS,1308,35313
MAXIM MAX17042 FAMILY FUEL GAUGE DRIVERS,THE REST,1308,35313
MAXIM MAX20086 CAMERA POWER PROTECTOR DRIVER,MAXIM MAX20086 CAMERA POWER PROTECTOR DRIVER,439,10476
MAXIM MAX20086 CAMERA POWER PROTECTOR DRIVER,OPEN FIRMWARE AND FLATTENED DEVICE TREE BINDINGS,106,2339
MAXIM MAX20086 CAMERA POWER PROTECTOR DRIVER,THE REST,439,10476
MAXIM MAX20086 CAMERA POWER PROTECTOR DRIVER,VOLTAGE AND CURRENT REGULATOR FRAMEWORK,439,10476
MAXIM MAX30208 TEMPERATURE SENSOR DRIVER,MAXIM MAX30208 TEMPERATURE SENSOR DRIVER,252,5651
MAXIM MAX30208 TEMPERATURE SENSOR DRIVER,THE REST,252,5651
MAXIM MAX77650 PMIC MFD DRIVER,MAXIM MAX77650 PMIC MFD DRIVER,1813,50272
MAXIM MAX77650 PMIC MFD DRIVER,MULTIFUNCTION DEVICES (MFD),439,12465
MAXIM MAX77650 PMIC MFD DRIVER,OPEN FIRMWARE AND FLATTENED DEVICE TREE BINDINGS,271,6536
MAXIM MAX77650 PMIC MFD DRIVER,POWER SUPPLY CLASS/SUBSYSTEM and DRIVERS,376,10020
MAXIM MAX77650 PMIC MFD DRIVER,THE REST,1813,50272
MAXIM MAX77650 PMIC MFD DRIVER,VOLTAGE AND CURRENT REGULATOR FRAMEWORK,443,13907
MAXIM MAX77714 PMIC MFD DRIVER,MAXIM MAX77714 PMIC MFD DRIVER,280,8001
MAXIM MAX77714 PMIC MFD DRIVER,MULTIFUNCTION DEVICES (MFD),280,8001
MAXIM MAX77714 PMIC MFD DRIVER,OPEN FIRMWARE AND FLATTENED DEVICE TREE BINDINGS,68,1475
MAXIM MAX77714 PMIC MFD DRIVER,THE REST,280,8001
MAXIM MAX77802 PMIC REGULATOR DEVICE DRIVER,MAXIM MAX77802 PMIC REGULATOR DEVICE DRIVER,881,27735
MAXIM MAX77802 PMIC REGULATOR DEVICE DRIVER,MULTIFUNCTION DEVICES (MFD),194,6041
MAXIM MAX77802 PMIC REGULATOR DEVICE DRIVER,OPEN FIRMWARE AND FLATTENED DEVICE TREE BINDINGS,314,9579
MAXIM MAX77802 PMIC REGULATOR DEVICE DRIVER,THE REST,881,27735
MAXIM MAX77802 PMIC REGULATOR DEVICE DRIVER,VOLTAGE AND CURRENT REGULATOR FRAMEWORK,668,21215
MAXIM MAX77976 BATTERY CHARGER,MAXIM MAX77976 BATTERY CHARGER,553,14526
MAXIM MAX77976 BATTERY CHARGER,OPEN FIRMWARE AND FLATTENED DEVICE TREE BINDINGS,44,766
MAXIM MAX77976 BATTERY CHARGER,POWER SUPPLY CLASS/SUBSYSTEM and DRIVERS,553,14526
MAXIM MAX77976 BATTERY CHARGER,THE REST,553,14526
MAXIM MUIC CHARGER DRIVERS FOR EXYNOS BASED BOARDS,MAXIM MUIC CHARGER DRIVERS FOR EXYNOS BASED BOARDS,1564,39601
MAXIM MUIC CHARGER DRIVERS FOR EXYNOS BASED BOARDS,OPEN FIRMWARE AND FLATTENED DEVICE TREE BINDINGS,154,4384
MAXIM MUIC CHARGER DRIVERS FOR EXYNOS BASED BOARDS,POWER SUPPLY CLASS/SUBSYSTEM and DRIVERS,1564,39601
MAXIM MUIC CHARGER DRIVERS FOR EXYNOS BASED BOARDS,THE REST,1564,39601
MAXIM PMIC AND MUIC DRIVERS FOR EXYNOS BASED BOARDS,MAXIM PMIC AND MUIC DRIVERS FOR EXYNOS BASED BOARDS,9740,274642
MAXIM PMIC AND MUIC DRIVERS FOR EXYNOS BASED BOARDS,MULTIFUNCTION DEVICES (MFD),3859,110380
MAXIM PMIC AND MUIC DRIVERS FOR EXYNOS BASED BOARDS,OPEN FIRMWARE AND FLATTENED DEVICE TREE BINDINGS,1210,31279
MAXIM PMIC AND MUIC DRIVERS FOR EXYNOS BASED BOARDS,REAL TIME CLOCK (RTC) SUBSYSTEM,886,23164
MAXIM PMIC AND MUIC DRIVERS FOR EXYNOS BASED BOARDS,THE REST,9740,274642
MAXIM PMIC AND MUIC DRIVERS FOR EXYNOS BASED BOARDS,VOLTAGE AND CURRENT REGULATOR FRAMEWORK,1401,40287
MAXIRADIO FM RADIO RECEIVER DRIVER,MAXIRADIO FM RADIO RECEIVER DRIVER,203,5568
MAXIRADIO FM RADIO RECEIVER DRIVER,MEDIA INPUT INFRASTRUCTURE (V4L/DVB),203,5568
MAXIRADIO FM RADIO RECEIVER DRIVER,THE REST,203,5568
MAXLINEAR ETHERNET PHY DRIVER,MAXLINEAR ETHERNET PHY DRIVER,1043,27435
MAXLINEAR ETHERNET PHY DRIVER,NETWORKING DRIVERS,1043,27435
MAXLINEAR ETHERNET PHY DRIVER,THE REST,1043,27435
MCAN MMIO DEVICE DRIVER,MCAN MMIO DEVICE DRIVER,2692,67335
MCAN MMIO DEVICE DRIVER,NETWORKING DRIVERS,2692,67335
MCAN MMIO DEVICE DRIVER,OPEN FIRMWARE AND FLATTENED DEVICE TREE BINDINGS,168,4590
MCAN MMIO DEVICE DRIVER,THE REST,2692,67335
MCBA MICROCHIP CAN BUS ANALYZER TOOL DRIVER,MCBA MICROCHIP CAN BUS ANALYZER TOOL DRIVER,913,21453
MCBA MICROCHIP CAN BUS ANALYZER TOOL DRIVER,NETWORKING DRIVERS,913,21453
MCBA MICROCHIP CAN BUS ANALYZER TOOL DRIVER,THE REST,913,21453
MCP2221A MICROCHIP USB-HID TO I2C BRIDGE DRIVER,MCP2221A MICROCHIP USB-HID TO I2C BRIDGE DRIVER,1216,27323
MCP2221A MICROCHIP USB-HID TO I2C BRIDGE DRIVER,THE REST,1216,27323
MCP251XFD SPI-CAN NETWORK DRIVER,MCP251XFD SPI-CAN NETWORK DRIVER,6138,167659
MCP251XFD SPI-CAN NETWORK DRIVER,NETWORKING DRIVERS,6138,167659
MCP251XFD SPI-CAN NETWORK DRIVER,OPEN FIRMWARE AND FLATTENED DEVICE TREE BINDINGS,81,1881
MCP251XFD SPI-CAN NETWORK DRIVER,THE REST,6138,167659
MCP4018 AND MCP4531 MICROCHIP DIGITAL POTENTIOMETER DRIVERS,MCP4018 AND MCP4531 MICROCHIP DIGITAL POTENTIOMETER DRIVERS,595,20247
MCP4018 AND MCP4531 MICROCHIP DIGITAL POTENTIOMETER DRIVERS,THE REST,595,20247
MCR20A IEEE-802.15.4 RADIO DRIVER,MCR20A IEEE-802.15.4 RADIO DRIVER,1878,49416
MCR20A IEEE-802.15.4 RADIO DRIVER,NETWORKING DRIVERS,1878,49416
MCR20A IEEE-802.15.4 RADIO DRIVER,OPEN FIRMWARE AND FLATTENED DEVICE TREE BINDINGS,23,612
MCR20A IEEE-802.15.4 RADIO DRIVER,THE REST,1878,49416
MDIO REGMAP DRIVER,MDIO REGMAP DRIVER,119,2756
MDIO REGMAP DRIVER,NETWORKING DRIVERS,93,2170
MDIO REGMAP DRIVER,THE REST,119,2756
MEASUREMENT COMPUTING CIO-DAC IIO DRIVER,MEASUREMENT COMPUTING CIO-DAC IIO DRIVER,161,4318
MEASUREMENT COMPUTING CIO-DAC IIO DRIVER,THE REST,161,4318
MEDIA CONTROLLER FRAMEWORK,MEDIA CONTROLLER FRAMEWORK,6576,187961
MEDIA CONTROLLER FRAMEWORK,MEDIA INPUT INFRASTRUCTURE (V4L/DVB),6576,187961
MEDIA CONTROLLER FRAMEWORK,THE REST,6576,187961
MEDIA DRIVER FOR FREESCALE IMX PXP,MEDIA DRIVER FOR FREESCALE IMX PXP,3639,124361
MEDIA DRIVER FOR FREESCALE IMX PXP,MEDIA INPUT INFRASTRUCTURE (V4L/DVB),3639,124361
MEDIA DRIVER FOR FREESCALE IMX PXP,THE REST,3639,124361
MEDIA DRIVERS FOR ASCOT2E,MEDIA DRIVERS FOR ASCOT2E,597,16597
MEDIA DRIVERS FOR ASCOT2E,MEDIA INPUT INFRASTRUCTURE (V4L/DVB),597,16597
MEDIA DRIVERS FOR ASCOT2E,THE REST,597,16597
MEDIA DRIVERS FOR CXD2099AR CI CONTROLLERS,MEDIA DRIVERS FOR CXD2099AR CI CONTROLLERS,717,14580
MEDIA DRIVERS FOR CXD2099AR CI CONTROLLERS,MEDIA INPUT INFRASTRUCTURE (V4L/DVB),717,14580
MEDIA DRIVERS FOR CXD2099AR CI CONTROLLERS,THE REST,717,14580
MEDIA DRIVERS FOR CXD2841ER,MEDIA DRIVERS FOR CXD2841ER,4110,125089
MEDIA DRIVERS FOR CXD2841ER,MEDIA INPUT INFRASTRUCTURE (V4L/DVB),4110,125089
MEDIA DRIVERS FOR CXD2841ER,THE REST,4110,125089
MEDIA DRIVERS FOR CXD2880,MEDIA DRIVERS FOR CXD2880,12935,292522
MEDIA DRIVERS FOR CXD2880,MEDIA INPUT INFRASTRUCTURE (V4L/DVB),12935,292522
MEDIA DRIVERS FOR CXD2880,THE REST,12935,292522
MEDIA DRIVERS FOR DIGITAL DEVICES PCIE DEVICES,MEDIA DRIVERS FOR DIGITAL DEVICES PCIE DEVICES,7107,178182
MEDIA DRIVERS FOR DIGITAL DEVICES PCIE DEVICES,MEDIA INPUT INFRASTRUCTURE (V4L/DVB),7107,178182
MEDIA DRIVERS FOR DIGITAL DEVICES PCIE DEVICES,THE REST,7107,178182
MEDIA DRIVERS FOR FREESCALE IMX,MEDIA DRIVERS FOR FREESCALE IMX,11161,292835
MEDIA DRIVERS FOR FREESCALE IMX,MEDIA INPUT INFRASTRUCTURE (V4L/DVB),11136,292230
MEDIA DRIVERS FOR FREESCALE IMX,OPEN FIRMWARE AND FLATTENED DEVICE TREE BINDINGS,53,1933
MEDIA DRIVERS FOR FREESCALE IMX,STAGING SUBSYSTEM,10358,261861
MEDIA DRIVERS FOR FREESCALE IMX,THE REST,11161,292835
MEDIA DRIVERS FOR FREESCALE IMX7/8,MEDIA DRIVERS FOR FREESCALE IMX7/8,5490,148492
MEDIA DRIVERS FOR FREESCALE IMX7/8,MEDIA INPUT INFRASTRUCTURE (V4L/DVB),5490,148492
MEDIA DRIVERS FOR FREESCALE IMX7/8,OPEN FIRMWARE AND FLATTENED DEVICE TREE BINDINGS,478,12236
MEDIA DRIVERS FOR FREESCALE IMX7/8,THE REST,5490,148492
MEDIA DRIVERS FOR HELENE,MEDIA DRIVERS FOR HELENE,1208,34627
MEDIA DRIVERS FOR HELENE,MEDIA INPUT INFRASTRUCTURE (V4L/DVB),1208,34627
MEDIA DRIVERS FOR HELENE,THE REST,1208,34627
MEDIA DRIVERS FOR HORUS3A,MEDIA DRIVERS FOR HORUS3A,459,11448
MEDIA DRIVERS FOR HORUS3A,MEDIA INPUT INFRASTRUCTURE (V4L/DVB),459,11448
MEDIA DRIVERS FOR HORUS3A,THE REST,459,11448
MEDIA DRIVERS FOR LNBH25,MEDIA DRIVERS FOR LNBH25,226,5211
MEDIA DRIVERS FOR LNBH25,MEDIA INPUT INFRASTRUCTURE (V4L/DVB),226,5211
MEDIA DRIVERS FOR LNBH25,THE REST,226,5211
MEDIA DRIVERS FOR MXL5XX TUNER DEMODULATORS,MEDIA DRIVERS FOR MXL5XX TUNER DEMODULATORS,3025,91556
MEDIA DRIVERS FOR MXL5XX TUNER DEMODULATORS,MEDIA INPUT INFRASTRUCTURE (V4L/DVB),3025,91556
MEDIA DRIVERS FOR MXL5XX TUNER DEMODULATORS,THE REST,3025,91556
MEDIA DRIVERS FOR NETUP PCI UNIVERSAL DVB devices,MEDIA DRIVERS FOR NETUP PCI UNIVERSAL DVB devices,2031,57550
MEDIA DRIVERS FOR NETUP PCI UNIVERSAL DVB devices,MEDIA INPUT INFRASTRUCTURE (V4L/DVB),2031,57550
MEDIA DRIVERS FOR NETUP PCI UNIVERSAL DVB devices,THE REST,2031,57550
MEDIA DRIVERS FOR NVIDIA TEGRA - VDE,MEDIA DRIVERS FOR NVIDIA TEGRA - VDE,3380,85309
MEDIA DRIVERS FOR NVIDIA TEGRA - VDE,MEDIA INPUT INFRASTRUCTURE (V4L/DVB),3380,85309
MEDIA DRIVERS FOR NVIDIA TEGRA - VDE,OPEN FIRMWARE AND FLATTENED DEVICE TREE BINDINGS,119,2880
MEDIA DRIVERS FOR NVIDIA TEGRA - VDE,TEGRA ARCHITECTURE SUPPORT,3380,85309
MEDIA DRIVERS FOR NVIDIA TEGRA - VDE,THE REST,3380,85309
MEDIA DRIVERS FOR RENESAS - CEU,MEDIA DRIVERS FOR RENESAS - CEU,1845,46935
MEDIA DRIVERS FOR RENESAS - CEU,MEDIA INPUT INFRASTRUCTURE (V4L/DVB),1845,46935
MEDIA DRIVERS FOR RENESAS - CEU,OPEN FIRMWARE AND FLATTENED DEVICE TREE BINDINGS,82,1817
MEDIA DRIVERS FOR RENESAS - CEU,THE REST,1845,46935
MEDIA DRIVERS FOR RENESAS - DRIF,MEDIA DRIVERS FOR RENESAS - DRIF,1755,49629
MEDIA DRIVERS FOR RENESAS - DRIF,MEDIA INPUT INFRASTRUCTURE (V4L/DVB),1755,49629
MEDIA DRIVERS FOR RENESAS - DRIF,OPEN FIRMWARE AND FLATTENED DEVICE TREE BINDINGS,269,9286
MEDIA DRIVERS FOR RENESAS - DRIF,THE REST,1755,49629
MEDIA DRIVERS FOR RENESAS - FCP,MEDIA DRIVERS FOR RENESAS - FCP,319,7812
MEDIA DRIVERS FOR RENESAS - FCP,MEDIA INPUT INFRASTRUCTURE (V4L/DVB),319,7812
MEDIA DRIVERS FOR RENESAS - FCP,OPEN FIRMWARE AND FLATTENED DEVICE TREE BINDINGS,101,2409
MEDIA DRIVERS FOR RENESAS - FCP,THE REST,319,7812
MEDIA DRIVERS FOR RENESAS - FDP1,MEDIA DRIVERS FOR RENESAS - FDP1,2529,68755
MEDIA DRIVERS FOR RENESAS - FDP1,MEDIA INPUT INFRASTRUCTURE (V4L/DVB),2529,68755
MEDIA DRIVERS FOR RENESAS - FDP1,OPEN FIRMWARE AND FLATTENED DEVICE TREE BINDINGS,69,1598
MEDIA DRIVERS FOR RENESAS - FDP1,THE REST,2529,68755
MEDIA DRIVERS FOR RENESAS - VIN,MEDIA DRIVERS FOR RENESAS - VIN,7846,205621
MEDIA DRIVERS FOR RENESAS - VIN,MEDIA INPUT INFRASTRUCTURE (V4L/DVB),7846,205621
MEDIA DRIVERS FOR RENESAS - VIN,OPEN FIRMWARE AND FLATTENED DEVICE TREE BINDINGS,723,21280
MEDIA DRIVERS FOR RENESAS - VIN,THE REST,7846,205621
MEDIA DRIVERS FOR RENESAS - VSP1,MEDIA DRIVERS FOR RENESAS - VSP1,12769,349500
MEDIA DRIVERS FOR RENESAS - VSP1,MEDIA INPUT INFRASTRUCTURE (V4L/DVB),12769,349500
MEDIA DRIVERS FOR RENESAS - VSP1,OPEN FIRMWARE AND FLATTENED DEVICE TREE BINDINGS,129,3053
MEDIA DRIVERS FOR RENESAS - VSP1,THE REST,12769,349500
MEDIA DRIVERS FOR ST STV0910 DEMODULATOR ICs,MEDIA DRIVERS FOR ST STV0910 DEMODULATOR ICs,6637,188412
MEDIA DRIVERS FOR ST STV0910 DEMODULATOR ICs,MEDIA INPUT INFRASTRUCTURE (V4L/DVB),6637,188412
MEDIA DRIVERS FOR ST STV0910 DEMODULATOR ICs,THE REST,6637,188412
MEDIA DRIVERS FOR ST STV6111 TUNER ICs,MEDIA DRIVERS FOR ST STV6111 TUNER ICs,709,14598
MEDIA DRIVERS FOR ST STV6111 TUNER ICs,MEDIA INPUT INFRASTRUCTURE (V4L/DVB),709,14598
MEDIA DRIVERS FOR ST STV6111 TUNER ICs,THE REST,709,14598
MEDIA DRIVERS FOR STM32 - DCMI,MEDIA DRIVERS FOR STM32 - DCMI,2291,56681
MEDIA DRIVERS FOR STM32 - DCMI,MEDIA INPUT INFRASTRUCTURE (V4L/DVB),2291,56681
MEDIA DRIVERS FOR STM32 - DCMI,OPEN FIRMWARE AND FLATTENED DEVICE TREE BINDINGS,118,2420
MEDIA DRIVERS FOR STM32 - DCMI,THE REST,2291,56681
MEDIA INPUT INFRASTRUCTURE (V4L/DVB),MEDIA INPUT INFRASTRUCTURE (V4L/DVB),1753636,50507034
MEDIA INPUT INFRASTRUCTURE (V4L/DVB),MEDIATEK CIR DRIVER,453,11825
MEDIA INPUT INFRASTRUCTURE (V4L/DVB),MEDIATEK JPEG DRIVER,3885,106056
MEDIA INPUT INFRASTRUCTURE (V4L/DVB),MEDIATEK MDP DRIVER,3778,99391
MEDIA INPUT INFRASTRUCTURE (V4L/DVB),MEDIATEK MEDIA DRIVER,23119,669843
MEDIA INPUT INFRASTRUCTURE (V4L/DVB),MESON AO CEC DRIVER FOR AMLOGIC SOCS,1612,41808
MEDIA INPUT INFRASTRUCTURE (V4L/DVB),MESON GE2D DRIVER FOR AMLOGIC SOCS,1483,41323
MEDIA INPUT INFRASTRUCTURE (V4L/DVB),MESON VIDEO DECODER DRIVER FOR AMLOGIC SOCS,7069,200459
MEDIA INPUT INFRASTRUCTURE (V4L/DVB),MICROCHIP CSI2DC DRIVER,993,27199
MEDIA INPUT INFRASTRUCTURE (V4L/DVB),MICROCHIP ISC DRIVER,9337,256514
MEDIA INPUT INFRASTRUCTURE (V4L/DVB),MICROCHIP ISI DRIVER,1509,38855
MEDIA INPUT INFRASTRUCTURE (V4L/DVB),"MIPI CCS, SMIA AND SMIA++ IMAGE SENSOR DRIVER",11227,356811
MEDIA INPUT INFRASTRUCTURE (V4L/DVB),MIROSOUND PCM20 FM RADIO RECEIVER DRIVER,515,13247
MEDIA INPUT INFRASTRUCTURE (V4L/DVB),MN88472 MEDIA DRIVER,811,19649
MEDIA INPUT INFRASTRUCTURE (V4L/DVB),MN88473 MEDIA DRIVER,830,20319
MEDIA INPUT INFRASTRUCTURE (V4L/DVB),MR800 AVERMEDIA USB FM RADIO DRIVER,599,16793
MEDIA INPUT INFRASTRUCTURE (V4L/DVB),MSI001 MEDIA DRIVER,510,12572
MEDIA INPUT INFRASTRUCTURE (V4L/DVB),MSI2500 MEDIA DRIVER,1317,36920
MEDIA INPUT INFRASTRUCTURE (V4L/DVB),MT9P031 APTINA CAMERA SENSOR,1387,37090
MEDIA INPUT INFRASTRUCTURE (V4L/DVB),MT9T112 APTINA CAMERA SENSOR,1158,29111
MEDIA INPUT INFRASTRUCTURE (V4L/DVB),MT9V032 APTINA CAMERA SENSOR,1361,38586
MEDIA INPUT INFRASTRUCTURE (V4L/DVB),MT9V111 APTINA CAMERA SENSOR,1351,33805
MEDIA INPUT INFRASTRUCTURE (V4L/DVB),MXL301RF MEDIA DRIVER,355,8093
MEDIA INPUT INFRASTRUCTURE (V4L/DVB),MXL5007T MEDIA DRIVER,996,23177
MEDIA INPUT INFRASTRUCTURE (V4L/DVB),"NOKIA N900 CAMERA SUPPORT (ET8EK8 SENSOR, AD5820 FOCUS)",2569,62414
MEDIA INPUT INFRASTRUCTURE (V4L/DVB),NXP i.MX 8M ISI DRIVER,6170,172337
MEDIA INPUT INFRASTRUCTURE (V4L/DVB),NXP i.MX 8MP DW100 V4L2 DRIVER,1992,55993
MEDIA INPUT INFRASTRUCTURE (V4L/DVB),NXP i.MX 8QXP/8QM JPEG V4L2 DRIVER,3571,105201
MEDIA INPUT INFRASTRUCTURE (V4L/DVB),OMAP IMAGING SUBSYSTEM (OMAP3 ISP and OMAP4 ISS),28106,808614
MEDIA INPUT INFRASTRUCTURE (V4L/DVB),OMNIVISION OG01A1B SENSOR DRIVER,1126,26079
MEDIA INPUT INFRASTRUCTURE (V4L/DVB),OMNIVISION OV01A10 SENSOR DRIVER,1004,24017
MEDIA INPUT INFRASTRUCTURE (V4L/DVB),OMNIVISION OV02A10 SENSOR DRIVER,1166,28410
MEDIA INPUT INFRASTRUCTURE (V4L/DVB),OMNIVISION OV08D10 SENSOR DRIVER,1531,34400
MEDIA INPUT INFRASTRUCTURE (V4L/DVB),OMNIVISION OV08X40 SENSOR DRIVER,3325,64882
MEDIA INPUT INFRASTRUCTURE (V4L/DVB),OMNIVISION OV13858 SENSOR DRIVER,1820,39739
MEDIA INPUT INFRASTRUCTURE (V4L/DVB),OMNIVISION OV13B10 SENSOR DRIVER,1609,36481
MEDIA INPUT INFRASTRUCTURE (V4L/DVB),OMNIVISION OV2680 SENSOR DRIVER,1383,35382
MEDIA INPUT INFRASTRUCTURE (V4L/DVB),OMNIVISION OV2685 SENSOR DRIVER,1015,23667
MEDIA INPUT INFRASTRUCTURE (V4L/DVB),OMNIVISION OV2740 SENSOR DRIVER,1229,29211
MEDIA INPUT INFRASTRUCTURE (V4L/DVB),OMNIVISION OV4689 SENSOR DRIVER,1661,37715
MEDIA INPUT INFRASTRUCTURE (V4L/DVB),OMNIVISION OV5640 SENSOR DRIVER,4002,104047
MEDIA INPUT INFRASTRUCTURE (V4L/DVB),OMNIVISION OV5647 SENSOR DRIVER,1602,36342
MEDIA INPUT INFRASTRUCTURE (V4L/DVB),OMNIVISION OV5670 SENSOR DRIVER,2959,61917
MEDIA INPUT INFRASTRUCTURE (V4L/DVB),OMNIVISION OV5675 SENSOR DRIVER,1569,36749
MEDIA INPUT INFRASTRUCTURE (V4L/DVB),OMNIVISION OV5693 SENSOR DRIVER,1575,40959
MEDIA INPUT INFRASTRUCTURE (V4L/DVB),OMNIVISION OV5695 SENSOR DRIVER,1402,30430
MEDIA INPUT INFRASTRUCTURE (V4L/DVB),OMNIVISION OV7670 SENSOR DRIVER,2096,55996
MEDIA INPUT INFRASTRUCTURE (V4L/DVB),OMNIVISION OV772x SENSOR DRIVER,1755,49865
MEDIA INPUT INFRASTRUCTURE (V4L/DVB),OMNIVISION OV7740 SENSOR DRIVER,1270,29518
MEDIA INPUT INFRASTRUCTURE (V4L/DVB),OMNIVISION OV8856 SENSOR DRIVER,2673,58489
MEDIA INPUT INFRASTRUCTURE (V4L/DVB),OMNIVISION OV8858 SENSOR DRIVER,2108,52042
MEDIA INPUT INFRASTRUCTURE (V4L/DVB),OMNIVISION OV9282 SENSOR DRIVER,1630,39464
MEDIA INPUT INFRASTRUCTURE (V4L/DVB),OMNIVISION OV9640 SENSOR DRIVER,981,24165
MEDIA INPUT INFRASTRUCTURE (V4L/DVB),OMNIVISION OV9650 SENSOR DRIVER,1619,43114
MEDIA INPUT INFRASTRUCTURE (V4L/DVB),OMNIVISION OV9734 SENSOR DRIVER,1040,24612
MEDIA INPUT INFRASTRUCTURE (V4L/DVB),OPEN FIRMWARE AND FLATTENED DEVICE TREE BINDINGS,23077,591484
MEDIA INPUT INFRASTRUCTURE (V4L/DVB),OV2659 OMNIVISION SENSOR DRIVER,1618,38956
MEDIA INPUT INFRASTRUCTURE (V4L/DVB),PULSE8-CEC DRIVER,939,25300
MEDIA INPUT INFRASTRUCTURE (V4L/DVB),PVRUSB2 VIDEO4LINUX DRIVER,15047,415165
MEDIA INPUT INFRASTRUCTURE (V4L/DVB),PWC WEBCAM DRIVER,6654,224389
MEDIA INPUT INFRASTRUCTURE (V4L/DVB),PWM IR Transmitter,130,2792
MEDIA INPUT INFRASTRUCTURE (V4L/DVB),QM1D1B0004 MEDIA DRIVER,289,6694
MEDIA INPUT INFRASTRUCTURE (V4L/DVB),QM1D1C0042 MEDIA DRIVER,483,11502
MEDIA INPUT INFRASTRUCTURE (V4L/DVB),QT1010 MEDIA DRIVER,583,15486
MEDIA INPUT INFRASTRUCTURE (V4L/DVB),QUALCOMM CAMERA SUBSYSTEM DRIVER,18300,493664
MEDIA INPUT INFRASTRUCTURE (V4L/DVB),QUALCOMM VENUS VIDEO ACCELERATOR DRIVER,20116,531886
MEDIA INPUT INFRASTRUCTURE (V4L/DVB),RADIOSHARK RADIO DRIVER,429,11778
MEDIA INPUT INFRASTRUCTURE (V4L/DVB),RADIOSHARK2 RADIO DRIVER,982,26673
MEDIA INPUT INFRASTRUCTURE (V4L/DVB),RAINSHADOW-CEC DRIVER,395,8988
MEDIA INPUT INFRASTRUCTURE (V4L/DVB),RC-CORE / LIRC FRAMEWORK,47448,1238943
MEDIA INPUT INFRASTRUCTURE (V4L/DVB),RCMM REMOTE CONTROLS DECODER,255,5473
MEDIA INPUT INFRASTRUCTURE (V4L/DVB),RDACM20 Camera Sensor,1418,47935
MEDIA INPUT INFRASTRUCTURE (V4L/DVB),RDACM21 Camera Sensor,1376,35365
MEDIA INPUT INFRASTRUCTURE (V4L/DVB),ROCKCHIP ISP V1 DRIVER,10079,342894
MEDIA INPUT INFRASTRUCTURE (V4L/DVB),ROCKCHIP RASTER 2D GRAPHIC ACCELERATION UNIT DRIVER,2212,51881
MEDIA INPUT INFRASTRUCTURE (V4L/DVB),ROCKCHIP VIDEO DECODER DRIVER,3842,124453
MEDIA INPUT INFRASTRUCTURE (V4L/DVB),ROTATION DRIVER FOR ALLWINNER A83T,1441,33946
MEDIA INPUT INFRASTRUCTURE (V4L/DVB),RTL2830 MEDIA DRIVER,975,22682
MEDIA INPUT INFRASTRUCTURE (V4L/DVB),RTL2832 MEDIA DRIVER,3154,84512
MEDIA INPUT INFRASTRUCTURE (V4L/DVB),RTL2832_SDR MEDIA DRIVER,1542,43145
MEDIA INPUT INFRASTRUCTURE (V4L/DVB),SAA6588 RDS RECEIVER DRIVER,513,12262
MEDIA INPUT INFRASTRUCTURE (V4L/DVB),SAA7134 VIDEO4LINUX DRIVER,20151,554740
MEDIA INPUT INFRASTRUCTURE (V4L/DVB),SAA7146 VIDEO4LINUX-2 DRIVER,5921,170807
MEDIA INPUT INFRASTRUCTURE (V4L/DVB),SAMSUNG S3C24XX/S3C64XX SOC SERIES CAMIF DRIVER,3618,99376
MEDIA INPUT INFRASTRUCTURE (V4L/DVB),SAMSUNG S5C73M3 CAMERA DRIVER,3059,78404
MEDIA INPUT INFRASTRUCTURE (V4L/DVB),SAMSUNG S5K5BAF CAMERA DRIVER,2033,51000
MEDIA INPUT INFRASTRUCTURE (V4L/DVB),SAMSUNG S5P/EXYNOS4 SOC SERIES CAMERA SUBSYSTEM DRIVERS,18289,486728
MEDIA INPUT INFRASTRUCTURE (V4L/DVB),SECO BOARDS CEC DRIVER,929,21288
MEDIA INPUT INFRASTRUCTURE (V4L/DVB),SERIAL IR RECEIVER,844,20637
MEDIA INPUT INFRASTRUCTURE (V4L/DVB),SHARP RJ54N1CB0C SENSOR DRIVER,1449,36195
MEDIA INPUT INFRASTRUCTURE (V4L/DVB),SH_VOU V4L2 OUTPUT DRIVER,1404,38135
MEDIA INPUT INFRASTRUCTURE (V4L/DVB),SI2157 MEDIA DRIVER,1154,29071
MEDIA INPUT INFRASTRUCTURE (V4L/DVB),SI2165 MEDIA DRIVER,1459,33821
MEDIA INPUT INFRASTRUCTURE (V4L/DVB),SI2168 MEDIA DRIVER,918,22224
MEDIA INPUT INFRASTRUCTURE (V4L/DVB),SI470X FM RADIO RECEIVER I2C DRIVER,593,14903
MEDIA INPUT INFRASTRUCTURE (V4L/DVB),SI470X FM RADIO RECEIVER USB DRIVER,1867,54012
MEDIA INPUT INFRASTRUCTURE (V4L/DVB),SI4713 FM RADIO TRANSMITTER I2C DRIVER,1919,50027
MEDIA INPUT INFRASTRUCTURE (V4L/DVB),SI4713 FM RADIO TRANSMITTER PLATFORM DRIVER,211,6312
MEDIA INPUT INFRASTRUCTURE (V4L/DVB),SI4713 FM RADIO TRANSMITTER USB DRIVER,522,14963
MEDIA INPUT INFRASTRUCTURE (V4L/DVB),SIANO DVB DRIVER,7097,219438
MEDIA INPUT INFRASTRUCTURE (V4L/DVB),SOFTLOGIC 6x10 MPEG CODEC,7012,196065
MEDIA INPUT INFRASTRUCTURE (V4L/DVB),SONY IMX208 SENSOR DRIVER,1114,27571
MEDIA INPUT INFRASTRUCTURE (V4L/DVB),SONY IMX214 SENSOR DRIVER,1248,26669
MEDIA INPUT INFRASTRUCTURE (V4L/DVB),SONY IMX219 SENSOR DRIVER,1598,41202
MEDIA INPUT INFRASTRUCTURE (V4L/DVB),SONY IMX258 SENSOR DRIVER,1542,35619
MEDIA INPUT INFRASTRUCTURE (V4L/DVB),SONY IMX274 SENSOR DRIVER,2252,55481
MEDIA INPUT INFRASTRUCTURE (V4L/DVB),SONY IMX290 SENSOR DRIVER,1808,48747
MEDIA INPUT INFRASTRUCTURE (V4L/DVB),SONY IMX296 SENSOR DRIVER,1271,36857
MEDIA INPUT INFRASTRUCTURE (V4L/DVB),SONY IMX319 SENSOR DRIVER,2572,55442
MEDIA INPUT INFRASTRUCTURE (V4L/DVB),SONY IMX334 SENSOR DRIVER,1521,35014
MEDIA INPUT INFRASTRUCTURE (V4L/DVB),SONY IMX335 SENSOR DRIVER,1218,28949
MEDIA INPUT INFRASTRUCTURE (V4L/DVB),SONY IMX355 SENSOR DRIVER,1858,41570
MEDIA INPUT INFRASTRUCTURE (V4L/DVB),SONY IMX412 SENSOR DRIVER,1410,32707
MEDIA INPUT INFRASTRUCTURE (V4L/DVB),SONY IMX415 SENSOR DRIVER,1423,38548
MEDIA INPUT INFRASTRUCTURE (V4L/DVB),SP2 MEDIA DRIVER,512,11041
MEDIA INPUT INFRASTRUCTURE (V4L/DVB),ST MIPID02 CSI-2 TO PARALLEL BRIDGE DRIVER,1297,33420
MEDIA INPUT INFRASTRUCTURE (V4L/DVB),ST VGXY61 DRIVER,2102,58936
MEDIA INPUT INFRASTRUCTURE (V4L/DVB),STAGING - ATOMISP DRIVER,118282,3646657
MEDIA INPUT INFRASTRUCTURE (V4L/DVB),STAGING SUBSYSTEM,204874,6108896
MEDIA INPUT INFRASTRUCTURE (V4L/DVB),STI CEC DRIVER,464,11506
MEDIA INPUT INFRASTRUCTURE (V4L/DVB),STK1160 USB VIDEO CAPTURE DRIVER,2605,63161
MEDIA INPUT INFRASTRUCTURE (V4L/DVB),TC90522 MEDIA DRIVER,888,21113
MEDIA INPUT INFRASTRUCTURE (V4L/DVB),TDA10071 MEDIA DRIVER,1400,31460
MEDIA INPUT INFRASTRUCTURE (V4L/DVB),TDA18212 MEDIA DRIVER,306,6444
MEDIA INPUT INFRASTRUCTURE (V4L/DVB),TDA18218 MEDIA DRIVER,458,12188
MEDIA INPUT INFRASTRUCTURE (V4L/DVB),TDA18250 MEDIA DRIVER,1067,24806
MEDIA INPUT INFRASTRUCTURE (V4L/DVB),TDA18271 MEDIA DRIVER,3705,105846
MEDIA INPUT INFRASTRUCTURE (V4L/DVB),TDA1997x MEDIA DRIVER,3490,99632
MEDIA INPUT INFRASTRUCTURE (V4L/DVB),TDA827x MEDIA DRIVER,927,25944
MEDIA INPUT INFRASTRUCTURE (V4L/DVB),TDA8290 MEDIA DRIVER,927,25944
MEDIA INPUT INFRASTRUCTURE (V4L/DVB),TDA9840 MEDIA DRIVER,199,4846
MEDIA INPUT INFRASTRUCTURE (V4L/DVB),TEA5761 TUNER DRIVER,376,9707
MEDIA INPUT INFRASTRUCTURE (V4L/DVB),TEA5767 TUNER DRIVER,527,13298
MEDIA INPUT INFRASTRUCTURE (V4L/DVB),TEA6415C MEDIA DRIVER,186,4155
MEDIA INPUT INFRASTRUCTURE (V4L/DVB),TEA6420 MEDIA DRIVER,165,3878
MEDIA INPUT INFRASTRUCTURE (V4L/DVB),TECHNOTREND USB IR RECEIVER,434,9854
MEDIA INPUT INFRASTRUCTURE (V4L/DVB),TECHWELL TW9910 VIDEO DECODER,1064,25674
MEDIA INPUT INFRASTRUCTURE (V4L/DVB),TEGRA ARCHITECTURE SUPPORT,9830,267077
MEDIA INPUT INFRASTRUCTURE (V4L/DVB),TEGRA VIDEO DRIVER,5794,163275
MEDIA INPUT INFRASTRUCTURE (V4L/DVB),THANKO'S RAREMONO AM/FM/SW RADIO RECEIVER USB DRIVER,389,10689
MEDIA INPUT INFRASTRUCTURE (V4L/DVB),THE REST,1753636,50507034
MEDIA INPUT INFRASTRUCTURE (V4L/DVB),TI AM437X VPFE DRIVER,3078,82096
MEDIA INPUT INFRASTRUCTURE (V4L/DVB),TI DAVINCI SERIES MEDIA DRIVER,4891,133407
MEDIA INPUT INFRASTRUCTURE (V4L/DVB),TI FPD-LINK DRIVERS,7108,176848
MEDIA INPUT INFRASTRUCTURE (V4L/DVB),TI VPE/CAL DRIVERS,11623,339216
MEDIA INPUT INFRASTRUCTURE (V4L/DVB),TOSHIBA TC358743 DRIVER,3138,97351
MEDIA INPUT INFRASTRUCTURE (V4L/DVB),TUA9001 MEDIA DRIVER,339,6899
MEDIA INPUT INFRASTRUCTURE (V4L/DVB),TW5864 VIDEO4LINUX DRIVER,4479,135931
MEDIA INPUT INFRASTRUCTURE (V4L/DVB),TW68 VIDEO4LINUX DRIVER,2064,59765
MEDIA INPUT INFRASTRUCTURE (V4L/DVB),TW686X VIDEO4LINUX DRIVER,2508,66686
MEDIA INPUT INFRASTRUCTURE (V4L/DVB),USB VIDEO CLASS,12209,329351
MEDIA INPUT INFRASTRUCTURE (V4L/DVB),V4L2 ASYNC AND FWNODE FRAMEWORKS,2985,84175
MEDIA INPUT INFRASTRUCTURE (V4L/DVB),V4L2 CAMERA SENSOR DRIVERS,96154,2350664
MEDIA INPUT INFRASTRUCTURE (V4L/DVB),V4L2 LENS DRIVERS,3077,78037
MEDIA INPUT INFRASTRUCTURE (V4L/DVB),VICODEC VIRTUAL CODEC DRIVER,3758,104194
MEDIA INPUT INFRASTRUCTURE (V4L/DVB),VIDEO I2C POLLING DRIVER,971,23824
MEDIA INPUT INFRASTRUCTURE (V4L/DVB),VIDEO MULTIPLEXER DRIVER,497,13625
MEDIA INPUT INFRASTRUCTURE (V4L/DVB),VIDEOBUF2 FRAMEWORK,8983,253863
MEDIA INPUT INFRASTRUCTURE (V4L/DVB),VIDTV VIRTUAL DIGITAL TV DRIVER,7655,212128
MEDIA INPUT INFRASTRUCTURE (V4L/DVB),VIMC VIRTUAL MEDIA CONTROLLER DRIVER,3528,94252
MEDIA INPUT INFRASTRUCTURE (V4L/DVB),VISL VIRTUAL STATELESS DECODER DRIVER,3641,110985
MEDIA INPUT INFRASTRUCTURE (V4L/DVB),VIVID VIRTUAL VIDEO DRIVER,14368,421823
MEDIA INPUT INFRASTRUCTURE (V4L/DVB),WINBOND CIR DRIVER,1220,33703
MEDIA INPUT INFRASTRUCTURE (V4L/DVB),XBOX DVD IR REMOTE,367,9296
MEDIA INPUT INFRASTRUCTURE (V4L/DVB),XC2028/3028 TUNER DRIVER,1737,41957
MEDIA INPUT INFRASTRUCTURE (V4L/DVB),XILINX VIDEO IP CORES,4967,136411
MEDIA INPUT INFRASTRUCTURE (V4L/DVB),ZD1301 MEDIA DRIVER,289,7091
MEDIA INPUT INFRASTRUCTURE (V4L/DVB),ZD1301_DEMOD MEDIA DRIVER,601,14378
MEDIA INPUT INFRASTRUCTURE (V4L/DVB),ZR36067 VIDEO FOR LINUX DRIVER,7763,226357
MEDIATEK BLUETOOTH DRIVER,MEDIATEK BLUETOOTH DRIVER,1115,28157
MEDIATEK BLUETOOTH DRIVER,NETWORKING DRIVERS,116,3687
MEDIATEK BLUETOOTH DRIVER,OPEN FIRMWARE AND FLATTENED DEVICE TREE BINDINGS,116,3687
MEDIATEK BLUETOOTH DRIVER,THE REST,1115,28157
MEDIATEK BOARD LEVEL SHUTDOWN DRIVERS,MEDIATEK BOARD LEVEL SHUTDOWN DRIVERS,119,2794
MEDIATEK BOARD LEVEL SHUTDOWN DRIVERS,OPEN FIRMWARE AND FLATTENED DEVICE TREE BINDINGS,20,531
MEDIATEK BOARD LEVEL SHUTDOWN DRIVERS,SYSTEM RESET/SHUTDOWN DRIVERS,119,2794
MEDIATEK BOARD LEVEL SHUTDOWN DRIVERS,THE REST,119,2794
MEDIATEK CIR DRIVER,MEDIATEK CIR DRIVER,453,11825
MEDIATEK CIR DRIVER,RC-CORE / LIRC FRAMEWORK,453,11825
MEDIATEK CIR DRIVER,THE REST,453,11825
MEDIATEK DMA DRIVER,MEDIATEK DMA DRIVER,2719,73229
MEDIATEK DMA DRIVER,OPEN FIRMWARE AND FLATTENED DEVICE TREE BINDINGS,33,1161
MEDIATEK DMA DRIVER,THE REST,2719,73229
MEDIATEK ETHERNET DRIVER,MEDIATEK ETHERNET DRIVER,15351,398823
MEDIATEK ETHERNET DRIVER,NETWORKING DRIVERS,15351,398823
MEDIATEK ETHERNET DRIVER,THE REST,15351,398823
MEDIATEK ETHERNET PCS DRIVER,MEDIATEK ETHERNET PCS DRIVER,319,9259
MEDIATEK ETHERNET PCS DRIVER,NETWORKING DRIVERS,306,8881
MEDIATEK ETHERNET PCS DRIVER,THE REST,319,9259
MEDIATEK ETHERNET PHY DRIVERS,MEDIATEK ETHERNET PHY DRIVERS,1645,49180
MEDIATEK ETHERNET PHY DRIVERS,NETWORKING DRIVERS,1645,49180
MEDIATEK ETHERNET PHY DRIVERS,THE REST,1645,49180
MEDIATEK I2C CONTROLLER DRIVER,MEDIATEK I2C CONTROLLER DRIVER,1693,45854
MEDIATEK I2C CONTROLLER DRIVER,OPEN FIRMWARE AND FLATTENED DEVICE TREE BINDINGS,129,3156
MEDIATEK I2C CONTROLLER DRIVER,THE REST,1693,45854
MEDIATEK IOMMU DRIVER,MEDIATEK IOMMU DRIVER,5000,188357
MEDIATEK IOMMU DRIVER,MEMORY CONTROLLER DRIVERS,2217,103431
MEDIATEK IOMMU DRIVER,OPEN FIRMWARE AND FLATTENED DEVICE TREE BINDINGS,2447,110926
MEDIATEK IOMMU DRIVER,THE REST,5000,188357
MEDIATEK JPEG DRIVER,MEDIATEK JPEG DRIVER,3885,106056
MEDIATEK JPEG DRIVER,OPEN FIRMWARE AND FLATTENED DEVICE TREE BINDINGS,155,3758
MEDIATEK JPEG DRIVER,THE REST,3885,106056
MEDIATEK KEYPAD DRIVER,MEDIATEK KEYPAD DRIVER,358,9212
MEDIATEK KEYPAD DRIVER,OPEN FIRMWARE AND FLATTENED DEVICE TREE BINDINGS,83,1896
MEDIATEK KEYPAD DRIVER,THE REST,358,9212
MEDIATEK MDP DRIVER,MEDIATEK MDP DRIVER,3778,99391
MEDIATEK MDP DRIVER,MEDIATEK MEDIA DRIVER,1262,32608
MEDIATEK MDP DRIVER,OPEN FIRMWARE AND FLATTENED DEVICE TREE BINDINGS,95,3149
MEDIATEK MDP DRIVER,THE REST,3778,99391
MEDIATEK MEDIA DRIVER,MEDIATEK MEDIA DRIVER,23119,669843
MEDIATEK MEDIA DRIVER,OPEN FIRMWARE AND FLATTENED DEVICE TREE BINDINGS,683,20206
MEDIATEK MEDIA DRIVER,THE REST,23119,669843
MEDIATEK MMC/SD/SDIO DRIVER,MEDIATEK MMC/SD/SDIO DRIVER,3424,99758
MEDIATEK MMC/SD/SDIO DRIVER,"MULTIMEDIA CARD (MMC), SECURE DIGITAL (SD) AND SDIO SUBSYSTEM",3424,99758
MEDIATEK MMC/SD/SDIO DRIVER,OPEN FIRMWARE AND FLATTENED DEVICE TREE BINDINGS,360,10057
MEDIATEK MMC/SD/SDIO DRIVER,THE REST,3424,99758
MEDIATEK MT76 WIRELESS LAN DRIVER,MEDIATEK MT76 WIRELESS LAN DRIVER,93453,2448290
MEDIATEK MT76 WIRELESS LAN DRIVER,NETWORKING DRIVERS,301,9075
MEDIATEK MT76 WIRELESS LAN DRIVER,NETWORKING DRIVERS (WIRELESS),93453,2448290
MEDIATEK MT76 WIRELESS LAN DRIVER,OPEN FIRMWARE AND FLATTENED DEVICE TREE BINDINGS,301,9075
MEDIATEK MT76 WIRELESS LAN DRIVER,THE REST,93453,2448290
MEDIATEK MT7601U WIRELESS LAN DRIVER,MEDIATEK MT7601U WIRELESS LAN DRIVER,7792,196536
MEDIATEK MT7601U WIRELESS LAN DRIVER,NETWORKING DRIVERS (WIRELESS),7792,196536
MEDIATEK MT7601U WIRELESS LAN DRIVER,THE REST,7792,196536
MEDIATEK MT7621 CLOCK DRIVER,MEDIATEK MT7621 CLOCK DRIVER,663,16446
MEDIATEK MT7621 CLOCK DRIVER,OPEN FIRMWARE AND FLATTENED DEVICE TREE BINDINGS,80,1975
MEDIATEK MT7621 CLOCK DRIVER,THE REST,663,16446
MEDIATEK MT7621 PCIE CONTROLLER DRIVER,MEDIATEK MT7621 PCIE CONTROLLER DRIVER,697,17072
MEDIATEK MT7621 PCIE CONTROLLER DRIVER,OPEN FIRMWARE AND FLATTENED DEVICE TREE BINDINGS,145,3910
MEDIATEK MT7621 PCIE CONTROLLER DRIVER,PCI NATIVE HOST BRIDGE AND ENDPOINT DRIVERS,697,17072
MEDIATEK MT7621 PCIE CONTROLLER DRIVER,PCI SUBSYSTEM,697,17072
MEDIATEK MT7621 PCIE CONTROLLER DRIVER,PCIE DRIVER FOR MEDIATEK,145,3910
MEDIATEK MT7621 PCIE CONTROLLER DRIVER,THE REST,697,17072
MEDIATEK MT7621 PHY PCI DRIVER,MEDIATEK MT7621 PHY PCI DRIVER,400,10736
MEDIATEK MT7621 PHY PCI DRIVER,OPEN FIRMWARE AND FLATTENED DEVICE TREE BINDINGS,41,770
MEDIATEK MT7621 PHY PCI DRIVER,THE REST,400,10736
MEDIATEK MT7621/28/88 I2C DRIVER,MEDIATEK MT7621/28/88 I2C DRIVER,407,9510
MEDIATEK MT7621/28/88 I2C DRIVER,OPEN FIRMWARE AND FLATTENED DEVICE TREE BINDINGS,61,1111
MEDIATEK MT7621/28/88 I2C DRIVER,THE REST,407,9510
MEDIATEK MTMIPS CLOCK DRIVER,MEDIATEK MTMIPS CLOCK DRIVER,1181,30891
MEDIATEK MTMIPS CLOCK DRIVER,OPEN FIRMWARE AND FLATTENED DEVICE TREE BINDINGS,64,1541
MEDIATEK MTMIPS CLOCK DRIVER,THE REST,1181,30891
MEDIATEK NAND CONTROLLER DRIVER,MEDIATEK NAND CONTROLLER DRIVER,1807,45228
MEDIATEK NAND CONTROLLER DRIVER,MEMORY TECHNOLOGY DEVICES (MTD),1807,45228
MEDIATEK NAND CONTROLLER DRIVER,NAND FLASH SUBSYSTEM,1653,41419
MEDIATEK NAND CONTROLLER DRIVER,OPEN FIRMWARE AND FLATTENED DEVICE TREE BINDINGS,154,3809
MEDIATEK NAND CONTROLLER DRIVER,THE REST,1807,45228
MEDIATEK PMIC LED DRIVER,MEDIATEK PMIC LED DRIVER,800,20647
MEDIATEK PMIC LED DRIVER,OPEN FIRMWARE AND FLATTENED DEVICE TREE BINDINGS,63,1733
MEDIATEK PMIC LED DRIVER,THE REST,800,20647
MEDIATEK RANDOM NUMBER GENERATOR SUPPORT,MEDIATEK RANDOM NUMBER GENERATOR SUPPORT,201,4555
MEDIATEK RANDOM NUMBER GENERATOR SUPPORT,THE REST,201,4555
MEDIATEK SMI DRIVER,MEDIATEK SMI DRIVER,1228,38058
MEDIATEK SMI DRIVER,MEMORY CONTROLLER DRIVERS,1198,37443
MEDIATEK SMI DRIVER,OPEN FIRMWARE AND FLATTENED DEVICE TREE BINDINGS,327,8719
MEDIATEK SMI DRIVER,THE REST,1228,38058
MEDIATEK SWITCH DRIVER,MEDIATEK SWITCH DRIVER,4567,119392
MEDIATEK SWITCH DRIVER,NETWORKING DRIVERS,4459,116706
MEDIATEK SWITCH DRIVER,NETWORKING [DSA],4567,119392
MEDIATEK SWITCH DRIVER,NETWORKING [GENERAL],108,2686
MEDIATEK SWITCH DRIVER,THE REST,4567,119392
MEDIATEK T7XX 5G WWAN MODEM DRIVER,MEDIATEK T7XX 5G WWAN MODEM DRIVER,11445,323031
MEDIATEK T7XX 5G WWAN MODEM DRIVER,NETWORKING DRIVERS,11445,323031
MEDIATEK T7XX 5G WWAN MODEM DRIVER,THE REST,11445,323031
MEDIATEK T7XX 5G WWAN MODEM DRIVER,WWAN DRIVERS,11445,323031
MEDIATEK USB3 DRD IP DRIVER,MEDIATEK USB3 DRD IP DRIVER,9451,244600
MEDIATEK USB3 DRD IP DRIVER,OPEN FIRMWARE AND FLATTENED DEVICE TREE BINDINGS,805,22598
MEDIATEK USB3 DRD IP DRIVER,THE REST,9451,244600
MEDIATEK USB3 DRD IP DRIVER,USB SUBSYSTEM,9451,244600
MEDIATEK USB3 DRD IP DRIVER,USB XHCI DRIVER,1793,45869
MEGACHIPS STDPXXXX-GE-B850V3-FW LVDS/DP++ BRIDGES,MEGACHIPS STDPXXXX-GE-B850V3-FW LVDS/DP++ BRIDGES,550,14219
MEGACHIPS STDPXXXX-GE-B850V3-FW LVDS/DP++ BRIDGES,OPEN FIRMWARE AND FLATTENED DEVICE TREE BINDINGS,91,2257
MEGACHIPS STDPXXXX-GE-B850V3-FW LVDS/DP++ BRIDGES,THE REST,550,14219
MEGARAID SCSI/SAS DRIVERS,MEGARAID SCSI/SAS DRIVERS,33098,885777
MEGARAID SCSI/SAS DRIVERS,SCSI SUBSYSTEM,33021,882622
MEGARAID SCSI/SAS DRIVERS,THE REST,33098,885777
MELEXIS MLX90614 DRIVER,MELEXIS MLX90614 DRIVER,787,22158
MELEXIS MLX90614 DRIVER,THE REST,787,22158
MELEXIS MLX90632 DRIVER,MELEXIS MLX90632 DRIVER,1347,38690
MELEXIS MLX90632 DRIVER,THE REST,1347,38690
MELFAS MIP4 TOUCHSCREEN DRIVER,MELFAS MIP4 TOUCHSCREEN DRIVER,1621,38864
MELFAS MIP4 TOUCHSCREEN DRIVER,OPEN FIRMWARE AND FLATTENED DEVICE TREE BINDINGS,20,517
MELFAS MIP4 TOUCHSCREEN DRIVER,THE REST,1621,38864
MELLANOX BLUEFIELD I2C DRIVER,MELLANOX BLUEFIELD I2C DRIVER,2493,73848
MELLANOX BLUEFIELD I2C DRIVER,THE REST,2493,73848
MELLANOX ETHERNET DRIVER (mlx4_en),MELLANOX ETHERNET DRIVER (mlx4_en),11339,318617
MELLANOX ETHERNET DRIVER (mlx4_en),MELLANOX MLX4 core VPI driver,11339,318617
MELLANOX ETHERNET DRIVER (mlx4_en),NETWORKING DRIVERS,11339,318617
MELLANOX ETHERNET DRIVER (mlx4_en),THE REST,11339,318617
MELLANOX ETHERNET DRIVER (mlx5e),MELLANOX ETHERNET DRIVER (mlx5e),29096,823818
MELLANOX ETHERNET DRIVER (mlx5e),MELLANOX MLX5 core VPI driver,29096,823818
MELLANOX ETHERNET DRIVER (mlx5e),NETWORKING DRIVERS,29096,823818
MELLANOX ETHERNET DRIVER (mlx5e),THE REST,29096,823818
MELLANOX ETHERNET INNOVA DRIVERS,MELLANOX ETHERNET INNOVA DRIVERS,12589,347600
MELLANOX ETHERNET INNOVA DRIVERS,MELLANOX MLX5 IB driver,381,9076
MELLANOX ETHERNET INNOVA DRIVERS,MELLANOX MLX5 core VPI driver,12589,347600
MELLANOX ETHERNET INNOVA DRIVERS,NETWORKING DRIVERS,12208,338524
MELLANOX ETHERNET INNOVA DRIVERS,THE REST,12589,347600
MELLANOX ETHERNET SWITCH DRIVERS,MELLANOX ETHERNET SWITCH DRIVERS,107769,3024788
MELLANOX ETHERNET SWITCH DRIVERS,NETWORKING DRIVERS,87164,2512618
MELLANOX ETHERNET SWITCH DRIVERS,THE REST,107769,3024788
MELLANOX FIRMWARE FLASH LIBRARY (mlxfw),MELLANOX FIRMWARE FLASH LIBRARY (mlxfw),1500,42928
MELLANOX FIRMWARE FLASH LIBRARY (mlxfw),NETWORKING DRIVERS,1500,42928
MELLANOX FIRMWARE FLASH LIBRARY (mlxfw),THE REST,1500,42928
MELLANOX HARDWARE PLATFORM SUPPORT,MELLANOX HARDWARE PLATFORM SUPPORT,7950,222372
MELLANOX HARDWARE PLATFORM SUPPORT,THE REST,7950,222372
MELLANOX MLX4 IB driver,MELLANOX MLX4 IB driver,20356,567853
MELLANOX MLX4 IB driver,MELLANOX MLX4 core VPI driver,2844,77772
MELLANOX MLX4 IB driver,THE REST,20356,567853
MELLANOX MLX4 core VPI driver,MELLANOX MLX4 core VPI driver,45461,1260633
MELLANOX MLX4 core VPI driver,NETWORKING DRIVERS,42617,1182861
MELLANOX MLX4 core VPI driver,THE REST,45461,1260633
MELLANOX MLX5 IB driver,MELLANOX MLX5 IB driver,52698,1395860
MELLANOX MLX5 IB driver,MELLANOX MLX5 core VPI driver,18141,452407
MELLANOX MLX5 IB driver,THE REST,52698,1395860
MELLANOX MLX5 core VPI driver,MELLANOX MLX5 core VPI driver,174888,4906235
MELLANOX MLX5 core VPI driver,NETWORKING DRIVERS,154739,4379667
MELLANOX MLX5 core VPI driver,NETWORKING [GENERAL],2008,74161
MELLANOX MLX5 core VPI driver,THE REST,174888,4906235
MELLANOX MLX5 core VPI driver,XDP (eXpress Data Path),1148,33257
MELLANOX MLXCPLD I2C AND MUX DRIVER,MELLANOX MLXCPLD I2C AND MUX DRIVER,855,22689
MELLANOX MLXCPLD I2C AND MUX DRIVER,THE REST,855,22689
MELLANOX MLXCPLD LED DRIVER,MELLANOX MLXCPLD LED DRIVER,853,23621
MELLANOX MLXCPLD LED DRIVER,THE REST,853,23621
MELLANOX PLATFORM DRIVER,MELLANOX PLATFORM DRIVER,6664,191924
MELLANOX PLATFORM DRIVER,THE REST,6664,191924
MELLANOX PLATFORM DRIVER,X86 PLATFORM DRIVERS,6664,191924
MEMBARRIER SUPPORT,MEMBARRIER SUPPORT,863,31234
MEMBARRIER SUPPORT,SCHEDULER,666,20776
MEMBARRIER SUPPORT,THE REST,863,31234
MEMBLOCK AND MEMORY MANAGEMENT INITIALIZATION,MEMBLOCK AND MEMORY MANAGEMENT INITIALIZATION,13864,388874
MEMBLOCK AND MEMORY MANAGEMENT INITIALIZATION,MEMORY MANAGEMENT,5046,144721
MEMBLOCK AND MEMORY MANAGEMENT INITIALIZATION,THE REST,13864,388874
MEMORY CONTROLLER DRIVERS,MEMORY CONTROLLER DRIVERS,47724,1308140
MEMORY CONTROLLER DRIVERS,OMAP GENERAL PURPOSE MEMORY CONTROLLER SUPPORT,2761,76236
MEMORY CONTROLLER DRIVERS,OPEN FIRMWARE AND FLATTENED DEVICE TREE BINDINGS,10870,367980
MEMORY CONTROLLER DRIVERS,TEGRA ARCHITECTURE SUPPORT,24116,607582
MEMORY CONTROLLER DRIVERS,THE REST,47724,1308140
MEMORY CONTROLLER DRIVERS,XILINX ZYNQMP OCM EDAC DRIVER,45,1232
MEMORY FREQUENCY SCALING DRIVERS FOR NVIDIA TEGRA,MEMORY FREQUENCY SCALING DRIVERS FOR NVIDIA TEGRA,983,25762
MEMORY FREQUENCY SCALING DRIVERS FOR NVIDIA TEGRA,TEGRA ARCHITECTURE SUPPORT,983,25762
MEMORY FREQUENCY SCALING DRIVERS FOR NVIDIA TEGRA,THE REST,983,25762
MEMORY HOT(UN)PLUG,MEMORY HOT(UN)PLUG,5096,151399
MEMORY HOT(UN)PLUG,MEMORY MANAGEMENT,2733,79236
MEMORY HOT(UN)PLUG,THE REST,5096,151399
MEMORY MANAGEMENT,MEMORY MANAGEMENT,222727,6056705
MEMORY MANAGEMENT,MMU GATHER AND TLB INVALIDATION,398,10128
MEMORY MANAGEMENT,PAGE CACHE,9112,271726
MEMORY MANAGEMENT,PAGE TABLE CHECK,246,5897
MEMORY MANAGEMENT,PER-CPU MEMORY ALLOCATOR,4215,125639
MEMORY MANAGEMENT,SLAB ALLOCATOR,12959,333111
MEMORY MANAGEMENT,THE REST,222727,6056705
MEMORY MANAGEMENT,TMPFS (SHMEM FILESYSTEM),4932,130354
MEMORY MANAGEMENT,TRACING,251,5380
MEMORY MANAGEMENT,VIRTIO BALLOON,258,8409
MEMORY MANAGEMENT,VMALLOC,4495,118885
MEMORY MANAGEMENT,Z3FOLD COMPRESSED PAGE ALLOCATOR,1446,37674
MEMORY MANAGEMENT,ZBUD COMPRESSED PAGE ALLOCATOR,455,13134
MEMORY MANAGEMENT,ZPOOL COMPRESSED PAGE STORAGE API,355,10188
MEMORY MANAGEMENT,ZSMALLOC COMPRESSED SLAB MEMORY ALLOCATOR,2351,57462
MEMORY MANAGEMENT,ZSWAP COMPRESSED SWAP CACHING,1647,43823
MEMORY TECHNOLOGY DEVICES (MTD),MEMORY TECHNOLOGY DEVICES (MTD),199536,5401287
MEMORY TECHNOLOGY DEVICES (MTD),MESON NAND CONTROLLER DRIVER FOR AMLOGIC SOCS,1706,42412
MEMORY TECHNOLOGY DEVICES (MTD),MICROCHIP NAND DRIVER,3995,103618
MEMORY TECHNOLOGY DEVICES (MTD),MSYSTEMS DISKONCHIP G3 MTD DRIVER,2429,66945
MEMORY TECHNOLOGY DEVICES (MTD),NAND FLASH SUBSYSTEM,98774,2686243
MEMORY TECHNOLOGY DEVICES (MTD),ONENAND FLASH DRIVER,6601,174499
MEMORY TECHNOLOGY DEVICES (MTD),OPEN FIRMWARE AND FLATTENED DEVICE TREE BINDINGS,5677,148083
MEMORY TECHNOLOGY DEVICES (MTD),PHRAM MTD DRIVER,442,9148
MEMORY TECHNOLOGY DEVICES (MTD),QUALCOMM NAND CONTROLLER DRIVER,3779,103863
MEMORY TECHNOLOGY DEVICES (MTD),RENESAS R-CAR GEN3 & RZ/N1 NAND CONTROLLER DRIVER,1483,40851
MEMORY TECHNOLOGY DEVICES (MTD),RICOH SMARTMEDIA/XD DRIVER,1246,30705
MEMORY TECHNOLOGY DEVICES (MTD),SCx200 CPU SUPPORT,219,5457
MEMORY TECHNOLOGY DEVICES (MTD),SPI NOR SUBSYSTEM,12037,345873
MEMORY TECHNOLOGY DEVICES (MTD),TEGRA ARCHITECTURE SUPPORT,1350,37359
MEMORY TECHNOLOGY DEVICES (MTD),TEGRA NAND DRIVER,1350,37359
MEMORY TECHNOLOGY DEVICES (MTD),THE REST,199536,5401287
MEMORY TECHNOLOGY DEVICES (MTD),UNSORTED BLOCK IMAGES (UBI),19660,557768
MEMORY TECHNOLOGY DEVICES (MTD),VF610 NAND DRIVER,953,25931
MEMSENSING MICROSYSTEMS MSA311 DRIVER,MEMSENSING MICROSYSTEMS MSA311 DRIVER,1356,37996
MEMSENSING MICROSYSTEMS MSA311 DRIVER,OPEN FIRMWARE AND FLATTENED DEVICE TREE BINDINGS,52,1283
MEMSENSING MICROSYSTEMS MSA311 DRIVER,THE REST,1356,37996
MEN A21 WATCHDOG DRIVER,MEN A21 WATCHDOG DRIVER,228,5228
MEN A21 WATCHDOG DRIVER,THE REST,228,5228
MEN A21 WATCHDOG DRIVER,WATCHDOG DEVICE DRIVERS,228,5228
MEN CHAMELEON BUS (mcb),MEN CHAMELEON BUS (mcb),1621,38743
MEN CHAMELEON BUS (mcb),THE REST,1621,38743
MEN F21BMC (Board Management Controller),MEN F21BMC (Board Management Controller),701,18344
MEN F21BMC (Board Management Controller),MULTIFUNCTION DEVICES (MFD),121,3013
MEN F21BMC (Board Management Controller),THE REST,701,18344
MEN F21BMC (Board Management Controller),WATCHDOG DEVICE DRIVERS,184,4882
MEN Z069 WATCHDOG DRIVER,MEN Z069 WATCHDOG DRIVER,166,4013
MEN Z069 WATCHDOG DRIVER,THE REST,166,4013
MEN Z069 WATCHDOG DRIVER,WATCHDOG DEVICE DRIVERS,166,4013
MESON AO CEC DRIVER FOR AMLOGIC SOCS,MESON AO CEC DRIVER FOR AMLOGIC SOCS,1612,41808
MESON AO CEC DRIVER FOR AMLOGIC SOCS,OPEN FIRMWARE AND FLATTENED DEVICE TREE BINDINGS,92,1891
MESON AO CEC DRIVER FOR AMLOGIC SOCS,THE REST,1612,41808
MESON GE2D DRIVER FOR AMLOGIC SOCS,MESON GE2D DRIVER FOR AMLOGIC SOCS,1483,41323
MESON GE2D DRIVER FOR AMLOGIC SOCS,OPEN FIRMWARE AND FLATTENED DEVICE TREE BINDINGS,47,815
MESON GE2D DRIVER FOR AMLOGIC SOCS,THE REST,1483,41323
MESON NAND CONTROLLER DRIVER FOR AMLOGIC SOCS,MESON NAND CONTROLLER DRIVER FOR AMLOGIC SOCS,1706,42412
MESON NAND CONTROLLER DRIVER FOR AMLOGIC SOCS,NAND FLASH SUBSYSTEM,1599,40312
MESON NAND CONTROLLER DRIVER FOR AMLOGIC SOCS,OPEN FIRMWARE AND FLATTENED DEVICE TREE BINDINGS,107,2100
MESON NAND CONTROLLER DRIVER FOR AMLOGIC SOCS,THE REST,1706,42412
MESON VIDEO DECODER DRIVER FOR AMLOGIC SOCS,MESON VIDEO DECODER DRIVER FOR AMLOGIC SOCS,7069,200459
MESON VIDEO DECODER DRIVER FOR AMLOGIC SOCS,OPEN FIRMWARE AND FLATTENED DEVICE TREE BINDINGS,140,3221
MESON VIDEO DECODER DRIVER FOR AMLOGIC SOCS,STAGING SUBSYSTEM,6929,197238
MESON VIDEO DECODER DRIVER FOR AMLOGIC SOCS,THE REST,7069,200459
METHODE UDPU SUPPORT,METHODE UDPU SUPPORT,42,960
METHODE UDPU SUPPORT,OPEN FIRMWARE AND FLATTENED DEVICE TREE BINDINGS,42,960
METHODE UDPU SUPPORT,THE REST,42,960
MHI BUS,MHI BUS,11778,337319
MHI BUS,PCI ENDPOINT SUBSYSTEM,712,18882
MHI BUS,PCI SUBSYSTEM,712,18882
MHI BUS,THE REST,11778,337319
MICROBLAZE ARCHITECTURE,MICROBLAZE ARCHITECTURE,15046,412505
MICROBLAZE ARCHITECTURE,OPEN FIRMWARE AND FLATTENED DEVICE TREE BINDINGS,375,10442
MICROBLAZE ARCHITECTURE,PTRACE SUPPORT,193,5312
MICROBLAZE ARCHITECTURE,THE REST,15046,412505
MICROBLAZE TMR INJECT,MICROBLAZE TMR INJECT,219,5613
MICROBLAZE TMR INJECT,OPEN FIRMWARE AND FLATTENED DEVICE TREE BINDINGS,47,1137
MICROBLAZE TMR INJECT,THE REST,219,5613
MICROBLAZE TMR MANAGER,MICROBLAZE TMR MANAGER,283,8292
MICROBLAZE TMR MANAGER,OPEN FIRMWARE AND FLATTENED DEVICE TREE BINDINGS,47,1152
MICROBLAZE TMR MANAGER,THE REST,283,8292
MICROCHIP AT91 DMA DRIVERS,MICROCHIP AT91 DMA DRIVERS,4867,146259
MICROCHIP AT91 DMA DRIVERS,OPEN FIRMWARE AND FLATTENED DEVICE TREE BINDINGS,93,3228
MICROCHIP AT91 DMA DRIVERS,THE REST,4867,146259
MICROCHIP AT91 SERIAL DRIVER,MICROCHIP AT91 SERIAL DRIVER,3417,96275
MICROCHIP AT91 SERIAL DRIVER,MICROCHIP AT91 USART MFD DRIVER,192,5000
MICROCHIP AT91 SERIAL DRIVER,MICROCHIP AT91 USART SPI DRIVER,192,5000
MICROCHIP AT91 SERIAL DRIVER,OPEN FIRMWARE AND FLATTENED DEVICE TREE BINDINGS,192,5000
MICROCHIP AT91 SERIAL DRIVER,THE REST,3417,96275
MICROCHIP AT91 SERIAL DRIVER,TTY LAYER AND SERIAL DRIVERS,3417,96275
MICROCHIP AT91 USART MFD DRIVER,MICROCHIP AT91 USART MFD DRIVER,277,7042
MICROCHIP AT91 USART MFD DRIVER,MICROCHIP AT91 USART SPI DRIVER,192,5000
MICROCHIP AT91 USART MFD DRIVER,MULTIFUNCTION DEVICES (MFD),85,2042
MICROCHIP AT91 USART MFD DRIVER,OPEN FIRMWARE AND FLATTENED DEVICE TREE BINDINGS,209,5388
MICROCHIP AT91 USART MFD DRIVER,THE REST,277,7042
MICROCHIP AT91 USART MFD DRIVER,TTY LAYER AND SERIAL DRIVERS,192,5000
MICROCHIP AT91 USART SPI DRIVER,MICROCHIP AT91 USART SPI DRIVER,867,21994
MICROCHIP AT91 USART SPI DRIVER,OPEN FIRMWARE AND FLATTENED DEVICE TREE BINDINGS,192,5000
MICROCHIP AT91 USART SPI DRIVER,SPI SUBSYSTEM,675,16994
MICROCHIP AT91 USART SPI DRIVER,THE REST,867,21994
MICROCHIP AT91 USART SPI DRIVER,TTY LAYER AND SERIAL DRIVERS,192,5000
MICROCHIP AUDIO ASOC DRIVERS,MICROCHIP AUDIO ASOC DRIVERS,10602,286566
MICROCHIP AUDIO ASOC DRIVERS,OPEN FIRMWARE AND FLATTENED DEVICE TREE BINDINGS,900,22596
MICROCHIP AUDIO ASOC DRIVERS,SOUND,9702,263970
MICROCHIP AUDIO ASOC DRIVERS,SOUND - SOC LAYER / DYNAMIC AUDIO POWER MANAGEMENT (ASoC),10602,286566
MICROCHIP AUDIO ASOC DRIVERS,THE REST,10602,286566
MICROCHIP CSI2DC DRIVER,MICROCHIP CSI2DC DRIVER,993,27199
MICROCHIP CSI2DC DRIVER,OPEN FIRMWARE AND FLATTENED DEVICE TREE BINDINGS,199,6038
MICROCHIP CSI2DC DRIVER,THE REST,993,27199
MICROCHIP ECC DRIVER,MICROCHIP ECC DRIVER,415,10580
MICROCHIP ECC DRIVER,THE REST,415,10580
MICROCHIP EIC DRIVER,MICROCHIP EIC DRIVER,352,8286
MICROCHIP EIC DRIVER,OPEN FIRMWARE AND FLATTENED DEVICE TREE BINDINGS,73,1746
MICROCHIP EIC DRIVER,THE REST,352,8286
MICROCHIP I2C DRIVER,MICROCHIP I2C DRIVER,1618,46955
MICROCHIP I2C DRIVER,THE REST,1618,46955
MICROCHIP ISC DRIVER,MICROCHIP ISC DRIVER,9395,258629
MICROCHIP ISC DRIVER,OPEN FIRMWARE AND FLATTENED DEVICE TREE BINDINGS,242,5608
MICROCHIP ISC DRIVER,STAGING SUBSYSTEM,4357,120142
MICROCHIP ISC DRIVER,THE REST,9395,258629
MICROCHIP ISI DRIVER,MICROCHIP ISI DRIVER,1509,38855
MICROCHIP ISI DRIVER,THE REST,1509,38855
MICROCHIP KSZ SERIES ETHERNET SWITCH DRIVER,MICROCHIP KSZ SERIES ETHERNET SWITCH DRIVER,13232,342291
MICROCHIP KSZ SERIES ETHERNET SWITCH DRIVER,NETWORKING DRIVERS,12696,327294
MICROCHIP KSZ SERIES ETHERNET SWITCH DRIVER,NETWORKING [DSA],13203,341330
MICROCHIP KSZ SERIES ETHERNET SWITCH DRIVER,NETWORKING [GENERAL],454,12824
MICROCHIP KSZ SERIES ETHERNET SWITCH DRIVER,OPEN FIRMWARE AND FLATTENED DEVICE TREE BINDINGS,354,9948
MICROCHIP KSZ SERIES ETHERNET SWITCH DRIVER,THE REST,13232,342291
MICROCHIP LAN743X ETHERNET DRIVER,MICROCHIP LAN743X ETHERNET DRIVER,8281,240875
MICROCHIP LAN743X ETHERNET DRIVER,NETWORKING DRIVERS,8281,240875
MICROCHIP LAN743X ETHERNET DRIVER,THE REST,8281,240875
MICROCHIP LAN87xx/LAN937x T1 PHY DRIVER,MICROCHIP LAN87xx/LAN937x T1 PHY DRIVER,912,25729
MICROCHIP LAN87xx/LAN937x T1 PHY DRIVER,NETWORKING DRIVERS,912,25729
MICROCHIP LAN87xx/LAN937x T1 PHY DRIVER,THE REST,912,25729
MICROCHIP LAN966X ETHERNET DRIVER,MICROCHIP LAN966X ETHERNET DRIVER,17507,475569
MICROCHIP LAN966X ETHERNET DRIVER,NETWORKING DRIVERS,17507,475569
MICROCHIP LAN966X ETHERNET DRIVER,THE REST,17507,475569
MICROCHIP LAN966X ETHERNET DRIVER,XDP (eXpress Data Path),136,2901
MICROCHIP LCDFB DRIVER,MICROCHIP LCDFB DRIVER,1506,42895
MICROCHIP LCDFB DRIVER,THE REST,1506,42895
MICROCHIP MCP16502 PMIC DRIVER,MICROCHIP MCP16502 PMIC DRIVER,746,19300
MICROCHIP MCP16502 PMIC DRIVER,OPEN FIRMWARE AND FLATTENED DEVICE TREE BINDINGS,144,3268
MICROCHIP MCP16502 PMIC DRIVER,THE REST,746,19300
MICROCHIP MCP16502 PMIC DRIVER,VOLTAGE AND CURRENT REGULATOR FRAMEWORK,746,19300
MICROCHIP MCP3911 ADC DRIVER,MICROCHIP MCP3911 ADC DRIVER,692,17292
MICROCHIP MCP3911 ADC DRIVER,OPEN FIRMWARE AND FLATTENED DEVICE TREE BINDINGS,82,2039
MICROCHIP MCP3911 ADC DRIVER,THE REST,692,17292
MICROCHIP MMC/SD/SDIO MCI DRIVER,MICROCHIP MMC/SD/SDIO MCI DRIVER,2707,76412
MICROCHIP MMC/SD/SDIO MCI DRIVER,"MULTIMEDIA CARD (MMC), SECURE DIGITAL (SD) AND SDIO SUBSYSTEM",2707,76412
MICROCHIP MMC/SD/SDIO MCI DRIVER,THE REST,2707,76412
MICROCHIP NAND DRIVER,MICROCHIP NAND DRIVER,3995,103618
MICROCHIP NAND DRIVER,NAND FLASH SUBSYSTEM,3760,95906
MICROCHIP NAND DRIVER,OPEN FIRMWARE AND FLATTENED DEVICE TREE BINDINGS,235,7712
MICROCHIP NAND DRIVER,THE REST,3995,103618
MICROCHIP OTPC DRIVER,MICROCHIP OTPC DRIVER,350,9249
MICROCHIP OTPC DRIVER,NVMEM FRAMEWORK,338,8968
MICROCHIP OTPC DRIVER,OPEN FIRMWARE AND FLATTENED DEVICE TREE BINDINGS,62,1364
MICROCHIP OTPC DRIVER,THE REST,350,9249
MICROCHIP PCI1XXXX GP DRIVER,MICROCHIP PCI1XXXX GP DRIVER,1069,31232
MICROCHIP PCI1XXXX GP DRIVER,THE REST,1069,31232
MICROCHIP PCI1XXXX I2C DRIVER,MICROCHIP PCI1XXXX I2C DRIVER,1212,33787
MICROCHIP PCI1XXXX I2C DRIVER,THE REST,1212,33787
MICROCHIP PCIe UART DRIVER,MICROCHIP PCIe UART DRIVER,494,13865
MICROCHIP PCIe UART DRIVER,THE REST,494,13865
MICROCHIP PCIe UART DRIVER,TTY LAYER AND SERIAL DRIVERS,494,13865
MICROCHIP POLARFIRE FPGA DRIVERS,MICROCHIP POLARFIRE FPGA DRIVERS,457,10928
MICROCHIP POLARFIRE FPGA DRIVERS,OPEN FIRMWARE AND FLATTENED DEVICE TREE BINDINGS,45,970
MICROCHIP POLARFIRE FPGA DRIVERS,THE REST,457,10928
MICROCHIP PWM DRIVER,MICROCHIP PWM DRIVER,606,14829
MICROCHIP PWM DRIVER,OPEN FIRMWARE AND FLATTENED DEVICE TREE BINDINGS,47,969
MICROCHIP PWM DRIVER,PWM SUBSYSTEM,606,14829
MICROCHIP PWM DRIVER,THE REST,606,14829
MICROCHIP SAMA5D2-COMPATIBLE ADC DRIVER,MICROCHIP SAMA5D2-COMPATIBLE ADC DRIVER,2761,77746
MICROCHIP SAMA5D2-COMPATIBLE ADC DRIVER,OPEN FIRMWARE AND FLATTENED DEVICE TREE BINDINGS,119,2959
MICROCHIP SAMA5D2-COMPATIBLE ADC DRIVER,THE REST,2761,77746
MICROCHIP SAMA5D2-COMPATIBLE SHUTDOWN CONTROLLER,MICROCHIP SAMA5D2-COMPATIBLE SHUTDOWN CONTROLLER,569,13708
MICROCHIP SAMA5D2-COMPATIBLE SHUTDOWN CONTROLLER,OPEN FIRMWARE AND FLATTENED DEVICE TREE BINDINGS,114,2512
MICROCHIP SAMA5D2-COMPATIBLE SHUTDOWN CONTROLLER,SYSTEM RESET/SHUTDOWN DRIVERS,569,13708
MICROCHIP SAMA5D2-COMPATIBLE SHUTDOWN CONTROLLER,THE REST,569,13708
MICROCHIP SOC DRIVERS,MICROCHIP SOC DRIVERS,227,6193
MICROCHIP SOC DRIVERS,RISC-V MICROCHIP FPGA SUPPORT,216,5820
MICROCHIP SOC DRIVERS,THE REST,227,6193
MICROCHIP SPI DRIVER,MICROCHIP SPI DRIVER,1720,44515
MICROCHIP SPI DRIVER,SPI SUBSYSTEM,1720,44515
MICROCHIP SPI DRIVER,THE REST,1720,44515
MICROCHIP SSC DRIVER,MICROCHIP SSC DRIVER,666,17697
MICROCHIP SSC DRIVER,OPEN FIRMWARE AND FLATTENED DEVICE TREE BINDINGS,50,1703
MICROCHIP SSC DRIVER,THE REST,666,17697
MICROCHIP USB251XB DRIVER,MICROCHIP USB251XB DRIVER,1027,29890
MICROCHIP USB251XB DRIVER,OPEN FIRMWARE AND FLATTENED DEVICE TREE BINDINGS,271,7713
MICROCHIP USB251XB DRIVER,THE REST,1027,29890
MICROCHIP USB251XB DRIVER,USB SUBSYSTEM,1027,29890
MICROCHIP USBA UDC DRIVER,MICROCHIP USBA UDC DRIVER,2842,70393
MICROCHIP USBA UDC DRIVER,THE REST,2842,70393
MICROCHIP USBA UDC DRIVER,USB SUBSYSTEM,2842,70393
MICROCHIP WILC1000 WIFI DRIVER,MICROCHIP WILC1000 WIFI DRIVER,11471,280951
MICROCHIP WILC1000 WIFI DRIVER,NETWORKING DRIVERS (WIRELESS),11471,280951
MICROCHIP WILC1000 WIFI DRIVER,THE REST,11471,280951
MICROSEMI MIPS SOCS,MICROSEMI MIPS SOCS,1837,35565
MICROSEMI MIPS SOCS,MIPS,1762,33486
MICROSEMI MIPS SOCS,MIPS GENERIC PLATFORM,78,1858
MICROSEMI MIPS SOCS,OPEN FIRMWARE AND FLATTENED DEVICE TREE BINDINGS,1709,32844
MICROSEMI MIPS SOCS,SYSTEM RESET/SHUTDOWN DRIVERS,19,472
MICROSEMI MIPS SOCS,THE REST,1837,35565
MICROSEMI SMART ARRAY SMARTPQI DRIVER (smartpqi),MICROSEMI SMART ARRAY SMARTPQI DRIVER (smartpqi),13960,390845
MICROSEMI SMART ARRAY SMARTPQI DRIVER (smartpqi),SCSI SUBSYSTEM,13630,380881
MICROSEMI SMART ARRAY SMARTPQI DRIVER (smartpqi),THE REST,13960,390845
MICROSOFT MANA RDMA DRIVER,MICROSOFT MANA RDMA DRIVER,3655,87580
MICROSOFT MANA RDMA DRIVER,NETWORKING [GENERAL],1873,41411
MICROSOFT MANA RDMA DRIVER,THE REST,3655,87580
MICROSOFT SURFACE AGGREGATOR TABLET-MODE SWITCH,MICROSOFT SURFACE AGGREGATOR TABLET-MODE SWITCH,645,16895
MICROSOFT SURFACE AGGREGATOR TABLET-MODE SWITCH,MICROSOFT SURFACE HARDWARE PLATFORM SUPPORT,645,16895
MICROSOFT SURFACE AGGREGATOR TABLET-MODE SWITCH,THE REST,645,16895
MICROSOFT SURFACE BATTERY AND AC DRIVERS,MICROSOFT SURFACE BATTERY AND AC DRIVERS,1157,29281
MICROSOFT SURFACE BATTERY AND AC DRIVERS,POWER SUPPLY CLASS/SUBSYSTEM and DRIVERS,1157,29281
MICROSOFT SURFACE BATTERY AND AC DRIVERS,THE REST,1157,29281
MICROSOFT SURFACE DTX DRIVER,MICROSOFT SURFACE DTX DRIVER,2148,61156
MICROSOFT SURFACE DTX DRIVER,MICROSOFT SURFACE HARDWARE PLATFORM SUPPORT,1284,34235
MICROSOFT SURFACE DTX DRIVER,MICROSOFT SURFACE SYSTEM AGGREGATOR SUBSYSTEM,864,26921
MICROSOFT SURFACE DTX DRIVER,THE REST,2148,61156
MICROSOFT SURFACE GPE LID SUPPORT DRIVER,MICROSOFT SURFACE GPE LID SUPPORT DRIVER,354,9077
MICROSOFT SURFACE GPE LID SUPPORT DRIVER,MICROSOFT SURFACE HARDWARE PLATFORM SUPPORT,354,9077
MICROSOFT SURFACE GPE LID SUPPORT DRIVER,THE REST,354,9077
MICROSOFT SURFACE HARDWARE PLATFORM SUPPORT,MICROSOFT SURFACE HARDWARE PLATFORM SUPPORT,16214,466860
MICROSOFT SURFACE HARDWARE PLATFORM SUPPORT,MICROSOFT SURFACE HOT-PLUG DRIVER,275,8123
MICROSOFT SURFACE HARDWARE PLATFORM SUPPORT,MICROSOFT SURFACE PLATFORM PROFILE DRIVER,190,4941
MICROSOFT SURFACE HARDWARE PLATFORM SUPPORT,MICROSOFT SURFACE PRO 3 BUTTON DRIVER,265,7452
MICROSOFT SURFACE HARDWARE PLATFORM SUPPORT,MICROSOFT SURFACE SYSTEM AGGREGATOR HUB DRIVER,371,9981
MICROSOFT SURFACE HARDWARE PLATFORM SUPPORT,MICROSOFT SURFACE SYSTEM AGGREGATOR SUBSYSTEM,11703,344694
MICROSOFT SURFACE HARDWARE PLATFORM SUPPORT,THE REST,16214,466860
MICROSOFT SURFACE HID TRANSPORT DRIVER,MICROSOFT SURFACE HID TRANSPORT DRIVER,972,26540
MICROSOFT SURFACE HID TRANSPORT DRIVER,THE REST,972,26540
MICROSOFT SURFACE HOT-PLUG DRIVER,MICROSOFT SURFACE HOT-PLUG DRIVER,275,8123
MICROSOFT SURFACE HOT-PLUG DRIVER,THE REST,275,8123
MICROSOFT SURFACE PLATFORM PROFILE DRIVER,MICROSOFT SURFACE PLATFORM PROFILE DRIVER,190,4941
MICROSOFT SURFACE PLATFORM PROFILE DRIVER,THE REST,190,4941
MICROSOFT SURFACE PRO 3 BUTTON DRIVER,MICROSOFT SURFACE PRO 3 BUTTON DRIVER,265,7452
MICROSOFT SURFACE PRO 3 BUTTON DRIVER,THE REST,265,7452
MICROSOFT SURFACE SYSTEM AGGREGATOR HUB DRIVER,MICROSOFT SURFACE SYSTEM AGGREGATOR HUB DRIVER,371,9981
MICROSOFT SURFACE SYSTEM AGGREGATOR HUB DRIVER,THE REST,371,9981
MICROSOFT SURFACE SYSTEM AGGREGATOR SUBSYSTEM,MICROSOFT SURFACE SYSTEM AGGREGATOR SUBSYSTEM,16868,542102
MICROSOFT SURFACE SYSTEM AGGREGATOR SUBSYSTEM,THE REST,16868,542102
MICROTEK X6 SCANNER,MICROTEK X6 SCANNER,865,24387
MICROTEK X6 SCANNER,THE REST,865,24387
MICROTEK X6 SCANNER,USB SUBSYSTEM,865,24387
MIKROTIK CRS3XX 98DX3236 BOARD SUPPORT,MIKROTIK CRS3XX 98DX3236 BOARD SUPPORT,180,3408
MIKROTIK CRS3XX 98DX3236 BOARD SUPPORT,OPEN FIRMWARE AND FLATTENED DEVICE TREE BINDINGS,180,3408
MIKROTIK CRS3XX 98DX3236 BOARD SUPPORT,THE REST,180,3408
"MIPI CCS, SMIA AND SMIA++ IMAGE SENSOR DRIVER","MIPI CCS, SMIA AND SMIA++ IMAGE SENSOR DRIVER",11275,358636
"MIPI CCS, SMIA AND SMIA++ IMAGE SENSOR DRIVER",OPEN FIRMWARE AND FLATTENED DEVICE TREE BINDINGS,133,3387
"MIPI CCS, SMIA AND SMIA++ IMAGE SENSOR DRIVER",THE REST,11275,358636
MIPS,MIPS,337893,8944940
MIPS,MIPS BOSTON DEVELOPMENT BOARD,285,5407
MIPS,MIPS GENERIC PLATFORM,1614,38848
MIPS,MIPS RINT INSTRUCTION EMULATION,157,2950
MIPS,MIPS/LOONGSON1 ARCHITECTURE,1080,27936
MIPS,MIPS/LOONGSON2EF ARCHITECTURE,4240,108067
MIPS,MIPS/LOONGSON64 ARCHITECTURE,4223,117785
MIPS,MMU GATHER AND TLB INVALIDATION,26,613
MIPS,ONION OMEGA2+ BOARD,18,289
MIPS,OPEN FIRMWARE AND FLATTENED DEVICE TREE BINDINGS,22964,469448
MIPS,PERFORMANCE EVENTS SUBSYSTEM,2135,56134
MIPS,PTRACE SUPPORT,1888,46996
MIPS,RALINK MIPS ARCHITECTURE,2177,49944
MIPS,RALINK MT7621 MIPS ARCHITECTURE,842,15381
MIPS,RANCHU VIRTUAL BOARD FOR MIPS,119,2601
MIPS,STATIC BRANCH/CALL,186,4684
MIPS,THE REST,337893,8944940
MIPS,VOCORE VOCORE2 BOARD,18,261
MIPS BOSTON DEVELOPMENT BOARD,MIPS BOSTON DEVELOPMENT BOARD,440,9491
MIPS BOSTON DEVELOPMENT BOARD,OPEN FIRMWARE AND FLATTENED DEVICE TREE BINDINGS,281,5839
MIPS BOSTON DEVELOPMENT BOARD,THE REST,440,9491
MIPS CORE DRIVERS,MIPS CORE DRIVERS,2262,58069
MIPS CORE DRIVERS,THE REST,2262,58069
MIPS GENERIC PLATFORM,MIPS GENERIC PLATFORM,1651,39601
MIPS GENERIC PLATFORM,OPEN FIRMWARE AND FLATTENED DEVICE TREE BINDINGS,37,753
MIPS GENERIC PLATFORM,RANCHU VIRTUAL BOARD FOR MIPS,90,2014
MIPS GENERIC PLATFORM,THE REST,1651,39601
MIPS RINT INSTRUCTION EMULATION,MIPS RINT INSTRUCTION EMULATION,157,2950
MIPS RINT INSTRUCTION EMULATION,THE REST,157,2950
MIPS/LOONGSON1 ARCHITECTURE,MIPS/LOONGSON1 ARCHITECTURE,1899,48960
MIPS/LOONGSON1 ARCHITECTURE,THE REST,1899,48960
MIPS/LOONGSON1 ARCHITECTURE,WATCHDOG DEVICE DRIVERS,170,4079
MIPS/LOONGSON2EF ARCHITECTURE,MIPS/LOONGSON2EF ARCHITECTURE,4424,112373
MIPS/LOONGSON2EF ARCHITECTURE,THE REST,4424,112373
MIPS/LOONGSON64 ARCHITECTURE,MIPS/LOONGSON64 ARCHITECTURE,6578,175158
MIPS/LOONGSON64 ARCHITECTURE,THE REST,6578,175158
MIROSOUND PCM20 FM RADIO RECEIVER DRIVER,MIROSOUND PCM20 FM RADIO RECEIVER DRIVER,515,13247
MIROSOUND PCM20 FM RADIO RECEIVER DRIVER,THE REST,515,13247
MMP SUPPORT,MMP SUPPORT,2408,56402
MMP SUPPORT,OPEN FIRMWARE AND FLATTENED DEVICE TREE BINDINGS,1744,40447
MMP SUPPORT,THE REST,2408,56402
MMP USB PHY DRIVERS,MMP USB PHY DRIVERS,633,17708
MMP USB PHY DRIVERS,THE REST,633,17708
MMU GATHER AND TLB INVALIDATION,MMU GATHER AND TLB INVALIDATION,2010,53576
MMU GATHER AND TLB INVALIDATION,NIOS2 ARCHITECTURE,24,664
MMU GATHER AND TLB INVALIDATION,OPENRISC ARCHITECTURE,26,651
MMU GATHER AND TLB INVALIDATION,PARISC ARCHITECTURE,12,288
MMU GATHER AND TLB INVALIDATION,QUALCOMM HEXAGON ARCHITECTURE,14,253
MMU GATHER AND TLB INVALIDATION,RISC-V ARCHITECTURE,21,403
MMU GATHER AND TLB INVALIDATION,S390 ARCHITECTURE,137,4334
MMU GATHER AND TLB INVALIDATION,SPARC + UltraSPARC (sparc/sparc64),9,207
MMU GATHER AND TLB INVALIDATION,SUPERH,29,625
MMU GATHER AND TLB INVALIDATION,SYNOPSYS ARC ARCHITECTURE,12,262
MMU GATHER AND TLB INVALIDATION,TENSILICA XTENSA PORT (xtensa),23,505
MMU GATHER AND TLB INVALIDATION,THE REST,2010,53576
MMU GATHER AND TLB INVALIDATION,USER-MODE LINUX (UML),11,192
MMU GATHER AND TLB INVALIDATION,X86 ARCHITECTURE (32-BIT AND 64-BIT),37,1103
MN88472 MEDIA DRIVER,MN88472 MEDIA DRIVER,811,19649
MN88472 MEDIA DRIVER,THE REST,811,19649
MN88473 MEDIA DRIVER,MN88473 MEDIA DRIVER,830,20319
MN88473 MEDIA DRIVER,THE REST,830,20319
MODULE SUPPORT,MODULE SUPPORT,10271,276243
MODULE SUPPORT,THE REST,10271,276243
MONOLITHIC POWER SYSTEM PMIC DRIVER,MONOLITHIC POWER SYSTEM PMIC DRIVER,2176,57129
MONOLITHIC POWER SYSTEM PMIC DRIVER,MULTIFUNCTION DEVICES (MFD),169,3737
MONOLITHIC POWER SYSTEM PMIC DRIVER,OPEN FIRMWARE AND FLATTENED DEVICE TREE BINDINGS,390,9076
MONOLITHIC POWER SYSTEM PMIC DRIVER,PMBUS HARDWARE MONITORING DRIVERS,156,4184
MONOLITHIC POWER SYSTEM PMIC DRIVER,POWER SUPPLY CLASS/SUBSYSTEM and DRIVERS,667,17323
MONOLITHIC POWER SYSTEM PMIC DRIVER,THE REST,2176,57129
MONOLITHIC POWER SYSTEM PMIC DRIVER,VOLTAGE AND CURRENT REGULATOR FRAMEWORK,975,26825
MOST(R) TECHNOLOGY DRIVER,MOST(R) TECHNOLOGY DRIVER,10216,263919
MOST(R) TECHNOLOGY DRIVER,STAGING SUBSYSTEM,4614,116876
MOST(R) TECHNOLOGY DRIVER,THE REST,10216,263919
MOTORCOMM PHY DRIVER,MOTORCOMM PHY DRIVER,2478,69443
MOTORCOMM PHY DRIVER,NETWORKING DRIVERS,2478,69443
MOTORCOMM PHY DRIVER,OPEN FIRMWARE AND FLATTENED DEVICE TREE BINDINGS,151,5348
MOTORCOMM PHY DRIVER,THE REST,2478,69443
MOXA SMARTIO/INDUSTIO/INTELLIO SERIAL CARD,MOXA SMARTIO/INDUSTIO/INTELLIO SERIAL CARD,2136,56226
MOXA SMARTIO/INDUSTIO/INTELLIO SERIAL CARD,THE REST,2136,56226
MOXA SMARTIO/INDUSTIO/INTELLIO SERIAL CARD,TTY LAYER AND SERIAL DRIVERS,1939,49865
MR800 AVERMEDIA USB FM RADIO DRIVER,MR800 AVERMEDIA USB FM RADIO DRIVER,599,16793
MR800 AVERMEDIA USB FM RADIO DRIVER,THE REST,599,16793
MRF24J40 IEEE 802.15.4 RADIO DRIVER,MRF24J40 IEEE 802.15.4 RADIO DRIVER,1421,36958
MRF24J40 IEEE 802.15.4 RADIO DRIVER,NETWORKING DRIVERS,1421,36958
MRF24J40 IEEE 802.15.4 RADIO DRIVER,OPEN FIRMWARE AND FLATTENED DEVICE TREE BINDINGS,20,538
MRF24J40 IEEE 802.15.4 RADIO DRIVER,THE REST,1421,36958
MSI EC DRIVER,MSI EC DRIVER,1019,22226
MSI EC DRIVER,THE REST,1019,22226
MSI EC DRIVER,X86 PLATFORM DRIVERS,1019,22226
MSI LAPTOP SUPPORT,MSI LAPTOP SUPPORT,1149,26745
MSI LAPTOP SUPPORT,THE REST,1149,26745
MSI LAPTOP SUPPORT,X86 PLATFORM DRIVERS,1149,26745
MSI WMI SUPPORT,MSI WMI SUPPORT,347,8719
MSI WMI SUPPORT,THE REST,347,8719
MSI WMI SUPPORT,X86 PLATFORM DRIVERS,347,8719
MSI001 MEDIA DRIVER,MSI001 MEDIA DRIVER,510,12572
MSI001 MEDIA DRIVER,THE REST,510,12572
MSI2500 MEDIA DRIVER,MSI2500 MEDIA DRIVER,1317,36920
MSI2500 MEDIA DRIVER,THE REST,1317,36920
MSTAR INTERRUPT CONTROLLER DRIVER,MSTAR INTERRUPT CONTROLLER DRIVER,355,8778
MSTAR INTERRUPT CONTROLLER DRIVER,OPEN FIRMWARE AND FLATTENED DEVICE TREE BINDINGS,64,1532
MSTAR INTERRUPT CONTROLLER DRIVER,THE REST,355,8778
MSYSTEMS DISKONCHIP G3 MTD DRIVER,MSYSTEMS DISKONCHIP G3 MTD DRIVER,2429,66945
MSYSTEMS DISKONCHIP G3 MTD DRIVER,THE REST,2429,66945
MT9P031 APTINA CAMERA SENSOR,MT9P031 APTINA CAMERA SENSOR,1387,37090
MT9P031 APTINA CAMERA SENSOR,OPEN FIRMWARE AND FLATTENED DEVICE TREE BINDINGS,109,2444
MT9P031 APTINA CAMERA SENSOR,THE REST,1387,37090
MT9P031 APTINA CAMERA SENSOR,V4L2 CAMERA SENSOR DRIVERS,1260,34308
MT9T112 APTINA CAMERA SENSOR,MT9T112 APTINA CAMERA SENSOR,1158,29111
MT9T112 APTINA CAMERA SENSOR,THE REST,1158,29111
MT9T112 APTINA CAMERA SENSOR,V4L2 CAMERA SENSOR DRIVERS,1131,28519
MT9V032 APTINA CAMERA SENSOR,MT9V032 APTINA CAMERA SENSOR,1361,38586
MT9V032 APTINA CAMERA SENSOR,OPEN FIRMWARE AND FLATTENED DEVICE TREE BINDINGS,41,1310
MT9V032 APTINA CAMERA SENSOR,THE REST,1361,38586
MT9V032 APTINA CAMERA SENSOR,V4L2 CAMERA SENSOR DRIVERS,1308,37074
MT9V111 APTINA CAMERA SENSOR,MT9V111 APTINA CAMERA SENSOR,1351,33805
MT9V111 APTINA CAMERA SENSOR,OPEN FIRMWARE AND FLATTENED DEVICE TREE BINDINGS,75,1602
MT9V111 APTINA CAMERA SENSOR,THE REST,1351,33805
MT9V111 APTINA CAMERA SENSOR,V4L2 CAMERA SENSOR DRIVERS,1276,32203
MULTIFUNCTION DEVICES (MFD),MULTIFUNCTION DEVICES (MFD),212267,7086768
MULTIFUNCTION DEVICES (MFD),NETRONIX EMBEDDED CONTROLLER,384,9756
MULTIFUNCTION DEVICES (MFD),OCELOT EXTERNAL SWITCH CONTROL,815,23655
MULTIFUNCTION DEVICES (MFD),OMAP2+ SUPPORT,9218,238838
MULTIFUNCTION DEVICES (MFD),OPEN FIRMWARE AND FLATTENED DEVICE TREE BINDINGS,20476,555596
MULTIFUNCTION DEVICES (MFD),ROHM MULTIFUNCTION BD9571MWV-M PMIC DEVICE DRIVERS,524,16222
MULTIFUNCTION DEVICES (MFD),ROHM POWER MANAGEMENT IC DEVICE DRIVERS,2538,81584
MULTIFUNCTION DEVICES (MFD),SAMSUNG MULTIFUNCTION PMIC DEVICE DRIVERS,3228,76737
MULTIFUNCTION DEVICES (MFD),SL28 CPLD MFD DRIVER,153,3676
MULTIFUNCTION DEVICES (MFD),STM32 TIMER/LPTIMER DRIVERS,930,25102
MULTIFUNCTION DEVICES (MFD),SYSTEM CONFIGURATION (SYSCON),344,8045
MULTIFUNCTION DEVICES (MFD),THE REST,212267,7086768
MULTIFUNCTION DEVICES (MFD),TMIO/SDHI MMC DRIVER,133,3582
MULTIFUNCTION DEVICES (MFD),TQ SYSTEMS BOARD & DRIVER SUPPORT,314,8132
MULTIFUNCTION DEVICES (MFD),WOLFSON MICROELECTRONICS DRIVERS,36914,1640607
MULTIFUNCTION DEVICES (MFD),X-POWERS MULTIFUNCTION PMIC DEVICE DRIVERS,2868,85015
MULTIMEDIA CARD (MMC) ETC. OVER SPI,MULTIMEDIA CARD (MMC) ETC. OVER SPI,1580,43892
MULTIMEDIA CARD (MMC) ETC. OVER SPI,"MULTIMEDIA CARD (MMC), SECURE DIGITAL (SD) AND SDIO SUBSYSTEM",1539,42589
MULTIMEDIA CARD (MMC) ETC. OVER SPI,SPI SUBSYSTEM,41,1303
MULTIMEDIA CARD (MMC) ETC. OVER SPI,THE REST,1580,43892
"MULTIMEDIA CARD (MMC), SECURE DIGITAL (SD) AND SDIO SUBSYSTEM","MULTIMEDIA CARD (MMC), SECURE DIGITAL (SD) AND SDIO SUBSYSTEM",137015,3671135
"MULTIMEDIA CARD (MMC), SECURE DIGITAL (SD) AND SDIO SUBSYSTEM",OMAP HS MMC SUPPORT,2137,54053
"MULTIMEDIA CARD (MMC), SECURE DIGITAL (SD) AND SDIO SUBSYSTEM",OMAP MMC SUPPORT,1559,38868
"MULTIMEDIA CARD (MMC), SECURE DIGITAL (SD) AND SDIO SUBSYSTEM",OPEN FIRMWARE AND FLATTENED DEVICE TREE BINDINGS,6754,183522
"MULTIMEDIA CARD (MMC), SECURE DIGITAL (SD) AND SDIO SUBSYSTEM",SDRICOH_CS MMC/SD HOST CONTROLLER INTERFACE DRIVER,528,13287
"MULTIMEDIA CARD (MMC), SECURE DIGITAL (SD) AND SDIO SUBSYSTEM",SECURE DIGITAL HOST CONTROLLER INTERFACE (SDHCI) Broadcom BRCMSTB DRIVER,433,11637
"MULTIMEDIA CARD (MMC), SECURE DIGITAL (SD) AND SDIO SUBSYSTEM",SECURE DIGITAL HOST CONTROLLER INTERFACE (SDHCI) DRIVER,36428,1013051
"MULTIMEDIA CARD (MMC), SECURE DIGITAL (SD) AND SDIO SUBSYSTEM",SECURE DIGITAL HOST CONTROLLER INTERFACE (SDHCI) MICROCHIP DRIVER,481,14031
"MULTIMEDIA CARD (MMC), SECURE DIGITAL (SD) AND SDIO SUBSYSTEM",SECURE DIGITAL HOST CONTROLLER INTERFACE (SDHCI) NXP i.MX DRIVER,1995,61602
"MULTIMEDIA CARD (MMC), SECURE DIGITAL (SD) AND SDIO SUBSYSTEM",SECURE DIGITAL HOST CONTROLLER INTERFACE (SDHCI) SAMSUNG DRIVER,790,20641
"MULTIMEDIA CARD (MMC), SECURE DIGITAL (SD) AND SDIO SUBSYSTEM",SECURE DIGITAL HOST CONTROLLER INTERFACE (SDHCI) ST SPEAR DRIVER,192,4460
"MULTIMEDIA CARD (MMC), SECURE DIGITAL (SD) AND SDIO SUBSYSTEM",SECURE DIGITAL HOST CONTROLLER INTERFACE (SDHCI) TI OMAP DRIVER,1492,39679
"MULTIMEDIA CARD (MMC), SECURE DIGITAL (SD) AND SDIO SUBSYSTEM",STARFIVE JH7110 MMC/SD/SDIO DRIVER,263,6567
"MULTIMEDIA CARD (MMC), SECURE DIGITAL (SD) AND SDIO SUBSYSTEM",SUNPLUS MMC DRIVER,1058,30203
"MULTIMEDIA CARD (MMC), SECURE DIGITAL (SD) AND SDIO SUBSYSTEM",SYNOPSYS DESIGNWARE MMC/SD/SDIO DRIVER,6594,175930
"MULTIMEDIA CARD (MMC), SECURE DIGITAL (SD) AND SDIO SUBSYSTEM",SYNOPSYS SDHCI COMPLIANT DWC MSHC DRIVER,84,2257
"MULTIMEDIA CARD (MMC), SECURE DIGITAL (SD) AND SDIO SUBSYSTEM",TEGRA ARCHITECTURE SUPPORT,2253,67544
"MULTIMEDIA CARD (MMC), SECURE DIGITAL (SD) AND SDIO SUBSYSTEM",THE REST,137015,3671135
"MULTIMEDIA CARD (MMC), SECURE DIGITAL (SD) AND SDIO SUBSYSTEM",TI FLASH MEDIA MEMORYSTICK/MMC DRIVERS,1083,28980
"MULTIMEDIA CARD (MMC), SECURE DIGITAL (SD) AND SDIO SUBSYSTEM",TMIO/SDHI MMC DRIVER,3962,113932
"MULTIMEDIA CARD (MMC), SECURE DIGITAL (SD) AND SDIO SUBSYSTEM",VIA SD/MMC CARD CONTROLLER DRIVER,1314,35150
"MULTIMEDIA CARD (MMC), SECURE DIGITAL (SD) AND SDIO SUBSYSTEM",VUB300 USB to SDIO/SD/MMC bridge chip,2478,73220
"MULTIMEDIA CARD (MMC), SECURE DIGITAL (SD) AND SDIO SUBSYSTEM",W83L51xD SD/MMC CARD INTERFACE DRIVER,2184,44891
MULTIPLEXER SUBSYSTEM,MULTIPLEXER SUBSYSTEM,2406,65553
MULTIPLEXER SUBSYSTEM,OPEN FIRMWARE AND FLATTENED DEVICE TREE BINDINGS,848,24287
MULTIPLEXER SUBSYSTEM,THE REST,2406,65553
MUSB MULTIPOINT HIGH SPEED DUAL-ROLE CONTROLLER,MUSB MULTIPOINT HIGH SPEED DUAL-ROLE CONTROLLER,20508,549244
MUSB MULTIPOINT HIGH SPEED DUAL-ROLE CONTROLLER,OMAP USB SUPPORT,1313,33105
MUSB MULTIPOINT HIGH SPEED DUAL-ROLE CONTROLLER,RISC-V MICROCHIP FPGA SUPPORT,268,6745
MUSB MULTIPOINT HIGH SPEED DUAL-ROLE CONTROLLER,THE REST,20508,549244
MUSB MULTIPOINT HIGH SPEED DUAL-ROLE CONTROLLER,USB SUBSYSTEM,20508,549244
MXL301RF MEDIA DRIVER,MXL301RF MEDIA DRIVER,355,8093
MXL301RF MEDIA DRIVER,THE REST,355,8093
MXL5007T MEDIA DRIVER,MXL5007T MEDIA DRIVER,996,23177
MXL5007T MEDIA DRIVER,THE REST,996,23177
MXSFB DRM DRIVER,MXSFB DRM DRIVER,3010,86177
MXSFB DRM DRIVER,OPEN FIRMWARE AND FLATTENED DEVICE TREE BINDINGS,157,3349
MXSFB DRM DRIVER,THE REST,3010,86177
MYLEX DAC960 PCI RAID Controller,MYLEX DAC960 PCI RAID Controller,8822,256614
MYLEX DAC960 PCI RAID Controller,SCSI SUBSYSTEM,8822,256614
MYLEX DAC960 PCI RAID Controller,THE REST,8822,256614
MYRICOM MYRI-10G 10GbE DRIVER (MYRI10GE),MYRICOM MYRI-10G 10GbE DRIVER (MYRI10GE),4553,129189
MYRICOM MYRI-10G 10GbE DRIVER (MYRI10GE),NETWORKING DRIVERS,4553,129189
MYRICOM MYRI-10G 10GbE DRIVER (MYRI10GE),THE REST,4553,129189
Microchip Timer Counter Block (TCB) Capture Driver,Microchip Timer Counter Block (TCB) Capture Driver,406,10682
Microchip Timer Counter Block (TCB) Capture Driver,THE REST,406,10682
NAND FLASH SUBSYSTEM,NAND FLASH SUBSYSTEM,98774,2686243
NAND FLASH SUBSYSTEM,ONENAND FLASH DRIVER,6601,174499
NAND FLASH SUBSYSTEM,QUALCOMM NAND CONTROLLER DRIVER,3546,98421
NAND FLASH SUBSYSTEM,RENESAS R-CAR GEN3 & RZ/N1 NAND CONTROLLER DRIVER,1417,39427
NAND FLASH SUBSYSTEM,RICOH SMARTMEDIA/XD DRIVER,1246,30705
NAND FLASH SUBSYSTEM,TEGRA ARCHITECTURE SUPPORT,1286,35278
NAND FLASH SUBSYSTEM,TEGRA NAND DRIVER,1286,35278
NAND FLASH SUBSYSTEM,THE REST,98774,2686243
NAND FLASH SUBSYSTEM,VF610 NAND DRIVER,953,25931
NATIVE INSTRUMENTS USB SOUND INTERFACE DRIVER,NATIVE INSTRUMENTS USB SOUND INTERFACE DRIVER,3264,94477
NATIVE INSTRUMENTS USB SOUND INTERFACE DRIVER,SOUND,3264,94477
NATIVE INSTRUMENTS USB SOUND INTERFACE DRIVER,THE REST,3264,94477
NATSEMI ETHERNET DRIVER (DP8381x),NATSEMI ETHERNET DRIVER (DP8381x),3383,95508
NATSEMI ETHERNET DRIVER (DP8381x),NETWORKING DRIVERS,3383,95508
NATSEMI ETHERNET DRIVER (DP8381x),THE REST,3383,95508
NCR 5380 SCSI DRIVERS,NCR 5380 SCSI DRIVERS,6468,183590
NCR 5380 SCSI DRIVERS,SCSI SUBSYSTEM,6375,180613
NCR 5380 SCSI DRIVERS,THE REST,6468,183590
NCSI LIBRARY,NCSI LIBRARY,5534,155776
NCSI LIBRARY,NETWORKING [GENERAL],5534,155776
NCSI LIBRARY,THE REST,5534,155776
NCT6775 HARDWARE MONITOR DRIVER - CORE & PLATFORM DRIVER,NCT6775 HARDWARE MONITOR DRIVER - CORE & PLATFORM DRIVER,6567,186322
NCT6775 HARDWARE MONITOR DRIVER - CORE & PLATFORM DRIVER,THE REST,6567,186322
NCT6775 HARDWARE MONITOR DRIVER - I2C DRIVER,NCT6775 HARDWARE MONITOR DRIVER - I2C DRIVER,254,7451
NCT6775 HARDWARE MONITOR DRIVER - I2C DRIVER,OPEN FIRMWARE AND FLATTENED DEVICE TREE BINDINGS,57,1195
NCT6775 HARDWARE MONITOR DRIVER - I2C DRIVER,THE REST,254,7451
NETDEVSIM,NETDEVSIM,7492,192913
NETDEVSIM,NETWORKING DRIVERS,7492,192913
NETDEVSIM,THE REST,7492,192913
NETEM NETWORK EMULATOR,NETEM NETWORK EMULATOR,1309,32545
NETEM NETWORK EMULATOR,NETWORKING [GENERAL],1309,32545
NETEM NETWORK EMULATOR,TC subsystem,1309,32545
NETEM NETWORK EMULATOR,THE REST,1309,32545
NETERION 10GbE DRIVERS (s2io),NETERION 10GbE DRIVERS (s2io),10891,315275
NETERION 10GbE DRIVERS (s2io),NETWORKING DRIVERS,10695,309866
NETERION 10GbE DRIVERS (s2io),NETWORKING [GENERAL],196,5409
NETERION 10GbE DRIVERS (s2io),THE REST,10891,315275
NETFILTER,NETFILTER,171553,4515805
NETFILTER,NETWORKING [GENERAL],160795,4220983
NETFILTER,NETWORKING [IPv4/IPv6],15083,381250
NETFILTER,"NETWORKING [LABELED] (NetLabel, Labeled IPsec, SECMARK)",375,8840
NETFILTER,THE REST,171553,4515805
NETROM NETWORK LAYER,NETROM NETWORK LAYER,4345,98034
NETROM NETWORK LAYER,NETWORKING [GENERAL],4308,97227
NETROM NETWORK LAYER,THE REST,4345,98034
NETRONIX EMBEDDED CONTROLLER,NETRONIX EMBEDDED CONTROLLER,699,18787
NETRONIX EMBEDDED CONTROLLER,OPEN FIRMWARE AND FLATTENED DEVICE TREE BINDINGS,76,1929
NETRONIX EMBEDDED CONTROLLER,PWM SUBSYSTEM,170,5042
NETRONIX EMBEDDED CONTROLLER,REAL TIME CLOCK (RTC) SUBSYSTEM,145,3989
NETRONIX EMBEDDED CONTROLLER,THE REST,699,18787
NETRONOME ETHERNET DRIVERS,NETRONOME ETHERNET DRIVERS,55167,1501555
NETRONOME ETHERNET DRIVERS,NETWORKING DRIVERS,55167,1501555
NETRONOME ETHERNET DRIVERS,THE REST,55167,1501555
NETWORK BLOCK DEVICE (NBD),NETWORK BLOCK DEVICE (NBD),2836,73001
NETWORK BLOCK DEVICE (NBD),THE REST,2836,73001
NETWORK BLOCK DEVICE (NBD),TRACING,107,2185
NETWORK DROP MONITOR,NETWORK DROP MONITOR,1918,45524
NETWORK DROP MONITOR,NETWORKING [GENERAL],1785,42604
NETWORK DROP MONITOR,THE REST,1918,45524
NETWORKING DRIVERS,NETWORKING DRIVERS,3032829,85916361
NETWORKING DRIVERS,NETWORKING DRIVERS (WIRELESS),2023,62202
NETWORKING DRIVERS,NETWORKING [DSA],96464,2678536
NETWORKING DRIVERS,NETWORKING [GENERAL],5284,168530
NETWORKING DRIVERS,NETWORKING [MACSEC],4631,117164
NETWORKING DRIVERS,NETXEN (1/10) GbE SUPPORT,13010,350211
NETWORKING DRIVERS,NET_FAILOVER MODULE,836,23705
NETWORKING DRIVERS,NFC SUBSYSTEM,780,16294
NETWORKING DRIVERS,NTB DRIVER CORE,503,12582
NETWORKING DRIVERS,NXP BLUETOOTH WIRELESS DRIVERS,46,1232
NETWORKING DRIVERS,NXP C45 TJA11XX PHY DRIVER,1978,54919
NETWORKING DRIVERS,NXP SJA1105 ETHERNET SWITCH DRIVER,14829,451128
NETWORKING DRIVERS,NXP-NCI NFC DRIVER,62,1300
NETWORKING DRIVERS,OCELOT ETHERNET SWITCH DRIVER,20099,581726
NETWORKING DRIVERS,OCELOT EXTERNAL SWITCH CONTROL,164,3648
NETWORKING DRIVERS,ONSEMI ETHERNET PHY DRIVERS,171,4537
NETWORKING DRIVERS,OPEN FIRMWARE AND FLATTENED DEVICE TREE BINDINGS,28305,770682
NETWORKING DRIVERS,PACKET SOCKETS,319,8268
NETWORKING DRIVERS,PCNET32 NETWORK DRIVER,3041,86590
NETWORKING DRIVERS,PENSANDO ETHERNET DRIVERS,15124,411724
NETWORKING DRIVERS,PLCA RECONCILIATION SUBLAYER (IEEE802.3 Clause 148),46,1612
NETWORKING DRIVERS,PPP OVER ETHERNET,1384,31987
NETWORKING DRIVERS,PPP OVER L2TP,120,3819
NETWORKING DRIVERS,PPP PROTOCOL DRIVERS AND COMPRESSORS,6755,169476
NETWORKING DRIVERS,PPTP DRIVER,699,16074
NETWORKING DRIVERS,PS3 NETWORK SUPPORT,2246,59823
NETWORKING DRIVERS,PTP HARDWARE CLOCK SUPPORT,1824,55097
NETWORKING DRIVERS,QCOM IPA DRIVER,25725,744964
NETWORKING DRIVERS,QLOGIC QL4xxx ETHERNET DRIVER,96716,2762958
NETWORKING DRIVERS,QLOGIC QLA3XXX NETWORK DRIVER,5116,134450
NETWORKING DRIVERS,QLOGIC QLCNIC (1/10)Gb ETHERNET DRIVER,32887,882147
NETWORKING DRIVERS,QUALCOMM ATHEROS ATH10K WIRELESS DRIVER,362,10096
NETWORKING DRIVERS,QUALCOMM ATHEROS ATH11K WIRELESS DRIVER,468,18311
NETWORKING DRIVERS,QUALCOMM ATHEROS ATH9K WIRELESS DRIVER,90,2183
NETWORKING DRIVERS,QUALCOMM BAM-DMUX WWAN NETWORK DRIVER,999,24240
NETWORKING DRIVERS,QUALCOMM EMAC GIGABIT ETHERNET DRIVER,4503,131987
NETWORKING DRIVERS,QUALCOMM ETHQOS ETHERNET DRIVER,959,28354
NETWORKING DRIVERS,QUALCOMM RMNET DRIVER,2342,59881
NETWORKING DRIVERS,RDC R6040 FAST ETHERNET DRIVER,1215,32343
NETWORKING DRIVERS,REALTEK RTL83xx SMI DSA ROUTER CHIPS,5984,175883
NETWORKING DRIVERS,REMOTE PROCESSOR MESSAGING (RPMSG) WWAN CONTROL DRIVER,167,4349
NETWORKING DRIVERS,RENESAS ETHERNET DRIVERS,12795,324733
NETWORKING DRIVERS,RENESAS RZ/N1 A5PSW SWITCH DRIVER,2479,65440
NETWORKING DRIVERS,RISC-V MICROCHIP FPGA SUPPORT,45,793
NETWORKING DRIVERS,ROCKER DRIVER,6918,188460
NETWORKING DRIVERS,SAMSUNG S3FWRN5 NFC DRIVER,99,1896
NETWORKING DRIVERS,SAMSUNG SXGBE DRIVERS,6264,175248
NETWORKING DRIVERS,SFC NETWORK DRIVER,143698,5319250
NETWORKING DRIVERS,SFF/SFP/SFP+ MODULE SUPPORT,7923,214311
NETWORKING DRIVERS,SILICON LABS WIRELESS DRIVERS (for WFxxx series),132,4040
NETWORKING DRIVERS,SIS 190 ETHERNET DRIVER,1948,47206
NETWORKING DRIVERS,SIS 900/7016 FAST ETHERNET DRIVER,2916,86574
NETWORKING DRIVERS,SLCAN CAN NETWORK DRIVER,1027,26400
NETWORKING DRIVERS,SMC91x ETHERNET DRIVER,3599,97999
NETWORKING DRIVERS,SMSC911x ETHERNET DRIVER,3106,83245
NETWORKING DRIVERS,SMSC9420 PCI ETHERNET DRIVER,1935,50336
NETWORKING DRIVERS,SOCIONEXT (SNI) AVE NETWORK DRIVER,2128,52847
NETWORKING DRIVERS,SOCIONEXT (SNI) NETSEC NETWORK DRIVER,2300,59760
NETWORKING DRIVERS,SONIC NETWORK DRIVER,1328,39066
NETWORKING DRIVERS,SPIDERNET NETWORK DRIVER for CELL,3204,89367
NETWORKING DRIVERS,STARFIRE/DURALAN NETWORK DRIVER,2074,62992
NETWORKING DRIVERS,STARFIVE DWMAC GLUE LAYER,317,8011
NETWORKING DRIVERS,STMMAC ETHERNET DRIVER,41854,1182289
NETWORKING DRIVERS,SUN HAPPY MEAL ETHERNET DRIVER,3408,107738
NETWORKING DRIVERS,SUN3/3X,1505,42948
NETWORKING DRIVERS,SUNDANCE NETWORK DRIVER,1985,58275
NETWORKING DRIVERS,SUNPLUS ETHERNET DRIVER,2166,58591
NETWORKING DRIVERS,SYNOPSYS DESIGNWARE ENTERPRISE ETHERNET DRIVER,7671,215969
NETWORKING DRIVERS,SYNOPSYS DESIGNWARE ETHERNET XPCS DRIVER,1558,39925
NETWORKING DRIVERS,TEAM DRIVER,4671,115438
NETWORKING DRIVERS,TEGRA ARCHITECTURE SUPPORT,549,14839
NETWORKING DRIVERS,TEHUTI ETHERNET DRIVER,3049,83013
NETWORKING DRIVERS,THE REST,3032829,85916361
NETWORKING DRIVERS,THUNDERBOLT NETWORK DRIVER,1640,43516
NETWORKING DRIVERS,TI ETHERNET SWITCH DRIVER (CPSW),14188,371756
NETWORKING DRIVERS,TI TRF7970A NFC DRIVER,99,2333
NETWORKING DRIVERS,TLAN NETWORK DRIVER,3821,102710
NETWORKING DRIVERS,TULIP NETWORK DRIVERS,14449,401919
NETWORKING DRIVERS,TUN/TAP driver,5192,121311
NETWORKING DRIVERS,USB CDC ETHERNET DRIVER,4461,131704
NETWORKING DRIVERS,USB DAVICOM DM9601 DRIVER,657,15877
NETWORKING DRIVERS,USB LAN78XX ETHERNET DRIVER,6025,154924
NETWORKING DRIVERS,USB NETWORKING DRIVERS,54015,1433127
NETWORKING DRIVERS,USB PEGASUS DRIVER,1640,43695
NETWORKING DRIVERS,USB QMI WWAN NETWORK DRIVER,1598,56756
NETWORKING DRIVERS,USB RTL8150 DRIVER,957,22736
NETWORKING DRIVERS,USB SMSC75XX ETHERNET DRIVER,2763,71542
NETWORKING DRIVERS,USB SMSC95XX ETHERNET DRIVER,2483,67609
NETWORKING DRIVERS,USB USBNET DRIVER FRAMEWORK,2232,59662
NETWORKING DRIVERS,VIA RHINE NETWORK DRIVER,2631,70742
NETWORKING DRIVERS,VIA VELOCITY NETWORK DRIVER,5272,136835
NETWORKING DRIVERS,VIRTIO CORE AND NET DRIVERS,4771,126007
NETWORKING DRIVERS,VM SOCKETS (AF_VSOCK),139,3120
NETWORKING DRIVERS,VMWARE VMXNET3 ETHERNET DRIVER,7821,222682
NETWORKING DRIVERS,VRF,2071,47968
NETWORKING DRIVERS,WANGXUN ETHERNET DRIVER,9659,264038
NETWORKING DRIVERS,WIREGUARD SECURE NETWORK TUNNEL,7104,207853
NETWORKING DRIVERS,WWAN DRIVERS,27392,757063
NETWORKING DRIVERS,X.25 STACK,910,21434
NETWORKING DRIVERS,XDP (eXpress Data Path),2142,58366
NETWORKING DRIVERS,XDP SOCKETS (AF_XDP),124,3615
NETWORKING DRIVERS,XEN HYPERVISOR INTERFACE,2713,68485
NETWORKING DRIVERS,XEN NETWORK BACKEND DRIVER,5383,141440
NETWORKING DRIVERS,XILINX AXI ETHERNET DRIVER,3386,104591
NETWORKING DRIVERS,XILINX CAN DRIVER,2124,59750
NETWORKING DRIVERS,YAM DRIVER FOR AX.25,1191,31933
NETWORKING DRIVERS,Z8530 DRIVER FOR AX.25,2421,63763
NETWORKING DRIVERS (WIRELESS),NETWORKING DRIVERS (WIRELESS),1794252,51743713
NETWORKING DRIVERS (WIRELESS),OPEN FIRMWARE AND FLATTENED DEVICE TREE BINDINGS,2023,62202
NETWORKING DRIVERS (WIRELESS),ORINOCO DRIVER,12805,346453
NETWORKING DRIVERS (WIRELESS),P54 WIRELESS DRIVER,8462,224111
NETWORKING DRIVERS (WIRELESS),PURELIFI PLFXLC DRIVER,2542,63221
NETWORKING DRIVERS (WIRELESS),QUALCOMM ATH12K WIRELESS DRIVER,54312,1576305
NETWORKING DRIVERS (WIRELESS),QUALCOMM ATHEROS ATH10K WIRELESS DRIVER,85204,2385934
NETWORKING DRIVERS (WIRELESS),QUALCOMM ATHEROS ATH11K WIRELESS DRIVER,78452,2275524
NETWORKING DRIVERS (WIRELESS),QUALCOMM ATHEROS ATH9K WIRELESS DRIVER,88528,2735995
NETWORKING DRIVERS (WIRELESS),QUALCOMM WCN36XX WIRELESS DRIVER,14011,386093
NETWORKING DRIVERS (WIRELESS),QUANTENNA QTNFMAC WIRELESS DRIVER,12715,329156
NETWORKING DRIVERS (WIRELESS),RALINK RT2X00 WIRELESS LAN DRIVER,47063,1390532
NETWORKING DRIVERS (WIRELESS),RAYLINK/WEBGEAR 802.11 WIRELESS LAN DRIVER,3632,114455
NETWORKING DRIVERS (WIRELESS),REALTEK WIRELESS DRIVER (rtlwifi family),166308,4830114
NETWORKING DRIVERS (WIRELESS),REALTEK WIRELESS DRIVER (rtw88),120777,3023213
NETWORKING DRIVERS (WIRELESS),REALTEK WIRELESS DRIVER (rtw89),236282,7530428
NETWORKING DRIVERS (WIRELESS),REDPINE WIRELESS DRIVER,12247,337657
NETWORKING DRIVERS (WIRELESS),RTL8180 WIRELESS DRIVER,4123,122232
NETWORKING DRIVERS (WIRELESS),RTL8187 WIRELESS DRIVER,3354,97533
NETWORKING DRIVERS (WIRELESS),RTL8XXXU WIRELESS DRIVER (rtl8xxxu),23880,709195
NETWORKING DRIVERS (WIRELESS),SILICON LABS WIRELESS DRIVERS (for WFxxx series),8340,240995
NETWORKING DRIVERS (WIRELESS),THE REST,1794252,51743713
NETWORKING DRIVERS (WIRELESS),TI WILINK WIRELESS DRIVERS,45013,1156181
NETWORKING DRIVERS (WIRELESS),USB AR5523 WIRELESS DRIVER,2400,64112
NETWORKING DRIVERS (WIRELESS),USB WIRELESS RNDIS DRIVER (rndis_wlan),3760,101779
NETWORKING DRIVERS (WIRELESS),USB ZD1201 DRIVER,2053,50261
NETWORKING DRIVERS (WIRELESS),WILOCITY WIL6210 WIRELESS DRIVER,28858,780632
NETWORKING DRIVERS (WIRELESS),WL3501 WIRELESS PCMCIA CARD DRIVER,2651,69852
NETWORKING DRIVERS (WIRELESS),ZD1211RW WIRELESS DRIVER,8742,234412
NETWORKING [DSA],NETWORKING [DSA],114151,3146796
NETWORKING [DSA],NETWORKING [GENERAL],16920,443493
NETWORKING [DSA],NXP SJA1105 ETHERNET SWITCH DRIVER,14644,445613
NETWORKING [DSA],OCELOT ETHERNET SWITCH DRIVER,6761,198525
NETWORKING [DSA],OCELOT EXTERNAL SWITCH CONTROL,164,3648
NETWORKING [DSA],OPEN FIRMWARE AND FLATTENED DEVICE TREE BINDINGS,3994,107765
NETWORKING [DSA],REALTEK RTL83xx SMI DSA ROUTER CHIPS,5984,175883
NETWORKING [DSA],RENESAS RZ/N1 A5PSW SWITCH DRIVER,1856,49665
NETWORKING [DSA],THE REST,114151,3146796
NETWORKING [GENERAL],NETWORKING [GENERAL],1515568,41045347
NETWORKING [GENERAL],NETWORKING [IPSEC],37209,905326
NETWORKING [GENERAL],NETWORKING [IPv4/IPv6],192975,4965614
NETWORKING [GENERAL],"NETWORKING [LABELED] (NetLabel, Labeled IPsec, SECMARK)",13179,355594
NETWORKING [GENERAL],NETWORKING [MACSEC],328,8203
NETWORKING [GENERAL],NETWORKING [MPTCP],27772,713249
NETWORKING [GENERAL],NETWORKING [TCP],36831,1052521
NETWORKING [GENERAL],NETWORKING [TLS],7843,201749
NETWORKING [GENERAL],NET_FAILOVER MODULE,224,8398
NETWORKING [GENERAL],NEXTHOP,4368,105761
NETWORKING [GENERAL],NFC SUBSYSTEM,21255,496431
NETWORKING [GENERAL],"NFS, SUNRPC, AND LOCKD CLIENTS",50581,1329986
NETWORKING [GENERAL],OCELOT ETHERNET SWITCH DRIVER,359,10479
NETWORKING [GENERAL],OPENVSWITCH,19203,512275
NETWORKING [GENERAL],PACKET SOCKETS,4791,116650
NETWORKING [GENERAL],PAGE POOL,1604,46318
NETWORKING [GENERAL],PENSANDO ETHERNET DRIVERS,274,7290
NETWORKING [GENERAL],PHONET PROTOCOL,4634,105602
NETWORKING [GENERAL],PLCA RECONCILIATION SUBLAYER (IEEE802.3 Clause 148),261,7584
NETWORKING [GENERAL],PPP OVER ATM (RFC 2364),491,15358
NETWORKING [GENERAL],PPP OVER L2TP,1743,43641
NETWORKING [GENERAL],PSAMPLE PACKET SAMPLING SUPPORT,584,15061
NETWORKING [GENERAL],PTP VIRTUAL CLOCK SUPPORT,94,2441
NETWORKING [GENERAL],QLOGIC QLGE 10Gb ETHERNET DRIVER,118,4276
NETWORKING [GENERAL],QORIQ DPAA2 FSL-MC BUS DRIVER,406,15345
NETWORKING [GENERAL],QUALCOMM IPC ROUTER (QRTR) DRIVER,2582,59461
NETWORKING [GENERAL],QUALCOMM RMNET DRIVER,196,6572
NETWORKING [GENERAL],RDS - RELIABLE DATAGRAM SOCKETS,18022,515150
NETWORKING [GENERAL],RENESAS RZ/N1 A5PSW SWITCH DRIVER,115,2934
NETWORKING [GENERAL],RFKILL,2063,48810
NETWORKING [GENERAL],ROSE NETWORK LAYER,5101,120718
NETWORKING [GENERAL],RXRPC SOCKETS (AF_RXRPC),17287,486258
NETWORKING [GENERAL],S390 IUCV NETWORK LAYER,4925,127248
NETWORKING [GENERAL],SCTP PROTOCOL,48764,1406354
NETWORKING [GENERAL],SFC NETWORK DRIVER,57,1775
NETWORKING [GENERAL],SHARED MEMORY COMMUNICATIONS (SMC) SOCKETS,19691,540953
NETWORKING [GENERAL],SOCKET TIMESTAMPING,1316,49319
NETWORKING [GENERAL],SPIDERNET NETWORK DRIVER for CELL,202,10026
NETWORKING [GENERAL],STMMAC ETHERNET DRIVER,700,19009
NETWORKING [GENERAL],SWITCHDEV,1434,42120
NETWORKING [GENERAL],TC subsystem,63848,1608239
NETWORKING [GENERAL],TCP LOW PRIORITY MODULE,354,9380
NETWORKING [GENERAL],THE REST,1515568,41045347
NETWORKING [GENERAL],TIPC NETWORK LAYER,28360,786993
NETWORKING [GENERAL],TLAN NETWORK DRIVER,140,4397
NETWORKING [GENERAL],TUN/TAP driver,259,8313
NETWORKING [GENERAL],USER DATAGRAM PROTOCOL (UDP),5454,140307
NETWORKING [GENERAL],VFIO PDS PCI DRIVER,79,2251
NETWORKING [GENERAL],VIRTIO AND VHOST VSOCK DRIVER,2323,55715
NETWORKING [GENERAL],VM SOCKETS (AF_VSOCK),10295,265021
NETWORKING [GENERAL],VMWARE VSOCK VMCI TRANSPORT DRIVER,3467,94788
NETWORKING [GENERAL],VRF,464,16853
NETWORKING [GENERAL],WANGXUN ETHERNET DRIVER,34,996
NETWORKING [GENERAL],X.25 STACK,7562,185615
NETWORKING [GENERAL],XDP (eXpress Data Path),1323,35439
NETWORKING [GENERAL],XDP SOCKETS (AF_XDP),5323,140098
NETWORKING [GENERAL],Z8530 DRIVER FOR AX.25,686,20836
NETWORKING [IPSEC],NETWORKING [IPSEC],37779,917955
NETWORKING [IPSEC],NETWORKING [IPv4/IPv6],9610,225893
NETWORKING [IPSEC],THE REST,37779,917955
NETWORKING [IPv4/IPv6],NETWORKING [IPv4/IPv6],198972,5125063
NETWORKING [IPv4/IPv6],"NETWORKING [LABELED] (NetLabel, Labeled IPsec, SECMARK)",3754,101200
NETWORKING [IPv4/IPv6],NETWORKING [TCP],34301,974416
NETWORKING [IPv4/IPv6],NEXTHOP,3792,93214
NETWORKING [IPv4/IPv6],TCP LOW PRIORITY MODULE,354,9380
NETWORKING [IPv4/IPv6],THE REST,198972,5125063
NETWORKING [IPv4/IPv6],USER DATAGRAM PROTOCOL (UDP),5454,140307
NETWORKING [IPv4/IPv6],X86 ARCHITECTURE (32-BIT AND 64-BIT),5549,149176
"NETWORKING [LABELED] (NetLabel, Labeled IPsec, SECMARK)","NETWORKING [LABELED] (NetLabel, Labeled IPsec, SECMARK)",14202,392469
"NETWORKING [LABELED] (NetLabel, Labeled IPsec, SECMARK)",THE REST,14202,392469
NETWORKING [MACSEC],NETWORKING [MACSEC],4959,125367
NETWORKING [MACSEC],THE REST,4959,125367
NETWORKING [MPTCP],NETWORKING [MPTCP],28676,735865
NETWORKING [MPTCP],THE REST,28676,735865
NETWORKING [MPTCP],TRACING,184,4785
NETWORKING [TCP],NETWORKING [TCP],38193,1094530
NETWORKING [TCP],TCP LOW PRIORITY MODULE,354,9380
NETWORKING [TCP],THE REST,38193,1094530
NETWORKING [TCP],TRACING,425,10722
NETWORKING [TLS],NETWORKING [TLS],8049,208990
NETWORKING [TLS],THE REST,8049,208990
NETXEN (1/10) GbE SUPPORT,NETXEN (1/10) GbE SUPPORT,13010,350211
NETXEN (1/10) GbE SUPPORT,THE REST,13010,350211
NET_FAILOVER MODULE,NET_FAILOVER MODULE,1060,32103
NET_FAILOVER MODULE,THE REST,1060,32103
NEXTHOP,NEXTHOP,4472,108596
NEXTHOP,THE REST,4472,108596
NFC SUBSYSTEM,NFC SUBSYSTEM,48686,1176446
NFC SUBSYSTEM,NFC VIRTUAL NCI DEVICE DRIVER,207,4579
NFC SUBSYSTEM,NXP-NCI NFC DRIVER,1048,24663
NFC SUBSYSTEM,OPEN FIRMWARE AND FLATTENED DEVICE TREE BINDINGS,780,16294
NFC SUBSYSTEM,SAMSUNG S3FWRN5 NFC DRIVER,1813,40549
NFC SUBSYSTEM,THE REST,48686,1176446
NFC SUBSYSTEM,TI TRF7970A NFC DRIVER,2360,65788
NFC VIRTUAL NCI DEVICE DRIVER,NFC VIRTUAL NCI DEVICE DRIVER,1121,27007
NFC VIRTUAL NCI DEVICE DRIVER,THE REST,1121,27007
"NFS, SUNRPC, AND LOCKD CLIENTS","NFS, SUNRPC, AND LOCKD CLIENTS",154224,4130390
"NFS, SUNRPC, AND LOCKD CLIENTS",THE REST,154224,4130390
NILFS2 FILESYSTEM,NILFS2 FILESYSTEM,24625,660683
NILFS2 FILESYSTEM,THE REST,24625,660683
NILFS2 FILESYSTEM,TRACING,225,5342
NINJA SCSI-3 / NINJA SCSI-32Bi (16bit/CardBus) PCMCIA SCSI HOST ADAPTER DRIVER,NINJA SCSI-3 / NINJA SCSI-32Bi (16bit/CardBus) PCMCIA SCSI HOST ADAPTER DRIVER,2866,77797
NINJA SCSI-3 / NINJA SCSI-32Bi (16bit/CardBus) PCMCIA SCSI HOST ADAPTER DRIVER,NINJA SCSI-32Bi/UDE PCI/CARDBUS SCSI HOST ADAPTER DRIVER,164,3994
NINJA SCSI-3 / NINJA SCSI-32Bi (16bit/CardBus) PCMCIA SCSI HOST ADAPTER DRIVER,SCSI SUBSYSTEM,2702,73803
NINJA SCSI-3 / NINJA SCSI-32Bi (16bit/CardBus) PCMCIA SCSI HOST ADAPTER DRIVER,THE REST,2866,77797
NINJA SCSI-32Bi/UDE PCI/CARDBUS SCSI HOST ADAPTER DRIVER,NINJA SCSI-32Bi/UDE PCI/CARDBUS SCSI HOST ADAPTER DRIVER,4707,126843
NINJA SCSI-32Bi/UDE PCI/CARDBUS SCSI HOST ADAPTER DRIVER,SCSI SUBSYSTEM,4543,122849
NINJA SCSI-32Bi/UDE PCI/CARDBUS SCSI HOST ADAPTER DRIVER,THE REST,4707,126843
NINTENDO HID DRIVER,NINTENDO HID DRIVER,2444,77609
NINTENDO HID DRIVER,THE REST,2444,77609
NIOS2 ARCHITECTURE,NIOS2 ARCHITECTURE,10106,255673
NIOS2 ARCHITECTURE,OPEN FIRMWARE AND FLATTENED DEVICE TREE BINDINGS,396,9173
NIOS2 ARCHITECTURE,PTRACE SUPPORT,227,6236
NIOS2 ARCHITECTURE,THE REST,10106,255673
NITRO ENCLAVES (NE),NITRO ENCLAVES (NE),4408,122479
NITRO ENCLAVES (NE),THE REST,4408,122479
"NOHZ, DYNTICKS SUPPORT","NOHZ, DYNTICKS SUPPORT",4340,120012
"NOHZ, DYNTICKS SUPPORT",POSIX CLOCKS and TIMERS,106,3030
"NOHZ, DYNTICKS SUPPORT",THE REST,4340,120012
"NOKIA N900 CAMERA SUPPORT (ET8EK8 SENSOR, AD5820 FOCUS)","NOKIA N900 CAMERA SUPPORT (ET8EK8 SENSOR, AD5820 FOCUS)",2569,62414
"NOKIA N900 CAMERA SUPPORT (ET8EK8 SENSOR, AD5820 FOCUS)",THE REST,2569,62414
NOKIA N900 POWER SUPPLY DRIVERS,NOKIA N900 POWER SUPPLY DRIVERS,5194,140048
NOKIA N900 POWER SUPPLY DRIVERS,POWER SUPPLY CLASS/SUBSYSTEM and DRIVERS,5194,140048
NOKIA N900 POWER SUPPLY DRIVERS,THE REST,5194,140048
NOKIA N900 POWER SUPPLY DRIVERS,TI BQ27XXX POWER SUPPLY DRIVER,2561,71445
NOLIBC HEADER FILE,NOLIBC HEADER FILE,6592,209446
NOLIBC HEADER FILE,RISC-V ARCHITECTURE,160,8451
NOLIBC HEADER FILE,THE REST,6592,209446
NOVATEK NVT-TS I2C TOUCHSCREEN DRIVER,NOVATEK NVT-TS I2C TOUCHSCREEN DRIVER,299,7606
NOVATEK NVT-TS I2C TOUCHSCREEN DRIVER,THE REST,299,7606
NSDEPS,NSDEPS,217,8622
NSDEPS,THE REST,217,8622
NTB AMD DRIVER,NTB AMD DRIVER,1588,39990
NTB AMD DRIVER,NTB DRIVER CORE,1588,39990
NTB AMD DRIVER,THE REST,1588,39990
NTB DRIVER CORE,NTB DRIVER CORE,26104,734623
NTB DRIVER CORE,NTB IDT DRIVER,4171,139006
NTB DRIVER CORE,NTB INTEL DRIVER,3987,116612
NTB DRIVER CORE,PCI DRIVER FOR MICROSEMI SWITCHTEC,1589,39528
NTB DRIVER CORE,PCI ENDPOINT SUBSYSTEM,3617,112239
NTB DRIVER CORE,PCI SUBSYSTEM,3617,112239
NTB DRIVER CORE,THE REST,26104,734623
NTB IDT DRIVER,NTB IDT DRIVER,4171,139006
NTB IDT DRIVER,THE REST,4171,139006
NTB INTEL DRIVER,NTB INTEL DRIVER,3987,116612
NTB INTEL DRIVER,THE REST,3987,116612
NTFS FILESYSTEM,NTFS FILESYSTEM,29312,978301
NTFS FILESYSTEM,THE REST,29312,978301
NTFS3 FILESYSTEM,NTFS3 FILESYSTEM,32526,765206
NTFS3 FILESYSTEM,THE REST,32526,765206
NUBUS SUBSYSTEM,NUBUS SUBSYSTEM,1669,46238
NUBUS SUBSYSTEM,THE REST,1669,46238
NVIDIA (rivafb and nvidiafb) FRAMEBUFFER DRIVER,NVIDIA (rivafb and nvidiafb) FRAMEBUFFER DRIVER,12217,370257
NVIDIA (rivafb and nvidiafb) FRAMEBUFFER DRIVER,THE REST,12217,370257
NVIDIA WMI EC BACKLIGHT DRIVER,NVIDIA WMI EC BACKLIGHT DRIVER,219,7357
NVIDIA WMI EC BACKLIGHT DRIVER,THE REST,219,7357
NVIDIA WMI EC BACKLIGHT DRIVER,X86 PLATFORM DRIVERS,219,7357
NVM EXPRESS DRIVER,NVM EXPRESS DRIVER,31975,871048
NVM EXPRESS DRIVER,NVM EXPRESS FABRICS AUTHENTICATION,1082,29290
NVM EXPRESS DRIVER,NVM EXPRESS FC TRANSPORT DRIVERS,5521,168028
NVM EXPRESS DRIVER,NVM EXPRESS HARDWARE MONITORING SUPPORT,281,6460
NVM EXPRESS DRIVER,THE REST,31975,871048
NVM EXPRESS FABRICS AUTHENTICATION,NVM EXPRESS FABRICS AUTHENTICATION,2134,58454
NVM EXPRESS FABRICS AUTHENTICATION,NVM EXPRESS TARGET DRIVER,1052,29164
NVM EXPRESS FABRICS AUTHENTICATION,THE REST,2134,58454
NVM EXPRESS FC TRANSPORT DRIVERS,NVM EXPRESS FC TRANSPORT DRIVERS,10124,286687
NVM EXPRESS FC TRANSPORT DRIVERS,NVM EXPRESS TARGET DRIVER,4603,118659
NVM EXPRESS FC TRANSPORT DRIVERS,THE REST,10124,286687
NVM EXPRESS HARDWARE MONITORING SUPPORT,NVM EXPRESS HARDWARE MONITORING SUPPORT,281,6460
NVM EXPRESS HARDWARE MONITORING SUPPORT,THE REST,281,6460
NVM EXPRESS TARGET DRIVER,NVM EXPRESS TARGET DRIVER,19353,493358
NVM EXPRESS TARGET DRIVER,THE REST,19353,493358
NVMEM FRAMEWORK,NVMEM FRAMEWORK,14661,363888
NVMEM FRAMEWORK,ONIE TLV NVMEM LAYOUT DRIVER,391,8664
NVMEM FRAMEWORK,OPEN FIRMWARE AND FLATTENED DEVICE TREE BINDINGS,2528,56327
NVMEM FRAMEWORK,SL28 VPD NVMEM LAYOUT DRIVER,217,4845
NVMEM FRAMEWORK,SUNPLUS OCOTP DRIVER,309,7479
NVMEM FRAMEWORK,THE REST,14661,363888
NVMEM FRAMEWORK,U-BOOT ENVIRONMENT VARIABLES,360,9061
NXP BLUETOOTH WIRELESS DRIVERS,NXP BLUETOOTH WIRELESS DRIVERS,1459,39820
NXP BLUETOOTH WIRELESS DRIVERS,OPEN FIRMWARE AND FLATTENED DEVICE TREE BINDINGS,46,1232
NXP BLUETOOTH WIRELESS DRIVERS,THE REST,1459,39820
NXP C45 TJA11XX PHY DRIVER,NXP C45 TJA11XX PHY DRIVER,1978,54919
NXP C45 TJA11XX PHY DRIVER,THE REST,1978,54919
NXP FSPI DRIVER,NXP FSPI DRIVER,1417,38319
NXP FSPI DRIVER,OPEN FIRMWARE AND FLATTENED DEVICE TREE BINDINGS,90,2059
NXP FSPI DRIVER,SPI SUBSYSTEM,1417,38319
NXP FSPI DRIVER,THE REST,1417,38319
NXP FXAS21002C DRIVER,NXP FXAS21002C DRIVER,1377,34087
NXP FXAS21002C DRIVER,OPEN FIRMWARE AND FLATTENED DEVICE TREE BINDINGS,98,2185
NXP FXAS21002C DRIVER,THE REST,1377,34087
NXP PF8100/PF8121A/PF8200 PMIC REGULATOR DEVICE DRIVER,NXP PF8100/PF8121A/PF8200 PMIC REGULATOR DEVICE DRIVER,810,22747
NXP PF8100/PF8121A/PF8200 PMIC REGULATOR DEVICE DRIVER,OPEN FIRMWARE AND FLATTENED DEVICE TREE BINDINGS,190,5526
NXP PF8100/PF8121A/PF8200 PMIC REGULATOR DEVICE DRIVER,THE REST,810,22747
NXP PF8100/PF8121A/PF8200 PMIC REGULATOR DEVICE DRIVER,VOLTAGE AND CURRENT REGULATOR FRAMEWORK,810,22747
NXP PTN5150A CC LOGIC AND EXTCON DRIVER,NXP PTN5150A CC LOGIC AND EXTCON DRIVER,421,10785
NXP PTN5150A CC LOGIC AND EXTCON DRIVER,OPEN FIRMWARE AND FLATTENED DEVICE TREE BINDINGS,62,1460
NXP PTN5150A CC LOGIC AND EXTCON DRIVER,THE REST,421,10785
NXP SGTL5000 DRIVER,NXP SGTL5000 DRIVER,2360,67496
NXP SGTL5000 DRIVER,OPEN FIRMWARE AND FLATTENED DEVICE TREE BINDINGS,113,2805
NXP SGTL5000 DRIVER,SOUND,2247,64691
NXP SGTL5000 DRIVER,SOUND - SOC LAYER / DYNAMIC AUDIO POWER MANAGEMENT (ASoC),2360,67496
NXP SGTL5000 DRIVER,THE REST,2360,67496
NXP SJA1105 ETHERNET SWITCH DRIVER,NXP SJA1105 ETHERNET SWITCH DRIVER,14829,451128
NXP SJA1105 ETHERNET SWITCH DRIVER,THE REST,14829,451128
NXP TDA998X DRM DRIVER,NXP TDA998X DRM DRIVER,2163,64174
NXP TDA998X DRM DRIVER,OPEN FIRMWARE AND FLATTENED DEVICE TREE BINDINGS,8,184
NXP TDA998X DRM DRIVER,THE REST,2163,64174
NXP TFA9879 DRIVER,NXP TFA9879 DRIVER,543,15150
NXP TFA9879 DRIVER,OPEN FIRMWARE AND FLATTENED DEVICE TREE BINDINGS,23,333
NXP TFA9879 DRIVER,SOUND,520,14817
NXP TFA9879 DRIVER,SOUND - SOC LAYER / DYNAMIC AUDIO POWER MANAGEMENT (ASoC),543,15150
NXP TFA9879 DRIVER,THE REST,543,15150
NXP i.MX 7D/6SX/6UL/93 AND VF610 ADC DRIVER,NXP i.MX 7D/6SX/6UL/93 AND VF610 ADC DRIVER,2266,56889
NXP i.MX 7D/6SX/6UL/93 AND VF610 ADC DRIVER,OPEN FIRMWARE AND FLATTENED DEVICE TREE BINDINGS,231,5707
NXP i.MX 7D/6SX/6UL/93 AND VF610 ADC DRIVER,THE REST,2266,56889
NXP i.MX 8M ISI DRIVER,NXP i.MX 8M ISI DRIVER,6170,172337
NXP i.MX 8M ISI DRIVER,OPEN FIRMWARE AND FLATTENED DEVICE TREE BINDINGS,176,4567
NXP i.MX 8M ISI DRIVER,THE REST,6170,172337
NXP i.MX 8MP DW100 V4L2 DRIVER,NXP i.MX 8MP DW100 V4L2 DRIVER,2006,56350
NXP i.MX 8MP DW100 V4L2 DRIVER,OPEN FIRMWARE AND FLATTENED DEVICE TREE BINDINGS,69,1760
NXP i.MX 8MP DW100 V4L2 DRIVER,THE REST,2006,56350
NXP i.MX 8MQ DCSS DRIVER,NXP i.MX 8MQ DCSS DRIVER,4120,106644
NXP i.MX 8MQ DCSS DRIVER,OPEN FIRMWARE AND FLATTENED DEVICE TREE BINDINGS,107,3668
NXP i.MX 8MQ DCSS DRIVER,THE REST,4120,106644
NXP i.MX 8QXP ADC DRIVER,NXP i.MX 8QXP ADC DRIVER,588,15853
NXP i.MX 8QXP ADC DRIVER,OPEN FIRMWARE AND FLATTENED DEVICE TREE BINDINGS,85,1830
NXP i.MX 8QXP ADC DRIVER,THE REST,588,15853
NXP i.MX 8QXP/8QM JPEG V4L2 DRIVER,NXP i.MX 8QXP/8QM JPEG V4L2 DRIVER,3571,105201
NXP i.MX 8QXP/8QM JPEG V4L2 DRIVER,OPEN FIRMWARE AND FLATTENED DEVICE TREE BINDINGS,89,2926
NXP i.MX 8QXP/8QM JPEG V4L2 DRIVER,THE REST,3571,105201
NXP i.MX CLOCK DRIVERS,NXP i.MX CLOCK DRIVERS,25344,1052895
NXP i.MX CLOCK DRIVERS,OPEN FIRMWARE AND FLATTENED DEVICE TREE BINDINGS,6272,186604
NXP i.MX CLOCK DRIVERS,THE REST,25344,1052895
NXP-NCI NFC DRIVER,NXP-NCI NFC DRIVER,1048,24663
NXP-NCI NFC DRIVER,OPEN FIRMWARE AND FLATTENED DEVICE TREE BINDINGS,62,1300
NXP-NCI NFC DRIVER,THE REST,1048,24663
NXP/Goodix TFA989X (TFA1) DRIVER,NXP/Goodix TFA989X (TFA1) DRIVER,524,14684
NXP/Goodix TFA989X (TFA1) DRIVER,OPEN FIRMWARE AND FLATTENED DEVICE TREE BINDINGS,99,2132
NXP/Goodix TFA989X (TFA1) DRIVER,SOUND,425,12552
NXP/Goodix TFA989X (TFA1) DRIVER,SOUND - SOC LAYER / DYNAMIC AUDIO POWER MANAGEMENT (ASoC),524,14684
NXP/Goodix TFA989X (TFA1) DRIVER,THE REST,524,14684
NZXT-KRAKEN2 HARDWARE MONITORING DRIVER,NZXT-KRAKEN2 HARDWARE MONITORING DRIVER,276,6752
NZXT-KRAKEN2 HARDWARE MONITORING DRIVER,THE REST,276,6752
NZXT-SMART2 HARDWARE MONITORING DRIVER,NZXT-SMART2 HARDWARE MONITORING DRIVER,900,22987
NZXT-SMART2 HARDWARE MONITORING DRIVER,THE REST,900,22987
OBJAGG,OBJAGG,2135,56081
OBJAGG,THE REST,2135,56081
OBJTOOL,OBJTOOL,10286,244199
OBJTOOL,THE REST,10286,244199
OCELOT ETHERNET SWITCH DRIVER,OCELOT ETHERNET SWITCH DRIVER,25478,802242
OCELOT ETHERNET SWITCH DRIVER,OCELOT EXTERNAL SWITCH CONTROL,164,3648
OCELOT ETHERNET SWITCH DRIVER,THE REST,25478,802242
OCELOT EXTERNAL SWITCH CONTROL,OCELOT EXTERNAL SWITCH CONTROL,979,27303
OCELOT EXTERNAL SWITCH CONTROL,OPEN FIRMWARE AND FLATTENED DEVICE TREE BINDINGS,169,4350
OCELOT EXTERNAL SWITCH CONTROL,THE REST,979,27303
OCXL (Open Coherent Accelerator Processor Interface OpenCAPI) DRIVER,OCXL (Open Coherent Accelerator Processor Interface OpenCAPI) DRIVER,5944,149480
OCXL (Open Coherent Accelerator Processor Interface OpenCAPI) DRIVER,THE REST,5944,149480
OMAP AUDIO SUPPORT,OMAP AUDIO SUPPORT,5947,157478
OMAP AUDIO SUPPORT,SOUND,5947,157478
OMAP AUDIO SUPPORT,SOUND - SOC LAYER / DYNAMIC AUDIO POWER MANAGEMENT (ASoC),5947,157478
OMAP AUDIO SUPPORT,TEXAS INSTRUMENTS ASoC DRIVERS,5947,157478
OMAP AUDIO SUPPORT,THE REST,5947,157478
OMAP CLOCK FRAMEWORK SUPPORT,OMAP CLOCK FRAMEWORK SUPPORT,6834,202330
OMAP CLOCK FRAMEWORK SUPPORT,OMAP1 SUPPORT,1869,55773
OMAP CLOCK FRAMEWORK SUPPORT,OMAP2+ SUPPORT,4965,146557
OMAP CLOCK FRAMEWORK SUPPORT,THE REST,6834,202330
OMAP DEVICE TREE SUPPORT,OMAP DEVICE TREE SUPPORT,89262,2331309
OMAP DEVICE TREE SUPPORT,OMAP/NEWFLOW NANOBONE MACHINE SUPPORT,492,13288
OMAP DEVICE TREE SUPPORT,OPEN FIRMWARE AND FLATTENED DEVICE TREE BINDINGS,89262,2331309
OMAP DEVICE TREE SUPPORT,SANCLOUD BEAGLEBONE ENHANCED DEVICE TREE,283,8192
OMAP DEVICE TREE SUPPORT,THE REST,89262,2331309
OMAP DISPLAY SUBSYSTEM and FRAMEBUFFER SUPPORT (DSS2),OMAP DISPLAY SUBSYSTEM and FRAMEBUFFER SUPPORT (DSS2),38888,922079
OMAP DISPLAY SUBSYSTEM and FRAMEBUFFER SUPPORT (DSS2),THE REST,38888,922079
OMAP FRAMEBUFFER SUPPORT,OMAP FRAMEBUFFER SUPPORT,6149,150392
OMAP FRAMEBUFFER SUPPORT,THE REST,6149,150392
OMAP GENERAL PURPOSE MEMORY CONTROLLER SUPPORT,OMAP GENERAL PURPOSE MEMORY CONTROLLER SUPPORT,2771,76527
OMAP GENERAL PURPOSE MEMORY CONTROLLER SUPPORT,OMAP POWER MANAGEMENT SUPPORT,10,291
OMAP GENERAL PURPOSE MEMORY CONTROLLER SUPPORT,OMAP2+ SUPPORT,10,291
OMAP GENERAL PURPOSE MEMORY CONTROLLER SUPPORT,THE REST,2771,76527
OMAP GPIO DRIVER,OMAP GPIO DRIVER,1698,45902
OMAP GPIO DRIVER,OPEN FIRMWARE AND FLATTENED DEVICE TREE BINDINGS,108,2492
OMAP GPIO DRIVER,THE REST,1698,45902
OMAP HARDWARE SPINLOCK SUPPORT,OMAP HARDWARE SPINLOCK SUPPORT,196,5047
OMAP HARDWARE SPINLOCK SUPPORT,THE REST,196,5047
OMAP HS MMC SUPPORT,OMAP HS MMC SUPPORT,2137,54053
OMAP HS MMC SUPPORT,THE REST,2137,54053
OMAP HWMOD DATA,OMAP HWMOD DATA,6111,156007
OMAP HWMOD DATA,OMAP HWMOD SUPPORT,6111,156007
OMAP HWMOD DATA,OMAP2+ SUPPORT,6111,156007
OMAP HWMOD DATA,THE REST,6111,156007
OMAP HWMOD SUPPORT,OMAP HWMOD SUPPORT,10732,293776
OMAP HWMOD SUPPORT,OMAP2+ SUPPORT,10732,293776
OMAP HWMOD SUPPORT,THE REST,10732,293776
OMAP I2C DRIVER,OMAP I2C DRIVER,1716,45102
OMAP I2C DRIVER,OMAP1 SUPPORT,1614,43047
OMAP I2C DRIVER,OMAP2+ SUPPORT,1614,43047
OMAP I2C DRIVER,OPEN FIRMWARE AND FLATTENED DEVICE TREE BINDINGS,102,2055
OMAP I2C DRIVER,THE REST,1716,45102
OMAP IMAGING SUBSYSTEM (OMAP3 ISP and OMAP4 ISS),OMAP IMAGING SUBSYSTEM (OMAP3 ISP and OMAP4 ISS),28106,808614
OMAP IMAGING SUBSYSTEM (OMAP3 ISP and OMAP4 ISS),OPEN FIRMWARE AND FLATTENED DEVICE TREE BINDINGS,71,2093
OMAP IMAGING SUBSYSTEM (OMAP3 ISP and OMAP4 ISS),STAGING SUBSYSTEM,8394,232966
OMAP IMAGING SUBSYSTEM (OMAP3 ISP and OMAP4 ISS),THE REST,28106,808614
OMAP MMC SUPPORT,OMAP MMC SUPPORT,1559,38868
OMAP MMC SUPPORT,THE REST,1559,38868
OMAP POWER MANAGEMENT SUPPORT,OMAP POWER MANAGEMENT SUPPORT,3314,83848
OMAP POWER MANAGEMENT SUPPORT,OMAP1 SUPPORT,927,25870
OMAP POWER MANAGEMENT SUPPORT,OMAP2+ SUPPORT,2187,53029
OMAP POWER MANAGEMENT SUPPORT,THE REST,3314,83848
OMAP POWERDOMAIN SOC ADAPTATION LAYER SUPPORT,OMAP POWERDOMAIN SOC ADAPTATION LAYER SUPPORT,4827,148384
OMAP POWERDOMAIN SOC ADAPTATION LAYER SUPPORT,OMAP2+ SUPPORT,4827,148384
OMAP POWERDOMAIN SOC ADAPTATION LAYER SUPPORT,THE REST,4827,148384
OMAP RANDOM NUMBER GENERATOR SUPPORT,OMAP RANDOM NUMBER GENERATOR SUPPORT,569,14433
OMAP RANDOM NUMBER GENERATOR SUPPORT,THE REST,569,14433
OMAP USB SUPPORT,OMAP USB SUPPORT,3758,93898
OMAP USB SUPPORT,OMAP1 SUPPORT,712,16892
OMAP USB SUPPORT,OMAP2+ SUPPORT,229,5401
OMAP USB SUPPORT,THE REST,3758,93898
OMAP USB SUPPORT,USB EHCI DRIVER,301,7739
OMAP USB SUPPORT,USB OHCI DRIVER,428,11092
OMAP USB SUPPORT,USB SUBSYSTEM,2817,71605
OMAP/NEWFLOW NANOBONE MACHINE SUPPORT,OMAP/NEWFLOW NANOBONE MACHINE SUPPORT,492,13288
OMAP/NEWFLOW NANOBONE MACHINE SUPPORT,OPEN FIRMWARE AND FLATTENED DEVICE TREE BINDINGS,492,13288
OMAP/NEWFLOW NANOBONE MACHINE SUPPORT,THE REST,492,13288
OMAP1 SUPPORT,OMAP1 SUPPORT,14995,409422
OMAP1 SUPPORT,OMAP2+ SUPPORT,1653,44288
OMAP1 SUPPORT,THE REST,14995,409422
OMAP2+ SUPPORT,OMAP2+ SUPPORT,73241,2039061
OMAP2+ SUPPORT,OPEN FIRMWARE AND FLATTENED DEVICE TREE BINDINGS,176,5776
OMAP2+ SUPPORT,THE REST,73241,2039061
OMAP2+ SUPPORT,VOLTAGE AND CURRENT REGULATOR FRAMEWORK,5711,159792
OMFS FILESYSTEM,OMFS FILESYSTEM,1943,47939
OMFS FILESYSTEM,THE REST,1943,47939
OMNIVISION OG01A1B SENSOR DRIVER,OMNIVISION OG01A1B SENSOR DRIVER,1126,26079
OMNIVISION OG01A1B SENSOR DRIVER,THE REST,1126,26079
OMNIVISION OG01A1B SENSOR DRIVER,V4L2 CAMERA SENSOR DRIVERS,1126,26079
OMNIVISION OV01A10 SENSOR DRIVER,OMNIVISION OV01A10 SENSOR DRIVER,1004,24017
OMNIVISION OV01A10 SENSOR DRIVER,THE REST,1004,24017
OMNIVISION OV01A10 SENSOR DRIVER,V4L2 CAMERA SENSOR DRIVERS,1004,24017
OMNIVISION OV02A10 SENSOR DRIVER,OMNIVISION OV02A10 SENSOR DRIVER,1166,28410
OMNIVISION OV02A10 SENSOR DRIVER,OPEN FIRMWARE AND FLATTENED DEVICE TREE BINDINGS,154,4007
OMNIVISION OV02A10 SENSOR DRIVER,THE REST,1166,28410
OMNIVISION OV02A10 SENSOR DRIVER,V4L2 CAMERA SENSOR DRIVERS,1012,24403
OMNIVISION OV08D10 SENSOR DRIVER,OMNIVISION OV08D10 SENSOR DRIVER,1531,34400
OMNIVISION OV08D10 SENSOR DRIVER,THE REST,1531,34400
OMNIVISION OV08D10 SENSOR DRIVER,V4L2 CAMERA SENSOR DRIVERS,1531,34400
OMNIVISION OV08X40 SENSOR DRIVER,OMNIVISION OV08X40 SENSOR DRIVER,3325,64882
OMNIVISION OV08X40 SENSOR DRIVER,THE REST,3325,64882
OMNIVISION OV08X40 SENSOR DRIVER,V4L2 CAMERA SENSOR DRIVERS,3325,64882
OMNIVISION OV13858 SENSOR DRIVER,OMNIVISION OV13858 SENSOR DRIVER,1820,39739
OMNIVISION OV13858 SENSOR DRIVER,THE REST,1820,39739
OMNIVISION OV13858 SENSOR DRIVER,V4L2 CAMERA SENSOR DRIVERS,1820,39739
OMNIVISION OV13B10 SENSOR DRIVER,OMNIVISION OV13B10 SENSOR DRIVER,1609,36481
OMNIVISION OV13B10 SENSOR DRIVER,THE REST,1609,36481
OMNIVISION OV13B10 SENSOR DRIVER,V4L2 CAMERA SENSOR DRIVERS,1609,36481
OMNIVISION OV2680 SENSOR DRIVER,OMNIVISION OV2680 SENSOR DRIVER,1383,35382
OMNIVISION OV2680 SENSOR DRIVER,OPEN FIRMWARE AND FLATTENED DEVICE TREE BINDINGS,97,2363
OMNIVISION OV2680 SENSOR DRIVER,THE REST,1383,35382
OMNIVISION OV2680 SENSOR DRIVER,V4L2 CAMERA SENSOR DRIVERS,1286,33019
OMNIVISION OV2685 SENSOR DRIVER,OMNIVISION OV2685 SENSOR DRIVER,1015,23667
OMNIVISION OV2685 SENSOR DRIVER,OPEN FIRMWARE AND FLATTENED DEVICE TREE BINDINGS,102,2070
OMNIVISION OV2685 SENSOR DRIVER,THE REST,1015,23667
OMNIVISION OV2685 SENSOR DRIVER,V4L2 CAMERA SENSOR DRIVERS,913,21597
OMNIVISION OV2740 SENSOR DRIVER,OMNIVISION OV2740 SENSOR DRIVER,1229,29211
OMNIVISION OV2740 SENSOR DRIVER,THE REST,1229,29211
OMNIVISION OV2740 SENSOR DRIVER,V4L2 CAMERA SENSOR DRIVERS,1229,29211
OMNIVISION OV4689 SENSOR DRIVER,OMNIVISION OV4689 SENSOR DRIVER,1661,37715
OMNIVISION OV4689 SENSOR DRIVER,OMNIVISION OV5647 SENSOR DRIVER,1527,34747
OMNIVISION OV4689 SENSOR DRIVER,OPEN FIRMWARE AND FLATTENED DEVICE TREE BINDINGS,134,2968
OMNIVISION OV4689 SENSOR DRIVER,THE REST,1661,37715
OMNIVISION OV4689 SENSOR DRIVER,V4L2 CAMERA SENSOR DRIVERS,1527,34747
OMNIVISION OV5640 SENSOR DRIVER,OMNIVISION OV5640 SENSOR DRIVER,4002,104047
OMNIVISION OV5640 SENSOR DRIVER,THE REST,4002,104047
OMNIVISION OV5640 SENSOR DRIVER,V4L2 CAMERA SENSOR DRIVERS,4002,104047
OMNIVISION OV5647 SENSOR DRIVER,OMNIVISION OV5647 SENSOR DRIVER,1602,36342
OMNIVISION OV5647 SENSOR DRIVER,OPEN FIRMWARE AND FLATTENED DEVICE TREE BINDINGS,75,1595
OMNIVISION OV5647 SENSOR DRIVER,THE REST,1602,36342
OMNIVISION OV5647 SENSOR DRIVER,V4L2 CAMERA SENSOR DRIVERS,1527,34747
OMNIVISION OV5670 SENSOR DRIVER,OMNIVISION OV5670 SENSOR DRIVER,2959,61917
OMNIVISION OV5670 SENSOR DRIVER,OPEN FIRMWARE AND FLATTENED DEVICE TREE BINDINGS,93,2088
OMNIVISION OV5670 SENSOR DRIVER,THE REST,2959,61917
OMNIVISION OV5670 SENSOR DRIVER,V4L2 CAMERA SENSOR DRIVERS,2866,59829
OMNIVISION OV5675 SENSOR DRIVER,OMNIVISION OV5675 SENSOR DRIVER,1569,36749
OMNIVISION OV5675 SENSOR DRIVER,OPEN FIRMWARE AND FLATTENED DEVICE TREE BINDINGS,122,3033
OMNIVISION OV5675 SENSOR DRIVER,THE REST,1569,36749
OMNIVISION OV5675 SENSOR DRIVER,V4L2 CAMERA SENSOR DRIVERS,1447,33716
OMNIVISION OV5693 SENSOR DRIVER,OMNIVISION OV5693 SENSOR DRIVER,1575,40959
OMNIVISION OV5693 SENSOR DRIVER,OPEN FIRMWARE AND FLATTENED DEVICE TREE BINDINGS,141,3315
OMNIVISION OV5693 SENSOR DRIVER,THE REST,1575,40959
OMNIVISION OV5693 SENSOR DRIVER,V4L2 CAMERA SENSOR DRIVERS,1434,37644
OMNIVISION OV5695 SENSOR DRIVER,OMNIVISION OV5695 SENSOR DRIVER,1402,30430
OMNIVISION OV5695 SENSOR DRIVER,THE REST,1402,30430
OMNIVISION OV5695 SENSOR DRIVER,V4L2 CAMERA SENSOR DRIVERS,1402,30430
OMNIVISION OV7670 SENSOR DRIVER,OMNIVISION OV7670 SENSOR DRIVER,2096,55996
OMNIVISION OV7670 SENSOR DRIVER,OPEN FIRMWARE AND FLATTENED DEVICE TREE BINDINGS,55,1694
OMNIVISION OV7670 SENSOR DRIVER,THE REST,2096,55996
OMNIVISION OV7670 SENSOR DRIVER,V4L2 CAMERA SENSOR DRIVERS,2041,54302
OMNIVISION OV772x SENSOR DRIVER,OMNIVISION OV772x SENSOR DRIVER,1755,49865
OMNIVISION OV772x SENSOR DRIVER,OPEN FIRMWARE AND FLATTENED DEVICE TREE BINDINGS,134,2982
OMNIVISION OV772x SENSOR DRIVER,THE REST,1755,49865
OMNIVISION OV772x SENSOR DRIVER,V4L2 CAMERA SENSOR DRIVERS,1563,45481
OMNIVISION OV7740 SENSOR DRIVER,OMNIVISION OV7740 SENSOR DRIVER,1270,29518
OMNIVISION OV7740 SENSOR DRIVER,OPEN FIRMWARE AND FLATTENED DEVICE TREE BINDINGS,47,1433
OMNIVISION OV7740 SENSOR DRIVER,THE REST,1270,29518
OMNIVISION OV7740 SENSOR DRIVER,V4L2 CAMERA SENSOR DRIVERS,1223,28085
OMNIVISION OV8856 SENSOR DRIVER,OMNIVISION OV8856 SENSOR DRIVER,2673,58489
OMNIVISION OV8856 SENSOR DRIVER,OPEN FIRMWARE AND FLATTENED DEVICE TREE BINDINGS,134,3278
OMNIVISION OV8856 SENSOR DRIVER,THE REST,2673,58489
OMNIVISION OV8856 SENSOR DRIVER,V4L2 CAMERA SENSOR DRIVERS,2539,55211
OMNIVISION OV8858 SENSOR DRIVER,OMNIVISION OV8858 SENSOR DRIVER,2108,52042
OMNIVISION OV8858 SENSOR DRIVER,OPEN FIRMWARE AND FLATTENED DEVICE TREE BINDINGS,106,2400
OMNIVISION OV8858 SENSOR DRIVER,THE REST,2108,52042
OMNIVISION OV8858 SENSOR DRIVER,V4L2 CAMERA SENSOR DRIVERS,2002,49642
OMNIVISION OV9282 SENSOR DRIVER,OMNIVISION OV9282 SENSOR DRIVER,1630,39464
OMNIVISION OV9282 SENSOR DRIVER,OPEN FIRMWARE AND FLATTENED DEVICE TREE BINDINGS,103,2430
OMNIVISION OV9282 SENSOR DRIVER,THE REST,1630,39464
OMNIVISION OV9282 SENSOR DRIVER,V4L2 CAMERA SENSOR DRIVERS,1527,37034
OMNIVISION OV9640 SENSOR DRIVER,OMNIVISION OV9640 SENSOR DRIVER,981,24165
OMNIVISION OV9640 SENSOR DRIVER,THE REST,981,24165
OMNIVISION OV9640 SENSOR DRIVER,V4L2 CAMERA SENSOR DRIVERS,981,24165
OMNIVISION OV9650 SENSOR DRIVER,OMNIVISION OV9650 SENSOR DRIVER,1619,43114
OMNIVISION OV9650 SENSOR DRIVER,OPEN FIRMWARE AND FLATTENED DEVICE TREE BINDINGS,36,917
OMNIVISION OV9650 SENSOR DRIVER,THE REST,1619,43114
OMNIVISION OV9650 SENSOR DRIVER,V4L2 CAMERA SENSOR DRIVERS,1583,42197
OMNIVISION OV9734 SENSOR DRIVER,OMNIVISION OV9734 SENSOR DRIVER,1040,24612
OMNIVISION OV9734 SENSOR DRIVER,THE REST,1040,24612
OMNIVISION OV9734 SENSOR DRIVER,V4L2 CAMERA SENSOR DRIVERS,1040,24612
ONBOARD USB HUB DRIVER,ONBOARD USB HUB DRIVER,495,12311
ONBOARD USB HUB DRIVER,THE REST,495,12311
ONBOARD USB HUB DRIVER,USB SUBSYSTEM,488,12027
ONENAND FLASH DRIVER,ONENAND FLASH DRIVER,6601,174499
ONENAND FLASH DRIVER,THE REST,6601,174499
ONEXPLAYER FAN DRIVER,ONEXPLAYER FAN DRIVER,493,10561
ONEXPLAYER FAN DRIVER,THE REST,493,10561
ONIE TLV NVMEM LAYOUT DRIVER,ONIE TLV NVMEM LAYOUT DRIVER,391,8664
ONIE TLV NVMEM LAYOUT DRIVER,OPEN FIRMWARE AND FLATTENED DEVICE TREE BINDINGS,147,3114
ONIE TLV NVMEM LAYOUT DRIVER,THE REST,391,8664
ONION OMEGA2+ BOARD,ONION OMEGA2+ BOARD,18,289
ONION OMEGA2+ BOARD,OPEN FIRMWARE AND FLATTENED DEVICE TREE BINDINGS,18,289
ONION OMEGA2+ BOARD,THE REST,18,289
ONSEMI ETHERNET PHY DRIVERS,ONSEMI ETHERNET PHY DRIVERS,171,4537
ONSEMI ETHERNET PHY DRIVERS,THE REST,171,4537
OP-TEE DRIVER,OP-TEE DRIVER,6162,168016
OP-TEE DRIVER,TEE SUBSYSTEM,6154,167627
OP-TEE DRIVER,THE REST,6162,168016
OP-TEE RANDOM NUMBER GENERATOR (RNG) DRIVER,OP-TEE RANDOM NUMBER GENERATOR (RNG) DRIVER,305,7483
OP-TEE RANDOM NUMBER GENERATOR (RNG) DRIVER,THE REST,305,7483
OP-TEE RTC DRIVER,OP-TEE RTC DRIVER,362,8947
OP-TEE RTC DRIVER,REAL TIME CLOCK (RTC) SUBSYSTEM,362,8947
OP-TEE RTC DRIVER,THE REST,362,8947
OPA-VNIC DRIVER,OPA-VNIC DRIVER,3415,107103
OPA-VNIC DRIVER,THE REST,3415,107103
OPEN FIRMWARE AND FLATTENED DEVICE TREE,OPEN FIRMWARE AND FLATTENED DEVICE TREE,38244,1014424
OPEN FIRMWARE AND FLATTENED DEVICE TREE,PCI SUBSYSTEM,41,915
OPEN FIRMWARE AND FLATTENED DEVICE TREE,RISC-V ARCHITECTURE,0,28
OPEN FIRMWARE AND FLATTENED DEVICE TREE,THE REST,38244,1014424
OPEN FIRMWARE AND FLATTENED DEVICE TREE BINDINGS,OPEN FIRMWARE AND FLATTENED DEVICE TREE BINDINGS,2069292,52731500
OPEN FIRMWARE AND FLATTENED DEVICE TREE BINDINGS,OPENCORES I2C BUS DRIVER,114,3090
OPEN FIRMWARE AND FLATTENED DEVICE TREE BINDINGS,OPENRISC ARCHITECTURE,233,4731
OPEN FIRMWARE AND FLATTENED DEVICE TREE BINDINGS,OPERATING PERFORMANCE POINTS (OPP),1447,45017
OPEN FIRMWARE AND FLATTENED DEVICE TREE BINDINGS,PARALLAX PING IIO SENSOR DRIVER,53,1771
OPEN FIRMWARE AND FLATTENED DEVICE TREE BINDINGS,PCI DRIVER FOR AARDVARK (Marvell Armada 3700),59,1966
OPEN FIRMWARE AND FLATTENED DEVICE TREE BINDINGS,PCI DRIVER FOR ALTERA PCIE IP,50,1866
OPEN FIRMWARE AND FLATTENED DEVICE TREE BINDINGS,PCI DRIVER FOR APPLIEDMICRO XGENE,50,1888
OPEN FIRMWARE AND FLATTENED DEVICE TREE BINDINGS,PCI DRIVER FOR ARM VERSATILE PLATFORM,94,2158
OPEN FIRMWARE AND FLATTENED DEVICE TREE BINDINGS,PCI DRIVER FOR ARMADA 8K,48,1694
OPEN FIRMWARE AND FLATTENED DEVICE TREE BINDINGS,PCI DRIVER FOR CADENCE PCIE IP,125,2834
OPEN FIRMWARE AND FLATTENED DEVICE TREE BINDINGS,PCI DRIVER FOR FU740,120,3243
OPEN FIRMWARE AND FLATTENED DEVICE TREE BINDINGS,PCI DRIVER FOR GENERIC OF HOSTS,177,6279
OPEN FIRMWARE AND FLATTENED DEVICE TREE BINDINGS,PCI DRIVER FOR IMX6,583,14758
OPEN FIRMWARE AND FLATTENED DEVICE TREE BINDINGS,PCI DRIVER FOR INTEL IXP4XX,100,2833
OPEN FIRMWARE AND FLATTENED DEVICE TREE BINDINGS,PCI DRIVER FOR MOBIVEIL PCIE IP,72,2485
OPEN FIRMWARE AND FLATTENED DEVICE TREE BINDINGS,PCI DRIVER FOR NVIDIA TEGRA,670,20697
OPEN FIRMWARE AND FLATTENED DEVICE TREE BINDINGS,PCI DRIVER FOR NXP LAYERSCAPE GEN4 CONTROLLER,52,2377
OPEN FIRMWARE AND FLATTENED DEVICE TREE BINDINGS,PCI DRIVER FOR RENESAS R-CAR,404,10784
OPEN FIRMWARE AND FLATTENED DEVICE TREE BINDINGS,PCI DRIVER FOR SYNOPSYS DESIGNWARE,436,16650
OPEN FIRMWARE AND FLATTENED DEVICE TREE BINDINGS,PCI DRIVER FOR TI DRA7XX/J721E,102,4088
OPEN FIRMWARE AND FLATTENED DEVICE TREE BINDINGS,PCI DRIVER FOR V3 SEMICONDUCTOR V360EPC,76,3249
OPEN FIRMWARE AND FLATTENED DEVICE TREE BINDINGS,PCI DRIVER FOR XILINX VERSAL CPM,134,4526
OPEN FIRMWARE AND FLATTENED DEVICE TREE BINDINGS,PCI MSI DRIVER FOR ALTERA MSI IP,27,856
OPEN FIRMWARE AND FLATTENED DEVICE TREE BINDINGS,PCI MSI DRIVER FOR APPLIEDMICRO XGENE,68,2181
OPEN FIRMWARE AND FLATTENED DEVICE TREE BINDINGS,PCI NATIVE HOST BRIDGE AND ENDPOINT DRIVERS,11082,321191
OPEN FIRMWARE AND FLATTENED DEVICE TREE BINDINGS,PCI SUBSYSTEM,11082,321191
OPEN FIRMWARE AND FLATTENED DEVICE TREE BINDINGS,PCIE DRIVER FOR AMAZON ANNAPURNA LABS,46,1429
OPEN FIRMWARE AND FLATTENED DEVICE TREE BINDINGS,PCIE DRIVER FOR AXIS ARTPEC,50,1977
OPEN FIRMWARE AND FLATTENED DEVICE TREE BINDINGS,PCIE DRIVER FOR HISILICON KIRIN,180,5575
OPEN FIRMWARE AND FLATTENED DEVICE TREE BINDINGS,PCIE DRIVER FOR HISILICON STB,69,2471
OPEN FIRMWARE AND FLATTENED DEVICE TREE BINDINGS,PCIE DRIVER FOR INTEL KEEM BAY,166,4003
OPEN FIRMWARE AND FLATTENED DEVICE TREE BINDINGS,PCIE DRIVER FOR INTEL LGM GW SOC,117,2404
OPEN FIRMWARE AND FLATTENED DEVICE TREE BINDINGS,PCIE DRIVER FOR MEDIATEK,715,20295
OPEN FIRMWARE AND FLATTENED DEVICE TREE BINDINGS,PCIE DRIVER FOR MICROCHIP,140,3883
OPEN FIRMWARE AND FLATTENED DEVICE TREE BINDINGS,PCIE DRIVER FOR ROCKCHIP,271,6850
OPEN FIRMWARE AND FLATTENED DEVICE TREE BINDINGS,PCIE DRIVER FOR SOCIONEXT UNIPHIER,247,5369
OPEN FIRMWARE AND FLATTENED DEVICE TREE BINDINGS,PCIE ENDPOINT DRIVER FOR QUALCOMM,223,5838
OPEN FIRMWARE AND FLATTENED DEVICE TREE BINDINGS,PECI SUBSYSTEM,161,3362
OPEN FIRMWARE AND FLATTENED DEVICE TREE BINDINGS,PIN CONTROL SUBSYSTEM,49115,1921651
OPEN FIRMWARE AND FLATTENED DEVICE TREE BINDINGS,PIN CONTROLLER - FREESCALE,1415,46759
OPEN FIRMWARE AND FLATTENED DEVICE TREE BINDINGS,PIN CONTROLLER - MEDIATEK,1076,32735
OPEN FIRMWARE AND FLATTENED DEVICE TREE BINDINGS,PIN CONTROLLER - MEDIATEK MIPS,2066,48173
OPEN FIRMWARE AND FLATTENED DEVICE TREE BINDINGS,PIN CONTROLLER - NXP S32,123,3868
OPEN FIRMWARE AND FLATTENED DEVICE TREE BINDINGS,PIN CONTROLLER - QUALCOMM,8360,258836
OPEN FIRMWARE AND FLATTENED DEVICE TREE BINDINGS,PIN CONTROLLER - RENESAS,1042,33187
OPEN FIRMWARE AND FLATTENED DEVICE TREE BINDINGS,PIN CONTROLLER - SAMSUNG,720,20832
OPEN FIRMWARE AND FLATTENED DEVICE TREE BINDINGS,PIN CONTROLLER - SUNPLUS / TIBBO,587,19561
OPEN FIRMWARE AND FLATTENED DEVICE TREE BINDINGS,PINE64 PINEPHONE KEYBOARD DRIVER,66,1397
OPEN FIRMWARE AND FLATTENED DEVICE TREE BINDINGS,PLANTOWER PMS7003 AIR POLLUTION SENSOR DRIVER,52,1046
OPEN FIRMWARE AND FLATTENED DEVICE TREE BINDINGS,PMBUS HARDWARE MONITORING DRIVERS,84,2272
OPEN FIRMWARE AND FLATTENED DEVICE TREE BINDINGS,PNI RM3100 IIO DRIVER,42,805
OPEN FIRMWARE AND FLATTENED DEVICE TREE BINDINGS,POWER SUPPLY CLASS/SUBSYSTEM and DRIVERS,5384,143107
OPEN FIRMWARE AND FLATTENED DEVICE TREE BINDINGS,PPS SUPPORT,49,1125
OPEN FIRMWARE AND FLATTENED DEVICE TREE BINDINGS,PSTORE FILESYSTEM,144,4449
OPEN FIRMWARE AND FLATTENED DEVICE TREE BINDINGS,PWM IR Transmitter,34,614
OPEN FIRMWARE AND FLATTENED DEVICE TREE BINDINGS,PWM SUBSYSTEM,2889,68875
OPEN FIRMWARE AND FLATTENED DEVICE TREE BINDINGS,PXA2xx/PXA3xx SUPPORT,1817,41359
OPEN FIRMWARE AND FLATTENED DEVICE TREE BINDINGS,QCOM AUDIO (ASoC) DRIVERS,3322,78783
OPEN FIRMWARE AND FLATTENED DEVICE TREE BINDINGS,QCOM EMBEDDED USB DEBUGGER (EUD),79,2100
OPEN FIRMWARE AND FLATTENED DEVICE TREE BINDINGS,QORIQ DPAA2 FSL-MC BUS DRIVER,196,7139
OPEN FIRMWARE AND FLATTENED DEVICE TREE BINDINGS,QUALCOMM ATHEROS ATH10K WIRELESS DRIVER,362,10096
OPEN FIRMWARE AND FLATTENED DEVICE TREE BINDINGS,QUALCOMM ATHEROS ATH11K WIRELESS DRIVER,468,18311
OPEN FIRMWARE AND FLATTENED DEVICE TREE BINDINGS,QUALCOMM ATHEROS ATH9K WIRELESS DRIVER,90,2183
OPEN FIRMWARE AND FLATTENED DEVICE TREE BINDINGS,QUALCOMM BAM-DMUX WWAN NETWORK DRIVER,92,2508
OPEN FIRMWARE AND FLATTENED DEVICE TREE BINDINGS,QUALCOMM CAMERA SUBSYSTEM DRIVER,1821,46391
OPEN FIRMWARE AND FLATTENED DEVICE TREE BINDINGS,QUALCOMM CLOCK DRIVERS,22111,672694
OPEN FIRMWARE AND FLATTENED DEVICE TREE BINDINGS,QUALCOMM CORE POWER REDUCTION (CPR) AVS DRIVER,161,4466
OPEN FIRMWARE AND FLATTENED DEVICE TREE BINDINGS,QUALCOMM CPUFREQ DRIVER MSM8996/APQ8096,486,14531
OPEN FIRMWARE AND FLATTENED DEVICE TREE BINDINGS,QUALCOMM CRYPTO DRIVERS,156,3493
OPEN FIRMWARE AND FLATTENED DEVICE TREE BINDINGS,QUALCOMM ETHQOS ETHERNET DRIVER,121,2657
OPEN FIRMWARE AND FLATTENED DEVICE TREE BINDINGS,QUALCOMM FASTRPC DRIVER,144,3591
OPEN FIRMWARE AND FLATTENED DEVICE TREE BINDINGS,QUALCOMM I2C CCI DRIVER,278,6677
OPEN FIRMWARE AND FLATTENED DEVICE TREE BINDINGS,QUALCOMM INTERCONNECT BWMON DRIVER,130,3328
OPEN FIRMWARE AND FLATTENED DEVICE TREE BINDINGS,QUALCOMM IPCC MAILBOX DRIVER,117,3269
OPEN FIRMWARE AND FLATTENED DEVICE TREE BINDINGS,QUALCOMM IPQ4019 USB PHY DRIVER,52,973
OPEN FIRMWARE AND FLATTENED DEVICE TREE BINDINGS,QUALCOMM IPQ4019 VQMMC REGULATOR DRIVER,43,931
OPEN FIRMWARE AND FLATTENED DEVICE TREE BINDINGS,QUALCOMM NAND CONTROLLER DRIVER,233,5442
OPEN FIRMWARE AND FLATTENED DEVICE TREE BINDINGS,QUALCOMM TSENS THERMAL DRIVER,412,11884
OPEN FIRMWARE AND FLATTENED DEVICE TREE BINDINGS,QUALCOMM TYPEC PORT MANAGER DRIVER,190,5938
OPEN FIRMWARE AND FLATTENED DEVICE TREE BINDINGS,QUALCOMM VENUS VIDEO ACCELERATOR DRIVER,1140,24583
OPEN FIRMWARE AND FLATTENED DEVICE TREE BINDINGS,RALINK MT7621 MIPS ARCHITECTURE,842,15381
OPEN FIRMWARE AND FLATTENED DEVICE TREE BINDINGS,RDACM20 Camera Sensor,137,4460
OPEN FIRMWARE AND FLATTENED DEVICE TREE BINDINGS,RDACM21 Camera Sensor,137,4460
OPEN FIRMWARE AND FLATTENED DEVICE TREE BINDINGS,REAL TIME CLOCK (RTC) SUBSYSTEM,3945,87136
OPEN FIRMWARE AND FLATTENED DEVICE TREE BINDINGS,REALTEK OTTO WATCHDOG,90,2360
OPEN FIRMWARE AND FLATTENED DEVICE TREE BINDINGS,REALTEK RTL83xx SMI DSA ROUTER CHIPS,386,13724
OPEN FIRMWARE AND FLATTENED DEVICE TREE BINDINGS,REGISTER MAP ABSTRACTION,29,907
OPEN FIRMWARE AND FLATTENED DEVICE TREE BINDINGS,REMOTE PROCESSOR (REMOTEPROC) SUBSYSTEM,6942,192284
OPEN FIRMWARE AND FLATTENED DEVICE TREE BINDINGS,RENESAS CLOCK DRIVERS,1177,30790
OPEN FIRMWARE AND FLATTENED DEVICE TREE BINDINGS,RENESAS EMEV2 I2C DRIVER,54,1054
OPEN FIRMWARE AND FLATTENED DEVICE TREE BINDINGS,RENESAS ETHERNET DRIVERS,749,22550
OPEN FIRMWARE AND FLATTENED DEVICE TREE BINDINGS,RENESAS IDT821034 ASoC CODEC,75,1680
OPEN FIRMWARE AND FLATTENED DEVICE TREE BINDINGS,RENESAS R-CAR GEN3 & RZ/N1 NAND CONTROLLER DRIVER,66,1424
OPEN FIRMWARE AND FLATTENED DEVICE TREE BINDINGS,RENESAS R-CAR GYROADC DRIVER,141,4018
OPEN FIRMWARE AND FLATTENED DEVICE TREE BINDINGS,RENESAS R-CAR I2C DRIVERS,314,8631
OPEN FIRMWARE AND FLATTENED DEVICE TREE BINDINGS,RENESAS R-CAR SATA DRIVER,84,2038
OPEN FIRMWARE AND FLATTENED DEVICE TREE BINDINGS,RENESAS R-CAR THERMAL DRIVERS,305,8580
OPEN FIRMWARE AND FLATTENED DEVICE TREE BINDINGS,RENESAS RIIC DRIVER,114,3073
OPEN FIRMWARE AND FLATTENED DEVICE TREE BINDINGS,RENESAS RZ/G2L A/D DRIVER,155,3203
OPEN FIRMWARE AND FLATTENED DEVICE TREE BINDINGS,RENESAS RZ/G2L MTU3a COUNTER DRIVER,302,12274
OPEN FIRMWARE AND FLATTENED DEVICE TREE BINDINGS,RENESAS RZ/N1 A5PSW SWITCH DRIVER,362,8720
OPEN FIRMWARE AND FLATTENED DEVICE TREE BINDINGS,RENESAS RZ/N1 RTC CONTROLLER DRIVER,70,1446
OPEN FIRMWARE AND FLATTENED DEVICE TREE BINDINGS,RENESAS RZ/N1 USBF CONTROLLER DRIVER,68,1575
OPEN FIRMWARE AND FLATTENED DEVICE TREE BINDINGS,RENESAS RZ/V2M I2C DRIVER,80,1728
OPEN FIRMWARE AND FLATTENED DEVICE TREE BINDINGS,RENESAS VERSACLOCK 7 CLOCK DRIVER,64,1263
OPEN FIRMWARE AND FLATTENED DEVICE TREE BINDINGS,RENESAS X9250 DIGITAL POTENTIOMETERS DRIVER,78,1702
OPEN FIRMWARE AND FLATTENED DEVICE TREE BINDINGS,RESET CONTROLLER FRAMEWORK,11403,336276
OPEN FIRMWARE AND FLATTENED DEVICE TREE BINDINGS,RISC-V ARCHITECTURE,10434,250316
OPEN FIRMWARE AND FLATTENED DEVICE TREE BINDINGS,RISC-V MICROCHIP FPGA SUPPORT,2194,46908
OPEN FIRMWARE AND FLATTENED DEVICE TREE BINDINGS,RISC-V MISC SOC SUPPORT,7883,187779
OPEN FIRMWARE AND FLATTENED DEVICE TREE BINDINGS,RISC-V THEAD SoC SUPPORT,555,12167
OPEN FIRMWARE AND FLATTENED DEVICE TREE BINDINGS,ROCKCHIP CRYPTO DRIVERS,127,2626
OPEN FIRMWARE AND FLATTENED DEVICE TREE BINDINGS,ROCKCHIP I2S TDM DRIVER,192,4928
OPEN FIRMWARE AND FLATTENED DEVICE TREE BINDINGS,ROCKCHIP ISP V1 DRIVER,294,7173
OPEN FIRMWARE AND FLATTENED DEVICE TREE BINDINGS,ROCKCHIP RASTER 2D GRAPHIC ACCELERATION UNIT DRIVER,85,1911
OPEN FIRMWARE AND FLATTENED DEVICE TREE BINDINGS,ROCKCHIP VIDEO DECODER DRIVER,83,1843
OPEN FIRMWARE AND FLATTENED DEVICE TREE BINDINGS,ROHM BH1750 AMBIENT LIGHT SENSOR DRIVER,45,729
OPEN FIRMWARE AND FLATTENED DEVICE TREE BINDINGS,ROHM MULTIFUNCTION BD9571MWV-M PMIC DEVICE DRIVERS,127,3324
OPEN FIRMWARE AND FLATTENED DEVICE TREE BINDINGS,ROTATION DRIVER FOR ALLWINNER A83T,70,1566
OPEN FIRMWARE AND FLATTENED DEVICE TREE BINDINGS,SAMSUNG AUDIO (ASoC) DRIVERS,758,19411
OPEN FIRMWARE AND FLATTENED DEVICE TREE BINDINGS,SAMSUNG EXYNOS PSEUDO RANDOM NUMBER GENERATOR (RNG) DRIVER,45,882
OPEN FIRMWARE AND FLATTENED DEVICE TREE BINDINGS,SAMSUNG EXYNOS TRUE RANDOM NUMBER GENERATOR (TRNG) DRIVER,44,838
OPEN FIRMWARE AND FLATTENED DEVICE TREE BINDINGS,SAMSUNG MULTIFUNCTION PMIC DEVICE DRIVERS,1097,30173
OPEN FIRMWARE AND FLATTENED DEVICE TREE BINDINGS,SAMSUNG S3FWRN5 NFC DRIVER,99,1896
OPEN FIRMWARE AND FLATTENED DEVICE TREE BINDINGS,SAMSUNG S5C73M3 CAMERA DRIVER,165,4015
OPEN FIRMWARE AND FLATTENED DEVICE TREE BINDINGS,SAMSUNG S5P Security SubSystem (SSS) DRIVER,102,2292
OPEN FIRMWARE AND FLATTENED DEVICE TREE BINDINGS,SAMSUNG S5P/EXYNOS4 SOC SERIES CAMERA SUBSYSTEM DRIVERS,885,23729
OPEN FIRMWARE AND FLATTENED DEVICE TREE BINDINGS,SAMSUNG SOC CLOCK DRIVERS,7005,196302
OPEN FIRMWARE AND FLATTENED DEVICE TREE BINDINGS,SAMSUNG SPI DRIVERS,223,5931
OPEN FIRMWARE AND FLATTENED DEVICE TREE BINDINGS,SAMSUNG THERMAL DRIVER,184,5043
OPEN FIRMWARE AND FLATTENED DEVICE TREE BINDINGS,SAMSUNG USB2 PHY DRIVER,102,2533
OPEN FIRMWARE AND FLATTENED DEVICE TREE BINDINGS,SANCLOUD BEAGLEBONE ENHANCED DEVICE TREE,283,8192
OPEN FIRMWARE AND FLATTENED DEVICE TREE BINDINGS,SCSI SUBSYSTEM,98,4013
OPEN FIRMWARE AND FLATTENED DEVICE TREE BINDINGS,SECURE DIGITAL HOST CONTROLLER INTERFACE (SDHCI) DRIVER,32,860
OPEN FIRMWARE AND FLATTENED DEVICE TREE BINDINGS,SENSEAIR SUNRISE 006-0-0007,55,1398
OPEN FIRMWARE AND FLATTENED DEVICE TREE BINDINGS,SENSIRION SCD30 CARBON DIOXIDE SENSOR DRIVER,68,1399
OPEN FIRMWARE AND FLATTENED DEVICE TREE BINDINGS,SENSIRION SCD4X CARBON DIOXIDE SENSOR DRIVER,46,807
OPEN FIRMWARE AND FLATTENED DEVICE TREE BINDINGS,SENSIRION SPS30 AIR POLLUTION SENSOR DRIVER,46,819
OPEN FIRMWARE AND FLATTENED DEVICE TREE BINDINGS,SERIAL DEVICE BUS,153,4464
OPEN FIRMWARE AND FLATTENED DEVICE TREE BINDINGS,SERIAL LOW-POWER INTER-CHIP MEDIA BUS (SLIMbus),301,7517
OPEN FIRMWARE AND FLATTENED DEVICE TREE BINDINGS,SFCTEMP HWMON DRIVER,70,1422
OPEN FIRMWARE AND FLATTENED DEVICE TREE BINDINGS,SFF/SFP/SFP+ MODULE SUPPORT,143,3977
OPEN FIRMWARE AND FLATTENED DEVICE TREE BINDINGS,SHARP GP2AP002A00F/GP2AP002S00F SENSOR DRIVER,87,2356
OPEN FIRMWARE AND FLATTENED DEVICE TREE BINDINGS,SI470X FM RADIO RECEIVER I2C DRIVER,48,969
OPEN FIRMWARE AND FLATTENED DEVICE TREE BINDINGS,SIFIVE DRIVERS,2263,56096
OPEN FIRMWARE AND FLATTENED DEVICE TREE BINDINGS,SIFIVE FU540 SYSTEM-ON-CHIP,464,11625
OPEN FIRMWARE AND FLATTENED DEVICE TREE BINDINGS,SIFIVE PDMA DRIVER,74,1778
OPEN FIRMWARE AND FLATTENED DEVICE TREE BINDINGS,SIFIVE SOC DRIVERS,170,3720
OPEN FIRMWARE AND FLATTENED DEVICE TREE BINDINGS,SILICON LABS WIRELESS DRIVERS (for WFxxx series),132,4040
OPEN FIRMWARE AND FLATTENED DEVICE TREE BINDINGS,SILVACO I3C DUAL-ROLE MASTER,60,1144
OPEN FIRMWARE AND FLATTENED DEVICE TREE BINDINGS,SIMPLEFB FB DRIVER,213,6863
OPEN FIRMWARE AND FLATTENED DEVICE TREE BINDINGS,SIS I2C TOUCHSCREEN DRIVER,31,980
OPEN FIRMWARE AND FLATTENED DEVICE TREE BINDINGS,SL28 CPLD MFD DRIVER,358,8520
OPEN FIRMWARE AND FLATTENED DEVICE TREE BINDINGS,SL28 VPD NVMEM LAYOUT DRIVER,64,1407
OPEN FIRMWARE AND FLATTENED DEVICE TREE BINDINGS,SOCIONEXT (SNI) AVE NETWORK DRIVER,138,3027
OPEN FIRMWARE AND FLATTENED DEVICE TREE BINDINGS,SOCIONEXT (SNI) NETSEC NETWORK DRIVER,73,1560
OPEN FIRMWARE AND FLATTENED DEVICE TREE BINDINGS,SOCIONEXT (SNI) Synquacer SPI DRIVER,73,1569
OPEN FIRMWARE AND FLATTENED DEVICE TREE BINDINGS,SOCIONEXT SYNQUACER I2C DRIVER,58,1081
OPEN FIRMWARE AND FLATTENED DEVICE TREE BINDINGS,SOFTWARE DELEGATED EXCEPTION INTERFACE (SDEI),42,1493
OPEN FIRMWARE AND FLATTENED DEVICE TREE BINDINGS,SOLIDRUN CLEARFOG SUPPORT,629,12044
OPEN FIRMWARE AND FLATTENED DEVICE TREE BINDINGS,SOLIDRUN CUBOX-I/HUMMINGBOARD SUPPORT,2848,93046
OPEN FIRMWARE AND FLATTENED DEVICE TREE BINDINGS,SONY IMX214 SENSOR DRIVER,125,2813
OPEN FIRMWARE AND FLATTENED DEVICE TREE BINDINGS,SONY IMX219 SENSOR DRIVER,109,2692
OPEN FIRMWARE AND FLATTENED DEVICE TREE BINDINGS,SONY IMX258 SENSOR DRIVER,134,3023
OPEN FIRMWARE AND FLATTENED DEVICE TREE BINDINGS,SONY IMX274 SENSOR DRIVER,72,1451
OPEN FIRMWARE AND FLATTENED DEVICE TREE BINDINGS,SONY IMX290 SENSOR DRIVER,140,3395
OPEN FIRMWARE AND FLATTENED DEVICE TREE BINDINGS,SONY IMX296 SENSOR DRIVER,106,2697
OPEN FIRMWARE AND FLATTENED DEVICE TREE BINDINGS,SONY IMX334 SENSOR DRIVER,90,2135
OPEN FIRMWARE AND FLATTENED DEVICE TREE BINDINGS,SONY IMX335 SENSOR DRIVER,91,2141
OPEN FIRMWARE AND FLATTENED DEVICE TREE BINDINGS,SONY IMX412 SENSOR DRIVER,102,2332
OPEN FIRMWARE AND FLATTENED DEVICE TREE BINDINGS,SONY IMX415 SENSOR DRIVER,123,2835
OPEN FIRMWARE AND FLATTENED DEVICE TREE BINDINGS,SOUND - SOC LAYER / DYNAMIC AUDIO POWER MANAGEMENT (ASoC),32602,825652
OPEN FIRMWARE AND FLATTENED DEVICE TREE BINDINGS,SPEAR PLATFORM/CLOCK/PINCTRL SUPPORT,3532,69413
OPEN FIRMWARE AND FLATTENED DEVICE TREE BINDINGS,SPI NOR SUBSYSTEM,120,4343
OPEN FIRMWARE AND FLATTENED DEVICE TREE BINDINGS,SPI SUBSYSTEM,7280,180904
OPEN FIRMWARE AND FLATTENED DEVICE TREE BINDINGS,SPMI SUBSYSTEM,366,8358
OPEN FIRMWARE AND FLATTENED DEVICE TREE BINDINGS,ST LSM6DSx IMU IIO DRIVER,120,2871
OPEN FIRMWARE AND FLATTENED DEVICE TREE BINDINGS,ST MIPID02 CSI-2 TO PARALLEL BRIDGE DRIVER,175,4593
OPEN FIRMWARE AND FLATTENED DEVICE TREE BINDINGS,ST VGXY61 DRIVER,113,2795
OPEN FIRMWARE AND FLATTENED DEVICE TREE BINDINGS,ST VL53L0X ToF RANGER(I2C) IIO DRIVER,47,845
OPEN FIRMWARE AND FLATTENED DEVICE TREE BINDINGS,STAGING - INDUSTRIAL IO,24,734
OPEN FIRMWARE AND FLATTENED DEVICE TREE BINDINGS,STAGING - SEPS525 LCD CONTROLLER DRIVERS,141,4373
OPEN FIRMWARE AND FLATTENED DEVICE TREE BINDINGS,STARFIVE CRYPTO DRIVER,70,1294
OPEN FIRMWARE AND FLATTENED DEVICE TREE BINDINGS,STARFIVE DEVICETREES,2455,61244
OPEN FIRMWARE AND FLATTENED DEVICE TREE BINDINGS,STARFIVE DWMAC GLUE LAYER,144,3457
OPEN FIRMWARE AND FLATTENED DEVICE TREE BINDINGS,STARFIVE JH7110 DPHY RX DRIVER,71,1443
OPEN FIRMWARE AND FLATTENED DEVICE TREE BINDINGS,STARFIVE JH7110 MMC/SD/SDIO DRIVER,77,1987
OPEN FIRMWARE AND FLATTENED DEVICE TREE BINDINGS,STARFIVE JH7110 PLL CLOCK DRIVER,46,1091
OPEN FIRMWARE AND FLATTENED DEVICE TREE BINDINGS,STARFIVE JH7110 SYSCON,93,2057
OPEN FIRMWARE AND FLATTENED DEVICE TREE BINDINGS,STARFIVE JH7110 TDM DRIVER,98,2190
OPEN FIRMWARE AND FLATTENED DEVICE TREE BINDINGS,STARFIVE JH71X0 CLOCK DRIVERS,1187,35584
OPEN FIRMWARE AND FLATTENED DEVICE TREE BINDINGS,STARFIVE JH71X0 PCIE AND USB PHY DRIVER,108,2656
OPEN FIRMWARE AND FLATTENED DEVICE TREE BINDINGS,STARFIVE JH71X0 PINCTRL DRIVERS,985,30032
OPEN FIRMWARE AND FLATTENED DEVICE TREE BINDINGS,STARFIVE JH71X0 RESET CONTROLLER DRIVERS,378,12115
OPEN FIRMWARE AND FLATTENED DEVICE TREE BINDINGS,STARFIVE JH71X0 USB DRIVERS,115,2844
OPEN FIRMWARE AND FLATTENED DEVICE TREE BINDINGS,STARFIVE JH71XX PMU CONTROLLER DRIVER,62,1401
OPEN FIRMWARE AND FLATTENED DEVICE TREE BINDINGS,STARFIVE SOC DRIVERS,93,2057
OPEN FIRMWARE AND FLATTENED DEVICE TREE BINDINGS,STARFIVE TRNG DRIVER,55,980
OPEN FIRMWARE AND FLATTENED DEVICE TREE BINDINGS,STARFIVE WATCHDOG DRIVER,71,1617
OPEN FIRMWARE AND FLATTENED DEVICE TREE BINDINGS,STI AUDIO (ASoC) DRIVERS,164,4646
OPEN FIRMWARE AND FLATTENED DEVICE TREE BINDINGS,STI CEC DRIVER,66,1252
OPEN FIRMWARE AND FLATTENED DEVICE TREE BINDINGS,STM32 AUDIO (ASoC) DRIVERS,716,17985
OPEN FIRMWARE AND FLATTENED DEVICE TREE BINDINGS,STM32 TIMER/LPTIMER DRIVERS,369,7526
OPEN FIRMWARE AND FLATTENED DEVICE TREE BINDINGS,SUN4I LOW RES ADC ATTACHED TABLET KEYS DRIVER,119,2396
OPEN FIRMWARE AND FLATTENED DEVICE TREE BINDINGS,SUNPLUS ETHERNET DRIVER,143,2981
OPEN FIRMWARE AND FLATTENED DEVICE TREE BINDINGS,SUNPLUS MMC DRIVER,61,1193
OPEN FIRMWARE AND FLATTENED DEVICE TREE BINDINGS,SUNPLUS OCOTP DRIVER,78,1585
OPEN FIRMWARE AND FLATTENED DEVICE TREE BINDINGS,SUNPLUS PWM DRIVER,42,726
OPEN FIRMWARE AND FLATTENED DEVICE TREE BINDINGS,SUNPLUS RTC DRIVER,56,1023
OPEN FIRMWARE AND FLATTENED DEVICE TREE BINDINGS,SUNPLUS SPI CONTROLLER INTERFACE DRIVER,78,1613
OPEN FIRMWARE AND FLATTENED DEVICE TREE BINDINGS,SUNPLUS UART DRIVER,56,1011
OPEN FIRMWARE AND FLATTENED DEVICE TREE BINDINGS,SUNPLUS USB2 PHY DRIVER,73,1567
OPEN FIRMWARE AND FLATTENED DEVICE TREE BINDINGS,SUNPLUS WATCHDOG DRIVER,47,890
OPEN FIRMWARE AND FLATTENED DEVICE TREE BINDINGS,SUPERH,101,1831
OPEN FIRMWARE AND FLATTENED DEVICE TREE BINDINGS,SY8106A REGULATOR DRIVER,52,1076
OPEN FIRMWARE AND FLATTENED DEVICE TREE BINDINGS,SYNOPSYS ARC ARCHITECTURE,3497,79831
OPEN FIRMWARE AND FLATTENED DEVICE TREE BINDINGS,SYNOPSYS ARC HSDK SDP pll clock driver,28,762
OPEN FIRMWARE AND FLATTENED DEVICE TREE BINDINGS,SYNOPSYS ARC SDP clock driver,28,835
OPEN FIRMWARE AND FLATTENED DEVICE TREE BINDINGS,SYNOPSYS ARC SDP platform support,862,20174
OPEN FIRMWARE AND FLATTENED DEVICE TREE BINDINGS,SYNOPSYS AXS10x RESET CONTROLLER DRIVER,48,1098
OPEN FIRMWARE AND FLATTENED DEVICE TREE BINDINGS,SYNOPSYS CREG GPIO DRIVER,21,694
OPEN FIRMWARE AND FLATTENED DEVICE TREE BINDINGS,SYNOPSYS DESIGNWARE APB GPIO DRIVER,143,3093
OPEN FIRMWARE AND FLATTENED DEVICE TREE BINDINGS,SYNOPSYS DESIGNWARE APB SSI DRIVER,207,5188
OPEN FIRMWARE AND FLATTENED DEVICE TREE BINDINGS,SYNOPSYS DESIGNWARE AXI DMAC DRIVER,154,3583
OPEN FIRMWARE AND FLATTENED DEVICE TREE BINDINGS,SYNOPSYS DESIGNWARE DMAC DRIVER,250,6903
OPEN FIRMWARE AND FLATTENED DEVICE TREE BINDINGS,SYNOPSYS HSDK RESET CONTROLLER DRIVER,45,1207
OPEN FIRMWARE AND FLATTENED DEVICE TREE BINDINGS,SYSTEM CONTROL & POWER/MANAGEMENT INTERFACE (SCPI/SCMI) Message Protocol drivers,738,19316
OPEN FIRMWARE AND FLATTENED DEVICE TREE BINDINGS,SYSTEM RESET/SHUTDOWN DRIVERS,1193,31656
OPEN FIRMWARE AND FLATTENED DEVICE TREE BINDINGS,TEGRA ARCHITECTURE SUPPORT,137756,3794722
OPEN FIRMWARE AND FLATTENED DEVICE TREE BINDINGS,TEGRA NAND DRIVER,64,2081
OPEN FIRMWARE AND FLATTENED DEVICE TREE BINDINGS,TEGRA VIDEO DRIVER,692,18815
OPEN FIRMWARE AND FLATTENED DEVICE TREE BINDINGS,TEMPO SEMICONDUCTOR DRIVERS,45,887
OPEN FIRMWARE AND FLATTENED DEVICE TREE BINDINGS,TENSILICA XTENSA PORT (xtensa),447,9419
OPEN FIRMWARE AND FLATTENED DEVICE TREE BINDINGS,TEXAS INSTRUMENTS ASoC DRIVERS,202,4382
OPEN FIRMWARE AND FLATTENED DEVICE TREE BINDINGS,TEXAS INSTRUMENTS AUDIO (ASoC/HDA) DRIVERS,1130,30380
OPEN FIRMWARE AND FLATTENED DEVICE TREE BINDINGS,TEXAS INSTRUMENTS DMA DRIVERS,896,27790
OPEN FIRMWARE AND FLATTENED DEVICE TREE BINDINGS,TEXAS INSTRUMENTS TPS23861 PoE PSE DRIVER,51,958
OPEN FIRMWARE AND FLATTENED DEVICE TREE BINDINGS,TEXAS INSTRUMENTS' DAC7612 DAC DRIVER,54,1171
OPEN FIRMWARE AND FLATTENED DEVICE TREE BINDINGS,TEXAS INSTRUMENTS' SYSTEM CONTROL INTERFACE (TISCI) PROTOCOL DRIVER,568,18607
OPEN FIRMWARE AND FLATTENED DEVICE TREE BINDINGS,TEXAS INSTRUMENTS' TMP117 TEMPERATURE SENSOR DRIVER,43,874
OPEN FIRMWARE AND FLATTENED DEVICE TREE BINDINGS,THE REST,2069292,52731500
OPEN FIRMWARE AND FLATTENED DEVICE TREE BINDINGS,THERMAL,5000,141875
OPEN FIRMWARE AND FLATTENED DEVICE TREE BINDINGS,THERMAL DRIVER FOR AMLOGIC SOCS,58,1237
OPEN FIRMWARE AND FLATTENED DEVICE TREE BINDINGS,TI ADS7924 ADC DRIVER,110,2266
OPEN FIRMWARE AND FLATTENED DEVICE TREE BINDINGS,TI DAVINCI MACHINE SUPPORT,2409,52727
OPEN FIRMWARE AND FLATTENED DEVICE TREE BINDINGS,TI DAVINCI SERIES CLOCK DRIVER,260,7949
OPEN FIRMWARE AND FLATTENED DEVICE TREE BINDINGS,TI DAVINCI SERIES GPIO DRIVER,185,5569
OPEN FIRMWARE AND FLATTENED DEVICE TREE BINDINGS,TI ENHANCED CAPTURE (eCAP) DRIVER,61,1311
OPEN FIRMWARE AND FLATTENED DEVICE TREE BINDINGS,TI ENHANCED QUADRATURE ENCODER PULSE (eQEP) DRIVER,50,916
OPEN FIRMWARE AND FLATTENED DEVICE TREE BINDINGS,TI FPD-LINK DRIVERS,694,15901
OPEN FIRMWARE AND FLATTENED DEVICE TREE BINDINGS,TI LMP92064 ADC DRIVER,70,1694
OPEN FIRMWARE AND FLATTENED DEVICE TREE BINDINGS,TI PCM3060 ASoC CODEC DRIVER,23,472
OPEN FIRMWARE AND FLATTENED DEVICE TREE BINDINGS,TI TMAG5273 MAGNETOMETER DRIVER,75,2043
OPEN FIRMWARE AND FLATTENED DEVICE TREE BINDINGS,TI TRF7970A NFC DRIVER,99,2333
OPEN FIRMWARE AND FLATTENED DEVICE TREE BINDINGS,TI TSC2046 ADC DRIVER,119,2476
OPEN FIRMWARE AND FLATTENED DEVICE TREE BINDINGS,TI VPE/CAL DRIVERS,241,5937
OPEN FIRMWARE AND FLATTENED DEVICE TREE BINDINGS,TMP401 HARDWARE MONITOR DRIVER,104,2077
OPEN FIRMWARE AND FLATTENED DEVICE TREE BINDINGS,TMP464 HARDWARE MONITOR DRIVER,113,2238
OPEN FIRMWARE AND FLATTENED DEVICE TREE BINDINGS,TOSHIBA TC358743 DRIVER,48,1577
OPEN FIRMWARE AND FLATTENED DEVICE TREE BINDINGS,TQ SYSTEMS BOARD & DRIVER SUPPORT,4337,109076
OPEN FIRMWARE AND FLATTENED DEVICE TREE BINDINGS,TTY LAYER AND SERIAL DRIVERS,4547,112877
OPEN FIRMWARE AND FLATTENED DEVICE TREE BINDINGS,U-BOOT ENVIRONMENT VARIABLES,101,2563
OPEN FIRMWARE AND FLATTENED DEVICE TREE BINDINGS,UNIVERSAL FLASH STORAGE HOST CONTROLLER DRIVER,1010,23185
OPEN FIRMWARE AND FLATTENED DEVICE TREE BINDINGS,UNIVERSAL FLASH STORAGE HOST CONTROLLER DRIVER QUALCOMM HOOKS,322,7768
OPEN FIRMWARE AND FLATTENED DEVICE TREE BINDINGS,USB IP DRIVER FOR HISILICON KIRIN 960,51,1271
OPEN FIRMWARE AND FLATTENED DEVICE TREE BINDINGS,USB IP DRIVER FOR HISILICON KIRIN 970,64,1674
OPEN FIRMWARE AND FLATTENED DEVICE TREE BINDINGS,USB ISP1760 DRIVER,67,1337
OPEN FIRMWARE AND FLATTENED DEVICE TREE BINDINGS,USB LAN78XX ETHERNET DRIVER,74,2112
OPEN FIRMWARE AND FLATTENED DEVICE TREE BINDINGS,USB SUBSYSTEM,11996,315657
OPEN FIRMWARE AND FLATTENED DEVICE TREE BINDINGS,VIRTIO CORE AND NET DRIVERS,209,5537
OPEN FIRMWARE AND FLATTENED DEVICE TREE BINDINGS,VOCORE VOCORE2 BOARD,18,261
OPEN FIRMWARE AND FLATTENED DEVICE TREE BINDINGS,VOLTAGE AND CURRENT REGULATOR FRAMEWORK,14605,410416
OPEN FIRMWARE AND FLATTENED DEVICE TREE BINDINGS,W1 DALLAS'S 1-WIRE BUS,178,3738
OPEN FIRMWARE AND FLATTENED DEVICE TREE BINDINGS,WATCHDOG DEVICE DRIVERS,3510,85392
OPEN FIRMWARE AND FLATTENED DEVICE TREE BINDINGS,WOLFSON MICROELECTRONICS DRIVERS,2019,45809
OPEN FIRMWARE AND FLATTENED DEVICE TREE BINDINGS,X-POWERS MULTIFUNCTION PMIC DEVICE DRIVERS,1435,36703
OPEN FIRMWARE AND FLATTENED DEVICE TREE BINDINGS,X86 ARCHITECTURE (32-BIT AND 64-BIT),63,1587
OPEN FIRMWARE AND FLATTENED DEVICE TREE BINDINGS,XILINX AMS DRIVER,236,10110
OPEN FIRMWARE AND FLATTENED DEVICE TREE BINDINGS,XILINX AXI ETHERNET DRIVER,183,5652
OPEN FIRMWARE AND FLATTENED DEVICE TREE BINDINGS,XILINX CAN DRIVER,164,3612
OPEN FIRMWARE AND FLATTENED DEVICE TREE BINDINGS,XILINX GPIO DRIVER,270,6299
OPEN FIRMWARE AND FLATTENED DEVICE TREE BINDINGS,XILINX SD-FEC IP CORES,58,3056
OPEN FIRMWARE AND FLATTENED DEVICE TREE BINDINGS,XILINX VIDEO IP CORES,403,11040
OPEN FIRMWARE AND FLATTENED DEVICE TREE BINDINGS,XILINX WATCHDOG DRIVER,118,2974
OPEN FIRMWARE AND FLATTENED DEVICE TREE BINDINGS,XILINX ZYNQMP DPDMA DRIVER,90,2095
OPEN FIRMWARE AND FLATTENED DEVICE TREE BINDINGS,XILINX ZYNQMP OCM EDAC DRIVER,45,1232
OPEN FIRMWARE AND FLATTENED DEVICE TREE BINDINGS,XILINX ZYNQMP PSGTR PHY DRIVER,105,2389
OPEN FIRMWARE AND FLATTENED DEVICE TREE BINDINGS,XRA1403 GPIO EXPANDER,46,1336
OPENCOMPUTE PTP CLOCK DRIVER,OPENCOMPUTE PTP CLOCK DRIVER,4354,99805
OPENCOMPUTE PTP CLOCK DRIVER,PTP HARDWARE CLOCK SUPPORT,4354,99805
OPENCOMPUTE PTP CLOCK DRIVER,THE REST,4354,99805
OPENCORES I2C BUS DRIVER,OPENCORES I2C BUS DRIVER,997,24964
OPENCORES I2C BUS DRIVER,THE REST,997,24964
OPENRISC ARCHITECTURE,OPENRISC ARCHITECTURE,12036,318699
OPENRISC ARCHITECTURE,PTRACE SUPPORT,343,8848
OPENRISC ARCHITECTURE,THE REST,12036,318699
OPENVSWITCH,OPENVSWITCH,20310,554293
OPENVSWITCH,THE REST,20310,554293
OPERATING PERFORMANCE POINTS (OPP),OPERATING PERFORMANCE POINTS (OPP),8524,240643
OPERATING PERFORMANCE POINTS (OPP),POWER MANAGEMENT CORE,670,18104
OPERATING PERFORMANCE POINTS (OPP),QUALCOMM CPUFREQ DRIVER MSM8996/APQ8096,281,8643
OPERATING PERFORMANCE POINTS (OPP),SUSPEND TO RAM,381,13991
OPERATING PERFORMANCE POINTS (OPP),THE REST,8524,240643
OPL4 DRIVER,OPL4 DRIVER,2495,104764
OPL4 DRIVER,SOUND,2495,104764
OPL4 DRIVER,THE REST,2495,104764
ORACLE CLUSTER FILESYSTEM 2 (OCFS2),ORACLE CLUSTER FILESYSTEM 2 (OCFS2),94360,2534582
ORACLE CLUSTER FILESYSTEM 2 (OCFS2),THE REST,94360,2534582
ORANGEFS FILESYSTEM,ORANGEFS FILESYSTEM,11201,301448
ORANGEFS FILESYSTEM,THE REST,11201,301448
ORINOCO DRIVER,ORINOCO DRIVER,12805,346453
ORINOCO DRIVER,THE REST,12805,346453
OV2659 OMNIVISION SENSOR DRIVER,OV2659 OMNIVISION SENSOR DRIVER,1618,38956
OV2659 OMNIVISION SENSOR DRIVER,THE REST,1618,38956
OV2659 OMNIVISION SENSOR DRIVER,V4L2 CAMERA SENSOR DRIVERS,1596,38495
OVERLAY FILESYSTEM,OVERLAY FILESYSTEM,14144,376439
OVERLAY FILESYSTEM,THE REST,14144,376439
P54 WIRELESS DRIVER,P54 WIRELESS DRIVER,8462,224111
P54 WIRELESS DRIVER,THE REST,8462,224111
PACKET SOCKETS,PACKET SOCKETS,5110,124918
PACKET SOCKETS,THE REST,5110,124918
PACKING,PACKING,416,15697
PACKING,THE REST,416,15697
PADATA PARALLEL EXECUTION MECHANISM,PADATA PARALLEL EXECUTION MECHANISM,1527,42484
PADATA PARALLEL EXECUTION MECHANISM,THE REST,1527,42484
PAGE CACHE,PAGE CACHE,12911,410774
PAGE CACHE,THE REST,12911,410774
PAGE POOL,PAGE POOL,1721,48978
PAGE POOL,THE REST,1721,48978
PAGE POOL,TRACING,117,2660
PAGE TABLE CHECK,PAGE TABLE CHECK,468,13057
PAGE TABLE CHECK,THE REST,468,13057
PANASONIC LAPTOP ACPI EXTRAS DRIVER,PANASONIC LAPTOP ACPI EXTRAS DRIVER,1093,28155
PANASONIC LAPTOP ACPI EXTRAS DRIVER,THE REST,1093,28155
PANASONIC LAPTOP ACPI EXTRAS DRIVER,X86 PLATFORM DRIVERS,1093,28155
PARALLAX PING IIO SENSOR DRIVER,PARALLAX PING IIO SENSOR DRIVER,385,10536
PARALLAX PING IIO SENSOR DRIVER,THE REST,385,10536
PARALLEL LCD/KEYPAD PANEL DRIVER,PARALLEL LCD/KEYPAD PANEL DRIVER,1766,47702
PARALLEL LCD/KEYPAD PANEL DRIVER,THE REST,1766,47702
PARALLEL PORT SUBSYSTEM,PARALLEL PORT SUBSYSTEM,16521,440640
PARALLEL PORT SUBSYSTEM,PARISC ARCHITECTURE,606,15794
PARALLEL PORT SUBSYSTEM,THE REST,16521,440640
PARAVIRT_OPS INTERFACE,PARAVIRT_OPS INTERFACE,2232,59936
PARAVIRT_OPS INTERFACE,THE REST,2232,59936
PARAVIRT_OPS INTERFACE,X86 ARCHITECTURE (32-BIT AND 64-BIT),1735,47430
PARISC ARCHITECTURE,PARISC ARCHITECTURE,85389,2481288
PARISC ARCHITECTURE,PERFORMANCE EVENTS SUBSYSTEM,6,152
PARISC ARCHITECTURE,PTRACE SUPPORT,846,23855
PARISC ARCHITECTURE,STATIC BRANCH/CALL,88,2154
PARISC ARCHITECTURE,THE REST,85389,2481288
PARISC ARCHITECTURE,TTY LAYER AND SERIAL DRIVERS,130,3825
PARMAN,PARMAN,846,25213
PARMAN,THE REST,846,25213
PC ENGINES APU BOARD DRIVER,PC ENGINES APU BOARD DRIVER,294,7452
PC ENGINES APU BOARD DRIVER,THE REST,294,7452
PC ENGINES APU BOARD DRIVER,X86 PLATFORM DRIVERS,294,7452
PC87360 HARDWARE MONITORING DRIVER,PC87360 HARDWARE MONITORING DRIVER,2001,60022
PC87360 HARDWARE MONITORING DRIVER,THE REST,2001,60022
PC8736x GPIO DRIVER,PC8736x GPIO DRIVER,353,9018
PC8736x GPIO DRIVER,THE REST,353,9018
PC87427 HARDWARE MONITORING DRIVER,PC87427 HARDWARE MONITORING DRIVER,1394,40263
PC87427 HARDWARE MONITORING DRIVER,THE REST,1394,40263
PCA9532 LED DRIVER,PCA9532 LED DRIVER,601,15249
PCA9532 LED DRIVER,THE REST,601,15249
PCA9541 I2C BUS MASTER SELECTOR DRIVER,PCA9541 I2C BUS MASTER SELECTOR DRIVER,348,9573
PCA9541 I2C BUS MASTER SELECTOR DRIVER,THE REST,348,9573
PCDP - PRIMARY CONSOLE AND DEBUG PORT,PCDP - PRIMARY CONSOLE AND DEBUG PORT,243,5864
PCDP - PRIMARY CONSOLE AND DEBUG PORT,THE REST,243,5864
PCI DRIVER FOR AARDVARK (Marvell Armada 3700),PCI DRIVER FOR AARDVARK (Marvell Armada 3700),2070,62300
PCI DRIVER FOR AARDVARK (Marvell Armada 3700),PCI NATIVE HOST BRIDGE AND ENDPOINT DRIVERS,2070,62300
PCI DRIVER FOR AARDVARK (Marvell Armada 3700),PCI SUBSYSTEM,2070,62300
PCI DRIVER FOR AARDVARK (Marvell Armada 3700),THE REST,2070,62300
PCI DRIVER FOR ALTERA PCIE IP,PCI DRIVER FOR ALTERA PCIE IP,879,22632
PCI DRIVER FOR ALTERA PCIE IP,PCI NATIVE HOST BRIDGE AND ENDPOINT DRIVERS,879,22632
PCI DRIVER FOR ALTERA PCIE IP,PCI SUBSYSTEM,879,22632
PCI DRIVER FOR ALTERA PCIE IP,THE REST,879,22632
PCI DRIVER FOR APPLIEDMICRO XGENE,PCI DRIVER FOR APPLIEDMICRO XGENE,699,18615
PCI DRIVER FOR APPLIEDMICRO XGENE,PCI NATIVE HOST BRIDGE AND ENDPOINT DRIVERS,699,18615
PCI DRIVER FOR APPLIEDMICRO XGENE,PCI SUBSYSTEM,699,18615
PCI DRIVER FOR APPLIEDMICRO XGENE,THE REST,699,18615
PCI DRIVER FOR ARM VERSATILE PLATFORM,PCI DRIVER FOR ARM VERSATILE PLATFORM,265,7068
PCI DRIVER FOR ARM VERSATILE PLATFORM,PCI NATIVE HOST BRIDGE AND ENDPOINT DRIVERS,265,7068
PCI DRIVER FOR ARM VERSATILE PLATFORM,PCI SUBSYSTEM,265,7068
PCI DRIVER FOR ARM VERSATILE PLATFORM,THE REST,265,7068
PCI DRIVER FOR ARMADA 8K,PCI DRIVER FOR ARMADA 8K,397,10436
PCI DRIVER FOR ARMADA 8K,PCI NATIVE HOST BRIDGE AND ENDPOINT DRIVERS,397,10436
PCI DRIVER FOR ARMADA 8K,PCI SUBSYSTEM,397,10436
PCI DRIVER FOR ARMADA 8K,THE REST,397,10436
PCI DRIVER FOR CADENCE PCIE IP,PCI DRIVER FOR CADENCE PCIE IP,3096,85206
PCI DRIVER FOR CADENCE PCIE IP,PCI DRIVER FOR TI DRA7XX/J721E,566,13532
PCI DRIVER FOR CADENCE PCIE IP,PCI NATIVE HOST BRIDGE AND ENDPOINT DRIVERS,3096,85206
PCI DRIVER FOR CADENCE PCIE IP,PCI SUBSYSTEM,3096,85206
PCI DRIVER FOR CADENCE PCIE IP,THE REST,3096,85206
PCI DRIVER FOR FREESCALE LAYERSCAPE,PCI DRIVER FOR FREESCALE LAYERSCAPE,560,14358
PCI DRIVER FOR FREESCALE LAYERSCAPE,PCI NATIVE HOST BRIDGE AND ENDPOINT DRIVERS,560,14358
PCI DRIVER FOR FREESCALE LAYERSCAPE,PCI SUBSYSTEM,560,14358
PCI DRIVER FOR FREESCALE LAYERSCAPE,THE REST,560,14358
PCI DRIVER FOR FU740,PCI DRIVER FOR FU740,477,14076
PCI DRIVER FOR FU740,PCI NATIVE HOST BRIDGE AND ENDPOINT DRIVERS,477,14076
PCI DRIVER FOR FU740,PCI SUBSYSTEM,477,14076
PCI DRIVER FOR FU740,SIFIVE DRIVERS,120,3243
PCI DRIVER FOR FU740,THE REST,477,14076
PCI DRIVER FOR GENERIC OF HOSTS,PCI DRIVER FOR GENERIC OF HOSTS,367,10869
PCI DRIVER FOR GENERIC OF HOSTS,PCI NATIVE HOST BRIDGE AND ENDPOINT DRIVERS,367,10869
PCI DRIVER FOR GENERIC OF HOSTS,PCI SUBSYSTEM,367,10869
PCI DRIVER FOR GENERIC OF HOSTS,THE REST,367,10869
PCI DRIVER FOR IMX6,PCI DRIVER FOR IMX6,2195,56934
PCI DRIVER FOR IMX6,PCI NATIVE HOST BRIDGE AND ENDPOINT DRIVERS,2195,56934
PCI DRIVER FOR IMX6,PCI SUBSYSTEM,2195,56934
PCI DRIVER FOR IMX6,THE REST,2195,56934
PCI DRIVER FOR INTEL IXP4XX,PCI DRIVER FOR INTEL IXP4XX,772,20893
PCI DRIVER FOR INTEL IXP4XX,PCI NATIVE HOST BRIDGE AND ENDPOINT DRIVERS,772,20893
PCI DRIVER FOR INTEL IXP4XX,PCI SUBSYSTEM,772,20893
PCI DRIVER FOR INTEL IXP4XX,THE REST,772,20893
PCI DRIVER FOR INTEL VOLUME MANAGEMENT DEVICE (VMD),PCI DRIVER FOR INTEL VOLUME MANAGEMENT DEVICE (VMD),1136,29717
PCI DRIVER FOR INTEL VOLUME MANAGEMENT DEVICE (VMD),PCI NATIVE HOST BRIDGE AND ENDPOINT DRIVERS,1136,29717
PCI DRIVER FOR INTEL VOLUME MANAGEMENT DEVICE (VMD),PCI SUBSYSTEM,1136,29717
PCI DRIVER FOR INTEL VOLUME MANAGEMENT DEVICE (VMD),THE REST,1136,29717
PCI DRIVER FOR MICROSEMI SWITCHTEC,PCI DRIVER FOR MICROSEMI SWITCHTEC,4350,114911
PCI DRIVER FOR MICROSEMI SWITCHTEC,PCI SUBSYSTEM,1876,51930
PCI DRIVER FOR MICROSEMI SWITCHTEC,THE REST,4350,114911
PCI DRIVER FOR MOBIVEIL PCIE IP,PCI DRIVER FOR MOBIVEIL PCIE IP,1178,33029
PCI DRIVER FOR MOBIVEIL PCIE IP,PCI NATIVE HOST BRIDGE AND ENDPOINT DRIVERS,1178,33029
PCI DRIVER FOR MOBIVEIL PCIE IP,PCI SUBSYSTEM,1178,33029
PCI DRIVER FOR MOBIVEIL PCIE IP,THE REST,1178,33029
PCI DRIVER FOR MVEBU (Marvell Armada 370 and Armada XP SOC support),PCI DRIVER FOR MVEBU (Marvell Armada 370 and Armada XP SOC support),1737,49796
PCI DRIVER FOR MVEBU (Marvell Armada 370 and Armada XP SOC support),PCI NATIVE HOST BRIDGE AND ENDPOINT DRIVERS,1737,49796
PCI DRIVER FOR MVEBU (Marvell Armada 370 and Armada XP SOC support),PCI SUBSYSTEM,1737,49796
PCI DRIVER FOR MVEBU (Marvell Armada 370 and Armada XP SOC support),THE REST,1737,49796
PCI DRIVER FOR NVIDIA TEGRA,PCI DRIVER FOR NVIDIA TEGRA,3481,94308
PCI DRIVER FOR NVIDIA TEGRA,PCI NATIVE HOST BRIDGE AND ENDPOINT DRIVERS,3481,94308
PCI DRIVER FOR NVIDIA TEGRA,PCI SUBSYSTEM,3481,94308
PCI DRIVER FOR NVIDIA TEGRA,TEGRA ARCHITECTURE SUPPORT,3481,94308
PCI DRIVER FOR NVIDIA TEGRA,THE REST,3481,94308
PCI DRIVER FOR NXP LAYERSCAPE GEN4 CONTROLLER,PCI DRIVER FOR NXP LAYERSCAPE GEN4 CONTROLLER,307,8623
PCI DRIVER FOR NXP LAYERSCAPE GEN4 CONTROLLER,PCI NATIVE HOST BRIDGE AND ENDPOINT DRIVERS,307,8623
PCI DRIVER FOR NXP LAYERSCAPE GEN4 CONTROLLER,PCI SUBSYSTEM,307,8623
PCI DRIVER FOR NXP LAYERSCAPE GEN4 CONTROLLER,THE REST,307,8623
PCI DRIVER FOR RENESAS R-CAR,PCI DRIVER FOR RENESAS R-CAR,2729,71322
PCI DRIVER FOR RENESAS R-CAR,PCI NATIVE HOST BRIDGE AND ENDPOINT DRIVERS,2729,71322
PCI DRIVER FOR RENESAS R-CAR,PCI SUBSYSTEM,2729,71322
PCI DRIVER FOR RENESAS R-CAR,THE REST,2729,71322
PCI DRIVER FOR SAMSUNG EXYNOS,PCI DRIVER FOR SAMSUNG EXYNOS,443,10982
PCI DRIVER FOR SAMSUNG EXYNOS,PCI NATIVE HOST BRIDGE AND ENDPOINT DRIVERS,443,10982
PCI DRIVER FOR SAMSUNG EXYNOS,PCI SUBSYSTEM,443,10982
PCI DRIVER FOR SAMSUNG EXYNOS,THE REST,443,10982
PCI DRIVER FOR SYNOPSYS DESIGNWARE,PCI DRIVER FOR SYNOPSYS DESIGNWARE,4028,110657
PCI DRIVER FOR SYNOPSYS DESIGNWARE,PCI NATIVE HOST BRIDGE AND ENDPOINT DRIVERS,4028,110657
PCI DRIVER FOR SYNOPSYS DESIGNWARE,PCI SUBSYSTEM,4028,110657
PCI DRIVER FOR SYNOPSYS DESIGNWARE,THE REST,4028,110657
PCI DRIVER FOR TI DRA7XX/J721E,PCI DRIVER FOR TI DRA7XX/J721E,1628,40672
PCI DRIVER FOR TI DRA7XX/J721E,PCI NATIVE HOST BRIDGE AND ENDPOINT DRIVERS,1628,40672
PCI DRIVER FOR TI DRA7XX/J721E,PCI SUBSYSTEM,1628,40672
PCI DRIVER FOR TI DRA7XX/J721E,THE REST,1628,40672
PCI DRIVER FOR V3 SEMICONDUCTOR V360EPC,PCI DRIVER FOR V3 SEMICONDUCTOR V360EPC,983,30608
PCI DRIVER FOR V3 SEMICONDUCTOR V360EPC,PCI NATIVE HOST BRIDGE AND ENDPOINT DRIVERS,983,30608
PCI DRIVER FOR V3 SEMICONDUCTOR V360EPC,PCI SUBSYSTEM,983,30608
PCI DRIVER FOR V3 SEMICONDUCTOR V360EPC,THE REST,983,30608
PCI DRIVER FOR XILINX VERSAL CPM,PCI DRIVER FOR XILINX VERSAL CPM,797,22172
PCI DRIVER FOR XILINX VERSAL CPM,PCI NATIVE HOST BRIDGE AND ENDPOINT DRIVERS,797,22172
PCI DRIVER FOR XILINX VERSAL CPM,PCI SUBSYSTEM,797,22172
PCI DRIVER FOR XILINX VERSAL CPM,THE REST,797,22172
PCI ENDPOINT SUBSYSTEM,PCI ENDPOINT SUBSYSTEM,10940,311591
PCI ENDPOINT SUBSYSTEM,PCI SUBSYSTEM,9484,276280
PCI ENDPOINT SUBSYSTEM,THE REST,10940,311591
PCI ENHANCED ERROR HANDLING (EEH) FOR POWERPC,PCI ENHANCED ERROR HANDLING (EEH) FOR POWERPC,10629,301667
PCI ENHANCED ERROR HANDLING (EEH) FOR POWERPC,PCI ERROR RECOVERY,432,19010
PCI ENHANCED ERROR HANDLING (EEH) FOR POWERPC,PCI SUBSYSTEM,2518,77488
PCI ENHANCED ERROR HANDLING (EEH) FOR POWERPC,THE REST,10629,301667
PCI ERROR RECOVERY,PCI ERROR RECOVERY,432,19010
PCI ERROR RECOVERY,PCI SUBSYSTEM,432,19010
PCI ERROR RECOVERY,THE REST,432,19010
PCI MSI DRIVER FOR ALTERA MSI IP,PCI MSI DRIVER FOR ALTERA MSI IP,320,8042
PCI MSI DRIVER FOR ALTERA MSI IP,PCI NATIVE HOST BRIDGE AND ENDPOINT DRIVERS,320,8042
PCI MSI DRIVER FOR ALTERA MSI IP,PCI SUBSYSTEM,320,8042
PCI MSI DRIVER FOR ALTERA MSI IP,THE REST,320,8042
PCI MSI DRIVER FOR APPLIEDMICRO XGENE,PCI MSI DRIVER FOR APPLIEDMICRO XGENE,596,16087
PCI MSI DRIVER FOR APPLIEDMICRO XGENE,PCI NATIVE HOST BRIDGE AND ENDPOINT DRIVERS,596,16087
PCI MSI DRIVER FOR APPLIEDMICRO XGENE,PCI SUBSYSTEM,596,16087
PCI MSI DRIVER FOR APPLIEDMICRO XGENE,THE REST,596,16087
PCI NATIVE HOST BRIDGE AND ENDPOINT DRIVERS,PCI NATIVE HOST BRIDGE AND ENDPOINT DRIVERS,72069,1969986
PCI NATIVE HOST BRIDGE AND ENDPOINT DRIVERS,PCI SUBSYSTEM,72069,1969986
PCI NATIVE HOST BRIDGE AND ENDPOINT DRIVERS,PCIE DRIVER FOR AMAZON ANNAPURNA LABS,426,11153
PCI NATIVE HOST BRIDGE AND ENDPOINT DRIVERS,PCIE DRIVER FOR AMLOGIC MESON,497,11428
PCI NATIVE HOST BRIDGE AND ENDPOINT DRIVERS,PCIE DRIVER FOR AXIS ARTPEC,550,14691
PCI NATIVE HOST BRIDGE AND ENDPOINT DRIVERS,PCIE DRIVER FOR CAVIUM THUNDERX,843,21936
PCI NATIVE HOST BRIDGE AND ENDPOINT DRIVERS,PCIE DRIVER FOR HISILICON,180,4416
PCI NATIVE HOST BRIDGE AND ENDPOINT DRIVERS,PCIE DRIVER FOR HISILICON KIRIN,1013,25256
PCI NATIVE HOST BRIDGE AND ENDPOINT DRIVERS,PCIE DRIVER FOR HISILICON STB,519,13594
PCI NATIVE HOST BRIDGE AND ENDPOINT DRIVERS,PCIE DRIVER FOR INTEL KEEM BAY,631,15739
PCI NATIVE HOST BRIDGE AND ENDPOINT DRIVERS,PCIE DRIVER FOR INTEL LGM GW SOC,570,13021
PCI NATIVE HOST BRIDGE AND ENDPOINT DRIVERS,PCIE DRIVER FOR MEDIATEK,3043,82466
PCI NATIVE HOST BRIDGE AND ENDPOINT DRIVERS,PCIE DRIVER FOR MICROCHIP,1356,39294
PCI NATIVE HOST BRIDGE AND ENDPOINT DRIVERS,PCIE DRIVER FOR QUALCOMM MSM,1655,43684
PCI NATIVE HOST BRIDGE AND ENDPOINT DRIVERS,PCIE DRIVER FOR ROCKCHIP,2742,79788
PCI NATIVE HOST BRIDGE AND ENDPOINT DRIVERS,PCIE DRIVER FOR SOCIONEXT UNIPHIER,1109,26315
PCI NATIVE HOST BRIDGE AND ENDPOINT DRIVERS,PCIE DRIVER FOR ST SPEAR13XX,266,6521
PCI NATIVE HOST BRIDGE AND ENDPOINT DRIVERS,PCIE ENDPOINT DRIVER FOR QUALCOMM,1122,31429
PCI NATIVE HOST BRIDGE AND ENDPOINT DRIVERS,RISC-V MICROCHIP FPGA SUPPORT,1216,35411
PCI NATIVE HOST BRIDGE AND ENDPOINT DRIVERS,SIFIVE DRIVERS,120,3243
PCI NATIVE HOST BRIDGE AND ENDPOINT DRIVERS,TEGRA ARCHITECTURE SUPPORT,6804,188471
PCI NATIVE HOST BRIDGE AND ENDPOINT DRIVERS,THE REST,72069,1969986
PCI PEER-TO-PEER DMA (P2PDMA),PCI PEER-TO-PEER DMA (P2PDMA),1361,38852
PCI PEER-TO-PEER DMA (P2PDMA),PCI SUBSYSTEM,1220,32523
PCI PEER-TO-PEER DMA (P2PDMA),THE REST,1361,38852
PCI SUBSYSTEM,PCI SUBSYSTEM,182196,5131603
PCI SUBSYSTEM,PCIE DRIVER FOR AMAZON ANNAPURNA LABS,426,11153
PCI SUBSYSTEM,PCIE DRIVER FOR AMLOGIC MESON,497,11428
PCI SUBSYSTEM,PCIE DRIVER FOR AXIS ARTPEC,550,14691
PCI SUBSYSTEM,PCIE DRIVER FOR CAVIUM THUNDERX,843,21936
PCI SUBSYSTEM,PCIE DRIVER FOR HISILICON,180,4416
PCI SUBSYSTEM,PCIE DRIVER FOR HISILICON KIRIN,1013,25256
PCI SUBSYSTEM,PCIE DRIVER FOR HISILICON STB,519,13594
PCI SUBSYSTEM,PCIE DRIVER FOR INTEL KEEM BAY,631,15739
PCI SUBSYSTEM,PCIE DRIVER FOR INTEL LGM GW SOC,570,13021
PCI SUBSYSTEM,PCIE DRIVER FOR MEDIATEK,3043,82466
PCI SUBSYSTEM,PCIE DRIVER FOR MICROCHIP,1356,39294
PCI SUBSYSTEM,PCIE DRIVER FOR QUALCOMM MSM,1655,43684
PCI SUBSYSTEM,PCIE DRIVER FOR ROCKCHIP,2742,79788
PCI SUBSYSTEM,PCIE DRIVER FOR SOCIONEXT UNIPHIER,1109,26315
PCI SUBSYSTEM,PCIE DRIVER FOR ST SPEAR13XX,266,6521
PCI SUBSYSTEM,PCIE ENDPOINT DRIVER FOR QUALCOMM,1122,31429
PCI SUBSYSTEM,RISC-V MICROCHIP FPGA SUPPORT,1216,35411
PCI SUBSYSTEM,S390 PCI SUBSYSTEM,122,3066
PCI SUBSYSTEM,SIFIVE DRIVERS,120,3243
PCI SUBSYSTEM,TEGRA ARCHITECTURE SUPPORT,6804,188471
PCI SUBSYSTEM,THE REST,182196,5131603
PCI SUBSYSTEM,X86 ARCHITECTURE (32-BIT AND 64-BIT),10652,283989
PCI SUBSYSTEM,XEN HYPERVISOR INTERFACE,1094,26183
PCI SUBSYSTEM,XEN PCI SUBSYSTEM,1684,41239
PCIE DRIVER FOR AMAZON ANNAPURNA LABS,PCIE DRIVER FOR AMAZON ANNAPURNA LABS,426,11153
PCIE DRIVER FOR AMAZON ANNAPURNA LABS,THE REST,426,11153
PCIE DRIVER FOR AMLOGIC MESON,PCIE DRIVER FOR AMLOGIC MESON,497,11428
PCIE DRIVER FOR AMLOGIC MESON,THE REST,497,11428
PCIE DRIVER FOR AXIS ARTPEC,PCIE DRIVER FOR AXIS ARTPEC,550,14691
PCIE DRIVER FOR AXIS ARTPEC,THE REST,550,14691
PCIE DRIVER FOR CAVIUM THUNDERX,PCIE DRIVER FOR CAVIUM THUNDERX,843,21936
PCIE DRIVER FOR CAVIUM THUNDERX,THE REST,843,21936
PCIE DRIVER FOR HISILICON,PCIE DRIVER FOR HISILICON,180,4416
PCIE DRIVER FOR HISILICON,THE REST,180,4416
PCIE DRIVER FOR HISILICON KIRIN,PCIE DRIVER FOR HISILICON KIRIN,1013,25256
PCIE DRIVER FOR HISILICON KIRIN,THE REST,1013,25256
PCIE DRIVER FOR HISILICON STB,PCIE DRIVER FOR HISILICON STB,519,13594
PCIE DRIVER FOR HISILICON STB,THE REST,519,13594
PCIE DRIVER FOR INTEL KEEM BAY,PCIE DRIVER FOR INTEL KEEM BAY,631,15739
PCIE DRIVER FOR INTEL KEEM BAY,THE REST,631,15739
PCIE DRIVER FOR INTEL LGM GW SOC,PCIE DRIVER FOR INTEL LGM GW SOC,570,13021
PCIE DRIVER FOR INTEL LGM GW SOC,THE REST,570,13021
PCIE DRIVER FOR MEDIATEK,PCIE DRIVER FOR MEDIATEK,3043,82466
PCIE DRIVER FOR MEDIATEK,THE REST,3043,82466
PCIE DRIVER FOR MICROCHIP,PCIE DRIVER FOR MICROCHIP,1356,39294
PCIE DRIVER FOR MICROCHIP,RISC-V MICROCHIP FPGA SUPPORT,1216,35411
PCIE DRIVER FOR MICROCHIP,THE REST,1356,39294
PCIE DRIVER FOR QUALCOMM MSM,PCIE DRIVER FOR QUALCOMM MSM,1655,43684
PCIE DRIVER FOR QUALCOMM MSM,THE REST,1655,43684
PCIE DRIVER FOR ROCKCHIP,PCIE DRIVER FOR ROCKCHIP,2742,79788
PCIE DRIVER FOR ROCKCHIP,THE REST,2742,79788
PCIE DRIVER FOR SOCIONEXT UNIPHIER,PCIE DRIVER FOR SOCIONEXT UNIPHIER,1109,26315
PCIE DRIVER FOR SOCIONEXT UNIPHIER,THE REST,1109,26315
PCIE DRIVER FOR ST SPEAR13XX,PCIE DRIVER FOR ST SPEAR13XX,266,6521
PCIE DRIVER FOR ST SPEAR13XX,THE REST,266,6521
PCIE ENDPOINT DRIVER FOR QUALCOMM,PCIE ENDPOINT DRIVER FOR QUALCOMM,1122,31429
PCIE ENDPOINT DRIVER FOR QUALCOMM,THE REST,1122,31429
PCMCIA SUBSYSTEM,PCMCIA SUBSYSTEM,22623,601619
PCMCIA SUBSYSTEM,PXA2xx/PXA3xx SUPPORT,625,17272
PCMCIA SUBSYSTEM,THE REST,22623,601619
PCNET32 NETWORK DRIVER,PCNET32 NETWORK DRIVER,3041,86590
PCNET32 NETWORK DRIVER,THE REST,3041,86590
PCRYPT PARALLEL CRYPTO ENGINE,PCRYPT PARALLEL CRYPTO ENGINE,421,10192
PCRYPT PARALLEL CRYPTO ENGINE,THE REST,421,10192
PDS DSC VIRTIO DATA PATH ACCELERATOR,PDS DSC VIRTIO DATA PATH ACCELERATOR,1574,44166
PDS DSC VIRTIO DATA PATH ACCELERATOR,THE REST,1574,44166
PDS DSC VIRTIO DATA PATH ACCELERATOR,VIRTIO CORE AND NET DRIVERS,1574,44166
PECI HARDWARE MONITORING DRIVERS,PECI HARDWARE MONITORING DRIVERS,1522,40451
PECI HARDWARE MONITORING DRIVERS,THE REST,1522,40451
PECI SUBSYSTEM,PECI SUBSYSTEM,2896,77300
PECI SUBSYSTEM,THE REST,2896,77300
PENSANDO ETHERNET DRIVERS,PENSANDO ETHERNET DRIVERS,15398,419014
PENSANDO ETHERNET DRIVERS,THE REST,15398,419014
PER-CPU MEMORY ALLOCATOR,PER-CPU MEMORY ALLOCATOR,7911,240091
PER-CPU MEMORY ALLOCATOR,S390 ARCHITECTURE,185,6486
PER-CPU MEMORY ALLOCATOR,SPARC + UltraSPARC (sparc/sparc64),9,219
PER-CPU MEMORY ALLOCATOR,THE REST,7911,240091
PER-CPU MEMORY ALLOCATOR,X86 ARCHITECTURE (32-BIT AND 64-BIT),479,17407
PER-TASK DELAY ACCOUNTING,PER-TASK DELAY ACCOUNTING,564,14493
PER-TASK DELAY ACCOUNTING,THE REST,564,14493
PERFORMANCE EVENTS SUBSYSTEM,PERFORMANCE EVENTS SUBSYSTEM,781171,29787672
PERFORMANCE EVENTS SUBSYSTEM,PERFORMANCE EVENTS TOOLING ARM64,22051,700727
PERFORMANCE EVENTS SUBSYSTEM,QUALCOMM HEXAGON ARCHITECTURE,9,207
PERFORMANCE EVENTS SUBSYSTEM,RISC-V ARCHITECTURE,902,22969
PERFORMANCE EVENTS SUBSYSTEM,S390 ARCHITECTURE,304,8712
PERFORMANCE EVENTS SUBSYSTEM,SIFIVE DRIVERS,246,5915
PERFORMANCE EVENTS SUBSYSTEM,SPARC + UltraSPARC (sparc/sparc64),1907,48110
PERFORMANCE EVENTS SUBSYSTEM,SUPERH,989,23884
PERFORMANCE EVENTS SUBSYSTEM,SYNOPSYS ARC ARCHITECTURE,920,24522
PERFORMANCE EVENTS SUBSYSTEM,TENSILICA XTENSA PORT (xtensa),454,11858
PERFORMANCE EVENTS SUBSYSTEM,THE REST,781171,29787672
PERFORMANCE EVENTS SUBSYSTEM,X86 ARCHITECTURE (32-BIT AND 64-BIT),42319,1181818
PERFORMANCE EVENTS SUBSYSTEM,ZSTD,148,3818
PERFORMANCE EVENTS TOOLING ARM64,PERFORMANCE EVENTS TOOLING ARM64,22067,701101
PERFORMANCE EVENTS TOOLING ARM64,THE REST,22067,701101
PERSONALITY HANDLING,PERSONALITY HANDLING,87,2505
PERSONALITY HANDLING,THE REST,87,2505
PHOENIX RC FLIGHT CONTROLLER ADAPTER,PHOENIX RC FLIGHT CONTROLLER ADAPTER,337,8193
PHOENIX RC FLIGHT CONTROLLER ADAPTER,THE REST,337,8193
PHONET PROTOCOL,PHONET PROTOCOL,4847,110779
PHONET PROTOCOL,THE REST,4847,110779
PHRAM MTD DRIVER,PHRAM MTD DRIVER,442,9148
PHRAM MTD DRIVER,THE REST,442,9148
PICOLCD HID DRIVER,PICOLCD HID DRIVER,2953,85231
PICOLCD HID DRIVER,THE REST,2953,85231
PIDFD API,PIDFD API,3532,82195
PIDFD API,THE REST,3532,82195
PIN CONTROL SUBSYSTEM,PIN CONTROL SUBSYSTEM,530508,16895438
PIN CONTROL SUBSYSTEM,PIN CONTROLLER - AMD,1206,32234
PIN CONTROL SUBSYSTEM,PIN CONTROLLER - FREESCALE,15521,475757
PIN CONTROL SUBSYSTEM,PIN CONTROLLER - INTEL,16696,503741
PIN CONTROL SUBSYSTEM,PIN CONTROLLER - KEEMBAY,1716,51757
PIN CONTROL SUBSYSTEM,PIN CONTROLLER - MEDIATEK,55657,1667809
PIN CONTROL SUBSYSTEM,PIN CONTROLLER - MEDIATEK MIPS,3316,86155
PIN CONTROL SUBSYSTEM,PIN CONTROLLER - MICROCHIP AT91,3271,92957
PIN CONTROL SUBSYSTEM,PIN CONTROLLER - NXP S32,1954,54783
PIN CONTROL SUBSYSTEM,PIN CONTROLLER - QUALCOMM,73801,2235921
PIN CONTROL SUBSYSTEM,PIN CONTROLLER - RENESAS,120300,3792216
PIN CONTROL SUBSYSTEM,PIN CONTROLLER - SAMSUNG,5902,183651
PIN CONTROL SUBSYSTEM,PIN CONTROLLER - SINGLE,2000,49884
PIN CONTROL SUBSYSTEM,PIN CONTROLLER - SUNPLUS / TIBBO,2503,80322
PIN CONTROL SUBSYSTEM,PXA2xx/PXA3xx SUPPORT,1367,43511
PIN CONTROL SUBSYSTEM,SPEAR PLATFORM/CLOCK/PINCTRL SUPPORT,11585,306027
PIN CONTROL SUBSYSTEM,STARFIVE JH71X0 PINCTRL DRIVERS,4074,120999
PIN CONTROL SUBSYSTEM,TEGRA ARCHITECTURE SUPPORT,17966,665550
PIN CONTROL SUBSYSTEM,THE REST,530508,16895438
PIN CONTROL SUBSYSTEM,X-POWERS MULTIFUNCTION PMIC DEVICE DRIVERS,545,14462
PIN CONTROLLER - AMD,PIN CONTROLLER - AMD,1206,32234
PIN CONTROLLER - AMD,THE REST,1206,32234
PIN CONTROLLER - FREESCALE,PIN CONTROLLER - FREESCALE,15521,475757
PIN CONTROLLER - FREESCALE,THE REST,15521,475757
PIN CONTROLLER - INTEL,PIN CONTROLLER - INTEL,16696,503741
PIN CONTROLLER - INTEL,THE REST,16696,503741
PIN CONTROLLER - KEEMBAY,PIN CONTROLLER - KEEMBAY,1716,51757
PIN CONTROLLER - KEEMBAY,THE REST,1716,51757
PIN CONTROLLER - MEDIATEK,PIN CONTROLLER - MEDIATEK,55657,1667809
PIN CONTROLLER - MEDIATEK,PIN CONTROLLER - MEDIATEK MIPS,1250,37982
PIN CONTROLLER - MEDIATEK,THE REST,55657,1667809
PIN CONTROLLER - MEDIATEK MIPS,PIN CONTROLLER - MEDIATEK MIPS,3316,86155
PIN CONTROLLER - MEDIATEK MIPS,THE REST,3316,86155
PIN CONTROLLER - MICROCHIP AT91,PIN CONTROLLER - MICROCHIP AT91,3518,99055
PIN CONTROLLER - MICROCHIP AT91,THE REST,3518,99055
PIN CONTROLLER - NXP S32,PIN CONTROLLER - NXP S32,1954,54783
PIN CONTROLLER - NXP S32,THE REST,1954,54783
PIN CONTROLLER - QUALCOMM,PIN CONTROLLER - QUALCOMM,73801,2235921
PIN CONTROLLER - QUALCOMM,THE REST,73801,2235921
PIN CONTROLLER - RENESAS,PIN CONTROLLER - RENESAS,120300,3792216
PIN CONTROLLER - RENESAS,THE REST,120300,3792216
PIN CONTROLLER - SAMSUNG,PIN CONTROLLER - SAMSUNG,5902,183651
PIN CONTROLLER - SAMSUNG,THE REST,5902,183651
PIN CONTROLLER - SINGLE,PIN CONTROLLER - SINGLE,2000,49884
PIN CONTROLLER - SINGLE,THE REST,2000,49884
PIN CONTROLLER - SUNPLUS / TIBBO,PIN CONTROLLER - SUNPLUS / TIBBO,2503,80322
PIN CONTROLLER - SUNPLUS / TIBBO,THE REST,2503,80322
PINE64 PINEPHONE KEYBOARD DRIVER,PINE64 PINEPHONE KEYBOARD DRIVER,516,12491
PINE64 PINEPHONE KEYBOARD DRIVER,THE REST,516,12491
PKTCDVD DRIVER,PKTCDVD DRIVER,3220,80784
PKTCDVD DRIVER,THE REST,3220,80784
PLANTOWER PMS7003 AIR POLLUTION SENSOR DRIVER,PLANTOWER PMS7003 AIR POLLUTION SENSOR DRIVER,403,9851
PLANTOWER PMS7003 AIR POLLUTION SENSOR DRIVER,THE REST,403,9851
PLCA RECONCILIATION SUBLAYER (IEEE802.3 Clause 148),PLCA RECONCILIATION SUBLAYER (IEEE802.3 Clause 148),307,9196
PLCA RECONCILIATION SUBLAYER (IEEE802.3 Clause 148),THE REST,307,9196
PLDMFW LIBRARY,PLDMFW LIBRARY,1614,48980
PLDMFW LIBRARY,THE REST,1614,48980
PLX DMA DRIVER,PLX DMA DRIVER,635,15580
PLX DMA DRIVER,THE REST,635,15580
PM-GRAPH UTILITY,PM-GRAPH UTILITY,10894,356440
PM-GRAPH UTILITY,THE REST,10894,356440
PM6764TR DRIVER,PM6764TR DRIVER,108,2924
PM6764TR DRIVER,PMBUS HARDWARE MONITORING DRIVERS,76,1876
PM6764TR DRIVER,THE REST,108,2924
PMBUS HARDWARE MONITORING DRIVERS,PMBUS HARDWARE MONITORING DRIVERS,21607,578739
PMBUS HARDWARE MONITORING DRIVERS,ST STPDDC60 DRIVER,249,5888
PMBUS HARDWARE MONITORING DRIVERS,THE REST,21607,578739
PMBUS HARDWARE MONITORING DRIVERS,TPS546D24 DRIVER,71,1732
PMC SIERRA MaxRAID DRIVER,PMC SIERRA MaxRAID DRIVER,6441,189429
PMC SIERRA MaxRAID DRIVER,SCSI SUBSYSTEM,6441,189429
PMC SIERRA MaxRAID DRIVER,THE REST,6441,189429
PMC SIERRA PM8001 DRIVER,PMC SIERRA PM8001 DRIVER,17512,558172
PMC SIERRA PM8001 DRIVER,SCSI SUBSYSTEM,17512,558172
PMC SIERRA PM8001 DRIVER,THE REST,17512,558172
PNI RM3100 IIO DRIVER,PNI RM3100 IIO DRIVER,784,19717
PNI RM3100 IIO DRIVER,THE REST,784,19717
PNP SUPPORT,PNP SUPPORT,9102,225225
PNP SUPPORT,THE REST,9102,225225
POSIX CLOCKS and TIMERS,POSIX CLOCKS and TIMERS,11480,318379
POSIX CLOCKS and TIMERS,THE REST,11480,318379
POSIX CLOCKS and TIMERS,"TIMEKEEPING, CLOCKSOURCE CORE, NTP, ALARMTIMER",3690,104920
POWER MANAGEMENT CORE,POWER MANAGEMENT CORE,22377,622856
POWER MANAGEMENT CORE,SUSPEND TO RAM,14238,388956
POWER MANAGEMENT CORE,SYSTEM CONTROL & POWER/MANAGEMENT INTERFACE (SCPI/SCMI) Message Protocol drivers,550,15005
POWER MANAGEMENT CORE,THE REST,22377,622856
POWER STATE COORDINATION INTERFACE (PSCI),POWER STATE COORDINATION INTERFACE (PSCI),1500,38591
POWER STATE COORDINATION INTERFACE (PSCI),THE REST,1500,38591
POWER SUPPLY CLASS/SUBSYSTEM and DRIVERS,POWER SUPPLY CLASS/SUBSYSTEM and DRIVERS,98363,2657044
POWER SUPPLY CLASS/SUBSYSTEM and DRIVERS,ROHM BD99954 CHARGER IC,2161,64826
POWER SUPPLY CLASS/SUBSYSTEM and DRIVERS,THE REST,98363,2657044
POWER SUPPLY CLASS/SUBSYSTEM and DRIVERS,TI BQ27XXX POWER SUPPLY DRIVER,2561,71445
POWER SUPPLY CLASS/SUBSYSTEM and DRIVERS,WOLFSON MICROELECTRONICS DRIVERS,1570,41524
POWER SUPPLY CLASS/SUBSYSTEM and DRIVERS,X-POWERS AXP288 PMIC DRIVERS,1794,48700
POWER SUPPLY CLASS/SUBSYSTEM and DRIVERS,X-POWERS MULTIFUNCTION PMIC DEVICE DRIVERS,3669,97816
POWERNV OPERATOR PANEL LCD DISPLAY DRIVER,POWERNV OPERATOR PANEL LCD DISPLAY DRIVER,225,5224
POWERNV OPERATOR PANEL LCD DISPLAY DRIVER,THE REST,225,5224
PPP OVER ATM (RFC 2364),PPP OVER ATM (RFC 2364),516,15997
PPP OVER ATM (RFC 2364),THE REST,516,15997
PPP OVER ETHERNET,PPP OVER ETHERNET,1384,31987
PPP OVER ETHERNET,THE REST,1384,31987
PPP OVER L2TP,PPP OVER L2TP,1863,47460
PPP OVER L2TP,THE REST,1863,47460
PPP PROTOCOL DRIVERS AND COMPRESSORS,PPP PROTOCOL DRIVERS AND COMPRESSORS,6755,169476
PPP PROTOCOL DRIVERS AND COMPRESSORS,THE REST,6755,169476
PPS SUPPORT,PPS SUPPORT,2665,70117
PPS SUPPORT,THE REST,2665,70117
PPTP DRIVER,PPTP DRIVER,699,16074
PPTP DRIVER,THE REST,699,16074
PRESSURE STALL INFORMATION (PSI),PRESSURE STALL INFORMATION (PSI),1953,54449
PRESSURE STALL INFORMATION (PSI),SCHEDULER,1665,47495
PRESSURE STALL INFORMATION (PSI),THE REST,1953,54449
PRINTK,PRINTK,8192,235234
PRINTK,PRINTK INDEXING,194,4400
PRINTK,THE REST,8192,235234
PRINTK INDEXING,PRINTK INDEXING,331,9916
PRINTK INDEXING,THE REST,331,9916
PROC FILESYSTEM,PROC FILESYSTEM,21606,585247
PROC FILESYSTEM,PROC SYSCTL,1707,44640
PROC FILESYSTEM,THE REST,21606,585247
PROC SYSCTL,PROC SYSCTL,5730,142431
PROC SYSCTL,THE REST,5730,142431
PS3 NETWORK SUPPORT,PS3 NETWORK SUPPORT,2246,59823
PS3 NETWORK SUPPORT,THE REST,2246,59823
PS3 PLATFORM SUPPORT,PS3 PLATFORM SUPPORT,21630,562485
PS3 PLATFORM SUPPORT,PS3VRAM DRIVER,853,22083
PS3 PLATFORM SUPPORT,REAL TIME CLOCK (RTC) SUBSYSTEM,73,1393
PS3 PLATFORM SUPPORT,SCSI SUBSYSTEM,437,10594
PS3 PLATFORM SUPPORT,SOUND,2116,64139
PS3 PLATFORM SUPPORT,THE REST,21630,562485
PS3 PLATFORM SUPPORT,USB EHCI DRIVER,254,6372
PS3 PLATFORM SUPPORT,USB OHCI DRIVER,239,5898
PS3 PLATFORM SUPPORT,USB SUBSYSTEM,493,12270
PS3VRAM DRIVER,PS3VRAM DRIVER,853,22083
PS3VRAM DRIVER,THE REST,853,22083
PSAMPLE PACKET SAMPLING SUPPORT,PSAMPLE PACKET SAMPLING SUPPORT,646,17332
PSAMPLE PACKET SAMPLING SUPPORT,THE REST,646,17332
PSTORE FILESYSTEM,PSTORE FILESYSTEM,7888,204888
PSTORE FILESYSTEM,THE REST,7888,204888
PTP HARDWARE CLOCK SUPPORT,PTP HARDWARE CLOCK SUPPORT,16957,421801
PTP HARDWARE CLOCK SUPPORT,PTP MOCKUP CLOCK SUPPORT,175,4091
PTP HARDWARE CLOCK SUPPORT,PTP VIRTUAL CLOCK SUPPORT,295,6878
PTP HARDWARE CLOCK SUPPORT,THE REST,16957,421801
PTP HARDWARE CLOCK SUPPORT,VMWARE VIRTUAL PTP CLOCK DRIVER,143,3119
PTP MOCKUP CLOCK SUPPORT,PTP MOCKUP CLOCK SUPPORT,213,4761
PTP MOCKUP CLOCK SUPPORT,THE REST,213,4761
PTP VIRTUAL CLOCK SUPPORT,PTP VIRTUAL CLOCK SUPPORT,389,9319
PTP VIRTUAL CLOCK SUPPORT,THE REST,389,9319
PTRACE SUPPORT,PTRACE SUPPORT,24029,623577
PTRACE SUPPORT,QUALCOMM HEXAGON ARCHITECTURE,170,4478
PTRACE SUPPORT,RISC-V ARCHITECTURE,570,14147
PTRACE SUPPORT,S390 ARCHITECTURE,1871,52151
PTRACE SUPPORT,SPARC + UltraSPARC (sparc/sparc64),1786,42803
PTRACE SUPPORT,SUPERH,674,16849
PTRACE SUPPORT,SYNOPSYS ARC ARCHITECTURE,576,15091
PTRACE SUPPORT,TENSILICA XTENSA PORT (xtensa),703,17417
PTRACE SUPPORT,THE REST,24029,623577
PTRACE SUPPORT,USER-MODE LINUX (UML),769,17004
PTRACE SUPPORT,X86 ARCHITECTURE (32-BIT AND 64-BIT),2384,58791
PULSE8-CEC DRIVER,PULSE8-CEC DRIVER,939,25300
PULSE8-CEC DRIVER,THE REST,939,25300
PURELIFI PLFXLC DRIVER,PURELIFI PLFXLC DRIVER,2542,63221
PURELIFI PLFXLC DRIVER,THE REST,2542,63221
PVRUSB2 VIDEO4LINUX DRIVER,PVRUSB2 VIDEO4LINUX DRIVER,15047,415165
PVRUSB2 VIDEO4LINUX DRIVER,THE REST,15047,415165
PWC WEBCAM DRIVER,PWC WEBCAM DRIVER,6719,226103
PWC WEBCAM DRIVER,THE REST,6719,226103
PWC WEBCAM DRIVER,TRACING,65,1714
PWM IR Transmitter,PWM IR Transmitter,164,3406
PWM IR Transmitter,RC-CORE / LIRC FRAMEWORK,130,2792
PWM IR Transmitter,THE REST,164,3406
PWM SUBSYSTEM,PWM SUBSYSTEM,30560,792959
PWM SUBSYSTEM,RISC-V MICROCHIP FPGA SUPPORT,590,19799
PWM SUBSYSTEM,SIFIVE DRIVERS,421,11441
PWM SUBSYSTEM,SL28 CPLD MFD DRIVER,302,9300
PWM SUBSYSTEM,STM32 TIMER/LPTIMER DRIVERS,966,25369
PWM SUBSYSTEM,SUNPLUS PWM DRIVER,277,7461
PWM SUBSYSTEM,TEGRA ARCHITECTURE SUPPORT,537,13178
PWM SUBSYSTEM,TEGRA PWM DRIVER,442,11339
PWM SUBSYSTEM,THE REST,30560,792959
PWM SUBSYSTEM,XILINX PWM DRIVER,322,9984
PXA GPIO DRIVER,PXA GPIO DRIVER,804,20136
PXA GPIO DRIVER,THE REST,804,20136
PXA MMCI DRIVER,PXA MMCI DRIVER,0,0
PXA RTC DRIVER,PXA RTC DRIVER,0,0
PXA2xx/PXA3xx SUPPORT,PXA2xx/PXA3xx SUPPORT,27887,786168
PXA2xx/PXA3xx SUPPORT,SOUND,3865,100666
PXA2xx/PXA3xx SUPPORT,SOUND - SOC LAYER / DYNAMIC AUDIO POWER MANAGEMENT (ASoC),2754,70821
PXA2xx/PXA3xx SUPPORT,SPI SUBSYSTEM,2507,64596
PXA2xx/PXA3xx SUPPORT,THE REST,27887,786168
PXA2xx/PXA3xx SUPPORT,USB SUBSYSTEM,5783,160162
QAT DRIVER,QAT DRIVER,25200,726314
QAT DRIVER,THE REST,25200,726314
QCOM AUDIO (ASoC) DRIVERS,QCOM AUDIO (ASoC) DRIVERS,60533,1866890
QCOM AUDIO (ASoC) DRIVERS,SOUND,56475,1770735
QCOM AUDIO (ASoC) DRIVERS,SOUND - SOC LAYER / DYNAMIC AUDIO POWER MANAGEMENT (ASoC),59533,1842697
QCOM AUDIO (ASoC) DRIVERS,THE REST,60533,1866890
QCOM EMBEDDED USB DEBUGGER (EUD),QCOM EMBEDDED USB DEBUGGER (EUD),337,8455
QCOM EMBEDDED USB DEBUGGER (EUD),THE REST,337,8455
QCOM EMBEDDED USB DEBUGGER (EUD),USB SUBSYSTEM,249,5953
QCOM IPA DRIVER,QCOM IPA DRIVER,25725,744964
QCOM IPA DRIVER,THE REST,25725,744964
QEMU MACHINE EMULATOR AND VIRTUALIZER SUPPORT,QEMU MACHINE EMULATOR AND VIRTUALIZER SUPPORT,1037,28207
QEMU MACHINE EMULATOR AND VIRTUALIZER SUPPORT,THE REST,1037,28207
QIB DRIVER,QIB DRIVER,48365,1533463
QIB DRIVER,THE REST,48365,1533463
QLOGIC QL41xxx FCOE DRIVER,QLOGIC QL41xxx FCOE DRIVER,10598,294079
QLOGIC QL41xxx FCOE DRIVER,SCSI SUBSYSTEM,10598,294079
QLOGIC QL41xxx FCOE DRIVER,THE REST,10598,294079
QLOGIC QL41xxx ISCSI DRIVER,QLOGIC QL41xxx ISCSI DRIVER,9343,258058
QLOGIC QL41xxx ISCSI DRIVER,SCSI SUBSYSTEM,9343,258058
QLOGIC QL41xxx ISCSI DRIVER,THE REST,9343,258058
QLOGIC QL4xxx ETHERNET DRIVER,QLOGIC QL4xxx ETHERNET DRIVER,106225,3040000
QLOGIC QL4xxx ETHERNET DRIVER,THE REST,106225,3040000
QLOGIC QL4xxx RDMA DRIVER,QLOGIC QL4xxx RDMA DRIVER,8880,245378
QLOGIC QL4xxx RDMA DRIVER,THE REST,8880,245378
QLOGIC QLA1280 SCSI DRIVER,QLOGIC QLA1280 SCSI DRIVER,5459,159654
QLOGIC QLA1280 SCSI DRIVER,SCSI SUBSYSTEM,5459,159654
QLOGIC QLA1280 SCSI DRIVER,THE REST,5459,159654
QLOGIC QLA2XXX FC-SCSI DRIVER,QLOGIC QLA2XXX FC-SCSI DRIVER,96010,2635078
QLOGIC QLA2XXX FC-SCSI DRIVER,SCSI SUBSYSTEM,96010,2635078
QLOGIC QLA2XXX FC-SCSI DRIVER,THE REST,96010,2635078
QLOGIC QLA3XXX NETWORK DRIVER,QLOGIC QLA3XXX NETWORK DRIVER,5116,134450
QLOGIC QLA3XXX NETWORK DRIVER,THE REST,5116,134450
QLOGIC QLA4XXX iSCSI DRIVER,QLOGIC QLA4XXX iSCSI DRIVER,27912,816149
QLOGIC QLA4XXX iSCSI DRIVER,SCSI SUBSYSTEM,27912,816149
QLOGIC QLA4XXX iSCSI DRIVER,THE REST,27912,816149
QLOGIC QLCNIC (1/10)Gb ETHERNET DRIVER,QLOGIC QLCNIC (1/10)Gb ETHERNET DRIVER,32887,882147
QLOGIC QLCNIC (1/10)Gb ETHERNET DRIVER,THE REST,32887,882147
QLOGIC QLGE 10Gb ETHERNET DRIVER,QLOGIC QLGE 10Gb ETHERNET DRIVER,10814,302504
QLOGIC QLGE 10Gb ETHERNET DRIVER,STAGING SUBSYSTEM,10696,298228
QLOGIC QLGE 10Gb ETHERNET DRIVER,THE REST,10814,302504
QM1D1B0004 MEDIA DRIVER,QM1D1B0004 MEDIA DRIVER,289,6694
QM1D1B0004 MEDIA DRIVER,THE REST,289,6694
QM1D1C0042 MEDIA DRIVER,QM1D1C0042 MEDIA DRIVER,483,11502
QM1D1C0042 MEDIA DRIVER,THE REST,483,11502
QNX4 FILESYSTEM,QNX4 FILESYSTEM,895,23420
QNX4 FILESYSTEM,THE REST,895,23420
QNX6 FILESYSTEM,QNX6 FILESYSTEM,1652,44306
QNX6 FILESYSTEM,THE REST,1652,44306
QORIQ DPAA2 FSL-MC BUS DRIVER,QORIQ DPAA2 FSL-MC BUS DRIVER,6974,184842
QORIQ DPAA2 FSL-MC BUS DRIVER,THE REST,6974,184842
QT1010 MEDIA DRIVER,QT1010 MEDIA DRIVER,583,15486
QT1010 MEDIA DRIVER,THE REST,583,15486
QUALCOMM ATH12K WIRELESS DRIVER,QUALCOMM ATH12K WIRELESS DRIVER,54312,1576305
QUALCOMM ATH12K WIRELESS DRIVER,THE REST,54312,1576305
QUALCOMM ATHEROS ATH10K WIRELESS DRIVER,QUALCOMM ATHEROS ATH10K WIRELESS DRIVER,85204,2385934
QUALCOMM ATHEROS ATH10K WIRELESS DRIVER,THE REST,85204,2385934
QUALCOMM ATHEROS ATH11K WIRELESS DRIVER,QUALCOMM ATHEROS ATH11K WIRELESS DRIVER,78452,2275524
QUALCOMM ATHEROS ATH11K WIRELESS DRIVER,THE REST,78452,2275524
QUALCOMM ATHEROS ATH9K WIRELESS DRIVER,QUALCOMM ATHEROS ATH9K WIRELESS DRIVER,88528,2735995
QUALCOMM ATHEROS ATH9K WIRELESS DRIVER,THE REST,88528,2735995
QUALCOMM BAM-DMUX WWAN NETWORK DRIVER,QUALCOMM BAM-DMUX WWAN NETWORK DRIVER,999,24240
QUALCOMM BAM-DMUX WWAN NETWORK DRIVER,THE REST,999,24240
QUALCOMM BAM-DMUX WWAN NETWORK DRIVER,WWAN DRIVERS,907,21732
QUALCOMM CAMERA SUBSYSTEM DRIVER,QUALCOMM CAMERA SUBSYSTEM DRIVER,18300,493664
QUALCOMM CAMERA SUBSYSTEM DRIVER,THE REST,18300,493664
QUALCOMM CLOCK DRIVERS,QUALCOMM CLOCK DRIVERS,255031,6732818
QUALCOMM CLOCK DRIVERS,THE REST,255031,6732818
QUALCOMM CLOUD AI (QAIC) DRIVER,QUALCOMM CLOUD AI (QAIC) DRIVER,6082,170966
QUALCOMM CLOUD AI (QAIC) DRIVER,THE REST,6082,170966
QUALCOMM CORE POWER REDUCTION (CPR) AVS DRIVER,QUALCOMM CORE POWER REDUCTION (CPR) AVS DRIVER,1917,49250
QUALCOMM CORE POWER REDUCTION (CPR) AVS DRIVER,THE REST,1917,49250
QUALCOMM CPUFREQ DRIVER MSM8996/APQ8096,QUALCOMM CPUFREQ DRIVER MSM8996/APQ8096,899,24529
QUALCOMM CPUFREQ DRIVER MSM8996/APQ8096,THE REST,899,24529
QUALCOMM CRYPTO DRIVERS,QUALCOMM CRYPTO DRIVERS,3847,103512
QUALCOMM CRYPTO DRIVERS,THE REST,3847,103512
QUALCOMM EMAC GIGABIT ETHERNET DRIVER,QUALCOMM EMAC GIGABIT ETHERNET DRIVER,4503,131987
QUALCOMM EMAC GIGABIT ETHERNET DRIVER,THE REST,4503,131987
QUALCOMM ETHQOS ETHERNET DRIVER,QUALCOMM ETHQOS ETHERNET DRIVER,959,28354
QUALCOMM ETHQOS ETHERNET DRIVER,STMMAC ETHERNET DRIVER,838,25697
QUALCOMM ETHQOS ETHERNET DRIVER,THE REST,959,28354
QUALCOMM FASTRPC DRIVER,QUALCOMM FASTRPC DRIVER,2769,67939
QUALCOMM FASTRPC DRIVER,THE REST,2769,67939
QUALCOMM HEXAGON ARCHITECTURE,QUALCOMM HEXAGON ARCHITECTURE,10634,264224
QUALCOMM HEXAGON ARCHITECTURE,THE REST,10634,264224
QUALCOMM HIDMA DRIVER,QUALCOMM HIDMA DRIVER,2910,79852
QUALCOMM HIDMA DRIVER,THE REST,2910,79852
QUALCOMM I2C CCI DRIVER,QUALCOMM I2C CCI DRIVER,1120,27129
QUALCOMM I2C CCI DRIVER,THE REST,1120,27129
QUALCOMM INTERCONNECT BWMON DRIVER,QUALCOMM INTERCONNECT BWMON DRIVER,1005,32654
QUALCOMM INTERCONNECT BWMON DRIVER,THE REST,1005,32654
QUALCOMM IOMMU,QUALCOMM IOMMU,915,23589
QUALCOMM IOMMU,THE REST,915,23589
QUALCOMM IPC ROUTER (QRTR) DRIVER,QUALCOMM IPC ROUTER (QRTR) DRIVER,2749,62943
QUALCOMM IPC ROUTER (QRTR) DRIVER,THE REST,2749,62943
QUALCOMM IPC ROUTER (QRTR) DRIVER,TRACING,118,2604
QUALCOMM IPCC MAILBOX DRIVER,QUALCOMM IPCC MAILBOX DRIVER,486,12447
QUALCOMM IPCC MAILBOX DRIVER,THE REST,486,12447
QUALCOMM IPQ4019 USB PHY DRIVER,QUALCOMM IPQ4019 USB PHY DRIVER,197,4456
QUALCOMM IPQ4019 USB PHY DRIVER,THE REST,197,4456
QUALCOMM IPQ4019 VQMMC REGULATOR DRIVER,QUALCOMM IPQ4019 VQMMC REGULATOR DRIVER,143,3666
QUALCOMM IPQ4019 VQMMC REGULATOR DRIVER,THE REST,143,3666
QUALCOMM IPQ4019 VQMMC REGULATOR DRIVER,VOLTAGE AND CURRENT REGULATOR FRAMEWORK,143,3666
QUALCOMM NAND CONTROLLER DRIVER,QUALCOMM NAND CONTROLLER DRIVER,3779,103863
QUALCOMM NAND CONTROLLER DRIVER,THE REST,3779,103863
QUALCOMM RMNET DRIVER,QUALCOMM RMNET DRIVER,2538,66453
QUALCOMM RMNET DRIVER,THE REST,2538,66453
QUALCOMM TSENS THERMAL DRIVER,QUALCOMM TSENS THERMAL DRIVER,5280,140796
QUALCOMM TSENS THERMAL DRIVER,THE REST,5280,140796
QUALCOMM TSENS THERMAL DRIVER,THERMAL,5280,140796
QUALCOMM TYPEC PORT MANAGER DRIVER,QUALCOMM TYPEC PORT MANAGER DRIVER,1977,52679
QUALCOMM TYPEC PORT MANAGER DRIVER,THE REST,1977,52679
QUALCOMM TYPEC PORT MANAGER DRIVER,USB SUBSYSTEM,1977,52679
QUALCOMM TYPEC PORT MANAGER DRIVER,USB TYPEC CLASS,1787,46741
QUALCOMM TYPEC PORT MANAGER DRIVER,USB TYPEC PORT CONTROLLER DRIVERS,1787,46741
QUALCOMM VENUS VIDEO ACCELERATOR DRIVER,QUALCOMM VENUS VIDEO ACCELERATOR DRIVER,20116,531886
QUALCOMM VENUS VIDEO ACCELERATOR DRIVER,THE REST,20116,531886
QUALCOMM WCN36XX WIRELESS DRIVER,QUALCOMM WCN36XX WIRELESS DRIVER,14011,386093
QUALCOMM WCN36XX WIRELESS DRIVER,THE REST,14011,386093
QUANTENNA QTNFMAC WIRELESS DRIVER,QUANTENNA QTNFMAC WIRELESS DRIVER,12715,329156
QUANTENNA QTNFMAC WIRELESS DRIVER,THE REST,12715,329156
RADEON FRAMEBUFFER DISPLAY DRIVER,RADEON FRAMEBUFFER DISPLAY DRIVER,7871,231519
RADEON FRAMEBUFFER DISPLAY DRIVER,THE REST,7871,231519
RADEON and AMDGPU DRM DRIVERS,RADEON and AMDGPU DRM DRIVERS,5247589,447023683
RADEON and AMDGPU DRM DRIVERS,THE REST,5247589,447023683
RADIOSHARK RADIO DRIVER,RADIOSHARK RADIO DRIVER,429,11778
RADIOSHARK RADIO DRIVER,THE REST,429,11778
RADIOSHARK2 RADIO DRIVER,RADIOSHARK2 RADIO DRIVER,982,26673
RADIOSHARK2 RADIO DRIVER,THE REST,982,26673
RADOS BLOCK DEVICE (RBD),RADOS BLOCK DEVICE (RBD),7724,198862
RADOS BLOCK DEVICE (RBD),THE REST,7724,198862
RAGE128 FRAMEBUFFER DISPLAY DRIVER,RAGE128 FRAMEBUFFER DISPLAY DRIVER,2530,64984
RAGE128 FRAMEBUFFER DISPLAY DRIVER,THE REST,2530,64984
RAINSHADOW-CEC DRIVER,RAINSHADOW-CEC DRIVER,395,8988
RAINSHADOW-CEC DRIVER,THE REST,395,8988
RALINK MIPS ARCHITECTURE,RALINK MIPS ARCHITECTURE,2177,49944
RALINK MIPS ARCHITECTURE,THE REST,2177,49944
RALINK MT7621 MIPS ARCHITECTURE,RALINK MT7621 MIPS ARCHITECTURE,842,15381
RALINK MT7621 MIPS ARCHITECTURE,THE REST,842,15381
RALINK RT2X00 WIRELESS LAN DRIVER,RALINK RT2X00 WIRELESS LAN DRIVER,47063,1390532
RALINK RT2X00 WIRELESS LAN DRIVER,THE REST,47063,1390532
RAMDISK RAM BLOCK DEVICE DRIVER,RAMDISK RAM BLOCK DEVICE DRIVER,624,15861
RAMDISK RAM BLOCK DEVICE DRIVER,THE REST,624,15861
RANCHU VIRTUAL BOARD FOR MIPS,RANCHU VIRTUAL BOARD FOR MIPS,119,2601
RANCHU VIRTUAL BOARD FOR MIPS,THE REST,119,2601
RANDOM NUMBER DRIVER,RANDOM NUMBER DRIVER,1800,55561
RANDOM NUMBER DRIVER,THE REST,1800,55561
RAPIDIO SUBSYSTEM,RAPIDIO SUBSYSTEM,15449,405004
RAPIDIO SUBSYSTEM,THE REST,15449,405004
RAS INFRASTRUCTURE,RAS INFRASTRUCTURE,2450,74617
RAS INFRASTRUCTURE,THE REST,2450,74617
RAYLINK/WEBGEAR 802.11 WIRELESS LAN DRIVER,RAYLINK/WEBGEAR 802.11 WIRELESS LAN DRIVER,3632,114455
RAYLINK/WEBGEAR 802.11 WIRELESS LAN DRIVER,THE REST,3632,114455
RC-CORE / LIRC FRAMEWORK,RC-CORE / LIRC FRAMEWORK,47685,1247270
RC-CORE / LIRC FRAMEWORK,RCMM REMOTE CONTROLS DECODER,255,5473
RC-CORE / LIRC FRAMEWORK,SERIAL IR RECEIVER,844,20637
RC-CORE / LIRC FRAMEWORK,TECHNOTREND USB IR RECEIVER,434,9854
RC-CORE / LIRC FRAMEWORK,THE REST,47685,1247270
RC-CORE / LIRC FRAMEWORK,WINBOND CIR DRIVER,1220,33703
RC-CORE / LIRC FRAMEWORK,XBOX DVD IR REMOTE,367,9296
RCMM REMOTE CONTROLS DECODER,RCMM REMOTE CONTROLS DECODER,255,5473
RCMM REMOTE CONTROLS DECODER,THE REST,255,5473
RCUTORTURE TEST FRAMEWORK,RCUTORTURE TEST FRAMEWORK,5787,157056
RCUTORTURE TEST FRAMEWORK,THE REST,5787,157056
RDACM20 Camera Sensor,RDACM20 Camera Sensor,1418,47935
RDACM20 Camera Sensor,RDACM21 Camera Sensor,744,20318
RDACM20 Camera Sensor,THE REST,1418,47935
RDACM21 Camera Sensor,RDACM21 Camera Sensor,1376,35365
RDACM21 Camera Sensor,THE REST,1376,35365
RDC R-321X SoC,RDC R-321X SoC,0,0
RDC R6040 FAST ETHERNET DRIVER,RDC R6040 FAST ETHERNET DRIVER,1215,32343
RDC R6040 FAST ETHERNET DRIVER,THE REST,1215,32343
RDMAVT - RDMA verbs software,RDMAVT - RDMA verbs software,7636,191687
RDMAVT - RDMA verbs software,THE REST,7636,191687
RDS - RELIABLE DATAGRAM SOCKETS,RDS - RELIABLE DATAGRAM SOCKETS,18022,515150
RDS - RELIABLE DATAGRAM SOCKETS,THE REST,18022,515150
RDT - RESOURCE ALLOCATION,RDT - RESOURCE ALLOCATION,13261,352288
RDT - RESOURCE ALLOCATION,THE REST,13261,352288
RDT - RESOURCE ALLOCATION,X86 ARCHITECTURE (32-BIT AND 64-BIT),10064,277094
READ-COPY UPDATE (RCU),READ-COPY UPDATE (RCU),61507,2234615
READ-COPY UPDATE (RCU),THE REST,61507,2234615
READ-COPY UPDATE (RCU),TORTURE-TEST MODULES,6140,181380
REAL TIME CLOCK (RTC) SUBSYSTEM,REAL TIME CLOCK (RTC) SUBSYSTEM,84985,2179454
REAL TIME CLOCK (RTC) SUBSYSTEM,RENESAS RZ/N1 RTC CONTROLLER DRIVER,489,12106
REAL TIME CLOCK (RTC) SUBSYSTEM,RISC-V MICROCHIP FPGA SUPPORT,303,8152
REAL TIME CLOCK (RTC) SUBSYSTEM,ROHM POWER MANAGEMENT IC DEVICE DRIVERS,360,8960
REAL TIME CLOCK (RTC) SUBSYSTEM,SAMSUNG MULTIFUNCTION PMIC DEVICE DRIVERS,787,18882
REAL TIME CLOCK (RTC) SUBSYSTEM,SUNPLUS RTC DRIVER,415,11211
REAL TIME CLOCK (RTC) SUBSYSTEM,TEGRA ARCHITECTURE SUPPORT,475,12197
REAL TIME CLOCK (RTC) SUBSYSTEM,THE REST,84985,2179454
REAL TIME CLOCK (RTC) SUBSYSTEM,WHWAVE RTC DRIVER,228,5918
REAL TIME CLOCK (RTC) SUBSYSTEM,WOLFSON MICROELECTRONICS DRIVERS,949,24125
REALTEK AUDIO CODECS,REALTEK AUDIO CODECS,107741,3291969
REALTEK AUDIO CODECS,SOUND,107741,3291969
REALTEK AUDIO CODECS,SOUND - SOC LAYER / DYNAMIC AUDIO POWER MANAGEMENT (ASoC),107409,3285559
REALTEK AUDIO CODECS,THE REST,107741,3291969
REALTEK OTTO WATCHDOG,REALTEK OTTO WATCHDOG,462,12897
REALTEK OTTO WATCHDOG,THE REST,462,12897
REALTEK OTTO WATCHDOG,WATCHDOG DEVICE DRIVERS,462,12897
REALTEK RTL83xx SMI DSA ROUTER CHIPS,REALTEK RTL83xx SMI DSA ROUTER CHIPS,5984,175883
REALTEK RTL83xx SMI DSA ROUTER CHIPS,THE REST,5984,175883
REALTEK WIRELESS DRIVER (rtlwifi family),REALTEK WIRELESS DRIVER (rtlwifi family),166308,4830114
REALTEK WIRELESS DRIVER (rtlwifi family),THE REST,166308,4830114
REALTEK WIRELESS DRIVER (rtw88),REALTEK WIRELESS DRIVER (rtw88),120777,3023213
REALTEK WIRELESS DRIVER (rtw88),THE REST,120777,3023213
REALTEK WIRELESS DRIVER (rtw89),REALTEK WIRELESS DRIVER (rtw89),236282,7530428
REALTEK WIRELESS DRIVER (rtw89),THE REST,236282,7530428
REDPINE WIRELESS DRIVER,REDPINE WIRELESS DRIVER,12247,337657
REDPINE WIRELESS DRIVER,THE REST,12247,337657
REGISTER MAP ABSTRACTION,REGISTER MAP ABSTRACTION,14630,382859
REGISTER MAP ABSTRACTION,THE REST,14630,382859
REISERFS FILE SYSTEM,REISERFS FILE SYSTEM,32736,938152
REISERFS FILE SYSTEM,THE REST,32736,938152
REMOTE PROCESSOR (REMOTEPROC) SUBSYSTEM,REMOTE PROCESSOR (REMOTEPROC) SUBSYSTEM,37267,998481
REMOTE PROCESSOR (REMOTEPROC) SUBSYSTEM,THE REST,37267,998481
REMOTE PROCESSOR MESSAGING (RPMSG) SUBSYSTEM,REMOTE PROCESSOR MESSAGING (RPMSG) SUBSYSTEM,9064,242153
REMOTE PROCESSOR MESSAGING (RPMSG) SUBSYSTEM,THE REST,9064,242153
REMOTE PROCESSOR MESSAGING (RPMSG) WWAN CONTROL DRIVER,REMOTE PROCESSOR MESSAGING (RPMSG) WWAN CONTROL DRIVER,167,4349
REMOTE PROCESSOR MESSAGING (RPMSG) WWAN CONTROL DRIVER,THE REST,167,4349
REMOTE PROCESSOR MESSAGING (RPMSG) WWAN CONTROL DRIVER,WWAN DRIVERS,167,4349
RENESAS CLOCK DRIVERS,RENESAS CLOCK DRIVERS,17702,551972
RENESAS CLOCK DRIVERS,RENESAS VERSACLOCK 7 CLOCK DRIVER,64,1263
RENESAS CLOCK DRIVERS,THE REST,17702,551972
RENESAS EMEV2 I2C DRIVER,RENESAS EMEV2 I2C DRIVER,503,11846
RENESAS EMEV2 I2C DRIVER,THE REST,503,11846
RENESAS ETHERNET DRIVERS,RENESAS ETHERNET DRIVERS,12814,325102
RENESAS ETHERNET DRIVERS,THE REST,12814,325102
RENESAS IDT821034 ASoC CODEC,RENESAS IDT821034 ASoC CODEC,1253,34714
RENESAS IDT821034 ASoC CODEC,SOUND,1178,33034
RENESAS IDT821034 ASoC CODEC,SOUND - SOC LAYER / DYNAMIC AUDIO POWER MANAGEMENT (ASoC),1253,34714
RENESAS IDT821034 ASoC CODEC,THE REST,1253,34714
RENESAS R-CAR GEN3 & RZ/N1 NAND CONTROLLER DRIVER,RENESAS R-CAR GEN3 & RZ/N1 NAND CONTROLLER DRIVER,1483,40851
RENESAS R-CAR GEN3 & RZ/N1 NAND CONTROLLER DRIVER,THE REST,1483,40851
RENESAS R-CAR GYROADC DRIVER,RENESAS R-CAR GYROADC DRIVER,759,19119
RENESAS R-CAR GYROADC DRIVER,THE REST,759,19119
RENESAS R-CAR I2C DRIVERS,RENESAS R-CAR I2C DRIVERS,2531,69494
RENESAS R-CAR I2C DRIVERS,THE REST,2531,69494
RENESAS R-CAR SATA DRIVER,RENESAS R-CAR SATA DRIVER,1110,28589
RENESAS R-CAR SATA DRIVER,THE REST,1110,28589
RENESAS R-CAR THERMAL DRIVERS,RENESAS R-CAR THERMAL DRIVERS,1498,37758
RENESAS R-CAR THERMAL DRIVERS,THE REST,1498,37758
RENESAS R-CAR THERMAL DRIVERS,THERMAL,1498,37758
RENESAS RIIC DRIVER,RENESAS RIIC DRIVER,623,15965
RENESAS RIIC DRIVER,THE REST,623,15965
RENESAS RZ/G2L A/D DRIVER,RENESAS RZ/G2L A/D DRIVER,757,17172
RENESAS RZ/G2L A/D DRIVER,THE REST,757,17172
RENESAS RZ/G2L MTU3a COUNTER DRIVER,RENESAS RZ/G2L MTU3a COUNTER DRIVER,1208,36669
RENESAS RZ/G2L MTU3a COUNTER DRIVER,THE REST,1208,36669
RENESAS RZ/N1 A5PSW SWITCH DRIVER,RENESAS RZ/N1 A5PSW SWITCH DRIVER,2612,68759
RENESAS RZ/N1 A5PSW SWITCH DRIVER,THE REST,2612,68759
RENESAS RZ/N1 RTC CONTROLLER DRIVER,RENESAS RZ/N1 RTC CONTROLLER DRIVER,489,12106
RENESAS RZ/N1 RTC CONTROLLER DRIVER,THE REST,489,12106
RENESAS RZ/N1 USBF CONTROLLER DRIVER,RENESAS RZ/N1 USBF CONTROLLER DRIVER,3459,90552
RENESAS RZ/N1 USBF CONTROLLER DRIVER,THE REST,3459,90552
RENESAS RZ/N1 USBF CONTROLLER DRIVER,USB SUBSYSTEM,3459,90552
RENESAS RZ/V2M I2C DRIVER,RENESAS RZ/V2M I2C DRIVER,625,14377
RENESAS RZ/V2M I2C DRIVER,THE REST,625,14377
RENESAS USB PHY DRIVER,RENESAS USB PHY DRIVER,997,25351
RENESAS USB PHY DRIVER,THE REST,997,25351
RENESAS VERSACLOCK 7 CLOCK DRIVER,RENESAS VERSACLOCK 7 CLOCK DRIVER,1373,35986
RENESAS VERSACLOCK 7 CLOCK DRIVER,THE REST,1373,35986
RENESAS X9250 DIGITAL POTENTIOMETERS DRIVER,RENESAS X9250 DIGITAL POTENTIOMETERS DRIVER,298,6896
RENESAS X9250 DIGITAL POTENTIOMETERS DRIVER,THE REST,298,6896
RESET CONTROLLER FRAMEWORK,RESET CONTROLLER FRAMEWORK,22422,644627
RESET CONTROLLER FRAMEWORK,RISC-V MICROCHIP FPGA SUPPORT,157,3895
RESET CONTROLLER FRAMEWORK,STARFIVE JH71X0 RESET CONTROLLER DRIVERS,700,20687
RESET CONTROLLER FRAMEWORK,SYNOPSYS AXS10x RESET CONTROLLER DRIVER,130,3140
RESET CONTROLLER FRAMEWORK,SYNOPSYS HSDK RESET CONTROLLER DRIVER,180,4692
RESET CONTROLLER FRAMEWORK,SYSTEM CONTROL & POWER/MANAGEMENT INTERFACE (SCPI/SCMI) Message Protocol drivers,132,3637
RESET CONTROLLER FRAMEWORK,TEGRA ARCHITECTURE SUPPORT,647,22562
RESET CONTROLLER FRAMEWORK,TEXAS INSTRUMENTS' SYSTEM CONTROL INTERFACE (TISCI) PROTOCOL DRIVER,312,9498
RESET CONTROLLER FRAMEWORK,THE REST,22422,644627
RESTARTABLE SEQUENCES SUPPORT,RESTARTABLE SEQUENCES SUPPORT,9020,250526
RESTARTABLE SEQUENCES SUPPORT,RISC-V ARCHITECTURE,608,18916
RESTARTABLE SEQUENCES SUPPORT,THE REST,9020,250526
RESTARTABLE SEQUENCES SUPPORT,TRACING,62,1482
RFKILL,RFKILL,2833,74433
RFKILL,THE REST,2833,74433
RHASHTABLE,RHASHTABLE,3479,93025
RHASHTABLE,THE REST,3479,93025
RICOH R5C592 MEMORYSTICK DRIVER,RICOH R5C592 MEMORYSTICK DRIVER,1066,27997
RICOH R5C592 MEMORYSTICK DRIVER,SONY MEMORYSTICK SUBSYSTEM,1066,27997
RICOH R5C592 MEMORYSTICK DRIVER,THE REST,1066,27997
RICOH SMARTMEDIA/XD DRIVER,RICOH SMARTMEDIA/XD DRIVER,1246,30705
RICOH SMARTMEDIA/XD DRIVER,THE REST,1246,30705
RISC-V ARCHITECTURE,RISC-V ARCHITECTURE,69903,1847968
RISC-V ARCHITECTURE,RISC-V MICROCHIP FPGA SUPPORT,1542,30773
RISC-V ARCHITECTURE,RISC-V MISC SOC SUPPORT,7883,187779
RISC-V ARCHITECTURE,RISC-V PMU DRIVERS,1734,48711
RISC-V ARCHITECTURE,RISC-V THEAD SoC SUPPORT,555,12167
RISC-V ARCHITECTURE,SIFIVE DRIVERS,1536,36293
RISC-V ARCHITECTURE,SIFIVE FU540 SYSTEM-ON-CHIP,313,8005
RISC-V ARCHITECTURE,STARFIVE DEVICETREES,2455,61244
RISC-V ARCHITECTURE,STATIC BRANCH/CALL,103,2533
RISC-V ARCHITECTURE,TEGRA ARCHITECTURE SUPPORT,136,4283
RISC-V ARCHITECTURE,THE REST,69903,1847968
RISC-V ARCHITECTURE,TTY LAYER AND SERIAL DRIVERS,90,1825
RISC-V ARCHITECTURE,WIREGUARD SECURE NETWORK TUNNEL,25,617
RISC-V MICROCHIP FPGA SUPPORT,RISC-V MICROCHIP FPGA SUPPORT,7788,205109
RISC-V MICROCHIP FPGA SUPPORT,RISC-V MISC SOC SUPPORT,1542,30773
RISC-V MICROCHIP FPGA SUPPORT,SPI SUBSYSTEM,1260,34214
RISC-V MICROCHIP FPGA SUPPORT,THE REST,7788,205109
RISC-V MICROCHIP FPGA SUPPORT,USB SUBSYSTEM,327,7777
RISC-V MISC SOC SUPPORT,RISC-V MISC SOC SUPPORT,7883,187779
RISC-V MISC SOC SUPPORT,RISC-V THEAD SoC SUPPORT,555,12167
RISC-V MISC SOC SUPPORT,SIFIVE DRIVERS,1131,26362
RISC-V MISC SOC SUPPORT,SIFIVE FU540 SYSTEM-ON-CHIP,313,8005
RISC-V MISC SOC SUPPORT,STARFIVE DEVICETREES,2455,61244
RISC-V MISC SOC SUPPORT,THE REST,7883,187779
RISC-V PMU DRIVERS,RISC-V PMU DRIVERS,1734,48711
RISC-V PMU DRIVERS,THE REST,1734,48711
RISC-V THEAD SoC SUPPORT,RISC-V THEAD SoC SUPPORT,555,12167
RISC-V THEAD SoC SUPPORT,THE REST,555,12167
RNBD BLOCK DRIVERS,RNBD BLOCK DRIVERS,4544,116188
RNBD BLOCK DRIVERS,THE REST,4544,116188
ROCCAT DRIVERS,ROCCAT DRIVERS,7341,216733
ROCCAT DRIVERS,THE REST,7341,216733
ROCKCHIP CRYPTO DRIVERS,ROCKCHIP CRYPTO DRIVERS,1944,52677
ROCKCHIP CRYPTO DRIVERS,THE REST,1944,52677
ROCKCHIP I2S TDM DRIVER,ROCKCHIP I2S TDM DRIVER,2370,64765
ROCKCHIP I2S TDM DRIVER,SOUND,2178,59837
ROCKCHIP I2S TDM DRIVER,SOUND - SOC LAYER / DYNAMIC AUDIO POWER MANAGEMENT (ASoC),2370,64765
ROCKCHIP I2S TDM DRIVER,THE REST,2370,64765
ROCKCHIP ISP V1 DRIVER,ROCKCHIP ISP V1 DRIVER,11074,377105
ROCKCHIP ISP V1 DRIVER,THE REST,11074,377105
ROCKCHIP RASTER 2D GRAPHIC ACCELERATION UNIT DRIVER,ROCKCHIP RASTER 2D GRAPHIC ACCELERATION UNIT DRIVER,2212,51881
ROCKCHIP RASTER 2D GRAPHIC ACCELERATION UNIT DRIVER,THE REST,2212,51881
ROCKCHIP VIDEO DECODER DRIVER,ROCKCHIP VIDEO DECODER DRIVER,3842,124453
ROCKCHIP VIDEO DECODER DRIVER,STAGING SUBSYSTEM,3759,122610
ROCKCHIP VIDEO DECODER DRIVER,THE REST,3842,124453
ROCKER DRIVER,ROCKER DRIVER,6918,188460
ROCKER DRIVER,THE REST,6918,188460
ROCKETPORT EXPRESS/INFINITY DRIVER,ROCKETPORT EXPRESS/INFINITY DRIVER,844,23265
ROCKETPORT EXPRESS/INFINITY DRIVER,THE REST,844,23265
ROCKETPORT EXPRESS/INFINITY DRIVER,TTY LAYER AND SERIAL DRIVERS,844,23265
ROHM BD99954 CHARGER IC,ROHM BD99954 CHARGER IC,2161,64826
ROHM BD99954 CHARGER IC,THE REST,2161,64826
ROHM BH1750 AMBIENT LIGHT SENSOR DRIVER,ROHM BH1750 AMBIENT LIGHT SENSOR DRIVER,377,9084
ROHM BH1750 AMBIENT LIGHT SENSOR DRIVER,THE REST,377,9084
ROHM BU270xx LIGHT SENSOR DRIVERs,ROHM BU270xx LIGHT SENSOR DRIVERs,2972,81139
ROHM BU270xx LIGHT SENSOR DRIVERs,THE REST,2972,81139
ROHM MULTIFUNCTION BD9571MWV-M PMIC DEVICE DRIVERS,ROHM MULTIFUNCTION BD9571MWV-M PMIC DEVICE DRIVERS,1021,28957
ROHM MULTIFUNCTION BD9571MWV-M PMIC DEVICE DRIVERS,THE REST,1021,28957
ROHM MULTIFUNCTION BD9571MWV-M PMIC DEVICE DRIVERS,VOLTAGE AND CURRENT REGULATOR FRAMEWORK,367,9393
ROHM POWER MANAGEMENT IC DEVICE DRIVERS,ROHM POWER MANAGEMENT IC DEVICE DRIVERS,8225,245676
ROHM POWER MANAGEMENT IC DEVICE DRIVERS,THE REST,8225,245676
ROHM POWER MANAGEMENT IC DEVICE DRIVERS,VOLTAGE AND CURRENT REGULATOR FRAMEWORK,4531,135021
ROHM POWER MANAGEMENT IC DEVICE DRIVERS,WATCHDOG DEVICE DRIVERS,302,6998
ROSE NETWORK LAYER,ROSE NETWORK LAYER,5192,122950
ROSE NETWORK LAYER,THE REST,5192,122950
ROTATION DRIVER FOR ALLWINNER A83T,ROTATION DRIVER FOR ALLWINNER A83T,1441,33946
ROTATION DRIVER FOR ALLWINNER A83T,THE REST,1441,33946
RPMSG TTY DRIVER,RPMSG TTY DRIVER,288,7113
RPMSG TTY DRIVER,THE REST,288,7113
RPMSG TTY DRIVER,TTY LAYER AND SERIAL DRIVERS,288,7113
RTL2830 MEDIA DRIVER,RTL2830 MEDIA DRIVER,975,22682
RTL2830 MEDIA DRIVER,THE REST,975,22682
RTL2832 MEDIA DRIVER,RTL2832 MEDIA DRIVER,3154,84512
RTL2832 MEDIA DRIVER,RTL2832_SDR MEDIA DRIVER,1542,43145
RTL2832 MEDIA DRIVER,THE REST,3154,84512
RTL2832_SDR MEDIA DRIVER,RTL2832_SDR MEDIA DRIVER,1542,43145
RTL2832_SDR MEDIA DRIVER,THE REST,1542,43145
RTL8180 WIRELESS DRIVER,RTL8180 WIRELESS DRIVER,4123,122232
RTL8180 WIRELESS DRIVER,THE REST,4123,122232
RTL8187 WIRELESS DRIVER,RTL8187 WIRELESS DRIVER,3354,97533
RTL8187 WIRELESS DRIVER,THE REST,3354,97533
RTL8XXXU WIRELESS DRIVER (rtl8xxxu),RTL8XXXU WIRELESS DRIVER (rtl8xxxu),23880,709195
RTL8XXXU WIRELESS DRIVER (rtl8xxxu),THE REST,23880,709195
RTRS TRANSPORT DRIVERS,RTRS TRANSPORT DRIVERS,8682,230739
RTRS TRANSPORT DRIVERS,THE REST,8682,230739
RUNTIME VERIFICATION (RV),RUNTIME VERIFICATION (RV),5669,154330
RUNTIME VERIFICATION (RV),THE REST,5669,154330
RUNTIME VERIFICATION (RV),TRACING,1811,42629
RUST,RUST,21214,739632
RUST,THE REST,21214,739632
RXRPC SOCKETS (AF_RXRPC),RXRPC SOCKETS (AF_RXRPC),19481,555229
RXRPC SOCKETS (AF_RXRPC),THE REST,19481,555229
RXRPC SOCKETS (AF_RXRPC),TRACING,1978,61635
Real-time Linux Analysis (RTLA) tools,Real-time Linux Analysis (RTLA) tools,9094,240264
Real-time Linux Analysis (RTLA) tools,THE REST,9094,240264
S3 SAVAGE FRAMEBUFFER DRIVER,S3 SAVAGE FRAMEBUFFER DRIVER,3367,86325
S3 SAVAGE FRAMEBUFFER DRIVER,THE REST,3367,86325
S390 ARCHITECTURE,S390 ARCHITECTURE,263461,7099608
S390 ARCHITECTURE,S390 COMMON I/O LAYER,23705,600369
S390 ARCHITECTURE,S390 DASD DRIVER,23755,640308
S390 ARCHITECTURE,S390 IUCV NETWORK LAYER,2509,63772
S390 ARCHITECTURE,S390 MM,11573,317820
S390 ARCHITECTURE,S390 NETWORK DRIVERS,31146,830032
S390 ARCHITECTURE,S390 PCI SUBSYSTEM,5388,131585
S390 ARCHITECTURE,S390 SCM DRIVER,1044,24187
S390 ARCHITECTURE,S390 VFIO AP DRIVER,4078,132016
S390 ARCHITECTURE,S390 VFIO-CCW DRIVER,3653,97716
S390 ARCHITECTURE,S390 VFIO-PCI DRIVER,791,17976
S390 ARCHITECTURE,S390 ZCRYPT DRIVER,19572,535559
S390 ARCHITECTURE,S390 ZFCP DRIVER,12968,379402
S390 ARCHITECTURE,STATIC BRANCH/CALL,137,3443
S390 ARCHITECTURE,THE REST,263461,7099608
S390 ARCHITECTURE,TRACING OS NOISE / LATENCY TRACERS,33,715
S390 ARCHITECTURE,VIRTIO DRIVERS FOR S390,1559,40337
S390 ARCHITECTURE,WATCHDOG DEVICE DRIVERS,231,5664
S390 COMMON I/O LAYER,S390 COMMON I/O LAYER,23705,600369
S390 COMMON I/O LAYER,S390 SCM DRIVER,290,6772
S390 COMMON I/O LAYER,S390 VFIO-CCW DRIVER,3208,81311
S390 COMMON I/O LAYER,THE REST,23705,600369
S390 DASD DRIVER,S390 DASD DRIVER,24142,650443
S390 DASD DRIVER,THE REST,24142,650443
S390 IOMMU (PCI),S390 IOMMU (PCI),449,11052
S390 IOMMU (PCI),THE REST,449,11052
S390 IUCV NETWORK LAYER,S390 IUCV NETWORK LAYER,7434,191020
S390 IUCV NETWORK LAYER,S390 NETWORK DRIVERS,2509,63772
S390 IUCV NETWORK LAYER,THE REST,7434,191020
S390 MM,S390 MM,11573,317820
S390 MM,THE REST,11573,317820
S390 NETWORK DRIVERS,S390 NETWORK DRIVERS,31146,830032
S390 NETWORK DRIVERS,THE REST,31146,830032
S390 PCI SUBSYSTEM,S390 PCI SUBSYSTEM,5510,134651
S390 PCI SUBSYSTEM,THE REST,5510,134651
S390 SCM DRIVER,S390 SCM DRIVER,1044,24187
S390 SCM DRIVER,THE REST,1044,24187
S390 VFIO AP DRIVER,S390 VFIO AP DRIVER,4078,132016
S390 VFIO AP DRIVER,S390 ZCRYPT DRIVER,2894,83287
S390 VFIO AP DRIVER,THE REST,4078,132016
S390 VFIO-CCW DRIVER,S390 VFIO-CCW DRIVER,3709,98973
S390 VFIO-CCW DRIVER,THE REST,3709,98973
S390 VFIO-PCI DRIVER,S390 VFIO-PCI DRIVER,1045,24355
S390 VFIO-PCI DRIVER,THE REST,1045,24355
S390 VFIO-PCI DRIVER,VFIO DRIVER,169,3837
S390 ZCRYPT DRIVER,S390 ZCRYPT DRIVER,19572,535559
S390 ZCRYPT DRIVER,THE REST,19572,535559
S390 ZFCP DRIVER,S390 ZFCP DRIVER,12968,379402
S390 ZFCP DRIVER,THE REST,12968,379402
SAA6588 RDS RECEIVER DRIVER,SAA6588 RDS RECEIVER DRIVER,513,12262
SAA6588 RDS RECEIVER DRIVER,THE REST,513,12262
SAA7134 VIDEO4LINUX DRIVER,SAA7134 VIDEO4LINUX DRIVER,20151,554740
SAA7134 VIDEO4LINUX DRIVER,THE REST,20151,554740
SAA7146 VIDEO4LINUX-2 DRIVER,SAA7146 VIDEO4LINUX-2 DRIVER,5921,170807
SAA7146 VIDEO4LINUX-2 DRIVER,THE REST,5921,170807
SAFESETID SECURITY MODULE,SAFESETID SECURITY MODULE,843,27082
SAFESETID SECURITY MODULE,SECURITY SUBSYSTEM,725,20112
SAFESETID SECURITY MODULE,THE REST,843,27082
SAMSUNG AUDIO (ASoC) DRIVERS,SAMSUNG AUDIO (ASoC) DRIVERS,9529,239815
SAMSUNG AUDIO (ASoC) DRIVERS,SOUND,8771,220404
SAMSUNG AUDIO (ASoC) DRIVERS,SOUND - SOC LAYER / DYNAMIC AUDIO POWER MANAGEMENT (ASoC),9529,239815
SAMSUNG AUDIO (ASoC) DRIVERS,THE REST,9529,239815
SAMSUNG EXYNOS PSEUDO RANDOM NUMBER GENERATOR (RNG) DRIVER,SAMSUNG EXYNOS PSEUDO RANDOM NUMBER GENERATOR (RNG) DRIVER,446,10324
SAMSUNG EXYNOS PSEUDO RANDOM NUMBER GENERATOR (RNG) DRIVER,THE REST,446,10324
SAMSUNG EXYNOS TRUE RANDOM NUMBER GENERATOR (TRNG) DRIVER,SAMSUNG EXYNOS TRUE RANDOM NUMBER GENERATOR (TRNG) DRIVER,276,6296
SAMSUNG EXYNOS TRUE RANDOM NUMBER GENERATOR (TRNG) DRIVER,THE REST,276,6296
SAMSUNG FRAMEBUFFER DRIVER,SAMSUNG FRAMEBUFFER DRIVER,1804,46480
SAMSUNG FRAMEBUFFER DRIVER,THE REST,1804,46480
SAMSUNG INTERCONNECT DRIVERS,SAMSUNG INTERCONNECT DRIVERS,212,5501
SAMSUNG INTERCONNECT DRIVERS,THE REST,212,5501
SAMSUNG LAPTOP DRIVER,SAMSUNG LAPTOP DRIVER,1658,40438
SAMSUNG LAPTOP DRIVER,THE REST,1658,40438
SAMSUNG LAPTOP DRIVER,X86 PLATFORM DRIVERS,1658,40438
SAMSUNG MULTIFUNCTION PMIC DEVICE DRIVERS,SAMSUNG MULTIFUNCTION PMIC DEVICE DRIVERS,7385,193407
SAMSUNG MULTIFUNCTION PMIC DEVICE DRIVERS,SAMSUNG SOC CLOCK DRIVERS,44,1152
SAMSUNG MULTIFUNCTION PMIC DEVICE DRIVERS,THE REST,7385,193407
SAMSUNG MULTIFUNCTION PMIC DEVICE DRIVERS,VOLTAGE AND CURRENT REGULATOR FRAMEWORK,3053,89611
SAMSUNG S3C24XX/S3C64XX SOC SERIES CAMIF DRIVER,SAMSUNG S3C24XX/S3C64XX SOC SERIES CAMIF DRIVER,3618,99376
SAMSUNG S3C24XX/S3C64XX SOC SERIES CAMIF DRIVER,THE REST,3618,99376
SAMSUNG S3FWRN5 NFC DRIVER,SAMSUNG S3FWRN5 NFC DRIVER,1813,40549
SAMSUNG S3FWRN5 NFC DRIVER,THE REST,1813,40549
SAMSUNG S5C73M3 CAMERA DRIVER,SAMSUNG S5C73M3 CAMERA DRIVER,3059,78404
SAMSUNG S5C73M3 CAMERA DRIVER,THE REST,3059,78404
SAMSUNG S5K5BAF CAMERA DRIVER,SAMSUNG S5K5BAF CAMERA DRIVER,2033,51000
SAMSUNG S5K5BAF CAMERA DRIVER,THE REST,2033,51000
SAMSUNG S5K5BAF CAMERA DRIVER,V4L2 CAMERA SENSOR DRIVERS,2033,51000
SAMSUNG S5P Security SubSystem (SSS) DRIVER,SAMSUNG S5P Security SubSystem (SSS) DRIVER,2460,62865
SAMSUNG S5P Security SubSystem (SSS) DRIVER,THE REST,2460,62865
SAMSUNG S5P/EXYNOS4 SOC SERIES CAMERA SUBSYSTEM DRIVERS,SAMSUNG S5P/EXYNOS4 SOC SERIES CAMERA SUBSYSTEM DRIVERS,18289,486728
SAMSUNG S5P/EXYNOS4 SOC SERIES CAMERA SUBSYSTEM DRIVERS,THE REST,18289,486728
SAMSUNG SOC CLOCK DRIVERS,SAMSUNG SOC CLOCK DRIVERS,33975,1229378
SAMSUNG SOC CLOCK DRIVERS,THE REST,33975,1229378
SAMSUNG SPI DRIVERS,SAMSUNG SPI DRIVERS,1825,49747
SAMSUNG SPI DRIVERS,SPI SUBSYSTEM,1767,48137
SAMSUNG SPI DRIVERS,THE REST,1825,49747
SAMSUNG SXGBE DRIVERS,SAMSUNG SXGBE DRIVERS,6264,175248
SAMSUNG SXGBE DRIVERS,THE REST,6264,175248
SAMSUNG THERMAL DRIVER,SAMSUNG THERMAL DRIVER,1385,38700
SAMSUNG THERMAL DRIVER,THE REST,1385,38700
SAMSUNG THERMAL DRIVER,THERMAL,1385,38700
SAMSUNG USB2 PHY DRIVER,SAMSUNG USB2 PHY DRIVER,1809,51288
SAMSUNG USB2 PHY DRIVER,THE REST,1809,51288
SANCLOUD BEAGLEBONE ENHANCED DEVICE TREE,SANCLOUD BEAGLEBONE ENHANCED DEVICE TREE,283,8192
SANCLOUD BEAGLEBONE ENHANCED DEVICE TREE,THE REST,283,8192
SC1200 WDT DRIVER,SC1200 WDT DRIVER,475,11222
SC1200 WDT DRIVER,THE REST,475,11222
SC1200 WDT DRIVER,WATCHDOG DEVICE DRIVERS,475,11222
SCHEDULER,SCHEDULER,53658,1443262
SCHEDULER,THE REST,53658,1443262
SCSI LIBSAS SUBSYSTEM,SCSI LIBSAS SUBSYSTEM,8410,218867
SCSI LIBSAS SUBSYSTEM,SCSI SUBSYSTEM,7952,205063
SCSI LIBSAS SUBSYSTEM,THE REST,8410,218867
SCSI RDMA PROTOCOL (SRP) INITIATOR,SCSI RDMA PROTOCOL (SRP) INITIATOR,4895,127844
SCSI RDMA PROTOCOL (SRP) INITIATOR,SCSI SUBSYSTEM,310,7020
SCSI RDMA PROTOCOL (SRP) INITIATOR,THE REST,4895,127844
SCSI RDMA PROTOCOL (SRP) TARGET,SCSI RDMA PROTOCOL (SRP) TARGET,4548,128268
SCSI RDMA PROTOCOL (SRP) TARGET,THE REST,4548,128268
SCSI SG DRIVER,SCSI SG DRIVER,3070,91153
SCSI SG DRIVER,SCSI SUBSYSTEM,2963,87396
SCSI SG DRIVER,THE REST,3070,91153
SCSI SUBSYSTEM,SCSI SUBSYSTEM,1077419,30602470
SCSI SUBSYSTEM,SCSI TAPE DRIVER,9545,253221
SCSI SUBSYSTEM,THE REST,1077419,30602470
SCSI SUBSYSTEM,UNIVERSAL FLASH STORAGE HOST CONTROLLER DRIVER,14391,398669
SCSI SUBSYSTEM,UNIVERSAL FLASH STORAGE HOST CONTROLLER DRIVER DWC HOOKS,780,21469
SCSI SUBSYSTEM,UNIVERSAL FLASH STORAGE HOST CONTROLLER DRIVER EXYNOS HOOKS,2041,58045
SCSI SUBSYSTEM,UNIVERSAL FLASH STORAGE HOST CONTROLLER DRIVER MEDIATEK HOOKS,2152,51415
SCSI SUBSYSTEM,UNIVERSAL FLASH STORAGE HOST CONTROLLER DRIVER QUALCOMM HOOKS,2217,57269
SCSI SUBSYSTEM,UNIVERSAL FLASH STORAGE HOST CONTROLLER DRIVER RENESAS HOOKS,412,11746
SCSI SUBSYSTEM,VIRTIO BLOCK AND SCSI DRIVERS,1042,27426
SCSI SUBSYSTEM,VMWARE PVSCSI DRIVER,2082,57927
SCSI SUBSYSTEM,XEN HYPERVISOR INTERFACE,1237,31128
SCSI SUBSYSTEM,XEN PVSCSI DRIVERS,1237,31128
SCSI TAPE DRIVER,SCSI TAPE DRIVER,10218,282693
SCSI TAPE DRIVER,THE REST,10218,282693
SCSI TARGET CORE USER DRIVER,SCSI TARGET CORE USER DRIVER,3986,106934
SCSI TARGET CORE USER DRIVER,SCSI TARGET SUBSYSTEM,3798,102358
SCSI TARGET CORE USER DRIVER,THE REST,3986,106934
SCSI TARGET SUBSYSTEM,SCSI TARGET SUBSYSTEM,67733,1849196
SCSI TARGET SUBSYSTEM,THE REST,67733,1849196
SCTP PROTOCOL,SCTP PROTOCOL,50818,1466125
SCTP PROTOCOL,THE REST,50818,1466125
SCx200 CPU SUPPORT,SCx200 CPU SUPPORT,1302,31348
SCx200 CPU SUPPORT,THE REST,1302,31348
SCx200 CPU SUPPORT,WATCHDOG DEVICE DRIVERS,263,6315
SCx200 CPU SUPPORT,X86 ARCHITECTURE (32-BIT AND 64-BIT),133,3335
SCx200 CPU SUPPORT,X86 PLATFORM DRIVERS - ARCH,133,3335
SCx200 GPIO DRIVER,SCx200 GPIO DRIVER,222,5609
SCx200 GPIO DRIVER,THE REST,222,5609
SCx200 HRT CLOCKSOURCE DRIVER,SCx200 HRT CLOCKSOURCE DRIVER,89,2598
SCx200 HRT CLOCKSOURCE DRIVER,THE REST,89,2598
SDRICOH_CS MMC/SD HOST CONTROLLER INTERFACE DRIVER,SDRICOH_CS MMC/SD HOST CONTROLLER INTERFACE DRIVER,528,13287
SDRICOH_CS MMC/SD HOST CONTROLLER INTERFACE DRIVER,THE REST,528,13287
SECO BOARDS CEC DRIVER,SECO BOARDS CEC DRIVER,929,21288
SECO BOARDS CEC DRIVER,THE REST,929,21288
SECURE COMPUTING,SECURE COMPUTING,9417,255943
SECURE COMPUTING,THE REST,9417,255943
SECURE DIGITAL HOST CONTROLLER INTERFACE (SDHCI) Broadcom BRCMSTB DRIVER,SECURE DIGITAL HOST CONTROLLER INTERFACE (SDHCI) Broadcom BRCMSTB DRIVER,433,11637
SECURE DIGITAL HOST CONTROLLER INTERFACE (SDHCI) Broadcom BRCMSTB DRIVER,SECURE DIGITAL HOST CONTROLLER INTERFACE (SDHCI) DRIVER,433,11637
SECURE DIGITAL HOST CONTROLLER INTERFACE (SDHCI) Broadcom BRCMSTB DRIVER,THE REST,433,11637
SECURE DIGITAL HOST CONTROLLER INTERFACE (SDHCI) DRIVER,SECURE DIGITAL HOST CONTROLLER INTERFACE (SDHCI) DRIVER,36428,1013051
SECURE DIGITAL HOST CONTROLLER INTERFACE (SDHCI) DRIVER,SECURE DIGITAL HOST CONTROLLER INTERFACE (SDHCI) MICROCHIP DRIVER,481,14031
SECURE DIGITAL HOST CONTROLLER INTERFACE (SDHCI) DRIVER,SECURE DIGITAL HOST CONTROLLER INTERFACE (SDHCI) NXP i.MX DRIVER,1995,61602
SECURE DIGITAL HOST CONTROLLER INTERFACE (SDHCI) DRIVER,SECURE DIGITAL HOST CONTROLLER INTERFACE (SDHCI) SAMSUNG DRIVER,790,20641
SECURE DIGITAL HOST CONTROLLER INTERFACE (SDHCI) DRIVER,SECURE DIGITAL HOST CONTROLLER INTERFACE (SDHCI) ST SPEAR DRIVER,192,4460
SECURE DIGITAL HOST CONTROLLER INTERFACE (SDHCI) DRIVER,SECURE DIGITAL HOST CONTROLLER INTERFACE (SDHCI) TI OMAP DRIVER,1492,39679
SECURE DIGITAL HOST CONTROLLER INTERFACE (SDHCI) DRIVER,SYNOPSYS SDHCI COMPLIANT DWC MSHC DRIVER,84,2257
SECURE DIGITAL HOST CONTROLLER INTERFACE (SDHCI) DRIVER,TEGRA ARCHITECTURE SUPPORT,1940,57783
SECURE DIGITAL HOST CONTROLLER INTERFACE (SDHCI) DRIVER,THE REST,36428,1013051
SECURE DIGITAL HOST CONTROLLER INTERFACE (SDHCI) MICROCHIP DRIVER,SECURE DIGITAL HOST CONTROLLER INTERFACE (SDHCI) MICROCHIP DRIVER,481,14031
SECURE DIGITAL HOST CONTROLLER INTERFACE (SDHCI) MICROCHIP DRIVER,THE REST,481,14031
SECURE DIGITAL HOST CONTROLLER INTERFACE (SDHCI) NXP i.MX DRIVER,SECURE DIGITAL HOST CONTROLLER INTERFACE (SDHCI) NXP i.MX DRIVER,1995,61602
SECURE DIGITAL HOST CONTROLLER INTERFACE (SDHCI) NXP i.MX DRIVER,THE REST,1995,61602
SECURE DIGITAL HOST CONTROLLER INTERFACE (SDHCI) SAMSUNG DRIVER,SECURE DIGITAL HOST CONTROLLER INTERFACE (SDHCI) SAMSUNG DRIVER,790,20641
SECURE DIGITAL HOST CONTROLLER INTERFACE (SDHCI) SAMSUNG DRIVER,THE REST,790,20641
SECURE DIGITAL HOST CONTROLLER INTERFACE (SDHCI) ST SPEAR DRIVER,SECURE DIGITAL HOST CONTROLLER INTERFACE (SDHCI) ST SPEAR DRIVER,192,4460
SECURE DIGITAL HOST CONTROLLER INTERFACE (SDHCI) ST SPEAR DRIVER,THE REST,192,4460
SECURE DIGITAL HOST CONTROLLER INTERFACE (SDHCI) TI OMAP DRIVER,SECURE DIGITAL HOST CONTROLLER INTERFACE (SDHCI) TI OMAP DRIVER,1492,39679
SECURE DIGITAL HOST CONTROLLER INTERFACE (SDHCI) TI OMAP DRIVER,THE REST,1492,39679
SECURE ENCRYPTING DEVICE (SED) OPAL DRIVER,SECURE ENCRYPTING DEVICE (SED) OPAL DRIVER,4092,96017
SECURE ENCRYPTING DEVICE (SED) OPAL DRIVER,THE REST,4092,96017
SECURE MONITOR CALL(SMC) CALLING CONVENTION (SMCCC),SECURE MONITOR CALL(SMC) CALLING CONVENTION (SMCCC),843,25467
SECURE MONITOR CALL(SMC) CALLING CONVENTION (SMCCC),THE REST,843,25467
SECURITY CONTACT,SECURITY CONTACT,93,4188
SECURITY CONTACT,THE REST,93,4188
SECURITY SUBSYSTEM,SECURITY SUBSYSTEM,84186,2258131
SECURITY SUBSYSTEM,SMACK SECURITY MODULE,9563,235690
SECURITY SUBSYSTEM,THE REST,84186,2258131
SECURITY SUBSYSTEM,TOMOYO SECURITY MODULE,12496,341379
SECURITY SUBSYSTEM,YAMA SECURITY MODULE,500,12821
SELINUX SECURITY MODULE,SELINUX SECURITY MODULE,28798,714915
SELINUX SECURITY MODULE,THE REST,28798,714915
SELINUX SECURITY MODULE,TRACING,53,1292
SENSABLE PHANTOM,SENSABLE PHANTOM,613,14970
SENSABLE PHANTOM,THE REST,613,14970
SENSEAIR SUNRISE 006-0-0007,SENSEAIR SUNRISE 006-0-0007,630,16430
SENSEAIR SUNRISE 006-0-0007,THE REST,630,16430
SENSIRION SCD30 CARBON DIOXIDE SENSOR DRIVER,SENSIRION SCD30 CARBON DIOXIDE SENSOR DRIVER,1301,31990
SENSIRION SCD30 CARBON DIOXIDE SENSOR DRIVER,THE REST,1301,31990
SENSIRION SCD4X CARBON DIOXIDE SENSOR DRIVER,SENSIRION SCD4X CARBON DIOXIDE SENSOR DRIVER,812,18154
SENSIRION SCD4X CARBON DIOXIDE SENSOR DRIVER,THE REST,812,18154
SENSIRION SGP40 GAS SENSOR DRIVER,SENSIRION SGP40 GAS SENSOR DRIVER,409,10432
SENSIRION SGP40 GAS SENSOR DRIVER,THE REST,409,10432
SENSIRION SPS30 AIR POLLUTION SENSOR DRIVER,SENSIRION SPS30 AIR POLLUTION SENSOR DRIVER,1116,26763
SENSIRION SPS30 AIR POLLUTION SENSOR DRIVER,THE REST,1116,26763
SERIAL DEVICE BUS,SERIAL DEVICE BUS,1743,45200
SERIAL DEVICE BUS,THE REST,1743,45200
SERIAL DEVICE BUS,TTY LAYER AND SERIAL DRIVERS,1399,34957
SERIAL IR RECEIVER,SERIAL IR RECEIVER,844,20637
SERIAL IR RECEIVER,THE REST,844,20637
SERIAL LOW-POWER INTER-CHIP MEDIA BUS (SLIMbus),SERIAL LOW-POWER INTER-CHIP MEDIA BUS (SLIMbus),5037,133746
SERIAL LOW-POWER INTER-CHIP MEDIA BUS (SLIMbus),THE REST,5037,133746
SFC NETWORK DRIVER,SFC NETWORK DRIVER,143755,5321025
SFC NETWORK DRIVER,THE REST,143755,5321025
SFCTEMP HWMON DRIVER,SFCTEMP HWMON DRIVER,434,10157
SFCTEMP HWMON DRIVER,THE REST,434,10157
SFF/SFP/SFP+ MODULE SUPPORT,SFF/SFP/SFP+ MODULE SUPPORT,9347,260188
SFF/SFP/SFP+ MODULE SUPPORT,THE REST,9347,260188
SGI GRU DRIVER,SGI GRU DRIVER,7048,191212
SGI GRU DRIVER,THE REST,7048,191212
SGI XP/XPC/XPNET DRIVER,SGI XP/XPC/XPNET DRIVER,6839,194436
SGI XP/XPC/XPNET DRIVER,THE REST,6839,194436
SHARED MEMORY COMMUNICATIONS (SMC) SOCKETS,SHARED MEMORY COMMUNICATIONS (SMC) SOCKETS,19691,540953
SHARED MEMORY COMMUNICATIONS (SMC) SOCKETS,THE REST,19691,540953
SHARP GP2AP002A00F/GP2AP002S00F SENSOR DRIVER,SHARP GP2AP002A00F/GP2AP002S00F SENSOR DRIVER,808,23086
SHARP GP2AP002A00F/GP2AP002S00F SENSOR DRIVER,THE REST,808,23086
SHARP RJ54N1CB0C SENSOR DRIVER,SHARP RJ54N1CB0C SENSOR DRIVER,1449,36195
SHARP RJ54N1CB0C SENSOR DRIVER,THE REST,1449,36195
SH_VOU V4L2 OUTPUT DRIVER,SH_VOU V4L2 OUTPUT DRIVER,1404,38135
SH_VOU V4L2 OUTPUT DRIVER,THE REST,1404,38135
SI2157 MEDIA DRIVER,SI2157 MEDIA DRIVER,1154,29071
SI2157 MEDIA DRIVER,THE REST,1154,29071
SI2165 MEDIA DRIVER,SI2165 MEDIA DRIVER,1459,33821
SI2165 MEDIA DRIVER,THE REST,1459,33821
SI2168 MEDIA DRIVER,SI2168 MEDIA DRIVER,918,22224
SI2168 MEDIA DRIVER,THE REST,918,22224
SI470X FM RADIO RECEIVER I2C DRIVER,SI470X FM RADIO RECEIVER I2C DRIVER,593,14903
SI470X FM RADIO RECEIVER I2C DRIVER,THE REST,593,14903
SI470X FM RADIO RECEIVER USB DRIVER,SI470X FM RADIO RECEIVER USB DRIVER,1867,54012
SI470X FM RADIO RECEIVER USB DRIVER,THE REST,1867,54012
SI4713 FM RADIO TRANSMITTER I2C DRIVER,SI4713 FM RADIO TRANSMITTER I2C DRIVER,1919,50027
SI4713 FM RADIO TRANSMITTER I2C DRIVER,THE REST,1919,50027
SI4713 FM RADIO TRANSMITTER PLATFORM DRIVER,SI4713 FM RADIO TRANSMITTER PLATFORM DRIVER,211,6312
SI4713 FM RADIO TRANSMITTER PLATFORM DRIVER,THE REST,211,6312
SI4713 FM RADIO TRANSMITTER USB DRIVER,SI4713 FM RADIO TRANSMITTER USB DRIVER,522,14963
SI4713 FM RADIO TRANSMITTER USB DRIVER,THE REST,522,14963
SIANO DVB DRIVER,SIANO DVB DRIVER,7097,219438
SIANO DVB DRIVER,THE REST,7097,219438
SIEMENS IPC LED DRIVERS,SIEMENS IPC LED DRIVERS,508,15302
SIEMENS IPC LED DRIVERS,THE REST,508,15302
SIEMENS IPC PLATFORM DRIVERS,SIEMENS IPC PLATFORM DRIVERS,883,25040
SIEMENS IPC PLATFORM DRIVERS,THE REST,883,25040
SIEMENS IPC PLATFORM DRIVERS,X86 PLATFORM DRIVERS,883,25040
SIEMENS IPC WATCHDOG DRIVERS,SIEMENS IPC WATCHDOG DRIVERS,232,6118
SIEMENS IPC WATCHDOG DRIVERS,THE REST,232,6118
SIEMENS IPC WATCHDOG DRIVERS,WATCHDOG DEVICE DRIVERS,232,6118
SIFIVE DRIVERS,SIFIVE DRIVERS,7069,189465
SIFIVE DRIVERS,SIFIVE FU540 SYSTEM-ON-CHIP,563,14544
SIFIVE DRIVERS,SIFIVE PDMA DRIVER,74,1778
SIFIVE DRIVERS,SIFIVE SOC DRIVERS,455,11354
SIFIVE DRIVERS,SPI SUBSYSTEM,572,16180
SIFIVE DRIVERS,THE REST,7069,189465
SIFIVE DRIVERS,TTY LAYER AND SERIAL DRIVERS,1152,31455
SIFIVE FU540 SYSTEM-ON-CHIP,SIFIVE FU540 SYSTEM-ON-CHIP,563,14544
SIFIVE FU540 SYSTEM-ON-CHIP,SIFIVE PDMA DRIVER,74,1778
SIFIVE FU540 SYSTEM-ON-CHIP,THE REST,563,14544
SIFIVE PDMA DRIVER,SIFIVE PDMA DRIVER,824,20428
SIFIVE PDMA DRIVER,THE REST,824,20428
SIFIVE SOC DRIVERS,SIFIVE SOC DRIVERS,455,11354
SIFIVE SOC DRIVERS,THE REST,455,11354
SILEAD TOUCHSCREEN DRIVER,SILEAD TOUCHSCREEN DRIVER,2687,81227
SILEAD TOUCHSCREEN DRIVER,THE REST,2687,81227
SILEAD TOUCHSCREEN DRIVER,X86 PLATFORM DRIVERS,1847,58817
SILICON LABS WIRELESS DRIVERS (for WFxxx series),SILICON LABS WIRELESS DRIVERS (for WFxxx series),8340,240995
SILICON LABS WIRELESS DRIVERS (for WFxxx series),THE REST,8340,240995
SILICON MOTION SM712 FRAME BUFFER DRIVER,SILICON MOTION SM712 FRAME BUFFER DRIVER,1927,53132
SILICON MOTION SM712 FRAME BUFFER DRIVER,THE REST,1927,53132
SILVACO I3C DUAL-ROLE MASTER,SILVACO I3C DUAL-ROLE MASTER,1733,46154
SILVACO I3C DUAL-ROLE MASTER,THE REST,1733,46154
SIMPLEFB FB DRIVER,SIMPLEFB FB DRIVER,840,23862
SIMPLEFB FB DRIVER,THE REST,840,23862
SIMTEC EB110ATX (Chalice CATS),SIMTEC EB110ATX (Chalice CATS),0,0
SIOX,SIOX,1515,36465
SIOX,THE REST,1515,36465
SIOX,TRACING,66,2041
SIPHASH PRF ROUTINES,SIPHASH PRF ROUTINES,903,25000
SIPHASH PRF ROUTINES,THE REST,903,25000
SIS 190 ETHERNET DRIVER,SIS 190 ETHERNET DRIVER,1948,47206
SIS 190 ETHERNET DRIVER,THE REST,1948,47206
SIS 900/7016 FAST ETHERNET DRIVER,SIS 900/7016 FAST ETHERNET DRIVER,2916,86574
SIS 900/7016 FAST ETHERNET DRIVER,THE REST,2916,86574
SIS FRAMEBUFFER DRIVER,SIS FRAMEBUFFER DRIVER,31086,988262
SIS FRAMEBUFFER DRIVER,THE REST,31086,988262
SIS I2C TOUCHSCREEN DRIVER,SIS I2C TOUCHSCREEN DRIVER,426,10856
SIS I2C TOUCHSCREEN DRIVER,THE REST,426,10856
SIS USB2VGA DRIVER,SIS USB2VGA DRIVER,4117,117698
SIS USB2VGA DRIVER,THE REST,4117,117698
SIS USB2VGA DRIVER,USB SUBSYSTEM,4117,117698
SL28 CPLD MFD DRIVER,SL28 CPLD MFD DRIVER,1240,32158
SL28 CPLD MFD DRIVER,THE REST,1240,32158
SL28 CPLD MFD DRIVER,WATCHDOG DEVICE DRIVERS,264,6538
SL28 VPD NVMEM LAYOUT DRIVER,SL28 VPD NVMEM LAYOUT DRIVER,217,4845
SL28 VPD NVMEM LAYOUT DRIVER,THE REST,217,4845
SLAB ALLOCATOR,SLAB ALLOCATOR,14083,368176
SLAB ALLOCATOR,THE REST,14083,368176
SLCAN CAN NETWORK DRIVER,SLCAN CAN NETWORK DRIVER,1027,26400
SLCAN CAN NETWORK DRIVER,THE REST,1027,26400
SLEEPABLE READ-COPY UPDATE (SRCU),SLEEPABLE READ-COPY UPDATE (SRCU),2907,99437
SLEEPABLE READ-COPY UPDATE (SRCU),THE REST,2907,99437
SMACK SECURITY MODULE,SMACK SECURITY MODULE,10424,268675
SMACK SECURITY MODULE,THE REST,10424,268675
SMC91x ETHERNET DRIVER,SMC91x ETHERNET DRIVER,3599,97999
SMC91x ETHERNET DRIVER,THE REST,3599,97999
SMSC EMC2103 HARDWARE MONITOR DRIVER,SMSC EMC2103 HARDWARE MONITOR DRIVER,703,20048
SMSC EMC2103 HARDWARE MONITOR DRIVER,THE REST,703,20048
SMSC SCH5627 HARDWARE MONITOR DRIVER,SMSC SCH5627 HARDWARE MONITOR DRIVER,576,14917
SMSC SCH5627 HARDWARE MONITOR DRIVER,THE REST,576,14917
SMSC UFX6000 and UFX7000 USB to VGA DRIVER,SMSC UFX6000 and UFX7000 USB to VGA DRIVER,1988,54798
SMSC UFX6000 and UFX7000 USB to VGA DRIVER,THE REST,1988,54798
SMSC47B397 HARDWARE MONITOR DRIVER,SMSC47B397 HARDWARE MONITOR DRIVER,567,13613
SMSC47B397 HARDWARE MONITOR DRIVER,THE REST,567,13613
SMSC911x ETHERNET DRIVER,SMSC911x ETHERNET DRIVER,3156,84915
SMSC911x ETHERNET DRIVER,THE REST,3156,84915
SMSC9420 PCI ETHERNET DRIVER,SMSC9420 PCI ETHERNET DRIVER,1935,50336
SMSC9420 PCI ETHERNET DRIVER,THE REST,1935,50336
SNET DPU VIRTIO DATA PATH ACCELERATOR,SNET DPU VIRTIO DATA PATH ACCELERATOR,1872,46646
SNET DPU VIRTIO DATA PATH ACCELERATOR,THE REST,1872,46646
SNET DPU VIRTIO DATA PATH ACCELERATOR,VIRTIO CORE AND NET DRIVERS,1872,46646
SOCIONEXT (SNI) AVE NETWORK DRIVER,SOCIONEXT (SNI) AVE NETWORK DRIVER,2128,52847
SOCIONEXT (SNI) AVE NETWORK DRIVER,THE REST,2128,52847
SOCIONEXT (SNI) NETSEC NETWORK DRIVER,SOCIONEXT (SNI) NETSEC NETWORK DRIVER,2300,59760
SOCIONEXT (SNI) NETSEC NETWORK DRIVER,THE REST,2300,59760
SOCIONEXT (SNI) Synquacer SPI DRIVER,SOCIONEXT (SNI) Synquacer SPI DRIVER,901,24003
SOCIONEXT (SNI) Synquacer SPI DRIVER,SPI SUBSYSTEM,901,24003
SOCIONEXT (SNI) Synquacer SPI DRIVER,THE REST,901,24003
SOCIONEXT SYNQUACER I2C DRIVER,SOCIONEXT SYNQUACER I2C DRIVER,707,18886
SOCIONEXT SYNQUACER I2C DRIVER,THE REST,707,18886
SOCIONEXT UNIPHIER SOUND DRIVER,SOCIONEXT UNIPHIER SOUND DRIVER,4882,138628
SOCIONEXT UNIPHIER SOUND DRIVER,SOUND,4882,138628
SOCIONEXT UNIPHIER SOUND DRIVER,SOUND - SOC LAYER / DYNAMIC AUDIO POWER MANAGEMENT (ASoC),4882,138628
SOCIONEXT UNIPHIER SOUND DRIVER,THE REST,4882,138628
SOCKET TIMESTAMPING,SOCKET TIMESTAMPING,1521,55434
SOCKET TIMESTAMPING,THE REST,1521,55434
SOEKRIS NET48XX LED SUPPORT,SOEKRIS NET48XX LED SUPPORT,86,1872
SOEKRIS NET48XX LED SUPPORT,THE REST,86,1872
SOFT-IWARP DRIVER (siw),SOFT-IWARP DRIVER (siw),10763,262797
SOFT-IWARP DRIVER (siw),THE REST,10763,262797
SOFT-ROCE DRIVER (rxe),SOFT-ROCE DRIVER (rxe),14139,340750
SOFT-ROCE DRIVER (rxe),THE REST,14139,340750
SOFTLOGIC 6x10 MPEG CODEC,SOFTLOGIC 6x10 MPEG CODEC,7012,196065
SOFTLOGIC 6x10 MPEG CODEC,THE REST,7012,196065
SOFTWARE DELEGATED EXCEPTION INTERFACE (SDEI),SOFTWARE DELEGATED EXCEPTION INTERFACE (SDEI),1317,31405
SOFTWARE DELEGATED EXCEPTION INTERFACE (SDEI),THE REST,1317,31405
SOFTWARE NODES AND DEVICE PROPERTIES,SOFTWARE NODES AND DEVICE PROPERTIES,3268,98425
SOFTWARE NODES AND DEVICE PROPERTIES,THE REST,3268,98425
SOFTWARE RAID (Multiple Disks) SUPPORT,SOFTWARE RAID (Multiple Disks) SUPPORT,43704,1232927
SOFTWARE RAID (Multiple Disks) SUPPORT,THE REST,43704,1232927
SOLIDRUN CLEARFOG SUPPORT,SOLIDRUN CLEARFOG SUPPORT,629,12044
SOLIDRUN CLEARFOG SUPPORT,THE REST,629,12044
SOLIDRUN CUBOX-I/HUMMINGBOARD SUPPORT,SOLIDRUN CUBOX-I/HUMMINGBOARD SUPPORT,2848,93046
SOLIDRUN CUBOX-I/HUMMINGBOARD SUPPORT,THE REST,2848,93046
SONIC NETWORK DRIVER,SONIC NETWORK DRIVER,1328,39066
SONIC NETWORK DRIVER,THE REST,1328,39066
SONICS SILICON BACKPLANE DRIVER (SSB),SONICS SILICON BACKPLANE DRIVER (SSB),12213,352148
SONICS SILICON BACKPLANE DRIVER (SSB),THE REST,12213,352148
SONY IMX208 SENSOR DRIVER,SONY IMX208 SENSOR DRIVER,1114,27571
SONY IMX208 SENSOR DRIVER,THE REST,1114,27571
SONY IMX208 SENSOR DRIVER,V4L2 CAMERA SENSOR DRIVERS,1114,27571
SONY IMX214 SENSOR DRIVER,SONY IMX214 SENSOR DRIVER,1248,26669
SONY IMX214 SENSOR DRIVER,THE REST,1248,26669
SONY IMX214 SENSOR DRIVER,V4L2 CAMERA SENSOR DRIVERS,1123,23856
SONY IMX219 SENSOR DRIVER,SONY IMX219 SENSOR DRIVER,1598,41202
SONY IMX219 SENSOR DRIVER,THE REST,1598,41202
SONY IMX219 SENSOR DRIVER,V4L2 CAMERA SENSOR DRIVERS,1489,38510
SONY IMX258 SENSOR DRIVER,SONY IMX258 SENSOR DRIVER,1542,35619
SONY IMX258 SENSOR DRIVER,THE REST,1542,35619
SONY IMX258 SENSOR DRIVER,V4L2 CAMERA SENSOR DRIVERS,1408,32596
SONY IMX274 SENSOR DRIVER,SONY IMX274 SENSOR DRIVER,2252,55481
SONY IMX274 SENSOR DRIVER,THE REST,2252,55481
SONY IMX274 SENSOR DRIVER,V4L2 CAMERA SENSOR DRIVERS,2180,54030
SONY IMX290 SENSOR DRIVER,SONY IMX290 SENSOR DRIVER,1808,48747
SONY IMX290 SENSOR DRIVER,THE REST,1808,48747
SONY IMX290 SENSOR DRIVER,V4L2 CAMERA SENSOR DRIVERS,1668,45352
SONY IMX296 SENSOR DRIVER,SONY IMX296 SENSOR DRIVER,1271,36857
SONY IMX296 SENSOR DRIVER,THE REST,1271,36857
SONY IMX296 SENSOR DRIVER,V4L2 CAMERA SENSOR DRIVERS,1165,34160
SONY IMX319 SENSOR DRIVER,SONY IMX319 SENSOR DRIVER,2572,55442
SONY IMX319 SENSOR DRIVER,THE REST,2572,55442
SONY IMX319 SENSOR DRIVER,V4L2 CAMERA SENSOR DRIVERS,2572,55442
SONY IMX334 SENSOR DRIVER,SONY IMX334 SENSOR DRIVER,1521,35014
SONY IMX334 SENSOR DRIVER,THE REST,1521,35014
SONY IMX334 SENSOR DRIVER,V4L2 CAMERA SENSOR DRIVERS,1431,32879
SONY IMX335 SENSOR DRIVER,SONY IMX335 SENSOR DRIVER,1218,28949
SONY IMX335 SENSOR DRIVER,THE REST,1218,28949
SONY IMX335 SENSOR DRIVER,V4L2 CAMERA SENSOR DRIVERS,1127,26808
SONY IMX355 SENSOR DRIVER,SONY IMX355 SENSOR DRIVER,1858,41570
SONY IMX355 SENSOR DRIVER,THE REST,1858,41570
SONY IMX355 SENSOR DRIVER,V4L2 CAMERA SENSOR DRIVERS,1858,41570
SONY IMX412 SENSOR DRIVER,SONY IMX412 SENSOR DRIVER,1410,32707
SONY IMX412 SENSOR DRIVER,THE REST,1410,32707
SONY IMX412 SENSOR DRIVER,V4L2 CAMERA SENSOR DRIVERS,1308,30375
SONY IMX415 SENSOR DRIVER,SONY IMX415 SENSOR DRIVER,1423,38548
SONY IMX415 SENSOR DRIVER,THE REST,1423,38548
SONY IMX415 SENSOR DRIVER,V4L2 CAMERA SENSOR DRIVERS,1300,35713
SONY MEMORYSTICK SUBSYSTEM,SONY MEMORYSTICK SUBSYSTEM,9492,241417
SONY MEMORYSTICK SUBSYSTEM,THE REST,9492,241417
SONY MEMORYSTICK SUBSYSTEM,TI FLASH MEDIA MEMORYSTICK/MMC DRIVERS,683,16813
SONY VAIO CONTROL DEVICE DRIVER,SONY VAIO CONTROL DEVICE DRIVER,6670,170881
SONY VAIO CONTROL DEVICE DRIVER,THE REST,6670,170881
SONY VAIO CONTROL DEVICE DRIVER,X86 PLATFORM DRIVERS,4909,121993
SOUND,SOUND,1567528,47015004
SOUND,SOUND - ALSA SELFTESTS,2746,72050
SOUND,SOUND - COMPRESSED AUDIO,3040,94471
SOUND,SOUND - DMAENGINE HELPERS,1147,35159
SOUND,SOUND - SOC LAYER / DYNAMIC AUDIO POWER MANAGEMENT (ASoC),963280,29573487
SOUND,SOUND - SOUND OPEN FIRMWARE (SOF) DRIVERS,50061,1431948
SOUND,STARFIVE JH7110 TDM DRIVER,669,15945
SOUND,STI AUDIO (ASoC) DRIVERS,3528,107670
SOUND,STM32 AUDIO (ASoC) DRIVERS,5021,135511
SOUND,TEGRA ARCHITECTURE SUPPORT,22182,647469
SOUND,TEMPO SEMICONDUCTOR DRIVERS,10022,334223
SOUND,TEXAS INSTRUMENTS ASoC DRIVERS,11958,323898
SOUND,TEXAS INSTRUMENTS AUDIO (ASoC/HDA) DRIVERS,28600,819114
SOUND,THE REST,1567528,47015004
SOUND,TI LM49xxx FAMILY ASoC CODEC DRIVERS,3131,109157
SOUND,TI PCM3060 ASoC CODEC DRIVER,561,13432
SOUND,TI TAS571X FAMILY ASoC CODEC DRIVER,1093,31560
SOUND,TI TWL4030 SERIES SOC CODEC DRIVER,2222,69417
SOUND,USB MIDI DRIVER,3943,111214
SOUND,VIRTIO SOUND DRIVER,2927,78677
SOUND,VIRTUAL PCM TEST DRIVER,1217,36043
SOUND,WOLFSON MICROELECTRONICS DRIVERS,115101,4272814
SOUND,XEN SOUND FRONTEND DRIVER,2445,61767
SOUND,XTENSA XTFPGA PLATFORM SUPPORT,650,17518
SOUND - ALSA SELFTESTS,SOUND - ALSA SELFTESTS,2746,72050
SOUND - ALSA SELFTESTS,THE REST,2746,72050
SOUND - ALSA SELFTESTS,VIRTUAL PCM TEST DRIVER,330,9528
SOUND - COMPRESSED AUDIO,SOUND - COMPRESSED AUDIO,3040,94471
SOUND - COMPRESSED AUDIO,SOUND - SOC LAYER / DYNAMIC AUDIO POWER MANAGEMENT (ASoC),665,17794
SOUND - COMPRESSED AUDIO,THE REST,3040,94471
SOUND - DMAENGINE HELPERS,SOUND - DMAENGINE HELPERS,1147,35159
SOUND - DMAENGINE HELPERS,SOUND - SOC LAYER / DYNAMIC AUDIO POWER MANAGEMENT (ASoC),494,14049
SOUND - DMAENGINE HELPERS,THE REST,1147,35159
SOUND - SOC LAYER / DYNAMIC AUDIO POWER MANAGEMENT (ASoC),SOUND - SOC LAYER / DYNAMIC AUDIO POWER MANAGEMENT (ASoC),995882,30399139
SOUND - SOC LAYER / DYNAMIC AUDIO POWER MANAGEMENT (ASoC),SOUND - SOUND OPEN FIRMWARE (SOF) DRIVERS,50061,1431948
SOUND - SOC LAYER / DYNAMIC AUDIO POWER MANAGEMENT (ASoC),STARFIVE JH7110 TDM DRIVER,767,18135
SOUND - SOC LAYER / DYNAMIC AUDIO POWER MANAGEMENT (ASoC),STI AUDIO (ASoC) DRIVERS,3692,112316
SOUND - SOC LAYER / DYNAMIC AUDIO POWER MANAGEMENT (ASoC),STM32 AUDIO (ASoC) DRIVERS,5408,144783
SOUND - SOC LAYER / DYNAMIC AUDIO POWER MANAGEMENT (ASoC),TEGRA ARCHITECTURE SUPPORT,24458,706294
SOUND - SOC LAYER / DYNAMIC AUDIO POWER MANAGEMENT (ASoC),TEMPO SEMICONDUCTOR DRIVERS,10067,335110
SOUND - SOC LAYER / DYNAMIC AUDIO POWER MANAGEMENT (ASoC),TEXAS INSTRUMENTS ASoC DRIVERS,12160,328280
SOUND - SOC LAYER / DYNAMIC AUDIO POWER MANAGEMENT (ASoC),TEXAS INSTRUMENTS AUDIO (ASoC/HDA) DRIVERS,28409,814312
SOUND - SOC LAYER / DYNAMIC AUDIO POWER MANAGEMENT (ASoC),THE REST,995882,30399139
SOUND - SOC LAYER / DYNAMIC AUDIO POWER MANAGEMENT (ASoC),TI LM49xxx FAMILY ASoC CODEC DRIVERS,3131,109157
SOUND - SOC LAYER / DYNAMIC AUDIO POWER MANAGEMENT (ASoC),TI PCM3060 ASoC CODEC DRIVER,584,13904
SOUND - SOC LAYER / DYNAMIC AUDIO POWER MANAGEMENT (ASoC),TI TAS571X FAMILY ASoC CODEC DRIVER,1093,31560
SOUND - SOC LAYER / DYNAMIC AUDIO POWER MANAGEMENT (ASoC),TI TWL4030 SERIES SOC CODEC DRIVER,2222,69417
SOUND - SOC LAYER / DYNAMIC AUDIO POWER MANAGEMENT (ASoC),WOLFSON MICROELECTRONICS DRIVERS,115749,4272035
SOUND - SOC LAYER / DYNAMIC AUDIO POWER MANAGEMENT (ASoC),XTENSA XTFPGA PLATFORM SUPPORT,650,17518
SOUND - SOUND OPEN FIRMWARE (SOF) DRIVERS,SOUND - SOUND OPEN FIRMWARE (SOF) DRIVERS,50061,1431948
SOUND - SOUND OPEN FIRMWARE (SOF) DRIVERS,THE REST,50061,1431948
SOUNDWIRE SUBSYSTEM,SOUNDWIRE SUBSYSTEM,18922,527230
SOUNDWIRE SUBSYSTEM,THE REST,18922,527230
SP2 MEDIA DRIVER,SP2 MEDIA DRIVER,512,11041
SP2 MEDIA DRIVER,THE REST,512,11041
SPANISH DOCUMENTATION,SPANISH DOCUMENTATION,8347,353232
SPANISH DOCUMENTATION,THE REST,8347,353232
SPARC + UltraSPARC (sparc/sparc64),SPARC + UltraSPARC (sparc/sparc64),136631,3591653
SPARC + UltraSPARC (sparc/sparc64),STATIC BRANCH/CALL,99,2098
SPARC + UltraSPARC (sparc/sparc64),THE REST,136631,3591653
SPARC SERIAL DRIVERS,SPARC SERIAL DRIVERS,7059,171854
SPARC SERIAL DRIVERS,THE REST,7059,171854
SPARC SERIAL DRIVERS,TTY LAYER AND SERIAL DRIVERS,7021,170752
SPARSE CHECKER,SPARSE CHECKER,248,7843
SPARSE CHECKER,THE REST,248,7843
SPEAKUP CONSOLE SPEECH DRIVER,SPEAKUP CONSOLE SPEECH DRIVER,12338,341795
SPEAKUP CONSOLE SPEECH DRIVER,THE REST,12338,341795
SPEAR PLATFORM/CLOCK/PINCTRL SUPPORT,SPEAR PLATFORM/CLOCK/PINCTRL SUPPORT,21683,573866
SPEAR PLATFORM/CLOCK/PINCTRL SUPPORT,THE REST,21683,573866
SPI NOR SUBSYSTEM,SPI NOR SUBSYSTEM,12037,345873
SPI NOR SUBSYSTEM,THE REST,12037,345873
SPI SUBSYSTEM,SPI SUBSYSTEM,123591,3303054
SPI SUBSYSTEM,ST STM32 SPI DRIVER,2094,60099
SPI SUBSYSTEM,SUNPLUS SPI CONTROLLER INTERFACE DRIVER,655,19018
SPI SUBSYSTEM,SYNOPSYS DESIGNWARE APB SSI DRIVER,3256,86167
SPI SUBSYSTEM,TEGRA ARCHITECTURE SUPPORT,5495,148310
SPI SUBSYSTEM,TEGRA QUAD SPI DRIVER,1734,47451
SPI SUBSYSTEM,TEGRA SPI DRIVER,5094,139674
SPI SUBSYSTEM,THE REST,123591,3303054
SPI SUBSYSTEM,XTENSA XTFPGA PLATFORM SUPPORT,151,3757
SPIDERNET NETWORK DRIVER for CELL,SPIDERNET NETWORK DRIVER for CELL,3406,99393
SPIDERNET NETWORK DRIVER for CELL,THE REST,3406,99393
SPMI SUBSYSTEM,SPMI SUBSYSTEM,3978,105696
SPMI SUBSYSTEM,THE REST,3978,105696
SPMI SUBSYSTEM,TRACING,136,3320
SPU FILE SYSTEM,SPU FILE SYSTEM,11983,288160
SPU FILE SYSTEM,THE REST,11983,288160
SQUASHFS FILE SYSTEM,SQUASHFS FILE SYSTEM,6898,182076
SQUASHFS FILE SYSTEM,THE REST,6898,182076
SQUASHFS FILE SYSTEM,ZSTD,154,3260
SRM (Alpha) environment access,SRM (Alpha) environment access,218,5156
SRM (Alpha) environment access,THE REST,218,5156
ST LSM6DSx IMU IIO DRIVER,ST LSM6DSx IMU IIO DRIVER,5711,138559
ST LSM6DSx IMU IIO DRIVER,THE REST,5711,138559
ST MIPID02 CSI-2 TO PARALLEL BRIDGE DRIVER,ST MIPID02 CSI-2 TO PARALLEL BRIDGE DRIVER,1297,33420
ST MIPID02 CSI-2 TO PARALLEL BRIDGE DRIVER,THE REST,1297,33420
ST STM32 I2C/SMBUS DRIVER,ST STM32 I2C/SMBUS DRIVER,3599,96684
ST STM32 I2C/SMBUS DRIVER,THE REST,3599,96684
ST STM32 SPI DRIVER,ST STM32 SPI DRIVER,2094,60099
ST STM32 SPI DRIVER,THE REST,2094,60099
ST STPDDC60 DRIVER,ST STPDDC60 DRIVER,339,8714
ST STPDDC60 DRIVER,THE REST,339,8714
ST VGXY61 DRIVER,ST VGXY61 DRIVER,2102,58936
ST VGXY61 DRIVER,THE REST,2102,58936
ST VGXY61 DRIVER,V4L2 CAMERA SENSOR DRIVERS,1964,55379
ST VL53L0X ToF RANGER(I2C) IIO DRIVER,ST VL53L0X ToF RANGER(I2C) IIO DRIVER,351,8342
ST VL53L0X ToF RANGER(I2C) IIO DRIVER,THE REST,351,8342
STABLE BRANCH,STABLE BRANCH,235,8713
STABLE BRANCH,THE REST,235,8713
STAGING - ATOMISP DRIVER,STAGING - ATOMISP DRIVER,118282,3646657
STAGING - ATOMISP DRIVER,STAGING SUBSYSTEM,118282,3646657
STAGING - ATOMISP DRIVER,THE REST,118282,3646657
STAGING - FIELDBUS SUBSYSTEM,STAGING - FIELDBUS SUBSYSTEM,719,21178
STAGING - FIELDBUS SUBSYSTEM,STAGING SUBSYSTEM,719,21178
STAGING - FIELDBUS SUBSYSTEM,THE REST,719,21178
STAGING - HMS ANYBUS-S BUS,STAGING - HMS ANYBUS-S BUS,2249,58933
STAGING - HMS ANYBUS-S BUS,STAGING SUBSYSTEM,2249,58933
STAGING - HMS ANYBUS-S BUS,THE REST,2249,58933
STAGING - INDUSTRIAL IO,STAGING - INDUSTRIAL IO,6843,179167
STAGING - INDUSTRIAL IO,STAGING SUBSYSTEM,6819,178433
STAGING - INDUSTRIAL IO,THE REST,6843,179167
STAGING - NVIDIA COMPLIANT EMBEDDED CONTROLLER INTERFACE (nvec),STAGING - NVIDIA COMPLIANT EMBEDDED CONTROLLER INTERFACE (nvec),2403,58374
STAGING - NVIDIA COMPLIANT EMBEDDED CONTROLLER INTERFACE (nvec),STAGING SUBSYSTEM,2403,58374
STAGING - NVIDIA COMPLIANT EMBEDDED CONTROLLER INTERFACE (nvec),THE REST,2403,58374
STAGING - OLPC SECONDARY DISPLAY CONTROLLER (DCON),STAGING - OLPC SECONDARY DISPLAY CONTROLLER (DCON),1361,34885
STAGING - OLPC SECONDARY DISPLAY CONTROLLER (DCON),STAGING SUBSYSTEM,1361,34885
STAGING - OLPC SECONDARY DISPLAY CONTROLLER (DCON),THE REST,1361,34885
STAGING - REALTEK RTL8712U DRIVERS,STAGING - REALTEK RTL8712U DRIVERS,27658,812029
STAGING - REALTEK RTL8712U DRIVERS,STAGING SUBSYSTEM,27658,812029
STAGING - REALTEK RTL8712U DRIVERS,THE REST,27658,812029
STAGING - SEPS525 LCD CONTROLLER DRIVERS,STAGING - SEPS525 LCD CONTROLLER DRIVERS,354,10822
STAGING - SEPS525 LCD CONTROLLER DRIVERS,STAGING SUBSYSTEM,213,6449
STAGING - SEPS525 LCD CONTROLLER DRIVERS,THE REST,354,10822
STAGING - SILICON MOTION SM750 FRAME BUFFER DRIVER,STAGING - SILICON MOTION SM750 FRAME BUFFER DRIVER,7129,233953
STAGING - SILICON MOTION SM750 FRAME BUFFER DRIVER,STAGING SUBSYSTEM,7129,233953
STAGING - SILICON MOTION SM750 FRAME BUFFER DRIVER,THE REST,7129,233953
STAGING - VIA VT665X DRIVERS,STAGING - VIA VT665X DRIVERS,16164,398664
STAGING - VIA VT665X DRIVERS,STAGING SUBSYSTEM,16164,398664
STAGING - VIA VT665X DRIVERS,THE REST,16164,398664
STAGING SUBSYSTEM,STAGING SUBSYSTEM,537370,15241612
STAGING SUBSYSTEM,TEGRA ARCHITECTURE SUPPORT,5794,163275
STAGING SUBSYSTEM,TEGRA VIDEO DRIVER,5794,163275
STAGING SUBSYSTEM,THE REST,537370,15241612
STAGING SUBSYSTEM,VME SUBSYSTEM,8596,242905
STANDALONE CACHE CONTROLLER DRIVERS,STANDALONE CACHE CONTROLLER DRIVERS,227,6214
STANDALONE CACHE CONTROLLER DRIVERS,THE REST,227,6214
STARFIRE/DURALAN NETWORK DRIVER,STARFIRE/DURALAN NETWORK DRIVER,2074,62992
STARFIRE/DURALAN NETWORK DRIVER,THE REST,2074,62992
STARFIVE CRYPTO DRIVER,STARFIVE CRYPTO DRIVER,3171,84058
STARFIVE CRYPTO DRIVER,THE REST,3171,84058
STARFIVE DEVICETREES,STARFIVE DEVICETREES,2455,61244
STARFIVE DEVICETREES,THE REST,2455,61244
STARFIVE DWMAC GLUE LAYER,STARFIVE DWMAC GLUE LAYER,317,8011
STARFIVE DWMAC GLUE LAYER,STMMAC ETHERNET DRIVER,173,4554
STARFIVE DWMAC GLUE LAYER,THE REST,317,8011
STARFIVE JH7110 DPHY RX DRIVER,STARFIVE JH7110 DPHY RX DRIVER,303,7754
STARFIVE JH7110 DPHY RX DRIVER,THE REST,303,7754
STARFIVE JH7110 MMC/SD/SDIO DRIVER,STARFIVE JH7110 MMC/SD/SDIO DRIVER,263,6567
STARFIVE JH7110 MMC/SD/SDIO DRIVER,SYNOPSYS DESIGNWARE MMC/SD/SDIO DRIVER,186,4580
STARFIVE JH7110 MMC/SD/SDIO DRIVER,THE REST,263,6567
STARFIVE JH7110 PLL CLOCK DRIVER,STARFIVE JH7110 PLL CLOCK DRIVER,553,14935
STARFIVE JH7110 PLL CLOCK DRIVER,STARFIVE JH71X0 CLOCK DRIVERS,553,14935
STARFIVE JH7110 PLL CLOCK DRIVER,THE REST,553,14935
STARFIVE JH7110 SYSCON,STARFIVE JH7110 SYSCON,93,2057
STARFIVE JH7110 SYSCON,STARFIVE SOC DRIVERS,93,2057
STARFIVE JH7110 SYSCON,THE REST,93,2057
STARFIVE JH7110 TDM DRIVER,STARFIVE JH7110 TDM DRIVER,767,18135
STARFIVE JH7110 TDM DRIVER,THE REST,767,18135
STARFIVE JH71X0 CLOCK DRIVERS,STARFIVE JH71X0 CLOCK DRIVERS,4016,136946
STARFIVE JH71X0 CLOCK DRIVERS,THE REST,4016,136946
STARFIVE JH71X0 PCIE AND USB PHY DRIVER,STARFIVE JH71X0 PCIE AND USB PHY DRIVER,464,11666
STARFIVE JH71X0 PCIE AND USB PHY DRIVER,THE REST,464,11666
STARFIVE JH71X0 PINCTRL DRIVERS,STARFIVE JH71X0 PINCTRL DRIVERS,4074,120999
STARFIVE JH71X0 PINCTRL DRIVERS,THE REST,4074,120999
STARFIVE JH71X0 RESET CONTROLLER DRIVERS,STARFIVE JH71X0 RESET CONTROLLER DRIVERS,700,20687
STARFIVE JH71X0 RESET CONTROLLER DRIVERS,THE REST,700,20687
STARFIVE JH71X0 USB DRIVERS,STARFIVE JH71X0 USB DRIVERS,359,8727
STARFIVE JH71X0 USB DRIVERS,THE REST,359,8727
STARFIVE JH71X0 USB DRIVERS,USB SUBSYSTEM,359,8727
STARFIVE JH71XX PMU CONTROLLER DRIVER,STARFIVE JH71XX PMU CONTROLLER DRIVER,445,11330
STARFIVE JH71XX PMU CONTROLLER DRIVER,THE REST,445,11330
STARFIVE SOC DRIVERS,STARFIVE SOC DRIVERS,105,2468
STARFIVE SOC DRIVERS,THE REST,105,2468
STARFIVE TRNG DRIVER,STARFIVE TRNG DRIVER,448,11051
STARFIVE TRNG DRIVER,THE REST,448,11051
STARFIVE WATCHDOG DRIVER,STARFIVE WATCHDOG DRIVER,674,18106
STARFIVE WATCHDOG DRIVER,THE REST,674,18106
STARFIVE WATCHDOG DRIVER,WATCHDOG DEVICE DRIVERS,674,18106
STATIC BRANCH/CALL,STATIC BRANCH/CALL,3936,104544
STATIC BRANCH/CALL,SYNOPSYS ARC ARCHITECTURE,229,6591
STATIC BRANCH/CALL,TENSILICA XTENSA PORT (xtensa),160,3861
STATIC BRANCH/CALL,THE REST,3936,104544
STATIC BRANCH/CALL,X86 ARCHITECTURE (32-BIT AND 64-BIT),499,12874
STI AUDIO (ASoC) DRIVERS,STI AUDIO (ASoC) DRIVERS,3692,112316
STI AUDIO (ASoC) DRIVERS,THE REST,3692,112316
STI CEC DRIVER,STI CEC DRIVER,464,11506
STI CEC DRIVER,THE REST,464,11506
STK1160 USB VIDEO CAPTURE DRIVER,STK1160 USB VIDEO CAPTURE DRIVER,2605,63161
STK1160 USB VIDEO CAPTURE DRIVER,THE REST,2605,63161
STM32 AUDIO (ASoC) DRIVERS,STM32 AUDIO (ASoC) DRIVERS,5737,153496
STM32 AUDIO (ASoC) DRIVERS,THE REST,5737,153496
STM32 TIMER/LPTIMER DRIVERS,STM32 TIMER/LPTIMER DRIVERS,3033,80619
STM32 TIMER/LPTIMER DRIVERS,THE REST,3033,80619
STMMAC ETHERNET DRIVER,STMMAC ETHERNET DRIVER,42554,1201298
STMMAC ETHERNET DRIVER,TEGRA ARCHITECTURE SUPPORT,387,10869
STMMAC ETHERNET DRIVER,THE REST,42554,1201298
STMMAC ETHERNET DRIVER,XDP (eXpress Data Path),156,3908
SUN HAPPY MEAL ETHERNET DRIVER,SUN HAPPY MEAL ETHERNET DRIVER,3408,107738
SUN HAPPY MEAL ETHERNET DRIVER,THE REST,3408,107738
SUN3/3X,SUN3/3X,4807,123446
SUN3/3X,THE REST,4807,123446
SUN4I LOW RES ADC ATTACHED TABLET KEYS DRIVER,SUN4I LOW RES ADC ATTACHED TABLET KEYS DRIVER,483,11973
SUN4I LOW RES ADC ATTACHED TABLET KEYS DRIVER,THE REST,483,11973
SUNDANCE NETWORK DRIVER,SUNDANCE NETWORK DRIVER,1985,58275
SUNDANCE NETWORK DRIVER,THE REST,1985,58275
SUNPLUS ETHERNET DRIVER,SUNPLUS ETHERNET DRIVER,2166,58591
SUNPLUS ETHERNET DRIVER,THE REST,2166,58591
SUNPLUS MMC DRIVER,SUNPLUS MMC DRIVER,1058,30203
SUNPLUS MMC DRIVER,THE REST,1058,30203
SUNPLUS OCOTP DRIVER,SUNPLUS OCOTP DRIVER,309,7479
SUNPLUS OCOTP DRIVER,THE REST,309,7479
SUNPLUS PWM DRIVER,SUNPLUS PWM DRIVER,277,7461
SUNPLUS PWM DRIVER,THE REST,277,7461
SUNPLUS RTC DRIVER,SUNPLUS RTC DRIVER,415,11211
SUNPLUS RTC DRIVER,THE REST,415,11211
SUNPLUS SPI CONTROLLER INTERFACE DRIVER,SUNPLUS SPI CONTROLLER INTERFACE DRIVER,655,19018
SUNPLUS SPI CONTROLLER INTERFACE DRIVER,THE REST,655,19018
SUNPLUS UART DRIVER,SUNPLUS UART DRIVER,829,19819
SUNPLUS UART DRIVER,THE REST,829,19819
SUNPLUS UART DRIVER,TTY LAYER AND SERIAL DRIVERS,829,19819
SUNPLUS USB2 PHY DRIVER,SUNPLUS USB2 PHY DRIVER,386,10484
SUNPLUS USB2 PHY DRIVER,THE REST,386,10484
SUNPLUS WATCHDOG DRIVER,SUNPLUS WATCHDOG DRIVER,267,6312
SUNPLUS WATCHDOG DRIVER,THE REST,267,6312
SUNPLUS WATCHDOG DRIVER,WATCHDOG DEVICE DRIVERS,267,6312
SUPERH,SUPERH,98548,2509770
SUPERH,THE REST,98548,2509770
SUSPEND TO RAM,SUSPEND TO RAM,33118,997687
SUSPEND TO RAM,THE REST,33118,997687
SUSPEND TO RAM,VOLTAGE AND CURRENT REGULATOR FRAMEWORK,574,20780
SUSPEND TO RAM,X86 ARCHITECTURE (32-BIT AND 64-BIT),466,11451
SVGA HANDLING,SVGA HANDLING,1573,41526
SVGA HANDLING,THE REST,1573,41526
SVGA HANDLING,X86 ARCHITECTURE (32-BIT AND 64-BIT),1323,29403
SWITCHDEV,SWITCHDEV,1434,42120
SWITCHDEV,THE REST,1434,42120
SY8106A REGULATOR DRIVER,SY8106A REGULATOR DRIVER,205,5151
SY8106A REGULATOR DRIVER,THE REST,205,5151
SY8106A REGULATOR DRIVER,VOLTAGE AND CURRENT REGULATOR FRAMEWORK,205,5151
SYNC FILE FRAMEWORK,SYNC FILE FRAMEWORK,3059,85290
SYNC FILE FRAMEWORK,THE REST,3059,85290
SYNOPSYS ARC ARCHITECTURE,SYNOPSYS ARC ARCHITECTURE,28984,743383
SYNOPSYS ARC ARCHITECTURE,SYNOPSYS ARC SDP platform support,1298,32984
SYNOPSYS ARC ARCHITECTURE,THE REST,28984,743383
SYNOPSYS ARC ARCHITECTURE,TTY LAYER AND SERIAL DRIVERS,673,17459
SYNOPSYS ARC HSDK SDP pll clock driver,SYNOPSYS ARC HSDK SDP pll clock driver,455,11772
SYNOPSYS ARC HSDK SDP pll clock driver,THE REST,455,11772
SYNOPSYS ARC SDP clock driver,SYNOPSYS ARC SDP clock driver,588,15105
SYNOPSYS ARC SDP clock driver,THE REST,588,15105
SYNOPSYS ARC SDP platform support,SYNOPSYS ARC SDP platform support,1298,32984
SYNOPSYS ARC SDP platform support,THE REST,1298,32984
SYNOPSYS AXS10x RESET CONTROLLER DRIVER,SYNOPSYS AXS10x RESET CONTROLLER DRIVER,130,3140
SYNOPSYS AXS10x RESET CONTROLLER DRIVER,THE REST,130,3140
SYNOPSYS CREG GPIO DRIVER,SYNOPSYS CREG GPIO DRIVER,210,5059
SYNOPSYS CREG GPIO DRIVER,THE REST,210,5059
SYNOPSYS DESIGNWARE 8250 UART DRIVER,SYNOPSYS DESIGNWARE 8250 UART DRIVER,1636,44041
SYNOPSYS DESIGNWARE 8250 UART DRIVER,THE REST,1636,44041
SYNOPSYS DESIGNWARE 8250 UART DRIVER,TTY LAYER AND SERIAL DRIVERS,1636,44041
SYNOPSYS DESIGNWARE APB GPIO DRIVER,SYNOPSYS DESIGNWARE APB GPIO DRIVER,991,24362
SYNOPSYS DESIGNWARE APB GPIO DRIVER,THE REST,991,24362
SYNOPSYS DESIGNWARE APB SSI DRIVER,SYNOPSYS DESIGNWARE APB SSI DRIVER,3256,86167
SYNOPSYS DESIGNWARE APB SSI DRIVER,THE REST,3256,86167
SYNOPSYS DESIGNWARE AXI DMAC DRIVER,SYNOPSYS DESIGNWARE AXI DMAC DRIVER,2158,57738
SYNOPSYS DESIGNWARE AXI DMAC DRIVER,THE REST,2158,57738
SYNOPSYS DESIGNWARE DMAC DRIVER,SYNOPSYS DESIGNWARE DMAC DRIVER,3385,90379
SYNOPSYS DESIGNWARE DMAC DRIVER,THE REST,3385,90379
SYNOPSYS DESIGNWARE ENTERPRISE ETHERNET DRIVER,SYNOPSYS DESIGNWARE ENTERPRISE ETHERNET DRIVER,7671,215969
SYNOPSYS DESIGNWARE ENTERPRISE ETHERNET DRIVER,THE REST,7671,215969
SYNOPSYS DESIGNWARE ETHERNET XPCS DRIVER,SYNOPSYS DESIGNWARE ETHERNET XPCS DRIVER,1609,41322
SYNOPSYS DESIGNWARE ETHERNET XPCS DRIVER,THE REST,1609,41322
SYNOPSYS DESIGNWARE I2C DRIVER,SYNOPSYS DESIGNWARE I2C DRIVER,3713,96196
SYNOPSYS DESIGNWARE I2C DRIVER,THE REST,3713,96196
SYNOPSYS DESIGNWARE MMC/SD/SDIO DRIVER,SYNOPSYS DESIGNWARE MMC/SD/SDIO DRIVER,6594,175930
SYNOPSYS DESIGNWARE MMC/SD/SDIO DRIVER,THE REST,6594,175930
SYNOPSYS HSDK RESET CONTROLLER DRIVER,SYNOPSYS HSDK RESET CONTROLLER DRIVER,180,4692
SYNOPSYS HSDK RESET CONTROLLER DRIVER,THE REST,180,4692
SYNOPSYS SDHCI COMPLIANT DWC MSHC DRIVER,SYNOPSYS SDHCI COMPLIANT DWC MSHC DRIVER,84,2257
SYNOPSYS SDHCI COMPLIANT DWC MSHC DRIVER,THE REST,84,2257
SYSTEM CONFIGURATION (SYSCON),SYSTEM CONFIGURATION (SYSCON),344,8045
SYSTEM CONFIGURATION (SYSCON),THE REST,344,8045
SYSTEM CONTROL & POWER/MANAGEMENT INTERFACE (SCPI/SCMI) Message Protocol drivers,SYSTEM CONTROL & POWER/MANAGEMENT INTERFACE (SCPI/SCMI) Message Protocol drivers,21620,604740
SYSTEM CONTROL & POWER/MANAGEMENT INTERFACE (SCPI/SCMI) Message Protocol drivers,THE REST,21620,604740
SYSTEM CONTROL & POWER/MANAGEMENT INTERFACE (SCPI/SCMI) Message Protocol drivers,TRACING,180,4666
SYSTEM CONTROL & POWER/MANAGEMENT INTERFACE (SCPI/SCMI) Message Protocol drivers,VIRTIO CORE AND NET DRIVERS,24,652
SYSTEM CONTROL & POWER/MANAGEMENT INTERFACE (SCPI/SCMI) Message Protocol drivers,VOLTAGE AND CURRENT REGULATOR FRAMEWORK,420,11088
SYSTEM RESET/SHUTDOWN DRIVERS,SYSTEM RESET/SHUTDOWN DRIVERS,6934,178852
SYSTEM RESET/SHUTDOWN DRIVERS,THE REST,6934,178852
SYSTEM TRACE MODULE CLASS,SYSTEM TRACE MODULE CLASS,3307,82462
SYSTEM TRACE MODULE CLASS,THE REST,3307,82462
SYSTEM TRACE MODULE CLASS,TRACING,143,6751
SYSTEM76 ACPI DRIVER,SYSTEM76 ACPI DRIVER,823,19200
SYSTEM76 ACPI DRIVER,THE REST,823,19200
SYSTEM76 ACPI DRIVER,X86 PLATFORM DRIVERS,823,19200
SYSV FILESYSTEM,SYSV FILESYSTEM,3426,92467
SYSV FILESYSTEM,THE REST,3426,92467
TASKSTATS STATISTICS INTERFACE,TASKSTATS STATISTICS INTERFACE,1140,31399
TASKSTATS STATISTICS INTERFACE,THE REST,1140,31399
TC subsystem,TC subsystem,96715,2654849
TC subsystem,THE REST,96715,2654849
TC90522 MEDIA DRIVER,TC90522 MEDIA DRIVER,888,21113
TC90522 MEDIA DRIVER,THE REST,888,21113
TCP LOW PRIORITY MODULE,TCP LOW PRIORITY MODULE,354,9380
TCP LOW PRIORITY MODULE,THE REST,354,9380
TDA10071 MEDIA DRIVER,TDA10071 MEDIA DRIVER,1400,31460
TDA10071 MEDIA DRIVER,THE REST,1400,31460
TDA18212 MEDIA DRIVER,TDA18212 MEDIA DRIVER,306,6444
TDA18212 MEDIA DRIVER,THE REST,306,6444
TDA18218 MEDIA DRIVER,TDA18218 MEDIA DRIVER,458,12188
TDA18218 MEDIA DRIVER,THE REST,458,12188
TDA18250 MEDIA DRIVER,TDA18250 MEDIA DRIVER,1067,24806
TDA18250 MEDIA DRIVER,THE REST,1067,24806
TDA18271 MEDIA DRIVER,TDA18271 MEDIA DRIVER,3705,105846
TDA18271 MEDIA DRIVER,THE REST,3705,105846
TDA1997x MEDIA DRIVER,TDA1997x MEDIA DRIVER,3490,99632
TDA1997x MEDIA DRIVER,THE REST,3490,99632
TDA827x MEDIA DRIVER,TDA827x MEDIA DRIVER,927,25944
TDA827x MEDIA DRIVER,TDA8290 MEDIA DRIVER,927,25944
TDA827x MEDIA DRIVER,THE REST,927,25944
TDA8290 MEDIA DRIVER,TDA8290 MEDIA DRIVER,927,25944
TDA8290 MEDIA DRIVER,THE REST,927,25944
TDA9840 MEDIA DRIVER,TDA9840 MEDIA DRIVER,199,4846
TDA9840 MEDIA DRIVER,THE REST,199,4846
TEA5761 TUNER DRIVER,TEA5761 TUNER DRIVER,376,9707
TEA5761 TUNER DRIVER,THE REST,376,9707
TEA5767 TUNER DRIVER,TEA5767 TUNER DRIVER,527,13298
TEA5767 TUNER DRIVER,THE REST,527,13298
TEA6415C MEDIA DRIVER,TEA6415C MEDIA DRIVER,186,4155
TEA6415C MEDIA DRIVER,THE REST,186,4155
TEA6420 MEDIA DRIVER,TEA6420 MEDIA DRIVER,165,3878
TEA6420 MEDIA DRIVER,THE REST,165,3878
TEAM DRIVER,TEAM DRIVER,4735,116316
TEAM DRIVER,THE REST,4735,116316
TECHNICAL ADVISORY BOARD PROCESS DOCS,TECHNICAL ADVISORY BOARD PROCESS DOCS,279,12817
TECHNICAL ADVISORY BOARD PROCESS DOCS,THE REST,279,12817
TECHNOLOGIC SYSTEMS TS-5500 PLATFORM SUPPORT,TECHNOLOGIC SYSTEMS TS-5500 PLATFORM SUPPORT,343,9114
TECHNOLOGIC SYSTEMS TS-5500 PLATFORM SUPPORT,THE REST,343,9114
TECHNOLOGIC SYSTEMS TS-5500 PLATFORM SUPPORT,X86 ARCHITECTURE (32-BIT AND 64-BIT),343,9114
TECHNOLOGIC SYSTEMS TS-5500 PLATFORM SUPPORT,X86 PLATFORM DRIVERS - ARCH,343,9114
TECHNOTREND USB IR RECEIVER,TECHNOTREND USB IR RECEIVER,434,9854
TECHNOTREND USB IR RECEIVER,THE REST,434,9854
TECHWELL TW9910 VIDEO DECODER,TECHWELL TW9910 VIDEO DECODER,1064,25674
TECHWELL TW9910 VIDEO DECODER,THE REST,1064,25674
TEE SUBSYSTEM,TEE SUBSYSTEM,10822,294787
TEE SUBSYSTEM,THE REST,10822,294787
TEGRA ARCHITECTURE SUPPORT,TEGRA ARCHITECTURE SUPPORT,339719,9460312
TEGRA ARCHITECTURE SUPPORT,TEGRA CLOCK DRIVER,22433,686862
TEGRA ARCHITECTURE SUPPORT,TEGRA DMA DRIVERS,4222,115614
TEGRA ARCHITECTURE SUPPORT,TEGRA I2C DRIVER,1981,56107
TEGRA ARCHITECTURE SUPPORT,TEGRA IOMMU DRIVERS,1531,37065
TEGRA ARCHITECTURE SUPPORT,TEGRA KBC DRIVER,818,20866
TEGRA ARCHITECTURE SUPPORT,TEGRA NAND DRIVER,1350,37359
TEGRA ARCHITECTURE SUPPORT,TEGRA PWM DRIVER,442,11339
TEGRA ARCHITECTURE SUPPORT,TEGRA QUAD SPI DRIVER,1734,47451
TEGRA ARCHITECTURE SUPPORT,TEGRA SERIAL DRIVER,1700,44848
TEGRA ARCHITECTURE SUPPORT,TEGRA SPI DRIVER,5094,139674
TEGRA ARCHITECTURE SUPPORT,TEGRA VIDEO DRIVER,6486,182090
TEGRA ARCHITECTURE SUPPORT,TEGRA XUSB PADCTL DRIVER,8807,251899
TEGRA ARCHITECTURE SUPPORT,THE REST,339719,9460312
TEGRA ARCHITECTURE SUPPORT,THERMAL,4870,142565
TEGRA ARCHITECTURE SUPPORT,TRACING,61,1645
TEGRA ARCHITECTURE SUPPORT,TTY LAYER AND SERIAL DRIVERS,2390,62174
TEGRA ARCHITECTURE SUPPORT,USB SUBSYSTEM,10011,258507
TEGRA ARCHITECTURE SUPPORT,USB XHCI DRIVER,2785,70609
TEGRA ARCHITECTURE SUPPORT,VOLTAGE AND CURRENT REGULATOR FRAMEWORK,65,2029
TEGRA ARCHITECTURE SUPPORT,WATCHDOG DEVICE DRIVERS,274,7042
TEGRA CLOCK DRIVER,TEGRA CLOCK DRIVER,22433,686862
TEGRA CLOCK DRIVER,THE REST,22433,686862
TEGRA DMA DRIVERS,TEGRA DMA DRIVERS,4222,115614
TEGRA DMA DRIVERS,THE REST,4222,115614
TEGRA I2C DRIVER,TEGRA I2C DRIVER,1981,56107
TEGRA I2C DRIVER,THE REST,1981,56107
TEGRA IOMMU DRIVERS,TEGRA IOMMU DRIVERS,1876,46890
TEGRA IOMMU DRIVERS,THE REST,1876,46890
TEGRA KBC DRIVER,TEGRA KBC DRIVER,818,20866
TEGRA KBC DRIVER,THE REST,818,20866
TEGRA NAND DRIVER,TEGRA NAND DRIVER,1350,37359
TEGRA NAND DRIVER,THE REST,1350,37359
TEGRA PWM DRIVER,TEGRA PWM DRIVER,442,11339
TEGRA PWM DRIVER,THE REST,442,11339
TEGRA QUAD SPI DRIVER,TEGRA QUAD SPI DRIVER,1734,47451
TEGRA QUAD SPI DRIVER,TEGRA SPI DRIVER,1734,47451
TEGRA QUAD SPI DRIVER,THE REST,1734,47451
TEGRA SERIAL DRIVER,TEGRA SERIAL DRIVER,1700,44848
TEGRA SERIAL DRIVER,THE REST,1700,44848
TEGRA SERIAL DRIVER,TTY LAYER AND SERIAL DRIVERS,1700,44848
TEGRA SPI DRIVER,TEGRA SPI DRIVER,5094,139674
TEGRA SPI DRIVER,THE REST,5094,139674
TEGRA VIDEO DRIVER,TEGRA VIDEO DRIVER,6486,182090
TEGRA VIDEO DRIVER,THE REST,6486,182090
TEGRA XUSB PADCTL DRIVER,TEGRA XUSB PADCTL DRIVER,8807,251899
TEGRA XUSB PADCTL DRIVER,THE REST,8807,251899
TEHUTI ETHERNET DRIVER,TEHUTI ETHERNET DRIVER,3049,83013
TEHUTI ETHERNET DRIVER,THE REST,3049,83013
TELECOM CLOCK DRIVER FOR MCPL0010,TELECOM CLOCK DRIVER FOR MCPL0010,939,23853
TELECOM CLOCK DRIVER FOR MCPL0010,THE REST,939,23853
TEMPO SEMICONDUCTOR DRIVERS,TEMPO SEMICONDUCTOR DRIVERS,10067,335110
TEMPO SEMICONDUCTOR DRIVERS,THE REST,10067,335110
TENSILICA XTENSA PORT (xtensa),TENSILICA XTENSA PORT (xtensa),36021,1033199
TENSILICA XTENSA PORT (xtensa),THE REST,36021,1033199
TEXAS INSTRUMENTS ASoC DRIVERS,TEXAS INSTRUMENTS ASoC DRIVERS,12160,328280
TEXAS INSTRUMENTS ASoC DRIVERS,THE REST,12160,328280
TEXAS INSTRUMENTS AUDIO (ASoC/HDA) DRIVERS,TEXAS INSTRUMENTS AUDIO (ASoC/HDA) DRIVERS,29730,849494
TEXAS INSTRUMENTS AUDIO (ASoC/HDA) DRIVERS,THE REST,29730,849494
TEXAS INSTRUMENTS AUDIO (ASoC/HDA) DRIVERS,TI PCM3060 ASoC CODEC DRIVER,561,13432
TEXAS INSTRUMENTS DMA DRIVERS,TEXAS INSTRUMENTS DMA DRIVERS,16833,449834
TEXAS INSTRUMENTS DMA DRIVERS,THE REST,16833,449834
TEXAS INSTRUMENTS TPS23861 PoE PSE DRIVER,TEXAS INSTRUMENTS TPS23861 PoE PSE DRIVER,687,16928
TEXAS INSTRUMENTS TPS23861 PoE PSE DRIVER,THE REST,687,16928
TEXAS INSTRUMENTS' DAC7612 DAC DRIVER,TEXAS INSTRUMENTS' DAC7612 DAC DRIVER,247,5826
TEXAS INSTRUMENTS' DAC7612 DAC DRIVER,THE REST,247,5826
TEXAS INSTRUMENTS' SYSTEM CONTROL INTERFACE (TISCI) PROTOCOL DRIVER,TEXAS INSTRUMENTS' SYSTEM CONTROL INTERFACE (TISCI) PROTOCOL DRIVER,8483,265022
TEXAS INSTRUMENTS' SYSTEM CONTROL INTERFACE (TISCI) PROTOCOL DRIVER,THE REST,8483,265022
TEXAS INSTRUMENTS' SYSTEM CONTROL INTERFACE (TISCI) PROTOCOL DRIVER,TI KEYSTONE MULTICORE NAVIGATOR DRIVERS,121,3158
TEXAS INSTRUMENTS' TMP117 TEMPERATURE SENSOR DRIVER,TEXAS INSTRUMENTS' TMP117 TEMPERATURE SENSOR DRIVER,270,6316
TEXAS INSTRUMENTS' TMP117 TEMPERATURE SENSOR DRIVER,THE REST,270,6316
THANKO'S RAREMONO AM/FM/SW RADIO RECEIVER USB DRIVER,THANKO'S RAREMONO AM/FM/SW RADIO RECEIVER USB DRIVER,389,10689
THANKO'S RAREMONO AM/FM/SW RADIO RECEIVER USB DRIVER,THE REST,389,10689
THE REST,THE REST,37047380,1353464414
THE REST,THERMAL,60938,1667913
THE REST,THERMAL DRIVER FOR AMLOGIC SOCS,390,9729
THE REST,THERMAL/CPU_COOLING,1321,39949
THE REST,THERMAL/POWER_ALLOCATOR,1113,35837
THE REST,THINKPAD ACPI EXTRAS DRIVER,11772,305625
THE REST,THINKPAD LMI DRIVER,2213,63712
THE REST,THUNDERBOLT DMA TRAFFIC TEST DRIVER,764,19412
THE REST,THUNDERBOLT DRIVER,36795,966082
THE REST,THUNDERBOLT NETWORK DRIVER,1640,43516
THE REST,THUNDERX GPIO DRIVER,602,16561
THE REST,TI ADS7924 ADC DRIVER,584,15006
THE REST,TI AM437X VPFE DRIVER,3078,82096
THE REST,TI BANDGAP AND THERMAL DRIVER,3679,114191
THE REST,TI BQ27XXX POWER SUPPLY DRIVER,2561,71445
THE REST,TI CDCE706 CLOCK DRIVER,698,18018
THE REST,TI CLOCK DRIVER,13138,378583
THE REST,TI DAVINCI MACHINE SUPPORT,6844,175321
THE REST,TI DAVINCI SERIES CLOCK DRIVER,3451,94113
THE REST,TI DAVINCI SERIES GPIO DRIVER,919,25263
THE REST,TI DAVINCI SERIES MEDIA DRIVER,4891,133407
THE REST,TI ENHANCED CAPTURE (eCAP) DRIVER,676,17661
THE REST,TI ENHANCED QUADRATURE ENCODER PULSE (eQEP) DRIVER,509,12569
THE REST,TI ETHERNET SWITCH DRIVER (CPSW),14188,371756
THE REST,TI FLASH MEDIA MEMORYSTICK/MMC DRIVERS,2719,69811
THE REST,TI FPD-LINK DRIVERS,7108,176848
THE REST,TI KEYSTONE MULTICORE NAVIGATOR DRIVERS,9751,250285
THE REST,TI LM49xxx FAMILY ASoC CODEC DRIVERS,3131,109157
THE REST,TI LMP92064 ADC DRIVER,455,12114
THE REST,TI PCM3060 ASoC CODEC DRIVER,584,13904
THE REST,TI TAS571X FAMILY ASoC CODEC DRIVER,1093,31560
THE REST,TI TMAG5273 MAGNETOMETER DRIVER,819,22006
THE REST,TI TRF7970A NFC DRIVER,2360,65788
THE REST,TI TSC2046 ADC DRIVER,1031,26523
THE REST,TI TWL4030 SERIES SOC CODEC DRIVER,2222,69417
THE REST,TI VPE/CAL DRIVERS,11623,339216
THE REST,TI WILINK WIRELESS DRIVERS,45013,1156181
THE REST,"TIMEKEEPING, CLOCKSOURCE CORE, NTP, ALARMTIMER",15130,410188
THE REST,TIPC NETWORK LAYER,29446,820539
THE REST,TLAN NETWORK DRIVER,3961,107107
THE REST,TMIO/SDHI MMC DRIVER,4095,117514
THE REST,TMP401 HARDWARE MONITOR DRIVER,963,24112
THE REST,TMP464 HARDWARE MONITOR DRIVER,898,22728
THE REST,TMP513 HARDWARE MONITOR DRIVER,871,22354
THE REST,TMPFS (SHMEM FILESYSTEM),5136,137928
THE REST,TOMOYO SECURITY MODULE,12496,341379
THE REST,TOPSTAR LAPTOP EXTRAS DRIVER,399,8884
THE REST,TORTURE-TEST MODULES,8768,260084
THE REST,TOSHIBA ACPI EXTRAS DRIVER,3622,90548
THE REST,TOSHIBA BLUETOOTH DRIVER,297,6960
THE REST,TOSHIBA HDD ACTIVE PROTECTION SENSOR DRIVER,265,5863
THE REST,TOSHIBA SMM DRIVER,599,15145
THE REST,TOSHIBA TC358743 DRIVER,3138,97351
THE REST,TOSHIBA WMI HOTKEYS DRIVER,137,3012
THE REST,TPM DEVICE DRIVER,18089,452207
THE REST,TPS546D24 DRIVER,106,2566
THE REST,TQ SYSTEMS BOARD & DRIVER SUPPORT,5131,129594
THE REST,TRACING,164237,4471224
THE REST,TRACING MMIO ACCESSES (MMIOTRACE),1715,43652
THE REST,TRACING OS NOISE / LATENCY TRACERS,6533,174658
THE REST,TRADITIONAL CHINESE DOCUMENTATION,12339,578104
THE REST,TTY LAYER AND SERIAL DRIVERS,197076,5132465
THE REST,TUA9001 MEDIA DRIVER,339,6899
THE REST,TULIP NETWORK DRIVERS,14449,401919
THE REST,TUN/TAP driver,6155,145821
THE REST,TURBOCHANNEL SUBSYSTEM,467,12264
THE REST,TURBOSTAT UTILITY,7191,199466
THE REST,TW5864 VIDEO4LINUX DRIVER,4479,135931
THE REST,TW68 VIDEO4LINUX DRIVER,2064,59765
THE REST,TW686X VIDEO4LINUX DRIVER,2508,66686
THE REST,U-BOOT ENVIRONMENT VARIABLES,360,9061
THE REST,UACCE ACCELERATOR FRAMEWORK,1134,31401
THE REST,UBI FILE SYSTEM (UBIFS),40242,1130551
THE REST,UBLK USERSPACE BLOCK DRIVER,3663,99200
THE REST,UCLINUX (M68KNOMMU AND COLDFIRE),12031,520966
THE REST,UDF FILESYSTEM,11109,301727
THE REST,UDRAW TABLET,466,11580
THE REST,UFS FILESYSTEM,7578,217030
THE REST,UHID USERSPACE HID IO DRIVER,1021,24203
THE REST,ULPI BUS,599,16082
THE REST,UNICODE SUBSYSTEM,8875,448467
THE REST,UNIFDEF,1225,35637
THE REST,UNIFORM CDROM DRIVER,6208,191321
THE REST,UNIVERSAL FLASH STORAGE HOST CONTROLLER DRIVER,15611,429530
THE REST,UNIVERSAL FLASH STORAGE HOST CONTROLLER DRIVER DWC HOOKS,780,21469
THE REST,UNIVERSAL FLASH STORAGE HOST CONTROLLER DRIVER EXYNOS HOOKS,2041,58045
THE REST,UNIVERSAL FLASH STORAGE HOST CONTROLLER DRIVER MEDIATEK HOOKS,2152,51415
THE REST,UNIVERSAL FLASH STORAGE HOST CONTROLLER DRIVER QUALCOMM HOOKS,2539,65037
THE REST,UNIVERSAL FLASH STORAGE HOST CONTROLLER DRIVER RENESAS HOOKS,412,11746
THE REST,UNSORTED BLOCK IMAGES (UBI),19660,557768
THE REST,USB ACM DRIVER,2358,66552
THE REST,USB APPLE MFI FASTCHARGE DRIVER,241,5820
THE REST,USB AR5523 WIRELESS DRIVER,2400,64112
THE REST,USB ATTACHED SCSI,1282,34480
THE REST,USB CDC ETHERNET DRIVER,4922,145179
THE REST,USB CHAOSKEY DRIVER,583,13648
THE REST,USB CYPRESS C67X00 DRIVER,2646,68254
THE REST,USB DAVICOM DM9601 DRIVER,657,15877
THE REST,USB EHCI DRIVER,15102,408759
THE REST,"USB HID/HIDBP DRIVERS (USB KEYBOARDS, MICE, REMOTE CONTROLS, ...)",5064,138780
THE REST,USB INTEL XHCI ROLE MUX DRIVER,227,5676
THE REST,USB IP DRIVER FOR HISILICON KIRIN 960,285,7087
THE REST,USB IP DRIVER FOR HISILICON KIRIN 970,726,17389
THE REST,USB ISP116X DRIVER,2324,63200
THE REST,USB ISP1760 DRIVER,5887,157399
THE REST,USB LAN78XX ETHERNET DRIVER,6025,154924
THE REST,USB MASS STORAGE DRIVER,23305,644120
THE REST,USB MIDI DRIVER,3943,111214
THE REST,USB NETWORKING DRIVERS,54015,1433127
THE REST,USB OHCI DRIVER,10817,283101
THE REST,USB OTG FSM (Finite State Machine),452,12030
THE REST,USB OVER IP DRIVER,15688,406100
THE REST,USB PEGASUS DRIVER,1640,43695
THE REST,USB PRINTER DRIVER (usblp),1474,40358
THE REST,USB QMI WWAN NETWORK DRIVER,1674,59122
THE REST,USB RAW GADGET DRIVER,1668,44559
THE REST,USB RTL8150 DRIVER,957,22736
THE REST,USB SERIAL SUBSYSTEM,60271,1839463
THE REST,USB SMSC75XX ETHERNET DRIVER,2763,71542
THE REST,USB SMSC95XX ETHERNET DRIVER,2483,67609
THE REST,USB SUBSYSTEM,614555,16857098
THE REST,USB TYPEC BUS FOR ALTERNATE MODES,1101,31479
THE REST,USB TYPEC CLASS,33951,903059
THE REST,USB TYPEC INTEL PMC MUX DRIVER,980,26523
THE REST,USB TYPEC PI3USB30532 MUX DRIVER,190,4302
THE REST,USB TYPEC PORT CONTROLLER DRIVERS,14038,377892
THE REST,USB UHCI DRIVER,5216,142686
THE REST,USB USBNET DRIVER FRAMEWORK,2517,69542
THE REST,USB VIDEO CLASS,12209,329351
THE REST,USB WEBCAM GADGET,7247,196269
THE REST,USB WIRELESS RNDIS DRIVER (rndis_wlan),3760,101779
THE REST,USB XHCI DRIVER,29956,847367
THE REST,USB ZD1201 DRIVER,2053,50261
THE REST,USER DATAGRAM PROTOCOL (UDP),5615,145072
THE REST,USER-MODE LINUX (UML),41949,1006788
THE REST,USERSPACE COPYIN/COPYOUT (UIOVEC),2290,60537
THE REST,USERSPACE DMA BUFFER DRIVER,428,9678
THE REST,USERSPACE I/O (UIO),5078,141504
THE REST,UUID HELPERS,376,9024
THE REST,UV SYSFS DRIVER,931,22245
THE REST,UVESAFB DRIVER,2188,57190
THE REST,Ux500 CLOCK DRIVERS,1867,50957
THE REST,V4L2 ASYNC AND FWNODE FRAMEWORKS,2985,84175
THE REST,V4L2 CAMERA SENSOR DRIVERS,96154,2350664
THE REST,V4L2 LENS DRIVERS,3077,78037
THE REST,VF610 NAND DRIVER,953,25931
THE REST,VFAT/FAT/MSDOS FILESYSTEM,9124,242737
THE REST,VFIO CDX DRIVER,286,7199
THE REST,VFIO DRIVER,30307,823499
THE REST,VFIO FSL-MC DRIVER,871,21762
THE REST,VFIO HISILICON PCI DRIVER,1603,41230
THE REST,VFIO MEDIATED DEVICE DRIVERS,5034,125631
THE REST,VFIO MLX5 PCI DRIVER,3246,86852
THE REST,VFIO PCI DEVICE SPECIFIC DRIVERS,6976,185002
THE REST,VFIO PDS PCI DRIVER,2206,59171
THE REST,VFIO PLATFORM DRIVER,1801,45073
THE REST,VGA_SWITCHEROO,1375,44474
THE REST,VIA RHINE NETWORK DRIVER,2631,70742
THE REST,VIA SD/MMC CARD CONTROLLER DRIVER,1314,35150
THE REST,VIA UNICHROME(PRO)/CHROME9 FRAMEBUFFER DRIVER,12069,342130
THE REST,VIA VELOCITY NETWORK DRIVER,5272,136835
THE REST,VICODEC VIRTUAL CODEC DRIVER,3758,104194
THE REST,VIDEO I2C POLLING DRIVER,971,23824
THE REST,VIDEO MULTIPLEXER DRIVER,497,13625
THE REST,VIDEOBUF2 FRAMEWORK,8983,253863
THE REST,VIDTV VIRTUAL DIGITAL TV DRIVER,7655,212128
THE REST,VIMC VIRTUAL MEDIA CONTROLLER DRIVER,3528,94252
THE REST,VIRT LIB,271,6093
THE REST,VIRTIO AND VHOST VSOCK DRIVER,3625,90293
THE REST,VIRTIO BALLOON,1691,53066
THE REST,VIRTIO BLOCK AND SCSI DRIVERS,3276,88150
THE REST,VIRTIO CONSOLE DRIVER,2407,60921
THE REST,VIRTIO CORE AND NET DRIVERS,50813,1361898
THE REST,VIRTIO CRYPTO DRIVER,2868,78924
THE REST,VIRTIO DRIVERS FOR S390,1559,40337
THE REST,VIRTIO FILE SYSTEM,1640,41923
THE REST,VIRTIO GPIO DRIVER,736,19097
THE REST,VIRTIO GPU DRIVER,6161,172091
THE REST,VIRTIO HOST (VHOST),13027,332073
THE REST,VIRTIO HOST (VHOST-SCSI),2637,69079
THE REST,VIRTIO I2C DRIVER,325,8035
THE REST,VIRTIO INPUT DRIVER,490,13834
THE REST,VIRTIO IOMMU DRIVER,1419,35272
THE REST,VIRTIO MEM DRIVER,3222,90051
THE REST,VIRTIO PMEM DRIVER,262,7156
THE REST,VIRTIO SOUND DRIVER,3261,87981
THE REST,VIRTUAL BOX GUEST DEVICE DRIVER,4712,139923
THE REST,VIRTUAL BOX SHARED FOLDER VFS DRIVER,3372,85775
THE REST,VIRTUAL PCM TEST DRIVER,1217,36043
THE REST,VIRTUAL SERIO DEVICE DRIVER,330,8194
THE REST,VISL VIRTUAL STATELESS DECODER DRIVER,3641,110985
THE REST,VIVID VIRTUAL VIDEO DRIVER,14368,421823
THE REST,VLYNQ BUS,948,22364
THE REST,VM SOCKETS (AF_VSOCK),14028,348386
THE REST,VMALLOC,4793,127984
THE REST,VME SUBSYSTEM,8893,253569
THE REST,VMWARE BALLOON DRIVER,1937,54647
THE REST,VMWARE HYPERVISOR INTERFACE,585,16049
THE REST,VMWARE PVRDMA DRIVER,6110,171379
THE REST,VMWARE PVSCSI DRIVER,2082,57927
THE REST,VMWARE VIRTUAL PTP CLOCK DRIVER,143,3119
THE REST,VMWARE VMCI DRIVER,10259,288881
THE REST,VMWARE VMMOUSE SUBDRIVER,516,13892
THE REST,VMWARE VMXNET3 ETHERNET DRIVER,7821,222682
THE REST,VMWARE VSOCK VMCI TRANSPORT DRIVER,3467,94788
THE REST,VOCORE VOCORE2 BOARD,18,261
THE REST,VOLTAGE AND CURRENT REGULATOR FRAMEWORK,125741,3612944
THE REST,VOLTAGE AND CURRENT REGULATOR IRQ HELPERS,436,11674
THE REST,VRF,2535,64821
THE REST,VSPRINTF,6013,157444
THE REST,VT1211 HARDWARE MONITOR DRIVER,1587,46898
THE REST,VT8231 HARDWARE MONITOR DRIVER,1060,30877
THE REST,VUB300 USB to SDIO/SD/MMC bridge chip,2478,73220
THE REST,W1 DALLAS'S 1-WIRE BUS,15099,390278
THE REST,W83791D HARDWARE MONITORING DRIVER,1837,56900
THE REST,W83793 HARDWARE MONITORING DRIVER,2257,64592
THE REST,W83795 HARDWARE MONITORING DRIVER,2271,63038
THE REST,W83L51xD SD/MMC CARD INTERFACE DRIVER,2184,44891
THE REST,WACOM PROTOCOL 4 SERIAL TABLETS,617,15714
THE REST,WANGXUN ETHERNET DRIVER,9693,265034
THE REST,WATCHDOG DEVICE DRIVERS,68482,1750543
THE REST,WHISKEYCOVE PMIC GPIO DRIVER,514,13203
THE REST,WHWAVE RTC DRIVER,228,5918
THE REST,WIIMOTE HID DRIVER,5369,152438
THE REST,WILOCITY WIL6210 WIRELESS DRIVER,28858,780632
THE REST,WINBOND CIR DRIVER,1220,33703
THE REST,WINSYSTEMS EBC-C384 WATCHDOG DRIVER,142,3563
THE REST,WINSYSTEMS WS16C48 GPIO DRIVER,327,10300
THE REST,WIREGUARD SECURE NETWORK TUNNEL,8885,272660
THE REST,WISTRON LAPTOP BUTTON DRIVER,1391,34666
THE REST,WL3501 WIRELESS PCMCIA CARD DRIVER,2651,69852
THE REST,WMI BINARY MOF DRIVER,136,3745
THE REST,WOLFSON MICROELECTRONICS DRIVERS,167951,6314812
THE REST,WORKQUEUE,8391,249222
THE REST,WWAN DRIVERS,27607,763320
THE REST,X-POWERS AXP288 PMIC DRIVERS,3006,79597
THE REST,X-POWERS MULTIFUNCTION PMIC DEVICE DRIVERS,11691,333691
THE REST,X.25 STACK,8688,212435
THE REST,X86 ARCHITECTURE (32-BIT AND 64-BIT),487635,13453134
THE REST,X86 ENTRY CODE,7545,216329
THE REST,X86 HARDWARE VULNERABILITIES,6650,234085
THE REST,X86 MCE INFRASTRUCTURE,7360,182377
THE REST,X86 MICROCODE UPDATE SUPPORT,2686,62941
THE REST,X86 MM,21446,570448
THE REST,X86 PLATFORM ANDROID TABLETS DSDT FIXUP DRIVER,2528,72540
THE REST,X86 PLATFORM DRIVERS,123288,3265017
THE REST,X86 PLATFORM DRIVERS - ARCH,11658,294165
THE REST,X86 PLATFORM UV HPE SUPERDOME FLEX,9684,317658
THE REST,X86 STACK UNWINDING,2116,56125
THE REST,X86 VDSO,2061,56815
THE REST,XARRAY,44990,1623636
THE REST,XBOX DVD IR REMOTE,367,9296
THE REST,XC2028/3028 TUNER DRIVER,1737,41957
THE REST,XDP (eXpress Data Path),23028,597007
THE REST,XDP SOCKETS (AF_XDP),9425,244045
THE REST,XEN BLOCK SUBSYSTEM,5793,161455
THE REST,XEN HYPERVISOR ARM,1152,30608
THE REST,XEN HYPERVISOR ARM64,155,4715
THE REST,XEN HYPERVISOR INTERFACE,53722,1495588
THE REST,XEN HYPERVISOR X86,13445,352404
THE REST,XEN NETWORK BACKEND DRIVER,5383,141440
THE REST,XEN PCI SUBSYSTEM,1684,41239
THE REST,XEN PVSCSI DRIVERS,3462,92400
THE REST,XEN PVUSB DRIVER,2016,55490
THE REST,XEN SOUND FRONTEND DRIVER,2445,61767
THE REST,XEN SWIOTLB SUBSYSTEM,456,13132
THE REST,XFS FILESYSTEM,160683,4528784
THE REST,XILINX AMS DRIVER,1670,48555
THE REST,XILINX AXI ETHERNET DRIVER,3386,104591
THE REST,XILINX CAN DRIVER,2124,59750
THE REST,XILINX EVENT MANAGEMENT DRIVER,740,20734
THE REST,XILINX GPIO DRIVER,2053,59213
THE REST,XILINX PWM DRIVER,395,11750
THE REST,XILINX SD-FEC IP CORES,2904,88129
THE REST,XILINX UARTLITE SERIAL DRIVER,942,22663
THE REST,XILINX VIDEO IP CORES,5041,139387
THE REST,XILINX WATCHDOG DRIVER,617,16045
THE REST,XILINX XDMA DRIVER,1192,31518
THE REST,XILINX ZYNQMP DPDMA DRIVER,1867,52755
THE REST,XILINX ZYNQMP OCM EDAC DRIVER,512,13440
THE REST,XILINX ZYNQMP PSGTR PHY DRIVER,1135,29332
THE REST,XILINX ZYNQMP SHA3 DRIVER,263,6877
THE REST,XILLYBUS DRIVER,4955,119261
THE REST,XLP9XX I2C DRIVER,593,15686
THE REST,XRA1403 GPIO EXPANDER,263,6986
THE REST,XTENSA XTFPGA PLATFORM SUPPORT,801,21275
THE REST,YAM DRIVER FOR AX.25,1258,34163
THE REST,YAMA SECURITY MODULE,575,16513
THE REST,YEALINK PHONE DRIVER,1427,36008
THE REST,Z3FOLD COMPRESSED PAGE ALLOCATOR,1446,37674
THE REST,Z8530 DRIVER FOR AX.25,3107,84599
THE REST,ZBUD COMPRESSED PAGE ALLOCATOR,455,13134
THE REST,ZD1211RW WIRELESS DRIVER,8742,234412
THE REST,ZD1301 MEDIA DRIVER,289,7091
THE REST,ZD1301_DEMOD MEDIA DRIVER,601,14378
THE REST,ZHAOXIN PROCESSOR SUPPORT,133,3148
THE REST,ZONEFS FILESYSTEM,3329,98415
THE REST,ZPOOL COMPRESSED PAGE STORAGE API,458,13099
THE REST,ZR36067 VIDEO FOR LINUX DRIVER,7763,226357
THE REST,ZRAM COMPRESSED RAM BLOCK DEVICE DRVIER,3500,93473
THE REST,ZS DECSTATION Z85C30 SERIAL DRIVER,1592,41049
THE REST,ZSMALLOC COMPRESSED SLAB MEMORY ALLOCATOR,2682,72259
THE REST,ZSTD,33465,1431171
THE REST,ZSWAP COMPRESSED SWAP CACHING,1647,43823
THE REST,iSCSI BOOT FIRMWARE TABLE (iBFT) DRIVER,1006,23795
THERMAL,THERMAL,60938,1667913
THERMAL,THERMAL DRIVER FOR AMLOGIC SOCS,390,9729
THERMAL,THERMAL/CPU_COOLING,1321,39949
THERMAL,THERMAL/POWER_ALLOCATOR,1113,35837
THERMAL,TI BANDGAP AND THERMAL DRIVER,3679,114191
THERMAL DRIVER FOR AMLOGIC SOCS,THERMAL DRIVER FOR AMLOGIC SOCS,390,9729
THERMAL/CPU_COOLING,THERMAL/CPU_COOLING,1321,39949
THERMAL/POWER_ALLOCATOR,THERMAL/POWER_ALLOCATOR,1113,35837
THINKPAD ACPI EXTRAS DRIVER,THINKPAD ACPI EXTRAS DRIVER,11772,305625
THINKPAD ACPI EXTRAS DRIVER,X86 PLATFORM DRIVERS,11772,305625
THINKPAD LMI DRIVER,THINKPAD LMI DRIVER,2213,63712
THINKPAD LMI DRIVER,X86 PLATFORM DRIVERS,1750,47588
THUNDERBOLT DMA TRAFFIC TEST DRIVER,THUNDERBOLT DMA TRAFFIC TEST DRIVER,764,19412
THUNDERBOLT DMA TRAFFIC TEST DRIVER,THUNDERBOLT DRIVER,764,19412
THUNDERBOLT DRIVER,THUNDERBOLT DRIVER,36795,966082
THUNDERBOLT NETWORK DRIVER,THUNDERBOLT NETWORK DRIVER,1640,43516
THUNDERX GPIO DRIVER,THUNDERX GPIO DRIVER,602,16561
TI ADS7924 ADC DRIVER,TI ADS7924 ADC DRIVER,584,15006
TI AM437X VPFE DRIVER,TI AM437X VPFE DRIVER,3078,82096
TI BANDGAP AND THERMAL DRIVER,TI BANDGAP AND THERMAL DRIVER,3679,114191
TI BQ27XXX POWER SUPPLY DRIVER,TI BQ27XXX POWER SUPPLY DRIVER,2561,71445
TI CDCE706 CLOCK DRIVER,TI CDCE706 CLOCK DRIVER,698,18018
TI CLOCK DRIVER,TI CLOCK DRIVER,13138,378583
TI DAVINCI MACHINE SUPPORT,TI DAVINCI MACHINE SUPPORT,6844,175321
TI DAVINCI SERIES CLOCK DRIVER,TI DAVINCI SERIES CLOCK DRIVER,3451,94113
TI DAVINCI SERIES GPIO DRIVER,TI DAVINCI SERIES GPIO DRIVER,919,25263
TI DAVINCI SERIES MEDIA DRIVER,TI DAVINCI SERIES MEDIA DRIVER,4891,133407
TI ENHANCED CAPTURE (eCAP) DRIVER,TI ENHANCED CAPTURE (eCAP) DRIVER,676,17661
TI ENHANCED QUADRATURE ENCODER PULSE (eQEP) DRIVER,TI ENHANCED QUADRATURE ENCODER PULSE (eQEP) DRIVER,509,12569
TI ETHERNET SWITCH DRIVER (CPSW),TI ETHERNET SWITCH DRIVER (CPSW),14188,371756
TI FLASH MEDIA MEMORYSTICK/MMC DRIVERS,TI FLASH MEDIA MEMORYSTICK/MMC DRIVERS,2719,69811
TI FPD-LINK DRIVERS,TI FPD-LINK DRIVERS,7108,176848
TI KEYSTONE MULTICORE NAVIGATOR DRIVERS,TI KEYSTONE MULTICORE NAVIGATOR DRIVERS,9751,250285
TI LM49xxx FAMILY ASoC CODEC DRIVERS,TI LM49xxx FAMILY ASoC CODEC DRIVERS,3131,109157
TI LMP92064 ADC DRIVER,TI LMP92064 ADC DRIVER,455,12114
TI PCM3060 ASoC CODEC DRIVER,TI PCM3060 ASoC CODEC DRIVER,584,13904
TI TAS571X FAMILY ASoC CODEC DRIVER,TI TAS571X FAMILY ASoC CODEC DRIVER,1093,31560
TI TMAG5273 MAGNETOMETER DRIVER,TI TMAG5273 MAGNETOMETER DRIVER,819,22006
TI TRF7970A NFC DRIVER,TI TRF7970A NFC DRIVER,2360,65788
TI TSC2046 ADC DRIVER,TI TSC2046 ADC DRIVER,1031,26523
TI TWL4030 SERIES SOC CODEC DRIVER,TI TWL4030 SERIES SOC CODEC DRIVER,2222,69417
TI VPE/CAL DRIVERS,TI VPE/CAL DRIVERS,11623,339216
TI WILINK WIRELESS DRIVERS,TI WILINK WIRELESS DRIVERS,45013,1156181
"TIMEKEEPING, CLOCKSOURCE CORE, NTP, ALARMTIMER","TIMEKEEPING, CLOCKSOURCE CORE, NTP, ALARMTIMER",15130,410188
TIPC NETWORK LAYER,TIPC NETWORK LAYER,29446,820539
TLAN NETWORK DRIVER,TLAN NETWORK DRIVER,3961,107107
TMIO/SDHI MMC DRIVER,TMIO/SDHI MMC DRIVER,4095,117514
TMP401 HARDWARE MONITOR DRIVER,TMP401 HARDWARE MONITOR DRIVER,963,24112
TMP464 HARDWARE MONITOR DRIVER,TMP464 HARDWARE MONITOR DRIVER,898,22728
TMP513 HARDWARE MONITOR DRIVER,TMP513 HARDWARE MONITOR DRIVER,871,22354
TMPFS (SHMEM FILESYSTEM),TMPFS (SHMEM FILESYSTEM),5136,137928
TOMOYO SECURITY MODULE,TOMOYO SECURITY MODULE,12496,341379
TOPSTAR LAPTOP EXTRAS DRIVER,TOPSTAR LAPTOP EXTRAS DRIVER,399,8884
TOPSTAR LAPTOP EXTRAS DRIVER,X86 PLATFORM DRIVERS,399,8884
TORTURE-TEST MODULES,TORTURE-TEST MODULES,8768,260084
TOSHIBA ACPI EXTRAS DRIVER,TOSHIBA ACPI EXTRAS DRIVER,3622,90548
TOSHIBA ACPI EXTRAS DRIVER,X86 PLATFORM DRIVERS,3622,90548
TOSHIBA BLUETOOTH DRIVER,TOSHIBA BLUETOOTH DRIVER,297,6960
TOSHIBA BLUETOOTH DRIVER,X86 PLATFORM DRIVERS,297,6960
TOSHIBA HDD ACTIVE PROTECTION SENSOR DRIVER,TOSHIBA HDD ACTIVE PROTECTION SENSOR DRIVER,265,5863
TOSHIBA HDD ACTIVE PROTECTION SENSOR DRIVER,X86 PLATFORM DRIVERS,265,5863
TOSHIBA SMM DRIVER,TOSHIBA SMM DRIVER,599,15145
TOSHIBA TC358743 DRIVER,TOSHIBA TC358743 DRIVER,3138,97351
TOSHIBA WMI HOTKEYS DRIVER,TOSHIBA WMI HOTKEYS DRIVER,137,3012
TOSHIBA WMI HOTKEYS DRIVER,X86 PLATFORM DRIVERS,137,3012
TPM DEVICE DRIVER,TPM DEVICE DRIVER,18089,452207
TPS546D24 DRIVER,TPS546D24 DRIVER,106,2566
TQ SYSTEMS BOARD & DRIVER SUPPORT,TQ SYSTEMS BOARD & DRIVER SUPPORT,5131,129594
TQ SYSTEMS BOARD & DRIVER SUPPORT,WATCHDOG DEVICE DRIVERS,126,3014
TRACING,TRACING,164237,4471224
TRACING,TRACING MMIO ACCESSES (MMIOTRACE),362,8908
TRACING,TRACING OS NOISE / LATENCY TRACERS,6266,166370
TRACING,WATCHDOG DEVICE DRIVERS,66,1487
TRACING,XDP (eXpress Data Path),427,10294
TRACING MMIO ACCESSES (MMIOTRACE),TRACING MMIO ACCESSES (MMIOTRACE),1715,43652
TRACING MMIO ACCESSES (MMIOTRACE),X86 ARCHITECTURE (32-BIT AND 64-BIT),1241,31622
TRACING MMIO ACCESSES (MMIOTRACE),X86 MM,1241,31622
TRACING OS NOISE / LATENCY TRACERS,TRACING OS NOISE / LATENCY TRACERS,6533,174658
TRACING OS NOISE / LATENCY TRACERS,X86 ARCHITECTURE (32-BIT AND 64-BIT),234,7573
TRADITIONAL CHINESE DOCUMENTATION,TRADITIONAL CHINESE DOCUMENTATION,12339,578104
TTY LAYER AND SERIAL DRIVERS,TTY LAYER AND SERIAL DRIVERS,197076,5132465
TTY LAYER AND SERIAL DRIVERS,XILINX UARTLITE SERIAL DRIVER,942,22663
TTY LAYER AND SERIAL DRIVERS,ZS DECSTATION Z85C30 SERIAL DRIVER,1592,41049
TUA9001 MEDIA DRIVER,TUA9001 MEDIA DRIVER,339,6899
TULIP NETWORK DRIVERS,TULIP NETWORK DRIVERS,14449,401919
TUN/TAP driver,TUN/TAP driver,6155,145821
TUN/TAP driver,USER-MODE LINUX (UML),704,16197
TURBOCHANNEL SUBSYSTEM,TURBOCHANNEL SUBSYSTEM,467,12264
TURBOSTAT UTILITY,TURBOSTAT UTILITY,7191,199466
TW5864 VIDEO4LINUX DRIVER,TW5864 VIDEO4LINUX DRIVER,4479,135931
TW68 VIDEO4LINUX DRIVER,TW68 VIDEO4LINUX DRIVER,2064,59765
TW686X VIDEO4LINUX DRIVER,TW686X VIDEO4LINUX DRIVER,2508,66686
U-BOOT ENVIRONMENT VARIABLES,U-BOOT ENVIRONMENT VARIABLES,360,9061
UACCE ACCELERATOR FRAMEWORK,UACCE ACCELERATOR FRAMEWORK,1134,31401
UBI FILE SYSTEM (UBIFS),UBI FILE SYSTEM (UBIFS),40242,1130551
UBLK USERSPACE BLOCK DRIVER,UBLK USERSPACE BLOCK DRIVER,3663,99200
UCLINUX (M68KNOMMU AND COLDFIRE),UCLINUX (M68KNOMMU AND COLDFIRE),12031,520966
UDF FILESYSTEM,UDF FILESYSTEM,11109,301727
UDRAW TABLET,UDRAW TABLET,466,11580
UFS FILESYSTEM,UFS FILESYSTEM,7578,217030
UHID USERSPACE HID IO DRIVER,UHID USERSPACE HID IO DRIVER,1021,24203
ULPI BUS,ULPI BUS,599,16082
ULPI BUS,USB SUBSYSTEM,380,9607
UNICODE SUBSYSTEM,UNICODE SUBSYSTEM,8875,448467
UNIFDEF,UNIFDEF,1225,35637
UNIFORM CDROM DRIVER,UNIFORM CDROM DRIVER,6208,191321
UNIVERSAL FLASH STORAGE HOST CONTROLLER DRIVER,UNIVERSAL FLASH STORAGE HOST CONTROLLER DRIVER,15611,429530
UNIVERSAL FLASH STORAGE HOST CONTROLLER DRIVER,UNIVERSAL FLASH STORAGE HOST CONTROLLER DRIVER QUALCOMM HOOKS,322,7768
UNIVERSAL FLASH STORAGE HOST CONTROLLER DRIVER DWC HOOKS,UNIVERSAL FLASH STORAGE HOST CONTROLLER DRIVER DWC HOOKS,780,21469
UNIVERSAL FLASH STORAGE HOST CONTROLLER DRIVER EXYNOS HOOKS,UNIVERSAL FLASH STORAGE HOST CONTROLLER DRIVER EXYNOS HOOKS,2041,58045
UNIVERSAL FLASH STORAGE HOST CONTROLLER DRIVER MEDIATEK HOOKS,UNIVERSAL FLASH STORAGE HOST CONTROLLER DRIVER MEDIATEK HOOKS,2152,51415
UNIVERSAL FLASH STORAGE HOST CONTROLLER DRIVER QUALCOMM HOOKS,UNIVERSAL FLASH STORAGE HOST CONTROLLER DRIVER QUALCOMM HOOKS,2539,65037
UNIVERSAL FLASH STORAGE HOST CONTROLLER DRIVER RENESAS HOOKS,UNIVERSAL FLASH STORAGE HOST CONTROLLER DRIVER RENESAS HOOKS,412,11746
UNSORTED BLOCK IMAGES (UBI),UNSORTED BLOCK IMAGES (UBI),19660,557768
USB ACM DRIVER,USB ACM DRIVER,2358,66552
USB ACM DRIVER,USB SUBSYSTEM,2358,66552
USB APPLE MFI FASTCHARGE DRIVER,USB APPLE MFI FASTCHARGE DRIVER,241,5820
USB APPLE MFI FASTCHARGE DRIVER,USB SUBSYSTEM,241,5820
USB AR5523 WIRELESS DRIVER,USB AR5523 WIRELESS DRIVER,2400,64112
USB ATTACHED SCSI,USB ATTACHED SCSI,1282,34480
USB ATTACHED SCSI,USB MASS STORAGE DRIVER,1282,34480
USB ATTACHED SCSI,USB SUBSYSTEM,1282,34480
USB CDC ETHERNET DRIVER,USB CDC ETHERNET DRIVER,4922,145179
USB CDC ETHERNET DRIVER,USB NETWORKING DRIVERS,4461,131704
USB CDC ETHERNET DRIVER,USB SUBSYSTEM,461,13475
USB CHAOSKEY DRIVER,USB CHAOSKEY DRIVER,583,13648
USB CHAOSKEY DRIVER,USB SUBSYSTEM,583,13648
USB CYPRESS C67X00 DRIVER,USB CYPRESS C67X00 DRIVER,2646,68254
USB CYPRESS C67X00 DRIVER,USB SUBSYSTEM,2646,68254
USB DAVICOM DM9601 DRIVER,USB DAVICOM DM9601 DRIVER,657,15877
USB DAVICOM DM9601 DRIVER,USB NETWORKING DRIVERS,657,15877
USB EHCI DRIVER,USB EHCI DRIVER,15102,408759
USB EHCI DRIVER,USB SUBSYSTEM,15102,408759
"USB HID/HIDBP DRIVERS (USB KEYBOARDS, MICE, REMOTE CONTROLS, ...)","USB HID/HIDBP DRIVERS (USB KEYBOARDS, MICE, REMOTE CONTROLS, ...)",5064,138780
USB INTEL XHCI ROLE MUX DRIVER,USB INTEL XHCI ROLE MUX DRIVER,227,5676
USB INTEL XHCI ROLE MUX DRIVER,USB SUBSYSTEM,227,5676
USB IP DRIVER FOR HISILICON KIRIN 960,USB IP DRIVER FOR HISILICON KIRIN 960,285,7087
USB IP DRIVER FOR HISILICON KIRIN 970,USB IP DRIVER FOR HISILICON KIRIN 970,726,17389
USB ISP116X DRIVER,USB ISP116X DRIVER,2324,63200
USB ISP116X DRIVER,USB SUBSYSTEM,2324,63200
USB ISP1760 DRIVER,USB ISP1760 DRIVER,5887,157399
USB ISP1760 DRIVER,USB SUBSYSTEM,5887,157399
USB LAN78XX ETHERNET DRIVER,USB LAN78XX ETHERNET DRIVER,6025,154924
USB LAN78XX ETHERNET DRIVER,USB NETWORKING DRIVERS,5951,152812
USB MASS STORAGE DRIVER,USB MASS STORAGE DRIVER,23305,644120
USB MASS STORAGE DRIVER,USB SUBSYSTEM,23305,644120
USB MIDI DRIVER,USB MIDI DRIVER,3943,111214
USB NETWORKING DRIVERS,USB NETWORKING DRIVERS,54015,1433127
USB NETWORKING DRIVERS,USB PEGASUS DRIVER,1640,43695
USB NETWORKING DRIVERS,USB QMI WWAN NETWORK DRIVER,1598,56756
USB NETWORKING DRIVERS,USB RTL8150 DRIVER,957,22736
USB NETWORKING DRIVERS,USB SMSC75XX ETHERNET DRIVER,2763,71542
USB NETWORKING DRIVERS,USB SMSC95XX ETHERNET DRIVER,2483,67609
USB NETWORKING DRIVERS,USB USBNET DRIVER FRAMEWORK,2232,59662
USB OHCI DRIVER,USB OHCI DRIVER,10817,283101
USB OHCI DRIVER,USB SUBSYSTEM,10817,283101
USB OTG FSM (Finite State Machine),USB OTG FSM (Finite State Machine),452,12030
USB OTG FSM (Finite State Machine),USB SUBSYSTEM,452,12030
USB OVER IP DRIVER,USB OVER IP DRIVER,15688,406100
USB OVER IP DRIVER,USB SUBSYSTEM,9193,239177
USB PEGASUS DRIVER,USB PEGASUS DRIVER,1640,43695
USB PRINTER DRIVER (usblp),USB PRINTER DRIVER (usblp),1474,40358
USB PRINTER DRIVER (usblp),USB SUBSYSTEM,1474,40358
USB QMI WWAN NETWORK DRIVER,USB QMI WWAN NETWORK DRIVER,1674,59122
USB RAW GADGET DRIVER,USB RAW GADGET DRIVER,1668,44559
USB RAW GADGET DRIVER,USB SUBSYSTEM,1668,44559
USB RTL8150 DRIVER,USB RTL8150 DRIVER,957,22736
USB SERIAL SUBSYSTEM,USB SERIAL SUBSYSTEM,60271,1839463
USB SERIAL SUBSYSTEM,USB SUBSYSTEM,60271,1839463
USB SMSC75XX ETHERNET DRIVER,USB SMSC75XX ETHERNET DRIVER,2763,71542
USB SMSC95XX ETHERNET DRIVER,USB SMSC95XX ETHERNET DRIVER,2483,67609
USB SUBSYSTEM,USB SUBSYSTEM,614555,16857098
USB SUBSYSTEM,USB TYPEC BUS FOR ALTERNATE MODES,928,24540
USB SUBSYSTEM,USB TYPEC CLASS,33369,879048
USB SUBSYSTEM,USB TYPEC INTEL PMC MUX DRIVER,827,21662
USB SUBSYSTEM,USB TYPEC PI3USB30532 MUX DRIVER,190,4302
USB SUBSYSTEM,USB TYPEC PORT CONTROLLER DRIVERS,14038,377892
USB SUBSYSTEM,USB UHCI DRIVER,5216,142686
USB SUBSYSTEM,USB USBNET DRIVER FRAMEWORK,285,9880
USB SUBSYSTEM,USB WEBCAM GADGET,7247,196269
USB SUBSYSTEM,USB XHCI DRIVER,29956,847367
USB SUBSYSTEM,XEN PVUSB DRIVER,1611,38602
USB TYPEC BUS FOR ALTERNATE MODES,USB TYPEC BUS FOR ALTERNATE MODES,1101,31479
USB TYPEC BUS FOR ALTERNATE MODES,USB TYPEC CLASS,737,17900
USB TYPEC CLASS,USB TYPEC CLASS,33951,903059
USB TYPEC CLASS,USB TYPEC INTEL PMC MUX DRIVER,827,21662
USB TYPEC CLASS,USB TYPEC PI3USB30532 MUX DRIVER,190,4302
USB TYPEC CLASS,USB TYPEC PORT CONTROLLER DRIVERS,14038,377892
USB TYPEC INTEL PMC MUX DRIVER,USB TYPEC INTEL PMC MUX DRIVER,980,26523
USB TYPEC PI3USB30532 MUX DRIVER,USB TYPEC PI3USB30532 MUX DRIVER,190,4302
USB TYPEC PORT CONTROLLER DRIVERS,USB TYPEC PORT CONTROLLER DRIVERS,14038,377892
USB UHCI DRIVER,USB UHCI DRIVER,5216,142686
USB USBNET DRIVER FRAMEWORK,USB USBNET DRIVER FRAMEWORK,2517,69542
USB VIDEO CLASS,USB VIDEO CLASS,12209,329351
USB WEBCAM GADGET,USB WEBCAM GADGET,7247,196269
USB WIRELESS RNDIS DRIVER (rndis_wlan),USB WIRELESS RNDIS DRIVER (rndis_wlan),3760,101779
USB XHCI DRIVER,USB XHCI DRIVER,29956,847367
USB ZD1201 DRIVER,USB ZD1201 DRIVER,2053,50261
USER DATAGRAM PROTOCOL (UDP),USER DATAGRAM PROTOCOL (UDP),5615,145072
USER-MODE LINUX (UML),USER-MODE LINUX (UML),41949,1006788
USER-MODE LINUX (UML),X86 ARCHITECTURE (32-BIT AND 64-BIT),5276,123740
USERSPACE COPYIN/COPYOUT (UIOVEC),USERSPACE COPYIN/COPYOUT (UIOVEC),2290,60537
USERSPACE DMA BUFFER DRIVER,USERSPACE DMA BUFFER DRIVER,428,9678
USERSPACE I/O (UIO),USERSPACE I/O (UIO),5078,141504
UTIL-LINUX PACKAGE,UTIL-LINUX PACKAGE,0,0
UUID HELPERS,UUID HELPERS,376,9024
UV SYSFS DRIVER,UV SYSFS DRIVER,931,22245
UV SYSFS DRIVER,X86 PLATFORM DRIVERS,931,22245
UVESAFB DRIVER,UVESAFB DRIVER,2188,57190
Ux500 CLOCK DRIVERS,Ux500 CLOCK DRIVERS,1867,50957
V4L2 ASYNC AND FWNODE FRAMEWORKS,V4L2 ASYNC AND FWNODE FRAMEWORKS,2985,84175
V4L2 CAMERA SENSOR DRIVERS,V4L2 CAMERA SENSOR DRIVERS,96154,2350664
V4L2 LENS DRIVERS,V4L2 LENS DRIVERS,3077,78037
VF610 NAND DRIVER,VF610 NAND DRIVER,953,25931
VFAT/FAT/MSDOS FILESYSTEM,VFAT/FAT/MSDOS FILESYSTEM,9124,242737
VFIO CDX DRIVER,VFIO CDX DRIVER,286,7199
VFIO CDX DRIVER,VFIO DRIVER,286,7199
VFIO DRIVER,VFIO DRIVER,30307,823499
VFIO DRIVER,VFIO FSL-MC DRIVER,871,21762
VFIO DRIVER,VFIO HISILICON PCI DRIVER,1603,41230
VFIO DRIVER,VFIO MEDIATED DEVICE DRIVERS,694,16783
VFIO DRIVER,VFIO MLX5 PCI DRIVER,3246,86852
VFIO DRIVER,VFIO PCI DEVICE SPECIFIC DRIVERS,6976,185002
VFIO DRIVER,VFIO PDS PCI DRIVER,2127,56920
VFIO DRIVER,VFIO PLATFORM DRIVER,1801,45073
VFIO FSL-MC DRIVER,VFIO FSL-MC DRIVER,871,21762
VFIO HISILICON PCI DRIVER,VFIO HISILICON PCI DRIVER,1603,41230
VFIO HISILICON PCI DRIVER,VFIO PCI DEVICE SPECIFIC DRIVERS,1603,41230
VFIO MEDIATED DEVICE DRIVERS,VFIO MEDIATED DEVICE DRIVERS,5034,125631
VFIO MLX5 PCI DRIVER,VFIO MLX5 PCI DRIVER,3246,86852
VFIO MLX5 PCI DRIVER,VFIO PCI DEVICE SPECIFIC DRIVERS,3246,86852
VFIO PCI DEVICE SPECIFIC DRIVERS,VFIO PCI DEVICE SPECIFIC DRIVERS,6976,185002
VFIO PCI DEVICE SPECIFIC DRIVERS,VFIO PDS PCI DRIVER,2127,56920
VFIO PDS PCI DRIVER,VFIO PDS PCI DRIVER,2206,59171
VFIO PLATFORM DRIVER,VFIO PLATFORM DRIVER,1801,45073
VGA_SWITCHEROO,VGA_SWITCHEROO,1375,44474
VIA RHINE NETWORK DRIVER,VIA RHINE NETWORK DRIVER,2631,70742
VIA SD/MMC CARD CONTROLLER DRIVER,VIA SD/MMC CARD CONTROLLER DRIVER,1314,35150
VIA UNICHROME(PRO)/CHROME9 FRAMEBUFFER DRIVER,VIA UNICHROME(PRO)/CHROME9 FRAMEBUFFER DRIVER,12069,342130
VIA VELOCITY NETWORK DRIVER,VIA VELOCITY NETWORK DRIVER,5272,136835
VICODEC VIRTUAL CODEC DRIVER,VICODEC VIRTUAL CODEC DRIVER,3758,104194
VIDEO I2C POLLING DRIVER,VIDEO I2C POLLING DRIVER,971,23824
VIDEO MULTIPLEXER DRIVER,VIDEO MULTIPLEXER DRIVER,497,13625
VIDEOBUF2 FRAMEWORK,VIDEOBUF2 FRAMEWORK,8983,253863
VIDTV VIRTUAL DIGITAL TV DRIVER,VIDTV VIRTUAL DIGITAL TV DRIVER,7655,212128
VIMC VIRTUAL MEDIA CONTROLLER DRIVER,VIMC VIRTUAL MEDIA CONTROLLER DRIVER,3528,94252
VIRT LIB,VIRT LIB,271,6093
VIRTIO AND VHOST VSOCK DRIVER,VIRTIO AND VHOST VSOCK DRIVER,3625,90293
VIRTIO AND VHOST VSOCK DRIVER,VIRTIO CORE AND NET DRIVERS,353,10350
VIRTIO AND VHOST VSOCK DRIVER,VIRTIO HOST (VHOST),949,24228
VIRTIO AND VHOST VSOCK DRIVER,VM SOCKETS (AF_VSOCK),2323,55715
VIRTIO BALLOON,VIRTIO BALLOON,1691,53066
VIRTIO BALLOON,VIRTIO CORE AND NET DRIVERS,1247,38518
VIRTIO BLOCK AND SCSI DRIVERS,VIRTIO BLOCK AND SCSI DRIVERS,3276,88150
VIRTIO BLOCK AND SCSI DRIVERS,VIRTIO CORE AND NET DRIVERS,2234,60724
VIRTIO CONSOLE DRIVER,VIRTIO CONSOLE DRIVER,2407,60921
VIRTIO CONSOLE DRIVER,VIRTIO CORE AND NET DRIVERS,116,5145
VIRTIO CORE AND NET DRIVERS,VIRTIO CORE AND NET DRIVERS,50813,1361898
VIRTIO CORE AND NET DRIVERS,VIRTIO CRYPTO DRIVER,2868,78924
VIRTIO CORE AND NET DRIVERS,VIRTIO FILE SYSTEM,22,588
VIRTIO CORE AND NET DRIVERS,VIRTIO GPIO DRIVER,72,1714
VIRTIO CORE AND NET DRIVERS,VIRTIO GPU DRIVER,456,11454
VIRTIO CORE AND NET DRIVERS,VIRTIO I2C DRIVER,47,1201
VIRTIO CORE AND NET DRIVERS,VIRTIO INPUT DRIVER,490,13834
VIRTIO CORE AND NET DRIVERS,VIRTIO IOMMU DRIVER,171,3941
VIRTIO CORE AND NET DRIVERS,VIRTIO MEM DRIVER,3222,90051
VIRTIO CORE AND NET DRIVERS,VIRTIO SOUND DRIVER,334,9304
VIRTIO CRYPTO DRIVER,VIRTIO CRYPTO DRIVER,2868,78924
VIRTIO DRIVERS FOR S390,VIRTIO DRIVERS FOR S390,1559,40337
VIRTIO FILE SYSTEM,VIRTIO FILE SYSTEM,1640,41923
VIRTIO GPIO DRIVER,VIRTIO GPIO DRIVER,736,19097
VIRTIO GPU DRIVER,VIRTIO GPU DRIVER,6161,172091
VIRTIO HOST (VHOST),VIRTIO HOST (VHOST),13027,332073
VIRTIO HOST (VHOST),VIRTIO HOST (VHOST-SCSI),2637,69079
VIRTIO HOST (VHOST-SCSI),VIRTIO HOST (VHOST-SCSI),2637,69079
VIRTIO I2C DRIVER,VIRTIO I2C DRIVER,325,8035
VIRTIO INPUT DRIVER,VIRTIO INPUT DRIVER,490,13834
VIRTIO IOMMU DRIVER,VIRTIO IOMMU DRIVER,1419,35272
VIRTIO MEM DRIVER,VIRTIO MEM DRIVER,3222,90051
VIRTIO PMEM DRIVER,VIRTIO PMEM DRIVER,262,7156
VIRTIO SOUND DRIVER,VIRTIO SOUND DRIVER,3261,87981
VIRTUAL BOX GUEST DEVICE DRIVER,VIRTUAL BOX GUEST DEVICE DRIVER,4712,139923
VIRTUAL BOX SHARED FOLDER VFS DRIVER,VIRTUAL BOX SHARED FOLDER VFS DRIVER,3372,85775
VIRTUAL PCM TEST DRIVER,VIRTUAL PCM TEST DRIVER,1217,36043
VIRTUAL SERIO DEVICE DRIVER,VIRTUAL SERIO DEVICE DRIVER,330,8194
VISL VIRTUAL STATELESS DECODER DRIVER,VISL VIRTUAL STATELESS DECODER DRIVER,3641,110985
VIVID VIRTUAL VIDEO DRIVER,VIVID VIRTUAL VIDEO DRIVER,14368,421823
VLYNQ BUS,VLYNQ BUS,948,22364
VM SOCKETS (AF_VSOCK),VM SOCKETS (AF_VSOCK),14028,348386
VM SOCKETS (AF_VSOCK),VMWARE VSOCK VMCI TRANSPORT DRIVER,3467,94788
VMALLOC,VMALLOC,4793,127984
VME SUBSYSTEM,VME SUBSYSTEM,8893,253569
VMWARE BALLOON DRIVER,VMWARE BALLOON DRIVER,1937,54647
VMWARE HYPERVISOR INTERFACE,VMWARE HYPERVISOR INTERFACE,585,16049
VMWARE HYPERVISOR INTERFACE,X86 ARCHITECTURE (32-BIT AND 64-BIT),585,16049
VMWARE PVRDMA DRIVER,VMWARE PVRDMA DRIVER,6110,171379
VMWARE PVSCSI DRIVER,VMWARE PVSCSI DRIVER,2082,57927
VMWARE VIRTUAL PTP CLOCK DRIVER,VMWARE VIRTUAL PTP CLOCK DRIVER,143,3119
VMWARE VMCI DRIVER,VMWARE VMCI DRIVER,10259,288881
VMWARE VMMOUSE SUBDRIVER,VMWARE VMMOUSE SUBDRIVER,516,13892
VMWARE VMXNET3 ETHERNET DRIVER,VMWARE VMXNET3 ETHERNET DRIVER,7821,222682
VMWARE VSOCK VMCI TRANSPORT DRIVER,VMWARE VSOCK VMCI TRANSPORT DRIVER,3467,94788
VOCORE VOCORE2 BOARD,VOCORE VOCORE2 BOARD,18,261
VOLTAGE AND CURRENT REGULATOR FRAMEWORK,VOLTAGE AND CURRENT REGULATOR FRAMEWORK,125741,3612944
VOLTAGE AND CURRENT REGULATOR FRAMEWORK,VOLTAGE AND CURRENT REGULATOR IRQ HELPERS,436,11674
VOLTAGE AND CURRENT REGULATOR FRAMEWORK,WOLFSON MICROELECTRONICS DRIVERS,4502,114201
VOLTAGE AND CURRENT REGULATOR FRAMEWORK,X-POWERS MULTIFUNCTION PMIC DEVICE DRIVERS,1649,60354
VOLTAGE AND CURRENT REGULATOR IRQ HELPERS,VOLTAGE AND CURRENT REGULATOR IRQ HELPERS,436,11674
VRF,VRF,2535,64821
VSPRINTF,VSPRINTF,6013,157444
VT1211 HARDWARE MONITOR DRIVER,VT1211 HARDWARE MONITOR DRIVER,1587,46898
VT8231 HARDWARE MONITOR DRIVER,VT8231 HARDWARE MONITOR DRIVER,1060,30877
VUB300 USB to SDIO/SD/MMC bridge chip,VUB300 USB to SDIO/SD/MMC bridge chip,2478,73220
W1 DALLAS'S 1-WIRE BUS,W1 DALLAS'S 1-WIRE BUS,15099,390278
W83791D HARDWARE MONITORING DRIVER,W83791D HARDWARE MONITORING DRIVER,1837,56900
W83793 HARDWARE MONITORING DRIVER,W83793 HARDWARE MONITORING DRIVER,2257,64592
W83795 HARDWARE MONITORING DRIVER,W83795 HARDWARE MONITORING DRIVER,2271,63038
W83L51xD SD/MMC CARD INTERFACE DRIVER,W83L51xD SD/MMC CARD INTERFACE DRIVER,2184,44891
WACOM PROTOCOL 4 SERIAL TABLETS,WACOM PROTOCOL 4 SERIAL TABLETS,617,15714
WANGXUN ETHERNET DRIVER,WANGXUN ETHERNET DRIVER,9693,265034
WATCHDOG DEVICE DRIVERS,WATCHDOG DEVICE DRIVERS,68482,1750543
WATCHDOG DEVICE DRIVERS,WINSYSTEMS EBC-C384 WATCHDOG DRIVER,142,3563
WATCHDOG DEVICE DRIVERS,WOLFSON MICROELECTRONICS DRIVERS,429,10301
WATCHDOG DEVICE DRIVERS,XILINX WATCHDOG DRIVER,617,16045
WHISKEYCOVE PMIC GPIO DRIVER,WHISKEYCOVE PMIC GPIO DRIVER,514,13203
WHWAVE RTC DRIVER,WHWAVE RTC DRIVER,228,5918
WIIMOTE HID DRIVER,WIIMOTE HID DRIVER,5369,152438
WILOCITY WIL6210 WIRELESS DRIVER,WILOCITY WIL6210 WIRELESS DRIVER,28858,780632
WINBOND CIR DRIVER,WINBOND CIR DRIVER,1220,33703
WINSYSTEMS EBC-C384 WATCHDOG DRIVER,WINSYSTEMS EBC-C384 WATCHDOG DRIVER,142,3563
WINSYSTEMS WS16C48 GPIO DRIVER,WINSYSTEMS WS16C48 GPIO DRIVER,327,10300
WIREGUARD SECURE NETWORK TUNNEL,WIREGUARD SECURE NETWORK TUNNEL,8885,272660
WISTRON LAPTOP BUTTON DRIVER,WISTRON LAPTOP BUTTON DRIVER,1391,34666
WL3501 WIRELESS PCMCIA CARD DRIVER,WL3501 WIRELESS PCMCIA CARD DRIVER,2651,69852
WMI BINARY MOF DRIVER,WMI BINARY MOF DRIVER,136,3745
WMI BINARY MOF DRIVER,X86 PLATFORM DRIVERS,104,2547
WOLFSON MICROELECTRONICS DRIVERS,WOLFSON MICROELECTRONICS DRIVERS,167951,6314812
WORKQUEUE,WORKQUEUE,8391,249222
WWAN DRIVERS,WWAN DRIVERS,27607,763320
X-POWERS AXP288 PMIC DRIVERS,X-POWERS AXP288 PMIC DRIVERS,3006,79597
X-POWERS AXP288 PMIC DRIVERS,X-POWERS MULTIFUNCTION PMIC DEVICE DRIVERS,2639,71292
X-POWERS MULTIFUNCTION PMIC DEVICE DRIVERS,X-POWERS MULTIFUNCTION PMIC DEVICE DRIVERS,11691,333691
X.25 STACK,X.25 STACK,8688,212435
X86 ARCHITECTURE (32-BIT AND 64-BIT),X86 ARCHITECTURE (32-BIT AND 64-BIT),487635,13453134
X86 ARCHITECTURE (32-BIT AND 64-BIT),X86 ENTRY CODE,7545,216329
X86 ARCHITECTURE (32-BIT AND 64-BIT),X86 HARDWARE VULNERABILITIES,3443,98522
X86 ARCHITECTURE (32-BIT AND 64-BIT),X86 MCE INFRASTRUCTURE,7263,179118
X86 ARCHITECTURE (32-BIT AND 64-BIT),X86 MICROCODE UPDATE SUPPORT,2686,62941
X86 ARCHITECTURE (32-BIT AND 64-BIT),X86 MM,21446,570448
X86 ARCHITECTURE (32-BIT AND 64-BIT),X86 PLATFORM DRIVERS - ARCH,11658,294165
X86 ARCHITECTURE (32-BIT AND 64-BIT),X86 PLATFORM UV HPE SUPERDOME FLEX,9684,317658
X86 ARCHITECTURE (32-BIT AND 64-BIT),X86 STACK UNWINDING,2116,56125
X86 ARCHITECTURE (32-BIT AND 64-BIT),X86 VDSO,2061,56815
X86 ARCHITECTURE (32-BIT AND 64-BIT),XEN HYPERVISOR X86,13445,352404
X86 ARCHITECTURE (32-BIT AND 64-BIT),XEN PCI SUBSYSTEM,590,15056
X86 ARCHITECTURE (32-BIT AND 64-BIT),XEN SWIOTLB SUBSYSTEM,11,404
X86 ARCHITECTURE (32-BIT AND 64-BIT),ZHAOXIN PROCESSOR SUPPORT,133,3148
X86 ENTRY CODE,X86 ENTRY CODE,7545,216329
X86 ENTRY CODE,X86 VDSO,2061,56815
X86 HARDWARE VULNERABILITIES,X86 HARDWARE VULNERABILITIES,6650,234085
X86 MCE INFRASTRUCTURE,X86 MCE INFRASTRUCTURE,7360,182377
X86 MICROCODE UPDATE SUPPORT,X86 MICROCODE UPDATE SUPPORT,2686,62941
X86 MM,X86 MM,21446,570448
X86 PLATFORM ANDROID TABLETS DSDT FIXUP DRIVER,X86 PLATFORM ANDROID TABLETS DSDT FIXUP DRIVER,2528,72540
X86 PLATFORM ANDROID TABLETS DSDT FIXUP DRIVER,X86 PLATFORM DRIVERS,2528,72540
X86 PLATFORM DRIVERS,X86 PLATFORM DRIVERS,123288,3265017
X86 PLATFORM DRIVERS - ARCH,X86 PLATFORM DRIVERS - ARCH,11658,294165
X86 PLATFORM DRIVERS - ARCH,X86 PLATFORM UV HPE SUPERDOME FLEX,1972,50827
X86 PLATFORM DRIVERS - ARCH,XEN HYPERVISOR X86,308,7966
X86 PLATFORM UV HPE SUPERDOME FLEX,X86 PLATFORM UV HPE SUPERDOME FLEX,9684,317658
X86 STACK UNWINDING,X86 STACK UNWINDING,2116,56125
X86 VDSO,X86 VDSO,2061,56815
XARRAY,XARRAY,44990,1623636
XBOX DVD IR REMOTE,XBOX DVD IR REMOTE,367,9296
XC2028/3028 TUNER DRIVER,XC2028/3028 TUNER DRIVER,1737,41957
XDP (eXpress Data Path),XDP (eXpress Data Path),23028,597007
XDP (eXpress Data Path),XDP SOCKETS (AF_XDP),5,104
XDP SOCKETS (AF_XDP),XDP SOCKETS (AF_XDP),9425,244045
XEN BLOCK SUBSYSTEM,XEN BLOCK SUBSYSTEM,5793,161455
XEN BLOCK SUBSYSTEM,XEN HYPERVISOR INTERFACE,2647,73120
XEN HYPERVISOR ARM,XEN HYPERVISOR ARM,1152,30608
XEN HYPERVISOR ARM,XEN SWIOTLB SUBSYSTEM,1,33
XEN HYPERVISOR ARM64,XEN HYPERVISOR ARM64,155,4715
XEN HYPERVISOR ARM64,XEN SWIOTLB SUBSYSTEM,1,33
XEN HYPERVISOR INTERFACE,XEN HYPERVISOR INTERFACE,53722,1495588
XEN HYPERVISOR INTERFACE,XEN PCI SUBSYSTEM,1094,26183
XEN HYPERVISOR INTERFACE,XEN PVSCSI DRIVERS,3462,92400
XEN HYPERVISOR INTERFACE,XEN PVUSB DRIVER,405,16888
XEN HYPERVISOR INTERFACE,XEN SWIOTLB SUBSYSTEM,443,12662
XEN HYPERVISOR X86,XEN HYPERVISOR X86,13445,352404
XEN HYPERVISOR X86,XEN SWIOTLB SUBSYSTEM,11,404
XEN NETWORK BACKEND DRIVER,XEN NETWORK BACKEND DRIVER,5383,141440
XEN PCI SUBSYSTEM,XEN PCI SUBSYSTEM,1684,41239
XEN PVSCSI DRIVERS,XEN PVSCSI DRIVERS,3462,92400
XEN PVUSB DRIVER,XEN PVUSB DRIVER,2016,55490
XEN SOUND FRONTEND DRIVER,XEN SOUND FRONTEND DRIVER,2445,61767
XEN SWIOTLB SUBSYSTEM,XEN SWIOTLB SUBSYSTEM,456,13132
XFS FILESYSTEM,XFS FILESYSTEM,160683,4528784
XILINX AMS DRIVER,XILINX AMS DRIVER,1670,48555
XILINX AXI ETHERNET DRIVER,XILINX AXI ETHERNET DRIVER,3386,104591
XILINX CAN DRIVER,XILINX CAN DRIVER,2124,59750
XILINX EVENT MANAGEMENT DRIVER,XILINX EVENT MANAGEMENT DRIVER,740,20734
XILINX GPIO DRIVER,XILINX GPIO DRIVER,2053,59213
XILINX PWM DRIVER,XILINX PWM DRIVER,395,11750
XILINX SD-FEC IP CORES,XILINX SD-FEC IP CORES,2904,88129
XILINX UARTLITE SERIAL DRIVER,XILINX UARTLITE SERIAL DRIVER,942,22663
XILINX VIDEO IP CORES,XILINX VIDEO IP CORES,5041,139387
XILINX WATCHDOG DRIVER,XILINX WATCHDOG DRIVER,617,16045
XILINX XDMA DRIVER,XILINX XDMA DRIVER,1192,31518
XILINX ZYNQMP DPDMA DRIVER,XILINX ZYNQMP DPDMA DRIVER,1867,52755
XILINX ZYNQMP OCM EDAC DRIVER,XILINX ZYNQMP OCM EDAC DRIVER,512,13440
XILINX ZYNQMP PSGTR PHY DRIVER,XILINX ZYNQMP PSGTR PHY DRIVER,1135,29332
XILINX ZYNQMP SHA3 DRIVER,XILINX ZYNQMP SHA3 DRIVER,263,6877
XILLYBUS DRIVER,XILLYBUS DRIVER,4955,119261
XLP9XX I2C DRIVER,XLP9XX I2C DRIVER,593,15686
XRA1403 GPIO EXPANDER,XRA1403 GPIO EXPANDER,263,6986
XTENSA XTFPGA PLATFORM SUPPORT,XTENSA XTFPGA PLATFORM SUPPORT,801,21275
YAM DRIVER FOR AX.25,YAM DRIVER FOR AX.25,1258,34163
YAMA SECURITY MODULE,YAMA SECURITY MODULE,575,16513
YEALINK PHONE DRIVER,YEALINK PHONE DRIVER,1427,36008
Z3FOLD COMPRESSED PAGE ALLOCATOR,Z3FOLD COMPRESSED PAGE ALLOCATOR,1446,37674
Z8530 DRIVER FOR AX.25,Z8530 DRIVER FOR AX.25,3107,84599
ZBUD COMPRESSED PAGE ALLOCATOR,ZBUD COMPRESSED PAGE ALLOCATOR,455,13134
ZD1211RW WIRELESS DRIVER,ZD1211RW WIRELESS DRIVER,8742,234412
ZD1301 MEDIA DRIVER,ZD1301 MEDIA DRIVER,289,7091
ZD1301_DEMOD MEDIA DRIVER,ZD1301_DEMOD MEDIA DRIVER,601,14378
ZHAOXIN PROCESSOR SUPPORT,ZHAOXIN PROCESSOR SUPPORT,133,3148
ZONEFS FILESYSTEM,ZONEFS FILESYSTEM,3329,98415
ZPOOL COMPRESSED PAGE STORAGE API,ZPOOL COMPRESSED PAGE STORAGE API,458,13099
ZR36067 VIDEO FOR LINUX DRIVER,ZR36067 VIDEO FOR LINUX DRIVER,7763,226357
ZRAM COMPRESSED RAM BLOCK DEVICE DRVIER,ZRAM COMPRESSED RAM BLOCK DEVICE DRVIER,3500,93473
ZS DECSTATION Z85C30 SERIAL DRIVER,ZS DECSTATION Z85C30 SERIAL DRIVER,1592,41049
ZSMALLOC COMPRESSED SLAB MEMORY ALLOCATOR,ZSMALLOC COMPRESSED SLAB MEMORY ALLOCATOR,2682,72259
ZSTD,ZSTD,33465,1431171
ZSWAP COMPRESSED SWAP CACHING,ZSWAP COMPRESSED SWAP CACHING,1647,43823
iSCSI BOOT FIRMWARE TABLE (iBFT) DRIVER,iSCSI BOOT FIRMWARE TABLE (iBFT) DRIVER,1006,23795
