"c_representative","c_section","c_size"
"8250/16?50 (AND CLONE UARTS) SERIAL DRIVER","8250/16?50 (AND CLONE UARTS) SERIAL DRIVER",227
"A64FX DIAG DRIVER","A64FX DIAG DRIVER",151
"ABI/API","ABI/API",1692
"ACER ASPIRE 1 EMBEDDED CONTROLLER DRIVER","ACER ASPIRE 1 EMBEDDED CONTROLLER DRIVER",622
"ACER ASPIRE 1 EMBEDDED CONTROLLER DRIVER","ARM64 PLATFORM DRIVERS",605
"ACPI","ACPI",205316
"ACPI","ACPI APEI",5797
"ACPI","ACPI COMPONENT ARCHITECTURE (ACPICA)",116405
"ACPI","ACPI FOR ARM64 (ACPI/arm64)",2995
"ACPI","ACPI PMIC DRIVERS",2490
"ACPI","ACPI THERMAL DRIVER",1655
"ACPI","ACPI VIOT DRIVER",401
"ACPI","LIBNVDIMM BTT: BLOCK TRANSLATION TABLE",2336
"ACPI","LIBNVDIMM PMEM: PERSISTENT MEMORY DRIVER",818
"ACPI","LIBNVDIMM: DEVICETREE BINDINGS",180
"ACPI","LIBNVDIMM: NON-VOLATILE MEMORY DEVICE SUBSYSTEM",26380
"ACPI","PSTORE FILESYSTEM",7942
"ACPI","VIRTIO PMEM DRIVER",289
"ADDRESS SPACE LAYOUT RANDOMIZATION (ASLR)","ADDRESS SPACE LAYOUT RANDOMIZATION (ASLR)",0
"AMD SEATTLE DEVICE TREE SUPPORT","AMD SEATTLE DEVICE TREE SUPPORT",1450
"AMD SEATTLE DEVICE TREE SUPPORT","ARM/AMD PENSANDO ARM64 ARCHITECTURE",629
"ANDROID DRIVERS","ANDROID DRIVERS",10313
"ARM PMU PROFILING AND DEBUGGING","ALIBABA PMU DRIVER",928
"ARM PMU PROFILING AND DEBUGGING","AMLOGIC DDR PMU DRIVER",1162
"ARM PMU PROFILING AND DEBUGGING","APPLIED MICRO (APM) X-GENE SOC PMU",2116
"ARM PMU PROFILING AND DEBUGGING","ARM PMU PROFILING AND DEBUGGING",44962
"ARM PMU PROFILING AND DEBUGGING","COMPUTE EXPRESS LINK PMU (CPMU)",1047
"ARM PMU PROFILING AND DEBUGGING","FREESCALE IMX DDR PMU DRIVER",1009
"ARM PMU PROFILING AND DEBUGGING","HISILICON HNS3 PMU DRIVER",1810
"ARM PMU PROFILING AND DEBUGGING","HISILICON PMU DRIVER",7523
"ARM PMU PROFILING AND DEBUGGING","RISC-V PMU DRIVERS",2022
"ARM PMU PROFILING AND DEBUGGING","STARFIVE STARLINK PMU DRIVER",734
"ARM PMU PROFILING AND DEBUGGING","SYNOPSYS DESIGNWARE PCIE PMU DRIVER",884
"ARM PORT","ARM INTEGRATOR, VERSATILE AND REALVIEW SUPPORT",11598
"ARM PORT","ARM MFM AND FLOPPY DRIVERS",112
"ARM PORT","ARM PORT",310062
"ARM PORT","ARM SUB-ARCHITECTURES",156084
"ARM PORT","ARM/CALXEDA HIGHBANK ARCHITECTURE",884
"ARM PORT","ARM/CIRRUS LOGIC BK3 MACHINE SUPPORT",422
"ARM PORT","ARM/CIRRUS LOGIC EP93XX ARM ARCHITECTURE",4272
"ARM PORT","ARM/FARADAY FA526 PORT",613
"ARM PORT","ARM/FOOTBRIDGE ARCHITECTURE",2866
"ARM PORT","ARM/HP JORNADA 7XX MACHINE SUPPORT",408
"ARM PORT","ARM/Marvell Dove/MV78xx0/Orion SOC support",17228
"ARM PORT","ARM/Orion SoC/Technologic Systems TS-78xx platform support",616
"ARM PORT","ARM/VERSATILE EXPRESS PLATFORM",13161
"ARM PORT","ARM/VFP SUPPORT",4120
"ARM PORT","BPF JIT for ARM",2577
"ARM PORT","CPUIDLE DRIVER - ARM EXYNOS",498
"ARM PORT","LEGO MINDSTORMS EV3",753
"ARM PORT","OMAP CLOCK FRAMEWORK SUPPORT",6834
"ARM PORT","OMAP HWMOD DATA",6111
"ARM PORT","OMAP HWMOD SUPPORT",10733
"ARM PORT","OMAP I2C DRIVER",1713
"ARM PORT","OMAP POWER MANAGEMENT SUPPORT",3314
"ARM PORT","OMAP POWERDOMAIN SOC ADAPTATION LAYER SUPPORT",4843
"ARM PORT","OMAP1 SUPPORT",14954
"ARM PORT","OMAP2+ SUPPORT",74815
"ARM PORT","PCMCIA SUBSYSTEM",22616
"ARM PORT","PXA2xx/PXA3xx SUPPORT",27815
"ARM PORT","TI DAVINCI MACHINE SUPPORT",6845
"ARM PORT","XEN HYPERVISOR ARM",1160
"ARM/ASPEED MACHINE SUPPORT","ARM/ASPEED I2C DRIVER",1323
"ARM/ASPEED MACHINE SUPPORT","ARM/ASPEED MACHINE SUPPORT",85884
"ARM/ASPEED MACHINE SUPPORT","ASPEED CRYPTO DRIVER",3743
"ARM/ASPEED MACHINE SUPPORT","ASPEED PECI CONTROLLER",671
"ARM/ASPEED MACHINE SUPPORT","ASPEED PINCTRL DRIVERS",10433
"ARM/ASPEED MACHINE SUPPORT","ASPEED SCU INTERRUPT CONTROLLER DRIVER",286
"ARM/ASPEED MACHINE SUPPORT","ASPEED USB UDC DRIVER",1654
"ARM/ASPEED MACHINE SUPPORT","ASPEED VIDEO ENGINE DRIVER",2288
"ARM/ASPEED MACHINE SUPPORT","DRM DRIVER FOR ASPEED BMC GFX",833
"ARM/ASPEED MACHINE SUPPORT","FSI SUBSYSTEM",9180
"ARM/ASPEED MACHINE SUPPORT","IPMI SUBSYSTEM",23994
"ARM/ASPEED MACHINE SUPPORT","PECI SUBSYSTEM",2895
"ARM/CLKDEV SUPPORT","ARM/CLKDEV SUPPORT",412
"ARM/CORESIGHT FRAMEWORK AND DRIVERS","ARM/CORESIGHT FRAMEWORK AND DRIVERS",47129
"ARM/CORESIGHT FRAMEWORK AND DRIVERS","HARDWARE TRACING FACILITIES",44136
"ARM/CORESIGHT FRAMEWORK AND DRIVERS","HISILICON PTT DRIVER",2728
"ARM/CORESIGHT FRAMEWORK AND DRIVERS","INTEL(R) TRACE HUB",6352
"ARM/CORESIGHT FRAMEWORK AND DRIVERS","SYSTEM TRACE MODULE CLASS",3401
"ARM/GUMSTIX MACHINE SUPPORT","ARM/GUMSTIX MACHINE SUPPORT",0
"ARM/INTEL XSC3 (MANZANO) ARM CORE","ARM/INTEL XSC3 (MANZANO) ARM CORE",0
"ARM/Microchip (AT91) SoC support","ARM/Microchip (AT91) SoC support",127859
"ARM/Microchip (AT91) SoC support","ARM/TEXAS INSTRUMENT KEYSTONE RESET DRIVER",173
"ARM/Microchip (AT91) SoC support","ATM",32972
"ARM/Microchip (AT91) SoC support","AXENTIA ARM DEVICES",983
"ARM/Microchip (AT91) SoC support","AXENTIA ASOC DRIVERS",534
"ARM/Microchip (AT91) SoC support","DRM DRIVERS FOR ATMEL HLCDC",3081
"ARM/Microchip (AT91) SoC support","MEDIATEK BOARD LEVEL SHUTDOWN DRIVERS",117
"ARM/Microchip (AT91) SoC support","MICROCHIP AT91 USART MFD DRIVER",277
"ARM/Microchip (AT91) SoC support","MICROCHIP AT91 USART SPI DRIVER",853
"ARM/Microchip (AT91) SoC support","MICROCHIP AUDIO ASOC DRIVERS",10673
"ARM/Microchip (AT91) SoC support","MICROCHIP ECC DRIVER",415
"ARM/Microchip (AT91) SoC support","MICROCHIP ISI DRIVER",1512
"ARM/Microchip (AT91) SoC support","MICROCHIP LCDFB DRIVER",1503
"ARM/Microchip (AT91) SoC support","MICROCHIP PWM DRIVER",605
"ARM/Microchip (AT91) SoC support","MICROCHIP SAMA5D2-COMPATIBLE SHUTDOWN CONTROLLER",568
"ARM/Microchip (AT91) SoC support","MICROCHIP SSC DRIVER",664
"ARM/Microchip (AT91) SoC support","MICROCHIP USBA UDC DRIVER",2841
"ARM/Microchip (AT91) SoC support","PIN CONTROLLER - MICROCHIP AT91",3525
"ARM/Microchip (AT91) SoC support","PWM SUBSYSTEM",30657
"ARM/Microchip (AT91) SoC support","SUNPLUS PWM DRIVER",275
"ARM/Microchip (AT91) SoC support","SYSTEM RESET/SHUTDOWN DRIVERS",6788
"ARM/Microchip (AT91) SoC support","TEGRA PWM DRIVER",443
"ARM/ZYNQ ARCHITECTURE","ARM/ZYNQ ARCHITECTURE",92782
"ARM/ZYNQ ARCHITECTURE","DRM DRIVERS FOR XILINX",4857
"ARM/ZYNQ ARCHITECTURE","MICROBLAZE TMR INJECT",218
"ARM/ZYNQ ARCHITECTURE","MICROBLAZE TMR MANAGER",283
"ARM/ZYNQ ARCHITECTURE","XILINX AMS DRIVER",1670
"ARM/ZYNQ ARCHITECTURE","XILINX AXI ETHERNET DRIVER",3877
"ARM/ZYNQ ARCHITECTURE","XILINX CAN DRIVER",2287
"ARM/ZYNQ ARCHITECTURE","XILINX EVENT MANAGEMENT DRIVER",762
"ARM/ZYNQ ARCHITECTURE","XILINX LL TEMAC ETHERNET DRIVER",2207
"ARM/ZYNQ ARCHITECTURE","XILINX PWM DRIVER",388
"ARM/ZYNQ ARCHITECTURE","XILINX VIDEO IP CORES",4983
"ARM/ZYNQ ARCHITECTURE","XILINX XDMA DRIVER",1546
"ARM/ZYNQ ARCHITECTURE","XILINX ZYNQMP DPDMA DRIVER",1870
"ARM/ZYNQ ARCHITECTURE","XILINX ZYNQMP PSGTR PHY DRIVER",1133
"ARM/ZYNQ ARCHITECTURE","XILINX ZYNQMP SHA3 DRIVER",260
"ARM64 PORT (AARCH64 ARCHITECTURE)","ARM64 FIT SUPPORT",344
"ARM64 PORT (AARCH64 ARCHITECTURE)","ARM64 PORT (AARCH64 ARCHITECTURE)",178233
"ARM64 PORT (AARCH64 ARCHITECTURE)","BPF JIT for ARM64",2925
"ARM64 PORT (AARCH64 ARCHITECTURE)","KERNEL VIRTUAL MACHINE FOR ARM64 (KVM/arm64)",62710
"ARM64 PORT (AARCH64 ARCHITECTURE)","XEN HYPERVISOR ARM64",155
"AUXILIARY DISPLAY DRIVERS","AUXILIARY DISPLAY DRIVERS",8132
"AUXILIARY DISPLAY DRIVERS","CFAG12864B LCD DRIVER",448
"AUXILIARY DISPLAY DRIVERS","CFAG12864BFB LCD FRAMEBUFFER DRIVER",237
"AUXILIARY DISPLAY DRIVERS","HT16K33 LED CONTROLLER DRIVER",887
"AUXILIARY DISPLAY DRIVERS","IMGTEC ASCII LCD DRIVER",356
"AUXILIARY DISPLAY DRIVERS","KS0108 LCD CONTROLLER DRIVER",257
"AUXILIARY DISPLAY DRIVERS","PARALLEL LCD/KEYPAD PANEL DRIVER",1741
"BCACHE (BLOCK LAYER CACHE)","BCACHE (BLOCK LAYER CACHE)",18367
"BLOCK LAYER","ATA OVER ETHERNET (AOE) DRIVER",3943
"BLOCK LAYER","BFQ I/O SCHEDULER",12699
"BLOCK LAYER","BLOCK LAYER",171080
"BLOCK LAYER","BSG (block layer generic sg v4 driver)",363
"BLOCK LAYER","CONTROL GROUP - BLOCK IO CONTROLLER (BLKIO)",10373
"BLOCK LAYER","DRBD DRIVER",34074
"BLOCK LAYER","FLOPPY DRIVER",5035
"BLOCK LAYER","GUID PARTITION TABLE (GPT)",872
"BLOCK LAYER","LOGICAL DISK MANAGER SUPPORT (LDM, Windows 2000/XP/Vista Dynamic Disks)",1801
"BLOCK LAYER","NETWORK BLOCK DEVICE (NBD)",2898
"BLOCK LAYER","PKTCDVD DRIVER",3218
"BLOCK LAYER","RADOS BLOCK DEVICE (RBD)",7731
"BLOCK LAYER","RAMDISK RAM BLOCK DEVICE DRIVER",634
"BLOCK LAYER","RNBD BLOCK DRIVERS",4542
"BLOCK LAYER","SECURE ENCRYPTING DEVICE (SED) OPAL DRIVER",4134
"BLOCK LAYER","UBLK USERSPACE BLOCK DRIVER",3746
"BLOCK LAYER","XEN BLOCK SUBSYSTEM",5795
"BLOCK LAYER","XEN HYPERVISOR INTERFACE",54228
"BLOCK LAYER","XEN PVSCSI DRIVERS",3465
"BLOCK LAYER","XEN SWIOTLB SUBSYSTEM",457
"BLOCK LAYER","ZRAM COMPRESSED RAM BLOCK DEVICE DRVIER",3518
"BLUETOOTH DRIVERS","ARM/APPLE MACHINE SUPPORT",23174
"BLUETOOTH DRIVERS","BLUETOOTH DRIVERS",43555
"BLUETOOTH DRIVERS","MEDIATEK BLUETOOTH DRIVER",1165
"BLUETOOTH DRIVERS","NXP BLUETOOTH WIRELESS DRIVERS",1478
"BPF [MISC]","BPF [MISC]",0
"BROADCOM BCM7XXX ARM ARCHITECTURE","BROADCOM BCM7XXX ARM ARCHITECTURE",13788
"BROADCOM BCM7XXX ARM ARCHITECTURE","BROADCOM BRCMSTB GPIO DRIVER",871
"BROADCOM BCM7XXX ARM ARCHITECTURE","BROADCOM BRCMSTB I2C DRIVER",850
"BROADCOM BCM7XXX ARM ARCHITECTURE","BROADCOM BRCMSTB USB PIN MAP DRIVER",428
"BROADCOM BCM7XXX ARM ARCHITECTURE","BROADCOM STB AVS TMON DRIVER",433
"BROADCOM BCM7XXX ARM ARCHITECTURE","BROADCOM STB DPFE DRIVER",993
"BROADCOM SPECIFIC AMBA DRIVER (BCMA)","BROADCOM SPECIFIC AMBA DRIVER (BCMA)",8193
"CHAR and MISC DRIVERS","AD525X ANALOG DEVICES DIGITAL POTENTIOMETERS DRIVER",763
"CHAR and MISC DRIVERS","AT24 EEPROM DRIVER",1079
"CHAR and MISC DRIVERS","BROADCOM VK DRIVER",4515
"CHAR and MISC DRIVERS","CHAR and MISC DRIVERS",159825
"CHAR and MISC DRIVERS","CXL (IBM Coherent Accelerator Processor Interface CAPI) DRIVER",14536
"CHAR and MISC DRIVERS","DESIGNWARE XDATA IP DRIVER",484
"CHAR and MISC DRIVERS","DOUBLETALK DRIVER",749
"CHAR and MISC DRIVERS","GENWQE (IBM Generic Workqueue Card)",6778
"CHAR and MISC DRIVERS","HEWLETT PACKARD ENTERPRISE ILO CHIF DRIVER",1141
"CHAR and MISC DRIVERS","HIKEY960 ONBOARD USB GPIO HUB DRIVER",274
"CHAR and MISC DRIVERS","HPET:	High Precision Event Timers driver",1182
"CHAR and MISC DRIVERS","IBM Power Virtual Management Channel Driver",2628
"CHAR and MISC DRIVERS","INTEL MANAGEMENT ENGINE (mei)",22044
"CHAR and MISC DRIVERS","KGDB / KDB /debug_core",11885
"CHAR and MISC DRIVERS","LINUX KERNEL DUMP TEST MODULE (LKDTM)",3877
"CHAR and MISC DRIVERS","LIS3LV02D ACCELEROMETER DRIVER",2543
"CHAR and MISC DRIVERS","MICROCHIP PCI1XXXX GP DRIVER",1069
"CHAR and MISC DRIVERS","NITRO SECURE MODULE (NSM)",536
"CHAR and MISC DRIVERS","OCXL (Open Coherent Accelerator Processor Interface OpenCAPI) DRIVER",5947
"CHAR and MISC DRIVERS","PC8736x GPIO DRIVER",353
"CHAR and MISC DRIVERS","POWERNV OPERATOR PANEL LCD DISPLAY DRIVER",224
"CHAR and MISC DRIVERS","QUALCOMM FASTRPC DRIVER",2771
"CHAR and MISC DRIVERS","SCx200 GPIO DRIVER",222
"CHAR and MISC DRIVERS","SENSABLE PHANTOM",615
"CHAR and MISC DRIVERS","SGI GRU DRIVER",6954
"CHAR and MISC DRIVERS","SGI XP/XPC/XPNET DRIVER",6697
"CHAR and MISC DRIVERS","TELECOM CLOCK DRIVER FOR MCPL0010",939
"CHAR and MISC DRIVERS","TOSHIBA SMM DRIVER",599
"CHAR and MISC DRIVERS","UACCE ACCELERATOR FRAMEWORK",1137
"CHAR and MISC DRIVERS","VIRTIO CONSOLE DRIVER",2319
"CHAR and MISC DRIVERS","VMWARE BALLOON DRIVER",1923
"CHAR and MISC DRIVERS","VMWARE VMCI DRIVER",10258
"CHAR and MISC DRIVERS","XILINX SD-FEC IP CORES",3010
"CHAR and MISC DRIVERS","XILLYBUS DRIVER",4953
"CHECKPATCH","CHECKPATCH",7811
"CHROMEOS EC SUBDRIVERS","CHROME HARDWARE PLATFORM SUPPORT",19230
"CHROMEOS EC SUBDRIVERS","CHROMEOS EC CODEC DRIVER",1147
"CHROMEOS EC SUBDRIVERS","CHROMEOS EC SUBDRIVERS",30203
"CHROMEOS EC SUBDRIVERS","CHROMEOS EC UART DRIVER",361
"CHROMEOS EC SUBDRIVERS","CHROMEOS EC USB PD NOTIFY DRIVER",285
"CHROMEOS EC SUBDRIVERS","CHROMEOS EC USB TYPE-C DRIVER",1899
"CHROMEOS EC SUBDRIVERS","CHROMEOS HPS DRIVER",160
"CIRRUS LOGIC DSP FIRMWARE DRIVER","CIRRUS LOGIC DSP FIRMWARE DRIVER",3946
"CLANG CONTROL FLOW INTEGRITY SUPPORT","CLANG CONTROL FLOW INTEGRITY SUPPORT",154
"CLANG-FORMAT FILE","CLANG-FORMAT FILE",743
"CLK API","CLK API",1200
"CLOCKSOURCE, CLOCKEVENT DRIVERS","ARM ARCHITECTED TIMER DRIVER",2214
"CLOCKSOURCE, CLOCKEVENT DRIVERS","ARM/TEXAS INSTRUMENT KEYSTONE CLOCKSOURCE",226
"CLOCKSOURCE, CLOCKEVENT DRIVERS","CLOCKSOURCE, CLOCKEVENT DRIVERS",34606
"CLOCKSOURCE, CLOCKEVENT DRIVERS","SCx200 HRT CLOCKSOURCE DRIVER",89
"COMEDI DRIVERS","COMEDI DRIVERS",132997
"COMMON INTERNET FILE SYSTEM CLIENT (CIFS and SMB3)","COMMON INTERNET FILE SYSTEM CLIENT (CIFS and SMB3)",80034
"COMMON INTERNET FILE SYSTEM CLIENT (CIFS and SMB3)","KERNEL SMB3 SERVER (KSMBD)",34668
"COMPILER ATTRIBUTES","COMPILER ATTRIBUTES",425
"COMPUTE EXPRESS LINK (CXL)","COMPUTE EXPRESS LINK (CXL)",22194
"CONFIGFS","CONFIGFS",4132
"CONTEXT TRACKING","CONTEXT TRACKING",1067
"CONTROL GROUP (CGROUP)","CONTROL GROUP - CPUSET",7463
"CONTROL GROUP (CGROUP)","CONTROL GROUP (CGROUP)",34106
"COUNTER SUBSYSTEM","ACCES 104-QUAD-8 DRIVER",1363
"COUNTER SUBSYSTEM","COUNTER SUBSYSTEM",11423
"COUNTER SUBSYSTEM","COUNTER WATCH EVENTS TOOL",406
"COUNTER SUBSYSTEM","FLEXTIMER FTM-QUADDEC DRIVER",346
"COUNTER SUBSYSTEM","INTEL 8254 COUNTER DRIVER",468
"COUNTER SUBSYSTEM","INTEL QUADRATURE ENCODER PERIPHERAL DRIVER",526
"COUNTER SUBSYSTEM","INTERRUPT COUNTER DRIVER",318
"COUNTER SUBSYSTEM","Microchip Timer Counter Block (TCB) Capture Driver",406
"COUNTER SUBSYSTEM","RENESAS RZ/G2L MTU3a COUNTER DRIVER",1209
"COUNTER SUBSYSTEM","STM32 TIMER/LPTIMER DRIVERS",3587
"COUNTER SUBSYSTEM","TI ENHANCED CAPTURE (eCAP) DRIVER",674
"COUNTER SUBSYSTEM","TI ENHANCED QUADRATURE ENCODER PULSE (eQEP) DRIVER",507
"CPU FREQUENCY SCALING FRAMEWORK","ALLWINNER CPUFREQ DRIVER",486
"CPU FREQUENCY SCALING FRAMEWORK","AMD PSTATE DRIVER",3475
"CPU FREQUENCY SCALING FRAMEWORK","BROADCOM BMIPS CPUFREQ DRIVER",189
"CPU FREQUENCY SCALING FRAMEWORK","BROADCOM STB AVS CPUFREQ DRIVER",862
"CPU FREQUENCY SCALING FRAMEWORK","CPU FREQUENCY DRIVERS - VEXPRESS SPC ARM BIG LITTLE",577
"CPU FREQUENCY SCALING FRAMEWORK","CPU FREQUENCY SCALING FRAMEWORK",47585
"CPU FREQUENCY SCALING FRAMEWORK","INTEL PSTATE DRIVER",3573
"CPU FREQUENCY SCALING FRAMEWORK","QUALCOMM CPUFREQ DRIVER MSM8996/APQ8096",1196
"CPU FREQUENCY SCALING FRAMEWORK","SYSTEM CONTROL & POWER/MANAGEMENT INTERFACE (SCPI/SCMI) Message Protocol drivers",25644
"CPU HOTPLUG","CPU HOTPLUG",4361
"CPU IDLE TIME MANAGEMENT FRAMEWORK","CPU IDLE TIME MANAGEMENT FRAMEWORK",10963
"CPU IDLE TIME MANAGEMENT FRAMEWORK","CPUIDLE DRIVER - ARM BIG LITTLE",233
"CPU IDLE TIME MANAGEMENT FRAMEWORK","CPUIDLE DRIVER - ARM PSCI",450
"CPU IDLE TIME MANAGEMENT FRAMEWORK","CPUIDLE DRIVER - ARM PSCI PM DOMAIN",215
"CPU IDLE TIME MANAGEMENT FRAMEWORK","CPUIDLE DRIVER - DT IDLE PM DOMAIN",259
"CPU IDLE TIME MANAGEMENT FRAMEWORK","CPUIDLE DRIVER - RISC-V SBI",595
"CPU POWER MONITORING SUBSYSTEM","CPU POWER MONITORING SUBSYSTEM",17319
"CRYPTO API","ALLWINNER CRYPTO DRIVERS",7599
"CRYPTO API","AMD CRYPTOGRAPHIC COPROCESSOR (CCP) DRIVER",15815
"CRYPTO API","AMD CRYPTOGRAPHIC COPROCESSOR (CCP) DRIVER - DBC SUPPORT",1276
"CRYPTO API","AMD CRYPTOGRAPHIC COPROCESSOR (CCP) DRIVER - SEV SUPPORT",2686
"CRYPTO API","ARM/Amlogic Meson SoC Crypto Drivers",947
"CRYPTO API","ARM/ARTPEC MACHINE SUPPORT",6786
"CRYPTO API","ARM/CORTINA SYSTEMS GEMINI ARM ARCHITECTURE",11023
"CRYPTO API","ARM/INTEL IXP4XX ARM ARCHITECTURE",11139
"CRYPTO API","ARM/STM32 ARCHITECTURE",253462
"CRYPTO API","ASYMMETRIC KEYS",6798
"CRYPTO API","ASYNCHRONOUS TRANSFERS/TRANSFORMS (IOAT) API",2618
"CRYPTO API","CAVIUM OCTEON-TX CRYPTO DRIVER",4193
"CRYPTO API","CCREE ARM TRUSTZONE CRYPTOCELL REE DRIVER",11668
"CRYPTO API","CRYPTO API",537155
"CRYPTO API","CRYPTOGRAPHIC RANDOM NUMBER GENERATOR",695
"CRYPTO API","CXGB4 CRYPTO DRIVER (chcr)",5774
"CRYPTO API","DH ELECTRONICS STM32MP1 DHCOM/DHCOR BOARD SUPPORT",2744
"CRYPTO API","DRM DRIVERS FOR STM",3135
"CRYPTO API","FREESCALE CAAM (Cryptographic Acceleration and Assurance Module) DRIVER",28392
"CRYPTO API","GEMINI CRYPTO DRIVER",1338
"CRYPTO API","HISILICON HIGH PERFORMANCE RSA ENGINE DRIVER (HPRE)",4105
"CRYPTO API","HISILICON QM DRIVER",6594
"CRYPTO API","HISILICON SECURITY ENGINE V2 DRIVER (SEC2)",4752
"CRYPTO API","HISILICON TRUE RANDOM NUMBER GENERATOR V2 SUPPORT",339
"CRYPTO API","HISILICON ZIP Controller DRIVER",2343
"CRYPTO API","IBM Power 842 compression accelerator",2177
"CRYPTO API","IBM Power in-Nest Crypto Acceleration",6935
"CRYPTO API","INSIDE SECURE CRYPTO DRIVER",10007
"CRYPTO API","INTEL IAA CRYPTO DRIVER",3524
"CRYPTO API","INTEL IXP4XX CRYPTO SUPPORT",1602
"CRYPTO API","INTEL KEEM BAY OCS AES/SM4 CRYPTO DRIVER",3452
"CRYPTO API","INTEL KEEM BAY OCS ECC CRYPTO DRIVER",1154
"CRYPTO API","INTEL KEEM BAY OCS HCU CRYPTO DRIVER",2346
"CRYPTO API","MARVELL CRYPTO DRIVER",21345
"CRYPTO API","MEDIA DRIVERS FOR STM32 - DCMI / DCMIPP",5268
"CRYPTO API","PCRYPT PARALLEL CRYPTO ENGINE",425
"CRYPTO API","QAT DRIVER",36348
"CRYPTO API","QUALCOMM CRYPTO DRIVERS",3861
"CRYPTO API","QUALCOMM ETHQOS ETHERNET DRIVER",1007
"CRYPTO API","RENESAS RZ/N1 DWMAC GLUE LAYER",152
"CRYPTO API","ROCKCHIP CRYPTO DRIVERS",1945
"CRYPTO API","SAMSUNG EXYNOS PSEUDO RANDOM NUMBER GENERATOR (RNG) DRIVER",444
"CRYPTO API","SAMSUNG S5P Security SubSystem (SSS) DRIVER",2452
"CRYPTO API","ST STM32 FIREWALL",687
"CRYPTO API","STARFIVE CRYPTO DRIVER",3188
"CRYPTO API","STARFIVE DWMAC GLUE LAYER",381
"CRYPTO API","STMMAC ETHERNET DRIVER",43525
"CRYPTO API","TEGRA CRYPTO DRIVERS",4155
"CRYPTO SPEED TEST COMPARE","CRYPTO SPEED TEST COMPARE",190
"DEVICE DEPENDENCY HELPER SCRIPT","DEVICE DEPENDENCY HELPER SCRIPT",315
"DEVICE DIRECT ACCESS (DAX)","DEVICE DIRECT ACCESS (DAX)",3707
"DEVICE FREQUENCY (DEVFREQ)","BUS FREQUENCY DRIVER FOR SAMSUNG EXYNOS",838
"DEVICE FREQUENCY (DEVFREQ)","DEVICE FREQUENCY (DEVFREQ)",10730
"DEVICE FREQUENCY (DEVFREQ)","DEVICE FREQUENCY EVENT (DEVFREQ-EVENT)",3130
"DEVICE FREQUENCY (DEVFREQ)","MEMORY FREQUENCY SCALING DRIVERS FOR NVIDIA TEGRA",983
"DEVICE RESOURCE MANAGEMENT HELPERS","DEVICE RESOURCE MANAGEMENT HELPERS",79
"DISK GEOMETRY AND PARTITION HANDLING","DISK GEOMETRY AND PARTITION HANDLING",0
"DISTRIBUTED LOCK MANAGER (DLM)","DISTRIBUTED LOCK MANAGER (DLM)",19505
"DMA BUFFER SHARING FRAMEWORK","DMA BUFFER SHARING FRAMEWORK",12449
"DMA BUFFER SHARING FRAMEWORK","DMA-BUF HEAPS FRAMEWORK",1307
"DMA BUFFER SHARING FRAMEWORK","SYNC FILE FRAMEWORK",3185
"DMA BUFFER SHARING FRAMEWORK","USERSPACE DMA BUFFER DRIVER",428
"DMA GENERIC OFFLOAD ENGINE SUBSYSTEM","ALTERA MSGDMA IP CORE DRIVER",1024
"DMA GENERIC OFFLOAD ENGINE SUBSYSTEM","AMD PTDMA DRIVER",1429
"DMA GENERIC OFFLOAD ENGINE SUBSYSTEM","ANALOG DEVICES INC DMA DRIVERS",1152
"DMA GENERIC OFFLOAD ENGINE SUBSYSTEM","ARM/MILBEAUT ARCHITECTURE",3456
"DMA GENERIC OFFLOAD ENGINE SUBSYSTEM","DESIGNWARE EDMA CORE IP DRIVER",3490
"DMA GENERIC OFFLOAD ENGINE SUBSYSTEM","DMA GENERIC OFFLOAD ENGINE SUBSYSTEM",167439
"DMA GENERIC OFFLOAD ENGINE SUBSYSTEM","FREESCALE DMA DRIVER",1694
"DMA GENERIC OFFLOAD ENGINE SUBSYSTEM","FREESCALE eDMA DRIVER",2561
"DMA GENERIC OFFLOAD ENGINE SUBSYSTEM","HISILICON DMA DRIVER",1053
"DMA GENERIC OFFLOAD ENGINE SUBSYSTEM","INTEL IDXD DRIVER",9591
"DMA GENERIC OFFLOAD ENGINE SUBSYSTEM","LOONGSON LS2X APB DMA DRIVER",767
"DMA GENERIC OFFLOAD ENGINE SUBSYSTEM","MEDIATEK DMA DRIVER",2867
"DMA GENERIC OFFLOAD ENGINE SUBSYSTEM","MICROCHIP AT91 DMA DRIVERS",4873
"DMA GENERIC OFFLOAD ENGINE SUBSYSTEM","OPEN FIRMWARE AND FLATTENED DEVICE TREE",38771
"DMA GENERIC OFFLOAD ENGINE SUBSYSTEM","PLX DMA DRIVER",635
"DMA GENERIC OFFLOAD ENGINE SUBSYSTEM","QUALCOMM HIDMA DRIVER",2790
"DMA GENERIC OFFLOAD ENGINE SUBSYSTEM","SYNOPSYS DESIGNWARE AXI DMAC DRIVER",2252
"DMA GENERIC OFFLOAD ENGINE SUBSYSTEM","SYNOPSYS DESIGNWARE DMAC DRIVER",3383
"DMA GENERIC OFFLOAD ENGINE SUBSYSTEM","TEGRA DMA DRIVERS",4248
"DMA GENERIC OFFLOAD ENGINE SUBSYSTEM","TEXAS INSTRUMENTS DMA DRIVERS",17451
"DMA MAPPING HELPERS","DMA MAPPING BENCHMARK",495
"DMA MAPPING HELPERS","DMA MAPPING HELPERS",8999
"DMI/SMBIOS SUPPORT","DMI/SMBIOS SUPPORT",1659
"DOCUMENTATION","ACRN HYPERVISOR SERVICE MODULE",3589
"DOCUMENTATION","AFFS FILE SYSTEM",4924
"DOCUMENTATION","AFS FILESYSTEM",26874
"DOCUMENTATION","ARM AND ARM64 SoC SUB-ARCHITECTURES (COMMON PARTS)",278
"DOCUMENTATION","BCACHEFS",102384
"DOCUMENTATION","BEFS FILE SYSTEM",3993
"DOCUMENTATION","BFS FILE SYSTEM",1282
"DOCUMENTATION","BPF [DOCUMENTATION] (Related to Standardization)",772
"DOCUMENTATION","BPF [TRACING]",4262
"DOCUMENTATION","BTRFS FILE SYSTEM",161740
"DOCUMENTATION","CACHEFILES: FS-CACHE BACKEND FOR CACHING ON MOUNTED FILESYSTEMS",5922
"DOCUMENTATION","CEPH DISTRIBUTED FILE SYSTEM CLIENT (CEPH)",34956
"DOCUMENTATION","CERTIFICATE HANDLING",2144
"DOCUMENTATION","CHECKPATCH DOCUMENTATION",1270
"DOCUMENTATION","CHINESE DOCUMENTATION",44127
"DOCUMENTATION","CLANG/LLVM BUILD SUPPORT",719
"DOCUMENTATION","COCCINELLE/Semantic Patches (SmPL)",8796
"DOCUMENTATION","CODA FILE SYSTEM",6233
"DOCUMENTATION","CODE OF CONDUCT",244
"DOCUMENTATION","CONFIDENTIAL COMPUTING THREAT MODEL FOR X86 VIRTUALIZATION (SNP/TDX)",253
"DOCUMENTATION","CRAMFS FILESYSTEM",1472
"DOCUMENTATION","CVE ASSIGNMENT CONTACT",121
"DOCUMENTATION","DEVICE-MAPPER  (LVM)",99821
"DOCUMENTATION","DEVICE-MAPPER VDO TARGET",53379
"DOCUMENTATION","DISKQUOTA",7341
"DOCUMENTATION","DOCUMENTATION",702313
"DOCUMENTATION","DOCUMENTATION PROCESS",16366
"DOCUMENTATION","DOCUMENTATION REPORTING ISSUES",5083
"DOCUMENTATION","DOCUMENTATION SCRIPTS",1700
"DOCUMENTATION","DOCUMENTATION/ITALIAN",17185
"DOCUMENTATION","DOCUMENTATION/JAPANESE",1837
"DOCUMENTATION","DPLL SUBSYSTEM",3672
"DOCUMENTATION","DYNAMIC INTERRUPT MODERATION",963
"DOCUMENTATION","ECRYPT FILE SYSTEM",10268
"DOCUMENTATION","EROFS FILE SYSTEM",10001
"DOCUMENTATION","EXT2 FILE SYSTEM",10311
"DOCUMENTATION","EXT4 FILE SYSTEM",72361
"DOCUMENTATION","F2FS FILE SYSTEM",52463
"DOCUMENTATION","FAULT INJECTION SUPPORT",1341
"DOCUMENTATION","FILESYSTEMS [NETFS LIBRARY]",13206
"DOCUMENTATION","FSCRYPT: FILE SYSTEM LEVEL ENCRYPTION SUPPORT",9249
"DOCUMENTATION","FSVERITY: READ-ONLY FILE-BASED AUTHENTICITY PROTECTION",3536
"DOCUMENTATION","FUNCTION HOOKS (FTRACE)",25097
"DOCUMENTATION","GCC PLUGINS",4364
"DOCUMENTATION","GCOV BASED KERNEL PROFILING",2357
"DOCUMENTATION","GFS2 FILE SYSTEM",34091
"DOCUMENTATION","HFS FILESYSTEM",6175
"DOCUMENTATION","HFSPLUS FILESYSTEM",12438
"DOCUMENTATION","HSI SUBSYSTEM",7759
"DOCUMENTATION","INDEX OF FURTHER KERNEL DOCUMENTATION",210
"DOCUMENTATION","IO_URING",22522
"DOCUMENTATION","ISOFS FILESYSTEM",4062
"DOCUMENTATION","JFS FILESYSTEM",30817
"DOCUMENTATION","KCONFIG",22709
"DOCUMENTATION","KCOV",1635
"DOCUMENTATION","KCSAN",5896
"DOCUMENTATION","KERNEL BUILD + files below scripts/ (unless maintained elsewhere)",19350
"DOCUMENTATION","KERNEL REGRESSIONS",1241
"DOCUMENTATION","KERNEL UNIT TESTING FRAMEWORK (KUnit)",15595
"DOCUMENTATION","KPROBES",5114
"DOCUMENTATION","LICENSES and SPDX stuff",5367
"DOCUMENTATION","LINUX KERNEL MEMORY CONSISTENCY MODEL (LKMM)",14392
"DOCUMENTATION","MEN CHAMELEON BUS (mcb)",1621
"DOCUMENTATION","NILFS2 FILESYSTEM",24730
"DOCUMENTATION","NITRO ENCLAVES (NE)",4408
"DOCUMENTATION","NSDEPS",217
"DOCUMENTATION","NTFS3 FILESYSTEM",32829
"DOCUMENTATION","OMFS FILESYSTEM",1941
"DOCUMENTATION","ORACLE CLUSTER FILESYSTEM 2 (OCFS2)",94476
"DOCUMENTATION","ORANGEFS FILESYSTEM",11167
"DOCUMENTATION","OVERLAY FILESYSTEM",14569
"DOCUMENTATION","PADATA PARALLEL EXECUTION MECHANISM",1547
"DOCUMENTATION","PARALLEL PORT SUBSYSTEM",16554
"DOCUMENTATION","PLDMFW LIBRARY",1614
"DOCUMENTATION","PPS SUPPORT",2669
"DOCUMENTATION","QNX6 FILESYSTEM",1671
"DOCUMENTATION","QORIQ DPAA2 FSL-MC BUS DRIVER",6960
"DOCUMENTATION","READ-COPY UPDATE (RCU)",62486
"DOCUMENTATION","Real-time Linux Analysis (RTLA) tools",9800
"DOCUMENTATION","RUNTIME VERIFICATION (RV)",5724
"DOCUMENTATION","SECURITY CONTACT",109
"DOCUMENTATION","SELINUX SECURITY MODULE",28897
"DOCUMENTATION","SOFTWARE RAID (Multiple Disks) SUPPORT",42590
"DOCUMENTATION","SPANISH DOCUMENTATION",10994
"DOCUMENTATION","SQUASHFS FILE SYSTEM",6949
"DOCUMENTATION","STABLE BRANCH",234
"DOCUMENTATION","SYSV FILESYSTEM",3425
"DOCUMENTATION","TASKSTATS STATISTICS INTERFACE",1139
"DOCUMENTATION","TECHNICAL ADVISORY BOARD PROCESS DOCS",279
"DOCUMENTATION","TORTURE-TEST MODULES",8904
"DOCUMENTATION","TRACING",169415
"DOCUMENTATION","TRACING OS NOISE / LATENCY TRACERS",6533
"DOCUMENTATION","TRADITIONAL CHINESE DOCUMENTATION",17874
"DOCUMENTATION","UBI FILE SYSTEM (UBIFS)",40423
"DOCUMENTATION","UDF FILESYSTEM",11137
"DOCUMENTATION","UFS FILESYSTEM",7580
"DOCUMENTATION","UNIFORM CDROM DRIVER",6207
"DOCUMENTATION","VFAT/FAT/MSDOS FILESYSTEM",9155
"DOCUMENTATION","WORKQUEUE",9695
"DOCUMENTATION","XFS FILESYSTEM",208260
"DOCUMENTATION","ZONEFS FILESYSTEM",3373
"DOCUMENTATION","ZSTD",33724
"DRIVER CORE, KOBJECTS, DEBUGFS AND SYSFS","AUXILIARY BUS DRIVER",720
"DRIVER CORE, KOBJECTS, DEBUGFS AND SYSFS","DEVICE COREDUMP (DEV_COREDUMP)",546
"DRIVER CORE, KOBJECTS, DEBUGFS AND SYSFS","DRIVER COMPONENT FRAMEWORK",955
"DRIVER CORE, KOBJECTS, DEBUGFS AND SYSFS","DRIVER CORE, KOBJECTS, DEBUGFS AND SYSFS",61154
"DRIVER CORE, KOBJECTS, DEBUGFS AND SYSFS","DYNAMIC THERMAL POWER MANAGEMENT (DTPM)",1283
"DRIVER CORE, KOBJECTS, DEBUGFS AND SYSFS","FIRMWARE LOADER (request_firmware)",3857
"DRIVER CORE, KOBJECTS, DEBUGFS AND SYSFS","FREEZER",579
"DRIVER CORE, KOBJECTS, DEBUGFS AND SYSFS","GENERIC ARCHITECTURE TOPOLOGY",1012
"DRIVER CORE, KOBJECTS, DEBUGFS AND SYSFS","HIBERNATION (aka Software Suspend, aka swsusp)",24521
"DRIVER CORE, KOBJECTS, DEBUGFS AND SYSFS","ISA",406
"DRIVER CORE, KOBJECTS, DEBUGFS AND SYSFS","OPERATING PERFORMANCE POINTS (OPP)",8679
"DRIVER CORE, KOBJECTS, DEBUGFS AND SYSFS","POWER MANAGEMENT CORE",19502
"DRIVER CORE, KOBJECTS, DEBUGFS AND SYSFS","REGISTER MAP ABSTRACTION",15459
"DRIVER CORE, KOBJECTS, DEBUGFS AND SYSFS","SOFTWARE NODES AND DEVICE PROPERTIES",3347
"DRIVER CORE, KOBJECTS, DEBUGFS AND SYSFS","SUSPEND TO RAM",30254
"DRM COMPUTE ACCELERATORS DRIVERS AND FRAMEWORK","DRM ACCEL DRIVERS FOR INTEL VPU",11659
"DRM COMPUTE ACCELERATORS DRIVERS AND FRAMEWORK","DRM COMPUTE ACCELERATORS DRIVERS AND FRAMEWORK",354911
"DRM COMPUTE ACCELERATORS DRIVERS AND FRAMEWORK","HABANALABS PCI DRIVER",341193
"DRM COMPUTE ACCELERATORS DRIVERS AND FRAMEWORK","QUALCOMM CLOUD AI (QAIC) DRIVER",7590
"DRM DRIVERS","AMD DISPLAY CORE",451130
"DRM DRIVERS","AMD KFD",59240
"DRM DRIVERS","AMD POWERPLAY AND SWSMU",175141
"DRM DRIVERS","ARC PGU DRM DRIVER",470
"DRM DRIVERS","ARM HDLCD DRM DRIVER",972
"DRM DRIVERS","ARM KOMEDA DRM-KMS DRIVER",9582
"DRM DRIVERS","ARM MALI PANFROST DRM DRIVER",6639
"DRM DRIVERS","ARM MALI PANTHOR DRM DRIVER",13986
"DRM DRIVERS","ARM MALI-DP DRM DRIVER",15364
"DRM DRIVERS","DRM AUTOMATED TESTING",5575
"DRM DRIVERS","DRM DRIVER FOR ARM PL111 CLCD",1923
"DRM DRIVERS","DRM DRIVER FOR ARM VERSATILE TFT PANELS",427
"DRM DRIVERS","DRM DRIVER FOR AST SERVER GRAPHICS CHIPS",7026
"DRM DRIVERS","DRM DRIVER FOR BOCHS VIRTUAL GPU",739
"DRM DRIVERS","DRM DRIVER FOR BOE HIMAX8279D PANELS",1017
"DRM DRIVERS","DRM DRIVER FOR CHIPONE ICN6211 MIPI-DSI to RGB CONVERTER BRIDGE",946
"DRM DRIVERS","DRM DRIVER FOR EBBG FT8719 PANEL",357
"DRM DRIVERS","DRM DRIVER FOR FARADAY TVE200 TV ENCODER",783
"DRM DRIVERS","DRM DRIVER FOR FEIXIN K101 IM2BA02 MIPI-DSI LCD PANELS",572
"DRM DRIVERS","DRM DRIVER FOR FEIYANG FY07024DI26A30-D MIPI-DSI LCD PANELS",327
"DRM DRIVERS","DRM DRIVER FOR FIRMWARE FRAMEBUFFERS",3191
"DRM DRIVERS","DRM DRIVER FOR GENERIC EDP PANELS",2436
"DRM DRIVERS","DRM DRIVER FOR GENERIC USB DISPLAY",2552
"DRM DRIVERS","DRM DRIVER FOR GRAIN MEDIA GM12U320 PROJECTORS",758
"DRM DRIVERS","DRM DRIVER FOR HIMAX HX8394 MIPI-DSI LCD panels",655
"DRM DRIVERS","DRM DRIVER FOR HX8357D PANELS",317
"DRM DRIVERS","DRM DRIVER FOR HYPERV SYNTHETIC VIDEO DEVICE",1088
"DRM DRIVERS","DRM DRIVER FOR ILITEK ILI9225 PANELS",487
"DRM DRIVERS","DRM DRIVER FOR ILITEK ILI9486 PANELS",351
"DRM DRIVERS","DRM DRIVER FOR ILITEK ILI9805 PANELS",469
"DRM DRIVERS","DRM DRIVER FOR JADARD JD9365DA-H3 MIPI-DSI LCD PANELS",753
"DRM DRIVERS","DRM DRIVER FOR LG SW43408 PANELS",382
"DRM DRIVERS","DRM DRIVER FOR LOGICVC DISPLAY CONTROLLER",2239
"DRM DRIVERS","DRM DRIVER FOR LVDS PANELS",358
"DRM DRIVERS","DRM DRIVER FOR MANTIX MLAF057WE51 PANELS",437
"DRM DRIVERS","DRM DRIVER FOR MGA G200 GRAPHICS CHIPS",5493
"DRM DRIVERS","DRM DRIVER FOR MI0283QT",306
"DRM DRIVERS","DRM DRIVER FOR MIPI DBI compatible panels",541
"DRM DRIVERS","DRM DRIVER FOR NOVATEK NT35510 PANELS",1469
"DRM DRIVERS","DRM DRIVER FOR NOVATEK NT35560 PANELS",617
"DRM DRIVERS","DRM DRIVER FOR NOVATEK NT36523 PANELS",1436
"DRM DRIVERS","DRM DRIVER FOR NOVATEK NT36672A PANELS",803
"DRM DRIVERS","DRM DRIVER FOR NVIDIA GEFORCE/QUADRO GPUS",224748
"DRM DRIVERS","DRM DRIVER FOR OLIMEX LCD-OLINUXINO PANELS",391
"DRM DRIVERS","DRM DRIVER FOR PARADE PS8640 BRIDGE CHIP",874
"DRM DRIVERS","DRM DRIVER FOR PERVASIVE DISPLAYS REPAPER PANELS",1205
"DRM DRIVERS","DRM DRIVER FOR QEMU'S CIRRUS DEVICE",763
"DRM DRIVERS","DRM DRIVER for Qualcomm Adreno GPUs",40243
"DRM DRIVERS","DRM DRIVER for Qualcomm display hardware",133840
"DRM DRIVERS","DRM DRIVER FOR QXL VIRTUAL GPU",6695
"DRM DRIVERS","DRM DRIVER FOR RAYDIUM RM67191 PANELS",738
"DRM DRIVERS","DRM DRIVER FOR SAMSUNG DB7430 PANELS",439
"DRM DRIVERS","DRM DRIVER FOR SAMSUNG MIPI DSIM BRIDGE",2540
"DRM DRIVERS","DRM DRIVER FOR SAMSUNG S6D27A1 PANELS",418
"DRM DRIVERS","DRM DRIVER FOR SAMSUNG S6D7AA0 PANELS",655
"DRM DRIVERS","DRM DRIVER FOR SITRONIX ST7586 PANELS",429
"DRM DRIVERS","DRM DRIVER FOR SITRONIX ST7701 PANELS",1159
"DRM DRIVERS","DRM DRIVER FOR SITRONIX ST7703 PANELS",1076
"DRM DRIVERS","DRM DRIVER FOR SITRONIX ST7735R PANELS",348
"DRM DRIVERS","DRM DRIVER FOR SOLOMON SSD130X OLED DISPLAYS",2932
"DRM DRIVERS","DRM DRIVER FOR ST-ERICSSON MCDE",4763
"DRM DRIVERS","DRM DRIVER FOR SYNAPTICS R63353 PANELS",425
"DRM DRIVERS","DRM DRIVER FOR TI DLPC3433 MIPI DSI TO DMD BRIDGE",534
"DRM DRIVERS","DRM DRIVER FOR TI SN65DSI86 BRIDGE CHIP",2319
"DRM DRIVERS","DRM DRIVER FOR TPO TPG110 PANELS",592
"DRM DRIVERS","DRM DRIVER FOR USB DISPLAYLINK VIDEO ADAPTERS",1549
"DRM DRIVERS","DRM DRIVER FOR VIRTUAL KERNEL MODESETTING (VKMS)",2228
"DRM DRIVERS","DRM DRIVER FOR VIRTUALBOX VIRTUAL GPU",3013
"DRM DRIVERS","DRM DRIVER FOR VMWARE VIRTUAL GPU",47849
"DRM DRIVERS","DRM DRIVER FOR WIDECHIPS WS2401 PANELS",546
"DRM DRIVERS","DRM DRIVERS",7335586
"DRM DRIVERS","DRM DRIVERS AND MISC GPU PATCHES",779889
"DRM DRIVERS","DRM DRIVERS FOR AMLOGIC SOCS",12441
"DRM DRIVERS","DRM DRIVERS FOR BRIDGE CHIPS",75304
"DRM DRIVERS","DRM DRIVERS FOR FREESCALE DCU",1457
"DRM DRIVERS","DRM DRIVERS FOR FREESCALE IMX 5/6",15113
"DRM DRIVERS","DRM DRIVERS FOR FREESCALE IMX BRIDGE",4937
"DRM DRIVERS","DRM DRIVERS FOR GMA500 (Poulsbo, Moorestown and derivative chipsets)",23573
"DRM DRIVERS","DRM DRIVERS FOR HISILICON",4158
"DRM DRIVERS","DRM DRIVERS FOR LIMA",5379
"DRM DRIVERS","DRM DRIVERS FOR LOONGSON",6481
"DRM DRIVERS","DRM DRIVERS FOR RENESAS R-CAR",11687
"DRM DRIVERS","DRM DRIVERS FOR RENESAS RZ",1856
"DRM DRIVERS","DRM DRIVERS FOR RENESAS SHMOBILE",2061
"DRM DRIVERS","DRM DRIVERS FOR ROCKCHIP",21676
"DRM DRIVERS","DRM DRIVERS FOR STI",10420
"DRM DRIVERS","DRM DRIVERS FOR TI KEYSTONE",5786
"DRM DRIVERS","DRM DRIVERS FOR TI LCDC",2955
"DRM DRIVERS","DRM DRIVERS FOR TI OMAP",32644
"DRM DRIVERS","DRM DRIVERS FOR V3D",6480
"DRM DRIVERS","DRM DRIVERS FOR VC4",26710
"DRM DRIVERS","DRM DRIVERS FOR VIVANTE GPU IP",10588
"DRM DRIVERS","DRM DRIVERS FOR XEN",2462
"DRM DRIVERS","DRM GPU SCHEDULER",3079
"DRM DRIVERS","DRM PANEL DRIVERS",66846
"DRM DRIVERS","DRM PRIVACY-SCREEN CLASS",783
"DRM DRIVERS","DRM TTM SUBSYSTEM",9594
"DRM DRIVERS","IMGTEC POWERVR DRM DRIVER",34547
"DRM DRIVERS","INTEL DRM DISPLAY FOR XE AND I915 DRIVERS",172283
"DRM DRIVERS","INTEL DRM I915 DRIVER (Meteor Lake, DG2 and older excluding Poulsbo, Moorestown and derivative)",398801
"DRM DRIVERS","INTEL DRM XE DRIVER (Lunar Lake and newer)",72514
"DRM DRIVERS","INTEL GVT-g DRIVERS (Intel GPU Virtualization)",24009
"DRM DRIVERS","INTEL KEEM BAY DRM DRIVER",4471
"DRM DRIVERS","ITE IT66121 HDMI BRIDGE DRIVER",1783
"DRM DRIVERS","LONTIUM LT8912B MIPI TO HDMI BRIDGE",960
"DRM DRIVERS","MARVELL ARMADA DRM SUPPORT",4317
"DRM DRIVERS","MEGACHIPS STDPXXXX-GE-B850V3-FW LVDS/DP++ BRIDGES",511
"DRM DRIVERS","MICROCHIP SAM9x7-COMPATIBLE LVDS CONTROLLER",284
"DRM DRIVERS","MXSFB DRM DRIVER",3040
"DRM DRIVERS","NXP i.MX 8MQ DCSS DRIVER",4055
"DRM DRIVERS","NXP TDA998X DRM DRIVER",2163
"DRM DRIVERS","RADEON and AMDGPU DRM DRIVERS",5677936
"DRM DRIVERS","VGA_SWITCHEROO",1375
"DRM DRIVERS","VIRTIO GPU DRIVER",6285
"EDAC-CORE","AMAZON ANNAPURNA LABS MEMORY CONTROLLER EDAC",416
"EDAC-CORE","APPLIED MICRO (APM) X-GENE SOC EDAC",2153
"EDAC-CORE","ARM/SOCFPGA EDAC SUPPORT",2614
"EDAC-CORE","EDAC-AMD64",5850
"EDAC-CORE","EDAC-ARMADA",653
"EDAC-CORE","EDAC-AST2500",425
"EDAC-CORE","EDAC-BLUEFIELD",354
"EDAC-CORE","EDAC-CALXEDA",417
"EDAC-CORE","EDAC-CAVIUM OCTEON",777
"EDAC-CORE","EDAC-CAVIUM THUNDERX",2152
"EDAC-CORE","EDAC-CORE",60212
"EDAC-CORE","EDAC-DMC520",654
"EDAC-CORE","EDAC-E752X",1481
"EDAC-CORE","EDAC-E7XXX",602
"EDAC-CORE","EDAC-FSL_DDR",708
"EDAC-CORE","EDAC-GHES",573
"EDAC-CORE","EDAC-I10NM",1231
"EDAC-CORE","EDAC-I3000",565
"EDAC-CORE","EDAC-I5000",1582
"EDAC-CORE","EDAC-I5400",1469
"EDAC-CORE","EDAC-I7300",1214
"EDAC-CORE","EDAC-I7CORE",2399
"EDAC-CORE","EDAC-I82443BXGX",462
"EDAC-CORE","EDAC-I82975X",706
"EDAC-CORE","EDAC-IE31200",667
"EDAC-CORE","EDAC-IGEN6",1466
"EDAC-CORE","EDAC-MPC85XX",815
"EDAC-CORE","EDAC-NPCM",592
"EDAC-CORE","EDAC-PASEMI",303
"EDAC-CORE","EDAC-PND2",1877
"EDAC-CORE","EDAC-QCOM",417
"EDAC-CORE","EDAC-R82600",426
"EDAC-CORE","EDAC-SBRIDGE",3688
"EDAC-CORE","EDAC-SKYLAKE",1749
"EDAC-CORE","EDAC-TI",336
"EDAC-CORE","XILINX VERSAL EDAC DRIVER",1253
"EDAC-CORE","XILINX ZYNQMP OCM EDAC DRIVER",510
"EFI VARIABLE FILESYSTEM","EFI VARIABLE FILESYSTEM",1551
"EFS FILESYSTEM","EFS FILESYSTEM",1221
"EXFAT FILE SYSTEM","EXFAT FILE SYSTEM",7698
"FADDR2LINE","FADDR2LINE",313
"FILESYSTEMS (VFS and infrastructure)","AIO",2477
"FILESYSTEMS (VFS and infrastructure)","EXEC & BINFMT API, ELF",15540
"FILESYSTEMS (VFS and infrastructure)","FILE LOCKING (flock() and fcntl()/lockf())",4248
"FILESYSTEMS (VFS and infrastructure)","FILESYSTEM DIRECT ACCESS (DAX)",2642
"FILESYSTEMS (VFS and infrastructure)","FILESYSTEMS (VFS and infrastructure)",85383
"FILESYSTEMS (VFS and infrastructure)","FILESYSTEMS [EXPORTFS]",1456
"FILESYSTEMS (VFS and infrastructure)","FILESYSTEMS [STACKABLE]",402
"FILESYSTEMS (VFS and infrastructure)","POSIX CLOCKS and TIMERS",6390
"FILESYSTEMS [IOMAP]","FILESYSTEMS [IOMAP]",4039
"FIREWIRE SUBSYSTEM","FIREWIRE SUBSYSTEM",20022
"FIRMWARE FRAMEWORK FOR ARMV8-A","FIRMWARE FRAMEWORK FOR ARMV8-A",2475
"FPGA MANAGER FRAMEWORK","FPGA DFL DRIVERS",10047
"FPGA MANAGER FRAMEWORK","FPGA MANAGER FRAMEWORK",22554
"FPGA MANAGER FRAMEWORK","INTEL MAX10 BMC SECURE UPDATES",835
"FPGA MANAGER FRAMEWORK","MICROCHIP POLARFIRE FPGA DRIVERS",457
"FRAMEBUFFER LAYER","ADP5520 BACKLIGHT DRIVER WITH IO EXPANDER (ADP5520/ADP5501)",1285
"FRAMEBUFFER LAYER","ADP8860 BACKLIGHT DRIVER (ADP8860/ADP8861/ADP8863)",815
"FRAMEBUFFER LAYER","AMD GEODE PROCESSOR/CHIPSET SUPPORT",5514
"FRAMEBUFFER LAYER","ARC FRAMEBUFFER DRIVER",961
"FRAMEBUFFER LAYER","BACKLIGHT CLASS/SUBSYSTEM",22705
"FRAMEBUFFER LAYER","CONSOLE SUBSYSTEM",4050
"FRAMEBUFFER LAYER","CYBERPRO FB DRIVER",2395
"FRAMEBUFFER LAYER","DISPLAYLINK USB 2.0 FRAMEBUFFER DRIVER (UDLFB)",2230
"FRAMEBUFFER LAYER","EFIFB FRAMEBUFFER DRIVER",622
"FRAMEBUFFER LAYER","EPSON S1D13XXX FRAMEBUFFER DRIVER",1214
"FRAMEBUFFER LAYER","FRAMEBUFFER CORE",15763
"FRAMEBUFFER LAYER","FRAMEBUFFER LAYER",335663
"FRAMEBUFFER LAYER","FREESCALE DIU FRAMEBUFFER DRIVER",1994
"FRAMEBUFFER LAYER","FREESCALE IMX / MXC FRAMEBUFFER DRIVER",1115
"FRAMEBUFFER LAYER","HGA FRAMEBUFFER DRIVER",680
"FRAMEBUFFER LAYER","IMS TWINTURBO FRAMEBUFFER DRIVER",1650
"FRAMEBUFFER LAYER","INTEL 810/815 FRAMEBUFFER DRIVER",4114
"FRAMEBUFFER LAYER","KTD253 BACKLIGHT DRIVER",274
"FRAMEBUFFER LAYER","KTD2801 BACKLIGHT DRIVER",174
"FRAMEBUFFER LAYER","KTZ8866 BACKLIGHT DRIVER",294
"FRAMEBUFFER LAYER","MATROX FRAMEBUFFER DRIVER",9546
"FRAMEBUFFER LAYER","MP3309C BACKLIGHT DRIVER",493
"FRAMEBUFFER LAYER","NVIDIA (rivafb and nvidiafb) FRAMEBUFFER DRIVER",12221
"FRAMEBUFFER LAYER","OMAP DISPLAY SUBSYSTEM and FRAMEBUFFER SUPPORT (DSS2)",38823
"FRAMEBUFFER LAYER","OMAP FRAMEBUFFER SUPPORT",6143
"FRAMEBUFFER LAYER","RADEON FRAMEBUFFER DISPLAY DRIVER",7873
"FRAMEBUFFER LAYER","RAGE128 FRAMEBUFFER DISPLAY DRIVER",2530
"FRAMEBUFFER LAYER","S3 SAVAGE FRAMEBUFFER DRIVER",3373
"FRAMEBUFFER LAYER","SAMSUNG FRAMEBUFFER DRIVER",1804
"FRAMEBUFFER LAYER","SILICON MOTION SM712 FRAME BUFFER DRIVER",1926
"FRAMEBUFFER LAYER","SIMPLEFB FB DRIVER",962
"FRAMEBUFFER LAYER","SIS FRAMEBUFFER DRIVER",31052
"FRAMEBUFFER LAYER","SMSC UFX6000 and UFX7000 USB to VGA DRIVER",1949
"FRAMEBUFFER LAYER","UVESAFB DRIVER",2188
"FRAMEBUFFER LAYER","VIA UNICHROME(PRO)/CHROME9 FRAMEBUFFER DRIVER",12070
"FREESCALE SOC DRIVERS","DPAA2 DATAPATH I/O (DPIO) DRIVER",4150
"FREESCALE SOC DRIVERS","FREESCALE QUICC ENGINE LIBRARY",8534
"FREESCALE SOC DRIVERS","FREESCALE QUICC ENGINE QMC DRIVER",2166
"FREESCALE SOC DRIVERS","FREESCALE QUICC ENGINE TSA DRIVER",1105
"FREESCALE SOC DRIVERS","FREESCALE SOC DRIVERS",27927
"FREEVXFS FILESYSTEM","FREEVXFS FILESYSTEM",2421
"FSNOTIFY: FILESYSTEM NOTIFICATION INFRASTRUCTURE","DIRECTORY NOTIFICATION (DNOTIFY)",552
"FSNOTIFY: FILESYSTEM NOTIFICATION INFRASTRUCTURE","FANOTIFY",3975
"FSNOTIFY: FILESYSTEM NOTIFICATION INFRASTRUCTURE","FSNOTIFY: FILESYSTEM NOTIFICATION INFRASTRUCTURE",8791
"FSNOTIFY: FILESYSTEM NOTIFICATION INFRASTRUCTURE","INOTIFY",1365
"FUSE: FILESYSTEM IN USERSPACE","FUSE: FILESYSTEM IN USERSPACE",19647
"FUSE: FILESYSTEM IN USERSPACE","VIRTIO FILE SYSTEM",1796
"GDB KERNEL DEBUGGING HELPER SCRIPTS","GDB KERNEL DEBUGGING HELPER SCRIPTS",4102
"GENERIC ENTRY CODE","GENERIC ENTRY CODE",1291
"GENERIC PM DOMAINS","BROADCOM PMB (POWER MANAGEMENT BUS) DRIVER",375
"GENERIC PM DOMAINS","DRIVERS FOR OMAP ADAPTIVE VOLTAGE SCALING (AVS)",1324
"GENERIC PM DOMAINS","GENERIC PM DOMAINS",29951
"GENERIC PM DOMAINS","QUALCOMM CORE POWER REDUCTION (CPR) AVS DRIVER",1908
"GENERIC PM DOMAINS","STARFIVE JH71XX PMU CONTROLLER DRIVER",544
"GENERIC PM DOMAINS","TI KEYSTONE MULTICORE NAVIGATOR DRIVERS",9768
"GET_MAINTAINER SCRIPT","GET_MAINTAINER SCRIPT",2629
"GOOGLE FIRMWARE DRIVERS","GOOGLE FIRMWARE DRIVERS",2638
"GPIO SUBSYSTEM","ACCES 104-DIO-48E GPIO DRIVER",342
"GPIO SUBSYSTEM","ACCES 104-IDI-48 GPIO DRIVER",189
"GPIO SUBSYSTEM","ACCES 104-IDIO-16 GPIO DRIVER",129
"GPIO SUBSYSTEM","ACCES IDIO-16 GPIO LIBRARY",204
"GPIO SUBSYSTEM","ACCES PCI-IDIO-16 GPIO DRIVER",122
"GPIO SUBSYSTEM","ACCES PCIe-IDIO-24 GPIO DRIVER",404
"GPIO SUBSYSTEM","ALTERA PIO DRIVER",356
"GPIO SUBSYSTEM","AMD FCH GPIO DRIVER",238
"GPIO SUBSYSTEM","ARM/MStar/Sigmastar Armv7 SoC support",3072
"GPIO SUBSYSTEM","ATHEROS 71XX/9XXX GPIO DRIVER",345
"GPIO SUBSYSTEM","BROADCOM BCM281XX/BCM11XXX/BCM216XX ARM ARCHITECTURE",11574
"GPIO SUBSYSTEM","BROADCOM KONA GPIO DRIVER",756
"GPIO SUBSYSTEM","BT8XXGPIO DRIVER",311
"GPIO SUBSYSTEM","DELTA NETWORKS TN48M CPLD DRIVERS",284
"GPIO SUBSYSTEM","DIAMOND SYSTEMS GPIO-MM GPIO DRIVER",101
"GPIO SUBSYSTEM","GPIO ACPI SUPPORT",2125
"GPIO SUBSYSTEM","GPIO AGGREGATOR",747
"GPIO SUBSYSTEM","GPIO MOCKUP DRIVER",1834
"GPIO SUBSYSTEM","GPIO REGMAP",439
"GPIO SUBSYSTEM","GPIO SUBSYSTEM",97477
"GPIO SUBSYSTEM","GPIO UAPI",6541
"GPIO SUBSYSTEM","HISILICON GPIO DRIVER",391
"GPIO SUBSYSTEM","ICH LPC AND GPIO DRIVER",1941
"GPIO SUBSYSTEM","INTEL 8255 GPIO DRIVER",175
"GPIO SUBSYSTEM","INTEL GPIO DRIVERS",3365
"GPIO SUBSYSTEM","INTEL PMIC GPIO DRIVERS",911
"GPIO SUBSYSTEM","LOONGSON GPIO DRIVER",478
"GPIO SUBSYSTEM","OMAP GPIO DRIVER",1695
"GPIO SUBSYSTEM","PXA GPIO DRIVER",804
"GPIO SUBSYSTEM","SIOX",1543
"GPIO SUBSYSTEM","SYNOPSYS CREG GPIO DRIVER",210
"GPIO SUBSYSTEM","SYNOPSYS DESIGNWARE APB GPIO DRIVER",1001
"GPIO SUBSYSTEM","THUNDERX GPIO DRIVER",602
"GPIO SUBSYSTEM","TI DAVINCI SERIES GPIO DRIVER",916
"GPIO SUBSYSTEM","VIRTIO GPIO DRIVER",735
"GPIO SUBSYSTEM","WHISKEYCOVE PMIC GPIO DRIVER",514
"GPIO SUBSYSTEM","WINSYSTEMS WS16C48 GPIO DRIVER",327
"GPIO SUBSYSTEM","XILINX GPIO DRIVER",2049
"GPIO SUBSYSTEM","XRA1403 GPIO EXPANDER",263
"HARDWARE MONITORING","ABIT UGURU 1,2 HARDWARE MONITOR DRIVER",1630
"HARDWARE MONITORING","ABIT UGURU 3 HARDWARE MONITOR DRIVER",1302
"HARDWARE MONITORING","ADM1025 HARDWARE MONITOR DRIVER",632
"HARDWARE MONITORING","ADM1029 HARDWARE MONITOR DRIVER",402
"HARDWARE MONITORING","ADP1050 HARDWARE MONITOR DRIVER",49
"HARDWARE MONITORING","ADT7475 HARDWARE MONITOR DRIVER",2234
"HARDWARE MONITORING","AMD FAM15H PROCESSOR POWER MONITORING DRIVER",630
"HARDWARE MONITORING","AMPHENOL CHIPCAP 2 HUMIDITY-TEMPERATURE IIO DRIVER",972
"HARDWARE MONITORING","ANALOG DEVICES INC ADM1177 DRIVER",335
"HARDWARE MONITORING","APPLE SMC DRIVER",1419
"HARDWARE MONITORING","AQUACOMPUTER D5 NEXT PUMP SENSOR DRIVER",2065
"HARDWARE MONITORING","ASC7621 HARDWARE MONITOR DRIVER",1557
"HARDWARE MONITORING","ASUS EC HARDWARE MONITOR DRIVER",1107
"HARDWARE MONITORING","ASUS ROG RYUJIN AIO HARDWARE MONITOR DRIVER",609
"HARDWARE MONITORING","ASUS WMI HARDWARE MONITOR DRIVER",663
"HARDWARE MONITORING","ATK0110 HWMON DRIVER",1392
"HARDWARE MONITORING","AXI-FAN-CONTROL HARDWARE MONITOR DRIVER",601
"HARDWARE MONITORING","BAIKAL-T1 PVT HARDWARE MONITOR DRIVER",1640
"HARDWARE MONITORING","CHARGERLAB POWER-Z HARDWARE MONITOR DRIVER",305
"HARDWARE MONITORING","CORETEMP HARDWARE MONITORING DRIVER",1036
"HARDWARE MONITORING","CORSAIR-CPRO HARDWARE MONITOR DRIVER",602
"HARDWARE MONITORING","CORSAIR-PSU HARDWARE MONITOR DRIVER",1023
"HARDWARE MONITORING","DELL LAPTOP SMM DRIVER",1786
"HARDWARE MONITORING","DELTA AHE-50DC FAN CONTROL MODULE DRIVER",130
"HARDWARE MONITORING","DELTA DPS920AB PSU DRIVER",279
"HARDWARE MONITORING","DME1737 HARDWARE MONITOR DRIVER",3149
"HARDWARE MONITORING","F71805F HARDWARE MONITORING DRIVER",1828
"HARDWARE MONITORING","FINTEK F75375S HARDWARE MONITOR AND FAN CONTROLLER DRIVER",929
"HARDWARE MONITORING","GATEWORKS SYSTEM CONTROLLER (GSC) DRIVER",1062
"HARDWARE MONITORING","GIGABYTE WATERFORCE SENSOR DRIVER",477
"HARDWARE MONITORING","HARDWARE MONITORING",226103
"HARDWARE MONITORING","HP WMI HARDWARE MONITOR DRIVER",2225
"HARDWARE MONITORING","HS3001 Hardware Temperature and Humidity Sensor",242
"HARDWARE MONITORING","INTEL MAX 10 BMC MFD DRIVER",2069
"HARDWARE MONITORING","IT87 HARDWARE MONITORING DRIVER",4182
"HARDWARE MONITORING","K10TEMP HARDWARE MONITORING DRIVER",676
"HARDWARE MONITORING","K8TEMP HARDWARE MONITORING DRIVER",287
"HARDWARE MONITORING","LM73 HARDWARE MONITOR DRIVER",290
"HARDWARE MONITORING","LM78 HARDWARE MONITOR DRIVER",1113
"HARDWARE MONITORING","LM83 HARDWARE MONITOR DRIVER",564
"HARDWARE MONITORING","LM90 HARDWARE MONITOR DRIVER",3867
"HARDWARE MONITORING","LTC2947 HARDWARE MONITOR DRIVER",1382
"HARDWARE MONITORING","LTC2991 HARDWARE MONITOR DRIVER",563
"HARDWARE MONITORING","LTC4282 HARDWARE MONITOR DRIVER",2074
"HARDWARE MONITORING","LTC4286 HARDWARE MONITOR DRIVER",946
"HARDWARE MONITORING","MAX15301 DRIVER",277
"HARDWARE MONITORING","MAX6650 HARDWARE MONITOR AND FAN CONTROLLER DRIVER",902
"HARDWARE MONITORING","MEN F21BMC (Board Management Controller)",701
"HARDWARE MONITORING","MICROSOFT SURFACE SENSOR FAN DRIVER",116
"HARDWARE MONITORING","NCT6775 HARDWARE MONITOR DRIVER - I2C DRIVER",245
"HARDWARE MONITORING","NZXT-KRAKEN2 HARDWARE MONITORING DRIVER",276
"HARDWARE MONITORING","NZXT-KRAKEN3 HARDWARE MONITORING DRIVER",1105
"HARDWARE MONITORING","NZXT-SMART2 HARDWARE MONITORING DRIVER",900
"HARDWARE MONITORING","ONEXPLAYER FAN DRIVER",503
"HARDWARE MONITORING","PC87360 HARDWARE MONITORING DRIVER",2003
"HARDWARE MONITORING","PC87427 HARDWARE MONITORING DRIVER",1392
"HARDWARE MONITORING","PECI HARDWARE MONITORING DRIVERS",1522
"HARDWARE MONITORING","PM6764TR DRIVER",108
"HARDWARE MONITORING","PT5161L HARDWARE MONITOR DRIVER",709
"HARDWARE MONITORING","SFCTEMP HWMON DRIVER",434
"HARDWARE MONITORING","SMSC EMC2103 HARDWARE MONITOR DRIVER",703
"HARDWARE MONITORING","SMSC SCH5627 HARDWARE MONITOR DRIVER",707
"HARDWARE MONITORING","SMSC47B397 HARDWARE MONITOR DRIVER",567
"HARDWARE MONITORING","ST STPDDC60 DRIVER",339
"HARDWARE MONITORING","TEXAS INSTRUMENTS TPS23861 PoE PSE DRIVER",690
"HARDWARE MONITORING","TMP513 HARDWARE MONITOR DRIVER",863
"HARDWARE MONITORING","TPS546D24 DRIVER",106
"HARDWARE MONITORING","VT1211 HARDWARE MONITOR DRIVER",1585
"HARDWARE MONITORING","VT8231 HARDWARE MONITOR DRIVER",1058
"HARDWARE MONITORING","W83791D HARDWARE MONITORING DRIVER",1837
"HARDWARE MONITORING","W83793 HARDWARE MONITORING DRIVER",2257
"HARDWARE MONITORING","W83795 HARDWARE MONITORING DRIVER",2271
"HARDWARE RANDOM NUMBER GENERATOR CORE","CCTRNG ARM TRUSTZONE CRYPTOCELL TRUE RANDOM NUMBER GENERATOR (TRNG) DRIVER",787
"HARDWARE RANDOM NUMBER GENERATOR CORE","HARDWARE RANDOM NUMBER GENERATOR CORE",13577
"HARDWARE RANDOM NUMBER GENERATOR CORE","MEDIATEK RANDOM NUMBER GENERATOR SUPPORT",201
"HARDWARE RANDOM NUMBER GENERATOR CORE","OMAP RANDOM NUMBER GENERATOR SUPPORT",567
"HARDWARE RANDOM NUMBER GENERATOR CORE","OP-TEE RANDOM NUMBER GENERATOR (RNG) DRIVER",305
"HARDWARE RANDOM NUMBER GENERATOR CORE","RANDOM NUMBER DRIVER",1926
"HARDWARE RANDOM NUMBER GENERATOR CORE","SAMSUNG EXYNOS TRUE RANDOM NUMBER GENERATOR (TRNG) DRIVER",274
"HARDWARE RANDOM NUMBER GENERATOR CORE","STARFIVE TRNG DRIVER",456
"HARDWARE SPINLOCK CORE","ALLWINNER HARDWARE SPINLOCK SUPPORT",263
"HARDWARE SPINLOCK CORE","HARDWARE SPINLOCK CORE",3429
"HARDWARE SPINLOCK CORE","OMAP HARDWARE SPINLOCK SUPPORT",159
"HID CORE LAYER","AMD SENSOR FUSION HUB DRIVER",3708
"HID CORE LAYER","CREATIVE SB0540",268
"HID CORE LAYER","FT260 FTDI USB-HID TO I2C BRIDGE DRIVER",1107
"HID CORE LAYER","HID CORE LAYER",143598
"HID CORE LAYER","HID LOGITECH DRIVERS",6740
"HID CORE LAYER","HID NVIDIA SHIELD DRIVER",1132
"HID CORE LAYER","HID PHOENIX RC FLIGHT CONTROLLER",112
"HID CORE LAYER","HID PLAYSTATION DRIVER",2791
"HID CORE LAYER","HID VRC-2 CAR CONTROLLER DRIVER",91
"HID CORE LAYER","HID WACOM DRIVER",8626
"HID CORE LAYER","HID++ LOGITECH DRIVERS",4689
"HID CORE LAYER","INTEL INTEGRATED SENSOR HUB DRIVER",9354
"HID CORE LAYER","LETSKETCH HID TABLET DRIVER",322
"HID CORE LAYER","LOGITECH HID GAMING KEYBOARDS",957
"HID CORE LAYER","MCP2221A MICROCHIP USB-HID TO I2C BRIDGE DRIVER",1248
"HID CORE LAYER","MICROSOFT SURFACE HID TRANSPORT DRIVER",971
"HID CORE LAYER","NINTENDO HID DRIVER",2842
"HID CORE LAYER","PICOLCD HID DRIVER",2916
"HID CORE LAYER","ROCCAT DRIVERS",7341
"HID CORE LAYER","UDRAW TABLET",466
"HID CORE LAYER","UHID USERSPACE HID IO DRIVER",1020
"HID CORE LAYER","USB HID/HIDBP DRIVERS (USB KEYBOARDS, MICE, REMOTE CONTROLS, ...)",5059
"HID CORE LAYER","WIIMOTE HID DRIVER",5369
"HISILICON KUNPENG SOC HCCS DRIVER","HISILICON KUNPENG SOC HCCS DRIVER",1649
"HPFS FILESYSTEM","HPFS FILESYSTEM",6591
"I2C SUBSYSTEM","GENERIC GPIO I2C MULTIPLEXER DRIVER",372
"I2C SUBSYSTEM","GENERIC PINCTRL I2C DEMULTIPLEXER DRIVER",497
"I2C SUBSYSTEM","I2C ACPI SUPPORT",824
"I2C SUBSYSTEM","I2C ADDRESS TRANSLATOR (ATR)",826
"I2C SUBSYSTEM","I2C MUXES",5029
"I2C SUBSYSTEM","I2C SUBSYSTEM",15793
"I2C SUBSYSTEM","I2C/SMBUS STUB DRIVER",413
"I2C SUBSYSTEM","LTC4306 I2C MULTIPLEXER DRIVER",378
"I2C SUBSYSTEM HOST DRIVERS","ALI1563 I2C DRIVER",471
"I2C SUBSYSTEM HOST DRIVERS","ALTERA I2C CONTROLLER DRIVER",535
"I2C SUBSYSTEM HOST DRIVERS","AMD MP2 I2C DRIVER",1051
"I2C SUBSYSTEM HOST DRIVERS","ARM/HPE GXP ARCHITECTURE",2028
"I2C SUBSYSTEM HOST DRIVERS","AXXIA I2C CONTROLLER",868
"I2C SUBSYSTEM HOST DRIVERS","CAVIUM I2C DRIVER",1656
"I2C SUBSYSTEM HOST DRIVERS","CP2615 I2C DRIVER",336
"I2C SUBSYSTEM HOST DRIVERS","DIOLAN U2C-12 I2C DRIVER",518
"I2C SUBSYSTEM HOST DRIVERS","FREESCALE I2C CPM DRIVER",715
"I2C SUBSYSTEM HOST DRIVERS","FREESCALE IMX I2C DRIVER",1728
"I2C SUBSYSTEM HOST DRIVERS","FREESCALE IMX LPI2C DRIVER",800
"I2C SUBSYSTEM HOST DRIVERS","FREESCALE MPC I2C DRIVER",1070
"I2C SUBSYSTEM HOST DRIVERS","FSI-ATTACHED I2C DRIVER",816
"I2C SUBSYSTEM HOST DRIVERS","GENERIC GPIO I2C DRIVER",548
"I2C SUBSYSTEM HOST DRIVERS","HISILICON I2C CONTROLLER DRIVER",616
"I2C SUBSYSTEM HOST DRIVERS","I2C CONTROLLER DRIVER FOR NVIDIA GPU",397
"I2C SUBSYSTEM HOST DRIVERS","I2C MV64XXX MARVELL AND ALLWINNER DRIVER",1260
"I2C SUBSYSTEM HOST DRIVERS","I2C OVER PARALLEL PORT",599
"I2C SUBSYSTEM HOST DRIVERS","I2C SUBSYSTEM HOST DRIVERS",102727
"I2C SUBSYSTEM HOST DRIVERS","I2C-TAOS-EVM DRIVER",359
"I2C SUBSYSTEM HOST DRIVERS","I2C-TINY-USB DRIVER",305
"I2C SUBSYSTEM HOST DRIVERS","I2C/SMBUS CONTROLLER DRIVERS FOR PC",9527
"I2C SUBSYSTEM HOST DRIVERS","I2C/SMBUS INTEL CHT WHISKEY COVE PMIC DRIVER",559
"I2C SUBSYSTEM HOST DRIVERS","I2C/SMBUS ISMT DRIVER",1028
"I2C SUBSYSTEM HOST DRIVERS","I2C/SMBUS ZHAOXIN DRIVER",554
"I2C SUBSYSTEM HOST DRIVERS","ICY I2C DRIVER",215
"I2C SUBSYSTEM HOST DRIVERS","LOONGSON LS2X I2C DRIVER",421
"I2C SUBSYSTEM HOST DRIVERS","MEDIATEK I2C CONTROLLER DRIVER",1697
"I2C SUBSYSTEM HOST DRIVERS","MEDIATEK MT7621/28/88 I2C DRIVER",407
"I2C SUBSYSTEM HOST DRIVERS","MELLANOX BLUEFIELD I2C DRIVER",2493
"I2C SUBSYSTEM HOST DRIVERS","MELLANOX MLXCPLD I2C AND MUX DRIVER",855
"I2C SUBSYSTEM HOST DRIVERS","MICROCHIP I2C DRIVER",1613
"I2C SUBSYSTEM HOST DRIVERS","MICROCHIP PCI1XXXX I2C DRIVER",1212
"I2C SUBSYSTEM HOST DRIVERS","OPENCORES I2C BUS DRIVER",990
"I2C SUBSYSTEM HOST DRIVERS","QUALCOMM I2C CCI DRIVER",1141
"I2C SUBSYSTEM HOST DRIVERS","RENESAS EMEV2 I2C DRIVER",503
"I2C SUBSYSTEM HOST DRIVERS","RENESAS R-CAR I2C DRIVERS",2589
"I2C SUBSYSTEM HOST DRIVERS","RENESAS RIIC DRIVER",679
"I2C SUBSYSTEM HOST DRIVERS","RENESAS RZ/V2M I2C DRIVER",625
"I2C SUBSYSTEM HOST DRIVERS","SCx200 CPU SUPPORT",1302
"I2C SUBSYSTEM HOST DRIVERS","SOCIONEXT SYNQUACER I2C DRIVER",701
"I2C SUBSYSTEM HOST DRIVERS","ST STM32 I2C/SMBUS DRIVER",3635
"I2C SUBSYSTEM HOST DRIVERS","SYNOPSYS DESIGNWARE I2C DRIVER",3692
"I2C SUBSYSTEM HOST DRIVERS","TEGRA I2C DRIVER",1979
"I2C SUBSYSTEM HOST DRIVERS","VIRTIO I2C DRIVER",325
"I2C SUBSYSTEM HOST DRIVERS","XLP9XX I2C DRIVER",593
"I3C SUBSYSTEM","I3C DRIVER FOR ASPEED AST2600",260
"I3C SUBSYSTEM","I3C DRIVER FOR CADENCE I3C MASTER IP",1748
"I3C SUBSYSTEM","I3C DRIVER FOR SYNOPSYS DESIGNWARE",1715
"I3C SUBSYSTEM","I3C SUBSYSTEM",15390
"I3C SUBSYSTEM","SILVACO I3C DUAL-ROLE MASTER",1856
"IIO SUBSYSTEM AND DRIVERS","AD5110 ANALOG DEVICES DIGITAL POTENTIOMETERS DRIVER",349
"IIO SUBSYSTEM AND DRIVERS","AD7944 ADC DRIVER (AD7944/AD7985/AD7986)",1059
"IIO SUBSYSTEM AND DRIVERS","ADXL313 THREE-AXIS DIGITAL ACCELEROMETER DRIVER",823
"IIO SUBSYSTEM AND DRIVERS","ADXL355 THREE-AXIS DIGITAL ACCELEROMETER DRIVER",1085
"IIO SUBSYSTEM AND DRIVERS","ADXL367 THREE-AXIS DIGITAL ACCELEROMETER DRIVER",1840
"IIO SUBSYSTEM AND DRIVERS","ADXL372 THREE-AXIS DIGITAL ACCELEROMETER DRIVER",1466
"IIO SUBSYSTEM AND DRIVERS","AF8133J THREE-AXIS MAGNETOMETER DRIVER",588
"IIO SUBSYSTEM AND DRIVERS","AMS AS73211 DRIVER",945
"IIO SUBSYSTEM AND DRIVERS","ANALOG DEVICES INC AD3552R DRIVER",1330
"IIO SUBSYSTEM AND DRIVERS","ANALOG DEVICES INC AD4130 DRIVER",2383
"IIO SUBSYSTEM AND DRIVERS","ANALOG DEVICES INC AD7091R DRIVER",1037
"IIO SUBSYSTEM AND DRIVERS","ANALOG DEVICES INC AD7192 DRIVER",1322
"IIO SUBSYSTEM AND DRIVERS","ANALOG DEVICES INC AD7292 DRIVER",460
"IIO SUBSYSTEM AND DRIVERS","ANALOG DEVICES INC AD7293 DRIVER",995
"IIO SUBSYSTEM AND DRIVERS","ANALOG DEVICES INC AD74115 DRIVER",2304
"IIO SUBSYSTEM AND DRIVERS","ANALOG DEVICES INC AD74413R DRIVER",1750
"IIO SUBSYSTEM AND DRIVERS","ANALOG DEVICES INC AD7768-1 DRIVER",802
"IIO SUBSYSTEM AND DRIVERS","ANALOG DEVICES INC AD7780 DRIVER",466
"IIO SUBSYSTEM AND DRIVERS","ANALOG DEVICES INC AD9739a DRIVER",559
"IIO SUBSYSTEM AND DRIVERS","ANALOG DEVICES INC ADA4250 DRIVER",454
"IIO SUBSYSTEM AND DRIVERS","ANALOG DEVICES INC ADF4377 DRIVER",1082
"IIO SUBSYSTEM AND DRIVERS","ANALOG DEVICES INC ADIS DRIVER LIBRARY",1406
"IIO SUBSYSTEM AND DRIVERS","ANALOG DEVICES INC ADIS16460 DRIVER",493
"IIO SUBSYSTEM AND DRIVERS","ANALOG DEVICES INC ADIS16475 DRIVER",1675
"IIO SUBSYSTEM AND DRIVERS","ANALOG DEVICES INC ADMFM2000 DRIVER",397
"IIO SUBSYSTEM AND DRIVERS","ANALOG DEVICES INC ADMV1013 DRIVER",794
"IIO SUBSYSTEM AND DRIVERS","ANALOG DEVICES INC ADMV1014 DRIVER",962
"IIO SUBSYSTEM AND DRIVERS","ANALOG DEVICES INC ADMV8818 DRIVER",778
"IIO SUBSYSTEM AND DRIVERS","ANALOG DEVICES INC ADRF6780 DRIVER",647
"IIO SUBSYSTEM AND DRIVERS","ANALOG DEVICES INC ADXRS290 DRIVER",770
"IIO SUBSYSTEM AND DRIVERS","ANALOG DEVICES INC AXI DAC DRIVER",697
"IIO SUBSYSTEM AND DRIVERS","ANALOG DEVICES INC IIO DRIVERS",78649
"IIO SUBSYSTEM AND DRIVERS","AOSONG AGS02MA TVOC SENSOR DRIVER",212
"IIO SUBSYSTEM AND DRIVERS","APEX EMBEDDED SYSTEMS STX104 IIO DRIVER",523
"IIO SUBSYSTEM AND DRIVERS","ASAHI KASEI AK8974 DRIVER",1058
"IIO SUBSYSTEM AND DRIVERS","AVIA HX711 ANALOG DIGITAL CONVERTER IIO DRIVER",686
"IIO SUBSYSTEM AND DRIVERS","BOSCH SENSORTEC BMA400 ACCELEROMETER IIO DRIVER",2147
"IIO SUBSYSTEM AND DRIVERS","BOSCH SENSORTEC BMI323 IMU IIO DRIVER",2683
"IIO SUBSYSTEM AND DRIVERS","CAPELLA MICROSYSTEMS LIGHT SENSOR DRIVER",2326
"IIO SUBSYSTEM AND DRIVERS","DEVANTECH SRF ULTRASONIC RANGER IIO DRIVER",981
"IIO SUBSYSTEM AND DRIVERS","HID SENSOR HUB DRIVERS",6952
"IIO SUBSYSTEM AND DRIVERS","HONEYWELL HSC030PA PRESSURE SENSOR SERIES IIO DRIVER",902
"IIO SUBSYSTEM AND DRIVERS","HONEYWELL MPRLS0025PA PRESSURE SENSOR SERIES IIO DRIVER",907
"IIO SUBSYSTEM AND DRIVERS","HTS221 TEMPERATURE-HUMIDITY IIO DRIVER",1142
"IIO SUBSYSTEM AND DRIVERS","IIO BACKEND FRAMEWORK",840
"IIO SUBSYSTEM AND DRIVERS","IIO DIGITAL POTENTIOMETER DAC",328
"IIO SUBSYSTEM AND DRIVERS","IIO ENVELOPE DETECTOR",533
"IIO SUBSYSTEM AND DRIVERS","IIO LIGHT SENSOR GAIN-TIME-SCALE HELPERS",1805
"IIO SUBSYSTEM AND DRIVERS","IIO MULTIPLEXER",538
"IIO SUBSYSTEM AND DRIVERS","IIO SCMI BASED DRIVER",730
"IIO SUBSYSTEM AND DRIVERS","IIO SUBSYSTEM AND DRIVERS",381151
"IIO SUBSYSTEM AND DRIVERS","IIO UNIT CONVERTER",830
"IIO SUBSYSTEM AND DRIVERS","INFINEON DPS310 Driver",913
"IIO SUBSYSTEM AND DRIVERS","INVENSENSE ICM-426xx IMU DRIVER",4119
"IIO SUBSYSTEM AND DRIVERS","INVENSENSE MPU-3050 GYROSCOPE DRIVER",1586
"IIO SUBSYSTEM AND DRIVERS","KIONIX/ROHM KX022A ACCELEROMETER",1706
"IIO SUBSYSTEM AND DRIVERS","LTC1660 DAC DRIVER",298
"IIO SUBSYSTEM AND DRIVERS","LTC2688 IIO DAC DRIVER",1274
"IIO SUBSYSTEM AND DRIVERS","LTC2983 IIO TEMPERATURE DRIVER",2288
"IIO SUBSYSTEM AND DRIVERS","LTR390 AMBIENT/UV LIGHT SENSOR DRIVER",252
"IIO SUBSYSTEM AND DRIVERS","MAXBOTIX ULTRASONIC RANGER IIO DRIVER",331
"IIO SUBSYSTEM AND DRIVERS","MAXIM MAX11205 DRIVER",252
"IIO SUBSYSTEM AND DRIVERS","MAXIM MAX30208 TEMPERATURE SENSOR DRIVER",252
"IIO SUBSYSTEM AND DRIVERS","MCP4018 AND MCP4531 MICROCHIP DIGITAL POTENTIOMETER DRIVERS",595
"IIO SUBSYSTEM AND DRIVERS","MCP4821 DAC DRIVER",322
"IIO SUBSYSTEM AND DRIVERS","MEASUREMENT COMPUTING CIO-DAC IIO DRIVER",161
"IIO SUBSYSTEM AND DRIVERS","MELEXIS MLX90614 DRIVER",787
"IIO SUBSYSTEM AND DRIVERS","MELEXIS MLX90632 DRIVER",1347
"IIO SUBSYSTEM AND DRIVERS","MELEXIS MLX90635 DRIVER",1097
"IIO SUBSYSTEM AND DRIVERS","MEMSENSING MICROSYSTEMS MSA311 DRIVER",1356
"IIO SUBSYSTEM AND DRIVERS","MICROCHIP MCP3564 ADC DRIVER",1769
"IIO SUBSYSTEM AND DRIVERS","MICROCHIP MCP3911 ADC DRIVER",1022
"IIO SUBSYSTEM AND DRIVERS","MICROCHIP PAC1934 POWER/ENERGY MONITOR DRIVER",1750
"IIO SUBSYSTEM AND DRIVERS","MICROCHIP SAMA5D2-COMPATIBLE ADC DRIVER",2759
"IIO SUBSYSTEM AND DRIVERS","NXP FXAS21002C DRIVER",1377
"IIO SUBSYSTEM AND DRIVERS","NXP i.MX 7D/6SX/6UL/93 AND VF610 ADC DRIVER",2264
"IIO SUBSYSTEM AND DRIVERS","NXP i.MX 8QXP ADC DRIVER",586
"IIO SUBSYSTEM AND DRIVERS","PARALLAX PING IIO SENSOR DRIVER",385
"IIO SUBSYSTEM AND DRIVERS","PLANTOWER PMS7003 AIR POLLUTION SENSOR DRIVER",403
"IIO SUBSYSTEM AND DRIVERS","PNI RM3100 IIO DRIVER",790
"IIO SUBSYSTEM AND DRIVERS","RENESAS R-CAR GYROADC DRIVER",748
"IIO SUBSYSTEM AND DRIVERS","RENESAS RZ/G2L A/D DRIVER",752
"IIO SUBSYSTEM AND DRIVERS","RENESAS X9250 DIGITAL POTENTIOMETERS DRIVER",298
"IIO SUBSYSTEM AND DRIVERS","ROHM BH1750 AMBIENT LIGHT SENSOR DRIVER",377
"IIO SUBSYSTEM AND DRIVERS","ROHM BM1390 PRESSURE SENSOR DRIVER",934
"IIO SUBSYSTEM AND DRIVERS","ROHM BU270xx LIGHT SENSOR DRIVERs",3163
"IIO SUBSYSTEM AND DRIVERS","SENSEAIR SUNRISE 006-0-0007",630
"IIO SUBSYSTEM AND DRIVERS","SENSIRION SCD30 CARBON DIOXIDE SENSOR DRIVER",1301
"IIO SUBSYSTEM AND DRIVERS","SENSIRION SCD4X CARBON DIOXIDE SENSOR DRIVER",812
"IIO SUBSYSTEM AND DRIVERS","SENSIRION SGP40 GAS SENSOR DRIVER",409
"IIO SUBSYSTEM AND DRIVERS","SENSIRION SPS30 AIR POLLUTION SENSOR DRIVER",1116
"IIO SUBSYSTEM AND DRIVERS","SHARP GP2AP002A00F/GP2AP002S00F SENSOR DRIVER",808
"IIO SUBSYSTEM AND DRIVERS","ST LSM6DSx IMU IIO DRIVER",5792
"IIO SUBSYSTEM AND DRIVERS","ST VL53L0X ToF RANGER(I2C) IIO DRIVER",351
"IIO SUBSYSTEM AND DRIVERS","STAGING - INDUSTRIAL IO",6031
"IIO SUBSYSTEM AND DRIVERS","STAGING - SEPS525 LCD CONTROLLER DRIVERS",353
"IIO SUBSYSTEM AND DRIVERS","TEXAS INSTRUMENTS' DAC7612 DAC DRIVER",247
"IIO SUBSYSTEM AND DRIVERS","TEXAS INSTRUMENTS' TMP117 TEMPERATURE SENSOR DRIVER",281
"IIO SUBSYSTEM AND DRIVERS","TI ADS7924 ADC DRIVER",584
"IIO SUBSYSTEM AND DRIVERS","TI HDC302X HUMIDITY DRIVER",782
"IIO SUBSYSTEM AND DRIVERS","TI LMP92064 ADC DRIVER",455
"IIO SUBSYSTEM AND DRIVERS","TI TMAG5273 MAGNETOMETER DRIVER",815
"IIO SUBSYSTEM AND DRIVERS","TI TSC2046 ADC DRIVER",1031
"IIO SUBSYSTEM AND DRIVERS","VISHAY VEML6075 UVA AND UVB LIGHT SENSOR DRIVER",514
"INDUSTRY PACK SUBSYSTEM (IPACK)","INDUSTRY PACK SUBSYSTEM (IPACK)",2399
"INFINIBAND SUBSYSTEM","ALIBABA ELASTIC RDMA DRIVER",7008
"INFINIBAND SUBSYSTEM","AMAZON RDMA EFA DRIVER",7586
"INFINIBAND SUBSYSTEM","BROADCOM NETXTREME-E ROCE DRIVER",20730
"INFINIBAND SUBSYSTEM","CISCO VIC LOW LATENCY NIC DRIVER",5700
"INFINIBAND SUBSYSTEM","CXGB4 IWARP RNIC DRIVER (IW_CXGB4)",15543
"INFINIBAND SUBSYSTEM","EMULEX ONECONNECT ROCE DRIVER",11164
"INFINIBAND SUBSYSTEM","HFI1 DRIVER",78539
"INFINIBAND SUBSYSTEM","HISILICON ROCE DRIVER",18341
"INFINIBAND SUBSYSTEM","INFINIBAND SUBSYSTEM",478197
"INFINIBAND SUBSYSTEM","INTEL ETHERNET PROTOCOL DRIVER FOR RDMA",32790
"INFINIBAND SUBSYSTEM","ISCSI EXTENSIONS FOR RDMA (ISER) INITIATOR",3768
"INFINIBAND SUBSYSTEM","ISCSI EXTENSIONS FOR RDMA (ISER) TARGET",2887
"INFINIBAND SUBSYSTEM","MELLANOX MLX4 IB driver",20356
"INFINIBAND SUBSYSTEM","MELLANOX MLX5 IB driver",53088
"INFINIBAND SUBSYSTEM","OPA-VNIC DRIVER",3415
"INFINIBAND SUBSYSTEM","QIB DRIVER",48352
"INFINIBAND SUBSYSTEM","QLOGIC QL4xxx RDMA DRIVER",8890
"INFINIBAND SUBSYSTEM","RDMAVT - RDMA verbs software",7636
"INFINIBAND SUBSYSTEM","RTRS TRANSPORT DRIVERS",8703
"INFINIBAND SUBSYSTEM","SCSI RDMA PROTOCOL (SRP) INITIATOR",4895
"INFINIBAND SUBSYSTEM","SCSI RDMA PROTOCOL (SRP) TARGET",4555
"INFINIBAND SUBSYSTEM","SOFT-IWARP DRIVER (siw)",10659
"INFINIBAND SUBSYSTEM","SOFT-ROCE DRIVER (rxe)",14087
"INFINIBAND SUBSYSTEM","VMWARE PVRDMA DRIVER",6106
"INPUT (KEYBOARD, MOUSE, JOYSTICK, TOUCHSCREEN) DRIVERS","AD714X CAPACITANCE TOUCH SENSOR DRIVER (AD7142/3/7/8/7A)",1209
"INPUT (KEYBOARD, MOUSE, JOYSTICK, TOUCHSCREEN) DRIVERS","AD7877 TOUCHSCREEN DRIVER",822
"INPUT (KEYBOARD, MOUSE, JOYSTICK, TOUCHSCREEN) DRIVERS","AD7879 TOUCHSCREEN DRIVER (AD7879/AD7889)",637
"INPUT (KEYBOARD, MOUSE, JOYSTICK, TOUCHSCREEN) DRIVERS","ADAFRUIT MINI I2C GAMEPAD",393
"INPUT (KEYBOARD, MOUSE, JOYSTICK, TOUCHSCREEN) DRIVERS","ADP5588 QWERTY KEYPAD AND IO EXPANDER DRIVER (ADP5588/ADP5587)",974
"INPUT (KEYBOARD, MOUSE, JOYSTICK, TOUCHSCREEN) DRIVERS","ADXL34X THREE-AXIS DIGITAL ACCELEROMETER DRIVER (ADXL345/ADXL346)",1001
"INPUT (KEYBOARD, MOUSE, JOYSTICK, TOUCHSCREEN) DRIVERS","AGPGART DRIVER",11877
"INPUT (KEYBOARD, MOUSE, JOYSTICK, TOUCHSCREEN) DRIVERS","ALPS PS/2 TOUCHPAD DRIVER",3561
"INPUT (KEYBOARD, MOUSE, JOYSTICK, TOUCHSCREEN) DRIVERS","APPLE BCM5974 MULTITOUCH DRIVER",1033
"INPUT (KEYBOARD, MOUSE, JOYSTICK, TOUCHSCREEN) DRIVERS","ARM PRIMECELL KMI PL050 DRIVER",287
"INPUT (KEYBOARD, MOUSE, JOYSTICK, TOUCHSCREEN) DRIVERS","ATI_REMOTE2 DRIVER",1035
"INPUT (KEYBOARD, MOUSE, JOYSTICK, TOUCHSCREEN) DRIVERS","ATMEL MAXTOUCH DRIVER",3592
"INPUT (KEYBOARD, MOUSE, JOYSTICK, TOUCHSCREEN) DRIVERS","CHIPONE ICN8318 I2C TOUCHSCREEN DRIVER",333
"INPUT (KEYBOARD, MOUSE, JOYSTICK, TOUCHSCREEN) DRIVERS","CHIPONE ICN8505 I2C TOUCHSCREEN DRIVER",507
"INPUT (KEYBOARD, MOUSE, JOYSTICK, TOUCHSCREEN) DRIVERS","CYPRESS CY8CTMA140 TOUCHSCREEN DRIVER",349
"INPUT (KEYBOARD, MOUSE, JOYSTICK, TOUCHSCREEN) DRIVERS","CYPRESS STREETFIGHTER TOUCHKEYS DRIVER",299
"INPUT (KEYBOARD, MOUSE, JOYSTICK, TOUCHSCREEN) DRIVERS","CYTTSP TOUCHSCREEN DRIVER",5088
"INPUT (KEYBOARD, MOUSE, JOYSTICK, TOUCHSCREEN) DRIVERS","D-LINK DIR-685 TOUCHKEYS DRIVER",155
"INPUT (KEYBOARD, MOUSE, JOYSTICK, TOUCHSCREEN) DRIVERS","E3X0 POWER BUTTON DRIVER",158
"INPUT (KEYBOARD, MOUSE, JOYSTICK, TOUCHSCREEN) DRIVERS","FLYSKY FSIA6B RC RECEIVER",231
"INPUT (KEYBOARD, MOUSE, JOYSTICK, TOUCHSCREEN) DRIVERS","GENERIC RESISTIVE TOUCHSCREEN ADC DRIVER",303
"INPUT (KEYBOARD, MOUSE, JOYSTICK, TOUCHSCREEN) DRIVERS","GOODIX TOUCHSCREEN",3144
"INPUT (KEYBOARD, MOUSE, JOYSTICK, TOUCHSCREEN) DRIVERS","HIMAX HX83112B TOUCHSCREEN SUPPORT",427
"INPUT (KEYBOARD, MOUSE, JOYSTICK, TOUCHSCREEN) DRIVERS","HTCPEN TOUCHSCREEN DRIVER",243
"INPUT (KEYBOARD, MOUSE, JOYSTICK, TOUCHSCREEN) DRIVERS","HYCON HY46XX TOUCHSCREEN SUPPORT",703
"INPUT (KEYBOARD, MOUSE, JOYSTICK, TOUCHSCREEN) DRIVERS","IBM Operation Panel Input Driver",249
"INPUT (KEYBOARD, MOUSE, JOYSTICK, TOUCHSCREEN) DRIVERS","IDEAPAD LAPTOP SLIDEBAR DRIVER",351
"INPUT (KEYBOARD, MOUSE, JOYSTICK, TOUCHSCREEN) DRIVERS","IMAGIS TOUCHSCREEN DRIVER",526
"INPUT (KEYBOARD, MOUSE, JOYSTICK, TOUCHSCREEN) DRIVERS","INPUT (KEYBOARD, MOUSE, JOYSTICK, TOUCHSCREEN) DRIVERS",249612
"INPUT (KEYBOARD, MOUSE, JOYSTICK, TOUCHSCREEN) DRIVERS","INPUT MULTITOUCH (MT) PROTOCOL",950
"INPUT (KEYBOARD, MOUSE, JOYSTICK, TOUCHSCREEN) DRIVERS","MEDIATEK KEYPAD DRIVER",358
"INPUT (KEYBOARD, MOUSE, JOYSTICK, TOUCHSCREEN) DRIVERS","MELFAS MIP4 TOUCHSCREEN DRIVER",1612
"INPUT (KEYBOARD, MOUSE, JOYSTICK, TOUCHSCREEN) DRIVERS","NOVATEK NVT-TS I2C TOUCHSCREEN DRIVER",299
"INPUT (KEYBOARD, MOUSE, JOYSTICK, TOUCHSCREEN) DRIVERS","PARISC ARCHITECTURE",85455
"INPUT (KEYBOARD, MOUSE, JOYSTICK, TOUCHSCREEN) DRIVERS","PHOENIX RC FLIGHT CONTROLLER ADAPTER",331
"INPUT (KEYBOARD, MOUSE, JOYSTICK, TOUCHSCREEN) DRIVERS","PINE64 PINEPHONE KEYBOARD DRIVER",516
"INPUT (KEYBOARD, MOUSE, JOYSTICK, TOUCHSCREEN) DRIVERS","SIS I2C TOUCHSCREEN DRIVER",426
"INPUT (KEYBOARD, MOUSE, JOYSTICK, TOUCHSCREEN) DRIVERS","SUN4I LOW RES ADC ATTACHED TABLET KEYS DRIVER",482
"INPUT (KEYBOARD, MOUSE, JOYSTICK, TOUCHSCREEN) DRIVERS","TEGRA KBC DRIVER",815
"INPUT (KEYBOARD, MOUSE, JOYSTICK, TOUCHSCREEN) DRIVERS","VIRTUAL SERIO DEVICE DRIVER",330
"INPUT (KEYBOARD, MOUSE, JOYSTICK, TOUCHSCREEN) DRIVERS","VMWARE VMMOUSE SUBDRIVER",516
"INPUT (KEYBOARD, MOUSE, JOYSTICK, TOUCHSCREEN) DRIVERS","WACOM PROTOCOL 4 SERIAL TABLETS",617
"INPUT (KEYBOARD, MOUSE, JOYSTICK, TOUCHSCREEN) DRIVERS","WISTRON LAPTOP BUTTON DRIVER",1389
"INPUT (KEYBOARD, MOUSE, JOYSTICK, TOUCHSCREEN) DRIVERS","YEALINK PHONE DRIVER",1427
"INTEL I/OAT DMA DRIVER","INTEL I/OAT DMA DRIVER",0
"INTEL IDLE DRIVER","INTEL IDLE DRIVER",2296
"IOMMU SUBSYSTEM","AMD IOMMU (AMD-VI)",10719
"IOMMU SUBSYSTEM","ARM SMMU DRIVERS",14933
"IOMMU SUBSYSTEM","EXYNOS SYSMMU (IOMMU) driver",1530
"IOMMU SUBSYSTEM","INTEL IOMMU (VT-d)",15298
"IOMMU SUBSYSTEM","IOMMU DMA-API LAYER",3093
"IOMMU SUBSYSTEM","IOMMU SUBSYSTEM",83405
"IOMMU SUBSYSTEM","IOMMUFD",14295
"IOMMU SUBSYSTEM","QUALCOMM IOMMU",4914
"IOMMU SUBSYSTEM","S390 IOMMU (PCI)",797
"IOMMU SUBSYSTEM","TEGRA IOMMU DRIVERS",1531
"IOMMU SUBSYSTEM","VIRTIO IOMMU DRIVER",1437
"IOSYS-MAP HELPERS","IOSYS-MAP HELPERS",516
"IRQ SUBSYSTEM","IRQ DOMAINS (IRQ NUMBER MAPPING LIBRARY)",4747
"IRQ SUBSYSTEM","IRQ SUBSYSTEM",18102
"IRQCHIP DRIVERS","AMAZON ANNAPURNA LABS FIC DRIVER",313
"IRQCHIP DRIVERS","ANDROID GOLDFISH PIC DRIVER",164
"IRQCHIP DRIVERS","ARM GENERIC INTERRUPT CONTROLLER DRIVERS",14395
"IRQCHIP DRIVERS","ARM PRIMECELL VIC PL190/PL192 DRIVER",596
"IRQCHIP DRIVERS","ARM/TEXAS INSTRUMENT KEYSTONE CLOCK FRAMEWORK",1608
"IRQCHIP DRIVERS","IRQCHIP DRIVERS",60716
"IRQCHIP DRIVERS","MICROCHIP EIC DRIVER",352
"IRQCHIP DRIVERS","MIPS CORE DRIVERS",2262
"IRQCHIP DRIVERS","MSTAR INTERRUPT CONTROLLER DRIVER",355
"IRQCHIP DRIVERS","RISC-V AIA DRIVERS",3249
"IRQCHIP DRIVERS","STARFIVE JH8100 EXTERNAL INTERRUPT CONTROLLER DRIVER",268
"IRQCHIP DRIVERS","TEXAS INSTRUMENTS' SYSTEM CONTROL INTERFACE (TISCI) PROTOCOL DRIVER",8447
"iSCSI BOOT FIRMWARE TABLE (iBFT) DRIVER","iSCSI BOOT FIRMWARE TABLE (iBFT) DRIVER",1006
"ISDN/mISDN SUBSYSTEM","ISDN/mISDN SUBSYSTEM",38094
"JOURNALLING FLASH FILE SYSTEM V2 (JFFS2)","JOURNALLING FLASH FILE SYSTEM V2 (JFFS2)",19087
"JOURNALLING LAYER FOR BLOCK DEVICES (JBD2)","JOURNALLING LAYER FOR BLOCK DEVICES (JBD2)",11419
"KERNEL AUTOMOUNTER","KERNEL AUTOMOUNTER",3650
"KERNEL JANITORS","KERNEL JANITORS",0
"KERNEL SELFTEST FRAMEWORK","BPF [BTF]",9907
"KERNEL SELFTEST FRAMEWORK","BPF [CORE]",40598
"KERNEL SELFTEST FRAMEWORK","BPF [CRYPTO]",491
"KERNEL SELFTEST FRAMEWORK","BPF [GENERAL] (Safe Dynamic Programs and Tools)",502490
"KERNEL SELFTEST FRAMEWORK","BPF [ITERATOR]",2723
"KERNEL SELFTEST FRAMEWORK","BPF [LIBRARY] (libbpf)",42983
"KERNEL SELFTEST FRAMEWORK","BPF [NETWORKING] (struct_ops, reuseport)",1200
"KERNEL SELFTEST FRAMEWORK","BPF [NETWORKING] (tcx & tc BPF, sock_addr)",13827
"KERNEL SELFTEST FRAMEWORK","BPF [RINGBUF]",789
"KERNEL SELFTEST FRAMEWORK","BPF [SECURITY & LSM] (Security Audit and Enforcement using BPF)",663
"KERNEL SELFTEST FRAMEWORK","BPF [SELFTESTS] (Test Runners & Infrastructure)",236464
"KERNEL SELFTEST FRAMEWORK","BPF [STORAGE & CGROUPS]",5722
"KERNEL SELFTEST FRAMEWORK","BPF [TOOLING] (bpftool)",23034
"KERNEL SELFTEST FRAMEWORK","CACHESTAT: PAGE CACHE STATS FOR A FILE",318
"KERNEL SELFTEST FRAMEWORK","FILESYSTEMS [IDMAPPED MOUNTS]",3113
"KERNEL SELFTEST FRAMEWORK","FUTEX SUBSYSTEM",10256
"KERNEL SELFTEST FRAMEWORK","HIGH-RESOLUTION TIMERS, TIMER WHEEL, CLOCKEVENTS",14077
"KERNEL SELFTEST FRAMEWORK","KERNEL SELFTEST FRAMEWORK",727251
"KERNEL SELFTEST FRAMEWORK","KERNEL VIRTUAL MACHINE (KVM)",87946
"KERNEL SELFTEST FRAMEWORK","LANDLOCK SECURITY MODULE",14844
"KERNEL SELFTEST FRAMEWORK","LIVE PATCHING",8855
"KERNEL SELFTEST FRAMEWORK","NFC VIRTUAL NCI DEVICE DRIVER",1126
"KERNEL SELFTEST FRAMEWORK","NOLIBC HEADER FILE",7115
"KERNEL SELFTEST FRAMEWORK","PIDFD API",3704
"KERNEL SELFTEST FRAMEWORK","RCUTORTURE TEST FRAMEWORK",5842
"KERNEL SELFTEST FRAMEWORK","RESTARTABLE SEQUENCES SUPPORT",9040
"KERNEL SELFTEST FRAMEWORK","SECURE COMPUTING",9591
"KERNEL SELFTEST FRAMEWORK","TIMEKEEPING, CLOCKSOURCE CORE, NTP, ALARMTIMER",13240
"KERNEL SELFTEST FRAMEWORK","TURBOSTAT UTILITY",9146
"KERNEL SELFTEST FRAMEWORK","XDP (eXpress Data Path)",24335
"KERNEL SELFTEST FRAMEWORK","XDP SOCKETS (AF_XDP)",10155
"KERNEL USERMODE HELPER","KERNEL USERMODE HELPER",639
"KERNFS","KERNFS",4821
"KEXEC","KEXEC",3593
"KTEST","KTEST",8255
"LEAKING_ADDRESSES","LEAKING_ADDRESSES",706
"LED SUBSYSTEM","ARM/CZ.NIC TURRIS SUPPORT",3213
"LED SUBSYSTEM","AS3645A LED FLASH CONTROLLER DRIVER",772
"LED SUBSYSTEM","BLINKM RGB LED DRIVER",745
"LED SUBSYSTEM","EXPRESSWIRE PROTOCOL LIBRARY",110
"LED SUBSYSTEM","LED SUBSYSTEM",60785
"LED SUBSYSTEM","MEDIATEK PMIC LED DRIVER",798
"LED SUBSYSTEM","MELLANOX MLXCPLD LED DRIVER",846
"LED SUBSYSTEM","PCA9532 LED DRIVER",601
"LED SUBSYSTEM","SIEMENS IPC LED DRIVERS",546
"LED SUBSYSTEM","SOEKRIS NET48XX LED SUPPORT",86
"LIBATA SUBSYSTEM (Serial and Parallel ATA drivers)","LIBATA PATA ARASAN COMPACT FLASH CONTROLLER",1027
"LIBATA SUBSYSTEM (Serial and Parallel ATA drivers)","LIBATA PATA DRIVERS",29681
"LIBATA SUBSYSTEM (Serial and Parallel ATA drivers)","LIBATA PATA FARADAY FTIDE010 AND GEMINI SATA BRIDGE DRIVERS",1022
"LIBATA SUBSYSTEM (Serial and Parallel ATA drivers)","LIBATA SATA AHCI PLATFORM devices support",1118
"LIBATA SUBSYSTEM (Serial and Parallel ATA drivers)","LIBATA SATA AHCI SYNOPSYS DWC CONTROLLER DRIVER",688
"LIBATA SUBSYSTEM (Serial and Parallel ATA drivers)","LIBATA SATA PROMISE TX2/TX4 CONTROLLER DRIVER",1371
"LIBATA SUBSYSTEM (Serial and Parallel ATA drivers)","LIBATA SUBSYSTEM (Serial and Parallel ATA drivers)",100753
"LIBATA SUBSYSTEM (Serial and Parallel ATA drivers)","RENESAS R-CAR SATA DRIVER",1110
"LIBRARY CODE","BITMAP API",8202
"LIBRARY CODE","CLOSURES",675
"LIBRARY CODE","CODE TAGGING",378
"LIBRARY CODE","DEBUGOBJECTS:",1520
"LIBRARY CODE","DYNAMIC DEBUG",2013
"LIBRARY CODE","ERRSEQ ERROR TRACKING INFRASTRUCTURE",221
"LIBRARY CODE","EXTRA BOOT CONFIG",3217
"LIBRARY CODE","FORTIFY_SOURCE",2627
"LIBRARY CODE","GENERIC RADIX TREE",597
"LIBRARY CODE","GENERIC STRING LIBRARY",3923
"LIBRARY CODE","KFIFO",2293
"LIBRARY CODE","LIBRARY CODE",126598
"LIBRARY CODE","LINEAR RANGES HELPERS",556
"LIBRARY CODE","LIST KUNIT TEST",1502
"LIBRARY CODE","LOCKING PRIMITIVES",33221
"LIBRARY CODE","MAPLE TREE",49143
"LIBRARY CODE","MEMORY ALLOCATION PROFILING",712
"LIBRARY CODE","MODULE SUPPORT",11142
"LIBRARY CODE","OBJAGG",2135
"LIBRARY CODE","OBJPOOL",1164
"LIBRARY CODE","PACKING",416
"LIBRARY CODE","PARMAN",846
"LIBRARY CODE","RHASHTABLE",3493
"LIBRARY CODE","SIPHASH PRF ROUTINES",903
"LIBRARY CODE","UBSAN",1123
"LIBRARY CODE","USERSPACE COPYIN/COPYOUT (UIOVEC)",2057
"LIBRARY CODE","UUID HELPERS",376
"LIBRARY CODE","VSPRINTF",6017
"LIBRARY CODE","XARRAY",45424
"LINUX FOR POWERPC (32-BIT AND 64-BIT)","ADT746X FAN DRIVER",623
"LINUX FOR POWERPC (32-BIT AND 64-BIT)","BPF JIT for POWERPC (32-BIT AND 64-BIT)",3201
"LINUX FOR POWERPC (32-BIT AND 64-BIT)","CELL BROADBAND ENGINE ARCHITECTURE",20042
"LINUX FOR POWERPC (32-BIT AND 64-BIT)","IBM Power IO DLPAR Driver for RPA-compliant PPC64 platform",625
"LINUX FOR POWERPC (32-BIT AND 64-BIT)","IBM Power SRIOV Virtual NIC Device Driver",7755
"LINUX FOR POWERPC (32-BIT AND 64-BIT)","IBM Power Virtual Ethernet Device Driver",2187
"LINUX FOR POWERPC (32-BIT AND 64-BIT)","IBM Power Virtual FC Device Drivers",7546
"LINUX FOR POWERPC (32-BIT AND 64-BIT)","IBM Power Virtual SCSI Device Drivers",2755
"LINUX FOR POWERPC (32-BIT AND 64-BIT)","IBM Power VMX Cryptographic instructions",5447
"LINUX FOR POWERPC (32-BIT AND 64-BIT)","KERNEL VIRTUAL MACHINE FOR POWERPC (KVM/powerpc)",61836
"LINUX FOR POWERPC (32-BIT AND 64-BIT)","LINUX FOR POWER MACINTOSH",34085
"LINUX FOR POWERPC (32-BIT AND 64-BIT)","LINUX FOR POWERPC (32-BIT AND 64-BIT)",657155
"LINUX FOR POWERPC (32-BIT AND 64-BIT)","LINUX FOR POWERPC EMBEDDED MPC5XXX",6633
"LINUX FOR POWERPC (32-BIT AND 64-BIT)","LINUX FOR POWERPC EMBEDDED PPC4XX",2386
"LINUX FOR POWERPC (32-BIT AND 64-BIT)","LINUX FOR POWERPC EMBEDDED PPC85XX",7627
"LINUX FOR POWERPC (32-BIT AND 64-BIT)","LINUX FOR POWERPC EMBEDDED PPC8XX AND PPC83XX",5279
"LINUX FOR POWERPC (32-BIT AND 64-BIT)","PCI ENHANCED ERROR HANDLING (EEH) FOR POWERPC",10890
"LINUX FOR POWERPC (32-BIT AND 64-BIT)","PCI ERROR RECOVERY",432
"LINUX FOR POWERPC (32-BIT AND 64-BIT)","PS3 NETWORK SUPPORT",2259
"LINUX FOR POWERPC (32-BIT AND 64-BIT)","PS3 PLATFORM SUPPORT",21667
"LINUX FOR POWERPC (32-BIT AND 64-BIT)","PS3VRAM DRIVER",853
"LINUX FOR POWERPC (32-BIT AND 64-BIT)","SPU FILE SYSTEM",11975
"LINUX FOR POWERPC (32-BIT AND 64-BIT)","TPM DEVICE DRIVER",20188
"LINUX-NEXT TREE","LINUX-NEXT TREE",0
"LOONGARCH","BPF JIT for LOONGARCH",1665
"LOONGARCH","KERNEL VIRTUAL MACHINE FOR LOONGARCH (KVM/LoongArch)",5559
"LOONGARCH","LOONGARCH",46877
"LTP (Linux Test Project)","LTP (Linux Test Project)",0
"M68K ARCHITECTURE","M68K ARCHITECTURE",175654
"M68K ARCHITECTURE","M68K ON APPLE MACINTOSH",4976
"M68K ARCHITECTURE","M68K ON HP9000/300",671
"M68K ARCHITECTURE","NUBUS SUBSYSTEM",1666
"M68K ARCHITECTURE","SUN3/3X",4815
"M68K ARCHITECTURE","UCLINUX (M68KNOMMU AND COLDFIRE)",12037
"MAILBOX API","ACPI PCC(Platform Communication Channel) MAILBOX DRIVER",833
"MAILBOX API","ALTERA MAILBOX DRIVER",361
"MAILBOX API","MAILBOX API",23036
"MAILBOX API","MAILBOX ARM MHUv2",1366
"MAILBOX API","MAILBOX ARM MHUv3",1327
"MAILBOX API","QUALCOMM IPCC MAILBOX DRIVER",487
"MAN-PAGES: MANUAL PAGES FOR LINUX -- Sections 2, 3, 4, 5, and 7","MAN-PAGES: MANUAL PAGES FOR LINUX -- Sections 2, 3, 4, 5, and 7",0
"MEDIA INPUT INFRASTRUCTURE (V4L/DVB)","A8293 MEDIA DRIVER",307
"MEDIA INPUT INFRASTRUCTURE (V4L/DVB)","ADP1653 FLASH CONTROLLER DRIVER",663
"MEDIA INPUT INFRASTRUCTURE (V4L/DVB)","AF9013 MEDIA DRIVER",2514
"MEDIA INPUT INFRASTRUCTURE (V4L/DVB)","AF9033 MEDIA DRIVER",3277
"MEDIA INPUT INFRASTRUCTURE (V4L/DVB)","AIMSLAB FM RADIO RECEIVER DRIVER",195
"MEDIA INPUT INFRASTRUCTURE (V4L/DVB)","AIRSPY MEDIA DRIVER",1125
"MEDIA INPUT INFRASTRUCTURE (V4L/DVB)","ALLEGRO DVT VIDEO IP CORE DRIVER",7777
"MEDIA INPUT INFRASTRUCTURE (V4L/DVB)","ALLIED VISION ALVIUM CAMERA DRIVER",3064
"MEDIA INPUT INFRASTRUCTURE (V4L/DVB)","ALLWINNER A10 CSI DRIVER",1495
"MEDIA INPUT INFRASTRUCTURE (V4L/DVB)","ALLWINNER A31 CSI DRIVER",2980
"MEDIA INPUT INFRASTRUCTURE (V4L/DVB)","ALLWINNER A31 ISP DRIVER",3172
"MEDIA INPUT INFRASTRUCTURE (V4L/DVB)","ALLWINNER A31 MIPI CSI-2 BRIDGE DRIVER",1055
"MEDIA INPUT INFRASTRUCTURE (V4L/DVB)","ALLWINNER VPU DRIVER",5622
"MEDIA INPUT INFRASTRUCTURE (V4L/DVB)","AMPHION VPU CODEC V4L2 DRIVER",12456
"MEDIA INPUT INFRASTRUCTURE (V4L/DVB)","ANALOG DEVICES INC ADV7180 DRIVER",1810
"MEDIA INPUT INFRASTRUCTURE (V4L/DVB)","ANALOG DEVICES INC ADV748X DRIVER",3197
"MEDIA INPUT INFRASTRUCTURE (V4L/DVB)","ANALOG DEVICES INC ADV7511 DRIVER",1971
"MEDIA INPUT INFRASTRUCTURE (V4L/DVB)","ANALOG DEVICES INC ADV7604 DRIVER",3857
"MEDIA INPUT INFRASTRUCTURE (V4L/DVB)","ANALOG DEVICES INC ADV7842 DRIVER",3636
"MEDIA INPUT INFRASTRUCTURE (V4L/DVB)","APTINA CAMERA SENSOR PLL",202
"MEDIA INPUT INFRASTRUCTURE (V4L/DVB)","AR0521 ON SEMICONDUCTOR CAMERA SENSOR DRIVER",1292
"MEDIA INPUT INFRASTRUCTURE (V4L/DVB)","ARM/NUVOTON NPCM VIDEO ENGINE DRIVER",2216
"MEDIA INPUT INFRASTRUCTURE (V4L/DVB)","ARM/SAMSUNG S5P SERIES 2D GRAPHICS ACCELERATION (G2D) SUPPORT",1121
"MEDIA INPUT INFRASTRUCTURE (V4L/DVB)","ARM/SAMSUNG S5P SERIES HDMI CEC SUBSYSTEM SUPPORT",787
"MEDIA INPUT INFRASTRUCTURE (V4L/DVB)","ARM/SAMSUNG S5P SERIES JPEG CODEC SUPPORT",5487
"MEDIA INPUT INFRASTRUCTURE (V4L/DVB)","ARM/SAMSUNG S5P SERIES Multi Format Codec (MFC) SUPPORT",14195
"MEDIA INPUT INFRASTRUCTURE (V4L/DVB)","ARM/TEGRA HDMI CEC SUBSYSTEM SUPPORT",656
"MEDIA INPUT INFRASTRUCTURE (V4L/DVB)","AZ6007 DVB DRIVER",992
"MEDIA INPUT INFRASTRUCTURE (V4L/DVB)","AZTECH FM RADIO RECEIVER DRIVER",161
"MEDIA INPUT INFRASTRUCTURE (V4L/DVB)","BDISP ST MEDIA DRIVER",3707
"MEDIA INPUT INFRASTRUCTURE (V4L/DVB)","BROADCOM BCM2711/BCM2835 ARM ARCHITECTURE",46079
"MEDIA INPUT INFRASTRUCTURE (V4L/DVB)","BROADCOM BCM2835 CAMERA DRIVERS",3112
"MEDIA INPUT INFRASTRUCTURE (V4L/DVB)","BTTV VIDEO4LINUX DRIVER",12484
"MEDIA INPUT INFRASTRUCTURE (V4L/DVB)","CADENCE MIPI-CSI2 BRIDGES",1722
"MEDIA INPUT INFRASTRUCTURE (V4L/DVB)","CADET FM/AM RADIO RECEIVER DRIVER",679
"MEDIA INPUT INFRASTRUCTURE (V4L/DVB)","CAFE CMOS INTEGRATED CAMERA CONTROLLER DRIVER",3518
"MEDIA INPUT INFRASTRUCTURE (V4L/DVB)","CEC FRAMEWORK",20382
"MEDIA INPUT INFRASTRUCTURE (V4L/DVB)","CEC GPIO DRIVER",369
"MEDIA INPUT INFRASTRUCTURE (V4L/DVB)","CHRONTEL CH7322 CEC DRIVER",670
"MEDIA INPUT INFRASTRUCTURE (V4L/DVB)","COBALT MEDIA DRIVER",5136
"MEDIA INPUT INFRASTRUCTURE (V4L/DVB)","CODA V4L2 MEM2MEM DRIVER",9991
"MEDIA INPUT INFRASTRUCTURE (V4L/DVB)","CS3308 MEDIA DRIVER",126
"MEDIA INPUT INFRASTRUCTURE (V4L/DVB)","CX18 VIDEO4LINUX DRIVER",14223
"MEDIA INPUT INFRASTRUCTURE (V4L/DVB)","CX2341X MPEG ENCODER HELPER MODULE",2061
"MEDIA INPUT INFRASTRUCTURE (V4L/DVB)","CX24120 MEDIA DRIVER",1639
"MEDIA INPUT INFRASTRUCTURE (V4L/DVB)","CX88 VIDEO4LINUX DRIVER",15863
"MEDIA INPUT INFRASTRUCTURE (V4L/DVB)","CXD2820R MEDIA DRIVER",2173
"MEDIA INPUT INFRASTRUCTURE (V4L/DVB)","CYPRESS_FIRMWARE MEDIA DRIVER",160
"MEDIA INPUT INFRASTRUCTURE (V4L/DVB)","DEINTERLACE DRIVERS FOR ALLWINNER H3",1351
"MEDIA INPUT INFRASTRUCTURE (V4L/DVB)","DELTA ST MEDIA DRIVER",4327
"MEDIA INPUT INFRASTRUCTURE (V4L/DVB)","DIGITEQ AUTOMOTIVE MGB4 V4L2 DRIVER",5330
"MEDIA INPUT INFRASTRUCTURE (V4L/DVB)","DSBR100 USB FM RADIO DRIVER",420
"MEDIA INPUT INFRASTRUCTURE (V4L/DVB)","DT3155 MEDIA DRIVER",799
"MEDIA INPUT INFRASTRUCTURE (V4L/DVB)","DVB_USB_AF9015 MEDIA DRIVER",1687
"MEDIA INPUT INFRASTRUCTURE (V4L/DVB)","DVB_USB_AF9035 MEDIA DRIVER",2353
"MEDIA INPUT INFRASTRUCTURE (V4L/DVB)","DVB_USB_ANYSEE MEDIA DRIVER",1731
"MEDIA INPUT INFRASTRUCTURE (V4L/DVB)","DVB_USB_AU6610 MEDIA DRIVER",219
"MEDIA INPUT INFRASTRUCTURE (V4L/DVB)","DVB_USB_CE6230 MEDIA DRIVER",322
"MEDIA INPUT INFRASTRUCTURE (V4L/DVB)","DVB_USB_CXUSB MEDIA DRIVER",4443
"MEDIA INPUT INFRASTRUCTURE (V4L/DVB)","DVB_USB_EC168 MEDIA DRIVER",417
"MEDIA INPUT INFRASTRUCTURE (V4L/DVB)","DVB_USB_GL861 MEDIA DRIVER",578
"MEDIA INPUT INFRASTRUCTURE (V4L/DVB)","DVB_USB_MXL111SF MEDIA DRIVER",4978
"MEDIA INPUT INFRASTRUCTURE (V4L/DVB)","DVB_USB_RTL28XXU MEDIA DRIVER",2292
"MEDIA INPUT INFRASTRUCTURE (V4L/DVB)","DVB_USB_V2 MEDIA DRIVER",2014
"MEDIA INPUT INFRASTRUCTURE (V4L/DVB)","E4000 MEDIA DRIVER",989
"MEDIA INPUT INFRASTRUCTURE (V4L/DVB)","EARTH_PT1 MEDIA DRIVER",1505
"MEDIA INPUT INFRASTRUCTURE (V4L/DVB)","EARTH_PT3 MEDIA DRIVER",1444
"MEDIA INPUT INFRASTRUCTURE (V4L/DVB)","EC100 MEDIA DRIVER",362
"MEDIA INPUT INFRASTRUCTURE (V4L/DVB)","EM28XX VIDEO4LINUX DRIVER",15579
"MEDIA INPUT INFRASTRUCTURE (V4L/DVB)","ENE KB2426 (ENE0100/ENE020XX) INFRARED RECEIVER",1438
"MEDIA INPUT INFRASTRUCTURE (V4L/DVB)","FBTFT Framebuffer drivers",9436
"MEDIA INPUT INFRASTRUCTURE (V4L/DVB)","FC0011 TUNER DRIVER",547
"MEDIA INPUT INFRASTRUCTURE (V4L/DVB)","FC2580 MEDIA DRIVER",789
"MEDIA INPUT INFRASTRUCTURE (V4L/DVB)","FIREWIRE MEDIA DRIVERS (firedtv)",3044
"MEDIA INPUT INFRASTRUCTURE (V4L/DVB)","GALAXYCORE GC0308 CAMERA SENSOR DRIVER",1559
"MEDIA INPUT INFRASTRUCTURE (V4L/DVB)","GALAXYCORE GC2145 SENSOR DRIVER",1563
"MEDIA INPUT INFRASTRUCTURE (V4L/DVB)","GEMTEK FM RADIO RECEIVER DRIVER",340
"MEDIA INPUT INFRASTRUCTURE (V4L/DVB)","GO7007 MPEG CODEC",6468
"MEDIA INPUT INFRASTRUCTURE (V4L/DVB)","GPIO IR Transmitter",245
"MEDIA INPUT INFRASTRUCTURE (V4L/DVB)","GREYBUS AUDIO PROTOCOLS DRIVERS",4462
"MEDIA INPUT INFRASTRUCTURE (V4L/DVB)","GREYBUS BEAGLEPLAY DRIVERS",581
"MEDIA INPUT INFRASTRUCTURE (V4L/DVB)","GREYBUS FW/HID/SPI PROTOCOLS DRIVERS",4153
"MEDIA INPUT INFRASTRUCTURE (V4L/DVB)","GREYBUS LOOPBACK DRIVER",1178
"MEDIA INPUT INFRASTRUCTURE (V4L/DVB)","GREYBUS PLATFORM DRIVERS",1178
"MEDIA INPUT INFRASTRUCTURE (V4L/DVB)","GREYBUS SDIO/GPIO/SPI PROTOCOLS DRIVERS",4646
"MEDIA INPUT INFRASTRUCTURE (V4L/DVB)","GREYBUS SUBSYSTEM",34018
"MEDIA INPUT INFRASTRUCTURE (V4L/DVB)","GREYBUS UART PROTOCOLS DRIVERS",1159
"MEDIA INPUT INFRASTRUCTURE (V4L/DVB)","GS1662 VIDEO SERIALIZER",491
"MEDIA INPUT INFRASTRUCTURE (V4L/DVB)","GSPCA FINEPIX SUBDRIVER",293
"MEDIA INPUT INFRASTRUCTURE (V4L/DVB)","GSPCA GL860 SUBDRIVER",3037
"MEDIA INPUT INFRASTRUCTURE (V4L/DVB)","GSPCA M5602 SUBDRIVER",5203
"MEDIA INPUT INFRASTRUCTURE (V4L/DVB)","GSPCA PAC207 SONIXB SUBDRIVER",475
"MEDIA INPUT INFRASTRUCTURE (V4L/DVB)","GSPCA SN9C20X SUBDRIVER",2409
"MEDIA INPUT INFRASTRUCTURE (V4L/DVB)","GSPCA T613 SUBDRIVER",1041
"MEDIA INPUT INFRASTRUCTURE (V4L/DVB)","GSPCA USB WEBCAM DRIVER",77696
"MEDIA INPUT INFRASTRUCTURE (V4L/DVB)","HACKRF MEDIA DRIVER",1563
"MEDIA INPUT INFRASTRUCTURE (V4L/DVB)","HANTRO VPU CODEC DRIVER",21170
"MEDIA INPUT INFRASTRUCTURE (V4L/DVB)","HDPVR USB VIDEO ENCODER DRIVER",2424
"MEDIA INPUT INFRASTRUCTURE (V4L/DVB)","HVA ST MEDIA DRIVER",4094
"MEDIA INPUT INFRASTRUCTURE (V4L/DVB)","HYNIX HI556 SENSOR DRIVER",1454
"MEDIA INPUT INFRASTRUCTURE (V4L/DVB)","HYNIX HI846 SENSOR DRIVER",2177
"MEDIA INPUT INFRASTRUCTURE (V4L/DVB)","HYNIX HI847 SENSOR DRIVER",2956
"MEDIA INPUT INFRASTRUCTURE (V4L/DVB)","IGORPLUG-USB IR RECEIVER",269
"MEDIA INPUT INFRASTRUCTURE (V4L/DVB)","IGUANAWORKS USB IR TRANSCEIVER",565
"MEDIA INPUT INFRASTRUCTURE (V4L/DVB)","IMGTEC IR DECODER DRIVER",2951
"MEDIA INPUT INFRASTRUCTURE (V4L/DVB)","IMON SOUNDGRAPH USB IR RECEIVER",2813
"MEDIA INPUT INFRASTRUCTURE (V4L/DVB)","INTEL IPU3 CSI-2 CIO2 DRIVER",2830
"MEDIA INPUT INFRASTRUCTURE (V4L/DVB)","INTEL IPU3 CSI-2 IMGU DRIVER",25014
"MEDIA INPUT INFRASTRUCTURE (V4L/DVB)","INTEL IPU6 INPUT SYSTEM DRIVER",13386
"MEDIA INPUT INFRASTRUCTURE (V4L/DVB)","INTERSIL ISL7998X VIDEO DECODER DRIVER",1739
"MEDIA INPUT INFRASTRUCTURE (V4L/DVB)","ISA RADIO MODULE",478
"MEDIA INPUT INFRASTRUCTURE (V4L/DVB)","IT913X MEDIA DRIVER",485
"MEDIA INPUT INFRASTRUCTURE (V4L/DVB)","IVTV VIDEO4LINUX DRIVER",16297
"MEDIA INPUT INFRASTRUCTURE (V4L/DVB)","IX2505V MEDIA DRIVER",364
"MEDIA INPUT INFRASTRUCTURE (V4L/DVB)","JPU V4L2 MEM2MEM DRIVER FOR RENESAS",1752
"MEDIA INPUT INFRASTRUCTURE (V4L/DVB)","KEENE FM RADIO TRANSMITTER DRIVER",405
"MEDIA INPUT INFRASTRUCTURE (V4L/DVB)","LG2160 MEDIA DRIVER",1503
"MEDIA INPUT INFRASTRUCTURE (V4L/DVB)","LGDT3305 MEDIA DRIVER",1284
"MEDIA INPUT INFRASTRUCTURE (V4L/DVB)","LME2510 MEDIA DRIVER",1437
"MEDIA INPUT INFRASTRUCTURE (V4L/DVB)","M88DS3103 MEDIA DRIVER",2525
"MEDIA INPUT INFRASTRUCTURE (V4L/DVB)","M88RS2000 MEDIA DRIVER",866
"MEDIA INPUT INFRASTRUCTURE (V4L/DVB)","MA901 MASTERKIT USB FM RADIO DRIVER",456
"MEDIA INPUT INFRASTRUCTURE (V4L/DVB)","MAX2175 SDR TUNER DRIVER",1694
"MEDIA INPUT INFRASTRUCTURE (V4L/DVB)","MAX9286 QUAD GMSL DESERIALIZER DRIVER",2145
"MEDIA INPUT INFRASTRUCTURE (V4L/DVB)","MAX96712 QUAD GMSL2 DESERIALIZER DRIVER",582
"MEDIA INPUT INFRASTRUCTURE (V4L/DVB)","MAXIRADIO FM RADIO RECEIVER DRIVER",203
"MEDIA INPUT INFRASTRUCTURE (V4L/DVB)","MEDIA CONTROLLER FRAMEWORK",6631
"MEDIA INPUT INFRASTRUCTURE (V4L/DVB)","MEDIA DRIVER FOR FREESCALE IMX PXP",3639
"MEDIA INPUT INFRASTRUCTURE (V4L/DVB)","MEDIA DRIVERS FOR ASCOT2E",597
"MEDIA INPUT INFRASTRUCTURE (V4L/DVB)","MEDIA DRIVERS FOR CXD2099AR CI CONTROLLERS",717
"MEDIA INPUT INFRASTRUCTURE (V4L/DVB)","MEDIA DRIVERS FOR CXD2841ER",4110
"MEDIA INPUT INFRASTRUCTURE (V4L/DVB)","MEDIA DRIVERS FOR CXD2880",12936
"MEDIA INPUT INFRASTRUCTURE (V4L/DVB)","MEDIA DRIVERS FOR DIGITAL DEVICES PCIE DEVICES",7107
"MEDIA INPUT INFRASTRUCTURE (V4L/DVB)","MEDIA DRIVERS FOR FREESCALE IMX",11222
"MEDIA INPUT INFRASTRUCTURE (V4L/DVB)","MEDIA DRIVERS FOR FREESCALE IMX7/8",5538
"MEDIA INPUT INFRASTRUCTURE (V4L/DVB)","MEDIA DRIVERS FOR HELENE",1208
"MEDIA INPUT INFRASTRUCTURE (V4L/DVB)","MEDIA DRIVERS FOR HORUS3A",459
"MEDIA INPUT INFRASTRUCTURE (V4L/DVB)","MEDIA DRIVERS FOR LNBH25",226
"MEDIA INPUT INFRASTRUCTURE (V4L/DVB)","MEDIA DRIVERS FOR MXL5XX TUNER DEMODULATORS",3025
"MEDIA INPUT INFRASTRUCTURE (V4L/DVB)","MEDIA DRIVERS FOR NETUP PCI UNIVERSAL DVB devices",2032
"MEDIA INPUT INFRASTRUCTURE (V4L/DVB)","MEDIA DRIVERS FOR NVIDIA TEGRA - VDE",3379
"MEDIA INPUT INFRASTRUCTURE (V4L/DVB)","MEDIA DRIVERS FOR RENESAS - CEU",1841
"MEDIA INPUT INFRASTRUCTURE (V4L/DVB)","MEDIA DRIVERS FOR RENESAS - DRIF",1755
"MEDIA INPUT INFRASTRUCTURE (V4L/DVB)","MEDIA DRIVERS FOR RENESAS - FCP",319
"MEDIA INPUT INFRASTRUCTURE (V4L/DVB)","MEDIA DRIVERS FOR RENESAS - FDP1",2529
"MEDIA INPUT INFRASTRUCTURE (V4L/DVB)","MEDIA DRIVERS FOR RENESAS - VIN",7833
"MEDIA INPUT INFRASTRUCTURE (V4L/DVB)","MEDIA DRIVERS FOR RENESAS - VSP1",12710
"MEDIA INPUT INFRASTRUCTURE (V4L/DVB)","MEDIA DRIVERS FOR ST STV0910 DEMODULATOR ICs",6637
"MEDIA INPUT INFRASTRUCTURE (V4L/DVB)","MEDIA DRIVERS FOR ST STV6111 TUNER ICs",709
"MEDIA INPUT INFRASTRUCTURE (V4L/DVB)","MEDIA INPUT INFRASTRUCTURE (V4L/DVB)",1810801
"MEDIA INPUT INFRASTRUCTURE (V4L/DVB)","MEDIATEK CIR DRIVER",454
"MEDIA INPUT INFRASTRUCTURE (V4L/DVB)","MEDIATEK JPEG DRIVER",3884
"MEDIA INPUT INFRASTRUCTURE (V4L/DVB)","MEDIATEK MDP DRIVER",3778
"MEDIA INPUT INFRASTRUCTURE (V4L/DVB)","MEDIATEK MEDIA DRIVER",23351
"MEDIA INPUT INFRASTRUCTURE (V4L/DVB)","MESON AO CEC DRIVER FOR AMLOGIC SOCS",1612
"MEDIA INPUT INFRASTRUCTURE (V4L/DVB)","MESON GE2D DRIVER FOR AMLOGIC SOCS",1483
"MEDIA INPUT INFRASTRUCTURE (V4L/DVB)","MESON VIDEO DECODER DRIVER FOR AMLOGIC SOCS",7069
"MEDIA INPUT INFRASTRUCTURE (V4L/DVB)","MICROCHIP CSI2DC DRIVER",996
"MEDIA INPUT INFRASTRUCTURE (V4L/DVB)","MICROCHIP ISC DRIVER",9352
"MEDIA INPUT INFRASTRUCTURE (V4L/DVB)","MIPI CCS, SMIA AND SMIA++ IMAGE SENSOR DRIVER",11061
"MEDIA INPUT INFRASTRUCTURE (V4L/DVB)","MIROSOUND PCM20 FM RADIO RECEIVER DRIVER",513
"MEDIA INPUT INFRASTRUCTURE (V4L/DVB)","MN88472 MEDIA DRIVER",811
"MEDIA INPUT INFRASTRUCTURE (V4L/DVB)","MN88473 MEDIA DRIVER",830
"MEDIA INPUT INFRASTRUCTURE (V4L/DVB)","MOST(R) TECHNOLOGY DRIVER",10216
"MEDIA INPUT INFRASTRUCTURE (V4L/DVB)","MR800 AVERMEDIA USB FM RADIO DRIVER",599
"MEDIA INPUT INFRASTRUCTURE (V4L/DVB)","MSI001 MEDIA DRIVER",510
"MEDIA INPUT INFRASTRUCTURE (V4L/DVB)","MSI2500 MEDIA DRIVER",1317
"MEDIA INPUT INFRASTRUCTURE (V4L/DVB)","MT9M114 ONSEMI SENSOR DRIVER",2615
"MEDIA INPUT INFRASTRUCTURE (V4L/DVB)","MT9P031 APTINA CAMERA SENSOR",1385
"MEDIA INPUT INFRASTRUCTURE (V4L/DVB)","MT9T112 APTINA CAMERA SENSOR",1157
"MEDIA INPUT INFRASTRUCTURE (V4L/DVB)","MT9V032 APTINA CAMERA SENSOR",1357
"MEDIA INPUT INFRASTRUCTURE (V4L/DVB)","MT9V111 APTINA CAMERA SENSOR",1357
"MEDIA INPUT INFRASTRUCTURE (V4L/DVB)","MXL301RF MEDIA DRIVER",355
"MEDIA INPUT INFRASTRUCTURE (V4L/DVB)","MXL5007T MEDIA DRIVER",996
"MEDIA INPUT INFRASTRUCTURE (V4L/DVB)","NOKIA N900 CAMERA SUPPORT (ET8EK8 SENSOR, AD5820 FOCUS)",2584
"MEDIA INPUT INFRASTRUCTURE (V4L/DVB)","NXP i.MX 8M ISI DRIVER",6194
"MEDIA INPUT INFRASTRUCTURE (V4L/DVB)","NXP i.MX 8MP DW100 V4L2 DRIVER",2006
"MEDIA INPUT INFRASTRUCTURE (V4L/DVB)","NXP i.MX 8QXP/8QM JPEG V4L2 DRIVER",3615
"MEDIA INPUT INFRASTRUCTURE (V4L/DVB)","OMAP IMAGING SUBSYSTEM (OMAP3 ISP and OMAP4 ISS)",28096
"MEDIA INPUT INFRASTRUCTURE (V4L/DVB)","OMNIVISION OG01A1B SENSOR DRIVER",1073
"MEDIA INPUT INFRASTRUCTURE (V4L/DVB)","OMNIVISION OV01A10 SENSOR DRIVER",965
"MEDIA INPUT INFRASTRUCTURE (V4L/DVB)","OMNIVISION OV02A10 SENSOR DRIVER",1162
"MEDIA INPUT INFRASTRUCTURE (V4L/DVB)","OMNIVISION OV08D10 SENSOR DRIVER",1478
"MEDIA INPUT INFRASTRUCTURE (V4L/DVB)","OMNIVISION OV08X40 SENSOR DRIVER",2231
"MEDIA INPUT INFRASTRUCTURE (V4L/DVB)","OMNIVISION OV13858 SENSOR DRIVER",1774
"MEDIA INPUT INFRASTRUCTURE (V4L/DVB)","OMNIVISION OV13B10 SENSOR DRIVER",1631
"MEDIA INPUT INFRASTRUCTURE (V4L/DVB)","OMNIVISION OV2680 SENSOR DRIVER",1461
"MEDIA INPUT INFRASTRUCTURE (V4L/DVB)","OMNIVISION OV2685 SENSOR DRIVER",996
"MEDIA INPUT INFRASTRUCTURE (V4L/DVB)","OMNIVISION OV2740 SENSOR DRIVER",1451
"MEDIA INPUT INFRASTRUCTURE (V4L/DVB)","OMNIVISION OV4689 SENSOR DRIVER",1186
"MEDIA INPUT INFRASTRUCTURE (V4L/DVB)","OMNIVISION OV5640 SENSOR DRIVER",4031
"MEDIA INPUT INFRASTRUCTURE (V4L/DVB)","OMNIVISION OV5647 SENSOR DRIVER",1596
"MEDIA INPUT INFRASTRUCTURE (V4L/DVB)","OMNIVISION OV5670 SENSOR DRIVER",2926
"MEDIA INPUT INFRASTRUCTURE (V4L/DVB)","OMNIVISION OV5675 SENSOR DRIVER",1524
"MEDIA INPUT INFRASTRUCTURE (V4L/DVB)","OMNIVISION OV5693 SENSOR DRIVER",1580
"MEDIA INPUT INFRASTRUCTURE (V4L/DVB)","OMNIVISION OV5695 SENSOR DRIVER",1377
"MEDIA INPUT INFRASTRUCTURE (V4L/DVB)","OMNIVISION OV64A40 SENSOR DRIVER",3793
"MEDIA INPUT INFRASTRUCTURE (V4L/DVB)","OMNIVISION OV7670 SENSOR DRIVER",2077
"MEDIA INPUT INFRASTRUCTURE (V4L/DVB)","OMNIVISION OV772x SENSOR DRIVER",1767
"MEDIA INPUT INFRASTRUCTURE (V4L/DVB)","OMNIVISION OV7740 SENSOR DRIVER",1231
"MEDIA INPUT INFRASTRUCTURE (V4L/DVB)","OMNIVISION OV8856 SENSOR DRIVER",2623
"MEDIA INPUT INFRASTRUCTURE (V4L/DVB)","OMNIVISION OV8858 SENSOR DRIVER",2112
"MEDIA INPUT INFRASTRUCTURE (V4L/DVB)","OMNIVISION OV9282 SENSOR DRIVER",1625
"MEDIA INPUT INFRASTRUCTURE (V4L/DVB)","OMNIVISION OV9640 SENSOR DRIVER",979
"MEDIA INPUT INFRASTRUCTURE (V4L/DVB)","OMNIVISION OV9650 SENSOR DRIVER",1634
"MEDIA INPUT INFRASTRUCTURE (V4L/DVB)","OMNIVISION OV9734 SENSOR DRIVER",992
"MEDIA INPUT INFRASTRUCTURE (V4L/DVB)","OV2659 OMNIVISION SENSOR DRIVER",1604
"MEDIA INPUT INFRASTRUCTURE (V4L/DVB)","PULSE8-CEC DRIVER",939
"MEDIA INPUT INFRASTRUCTURE (V4L/DVB)","PVRUSB2 VIDEO4LINUX DRIVER",15043
"MEDIA INPUT INFRASTRUCTURE (V4L/DVB)","PWC WEBCAM DRIVER",6719
"MEDIA INPUT INFRASTRUCTURE (V4L/DVB)","PWM IR Transmitter",241
"MEDIA INPUT INFRASTRUCTURE (V4L/DVB)","QM1D1B0004 MEDIA DRIVER",289
"MEDIA INPUT INFRASTRUCTURE (V4L/DVB)","QM1D1C0042 MEDIA DRIVER",483
"MEDIA INPUT INFRASTRUCTURE (V4L/DVB)","QT1010 MEDIA DRIVER",583
"MEDIA INPUT INFRASTRUCTURE (V4L/DVB)","QUALCOMM CAMERA SUBSYSTEM DRIVER",19435
"MEDIA INPUT INFRASTRUCTURE (V4L/DVB)","QUALCOMM VENUS VIDEO ACCELERATOR DRIVER",20137
"MEDIA INPUT INFRASTRUCTURE (V4L/DVB)","RADIOSHARK RADIO DRIVER",429
"MEDIA INPUT INFRASTRUCTURE (V4L/DVB)","RADIOSHARK2 RADIO DRIVER",982
"MEDIA INPUT INFRASTRUCTURE (V4L/DVB)","RAINSHADOW-CEC DRIVER",395
"MEDIA INPUT INFRASTRUCTURE (V4L/DVB)","RC-CORE / LIRC FRAMEWORK",47981
"MEDIA INPUT INFRASTRUCTURE (V4L/DVB)","RCMM REMOTE CONTROLS DECODER",255
"MEDIA INPUT INFRASTRUCTURE (V4L/DVB)","RDACM20 Camera Sensor",1422
"MEDIA INPUT INFRASTRUCTURE (V4L/DVB)","RDACM21 Camera Sensor",1381
"MEDIA INPUT INFRASTRUCTURE (V4L/DVB)","ROCKCHIP ISP V1 DRIVER",11421
"MEDIA INPUT INFRASTRUCTURE (V4L/DVB)","ROCKCHIP RASTER 2D GRAPHIC ACCELERATION UNIT DRIVER",2336
"MEDIA INPUT INFRASTRUCTURE (V4L/DVB)","ROCKCHIP VIDEO DECODER DRIVER",3844
"MEDIA INPUT INFRASTRUCTURE (V4L/DVB)","ROTATION DRIVER FOR ALLWINNER A83T",1441
"MEDIA INPUT INFRASTRUCTURE (V4L/DVB)","RTL2830 MEDIA DRIVER",975
"MEDIA INPUT INFRASTRUCTURE (V4L/DVB)","RTL2832 MEDIA DRIVER",3155
"MEDIA INPUT INFRASTRUCTURE (V4L/DVB)","RTL2832_SDR MEDIA DRIVER",1543
"MEDIA INPUT INFRASTRUCTURE (V4L/DVB)","SAA6588 RDS RECEIVER DRIVER",513
"MEDIA INPUT INFRASTRUCTURE (V4L/DVB)","SAA7134 VIDEO4LINUX DRIVER",20146
"MEDIA INPUT INFRASTRUCTURE (V4L/DVB)","SAA7146 VIDEO4LINUX-2 DRIVER",5921
"MEDIA INPUT INFRASTRUCTURE (V4L/DVB)","SAMSUNG S3C24XX/S3C64XX SOC SERIES CAMIF DRIVER",3616
"MEDIA INPUT INFRASTRUCTURE (V4L/DVB)","SAMSUNG S5C73M3 CAMERA DRIVER",3072
"MEDIA INPUT INFRASTRUCTURE (V4L/DVB)","SAMSUNG S5K5BAF CAMERA DRIVER",2046
"MEDIA INPUT INFRASTRUCTURE (V4L/DVB)","SAMSUNG S5P/EXYNOS4 SOC SERIES CAMERA SUBSYSTEM DRIVERS",18298
"MEDIA INPUT INFRASTRUCTURE (V4L/DVB)","SECO BOARDS CEC DRIVER",929
"MEDIA INPUT INFRASTRUCTURE (V4L/DVB)","SERIAL IR RECEIVER",845
"MEDIA INPUT INFRASTRUCTURE (V4L/DVB)","SH_VOU V4L2 OUTPUT DRIVER",1404
"MEDIA INPUT INFRASTRUCTURE (V4L/DVB)","SHARP RJ54N1CB0C SENSOR DRIVER",1447
"MEDIA INPUT INFRASTRUCTURE (V4L/DVB)","SI2157 MEDIA DRIVER",1154
"MEDIA INPUT INFRASTRUCTURE (V4L/DVB)","SI2165 MEDIA DRIVER",1457
"MEDIA INPUT INFRASTRUCTURE (V4L/DVB)","SI2168 MEDIA DRIVER",918
"MEDIA INPUT INFRASTRUCTURE (V4L/DVB)","SI470X FM RADIO RECEIVER I2C DRIVER",593
"MEDIA INPUT INFRASTRUCTURE (V4L/DVB)","SI470X FM RADIO RECEIVER USB DRIVER",1867
"MEDIA INPUT INFRASTRUCTURE (V4L/DVB)","SI4713 FM RADIO TRANSMITTER I2C DRIVER",1919
"MEDIA INPUT INFRASTRUCTURE (V4L/DVB)","SI4713 FM RADIO TRANSMITTER PLATFORM DRIVER",211
"MEDIA INPUT INFRASTRUCTURE (V4L/DVB)","SI4713 FM RADIO TRANSMITTER USB DRIVER",522
"MEDIA INPUT INFRASTRUCTURE (V4L/DVB)","SIANO DVB DRIVER",7070
"MEDIA INPUT INFRASTRUCTURE (V4L/DVB)","SOFTLOGIC 6x10 MPEG CODEC",7004
"MEDIA INPUT INFRASTRUCTURE (V4L/DVB)","SONY IMX208 SENSOR DRIVER",1066
"MEDIA INPUT INFRASTRUCTURE (V4L/DVB)","SONY IMX214 SENSOR DRIVER",1286
"MEDIA INPUT INFRASTRUCTURE (V4L/DVB)","SONY IMX219 SENSOR DRIVER",1367
"MEDIA INPUT INFRASTRUCTURE (V4L/DVB)","SONY IMX258 SENSOR DRIVER",1501
"MEDIA INPUT INFRASTRUCTURE (V4L/DVB)","SONY IMX274 SENSOR DRIVER",2250
"MEDIA INPUT INFRASTRUCTURE (V4L/DVB)","SONY IMX290 SENSOR DRIVER",1815
"MEDIA INPUT INFRASTRUCTURE (V4L/DVB)","SONY IMX296 SENSOR DRIVER",1265
"MEDIA INPUT INFRASTRUCTURE (V4L/DVB)","SONY IMX319 SENSOR DRIVER",2504
"MEDIA INPUT INFRASTRUCTURE (V4L/DVB)","SONY IMX334 SENSOR DRIVER",1554
"MEDIA INPUT INFRASTRUCTURE (V4L/DVB)","SONY IMX335 SENSOR DRIVER",1503
"MEDIA INPUT INFRASTRUCTURE (V4L/DVB)","SONY IMX355 SENSOR DRIVER",1789
"MEDIA INPUT INFRASTRUCTURE (V4L/DVB)","SONY IMX412 SENSOR DRIVER",1405
"MEDIA INPUT INFRASTRUCTURE (V4L/DVB)","SONY IMX415 SENSOR DRIVER",1594
"MEDIA INPUT INFRASTRUCTURE (V4L/DVB)","SP2 MEDIA DRIVER",512
"MEDIA INPUT INFRASTRUCTURE (V4L/DVB)","ST MIPID02 CSI-2 TO PARALLEL BRIDGE DRIVER",1128
"MEDIA INPUT INFRASTRUCTURE (V4L/DVB)","ST VGXY61 DRIVER",2033
"MEDIA INPUT INFRASTRUCTURE (V4L/DVB)","STAGING - ATOMISP DRIVER",109236
"MEDIA INPUT INFRASTRUCTURE (V4L/DVB)","STAGING - FIELDBUS SUBSYSTEM",719
"MEDIA INPUT INFRASTRUCTURE (V4L/DVB)","STAGING - HMS ANYBUS-S BUS",2252
"MEDIA INPUT INFRASTRUCTURE (V4L/DVB)","STAGING - NVIDIA COMPLIANT EMBEDDED CONTROLLER INTERFACE (nvec)",2419
"MEDIA INPUT INFRASTRUCTURE (V4L/DVB)","STAGING - OLPC SECONDARY DISPLAY CONTROLLER (DCON)",1361
"MEDIA INPUT INFRASTRUCTURE (V4L/DVB)","STAGING - REALTEK RTL8712U DRIVERS",27531
"MEDIA INPUT INFRASTRUCTURE (V4L/DVB)","STAGING - SILICON MOTION SM750 FRAME BUFFER DRIVER",7163
"MEDIA INPUT INFRASTRUCTURE (V4L/DVB)","STAGING - VIA VT665X DRIVERS",16166
"MEDIA INPUT INFRASTRUCTURE (V4L/DVB)","STAGING SUBSYSTEM",463956
"MEDIA INPUT INFRASTRUCTURE (V4L/DVB)","STARFIVE CAMERA SUBSYSTEM DRIVER",3474
"MEDIA INPUT INFRASTRUCTURE (V4L/DVB)","STI CEC DRIVER",465
"MEDIA INPUT INFRASTRUCTURE (V4L/DVB)","STK1160 USB VIDEO CAPTURE DRIVER",2608
"MEDIA INPUT INFRASTRUCTURE (V4L/DVB)","TC90522 MEDIA DRIVER",888
"MEDIA INPUT INFRASTRUCTURE (V4L/DVB)","TDA10071 MEDIA DRIVER",1400
"MEDIA INPUT INFRASTRUCTURE (V4L/DVB)","TDA18212 MEDIA DRIVER",306
"MEDIA INPUT INFRASTRUCTURE (V4L/DVB)","TDA18218 MEDIA DRIVER",458
"MEDIA INPUT INFRASTRUCTURE (V4L/DVB)","TDA18250 MEDIA DRIVER",1067
"MEDIA INPUT INFRASTRUCTURE (V4L/DVB)","TDA18271 MEDIA DRIVER",3704
"MEDIA INPUT INFRASTRUCTURE (V4L/DVB)","TDA1997x MEDIA DRIVER",3494
"MEDIA INPUT INFRASTRUCTURE (V4L/DVB)","TDA9840 MEDIA DRIVER",199
"MEDIA INPUT INFRASTRUCTURE (V4L/DVB)","TEA5761 TUNER DRIVER",376
"MEDIA INPUT INFRASTRUCTURE (V4L/DVB)","TEA5767 TUNER DRIVER",527
"MEDIA INPUT INFRASTRUCTURE (V4L/DVB)","TEA6415C MEDIA DRIVER",186
"MEDIA INPUT INFRASTRUCTURE (V4L/DVB)","TEA6420 MEDIA DRIVER",165
"MEDIA INPUT INFRASTRUCTURE (V4L/DVB)","TECHNOTREND USB IR RECEIVER",434
"MEDIA INPUT INFRASTRUCTURE (V4L/DVB)","TECHWELL TW9900 VIDEO DECODER",781
"MEDIA INPUT INFRASTRUCTURE (V4L/DVB)","TECHWELL TW9910 VIDEO DECODER",1062
"MEDIA INPUT INFRASTRUCTURE (V4L/DVB)","TEGRA VIDEO DRIVER",6497
"MEDIA INPUT INFRASTRUCTURE (V4L/DVB)","THANKO'S RAREMONO AM/FM/SW RADIO RECEIVER USB DRIVER",389
"MEDIA INPUT INFRASTRUCTURE (V4L/DVB)","THP7312 ISP DRIVER",2538
"MEDIA INPUT INFRASTRUCTURE (V4L/DVB)","TI AM437X VPFE DRIVER",3075
"MEDIA INPUT INFRASTRUCTURE (V4L/DVB)","TI DAVINCI SERIES MEDIA DRIVER",4892
"MEDIA INPUT INFRASTRUCTURE (V4L/DVB)","TI FPD-LINK DRIVERS",7110
"MEDIA INPUT INFRASTRUCTURE (V4L/DVB)","TI J721E CSI2RX DRIVER",1279
"MEDIA INPUT INFRASTRUCTURE (V4L/DVB)","TI VPE/CAL DRIVERS",11626
"MEDIA INPUT INFRASTRUCTURE (V4L/DVB)","TOSHIBA TC358743 DRIVER",3148
"MEDIA INPUT INFRASTRUCTURE (V4L/DVB)","TUA9001 MEDIA DRIVER",339
"MEDIA INPUT INFRASTRUCTURE (V4L/DVB)","TW5864 VIDEO4LINUX DRIVER",4479
"MEDIA INPUT INFRASTRUCTURE (V4L/DVB)","TW68 VIDEO4LINUX DRIVER",2065
"MEDIA INPUT INFRASTRUCTURE (V4L/DVB)","TW686X VIDEO4LINUX DRIVER",2509
"MEDIA INPUT INFRASTRUCTURE (V4L/DVB)","USB VIDEO CLASS",12283
"MEDIA INPUT INFRASTRUCTURE (V4L/DVB)","V4L2 ASYNC AND FWNODE FRAMEWORKS",2985
"MEDIA INPUT INFRASTRUCTURE (V4L/DVB)","V4L2 CAMERA SENSOR DRIVERS",104096
"MEDIA INPUT INFRASTRUCTURE (V4L/DVB)","VICODEC VIRTUAL CODEC DRIVER",3766
"MEDIA INPUT INFRASTRUCTURE (V4L/DVB)","VIDEO I2C POLLING DRIVER",968
"MEDIA INPUT INFRASTRUCTURE (V4L/DVB)","VIDEO MULTIPLEXER DRIVER",501
"MEDIA INPUT INFRASTRUCTURE (V4L/DVB)","VIDEOBUF2 FRAMEWORK",9298
"MEDIA INPUT INFRASTRUCTURE (V4L/DVB)","VIDTV VIRTUAL DIGITAL TV DRIVER",7696
"MEDIA INPUT INFRASTRUCTURE (V4L/DVB)","VIMC VIRTUAL MEDIA CONTROLLER DRIVER",3543
"MEDIA INPUT INFRASTRUCTURE (V4L/DVB)","VISL VIRTUAL STATELESS DECODER DRIVER",4163
"MEDIA INPUT INFRASTRUCTURE (V4L/DVB)","VIVID VIRTUAL VIDEO DRIVER",14361
"MEDIA INPUT INFRASTRUCTURE (V4L/DVB)","VME SUBSYSTEM",8869
"MEDIA INPUT INFRASTRUCTURE (V4L/DVB)","WAVE5 VPU CODEC DRIVER",10344
"MEDIA INPUT INFRASTRUCTURE (V4L/DVB)","WINBOND CIR DRIVER",1220
"MEDIA INPUT INFRASTRUCTURE (V4L/DVB)","XBOX DVD IR REMOTE",368
"MEDIA INPUT INFRASTRUCTURE (V4L/DVB)","XC2028/3028 TUNER DRIVER",1737
"MEDIA INPUT INFRASTRUCTURE (V4L/DVB)","ZD1301 MEDIA DRIVER",289
"MEDIA INPUT INFRASTRUCTURE (V4L/DVB)","ZD1301_DEMOD MEDIA DRIVER",601
"MEDIA INPUT INFRASTRUCTURE (V4L/DVB)","ZR36067 VIDEO FOR LINUX DRIVER",7763
"MELLANOX HARDWARE PLATFORM SUPPORT","MELLANOX HARDWARE PLATFORM SUPPORT",8652
"MEMORY MANAGEMENT","CONTROL GROUP - MEMORY RESOURCE CONTROLLER (MEMCG)",13257
"MEMORY MANAGEMENT","DATA ACCESS MONITOR",16200
"MEMORY MANAGEMENT","HMM - Heterogeneous Memory Management",4960
"MEMORY MANAGEMENT","HUGETLB SUBSYSTEM",13207
"MEMORY MANAGEMENT","HWPOISON MEMORY FAILURE HANDLING",2937
"MEMORY MANAGEMENT","KASAN",11895
"MEMORY MANAGEMENT","KERNEL HARDENING (not covered by other areas)",987
"MEMORY MANAGEMENT","KFENCE",3643
"MEMORY MANAGEMENT","KMEMLEAK",2696
"MEMORY MANAGEMENT","KMSAN",3954
"MEMORY MANAGEMENT","MEMBLOCK AND MEMORY MANAGEMENT INITIALIZATION",13901
"MEMORY MANAGEMENT","MEMORY HOT(UN)PLUG",5224
"MEMORY MANAGEMENT","MEMORY MANAGEMENT",241568
"MEMORY MANAGEMENT","MEMORY MAPPING",4019
"MEMORY MANAGEMENT","PAGE CACHE",13093
"MEMORY MANAGEMENT","PAGE TABLE CHECK",505
"MEMORY MANAGEMENT","PER-CPU MEMORY ALLOCATOR",8179
"MEMORY MANAGEMENT","SHRINKER",1381
"MEMORY MANAGEMENT","SLAB ALLOCATOR",10065
"MEMORY MANAGEMENT","TMPFS (SHMEM FILESYSTEM)",5204
"MEMORY MANAGEMENT","VMALLOC",5469
"MEMORY MANAGEMENT","Z3FOLD COMPRESSED PAGE ALLOCATOR",1447
"MEMORY MANAGEMENT","ZBUD COMPRESSED PAGE ALLOCATOR",455
"MEMORY MANAGEMENT","ZSMALLOC COMPRESSED SLAB MEMORY ALLOCATOR",2609
"MEMORY MANAGEMENT","ZSWAP COMPRESSED SWAP CACHING",3057
"MEMORY TECHNOLOGY DEVICES (MTD)","ARASAN NAND CONTROLLER DRIVER",1570
"MEMORY TECHNOLOGY DEVICES (MTD)","ARM PRIMECELL PL35X NAND CONTROLLER DRIVER",1251
"MEMORY TECHNOLOGY DEVICES (MTD)","ARM/LPC32XX SOC SUPPORT",15978
"MEMORY TECHNOLOGY DEVICES (MTD)","BINMAN",53
"MEMORY TECHNOLOGY DEVICES (MTD)","BLOCK2MTD DRIVER",532
"MEMORY TECHNOLOGY DEVICES (MTD)","BROADCOM STB NAND FLASH DRIVER",4107
"MEMORY TECHNOLOGY DEVICES (MTD)","CADENCE NAND DRIVER",3130
"MEMORY TECHNOLOGY DEVICES (MTD)","DENALI NAND DRIVER",2177
"MEMORY TECHNOLOGY DEVICES (MTD)","FREESCALE GPMI NAND DRIVER",3344
"MEMORY TECHNOLOGY DEVICES (MTD)","HYPERBUS SUPPORT",789
"MEMORY TECHNOLOGY DEVICES (MTD)","INGENIC JZ4780 NAND DRIVER",1622
"MEMORY TECHNOLOGY DEVICES (MTD)","MARVELL NAND CONTROLLER DRIVER",3197
"MEMORY TECHNOLOGY DEVICES (MTD)","MEDIATEK NAND CONTROLLER DRIVER",1807
"MEMORY TECHNOLOGY DEVICES (MTD)","MEMORY TECHNOLOGY DEVICES (MTD)",201567
"MEMORY TECHNOLOGY DEVICES (MTD)","MESON NAND CONTROLLER DRIVER FOR AMLOGIC SOCS",1711
"MEMORY TECHNOLOGY DEVICES (MTD)","MICROCHIP NAND DRIVER",3996
"MEMORY TECHNOLOGY DEVICES (MTD)","MSYSTEMS DISKONCHIP G3 MTD DRIVER",2428
"MEMORY TECHNOLOGY DEVICES (MTD)","NAND FLASH SUBSYSTEM",99349
"MEMORY TECHNOLOGY DEVICES (MTD)","ONENAND FLASH DRIVER",6601
"MEMORY TECHNOLOGY DEVICES (MTD)","PHRAM MTD DRIVER",440
"MEMORY TECHNOLOGY DEVICES (MTD)","QUALCOMM NAND CONTROLLER DRIVER",3778
"MEMORY TECHNOLOGY DEVICES (MTD)","RENESAS R-CAR GEN3 & RZ/N1 NAND CONTROLLER DRIVER",1483
"MEMORY TECHNOLOGY DEVICES (MTD)","RICOH SMARTMEDIA/XD DRIVER",1246
"MEMORY TECHNOLOGY DEVICES (MTD)","SPI NOR SUBSYSTEM",12640
"MEMORY TECHNOLOGY DEVICES (MTD)","TEGRA NAND DRIVER",1354
"MEMORY TECHNOLOGY DEVICES (MTD)","UNSORTED BLOCK IMAGES (UBI)",20508
"MEMORY TECHNOLOGY DEVICES (MTD)","VF610 NAND DRIVER",951
"MICROSOFT SURFACE SYSTEM AGGREGATOR SUBSYSTEM","MICROSOFT SURFACE AGGREGATOR TABLET-MODE SWITCH",645
"MICROSOFT SURFACE SYSTEM AGGREGATOR SUBSYSTEM","MICROSOFT SURFACE DTX DRIVER",2147
"MICROSOFT SURFACE SYSTEM AGGREGATOR SUBSYSTEM","MICROSOFT SURFACE GPE LID SUPPORT DRIVER",352
"MICROSOFT SURFACE SYSTEM AGGREGATOR SUBSYSTEM","MICROSOFT SURFACE HARDWARE PLATFORM SUPPORT",16287
"MICROSOFT SURFACE SYSTEM AGGREGATOR SUBSYSTEM","MICROSOFT SURFACE HOT-PLUG DRIVER",273
"MICROSOFT SURFACE SYSTEM AGGREGATOR SUBSYSTEM","MICROSOFT SURFACE PLATFORM PROFILE DRIVER",251
"MICROSOFT SURFACE SYSTEM AGGREGATOR SUBSYSTEM","MICROSOFT SURFACE PRO 3 BUTTON DRIVER",265
"MICROSOFT SURFACE SYSTEM AGGREGATOR SUBSYSTEM","MICROSOFT SURFACE SYSTEM AGGREGATOR HUB DRIVER",371
"MICROSOFT SURFACE SYSTEM AGGREGATOR SUBSYSTEM","MICROSOFT SURFACE SYSTEM AGGREGATOR SUBSYSTEM",16885
"MIPS","BPF JIT for MIPS (32-BIT AND 64-BIT)",4261
"MIPS","BROADCOM BCM47XX MIPS ARCHITECTURE",3360
"MIPS","BROADCOM BMIPS MIPS ARCHITECTURE",10859
"MIPS","DECSTATION PLATFORM SUPPORT",4278
"MIPS","INGENIC JZ47xx SoCs",30278
"MIPS","KERNEL VIRTUAL MACHINE FOR MIPS (KVM/mips)",10987
"MIPS","LANTIQ MIPS ARCHITECTURE",3220
"MIPS","MARDUK (CREATOR CI40) DEVICE TREE SUPPORT",1091
"MIPS","MICROSEMI MIPS SOCS",1837
"MIPS","MIPS",336361
"MIPS","MIPS BOSTON DEVELOPMENT BOARD",440
"MIPS","MIPS GENERIC PLATFORM",1651
"MIPS","MIPS RINT INSTRUCTION EMULATION",157
"MIPS","MIPS/LOONGSON1 ARCHITECTURE",2516
"MIPS","MIPS/LOONGSON2EF ARCHITECTURE",4424
"MIPS","MIPS/LOONGSON64 ARCHITECTURE",6642
"MIPS","MOBILEYE MIPS SOCS",607
"MIPS","ONION OMEGA2+ BOARD",18
"MIPS","RALINK MIPS ARCHITECTURE",2182
"MIPS","RALINK MT7621 MIPS ARCHITECTURE",936
"MIPS","RANCHU VIRTUAL BOARD FOR MIPS",119
"MIPS","VOCORE VOCORE2 BOARD",18
"MULTIFUNCTION DEVICES (MFD)","AD5398 CURRENT REGULATOR DRIVER (AD5398/AD5821)",279
"MULTIFUNCTION DEVICES (MFD)","ALTERA SYSTEM MANAGER DRIVER",230
"MULTIFUNCTION DEVICES (MFD)","ALTERA SYSTEM RESOURCE DRIVER FOR ARRIA10 DEVKIT",509
"MULTIFUNCTION DEVICES (MFD)","ATC260X PMIC MFD DRIVER",2295
"MULTIFUNCTION DEVICES (MFD)","CANAAN/KENDRYTE K210 SOC SYSTEM CONTROLLER DRIVER",244
"MULTIFUNCTION DEVICES (MFD)","CIRRUS LOGIC LOCHNAGAR DRIVER",4347
"MULTIFUNCTION DEVICES (MFD)","DIALOG SEMICONDUCTOR DRIVERS",46508
"MULTIFUNCTION DEVICES (MFD)","EXTERNAL CONNECTOR SUBSYSTEM (EXTCON)",15895
"MULTIFUNCTION DEVICES (MFD)","HISILICON SPMI PMIC DRIVER FOR HIKEY 6421v600",199
"MULTIFUNCTION DEVICES (MFD)","INTEL BROXTON PMC DRIVER",521
"MULTIFUNCTION DEVICES (MFD)","INTEL PMIC MULTIFUNCTION DEVICE DRIVERS",1674
"MULTIFUNCTION DEVICES (MFD)","KHADAS MCU MFD DRIVER",439
"MULTIFUNCTION DEVICES (MFD)","MAXIM MAX20086 CAMERA POWER PROTECTOR DRIVER",437
"MULTIFUNCTION DEVICES (MFD)","MAXIM MAX77650 PMIC MFD DRIVER",1811
"MULTIFUNCTION DEVICES (MFD)","MAXIM MAX77714 PMIC MFD DRIVER",280
"MULTIFUNCTION DEVICES (MFD)","MAXIM MAX77802 PMIC REGULATOR DEVICE DRIVER",881
"MULTIFUNCTION DEVICES (MFD)","MAXIM PMIC AND MUIC DRIVERS FOR EXYNOS BASED BOARDS",9744
"MULTIFUNCTION DEVICES (MFD)","MICROCHIP MCP16502 PMIC DRIVER",782
"MULTIFUNCTION DEVICES (MFD)","MONOLITHIC POWER SYSTEM PMIC DRIVER",2244
"MULTIFUNCTION DEVICES (MFD)","MULTIFUNCTION DEVICES (MFD)",214789
"MULTIFUNCTION DEVICES (MFD)","NETRONIX EMBEDDED CONTROLLER",694
"MULTIFUNCTION DEVICES (MFD)","NXP PF8100/PF8121A/PF8200 PMIC REGULATOR DEVICE DRIVER",810
"MULTIFUNCTION DEVICES (MFD)","NXP PTN5150A CC LOGIC AND EXTCON DRIVER",421
"MULTIFUNCTION DEVICES (MFD)","OCELOT EXTERNAL SWITCH CONTROL",974
"MULTIFUNCTION DEVICES (MFD)","QUALCOMM IPQ4019 VQMMC REGULATOR DRIVER",144
"MULTIFUNCTION DEVICES (MFD)","ROHM MULTIFUNCTION BD9571MWV-M PMIC DEVICE DRIVERS",1020
"MULTIFUNCTION DEVICES (MFD)","ROHM POWER MANAGEMENT IC DEVICE DRIVERS",8200
"MULTIFUNCTION DEVICES (MFD)","SAMSUNG MULTIFUNCTION PMIC DEVICE DRIVERS",7385
"MULTIFUNCTION DEVICES (MFD)","SY8106A REGULATOR DRIVER",205
"MULTIFUNCTION DEVICES (MFD)","SYSTEM CONFIGURATION (SYSCON)",350
"MULTIFUNCTION DEVICES (MFD)","VOLTAGE AND CURRENT REGULATOR FRAMEWORK",127923
"MULTIFUNCTION DEVICES (MFD)","VOLTAGE AND CURRENT REGULATOR IRQ HELPERS",439
"MULTIMEDIA CARD (MMC), SECURE DIGITAL (SD) AND SDIO SUBSYSTEM","ALCHEMY AU1XX0 MMC DRIVER",1224
"MULTIMEDIA CARD (MMC), SECURE DIGITAL (SD) AND SDIO SUBSYSTEM","ARM PRIMECELL MMCI PL180/1 DRIVER",4173
"MULTIMEDIA CARD (MMC), SECURE DIGITAL (SD) AND SDIO SUBSYSTEM","ARM/VT8500 ARM ARCHITECTURE",3969
"MULTIMEDIA CARD (MMC), SECURE DIGITAL (SD) AND SDIO SUBSYSTEM","ASPEED SD/MMC DRIVER",837
"MULTIMEDIA CARD (MMC), SECURE DIGITAL (SD) AND SDIO SUBSYSTEM","CAVIUM MMC DRIVER",1846
"MULTIMEDIA CARD (MMC), SECURE DIGITAL (SD) AND SDIO SUBSYSTEM","EMMC CMDQ HOST CONTROLLER INTERFACE (CQHCI) DRIVER",1856
"MULTIMEDIA CARD (MMC), SECURE DIGITAL (SD) AND SDIO SUBSYSTEM","ENE CB710 FLASH CARD READER DRIVER",1707
"MULTIMEDIA CARD (MMC), SECURE DIGITAL (SD) AND SDIO SUBSYSTEM","FREESCALE COLDFIRE M5441X MMC DRIVER",539
"MULTIMEDIA CARD (MMC), SECURE DIGITAL (SD) AND SDIO SUBSYSTEM","LITEX PLATFORM",2120
"MULTIMEDIA CARD (MMC), SECURE DIGITAL (SD) AND SDIO SUBSYSTEM","MARVELL SOC MMC/SD/SDIO CONTROLLER DRIVER",1063
"MULTIMEDIA CARD (MMC), SECURE DIGITAL (SD) AND SDIO SUBSYSTEM","MARVELL XENON MMC/SD/SDIO HOST CONTROLLER DRIVER",2010
"MULTIMEDIA CARD (MMC), SECURE DIGITAL (SD) AND SDIO SUBSYSTEM","MEDIATEK MMC/SD/SDIO DRIVER",3496
"MULTIMEDIA CARD (MMC), SECURE DIGITAL (SD) AND SDIO SUBSYSTEM","MICROCHIP MMC/SD/SDIO MCI DRIVER",2667
"MULTIMEDIA CARD (MMC), SECURE DIGITAL (SD) AND SDIO SUBSYSTEM","MULTIMEDIA CARD (MMC) ETC. OVER SPI",1402
"MULTIMEDIA CARD (MMC), SECURE DIGITAL (SD) AND SDIO SUBSYSTEM","MULTIMEDIA CARD (MMC), SECURE DIGITAL (SD) AND SDIO SUBSYSTEM",138858
"MULTIMEDIA CARD (MMC), SECURE DIGITAL (SD) AND SDIO SUBSYSTEM","OMAP HS MMC SUPPORT",2137
"MULTIMEDIA CARD (MMC), SECURE DIGITAL (SD) AND SDIO SUBSYSTEM","OMAP MMC SUPPORT",1568
"MULTIMEDIA CARD (MMC), SECURE DIGITAL (SD) AND SDIO SUBSYSTEM","SDRICOH_CS MMC/SD HOST CONTROLLER INTERFACE DRIVER",528
"MULTIMEDIA CARD (MMC), SECURE DIGITAL (SD) AND SDIO SUBSYSTEM","SECURE DIGITAL HOST CONTROLLER INTERFACE (SDHCI) Broadcom BRCMSTB DRIVER",492
"MULTIMEDIA CARD (MMC), SECURE DIGITAL (SD) AND SDIO SUBSYSTEM","SECURE DIGITAL HOST CONTROLLER INTERFACE (SDHCI) DRIVER",37637
"MULTIMEDIA CARD (MMC), SECURE DIGITAL (SD) AND SDIO SUBSYSTEM","SECURE DIGITAL HOST CONTROLLER INTERFACE (SDHCI) MICROCHIP DRIVER",481
"MULTIMEDIA CARD (MMC), SECURE DIGITAL (SD) AND SDIO SUBSYSTEM","SECURE DIGITAL HOST CONTROLLER INTERFACE (SDHCI) NXP i.MX DRIVER",2015
"MULTIMEDIA CARD (MMC), SECURE DIGITAL (SD) AND SDIO SUBSYSTEM","SECURE DIGITAL HOST CONTROLLER INTERFACE (SDHCI) SAMSUNG DRIVER",791
"MULTIMEDIA CARD (MMC), SECURE DIGITAL (SD) AND SDIO SUBSYSTEM","SECURE DIGITAL HOST CONTROLLER INTERFACE (SDHCI) ST SPEAR DRIVER",192
"MULTIMEDIA CARD (MMC), SECURE DIGITAL (SD) AND SDIO SUBSYSTEM","SECURE DIGITAL HOST CONTROLLER INTERFACE (SDHCI) TI OMAP DRIVER",1495
"MULTIMEDIA CARD (MMC), SECURE DIGITAL (SD) AND SDIO SUBSYSTEM","STARFIVE JH7110 MMC/SD/SDIO DRIVER",204
"MULTIMEDIA CARD (MMC), SECURE DIGITAL (SD) AND SDIO SUBSYSTEM","SUNPLUS MMC DRIVER",1058
"MULTIMEDIA CARD (MMC), SECURE DIGITAL (SD) AND SDIO SUBSYSTEM","SYNOPSYS DESIGNWARE MMC/SD/SDIO DRIVER",6783
"MULTIMEDIA CARD (MMC), SECURE DIGITAL (SD) AND SDIO SUBSYSTEM","SYNOPSYS SDHCI COMPLIANT DWC MSHC DRIVER",84
"MULTIMEDIA CARD (MMC), SECURE DIGITAL (SD) AND SDIO SUBSYSTEM","TMIO/SDHI MMC DRIVER",4104
"MULTIMEDIA CARD (MMC), SECURE DIGITAL (SD) AND SDIO SUBSYSTEM","VIA SD/MMC CARD CONTROLLER DRIVER",1314
"MULTIMEDIA CARD (MMC), SECURE DIGITAL (SD) AND SDIO SUBSYSTEM","VUB300 USB to SDIO/SD/MMC bridge chip",2479
"MULTIMEDIA CARD (MMC), SECURE DIGITAL (SD) AND SDIO SUBSYSTEM","W83L51xD SD/MMC CARD INTERFACE DRIVER",2182
"MULTIPLEXER SUBSYSTEM","ANALOG DEVICES INC ADGS1408 DRIVER",179
"MULTIPLEXER SUBSYSTEM","MULTIPLEXER SUBSYSTEM",2411
"NETWORKING [GENERAL]","6LOWPAN GENERIC (BTLE/IEEE 802.15.4)",3223
"NETWORKING [GENERAL]","802.11 (including CFG80211/NL80211)",80026
"NETWORKING [GENERAL]","9P FILE SYSTEM",14370
"NETWORKING [GENERAL]","APPLETALK NETWORK LAYER",3682
"NETWORKING [GENERAL]","AX.25 NETWORK LAYER",7453
"NETWORKING [GENERAL]","BATMAN ADVANCED",37633
"NETWORKING [GENERAL]","BLUETOOTH SUBSYSTEM",79757
"NETWORKING [GENERAL]","BPF [L7 FRAMEWORK] (sockmap)",4827
"NETWORKING [GENERAL]","CAIF NETWORK LAYER",8654
"NETWORKING [GENERAL]","CAKE QDISC",3138
"NETWORKING [GENERAL]","CAN NETWORK LAYER",15315
"NETWORKING [GENERAL]","CAN-J1939 NETWORK LAYER",5514
"NETWORKING [GENERAL]","CBS/ETF/TAPRIO QDISCS",3649
"NETWORKING [GENERAL]","CEPH COMMON CODE (LIBCEPH)",31327
"NETWORKING [GENERAL]","DAMA SLAVE for AX.25",4263
"NETWORKING [GENERAL]","DCCP PROTOCOL",14157
"NETWORKING [GENERAL]","DEVLINK",21925
"NETWORKING [GENERAL]","ETHERNET BRIDGE",37351
"NETWORKING [GENERAL]","FAILOVER MODULE",370
"NETWORKING [GENERAL]","GRE DEMULTIPLEXER DRIVER",655
"NETWORKING [GENERAL]","HANDSHAKE UPCALL FOR TRANSPORT LAYER SECURITY",2672
"NETWORKING [GENERAL]","HSR NETWORK PROTOCOL",3721
"NETWORKING [GENERAL]","IFE PROTOCOL",270
"NETWORKING [GENERAL]","IPVS",24544
"NETWORKING [GENERAL]","ISDN/CMTP OVER BLUETOOTH",5749
"NETWORKING [GENERAL]","KERNEL NFSD, SUNRPC, AND LOCKD SERVERS",122225
"NETWORKING [GENERAL]","L3MDEV",652
"NETWORKING [GENERAL]","LLC (802.2)",13469
"NETWORKING [GENERAL]","MAC80211",98974
"NETWORKING [GENERAL]","MANAGEMENT COMPONENT TRANSPORT PROTOCOL (MCTP)",7504
"NETWORKING [GENERAL]","NCSI LIBRARY",5598
"NETWORKING [GENERAL]","NETEM NETWORK EMULATOR",1311
"NETWORKING [GENERAL]","NETFILTER",181631
"NETWORKING [GENERAL]","NETROM NETWORK LAYER",4340
"NETWORKING [GENERAL]","NETWORK DROP MONITOR",1920
"NETWORKING [GENERAL]","NETWORKING [GENERAL]",1556315
"NETWORKING [GENERAL]","NETWORKING [IPSEC]",38337
"NETWORKING [GENERAL]","NETWORKING [IPv4/IPv6]",205053
"NETWORKING [GENERAL]","NETWORKING [LABELED] (NetLabel, Labeled IPsec, SECMARK)",14238
"NETWORKING [GENERAL]","NETWORKING [MPTCP]",30585
"NETWORKING [GENERAL]","NETWORKING [TCP]",43053
"NETWORKING [GENERAL]","NETWORKING [TLS]",8066
"NETWORKING [GENERAL]","NEXTHOP",4808
"NETWORKING [GENERAL]","NFC SUBSYSTEM",48752
"NETWORKING [GENERAL]","NFS, SUNRPC, AND LOCKD CLIENTS",155128
"NETWORKING [GENERAL]","NXP-NCI NFC DRIVER",1048
"NETWORKING [GENERAL]","OPENVSWITCH",20528
"NETWORKING [GENERAL]","PACKET SOCKETS",5109
"NETWORKING [GENERAL]","PAGE POOL",2091
"NETWORKING [GENERAL]","PHONET PROTOCOL",4869
"NETWORKING [GENERAL]","PLCA RECONCILIATION SUBLAYER (IEEE802.3 Clause 148)",307
"NETWORKING [GENERAL]","PPP OVER ATM (RFC 2364)",516
"NETWORKING [GENERAL]","PPP OVER L2TP",1863
"NETWORKING [GENERAL]","PSAMPLE PACKET SAMPLING SUPPORT",649
"NETWORKING [GENERAL]","QUALCOMM IPC ROUTER (QRTR) DRIVER",2824
"NETWORKING [GENERAL]","RDS - RELIABLE DATAGRAM SOCKETS",18028
"NETWORKING [GENERAL]","RFKILL",2838
"NETWORKING [GENERAL]","ROSE NETWORK LAYER",5222
"NETWORKING [GENERAL]","RXRPC SOCKETS (AF_RXRPC)",19838
"NETWORKING [GENERAL]","SAMSUNG S3FWRN5 NFC DRIVER",1812
"NETWORKING [GENERAL]","SCTP PROTOCOL",50816
"NETWORKING [GENERAL]","SHARED MEMORY COMMUNICATIONS (SMC) SOCKETS",20597
"NETWORKING [GENERAL]","SOCKET TIMESTAMPING",1525
"NETWORKING [GENERAL]","SWITCHDEV",1601
"NETWORKING [GENERAL]","TC subsystem",98708
"NETWORKING [GENERAL]","TCP LOW PRIORITY MODULE",354
"NETWORKING [GENERAL]","TI TRF7970A NFC DRIVER",2364
"NETWORKING [GENERAL]","TIPC NETWORK LAYER",29430
"NETWORKING [GENERAL]","USER DATAGRAM PROTOCOL (UDP)",5715
"NETWORKING [GENERAL]","VIRTIO AND VHOST VSOCK DRIVER",3959
"NETWORKING [GENERAL]","VM SOCKETS (AF_VSOCK)",15877
"NETWORKING [GENERAL]","VMWARE VSOCK VMCI TRANSPORT DRIVER",3467
"NETWORKING [GENERAL]","X.25 STACK",8685
"NETWORKING [GENERAL]","YAML NETLINK (YNL)",26027
"NETWORKING DRIVERS","3CR990 NETWORK DRIVER",3212
"NETWORKING DRIVERS","6PACK NETWORK DRIVER FOR AX.25",980
"NETWORKING DRIVERS","8169 10/100/1000 GIGABIT ETHERNET DRIVER",7349
"NETWORKING DRIVERS","8390 NETWORK DRIVERS [WD80x3/SMC-ELITE, SMC-ULTRA, NE2000, 3C503, etc.]",13334
"NETWORKING DRIVERS","ACENIC DRIVER",3969
"NETWORKING DRIVERS","ADF7242 IEEE 802.15.4 RADIO DRIVER",1371
"NETWORKING DRIVERS","ALACRITECH GIGABIT ETHERNET DRIVER",2457
"NETWORKING DRIVERS","ALTERA TRIPLE SPEED ETHERNET DRIVER",3432
"NETWORKING DRIVERS","AMAZON ETHERNET DRIVERS",13489
"NETWORKING DRIVERS","AMD PDS CORE DRIVER",5314
"NETWORKING DRIVERS","AMD XGBE DRIVER",20901
"NETWORKING DRIVERS","AMT (Automatic Multicast Tunneling)",3448
"NETWORKING DRIVERS","ANALOG DEVICES INC ADIN DRIVER",1135
"NETWORKING DRIVERS","APPLIED MICRO (APM) X-GENE SOC ETHERNET (V2) DRIVER",1708
"NETWORKING DRIVERS","APPLIED MICRO (APM) X-GENE SOC ETHERNET DRIVER",7461
"NETWORKING DRIVERS","AQUANTIA ETHERNET DRIVER (atlantic)",29930
"NETWORKING DRIVERS","AQUANTIA ETHERNET DRIVER PTP SUBSYSTEM",1578
"NETWORKING DRIVERS","ARCNET NETWORK LAYER",6425
"NETWORKING DRIVERS","ARM/CAVIUM THUNDER NETWORK DRIVER",10770
"NETWORKING DRIVERS","ARM/Microchip Sparx5 SoC support",50892
"NETWORKING DRIVERS","ARROW SPEEDCHIPS XRS7000 SERIES ETHERNET SWITCH DRIVER",1613
"NETWORKING DRIVERS","ASIX AX88796C SPI ETHERNET ADAPTER",2259
"NETWORKING DRIVERS","ASIX PHY DRIVER [RUST]",135
"NETWORKING DRIVERS","ATLX ETHERNET DRIVERS",26733
"NETWORKING DRIVERS","ATMEL MACB ETHERNET DRIVER",7503
"NETWORKING DRIVERS","ATUSB IEEE 802.15.4 RADIO DRIVER",1431
"NETWORKING DRIVERS","BAYCOM/HDLCDRV DRIVERS FOR AX.25",3321
"NETWORKING DRIVERS","BECKHOFF CX5020 ETHERCAT MASTER DRIVER",595
"NETWORKING DRIVERS","BONDING DRIVER",21314
"NETWORKING DRIVERS","BPF [NETKIT] (BPF-programmable network device)",1004
"NETWORKING DRIVERS","BPF JIT for NFP NICs",7875
"NETWORKING DRIVERS","BROADCOM ASP 2.0 ETHERNET DRIVER",4450
"NETWORKING DRIVERS","BROADCOM B44 10/100 ETHERNET DRIVER",3006
"NETWORKING DRIVERS","BROADCOM B53/SF2 ETHERNET SWITCH DRIVER",10080
"NETWORKING DRIVERS","BROADCOM BCM4908 ETHERNET DRIVER",1017
"NETWORKING DRIVERS","BROADCOM BNX2 GIGABIT ETHERNET DRIVER",16351
"NETWORKING DRIVERS","BROADCOM BNX2X 10 GIGABIT ETHERNET DRIVER",84545
"NETWORKING DRIVERS","BROADCOM BNXT_EN 50 GIGABIT ETHERNET DRIVER",45964
"NETWORKING DRIVERS","BROADCOM ETHERNET PHY DRIVERS",6735
"NETWORKING DRIVERS","BROADCOM GENET ETHERNET DRIVER",6734
"NETWORKING DRIVERS","BROADCOM IPROC GBIT ETHERNET DRIVER",3311
"NETWORKING DRIVERS","BROADCOM NVRAM DRIVER",1305
"NETWORKING DRIVERS","BROADCOM SYSTEMPORT ETHERNET DRIVER",3844
"NETWORKING DRIVERS","BROADCOM TG3 GIGABIT ETHERNET DRIVER",21799
"NETWORKING DRIVERS","BROCADE BNA 10 GIGABIT ETHERNET DRIVER",22361
"NETWORKING DRIVERS","BXCAN CAN NETWORK DRIVER",1198
"NETWORKING DRIVERS","CA8210 IEEE-802.15.4 RADIO DRIVER",3203
"NETWORKING DRIVERS","CAN NETWORK DRIVERS",83395
"NETWORKING DRIVERS","CAVIUM LIQUIDIO NETWORK DRIVER",27497
"NETWORKING DRIVERS","CC2520 IEEE-802.15.4 RADIO DRIVER",1225
"NETWORKING DRIVERS","CIRRUS LOGIC EP93XX ETHERNET DRIVER",873
"NETWORKING DRIVERS","CISCO VIC ETHERNET NIC DRIVER",9627
"NETWORKING DRIVERS","CTU CAN FD DRIVER",2492
"NETWORKING DRIVERS","CXGB3 ETHERNET DRIVER (CXGB3)",21795
"NETWORKING DRIVERS","CXGB4 ETHERNET DRIVER (CXGB4)",59850
"NETWORKING DRIVERS","CXGB4 INLINE CRYPTO DRIVER",9557
"NETWORKING DRIVERS","CXGB4VF ETHERNET DRIVER (CXGB4VF)",9540
"NETWORKING DRIVERS","CYCLADES PC300 DRIVER",513
"NETWORKING DRIVERS","DAVICOM FAST ETHERNET (DMFE) NETWORK DRIVER",2289
"NETWORKING DRIVERS","DEFXX FDDI NETWORK DRIVER",5673
"NETWORKING DRIVERS","DEFZA FDDI NETWORK DRIVER",2357
"NETWORKING DRIVERS","DPAA2 ETHERNET DRIVER",14362
"NETWORKING DRIVERS","DPAA2 ETHERNET SWITCH DRIVER",8199
"NETWORKING DRIVERS","EHEA (IBM pSeries eHEA 10Gb ethernet adapter) DRIVER",7029
"NETWORKING DRIVERS","ELM327 CAN NETWORK DRIVER",1473
"NETWORKING DRIVERS","EMS CPC-PCI CAN DRIVER",431
"NETWORKING DRIVERS","EMULEX 10Gbps NIC BE2, BE3-R, Lancer, Skyhawk-R DRIVER (be2net)",16848
"NETWORKING DRIVERS","ESD CAN NETWORK DRIVERS",1653
"NETWORKING DRIVERS","ESD CAN/USB DRIVERS",1381
"NETWORKING DRIVERS","ET131X NETWORK DRIVER",5533
"NETWORKING DRIVERS","ETAS ES58X CAN/USB DRIVER",4829
"NETWORKING DRIVERS","ETHERNET PHY LIBRARY",96164
"NETWORKING DRIVERS","FARSYNC SYNCHRONOUS DRIVER",2943
"NETWORKING DRIVERS","FINTEK F81604 USB to 2xCANBUS DEVICE DRIVER",1201
"NETWORKING DRIVERS","FORCEDETH GIGABIT ETHERNET DRIVER",6538
"NETWORKING DRIVERS","FREESCALE ENETC ETHERNET DRIVERS",10675
"NETWORKING DRIVERS","FREESCALE eTSEC ETHERNET DRIVER (GIANFAR)",6622
"NETWORKING DRIVERS","FREESCALE IMX / MXC FEC DRIVER",6509
"NETWORKING DRIVERS","FREESCALE QORIQ DPAA ETHERNET DRIVER",4575
"NETWORKING DRIVERS","FREESCALE QORIQ DPAA FMAN DRIVER",11416
"NETWORKING DRIVERS","FREESCALE QUICC ENGINE QMC HDLC DRIVER",795
"NETWORKING DRIVERS","FREESCALE QUICC ENGINE UCC ETHERNET DRIVER",5452
"NETWORKING DRIVERS","FREESCALE QUICC ENGINE UCC HDLC DRIVER",1448
"NETWORKING DRIVERS","FREESCALE SOC FS_ENET DRIVER",3442
"NETWORKING DRIVERS","FUNGIBLE ETHERNET DRIVERS",8854
"NETWORKING DRIVERS","GENERIC HDLC (WAN) DRIVERS",9516
"NETWORKING DRIVERS","GOOGLE ETHERNET DRIVERS",11614
"NETWORKING DRIVERS","GRETH 10/100/1G Ethernet MAC device driver",1733
"NETWORKING DRIVERS","GTP (GPRS Tunneling Protocol)",2539
"NETWORKING DRIVERS","HIPPI",2968
"NETWORKING DRIVERS","HIRSCHMANN HELLCREEK ETHERNET SWITCH DRIVER",3756
"NETWORKING DRIVERS","HISILICON NETWORK SUBSYSTEM 3 DRIVER (HNS3)",47525
"NETWORKING DRIVERS","HISILICON NETWORK SUBSYSTEM DRIVER",68974
"NETWORKING DRIVERS","HSO 3G MODEM DRIVER",3303
"NETWORKING DRIVERS","HUAWEI ETHERNET DRIVER",22707
"NETWORKING DRIVERS","IEEE 802.15.4 SUBSYSTEM",32539
"NETWORKING DRIVERS","INTEL ETHERNET DRIVERS",386181
"NETWORKING DRIVERS","INTEL WWAN IOSM DRIVER",11919
"NETWORKING DRIVERS","IOC3 ETHERNET DRIVER",1286
"NETWORKING DRIVERS","JME NETWORK DRIVER",4544
"NETWORKING DRIVERS","LANTIQ / INTEL Ethernet drivers",3233
"NETWORKING DRIVERS","LANTIQ PEF2256 DRIVER",1738
"NETWORKING DRIVERS","LIBETH COMMON ETHERNET LIBRARY",407
"NETWORKING DRIVERS","LIBIE COMMON INTEL ETHERNET LIBRARY",190
"NETWORKING DRIVERS","LYNX PCS MODULE",418
"NETWORKING DRIVERS","MARVELL 88E6XXX ETHERNET SWITCH FABRIC DRIVER",20893
"NETWORKING DRIVERS","MARVELL GIGABIT ETHERNET DRIVERS (skge/sky2)",14367
"NETWORKING DRIVERS","MARVELL MV643XX ETHERNET DRIVER",4261
"NETWORKING DRIVERS","MARVELL MV88X3310 PHY DRIVER",1492
"NETWORKING DRIVERS","MARVELL MVNETA ETHERNET DRIVER",6632
"NETWORKING DRIVERS","MARVELL MVPP2 ETHERNET DRIVER",15756
"NETWORKING DRIVERS","MARVELL OCTEON ENDPOINT DRIVER",8784
"NETWORKING DRIVERS","MARVELL OCTEON ENDPOINT VF DRIVER",5269
"NETWORKING DRIVERS","MARVELL OCTEONTX2 PHYSICAL FUNCTION DRIVER",19941
"NETWORKING DRIVERS","MARVELL OCTEONTX2 RVU ADMIN FUNCTION DRIVER",57792
"NETWORKING DRIVERS","MARVELL PRESTERA ETHERNET SWITCH DRIVER",15654
"NETWORKING DRIVERS","MARVELL USB MDIO CONTROLLER DRIVER",192
"NETWORKING DRIVERS","MAXLINEAR ETHERNET PHY DRIVER",1051
"NETWORKING DRIVERS","MCAN MMIO DEVICE DRIVER",2997
"NETWORKING DRIVERS","MCBA MICROCHIP CAN BUS ANALYZER TOOL DRIVER",913
"NETWORKING DRIVERS","MCP251XFD SPI-CAN NETWORK DRIVER",6138
"NETWORKING DRIVERS","MCR20A IEEE-802.15.4 RADIO DRIVER",1877
"NETWORKING DRIVERS","MDIO REGMAP DRIVER",119
"NETWORKING DRIVERS","MEDIATEK ETHERNET PCS DRIVER",320
"NETWORKING DRIVERS","MEDIATEK ETHERNET PHY DRIVERS",2117
"NETWORKING DRIVERS","MEDIATEK SWITCH DRIVER",4612
"NETWORKING DRIVERS","MEDIATEK T7XX 5G WWAN MODEM DRIVER",11872
"NETWORKING DRIVERS","MELLANOX ETHERNET DRIVER (mlx4_en)",11342
"NETWORKING DRIVERS","MELLANOX ETHERNET DRIVER (mlx5e)",29914
"NETWORKING DRIVERS","MELLANOX ETHERNET INNOVA DRIVERS",13078
"NETWORKING DRIVERS","MELLANOX ETHERNET SWITCH DRIVERS",109427
"NETWORKING DRIVERS","MELLANOX FIRMWARE FLASH LIBRARY (mlxfw)",1500
"NETWORKING DRIVERS","MELLANOX MLX4 core VPI driver",45467
"NETWORKING DRIVERS","MELLANOX MLX5 core VPI driver",178999
"NETWORKING DRIVERS","MICROCHIP KSZ SERIES ETHERNET SWITCH DRIVER",17380
"NETWORKING DRIVERS","MICROCHIP LAN743X ETHERNET DRIVER",8358
"NETWORKING DRIVERS","MICROCHIP LAN87xx/LAN937x T1 PHY DRIVER",912
"NETWORKING DRIVERS","MICROCHIP LAN966X ETHERNET DRIVER",17520
"NETWORKING DRIVERS","MOTORCOMM PHY DRIVER",2478
"NETWORKING DRIVERS","MRF24J40 IEEE 802.15.4 RADIO DRIVER",1421
"NETWORKING DRIVERS","MYRICOM MYRI-10G 10GbE DRIVER (MYRI10GE)",4553
"NETWORKING DRIVERS","NATSEMI ETHERNET DRIVER (DP8381x)",3383
"NETWORKING DRIVERS","NET_FAILOVER MODULE",1060
"NETWORKING DRIVERS","NETDEVSIM",13441
"NETWORKING DRIVERS","NETERION 10GbE DRIVERS (s2io)",10892
"NETWORKING DRIVERS","NETRONOME ETHERNET DRIVERS",56107
"NETWORKING DRIVERS","NETWORKING [DSA]",119752
"NETWORKING DRIVERS","NETWORKING [MACSEC]",5127
"NETWORKING DRIVERS","NETWORKING DRIVERS",3121153
"NETWORKING DRIVERS","NETXEN (1/10) GbE SUPPORT",13006
"NETWORKING DRIVERS","NXP C45 TJA11XX PHY DRIVER",3783
"NETWORKING DRIVERS","NXP SJA1105 ETHERNET SWITCH DRIVER",14853
"NETWORKING DRIVERS","OCELOT ETHERNET SWITCH DRIVER",25475
"NETWORKING DRIVERS","ONSEMI ETHERNET PHY DRIVERS",171
"NETWORKING DRIVERS","PCNET32 NETWORK DRIVER",3041
"NETWORKING DRIVERS","PENSANDO ETHERNET DRIVERS",15984
"NETWORKING DRIVERS","PPP OVER ETHERNET",1379
"NETWORKING DRIVERS","PPP PROTOCOL DRIVERS AND COMPRESSORS",6767
"NETWORKING DRIVERS","PPTP DRIVER",699
"NETWORKING DRIVERS","PSE NETWORK DRIVER",3425
"NETWORKING DRIVERS","QCOM IPA DRIVER",26637
"NETWORKING DRIVERS","QLOGIC QL4xxx ETHERNET DRIVER",106245
"NETWORKING DRIVERS","QLOGIC QLA3XXX NETWORK DRIVER",5118
"NETWORKING DRIVERS","QLOGIC QLCNIC (1/10)Gb ETHERNET DRIVER",32886
"NETWORKING DRIVERS","QUALCOMM ATHEROS QCA7K ETHERNET DRIVER",2407
"NETWORKING DRIVERS","QUALCOMM BAM-DMUX WWAN NETWORK DRIVER",997
"NETWORKING DRIVERS","QUALCOMM EMAC GIGABIT ETHERNET DRIVER",4502
"NETWORKING DRIVERS","QUALCOMM RMNET DRIVER",2539
"NETWORKING DRIVERS","RDC R6040 FAST ETHERNET DRIVER",1215
"NETWORKING DRIVERS","REALTEK RTL83xx SMI DSA ROUTER CHIPS",6451
"NETWORKING DRIVERS","REMOTE PROCESSOR MESSAGING (RPMSG) WWAN CONTROL DRIVER",167
"NETWORKING DRIVERS","RENESAS ETHERNET AVB DRIVER",5169
"NETWORKING DRIVERS","RENESAS ETHERNET SWITCH DRIVER",3858
"NETWORKING DRIVERS","RENESAS RZ/N1 A5PSW SWITCH DRIVER",2647
"NETWORKING DRIVERS","RENESAS SUPERH ETHERNET DRIVER",4365
"NETWORKING DRIVERS","ROCKER DRIVER",6916
"NETWORKING DRIVERS","SAMSUNG SXGBE DRIVERS",6258
"NETWORKING DRIVERS","SFC NETWORK DRIVER",144265
"NETWORKING DRIVERS","SFF/SFP/SFP+ MODULE SUPPORT",9417
"NETWORKING DRIVERS","SIS 190 ETHERNET DRIVER",1948
"NETWORKING DRIVERS","SIS 900/7016 FAST ETHERNET DRIVER",2916
"NETWORKING DRIVERS","SLCAN CAN NETWORK DRIVER",1027
"NETWORKING DRIVERS","SMC91x ETHERNET DRIVER",3579
"NETWORKING DRIVERS","SMSC911x ETHERNET DRIVER",3155
"NETWORKING DRIVERS","SMSC9420 PCI ETHERNET DRIVER",1936
"NETWORKING DRIVERS","SOCIONEXT (SNI) AVE NETWORK DRIVER",2126
"NETWORKING DRIVERS","SOCIONEXT (SNI) NETSEC NETWORK DRIVER",2300
"NETWORKING DRIVERS","SONIC NETWORK DRIVER",1328
"NETWORKING DRIVERS","SPIDERNET NETWORK DRIVER for CELL",3406
"NETWORKING DRIVERS","STARFIRE/DURALAN NETWORK DRIVER",2074
"NETWORKING DRIVERS","SUN HAPPY MEAL ETHERNET DRIVER",3408
"NETWORKING DRIVERS","SUNDANCE NETWORK DRIVER",1985
"NETWORKING DRIVERS","SUNPLUS ETHERNET DRIVER",2164
"NETWORKING DRIVERS","SYNOPSYS DESIGNWARE ENTERPRISE ETHERNET DRIVER",7671
"NETWORKING DRIVERS","SYNOPSYS DESIGNWARE ETHERNET XPCS DRIVER",1640
"NETWORKING DRIVERS","TEAM DRIVER",4956
"NETWORKING DRIVERS","TEHUTI ETHERNET DRIVER",3049
"NETWORKING DRIVERS","THUNDERBOLT NETWORK DRIVER",1640
"NETWORKING DRIVERS","TI ETHERNET SWITCH DRIVER (CPSW)",14197
"NETWORKING DRIVERS","TI ICSSG ETHERNET DRIVER (ICSSG)",7575
"NETWORKING DRIVERS","TLAN NETWORK DRIVER",3961
"NETWORKING DRIVERS","TULIP NETWORK DRIVERS",14449
"NETWORKING DRIVERS","TUN/TAP driver",6170
"NETWORKING DRIVERS","USB CDC ETHERNET DRIVER",4922
"NETWORKING DRIVERS","USB DAVICOM DM9601 DRIVER",657
"NETWORKING DRIVERS","USB LAN78XX ETHERNET DRIVER",6029
"NETWORKING DRIVERS","USB NETWORKING DRIVERS",54238
"NETWORKING DRIVERS","USB PEGASUS DRIVER",1640
"NETWORKING DRIVERS","USB QMI WWAN NETWORK DRIVER",1673
"NETWORKING DRIVERS","USB RTL8150 DRIVER",957
"NETWORKING DRIVERS","USB SMSC75XX ETHERNET DRIVER",2759
"NETWORKING DRIVERS","USB SMSC95XX ETHERNET DRIVER",2489
"NETWORKING DRIVERS","USB USBNET DRIVER FRAMEWORK",2511
"NETWORKING DRIVERS","VIA RHINE NETWORK DRIVER",2629
"NETWORKING DRIVERS","VIA VELOCITY NETWORK DRIVER",5270
"NETWORKING DRIVERS","VMWARE VMXNET3 ETHERNET DRIVER",7821
"NETWORKING DRIVERS","VRF",2516
"NETWORKING DRIVERS","WANGXUN ETHERNET DRIVER",11057
"NETWORKING DRIVERS","WIREGUARD SECURE NETWORK TUNNEL",8880
"NETWORKING DRIVERS","WWAN DRIVERS",27978
"NETWORKING DRIVERS","XEN NETWORK BACKEND DRIVER",5419
"NETWORKING DRIVERS","YAM DRIVER FOR AX.25",1258
"NETWORKING DRIVERS (WIRELESS)","ADM8211 WIRELESS DRIVER",2601
"NETWORKING DRIVERS (WIRELESS)","ATHEROS ATH GENERIC UTILITIES",4266
"NETWORKING DRIVERS (WIRELESS)","ATHEROS ATH5K WIRELESS DRIVER",27020
"NETWORKING DRIVERS (WIRELESS)","ATHEROS ATH6KL WIRELESS DRIVER",30855
"NETWORKING DRIVERS (WIRELESS)","B43 WIRELESS DRIVER",56706
"NETWORKING DRIVERS (WIRELESS)","B43LEGACY WIRELESS DRIVER",14620
"NETWORKING DRIVERS (WIRELESS)","BROADCOM BRCM80211 IEEE802.11 WIRELESS DRIVERS",116315
"NETWORKING DRIVERS (WIRELESS)","CARL9170 LINUX COMMUNITY WIRELESS DRIVER",13753
"NETWORKING DRIVERS (WIRELESS)","CW1200 WLAN driver",13492
"NETWORKING DRIVERS (WIRELESS)","INTEL PRO/WIRELESS 2100, 2200BG, 2915ABG NETWORK CONNECTION SUPPORT",29195
"NETWORKING DRIVERS (WIRELESS)","INTEL WIRELESS 3945ABG/BG, 4965AGN (iwlegacy)",37685
"NETWORKING DRIVERS (WIRELESS)","INTEL WIRELESS WIFI LINK (iwlwifi)",149572
"NETWORKING DRIVERS (WIRELESS)","MARVELL LIBERTAS WIRELESS DRIVER",14848
"NETWORKING DRIVERS (WIRELESS)","MARVELL MWIFIEX WIRELESS DRIVER",45982
"NETWORKING DRIVERS (WIRELESS)","MARVELL MWL8K WIRELESS DRIVER",6379
"NETWORKING DRIVERS (WIRELESS)","MICROCHIP WILC1000 WIFI DRIVER",11528
"NETWORKING DRIVERS (WIRELESS)","NETWORKING DRIVERS (WIRELESS)",1796917
"NETWORKING DRIVERS (WIRELESS)","P54 WIRELESS DRIVER",8467
"NETWORKING DRIVERS (WIRELESS)","PURELIFI PLFXLC DRIVER",2548
"NETWORKING DRIVERS (WIRELESS)","QUALCOMM ATH12K WIRELESS DRIVER",59413
"NETWORKING DRIVERS (WIRELESS)","QUALCOMM ATHEROS ATH10K WIRELESS DRIVER",85197
"NETWORKING DRIVERS (WIRELESS)","QUALCOMM ATHEROS ATH11K WIRELESS DRIVER",80330
"NETWORKING DRIVERS (WIRELESS)","QUALCOMM ATHEROS ATH9K WIRELESS DRIVER",88537
"NETWORKING DRIVERS (WIRELESS)","QUALCOMM WCN36XX WIRELESS DRIVER",14017
"NETWORKING DRIVERS (WIRELESS)","QUANTENNA QTNFMAC WIRELESS DRIVER",12710
"NETWORKING DRIVERS (WIRELESS)","RALINK RT2X00 WIRELESS LAN DRIVER",47269
"NETWORKING DRIVERS (WIRELESS)","REALTEK WIRELESS DRIVER (rtlwifi family)",166169
"NETWORKING DRIVERS (WIRELESS)","REALTEK WIRELESS DRIVER (rtw88)",124932
"NETWORKING DRIVERS (WIRELESS)","REALTEK WIRELESS DRIVER (rtw89)",265965
"NETWORKING DRIVERS (WIRELESS)","REDPINE WIRELESS DRIVER",12222
"NETWORKING DRIVERS (WIRELESS)","RTL8180 WIRELESS DRIVER",4127
"NETWORKING DRIVERS (WIRELESS)","RTL8187 WIRELESS DRIVER",3358
"NETWORKING DRIVERS (WIRELESS)","RTL8XXXU WIRELESS DRIVER (rtl8xxxu)",24222
"NETWORKING DRIVERS (WIRELESS)","SILICON LABS WIRELESS DRIVERS (for WFxxx series)",8490
"NETWORKING DRIVERS (WIRELESS)","TI WILINK WIRELESS DRIVERS",44986
"NETWORKING DRIVERS (WIRELESS)","USB AR5523 WIRELESS DRIVER",2419
"NETWORKING DRIVERS (WIRELESS)","WILOCITY WIL6210 WIRELESS DRIVER",28848
"NETWORKING DRIVERS (WIRELESS)","ZD1211RW WIRELESS DRIVER",8747
"NOHZ, DYNTICKS SUPPORT","NOHZ, DYNTICKS SUPPORT",4461
"NTB DRIVER CORE","NTB AMD DRIVER",1588
"NTB DRIVER CORE","NTB DRIVER CORE",26092
"NTB DRIVER CORE","NTB IDT DRIVER",4171
"NTB DRIVER CORE","NTB INTEL DRIVER",3987
"NTB DRIVER CORE","PCI DRIVER FOR MICROSEMI SWITCHTEC",4361
"NVM EXPRESS DRIVER","NVM EXPRESS DRIVER",32906
"NVM EXPRESS DRIVER","NVM EXPRESS FABRICS AUTHENTICATION",2141
"NVM EXPRESS DRIVER","NVM EXPRESS FC TRANSPORT DRIVERS",10103
"NVM EXPRESS DRIVER","NVM EXPRESS HARDWARE MONITORING SUPPORT",281
"NVM EXPRESS DRIVER","NVM EXPRESS TARGET DRIVER",20071
"NVMEM FRAMEWORK","MICROCHIP OTPC DRIVER",352
"NVMEM FRAMEWORK","NVMEM FRAMEWORK",15329
"NVMEM FRAMEWORK","ONIE TLV NVMEM LAYOUT DRIVER",407
"NVMEM FRAMEWORK","SL28 VPD NVMEM LAYOUT DRIVER",233
"NVMEM FRAMEWORK","SUNPLUS OCOTP DRIVER",311
"NVMEM FRAMEWORK","U-BOOT ENVIRONMENT VARIABLES",356
"NVMEM FRAMEWORK","XILINX ZYNQMP NVMEM DRIVER",277
"OBJTOOL","OBJTOOL",10999
"OPEN FIRMWARE AND FLATTENED DEVICE TREE BINDINGS","AMD CDX BUS DRIVER",1662
"OPEN FIRMWARE AND FLATTENED DEVICE TREE BINDINGS","ANALOGBITS PLL LIBRARIES",461
"OPEN FIRMWARE AND FLATTENED DEVICE TREE BINDINGS","APPLIED MICRO (APM) X-GENE DEVICE TREE SUPPORT",2108
"OPEN FIRMWARE AND FLATTENED DEVICE TREE BINDINGS","ARM PRIMECELL BUS SUPPORT",1212
"OPEN FIRMWARE AND FLATTENED DEVICE TREE BINDINGS","ARM PRIMECELL PL35X SMC DRIVER",325
"OPEN FIRMWARE AND FLATTENED DEVICE TREE BINDINGS","ARM/Allwinner SoC Clock Support",5012
"OPEN FIRMWARE AND FLATTENED DEVICE TREE BINDINGS","ARM/Allwinner sunXi SoC support",202920
"OPEN FIRMWARE AND FLATTENED DEVICE TREE BINDINGS","ARM/Amlogic Meson SoC CLOCK FRAMEWORK",30311
"OPEN FIRMWARE AND FLATTENED DEVICE TREE BINDINGS","ARM/Amlogic Meson SoC support",139158
"OPEN FIRMWARE AND FLATTENED DEVICE TREE BINDINGS","ARM/Annapurna Labs ALPINE ARCHITECTURE",1409
"OPEN FIRMWARE AND FLATTENED DEVICE TREE BINDINGS","ARM/FREESCALE IMX / MXC ARM ARCHITECTURE",427863
"OPEN FIRMWARE AND FLATTENED DEVICE TREE BINDINGS","ARM/FREESCALE LAYERSCAPE ARM ARCHITECTURE",20815
"OPEN FIRMWARE AND FLATTENED DEVICE TREE BINDINGS","ARM/FREESCALE VYBRID ARM ARCHITECTURE",7277
"OPEN FIRMWARE AND FLATTENED DEVICE TREE BINDINGS","ARM/HISILICON SOC SUPPORT",17059
"OPEN FIRMWARE AND FLATTENED DEVICE TREE BINDINGS","ARM/IGEP MACHINE SUPPORT",857
"OPEN FIRMWARE AND FLATTENED DEVICE TREE BINDINGS","ARM/INTEL KEEMBAY ARCHITECTURE",184
"OPEN FIRMWARE AND FLATTENED DEVICE TREE BINDINGS","ARM/LG1K ARCHITECTURE",785
"OPEN FIRMWARE AND FLATTENED DEVICE TREE BINDINGS","ARM/LPC18XX ARCHITECTURE",9857
"OPEN FIRMWARE AND FLATTENED DEVICE TREE BINDINGS","ARM/Marvell Kirkwood and Armada 370, 375, 38x, 39x, XP, 3700, 7K/8K, CN9130 SOC support",60325
"OPEN FIRMWARE AND FLATTENED DEVICE TREE BINDINGS","ARM/MICROCHIP (ARM64) SoC support",2386
"OPEN FIRMWARE AND FLATTENED DEVICE TREE BINDINGS","ARM/NOMADIK/Ux500 ARCHITECTURES",34696
"OPEN FIRMWARE AND FLATTENED DEVICE TREE BINDINGS","ARM/NUVOTON MA35 ARCHITECTURE",3517
"OPEN FIRMWARE AND FLATTENED DEVICE TREE BINDINGS","ARM/NUVOTON NPCM ARCHITECTURE",21473
"OPEN FIRMWARE AND FLATTENED DEVICE TREE BINDINGS","ARM/QUALCOMM CHROMEBOOK SUPPORT",26915
"OPEN FIRMWARE AND FLATTENED DEVICE TREE BINDINGS","ARM/QUALCOMM MAILING LIST",881438
"OPEN FIRMWARE AND FLATTENED DEVICE TREE BINDINGS","ARM/QUALCOMM SUPPORT",271966
"OPEN FIRMWARE AND FLATTENED DEVICE TREE BINDINGS","ARM/REALTEK ARCHITECTURE",1601
"OPEN FIRMWARE AND FLATTENED DEVICE TREE BINDINGS","ARM/RISC-V/RENESAS ARCHITECTURE",100734
"OPEN FIRMWARE AND FLATTENED DEVICE TREE BINDINGS","ARM/Rockchip SoC support",237676
"OPEN FIRMWARE AND FLATTENED DEVICE TREE BINDINGS","ARM/SAMSUNG S3C, S5P AND EXYNOS ARM ARCHITECTURES",186655
"OPEN FIRMWARE AND FLATTENED DEVICE TREE BINDINGS","ARM/SOCFPGA ARCHITECTURE",7901
"OPEN FIRMWARE AND FLATTENED DEVICE TREE BINDINGS","ARM/SOCFPGA CLOCK FRAMEWORK SUPPORT",2849
"OPEN FIRMWARE AND FLATTENED DEVICE TREE BINDINGS","ARM/SPREADTRUM SoC SUPPORT",38132
"OPEN FIRMWARE AND FLATTENED DEVICE TREE BINDINGS","ARM/STI ARCHITECTURE",18238
"OPEN FIRMWARE AND FLATTENED DEVICE TREE BINDINGS","ARM/SUNPLUS SP7021 SOC SUPPORT",2041
"OPEN FIRMWARE AND FLATTENED DEVICE TREE BINDINGS","ARM/Synaptics SoC support",2734
"OPEN FIRMWARE AND FLATTENED DEVICE TREE BINDINGS","ARM/TESLA FSD SoC SUPPORT",1552
"OPEN FIRMWARE AND FLATTENED DEVICE TREE BINDINGS","ARM/TEXAS INSTRUMENT AEMIF/EMIF DRIVERS",3226
"OPEN FIRMWARE AND FLATTENED DEVICE TREE BINDINGS","ARM/TEXAS INSTRUMENT KEYSTONE ARCHITECTURE",5806
"OPEN FIRMWARE AND FLATTENED DEVICE TREE BINDINGS","ARM/TEXAS INSTRUMENTS K3 ARCHITECTURE",48386
"OPEN FIRMWARE AND FLATTENED DEVICE TREE BINDINGS","ARM/TOSHIBA VISCONTI ARCHITECTURE",4592
"OPEN FIRMWARE AND FLATTENED DEVICE TREE BINDINGS","ATHEROS 71XX/9XXX USB PHY DRIVER",127
"OPEN FIRMWARE AND FLATTENED DEVICE TREE BINDINGS","BROADCOM BCM5301X ARM ARCHITECTURE",6779
"OPEN FIRMWARE AND FLATTENED DEVICE TREE BINDINGS","BROADCOM BCM53573 ARM ARCHITECTURE",571
"OPEN FIRMWARE AND FLATTENED DEVICE TREE BINDINGS","BROADCOM BCMBCA ARM ARCHITECTURE",5762
"OPEN FIRMWARE AND FLATTENED DEVICE TREE BINDINGS","BROADCOM BRCMSTB USB2 and USB3 PHY DRIVER",2395
"OPEN FIRMWARE AND FLATTENED DEVICE TREE BINDINGS","BROADCOM IPROC ARM ARCHITECTURE",28340
"OPEN FIRMWARE AND FLATTENED DEVICE TREE BINDINGS","CANAAN/KENDRYTE K210 SOC RESET CONTROLLER DRIVER",170
"OPEN FIRMWARE AND FLATTENED DEVICE TREE BINDINGS","CAVIUM THUNDERX2 ARM64 SOC",182
"OPEN FIRMWARE AND FLATTENED DEVICE TREE BINDINGS","COMMON CLK FRAMEWORK",748711
"OPEN FIRMWARE AND FLATTENED DEVICE TREE BINDINGS","DH ELECTRONICS IMX6 DHCOM/DHCOR BOARD SUPPORT",3253
"OPEN FIRMWARE AND FLATTENED DEVICE TREE BINDINGS","DMC FREQUENCY DRIVER FOR SAMSUNG EXYNOS5422",1730
"OPEN FIRMWARE AND FLATTENED DEVICE TREE BINDINGS","DRM DRIVER FOR ALLWINNER DE2 AND DE3 ENGINE",5457
"OPEN FIRMWARE AND FLATTENED DEVICE TREE BINDINGS","DRM DRIVERS FOR ALLWINNER A10",17935
"OPEN FIRMWARE AND FLATTENED DEVICE TREE BINDINGS","DRM DRIVERS FOR EXYNOS",22167
"OPEN FIRMWARE AND FLATTENED DEVICE TREE BINDINGS","DRM DRIVERS FOR NVIDIA TEGRA",38856
"OPEN FIRMWARE AND FLATTENED DEVICE TREE BINDINGS","EXYNOS DP DRIVER",296
"OPEN FIRMWARE AND FLATTENED DEVICE TREE BINDINGS","GENERIC GPIO RESET DRIVER",119
"OPEN FIRMWARE AND FLATTENED DEVICE TREE BINDINGS","GENERIC PHY FRAMEWORK",143213
"OPEN FIRMWARE AND FLATTENED DEVICE TREE BINDINGS","GNSS SUBSYSTEM",2342
"OPEN FIRMWARE AND FLATTENED DEVICE TREE BINDINGS","GOOGLE TENSOR SoC SUPPORT",8344
"OPEN FIRMWARE AND FLATTENED DEVICE TREE BINDINGS","HISILICON LPC BUS DRIVER",755
"OPEN FIRMWARE AND FLATTENED DEVICE TREE BINDINGS","HTE SUBSYSTEM",2716
"OPEN FIRMWARE AND FLATTENED DEVICE TREE BINDINGS","IDT VersaClock 5 CLOCK DRIVER",1543
"OPEN FIRMWARE AND FLATTENED DEVICE TREE BINDINGS","INTEL STRATIX10 FIRMWARE DRIVERS",3272
"OPEN FIRMWARE AND FLATTENED DEVICE TREE BINDINGS","INTERCONNECT API",63173
"OPEN FIRMWARE AND FLATTENED DEVICE TREE BINDINGS","LOONGSON-2 SOC SERIES CLOCK DRIVER",484
"OPEN FIRMWARE AND FLATTENED DEVICE TREE BINDINGS","LOONGSON-2 SOC SERIES GUTS DRIVER",226
"OPEN FIRMWARE AND FLATTENED DEVICE TREE BINDINGS","LOONGSON-2 SOC SERIES PM DRIVER",303
"OPEN FIRMWARE AND FLATTENED DEVICE TREE BINDINGS","LYNX 28G SERDES PHY DRIVER",685
"OPEN FIRMWARE AND FLATTENED DEVICE TREE BINDINGS","MARVELL ARMADA 3700 PHY DRIVERS",1798
"OPEN FIRMWARE AND FLATTENED DEVICE TREE BINDINGS","MARVELL MACCHIATOBIN SUPPORT",45
"OPEN FIRMWARE AND FLATTENED DEVICE TREE BINDINGS","MEDIATEK MTMIPS CLOCK DRIVER",1171
"OPEN FIRMWARE AND FLATTENED DEVICE TREE BINDINGS","MEDIATEK SMI DRIVER",1228
"OPEN FIRMWARE AND FLATTENED DEVICE TREE BINDINGS","MEMORY CONTROLLER DRIVERS",48694
"OPEN FIRMWARE AND FLATTENED DEVICE TREE BINDINGS","METHODE UDPU SUPPORT",261
"OPEN FIRMWARE AND FLATTENED DEVICE TREE BINDINGS","MIKROTIK CRS3XX 98DX3236 BOARD SUPPORT",180
"OPEN FIRMWARE AND FLATTENED DEVICE TREE BINDINGS","MIPS BAIKAL-T1 PLATFORM",4249
"OPEN FIRMWARE AND FLATTENED DEVICE TREE BINDINGS","MMP SUPPORT",2408
"OPEN FIRMWARE AND FLATTENED DEVICE TREE BINDINGS","MMP USB PHY DRIVERS",633
"OPEN FIRMWARE AND FLATTENED DEVICE TREE BINDINGS","NXP i.MX CLOCK DRIVERS",25965
"OPEN FIRMWARE AND FLATTENED DEVICE TREE BINDINGS","OMAP DEVICE TREE SUPPORT",89698
"OPEN FIRMWARE AND FLATTENED DEVICE TREE BINDINGS","OMAP GENERAL PURPOSE MEMORY CONTROLLER SUPPORT",2769
"OPEN FIRMWARE AND FLATTENED DEVICE TREE BINDINGS","OMAP/NEWFLOW NANOBONE MACHINE SUPPORT",492
"OPEN FIRMWARE AND FLATTENED DEVICE TREE BINDINGS","OPEN FIRMWARE AND FLATTENED DEVICE TREE BINDINGS",2241136
"OPEN FIRMWARE AND FLATTENED DEVICE TREE BINDINGS","QCOM EMBEDDED USB DEBUGGER (EUD)",340
"OPEN FIRMWARE AND FLATTENED DEVICE TREE BINDINGS","QUALCOMM CLOCK DRIVERS",287794
"OPEN FIRMWARE AND FLATTENED DEVICE TREE BINDINGS","QUALCOMM INTERCONNECT BWMON DRIVER",1007
"OPEN FIRMWARE AND FLATTENED DEVICE TREE BINDINGS","QUALCOMM IPQ4019 USB PHY DRIVER",197
"OPEN FIRMWARE AND FLATTENED DEVICE TREE BINDINGS","QUALCOMM QSEECOM DRIVER",120
"OPEN FIRMWARE AND FLATTENED DEVICE TREE BINDINGS","QUALCOMM QSEECOM UEFISECAPP DRIVER",922
"OPEN FIRMWARE AND FLATTENED DEVICE TREE BINDINGS","REMOTE PROCESSOR (REMOTEPROC) SUBSYSTEM",38443
"OPEN FIRMWARE AND FLATTENED DEVICE TREE BINDINGS","REMOTE PROCESSOR MESSAGING (RPMSG) SUBSYSTEM",9071
"OPEN FIRMWARE AND FLATTENED DEVICE TREE BINDINGS","RENESAS CLOCK DRIVERS",19094
"OPEN FIRMWARE AND FLATTENED DEVICE TREE BINDINGS","RENESAS USB PHY DRIVER",993
"OPEN FIRMWARE AND FLATTENED DEVICE TREE BINDINGS","RENESAS VERSACLOCK 7 CLOCK DRIVER",1373
"OPEN FIRMWARE AND FLATTENED DEVICE TREE BINDINGS","RESET CONTROLLER FRAMEWORK",23379
"OPEN FIRMWARE AND FLATTENED DEVICE TREE BINDINGS","SAMSUNG INTERCONNECT DRIVERS",210
"OPEN FIRMWARE AND FLATTENED DEVICE TREE BINDINGS","SAMSUNG SOC CLOCK DRIVERS",39211
"OPEN FIRMWARE AND FLATTENED DEVICE TREE BINDINGS","SAMSUNG USB2 PHY DRIVER",1809
"OPEN FIRMWARE AND FLATTENED DEVICE TREE BINDINGS","SANCLOUD BEAGLEBONE ENHANCED DEVICE TREE",283
"OPEN FIRMWARE AND FLATTENED DEVICE TREE BINDINGS","SERIAL LOW-POWER INTER-CHIP MEDIA BUS (SLIMbus)",5037
"OPEN FIRMWARE AND FLATTENED DEVICE TREE BINDINGS","SOFTWARE DELEGATED EXCEPTION INTERFACE (SDEI)",1317
"OPEN FIRMWARE AND FLATTENED DEVICE TREE BINDINGS","SOLIDRUN CLEARFOG SUPPORT",628
"OPEN FIRMWARE AND FLATTENED DEVICE TREE BINDINGS","SOLIDRUN CUBOX-I/HUMMINGBOARD SUPPORT",2857
"OPEN FIRMWARE AND FLATTENED DEVICE TREE BINDINGS","SOUNDWIRE SUBSYSTEM",19396
"OPEN FIRMWARE AND FLATTENED DEVICE TREE BINDINGS","STARFIVE JH7110 DPHY RX DRIVER",303
"OPEN FIRMWARE AND FLATTENED DEVICE TREE BINDINGS","STARFIVE JH7110 PLL CLOCK DRIVER",553
"OPEN FIRMWARE AND FLATTENED DEVICE TREE BINDINGS","STARFIVE JH71X0 CLOCK DRIVERS",4012
"OPEN FIRMWARE AND FLATTENED DEVICE TREE BINDINGS","STARFIVE JH71X0 PCIE AND USB PHY DRIVER",464
"OPEN FIRMWARE AND FLATTENED DEVICE TREE BINDINGS","STARFIVE JH71X0 RESET CONTROLLER DRIVERS",700
"OPEN FIRMWARE AND FLATTENED DEVICE TREE BINDINGS","SUNPLUS USB2 PHY DRIVER",386
"OPEN FIRMWARE AND FLATTENED DEVICE TREE BINDINGS","SYNOPSYS ARC HSDK SDP pll clock driver",455
"OPEN FIRMWARE AND FLATTENED DEVICE TREE BINDINGS","SYNOPSYS ARC SDP clock driver",588
"OPEN FIRMWARE AND FLATTENED DEVICE TREE BINDINGS","SYNOPSYS AXS10x RESET CONTROLLER DRIVER",130
"OPEN FIRMWARE AND FLATTENED DEVICE TREE BINDINGS","SYNOPSYS HSDK RESET CONTROLLER DRIVER",180
"OPEN FIRMWARE AND FLATTENED DEVICE TREE BINDINGS","TEGRA ARCHITECTURE SUPPORT",347571
"OPEN FIRMWARE AND FLATTENED DEVICE TREE BINDINGS","TEGRA CLOCK DRIVER",22433
"OPEN FIRMWARE AND FLATTENED DEVICE TREE BINDINGS","TEGRA XUSB PADCTL DRIVER",8820
"OPEN FIRMWARE AND FLATTENED DEVICE TREE BINDINGS","TI CDCE706 CLOCK DRIVER",698
"OPEN FIRMWARE AND FLATTENED DEVICE TREE BINDINGS","TI CLOCK DRIVER",13169
"OPEN FIRMWARE AND FLATTENED DEVICE TREE BINDINGS","TI DAVINCI SERIES CLOCK DRIVER",3441
"OPEN FIRMWARE AND FLATTENED DEVICE TREE BINDINGS","TQ SYSTEMS BOARD & DRIVER SUPPORT",8263
"OPEN FIRMWARE AND FLATTENED DEVICE TREE BINDINGS","USB IP DRIVER FOR HISILICON KIRIN 960",285
"OPEN FIRMWARE AND FLATTENED DEVICE TREE BINDINGS","USB IP DRIVER FOR HISILICON KIRIN 970",726
"OPEN FIRMWARE AND FLATTENED DEVICE TREE BINDINGS","Ux500 CLOCK DRIVERS",1867
"PCI SUBSYSTEM","APPLE PCIE CONTROLLER DRIVER",842
"PCI SUBSYSTEM","BROADCOM STB PCIE DRIVER",1907
"PCI SUBSYSTEM","COMPACTPCI HOTPLUG CORE",1058
"PCI SUBSYSTEM","COMPACTPCI HOTPLUG GENERIC DRIVER",207
"PCI SUBSYSTEM","COMPACTPCI HOTPLUG ZIATECH ZT5550 DRIVER",369
"PCI SUBSYSTEM","Hyper-V/Azure CORE AND DRIVERS",56018
"PCI SUBSYSTEM","IBM Power PCI Hotplug Driver for RPA-compliant PPC64 platform",955
"PCI SUBSYSTEM","MEDIATEK MT7621 PCIE CONTROLLER DRIVER",700
"PCI SUBSYSTEM","MHI BUS",12705
"PCI SUBSYSTEM","MICROSOFT MANA RDMA DRIVER",4342
"PCI SUBSYSTEM","PCI DRIVER FOR AARDVARK (Marvell Armada 3700)",2070
"PCI SUBSYSTEM","PCI DRIVER FOR ALTERA PCIE IP",879
"PCI SUBSYSTEM","PCI DRIVER FOR APPLIEDMICRO XGENE",700
"PCI SUBSYSTEM","PCI DRIVER FOR ARM VERSATILE PLATFORM",265
"PCI SUBSYSTEM","PCI DRIVER FOR ARMADA 8K",397
"PCI SUBSYSTEM","PCI DRIVER FOR CADENCE PCIE IP",2465
"PCI SUBSYSTEM","PCI DRIVER FOR FREESCALE LAYERSCAPE",718
"PCI SUBSYSTEM","PCI DRIVER FOR FU740",477
"PCI SUBSYSTEM","PCI DRIVER FOR GENERIC OF HOSTS",365
"PCI SUBSYSTEM","PCI DRIVER FOR IMX6",2326
"PCI SUBSYSTEM","PCI DRIVER FOR INTEL IXP4XX",772
"PCI SUBSYSTEM","PCI DRIVER FOR INTEL VOLUME MANAGEMENT DEVICE (VMD)",1132
"PCI SUBSYSTEM","PCI DRIVER FOR MOBIVEIL PCIE IP",1178
"PCI SUBSYSTEM","PCI DRIVER FOR MVEBU (Marvell Armada 370 and Armada XP SOC support)",1737
"PCI SUBSYSTEM","PCI DRIVER FOR NVIDIA TEGRA",3481
"PCI SUBSYSTEM","PCI DRIVER FOR NXP LAYERSCAPE GEN4 CONTROLLER",307
"PCI SUBSYSTEM","PCI DRIVER FOR RENESAS R-CAR",3552
"PCI SUBSYSTEM","PCI DRIVER FOR SAMSUNG EXYNOS",441
"PCI SUBSYSTEM","PCI DRIVER FOR SYNOPSYS DESIGNWARE",4216
"PCI SUBSYSTEM","PCI DRIVER FOR TI DRA7XX/J721E",1672
"PCI SUBSYSTEM","PCI DRIVER FOR V3 SEMICONDUCTOR V360EPC",983
"PCI SUBSYSTEM","PCI DRIVER FOR XILINX VERSAL CPM",776
"PCI SUBSYSTEM","PCI ENDPOINT SUBSYSTEM",11182
"PCI SUBSYSTEM","PCI MSI DRIVER FOR ALTERA MSI IP",320
"PCI SUBSYSTEM","PCI MSI DRIVER FOR APPLIEDMICRO XGENE",596
"PCI SUBSYSTEM","PCI NATIVE HOST BRIDGE AND ENDPOINT DRIVERS",76404
"PCI SUBSYSTEM","PCI PEER-TO-PEER DMA (P2PDMA)",1350
"PCI SUBSYSTEM","PCI SUBSYSTEM",188319
"PCI SUBSYSTEM","PCIE DRIVER FOR AMAZON ANNAPURNA LABS",426
"PCI SUBSYSTEM","PCIE DRIVER FOR AMLOGIC MESON",497
"PCI SUBSYSTEM","PCIE DRIVER FOR AXIS ARTPEC",563
"PCI SUBSYSTEM","PCIE DRIVER FOR CAVIUM THUNDERX",843
"PCI SUBSYSTEM","PCIE DRIVER FOR HISILICON",180
"PCI SUBSYSTEM","PCIE DRIVER FOR HISILICON KIRIN",1008
"PCI SUBSYSTEM","PCIE DRIVER FOR HISILICON STB",519
"PCI SUBSYSTEM","PCIE DRIVER FOR INTEL KEEM BAY",650
"PCI SUBSYSTEM","PCIE DRIVER FOR INTEL LGM GW SOC",570
"PCI SUBSYSTEM","PCIE DRIVER FOR MEDIATEK",3067
"PCI SUBSYSTEM","PCIE DRIVER FOR MICROCHIP",1357
"PCI SUBSYSTEM","PCIE DRIVER FOR QUALCOMM MSM",1712
"PCI SUBSYSTEM","PCIE DRIVER FOR ROCKCHIP",2742
"PCI SUBSYSTEM","PCIE DRIVER FOR SOCIONEXT UNIPHIER",1130
"PCI SUBSYSTEM","PCIE DRIVER FOR ST SPEAR13XX",266
"PCI SUBSYSTEM","PCIE ENDPOINT DRIVER FOR QUALCOMM",1120
"PCI SUBSYSTEM","XEN PCI SUBSYSTEM",1684
"PER-TASK DELAY ACCOUNTING","PER-TASK DELAY ACCOUNTING",563
"PERFORMANCE EVENTS SUBSYSTEM","APM DRIVER",3366
"PERFORMANCE EVENTS SUBSYSTEM","BPF JIT for X86 32-BIT",2623
"PERFORMANCE EVENTS SUBSYSTEM","BPF JIT for X86 64-BIT",3570
"PERFORMANCE EVENTS SUBSYSTEM","CPUID/MSR DRIVER",525
"PERFORMANCE EVENTS SUBSYSTEM","EFI TEST DRIVER",908
"PERFORMANCE EVENTS SUBSYSTEM","EXTENSIBLE FIRMWARE INTERFACE (EFI)",25817
"PERFORMANCE EVENTS SUBSYSTEM","FPU EMULATOR",13023
"PERFORMANCE EVENTS SUBSYSTEM","HPET:	x86",1576
"PERFORMANCE EVENTS SUBSYSTEM","HYGON PROCESSOR SUPPORT",275
"PERFORMANCE EVENTS SUBSYSTEM","INTEL CPU family model numbers",260
"PERFORMANCE EVENTS SUBSYSTEM","INTEL SGX",9113
"PERFORMANCE EVENTS SUBSYSTEM","INTEL(R) FLEXIBLE RETURN AND EVENT DELIVERY",679
"PERFORMANCE EVENTS SUBSYSTEM","INTEL(R) TRUSTED EXECUTION TECHNOLOGY (TXT)",885
"PERFORMANCE EVENTS SUBSYSTEM","JAILHOUSE HYPERVISOR INTERFACE",321
"PERFORMANCE EVENTS SUBSYSTEM","KERNEL VIRTUAL MACHINE FOR X86 (KVM/x86)",118001
"PERFORMANCE EVENTS SUBSYSTEM","KVM PARAVIRT (KVM/paravirt)",1975
"PERFORMANCE EVENTS SUBSYSTEM","KVM X86 HYPER-V (KVM/hyper-v)",4436
"PERFORMANCE EVENTS SUBSYSTEM","KVM X86 Xen (KVM/Xen)",2546
"PERFORMANCE EVENTS SUBSYSTEM","PARAVIRT_OPS INTERFACE",2531
"PERFORMANCE EVENTS SUBSYSTEM","PERFORMANCE EVENTS SUBSYSTEM",846382
"PERFORMANCE EVENTS SUBSYSTEM","PERFORMANCE EVENTS TOOLING ARM64",24558
"PERFORMANCE EVENTS SUBSYSTEM","RDT - RESOURCE ALLOCATION",14376
"PERFORMANCE EVENTS SUBSYSTEM","SVGA HANDLING",1573
"PERFORMANCE EVENTS SUBSYSTEM","TECHNOLOGIC SYSTEMS TS-5500 PLATFORM SUPPORT",343
"PERFORMANCE EVENTS SUBSYSTEM","TRACING MMIO ACCESSES (MMIOTRACE)",1715
"PERFORMANCE EVENTS SUBSYSTEM","USER-MODE LINUX (UML)",41645
"PERFORMANCE EVENTS SUBSYSTEM","VMWARE HYPERVISOR INTERFACE",585
"PERFORMANCE EVENTS SUBSYSTEM","X86 ARCHITECTURE (32-BIT AND 64-BIT)",498912
"PERFORMANCE EVENTS SUBSYSTEM","X86 ENTRY CODE",8059
"PERFORMANCE EVENTS SUBSYSTEM","X86 HARDWARE VULNERABILITIES",6984
"PERFORMANCE EVENTS SUBSYSTEM","X86 MCE INFRASTRUCTURE",7643
"PERFORMANCE EVENTS SUBSYSTEM","X86 MICROCODE UPDATE SUPPORT",2579
"PERFORMANCE EVENTS SUBSYSTEM","X86 MM",21587
"PERFORMANCE EVENTS SUBSYSTEM","X86 PLATFORM UV HPE SUPERDOME FLEX",9642
"PERFORMANCE EVENTS SUBSYSTEM","X86 STACK UNWINDING",2116
"PERFORMANCE EVENTS SUBSYSTEM","X86 TRUST DOMAIN EXTENSIONS (TDX)",3645
"PERFORMANCE EVENTS SUBSYSTEM","X86 VDSO",1938
"PERFORMANCE EVENTS SUBSYSTEM","XEN HYPERVISOR X86",13577
"PERFORMANCE EVENTS SUBSYSTEM","ZHAOXIN PROCESSOR SUPPORT",115
"PERSONALITY HANDLING","PERSONALITY HANDLING",87
"PIN CONTROL SUBSYSTEM","ARM/ACTIONS SEMI ARCHITECTURE",24316
"PIN CONTROL SUBSYSTEM","ARM/BITMAIN ARCHITECTURE",2933
"PIN CONTROL SUBSYSTEM","ARM/Mediatek SoC support",530700
"PIN CONTROL SUBSYSTEM","ARM/Mediatek USB3 PHY DRIVER",7047
"PIN CONTROL SUBSYSTEM","ARM/NUVOTON WPCM450 ARCHITECTURE",3038
"PIN CONTROL SUBSYSTEM","ARM/NXP S32G ARCHITECTURE",2354
"PIN CONTROL SUBSYSTEM","ARM/UNIPHIER ARCHITECTURE",37592
"PIN CONTROL SUBSYSTEM","BROADCOM BCM4908 PINMUX DRIVER",636
"PIN CONTROL SUBSYSTEM","CANAAN/KENDRYTE K210 SOC FPIOA DRIVER",1182
"PIN CONTROL SUBSYSTEM","CYPRESS CY8C95X0 PINCTRL DRIVER",1653
"PIN CONTROL SUBSYSTEM","DRM DRIVERS FOR MEDIATEK",21564
"PIN CONTROL SUBSYSTEM","LOONGSON-2 SOC SERIES PINCTRL DRIVER",435
"PIN CONTROL SUBSYSTEM","MEDIATEK ETHERNET DRIVER",17118
"PIN CONTROL SUBSYSTEM","MEDIATEK IOMMU DRIVER",5019
"PIN CONTROL SUBSYSTEM","MEDIATEK MIPI-CSI CDPHY DRIVER",435
"PIN CONTROL SUBSYSTEM","MEDIATEK MT76 WIRELESS LAN DRIVER",106628
"PIN CONTROL SUBSYSTEM","MEDIATEK MT7601U WIRELESS LAN DRIVER",7797
"PIN CONTROL SUBSYSTEM","MEDIATEK MT7621 CLOCK DRIVER",663
"PIN CONTROL SUBSYSTEM","MEDIATEK MT7621 PHY PCI DRIVER",400
"PIN CONTROL SUBSYSTEM","PIN CONTROL SUBSYSTEM",555080
"PIN CONTROL SUBSYSTEM","PIN CONTROLLER - AMD",1213
"PIN CONTROL SUBSYSTEM","PIN CONTROLLER - FREESCALE",17558
"PIN CONTROL SUBSYSTEM","PIN CONTROLLER - INTEL",17211
"PIN CONTROL SUBSYSTEM","PIN CONTROLLER - KEEMBAY",1716
"PIN CONTROL SUBSYSTEM","PIN CONTROLLER - MEDIATEK",55679
"PIN CONTROL SUBSYSTEM","PIN CONTROLLER - MEDIATEK MIPS",3316
"PIN CONTROL SUBSYSTEM","PIN CONTROLLER - QUALCOMM",78820
"PIN CONTROL SUBSYSTEM","PIN CONTROLLER - RENESAS",125647
"PIN CONTROL SUBSYSTEM","PIN CONTROLLER - SAMSUNG",6466
"PIN CONTROL SUBSYSTEM","PIN CONTROLLER - SINGLE",1992
"PIN CONTROL SUBSYSTEM","PIN CONTROLLER - SUNPLUS / TIBBO",2503
"PIN CONTROL SUBSYSTEM","SPEAR PLATFORM/CLOCK/PINCTRL SUPPORT",21677
"PIN CONTROL SUBSYSTEM","STARFIVE JH71X0 PINCTRL DRIVERS",4054
"PM-GRAPH UTILITY","PM-GRAPH UTILITY",10894
"PNP SUPPORT","ISAPNP",1356
"PNP SUPPORT","PNP SUPPORT",9103
"POWER STATE COORDINATION INTERFACE (PSCI)","POWER STATE COORDINATION INTERFACE (PSCI)",1500
"POWER SUPPLY CLASS/SUBSYSTEM and DRIVERS","AB8500 BATTERY AND CHARGER DRIVERS",10724
"POWER SUPPLY CLASS/SUBSYSTEM and DRIVERS","ANALOG DEVICES INC ADP5061 DRIVER",746
"POWER SUPPLY CLASS/SUBSYSTEM and DRIVERS","CELLWISE CW2015 BATTERY DRIVER",839
"POWER SUPPLY CLASS/SUBSYSTEM and DRIVERS","INJOINIC IP5xxx POWER BANK IC DRIVER",638
"POWER SUPPLY CLASS/SUBSYSTEM and DRIVERS","MAXIM MAX17040 FAMILY FUEL GAUGE DRIVERS",764
"POWER SUPPLY CLASS/SUBSYSTEM and DRIVERS","MAXIM MAX17042 FAMILY FUEL GAUGE DRIVERS",1308
"POWER SUPPLY CLASS/SUBSYSTEM and DRIVERS","MAXIM MAX77976 BATTERY CHARGER",553
"POWER SUPPLY CLASS/SUBSYSTEM and DRIVERS","MAXIM MUIC CHARGER DRIVERS FOR EXYNOS BASED BOARDS",1554
"POWER SUPPLY CLASS/SUBSYSTEM and DRIVERS","MICROSOFT SURFACE BATTERY AND AC DRIVERS",1157
"POWER SUPPLY CLASS/SUBSYSTEM and DRIVERS","MITSUMI MM8013 FG DRIVER",346
"POWER SUPPLY CLASS/SUBSYSTEM and DRIVERS","NOKIA N900 POWER SUPPLY DRIVERS",5204
"POWER SUPPLY CLASS/SUBSYSTEM and DRIVERS","POWER SUPPLY CLASS/SUBSYSTEM and DRIVERS",100425
"POWER SUPPLY CLASS/SUBSYSTEM and DRIVERS","ROHM BD99954 CHARGER IC",2161
"POWER SUPPLY CLASS/SUBSYSTEM and DRIVERS","TI BQ27XXX POWER SUPPLY DRIVER",2598
"POWER SUPPLY CLASS/SUBSYSTEM and DRIVERS","X-POWERS AXP288 PMIC DRIVERS",3016
"POWER SUPPLY CLASS/SUBSYSTEM and DRIVERS","X-POWERS MULTIFUNCTION PMIC DEVICE DRIVERS",12058
"PRINTK","PRINTK",9757
"PRINTK","PRINTK INDEXING",331
"PROC FILESYSTEM","KDUMP",4501
"PROC FILESYSTEM","PROC FILESYSTEM",22561
"PROC FILESYSTEM","PROC SYSCTL",5738
"PTP HARDWARE CLOCK SUPPORT","FREESCALE QORIQ PTP CLOCK DRIVER",1933
"PTP HARDWARE CLOCK SUPPORT","INTEL PTP DFL ToD DRIVER",332
"PTP HARDWARE CLOCK SUPPORT","OPENCOMPUTE PTP CLOCK DRIVER",4866
"PTP HARDWARE CLOCK SUPPORT","PTP HARDWARE CLOCK SUPPORT",18695
"PTP HARDWARE CLOCK SUPPORT","PTP MOCKUP CLOCK SUPPORT",213
"PTP HARDWARE CLOCK SUPPORT","PTP VIRTUAL CLOCK SUPPORT",389
"PTP HARDWARE CLOCK SUPPORT","VMWARE VIRTUAL PTP CLOCK DRIVER",142
"PXA MMCI DRIVER","PXA MMCI DRIVER",0
"PXA RTC DRIVER","PXA RTC DRIVER",0
"QEMU MACHINE EMULATOR AND VIRTUALIZER SUPPORT","QEMU MACHINE EMULATOR AND VIRTUALIZER SUPPORT",1036
"QNX4 FILESYSTEM","QNX4 FILESYSTEM",921
"RAPIDIO SUBSYSTEM","RAPIDIO SUBSYSTEM",15479
"RAS INFRASTRUCTURE","AMD ADDRESS TRANSLATION LIBRARY (ATL)",3838
"RAS INFRASTRUCTURE","RAS FRU MEMORY POISON MANAGER (FMPM)",1034
"RAS INFRASTRUCTURE","RAS INFRASTRUCTURE",7459
"RDC R-321X SoC","RDC R-321X SoC",0
"REAL TIME CLOCK (RTC) SUBSYSTEM","ANDROID GOLDFISH RTC DRIVER",206
"REAL TIME CLOCK (RTC) SUBSYSTEM","ARM/Mediatek RTC DRIVER",1276
"REAL TIME CLOCK (RTC) SUBSYSTEM","DALLAS/MAXIM DS1685-FAMILY REAL TIME CLOCK",1810
"REAL TIME CLOCK (RTC) SUBSYSTEM","MAX31335 RTC DRIVER",767
"REAL TIME CLOCK (RTC) SUBSYSTEM","OP-TEE RTC DRIVER",362
"REAL TIME CLOCK (RTC) SUBSYSTEM","REAL TIME CLOCK (RTC) SUBSYSTEM",87699
"REAL TIME CLOCK (RTC) SUBSYSTEM","RENESAS RZ/N1 RTC CONTROLLER DRIVER",489
"REAL TIME CLOCK (RTC) SUBSYSTEM","SUNPLUS RTC DRIVER",415
"REAL TIME CLOCK (RTC) SUBSYSTEM","WHWAVE RTC DRIVER",228
"REISERFS FILE SYSTEM","REISERFS FILE SYSTEM",32708
"RISC-V ARCHITECTURE","ACPI FOR RISC-V (ACPI/riscv)",412
"RISC-V ARCHITECTURE","BPF JIT for RISC-V (32-bit)",2870
"RISC-V ARCHITECTURE","BPF JIT for RISC-V (64-bit)",3603
"RISC-V ARCHITECTURE","KERNEL VIRTUAL MACHINE FOR RISC-V (KVM/riscv)",15755
"RISC-V ARCHITECTURE","MICROCHIP SOC DRIVERS",253
"RISC-V ARCHITECTURE","RISC-V ARCHITECTURE",91346
"RISC-V ARCHITECTURE","RISC-V MICROCHIP FPGA SUPPORT",8369
"RISC-V ARCHITECTURE","RISC-V MISC SOC SUPPORT",9004
"RISC-V ARCHITECTURE","RISC-V THEAD SoC SUPPORT",642
"RISC-V ARCHITECTURE","SIFIVE DRIVERS",8033
"RISC-V ARCHITECTURE","SOPHGO DEVICETREES and DRIVERS",6733
"RISC-V ARCHITECTURE","STANDALONE CACHE CONTROLLER DRIVERS",588
"RISC-V ARCHITECTURE","STARFIVE DEVICETREES",3120
"RUST","ETHERNET PHY LIBRARY [RUST]",905
"RUST","RUST",14574
"S390 ARCHITECTURE","BPF JIT for S390",2752
"S390 ARCHITECTURE","KERNEL VIRTUAL MACHINE for s390 (KVM/s390)",29572
"S390 ARCHITECTURE","S390 ARCHITECTURE",265484
"S390 ARCHITECTURE","S390 COMMON I/O LAYER",23841
"S390 ARCHITECTURE","S390 DASD DRIVER",23947
"S390 ARCHITECTURE","S390 IUCV NETWORK LAYER",7459
"S390 ARCHITECTURE","S390 MM",11218
"S390 ARCHITECTURE","S390 NETWORK DRIVERS",31139
"S390 ARCHITECTURE","S390 PCI SUBSYSTEM",4817
"S390 ARCHITECTURE","S390 SCM DRIVER",1046
"S390 ARCHITECTURE","S390 VFIO AP DRIVER",4408
"S390 ARCHITECTURE","S390 VFIO-CCW DRIVER",3715
"S390 ARCHITECTURE","S390 VFIO-PCI DRIVER",1045
"S390 ARCHITECTURE","S390 ZCRYPT DRIVER",20241
"S390 ARCHITECTURE","S390 ZFCP DRIVER",12979
"S390 ARCHITECTURE","VIRTIO DRIVERS FOR S390",1593
"SCHEDULER","MEMBARRIER SUPPORT",1103
"SCHEDULER","PRESSURE STALL INFORMATION (PSI)",1945
"SCHEDULER","SCHEDULER",53739
"SCSI SUBSYSTEM","3WARE SAS/SATA-RAID SCSI DRIVERS (3W-XXXX, 3W-9XXX, 3W-SAS)",8131
"SCSI SUBSYSTEM","53C700 AND 53C700-66 SCSI DRIVER",4386
"SCSI SUBSYSTEM","AACRAID SCSI RAID DRIVER",16726
"SCSI SUBSYSTEM","ADVANSYS SCSI DRIVER",11824
"SCSI SUBSYSTEM","AHA152X SCSI DRIVER",3995
"SCSI SUBSYSTEM","AIC7XXX / AIC79XX SCSI DRIVER",57827
"SCSI SUBSYSTEM","ARM/RISCPC ARCHITECTURE",16663
"SCSI SUBSYSTEM","ATTO EXPRESSSAS SAS/SATA RAID SCSI DRIVER",15434
"SCSI SUBSYSTEM","BROADCOM BNX2FC 10 GIGABIT FCOE DRIVER",11187
"SCSI SUBSYSTEM","BROADCOM BNX2I 1/10 GIGABIT iSCSI DRIVER",8347
"SCSI SUBSYSTEM","BROADCOM MPI3 STORAGE CONTROLLER DRIVER",23128
"SCSI SUBSYSTEM","BROCADE BFA FC SCSI DRIVER",58459
"SCSI SUBSYSTEM","BUSLOGIC SCSI DRIVER",12579
"SCSI SUBSYSTEM","CISCO FCOE HBA DRIVER",13494
"SCSI SUBSYSTEM","CISCO SCSI HBA DRIVER",9723
"SCSI SUBSYSTEM","CXGB3 ISCSI DRIVER (CXGB3I)",1494
"SCSI SUBSYSTEM","CXGB4 ISCSI DRIVER (CXGB4I)",2520
"SCSI SUBSYSTEM","CXLFLASH (IBM Coherent Accelerator Processor Interface CAPI Flash) SCSI DRIVER",11484
"SCSI SUBSYSTEM","DC390/AM53C974 SCSI driver",542
"SCSI SUBSYSTEM","DC395x SCSI driver",5418
"SCSI SUBSYSTEM","EMULEX 10Gbps iSCSI - OneConnect DRIVER",13734
"SCSI SUBSYSTEM","EMULEX/BROADCOM EFCT FC/FCOE SCSI TARGET DRIVER",30301
"SCSI SUBSYSTEM","EMULEX/BROADCOM LPFC FC/FCOE SCSI DRIVER",119340
"SCSI SUBSYSTEM","FCOE SUBSYSTEM (libfc, libfcoe, fcoe)",24746
"SCSI SUBSYSTEM","HEWLETT-PACKARD SMART ARRAY RAID DRIVER (hpsa)",11964
"SCSI SUBSYSTEM","HIGHPOINT ROCKETRAID 3xxx RAID DRIVER",1914
"SCSI SUBSYSTEM","HISILICON SAS Controller",14061
"SCSI SUBSYSTEM","IBM Power Linux RAID adapter",12001
"SCSI SUBSYSTEM","IBM Power Virtual SCSI Device Target Driver",4983
"SCSI SUBSYSTEM","IBM ServeRAID RAID DRIVER",8294
"SCSI SUBSYSTEM","INTEL C600 SERIES SAS CONTROLLER DRIVER",23061
"SCSI SUBSYSTEM","IPS SCSI RAID DRIVER",8294
"SCSI SUBSYSTEM","ISCSI",14866
"SCSI SUBSYSTEM","LASI 53c700 driver for PARISC",4520
"SCSI SUBSYSTEM","LSILOGIC MPT FUSION DRIVERS (FC/SAS/SPI)",81381
"SCSI SUBSYSTEM","LSILOGIC/SYMBIOS/NCR 53C8XX and 53C1010 PCI-SCSI drivers",16283
"SCSI SUBSYSTEM","MEGARAID SCSI/SAS DRIVERS",33099
"SCSI SUBSYSTEM","MICROSEMI SMART ARRAY SMARTPQI DRIVER (smartpqi)",14025
"SCSI SUBSYSTEM","MYLEX DAC960 PCI RAID Controller",8822
"SCSI SUBSYSTEM","NCR 5380 SCSI DRIVERS",6477
"SCSI SUBSYSTEM","NINJA SCSI-3 / NINJA SCSI-32Bi (16bit/CardBus) PCMCIA SCSI HOST ADAPTER DRIVER",2866
"SCSI SUBSYSTEM","NINJA SCSI-32Bi/UDE PCI/CARDBUS SCSI HOST ADAPTER DRIVER",4707
"SCSI SUBSYSTEM","PMC SIERRA MaxRAID DRIVER",6489
"SCSI SUBSYSTEM","PMC SIERRA PM8001 DRIVER",17439
"SCSI SUBSYSTEM","QLOGIC QL41xxx FCOE DRIVER",10565
"SCSI SUBSYSTEM","QLOGIC QL41xxx ISCSI DRIVER",9339
"SCSI SUBSYSTEM","QLOGIC QLA1280 SCSI DRIVER",5460
"SCSI SUBSYSTEM","QLOGIC QLA2XXX FC-SCSI DRIVER",96013
"SCSI SUBSYSTEM","QLOGIC QLA4XXX iSCSI DRIVER",27919
"SCSI SUBSYSTEM","SCSI LIBSAS SUBSYSTEM",8550
"SCSI SUBSYSTEM","SCSI SG DRIVER",3073
"SCSI SUBSYSTEM","SCSI SUBSYSTEM",1080742
"SCSI SUBSYSTEM","SCSI TAPE DRIVER",10219
"SCSI SUBSYSTEM","UNIVERSAL FLASH STORAGE HOST CONTROLLER DRIVER",16018
"SCSI SUBSYSTEM","UNIVERSAL FLASH STORAGE HOST CONTROLLER DRIVER DWC HOOKS",778
"SCSI SUBSYSTEM","UNIVERSAL FLASH STORAGE HOST CONTROLLER DRIVER EXYNOS HOOKS",2230
"SCSI SUBSYSTEM","UNIVERSAL FLASH STORAGE HOST CONTROLLER DRIVER MEDIATEK HOOKS",2309
"SCSI SUBSYSTEM","UNIVERSAL FLASH STORAGE HOST CONTROLLER DRIVER QUALCOMM HOOKS",2478
"SCSI SUBSYSTEM","UNIVERSAL FLASH STORAGE HOST CONTROLLER DRIVER RENESAS HOOKS",410
"SCSI SUBSYSTEM","VMWARE PVSCSI DRIVER",2082
"SCSI TARGET SUBSYSTEM","FIREWIRE SBP-2 TARGET",2556
"SCSI TARGET SUBSYSTEM","SCSI TARGET CORE USER DRIVER",3986
"SCSI TARGET SUBSYSTEM","SCSI TARGET SUBSYSTEM",67838
"SECURE MONITOR CALL(SMC) CALLING CONVENTION (SMCCC)","SECURE MONITOR CALL(SMC) CALLING CONVENTION (SMCCC)",844
"SECURITY SUBSYSTEM","APPARMOR SECURITY MODULE",21421
"SECURITY SUBSYSTEM","CAPABILITIES",2658
"SECURITY SUBSYSTEM","Extended Verification Module (EVM)",13777
"SECURITY SUBSYSTEM","INTEGRITY MEASUREMENT ARCHITECTURE (IMA)",13777
"SECURITY SUBSYSTEM","KEYS-ENCRYPTED",1784
"SECURITY SUBSYSTEM","KEYS-TRUSTED",3548
"SECURITY SUBSYSTEM","KEYS-TRUSTED-CAAM",91
"SECURITY SUBSYSTEM","KEYS-TRUSTED-DCP",343
"SECURITY SUBSYSTEM","KEYS-TRUSTED-TEE",306
"SECURITY SUBSYSTEM","KEYS/KEYRINGS",17812
"SECURITY SUBSYSTEM","KEYS/KEYRINGS_INTEGRITY",847
"SECURITY SUBSYSTEM","LOADPIN SECURITY MODULE",526
"SECURITY SUBSYSTEM","LOCKDOWN SECURITY MODULE",221
"SECURITY SUBSYSTEM","SAFESETID SECURITY MODULE",850
"SECURITY SUBSYSTEM","SECURITY SUBSYSTEM",91122
"SECURITY SUBSYSTEM","SMACK SECURITY MODULE",10519
"SECURITY SUBSYSTEM","TOMOYO SECURITY MODULE",12506
"SECURITY SUBSYSTEM","YAMA SECURITY MODULE",580
"SLEEPABLE READ-COPY UPDATE (SRCU)","SLEEPABLE READ-COPY UPDATE (SRCU)",2970
"SONICS SILICON BACKPLANE DRIVER (SSB)","SONICS SILICON BACKPLANE DRIVER (SSB)",12208
"SONY MEMORYSTICK SUBSYSTEM","RICOH R5C592 MEMORYSTICK DRIVER",1066
"SONY MEMORYSTICK SUBSYSTEM","SONY MEMORYSTICK SUBSYSTEM",9484
"SONY MEMORYSTICK SUBSYSTEM","TI FLASH MEDIA MEMORYSTICK/MMC DRIVERS",2719
"SOUND","AD1889 ALSA SOUND DRIVER",1115
"SOUND","ALLWINNER DMIC DRIVERS",524
"SOUND","ANALOG DEVICES INC ASOC CODEC DRIVERS",15409
"SOUND","AOA (Apple Onboard Audio) ALSA DRIVER",7508
"SOUND","ARM PRIMECELL AACI PL041 DRIVER",1334
"SOUND","ARM/Amlogic Meson SoC Sound Drivers",9871
"SOUND","ARM/APPLE MACHINE SOUND DRIVERS",2071
"SOUND","BT87X AUDIO DRIVER",1008
"SOUND","C-MEDIA CMI8788 DRIVER",9857
"SOUND","CIRRUS LOGIC AUDIO CODEC DRIVERS",66993
"SOUND","CIRRUS LOGIC MADERA CODEC DRIVERS",38689
"SOUND","CS5535 Audio ALSA driver",1228
"SOUND","EDIROL UA-101/UA-1000 DRIVER",1357
"SOUND","FIREWIRE AUDIO DRIVERS and IEC 61883-1/6 PACKET STREAMING ENGINE",32005
"SOUND","FOCUSRITE SCARLETT2 MIXER DRIVER (Scarlett Gen 2+ and Clarett)",9703
"SOUND","FREESCALE SOC SOUND DRIVERS",25950
"SOUND","FREESCALE SOC SOUND QMC DRIVER",853
"SOUND","HARMONY SOUND DRIVER",1142
"SOUND","INFINEON PEB2466 ASoC CODEC",2162
"SOUND","INTEL ASoC DRIVERS",80786
"SOUND","IRON DEVICE AUDIO CODEC DRIVERS",2477
"SOUND","MAX9860 MONO AUDIO VOICE CODEC DRIVER",922
"SOUND","NATIVE INSTRUMENTS USB SOUND INTERFACE DRIVER",3264
"SOUND","NXP SGTL5000 DRIVER",2360
"SOUND","NXP TFA9879 DRIVER",564
"SOUND","NXP/Goodix TFA989X (TFA1) DRIVER",524
"SOUND","OMAP AUDIO SUPPORT",5910
"SOUND","OPL4 DRIVER",2495
"SOUND","QCOM AUDIO (ASoC) DRIVERS",61755
"SOUND","REALTEK AUDIO CODECS",108684
"SOUND","RENESAS IDT821034 ASoC CODEC",1253
"SOUND","ROCKCHIP I2S TDM DRIVER",2020
"SOUND","ROCKCHIP RK3308 INTERNAL AUDIO CODEC",1651
"SOUND","SAMSUNG AUDIO (ASoC) DRIVERS",9506
"SOUND","SOCIONEXT UNIPHIER SOUND DRIVER",4880
"SOUND","SOUND",1603803
"SOUND","SOUND - ALSA SELFTESTS",2772
"SOUND","SOUND - COMPRESSED AUDIO",3002
"SOUND","SOUND - CORE KUNIT TEST",313
"SOUND","SOUND - DMAENGINE HELPERS",1154
"SOUND","SOUND - SOC LAYER / DYNAMIC AUDIO POWER MANAGEMENT (ASoC)",1029482
"SOUND","SOUND - SOUND OPEN FIRMWARE (SOF) DRIVERS",53796
"SOUND","STARFIVE JH7110 PWMDAC DRIVER",604
"SOUND","STARFIVE JH7110 TDM DRIVER",767
"SOUND","STI AUDIO (ASoC) DRIVERS",3687
"SOUND","STM32 AUDIO (ASoC) DRIVERS",5742
"SOUND","TEMPO SEMICONDUCTOR DRIVERS",10067
"SOUND","TEXAS INSTRUMENTS ASoC DRIVERS",12281
"SOUND","TEXAS INSTRUMENTS AUDIO (ASoC/HDA) DRIVERS",29859
"SOUND","TI LM49xxx FAMILY ASoC CODEC DRIVERS",3131
"SOUND","TI PCM3060 ASoC CODEC DRIVER",584
"SOUND","TI TAS571X FAMILY ASoC CODEC DRIVER",1082
"SOUND","TI TWL4030 SERIES SOC CODEC DRIVER",2222
"SOUND","USB MIDI DRIVER",3920
"SOUND","VIRTIO SOUND DRIVER",4026
"SOUND","VIRTUAL PCM TEST DRIVER",1229
"SOUND","WOLFSON MICROELECTRONICS DRIVERS",167900
"SOUND","XEN SOUND FRONTEND DRIVER",2445
"SOUND","XTENSA XTFPGA PLATFORM SUPPORT",801
"SOUND - SOC LAYER / dapm-graph","SOUND - SOC LAYER / dapm-graph",303
"SPARC + UltraSPARC (sparc/sparc64)","ALPHA PORT",55108
"SPARC + UltraSPARC (sparc/sparc64)","ATOMIC INFRASTRUCTURE",8626
"SPARC + UltraSPARC (sparc/sparc64)","AUDIT SUBSYSTEM",10673
"SPARC + UltraSPARC (sparc/sparc64)","BITOPS API",6709
"SPARC + UltraSPARC (sparc/sparc64)","BPF JIT for SPARC (32-BIT AND 64-BIT)",2713
"SPARC + UltraSPARC (sparc/sparc64)","C-SKY ARCHITECTURE",16505
"SPARC + UltraSPARC (sparc/sparc64)","GENERIC INCLUDE/ASM HEADER FILES",16816
"SPARC + UltraSPARC (sparc/sparc64)","GENERIC VDSO LIBRARY",1175
"SPARC + UltraSPARC (sparc/sparc64)","MICROBLAZE ARCHITECTURE",15060
"SPARC + UltraSPARC (sparc/sparc64)","MMU GATHER AND TLB INVALIDATION",2115
"SPARC + UltraSPARC (sparc/sparc64)","NIOS2 ARCHITECTURE",10125
"SPARC + UltraSPARC (sparc/sparc64)","OPENRISC ARCHITECTURE",12131
"SPARC + UltraSPARC (sparc/sparc64)","PTRACE SUPPORT",21948
"SPARC + UltraSPARC (sparc/sparc64)","QUALCOMM HEXAGON ARCHITECTURE",10600
"SPARC + UltraSPARC (sparc/sparc64)","SPARC + UltraSPARC (sparc/sparc64)",136125
"SPARC + UltraSPARC (sparc/sparc64)","SRM (Alpha) environment access",218
"SPARC + UltraSPARC (sparc/sparc64)","STATIC BRANCH/CALL",4006
"SPARC + UltraSPARC (sparc/sparc64)","SUPERH",96816
"SPARC + UltraSPARC (sparc/sparc64)","TENSILICA XTENSA PORT (xtensa)",36030
"SPARSE CHECKER","SPARSE CHECKER",301
"SPEAKUP CONSOLE SPEECH DRIVER","SPEAKUP CONSOLE SPEECH DRIVER",12507
"SPI SUBSYSTEM","AIROHA SPI SNFI DRIVER",1194
"SPI SUBSYSTEM","AMD SPI DRIVER",556
"SPI SUBSYSTEM","ARM PRIMECELL SSP PL022 SPI DRIVER",2304
"SPI SUBSYSTEM","ASPEED SMC SPI DRIVER",1286
"SPI SUBSYSTEM","AXI SPI ENGINE",751
"SPI SUBSYSTEM","BROADCOM BCM6348/BCM6358 SPI controller DRIVER",737
"SPI SUBSYSTEM","BROADCOM Broadband SoC High Speed SPI Controller DRIVER",1741
"SPI SUBSYSTEM","BROADCOM SPI DRIVER",2231
"SPI SUBSYSTEM","FREESCALE DSPI DRIVER",1558
"SPI SUBSYSTEM","FREESCALE QUAD SPI DRIVER",1106
"SPI SUBSYSTEM","FSI-ATTACHED SPI DRIVER",631
"SPI SUBSYSTEM","HISILICON SPI Controller DRIVER FOR KUNPENG SOCS",551
"SPI SUBSYSTEM","HISILICON V3XX SPI NOR FLASH Controller Driver",547
"SPI SUBSYSTEM","LOONGSON SPI DRIVER",476
"SPI SUBSYSTEM","MICROCHIP SPI DRIVER",1791
"SPI SUBSYSTEM","NXP FSPI DRIVER",1423
"SPI SUBSYSTEM","SAMSUNG SPI DRIVERS",1973
"SPI SUBSYSTEM","SOCIONEXT (SNI) Synquacer SPI DRIVER",901
"SPI SUBSYSTEM","SPI SUBSYSTEM",126261
"SPI SUBSYSTEM","ST STM32 SPI DRIVER",2361
"SPI SUBSYSTEM","SUNPLUS SPI CONTROLLER INTERFACE DRIVER",655
"SPI SUBSYSTEM","SYNOPSYS DESIGNWARE APB SSI DRIVER",3242
"SPI SUBSYSTEM","TEGRA QUAD SPI DRIVER",1734
"SPI SUBSYSTEM","TEGRA SPI DRIVER",5096
"SPMI SUBSYSTEM","HISILICON SPMI CONTROLLER DRIVER FOR HIKEY 970",419
"SPMI SUBSYSTEM","SPMI SUBSYSTEM",4369
"STARFIVE JH7110 SYSCON","STARFIVE JH7110 SYSCON",93
"STARFIVE JH7110 SYSCON","STARFIVE SOC DRIVERS",93
"SYNOPSYS ARC ARCHITECTURE","BPF JIT for ARC",4600
"SYNOPSYS ARC ARCHITECTURE","SYNOPSYS ARC ARCHITECTURE",33403
"SYNOPSYS ARC ARCHITECTURE","SYNOPSYS ARC SDP platform support",1298
"TDA827x MEDIA DRIVER","TDA827x MEDIA DRIVER",927
"TDA827x MEDIA DRIVER","TDA8290 MEDIA DRIVER",927
"TEE SUBSYSTEM","OP-TEE DRIVER",6364
"TEE SUBSYSTEM","TEE SUBSYSTEM",11857
"TEE SUBSYSTEM","TRUSTED SERVICES TEE DRIVER",657
"THERMAL","ALLWINNER THERMAL DRIVER",916
"THERMAL","AMAZON ANNAPURNA LABS THERMAL MMIO DRIVER",148
"THERMAL","LOONGSON-2 SOC SERIES THERMAL DRIVER",283
"THERMAL","MARVELL MVEBU THERMAL DRIVER",984
"THERMAL","QUALCOMM TSENS THERMAL DRIVER",5313
"THERMAL","RENESAS R-CAR THERMAL DRIVERS",1511
"THERMAL","SAMSUNG THERMAL DRIVER",1384
"THERMAL","THERMAL",63572
"THERMAL","THERMAL DRIVER FOR AMLOGIC SOCS",403
"THERMAL","THERMAL/CPU_COOLING",1347
"THERMAL","THERMAL/POWER_ALLOCATOR",1158
"THERMAL","TI BANDGAP AND THERMAL DRIVER",3677
"THUNDERBOLT DRIVER","THUNDERBOLT DMA TRAFFIC TEST DRIVER",760
"THUNDERBOLT DRIVER","THUNDERBOLT DRIVER",38560
"TRUSTED SECURITY MODULE (TSM) ATTESTATION REPORTS","TRUSTED SECURITY MODULE (TSM) ATTESTATION REPORTS",576
"TTY LAYER AND SERIAL DRIVERS","ALTERA UART/JTAG UART SERIAL DRIVERS",1170
"TTY LAYER AND SERIAL DRIVERS","ARM PRIMECELL UART PL010 AND PL011 DRIVERS",4042
"TTY LAYER AND SERIAL DRIVERS","ARM/CIRRUS LOGIC CLPS711X ARM ARCHITECTURE",2639
"TTY LAYER AND SERIAL DRIVERS","ARM/CONEXANT DIGICOLOR MACHINE SUPPORT",2396
"TTY LAYER AND SERIAL DRIVERS","ARM/RDA MICRO ARCHITECTURE",1868
"TTY LAYER AND SERIAL DRIVERS","BROADCOM BRCMSTB UART DRIVER",1330
"TTY LAYER AND SERIAL DRIVERS","DZ DECSTATION DZ11 SERIAL DRIVER",1076
"TTY LAYER AND SERIAL DRIVERS","EPAPR HYPERVISOR BYTE CHANNEL DEVICE DRIVER",820
"TTY LAYER AND SERIAL DRIVERS","FREESCALE QUICC ENGINE UCC UART DRIVER",1531
"TTY LAYER AND SERIAL DRIVERS","HYPERVISOR VIRTUAL CONSOLE DRIVER",8249
"TTY LAYER AND SERIAL DRIVERS","IPWIRELESS DRIVER",3617
"TTY LAYER AND SERIAL DRIVERS","JSM Neo PCI based serial card",3887
"TTY LAYER AND SERIAL DRIVERS","MARVELL ARMADA 3700 SERIAL DRIVER",1644
"TTY LAYER AND SERIAL DRIVERS","MICROCHIP AT91 SERIAL DRIVER",3405
"TTY LAYER AND SERIAL DRIVERS","MICROCHIP PCIe UART DRIVER",819
"TTY LAYER AND SERIAL DRIVERS","MOXA SMARTIO/INDUSTIO/INTELLIO SERIAL CARD",2136
"TTY LAYER AND SERIAL DRIVERS","ROCKETPORT EXPRESS/INFINITY DRIVER",843
"TTY LAYER AND SERIAL DRIVERS","RPMSG TTY DRIVER",288
"TTY LAYER AND SERIAL DRIVERS","SERIAL DEVICE BUS",1742
"TTY LAYER AND SERIAL DRIVERS","SPARC SERIAL DRIVERS",7068
"TTY LAYER AND SERIAL DRIVERS","SUNPLUS UART DRIVER",823
"TTY LAYER AND SERIAL DRIVERS","SYNOPSYS DESIGNWARE 8250 UART DRIVER",1581
"TTY LAYER AND SERIAL DRIVERS","TEGRA SERIAL DRIVER",1704
"TTY LAYER AND SERIAL DRIVERS","TTY LAYER AND SERIAL DRIVERS",200907
"TTY LAYER AND SERIAL DRIVERS","XILINX UARTLITE SERIAL DRIVER",949
"TTY LAYER AND SERIAL DRIVERS","ZS DECSTATION Z85C30 SERIAL DRIVER",1593
"TURBOCHANNEL SUBSYSTEM","TURBOCHANNEL SUBSYSTEM",467
"UNICODE SUBSYSTEM","UNICODE SUBSYSTEM",8875
"UNIFDEF","UNIFDEF",1225
"USB SUBSYSTEM","ALCATEL SPEEDTOUCH USB DRIVER",2275
"USB SUBSYSTEM","AMD GEODE CS5536 USB DEVICE CONTROLLER DRIVER",877
"USB SUBSYSTEM","BROADCOM BCM63XX/BCM33XX UDC DRIVER",2380
"USB SUBSYSTEM","BROADCOM BDC DRIVER",4397
"USB SUBSYSTEM","BROADCOM BRCMSTB USB EHCI DRIVER",339
"USB SUBSYSTEM","CADENCE USB3 DRD IP DRIVER",9918
"USB SUBSYSTEM","CADENCE USBHS DRIVER",4815
"USB SUBSYSTEM","CADENCE USBSSP DRD IP DRIVER",11411
"USB SUBSYSTEM","CHIPIDEA USB HIGH SPEED DUAL ROLE CONTROLLER",10105
"USB SUBSYSTEM","CONEXANT ACCESSRUNNER USB DRIVER",1378
"USB SUBSYSTEM","DESIGNWARE USB2 DRD IP DRIVER",25852
"USB SUBSYSTEM","DESIGNWARE USB3 DRD IP DRIVER",19997
"USB SUBSYSTEM","FARADAY FOTG210 USB2 DUAL-ROLE CONTROLLER",8221
"USB SUBSYSTEM","FREESCALE USB PERIPHERAL DRIVERS",6386
"USB SUBSYSTEM","FREESCALE USB PHY DRIVER",1393
"USB SUBSYSTEM","IKANOS/ADI EAGLE ADSL USB DRIVER",2754
"USB SUBSYSTEM","LEGO USB Tower driver",879
"USB SUBSYSTEM","MEDIATEK USB3 DRD IP DRIVER",9836
"USB SUBSYSTEM","MICROCHIP USB251XB DRIVER",1027
"USB SUBSYSTEM","MICROTEK X6 SCANNER",859
"USB SUBSYSTEM","MUSB MULTIPOINT HIGH SPEED DUAL-ROLE CONTROLLER",20496
"USB SUBSYSTEM","OMAP USB SUPPORT",3758
"USB SUBSYSTEM","ONBOARD USB HUB DRIVER",559
"USB SUBSYSTEM","QUALCOMM TYPEC PORT MANAGER DRIVER",2061
"USB SUBSYSTEM","RENESAS RZ/N1 USBF CONTROLLER DRIVER",3459
"USB SUBSYSTEM","SIS USB2VGA DRIVER",4117
"USB SUBSYSTEM","STARFIVE JH71X0 USB DRIVERS",359
"USB SUBSYSTEM","ULPI BUS",599
"USB SUBSYSTEM","USB ACM DRIVER",2361
"USB SUBSYSTEM","USB APPLE MFI FASTCHARGE DRIVER",241
"USB SUBSYSTEM","USB ATTACHED SCSI",1286
"USB SUBSYSTEM","USB CHAOSKEY DRIVER",583
"USB SUBSYSTEM","USB CYPRESS C67X00 DRIVER",2645
"USB SUBSYSTEM","USB EHCI DRIVER",15101
"USB SUBSYSTEM","USB INTEL XHCI ROLE MUX DRIVER",227
"USB SUBSYSTEM","USB ISP116X DRIVER",2324
"USB SUBSYSTEM","USB ISP1760 DRIVER",5885
"USB SUBSYSTEM","USB MASS STORAGE DRIVER",23317
"USB SUBSYSTEM","USB OHCI DRIVER",10809
"USB SUBSYSTEM","USB OTG FSM (Finite State Machine)",452
"USB SUBSYSTEM","USB OVER IP DRIVER",15672
"USB SUBSYSTEM","USB PRINTER DRIVER (usblp)",1474
"USB SUBSYSTEM","USB RAW GADGET DRIVER",1726
"USB SUBSYSTEM","USB SERIAL SUBSYSTEM",60348
"USB SUBSYSTEM","USB SUBSYSTEM",625462
"USB SUBSYSTEM","USB TYPEC BUS FOR ALTERNATE MODES",1289
"USB SUBSYSTEM","USB TYPEC CLASS",38561
"USB SUBSYSTEM","USB TYPEC INTEL PMC MUX DRIVER",1005
"USB SUBSYSTEM","USB TYPEC PI3USB30532 MUX DRIVER",190
"USB SUBSYSTEM","USB TYPEC PORT CONTROLLER DRIVERS",15167
"USB SUBSYSTEM","USB UHCI DRIVER",5217
"USB SUBSYSTEM","USB WEBCAM GADGET",7729
"USB SUBSYSTEM","USB XHCI DRIVER",30439
"USB SUBSYSTEM","XEN PVUSB DRIVER",2016
"USERSPACE I/O (UIO)","GENERIC UIO DRIVER FOR PCI DEVICES",149
"USERSPACE I/O (UIO)","USERSPACE I/O (UIO)",4874
"UTIL-LINUX PACKAGE","UTIL-LINUX PACKAGE",0
"V4L2 LENS DRIVERS","ASAHI KASEI AK7375 LENS VOICE COIL DRIVER",411
"V4L2 LENS DRIVERS","DONGWOON DW9714 LENS VOICE COIL DRIVER",364
"V4L2 LENS DRIVERS","DONGWOON DW9719 LENS VOICE COIL DRIVER",350
"V4L2 LENS DRIVERS","DONGWOON DW9768 LENS VOICE COIL DRIVER",656
"V4L2 LENS DRIVERS","DONGWOON DW9807 LENS VOICE COIL DRIVER",362
"V4L2 LENS DRIVERS","V4L2 LENS DRIVERS",3119
"VFIO DRIVER","IBM Power VFIO Support",1374
"VFIO DRIVER","VFIO CDX DRIVER",640
"VFIO DRIVER","VFIO DRIVER",33108
"VFIO DRIVER","VFIO FSL-MC DRIVER",872
"VFIO DRIVER","VFIO HISILICON PCI DRIVER",1580
"VFIO DRIVER","VFIO MEDIATED DEVICE DRIVERS",5713
"VFIO DRIVER","VFIO MLX5 PCI DRIVER",3492
"VFIO DRIVER","VFIO NVIDIA GRACE GPU DRIVER",901
"VFIO DRIVER","VFIO PCI DEVICE SPECIFIC DRIVERS",9453
"VFIO DRIVER","VFIO PDS PCI DRIVER",2268
"VFIO DRIVER","VFIO PLATFORM DRIVER",1838
"VFIO DRIVER","VFIO QAT PCI DRIVER",717
"VFIO DRIVER","VFIO VIRTIO PCI DRIVER",574
"VIRT LIB","VIRT LIB",271
"VIRTIO CORE AND NET DRIVERS","Intel VIRTIO DATA PATH ACCELERATOR",1467
"VIRTIO CORE AND NET DRIVERS","MELLANOX MLX5 VDPA DRIVER",5320
"VIRTIO CORE AND NET DRIVERS","PDS DSC VIRTIO DATA PATH ACCELERATOR",1590
"VIRTIO CORE AND NET DRIVERS","SNET DPU VIRTIO DATA PATH ACCELERATOR",1872
"VIRTIO CORE AND NET DRIVERS","VIRTIO BALLOON",1761
"VIRTIO CORE AND NET DRIVERS","VIRTIO BLOCK AND SCSI DRIVERS",3314
"VIRTIO CORE AND NET DRIVERS","VIRTIO CORE AND NET DRIVERS",55189
"VIRTIO CORE AND NET DRIVERS","VIRTIO CRYPTO DRIVER",2889
"VIRTIO CORE AND NET DRIVERS","VIRTIO INPUT DRIVER",489
"VIRTIO CORE AND NET DRIVERS","VIRTIO MEM DRIVER",3280
"VIRTIO HOST (VHOST)","VIRTIO HOST (VHOST-SCSI)",2658
"VIRTIO HOST (VHOST)","VIRTIO HOST (VHOST)",13240
"VIRTUAL BOX GUEST DEVICE DRIVER","VIRTUAL BOX GUEST DEVICE DRIVER",4751
"VIRTUAL BOX SHARED FOLDER VFS DRIVER","VIRTUAL BOX SHARED FOLDER VFS DRIVER",3371
"W1 DALLAS'S 1-WIRE BUS","AMD AXI W1 DRIVER",440
"W1 DALLAS'S 1-WIRE BUS","W1 DALLAS'S 1-WIRE BUS",16165
"WATCHDOG DEVICE DRIVERS","ARM SMC WATCHDOG DRIVER",227
"WATCHDOG DEVICE DRIVERS","CHROMEOS EC WATCHDOG",204
"WATCHDOG DEVICE DRIVERS","HEWLETT PACKARD ENTERPRISE ILO NMI WATCHDOG DRIVER",513
"WATCHDOG DEVICE DRIVERS","MEN A21 WATCHDOG DRIVER",228
"WATCHDOG DEVICE DRIVERS","MEN Z069 WATCHDOG DRIVER",166
"WATCHDOG DEVICE DRIVERS","REALTEK OTTO WATCHDOG",462
"WATCHDOG DEVICE DRIVERS","SC1200 WDT DRIVER",475
"WATCHDOG DEVICE DRIVERS","SIEMENS IPC WATCHDOG DRIVERS",232
"WATCHDOG DEVICE DRIVERS","SL28 CPLD MFD DRIVER",1236
"WATCHDOG DEVICE DRIVERS","STARFIVE WATCHDOG DRIVER",704
"WATCHDOG DEVICE DRIVERS","SUNPLUS WATCHDOG DRIVER",254
"WATCHDOG DEVICE DRIVERS","WATCHDOG DEVICE DRIVERS",69227
"WATCHDOG DEVICE DRIVERS","WINSYSTEMS EBC-C384 WATCHDOG DRIVER",142
"WATCHDOG DEVICE DRIVERS","XILINX WATCHDOG DRIVER",624
"X86 PLATFORM DRIVERS","ACER ASPIRE ONE TEMPERATURE AND FAN DRIVER",792
"X86 PLATFORM DRIVERS","ACER WMI LAPTOP EXTRAS",2913
"X86 PLATFORM DRIVERS","ACPI QUICKSTART DRIVER",246
"X86 PLATFORM DRIVERS","ACPI SERIAL MULTI INSTANTIATE DRIVER",402
"X86 PLATFORM DRIVERS","ACPI WMI DRIVER",2318
"X86 PLATFORM DRIVERS","ADVANTECH SWBTN DRIVER",119
"X86 PLATFORM DRIVERS","ALIENWARE WMI DRIVER",842
"X86 PLATFORM DRIVERS","AMD HSMP DRIVER",1489
"X86 PLATFORM DRIVERS","AMD PMC DRIVER",1829
"X86 PLATFORM DRIVERS","AMD PMF DRIVER",3842
"X86 PLATFORM DRIVERS","ASUS NOTEBOOKS AND EEEPC ACPI/WMI EXTRAS DRIVERS",10494
"X86 PLATFORM DRIVERS","ASUS TF103C DOCK DRIVER",943
"X86 PLATFORM DRIVERS","ASUS WIRELESS RADIO CONTROL DRIVER",198
"X86 PLATFORM DRIVERS","BARCO P50 GPIO DRIVER",436
"X86 PLATFORM DRIVERS","CMPC ACPI DRIVER",1141
"X86 PLATFORM DRIVERS","COMPAL LAPTOP SUPPORT",1113
"X86 PLATFORM DRIVERS","DELL LAPTOP DRIVER",2363
"X86 PLATFORM DRIVERS","DELL LAPTOP FREEFALL DRIVER",192
"X86 PLATFORM DRIVERS","DELL LAPTOP RBTN DRIVER",513
"X86 PLATFORM DRIVERS","DELL REMOTE BIOS UPDATE DRIVER",677
"X86 PLATFORM DRIVERS","DELL SMBIOS DRIVER",1253
"X86 PLATFORM DRIVERS","DELL SMBIOS SMM DRIVER",154
"X86 PLATFORM DRIVERS","DELL SMBIOS WMI DRIVER",552
"X86 PLATFORM DRIVERS","DELL SYSTEMS MANAGEMENT BASE DRIVER (dcdbas)",997
"X86 PLATFORM DRIVERS","DELL WMI DDV DRIVER",1231
"X86 PLATFORM DRIVERS","DELL WMI DESCRIPTOR DRIVER",205
"X86 PLATFORM DRIVERS","DELL WMI HARDWARE PRIVACY SUPPORT",401
"X86 PLATFORM DRIVERS","DELL WMI NOTIFICATIONS DRIVER",837
"X86 PLATFORM DRIVERS","DELL WMI SYSMAN DRIVER",2457
"X86 PLATFORM DRIVERS","FUJITSU LAPTOP EXTRAS",1148
"X86 PLATFORM DRIVERS","FUJITSU TABLET EXTRAS",541
"X86 PLATFORM DRIVERS","GIGABYTE WMI DRIVER",164
"X86 PLATFORM DRIVERS","GPD POCKET FAN DRIVER",224
"X86 PLATFORM DRIVERS","HARD DRIVE ACTIVE PROTECTION SYSTEM (HDAPS) DRIVER",627
"X86 PLATFORM DRIVERS","HP BIOSCFG DRIVER",4654
"X86 PLATFORM DRIVERS","HP COMPAQ TC1100 TABLET WMI EXTRAS DRIVER",263
"X86 PLATFORM DRIVERS","IDEAPAD LAPTOP EXTRAS DRIVER",2096
"X86 PLATFORM DRIVERS","INTEL ATOMISP2 DUMMY / POWER-MANAGEMENT DRIVER",143
"X86 PLATFORM DRIVERS","INTEL ATOMISP2 LED DRIVER",117
"X86 PLATFORM DRIVERS","INTEL BIOS SAR INT1092 DRIVER",422
"X86 PLATFORM DRIVERS","INTEL HID EVENT DRIVER",792
"X86 PLATFORM DRIVERS","INTEL IN FIELD SCAN (IFS) DEVICE",1517
"X86 PLATFORM DRIVERS","INTEL ISHTP ECLITE DRIVER",703
"X86 PLATFORM DRIVERS","INTEL P-Unit IPC DRIVER",437
"X86 PLATFORM DRIVERS","INTEL PMC CORE DRIVER",6161
"X86 PLATFORM DRIVERS","INTEL PMT DRIVERS",1304
"X86 PLATFORM DRIVERS","INTEL SCU DRIVERS",1133
"X86 PLATFORM DRIVERS","INTEL SDSI DRIVER",1852
"X86 PLATFORM DRIVERS","INTEL SKYLAKE INT3472 ACPI DEVICE DRIVER",1520
"X86 PLATFORM DRIVERS","INTEL SPEED SELECT TECHNOLOGY",11338
"X86 PLATFORM DRIVERS","INTEL TELEMETRY DRIVER",2765
"X86 PLATFORM DRIVERS","INTEL TPMI DRIVER",934
"X86 PLATFORM DRIVERS","INTEL UNCORE FREQUENCY CONTROL",1282
"X86 PLATFORM DRIVERS","INTEL VENDOR SPECIFIC EXTENDED CAPABILITIES DRIVER",623
"X86 PLATFORM DRIVERS","INTEL VIRTUAL BUTTON DRIVER",411
"X86 PLATFORM DRIVERS","INTEL WMI SLIM BOOTLOADER (SBL) FIRMWARE UPDATE DRIVER",140
"X86 PLATFORM DRIVERS","INTEL WMI THUNDERBOLT FORCE POWER DRIVER",74
"X86 PLATFORM DRIVERS","LG LAPTOP EXTRAS",932
"X86 PLATFORM DRIVERS","MELLANOX PLATFORM DRIVER",6664
"X86 PLATFORM DRIVERS","MSI EC DRIVER",1485
"X86 PLATFORM DRIVERS","MSI LAPTOP SUPPORT",1149
"X86 PLATFORM DRIVERS","MSI WMI PLATFORM FEATURES",636
"X86 PLATFORM DRIVERS","MSI WMI SUPPORT",347
"X86 PLATFORM DRIVERS","NVIDIA WMI EC BACKLIGHT DRIVER",219
"X86 PLATFORM DRIVERS","PANASONIC LAPTOP ACPI EXTRAS DRIVER",1093
"X86 PLATFORM DRIVERS","PC ENGINES APU BOARD DRIVER",294
"X86 PLATFORM DRIVERS","SAMSUNG LAPTOP DRIVER",1658
"X86 PLATFORM DRIVERS","SIEMENS IPC PLATFORM DRIVERS",882
"X86 PLATFORM DRIVERS","SILEAD TOUCHSCREEN DRIVER",2726
"X86 PLATFORM DRIVERS","SONY VAIO CONTROL DEVICE DRIVER",6666
"X86 PLATFORM DRIVERS","SYSTEM76 ACPI DRIVER",823
"X86 PLATFORM DRIVERS","THINKPAD ACPI EXTRAS DRIVER",11855
"X86 PLATFORM DRIVERS","THINKPAD LMI DRIVER",2366
"X86 PLATFORM DRIVERS","TOPSTAR LAPTOP EXTRAS DRIVER",399
"X86 PLATFORM DRIVERS","TOSHIBA ACPI EXTRAS DRIVER",3648
"X86 PLATFORM DRIVERS","TOSHIBA BLUETOOTH DRIVER",296
"X86 PLATFORM DRIVERS","TOSHIBA HDD ACTIVE PROTECTION SENSOR DRIVER",264
"X86 PLATFORM DRIVERS","TOSHIBA WMI HOTKEYS DRIVER",137
"X86 PLATFORM DRIVERS","UV SYSFS DRIVER",932
"X86 PLATFORM DRIVERS","WMI BINARY MOF DRIVER",137
"X86 PLATFORM DRIVERS","X86 PLATFORM ANDROID TABLETS DSDT FIXUP DRIVER",3101
"X86 PLATFORM DRIVERS","X86 PLATFORM DRIVERS",134541
"Z8530 DRIVER FOR AX.25","HIGH-SPEED SCC DRIVER FOR AX.25",2175
"Z8530 DRIVER FOR AX.25","Z8530 DRIVER FOR AX.25",3107
