"c_representative","c_section","c_size"
"8250/16?50 (AND CLONE UARTS) SERIAL DRIVER","8250/16?50 (AND CLONE UARTS) SERIAL DRIVER",227
"A64FX DIAG DRIVER","A64FX DIAG DRIVER",151
"ABI/API","ABI/API",1731
"ACPI","ACPI",211338
"ACPI","ACPI APEI",6232
"ACPI","ACPI COMPONENT ARCHITECTURE (ACPICA)",117057
"ACPI","ACPI FOR ARM64 (ACPI/arm64)",3677
"ACPI","ACPI PMIC DRIVERS",2493
"ACPI","ACPI THERMAL DRIVER",1618
"ACPI","ACPI VIOT DRIVER",394
"ACPI","LIBNVDIMM BTT: BLOCK TRANSLATION TABLE",2324
"ACPI","LIBNVDIMM PMEM: PERSISTENT MEMORY DRIVER",811
"ACPI","LIBNVDIMM: DEVICETREE BINDINGS",162
"ACPI","LIBNVDIMM: NON-VOLATILE MEMORY DEVICE SUBSYSTEM",26563
"ACPI","PSTORE FILESYSTEM",8018
"ACPI","VIRTIO PMEM DRIVER",323
"ADDRESS SPACE LAYOUT RANDOMIZATION (ASLR)","ADDRESS SPACE LAYOUT RANDOMIZATION (ASLR)",0
"AMD SEATTLE DEVICE TREE SUPPORT","AMD SEATTLE DEVICE TREE SUPPORT",1347
"AMD SEATTLE DEVICE TREE SUPPORT","ARM/AMD PENSANDO ARM64 ARCHITECTURE",629
"ARM PMU PROFILING AND DEBUGGING","ALIBABA PMU DRIVER",928
"ARM PMU PROFILING AND DEBUGGING","AMLOGIC DDR PMU DRIVER",1162
"ARM PMU PROFILING AND DEBUGGING","APPLIED MICRO (APM) X-GENE SOC PMU",2146
"ARM PMU PROFILING AND DEBUGGING","ARM INTERCONNECT PMU DRIVERS",4086
"ARM PMU PROFILING AND DEBUGGING","ARM PMU PROFILING AND DEBUGGING",50616
"ARM PMU PROFILING AND DEBUGGING","COMPUTE EXPRESS LINK PMU (CPMU)",1051
"ARM PMU PROFILING AND DEBUGGING","HISILICON HNS3 PMU DRIVER",1810
"ARM PMU PROFILING AND DEBUGGING","HISILICON PMU DRIVER",9593
"ARM PMU PROFILING AND DEBUGGING","MARVELL PEM PMU DRIVER",425
"ARM PMU PROFILING AND DEBUGGING","RISC-V PMU DRIVERS",2176
"ARM PMU PROFILING AND DEBUGGING","STARFIVE STARLINK PMU DRIVER",734
"ARM PMU PROFILING AND DEBUGGING","SYNOPSYS DESIGNWARE PCIE PMU DRIVER",983
"ARM PORT","ARM MFM AND FLOPPY DRIVERS",110
"ARM PORT","ARM PORT",290898
"ARM PORT","ARM SUB-ARCHITECTURES",151304
"ARM PORT","ARM/CALXEDA HIGHBANK ARCHITECTURE",884
"ARM PORT","ARM/FARADAY FA526 PORT",613
"ARM PORT","ARM/FOOTBRIDGE ARCHITECTURE",2866
"ARM PORT","ARM/HP JORNADA 7XX MACHINE SUPPORT",408
"ARM PORT","ARM/Marvell Dove/MV78xx0/Orion SOC support",17252
"ARM PORT","ARM/Orion SoC/Technologic Systems TS-78xx platform support",616
"ARM PORT","ARM/VFP SUPPORT",4135
"ARM PORT","BPF JIT for ARM",2577
"ARM PORT","CPUIDLE DRIVER - ARM EXYNOS",498
"ARM PORT","LEGO MINDSTORMS EV3",754
"ARM PORT","MMP SUPPORT",2408
"ARM PORT","OMAP CLOCK FRAMEWORK SUPPORT",6842
"ARM PORT","OMAP HWMOD DATA",6111
"ARM PORT","OMAP HWMOD SUPPORT",10733
"ARM PORT","OMAP I2C DRIVER",1742
"ARM PORT","OMAP POWER MANAGEMENT SUPPORT",3313
"ARM PORT","OMAP POWERDOMAIN SOC ADAPTATION LAYER SUPPORT",4843
"ARM PORT","OMAP1 SUPPORT",14974
"ARM PORT","OMAP2+ SUPPORT",75268
"ARM PORT","PCMCIA SUBSYSTEM",22434
"ARM PORT","PXA2xx/PXA3xx SUPPORT",27949
"ARM PORT","TI DAVINCI MACHINE SUPPORT",5723
"ARM PORT","XEN HYPERVISOR ARM",1160
"ARM/CIRRUS LOGIC BK3 MACHINE SUPPORT","ARM/CIRRUS LOGIC BK3 MACHINE SUPPORT",0
"ARM/CLKDEV SUPPORT","ARM/CLKDEV SUPPORT",418
"ARM/CORESIGHT FRAMEWORK AND DRIVERS","ARM/CORESIGHT FRAMEWORK AND DRIVERS",50631
"ARM/CORESIGHT FRAMEWORK AND DRIVERS","HARDWARE TRACING FACILITIES",46636
"ARM/CORESIGHT FRAMEWORK AND DRIVERS","HISILICON PTT DRIVER",2723
"ARM/CORESIGHT FRAMEWORK AND DRIVERS","INTEL(R) TRACE HUB",6375
"ARM/CORESIGHT FRAMEWORK AND DRIVERS","SYSTEM TRACE MODULE CLASS",3398
"ARM/GUMSTIX MACHINE SUPPORT","ARM/GUMSTIX MACHINE SUPPORT",0
"ARM/INTEL XSC3 (MANZANO) ARM CORE","ARM/INTEL XSC3 (MANZANO) ARM CORE",0
"ARM/Mediatek SoC support","AAEON UPBOARD FPGA MFD DRIVER",1575
"ARM/Mediatek SoC support","AMLOGIC PINCTRL DRIVER",1248
"ARM/Mediatek SoC support","ARM/BITMAIN ARCHITECTURE",2944
"ARM/Mediatek SoC support","ARM/Mediatek SoC support",635853
"ARM/Mediatek SoC support","ARM/Mediatek USB3 PHY DRIVER",7212
"ARM/Mediatek SoC support","ARM/NUVOTON MA35 ARCHITECTURE",8376
"ARM/Mediatek SoC support","ARM/NUVOTON WPCM450 ARCHITECTURE",3031
"ARM/Mediatek SoC support","ARM/NXP S32G ARCHITECTURE",4931
"ARM/Mediatek SoC support","ARM/UNIPHIER ARCHITECTURE",37595
"ARM/Mediatek SoC support","ASPEED PINCTRL DRIVERS",11160
"ARM/Mediatek SoC support","BROADCOM BCM4908 PINMUX DRIVER",637
"ARM/Mediatek SoC support","CANAAN/KENDRYTE K210 SOC FPIOA DRIVER",1157
"ARM/Mediatek SoC support","CYPRESS CY8C95X0 PINCTRL DRIVER",1519
"ARM/Mediatek SoC support","DRM DRIVERS FOR MEDIATEK",25809
"ARM/Mediatek SoC support","LOONGSON-2 SOC SERIES PINCTRL DRIVER",435
"ARM/Mediatek SoC support","MEDIATEK ETHERNET DRIVER",17593
"ARM/Mediatek SoC support","MEDIATEK IOMMU DRIVER",5748
"ARM/Mediatek SoC support","MEDIATEK JPEG DRIVER",3949
"ARM/Mediatek SoC support","MEDIATEK MIPI-CSI CDPHY DRIVER",435
"ARM/Mediatek SoC support","MEDIATEK MT6735 CLOCK & RESET DRIVERS",1288
"ARM/Mediatek SoC support","MEDIATEK MT76 WIRELESS LAN DRIVER",115785
"ARM/Mediatek SoC support","MEDIATEK MT7601U WIRELESS LAN DRIVER",7798
"ARM/Mediatek SoC support","MEDIATEK MT7621 CLOCK DRIVER",663
"ARM/Mediatek SoC support","MEDIATEK MT7621 PHY PCI DRIVER",400
"ARM/Mediatek SoC support","PIN CONTROL SUBSYSTEM",630662
"ARM/Mediatek SoC support","PIN CONTROLLER - AIROHA",3433
"ARM/Mediatek SoC support","PIN CONTROLLER - AMD",1299
"ARM/Mediatek SoC support","PIN CONTROLLER - FREESCALE",17998
"ARM/Mediatek SoC support","PIN CONTROLLER - INTEL",17184
"ARM/Mediatek SoC support","PIN CONTROLLER - KEEMBAY",1719
"ARM/Mediatek SoC support","PIN CONTROLLER - MEDIATEK",76404
"ARM/Mediatek SoC support","PIN CONTROLLER - MEDIATEK MIPS",3282
"ARM/Mediatek SoC support","PIN CONTROLLER - QUALCOMM",94494
"ARM/Mediatek SoC support","PIN CONTROLLER - RENESAS",127509
"ARM/Mediatek SoC support","PIN CONTROLLER - SAMSUNG",7844
"ARM/Mediatek SoC support","PIN CONTROLLER - SINGLE",2001
"ARM/Mediatek SoC support","PIN CONTROLLER - SUNPLUS / TIBBO",2505
"ARM/Mediatek SoC support","RASPBERRY PI RP1 PCI DRIVER",4870
"ARM/Mediatek SoC support","SPEAR PLATFORM/CLOCK/PINCTRL SUPPORT",21682
"ARM/Mediatek SoC support","STARFIVE JH71X0 PINCTRL DRIVERS",4044
"ARM/Microchip (AT91) SoC support","ARM/Microchip (AT91) SoC support",141234
"ARM/Microchip (AT91) SoC support","ARM/TEXAS INSTRUMENT KEYSTONE RESET DRIVER",161
"ARM/Microchip (AT91) SoC support","ATM",33081
"ARM/Microchip (AT91) SoC support","AXENTIA ARM DEVICES",983
"ARM/Microchip (AT91) SoC support","AXENTIA ASOC DRIVERS",527
"ARM/Microchip (AT91) SoC support","DRM DRIVERS FOR ATMEL HLCDC",3669
"ARM/Microchip (AT91) SoC support","MICROCHIP AT91 USART MFD DRIVER",285
"ARM/Microchip (AT91) SoC support","MICROCHIP AT91 USART SPI DRIVER",861
"ARM/Microchip (AT91) SoC support","MICROCHIP AUDIO ASOC DRIVERS",10840
"ARM/Microchip (AT91) SoC support","MICROCHIP ECC DRIVER",415
"ARM/Microchip (AT91) SoC support","MICROCHIP ISI DRIVER",1506
"ARM/Microchip (AT91) SoC support","MICROCHIP LCDFB DRIVER",1503
"ARM/Microchip (AT91) SoC support","MICROCHIP SAMA5D2-COMPATIBLE SHUTDOWN CONTROLLER",578
"ARM/Microchip (AT91) SoC support","MICROCHIP SSC DRIVER",723
"ARM/Microchip (AT91) SoC support","MICROCHIP USBA UDC DRIVER",2840
"ARM/Microchip (AT91) SoC support","PIN CONTROLLER - MICROCHIP AT91",3532
"ARM/Microchip (AT91) SoC support","SYSTEM RESET/SHUTDOWN DRIVERS",7703
"ARM/Microchip (AT91) SoC support","TORADEX EMBEDDED CONTROLLER DRIVER",202
"ARM/STM32 ARCHITECTURE","ARM/NXP S32G/S32R DWMAC ETHERNET DRIVER",291
"ARM/STM32 ARCHITECTURE","ARM/SOCFPGA DWMAC GLUE LAYER",694
"ARM/STM32 ARCHITECTURE","ARM/SOCFPGA DWMAC GLUE LAYER BINDINGS",227
"ARM/STM32 ARCHITECTURE","ARM/STM32 ARCHITECTURE",286800
"ARM/STM32 ARCHITECTURE","ATHEROS ATH GENERIC UTILITIES",4333
"ARM/STM32 ARCHITECTURE","ATHEROS ATH6KL WIRELESS DRIVER",30862
"ARM/STM32 ARCHITECTURE","DRM DRIVERS FOR STM",4785
"ARM/STM32 ARCHITECTURE","INTEL WIRELESS WIFI LINK (iwlwifi)",180317
"ARM/STM32 ARCHITECTURE","MEDIA DRIVERS FOR STM32 - CSI",1265
"ARM/STM32 ARCHITECTURE","MEDIA DRIVERS FOR STM32 - DCMI / DCMIPP",5513
"ARM/STM32 ARCHITECTURE","QUALCOMM ATHEROS ATH10K WIRELESS DRIVER",85893
"ARM/STM32 ARCHITECTURE","QUALCOMM ETHQOS ETHERNET DRIVER",997
"ARM/STM32 ARCHITECTURE","QUALCOMM WCN36XX WIRELESS DRIVER",13886
"ARM/STM32 ARCHITECTURE","RENESAS RZ/N1 DWMAC GLUE LAYER",168
"ARM/STM32 ARCHITECTURE","RENESAS RZ/V2H(P) DWMAC GBETH GLUE LAYER DRIVER",538
"ARM/STM32 ARCHITECTURE","ST STM32 FIREWALL",1276
"ARM/STM32 ARCHITECTURE","ST STM32 HDP PINCTRL DRIVER",913
"ARM/STM32 ARCHITECTURE","ST STM32 OCTO MEMORY MANAGER",696
"ARM/STM32 ARCHITECTURE","ST STM32 PINCTRL DRIVER",18021
"ARM/STM32 ARCHITECTURE","STARFIVE DWMAC GLUE LAYER",341
"ARM/STM32 ARCHITECTURE","STM32 AUDIO (ASoC) DRIVERS",6258
"ARM/STM32 ARCHITECTURE","STM32MP25 USB3/PCIE COMBOPHY DRIVER",724
"ARM/STM32 ARCHITECTURE","STMMAC ETHERNET DRIVER",45573
"ARM/STM32 ARCHITECTURE","TI WILINK WIRELESS DRIVERS",45009
"ARM/ZYNQ ARCHITECTURE","ARM/ZYNQ ARCHITECTURE",100576
"ARM/ZYNQ ARCHITECTURE","DRM DRIVERS FOR XILINX",6107
"ARM/ZYNQ ARCHITECTURE","MICROBLAZE TMR INJECT",219
"ARM/ZYNQ ARCHITECTURE","MICROBLAZE TMR MANAGER",283
"ARM/ZYNQ ARCHITECTURE","XILINX AMS DRIVER",1686
"ARM/ZYNQ ARCHITECTURE","XILINX AXI ETHERNET DRIVER",4511
"ARM/ZYNQ ARCHITECTURE","XILINX EVENT MANAGEMENT DRIVER",766
"ARM/ZYNQ ARCHITECTURE","XILINX LL TEMAC ETHERNET DRIVER",2207
"ARM/ZYNQ ARCHITECTURE","XILINX SD-FEC IP CORES",2334
"ARM/ZYNQ ARCHITECTURE","XILINX SOUND DRIVERS",1552
"ARM/ZYNQ ARCHITECTURE","XILINX TRNG DRIVER",430
"ARM/ZYNQ ARCHITECTURE","XILINX VIDEO IP CORES",4963
"ARM/ZYNQ ARCHITECTURE","XILINX XDMA DRIVER",1542
"ARM/ZYNQ ARCHITECTURE","XILINX ZYNQMP DPDMA DRIVER",1967
"ARM/ZYNQ ARCHITECTURE","XILINX ZYNQMP PSGTR PHY DRIVER",1195
"ARM/ZYNQ ARCHITECTURE","XILINX ZYNQMP SHA3 DRIVER",258
"ARM64 PLATFORM DRIVERS","ARM64 PLATFORM DRIVERS",2412
"ARM64 PLATFORM DRIVERS","HUAWEI MATEBOOK E GO EMBEDDED CONTROLLER DRIVER",2203
"ARM64 PLATFORM DRIVERS","THINKPAD T14S EMBEDDED CONTROLLER DRIVER",712
"ARM64 PORT (AARCH64 ARCHITECTURE)","ARM64 FIT SUPPORT",392
"ARM64 PORT (AARCH64 ARCHITECTURE)","ARM64 PORT (AARCH64 ARCHITECTURE)",197763
"ARM64 PORT (AARCH64 ARCHITECTURE)","BPF JIT for ARM64",3534
"ARM64 PORT (AARCH64 ARCHITECTURE)","KERNEL VIRTUAL MACHINE FOR ARM64 (KVM/arm64)",81095
"ARM64 PORT (AARCH64 ARCHITECTURE)","XEN HYPERVISOR ARM64",174
"ATHEROS ATH5K WIRELESS DRIVER","ATHEROS ATH5K WIRELESS DRIVER",27020
"AUXILIARY DISPLAY DRIVERS","AUXILIARY DISPLAY DRIVERS",8305
"AUXILIARY DISPLAY DRIVERS","CFAG12864B LCD DRIVER",419
"AUXILIARY DISPLAY DRIVERS","CFAG12864BFB LCD FRAMEBUFFER DRIVER",220
"AUXILIARY DISPLAY DRIVERS","HT16K33 LED CONTROLLER DRIVER",888
"AUXILIARY DISPLAY DRIVERS","IMGTEC ASCII LCD DRIVER",354
"AUXILIARY DISPLAY DRIVERS","KS0108 LCD CONTROLLER DRIVER",256
"AUXILIARY DISPLAY DRIVERS","PARALLEL LCD/KEYPAD PANEL DRIVER",1733
"B43 WIRELESS DRIVER","B43 WIRELESS DRIVER",56703
"B43LEGACY WIRELESS DRIVER","B43LEGACY WIRELESS DRIVER",14616
"BCACHE (BLOCK LAYER CACHE)","BCACHE (BLOCK LAYER CACHE)",18292
"BCACHEFS","BCACHEFS",0
"BLOCK LAYER","ATA OVER ETHERNET (AOE) DRIVER",3971
"BLOCK LAYER","BFQ I/O SCHEDULER",12640
"BLOCK LAYER","BLOCK LAYER",176848
"BLOCK LAYER","BSG (block layer generic sg v4 driver)",363
"BLOCK LAYER","CONTROL GROUP - BLOCK IO CONTROLLER (BLKIO)",10513
"BLOCK LAYER","DRBD DRIVER",34002
"BLOCK LAYER","FLOPPY DRIVER",5031
"BLOCK LAYER","GUID PARTITION TABLE (GPT)",871
"BLOCK LAYER","LOGICAL DISK MANAGER SUPPORT (LDM, Windows 2000/XP/Vista Dynamic Disks)",1801
"BLOCK LAYER","NETWORK BLOCK DEVICE (NBD)",2998
"BLOCK LAYER","RADOS BLOCK DEVICE (RBD)",7720
"BLOCK LAYER","RAMDISK RAM BLOCK DEVICE DRIVER",597
"BLOCK LAYER","RNBD BLOCK DRIVERS",4549
"BLOCK LAYER","SECURE ENCRYPTING DEVICE (SED) OPAL DRIVER",4162
"BLOCK LAYER","UBLK USERSPACE BLOCK DRIVER",9874
"BLOCK LAYER","XEN BLOCK SUBSYSTEM",5794
"BLOCK LAYER","XEN HYPERVISOR INTERFACE",54667
"BLOCK LAYER","XEN PVSCSI DRIVERS",3466
"BLOCK LAYER","XEN SWIOTLB SUBSYSTEM",492
"BLOCK LAYER","ZONED BLOCK DEVICE (BLOCK LAYER)",2571
"BLOCK LAYER","ZONED LOOP DEVICE",1689
"BLOCK LAYER","ZRAM COMPRESSED RAM BLOCK DEVICE DRVIER",5286
"BLUETOOTH DRIVERS","AMLOGIC BLUETOOTH DRIVER",817
"BLUETOOTH DRIVERS","BLUETOOTH DRIVERS",49038
"BLUETOOTH DRIVERS","MEDIATEK BLUETOOTH DRIVER",1132
"BLUETOOTH DRIVERS","NXP BLUETOOTH WIRELESS DRIVERS",2140
"BLUETOOTH DRIVERS","QUALCOMM BLUETOOTH DRIVER",4250
"BPF [MISC]","BPF [MISC]",0
"BROADCOM BCM2711/BCM2835 ARM ARCHITECTURE","BROADCOM BCM2711/BCM2835 ARM ARCHITECTURE",55466
"BROADCOM BCM2711/BCM2835 ARM ARCHITECTURE","BROADCOM BCM2835 CAMERA DRIVERS",3130
"BROADCOM BCM2711/BCM2835 ARM ARCHITECTURE","BROADCOM BCM7XXX ARM ARCHITECTURE",15710
"BROADCOM BCM2711/BCM2835 ARM ARCHITECTURE","BROADCOM BRCMSTB I2C DRIVER",848
"BROADCOM BCM2711/BCM2835 ARM ARCHITECTURE","BROADCOM BRCMSTB USB PIN MAP DRIVER",429
"BROADCOM BCM2711/BCM2835 ARM ARCHITECTURE","BROADCOM STB DPFE DRIVER",993
"BROADCOM BCM2711/BCM2835 ARM ARCHITECTURE","BROADCOM STB PCIE DRIVER",2448
"BROADCOM BCM2711/BCM2835 ARM ARCHITECTURE","RASPBERRY PI PISP BACK END",3906
"BROADCOM BCM2711/BCM2835 ARM ARCHITECTURE","RASPBERRY PI PISP CAMERA FRONT END",4738
"BROADCOM BRCM80211 IEEE802.11 WIRELESS DRIVERS","BROADCOM BRCM80211 IEEE802.11 WIRELESS DRIVERS",116444
"BROADCOM SPECIFIC AMBA DRIVER (BCMA)","BROADCOM SPECIFIC AMBA DRIVER (BCMA)",8201
"CAN NETWORK DRIVERS","BXCAN CAN NETWORK DRIVER",1197
"CAN NETWORK DRIVERS","CAN NETWORK DRIVERS",89958
"CAN NETWORK DRIVERS","CTU CAN FD DRIVER",2494
"CAN NETWORK DRIVERS","ELM327 CAN NETWORK DRIVER",1472
"CAN NETWORK DRIVERS","EMS CPC-PCI CAN DRIVER",431
"CAN NETWORK DRIVERS","ESD CAN NETWORK DRIVERS",1661
"CAN NETWORK DRIVERS","ESD CAN/USB DRIVERS",1398
"CAN NETWORK DRIVERS","ETAS ES58X CAN/USB DRIVER",4834
"CAN NETWORK DRIVERS","FINTEK F81604 USB to 2xCANBUS DEVICE DRIVER",1204
"CAN NETWORK DRIVERS","MCAN DEVICE DRIVER",4357
"CAN NETWORK DRIVERS","MCBA MICROCHIP CAN BUS ANALYZER TOOL DRIVER",913
"CAN NETWORK DRIVERS","MCP251XFD SPI-CAN NETWORK DRIVER",6612
"CAN NETWORK DRIVERS","ROCKCHIP CAN-FD DRIVER",2253
"CAN NETWORK DRIVERS","SLCAN CAN NETWORK DRIVER",1040
"CAN NETWORK DRIVERS","XILINX CAN DRIVER",2286
"CAN NETWORK LAYER","CAN NETWORK LAYER",16666
"CAN NETWORK LAYER","CAN-J1939 NETWORK LAYER",6270
"CARL9170 LINUX COMMUNITY WIRELESS DRIVER","CARL9170 LINUX COMMUNITY WIRELESS DRIVER",13755
"CEPH COMMON CODE (LIBCEPH)","CEPH COMMON CODE (LIBCEPH)",31123
"CHAR and MISC DRIVERS","AD525X ANALOG DEVICES DIGITAL POTENTIOMETERS DRIVER",762
"CHAR and MISC DRIVERS","AT24 EEPROM DRIVER",1110
"CHAR and MISC DRIVERS","BROADCOM VK DRIVER",4514
"CHAR and MISC DRIVERS","CHAR and MISC DRIVERS",151148
"CHAR and MISC DRIVERS","DESIGNWARE XDATA IP DRIVER",485
"CHAR and MISC DRIVERS","DOUBLETALK DRIVER",749
"CHAR and MISC DRIVERS","GENWQE (IBM Generic Workqueue Card)",6778
"CHAR and MISC DRIVERS","HEWLETT PACKARD ENTERPRISE ILO CHIF DRIVER",1141
"CHAR and MISC DRIVERS","HIKEY960 ONBOARD USB GPIO HUB DRIVER",275
"CHAR and MISC DRIVERS","HPET:	High Precision Event Timers driver",1205
"CHAR and MISC DRIVERS","IBM Power Virtual Management Channel Driver",2628
"CHAR and MISC DRIVERS","INTEL MANAGEMENT ENGINE (mei)",22256
"CHAR and MISC DRIVERS","LINUX KERNEL DUMP TEST MODULE (LKDTM)",3987
"CHAR and MISC DRIVERS","LIS3LV02D ACCELEROMETER DRIVER",2534
"CHAR and MISC DRIVERS","MARVELL OCTEON CN10K DPI DRIVER",676
"CHAR and MISC DRIVERS","MICROCHIP LAN966X PCI DRIVER",392
"CHAR and MISC DRIVERS","MICROCHIP PCI1XXXX GP DRIVER",1172
"CHAR and MISC DRIVERS","NITRO SECURE MODULE (NSM)",536
"CHAR and MISC DRIVERS","NTSYNC SYNCHRONIZATION PRIMITIVE DRIVER",3005
"CHAR and MISC DRIVERS","OCXL (Open Coherent Accelerator Processor Interface OpenCAPI) DRIVER",5942
"CHAR and MISC DRIVERS","PC8736x GPIO DRIVER",352
"CHAR and MISC DRIVERS","POWERNV OPERATOR PANEL LCD DISPLAY DRIVER",224
"CHAR and MISC DRIVERS","QUALCOMM FASTRPC DRIVER",2822
"CHAR and MISC DRIVERS","RPMB SUBSYSTEM",393
"CHAR and MISC DRIVERS","SCx200 GPIO DRIVER",221
"CHAR and MISC DRIVERS","SENSABLE PHANTOM",614
"CHAR and MISC DRIVERS","SGI GRU DRIVER",6946
"CHAR and MISC DRIVERS","SGI XP/XPC/XPNET DRIVER",6698
"CHAR and MISC DRIVERS","TELECOM CLOCK DRIVER FOR MCPL0010",924
"CHAR and MISC DRIVERS","TI FPC202 DUAL PORT CONTROLLER",529
"CHAR and MISC DRIVERS","TOSHIBA SMM DRIVER",599
"CHAR and MISC DRIVERS","UACCE ACCELERATOR FRAMEWORK",1101
"CHAR and MISC DRIVERS","VIRTIO CONSOLE DRIVER",2309
"CHAR and MISC DRIVERS","VMWARE BALLOON DRIVER",1920
"CHAR and MISC DRIVERS","VMWARE VMCI DRIVER",10009
"CHAR and MISC DRIVERS","XILLYBUS DRIVER",4978
"CHECKPATCH","CHECKPATCH",7882
"CHROMEOS EC SUBDRIVERS","CHROME HARDWARE PLATFORM SUPPORT",20554
"CHROMEOS EC SUBDRIVERS","CHROMEOS EC CHARGE CONTROL",337
"CHROMEOS EC SUBDRIVERS","CHROMEOS EC CODEC DRIVER",1142
"CHROMEOS EC SUBDRIVERS","CHROMEOS EC HARDWARE MONITORING",628
"CHROMEOS EC SUBDRIVERS","CHROMEOS EC SUBDRIVERS",33169
"CHROMEOS EC SUBDRIVERS","CHROMEOS EC UART DRIVER",357
"CHROMEOS EC SUBDRIVERS","CHROMEOS EC USB PD NOTIFY DRIVER",298
"CHROMEOS EC SUBDRIVERS","CHROMEOS EC USB TYPE-C DRIVER",2467
"CHROMEOS EC SUBDRIVERS","CHROMEOS HPS DRIVER",160
"CIRRUS LOGIC DSP FIRMWARE DRIVER","CIRRUS LOGIC DSP FIRMWARE DRIVER",21476
"CLANG CONTROL FLOW INTEGRITY SUPPORT","CLANG CONTROL FLOW INTEGRITY SUPPORT",201
"CLANG-FORMAT FILE","CLANG-FORMAT FILE",805
"CLK API","CLK API",1235
"CLOCKSOURCE, CLOCKEVENT DRIVERS","ARM ARCHITECTED TIMER DRIVER",2093
"CLOCKSOURCE, CLOCKEVENT DRIVERS","ARM/TEXAS INSTRUMENT KEYSTONE CLOCKSOURCE",226
"CLOCKSOURCE, CLOCKEVENT DRIVERS","CLOCKSOURCE, CLOCKEVENT DRIVERS",37688
"CLOCKSOURCE, CLOCKEVENT DRIVERS","ECONET MIPS PLATFORM",931
"CLOCKSOURCE, CLOCKEVENT DRIVERS","REALTEK SYSTIMER DRIVER",150
"CLOCKSOURCE, CLOCKEVENT DRIVERS","SCx200 HRT CLOCKSOURCE DRIVER",90
"COMEDI DRIVERS","COMEDI DRIVERS",133757
"COMMON INTERNET FILE SYSTEM CLIENT (CIFS and SMB3)","COMMON INTERNET FILE SYSTEM CLIENT (CIFS and SMB3)",85723
"COMMON INTERNET FILE SYSTEM CLIENT (CIFS and SMB3)","KERNEL SMB3 SERVER (KSMBD)",35798
"COMPILER ATTRIBUTES","COMPILER ATTRIBUTES",412
"CONTEXT TRACKING","CONTEXT TRACKING",1102
"CONTROL GROUP (CGROUP)","CONTROL GROUP - CPUSET",8198
"CONTROL GROUP (CGROUP)","CONTROL GROUP - DEVICE MEMORY CONTROLLER (DMEM)",896
"CONTROL GROUP (CGROUP)","CONTROL GROUP (CGROUP)",38114
"COUNTER SUBSYSTEM","ACCES 104-QUAD-8 DRIVER",1363
"COUNTER SUBSYSTEM","COUNTER SUBSYSTEM",11805
"COUNTER SUBSYSTEM","COUNTER WATCH EVENTS TOOL",411
"COUNTER SUBSYSTEM","FLEXTIMER FTM-QUADDEC DRIVER",366
"COUNTER SUBSYSTEM","INTEL 8254 COUNTER DRIVER",468
"COUNTER SUBSYSTEM","INTEL QUADRATURE ENCODER PERIPHERAL DRIVER",522
"COUNTER SUBSYSTEM","INTERRUPT COUNTER DRIVER",327
"COUNTER SUBSYSTEM","Microchip Timer Counter Block (TCB) Capture Driver",648
"COUNTER SUBSYSTEM","RENESAS RZ/G2L MTU3a COUNTER DRIVER",1212
"COUNTER SUBSYSTEM","STM32 TIMER/LPTIMER DRIVERS",4129
"COUNTER SUBSYSTEM","TI ENHANCED CAPTURE (eCAP) DRIVER",671
"COUNTER SUBSYSTEM","TI ENHANCED QUADRATURE ENCODER PULSE (eQEP) DRIVER",661
"CPU FREQUENCY SCALING FRAMEWORK","ALLWINNER CPUFREQ DRIVER",506
"CPU FREQUENCY SCALING FRAMEWORK","AMD PSTATE DRIVER",3604
"CPU FREQUENCY SCALING FRAMEWORK","BROADCOM BMIPS CPUFREQ DRIVER",186
"CPU FREQUENCY SCALING FRAMEWORK","BROADCOM STB AVS CPUFREQ DRIVER",859
"CPU FREQUENCY SCALING FRAMEWORK","CPU FREQUENCY DRIVERS - VEXPRESS SPC ARM BIG LITTLE",575
"CPU FREQUENCY SCALING FRAMEWORK","CPU FREQUENCY DRIVERS - VIRTUAL MACHINE CPUFREQ",332
"CPU FREQUENCY SCALING FRAMEWORK","CPU FREQUENCY SCALING FRAMEWORK",50725
"CPU FREQUENCY SCALING FRAMEWORK","INTEL PSTATE DRIVER",3945
"CPU FREQUENCY SCALING FRAMEWORK","QUALCOMM CPUFREQ DRIVER MSM8996/APQ8096",1203
"CPU IDLE TIME MANAGEMENT FRAMEWORK","CPU IDLE TIME MANAGEMENT FRAMEWORK",10793
"CPU IDLE TIME MANAGEMENT FRAMEWORK","CPUIDLE DRIVER - ARM BIG LITTLE",224
"CPU IDLE TIME MANAGEMENT FRAMEWORK","CPUIDLE DRIVER - ARM PSCI",492
"CPU IDLE TIME MANAGEMENT FRAMEWORK","CPUIDLE DRIVER - ARM PSCI PM DOMAIN",205
"CPU IDLE TIME MANAGEMENT FRAMEWORK","CPUIDLE DRIVER - DT IDLE PM DOMAIN",253
"CPU IDLE TIME MANAGEMENT FRAMEWORK","CPUIDLE DRIVER - RISC-V SBI",579
"CPU POWER MONITORING SUBSYSTEM","CPU POWER MONITORING SUBSYSTEM",19280
"CRYPTO API","ALLWINNER CRYPTO DRIVERS",7652
"CRYPTO API","AMD CRYPTOGRAPHIC COPROCESSOR (CCP) DRIVER",18310
"CRYPTO API","AMD CRYPTOGRAPHIC COPROCESSOR (CCP) DRIVER - DBC SUPPORT",1262
"CRYPTO API","AMD CRYPTOGRAPHIC COPROCESSOR (CCP) DRIVER - HSTI SUPPORT",155
"CRYPTO API","AMD CRYPTOGRAPHIC COPROCESSOR (CCP) DRIVER - SEV SUPPORT",4712
"CRYPTO API","ARM/Amlogic Meson SoC Crypto Drivers",943
"CRYPTO API","ARM/ARTPEC MACHINE SUPPORT",6766
"CRYPTO API","ARM/CORTINA SYSTEMS GEMINI ARM ARCHITECTURE",11065
"CRYPTO API","ARM/INTEL IXP4XX ARM ARCHITECTURE",11590
"CRYPTO API","ASPEED CRYPTO DRIVER",3323
"CRYPTO API","ASYMMETRIC KEYS",6869
"CRYPTO API","ASYMMETRIC KEYS - ECDSA",2686
"CRYPTO API","ASYMMETRIC KEYS - GOST",533
"CRYPTO API","ASYMMETRIC KEYS - RSA",1468
"CRYPTO API","ASYNCHRONOUS TRANSFERS/TRANSFORMS (IOAT) API",2587
"CRYPTO API","CAVIUM OCTEON-TX CRYPTO DRIVER",4195
"CRYPTO API","CCREE ARM TRUSTZONE CRYPTOCELL REE DRIVER",11665
"CRYPTO API","CRYPTO API",472739
"CRYPTO API","CRYPTOGRAPHIC RANDOM NUMBER GENERATOR",230
"CRYPTO API","CXGB4 CRYPTO DRIVER (chcr)",5634
"CRYPTO API","FREESCALE CAAM (Cryptographic Acceleration and Assurance Module) DRIVER",28783
"CRYPTO API","GEMINI CRYPTO DRIVER",1336
"CRYPTO API","HISILICON HIGH PERFORMANCE RSA ENGINE DRIVER (HPRE)",3939
"CRYPTO API","HISILICON QM DRIVER",6980
"CRYPTO API","HISILICON SECURITY ENGINE V2 DRIVER (SEC2)",5172
"CRYPTO API","HISILICON TRUE RANDOM NUMBER GENERATOR V2 SUPPORT",339
"CRYPTO API","HISILICON ZIP Controller DRIVER",2879
"CRYPTO API","IBM Power VMX Cryptographic instructions",5323
"CRYPTO API","INSIDE SECURE CRYPTO DRIVER",13990
"CRYPTO API","INSIDE SECURE EIP93 CRYPTO DRIVER",4136
"CRYPTO API","INTEL IAA CRYPTO DRIVER",3384
"CRYPTO API","INTEL IXP4XX CRYPTO SUPPORT",1605
"CRYPTO API","INTEL KEEM BAY OCS AES/SM4 CRYPTO DRIVER",3452
"CRYPTO API","INTEL KEEM BAY OCS ECC CRYPTO DRIVER",1154
"CRYPTO API","INTEL KEEM BAY OCS HCU CRYPTO DRIVER",2357
"CRYPTO API","MARVELL CRYPTO DRIVER",21257
"CRYPTO API","PCRYPT PARALLEL CRYPTO ENGINE",426
"CRYPTO API","QAT DRIVER",40433
"CRYPTO API","QUALCOMM CRYPTO DRIVERS",3834
"CRYPTO API","ROCKCHIP CRYPTO DRIVERS",1946
"CRYPTO API","SAMSUNG EXYNOS PSEUDO RANDOM NUMBER GENERATOR (RNG) DRIVER",444
"CRYPTO API","SAMSUNG S5P Security SubSystem (SSS) DRIVER",2434
"CRYPTO API","STARFIVE CRYPTO DRIVER",3185
"CRYPTO API","TEGRA CRYPTO DRIVERS",4432
"CRYPTO API","TI DATA TRANSFORM AND HASHING ENGINE (DTHE) V2 CRYPTO DRIVER",932
"CRYPTO SPEED TEST COMPARE","CRYPTO SPEED TEST COMPARE",190
"CW1200 WLAN driver","CW1200 WLAN driver",13566
"DEVICE DEPENDENCY HELPER SCRIPT","DEVICE DEPENDENCY HELPER SCRIPT",315
"DEVICE DIRECT ACCESS (DAX)","DEVICE DIRECT ACCESS (DAX)",3721
"DEVICE FREQUENCY (DEVFREQ)","BUS FREQUENCY DRIVER FOR SAMSUNG EXYNOS",825
"DEVICE FREQUENCY (DEVFREQ)","DEVICE FREQUENCY (DEVFREQ)",11319
"DEVICE FREQUENCY (DEVFREQ)","DEVICE FREQUENCY EVENT (DEVFREQ-EVENT)",3177
"DEVICE FREQUENCY (DEVFREQ)","MEMORY FREQUENCY SCALING DRIVERS FOR NVIDIA TEGRA",978
"DEVICE RESOURCE MANAGEMENT HELPERS","DEVICE RESOURCE MANAGEMENT HELPERS",79
"DIBS (DIRECT INTERNAL BUFFER SHARING)","DIBS (DIRECT INTERNAL BUFFER SHARING)",1186
"DISK GEOMETRY AND PARTITION HANDLING","DISK GEOMETRY AND PARTITION HANDLING",0
"DISTRIBUTED LOCK MANAGER (DLM)","DISTRIBUTED LOCK MANAGER (DLM)",19623
"DMA BUFFER SHARING FRAMEWORK","DMA BUFFER SHARING FRAMEWORK",13339
"DMA BUFFER SHARING FRAMEWORK","DMA-BUF HEAPS FRAMEWORK",1854
"DMA BUFFER SHARING FRAMEWORK","SYNC FILE FRAMEWORK",3334
"DMA BUFFER SHARING FRAMEWORK","USERSPACE DMA BUFFER DRIVER",605
"DMA GENERIC OFFLOAD ENGINE SUBSYSTEM","ALTERA MSGDMA IP CORE DRIVER",1028
"DMA GENERIC OFFLOAD ENGINE SUBSYSTEM","AMD AE4DMA DRIVER",425
"DMA GENERIC OFFLOAD ENGINE SUBSYSTEM","AMD PTDMA DRIVER",1702
"DMA GENERIC OFFLOAD ENGINE SUBSYSTEM","AMD QDMA DRIVER",1516
"DMA GENERIC OFFLOAD ENGINE SUBSYSTEM","ANALOG DEVICES INC DMA DRIVERS",1192
"DMA GENERIC OFFLOAD ENGINE SUBSYSTEM","ARM/MILBEAUT ARCHITECTURE",3529
"DMA GENERIC OFFLOAD ENGINE SUBSYSTEM","DESIGNWARE EDMA CORE IP DRIVER",3499
"DMA GENERIC OFFLOAD ENGINE SUBSYSTEM","DMA GENERIC OFFLOAD ENGINE SUBSYSTEM",177102
"DMA GENERIC OFFLOAD ENGINE SUBSYSTEM","FREESCALE DMA DRIVER",1707
"DMA GENERIC OFFLOAD ENGINE SUBSYSTEM","FREESCALE eDMA DRIVER",2954
"DMA GENERIC OFFLOAD ENGINE SUBSYSTEM","HISILICON DMA DRIVER",1053
"DMA GENERIC OFFLOAD ENGINE SUBSYSTEM","INTEL IDXD DRIVER",9992
"DMA GENERIC OFFLOAD ENGINE SUBSYSTEM","LOONGSON-2 APB DMA DRIVER",767
"DMA GENERIC OFFLOAD ENGINE SUBSYSTEM","LPC32XX DMAMUX SUPPORT",49
"DMA GENERIC OFFLOAD ENGINE SUBSYSTEM","MEDIATEK DMA DRIVER",2865
"DMA GENERIC OFFLOAD ENGINE SUBSYSTEM","MICROCHIP AT91 DMA DRIVERS",4899
"DMA GENERIC OFFLOAD ENGINE SUBSYSTEM","OPEN FIRMWARE AND FLATTENED DEVICE TREE",41052
"DMA GENERIC OFFLOAD ENGINE SUBSYSTEM","PLX DMA DRIVER",635
"DMA GENERIC OFFLOAD ENGINE SUBSYSTEM","QUALCOMM HIDMA DRIVER",2792
"DMA GENERIC OFFLOAD ENGINE SUBSYSTEM","STM32 DMA DRIVERS",6838
"DMA GENERIC OFFLOAD ENGINE SUBSYSTEM","SYNOPSYS DESIGNWARE AXI DMAC DRIVER",2257
"DMA GENERIC OFFLOAD ENGINE SUBSYSTEM","SYNOPSYS DESIGNWARE DMAC DRIVER",3485
"DMA GENERIC OFFLOAD ENGINE SUBSYSTEM","TEGRA DMA DRIVERS",4474
"DMA GENERIC OFFLOAD ENGINE SUBSYSTEM","TEXAS INSTRUMENTS DMA DRIVERS",17559
"DMA MAPPING HELPERS","DMA MAPPING BENCHMARK",567
"DMA MAPPING HELPERS","DMA MAPPING HELPERS",9211
"DMI/SMBIOS SUPPORT","DMI/SMBIOS SUPPORT",1659
"DOCUMENTATION","802.11 (including CFG80211/NL80211)",79146
"DOCUMENTATION","ACRN HYPERVISOR SERVICE MODULE",3590
"DOCUMENTATION","AFFS FILE SYSTEM",4960
"DOCUMENTATION","ARM AND ARM64 SoC SUB-ARCHITECTURES (COMMON PARTS)",317
"DOCUMENTATION","AUTOFDO BUILD",192
"DOCUMENTATION","BEFS FILE SYSTEM",3996
"DOCUMENTATION","BFS FILE SYSTEM",1312
"DOCUMENTATION","BPF [DOCUMENTATION] (Related to Standardization)",836
"DOCUMENTATION","CACHEFILES: FS-CACHE BACKEND FOR CACHING ON MOUNTED FILESYSTEMS",6184
"DOCUMENTATION","CEPH DISTRIBUTED FILE SYSTEM CLIENT (CEPH)",35504
"DOCUMENTATION","CERTIFICATE HANDLING",2190
"DOCUMENTATION","CHECKPATCH DOCUMENTATION",1285
"DOCUMENTATION","CHINESE DOCUMENTATION",56100
"DOCUMENTATION","CLANG/LLVM BUILD SUPPORT",872
"DOCUMENTATION","COCCINELLE/Semantic Patches (SmPL)",9164
"DOCUMENTATION","CODA FILE SYSTEM",6235
"DOCUMENTATION","CODE OF CONDUCT",336
"DOCUMENTATION","COMPUTE EXPRESS LINK (CXL)",34270
"DOCUMENTATION","CRAMFS FILESYSTEM",1476
"DOCUMENTATION","CREDENTIALS",1740
"DOCUMENTATION","CVE ASSIGNMENT CONTACT",121
"DOCUMENTATION","DEVICE-MAPPER  (LVM)",101746
"DOCUMENTATION","DEVICE-MAPPER PCACHE TARGET",5458
"DOCUMENTATION","DEVICE-MAPPER VDO TARGET",53601
"DOCUMENTATION","DISKQUOTA",7335
"DOCUMENTATION","DOCUMENTATION",776067
"DOCUMENTATION","DOCUMENTATION PROCESS",28827
"DOCUMENTATION","DOCUMENTATION REPORTING ISSUES",5248
"DOCUMENTATION","DOCUMENTATION SCRIPTS",8029
"DOCUMENTATION","DOCUMENTATION/ITALIAN",17441
"DOCUMENTATION","DOCUMENTATION/JAPANESE",1930
"DOCUMENTATION","DYNAMIC INTERRUPT MODERATION",1252
"DOCUMENTATION","ECRYPT FILE SYSTEM",10098
"DOCUMENTATION","EXT2 FILE SYSTEM",10427
"DOCUMENTATION","EXT4 FILE SYSTEM",74127
"DOCUMENTATION","FAULT INJECTION SUPPORT",1658
"DOCUMENTATION","FILESYSTEMS [IOMAP]",6193
"DOCUMENTATION","FILESYSTEMS [NETFS LIBRARY]",15668
"DOCUMENTATION","FSCRYPT: FILE SYSTEM LEVEL ENCRYPTION SUPPORT",9344
"DOCUMENTATION","FSVERITY: READ-ONLY FILE-BASED AUTHENTICITY PROTECTION",3650
"DOCUMENTATION","GCC PLUGINS",3526
"DOCUMENTATION","GCOV BASED KERNEL PROFILING",2368
"DOCUMENTATION","GFS2 FILE SYSTEM",33754
"DOCUMENTATION","HSI SUBSYSTEM",7739
"DOCUMENTATION","INDEX OF FURTHER KERNEL DOCUMENTATION",381
"DOCUMENTATION","INTEL PRO/WIRELESS 2100, 2200BG, 2915ABG NETWORK CONNECTION SUPPORT",31109
"DOCUMENTATION","ISOFS FILESYSTEM",4087
"DOCUMENTATION","JFS FILESYSTEM",31065
"DOCUMENTATION","KCONFIG",22085
"DOCUMENTATION","KCOV",1697
"DOCUMENTATION","KCSAN",5889
"DOCUMENTATION","KERNEL BUILD + files below scripts/ (unless maintained elsewhere)",21777
"DOCUMENTATION","KERNEL PACMAN PACKAGING (in addition to generic KERNEL BUILD)",131
"DOCUMENTATION","KERNEL REGRESSIONS",1247
"DOCUMENTATION","KERNEL UNIT TESTING FRAMEWORK (KUnit)",18757
"DOCUMENTATION","KGDB / KDB /debug_core",11790
"DOCUMENTATION","LICENSES and SPDX stuff",5528
"DOCUMENTATION","LINUX KERNEL MEMORY CONSISTENCY MODEL (LKMM)",14851
"DOCUMENTATION","MEMORY MAPPING - LOCKING",1949
"DOCUMENTATION","MEN CHAMELEON BUS (mcb)",1613
"DOCUMENTATION","NITRO ENCLAVES (NE)",4408
"DOCUMENTATION","NSDEPS",222
"DOCUMENTATION","NTFS3 FILESYSTEM",33066
"DOCUMENTATION","OMFS FILESYSTEM",1975
"DOCUMENTATION","ORACLE CLUSTER FILESYSTEM 2 (OCFS2)",94832
"DOCUMENTATION","ORANGEFS FILESYSTEM",11102
"DOCUMENTATION","OVERLAY FILESYSTEM",15064
"DOCUMENTATION","PADATA PARALLEL EXECUTION MECHANISM",1502
"DOCUMENTATION","PARALLEL PORT SUBSYSTEM",16553
"DOCUMENTATION","PLDMFW LIBRARY",1635
"DOCUMENTATION","PPS SUPPORT",3735
"DOCUMENTATION","PROPELLER BUILD",201
"DOCUMENTATION","QNX6 FILESYSTEM",1659
"DOCUMENTATION","QORIQ DPAA2 FSL-MC BUS DRIVER",6892
"DOCUMENTATION","READ-COPY UPDATE (RCU)",63908
"DOCUMENTATION","Real-time Linux Analysis (RTLA) tools",11239
"DOCUMENTATION","RFKILL",2859
"DOCUMENTATION","SECURITY CONTACT",116
"DOCUMENTATION","SOFTWARE RAID (Multiple Disks) SUPPORT",53264
"DOCUMENTATION","SOUNDWIRE SUBSYSTEM",22409
"DOCUMENTATION","SPANISH DOCUMENTATION",13658
"DOCUMENTATION","SQUASHFS FILE SYSTEM",7202
"DOCUMENTATION","STABLE BRANCH",234
"DOCUMENTATION","TASK DELAY MONITORING TOOLS",1980
"DOCUMENTATION","TASKSTATS STATISTICS INTERFACE",1135
"DOCUMENTATION","TECHNICAL ADVISORY BOARD PROCESS DOCS",279
"DOCUMENTATION","TORTURE-TEST MODULES",10346
"DOCUMENTATION","TRADITIONAL CHINESE DOCUMENTATION",17032
"DOCUMENTATION","UBI FILE SYSTEM (UBIFS)",40407
"DOCUMENTATION","UDF FILESYSTEM",11304
"DOCUMENTATION","UNIFORM CDROM DRIVER",6061
"DOCUMENTATION","UNION-FIND",288
"DOCUMENTATION","VFAT/FAT/MSDOS FILESYSTEM",9210
"DOCUMENTATION","WORKQUEUE",9839
"DOCUMENTATION","X86 HARDWARE VULNERABILITIES",8528
"DOCUMENTATION","XFS FILESYSTEM",231344
"DOCUMENTATION","ZONEFS FILESYSTEM",3379
"DPLL SUBSYSTEM","DPLL SUBSYSTEM",11148
"DPLL SUBSYSTEM","MICROCHIP ZL3073X DRIVER",6788
"DRIVER CORE, KOBJECTS, DEBUGFS AND SYSFS","DEVICE COREDUMP (DEV_COREDUMP)",606
"DRIVER CORE, KOBJECTS, DEBUGFS AND SYSFS","DRIVER COMPONENT FRAMEWORK",975
"DRIVER CORE, KOBJECTS, DEBUGFS AND SYSFS","DRIVER CORE, KOBJECTS, DEBUGFS AND SYSFS",71748
"DRIVER CORE, KOBJECTS, DEBUGFS AND SYSFS","DYNAMIC THERMAL POWER MANAGEMENT (DTPM)",1271
"DRIVER CORE, KOBJECTS, DEBUGFS AND SYSFS","ENERGY MODEL",2486
"DRIVER CORE, KOBJECTS, DEBUGFS AND SYSFS","FIRMWARE LOADER (request_firmware)",4252
"DRIVER CORE, KOBJECTS, DEBUGFS AND SYSFS","FREEZER",599
"DRIVER CORE, KOBJECTS, DEBUGFS AND SYSFS","GENERIC ARCHITECTURE TOPOLOGY",1086
"DRIVER CORE, KOBJECTS, DEBUGFS AND SYSFS","HIBERNATION (aka Software Suspend, aka swsusp)",26276
"DRIVER CORE, KOBJECTS, DEBUGFS AND SYSFS","ISA",406
"DRIVER CORE, KOBJECTS, DEBUGFS AND SYSFS","POWER MANAGEMENT CORE",20719
"DRIVER CORE, KOBJECTS, DEBUGFS AND SYSFS","REGISTER MAP ABSTRACTION",16143
"DRIVER CORE, KOBJECTS, DEBUGFS AND SYSFS","SOFTWARE NODES AND DEVICE PROPERTIES",3471
"DRIVER CORE, KOBJECTS, DEBUGFS AND SYSFS","SUSPEND TO RAM",32055
"DRM COMPUTE ACCELERATORS DRIVERS AND FRAMEWORK","AMD XDNA DRIVER",10908
"DRM COMPUTE ACCELERATORS DRIVERS AND FRAMEWORK","ARM ETHOS-U NPU DRIVER",2178
"DRM COMPUTE ACCELERATORS DRIVERS AND FRAMEWORK","DRM ACCEL DRIVER FOR ROCKCHIP NPU",6202
"DRM COMPUTE ACCELERATORS DRIVERS AND FRAMEWORK","DRM ACCEL DRIVERS FOR INTEL VPU",15417
"DRM COMPUTE ACCELERATORS DRIVERS AND FRAMEWORK","DRM COMPUTE ACCELERATORS DRIVERS AND FRAMEWORK",380628
"DRM COMPUTE ACCELERATORS DRIVERS AND FRAMEWORK","HABANALABS PCI DRIVER",342807
"DRM COMPUTE ACCELERATORS DRIVERS AND FRAMEWORK","QUALCOMM CLOUD AI (QAIC) DRIVER",10358
"DRM DRIVERS","AMD DISPLAY CORE",541786
"DRM DRIVERS","AMD DISPLAY CORE - DML",133927
"DRM DRIVERS","AMD KFD",65217
"DRM DRIVERS","AMD POWERPLAY AND SWSMU",177734
"DRM DRIVERS","ARC PGU DRM DRIVER",470
"DRM DRIVERS","ARM HDLCD DRM DRIVER",982
"DRM DRIVERS","ARM KOMEDA DRM-KMS DRIVER",9612
"DRM DRIVERS","ARM MALI PANFROST DRM DRIVER",7906
"DRM DRIVERS","ARM MALI PANTHOR DRM DRIVER",16718
"DRM DRIVERS","ARM MALI TYR DRM DRIVER",1930
"DRM DRIVERS","ARM MALI-DP DRM DRIVER",15411
"DRM DRIVERS","DRM AUTOMATED TESTING",5976
"DRM DRIVERS","DRM DRIVER FOR APPLE TOUCH BARS",834
"DRM DRIVERS","DRM DRIVER FOR ARM PL111 CLCD",1929
"DRM DRIVERS","DRM DRIVER FOR ARM VERSATILE TFT PANELS",426
"DRM DRIVERS","DRM DRIVER FOR ASPEED BMC GFX",855
"DRM DRIVERS","DRM DRIVER FOR AST SERVER GRAPHICS CHIPS",8141
"DRM DRIVERS","DRM DRIVER FOR BOCHS VIRTUAL GPU",840
"DRM DRIVERS","DRM DRIVER FOR BOE HIMAX8279D PANELS",976
"DRM DRIVERS","DRM DRIVER FOR CHIPONE ICN6211 MIPI-DSI to RGB CONVERTER BRIDGE",947
"DRM DRIVERS","DRM DRIVER FOR EBBG FT8719 PANEL",321
"DRM DRIVERS","DRM DRIVER FOR FARADAY TVE200 TV ENCODER",783
"DRM DRIVERS","DRM DRIVER FOR FEIXIN K101 IM2BA02 MIPI-DSI LCD PANELS",571
"DRM DRIVERS","DRM DRIVER FOR FEIYANG FY07024DI26A30-D MIPI-DSI LCD PANELS",325
"DRM DRIVERS","DRM DRIVER FOR FIRMWARE FRAMEBUFFERS",5084
"DRM DRIVERS","DRM DRIVER FOR GENERIC EDP PANELS",2405
"DRM DRIVERS","DRM DRIVER FOR GENERIC USB DISPLAY",2589
"DRM DRIVERS","DRM DRIVER FOR GRAIN MEDIA GM12U320 PROJECTORS",747
"DRM DRIVERS","DRM DRIVER FOR HIMAX HX8394 MIPI-DSI LCD panels",939
"DRM DRIVERS","DRM DRIVER FOR HX8357D PANELS",371
"DRM DRIVERS","DRM DRIVER FOR HYPERV SYNTHETIC VIDEO DEVICE",1193
"DRM DRIVERS","DRM DRIVER FOR ILITEK ILI9225 PANELS",488
"DRM DRIVERS","DRM DRIVER FOR ILITEK ILI9486 PANELS",352
"DRM DRIVERS","DRM DRIVER FOR ILITEK ILI9805 PANELS",469
"DRM DRIVERS","DRM DRIVER FOR ILITEK ILI9806E PANELS",565
"DRM DRIVERS","DRM DRIVER FOR JADARD JD9365DA-H3 MIPI-DSI LCD PANELS",1291
"DRM DRIVERS","DRM DRIVER FOR LG SW43408 PANELS",384
"DRM DRIVERS","DRM DRIVER FOR LOGICVC DISPLAY CONTROLLER",2231
"DRM DRIVERS","DRM DRIVER FOR LVDS PANELS",364
"DRM DRIVERS","DRM DRIVER FOR MANTIX MLAF057WE51 PANELS",411
"DRM DRIVERS","DRM DRIVER FOR MGA G200 GRAPHICS CHIPS",5607
"DRM DRIVERS","DRM DRIVER FOR MI0283QT",307
"DRM DRIVERS","DRM DRIVER FOR MIPI DBI compatible panels",629
"DRM DRIVERS","DRM DRIVER FOR NOVATEK NT35510 PANELS",1472
"DRM DRIVERS","DRM DRIVER FOR NOVATEK NT35560 PANELS",539
"DRM DRIVERS","DRM DRIVER FOR NOVATEK NT36523 PANELS",1380
"DRM DRIVERS","DRM DRIVER FOR NOVATEK NT36672A PANELS",774
"DRM DRIVERS","DRM DRIVER FOR NOVATEK NT37801 PANELS",409
"DRM DRIVERS","DRM DRIVER FOR NVIDIA GEFORCE/QUADRO GPUS",232936
"DRM DRIVERS","DRM DRIVER FOR OLIMEX LCD-OLINUXINO PANELS",346
"DRM DRIVERS","DRM DRIVER FOR PARADE PS8640 BRIDGE CHIP",874
"DRM DRIVERS","DRM DRIVER FOR PERVASIVE DISPLAYS REPAPER PANELS",1205
"DRM DRIVERS","DRM DRIVER FOR PIXPAPER E-INK PANEL",1229
"DRM DRIVERS","DRM DRIVER FOR QEMU'S CIRRUS DEVICE",675
"DRM DRIVERS","DRM DRIVER for Qualcomm Adreno GPUs",48569
"DRM DRIVERS","DRM DRIVER for Qualcomm display hardware",153217
"DRM DRIVERS","DRM DRIVER FOR QXL VIRTUAL GPU",6756
"DRM DRIVERS","DRM DRIVER FOR RAYDIUM RM67191 PANELS",712
"DRM DRIVERS","DRM DRIVER FOR SAMSUNG DB7430 PANELS",438
"DRM DRIVERS","DRM DRIVER FOR SAMSUNG MIPI DSIM BRIDGE",2771
"DRM DRIVERS","DRM DRIVER FOR SAMSUNG S6D27A1 PANELS",417
"DRM DRIVERS","DRM DRIVER FOR SAMSUNG S6D7AA0 PANELS",563
"DRM DRIVERS","DRM DRIVER FOR SAMSUNG S6E3FC2X01 DDIC",466
"DRM DRIVERS","DRM DRIVER FOR SAMSUNG S6E3HA8 PANELS",417
"DRM DRIVERS","DRM DRIVER FOR SAMSUNG SOFEF00 DDIC",372
"DRM DRIVERS","DRM DRIVER FOR SHARP MEMORY LCD",761
"DRM DRIVERS","DRM DRIVER FOR SITRONIX ST7571 PANELS",1229
"DRM DRIVERS","DRM DRIVER FOR SITRONIX ST7586 PANELS",469
"DRM DRIVERS","DRM DRIVER FOR SITRONIX ST7701 PANELS",1606
"DRM DRIVERS","DRM DRIVER FOR SITRONIX ST7703 PANELS",1018
"DRM DRIVERS","DRM DRIVER FOR SITRONIX ST7735R PANELS",350
"DRM DRIVERS","DRM DRIVER FOR SOLOMON SSD130X OLED DISPLAYS",2917
"DRM DRIVERS","DRM DRIVER FOR ST-ERICSSON MCDE",4770
"DRM DRIVERS","DRM DRIVER FOR SYNAPTICS R63353 PANELS",394
"DRM DRIVERS","DRM DRIVER FOR SYNOPSYS DESIGNWARE DISPLAYPORT BRIDGE",2266
"DRM DRIVERS","DRM DRIVER FOR TI DLPC3433 MIPI DSI TO DMD BRIDGE",534
"DRM DRIVERS","DRM DRIVER FOR TI SN65DSI86 BRIDGE CHIP",2464
"DRM DRIVERS","DRM DRIVER FOR TPO TPG110 PANELS",590
"DRM DRIVERS","DRM DRIVER FOR USB DISPLAYLINK VIDEO ADAPTERS",1574
"DRM DRIVERS","DRM DRIVER FOR VIRTUAL KERNEL MODESETTING (VKMS)",9252
"DRM DRIVERS","DRM DRIVER FOR VIRTUALBOX VIRTUAL GPU",2988
"DRM DRIVERS","DRM DRIVER FOR VMWARE VIRTUAL GPU",47740
"DRM DRIVERS","DRM DRIVER FOR WIDECHIPS WS2401 PANELS",545
"DRM DRIVERS","DRM DRIVERS",8034681
"DRM DRIVERS","DRM DRIVERS AND MISC GPU PATCHES",1055837
"DRM DRIVERS","DRM DRIVERS FOR AMLOGIC SOCS",12485
"DRM DRIVERS","DRM DRIVERS FOR BRIDGE CHIPS",87839
"DRM DRIVERS","DRM DRIVERS FOR FREESCALE DCU",1537
"DRM DRIVERS","DRM DRIVERS FOR FREESCALE IMX 5/6",16829
"DRM DRIVERS","DRM DRIVERS FOR FREESCALE IMX BRIDGE",5248
"DRM DRIVERS","DRM DRIVERS FOR FREESCALE IMX8 DISPLAY CONTROLLER",6270
"DRM DRIVERS","DRM DRIVERS FOR GMA500 (Poulsbo, Moorestown and derivative chipsets)",23406
"DRM DRIVERS","DRM DRIVERS FOR HISILICON",5771
"DRM DRIVERS","DRM DRIVERS FOR LIMA",5386
"DRM DRIVERS","DRM DRIVERS FOR LOONGSON",6478
"DRM DRIVERS","DRM DRIVERS FOR PRE-DCP APPLE DISPLAY OUTPUT",1276
"DRM DRIVERS","DRM DRIVERS FOR RENESAS R-CAR",11282
"DRM DRIVERS","DRM DRIVERS FOR RENESAS RZ",3405
"DRM DRIVERS","DRM DRIVERS FOR RENESAS SHMOBILE",2087
"DRM DRIVERS","DRM DRIVERS FOR ROCKCHIP",25790
"DRM DRIVERS","DRM DRIVERS FOR STI",10374
"DRM DRIVERS","DRM DRIVERS FOR TI KEYSTONE",6976
"DRM DRIVERS","DRM DRIVERS FOR TI LCDC",2967
"DRM DRIVERS","DRM DRIVERS FOR TI OMAP",32578
"DRM DRIVERS","DRM DRIVERS FOR V3D",7492
"DRM DRIVERS","DRM DRIVERS FOR VC4",29344
"DRM DRIVERS","DRM DRIVERS FOR VIVANTE GPU IP",10855
"DRM DRIVERS","DRM DRIVERS FOR XEN",2460
"DRM DRIVERS","DRM GPU SCHEDULER",4720
"DRM DRIVERS","DRM GPUVM",4511
"DRM DRIVERS","DRM LOG",441
"DRM DRIVERS","DRM PANEL DRIVERS",80793
"DRM DRIVERS","DRM PANIC",1439
"DRM DRIVERS","DRM PANIC QR CODE",1016
"DRM DRIVERS","DRM PRIVACY-SCREEN CLASS",784
"DRM DRIVERS","DRM TTM SUBSYSTEM",13361
"DRM DRIVERS","IMGTEC POWERVR DRM DRIVER",35699
"DRM DRIVERS","INTEL DRM DISPLAY FOR XE AND I915 DRIVERS",201477
"DRM DRIVERS","INTEL DRM I915 DRIVER (Meteor Lake, DG2 and older excluding Poulsbo, Moorestown and derivative)",423564
"DRM DRIVERS","INTEL DRM XE DRIVER (Lunar Lake and newer)",131413
"DRM DRIVERS","INTEL GVT-g DRIVERS (Intel GPU Virtualization)",23812
"DRM DRIVERS","INTEL KEEM BAY DRM DRIVER",4475
"DRM DRIVERS","ITE IT6263 LVDS TO HDMI BRIDGE DRIVER",1181
"DRM DRIVERS","ITE IT66121 HDMI BRIDGE DRIVER",1786
"DRM DRIVERS","LONTIUM LT8912B MIPI TO HDMI BRIDGE",962
"DRM DRIVERS","MARVELL ARMADA DRM SUPPORT",4218
"DRM DRIVERS","MEGACHIPS STDPXXXX-GE-B850V3-FW LVDS/DP++ BRIDGES",407
"DRM DRIVERS","MICROCHIP SAM9x7-COMPATIBLE LVDS CONTROLLER",284
"DRM DRIVERS","MXSFB DRM DRIVER",3083
"DRM DRIVERS","NXP i.MX 8MQ DCSS DRIVER",4057
"DRM DRIVERS","NXP TDA998X DRM DRIVER",2084
"DRM DRIVERS","RADEON and AMDGPU DRM DRIVERS",6155130
"DRM DRIVERS","VGA_SWITCHEROO",1374
"DRM DRIVERS","VIRTIO GPU DRIVER",7110
"DRM DRIVERS AND COMMON INFRASTRUCTURE [RUST]","CORE DRIVER FOR NVIDIA GPUS [RUST]",11252
"DRM DRIVERS AND COMMON INFRASTRUCTURE [RUST]","DRM DRIVER FOR NVIDIA GPUS [RUST]",1430
"DRM DRIVERS AND COMMON INFRASTRUCTURE [RUST]","DRM DRIVERS AND COMMON INFRASTRUCTURE [RUST]",12018
"EDAC-CORE","AMAZON ANNAPURNA LABS MEMORY CONTROLLER EDAC",416
"EDAC-CORE","APPLIED MICRO (APM) X-GENE SOC EDAC",2244
"EDAC-CORE","ARM/SOCFPGA EDAC SUPPORT",2628
"EDAC-CORE","EDAC-A72",225
"EDAC-CORE","EDAC-AMD64",5857
"EDAC-CORE","EDAC-ARMADA",653
"EDAC-CORE","EDAC-AST2500",445
"EDAC-CORE","EDAC-BLUEFIELD",494
"EDAC-CORE","EDAC-CALXEDA",417
"EDAC-CORE","EDAC-CAVIUM OCTEON",781
"EDAC-CORE","EDAC-CAVIUM THUNDERX",2146
"EDAC-CORE","EDAC-CORE",60789
"EDAC-CORE","EDAC-DMC520",652
"EDAC-CORE","EDAC-E752X",1481
"EDAC-CORE","EDAC-E7XXX",602
"EDAC-CORE","EDAC-FSL_DDR",762
"EDAC-CORE","EDAC-GHES",574
"EDAC-CORE","EDAC-I10NM",1285
"EDAC-CORE","EDAC-I3000",565
"EDAC-CORE","EDAC-I5000",1582
"EDAC-CORE","EDAC-I5400",1470
"EDAC-CORE","EDAC-I7300",1215
"EDAC-CORE","EDAC-I7CORE",2399
"EDAC-CORE","EDAC-I82443BXGX",462
"EDAC-CORE","EDAC-I82975X",706
"EDAC-CORE","EDAC-IE31200",845
"EDAC-CORE","EDAC-IGEN6",1601
"EDAC-CORE","EDAC-MPC85XX",816
"EDAC-CORE","EDAC-NPCM",592
"EDAC-CORE","EDAC-PASEMI",303
"EDAC-CORE","EDAC-PND2",1877
"EDAC-CORE","EDAC-QCOM",419
"EDAC-CORE","EDAC-R82600",426
"EDAC-CORE","EDAC-SBRIDGE",3689
"EDAC-CORE","EDAC-SKYLAKE",1984
"EDAC-CORE","EDAC-TI",336
"EDAC-CORE","LOONGSON EDAC DRIVER",157
"EDAC-CORE","XILINX VERSAL EDAC DRIVER",1253
"EDAC-CORE","XILINX VERSALNET EDAC DRIVER",1031
"EDAC-CORE","XILINX ZYNQMP OCM EDAC DRIVER",510
"EFI VARIABLE FILESYSTEM","EFI VARIABLE FILESYSTEM",1623
"EFS FILESYSTEM","EFS FILESYSTEM",1181
"EXFAT FILE SYSTEM","EXFAT FILE SYSTEM",8217
"FADDR2LINE","FADDR2LINE",380
"FILESYSTEMS (VFS and infrastructure)","AIO",2468
"FILESYSTEMS (VFS and infrastructure)","EXEC & BINFMT API, ELF",19992
"FILESYSTEMS (VFS and infrastructure)","FILE LOCKING (flock() and fcntl()/lockf())",4474
"FILESYSTEMS (VFS and infrastructure)","FILESYSTEM DIRECT ACCESS (DAX)",2763
"FILESYSTEMS (VFS and infrastructure)","FILESYSTEMS (VFS and infrastructure)",94951
"FILESYSTEMS (VFS and infrastructure)","FILESYSTEMS [EXPORTFS]",1699
"FILESYSTEMS (VFS and infrastructure)","FILESYSTEMS [STACKABLE]",401
"FILESYSTEMS (VFS and infrastructure)","POSIX CLOCKS and TIMERS",6406
"FIREWIRE SUBSYSTEM","FIREWIRE SUBSYSTEM",21457
"FIRMWARE FRAMEWORK FOR ARMV8-A","FIRMWARE FRAMEWORK FOR ARMV8-A",2969
"FORTIFY_SOURCE","FORTIFY_SOURCE",2689
"FPGA MANAGER FRAMEWORK","FPGA DFL DRIVERS",10060
"FPGA MANAGER FRAMEWORK","FPGA MANAGER FRAMEWORK",22647
"FPGA MANAGER FRAMEWORK","INTEL MAX10 BMC SECURE UPDATES",835
"FPGA MANAGER FRAMEWORK","MICROCHIP POLARFIRE FPGA DRIVERS",457
"FRAMEBUFFER LAYER","ADP5520 BACKLIGHT DRIVER WITH IO EXPANDER (ADP5520/ADP5501)",1286
"FRAMEBUFFER LAYER","ADP8860 BACKLIGHT DRIVER (ADP8860/ADP8861/ADP8863)",814
"FRAMEBUFFER LAYER","AMD GEODE PROCESSOR/CHIPSET SUPPORT",5517
"FRAMEBUFFER LAYER","ARC FRAMEBUFFER DRIVER",978
"FRAMEBUFFER LAYER","AWINIC AW99706 WLED BACKLIGHT DRIVER",572
"FRAMEBUFFER LAYER","BACKLIGHT CLASS/SUBSYSTEM",23858
"FRAMEBUFFER LAYER","CONSOLE SUBSYSTEM",4287
"FRAMEBUFFER LAYER","CYBERPRO FB DRIVER",2357
"FRAMEBUFFER LAYER","DISPLAYLINK USB 2.0 FRAMEBUFFER DRIVER (UDLFB)",2230
"FRAMEBUFFER LAYER","EFIFB FRAMEBUFFER DRIVER",605
"FRAMEBUFFER LAYER","EPSON S1D13XXX FRAMEBUFFER DRIVER",1214
"FRAMEBUFFER LAYER","FRAMEBUFFER CORE",15181
"FRAMEBUFFER LAYER","FRAMEBUFFER DRAWING",1622
"FRAMEBUFFER LAYER","FRAMEBUFFER LAYER",334154
"FRAMEBUFFER LAYER","FREESCALE DIU FRAMEBUFFER DRIVER",1995
"FRAMEBUFFER LAYER","FREESCALE IMX / MXC FRAMEBUFFER DRIVER",1110
"FRAMEBUFFER LAYER","HGA FRAMEBUFFER DRIVER",680
"FRAMEBUFFER LAYER","HYPER-V FRAMEBUFFER DRIVER",1388
"FRAMEBUFFER LAYER","IMS TWINTURBO FRAMEBUFFER DRIVER",1650
"FRAMEBUFFER LAYER","INTEL 810/815 FRAMEBUFFER DRIVER",4114
"FRAMEBUFFER LAYER","KTD253 BACKLIGHT DRIVER",273
"FRAMEBUFFER LAYER","KTD2801 BACKLIGHT DRIVER",175
"FRAMEBUFFER LAYER","KTZ8866 BACKLIGHT DRIVER",295
"FRAMEBUFFER LAYER","MATROX FRAMEBUFFER DRIVER",9557
"FRAMEBUFFER LAYER","MP3309C BACKLIGHT DRIVER",493
"FRAMEBUFFER LAYER","NVIDIA (rivafb and nvidiafb) FRAMEBUFFER DRIVER",12222
"FRAMEBUFFER LAYER","OMAP DISPLAY SUBSYSTEM and FRAMEBUFFER SUPPORT (DSS2)",38694
"FRAMEBUFFER LAYER","OMAP FRAMEBUFFER SUPPORT",6140
"FRAMEBUFFER LAYER","RADEON FRAMEBUFFER DISPLAY DRIVER",7873
"FRAMEBUFFER LAYER","RAGE128 FRAMEBUFFER DISPLAY DRIVER",2530
"FRAMEBUFFER LAYER","S3 SAVAGE FRAMEBUFFER DRIVER",3373
"FRAMEBUFFER LAYER","SAMSUNG FRAMEBUFFER DRIVER",1804
"FRAMEBUFFER LAYER","SILICON MOTION SM712 FRAME BUFFER DRIVER",1926
"FRAMEBUFFER LAYER","SIMPLEFB FB DRIVER",967
"FRAMEBUFFER LAYER","SIS FRAMEBUFFER DRIVER",31019
"FRAMEBUFFER LAYER","SMSC UFX6000 and UFX7000 USB to VGA DRIVER",1949
"FRAMEBUFFER LAYER","UVESAFB DRIVER",2188
"FRAMEBUFFER LAYER","VIA UNICHROME(PRO)/CHROME9 FRAMEBUFFER DRIVER",12072
"FREESCALE SOC DRIVERS","DPAA2 DATAPATH I/O (DPIO) DRIVER",4150
"FREESCALE SOC DRIVERS","FREESCALE QUICC ENGINE LIBRARY",9383
"FREESCALE SOC DRIVERS","FREESCALE QUICC ENGINE QMC DRIVER",2776
"FREESCALE SOC DRIVERS","FREESCALE QUICC ENGINE TSA DRIVER",1654
"FREESCALE SOC DRIVERS","FREESCALE SOC DRIVERS",29625
"FREEVXFS FILESYSTEM","FREEVXFS FILESYSTEM",2421
"FSNOTIFY: FILESYSTEM NOTIFICATION INFRASTRUCTURE","DIRECTORY NOTIFICATION (DNOTIFY)",552
"FSNOTIFY: FILESYSTEM NOTIFICATION INFRASTRUCTURE","FANOTIFY",4345
"FSNOTIFY: FILESYSTEM NOTIFICATION INFRASTRUCTURE","FSNOTIFY: FILESYSTEM NOTIFICATION INFRASTRUCTURE",9463
"FSNOTIFY: FILESYSTEM NOTIFICATION INFRASTRUCTURE","INOTIFY",1351
"FUSE: FILESYSTEM IN USERSPACE","FUSE: FILESYSTEM IN USERSPACE",23150
"FUSE: FILESYSTEM IN USERSPACE","VIRTIO FILE SYSTEM",1925
"FWCTL SUBSYSTEM","FWCTL MLX5 DRIVER",422
"FWCTL SUBSYSTEM","FWCTL PDS DRIVER",539
"FWCTL SUBSYSTEM","FWCTL SUBSYSTEM",2339
"GENDWARFKSYMS","GENDWARFKSYMS",3801
"GENERIC ENTRY CODE","GENERIC ENTRY CODE",1366
"GENERIC PM DOMAINS","BROADCOM PMB (POWER MANAGEMENT BUS) DRIVER",375
"GENERIC PM DOMAINS","DRIVERS FOR OMAP ADAPTIVE VOLTAGE SCALING (AVS)",1324
"GENERIC PM DOMAINS","GENERIC PM DOMAINS",35238
"GENERIC PM DOMAINS","QUALCOMM CORE POWER REDUCTION (CPR) AVS DRIVER",1890
"GENERIC PM DOMAINS","STARFIVE JH71XX PMU CONTROLLER DRIVER",544
"GENERIC PM DOMAINS","TI KEYSTONE MULTICORE NAVIGATOR DRIVERS",10485
"GET_MAINTAINER SCRIPT","GET_MAINTAINER SCRIPT",2655
"GOOGLE FIRMWARE DRIVERS","GOOGLE FIRMWARE DRIVERS",2662
"GPIB DRIVERS","GPIB DRIVERS",28190
"GPIO SUBSYSTEM","ACCES 104-DIO-48E GPIO DRIVER",342
"GPIO SUBSYSTEM","ACCES 104-IDI-48 GPIO DRIVER",189
"GPIO SUBSYSTEM","ACCES 104-IDIO-16 GPIO DRIVER",130
"GPIO SUBSYSTEM","ACCES IDIO-16 GPIO LIBRARY",210
"GPIO SUBSYSTEM","ACCES PCI-IDIO-16 GPIO DRIVER",116
"GPIO SUBSYSTEM","ACCES PCIe-IDIO-24 GPIO DRIVER",401
"GPIO SUBSYSTEM","ALTERA PIO DRIVER",340
"GPIO SUBSYSTEM","AMD FCH GPIO DRIVER",239
"GPIO SUBSYSTEM","ARM/MStar/Sigmastar Armv7 SoC support",3077
"GPIO SUBSYSTEM","ATHEROS 71XX/9XXX GPIO DRIVER",353
"GPIO SUBSYSTEM","BLZP1600 GPIO DRIVER",367
"GPIO SUBSYSTEM","BROADCOM BCM281XX/BCM11XXX/BCM216XX ARM ARCHITECTURE",12836
"GPIO SUBSYSTEM","BROADCOM BRCMSTB GPIO DRIVER",873
"GPIO SUBSYSTEM","BROADCOM KONA GPIO DRIVER",777
"GPIO SUBSYSTEM","BT8XXGPIO DRIVER",283
"GPIO SUBSYSTEM","DELTA NETWORKS TN48M CPLD DRIVERS",284
"GPIO SUBSYSTEM","DIAMOND SYSTEMS GPIO-MM GPIO DRIVER",101
"GPIO SUBSYSTEM","GPIO ACPI SUPPORT",2263
"GPIO SUBSYSTEM","GPIO AGGREGATOR",1947
"GPIO SUBSYSTEM","GPIO REGMAP",537
"GPIO SUBSYSTEM","GPIO SLOPPY LOGIC ANALYZER",684
"GPIO SUBSYSTEM","GPIO SUBSYSTEM",109516
"GPIO SUBSYSTEM","GPIO UAPI",6790
"GPIO SUBSYSTEM","HISILICON GPIO DRIVER",399
"GPIO SUBSYSTEM","INTEL 8255 GPIO DRIVER",175
"GPIO SUBSYSTEM","INTEL GPIO DRIVERS",3418
"GPIO SUBSYSTEM","INTEL PMIC GPIO DRIVERS",910
"GPIO SUBSYSTEM","LOONGSON GPIO DRIVER",747
"GPIO SUBSYSTEM","OMAP GPIO DRIVER",1698
"GPIO SUBSYSTEM","PXA GPIO DRIVER",809
"GPIO SUBSYSTEM","SIOX",1544
"GPIO SUBSYSTEM","SYNOPSYS CREG GPIO DRIVER",189
"GPIO SUBSYSTEM","SYNOPSYS DESIGNWARE APB GPIO DRIVER",1002
"GPIO SUBSYSTEM","THUNDERX GPIO DRIVER",607
"GPIO SUBSYSTEM","TI DAVINCI SERIES GPIO DRIVER",873
"GPIO SUBSYSTEM","VIRTIO GPIO DRIVER",738
"GPIO SUBSYSTEM","WHISKEYCOVE PMIC GPIO DRIVER",512
"GPIO SUBSYSTEM","WINSYSTEMS WS16C48 GPIO DRIVER",327
"GPIO SUBSYSTEM","XILINX GPIO DRIVER",2009
"HARDWARE MONITORING","ABIT UGURU 1,2 HARDWARE MONITOR DRIVER",1630
"HARDWARE MONITORING","ABIT UGURU 3 HARDWARE MONITOR DRIVER",1302
"HARDWARE MONITORING","ADM1025 HARDWARE MONITOR DRIVER",632
"HARDWARE MONITORING","ADM1029 HARDWARE MONITOR DRIVER",405
"HARDWARE MONITORING","ADP1050 HARDWARE MONITOR DRIVER",60
"HARDWARE MONITORING","ADT7475 HARDWARE MONITOR DRIVER",2373
"HARDWARE MONITORING","AMD FAM15H PROCESSOR POWER MONITORING DRIVER",630
"HARDWARE MONITORING","AMPHENOL CHIPCAP 2 DRIVER",927
"HARDWARE MONITORING","ANALOG DEVICES INC ADM1177 DRIVER",335
"HARDWARE MONITORING","APPLE SMC DRIVER",1419
"HARDWARE MONITORING","AQUACOMPUTER D5 NEXT PUMP SENSOR DRIVER",2040
"HARDWARE MONITORING","ASC7621 HARDWARE MONITOR DRIVER",1557
"HARDWARE MONITORING","ASUS EC HARDWARE MONITOR DRIVER",1468
"HARDWARE MONITORING","ASUS ROG RYUJIN AIO HARDWARE MONITOR DRIVER",579
"HARDWARE MONITORING","ASUS WMI HARDWARE MONITOR DRIVER",663
"HARDWARE MONITORING","ATK0110 HWMON DRIVER",1389
"HARDWARE MONITORING","AXI-FAN-CONTROL HARDWARE MONITOR DRIVER",601
"HARDWARE MONITORING","CHARGERLAB POWER-Z HARDWARE MONITOR DRIVER",299
"HARDWARE MONITORING","CORETEMP HARDWARE MONITORING DRIVER",1032
"HARDWARE MONITORING","CORSAIR-CPRO HARDWARE MONITOR DRIVER",696
"HARDWARE MONITORING","CORSAIR-PSU HARDWARE MONITOR DRIVER",1016
"HARDWARE MONITORING","DELL LAPTOP SMM DRIVER",1890
"HARDWARE MONITORING","DELTA AHE-50DC FAN CONTROL MODULE DRIVER",130
"HARDWARE MONITORING","DELTA DPS920AB PSU DRIVER",286
"HARDWARE MONITORING","DME1737 HARDWARE MONITOR DRIVER",3147
"HARDWARE MONITORING","F71805F HARDWARE MONITORING DRIVER",1828
"HARDWARE MONITORING","FINTEK F75375S HARDWARE MONITOR AND FAN CONTROLLER DRIVER",923
"HARDWARE MONITORING","GATEWORKS SYSTEM CONTROLLER (GSC) DRIVER",1050
"HARDWARE MONITORING","GIGABYTE WATERFORCE SENSOR DRIVER",477
"HARDWARE MONITORING","GPD FAN DRIVER",761
"HARDWARE MONITORING","HARDWARE MONITORING",243095
"HARDWARE MONITORING","HP WMI HARDWARE MONITOR DRIVER",2217
"HARDWARE MONITORING","HS3001 Hardware Temperature and Humidity Sensor",234
"HARDWARE MONITORING","HTU31 Hardware Temperature and Humidity Sensor",350
"HARDWARE MONITORING","INA233 HARDWARE MONITOR DRIVERS",266
"HARDWARE MONITORING","INTEL CRPS COMMON REDUNDANT PSU DRIVER",171
"HARDWARE MONITORING","INTEL MAX 10 BMC MFD DRIVER",2062
"HARDWARE MONITORING","ISL28022 HARDWARE MONITORING DRIVER",622
"HARDWARE MONITORING","IT87 HARDWARE MONITORING DRIVER",4182
"HARDWARE MONITORING","K10TEMP HARDWARE MONITORING DRIVER",717
"HARDWARE MONITORING","K8TEMP HARDWARE MONITORING DRIVER",287
"HARDWARE MONITORING","LM73 HARDWARE MONITOR DRIVER",290
"HARDWARE MONITORING","LM78 HARDWARE MONITOR DRIVER",1112
"HARDWARE MONITORING","LM83 HARDWARE MONITOR DRIVER",564
"HARDWARE MONITORING","LM90 HARDWARE MONITOR DRIVER",3945
"HARDWARE MONITORING","LT3074 HARDWARE MONITOR DRIVER",244
"HARDWARE MONITORING","LTC2947 HARDWARE MONITOR DRIVER",1351
"HARDWARE MONITORING","LTC2991 HARDWARE MONITOR DRIVER",557
"HARDWARE MONITORING","LTC4282 HARDWARE MONITOR DRIVER",2001
"HARDWARE MONITORING","LTC4286 HARDWARE MONITOR DRIVER",319
"HARDWARE MONITORING","MAX15301 DRIVER",196
"HARDWARE MONITORING","MAX17616 HARDWARE MONITOR DRIVER",187
"HARDWARE MONITORING","MAX6650 HARDWARE MONITOR AND FAN CONTROLLER DRIVER",902
"HARDWARE MONITORING","MAX77705 HARDWARE MONITORING DRIVER",262
"HARDWARE MONITORING","MEN F21BMC (Board Management Controller)",701
"HARDWARE MONITORING","MICROSOFT SURFACE SENSOR FAN DRIVER",108
"HARDWARE MONITORING","MICROSOFT SURFACE SENSOR THERMAL DRIVER",235
"HARDWARE MONITORING","MPS MP2869 DRIVER",834
"HARDWARE MONITORING","MPS MP2891 DRIVER",779
"HARDWARE MONITORING","MPS MP2925 DRIVER",467
"HARDWARE MONITORING","MPS MP29502 DRIVER",763
"HARDWARE MONITORING","MPS MP2993 DRIVER",411
"HARDWARE MONITORING","MPS MP9941 DRIVER",411
"HARDWARE MONITORING","MPS MP9945 DRIVER",360
"HARDWARE MONITORING","NCT6775 HARDWARE MONITOR DRIVER - I2C DRIVER",244
"HARDWARE MONITORING","NCT7363 HARDWARE MONITOR DRIVER",545
"HARDWARE MONITORING","NUVOTON NCT6694 MFD DRIVER",3569
"HARDWARE MONITORING","NZXT-KRAKEN2 HARDWARE MONITORING DRIVER",269
"HARDWARE MONITORING","NZXT-KRAKEN3 HARDWARE MONITORING DRIVER",1105
"HARDWARE MONITORING","PC87360 HARDWARE MONITORING DRIVER",2003
"HARDWARE MONITORING","PC87427 HARDWARE MONITORING DRIVER",1392
"HARDWARE MONITORING","PECI HARDWARE MONITORING DRIVERS",1511
"HARDWARE MONITORING","PM6764TR DRIVER",108
"HARDWARE MONITORING","PT5161L HARDWARE MONITOR DRIVER",681
"HARDWARE MONITORING","SFCTEMP HWMON DRIVER",414
"HARDWARE MONITORING","SMSC EMC2103 HARDWARE MONITOR DRIVER",707
"HARDWARE MONITORING","SMSC SCH5627 HARDWARE MONITOR DRIVER",707
"HARDWARE MONITORING","SMSC47B397 HARDWARE MONITOR DRIVER",567
"HARDWARE MONITORING","ST STPDDC60 DRIVER",339
"HARDWARE MONITORING","ST TSC1641 DRIVER",897
"HARDWARE MONITORING","TEXAS INSTRUMENTS TPS23861 PoE PSE DRIVER",661
"HARDWARE MONITORING","TEXAS INSTRUMENTS TPS25990 HARDWARE MONITOR DRIVER",666
"HARDWARE MONITORING","TMP513 HARDWARE MONITOR DRIVER",866
"HARDWARE MONITORING","TPS546D24 DRIVER",106
"HARDWARE MONITORING","VT1211 HARDWARE MONITOR DRIVER",1602
"HARDWARE MONITORING","VT8231 HARDWARE MONITOR DRIVER",1064
"HARDWARE MONITORING","W83791D HARDWARE MONITORING DRIVER",1842
"HARDWARE MONITORING","W83793 HARDWARE MONITORING DRIVER",2256
"HARDWARE MONITORING","W83795 HARDWARE MONITORING DRIVER",2269
"HARDWARE RANDOM NUMBER GENERATOR CORE","CCTRNG ARM TRUSTZONE CRYPTOCELL TRUE RANDOM NUMBER GENERATOR (TRNG) DRIVER",787
"HARDWARE RANDOM NUMBER GENERATOR CORE","HARDWARE RANDOM NUMBER GENERATOR CORE",14953
"HARDWARE RANDOM NUMBER GENERATOR CORE","MEDIATEK RANDOM NUMBER GENERATOR SUPPORT",203
"HARDWARE RANDOM NUMBER GENERATOR CORE","OMAP RANDOM NUMBER GENERATOR SUPPORT",568
"HARDWARE RANDOM NUMBER GENERATOR CORE","OP-TEE RANDOM NUMBER GENERATOR (RNG) DRIVER",305
"HARDWARE RANDOM NUMBER GENERATOR CORE","ROCKCHIP RK3568 RANDOM NUMBER GENERATOR SUPPORT",613
"HARDWARE RANDOM NUMBER GENERATOR CORE","S390 HWRANDOM TRNG DRIVER",255
"HARDWARE RANDOM NUMBER GENERATOR CORE","SAMSUNG EXYNOS TRUE RANDOM NUMBER GENERATOR (TRNG) DRIVER",421
"HARDWARE RANDOM NUMBER GENERATOR CORE","STARFIVE TRNG DRIVER",456
"HARDWARE SPINLOCK CORE","ALLWINNER HARDWARE SPINLOCK SUPPORT",263
"HARDWARE SPINLOCK CORE","HARDWARE SPINLOCK CORE",3362
"HARDWARE SPINLOCK CORE","OMAP HARDWARE SPINLOCK SUPPORT",159
"HFSPLUS FILESYSTEM","HFS FILESYSTEM",6950
"HFSPLUS FILESYSTEM","HFSPLUS FILESYSTEM",14458
"HID CORE LAYER","AMD SENSOR FUSION HUB DRIVER",3941
"HID CORE LAYER","CREATIVE SB0540",268
"HID CORE LAYER","FT260 FTDI USB-HID TO I2C BRIDGE DRIVER",1107
"HID CORE LAYER","HID CORE LAYER",170929
"HID CORE LAYER","HID LOGITECH DRIVERS",6855
"HID CORE LAYER","HID NVIDIA SHIELD DRIVER",1134
"HID CORE LAYER","HID PHOENIX RC FLIGHT CONTROLLER",112
"HID CORE LAYER","HID PLAYSTATION DRIVER",2938
"HID CORE LAYER","HID UNIVERSAL PIDFF DRIVER",204
"HID CORE LAYER","HID VRC-2 CAR CONTROLLER DRIVER",91
"HID CORE LAYER","HID WACOM DRIVER",8711
"HID CORE LAYER","HID++ LOGITECH DRIVERS",4691
"HID CORE LAYER","INTEL INTEGRATED SENSOR HUB DRIVER",9633
"HID CORE LAYER","INTEL TOUCH HOST CONTROLLER (THC) DRIVER",7602
"HID CORE LAYER","LETSKETCH HID TABLET DRIVER",324
"HID CORE LAYER","LOGITECH HID GAMING KEYBOARDS",1387
"HID CORE LAYER","MCP2221A MICROCHIP USB-HID TO I2C BRIDGE DRIVER",1346
"HID CORE LAYER","MICROSOFT SURFACE HID TRANSPORT DRIVER",969
"HID CORE LAYER","NINTENDO HID DRIVER",2854
"HID CORE LAYER","PICOLCD HID DRIVER",2915
"HID CORE LAYER","ROCCAT DRIVERS",7341
"HID CORE LAYER","UDRAW TABLET",466
"HID CORE LAYER","UHID USERSPACE HID IO DRIVER",1019
"HID CORE LAYER","USB HID/HIDBP DRIVERS (USB KEYBOARDS, MICE, REMOTE CONTROLS, ...)",5383
"HID CORE LAYER","WIIMOTE HID DRIVER",5369
"HISILICON KUNPENG SOC HCCS DRIVER","HISILICON KUNPENG SOC HCCS DRIVER",2193
"HPFS FILESYSTEM","HPFS FILESYSTEM",6602
"HUNG TASK DETECTOR","HUNG TASK DETECTOR",638
"Hyper-V/Azure CORE AND DRIVERS","GENERIC UIO DRIVER FOR PCI DEVICES",149
"Hyper-V/Azure CORE AND DRIVERS","Hyper-V/Azure CORE AND DRIVERS",73868
"Hyper-V/Azure CORE AND DRIVERS","MICROSOFT MANA RDMA DRIVER",6717
"Hyper-V/Azure CORE AND DRIVERS","USERSPACE I/O (UIO)",5062
"I2C SUBSYSTEM","GENERIC GPIO I2C MULTIPLEXER DRIVER",380
"I2C SUBSYSTEM","GENERIC PINCTRL I2C DEMULTIPLEXER DRIVER",499
"I2C SUBSYSTEM","I2C ACPI SUPPORT",847
"I2C SUBSYSTEM","I2C ADDRESS TRANSLATOR (ATR)",1103
"I2C SUBSYSTEM","I2C MUXES",5199
"I2C SUBSYSTEM","I2C OF COMPONENT PROBER",555
"I2C SUBSYSTEM","I2C SUBSYSTEM",16967
"I2C SUBSYSTEM","I2C/SMBUS STUB DRIVER",413
"I2C SUBSYSTEM","LTC4306 I2C MULTIPLEXER DRIVER",378
"I2C SUBSYSTEM HOST DRIVERS","ALI1563 I2C DRIVER",472
"I2C SUBSYSTEM HOST DRIVERS","AMD ASF I2C DRIVER",370
"I2C SUBSYSTEM HOST DRIVERS","AMD MP2 I2C DRIVER",1050
"I2C SUBSYSTEM HOST DRIVERS","ARM/ASPEED I2C DRIVER",1339
"I2C SUBSYSTEM HOST DRIVERS","ARM/HPE GXP ARCHITECTURE",1987
"I2C SUBSYSTEM HOST DRIVERS","CAVIUM I2C DRIVER",1821
"I2C SUBSYSTEM HOST DRIVERS","CP2615 I2C DRIVER",336
"I2C SUBSYSTEM HOST DRIVERS","DIOLAN U2C-12 I2C DRIVER",518
"I2C SUBSYSTEM HOST DRIVERS","FREESCALE I2C CPM DRIVER",715
"I2C SUBSYSTEM HOST DRIVERS","FREESCALE IMX I2C DRIVER",2095
"I2C SUBSYSTEM HOST DRIVERS","FREESCALE IMX LPI2C DRIVER",1676
"I2C SUBSYSTEM HOST DRIVERS","FREESCALE MPC I2C DRIVER",1055
"I2C SUBSYSTEM HOST DRIVERS","FSI-ATTACHED I2C DRIVER",852
"I2C SUBSYSTEM HOST DRIVERS","GENERIC GPIO I2C DRIVER",548
"I2C SUBSYSTEM HOST DRIVERS","HISILICON I2C CONTROLLER DRIVER",616
"I2C SUBSYSTEM HOST DRIVERS","I2C CONTROLLER DRIVER FOR NVIDIA GPU",395
"I2C SUBSYSTEM HOST DRIVERS","I2C MV64XXX MARVELL AND ALLWINNER DRIVER",1254
"I2C SUBSYSTEM HOST DRIVERS","I2C OVER PARALLEL PORT",598
"I2C SUBSYSTEM HOST DRIVERS","I2C SUBSYSTEM HOST DRIVERS",108798
"I2C SUBSYSTEM HOST DRIVERS","I2C-TAOS-EVM DRIVER",359
"I2C SUBSYSTEM HOST DRIVERS","I2C-TINY-USB DRIVER",310
"I2C SUBSYSTEM HOST DRIVERS","I2C/SMBUS CONTROLLER DRIVERS FOR PC",9062
"I2C SUBSYSTEM HOST DRIVERS","I2C/SMBUS INTEL CHT WHISKEY COVE PMIC DRIVER",559
"I2C SUBSYSTEM HOST DRIVERS","I2C/SMBUS ISMT DRIVER",1038
"I2C SUBSYSTEM HOST DRIVERS","I2C/SMBUS ZHAOXIN DRIVER",570
"I2C SUBSYSTEM HOST DRIVERS","ICY I2C DRIVER",215
"I2C SUBSYSTEM HOST DRIVERS","LOONGSON LS2X I2C DRIVER",428
"I2C SUBSYSTEM HOST DRIVERS","MEDIATEK I2C CONTROLLER DRIVER",1697
"I2C SUBSYSTEM HOST DRIVERS","MEDIATEK MT7621/28/88 I2C DRIVER",403
"I2C SUBSYSTEM HOST DRIVERS","MELLANOX BLUEFIELD I2C DRIVER",2454
"I2C SUBSYSTEM HOST DRIVERS","MELLANOX MLXCPLD I2C AND MUX DRIVER",855
"I2C SUBSYSTEM HOST DRIVERS","MICROCHIP I2C DRIVER",1611
"I2C SUBSYSTEM HOST DRIVERS","MICROCHIP PCI1XXXX I2C DRIVER",1212
"I2C SUBSYSTEM HOST DRIVERS","OPENCORES I2C BUS DRIVER",990
"I2C SUBSYSTEM HOST DRIVERS","QUALCOMM I2C CCI DRIVER",1234
"I2C SUBSYSTEM HOST DRIVERS","QUALCOMM I2C QCOM GENI DRIVER",1431
"I2C SUBSYSTEM HOST DRIVERS","RENESAS EMEV2 I2C DRIVER",494
"I2C SUBSYSTEM HOST DRIVERS","RENESAS R-CAR I2C DRIVERS",2612
"I2C SUBSYSTEM HOST DRIVERS","RENESAS RIIC DRIVER",905
"I2C SUBSYSTEM HOST DRIVERS","RENESAS RZ/V2M I2C DRIVER",619
"I2C SUBSYSTEM HOST DRIVERS","RTL9300 I2C DRIVER (rtl9300-i2c)",643
"I2C SUBSYSTEM HOST DRIVERS","SCx200 CPU SUPPORT",1299
"I2C SUBSYSTEM HOST DRIVERS","SOCIONEXT SYNQUACER I2C DRIVER",701
"I2C SUBSYSTEM HOST DRIVERS","SPACEMIT K1 I2C DRIVER",692
"I2C SUBSYSTEM HOST DRIVERS","ST STM32 I2C/SMBUS DRIVER",3632
"I2C SUBSYSTEM HOST DRIVERS","SYNOPSYS DESIGNWARE I2C DRIVER",3963
"I2C SUBSYSTEM HOST DRIVERS","SYNOPSYS DESIGNWARE I2C DRIVER - AMDISP",219
"I2C SUBSYSTEM HOST DRIVERS","TEGRA I2C DRIVER",2013
"I2C SUBSYSTEM HOST DRIVERS","VIRTIO I2C DRIVER",325
"I2C SUBSYSTEM HOST DRIVERS","XLP9XX I2C DRIVER",593
"I3C SUBSYSTEM","I3C DRIVER FOR ANALOG DEVICES I3C CONTROLLER IP",1089
"I3C SUBSYSTEM","I3C DRIVER FOR ASPEED AST2600",259
"I3C SUBSYSTEM","I3C DRIVER FOR CADENCE I3C MASTER IP",1712
"I3C SUBSYSTEM","I3C DRIVER FOR RENESAS",1589
"I3C SUBSYSTEM","I3C DRIVER FOR SYNOPSYS DESIGNWARE",1983
"I3C SUBSYSTEM","I3C SUBSYSTEM",19365
"I3C SUBSYSTEM","SILVACO I3C DUAL-ROLE MASTER",2265
"IEEE 802.15.4 SUBSYSTEM","ADF7242 IEEE 802.15.4 RADIO DRIVER",1371
"IEEE 802.15.4 SUBSYSTEM","ATUSB IEEE 802.15.4 RADIO DRIVER",1431
"IEEE 802.15.4 SUBSYSTEM","CA8210 IEEE-802.15.4 RADIO DRIVER",3191
"IEEE 802.15.4 SUBSYSTEM","CC2520 IEEE-802.15.4 RADIO DRIVER",1225
"IEEE 802.15.4 SUBSYSTEM","IEEE 802.15.4 SUBSYSTEM",32516
"IEEE 802.15.4 SUBSYSTEM","MCR20A IEEE-802.15.4 RADIO DRIVER",1874
"IEEE 802.15.4 SUBSYSTEM","MRF24J40 IEEE 802.15.4 RADIO DRIVER",1421
"IIO SUBSYSTEM AND DRIVERS","AD4030 ADC DRIVER (AD4030-24/AD4630-16/AD4630-24/AD4632-16/AD4632-24)",1518
"IIO SUBSYSTEM AND DRIVERS","AD5110 ANALOG DEVICES DIGITAL POTENTIOMETERS DRIVER",349
"IIO SUBSYSTEM AND DRIVERS","AD5446	ANALOG DEVICES INC AD5446 DAC DRIVER",783
"IIO SUBSYSTEM AND DRIVERS","AD738X ADC DRIVER (AD7380/1/2/4)",2657
"IIO SUBSYSTEM AND DRIVERS","AD7476 ADC DRIVER FOR VARIOUS SIMPLE 1-CHANNEL SPI ADCs",466
"IIO SUBSYSTEM AND DRIVERS","AD7944 ADC DRIVER (AD7944/AD7985/AD7986)",1280
"IIO SUBSYSTEM AND DRIVERS","ADXL313 THREE-AXIS DIGITAL ACCELEROMETER DRIVER",1761
"IIO SUBSYSTEM AND DRIVERS","ADXL355 THREE-AXIS DIGITAL ACCELEROMETER DRIVER",1113
"IIO SUBSYSTEM AND DRIVERS","ADXL367 THREE-AXIS DIGITAL ACCELEROMETER DRIVER",1854
"IIO SUBSYSTEM AND DRIVERS","ADXL372 THREE-AXIS DIGITAL ACCELEROMETER DRIVER",1463
"IIO SUBSYSTEM AND DRIVERS","ADXL380 THREE-AXIS DIGITAL ACCELEROMETER DRIVER",2218
"IIO SUBSYSTEM AND DRIVERS","AF8133J THREE-AXIS MAGNETOMETER DRIVER",586
"IIO SUBSYSTEM AND DRIVERS","AMS AS73211 DRIVER",957
"IIO SUBSYSTEM AND DRIVERS","ANALOG DEVICES INC AD3530R DRIVER",616
"IIO SUBSYSTEM AND DRIVERS","ANALOG DEVICES INC AD3552R DRIVER",1021
"IIO SUBSYSTEM AND DRIVERS","ANALOG DEVICES INC AD4000 DRIVER",1730
"IIO SUBSYSTEM AND DRIVERS","ANALOG DEVICES INC AD4080 DRIVER",802
"IIO SUBSYSTEM AND DRIVERS","ANALOG DEVICES INC AD4130 DRIVER",2405
"IIO SUBSYSTEM AND DRIVERS","ANALOG DEVICES INC AD4170-4 DRIVER",3581
"IIO SUBSYSTEM AND DRIVERS","ANALOG DEVICES INC AD4695 DRIVER",2579
"IIO SUBSYSTEM AND DRIVERS","ANALOG DEVICES INC AD4851 DRIVER",1472
"IIO SUBSYSTEM AND DRIVERS","ANALOG DEVICES INC AD7091R DRIVER",1033
"IIO SUBSYSTEM AND DRIVERS","ANALOG DEVICES INC AD7191 DRIVER",822
"IIO SUBSYSTEM AND DRIVERS","ANALOG DEVICES INC AD7192 DRIVER",1729
"IIO SUBSYSTEM AND DRIVERS","ANALOG DEVICES INC AD7292 DRIVER",436
"IIO SUBSYSTEM AND DRIVERS","ANALOG DEVICES INC AD7293 DRIVER",960
"IIO SUBSYSTEM AND DRIVERS","ANALOG DEVICES INC AD74115 DRIVER",2301
"IIO SUBSYSTEM AND DRIVERS","ANALOG DEVICES INC AD74413R DRIVER",1728
"IIO SUBSYSTEM AND DRIVERS","ANALOG DEVICES INC AD7625 DRIVER",954
"IIO SUBSYSTEM AND DRIVERS","ANALOG DEVICES INC AD7768-1 DRIVER",1636
"IIO SUBSYSTEM AND DRIVERS","ANALOG DEVICES INC AD7780 DRIVER",477
"IIO SUBSYSTEM AND DRIVERS","ANALOG DEVICES INC AD8460 DRIVER",1121
"IIO SUBSYSTEM AND DRIVERS","ANALOG DEVICES INC AD9467 DRIVER",1420
"IIO SUBSYSTEM AND DRIVERS","ANALOG DEVICES INC AD9739a DRIVER",564
"IIO SUBSYSTEM AND DRIVERS","ANALOG DEVICES INC ADA4250 DRIVER",435
"IIO SUBSYSTEM AND DRIVERS","ANALOG DEVICES INC ADF4377 DRIVER",1113
"IIO SUBSYSTEM AND DRIVERS","ANALOG DEVICES INC ADIS DRIVER LIBRARY",1463
"IIO SUBSYSTEM AND DRIVERS","ANALOG DEVICES INC ADIS16460 DRIVER",482
"IIO SUBSYSTEM AND DRIVERS","ANALOG DEVICES INC ADIS16475 DRIVER",2274
"IIO SUBSYSTEM AND DRIVERS","ANALOG DEVICES INC ADIS16550 DRIVER",74
"IIO SUBSYSTEM AND DRIVERS","ANALOG DEVICES INC ADMFM2000 DRIVER",397
"IIO SUBSYSTEM AND DRIVERS","ANALOG DEVICES INC ADMV1013 DRIVER",794
"IIO SUBSYSTEM AND DRIVERS","ANALOG DEVICES INC ADMV1014 DRIVER",962
"IIO SUBSYSTEM AND DRIVERS","ANALOG DEVICES INC ADMV8818 DRIVER",908
"IIO SUBSYSTEM AND DRIVERS","ANALOG DEVICES INC ADRF6780 DRIVER",646
"IIO SUBSYSTEM AND DRIVERS","ANALOG DEVICES INC ADXRS290 DRIVER",768
"IIO SUBSYSTEM AND DRIVERS","ANALOG DEVICES INC AXI DAC DRIVER",1170
"IIO SUBSYSTEM AND DRIVERS","ANALOG DEVICES INC IIO DRIVERS",114172
"IIO SUBSYSTEM AND DRIVERS","AOSONG ADP810 DIFFERENTIAL PRESSURE SENSOR DRIVER",270
"IIO SUBSYSTEM AND DRIVERS","AOSONG AGS02MA TVOC SENSOR DRIVER",212
"IIO SUBSYSTEM AND DRIVERS","APEX EMBEDDED SYSTEMS STX104 IIO DRIVER",523
"IIO SUBSYSTEM AND DRIVERS","ARM/CIRRUS LOGIC EP93XX ARM ARCHITECTURE",560
"IIO SUBSYSTEM AND DRIVERS","ASAHI KASEI AK8974 DRIVER",1050
"IIO SUBSYSTEM AND DRIVERS","AVAGO APDS9306 AMBIENT LIGHT SENSOR DRIVER",1413
"IIO SUBSYSTEM AND DRIVERS","AVIA HX711 ANALOG DIGITAL CONVERTER IIO DRIVER",644
"IIO SUBSYSTEM AND DRIVERS","BOSCH SENSORTEC BMA220 ACCELEROMETER IIO DRIVER",798
"IIO SUBSYSTEM AND DRIVERS","BOSCH SENSORTEC BMA400 ACCELEROMETER IIO DRIVER",2227
"IIO SUBSYSTEM AND DRIVERS","BOSCH SENSORTEC BMI270 IMU IIO DRIVER",1973
"IIO SUBSYSTEM AND DRIVERS","BOSCH SENSORTEC BMI323 IMU IIO DRIVER",2867
"IIO SUBSYSTEM AND DRIVERS","BROADCOM APDS9160 AMBIENT LIGHT SENSOR AND PROXIMITY DRIVER",1670
"IIO SUBSYSTEM AND DRIVERS","CAPELLA MICROSYSTEMS LIGHT SENSOR DRIVER",2323
"IIO SUBSYSTEM AND DRIVERS","DEVANTECH SRF ULTRASONIC RANGER IIO DRIVER",973
"IIO SUBSYSTEM AND DRIVERS","DFROBOT SEN0322 DRIVER",161
"IIO SUBSYSTEM AND DRIVERS","GE HEALTHCARE PMC ADC DRIVER",324
"IIO SUBSYSTEM AND DRIVERS","HID SENSOR HUB DRIVERS",6996
"IIO SUBSYSTEM AND DRIVERS","HONEYWELL HSC030PA PRESSURE SENSOR SERIES IIO DRIVER",902
"IIO SUBSYSTEM AND DRIVERS","HONEYWELL MPRLS0025PA PRESSURE SENSOR SERIES IIO DRIVER",899
"IIO SUBSYSTEM AND DRIVERS","HTS221 TEMPERATURE-HUMIDITY IIO DRIVER",1140
"IIO SUBSYSTEM AND DRIVERS","IIO ADC HELPERS",109
"IIO SUBSYSTEM AND DRIVERS","IIO BACKEND FRAMEWORK",1419
"IIO SUBSYSTEM AND DRIVERS","IIO DIGITAL POTENTIOMETER DAC",328
"IIO SUBSYSTEM AND DRIVERS","IIO ENVELOPE DETECTOR",533
"IIO SUBSYSTEM AND DRIVERS","IIO LIGHT SENSOR GAIN-TIME-SCALE HELPERS",1981
"IIO SUBSYSTEM AND DRIVERS","IIO MULTIPLEXER",545
"IIO SUBSYSTEM AND DRIVERS","IIO SCMI BASED DRIVER",721
"IIO SUBSYSTEM AND DRIVERS","IIO SUBSYSTEM AND DRIVERS",460500
"IIO SUBSYSTEM AND DRIVERS","IIO UNIT CONVERTER",833
"IIO SUBSYSTEM AND DRIVERS","INFINEON DPS310 Driver",967
"IIO SUBSYSTEM AND DRIVERS","INFINEON TLV493D Driver",571
"IIO SUBSYSTEM AND DRIVERS","INVENSENSE ICM-426xx IMU DRIVER",4756
"IIO SUBSYSTEM AND DRIVERS","INVENSENSE ICM-456xx IMU DRIVER",4066
"IIO SUBSYSTEM AND DRIVERS","INVENSENSE MPU-3050 GYROSCOPE DRIVER",1575
"IIO SUBSYSTEM AND DRIVERS","INVENSENSE MPU-6050 IMU DRIVER",4715
"IIO SUBSYSTEM AND DRIVERS","KIONIX/ROHM KX022A ACCELEROMETER",1806
"IIO SUBSYSTEM AND DRIVERS","LTC1660 DAC DRIVER",298
"IIO SUBSYSTEM AND DRIVERS","LTC2664 IIO DAC DRIVER",1077
"IIO SUBSYSTEM AND DRIVERS","LTC2688 IIO DAC DRIVER",1214
"IIO SUBSYSTEM AND DRIVERS","LTC2983 IIO TEMPERATURE DRIVER",2253
"IIO SUBSYSTEM AND DRIVERS","LTR390 AMBIENT/UV LIGHT SENSOR DRIVER",972
"IIO SUBSYSTEM AND DRIVERS","MARVELL 88PM886 PMIC GPADC DRIVER",393
"IIO SUBSYSTEM AND DRIVERS","MAX14001/MAX14002 IIO ADC DRIVER",480
"IIO SUBSYSTEM AND DRIVERS","MAXBOTIX ULTRASONIC RANGER IIO DRIVER",330
"IIO SUBSYSTEM AND DRIVERS","MAXIM MAX11205 DRIVER",249
"IIO SUBSYSTEM AND DRIVERS","MAXIM MAX30208 TEMPERATURE SENSOR DRIVER",251
"IIO SUBSYSTEM AND DRIVERS","MCP4018 AND MCP4531 MICROCHIP DIGITAL POTENTIOMETER DRIVERS",595
"IIO SUBSYSTEM AND DRIVERS","MCP4821 DAC DRIVER",322
"IIO SUBSYSTEM AND DRIVERS","MEASUREMENT COMPUTING CIO-DAC IIO DRIVER",161
"IIO SUBSYSTEM AND DRIVERS","MELEXIS MLX90614 DRIVER",783
"IIO SUBSYSTEM AND DRIVERS","MELEXIS MLX90632 DRIVER",1344
"IIO SUBSYSTEM AND DRIVERS","MELEXIS MLX90635 DRIVER",1094
"IIO SUBSYSTEM AND DRIVERS","MICROCHIP MCP3564 ADC DRIVER",1741
"IIO SUBSYSTEM AND DRIVERS","MICROCHIP MCP3911 ADC DRIVER",1048
"IIO SUBSYSTEM AND DRIVERS","MICROCHIP PAC1921 POWER/CURRENT MONITOR DRIVER",1416
"IIO SUBSYSTEM AND DRIVERS","MICROCHIP PAC1934 POWER/ENERGY MONITOR DRIVER",1752
"IIO SUBSYSTEM AND DRIVERS","MICROCHIP SAMA5D2-COMPATIBLE ADC DRIVER",2747
"IIO SUBSYSTEM AND DRIVERS","NUVOTON NCT7201 IIO DRIVER",571
"IIO SUBSYSTEM AND DRIVERS","NXP FXAS21002C DRIVER",1381
"IIO SUBSYSTEM AND DRIVERS","NXP i.MX 7D/6SX/6UL/93 AND VF610 ADC DRIVER",2254
"IIO SUBSYSTEM AND DRIVERS","NXP i.MX 8QXP ADC DRIVER",582
"IIO SUBSYSTEM AND DRIVERS","PARALLAX PING IIO SENSOR DRIVER",383
"IIO SUBSYSTEM AND DRIVERS","PLANTOWER PMS7003 AIR POLLUTION SENSOR DRIVER",404
"IIO SUBSYSTEM AND DRIVERS","PNI RM3100 IIO DRIVER",788
"IIO SUBSYSTEM AND DRIVERS","RENESAS R-CAR GYROADC DRIVER",745
"IIO SUBSYSTEM AND DRIVERS","RENESAS RZ/G2L A/D DRIVER",776
"IIO SUBSYSTEM AND DRIVERS","RENESAS RZ/N1 ADC DRIVER",601
"IIO SUBSYSTEM AND DRIVERS","RENESAS RZ/T2H / RZ/N2H A/D DRIVER",439
"IIO SUBSYSTEM AND DRIVERS","RENESAS X9250 DIGITAL POTENTIOMETERS DRIVER",298
"IIO SUBSYSTEM AND DRIVERS","ROHM BD791xx ADC / GPO IC",1676
"IIO SUBSYSTEM AND DRIVERS","ROHM BD79703 DAC",246
"IIO SUBSYSTEM AND DRIVERS","ROHM BH1745 COLOUR SENSOR",901
"IIO SUBSYSTEM AND DRIVERS","ROHM BH1750 AMBIENT LIGHT SENSOR DRIVER",407
"IIO SUBSYSTEM AND DRIVERS","ROHM BM1390 PRESSURE SENSOR DRIVER",913
"IIO SUBSYSTEM AND DRIVERS","ROHM BU270xx LIGHT SENSOR DRIVERs",1329
"IIO SUBSYSTEM AND DRIVERS","SCIOSENSE ENS160 MULTI-GAS SENSOR DRIVER",509
"IIO SUBSYSTEM AND DRIVERS","SENSEAIR SUNRISE 006-0-0007",628
"IIO SUBSYSTEM AND DRIVERS","SENSIRION SCD30 CARBON DIOXIDE SENSOR DRIVER",1293
"IIO SUBSYSTEM AND DRIVERS","SENSIRION SCD4X CARBON DIOXIDE SENSOR DRIVER",811
"IIO SUBSYSTEM AND DRIVERS","SENSIRION SDP500 DIFFERENTIAL PRESSURE SENSOR DRIVER",202
"IIO SUBSYSTEM AND DRIVERS","SENSIRION SGP40 GAS SENSOR DRIVER",400
"IIO SUBSYSTEM AND DRIVERS","SENSIRION SPS30 AIR POLLUTION SENSOR DRIVER",1116
"IIO SUBSYSTEM AND DRIVERS","SHARP GP2AP002A00F/GP2AP002S00F SENSOR DRIVER",806
"IIO SUBSYSTEM AND DRIVERS","ST LSM6DSx IMU IIO DRIVER",5794
"IIO SUBSYSTEM AND DRIVERS","ST VL53L0X ToF RANGER(I2C) IIO DRIVER",466
"IIO SUBSYSTEM AND DRIVERS","STAGING - INDUSTRIAL IO",5496
"IIO SUBSYSTEM AND DRIVERS","TEXAS INSTRUMENTS' DAC7612 DAC DRIVER",247
"IIO SUBSYSTEM AND DRIVERS","TEXAS INSTRUMENTS' TMP117 TEMPERATURE SENSOR DRIVER",281
"IIO SUBSYSTEM AND DRIVERS","TI ADC12xs and ROHM BD79104 ADC driver",286
"IIO SUBSYSTEM AND DRIVERS","TI ADS1119 ADC DRIVER",980
"IIO SUBSYSTEM AND DRIVERS","TI ADS7924 ADC DRIVER",578
"IIO SUBSYSTEM AND DRIVERS","TI HDC302X HUMIDITY DRIVER",968
"IIO SUBSYSTEM AND DRIVERS","TI LMP92064 ADC DRIVER",453
"IIO SUBSYSTEM AND DRIVERS","TI TMAG5273 MAGNETOMETER DRIVER",810
"IIO SUBSYSTEM AND DRIVERS","TI TSC2046 ADC DRIVER",976
"IIO SUBSYSTEM AND DRIVERS","VISHAY VEML3235 AMBIENT LIGHT SENSOR DRIVER",654
"IIO SUBSYSTEM AND DRIVERS","VISHAY VEML6030 AMBIENT LIGHT SENSOR DRIVER",1349
"IIO SUBSYSTEM AND DRIVERS","VISHAY VEML6046X00 RGBIR COLOR SENSOR DRIVER",1081
"IIO SUBSYSTEM AND DRIVERS","VISHAY VEML6075 UVA AND UVB LIGHT SENSOR DRIVER",542
"IIO SUBSYSTEM AND DRIVERS","WINSEN MHZ19B",349
"INDUSTRY PACK SUBSYSTEM (IPACK)","INDUSTRY PACK SUBSYSTEM (IPACK)",2692
"INFINIBAND SUBSYSTEM","ALIBABA ELASTIC RDMA DRIVER",7977
"INFINIBAND SUBSYSTEM","AMAZON RDMA EFA DRIVER",7903
"INFINIBAND SUBSYSTEM","AMD PENSANDO RDMA DRIVER",8728
"INFINIBAND SUBSYSTEM","BROADCOM 800 GIGABIT ROCE DRIVER",2466
"INFINIBAND SUBSYSTEM","BROADCOM NETXTREME-E ROCE DRIVER",22953
"INFINIBAND SUBSYSTEM","CISCO VIC LOW LATENCY NIC DRIVER",5726
"INFINIBAND SUBSYSTEM","CXGB4 IWARP RNIC DRIVER (IW_CXGB4)",15625
"INFINIBAND SUBSYSTEM","EMULEX ONECONNECT ROCE DRIVER",11170
"INFINIBAND SUBSYSTEM","HFI1 DRIVER",78358
"INFINIBAND SUBSYSTEM","HISILICON ROCE DRIVER",20133
"INFINIBAND SUBSYSTEM","INFINIBAND SUBSYSTEM",459009
"INFINIBAND SUBSYSTEM","INTEL ETHERNET PROTOCOL DRIVER FOR RDMA",36865
"INFINIBAND SUBSYSTEM","ISCSI EXTENSIONS FOR RDMA (ISER) INITIATOR",3760
"INFINIBAND SUBSYSTEM","ISCSI EXTENSIONS FOR RDMA (ISER) TARGET",2884
"INFINIBAND SUBSYSTEM","MELLANOX MLX4 IB driver",20122
"INFINIBAND SUBSYSTEM","MELLANOX MLX5 IB driver",57249
"INFINIBAND SUBSYSTEM","OPA-VNIC DRIVER",3413
"INFINIBAND SUBSYSTEM","QLOGIC QL4xxx RDMA DRIVER",8896
"INFINIBAND SUBSYSTEM","RDMAVT - RDMA verbs software",7643
"INFINIBAND SUBSYSTEM","RTRS TRANSPORT DRIVERS",8778
"INFINIBAND SUBSYSTEM","SCSI RDMA PROTOCOL (SRP) INITIATOR",4896
"INFINIBAND SUBSYSTEM","SCSI RDMA PROTOCOL (SRP) TARGET",4609
"INFINIBAND SUBSYSTEM","SOFT-IWARP DRIVER (siw)",10615
"INFINIBAND SUBSYSTEM","SOFT-ROCE DRIVER (rxe)",14879
"INFINIBAND SUBSYSTEM","VMWARE PVRDMA DRIVER",6099
"INPUT (KEYBOARD, MOUSE, JOYSTICK, TOUCHSCREEN) DRIVERS","AD714X CAPACITANCE TOUCH SENSOR DRIVER (AD7142/3/7/8/7A)",1204
"INPUT (KEYBOARD, MOUSE, JOYSTICK, TOUCHSCREEN) DRIVERS","AD7877 TOUCHSCREEN DRIVER",822
"INPUT (KEYBOARD, MOUSE, JOYSTICK, TOUCHSCREEN) DRIVERS","AD7879 TOUCHSCREEN DRIVER (AD7879/AD7889)",641
"INPUT (KEYBOARD, MOUSE, JOYSTICK, TOUCHSCREEN) DRIVERS","ADAFRUIT MINI I2C GAMEPAD",393
"INPUT (KEYBOARD, MOUSE, JOYSTICK, TOUCHSCREEN) DRIVERS","ADP5588 QWERTY KEYPAD AND IO EXPANDER DRIVER (ADP5588/ADP5587)",1012
"INPUT (KEYBOARD, MOUSE, JOYSTICK, TOUCHSCREEN) DRIVERS","ADXL34X THREE-AXIS DIGITAL ACCELEROMETER DRIVER (ADXL345/ADXL346)",965
"INPUT (KEYBOARD, MOUSE, JOYSTICK, TOUCHSCREEN) DRIVERS","AGPGART DRIVER",11947
"INPUT (KEYBOARD, MOUSE, JOYSTICK, TOUCHSCREEN) DRIVERS","ALPS PS/2 TOUCHPAD DRIVER",3566
"INPUT (KEYBOARD, MOUSE, JOYSTICK, TOUCHSCREEN) DRIVERS","APPLE BCM5974 MULTITOUCH DRIVER",1024
"INPUT (KEYBOARD, MOUSE, JOYSTICK, TOUCHSCREEN) DRIVERS","ARM PRIMECELL KMI PL050 DRIVER",287
"INPUT (KEYBOARD, MOUSE, JOYSTICK, TOUCHSCREEN) DRIVERS","ATI_REMOTE2 DRIVER",1000
"INPUT (KEYBOARD, MOUSE, JOYSTICK, TOUCHSCREEN) DRIVERS","ATMEL MAXTOUCH DRIVER",3582
"INPUT (KEYBOARD, MOUSE, JOYSTICK, TOUCHSCREEN) DRIVERS","CHIPONE ICN8318 I2C TOUCHSCREEN DRIVER",333
"INPUT (KEYBOARD, MOUSE, JOYSTICK, TOUCHSCREEN) DRIVERS","CHIPONE ICN8505 I2C TOUCHSCREEN DRIVER",507
"INPUT (KEYBOARD, MOUSE, JOYSTICK, TOUCHSCREEN) DRIVERS","CIRRUS LOGIC HAPTIC DRIVERS",1775
"INPUT (KEYBOARD, MOUSE, JOYSTICK, TOUCHSCREEN) DRIVERS","CYPRESS CY8CTMA140 TOUCHSCREEN DRIVER",349
"INPUT (KEYBOARD, MOUSE, JOYSTICK, TOUCHSCREEN) DRIVERS","CYPRESS STREETFIGHTER TOUCHKEYS DRIVER",299
"INPUT (KEYBOARD, MOUSE, JOYSTICK, TOUCHSCREEN) DRIVERS","CYTTSP TOUCHSCREEN DRIVER",2153
"INPUT (KEYBOARD, MOUSE, JOYSTICK, TOUCHSCREEN) DRIVERS","D-LINK DIR-685 TOUCHKEYS DRIVER",156
"INPUT (KEYBOARD, MOUSE, JOYSTICK, TOUCHSCREEN) DRIVERS","E3X0 POWER BUTTON DRIVER",158
"INPUT (KEYBOARD, MOUSE, JOYSTICK, TOUCHSCREEN) DRIVERS","FLYSKY FSIA6B RC RECEIVER",231
"INPUT (KEYBOARD, MOUSE, JOYSTICK, TOUCHSCREEN) DRIVERS","GENERIC RESISTIVE TOUCHSCREEN ADC DRIVER",303
"INPUT (KEYBOARD, MOUSE, JOYSTICK, TOUCHSCREEN) DRIVERS","GOODIX TOUCHSCREEN",3253
"INPUT (KEYBOARD, MOUSE, JOYSTICK, TOUCHSCREEN) DRIVERS","HIMAX HX83112B TOUCHSCREEN SUPPORT",437
"INPUT (KEYBOARD, MOUSE, JOYSTICK, TOUCHSCREEN) DRIVERS","HIMAX HX852X TOUCHSCREEN DRIVER",584
"INPUT (KEYBOARD, MOUSE, JOYSTICK, TOUCHSCREEN) DRIVERS","HTCPEN TOUCHSCREEN DRIVER",243
"INPUT (KEYBOARD, MOUSE, JOYSTICK, TOUCHSCREEN) DRIVERS","HYCON HY46XX TOUCHSCREEN SUPPORT",703
"INPUT (KEYBOARD, MOUSE, JOYSTICK, TOUCHSCREEN) DRIVERS","IBM Operation Panel Input Driver",246
"INPUT (KEYBOARD, MOUSE, JOYSTICK, TOUCHSCREEN) DRIVERS","IDEAPAD LAPTOP SLIDEBAR DRIVER",339
"INPUT (KEYBOARD, MOUSE, JOYSTICK, TOUCHSCREEN) DRIVERS","IMAGIS TOUCHSCREEN DRIVER",572
"INPUT (KEYBOARD, MOUSE, JOYSTICK, TOUCHSCREEN) DRIVERS","INPUT (KEYBOARD, MOUSE, JOYSTICK, TOUCHSCREEN) DRIVERS",251468
"INPUT (KEYBOARD, MOUSE, JOYSTICK, TOUCHSCREEN) DRIVERS","INPUT MULTITOUCH (MT) PROTOCOL",949
"INPUT (KEYBOARD, MOUSE, JOYSTICK, TOUCHSCREEN) DRIVERS","MAXIM MAX7360 KEYPAD LED MFD DRIVER",1735
"INPUT (KEYBOARD, MOUSE, JOYSTICK, TOUCHSCREEN) DRIVERS","MEDIATEK KEYPAD DRIVER",346
"INPUT (KEYBOARD, MOUSE, JOYSTICK, TOUCHSCREEN) DRIVERS","NOVATEK NVT-TS I2C TOUCHSCREEN DRIVER",416
"INPUT (KEYBOARD, MOUSE, JOYSTICK, TOUCHSCREEN) DRIVERS","PARISC ARCHITECTURE",85747
"INPUT (KEYBOARD, MOUSE, JOYSTICK, TOUCHSCREEN) DRIVERS","PHOENIX RC FLIGHT CONTROLLER ADAPTER",331
"INPUT (KEYBOARD, MOUSE, JOYSTICK, TOUCHSCREEN) DRIVERS","PINE64 PINEPHONE KEYBOARD DRIVER",516
"INPUT (KEYBOARD, MOUSE, JOYSTICK, TOUCHSCREEN) DRIVERS","SIS I2C TOUCHSCREEN DRIVER",426
"INPUT (KEYBOARD, MOUSE, JOYSTICK, TOUCHSCREEN) DRIVERS","SUN4I LOW RES ADC ATTACHED TABLET KEYS DRIVER",480
"INPUT (KEYBOARD, MOUSE, JOYSTICK, TOUCHSCREEN) DRIVERS","TEGRA KBC DRIVER",790
"INPUT (KEYBOARD, MOUSE, JOYSTICK, TOUCHSCREEN) DRIVERS","TOUCH OVERLAY",303
"INPUT (KEYBOARD, MOUSE, JOYSTICK, TOUCHSCREEN) DRIVERS","VIRTUAL SERIO DEVICE DRIVER",328
"INPUT (KEYBOARD, MOUSE, JOYSTICK, TOUCHSCREEN) DRIVERS","VMWARE VMMOUSE SUBDRIVER",484
"INPUT (KEYBOARD, MOUSE, JOYSTICK, TOUCHSCREEN) DRIVERS","WACOM PROTOCOL 4 SERIAL TABLETS",617
"INPUT (KEYBOARD, MOUSE, JOYSTICK, TOUCHSCREEN) DRIVERS","WISTRON LAPTOP BUTTON DRIVER",1389
"INPUT (KEYBOARD, MOUSE, JOYSTICK, TOUCHSCREEN) DRIVERS","YEALINK PHONE DRIVER",1390
"INTEL I/OAT DMA DRIVER","INTEL I/OAT DMA DRIVER",0
"INTEL IDLE DRIVER","INTEL IDLE DRIVER",2562
"INTEL WIRELESS 3945ABG/BG, 4965AGN (iwlegacy)","INTEL WIRELESS 3945ABG/BG, 4965AGN (iwlegacy)",37625
"IO_URING","IO_URING",27872
"IO_URING","IO_URING ZCRX",1594
"IOMMU SUBSYSTEM","AMD IOMMU (AMD-VI)",10475
"IOMMU SUBSYSTEM","ARM SMMU DRIVERS",18005
"IOMMU SUBSYSTEM","ARM SMMU SVA SUPPORT",369
"IOMMU SUBSYSTEM","EXYNOS SYSMMU (IOMMU) driver",1531
"IOMMU SUBSYSTEM","INTEL IOMMU (VT-d)",14705
"IOMMU SUBSYSTEM","IOMMU DMA-API LAYER",3520
"IOMMU SUBSYSTEM","IOMMU SUBSYSTEM",100188
"IOMMU SUBSYSTEM","IOMMUFD",21408
"IOMMU SUBSYSTEM","QUALCOMM IOMMU",5068
"IOMMU SUBSYSTEM","RISC-V IOMMU",3032
"IOMMU SUBSYSTEM","S390 IOMMU (PCI)",1197
"IOMMU SUBSYSTEM","TEGRA IOMMU DRIVERS",2884
"IOMMU SUBSYSTEM","VIRTIO IOMMU DRIVER",1472
"IOSYS-MAP HELPERS","IOSYS-MAP HELPERS",511
"IRQ SUBSYSTEM","IRQ DOMAINS (IRQ NUMBER MAPPING LIBRARY)",5035
"IRQ SUBSYSTEM","IRQ SUBSYSTEM",18446
"IRQCHIP DRIVERS","AMAZON ANNAPURNA LABS FIC DRIVER",324
"IRQCHIP DRIVERS","ANDROID GOLDFISH PIC DRIVER",180
"IRQCHIP DRIVERS","ARM GENERIC INTERRUPT CONTROLLER DRIVERS",18673
"IRQCHIP DRIVERS","ARM GENERIC INTERRUPT CONTROLLER V5 DRIVERS",4549
"IRQCHIP DRIVERS","ARM PRIMECELL VIC PL190/PL192 DRIVER",601
"IRQCHIP DRIVERS","ARM/TEXAS INSTRUMENT KEYSTONE CLOCK FRAMEWORK",1616
"IRQCHIP DRIVERS","ASPEED SCU INTERRUPT CONTROLLER DRIVER",383
"IRQCHIP DRIVERS","IRQCHIP DRIVERS",71533
"IRQCHIP DRIVERS","MICROCHIP EIC DRIVER",358
"IRQCHIP DRIVERS","MICROCHIP LAN966X OIC DRIVER",328
"IRQCHIP DRIVERS","MIPS CORE DRIVERS",2488
"IRQCHIP DRIVERS","MSTAR INTERRUPT CONTROLLER DRIVER",359
"IRQCHIP DRIVERS","RISC-V AIA DRIVERS",3625
"IRQCHIP DRIVERS","STARFIVE JH8100 EXTERNAL INTERRUPT CONTROLLER DRIVER",268
"IRQCHIP DRIVERS","TEXAS INSTRUMENTS' SYSTEM CONTROL INTERFACE (TISCI) PROTOCOL DRIVER",9367
"iSCSI BOOT FIRMWARE TABLE (iBFT) DRIVER","iSCSI BOOT FIRMWARE TABLE (iBFT) DRIVER",1009
"ISDN/mISDN SUBSYSTEM","ISDN/mISDN SUBSYSTEM",38093
"JOURNALLING FLASH FILE SYSTEM V2 (JFFS2)","JOURNALLING FLASH FILE SYSTEM V2 (JFFS2)",19086
"JOURNALLING LAYER FOR BLOCK DEVICES (JBD2)","JOURNALLING LAYER FOR BLOCK DEVICES (JBD2)",11422
"KERNEL AUTOMOUNTER","KERNEL AUTOMOUNTER",3733
"KERNEL JANITORS","KERNEL JANITORS",0
"KERNEL SELFTEST FRAMEWORK","BPF [BTF]",10553
"KERNEL SELFTEST FRAMEWORK","BPF [CORE]",45942
"KERNEL SELFTEST FRAMEWORK","BPF [CRYPTO]",500
"KERNEL SELFTEST FRAMEWORK","BPF [GENERAL] (Safe Dynamic Programs and Tools)",572572
"KERNEL SELFTEST FRAMEWORK","BPF [ITERATOR]",3129
"KERNEL SELFTEST FRAMEWORK","BPF [LIBRARY] (libbpf)",46121
"KERNEL SELFTEST FRAMEWORK","BPF [NETWORKING] (struct_ops, reuseport)",1404
"KERNEL SELFTEST FRAMEWORK","BPF [RINGBUF]",879
"KERNEL SELFTEST FRAMEWORK","BPF [SELFTESTS] (Test Runners & Infrastructure)",287851
"KERNEL SELFTEST FRAMEWORK","BPF [STORAGE & CGROUPS]",5806
"KERNEL SELFTEST FRAMEWORK","BPF [TOOLING] (bpftool)",24542
"KERNEL SELFTEST FRAMEWORK","CACHESTAT: PAGE CACHE STATS FOR A FILE",365
"KERNEL SELFTEST FRAMEWORK","FILESYSTEMS [IDMAPPED MOUNTS]",3830
"KERNEL SELFTEST FRAMEWORK","FUTEX SUBSYSTEM",12256
"KERNEL SELFTEST FRAMEWORK","GENERIC VDSO LIBRARY",3759
"KERNEL SELFTEST FRAMEWORK","GPIO MOCKUP DRIVER",2584
"KERNEL SELFTEST FRAMEWORK","HIGH-RESOLUTION TIMERS, TIMER WHEEL, CLOCKEVENTS",14967
"KERNEL SELFTEST FRAMEWORK","HMM - Heterogeneous Memory Management",6361
"KERNEL SELFTEST FRAMEWORK","KERNEL SELFTEST FRAMEWORK",919028
"KERNEL SELFTEST FRAMEWORK","KERNEL VIRTUAL MACHINE (KVM)",101734
"KERNEL SELFTEST FRAMEWORK","LANDLOCK SECURITY MODULE",23824
"KERNEL SELFTEST FRAMEWORK","LIVE PATCHING",10438
"KERNEL SELFTEST FRAMEWORK","MEMORY MANAGEMENT - MISC",58812
"KERNEL SELFTEST FRAMEWORK","MEMORY MANAGEMENT - USERFAULTFD",9318
"KERNEL SELFTEST FRAMEWORK","NFC VIRTUAL NCI DEVICE DRIVER",1130
"KERNEL SELFTEST FRAMEWORK","NOLIBC HEADER FILE",10103
"KERNEL SELFTEST FRAMEWORK","PIDFD API",6195
"KERNEL SELFTEST FRAMEWORK","RCUTORTURE TEST FRAMEWORK",6262
"KERNEL SELFTEST FRAMEWORK","RESTARTABLE SEQUENCES SUPPORT",9881
"KERNEL SELFTEST FRAMEWORK","SECURE COMPUTING",10375
"KERNEL SELFTEST FRAMEWORK","SOCKET TIMESTAMPING",4210
"KERNEL SELFTEST FRAMEWORK","TIMEKEEPING, CLOCKSOURCE CORE, NTP, ALARMTIMER",14313
"KERNEL SELFTEST FRAMEWORK","TURBOSTAT UTILITY",12282
"KERNEL SELFTEST FRAMEWORK","XDP (eXpress Data Path)",27992
"KERNEL USERMODE HELPER","KERNEL USERMODE HELPER",638
"KERNFS","KERNFS",4979
"KEXEC","KEXEC",4039
"KTEST","KTEST",8388
"LEAKING_ADDRESSES","LEAKING_ADDRESSES",706
"LED SUBSYSTEM","ARM/CZ.NIC TURRIS SUPPORT",6520
"LED SUBSYSTEM","AS3645A LED FLASH CONTROLLER DRIVER",770
"LED SUBSYSTEM","BLINKM RGB LED DRIVER",833
"LED SUBSYSTEM","CHROMEOS EC LED DRIVER",263
"LED SUBSYSTEM","EXPRESSWIRE PROTOCOL LIBRARY",110
"LED SUBSYSTEM","LED SUBSYSTEM",66008
"LED SUBSYSTEM","MEDIATEK BOARD LEVEL SHUTDOWN DRIVERS",697
"LED SUBSYSTEM","MEDIATEK PMIC LED DRIVER",1327
"LED SUBSYSTEM","MELLANOX MLXCPLD LED DRIVER",845
"LED SUBSYSTEM","PCA9532 LED DRIVER",643
"LED SUBSYSTEM","QNAP MCU DRIVER",1353
"LED SUBSYSTEM","SIEMENS IPC LED DRIVERS",551
"LED SUBSYSTEM","SOEKRIS NET48XX LED SUPPORT",86
"LED SUBSYSTEM","TEXAS INSTRUMENTS TPS6131X FLASH LED DRIVER",935
"LED SUBSYSTEM","TEXAS INSTRUMENTS' LB8864 LED BACKLIGHT DRIVER",376
"LIBATA SUBSYSTEM (Serial and Parallel ATA drivers)","LIBATA PATA ARASAN COMPACT FLASH CONTROLLER",1027
"LIBATA SUBSYSTEM (Serial and Parallel ATA drivers)","LIBATA PATA FARADAY FTIDE010 AND GEMINI SATA BRIDGE DRIVERS",991
"LIBATA SUBSYSTEM (Serial and Parallel ATA drivers)","LIBATA SATA AHCI PLATFORM devices support",1135
"LIBATA SUBSYSTEM (Serial and Parallel ATA drivers)","LIBATA SATA PROMISE TX2/TX4 CONTROLLER DRIVER",1371
"LIBATA SUBSYSTEM (Serial and Parallel ATA drivers)","LIBATA SUBSYSTEM (Serial and Parallel ATA drivers)",101707
"LIBATA SUBSYSTEM (Serial and Parallel ATA drivers)","RENESAS R-CAR SATA DRIVER",1110
"LIBRARY CODE","BITMAP API",8709
"LIBRARY CODE","CLOSURES",789
"LIBRARY CODE","CODE TAGGING",553
"LIBRARY CODE","DEBUGOBJECTS:",1631
"LIBRARY CODE","DYNAMIC DEBUG",2026
"LIBRARY CODE","ERRSEQ ERROR TRACKING INFRASTRUCTURE",222
"LIBRARY CODE","EXTRA BOOT CONFIG",3222
"LIBRARY CODE","GENERIC RADIX TREE",632
"LIBRARY CODE","GENERIC STRING LIBRARY",4321
"LIBRARY CODE","KFIFO",2327
"LIBRARY CODE","LIBRARY CODE",116598
"LIBRARY CODE","LINEAR RANGES HELPERS",557
"LIBRARY CODE","LOCKING PRIMITIVES",35558
"LIBRARY CODE","MAPLE TREE",49393
"LIBRARY CODE","MEMORY ALLOCATION PROFILING",1442
"LIBRARY CODE","MIN HEAP",1071
"LIBRARY CODE","MODULE SUPPORT",12878
"LIBRARY CODE","OBJAGG",2137
"LIBRARY CODE","OBJPOOL",1161
"LIBRARY CODE","PACKING",1792
"LIBRARY CODE","PARMAN",846
"LIBRARY CODE","RHASHTABLE",3544
"LIBRARY CODE","SIPHASH PRF ROUTINES",904
"LIBRARY CODE","UBSAN",1198
"LIBRARY CODE","USERSPACE COPYIN/COPYOUT (UIOVEC)",2266
"LIBRARY CODE","UUID HELPERS",377
"LIBRARY CODE","VSPRINTF",6090
"LIBRARY CODE","XARRAY",47467
"LIBRARY CODE","XZ EMBEDDED",4673
"LINUX FOR POWERPC (32-BIT AND 64-BIT)","ADT746X FAN DRIVER",623
"LINUX FOR POWERPC (32-BIT AND 64-BIT)","BPF JIT for POWERPC (32-BIT AND 64-BIT)",4464
"LINUX FOR POWERPC (32-BIT AND 64-BIT)","CELL BROADBAND ENGINE ARCHITECTURE",13970
"LINUX FOR POWERPC (32-BIT AND 64-BIT)","IBM Power 842 compression accelerator",2124
"LINUX FOR POWERPC (32-BIT AND 64-BIT)","IBM Power in-Nest Crypto Acceleration",6819
"LINUX FOR POWERPC (32-BIT AND 64-BIT)","IBM Power IO DLPAR Driver for RPA-compliant PPC64 platform",625
"LINUX FOR POWERPC (32-BIT AND 64-BIT)","IBM Power PCI Hotplug Driver for RPA-compliant PPC64 platform",955
"LINUX FOR POWERPC (32-BIT AND 64-BIT)","IBM Power SRIOV Virtual NIC Device Driver",7882
"LINUX FOR POWERPC (32-BIT AND 64-BIT)","IBM Power Virtual Ethernet Device Driver",2518
"LINUX FOR POWERPC (32-BIT AND 64-BIT)","IBM Power Virtual FC Device Drivers",7563
"LINUX FOR POWERPC (32-BIT AND 64-BIT)","IBM Power Virtual SCSI Device Drivers",2758
"LINUX FOR POWERPC (32-BIT AND 64-BIT)","KERNEL VIRTUAL MACHINE FOR POWERPC (KVM/powerpc)",62256
"LINUX FOR POWERPC (32-BIT AND 64-BIT)","LINUX FOR POWER MACINTOSH",34084
"LINUX FOR POWERPC (32-BIT AND 64-BIT)","LINUX FOR POWERPC (32-BIT AND 64-BIT)",641301
"LINUX FOR POWERPC (32-BIT AND 64-BIT)","LINUX FOR POWERPC EMBEDDED MPC5XXX",6634
"LINUX FOR POWERPC (32-BIT AND 64-BIT)","LINUX FOR POWERPC EMBEDDED PPC4XX",6132
"LINUX FOR POWERPC (32-BIT AND 64-BIT)","LINUX FOR POWERPC EMBEDDED PPC85XX",7133
"LINUX FOR POWERPC (32-BIT AND 64-BIT)","LINUX FOR POWERPC EMBEDDED PPC8XX AND PPC83XX",5296
"LINUX FOR POWERPC (32-BIT AND 64-BIT)","PCI ENHANCED ERROR HANDLING (EEH) FOR POWERPC",11284
"LINUX FOR POWERPC (32-BIT AND 64-BIT)","PCI ERROR RECOVERY",472
"LINUX FOR POWERPC (32-BIT AND 64-BIT)","PS3 NETWORK SUPPORT",2288
"LINUX FOR POWERPC (32-BIT AND 64-BIT)","PS3 PLATFORM SUPPORT",21655
"LINUX FOR POWERPC (32-BIT AND 64-BIT)","PS3VRAM DRIVER",853
"LINUX FOR POWERPC (32-BIT AND 64-BIT)","SPU FILE SYSTEM",11947
"LINUX FOR POWERPC (32-BIT AND 64-BIT)","TPM DEVICE DRIVER",23257
"LINUX-NEXT TREE","LINUX-NEXT TREE",0
"LIST KUNIT TEST","LIST KUNIT TEST",1505
"LIVE UPDATE","KEXEC HANDOVER (KHO)",2976
"LIVE UPDATE","LIVE UPDATE",6032
"LOONGARCH","BPF JIT for LOONGARCH",2297
"LOONGARCH","KERNEL VIRTUAL MACHINE FOR LOONGARCH (KVM/LoongArch)",9517
"LOONGARCH","LOONGARCH",56061
"LTP (Linux Test Project)","LTP (Linux Test Project)",0
"M68K ARCHITECTURE","M68K ARCHITECTURE",175198
"M68K ARCHITECTURE","M68K ON APPLE MACINTOSH",4990
"M68K ARCHITECTURE","M68K ON HP9000/300",671
"M68K ARCHITECTURE","NUBUS SUBSYSTEM",1666
"M68K ARCHITECTURE","SUN3/3X",4806
"M68K ARCHITECTURE","UCLINUX (M68KNOMMU AND COLDFIRE)",12018
"MAC80211","ADM8211 WIRELESS DRIVER",2645
"MAC80211","MAC80211",105969
"MAC80211","NETWORKING DRIVERS (WIRELESS)",17181
"MAC80211","QUALCOMM ATH12K WIRELESS DRIVER",92002
"MAC80211","QUALCOMM ATHEROS ATH11K WIRELESS DRIVER",81615
"MAC80211","SILICON LABS WIRELESS DRIVERS (for WFxxx series)",8658
"MAILBOX API","ACPI PCC(Platform Communication Channel) MAILBOX DRIVER",971
"MAILBOX API","ALTERA MAILBOX DRIVER",361
"MAILBOX API","ARM/CIX SOC SUPPORT",1828
"MAILBOX API","MAILBOX API",29052
"MAILBOX API","MAILBOX ARM MHUv2",1365
"MAILBOX API","MAILBOX ARM MHUv3",1327
"MAILBOX API","QUALCOMM CPUCP MAILBOX DRIVER",241
"MAILBOX API","QUALCOMM IPCC MAILBOX DRIVER",509
"MAILBOX API","SAMSUNG EXYNOS MAILBOX DRIVER",245
"MAN-PAGES: MANUAL PAGES FOR LINUX -- Sections 2, 3, 4, 5, and 7","MAN-PAGES: MANUAL PAGES FOR LINUX -- Sections 2, 3, 4, 5, and 7",0
"MARVELL LIBERTAS WIRELESS DRIVER","MARVELL LIBERTAS WIRELESS DRIVER",17807
"MARVELL MWIFIEX WIRELESS DRIVER","MARVELL MWIFIEX WIRELESS DRIVER",46985
"MARVELL MWL8K WIRELESS DRIVER","MARVELL MWL8K WIRELESS DRIVER",6449
"MEDIA INPUT INFRASTRUCTURE (V4L/DVB)","A8293 MEDIA DRIVER",307
"MEDIA INPUT INFRASTRUCTURE (V4L/DVB)","ADP1653 FLASH CONTROLLER DRIVER",701
"MEDIA INPUT INFRASTRUCTURE (V4L/DVB)","AF9013 MEDIA DRIVER",2514
"MEDIA INPUT INFRASTRUCTURE (V4L/DVB)","AF9033 MEDIA DRIVER",3277
"MEDIA INPUT INFRASTRUCTURE (V4L/DVB)","AIMSLAB FM RADIO RECEIVER DRIVER",195
"MEDIA INPUT INFRASTRUCTURE (V4L/DVB)","AIRSPY MEDIA DRIVER",1123
"MEDIA INPUT INFRASTRUCTURE (V4L/DVB)","ALLEGRO DVT VIDEO IP CORE DRIVER",7846
"MEDIA INPUT INFRASTRUCTURE (V4L/DVB)","ALLIED VISION ALVIUM CAMERA DRIVER",3103
"MEDIA INPUT INFRASTRUCTURE (V4L/DVB)","ALLWINNER A10 CSI DRIVER",1505
"MEDIA INPUT INFRASTRUCTURE (V4L/DVB)","ALLWINNER A31 CSI DRIVER",2978
"MEDIA INPUT INFRASTRUCTURE (V4L/DVB)","ALLWINNER A31 ISP DRIVER",3168
"MEDIA INPUT INFRASTRUCTURE (V4L/DVB)","ALLWINNER A31 MIPI CSI-2 BRIDGE DRIVER",1055
"MEDIA INPUT INFRASTRUCTURE (V4L/DVB)","ALLWINNER VPU DRIVER",5653
"MEDIA INPUT INFRASTRUCTURE (V4L/DVB)","AMLOGIC ISP DRIVER",5823
"MEDIA INPUT INFRASTRUCTURE (V4L/DVB)","AMLOGIC MIPI ADAPTER DRIVER",972
"MEDIA INPUT INFRASTRUCTURE (V4L/DVB)","AMLOGIC MIPI CSI2 DRIVER",973
"MEDIA INPUT INFRASTRUCTURE (V4L/DVB)","AMPHION VPU CODEC V4L2 DRIVER",12717
"MEDIA INPUT INFRASTRUCTURE (V4L/DVB)","ANALOG DEVICES INC ADV7180 DRIVER",1825
"MEDIA INPUT INFRASTRUCTURE (V4L/DVB)","ANALOG DEVICES INC ADV748X DRIVER",3214
"MEDIA INPUT INFRASTRUCTURE (V4L/DVB)","ANALOG DEVICES INC ADV7511 DRIVER",2025
"MEDIA INPUT INFRASTRUCTURE (V4L/DVB)","ANALOG DEVICES INC ADV7604 DRIVER",3912
"MEDIA INPUT INFRASTRUCTURE (V4L/DVB)","ANALOG DEVICES INC ADV7842 DRIVER",3694
"MEDIA INPUT INFRASTRUCTURE (V4L/DVB)","APTINA CAMERA SENSOR PLL",202
"MEDIA INPUT INFRASTRUCTURE (V4L/DVB)","AR0521 ON SEMICONDUCTOR CAMERA SENSOR DRIVER",1301
"MEDIA INPUT INFRASTRUCTURE (V4L/DVB)","ARM MALI-C55 ISP DRIVER",7513
"MEDIA INPUT INFRASTRUCTURE (V4L/DVB)","ARM/NUVOTON NPCM VIDEO ENGINE DRIVER",2217
"MEDIA INPUT INFRASTRUCTURE (V4L/DVB)","ARM/SAMSUNG S5P SERIES 2D GRAPHICS ACCELERATION (G2D) SUPPORT",1117
"MEDIA INPUT INFRASTRUCTURE (V4L/DVB)","ARM/SAMSUNG S5P SERIES HDMI CEC SUBSYSTEM SUPPORT",787
"MEDIA INPUT INFRASTRUCTURE (V4L/DVB)","ARM/SAMSUNG S5P SERIES JPEG CODEC SUPPORT",5452
"MEDIA INPUT INFRASTRUCTURE (V4L/DVB)","ARM/SAMSUNG S5P SERIES Multi Format Codec (MFC) SUPPORT",14210
"MEDIA INPUT INFRASTRUCTURE (V4L/DVB)","ARM/TEGRA HDMI CEC SUBSYSTEM SUPPORT",662
"MEDIA INPUT INFRASTRUCTURE (V4L/DVB)","ASPEED VIDEO ENGINE DRIVER",2466
"MEDIA INPUT INFRASTRUCTURE (V4L/DVB)","AZ6007 DVB DRIVER",992
"MEDIA INPUT INFRASTRUCTURE (V4L/DVB)","AZTECH FM RADIO RECEIVER DRIVER",161
"MEDIA INPUT INFRASTRUCTURE (V4L/DVB)","BDISP ST MEDIA DRIVER",3707
"MEDIA INPUT INFRASTRUCTURE (V4L/DVB)","BTTV VIDEO4LINUX DRIVER",12480
"MEDIA INPUT INFRASTRUCTURE (V4L/DVB)","CADENCE MIPI-CSI2 BRIDGES",1921
"MEDIA INPUT INFRASTRUCTURE (V4L/DVB)","CADET FM/AM RADIO RECEIVER DRIVER",679
"MEDIA INPUT INFRASTRUCTURE (V4L/DVB)","CAFE CMOS INTEGRATED CAMERA CONTROLLER DRIVER",3535
"MEDIA INPUT INFRASTRUCTURE (V4L/DVB)","CEC FRAMEWORK",24361
"MEDIA INPUT INFRASTRUCTURE (V4L/DVB)","CEC GPIO DRIVER",372
"MEDIA INPUT INFRASTRUCTURE (V4L/DVB)","CHRONTEL CH7322 CEC DRIVER",670
"MEDIA INPUT INFRASTRUCTURE (V4L/DVB)","COBALT MEDIA DRIVER",5134
"MEDIA INPUT INFRASTRUCTURE (V4L/DVB)","CODA V4L2 MEM2MEM DRIVER",9990
"MEDIA INPUT INFRASTRUCTURE (V4L/DVB)","CS3308 MEDIA DRIVER",126
"MEDIA INPUT INFRASTRUCTURE (V4L/DVB)","CX18 VIDEO4LINUX DRIVER",14198
"MEDIA INPUT INFRASTRUCTURE (V4L/DVB)","CX2341X MPEG ENCODER HELPER MODULE",2061
"MEDIA INPUT INFRASTRUCTURE (V4L/DVB)","CX24120 MEDIA DRIVER",1639
"MEDIA INPUT INFRASTRUCTURE (V4L/DVB)","CX88 VIDEO4LINUX DRIVER",15854
"MEDIA INPUT INFRASTRUCTURE (V4L/DVB)","CXD2820R MEDIA DRIVER",2173
"MEDIA INPUT INFRASTRUCTURE (V4L/DVB)","CYPRESS_FIRMWARE MEDIA DRIVER",160
"MEDIA INPUT INFRASTRUCTURE (V4L/DVB)","DEINTERLACE DRIVERS FOR ALLWINNER H3",1347
"MEDIA INPUT INFRASTRUCTURE (V4L/DVB)","DELTA ST MEDIA DRIVER",4328
"MEDIA INPUT INFRASTRUCTURE (V4L/DVB)","DIGITEQ AUTOMOTIVE MGB4 V4L2 DRIVER",5722
"MEDIA INPUT INFRASTRUCTURE (V4L/DVB)","DSBR100 USB FM RADIO DRIVER",420
"MEDIA INPUT INFRASTRUCTURE (V4L/DVB)","DT3155 MEDIA DRIVER",797
"MEDIA INPUT INFRASTRUCTURE (V4L/DVB)","DVB_USB_AF9015 MEDIA DRIVER",1687
"MEDIA INPUT INFRASTRUCTURE (V4L/DVB)","DVB_USB_AF9035 MEDIA DRIVER",2359
"MEDIA INPUT INFRASTRUCTURE (V4L/DVB)","DVB_USB_ANYSEE MEDIA DRIVER",1722
"MEDIA INPUT INFRASTRUCTURE (V4L/DVB)","DVB_USB_AU6610 MEDIA DRIVER",219
"MEDIA INPUT INFRASTRUCTURE (V4L/DVB)","DVB_USB_CE6230 MEDIA DRIVER",322
"MEDIA INPUT INFRASTRUCTURE (V4L/DVB)","DVB_USB_CXUSB MEDIA DRIVER",4440
"MEDIA INPUT INFRASTRUCTURE (V4L/DVB)","DVB_USB_EC168 MEDIA DRIVER",417
"MEDIA INPUT INFRASTRUCTURE (V4L/DVB)","DVB_USB_GL861 MEDIA DRIVER",578
"MEDIA INPUT INFRASTRUCTURE (V4L/DVB)","DVB_USB_MXL111SF MEDIA DRIVER",4978
"MEDIA INPUT INFRASTRUCTURE (V4L/DVB)","DVB_USB_RTL28XXU MEDIA DRIVER",2292
"MEDIA INPUT INFRASTRUCTURE (V4L/DVB)","DVB_USB_V2 MEDIA DRIVER",2014
"MEDIA INPUT INFRASTRUCTURE (V4L/DVB)","E4000 MEDIA DRIVER",989
"MEDIA INPUT INFRASTRUCTURE (V4L/DVB)","EARTH_PT1 MEDIA DRIVER",1505
"MEDIA INPUT INFRASTRUCTURE (V4L/DVB)","EARTH_PT3 MEDIA DRIVER",1449
"MEDIA INPUT INFRASTRUCTURE (V4L/DVB)","EC100 MEDIA DRIVER",362
"MEDIA INPUT INFRASTRUCTURE (V4L/DVB)","EM28XX VIDEO4LINUX DRIVER",15638
"MEDIA INPUT INFRASTRUCTURE (V4L/DVB)","ENE KB2426 (ENE0100/ENE020XX) INFRARED RECEIVER",1435
"MEDIA INPUT INFRASTRUCTURE (V4L/DVB)","EXTRON DA HD 4K PLUS CEC DRIVER",2678
"MEDIA INPUT INFRASTRUCTURE (V4L/DVB)","FBTFT Framebuffer drivers",9361
"MEDIA INPUT INFRASTRUCTURE (V4L/DVB)","FC0011 TUNER DRIVER",547
"MEDIA INPUT INFRASTRUCTURE (V4L/DVB)","FC2580 MEDIA DRIVER",789
"MEDIA INPUT INFRASTRUCTURE (V4L/DVB)","FIREWIRE MEDIA DRIVERS (firedtv)",3044
"MEDIA INPUT INFRASTRUCTURE (V4L/DVB)","GALAXYCORE GC0308 CAMERA SENSOR DRIVER",1552
"MEDIA INPUT INFRASTRUCTURE (V4L/DVB)","GALAXYCORE GC0310 CAMERA SENSOR DRIVER",783
"MEDIA INPUT INFRASTRUCTURE (V4L/DVB)","GALAXYCORE GC05a2 CAMERA SENSOR DRIVER",1459
"MEDIA INPUT INFRASTRUCTURE (V4L/DVB)","GALAXYCORE GC08A3 CAMERA SENSOR DRIVER",1439
"MEDIA INPUT INFRASTRUCTURE (V4L/DVB)","GALAXYCORE GC2145 SENSOR DRIVER",1597
"MEDIA INPUT INFRASTRUCTURE (V4L/DVB)","GEMTEK FM RADIO RECEIVER DRIVER",340
"MEDIA INPUT INFRASTRUCTURE (V4L/DVB)","GO7007 MPEG CODEC",6476
"MEDIA INPUT INFRASTRUCTURE (V4L/DVB)","GPIO IR Transmitter",241
"MEDIA INPUT INFRASTRUCTURE (V4L/DVB)","GREYBUS AUDIO PROTOCOLS DRIVERS",4463
"MEDIA INPUT INFRASTRUCTURE (V4L/DVB)","GREYBUS BEAGLEPLAY DRIVERS",1213
"MEDIA INPUT INFRASTRUCTURE (V4L/DVB)","GREYBUS FW/HID/SPI PROTOCOLS DRIVERS",4144
"MEDIA INPUT INFRASTRUCTURE (V4L/DVB)","GREYBUS LOOPBACK DRIVER",1179
"MEDIA INPUT INFRASTRUCTURE (V4L/DVB)","GREYBUS PLATFORM DRIVERS",1178
"MEDIA INPUT INFRASTRUCTURE (V4L/DVB)","GREYBUS SDIO/GPIO/SPI PROTOCOLS DRIVERS",4643
"MEDIA INPUT INFRASTRUCTURE (V4L/DVB)","GREYBUS SUBSYSTEM",34636
"MEDIA INPUT INFRASTRUCTURE (V4L/DVB)","GREYBUS UART PROTOCOLS DRIVERS",1162
"MEDIA INPUT INFRASTRUCTURE (V4L/DVB)","GS1662 VIDEO SERIALIZER",483
"MEDIA INPUT INFRASTRUCTURE (V4L/DVB)","GSPCA FINEPIX SUBDRIVER",293
"MEDIA INPUT INFRASTRUCTURE (V4L/DVB)","GSPCA GL860 SUBDRIVER",3037
"MEDIA INPUT INFRASTRUCTURE (V4L/DVB)","GSPCA M5602 SUBDRIVER",5203
"MEDIA INPUT INFRASTRUCTURE (V4L/DVB)","GSPCA PAC207 SONIXB SUBDRIVER",475
"MEDIA INPUT INFRASTRUCTURE (V4L/DVB)","GSPCA SN9C20X SUBDRIVER",2409
"MEDIA INPUT INFRASTRUCTURE (V4L/DVB)","GSPCA T613 SUBDRIVER",1041
"MEDIA INPUT INFRASTRUCTURE (V4L/DVB)","GSPCA USB WEBCAM DRIVER",77701
"MEDIA INPUT INFRASTRUCTURE (V4L/DVB)","HACKRF MEDIA DRIVER",1561
"MEDIA INPUT INFRASTRUCTURE (V4L/DVB)","HANTRO VPU CODEC DRIVER",21317
"MEDIA INPUT INFRASTRUCTURE (V4L/DVB)","HDPVR USB VIDEO ENCODER DRIVER",2415
"MEDIA INPUT INFRASTRUCTURE (V4L/DVB)","HVA ST MEDIA DRIVER",4092
"MEDIA INPUT INFRASTRUCTURE (V4L/DVB)","HYNIX HI556 SENSOR DRIVER",1455
"MEDIA INPUT INFRASTRUCTURE (V4L/DVB)","HYNIX HI846 SENSOR DRIVER",2176
"MEDIA INPUT INFRASTRUCTURE (V4L/DVB)","HYNIX HI847 SENSOR DRIVER",2956
"MEDIA INPUT INFRASTRUCTURE (V4L/DVB)","IGORPLUG-USB IR RECEIVER",269
"MEDIA INPUT INFRASTRUCTURE (V4L/DVB)","IGUANAWORKS USB IR TRANSCEIVER",567
"MEDIA INPUT INFRASTRUCTURE (V4L/DVB)","IMGTEC IR DECODER DRIVER",2952
"MEDIA INPUT INFRASTRUCTURE (V4L/DVB)","IMGTEC JPEG ENCODER DRIVER",3083
"MEDIA INPUT INFRASTRUCTURE (V4L/DVB)","IMON SOUNDGRAPH USB IR RECEIVER",2831
"MEDIA INPUT INFRASTRUCTURE (V4L/DVB)","INTEL IPU3 CSI-2 CIO2 DRIVER",2813
"MEDIA INPUT INFRASTRUCTURE (V4L/DVB)","INTEL IPU3 CSI-2 IMGU DRIVER",25032
"MEDIA INPUT INFRASTRUCTURE (V4L/DVB)","INTEL IPU6 INPUT SYSTEM DRIVER",13310
"MEDIA INPUT INFRASTRUCTURE (V4L/DVB)","INTEL IPU7 INPUT SYSTEM DRIVER",16085
"MEDIA INPUT INFRASTRUCTURE (V4L/DVB)","INTEL MID (Mobile Internet Device) PLATFORM",104674
"MEDIA INPUT INFRASTRUCTURE (V4L/DVB)","INTEL VISION SENSING CONTROLLER DRIVER",1404
"MEDIA INPUT INFRASTRUCTURE (V4L/DVB)","INTERSIL ISL7998X VIDEO DECODER DRIVER",1739
"MEDIA INPUT INFRASTRUCTURE (V4L/DVB)","ISA RADIO MODULE",478
"MEDIA INPUT INFRASTRUCTURE (V4L/DVB)","IT913X MEDIA DRIVER",485
"MEDIA INPUT INFRASTRUCTURE (V4L/DVB)","IVTV VIDEO4LINUX DRIVER",16254
"MEDIA INPUT INFRASTRUCTURE (V4L/DVB)","IX2505V MEDIA DRIVER",364
"MEDIA INPUT INFRASTRUCTURE (V4L/DVB)","JPU V4L2 MEM2MEM DRIVER FOR RENESAS",1737
"MEDIA INPUT INFRASTRUCTURE (V4L/DVB)","KEENE FM RADIO TRANSMITTER DRIVER",405
"MEDIA INPUT INFRASTRUCTURE (V4L/DVB)","LG2160 MEDIA DRIVER",1503
"MEDIA INPUT INFRASTRUCTURE (V4L/DVB)","LGDT3305 MEDIA DRIVER",1284
"MEDIA INPUT INFRASTRUCTURE (V4L/DVB)","LME2510 MEDIA DRIVER",1447
"MEDIA INPUT INFRASTRUCTURE (V4L/DVB)","M88DS3103 MEDIA DRIVER",2525
"MEDIA INPUT INFRASTRUCTURE (V4L/DVB)","M88RS2000 MEDIA DRIVER",866
"MEDIA INPUT INFRASTRUCTURE (V4L/DVB)","MA901 MASTERKIT USB FM RADIO DRIVER",456
"MEDIA INPUT INFRASTRUCTURE (V4L/DVB)","MAX2175 SDR TUNER DRIVER",1694
"MEDIA INPUT INFRASTRUCTURE (V4L/DVB)","MAX9286 QUAD GMSL DESERIALIZER DRIVER",2100
"MEDIA INPUT INFRASTRUCTURE (V4L/DVB)","MAX96712 QUAD GMSL2 DESERIALIZER DRIVER",608
"MEDIA INPUT INFRASTRUCTURE (V4L/DVB)","MAX96714 GMSL2 DESERIALIZER DRIVER",1191
"MEDIA INPUT INFRASTRUCTURE (V4L/DVB)","MAX96717 GMSL2 SERIALIZER DRIVER",1261
"MEDIA INPUT INFRASTRUCTURE (V4L/DVB)","MAXIRADIO FM RADIO RECEIVER DRIVER",203
"MEDIA INPUT INFRASTRUCTURE (V4L/DVB)","MEDIA CONTROLLER FRAMEWORK",6610
"MEDIA INPUT INFRASTRUCTURE (V4L/DVB)","MEDIA DRIVER FOR FREESCALE IMX PXP",3637
"MEDIA INPUT INFRASTRUCTURE (V4L/DVB)","MEDIA DRIVERS FOR ASCOT2E",597
"MEDIA INPUT INFRASTRUCTURE (V4L/DVB)","MEDIA DRIVERS FOR CXD2099AR CI CONTROLLERS",717
"MEDIA INPUT INFRASTRUCTURE (V4L/DVB)","MEDIA DRIVERS FOR CXD2841ER",4107
"MEDIA INPUT INFRASTRUCTURE (V4L/DVB)","MEDIA DRIVERS FOR CXD2880",12936
"MEDIA INPUT INFRASTRUCTURE (V4L/DVB)","MEDIA DRIVERS FOR DIGITAL DEVICES PCIE DEVICES",7107
"MEDIA INPUT INFRASTRUCTURE (V4L/DVB)","MEDIA DRIVERS FOR FREESCALE IMX",11246
"MEDIA INPUT INFRASTRUCTURE (V4L/DVB)","MEDIA DRIVERS FOR FREESCALE IMX7/8",5794
"MEDIA INPUT INFRASTRUCTURE (V4L/DVB)","MEDIA DRIVERS FOR HELENE",1208
"MEDIA INPUT INFRASTRUCTURE (V4L/DVB)","MEDIA DRIVERS FOR HORUS3A",459
"MEDIA INPUT INFRASTRUCTURE (V4L/DVB)","MEDIA DRIVERS FOR LNBH25",226
"MEDIA INPUT INFRASTRUCTURE (V4L/DVB)","MEDIA DRIVERS FOR MXL5XX TUNER DEMODULATORS",3025
"MEDIA INPUT INFRASTRUCTURE (V4L/DVB)","MEDIA DRIVERS FOR NETUP PCI UNIVERSAL DVB devices",2032
"MEDIA INPUT INFRASTRUCTURE (V4L/DVB)","MEDIA DRIVERS FOR NVIDIA TEGRA - VDE",3369
"MEDIA INPUT INFRASTRUCTURE (V4L/DVB)","MEDIA DRIVERS FOR RENESAS - CEU",1837
"MEDIA INPUT INFRASTRUCTURE (V4L/DVB)","MEDIA DRIVERS FOR RENESAS - DRIF",1754
"MEDIA INPUT INFRASTRUCTURE (V4L/DVB)","MEDIA DRIVERS FOR RENESAS - FCP",366
"MEDIA INPUT INFRASTRUCTURE (V4L/DVB)","MEDIA DRIVERS FOR RENESAS - FDP1",2520
"MEDIA INPUT INFRASTRUCTURE (V4L/DVB)","MEDIA DRIVERS FOR RENESAS - VIN",7966
"MEDIA INPUT INFRASTRUCTURE (V4L/DVB)","MEDIA DRIVERS FOR RENESAS - VSP1",13902
"MEDIA INPUT INFRASTRUCTURE (V4L/DVB)","MEDIA DRIVERS FOR ST STV0910 DEMODULATOR ICs",6632
"MEDIA INPUT INFRASTRUCTURE (V4L/DVB)","MEDIA DRIVERS FOR ST STV6111 TUNER ICs",709
"MEDIA INPUT INFRASTRUCTURE (V4L/DVB)","MEDIA INPUT INFRASTRUCTURE (V4L/DVB)",1894113
"MEDIA INPUT INFRASTRUCTURE (V4L/DVB)","MEDIATEK CIR DRIVER",454
"MEDIA INPUT INFRASTRUCTURE (V4L/DVB)","MEDIATEK MDP DRIVER",3680
"MEDIA INPUT INFRASTRUCTURE (V4L/DVB)","MEDIATEK MEDIA DRIVER",23932
"MEDIA INPUT INFRASTRUCTURE (V4L/DVB)","MESON AO CEC DRIVER FOR AMLOGIC SOCS",1612
"MEDIA INPUT INFRASTRUCTURE (V4L/DVB)","MESON GE2D DRIVER FOR AMLOGIC SOCS",1479
"MEDIA INPUT INFRASTRUCTURE (V4L/DVB)","MESON VIDEO DECODER DRIVER FOR AMLOGIC SOCS",7141
"MEDIA INPUT INFRASTRUCTURE (V4L/DVB)","MICROCHIP CSI2DC DRIVER",996
"MEDIA INPUT INFRASTRUCTURE (V4L/DVB)","MICROCHIP ISC DRIVER",9319
"MEDIA INPUT INFRASTRUCTURE (V4L/DVB)","MIPI CCS, SMIA AND SMIA++ IMAGE SENSOR DRIVER",11097
"MEDIA INPUT INFRASTRUCTURE (V4L/DVB)","MIROSOUND PCM20 FM RADIO RECEIVER DRIVER",513
"MEDIA INPUT INFRASTRUCTURE (V4L/DVB)","MN88472 MEDIA DRIVER",811
"MEDIA INPUT INFRASTRUCTURE (V4L/DVB)","MN88473 MEDIA DRIVER",830
"MEDIA INPUT INFRASTRUCTURE (V4L/DVB)","MOST(R) TECHNOLOGY DRIVER",9811
"MEDIA INPUT INFRASTRUCTURE (V4L/DVB)","MR800 AVERMEDIA USB FM RADIO DRIVER",599
"MEDIA INPUT INFRASTRUCTURE (V4L/DVB)","MSI001 MEDIA DRIVER",510
"MEDIA INPUT INFRASTRUCTURE (V4L/DVB)","MSI2500 MEDIA DRIVER",1315
"MEDIA INPUT INFRASTRUCTURE (V4L/DVB)","MT9M114 ONSEMI SENSOR DRIVER",2690
"MEDIA INPUT INFRASTRUCTURE (V4L/DVB)","MT9P031 APTINA CAMERA SENSOR",1352
"MEDIA INPUT INFRASTRUCTURE (V4L/DVB)","MT9T112 APTINA CAMERA SENSOR",1156
"MEDIA INPUT INFRASTRUCTURE (V4L/DVB)","MT9V032 APTINA CAMERA SENSOR",1336
"MEDIA INPUT INFRASTRUCTURE (V4L/DVB)","MT9V111 APTINA CAMERA SENSOR",1357
"MEDIA INPUT INFRASTRUCTURE (V4L/DVB)","MXL301RF MEDIA DRIVER",355
"MEDIA INPUT INFRASTRUCTURE (V4L/DVB)","MXL5007T MEDIA DRIVER",996
"MEDIA INPUT INFRASTRUCTURE (V4L/DVB)","NOKIA N900 CAMERA SUPPORT (ET8EK8 SENSOR, AD5820 FOCUS)",2610
"MEDIA INPUT INFRASTRUCTURE (V4L/DVB)","NXP i.MX 8M ISI DRIVER",6436
"MEDIA INPUT INFRASTRUCTURE (V4L/DVB)","NXP i.MX 8MP DW100 V4L2 DRIVER",1996
"MEDIA INPUT INFRASTRUCTURE (V4L/DVB)","NXP i.MX 8QXP/8QM JPEG V4L2 DRIVER",3723
"MEDIA INPUT INFRASTRUCTURE (V4L/DVB)","OMNIVISION OG01A1B SENSOR DRIVER",1324
"MEDIA INPUT INFRASTRUCTURE (V4L/DVB)","OMNIVISION OG0VE1B SENSOR DRIVER",913
"MEDIA INPUT INFRASTRUCTURE (V4L/DVB)","OMNIVISION OV01A10 SENSOR DRIVER",961
"MEDIA INPUT INFRASTRUCTURE (V4L/DVB)","OMNIVISION OV02A10 SENSOR DRIVER",1150
"MEDIA INPUT INFRASTRUCTURE (V4L/DVB)","OMNIVISION OV02C10 SENSOR DRIVER",1022
"MEDIA INPUT INFRASTRUCTURE (V4L/DVB)","OMNIVISION OV02E10 SENSOR DRIVER",1108
"MEDIA INPUT INFRASTRUCTURE (V4L/DVB)","OMNIVISION OV08D10 SENSOR DRIVER",1482
"MEDIA INPUT INFRASTRUCTURE (V4L/DVB)","OMNIVISION OV08X40 SENSOR DRIVER",2525
"MEDIA INPUT INFRASTRUCTURE (V4L/DVB)","OMNIVISION OV13858 SENSOR DRIVER",1781
"MEDIA INPUT INFRASTRUCTURE (V4L/DVB)","OMNIVISION OV13B10 SENSOR DRIVER",1718
"MEDIA INPUT INFRASTRUCTURE (V4L/DVB)","OMNIVISION OV2680 SENSOR DRIVER",1436
"MEDIA INPUT INFRASTRUCTURE (V4L/DVB)","OMNIVISION OV2685 SENSOR DRIVER",992
"MEDIA INPUT INFRASTRUCTURE (V4L/DVB)","OMNIVISION OV2735 SENSOR DRIVER",1217
"MEDIA INPUT INFRASTRUCTURE (V4L/DVB)","OMNIVISION OV2740 SENSOR DRIVER",1486
"MEDIA INPUT INFRASTRUCTURE (V4L/DVB)","OMNIVISION OV4689 SENSOR DRIVER",1175
"MEDIA INPUT INFRASTRUCTURE (V4L/DVB)","OMNIVISION OV5640 SENSOR DRIVER",4027
"MEDIA INPUT INFRASTRUCTURE (V4L/DVB)","OMNIVISION OV5647 SENSOR DRIVER",1592
"MEDIA INPUT INFRASTRUCTURE (V4L/DVB)","OMNIVISION OV5670 SENSOR DRIVER",2922
"MEDIA INPUT INFRASTRUCTURE (V4L/DVB)","OMNIVISION OV5675 SENSOR DRIVER",1508
"MEDIA INPUT INFRASTRUCTURE (V4L/DVB)","OMNIVISION OV5693 SENSOR DRIVER",1563
"MEDIA INPUT INFRASTRUCTURE (V4L/DVB)","OMNIVISION OV5695 SENSOR DRIVER",1373
"MEDIA INPUT INFRASTRUCTURE (V4L/DVB)","OMNIVISION OV6211 SENSOR DRIVER",889
"MEDIA INPUT INFRASTRUCTURE (V4L/DVB)","OMNIVISION OV64A40 SENSOR DRIVER",3780
"MEDIA INPUT INFRASTRUCTURE (V4L/DVB)","OMNIVISION OV7670 SENSOR DRIVER",2077
"MEDIA INPUT INFRASTRUCTURE (V4L/DVB)","OMNIVISION OV772x SENSOR DRIVER",1767
"MEDIA INPUT INFRASTRUCTURE (V4L/DVB)","OMNIVISION OV7740 SENSOR DRIVER",1228
"MEDIA INPUT INFRASTRUCTURE (V4L/DVB)","OMNIVISION OV8856 SENSOR DRIVER",2610
"MEDIA INPUT INFRASTRUCTURE (V4L/DVB)","OMNIVISION OV8858 SENSOR DRIVER",2105
"MEDIA INPUT INFRASTRUCTURE (V4L/DVB)","OMNIVISION OV9282 SENSOR DRIVER",1625
"MEDIA INPUT INFRASTRUCTURE (V4L/DVB)","OMNIVISION OV9640 SENSOR DRIVER",980
"MEDIA INPUT INFRASTRUCTURE (V4L/DVB)","OMNIVISION OV9650 SENSOR DRIVER",1635
"MEDIA INPUT INFRASTRUCTURE (V4L/DVB)","OMNIVISION OV9734 SENSOR DRIVER",994
"MEDIA INPUT INFRASTRUCTURE (V4L/DVB)","OV2659 OMNIVISION SENSOR DRIVER",1653
"MEDIA INPUT INFRASTRUCTURE (V4L/DVB)","PULSE8-CEC DRIVER",939
"MEDIA INPUT INFRASTRUCTURE (V4L/DVB)","PVRUSB2 VIDEO4LINUX DRIVER",14843
"MEDIA INPUT INFRASTRUCTURE (V4L/DVB)","PWC WEBCAM DRIVER",6716
"MEDIA INPUT INFRASTRUCTURE (V4L/DVB)","PWM IR Transmitter",237
"MEDIA INPUT INFRASTRUCTURE (V4L/DVB)","QM1D1B0004 MEDIA DRIVER",289
"MEDIA INPUT INFRASTRUCTURE (V4L/DVB)","QM1D1C0042 MEDIA DRIVER",483
"MEDIA INPUT INFRASTRUCTURE (V4L/DVB)","QT1010 MEDIA DRIVER",583
"MEDIA INPUT INFRASTRUCTURE (V4L/DVB)","QUALCOMM CAMERA SUBSYSTEM DRIVER",28251
"MEDIA INPUT INFRASTRUCTURE (V4L/DVB)","QUALCOMM IRIS VIDEO ACCELERATOR DRIVER",17165
"MEDIA INPUT INFRASTRUCTURE (V4L/DVB)","QUALCOMM MEDIA PLATFORM",66120
"MEDIA INPUT INFRASTRUCTURE (V4L/DVB)","QUALCOMM VENUS VIDEO ACCELERATOR DRIVER",20878
"MEDIA INPUT INFRASTRUCTURE (V4L/DVB)","RADIOSHARK RADIO DRIVER",429
"MEDIA INPUT INFRASTRUCTURE (V4L/DVB)","RADIOSHARK2 RADIO DRIVER",982
"MEDIA INPUT INFRASTRUCTURE (V4L/DVB)","RAINSHADOW-CEC DRIVER",396
"MEDIA INPUT INFRASTRUCTURE (V4L/DVB)","RC-CORE / LIRC FRAMEWORK",48307
"MEDIA INPUT INFRASTRUCTURE (V4L/DVB)","RCMM REMOTE CONTROLS DECODER",255
"MEDIA INPUT INFRASTRUCTURE (V4L/DVB)","RDACM20 Camera Sensor",1421
"MEDIA INPUT INFRASTRUCTURE (V4L/DVB)","RDACM21 Camera Sensor",1380
"MEDIA INPUT INFRASTRUCTURE (V4L/DVB)","RENESAS RZ/V2H(P) INPUT VIDEO CONTROL BLOCK DRIVER",1414
"MEDIA INPUT INFRASTRUCTURE (V4L/DVB)","ROCKCHIP CAMERA INTERFACE (RKCIF) DRIVER",3946
"MEDIA INPUT INFRASTRUCTURE (V4L/DVB)","ROCKCHIP ISP V1 DRIVER",13120
"MEDIA INPUT INFRASTRUCTURE (V4L/DVB)","ROCKCHIP RASTER 2D GRAPHIC ACCELERATION UNIT DRIVER",2353
"MEDIA INPUT INFRASTRUCTURE (V4L/DVB)","ROCKCHIP RKVDEC VIDEO DECODER DRIVER",6932
"MEDIA INPUT INFRASTRUCTURE (V4L/DVB)","ROTATION DRIVER FOR ALLWINNER A83T",1437
"MEDIA INPUT INFRASTRUCTURE (V4L/DVB)","RTL2830 MEDIA DRIVER",975
"MEDIA INPUT INFRASTRUCTURE (V4L/DVB)","RTL2832 MEDIA DRIVER",3153
"MEDIA INPUT INFRASTRUCTURE (V4L/DVB)","RTL2832_SDR MEDIA DRIVER",1541
"MEDIA INPUT INFRASTRUCTURE (V4L/DVB)","SAA6588 RDS RECEIVER DRIVER",513
"MEDIA INPUT INFRASTRUCTURE (V4L/DVB)","SAA7134 VIDEO4LINUX DRIVER",20146
"MEDIA INPUT INFRASTRUCTURE (V4L/DVB)","SAA7146 VIDEO4LINUX-2 DRIVER",5918
"MEDIA INPUT INFRASTRUCTURE (V4L/DVB)","SAMSUNG S3C24XX/S3C64XX SOC SERIES CAMIF DRIVER",3623
"MEDIA INPUT INFRASTRUCTURE (V4L/DVB)","SAMSUNG S5C73M3 CAMERA DRIVER",3074
"MEDIA INPUT INFRASTRUCTURE (V4L/DVB)","SAMSUNG S5K5BAF CAMERA DRIVER",2035
"MEDIA INPUT INFRASTRUCTURE (V4L/DVB)","SAMSUNG S5P/EXYNOS4 SOC SERIES CAMERA SUBSYSTEM DRIVERS",18149
"MEDIA INPUT INFRASTRUCTURE (V4L/DVB)","SECO BOARDS CEC DRIVER",929
"MEDIA INPUT INFRASTRUCTURE (V4L/DVB)","SERIAL IR RECEIVER",845
"MEDIA INPUT INFRASTRUCTURE (V4L/DVB)","SH_VOU V4L2 OUTPUT DRIVER",1402
"MEDIA INPUT INFRASTRUCTURE (V4L/DVB)","SHARP RJ54N1CB0C SENSOR DRIVER",1450
"MEDIA INPUT INFRASTRUCTURE (V4L/DVB)","SI2157 MEDIA DRIVER",1154
"MEDIA INPUT INFRASTRUCTURE (V4L/DVB)","SI2165 MEDIA DRIVER",1457
"MEDIA INPUT INFRASTRUCTURE (V4L/DVB)","SI2168 MEDIA DRIVER",918
"MEDIA INPUT INFRASTRUCTURE (V4L/DVB)","SI470X FM RADIO RECEIVER I2C DRIVER",593
"MEDIA INPUT INFRASTRUCTURE (V4L/DVB)","SI470X FM RADIO RECEIVER USB DRIVER",1868
"MEDIA INPUT INFRASTRUCTURE (V4L/DVB)","SI4713 FM RADIO TRANSMITTER I2C DRIVER",1919
"MEDIA INPUT INFRASTRUCTURE (V4L/DVB)","SI4713 FM RADIO TRANSMITTER PLATFORM DRIVER",211
"MEDIA INPUT INFRASTRUCTURE (V4L/DVB)","SI4713 FM RADIO TRANSMITTER USB DRIVER",522
"MEDIA INPUT INFRASTRUCTURE (V4L/DVB)","SIANO DVB DRIVER",7038
"MEDIA INPUT INFRASTRUCTURE (V4L/DVB)","SOFTLOGIC 6x10 MPEG CODEC",6988
"MEDIA INPUT INFRASTRUCTURE (V4L/DVB)","SONY IMX208 SENSOR DRIVER",1069
"MEDIA INPUT INFRASTRUCTURE (V4L/DVB)","SONY IMX214 SENSOR DRIVER",1663
"MEDIA INPUT INFRASTRUCTURE (V4L/DVB)","SONY IMX219 SENSOR DRIVER",1467
"MEDIA INPUT INFRASTRUCTURE (V4L/DVB)","SONY IMX258 SENSOR DRIVER",1691
"MEDIA INPUT INFRASTRUCTURE (V4L/DVB)","SONY IMX274 SENSOR DRIVER",2255
"MEDIA INPUT INFRASTRUCTURE (V4L/DVB)","SONY IMX283 SENSOR DRIVER",1727
"MEDIA INPUT INFRASTRUCTURE (V4L/DVB)","SONY IMX290 SENSOR DRIVER",1874
"MEDIA INPUT INFRASTRUCTURE (V4L/DVB)","SONY IMX296 SENSOR DRIVER",1266
"MEDIA INPUT INFRASTRUCTURE (V4L/DVB)","SONY IMX319 SENSOR DRIVER",2505
"MEDIA INPUT INFRASTRUCTURE (V4L/DVB)","SONY IMX334 SENSOR DRIVER",1442
"MEDIA INPUT INFRASTRUCTURE (V4L/DVB)","SONY IMX335 SENSOR DRIVER",1678
"MEDIA INPUT INFRASTRUCTURE (V4L/DVB)","SONY IMX355 SENSOR DRIVER",1797
"MEDIA INPUT INFRASTRUCTURE (V4L/DVB)","SONY IMX412 SENSOR DRIVER",1395
"MEDIA INPUT INFRASTRUCTURE (V4L/DVB)","SONY IMX415 SENSOR DRIVER",1597
"MEDIA INPUT INFRASTRUCTURE (V4L/DVB)","SP2 MEDIA DRIVER",512
"MEDIA INPUT INFRASTRUCTURE (V4L/DVB)","ST MIPID02 CSI-2 TO PARALLEL BRIDGE DRIVER",1142
"MEDIA INPUT INFRASTRUCTURE (V4L/DVB)","ST VD55G1 DRIVER",2198
"MEDIA INPUT INFRASTRUCTURE (V4L/DVB)","ST VD56G3 IMAGE SENSOR DRIVER",1721
"MEDIA INPUT INFRASTRUCTURE (V4L/DVB)","ST VGXY61 DRIVER",2049
"MEDIA INPUT INFRASTRUCTURE (V4L/DVB)","STAGING - ATOMISP DRIVER",98043
"MEDIA INPUT INFRASTRUCTURE (V4L/DVB)","STAGING - NVIDIA COMPLIANT EMBEDDED CONTROLLER INTERFACE (nvec)",2413
"MEDIA INPUT INFRASTRUCTURE (V4L/DVB)","STAGING - SEPS525 LCD CONTROLLER DRIVERS",212
"MEDIA INPUT INFRASTRUCTURE (V4L/DVB)","STAGING - SILICON MOTION SM750 FRAME BUFFER DRIVER",6193
"MEDIA INPUT INFRASTRUCTURE (V4L/DVB)","STAGING SUBSYSTEM",320301
"MEDIA INPUT INFRASTRUCTURE (V4L/DVB)","STARFIVE CAMERA SUBSYSTEM DRIVER",3472
"MEDIA INPUT INFRASTRUCTURE (V4L/DVB)","STI CEC DRIVER",465
"MEDIA INPUT INFRASTRUCTURE (V4L/DVB)","STK1160 USB VIDEO CAPTURE DRIVER",2578
"MEDIA INPUT INFRASTRUCTURE (V4L/DVB)","SYNOPSYS DESIGNWARE HDMI RX CONTROLLER DRIVER",3632
"MEDIA INPUT INFRASTRUCTURE (V4L/DVB)","TC90522 MEDIA DRIVER",888
"MEDIA INPUT INFRASTRUCTURE (V4L/DVB)","TDA10071 MEDIA DRIVER",1400
"MEDIA INPUT INFRASTRUCTURE (V4L/DVB)","TDA18212 MEDIA DRIVER",306
"MEDIA INPUT INFRASTRUCTURE (V4L/DVB)","TDA18218 MEDIA DRIVER",458
"MEDIA INPUT INFRASTRUCTURE (V4L/DVB)","TDA18250 MEDIA DRIVER",1067
"MEDIA INPUT INFRASTRUCTURE (V4L/DVB)","TDA18271 MEDIA DRIVER",3706
"MEDIA INPUT INFRASTRUCTURE (V4L/DVB)","TDA1997x MEDIA DRIVER",3654
"MEDIA INPUT INFRASTRUCTURE (V4L/DVB)","TDA9840 MEDIA DRIVER",199
"MEDIA INPUT INFRASTRUCTURE (V4L/DVB)","TEA5761 TUNER DRIVER",376
"MEDIA INPUT INFRASTRUCTURE (V4L/DVB)","TEA5767 TUNER DRIVER",527
"MEDIA INPUT INFRASTRUCTURE (V4L/DVB)","TEA6415C MEDIA DRIVER",186
"MEDIA INPUT INFRASTRUCTURE (V4L/DVB)","TEA6420 MEDIA DRIVER",165
"MEDIA INPUT INFRASTRUCTURE (V4L/DVB)","TECHNOTREND USB IR RECEIVER",434
"MEDIA INPUT INFRASTRUCTURE (V4L/DVB)","TECHWELL TW9900 VIDEO DECODER",781
"MEDIA INPUT INFRASTRUCTURE (V4L/DVB)","TECHWELL TW9910 VIDEO DECODER",1057
"MEDIA INPUT INFRASTRUCTURE (V4L/DVB)","TEGRA VIDEO DRIVER",6492
"MEDIA INPUT INFRASTRUCTURE (V4L/DVB)","THANKO'S RAREMONO AM/FM/SW RADIO RECEIVER USB DRIVER",389
"MEDIA INPUT INFRASTRUCTURE (V4L/DVB)","THP7312 ISP DRIVER",2530
"MEDIA INPUT INFRASTRUCTURE (V4L/DVB)","TI AM437X VPFE DRIVER",3071
"MEDIA INPUT INFRASTRUCTURE (V4L/DVB)","TI DAVINCI SERIES MEDIA DRIVER",4890
"MEDIA INPUT INFRASTRUCTURE (V4L/DVB)","TI FPD-LINK DRIVERS",8457
"MEDIA INPUT INFRASTRUCTURE (V4L/DVB)","TI J721E CSI2RX DRIVER",1312
"MEDIA INPUT INFRASTRUCTURE (V4L/DVB)","TI VPE/CAL DRIVERS",11806
"MEDIA INPUT INFRASTRUCTURE (V4L/DVB)","TOSHIBA TC358743 DRIVER",3332
"MEDIA INPUT INFRASTRUCTURE (V4L/DVB)","TUA9001 MEDIA DRIVER",339
"MEDIA INPUT INFRASTRUCTURE (V4L/DVB)","TW5864 VIDEO4LINUX DRIVER",4482
"MEDIA INPUT INFRASTRUCTURE (V4L/DVB)","TW68 VIDEO4LINUX DRIVER",2063
"MEDIA INPUT INFRASTRUCTURE (V4L/DVB)","TW686X VIDEO4LINUX DRIVER",2507
"MEDIA INPUT INFRASTRUCTURE (V4L/DVB)","USB VIDEO CLASS",13517
"MEDIA INPUT INFRASTRUCTURE (V4L/DVB)","V4L2 ASYNC AND FWNODE FRAMEWORKS",3035
"MEDIA INPUT INFRASTRUCTURE (V4L/DVB)","V4L2 CAMERA SENSOR DRIVERS",119096
"MEDIA INPUT INFRASTRUCTURE (V4L/DVB)","V4L2 GENERIC ISP PARAMETERS AND STATISTIC FORMATS",441
"MEDIA INPUT INFRASTRUCTURE (V4L/DVB)","VICODEC VIRTUAL CODEC DRIVER",3765
"MEDIA INPUT INFRASTRUCTURE (V4L/DVB)","VIDEO I2C POLLING DRIVER",952
"MEDIA INPUT INFRASTRUCTURE (V4L/DVB)","VIDEO MULTIPLEXER DRIVER",501
"MEDIA INPUT INFRASTRUCTURE (V4L/DVB)","VIDEOBUF2 FRAMEWORK",9356
"MEDIA INPUT INFRASTRUCTURE (V4L/DVB)","VIDTV VIRTUAL DIGITAL TV DRIVER",7705
"MEDIA INPUT INFRASTRUCTURE (V4L/DVB)","VIMC VIRTUAL MEDIA CONTROLLER DRIVER",3507
"MEDIA INPUT INFRASTRUCTURE (V4L/DVB)","VISL VIRTUAL STATELESS DECODER DRIVER",4183
"MEDIA INPUT INFRASTRUCTURE (V4L/DVB)","VIVID VIRTUAL VIDEO DRIVER",15001
"MEDIA INPUT INFRASTRUCTURE (V4L/DVB)","VME SUBSYSTEM",8879
"MEDIA INPUT INFRASTRUCTURE (V4L/DVB)","WAVE5 VPU CODEC DRIVER",10734
"MEDIA INPUT INFRASTRUCTURE (V4L/DVB)","WINBOND CIR DRIVER",1220
"MEDIA INPUT INFRASTRUCTURE (V4L/DVB)","XBOX DVD IR REMOTE",368
"MEDIA INPUT INFRASTRUCTURE (V4L/DVB)","XC2028/3028 TUNER DRIVER",1737
"MEDIA INPUT INFRASTRUCTURE (V4L/DVB)","ZD1301 MEDIA DRIVER",289
"MEDIA INPUT INFRASTRUCTURE (V4L/DVB)","ZD1301_DEMOD MEDIA DRIVER",601
"MEDIA INPUT INFRASTRUCTURE (V4L/DVB)","ZR36067 VIDEO FOR LINUX DRIVER",7748
"MELLANOX HARDWARE PLATFORM SUPPORT","MELLANOX HARDWARE PLATFORM SUPPORT",18687
"MEMORY MANAGEMENT","CONTROL GROUP - MEMORY RESOURCE CONTROLLER (MEMCG)",13560
"MEMORY MANAGEMENT","DAMON",20702
"MEMORY MANAGEMENT","HUGETLB SUBSYSTEM",14979
"MEMORY MANAGEMENT","HWPOISON MEMORY FAILURE HANDLING",3264
"MEMORY MANAGEMENT","KASAN",12414
"MEMORY MANAGEMENT","KFENCE",3741
"MEMORY MANAGEMENT","KMEMLEAK",2838
"MEMORY MANAGEMENT","KMSAN",4141
"MEMORY MANAGEMENT","MEMBLOCK AND MEMORY MANAGEMENT INITIALIZATION",15144
"MEMORY MANAGEMENT","MEMORY HOT(UN)PLUG",6008
"MEMORY MANAGEMENT","MEMORY MANAGEMENT",221986
"MEMORY MANAGEMENT","MEMORY MANAGEMENT - CORE",42691
"MEMORY MANAGEMENT","MEMORY MANAGEMENT - EXECMEM",800
"MEMORY MANAGEMENT","MEMORY MANAGEMENT - GUP (GET USER PAGES)",4792
"MEMORY MANAGEMENT","MEMORY MANAGEMENT - KSM (Kernel Samepage Merging)",4931
"MEMORY MANAGEMENT","MEMORY MANAGEMENT - MEMORY POLICY AND MIGRATION",8802
"MEMORY MANAGEMENT","MEMORY MANAGEMENT - MGLRU (MULTI-GEN LRU)",13229
"MEMORY MANAGEMENT","MEMORY MANAGEMENT - NUMA MEMBLOCKS AND NUMA EMULATION",1318
"MEMORY MANAGEMENT","MEMORY MANAGEMENT - OOM KILLER",1631
"MEMORY MANAGEMENT","MEMORY MANAGEMENT - PAGE ALLOCATOR",15524
"MEMORY MANAGEMENT","MEMORY MANAGEMENT - RECLAIM",8784
"MEMORY MANAGEMENT","MEMORY MANAGEMENT - RMAP (REVERSE MAPPING)",4884
"MEMORY MANAGEMENT","MEMORY MANAGEMENT - SECRETMEM",307
"MEMORY MANAGEMENT","MEMORY MANAGEMENT - SWAP",8426
"MEMORY MANAGEMENT","MEMORY MANAGEMENT - THP (TRANSPARENT HUGE PAGE)",12014
"MEMORY MANAGEMENT","MEMORY MAPPING",17587
"MEMORY MANAGEMENT","MEMORY MAPPING - MADVISE (MEMORY ADVICE)",2350
"MEMORY MANAGEMENT","PAGE CACHE",13446
"MEMORY MANAGEMENT","PAGE STATE DEBUG SCRIPT",169
"MEMORY MANAGEMENT","PAGE TABLE CHECK",517
"MEMORY MANAGEMENT","PER-CPU MEMORY ALLOCATOR",8422
"MEMORY MANAGEMENT","SHRINKER",2282
"MEMORY MANAGEMENT","SLAB ALLOCATOR",15653
"MEMORY MANAGEMENT","TMPFS (SHMEM FILESYSTEM)",7167
"MEMORY MANAGEMENT","VMALLOC",6452
"MEMORY MANAGEMENT","ZSMALLOC COMPRESSED SLAB MEMORY ALLOCATOR",2694
"MEMORY MANAGEMENT","ZSWAP COMPRESSED SWAP CACHING",2705
"MEMORY TECHNOLOGY DEVICES (MTD)","ARASAN NAND CONTROLLER DRIVER",1576
"MEMORY TECHNOLOGY DEVICES (MTD)","ARM PRIMECELL PL35X NAND CONTROLLER DRIVER",1249
"MEMORY TECHNOLOGY DEVICES (MTD)","ARM/LPC32XX SOC SUPPORT",16000
"MEMORY TECHNOLOGY DEVICES (MTD)","BINMAN",53
"MEMORY TECHNOLOGY DEVICES (MTD)","BLOCK2MTD DRIVER",532
"MEMORY TECHNOLOGY DEVICES (MTD)","BROADCOM STB NAND FLASH DRIVER",4332
"MEMORY TECHNOLOGY DEVICES (MTD)","CADENCE NAND DRIVER",3432
"MEMORY TECHNOLOGY DEVICES (MTD)","DENALI NAND DRIVER",2156
"MEMORY TECHNOLOGY DEVICES (MTD)","FREESCALE GPMI NAND DRIVER",3377
"MEMORY TECHNOLOGY DEVICES (MTD)","HYPERBUS SUPPORT",802
"MEMORY TECHNOLOGY DEVICES (MTD)","INGENIC JZ4780 NAND DRIVER",1622
"MEMORY TECHNOLOGY DEVICES (MTD)","INTEL DISCRETE GRAPHICS NVM MTD DRIVER",912
"MEMORY TECHNOLOGY DEVICES (MTD)","MARVELL NAND CONTROLLER DRIVER",3194
"MEMORY TECHNOLOGY DEVICES (MTD)","MEDIATEK NAND CONTROLLER DRIVER",1811
"MEMORY TECHNOLOGY DEVICES (MTD)","MEMORY TECHNOLOGY DEVICES (MTD)",208408
"MEMORY TECHNOLOGY DEVICES (MTD)","MESON NAND CONTROLLER DRIVER FOR AMLOGIC SOCS",1758
"MEMORY TECHNOLOGY DEVICES (MTD)","MICROCHIP NAND DRIVER",4000
"MEMORY TECHNOLOGY DEVICES (MTD)","MIPS/LOONGSON1 ARCHITECTURE",4523
"MEMORY TECHNOLOGY DEVICES (MTD)","MSYSTEMS DISKONCHIP G3 MTD DRIVER",2428
"MEMORY TECHNOLOGY DEVICES (MTD)","NAND FLASH SUBSYSTEM",104249
"MEMORY TECHNOLOGY DEVICES (MTD)","ONENAND FLASH DRIVER",6601
"MEMORY TECHNOLOGY DEVICES (MTD)","PHRAM MTD DRIVER",445
"MEMORY TECHNOLOGY DEVICES (MTD)","QUALCOMM NAND CONTROLLER DRIVER",2681
"MEMORY TECHNOLOGY DEVICES (MTD)","RENESAS R-CAR GEN3 & RZ/N1 NAND CONTROLLER DRIVER",1486
"MEMORY TECHNOLOGY DEVICES (MTD)","RICOH SMARTMEDIA/XD DRIVER",1249
"MEMORY TECHNOLOGY DEVICES (MTD)","SPI NOR SUBSYSTEM",12974
"MEMORY TECHNOLOGY DEVICES (MTD)","TEGRA NAND DRIVER",1354
"MEMORY TECHNOLOGY DEVICES (MTD)","UNSORTED BLOCK IMAGES (UBI)",20625
"MEMORY TECHNOLOGY DEVICES (MTD)","VF610 NAND DRIVER",951
"MICROCHIP WILC1000 WIFI DRIVER","MICROCHIP WILC1000 WIFI DRIVER",12003
"MICROSOFT SURFACE SYSTEM AGGREGATOR SUBSYSTEM","MICROSOFT SURFACE AGGREGATOR TABLET-MODE SWITCH",645
"MICROSOFT SURFACE SYSTEM AGGREGATOR SUBSYSTEM","MICROSOFT SURFACE DTX DRIVER",2146
"MICROSOFT SURFACE SYSTEM AGGREGATOR SUBSYSTEM","MICROSOFT SURFACE GPE LID SUPPORT DRIVER",352
"MICROSOFT SURFACE SYSTEM AGGREGATOR SUBSYSTEM","MICROSOFT SURFACE HARDWARE PLATFORM SUPPORT",16467
"MICROSOFT SURFACE SYSTEM AGGREGATOR SUBSYSTEM","MICROSOFT SURFACE HOT-PLUG DRIVER",273
"MICROSOFT SURFACE SYSTEM AGGREGATOR SUBSYSTEM","MICROSOFT SURFACE PLATFORM PROFILE DRIVER",257
"MICROSOFT SURFACE SYSTEM AGGREGATOR SUBSYSTEM","MICROSOFT SURFACE PRO 3 BUTTON DRIVER",265
"MICROSOFT SURFACE SYSTEM AGGREGATOR SUBSYSTEM","MICROSOFT SURFACE SYSTEM AGGREGATOR HUB DRIVER",371
"MICROSOFT SURFACE SYSTEM AGGREGATOR SUBSYSTEM","MICROSOFT SURFACE SYSTEM AGGREGATOR SUBSYSTEM",17060
"MIPS","BPF JIT for MIPS (32-BIT AND 64-BIT)",4261
"MIPS","BROADCOM BCM47XX MIPS ARCHITECTURE",3388
"MIPS","BROADCOM BMIPS MIPS ARCHITECTURE",10861
"MIPS","DECSTATION PLATFORM SUPPORT",4277
"MIPS","INGENIC JZ47xx SoCs",30490
"MIPS","KERNEL VIRTUAL MACHINE FOR MIPS (KVM/mips)",10961
"MIPS","LANTIQ MIPS ARCHITECTURE",3235
"MIPS","MARDUK (CREATOR CI40) DEVICE TREE SUPPORT",1091
"MIPS","MICROSEMI MIPS SOCS",1819
"MIPS","MIPS",334869
"MIPS","MIPS BOSTON DEVELOPMENT BOARD",440
"MIPS","MIPS GENERIC PLATFORM",1732
"MIPS","MIPS RINT INSTRUCTION EMULATION",157
"MIPS","MIPS/LOONGSON2EF ARCHITECTURE",4447
"MIPS","MIPS/LOONGSON64 ARCHITECTURE",6779
"MIPS","ONION OMEGA2+ BOARD",18
"MIPS","RALINK MIPS ARCHITECTURE",2024
"MIPS","RALINK MT7621 MIPS ARCHITECTURE",936
"MIPS","RANCHU VIRTUAL BOARD FOR MIPS",119
"MIPS","VOCORE VOCORE2 BOARD",18
"MPAM DRIVER","MPAM DRIVER",3836
"MULTIFUNCTION DEVICES (MFD)","AD5398 CURRENT REGULATOR DRIVER (AD5398/AD5821)",285
"MULTIFUNCTION DEVICES (MFD)","ADP5585 GPIO EXPANDER, PWM AND KEYPAD CONTROLLER DRIVER",2503
"MULTIFUNCTION DEVICES (MFD)","ANALOG DEVICES INC ADP5055 DRIVER",581
"MULTIFUNCTION DEVICES (MFD)","ATC260X PMIC MFD DRIVER",2295
"MULTIFUNCTION DEVICES (MFD)","CANAAN/KENDRYTE K210 SOC SYSTEM CONTROLLER DRIVER",244
"MULTIFUNCTION DEVICES (MFD)","CIRRUS LOGIC LOCHNAGAR DRIVER",4337
"MULTIFUNCTION DEVICES (MFD)","CONGATEC BOARD CONTROLLER MFD DRIVER",1596
"MULTIFUNCTION DEVICES (MFD)","DIALOG SEMICONDUCTOR DRIVERS",46649
"MULTIFUNCTION DEVICES (MFD)","EXTERNAL CONNECTOR SUBSYSTEM (EXTCON)",17111
"MULTIFUNCTION DEVICES (MFD)","HISILICON SPMI PMIC DRIVER FOR HIKEY 6421v600",199
"MULTIFUNCTION DEVICES (MFD)","ICH LPC AND GPIO DRIVER",1946
"MULTIFUNCTION DEVICES (MFD)","INTEL BROXTON PMC DRIVER",520
"MULTIFUNCTION DEVICES (MFD)","INTEL PMIC MULTIFUNCTION DEVICE DRIVERS",1726
"MULTIFUNCTION DEVICES (MFD)","KHADAS MCU MFD DRIVER",439
"MULTIFUNCTION DEVICES (MFD)","LOONGSON SECURITY ENGINE DRIVERS",605
"MULTIFUNCTION DEVICES (MFD)","LOONGSON-2K Board Management Controller (BMC) DRIVER",721
"MULTIFUNCTION DEVICES (MFD)","MARVELL 88PM886 PMIC DRIVER",957
"MULTIFUNCTION DEVICES (MFD)","MAXIM MAX20086 CAMERA POWER PROTECTOR DRIVER",442
"MULTIFUNCTION DEVICES (MFD)","MAXIM MAX77650 PMIC MFD DRIVER",1800
"MULTIFUNCTION DEVICES (MFD)","MAXIM MAX77714 PMIC MFD DRIVER",280
"MULTIFUNCTION DEVICES (MFD)","MAXIM MAX77759 PMIC MFD DRIVER",1705
"MULTIFUNCTION DEVICES (MFD)","MAXIM MAX77802 PMIC REGULATOR DEVICE DRIVER",881
"MULTIFUNCTION DEVICES (MFD)","MAXIM MAX77838 PMIC REGULATOR DEVICE DRIVER",289
"MULTIFUNCTION DEVICES (MFD)","MAXIM PMIC AND MUIC DRIVERS FOR EXYNOS BASED BOARDS",10669
"MULTIFUNCTION DEVICES (MFD)","MICROCHIP MCP16502 PMIC DRIVER",803
"MULTIFUNCTION DEVICES (MFD)","MONOLITHIC POWER SYSTEM PMIC DRIVER",2236
"MULTIFUNCTION DEVICES (MFD)","MULTIFUNCTION DEVICES (MFD)",226659
"MULTIFUNCTION DEVICES (MFD)","NETRONIX EMBEDDED CONTROLLER",683
"MULTIFUNCTION DEVICES (MFD)","NXP PF1550 PMIC MFD DRIVER",2068
"MULTIFUNCTION DEVICES (MFD)","NXP PF5300/PF5301/PF5302 PMIC REGULATOR DEVICE DRIVER",429
"MULTIFUNCTION DEVICES (MFD)","NXP PF8100/PF8121A/PF8200 PMIC REGULATOR DEVICE DRIVER",810
"MULTIFUNCTION DEVICES (MFD)","NXP PTN5150A CC LOGIC AND EXTCON DRIVER",432
"MULTIFUNCTION DEVICES (MFD)","OCELOT EXTERNAL SWITCH CONTROL",918
"MULTIFUNCTION DEVICES (MFD)","QUALCOMM IPQ4019 VQMMC REGULATOR DRIVER",144
"MULTIFUNCTION DEVICES (MFD)","ROHM MULTIFUNCTION BD9571MWV-M PMIC DEVICE DRIVERS",1020
"MULTIFUNCTION DEVICES (MFD)","ROHM POWER MANAGEMENT IC DEVICE DRIVERS",11132
"MULTIFUNCTION DEVICES (MFD)","SAMSUNG MULTIFUNCTION PMIC DEVICE DRIVERS",9132
"MULTIFUNCTION DEVICES (MFD)","SY8106A REGULATOR DRIVER",205
"MULTIFUNCTION DEVICES (MFD)","SYSTEM CONFIGURATION (SYSCON)",362
"MULTIFUNCTION DEVICES (MFD)","VOLTAGE AND CURRENT REGULATOR FRAMEWORK",141626
"MULTIFUNCTION DEVICES (MFD)","VOLTAGE AND CURRENT REGULATOR IRQ HELPERS",444
"MULTIMEDIA CARD (MMC), SECURE DIGITAL (SD) AND SDIO SUBSYSTEM","ALCHEMY AU1XX0 MMC DRIVER",1215
"MULTIMEDIA CARD (MMC), SECURE DIGITAL (SD) AND SDIO SUBSYSTEM","ARM PRIMECELL MMCI PL180/1 DRIVER",4161
"MULTIMEDIA CARD (MMC), SECURE DIGITAL (SD) AND SDIO SUBSYSTEM","ARM/VT8500 ARM ARCHITECTURE",6028
"MULTIMEDIA CARD (MMC), SECURE DIGITAL (SD) AND SDIO SUBSYSTEM","ASPEED SD/MMC DRIVER",832
"MULTIMEDIA CARD (MMC), SECURE DIGITAL (SD) AND SDIO SUBSYSTEM","CAVIUM MMC DRIVER",1838
"MULTIMEDIA CARD (MMC), SECURE DIGITAL (SD) AND SDIO SUBSYSTEM","EMMC CMDQ HOST CONTROLLER INTERFACE (CQHCI) DRIVER",1853
"MULTIMEDIA CARD (MMC), SECURE DIGITAL (SD) AND SDIO SUBSYSTEM","ENE CB710 FLASH CARD READER DRIVER",1703
"MULTIMEDIA CARD (MMC), SECURE DIGITAL (SD) AND SDIO SUBSYSTEM","FREESCALE COLDFIRE M5441X MMC DRIVER",528
"MULTIMEDIA CARD (MMC), SECURE DIGITAL (SD) AND SDIO SUBSYSTEM","LITEX PLATFORM",2101
"MULTIMEDIA CARD (MMC), SECURE DIGITAL (SD) AND SDIO SUBSYSTEM","LOONGSON-2 SOC SERIES MMC/SD/SDIO CONTROLLER DRIVER",1142
"MULTIMEDIA CARD (MMC), SECURE DIGITAL (SD) AND SDIO SUBSYSTEM","MARVELL SOC MMC/SD/SDIO CONTROLLER DRIVER",1018
"MULTIMEDIA CARD (MMC), SECURE DIGITAL (SD) AND SDIO SUBSYSTEM","MARVELL XENON MMC/SD/SDIO HOST CONTROLLER DRIVER",1974
"MULTIMEDIA CARD (MMC), SECURE DIGITAL (SD) AND SDIO SUBSYSTEM","MEDIATEK MMC/SD/SDIO DRIVER",3783
"MULTIMEDIA CARD (MMC), SECURE DIGITAL (SD) AND SDIO SUBSYSTEM","MICROCHIP MMC/SD/SDIO MCI DRIVER",2664
"MULTIMEDIA CARD (MMC), SECURE DIGITAL (SD) AND SDIO SUBSYSTEM","MULTIMEDIA CARD (MMC) ETC. OVER SPI",1400
"MULTIMEDIA CARD (MMC), SECURE DIGITAL (SD) AND SDIO SUBSYSTEM","MULTIMEDIA CARD (MMC), SECURE DIGITAL (SD) AND SDIO SUBSYSTEM",148165
"MULTIMEDIA CARD (MMC), SECURE DIGITAL (SD) AND SDIO SUBSYSTEM","OMAP HS MMC SUPPORT",2122
"MULTIMEDIA CARD (MMC), SECURE DIGITAL (SD) AND SDIO SUBSYSTEM","OMAP MMC SUPPORT",1570
"MULTIMEDIA CARD (MMC), SECURE DIGITAL (SD) AND SDIO SUBSYSTEM","SDRICOH_CS MMC/SD HOST CONTROLLER INTERFACE DRIVER",524
"MULTIMEDIA CARD (MMC), SECURE DIGITAL (SD) AND SDIO SUBSYSTEM","SECURE DIGITAL HOST CONTROLLER INTERFACE (SDHCI) Broadcom BRCMSTB DRIVER",697
"MULTIMEDIA CARD (MMC), SECURE DIGITAL (SD) AND SDIO SUBSYSTEM","SECURE DIGITAL HOST CONTROLLER INTERFACE (SDHCI) DRIVER",41681
"MULTIMEDIA CARD (MMC), SECURE DIGITAL (SD) AND SDIO SUBSYSTEM","SECURE DIGITAL HOST CONTROLLER INTERFACE (SDHCI) MICROCHIP DRIVER",467
"MULTIMEDIA CARD (MMC), SECURE DIGITAL (SD) AND SDIO SUBSYSTEM","SECURE DIGITAL HOST CONTROLLER INTERFACE (SDHCI) NXP i.MX DRIVER",2207
"MULTIMEDIA CARD (MMC), SECURE DIGITAL (SD) AND SDIO SUBSYSTEM","SECURE DIGITAL HOST CONTROLLER INTERFACE (SDHCI) SAMSUNG DRIVER",776
"MULTIMEDIA CARD (MMC), SECURE DIGITAL (SD) AND SDIO SUBSYSTEM","SECURE DIGITAL HOST CONTROLLER INTERFACE (SDHCI) ST SPEAR DRIVER",187
"MULTIMEDIA CARD (MMC), SECURE DIGITAL (SD) AND SDIO SUBSYSTEM","SECURE DIGITAL HOST CONTROLLER INTERFACE (SDHCI) TI OMAP DRIVER",1482
"MULTIMEDIA CARD (MMC), SECURE DIGITAL (SD) AND SDIO SUBSYSTEM","STARFIVE JH7110 MMC/SD/SDIO DRIVER",204
"MULTIMEDIA CARD (MMC), SECURE DIGITAL (SD) AND SDIO SUBSYSTEM","SUNPLUS MMC DRIVER",1058
"MULTIMEDIA CARD (MMC), SECURE DIGITAL (SD) AND SDIO SUBSYSTEM","SYNOPSYS DESIGNWARE MMC/SD/SDIO DRIVER",7142
"MULTIMEDIA CARD (MMC), SECURE DIGITAL (SD) AND SDIO SUBSYSTEM","SYNOPSYS SDHCI COMPLIANT DWC MSHC DRIVER",84
"MULTIMEDIA CARD (MMC), SECURE DIGITAL (SD) AND SDIO SUBSYSTEM","TMIO/SDHI MMC DRIVER",4275
"MULTIMEDIA CARD (MMC), SECURE DIGITAL (SD) AND SDIO SUBSYSTEM","VUB300 USB to SDIO/SD/MMC bridge chip",2475
"MULTIMEDIA CARD (MMC), SECURE DIGITAL (SD) AND SDIO SUBSYSTEM","W83L51xD SD/MMC CARD INTERFACE DRIVER",2180
"MULTIPLEXER SUBSYSTEM","ANALOG DEVICES INC ADGS1408 DRIVER",177
"MULTIPLEXER SUBSYSTEM","MULTIPLEXER SUBSYSTEM",2490
"NETWORKING [GENERAL]","6LOWPAN GENERIC (BTLE/IEEE 802.15.4)",3213
"NETWORKING [GENERAL]","9P FILE SYSTEM",15413
"NETWORKING [GENERAL]","ANDROID DRIVERS",21800
"NETWORKING [GENERAL]","APPLETALK NETWORK LAYER",3624
"NETWORKING [GENERAL]","AX.25 NETWORK LAYER",7404
"NETWORKING [GENERAL]","BATMAN ADVANCED",35299
"NETWORKING [GENERAL]","BLUETOOTH SUBSYSTEM",81626
"NETWORKING [GENERAL]","BPF [L7 FRAMEWORK] (sockmap)",4921
"NETWORKING [GENERAL]","BPF [NETWORKING] (tcx & tc BPF, sock_addr)",14277
"NETWORKING [GENERAL]","CAIF NETWORK LAYER",8620
"NETWORKING [GENERAL]","CAKE QDISC",3153
"NETWORKING [GENERAL]","CBS/ETF/TAPRIO QDISCS",3669
"NETWORKING [GENERAL]","DAMA SLAVE for AX.25",4286
"NETWORKING [GENERAL]","DEVLINK",22950
"NETWORKING [GENERAL]","ETHERNET BRIDGE",38877
"NETWORKING [GENERAL]","FAILOVER MODULE",370
"NETWORKING [GENERAL]","HANDSHAKE UPCALL FOR TRANSPORT LAYER SECURITY",2688
"NETWORKING [GENERAL]","HSR NETWORK PROTOCOL",4334
"NETWORKING [GENERAL]","IFE PROTOCOL",270
"NETWORKING [GENERAL]","IPVS",24524
"NETWORKING [GENERAL]","ISDN/CMTP OVER BLUETOOTH",5726
"NETWORKING [GENERAL]","KERNEL NFSD BLOCK and SCSI LAYOUT DRIVER",800
"NETWORKING [GENERAL]","KERNEL NFSD, SUNRPC, AND LOCKD SERVERS",132109
"NETWORKING [GENERAL]","L3MDEV",683
"NETWORKING [GENERAL]","LIBETH COMMON ETHERNET LIBRARY",4321
"NETWORKING [GENERAL]","LLC (802.2)",13473
"NETWORKING [GENERAL]","MANAGEMENT COMPONENT TRANSPORT PROTOCOL (MCTP)",9813
"NETWORKING [GENERAL]","NCSI LIBRARY",5607
"NETWORKING [GENERAL]","NETEM NETWORK EMULATOR",1373
"NETWORKING [GENERAL]","NETFILTER",187355
"NETWORKING [GENERAL]","NETROM NETWORK LAYER",4349
"NETWORKING [GENERAL]","NETWORK DROP MONITOR",1915
"NETWORKING [GENERAL]","NETWORKING [ETHTOOL CABLE TEST]",2045
"NETWORKING [GENERAL]","NETWORKING [ETHTOOL MAC MERGE]",902
"NETWORKING [GENERAL]","NETWORKING [ETHTOOL PHY TOPOLOGY]",473
"NETWORKING [GENERAL]","NETWORKING [ETHTOOL]",32118
"NETWORKING [GENERAL]","NETWORKING [GENERAL]",1462457
"NETWORKING [GENERAL]","NETWORKING [IOAM]",4800
"NETWORKING [GENERAL]","NETWORKING [IPSEC]",43025
"NETWORKING [GENERAL]","NETWORKING [IPv4/IPv6]",210140
"NETWORKING [GENERAL]","NETWORKING [LABELED] (NetLabel, Labeled IPsec, SECMARK)",14314
"NETWORKING [GENERAL]","NETWORKING [MPTCP]",34255
"NETWORKING [GENERAL]","NETWORKING [SOCKETS]",16017
"NETWORKING [GENERAL]","NETWORKING [SRv6]",11915
"NETWORKING [GENERAL]","NETWORKING [TCP]",49135
"NETWORKING [GENERAL]","NETWORKING [TLS]",8314
"NETWORKING [GENERAL]","NETWORKING [UNIX SOCKETS]",8090
"NETWORKING [GENERAL]","NEXTHOP",4922
"NETWORKING [GENERAL]","NFC SUBSYSTEM",48928
"NETWORKING [GENERAL]","NFS, SUNRPC, AND LOCKD CLIENTS",161512
"NETWORKING [GENERAL]","NXP-NCI NFC DRIVER",1049
"NETWORKING [GENERAL]","OPENVSWITCH",21636
"NETWORKING [GENERAL]","PACKET SOCKETS",5134
"NETWORKING [GENERAL]","PAGE POOL",2558
"NETWORKING [GENERAL]","PHONET PROTOCOL",4922
"NETWORKING [GENERAL]","PLCA RECONCILIATION SUBLAYER (IEEE802.3 Clause 148)",366
"NETWORKING [GENERAL]","PPP OVER ATM (RFC 2364)",516
"NETWORKING [GENERAL]","PPP OVER L2TP",1843
"NETWORKING [GENERAL]","PSAMPLE PACKET SAMPLING SUPPORT",681
"NETWORKING [GENERAL]","QUALCOMM IPC ROUTER (QRTR) DRIVER",2827
"NETWORKING [GENERAL]","RDS - RELIABLE DATAGRAM SOCKETS",18638
"NETWORKING [GENERAL]","ROSE NETWORK LAYER",5271
"NETWORKING [GENERAL]","RXRPC SOCKETS (AF_RXRPC)",25244
"NETWORKING [GENERAL]","S390 IUCV NETWORK LAYER",5391
"NETWORKING [GENERAL]","SAMSUNG S3FWRN5 NFC DRIVER",1796
"NETWORKING [GENERAL]","SCTP PROTOCOL",50501
"NETWORKING [GENERAL]","SHARED MEMORY COMMUNICATIONS (SMC) SOCKETS",20872
"NETWORKING [GENERAL]","SWITCHDEV",1612
"NETWORKING [GENERAL]","TC subsystem",102889
"NETWORKING [GENERAL]","TCP LOW PRIORITY MODULE",357
"NETWORKING [GENERAL]","TI TRF7970A NFC DRIVER",2440
"NETWORKING [GENERAL]","TIPC NETWORK LAYER",29446
"NETWORKING [GENERAL]","USER DATAGRAM PROTOCOL (UDP)",7044
"NETWORKING [GENERAL]","VM SOCKETS (AF_VSOCK)",18209
"NETWORKING [GENERAL]","VMWARE VSOCK VMCI TRANSPORT DRIVER",3467
"NETWORKING [GENERAL]","X.25 STACK",8664
"NETWORKING [GENERAL]","XDP SOCKETS (AF_XDP)",8109
"NETWORKING [GENERAL]","YAML NETLINK (YNL)",37899
"NETWORKING DRIVERS","3CR990 NETWORK DRIVER",3212
"NETWORKING DRIVERS","6PACK NETWORK DRIVER FOR AX.25",913
"NETWORKING DRIVERS","8169 10/100/1000 GIGABIT ETHERNET DRIVER",7613
"NETWORKING DRIVERS","8390 NETWORK DRIVERS [WD80x3/SMC-ELITE, SMC-ULTRA, NE2000, 3C503, etc.]",13323
"NETWORKING DRIVERS","ACENIC DRIVER",3969
"NETWORKING DRIVERS","AEONSEMI PHY DRIVER",1210
"NETWORKING DRIVERS","AIROHA ETHERNET DRIVER",7549
"NETWORKING DRIVERS","ALACRITECH GIGABIT ETHERNET DRIVER",2454
"NETWORKING DRIVERS","ALTERA TRIPLE SPEED ETHERNET DRIVER",3428
"NETWORKING DRIVERS","AMAZON ETHERNET DRIVERS",14955
"NETWORKING DRIVERS","AMD PDS CORE DRIVER",5602
"NETWORKING DRIVERS","AMD XGBE DRIVER",20017
"NETWORKING DRIVERS","AMT (Automatic Multicast Tunneling)",3452
"NETWORKING DRIVERS","ANALOG DEVICES INC ADIN DRIVER",1133
"NETWORKING DRIVERS","APPLIED MICRO (APM) X-GENE SOC ETHERNET (V2) DRIVER",1700
"NETWORKING DRIVERS","APPLIED MICRO (APM) X-GENE SOC ETHERNET DRIVER",7502
"NETWORKING DRIVERS","APPLIED MICRO QT2025 PHY DRIVER",111
"NETWORKING DRIVERS","AQUANTIA ETHERNET DRIVER (atlantic)",30243
"NETWORKING DRIVERS","AQUANTIA ETHERNET DRIVER PTP SUBSYSTEM",1578
"NETWORKING DRIVERS","ARCNET NETWORK LAYER",6441
"NETWORKING DRIVERS","ARM/CAVIUM THUNDER NETWORK DRIVER",10764
"NETWORKING DRIVERS","ARM/MICROCHIP (ARM64) SoC support",2403
"NETWORKING DRIVERS","ARM/Microchip Sparx5 SoC support",58674
"NETWORKING DRIVERS","ARROW SPEEDCHIPS XRS7000 SERIES ETHERNET SWITCH DRIVER",1616
"NETWORKING DRIVERS","ASIX AX88796C SPI ETHERNET ADAPTER",2259
"NETWORKING DRIVERS","ASIX PHY DRIVER [RUST]",134
"NETWORKING DRIVERS","ATLX ETHERNET DRIVERS",26726
"NETWORKING DRIVERS","ATMEL MACB ETHERNET DRIVER",8092
"NETWORKING DRIVERS","BAYCOM/HDLCDRV DRIVERS FOR AX.25",3319
"NETWORKING DRIVERS","BECKHOFF CX5020 ETHERCAT MASTER DRIVER",594
"NETWORKING DRIVERS","BONDING DRIVER",22629
"NETWORKING DRIVERS","BPF [NETKIT] (BPF-programmable network device)",1061
"NETWORKING DRIVERS","BPF JIT for NFP NICs",7878
"NETWORKING DRIVERS","BROADCOM ASP 2.0 ETHERNET DRIVER",4372
"NETWORKING DRIVERS","BROADCOM B44 10/100 ETHERNET DRIVER",3012
"NETWORKING DRIVERS","BROADCOM B53/SF2 ETHERNET SWITCH DRIVER",11355
"NETWORKING DRIVERS","BROADCOM BCM4908 ETHERNET DRIVER",1017
"NETWORKING DRIVERS","BROADCOM BNG_EN 800 GIGABIT ETHERNET DRIVER",7687
"NETWORKING DRIVERS","BROADCOM BNX2 GIGABIT ETHERNET DRIVER",16349
"NETWORKING DRIVERS","BROADCOM BNX2X 10 GIGABIT ETHERNET DRIVER",84544
"NETWORKING DRIVERS","BROADCOM BNXT_EN 50 GIGABIT ETHERNET DRIVER",37988
"NETWORKING DRIVERS","BROADCOM ETHERNET PHY DRIVERS",7341
"NETWORKING DRIVERS","BROADCOM GENET ETHERNET DRIVER",6707
"NETWORKING DRIVERS","BROADCOM IPROC GBIT ETHERNET DRIVER",3312
"NETWORKING DRIVERS","BROADCOM NVRAM DRIVER",1305
"NETWORKING DRIVERS","BROADCOM SYSTEMPORT ETHERNET DRIVER",3849
"NETWORKING DRIVERS","BROADCOM TG3 GIGABIT ETHERNET DRIVER",21878
"NETWORKING DRIVERS","BROCADE BNA 10 GIGABIT ETHERNET DRIVER",22345
"NETWORKING DRIVERS","CAVIUM LIQUIDIO NETWORK DRIVER",27216
"NETWORKING DRIVERS","CIRRUS LOGIC EP93XX ETHERNET DRIVER",876
"NETWORKING DRIVERS","CISCO VIC ETHERNET NIC DRIVER",10297
"NETWORKING DRIVERS","CXGB3 ETHERNET DRIVER (CXGB3)",21712
"NETWORKING DRIVERS","CXGB4 ETHERNET DRIVER (CXGB4)",59609
"NETWORKING DRIVERS","CXGB4 INLINE CRYPTO DRIVER",9537
"NETWORKING DRIVERS","CXGB4VF ETHERNET DRIVER (CXGB4VF)",9540
"NETWORKING DRIVERS","CYCLADES PC300 DRIVER",513
"NETWORKING DRIVERS","DAVICOM FAST ETHERNET (DMFE) NETWORK DRIVER",2289
"NETWORKING DRIVERS","DEFXX FDDI NETWORK DRIVER",5673
"NETWORKING DRIVERS","DEFZA FDDI NETWORK DRIVER",2357
"NETWORKING DRIVERS","DPAA2 ETHERNET DRIVER",14411
"NETWORKING DRIVERS","DPAA2 ETHERNET SWITCH DRIVER",8209
"NETWORKING DRIVERS","EHEA (IBM pSeries eHEA 10Gb ethernet adapter) DRIVER",7027
"NETWORKING DRIVERS","EMULEX 10Gbps NIC BE2, BE3-R, Lancer, Skyhawk-R DRIVER (be2net)",16840
"NETWORKING DRIVERS","ET131X NETWORK DRIVER",5570
"NETWORKING DRIVERS","ETHERNET PHY LIBRARY",114278
"NETWORKING DRIVERS","FARSYNC SYNCHRONOUS DRIVER",2943
"NETWORKING DRIVERS","FORCEDETH GIGABIT ETHERNET DRIVER",6526
"NETWORKING DRIVERS","FREESCALE ENETC ETHERNET DRIVERS",15241
"NETWORKING DRIVERS","FREESCALE eTSEC ETHERNET DRIVER (GIANFAR)",6524
"NETWORKING DRIVERS","FREESCALE IMX / MXC FEC DRIVER",6679
"NETWORKING DRIVERS","FREESCALE QORIQ DPAA ETHERNET DRIVER",4636
"NETWORKING DRIVERS","FREESCALE QORIQ DPAA FMAN DRIVER",11558
"NETWORKING DRIVERS","FREESCALE QORIQ PTP CLOCK DRIVER",1906
"NETWORKING DRIVERS","FREESCALE QUICC ENGINE QMC HDLC DRIVER",808
"NETWORKING DRIVERS","FREESCALE QUICC ENGINE UCC ETHERNET DRIVER",5273
"NETWORKING DRIVERS","FREESCALE QUICC ENGINE UCC HDLC DRIVER",1448
"NETWORKING DRIVERS","FREESCALE SOC FS_ENET DRIVER",3354
"NETWORKING DRIVERS","FUNGIBLE ETHERNET DRIVERS",8771
"NETWORKING DRIVERS","GENERIC HDLC (WAN) DRIVERS",9514
"NETWORKING DRIVERS","GOOGLE ETHERNET DRIVERS",14191
"NETWORKING DRIVERS","GRETH 10/100/1G Ethernet MAC device driver",1734
"NETWORKING DRIVERS","GTP (GPRS Tunneling Protocol)",2544
"NETWORKING DRIVERS","HIPPI",2968
"NETWORKING DRIVERS","HIRSCHMANN HELLCREEK ETHERNET SWITCH DRIVER",3760
"NETWORKING DRIVERS","HISILICON NETWORK HIBMCGE DRIVER",4179
"NETWORKING DRIVERS","HISILICON NETWORK SUBSYSTEM 3 DRIVER (HNS3)",47023
"NETWORKING DRIVERS","HISILICON NETWORK SUBSYSTEM DRIVER",72412
"NETWORKING DRIVERS","HSO 3G MODEM DRIVER",3303
"NETWORKING DRIVERS","HUAWEI 3RD GEN ETHERNET DRIVER",11212
"NETWORKING DRIVERS","HUAWEI ETHERNET DRIVER",22683
"NETWORKING DRIVERS","INTEL ETHERNET DRIVERS",421991
"NETWORKING DRIVERS","INTEL PTP DFL ToD DRIVER",332
"NETWORKING DRIVERS","INTEL WWAN IOSM DRIVER",11969
"NETWORKING DRIVERS","IOC3 ETHERNET DRIVER",1286
"NETWORKING DRIVERS","JME NETWORK DRIVER",4542
"NETWORKING DRIVERS","LANTIQ / MAXLINEAR / INTEL Ethernet DSA drivers",5040
"NETWORKING DRIVERS","LANTIQ PEF2256 DRIVER",1753
"NETWORKING DRIVERS","LIBIE COMMON INTEL ETHERNET LIBRARY",1919
"NETWORKING DRIVERS","LYNX PCS MODULE",392
"NETWORKING DRIVERS","MARVELL 88E6XXX ETHERNET SWITCH FABRIC DRIVER",21910
"NETWORKING DRIVERS","MARVELL GIGABIT ETHERNET DRIVERS (skge/sky2)",14360
"NETWORKING DRIVERS","MARVELL MV643XX ETHERNET DRIVER",3332
"NETWORKING DRIVERS","MARVELL MV88X3310 PHY DRIVER",1477
"NETWORKING DRIVERS","MARVELL MVNETA ETHERNET DRIVER",6663
"NETWORKING DRIVERS","MARVELL MVPP2 ETHERNET DRIVER",15966
"NETWORKING DRIVERS","MARVELL OCTEON ENDPOINT DRIVER",8891
"NETWORKING DRIVERS","MARVELL OCTEON ENDPOINT VF DRIVER",5260
"NETWORKING DRIVERS","MARVELL OCTEONTX2 PHYSICAL FUNCTION DRIVER",23921
"NETWORKING DRIVERS","MARVELL OCTEONTX2 RVU ADMIN FUNCTION DRIVER",61544
"NETWORKING DRIVERS","MARVELL PRESTERA ETHERNET SWITCH DRIVER",15652
"NETWORKING DRIVERS","MARVELL USB MDIO CONTROLLER DRIVER",192
"NETWORKING DRIVERS","MAXLINEAR ETHERNET PHY DRIVER",2386
"NETWORKING DRIVERS","MDIO REGMAP DRIVER",119
"NETWORKING DRIVERS","MEDIATEK ETHERNET PCS DRIVER",342
"NETWORKING DRIVERS","MEDIATEK ETHERNET PHY DRIVERS",3005
"NETWORKING DRIVERS","MEDIATEK SWITCH DRIVER",4837
"NETWORKING DRIVERS","MEDIATEK T7XX 5G WWAN MODEM DRIVER",12044
"NETWORKING DRIVERS","MELLANOX ETHERNET DRIVER (mlx4_en)",11374
"NETWORKING DRIVERS","MELLANOX ETHERNET DRIVER (mlx5e)",31089
"NETWORKING DRIVERS","MELLANOX ETHERNET INNOVA DRIVERS",15392
"NETWORKING DRIVERS","MELLANOX ETHERNET SWITCH DRIVERS",109544
"NETWORKING DRIVERS","MELLANOX FIRMWARE FLASH LIBRARY (mlxfw)",1498
"NETWORKING DRIVERS","MELLANOX MLX4 core VPI driver",45431
"NETWORKING DRIVERS","MELLANOX MLX5 core VPI driver",213422
"NETWORKING DRIVERS","META ETHERNET DRIVERS",17102
"NETWORKING DRIVERS","MICROCHIP KSZ SERIES ETHERNET SWITCH DRIVER",19394
"NETWORKING DRIVERS","MICROCHIP LAN743X ETHERNET DRIVER",8609
"NETWORKING DRIVERS","MICROCHIP LAN8650/1 10BASE-T1S MACPHY ETHERNET DRIVER",529
"NETWORKING DRIVERS","MICROCHIP LAN87xx/LAN937x T1 PHY DRIVER",2180
"NETWORKING DRIVERS","MICROCHIP LAN966X ETHERNET DRIVER",17421
"NETWORKING DRIVERS","MICROCHIP LAN969X ETHERNET DRIVER",5410
"NETWORKING DRIVERS","MOTORCOMM PHY DRIVER",3258
"NETWORKING DRIVERS","MOTORCOMM YT921X ETHERNET SWITCH DRIVER",3879
"NETWORKING DRIVERS","MUCSE ETHERNET DRIVER",1324
"NETWORKING DRIVERS","MYRICOM MYRI-10G 10GbE DRIVER (MYRI10GE)",4549
"NETWORKING DRIVERS","NATSEMI ETHERNET DRIVER (DP8381x)",3383
"NETWORKING DRIVERS","NET_FAILOVER MODULE",1058
"NETWORKING DRIVERS","NETCONSOLE",3645
"NETWORKING DRIVERS","NETDEVSIM",14515
"NETWORKING DRIVERS","NETERION 10GbE DRIVERS (s2io)",10891
"NETWORKING DRIVERS","NETRONOME ETHERNET DRIVERS",56063
"NETWORKING DRIVERS","NETWORKING [DSA]",132486
"NETWORKING DRIVERS","NETWORKING [MACSEC]",5068
"NETWORKING DRIVERS","NETWORKING DRIVERS",3341328
"NETWORKING DRIVERS","NETXEN (1/10) GbE SUPPORT",13002
"NETWORKING DRIVERS","NXP C45 TJA11XX PHY DRIVER",3978
"NETWORKING DRIVERS","NXP NETC TIMER PTP CLOCK DRIVER",1106
"NETWORKING DRIVERS","NXP SJA1105 ETHERNET SWITCH DRIVER",14817
"NETWORKING DRIVERS","OCELOT ETHERNET SWITCH DRIVER",25998
"NETWORKING DRIVERS","ONSEMI ETHERNET PHY DRIVERS",171
"NETWORKING DRIVERS","OPEN ALLIANCE 10BASE-T1S MACPHY SERIAL INTERFACE FRAMEWORK",1890
"NETWORKING DRIVERS","OPENCOMPUTE PTP CLOCK DRIVER",4952
"NETWORKING DRIVERS","OPENVPN DATA CHANNEL OFFLOAD",10210
"NETWORKING DRIVERS","PCNET32 NETWORK DRIVER",3048
"NETWORKING DRIVERS","PENSANDO ETHERNET DRIVERS",17050
"NETWORKING DRIVERS","PPP OVER ETHERNET",1383
"NETWORKING DRIVERS","PPP PROTOCOL DRIVERS AND COMPRESSORS",6745
"NETWORKING DRIVERS","PSE NETWORK DRIVER",7234
"NETWORKING DRIVERS","PTP HARDWARE CLOCK SUPPORT",20785
"NETWORKING DRIVERS","PTP MOCKUP CLOCK SUPPORT",213
"NETWORKING DRIVERS","PTP VIRTUAL CLOCK SUPPORT",396
"NETWORKING DRIVERS","PTP VMCLOCK SUPPORT",792
"NETWORKING DRIVERS","QCOM IPA DRIVER",26610
"NETWORKING DRIVERS","QLOGIC QL4xxx ETHERNET DRIVER",105941
"NETWORKING DRIVERS","QLOGIC QLA3XXX NETWORK DRIVER",5118
"NETWORKING DRIVERS","QLOGIC QLCNIC (1/10)Gb ETHERNET DRIVER",32875
"NETWORKING DRIVERS","QUALCOMM ATHEROS QCA7K ETHERNET DRIVER",2427
"NETWORKING DRIVERS","QUALCOMM BAM-DMUX WWAN NETWORK DRIVER",1000
"NETWORKING DRIVERS","QUALCOMM EMAC GIGABIT ETHERNET DRIVER",4514
"NETWORKING DRIVERS","QUALCOMM PPE DRIVER",4817
"NETWORKING DRIVERS","QUALCOMM RMNET DRIVER",2556
"NETWORKING DRIVERS","RDC R6040 FAST ETHERNET DRIVER",1215
"NETWORKING DRIVERS","REALTEK RTL83xx SMI DSA ROUTER CHIPS",6494
"NETWORKING DRIVERS","REMOTE PROCESSOR MESSAGING (RPMSG) WWAN CONTROL DRIVER",167
"NETWORKING DRIVERS","RENESAS ETHERNET AVB DRIVER",5287
"NETWORKING DRIVERS","RENESAS ETHERNET SWITCH DRIVER",4262
"NETWORKING DRIVERS","RENESAS ETHERNET TSN DRIVER",1965
"NETWORKING DRIVERS","RENESAS RZ/N1 A5PSW SWITCH DRIVER",2921
"NETWORKING DRIVERS","RENESAS SUPERH ETHERNET DRIVER",4367
"NETWORKING DRIVERS","ROCKER DRIVER",6917
"NETWORKING DRIVERS","RTASE ETHERNET DRIVER",2772
"NETWORKING DRIVERS","S390 PTP DRIVER",129
"NETWORKING DRIVERS","SAMSUNG SXGBE DRIVERS",6230
"NETWORKING DRIVERS","SFC NETWORK DRIVER",141017
"NETWORKING DRIVERS","SFF/SFP/SFP+ MODULE SUPPORT",10216
"NETWORKING DRIVERS","SIS 190 ETHERNET DRIVER",1948
"NETWORKING DRIVERS","SIS 900/7016 FAST ETHERNET DRIVER",2917
"NETWORKING DRIVERS","SMC91x ETHERNET DRIVER",3575
"NETWORKING DRIVERS","SMSC911x ETHERNET DRIVER",3164
"NETWORKING DRIVERS","SMSC9420 PCI ETHERNET DRIVER",1936
"NETWORKING DRIVERS","SOCIONEXT (SNI) AVE NETWORK DRIVER",2130
"NETWORKING DRIVERS","SOCIONEXT (SNI) NETSEC NETWORK DRIVER",2303
"NETWORKING DRIVERS","SONIC NETWORK DRIVER",1328
"NETWORKING DRIVERS","STARFIRE/DURALAN NETWORK DRIVER",2066
"NETWORKING DRIVERS","SUN HAPPY MEAL ETHERNET DRIVER",3408
"NETWORKING DRIVERS","SUNDANCE NETWORK DRIVER",1990
"NETWORKING DRIVERS","SUNPLUS ETHERNET DRIVER",2164
"NETWORKING DRIVERS","SYNOPSYS DESIGNWARE ENTERPRISE ETHERNET DRIVER",7670
"NETWORKING DRIVERS","SYNOPSYS DESIGNWARE ETHERNET XPCS DRIVER",1918
"NETWORKING DRIVERS","TEAM DRIVER",5176
"NETWORKING DRIVERS","TEHUTI ETHERNET DRIVER",3017
"NETWORKING DRIVERS","TEHUTI TN40XX ETHERNET DRIVER",2664
"NETWORKING DRIVERS","THUNDERBOLT NETWORK DRIVER",1639
"NETWORKING DRIVERS","TI ETHERNET SWITCH DRIVER (CPSW)",14520
"NETWORKING DRIVERS","TI ICSSG ETHERNET DRIVER (ICSSG)",11111
"NETWORKING DRIVERS","TI ICSSM ETHERNET DRIVER (ICSSM)",2615
"NETWORKING DRIVERS","TLAN NETWORK DRIVER",3961
"NETWORKING DRIVERS","TULIP NETWORK DRIVERS",14446
"NETWORKING DRIVERS","TUN/TAP DRIVER",5551
"NETWORKING DRIVERS","USB CDC ETHERNET DRIVER",4997
"NETWORKING DRIVERS","USB DAVICOM DM9601 DRIVER",657
"NETWORKING DRIVERS","USB LAN78XX ETHERNET DRIVER",6344
"NETWORKING DRIVERS","USB NETWORKING DRIVERS",54893
"NETWORKING DRIVERS","USB PEGASUS DRIVER",1640
"NETWORKING DRIVERS","USB QMI WWAN NETWORK DRIVER",1696
"NETWORKING DRIVERS","USB RTL8150 DRIVER",985
"NETWORKING DRIVERS","USB SMSC75XX ETHERNET DRIVER",2754
"NETWORKING DRIVERS","USB SMSC95XX ETHERNET DRIVER",2558
"NETWORKING DRIVERS","USB USBNET DRIVER FRAMEWORK",2586
"NETWORKING DRIVERS","VIA RHINE NETWORK DRIVER",2638
"NETWORKING DRIVERS","VIA VELOCITY NETWORK DRIVER",5272
"NETWORKING DRIVERS","VIRTIO NET DRIVER",8623
"NETWORKING DRIVERS","VMWARE VIRTUAL PTP CLOCK DRIVER",136
"NETWORKING DRIVERS","VMWARE VMXNET3 ETHERNET DRIVER",8051
"NETWORKING DRIVERS","VRF",2476
"NETWORKING DRIVERS","WANGXUN ETHERNET DRIVER",19738
"NETWORKING DRIVERS","WIREGUARD SECURE NETWORK TUNNEL",9370
"NETWORKING DRIVERS","WWAN DRIVERS",28235
"NETWORKING DRIVERS","XEN NETWORK BACKEND DRIVER",5419
"NETWORKING DRIVERS","YAM DRIVER FOR AX.25",1258
"NOHZ, DYNTICKS SUPPORT","NOHZ, DYNTICKS SUPPORT",4501
"NVM EXPRESS DRIVER","NVM EXPRESS DRIVER",36335
"NVM EXPRESS DRIVER","NVM EXPRESS FABRICS AUTHENTICATION",2414
"NVM EXPRESS DRIVER","NVM EXPRESS FC TRANSPORT DRIVERS",10303
"NVM EXPRESS DRIVER","NVM EXPRESS HARDWARE MONITORING SUPPORT",281
"NVM EXPRESS DRIVER","NVM EXPRESS TARGET DRIVER",26014
"NVMEM FRAMEWORK","MICROCHIP OTPC DRIVER",352
"NVMEM FRAMEWORK","NVMEM FRAMEWORK",16915
"NVMEM FRAMEWORK","ONIE TLV NVMEM LAYOUT DRIVER",407
"NVMEM FRAMEWORK","SL28 VPD NVMEM LAYOUT DRIVER",238
"NVMEM FRAMEWORK","SUNPLUS OCOTP DRIVER",308
"NVMEM FRAMEWORK","U-BOOT ENVIRONMENT VARIABLES",452
"NVMEM FRAMEWORK","XILINX ZYNQMP NVMEM DRIVER",278
"OBJTOOL","OBJTOOL",16503
"OPEN FIRMWARE AND FLATTENED DEVICE TREE BINDINGS","AIROHA PCIE PHY DRIVER",1853
"OPEN FIRMWARE AND FLATTENED DEVICE TREE BINDINGS","AMD CDX BUS DRIVER",1988
"OPEN FIRMWARE AND FLATTENED DEVICE TREE BINDINGS","ANALOGBITS PLL LIBRARIES",461
"OPEN FIRMWARE AND FLATTENED DEVICE TREE BINDINGS","APPLIED MICRO (APM) X-GENE DEVICE TREE SUPPORT",2094
"OPEN FIRMWARE AND FLATTENED DEVICE TREE BINDINGS","ARM INTEGRATOR, VERSATILE AND REALVIEW SUPPORT",11294
"OPEN FIRMWARE AND FLATTENED DEVICE TREE BINDINGS","ARM PRIMECELL BUS SUPPORT",1222
"OPEN FIRMWARE AND FLATTENED DEVICE TREE BINDINGS","ARM PRIMECELL PL35X SMC DRIVER",290
"OPEN FIRMWARE AND FLATTENED DEVICE TREE BINDINGS","ARM/AIROHA SOC SUPPORT",761
"OPEN FIRMWARE AND FLATTENED DEVICE TREE BINDINGS","ARM/Allwinner SoC Clock Support",4997
"OPEN FIRMWARE AND FLATTENED DEVICE TREE BINDINGS","ARM/Allwinner sunXi SoC support",214192
"OPEN FIRMWARE AND FLATTENED DEVICE TREE BINDINGS","ARM/Amlogic Meson SoC CLOCK FRAMEWORK",29801
"OPEN FIRMWARE AND FLATTENED DEVICE TREE BINDINGS","ARM/Amlogic Meson SoC support",145682
"OPEN FIRMWARE AND FLATTENED DEVICE TREE BINDINGS","ARM/Annapurna Labs ALPINE ARCHITECTURE",1367
"OPEN FIRMWARE AND FLATTENED DEVICE TREE BINDINGS","ARM/APPLE MACHINE SUPPORT",48061
"OPEN FIRMWARE AND FLATTENED DEVICE TREE BINDINGS","ARM/ASPEED MACHINE SUPPORT",110967
"OPEN FIRMWARE AND FLATTENED DEVICE TREE BINDINGS","ARM/AXIADO ARCHITECTURE",627
"OPEN FIRMWARE AND FLATTENED DEVICE TREE BINDINGS","ARM/AXM LSI SOC",599
"OPEN FIRMWARE AND FLATTENED DEVICE TREE BINDINGS","ARM/BLAIZE ARCHITECTURE",401
"OPEN FIRMWARE AND FLATTENED DEVICE TREE BINDINGS","ARM/BST SOC SUPPORT",154
"OPEN FIRMWARE AND FLATTENED DEVICE TREE BINDINGS","ARM/FREESCALE IMX / MXC ARM ARCHITECTURE",508018
"OPEN FIRMWARE AND FLATTENED DEVICE TREE BINDINGS","ARM/FREESCALE LAYERSCAPE ARM ARCHITECTURE",22023
"OPEN FIRMWARE AND FLATTENED DEVICE TREE BINDINGS","ARM/FREESCALE VYBRID ARM ARCHITECTURE",7267
"OPEN FIRMWARE AND FLATTENED DEVICE TREE BINDINGS","ARM/HISILICON SOC SUPPORT",17065
"OPEN FIRMWARE AND FLATTENED DEVICE TREE BINDINGS","ARM/IGEP MACHINE SUPPORT",856
"OPEN FIRMWARE AND FLATTENED DEVICE TREE BINDINGS","ARM/INTEL KEEMBAY ARCHITECTURE",184
"OPEN FIRMWARE AND FLATTENED DEVICE TREE BINDINGS","ARM/LG1K ARCHITECTURE",478
"OPEN FIRMWARE AND FLATTENED DEVICE TREE BINDINGS","ARM/LPC18XX ARCHITECTURE",9820
"OPEN FIRMWARE AND FLATTENED DEVICE TREE BINDINGS","ARM/Marvell Kirkwood and Armada 370, 375, 38x, 39x, XP, 3700, 7K/8K, CN9130 SOC support",64084
"OPEN FIRMWARE AND FLATTENED DEVICE TREE BINDINGS","ARM/Marvell PXA1908 SOC support",1809
"OPEN FIRMWARE AND FLATTENED DEVICE TREE BINDINGS","ARM/MORELLO PLATFORM",592
"OPEN FIRMWARE AND FLATTENED DEVICE TREE BINDINGS","ARM/MOXA ART SOC",425
"OPEN FIRMWARE AND FLATTENED DEVICE TREE BINDINGS","ARM/NOMADIK/Ux500 ARCHITECTURES",34781
"OPEN FIRMWARE AND FLATTENED DEVICE TREE BINDINGS","ARM/NUVOTON NPCM ARCHITECTURE",23292
"OPEN FIRMWARE AND FLATTENED DEVICE TREE BINDINGS","ARM/QUALCOMM CHROMEBOOK SUPPORT",18102
"OPEN FIRMWARE AND FLATTENED DEVICE TREE BINDINGS","ARM/QUALCOMM MAILING LIST",1140523
"OPEN FIRMWARE AND FLATTENED DEVICE TREE BINDINGS","ARM/QUALCOMM SUPPORT",378058
"OPEN FIRMWARE AND FLATTENED DEVICE TREE BINDINGS","ARM/REALTEK ARCHITECTURE",1601
"OPEN FIRMWARE AND FLATTENED DEVICE TREE BINDINGS","ARM/RISC-V/RENESAS ARCHITECTURE",172844
"OPEN FIRMWARE AND FLATTENED DEVICE TREE BINDINGS","ARM/Rockchip SoC support",343178
"OPEN FIRMWARE AND FLATTENED DEVICE TREE BINDINGS","ARM/SAMSUNG S3C, S5P AND EXYNOS ARM ARCHITECTURES",227266
"OPEN FIRMWARE AND FLATTENED DEVICE TREE BINDINGS","ARM/SOCFPGA ARCHITECTURE",9768
"OPEN FIRMWARE AND FLATTENED DEVICE TREE BINDINGS","ARM/SOCFPGA CLOCK FRAMEWORK SUPPORT",3583
"OPEN FIRMWARE AND FLATTENED DEVICE TREE BINDINGS","ARM/SOCFPGA EDAC BINDINGS",324
"OPEN FIRMWARE AND FLATTENED DEVICE TREE BINDINGS","ARM/SPREADTRUM SoC SUPPORT",38760
"OPEN FIRMWARE AND FLATTENED DEVICE TREE BINDINGS","ARM/STI ARCHITECTURE",15321
"OPEN FIRMWARE AND FLATTENED DEVICE TREE BINDINGS","ARM/SUNPLUS SP7021 SOC SUPPORT",2037
"OPEN FIRMWARE AND FLATTENED DEVICE TREE BINDINGS","ARM/Synaptics SoC support",2734
"OPEN FIRMWARE AND FLATTENED DEVICE TREE BINDINGS","ARM/TESLA FSD SoC SUPPORT",1735
"OPEN FIRMWARE AND FLATTENED DEVICE TREE BINDINGS","ARM/TEXAS INSTRUMENT AEMIF/EMIF DRIVERS",3214
"OPEN FIRMWARE AND FLATTENED DEVICE TREE BINDINGS","ARM/TEXAS INSTRUMENT KEYSTONE ARCHITECTURE",5806
"OPEN FIRMWARE AND FLATTENED DEVICE TREE BINDINGS","ARM/TEXAS INSTRUMENTS K3 ARCHITECTURE",69756
"OPEN FIRMWARE AND FLATTENED DEVICE TREE BINDINGS","ARM/TEXAS INSTRUMENTS NSPIRE ARCHITECTURE",842
"OPEN FIRMWARE AND FLATTENED DEVICE TREE BINDINGS","ARM/TOSHIBA VISCONTI ARCHITECTURE",4679
"OPEN FIRMWARE AND FLATTENED DEVICE TREE BINDINGS","ARM/VERSATILE EXPRESS PLATFORM",13678
"OPEN FIRMWARE AND FLATTENED DEVICE TREE BINDINGS","ATHEROS 71XX/9XXX USB PHY DRIVER",158
"OPEN FIRMWARE AND FLATTENED DEVICE TREE BINDINGS","AXIS ARTPEC ARM64 SoC SUPPORT",1865
"OPEN FIRMWARE AND FLATTENED DEVICE TREE BINDINGS","BROADCOM BCM5301X ARM ARCHITECTURE",6939
"OPEN FIRMWARE AND FLATTENED DEVICE TREE BINDINGS","BROADCOM BCM53573 ARM ARCHITECTURE",571
"OPEN FIRMWARE AND FLATTENED DEVICE TREE BINDINGS","BROADCOM BCMBCA ARM ARCHITECTURE",7361
"OPEN FIRMWARE AND FLATTENED DEVICE TREE BINDINGS","BROADCOM BRCMSTB USB2 and USB3 PHY DRIVER",2479
"OPEN FIRMWARE AND FLATTENED DEVICE TREE BINDINGS","BROADCOM IPROC ARM ARCHITECTURE",28297
"OPEN FIRMWARE AND FLATTENED DEVICE TREE BINDINGS","CANAAN/KENDRYTE K210 SOC RESET CONTROLLER DRIVER",171
"OPEN FIRMWARE AND FLATTENED DEVICE TREE BINDINGS","CAVIUM THUNDERX2 ARM64 SOC",198
"OPEN FIRMWARE AND FLATTENED DEVICE TREE BINDINGS","COMMON CLK FRAMEWORK",901153
"OPEN FIRMWARE AND FLATTENED DEVICE TREE BINDINGS","DH ELECTRONICS DHSOM SOM AND BOARD SUPPORT",9021
"OPEN FIRMWARE AND FLATTENED DEVICE TREE BINDINGS","DMC FREQUENCY DRIVER FOR SAMSUNG EXYNOS5422",1722
"OPEN FIRMWARE AND FLATTENED DEVICE TREE BINDINGS","DRM DRIVER FOR ALLWINNER DE2 AND DE3 ENGINE",5504
"OPEN FIRMWARE AND FLATTENED DEVICE TREE BINDINGS","DRM DRIVERS FOR ALLWINNER A10",18025
"OPEN FIRMWARE AND FLATTENED DEVICE TREE BINDINGS","DRM DRIVERS FOR EXYNOS",22125
"OPEN FIRMWARE AND FLATTENED DEVICE TREE BINDINGS","DRM DRIVERS FOR NVIDIA TEGRA",39160
"OPEN FIRMWARE AND FLATTENED DEVICE TREE BINDINGS","EXYNOS DP DRIVER",292
"OPEN FIRMWARE AND FLATTENED DEVICE TREE BINDINGS","GDB KERNEL DEBUGGING HELPER SCRIPTS",5082
"OPEN FIRMWARE AND FLATTENED DEVICE TREE BINDINGS","GENERIC GPIO RESET DRIVER",120
"OPEN FIRMWARE AND FLATTENED DEVICE TREE BINDINGS","GENERIC PHY FRAMEWORK",161049
"OPEN FIRMWARE AND FLATTENED DEVICE TREE BINDINGS","GNSS SUBSYSTEM",2355
"OPEN FIRMWARE AND FLATTENED DEVICE TREE BINDINGS","GOCONTROLL MODULINE MODULE SLOT",88
"OPEN FIRMWARE AND FLATTENED DEVICE TREE BINDINGS","GOOGLE TENSOR SoC SUPPORT",9523
"OPEN FIRMWARE AND FLATTENED DEVICE TREE BINDINGS","HISILICON LPC BUS DRIVER",755
"OPEN FIRMWARE AND FLATTENED DEVICE TREE BINDINGS","HTE SUBSYSTEM",2717
"OPEN FIRMWARE AND FLATTENED DEVICE TREE BINDINGS","IDT VersaClock 5 CLOCK DRIVER",1550
"OPEN FIRMWARE AND FLATTENED DEVICE TREE BINDINGS","INTEL STRATIX10 FIRMWARE DRIVERS",4304
"OPEN FIRMWARE AND FLATTENED DEVICE TREE BINDINGS","INTERCONNECT API",82004
"OPEN FIRMWARE AND FLATTENED DEVICE TREE BINDINGS","IPMI SUBSYSTEM",24456
"OPEN FIRMWARE AND FLATTENED DEVICE TREE BINDINGS","LOONGSON-2 SOC SERIES CLOCK DRIVER",619
"OPEN FIRMWARE AND FLATTENED DEVICE TREE BINDINGS","LOONGSON-2 SOC SERIES GUTS DRIVER",229
"OPEN FIRMWARE AND FLATTENED DEVICE TREE BINDINGS","LOONGSON-2 SOC SERIES PM DRIVER",303
"OPEN FIRMWARE AND FLATTENED DEVICE TREE BINDINGS","LYNX 28G SERDES PHY DRIVER",697
"OPEN FIRMWARE AND FLATTENED DEVICE TREE BINDINGS","MARVELL ARMADA 3700 PHY DRIVERS",1871
"OPEN FIRMWARE AND FLATTENED DEVICE TREE BINDINGS","MARVELL MACCHIATOBIN SUPPORT",45
"OPEN FIRMWARE AND FLATTENED DEVICE TREE BINDINGS","MEDIATEK MTMIPS CLOCK DRIVER",1209
"OPEN FIRMWARE AND FLATTENED DEVICE TREE BINDINGS","MEDIATEK SMI DRIVER",1344
"OPEN FIRMWARE AND FLATTENED DEVICE TREE BINDINGS","MEMORY CONTROLLER DRIVERS",51556
"OPEN FIRMWARE AND FLATTENED DEVICE TREE BINDINGS","METHODE UDPU SUPPORT",265
"OPEN FIRMWARE AND FLATTENED DEVICE TREE BINDINGS","MIKROTIK CRS3XX 98DX3236 BOARD SUPPORT",180
"OPEN FIRMWARE AND FLATTENED DEVICE TREE BINDINGS","MMP USB PHY DRIVERS",632
"OPEN FIRMWARE AND FLATTENED DEVICE TREE BINDINGS","MOBILEYE MIPS SOCS",3377
"OPEN FIRMWARE AND FLATTENED DEVICE TREE BINDINGS","NXP i.MX CLOCK DRIVERS",27219
"OPEN FIRMWARE AND FLATTENED DEVICE TREE BINDINGS","OMAP DEVICE TREE SUPPORT",91009
"OPEN FIRMWARE AND FLATTENED DEVICE TREE BINDINGS","OMAP GENERAL PURPOSE MEMORY CONTROLLER SUPPORT",2713
"OPEN FIRMWARE AND FLATTENED DEVICE TREE BINDINGS","OMAP/NEWFLOW NANOBONE MACHINE SUPPORT",492
"OPEN FIRMWARE AND FLATTENED DEVICE TREE BINDINGS","OPEN FIRMWARE AND FLATTENED DEVICE TREE BINDINGS",2765882
"OPEN FIRMWARE AND FLATTENED DEVICE TREE BINDINGS","POWER STATE COORDINATION INTERFACE (PSCI)",1817
"OPEN FIRMWARE AND FLATTENED DEVICE TREE BINDINGS","QCOM EMBEDDED USB DEBUGGER (EUD)",354
"OPEN FIRMWARE AND FLATTENED DEVICE TREE BINDINGS","QUALCOMM CLOCK DRIVERS",366425
"OPEN FIRMWARE AND FLATTENED DEVICE TREE BINDINGS","QUALCOMM INTERCONNECT BWMON DRIVER",1081
"OPEN FIRMWARE AND FLATTENED DEVICE TREE BINDINGS","QUALCOMM IPQ4019 USB PHY DRIVER",197
"OPEN FIRMWARE AND FLATTENED DEVICE TREE BINDINGS","QUALCOMM QSEECOM DRIVER",120
"OPEN FIRMWARE AND FLATTENED DEVICE TREE BINDINGS","QUALCOMM QSEECOM UEFISECAPP DRIVER",866
"OPEN FIRMWARE AND FLATTENED DEVICE TREE BINDINGS","QUALCOMM TRUST ZONE MEMORY ALLOCATOR",617
"OPEN FIRMWARE AND FLATTENED DEVICE TREE BINDINGS","REMOTE PROCESSOR (REMOTEPROC) SUBSYSTEM",39811
"OPEN FIRMWARE AND FLATTENED DEVICE TREE BINDINGS","REMOTE PROCESSOR MESSAGING (RPMSG) SUBSYSTEM",9428
"OPEN FIRMWARE AND FLATTENED DEVICE TREE BINDINGS","RENESAS CLOCK DRIVERS",24063
"OPEN FIRMWARE AND FLATTENED DEVICE TREE BINDINGS","RENESAS RZ/V2H(P) USB2PHY PORT RESET DRIVER",297
"OPEN FIRMWARE AND FLATTENED DEVICE TREE BINDINGS","RENESAS USB PHY DRIVER",1198
"OPEN FIRMWARE AND FLATTENED DEVICE TREE BINDINGS","RENESAS VERSACLOCK 7 CLOCK DRIVER",1379
"OPEN FIRMWARE AND FLATTENED DEVICE TREE BINDINGS","RESET CONTROLLER FRAMEWORK",31446
"OPEN FIRMWARE AND FLATTENED DEVICE TREE BINDINGS","SAMSUNG EXYNOS ACPM MAILBOX PROTOCOL",1535
"OPEN FIRMWARE AND FLATTENED DEVICE TREE BINDINGS","SAMSUNG EXYNOS2200 SoC SUPPORT",8463
"OPEN FIRMWARE AND FLATTENED DEVICE TREE BINDINGS","SAMSUNG EXYNOS850 SoC SUPPORT",4948
"OPEN FIRMWARE AND FLATTENED DEVICE TREE BINDINGS","SAMSUNG INTERCONNECT DRIVERS",215
"OPEN FIRMWARE AND FLATTENED DEVICE TREE BINDINGS","SAMSUNG SOC CLOCK DRIVERS",57219
"OPEN FIRMWARE AND FLATTENED DEVICE TREE BINDINGS","SAMSUNG USB2 PHY DRIVER",1808
"OPEN FIRMWARE AND FLATTENED DEVICE TREE BINDINGS","SANCLOUD BEAGLEBONE ENHANCED DEVICE TREE",282
"OPEN FIRMWARE AND FLATTENED DEVICE TREE BINDINGS","SERIAL LOW-POWER INTER-CHIP MEDIA BUS (SLIMbus)",4339
"OPEN FIRMWARE AND FLATTENED DEVICE TREE BINDINGS","SOFTWARE DELEGATED EXCEPTION INTERFACE (SDEI)",1322
"OPEN FIRMWARE AND FLATTENED DEVICE TREE BINDINGS","SOLIDRUN CLEARFOG SUPPORT",628
"OPEN FIRMWARE AND FLATTENED DEVICE TREE BINDINGS","SOLIDRUN CUBOX-I/HUMMINGBOARD SUPPORT",2850
"OPEN FIRMWARE AND FLATTENED DEVICE TREE BINDINGS","STANDALONE CACHE CONTROLLER DRIVERS",2404
"OPEN FIRMWARE AND FLATTENED DEVICE TREE BINDINGS","STARFIVE JH7110 DPHY RX DRIVER",298
"OPEN FIRMWARE AND FLATTENED DEVICE TREE BINDINGS","STARFIVE JH7110 DPHY TX DRIVER",529
"OPEN FIRMWARE AND FLATTENED DEVICE TREE BINDINGS","STARFIVE JH7110 PLL CLOCK DRIVER",553
"OPEN FIRMWARE AND FLATTENED DEVICE TREE BINDINGS","STARFIVE JH71X0 CLOCK DRIVERS",3997
"OPEN FIRMWARE AND FLATTENED DEVICE TREE BINDINGS","STARFIVE JH71X0 PCIE AND USB PHY DRIVER",487
"OPEN FIRMWARE AND FLATTENED DEVICE TREE BINDINGS","STARFIVE JH71X0 RESET CONTROLLER DRIVERS",703
"OPEN FIRMWARE AND FLATTENED DEVICE TREE BINDINGS","SUNPLUS USB2 PHY DRIVER",386
"OPEN FIRMWARE AND FLATTENED DEVICE TREE BINDINGS","SYNOPSYS ARC HSDK SDP pll clock driver",457
"OPEN FIRMWARE AND FLATTENED DEVICE TREE BINDINGS","SYNOPSYS ARC SDP clock driver",590
"OPEN FIRMWARE AND FLATTENED DEVICE TREE BINDINGS","SYNOPSYS AXS10x RESET CONTROLLER DRIVER",130
"OPEN FIRMWARE AND FLATTENED DEVICE TREE BINDINGS","SYNOPSYS HSDK RESET CONTROLLER DRIVER",180
"OPEN FIRMWARE AND FLATTENED DEVICE TREE BINDINGS","TEGRA ARCHITECTURE SUPPORT",372805
"OPEN FIRMWARE AND FLATTENED DEVICE TREE BINDINGS","TEGRA CLOCK DRIVER",22574
"OPEN FIRMWARE AND FLATTENED DEVICE TREE BINDINGS","TEGRA XUSB PADCTL DRIVER",8863
"OPEN FIRMWARE AND FLATTENED DEVICE TREE BINDINGS","TI CDCE706 CLOCK DRIVER",700
"OPEN FIRMWARE AND FLATTENED DEVICE TREE BINDINGS","TI CLOCK DRIVER",13130
"OPEN FIRMWARE AND FLATTENED DEVICE TREE BINDINGS","TI DAVINCI SERIES CLOCK DRIVER",3193
"OPEN FIRMWARE AND FLATTENED DEVICE TREE BINDINGS","TQ SYSTEMS BOARD & DRIVER SUPPORT",19916
"OPEN FIRMWARE AND FLATTENED DEVICE TREE BINDINGS","TRIGGER SOURCE",126
"OPEN FIRMWARE AND FLATTENED DEVICE TREE BINDINGS","ULTRATRONIK BOARD SUPPORT",2059
"OPEN FIRMWARE AND FLATTENED DEVICE TREE BINDINGS","USB IP DRIVER FOR HISILICON KIRIN 960",285
"OPEN FIRMWARE AND FLATTENED DEVICE TREE BINDINGS","USB IP DRIVER FOR HISILICON KIRIN 970",726
"OPEN FIRMWARE AND FLATTENED DEVICE TREE BINDINGS","Ux500 CLOCK DRIVERS",1869
"P54 WIRELESS DRIVER","P54 WIRELESS DRIVER",8493
"PCI SUBSYSTEM","APPLE PCIE CONTROLLER DRIVER",896
"PCI SUBSYSTEM","ARM/NXP S32G PCIE CONTROLLER DRIVER",536
"PCI SUBSYSTEM","COMPACTPCI HOTPLUG CORE",1042
"PCI SUBSYSTEM","COMPACTPCI HOTPLUG GENERIC DRIVER",207
"PCI SUBSYSTEM","COMPACTPCI HOTPLUG ZIATECH ZT5550 DRIVER",369
"PCI SUBSYSTEM","MARVELL OCTEON HOTPLUG DRIVER",427
"PCI SUBSYSTEM","MEDIATEK MT7621 PCIE CONTROLLER DRIVER",725
"PCI SUBSYSTEM","MHI BUS",13214
"PCI SUBSYSTEM","NTB AMD DRIVER",1606
"PCI SUBSYSTEM","NTB DRIVER CORE",26372
"PCI SUBSYSTEM","NTB INTEL DRIVER",3990
"PCI SUBSYSTEM","PCI DRIVER FOR AARDVARK (Marvell Armada 3700)",2090
"PCI SUBSYSTEM","PCI DRIVER FOR ALTERA PCIE IP",1188
"PCI SUBSYSTEM","PCI DRIVER FOR APPLIEDMICRO XGENE",749
"PCI SUBSYSTEM","PCI DRIVER FOR ARM VERSATILE PLATFORM",264
"PCI SUBSYSTEM","PCI DRIVER FOR ARMADA 8K",449
"PCI SUBSYSTEM","PCI DRIVER FOR CADENCE PCIE IP",3627
"PCI SUBSYSTEM","PCI DRIVER FOR CIX Sky1",321
"PCI SUBSYSTEM","PCI DRIVER FOR FREESCALE LAYERSCAPE",716
"PCI SUBSYSTEM","PCI DRIVER FOR FU740",477
"PCI SUBSYSTEM","PCI DRIVER FOR GENERIC OF HOSTS",383
"PCI SUBSYSTEM","PCI DRIVER FOR IMX6",2766
"PCI SUBSYSTEM","PCI DRIVER FOR INTEL IXP4XX",778
"PCI SUBSYSTEM","PCI DRIVER FOR INTEL VOLUME MANAGEMENT DEVICE (VMD)",1154
"PCI SUBSYSTEM","PCI DRIVER FOR MICROSEMI SWITCHTEC",4387
"PCI SUBSYSTEM","PCI DRIVER FOR MOBIVEIL PCIE IP",1270
"PCI SUBSYSTEM","PCI DRIVER FOR MVEBU (Marvell Armada 370 and Armada XP SOC support)",1715
"PCI SUBSYSTEM","PCI DRIVER FOR NVIDIA TEGRA",3425
"PCI SUBSYSTEM","PCI DRIVER FOR NXP LAYERSCAPE GEN4 CONTROLLER",249
"PCI SUBSYSTEM","PCI DRIVER FOR PLDA PCIE IP",1006
"PCI SUBSYSTEM","PCI DRIVER FOR RENESAS R-CAR",3820
"PCI SUBSYSTEM","PCI DRIVER FOR SAMSUNG EXYNOS",396
"PCI SUBSYSTEM","PCI DRIVER FOR STM32MP25",950
"PCI SUBSYSTEM","PCI DRIVER FOR SYNOPSYS DESIGNWARE",6166
"PCI SUBSYSTEM","PCI DRIVER FOR TI DRA7XX/J721E",1834
"PCI SUBSYSTEM","PCI DRIVER FOR V3 SEMICONDUCTOR V360EPC",1007
"PCI SUBSYSTEM","PCI DRIVER FOR XILINX VERSAL CPM",823
"PCI SUBSYSTEM","PCI ENDPOINT SUBSYSTEM",12187
"PCI SUBSYSTEM","PCI MSI DRIVER FOR ALTERA MSI IP",349
"PCI SUBSYSTEM","PCI MSI DRIVER FOR APPLIEDMICRO XGENE",453
"PCI SUBSYSTEM","PCI NATIVE HOST BRIDGE AND ENDPOINT DRIVERS",91097
"PCI SUBSYSTEM","PCI PEER-TO-PEER DMA (P2PDMA)",1590
"PCI SUBSYSTEM","PCI POWER CONTROL",1145
"PCI SUBSYSTEM","PCI SUBSYSTEM",213895
"PCI SUBSYSTEM","PCIE BANDWIDTH CONTROLLER",629
"PCI SUBSYSTEM","PCIE DRIVER FOR AMAZON ANNAPURNA LABS",462
"PCI SUBSYSTEM","PCIE DRIVER FOR AMLOGIC MESON",508
"PCI SUBSYSTEM","PCIE DRIVER FOR AXIS ARTPEC",642
"PCI SUBSYSTEM","PCIE DRIVER FOR CAVIUM THUNDERX",846
"PCI SUBSYSTEM","PCIE DRIVER FOR HISILICON",181
"PCI SUBSYSTEM","PCIE DRIVER FOR HISILICON KIRIN",948
"PCI SUBSYSTEM","PCIE DRIVER FOR HISILICON STB",520
"PCI SUBSYSTEM","PCIE DRIVER FOR INTEL KEEM BAY",649
"PCI SUBSYSTEM","PCIE DRIVER FOR INTEL LGM GW SOC",564
"PCI SUBSYSTEM","PCIE DRIVER FOR MEDIATEK",3843
"PCI SUBSYSTEM","PCIE DRIVER FOR MICROCHIP",931
"PCI SUBSYSTEM","PCIE DRIVER FOR QUALCOMM MSM",2245
"PCI SUBSYSTEM","PCIE DRIVER FOR RENESAS RZ/G3S SERIES",2010
"PCI SUBSYSTEM","PCIE DRIVER FOR ROCKCHIP",2889
"PCI SUBSYSTEM","PCIE DRIVER FOR SOCIONEXT UNIPHIER",1138
"PCI SUBSYSTEM","PCIE DRIVER FOR ST SPEAR13XX",263
"PCI SUBSYSTEM","PCIE DRIVER FOR STARFIVE JH71x0",618
"PCI SUBSYSTEM","PCIE ENDPOINT DRIVER FOR QUALCOMM",1375
"PCI SUBSYSTEM","TRUSTED EXECUTION ENVIRONMENT SECURITY MANAGER (TSM)",2495
"PCI SUBSYSTEM","XEN PCI SUBSYSTEM",1680
"PECI SUBSYSTEM","ASPEED PECI CONTROLLER",674
"PECI SUBSYSTEM","PECI SUBSYSTEM",2909
"PER-TASK DELAY ACCOUNTING","PER-TASK DELAY ACCOUNTING",593
"PERFORMANCE EVENTS SUBSYSTEM","AMD NODE DRIVER",375
"PERFORMANCE EVENTS SUBSYSTEM","APM DRIVER",3357
"PERFORMANCE EVENTS SUBSYSTEM","ARM/ACTIONS SEMI ARCHITECTURE",35296
"PERFORMANCE EVENTS SUBSYSTEM","BPF JIT for X86 32-BIT",2623
"PERFORMANCE EVENTS SUBSYSTEM","BPF JIT for X86 64-BIT",4146
"PERFORMANCE EVENTS SUBSYSTEM","CONFIDENTIAL COMPUTING THREAT MODEL FOR X86 VIRTUALIZATION (SNP/TDX)",253
"PERFORMANCE EVENTS SUBSYSTEM","CPUID/MSR DRIVER",525
"PERFORMANCE EVENTS SUBSYSTEM","EFI TEST DRIVER",911
"PERFORMANCE EVENTS SUBSYSTEM","EXTENSIBLE FIRMWARE INTERFACE (EFI)",25975
"PERFORMANCE EVENTS SUBSYSTEM","FPU EMULATOR",13023
"PERFORMANCE EVENTS SUBSYSTEM","FREESCALE IMX DDR PMU DRIVER",4083
"PERFORMANCE EVENTS SUBSYSTEM","HPET:	x86",1560
"PERFORMANCE EVENTS SUBSYSTEM","HYGON PROCESSOR SUPPORT",279
"PERFORMANCE EVENTS SUBSYSTEM","INTEL CPU family model numbers",227
"PERFORMANCE EVENTS SUBSYSTEM","INTEL SGX",9264
"PERFORMANCE EVENTS SUBSYSTEM","INTEL(R) FLEXIBLE RETURN AND EVENT DELIVERY",755
"PERFORMANCE EVENTS SUBSYSTEM","INTEL(R) TRUSTED EXECUTION TECHNOLOGY (TXT)",884
"PERFORMANCE EVENTS SUBSYSTEM","JAILHOUSE HYPERVISOR INTERFACE",322
"PERFORMANCE EVENTS SUBSYSTEM","KERNEL VIRTUAL MACHINE FOR X86 (KVM/x86)",131193
"PERFORMANCE EVENTS SUBSYSTEM","KVM PARAVIRT (KVM/paravirt)",1998
"PERFORMANCE EVENTS SUBSYSTEM","KVM X86 HYPER-V (KVM/hyper-v)",4443
"PERFORMANCE EVENTS SUBSYSTEM","KVM X86 Xen (KVM/Xen)",2613
"PERFORMANCE EVENTS SUBSYSTEM","PARAVIRT_OPS INTERFACE",2681
"PERFORMANCE EVENTS SUBSYSTEM","PERFORMANCE EVENTS SUBSYSTEM",1013545
"PERFORMANCE EVENTS SUBSYSTEM","PERFORMANCE EVENTS TOOLING ARM64",33751
"PERFORMANCE EVENTS SUBSYSTEM","QUALCOMM ATHEROS ATH9K WIRELESS DRIVER",88465
"PERFORMANCE EVENTS SUBSYSTEM","RANDOM NUMBER DRIVER",4269
"PERFORMANCE EVENTS SUBSYSTEM","RDT - RESOURCE ALLOCATION",18430
"PERFORMANCE EVENTS SUBSYSTEM","SVGA HANDLING",1573
"PERFORMANCE EVENTS SUBSYSTEM","TECHNOLOGIC SYSTEMS TS-5500 PLATFORM SUPPORT",343
"PERFORMANCE EVENTS SUBSYSTEM","TRACING MMIO ACCESSES (MMIOTRACE)",1704
"PERFORMANCE EVENTS SUBSYSTEM","UPROBES",7355
"PERFORMANCE EVENTS SUBSYSTEM","USER-MODE LINUX (UML)",39208
"PERFORMANCE EVENTS SUBSYSTEM","VMWARE HYPERVISOR INTERFACE",920
"PERFORMANCE EVENTS SUBSYSTEM","X86 ARCHITECTURE (32-BIT AND 64-BIT)",510929
"PERFORMANCE EVENTS SUBSYSTEM","X86 ENTRY CODE",8114
"PERFORMANCE EVENTS SUBSYSTEM","X86 MCE INFRASTRUCTURE",7623
"PERFORMANCE EVENTS SUBSYSTEM","X86 MICROCODE UPDATE SUPPORT",4105
"PERFORMANCE EVENTS SUBSYSTEM","X86 MM",20260
"PERFORMANCE EVENTS SUBSYSTEM","X86 PLATFORM UV HPE SUPERDOME FLEX",9638
"PERFORMANCE EVENTS SUBSYSTEM","X86 STACK UNWINDING",2181
"PERFORMANCE EVENTS SUBSYSTEM","X86 TRUST DOMAIN EXTENSIONS (TDX)",10521
"PERFORMANCE EVENTS SUBSYSTEM","X86 VDSO",1996
"PERFORMANCE EVENTS SUBSYSTEM","XEN HYPERVISOR X86",14220
"PERFORMANCE EVENTS SUBSYSTEM","ZHAOXIN PROCESSOR SUPPORT",116
"PERSONALITY HANDLING","PERSONALITY HANDLING",87
"PM-GRAPH UTILITY","PM-GRAPH UTILITY",10993
"PNP SUPPORT","ISAPNP",1358
"PNP SUPPORT","PNP SUPPORT",9077
"POWER SUPPLY CLASS/SUBSYSTEM and DRIVERS","AB8500 BATTERY AND CHARGER DRIVERS",10718
"POWER SUPPLY CLASS/SUBSYSTEM and DRIVERS","ANALOG DEVICES INC ADP5061 DRIVER",746
"POWER SUPPLY CLASS/SUBSYSTEM and DRIVERS","CELLWISE CW2015 BATTERY DRIVER",838
"POWER SUPPLY CLASS/SUBSYSTEM and DRIVERS","INJOINIC IP5xxx POWER BANK IC DRIVER",883
"POWER SUPPLY CLASS/SUBSYSTEM and DRIVERS","MAXIM MAX17040 FAMILY FUEL GAUGE DRIVERS",769
"POWER SUPPLY CLASS/SUBSYSTEM and DRIVERS","MAXIM MAX17042 FAMILY FUEL GAUGE DRIVERS",1399
"POWER SUPPLY CLASS/SUBSYSTEM and DRIVERS","MAXIM MAX77976 BATTERY CHARGER",554
"POWER SUPPLY CLASS/SUBSYSTEM and DRIVERS","MAXIM MUIC CHARGER DRIVERS FOR EXYNOS BASED BOARDS",1606
"POWER SUPPLY CLASS/SUBSYSTEM and DRIVERS","MICROSOFT SURFACE BATTERY AND AC DRIVERS",1157
"POWER SUPPLY CLASS/SUBSYSTEM and DRIVERS","MITSUMI MM8013 FG DRIVER",346
"POWER SUPPLY CLASS/SUBSYSTEM and DRIVERS","NOKIA N900 POWER SUPPLY DRIVERS",5325
"POWER SUPPLY CLASS/SUBSYSTEM and DRIVERS","POWER SUPPLY CLASS/SUBSYSTEM and DRIVERS",112295
"POWER SUPPLY CLASS/SUBSYSTEM and DRIVERS","QUALCOMM SMB CHARGER DRIVER",1134
"POWER SUPPLY CLASS/SUBSYSTEM and DRIVERS","ROHM BD99954 CHARGER IC",2154
"POWER SUPPLY CLASS/SUBSYSTEM and DRIVERS","ST STC3117 FUEL GAUGE DRIVER",686
"POWER SUPPLY CLASS/SUBSYSTEM and DRIVERS","TI BQ27XXX POWER SUPPLY DRIVER",2709
"POWER SUPPLY CLASS/SUBSYSTEM and DRIVERS","X-POWERS AXP288 PMIC DRIVERS",3017
"POWER SUPPLY CLASS/SUBSYSTEM and DRIVERS","X-POWERS MULTIFUNCTION PMIC DEVICE DRIVERS",13451
"PRINTK","PRINTK",12053
"PRINTK","PRINTK INDEXING",331
"PROC FILESYSTEM","KCORE",776
"PROC FILESYSTEM","KDUMP",5665
"PROC FILESYSTEM","PROC FILESYSTEM",24982
"PROC FILESYSTEM","PROC SYSCTL",5325
"PURELIFI PLFXLC DRIVER","PURELIFI PLFXLC DRIVER",2569
"PWM SUBSYSTEM","AXI PWM GENERATOR",398
"PWM SUBSYSTEM","LOONGSON PWM DRIVER",357
"PWM SUBSYSTEM","MICROCHIP PWM DRIVER",595
"PWM SUBSYSTEM","PWM SUBSYSTEM",37165
"PWM SUBSYSTEM","SL28 CPLD MFD DRIVER",1399
"PWM SUBSYSTEM","SUNPLUS PWM DRIVER",275
"PWM SUBSYSTEM","TEGRA PWM DRIVER",443
"PWM SUBSYSTEM","XILINX PWM DRIVER",373
"PXA MMCI DRIVER","PXA MMCI DRIVER",0
"PXA RTC DRIVER","PXA RTC DRIVER",0
"QEMU MACHINE EMULATOR AND VIRTUALIZER SUPPORT","QEMU MACHINE EMULATOR AND VIRTUALIZER SUPPORT",1036
"QNX4 FILESYSTEM","QNX4 FILESYSTEM",922
"QUANTENNA QTNFMAC WIRELESS DRIVER","QUANTENNA QTNFMAC WIRELESS DRIVER",12717
"RALINK RT2X00 WIRELESS LAN DRIVER","RALINK RT2X00 WIRELESS LAN DRIVER",47235
"RAPIDIO SUBSYSTEM","RAPIDIO SUBSYSTEM",15355
"RAS INFRASTRUCTURE","AMD ADDRESS TRANSLATION LIBRARY (ATL)",4700
"RAS INFRASTRUCTURE","RAS FRU MEMORY POISON MANAGER (FMPM)",1041
"RAS INFRASTRUCTURE","RAS INFRASTRUCTURE",8194
"RDC R-321X SoC","RDC R-321X SoC",0
"REAL TIME CLOCK (RTC) SUBSYSTEM","AMLOGIC RTC DRIVER",511
"REAL TIME CLOCK (RTC) SUBSYSTEM","ANDROID GOLDFISH RTC DRIVER",207
"REAL TIME CLOCK (RTC) SUBSYSTEM","ARM/Mediatek RTC DRIVER",1268
"REAL TIME CLOCK (RTC) SUBSYSTEM","ATCRTC100 RTC DRIVER",424
"REAL TIME CLOCK (RTC) SUBSYSTEM","DALLAS/MAXIM DS1685-FAMILY REAL TIME CLOCK",1806
"REAL TIME CLOCK (RTC) SUBSYSTEM","DFROBOT SD2405AL RTC DRIVER",229
"REAL TIME CLOCK (RTC) SUBSYSTEM","MAX31335 RTC DRIVER",848
"REAL TIME CLOCK (RTC) SUBSYSTEM","NVIDIA VRS RTC DRIVER",601
"REAL TIME CLOCK (RTC) SUBSYSTEM","OP-TEE RTC DRIVER",751
"REAL TIME CLOCK (RTC) SUBSYSTEM","REAL TIME CLOCK (RTC) SUBSYSTEM",93317
"REAL TIME CLOCK (RTC) SUBSYSTEM","RENESAS RTCA-3 RTC DRIVER",1016
"REAL TIME CLOCK (RTC) SUBSYSTEM","RENESAS RZ/N1 RTC CONTROLLER DRIVER",592
"REAL TIME CLOCK (RTC) SUBSYSTEM","SUNPLUS RTC DRIVER",415
"REAL TIME CLOCK (RTC) SUBSYSTEM","WHWAVE RTC DRIVER",213
"Real-time Linux (PREEMPT_RT)","Real-time Linux (PREEMPT_RT)",0
"REALTEK WIRELESS DRIVER (rtlwifi family)","REALTEK WIRELESS DRIVER (rtlwifi family)",173385
"REALTEK WIRELESS DRIVER (rtw88)","REALTEK WIRELESS DRIVER (rtw88)",162705
"REALTEK WIRELESS DRIVER (rtw89)","REALTEK WIRELESS DRIVER (rtw89)",292717
"REDPINE WIRELESS DRIVER","REDPINE WIRELESS DRIVER",12229
"RISC-V ARCHITECTURE","ACPI FOR RISC-V (ACPI/riscv)",1390
"RISC-V ARCHITECTURE","BPF JIT for RISC-V (32-bit)",2969
"RISC-V ARCHITECTURE","BPF JIT for RISC-V (64-bit)",3708
"RISC-V ARCHITECTURE","CRC LIBRARY",9771
"RISC-V ARCHITECTURE","CRYPTO LIBRARY",66572
"RISC-V ARCHITECTURE","ESWIN DEVICETREES",405
"RISC-V ARCHITECTURE","KERNEL VIRTUAL MACHINE FOR RISC-V (KVM/riscv)",17987
"RISC-V ARCHITECTURE","MICROCHIP SOC DRIVERS",724
"RISC-V ARCHITECTURE","POWER SEQUENCING",2107
"RISC-V ARCHITECTURE","RISC-V ANDES SoC Support",348
"RISC-V ARCHITECTURE","RISC-V ANLOGIC SoC SUPPORT",157
"RISC-V ARCHITECTURE","RISC-V ARCHITECTURE",122493
"RISC-V ARCHITECTURE","RISC-V MICROCHIP SUPPORT",10515
"RISC-V ARCHITECTURE","RISC-V MISC SOC SUPPORT",2707
"RISC-V ARCHITECTURE","RISC-V RPMI AND MPXY DRIVERS",2654
"RISC-V ARCHITECTURE","RISC-V SPACEMIT SoC Support",11591
"RISC-V ARCHITECTURE","RISC-V TENSTORRENT SoC SUPPORT",152
"RISC-V ARCHITECTURE","RISC-V THEAD SoC SUPPORT",7914
"RISC-V ARCHITECTURE","SIFIVE DRIVERS",8841
"RISC-V ARCHITECTURE","SOPHGO DEVICETREES and DRIVERS",26272
"RISC-V ARCHITECTURE","STARFIVE DEVICETREES",4158
"ROHM BD71828 CHARGER","ROHM BD71828 CHARGER",0
"RTL8180 WIRELESS DRIVER","RTL8180 WIRELESS DRIVER",4122
"RTL8187 WIRELESS DRIVER","RTL8187 WIRELESS DRIVER",3370
"RTL8XXXU WIRELESS DRIVER (rtl8xxxu)","RTL8XXXU WIRELESS DRIVER (rtl8xxxu)",24377
"RUST","AUXILIARY BUS DRIVER",1368
"RUST","BITMAP API [RUST]",1020
"RUST","BITMAP API BINDINGS [RUST]",79
"RUST","BITOPS API BINDINGS [RUST]",23
"RUST","BLOCK LAYER DEVICE DRIVER API [RUST]",1359
"RUST","CONFIGFS",5378
"RUST","CPU HOTPLUG",4667
"RUST","CPUMASK API [RUST]",343
"RUST","DELAY, SLEEP, TIMEKEEPING, TIMERS [RUST]",1821
"RUST","DEVICE I/O & IRQ [RUST]",1636
"RUST","DMA MAPPING & SCATTERLIST API [RUST]",1405
"RUST","ETHERNET PHY LIBRARY [RUST]",1133
"RUST","I2C SUBSYSTEM [RUST]",807
"RUST","MEMORY MANAGEMENT - RUST",1265
"RUST","OPERATING PERFORMANCE POINTS (OPP)",9865
"RUST","PCI SUBSYSTEM [RUST]",1648
"RUST","PWM SUBSYSTEM BINDINGS [RUST]",755
"RUST","RUST",119489
"RUST","RUST [ALLOC]",2976
"RUST","RUST [NUM]",1137
"RUST","RUST [PIN-INIT]",5827
"RUST","XARRAY API [RUST]",276
"S390 ARCHITECTURE","BPF JIT for S390",3068
"S390 ARCHITECTURE","KERNEL VIRTUAL MACHINE for s390 (KVM/s390)",31799
"S390 ARCHITECTURE","S390 ARCHITECTURE",265223
"S390 ARCHITECTURE","S390 COMMON I/O LAYER",23861
"S390 ARCHITECTURE","S390 CRYPTO MODULES, PRNG DRIVER, ARCH RANDOM",6780
"S390 ARCHITECTURE","S390 DASD DRIVER",23946
"S390 ARCHITECTURE","S390 MM",10934
"S390 ARCHITECTURE","S390 NETWORK DRIVERS",26377
"S390 ARCHITECTURE","S390 PCI SUBSYSTEM",5532
"S390 ARCHITECTURE","S390 SCM DRIVER",1039
"S390 ARCHITECTURE","S390 VFIO AP DRIVER",4522
"S390 ARCHITECTURE","S390 VFIO-CCW DRIVER",3684
"S390 ARCHITECTURE","S390 VFIO-PCI DRIVER",1031
"S390 ARCHITECTURE","S390 ZCRYPT AND PKEY DRIVER AND AP BUS",23530
"S390 ARCHITECTURE","S390 ZFCP DRIVER",12975
"S390 ARCHITECTURE","VIRTIO DRIVERS FOR S390",1606
"SCHEDULER","MEMBARRIER SUPPORT",1105
"SCHEDULER","PRESSURE STALL INFORMATION (PSI)",1968
"SCHEDULER","SCHEDULER",69991
"SCHEDULER","SCHEDULER - SCHED_EXT",20501
"SCSI SUBSYSTEM","3WARE SAS/SATA-RAID SCSI DRIVERS (3W-XXXX, 3W-9XXX, 3W-SAS)",8133
"SCSI SUBSYSTEM","53C700 AND 53C700-66 SCSI DRIVER",4387
"SCSI SUBSYSTEM","AACRAID SCSI RAID DRIVER",16591
"SCSI SUBSYSTEM","ADVANSYS SCSI DRIVER",11825
"SCSI SUBSYSTEM","AHA152X SCSI DRIVER",3995
"SCSI SUBSYSTEM","AIC7XXX / AIC79XX SCSI DRIVER",57815
"SCSI SUBSYSTEM","ARM/RISCPC ARCHITECTURE",16664
"SCSI SUBSYSTEM","ATTO EXPRESSSAS SAS/SATA RAID SCSI DRIVER",15411
"SCSI SUBSYSTEM","BROADCOM BNX2FC 10 GIGABIT FCOE DRIVER",11178
"SCSI SUBSYSTEM","BROADCOM BNX2I 1/10 GIGABIT iSCSI DRIVER",8332
"SCSI SUBSYSTEM","BROADCOM MPI3 STORAGE CONTROLLER DRIVER",25801
"SCSI SUBSYSTEM","BROCADE BFA FC SCSI DRIVER",57513
"SCSI SUBSYSTEM","BUSLOGIC SCSI DRIVER",12580
"SCSI SUBSYSTEM","CISCO FCOE HBA DRIVER",20952
"SCSI SUBSYSTEM","CISCO SCSI HBA DRIVER",9720
"SCSI SUBSYSTEM","CXGB3 ISCSI DRIVER (CXGB3I)",1494
"SCSI SUBSYSTEM","CXGB4 ISCSI DRIVER (CXGB4I)",2520
"SCSI SUBSYSTEM","DC390/AM53C974 SCSI driver",542
"SCSI SUBSYSTEM","DC395x SCSI driver",4787
"SCSI SUBSYSTEM","EMULEX 10Gbps iSCSI - OneConnect DRIVER",13733
"SCSI SUBSYSTEM","EMULEX/BROADCOM EFCT FC/FCOE SCSI TARGET DRIVER",30304
"SCSI SUBSYSTEM","EMULEX/BROADCOM LPFC FC/FCOE SCSI DRIVER",119709
"SCSI SUBSYSTEM","FCOE SUBSYSTEM (libfc, libfcoe, fcoe)",24740
"SCSI SUBSYSTEM","HEWLETT-PACKARD SMART ARRAY RAID DRIVER (hpsa)",11950
"SCSI SUBSYSTEM","HIGHPOINT ROCKETRAID 3xxx RAID DRIVER",1914
"SCSI SUBSYSTEM","HISILICON SAS Controller",14336
"SCSI SUBSYSTEM","IBM Power Linux RAID adapter",12026
"SCSI SUBSYSTEM","IBM Power Virtual SCSI Device Target Driver",4983
"SCSI SUBSYSTEM","IBM ServeRAID RAID DRIVER",8295
"SCSI SUBSYSTEM","INTEL C600 SERIES SAS CONTROLLER DRIVER",22962
"SCSI SUBSYSTEM","IPS SCSI RAID DRIVER",8295
"SCSI SUBSYSTEM","ISCSI",14784
"SCSI SUBSYSTEM","LASI 53c700 driver for PARISC",4521
"SCSI SUBSYSTEM","LSILOGIC MPT FUSION DRIVERS (FC/SAS/SPI)",81597
"SCSI SUBSYSTEM","LSILOGIC/SYMBIOS/NCR 53C8XX and 53C1010 PCI-SCSI drivers",16284
"SCSI SUBSYSTEM","MEGARAID SCSI/SAS DRIVERS",33121
"SCSI SUBSYSTEM","MICROSEMI SMART ARRAY SMARTPQI DRIVER (smartpqi)",14500
"SCSI SUBSYSTEM","MYLEX DAC960 PCI RAID Controller",8818
"SCSI SUBSYSTEM","NCR 5380 SCSI DRIVERS",6492
"SCSI SUBSYSTEM","NINJA SCSI-3 / NINJA SCSI-32Bi (16bit/CardBus) PCMCIA SCSI HOST ADAPTER DRIVER",2866
"SCSI SUBSYSTEM","NINJA SCSI-32Bi/UDE PCI/CARDBUS SCSI HOST ADAPTER DRIVER",4707
"SCSI SUBSYSTEM","PMC SIERRA MaxRAID DRIVER",6489
"SCSI SUBSYSTEM","PMC SIERRA PM8001 DRIVER",17617
"SCSI SUBSYSTEM","QLOGIC QL41xxx FCOE DRIVER",10607
"SCSI SUBSYSTEM","QLOGIC QL41xxx ISCSI DRIVER",9297
"SCSI SUBSYSTEM","QLOGIC QLA1280 SCSI DRIVER",5437
"SCSI SUBSYSTEM","QLOGIC QLA2XXX FC-SCSI DRIVER",97262
"SCSI SUBSYSTEM","QLOGIC QLA4XXX iSCSI DRIVER",27914
"SCSI SUBSYSTEM","SCSI LIBSAS SUBSYSTEM",8581
"SCSI SUBSYSTEM","SCSI SG DRIVER",3071
"SCSI SUBSYSTEM","SCSI SUBSYSTEM",1093930
"SCSI SUBSYSTEM","SCSI TAPE DRIVER",10364
"SCSI SUBSYSTEM","UNIVERSAL FLASH STORAGE HOST CONTROLLER DRIVER",21588
"SCSI SUBSYSTEM","UNIVERSAL FLASH STORAGE HOST CONTROLLER DRIVER AMD VERSAL2",625
"SCSI SUBSYSTEM","UNIVERSAL FLASH STORAGE HOST CONTROLLER DRIVER DWC HOOKS",819
"SCSI SUBSYSTEM","UNIVERSAL FLASH STORAGE HOST CONTROLLER DRIVER EXYNOS HOOKS",2524
"SCSI SUBSYSTEM","UNIVERSAL FLASH STORAGE HOST CONTROLLER DRIVER MEDIATEK HOOKS",2939
"SCSI SUBSYSTEM","UNIVERSAL FLASH STORAGE HOST CONTROLLER DRIVER QUALCOMM HOOKS",2888
"SCSI SUBSYSTEM","UNIVERSAL FLASH STORAGE HOST CONTROLLER DRIVER RENESAS HOOKS",558
"SCSI SUBSYSTEM","VMWARE PVSCSI DRIVER",2083
"SCSI TARGET SUBSYSTEM","FIREWIRE SBP-2 TARGET",2555
"SCSI TARGET SUBSYSTEM","SCSI TARGET CORE USER DRIVER",3986
"SCSI TARGET SUBSYSTEM","SCSI TARGET SUBSYSTEM",67719
"SECURE MONITOR CALL(SMC) CALLING CONVENTION (SMCCC)","SECURE MONITOR CALL(SMC) CALLING CONVENTION (SMCCC)",1169
"SECURITY SUBSYSTEM","APPARMOR SECURITY MODULE",23058
"SECURITY SUBSYSTEM","CAPABILITIES",2732
"SECURITY SUBSYSTEM","Extended Verification Module (EVM)",14127
"SECURITY SUBSYSTEM","INTEGRITY MEASUREMENT ARCHITECTURE (IMA)",14127
"SECURITY SUBSYSTEM","INTEGRITY POLICY ENFORCEMENT (IPE)",4968
"SECURITY SUBSYSTEM","KERNEL HARDENING (not covered by other areas)",2515
"SECURITY SUBSYSTEM","KEYS-ENCRYPTED",1827
"SECURITY SUBSYSTEM","KEYS-TRUSTED",3599
"SECURITY SUBSYSTEM","KEYS-TRUSTED-CAAM",199
"SECURITY SUBSYSTEM","KEYS-TRUSTED-DCP",367
"SECURITY SUBSYSTEM","KEYS-TRUSTED-TEE",306
"SECURITY SUBSYSTEM","KEYS/KEYRINGS",17753
"SECURITY SUBSYSTEM","KEYS/KEYRINGS_INTEGRITY",848
"SECURITY SUBSYSTEM","LOADPIN SECURITY MODULE",523
"SECURITY SUBSYSTEM","LOCKDOWN SECURITY MODULE",220
"SECURITY SUBSYSTEM","SAFESETID SECURITY MODULE",855
"SECURITY SUBSYSTEM","SECURITY SUBSYSTEM",100433
"SECURITY SUBSYSTEM","SMACK SECURITY MODULE",10720
"SECURITY SUBSYSTEM","TOMOYO SECURITY MODULE",12618
"SECURITY SUBSYSTEM","YAMA SECURITY MODULE",574
"SLEEPABLE READ-COPY UPDATE (SRCU)","SLEEPABLE READ-COPY UPDATE (SRCU)",3653
"SONICS SILICON BACKPLANE DRIVER (SSB)","SONICS SILICON BACKPLANE DRIVER (SSB)",12212
"SONY MEMORYSTICK SUBSYSTEM","RICOH R5C592 MEMORYSTICK DRIVER",1066
"SONY MEMORYSTICK SUBSYSTEM","SONY MEMORYSTICK SUBSYSTEM",8843
"SONY MEMORYSTICK SUBSYSTEM","TI FLASH MEDIA MEMORYSTICK/MMC DRIVERS",2714
"SOUND","AD1889 ALSA SOUND DRIVER",1108
"SOUND","ALLWINNER DMIC DRIVERS",524
"SOUND","ANALOG DEVICES INC ASOC CODEC DRIVERS",16443
"SOUND","AOA (Apple Onboard Audio) ALSA DRIVER",7376
"SOUND","ARM PRIMECELL AACI PL041 DRIVER",1314
"SOUND","ARM/Amlogic Meson SoC Sound Drivers",9856
"SOUND","ARM/APPLE MACHINE SOUND DRIVERS",3510
"SOUND","BT87X AUDIO DRIVER",1001
"SOUND","C-MEDIA CMI8788 DRIVER",9773
"SOUND","CIRRUS LOGIC AUDIO CODEC DRIVERS",79793
"SOUND","CIRRUS LOGIC MADERA CODEC DRIVERS",38674
"SOUND","CS5535 Audio ALSA driver",1226
"SOUND","EDIROL UA-101/UA-1000 DRIVER",1329
"SOUND","FIREWIRE AUDIO DRIVERS and IEC 61883-1/6 PACKET STREAMING ENGINE",31581
"SOUND","FOCUSRITE CONTROL PROTOCOL/SCARLETT2 MIXER DRIVERS (Scarlett Gen 2+, Clarett, and Vocaster)",10735
"SOUND","FOURSEMI AUDIO AMPLIFIER DRIVER",2177
"SOUND","FREESCALE SOC LPC32XX SOUND DRIVERS",597
"SOUND","FREESCALE SOC SOUND DRIVERS",28556
"SOUND","FREESCALE SOC SOUND QMC DRIVER",1121
"SOUND","HARMONY SOUND DRIVER",1121
"SOUND","INFINEON PEB2466 ASoC CODEC",2155
"SOUND","INTEL ASoC DRIVERS",59653
"SOUND","IRON DEVICE AUDIO CODEC DRIVERS",5009
"SOUND","MAX9860 MONO AUDIO VOICE CODEC DRIVER",920
"SOUND","NATIVE INSTRUMENTS USB SOUND INTERFACE DRIVER",3265
"SOUND","NXP SGTL5000 DRIVER",2360
"SOUND","NXP TFA9879 DRIVER",599
"SOUND","NXP/Goodix TFA989X (TFA1) DRIVER",524
"SOUND","OMAP AUDIO SUPPORT",5918
"SOUND","OPL4 DRIVER",2464
"SOUND","QCOM AUDIO (ASoC) DRIVERS",84983
"SOUND","REALTEK AUDIO CODECS",116950
"SOUND","RENESAS IDT821034 ASoC CODEC",1258
"SOUND","RENESAS R-CAR & FSI AUDIO (ASoC) DRIVERS",12889
"SOUND","RENESAS RZ AUDIO (ASoC) DRIVER",1400
"SOUND","ROCKCHIP I2S TDM DRIVER",2026
"SOUND","ROCKCHIP RK3308 INTERNAL AUDIO CODEC",1656
"SOUND","ROCKCHIP SAI DRIVER",1924
"SOUND","SAMSUNG AUDIO (ASoC) DRIVERS",9770
"SOUND","SDCA LIBRARY AND CLASS DRIVER",8811
"SOUND","SENARYTECH AUDIO CODEC DRIVER",249
"SOUND","SOCIONEXT UNIPHIER SOUND DRIVER",4883
"SOUND","SOUND",1703513
"SOUND","SOUND - ALSA SELFTESTS",3093
"SOUND","SOUND - COMPRESSED AUDIO",3592
"SOUND","SOUND - CORE KUNIT TEST",324
"SOUND","SOUND - DMAENGINE HELPERS",1169
"SOUND","SOUND - GENERIC SOUND CARD (Simple-Audio-Card, Audio-Graph-Card)",7034
"SOUND","SOUND - SOC LAYER / DYNAMIC AUDIO POWER MANAGEMENT (ASoC)",1122827
"SOUND","SOUND - SOUND OPEN FIRMWARE (SOF) DRIVERS",56547
"SOUND","STARFIVE JH7110 PWMDAC DRIVER",604
"SOUND","STARFIVE JH7110 TDM DRIVER",760
"SOUND","STI AUDIO (ASoC) DRIVERS",3690
"SOUND","TEMPO SEMICONDUCTOR DRIVERS",10062
"SOUND","TEXAS INSTRUMENTS ASoC DRIVERS",12298
"SOUND","TEXAS INSTRUMENTS AUDIO (ASoC/HDA) DRIVERS",34291
"SOUND","TI LM49xxx FAMILY ASoC CODEC DRIVERS",3132
"SOUND","TI PCM3060 ASoC CODEC DRIVER",584
"SOUND","TI TAS571X FAMILY ASoC CODEC DRIVER",1232
"SOUND","TI TWL4030 SERIES SOC CODEC DRIVER",2205
"SOUND","USB MIDI DRIVER",3979
"SOUND","VIRTIO SOUND DRIVER",3996
"SOUND","VIRTUAL PCM TEST DRIVER",1230
"SOUND","WOLFSON MICROELECTRONICS DRIVERS",168120
"SOUND","XEN SOUND FRONTEND DRIVER",2431
"SOUND","XTENSA XTFPGA PLATFORM SUPPORT",801
"SOUND - SOC LAYER / dapm-graph","SOUND - SOC LAYER / dapm-graph",329
"SPARC + UltraSPARC (sparc/sparc64)","ALPHA PORT",54952
"SPARC + UltraSPARC (sparc/sparc64)","ATOMIC INFRASTRUCTURE",10307
"SPARC + UltraSPARC (sparc/sparc64)","AUDIT SUBSYSTEM",10900
"SPARC + UltraSPARC (sparc/sparc64)","BITOPS API",6634
"SPARC + UltraSPARC (sparc/sparc64)","BPF JIT for SPARC (32-BIT AND 64-BIT)",2713
"SPARC + UltraSPARC (sparc/sparc64)","C-SKY ARCHITECTURE",16154
"SPARC + UltraSPARC (sparc/sparc64)","GENERIC INCLUDE/ASM HEADER FILES",16562
"SPARC + UltraSPARC (sparc/sparc64)","MMU GATHER AND TLB INVALIDATION",2341
"SPARC + UltraSPARC (sparc/sparc64)","NIOS2 ARCHITECTURE",10168
"SPARC + UltraSPARC (sparc/sparc64)","OPENRISC ARCHITECTURE",12678
"SPARC + UltraSPARC (sparc/sparc64)","PTRACE SUPPORT",22200
"SPARC + UltraSPARC (sparc/sparc64)","QUALCOMM HEXAGON ARCHITECTURE",10346
"SPARC + UltraSPARC (sparc/sparc64)","SPARC + UltraSPARC (sparc/sparc64)",134272
"SPARC + UltraSPARC (sparc/sparc64)","SRM (Alpha) environment access",218
"SPARC + UltraSPARC (sparc/sparc64)","STATIC BRANCH/CALL",4851
"SPARC + UltraSPARC (sparc/sparc64)","SUPERH",96518
"SPARC + UltraSPARC (sparc/sparc64)","TENSILICA XTENSA PORT (xtensa)",35943
"SPARSE CHECKER","SPARSE CHECKER",382
"SPEAKUP CONSOLE SPEECH DRIVER","SPEAKUP CONSOLE SPEECH DRIVER",12503
"SPI SUBSYSTEM","AIROHA SPI SNFI DRIVER",1218
"SPI SUBSYSTEM","AMD SPI DRIVER",1011
"SPI SUBSYSTEM","AMLOGIC SPIFC DRIVER",1304
"SPI SUBSYSTEM","AMLOGIC SPISG DRIVER",947
"SPI SUBSYSTEM","ARM PRIMECELL SSP PL022 SPI DRIVER",2301
"SPI SUBSYSTEM","ASPEED SMC SPI DRIVER",1694
"SPI SUBSYSTEM","AXI SPI ENGINE",1214
"SPI SUBSYSTEM","BROADCOM BCM6348/BCM6358 SPI controller DRIVER",753
"SPI SUBSYSTEM","BROADCOM Broadband SoC High Speed SPI Controller DRIVER",1732
"SPI SUBSYSTEM","BROADCOM SPI DRIVER",2231
"SPI SUBSYSTEM","FREESCALE DSPI DRIVER",1925
"SPI SUBSYSTEM","FREESCALE IMX LPSPI DRIVER",1150
"SPI SUBSYSTEM","FREESCALE QUAD SPI DRIVER",1153
"SPI SUBSYSTEM","FSI-ATTACHED SPI DRIVER",672
"SPI SUBSYSTEM","HISILICON SPI Controller DRIVER FOR KUNPENG SOCS",555
"SPI SUBSYSTEM","HISILICON V3XX SPI NOR FLASH Controller Driver",547
"SPI SUBSYSTEM","LOONGSON SPI DRIVER",476
"SPI SUBSYSTEM","MICROCHIP SPI DRIVER",1829
"SPI SUBSYSTEM","NXP FSPI DRIVER",1577
"SPI SUBSYSTEM","REALTEK SPI-NAND",480
"SPI SUBSYSTEM","RENESAS RZ/V2H(P) RSPI DRIVER",828
"SPI SUBSYSTEM","SAMSUNG SPI DRIVERS",1960
"SPI SUBSYSTEM","SOCIONEXT (SNI) Synquacer SPI DRIVER",901
"SPI SUBSYSTEM","SPI OFFLOAD",894
"SPI SUBSYSTEM","SPI SUBSYSTEM",143209
"SPI SUBSYSTEM","ST STM32 SPI DRIVER",2620
"SPI SUBSYSTEM","SUNPLUS SPI CONTROLLER INTERFACE DRIVER",655
"SPI SUBSYSTEM","TEGRA QUAD SPI DRIVER",1852
"SPI SUBSYSTEM","TEGRA SPI DRIVER",5214
"SPI SUBSYSTEM","VIRTIO SPI DRIVER",612
"SPMI SUBSYSTEM","HISILICON SPMI CONTROLLER DRIVER FOR HIKEY 970",417
"SPMI SUBSYSTEM","SPMI SUBSYSTEM",4606
"STARFIVE JH7110 SYSCON","STARFIVE JH7110 SYSCON",93
"STARFIVE JH7110 SYSCON","STARFIVE SOC DRIVERS",93
"SYNOPSYS ARC ARCHITECTURE","BPF JIT for ARC",4602
"SYNOPSYS ARC ARCHITECTURE","SYNOPSYS ARC ARCHITECTURE",33417
"SYNOPSYS ARC ARCHITECTURE","SYNOPSYS ARC SDP platform support",1298
"SYSTEM CONTROL & POWER/MANAGEMENT INTERFACE (SCPI/SCMI) Message Protocol drivers","SYSTEM CONTROL & POWER/MANAGEMENT INTERFACE (SCPI/SCMI) Message Protocol drivers",30103
"SYSTEM CONTROL & POWER/MANAGEMENT INTERFACE (SCPI/SCMI) Message Protocol drivers","SYSTEM CONTROL MANAGEMENT INTERFACE (SCMI) i.MX Extension Message Protocol drivers",3219
"TDA827x MEDIA DRIVER","TDA827x MEDIA DRIVER",927
"TDA827x MEDIA DRIVER","TDA8290 MEDIA DRIVER",927
"TEE SUBSYSTEM","OP-TEE DRIVER",7513
"TEE SUBSYSTEM","QUALCOMM TEE (QCOMTEE) DRIVER",3964
"TEE SUBSYSTEM","TEE SUBSYSTEM",18059
"TEE SUBSYSTEM","TRUSTED SERVICES TEE DRIVER",657
"THERMAL","ALLWINNER THERMAL DRIVER",915
"THERMAL","AMAZON ANNAPURNA LABS THERMAL MMIO DRIVER",165
"THERMAL","BROADCOM STB AVS TMON DRIVER",437
"THERMAL","LOONGSON-2 SOC SERIES THERMAL DRIVER",289
"THERMAL","MARVELL MVEBU THERMAL DRIVER",984
"THERMAL","QUALCOMM TSENS THERMAL DRIVER",6037
"THERMAL","RENESAS R-CAR THERMAL DRIVERS",1528
"THERMAL","RENESAS RZ/G3E THERMAL SENSOR UNIT DRIVER",638
"THERMAL","RENESAS RZ/G3S THERMAL SENSOR UNIT DRIVER",365
"THERMAL","SAMSUNG THERMAL DRIVER",1377
"THERMAL","THERMAL",69946
"THERMAL","THERMAL DRIVER FOR AMLOGIC SOCS",408
"THERMAL","THERMAL/CPU_COOLING",1344
"THERMAL","THERMAL/POWER_ALLOCATOR",1186
"THERMAL","TI BANDGAP AND THERMAL DRIVER",3673
"THUNDERBOLT DRIVER","THUNDERBOLT DMA TRAFFIC TEST DRIVER",760
"THUNDERBOLT DRIVER","THUNDERBOLT DRIVER",40644
"TRACING","AFS FILESYSTEM",28746
"TRACING","BPF [SECURITY & LSM] (Security Audit and Enforcement using BPF)",4319
"TRACING","BPF [TRACING]",4748
"TRACING","BTRFS FILE SYSTEM",170168
"TRACING","EROFS FILE SYSTEM",10488
"TRACING","F2FS FILE SYSTEM",55351
"TRACING","FSI SUBSYSTEM",9932
"TRACING","FUNCTION HOOKS (FTRACE)",27874
"TRACING","KPROBES",5055
"TRACING","MICROBLAZE ARCHITECTURE",15035
"TRACING","NILFS2 FILESYSTEM",25112
"TRACING","RUNTIME VERIFICATION (RV)",11444
"TRACING","SELINUX SECURITY MODULE",29394
"TRACING","TRACING",187547
"TRACING","TRACING OS NOISE / LATENCY TRACERS",6650
"TRACING","ZSTD",38687
"TTY LAYER AND SERIAL DRIVERS","ALTERA UART/JTAG UART SERIAL DRIVERS",1167
"TTY LAYER AND SERIAL DRIVERS","ARM PRIMECELL UART PL010 AND PL011 DRIVERS",4165
"TTY LAYER AND SERIAL DRIVERS","ARM/CONEXANT DIGICOLOR MACHINE SUPPORT",2332
"TTY LAYER AND SERIAL DRIVERS","ARM/RDA MICRO ARCHITECTURE",1882
"TTY LAYER AND SERIAL DRIVERS","BROADCOM BRCMSTB UART DRIVER",1329
"TTY LAYER AND SERIAL DRIVERS","DZ DECSTATION DZ11 SERIAL DRIVER",1076
"TTY LAYER AND SERIAL DRIVERS","EPAPR HYPERVISOR BYTE CHANNEL DEVICE DRIVER",820
"TTY LAYER AND SERIAL DRIVERS","FREESCALE QUICC ENGINE UCC UART DRIVER",1531
"TTY LAYER AND SERIAL DRIVERS","HYPERVISOR VIRTUAL CONSOLE DRIVER",8250
"TTY LAYER AND SERIAL DRIVERS","IPWIRELESS DRIVER",3617
"TTY LAYER AND SERIAL DRIVERS","JSM Neo PCI based serial card",3887
"TTY LAYER AND SERIAL DRIVERS","MARVELL ARMADA 3700 SERIAL DRIVER",1692
"TTY LAYER AND SERIAL DRIVERS","MICROCHIP AT91 SERIAL DRIVER",3397
"TTY LAYER AND SERIAL DRIVERS","MICROCHIP PCIe UART DRIVER",887
"TTY LAYER AND SERIAL DRIVERS","MOXA SMARTIO/INDUSTIO/INTELLIO SERIAL CARD",2078
"TTY LAYER AND SERIAL DRIVERS","NATIONAL INSTRUMENTS SERIAL DRIVER",450
"TTY LAYER AND SERIAL DRIVERS","ROCKETPORT EXPRESS/INFINITY DRIVER",845
"TTY LAYER AND SERIAL DRIVERS","RPMSG TTY DRIVER",288
"TTY LAYER AND SERIAL DRIVERS","SERIAL DEVICE BUS",1689
"TTY LAYER AND SERIAL DRIVERS","SPARC SERIAL DRIVERS",7029
"TTY LAYER AND SERIAL DRIVERS","SUNPLUS UART DRIVER",823
"TTY LAYER AND SERIAL DRIVERS","SYNOPSYS DESIGNWARE 8250 UART DRIVER",1607
"TTY LAYER AND SERIAL DRIVERS","TEGRA SERIAL DRIVER",1704
"TTY LAYER AND SERIAL DRIVERS","TTY LAYER AND SERIAL DRIVERS",210022
"TTY LAYER AND SERIAL DRIVERS","XILINX UARTLITE SERIAL DRIVER",948
"TTY LAYER AND SERIAL DRIVERS","ZS DECSTATION Z85C30 SERIAL DRIVER",1593
"TURBOCHANNEL SUBSYSTEM","TURBOCHANNEL SUBSYSTEM",467
"UNICODE SUBSYSTEM","UNICODE SUBSYSTEM",8894
"UNIFDEF","UNIFDEF",1225
"USB AR5523 WIRELESS DRIVER","USB AR5523 WIRELESS DRIVER",2420
"USB SUBSYSTEM","ALCATEL SPEEDTOUCH USB DRIVER",2277
"USB SUBSYSTEM","AMD GEODE CS5536 USB DEVICE CONTROLLER DRIVER",877
"USB SUBSYSTEM","ASPEED USB UDC DRIVER",1656
"USB SUBSYSTEM","BROADCOM BCM63XX/BCM33XX UDC DRIVER",2380
"USB SUBSYSTEM","BROADCOM BDC DRIVER",4398
"USB SUBSYSTEM","BROADCOM BRCMSTB USB EHCI DRIVER",340
"USB SUBSYSTEM","CADENCE USB3 DRD IP DRIVER",9930
"USB SUBSYSTEM","CADENCE USBHS DRIVER",4747
"USB SUBSYSTEM","CADENCE USBSSP DRD IP DRIVER",11531
"USB SUBSYSTEM","CHIPIDEA USB HIGH SPEED DUAL ROLE CONTROLLER",10623
"USB SUBSYSTEM","CHROMEOS UCSI DRIVER",341
"USB SUBSYSTEM","CONEXANT ACCESSRUNNER USB DRIVER",1385
"USB SUBSYSTEM","DESIGNWARE USB2 DRD IP DRIVER",26003
"USB SUBSYSTEM","DESIGNWARE USB3 DRD IP DRIVER",22358
"USB SUBSYSTEM","FARADAY FOTG210 USB2 DUAL-ROLE CONTROLLER",8221
"USB SUBSYSTEM","FREESCALE USB PERIPHERAL DRIVERS",6387
"USB SUBSYSTEM","FREESCALE USB PHY DRIVER",1394
"USB SUBSYSTEM","IKANOS/ADI EAGLE ADSL USB DRIVER",2754
"USB SUBSYSTEM","INTEL LA JOLLA COVE ADAPTER (LJCA) USB I/O EXPANDER DRIVERS",2186
"USB SUBSYSTEM","INTEL USBIO USB I/O EXPANDER DRIVERS",1495
"USB SUBSYSTEM","LEGO USB Tower driver",879
"USB SUBSYSTEM","MEDIATEK USB3 DRD IP DRIVER",9839
"USB SUBSYSTEM","MICROCHIP USB251XB DRIVER",1112
"USB SUBSYSTEM","MICROTEK X6 SCANNER",859
"USB SUBSYSTEM","MUSB MULTIPOINT HIGH SPEED DUAL-ROLE CONTROLLER",20612
"USB SUBSYSTEM","OMAP USB SUPPORT",3759
"USB SUBSYSTEM","ONBOARD USB HUB DRIVER",735
"USB SUBSYSTEM","QUALCOMM TYPEC PORT MANAGER DRIVER",2065
"USB SUBSYSTEM","RENESAS RZ/N1 USBF CONTROLLER DRIVER",3461
"USB SUBSYSTEM","SIS USB2VGA DRIVER",4117
"USB SUBSYSTEM","STARFIVE JH71X0 USB DRIVERS",359
"USB SUBSYSTEM","ULPI BUS",599
"USB SUBSYSTEM","USB ACM DRIVER",2376
"USB SUBSYSTEM","USB APPLE MFI FASTCHARGE DRIVER",258
"USB SUBSYSTEM","USB ATTACHED SCSI",1304
"USB SUBSYSTEM","USB CHAOSKEY DRIVER",606
"USB SUBSYSTEM","USB CYPRESS C67X00 DRIVER",2645
"USB SUBSYSTEM","USB EHCI DRIVER",15116
"USB SUBSYSTEM","USB INTEL XHCI ROLE MUX DRIVER",227
"USB SUBSYSTEM","USB ISP116X DRIVER",2324
"USB SUBSYSTEM","USB ISP1760 DRIVER",5885
"USB SUBSYSTEM","USB MASS STORAGE DRIVER",23520
"USB SUBSYSTEM","USB OHCI DRIVER",10805
"USB SUBSYSTEM","USB OTG FSM (Finite State Machine)",453
"USB SUBSYSTEM","USB OVER IP DRIVER",15718
"USB SUBSYSTEM","USB PRINTER DRIVER (usblp)",1487
"USB SUBSYSTEM","USB RAW GADGET DRIVER",1726
"USB SUBSYSTEM","USB SERIAL SUBSYSTEM",60486
"USB SUBSYSTEM","USB SUBSYSTEM",630111
"USB SUBSYSTEM","USB TYPEC BUS FOR ALTERNATE MODES",1734
"USB SUBSYSTEM","USB TYPEC CLASS",43156
"USB SUBSYSTEM","USB TYPEC INTEL PMC MUX DRIVER",1004
"USB SUBSYSTEM","USB TYPEC PI3USB30532 MUX DRIVER",190
"USB SUBSYSTEM","USB TYPEC PORT CONTROLLER DRIVERS",9451
"USB SUBSYSTEM","USB TYPEC TUSB1046 MUX DRIVER",246
"USB SUBSYSTEM","USB UHCI DRIVER",5238
"USB SUBSYSTEM","USB WEBCAM GADGET",8298
"USB SUBSYSTEM","USB XHCI DRIVER",32035
"USB SUBSYSTEM","XEN PVUSB DRIVER",2016
"USERSPACE STACK UNWINDING","USERSPACE STACK UNWINDING",726
"UTIL-LINUX PACKAGE","UTIL-LINUX PACKAGE",0
"V4L2 LENS DRIVERS","ASAHI KASEI AK7375 LENS VOICE COIL DRIVER",411
"V4L2 LENS DRIVERS","DONGWOON DW9714 LENS VOICE COIL DRIVER",392
"V4L2 LENS DRIVERS","DONGWOON DW9719 LENS VOICE COIL DRIVER",467
"V4L2 LENS DRIVERS","DONGWOON DW9768 LENS VOICE COIL DRIVER",653
"V4L2 LENS DRIVERS","DONGWOON DW9807 LENS VOICE COIL DRIVER",362
"V4L2 LENS DRIVERS","V4L2 LENS DRIVERS",3261
"VFIO DRIVER","IBM Power VFIO Support",1379
"VFIO DRIVER","VFIO CDX DRIVER",651
"VFIO DRIVER","VFIO DRIVER",40200
"VFIO DRIVER","VFIO FSL-MC DRIVER",870
"VFIO DRIVER","VFIO HISILICON PCI DRIVER",1937
"VFIO DRIVER","VFIO MEDIATED DEVICE DRIVERS",5647
"VFIO DRIVER","VFIO MLX5 PCI DRIVER",3495
"VFIO DRIVER","VFIO NVIDIA GRACE GPU DRIVER",1200
"VFIO DRIVER","VFIO PCI DEVICE SPECIFIC DRIVERS",12254
"VFIO DRIVER","VFIO PDS PCI DRIVER",2268
"VFIO DRIVER","VFIO PLATFORM DRIVER",1860
"VFIO DRIVER","VFIO QAT PCI DRIVER",719
"VFIO DRIVER","VFIO SELFTESTS",3446
"VFIO DRIVER","VFIO VIRTIO PCI DRIVER",2126
"VFIO DRIVER","VFIO XE PCI DRIVER",588
"VIRT LIB","VIRT LIB",219
"VIRTIO CORE","Intel VIRTIO DATA PATH ACCELERATOR",1466
"VIRTIO CORE","MARVELL OCTEON ENDPOINT VIRTIO DATA PATH ACCELERATOR",1567
"VIRTIO CORE","MELLANOX MLX5 VDPA DRIVER",5926
"VIRTIO CORE","PDS DSC VIRTIO DATA PATH ACCELERATOR",1590
"VIRTIO CORE","SNET DPU VIRTIO DATA PATH ACCELERATOR",1877
"VIRTIO CORE","VIRTIO AND VHOST VSOCK DRIVER",4111
"VIRTIO CORE","VIRTIO BALLOON",1774
"VIRTIO CORE","VIRTIO BLOCK AND SCSI DRIVERS",3330
"VIRTIO CORE","VIRTIO CORE",58268
"VIRTIO CORE","VIRTIO CRYPTO DRIVER",2802
"VIRTIO CORE","VIRTIO INPUT DRIVER",494
"VIRTIO CORE","VIRTIO MEM DRIVER",3372
"VIRTIO CORE","VIRTIO RTC DRIVER",2398
"VIRTIO HOST (VHOST)","VIRTIO HOST (VHOST-SCSI)",2999
"VIRTIO HOST (VHOST)","VIRTIO HOST (VHOST)",14033
"VIRTUAL BOX GUEST DEVICE DRIVER","VIRTUAL BOX GUEST DEVICE DRIVER",4755
"VIRTUAL BOX SHARED FOLDER VFS DRIVER","VIRTUAL BOX SHARED FOLDER VFS DRIVER",3353
"W1 DALLAS'S 1-WIRE BUS","AMD AXI W1 DRIVER",440
"W1 DALLAS'S 1-WIRE BUS","W1 DALLAS'S 1-WIRE BUS",16137
"WATCHDOG DEVICE DRIVERS","ARM SMC WATCHDOG DRIVER",238
"WATCHDOG DEVICE DRIVERS","ARM/ALPHASCALE ARCHITECTURE",1376
"WATCHDOG DEVICE DRIVERS","CHROMEOS EC WATCHDOG",200
"WATCHDOG DEVICE DRIVERS","HEWLETT PACKARD ENTERPRISE ILO NMI WATCHDOG DRIVER",513
"WATCHDOG DEVICE DRIVERS","MEN A21 WATCHDOG DRIVER",228
"WATCHDOG DEVICE DRIVERS","MEN Z069 WATCHDOG DRIVER",167
"WATCHDOG DEVICE DRIVERS","REALTEK OTTO WATCHDOG",462
"WATCHDOG DEVICE DRIVERS","SC1200 WDT DRIVER",474
"WATCHDOG DEVICE DRIVERS","SIEMENS IPC WATCHDOG DRIVERS",233
"WATCHDOG DEVICE DRIVERS","STARFIVE WATCHDOG DRIVER",708
"WATCHDOG DEVICE DRIVERS","SUNPLUS WATCHDOG DRIVER",254
"WATCHDOG DEVICE DRIVERS","WATCHDOG DEVICE DRIVERS",73013
"WATCHDOG DEVICE DRIVERS","WINSYSTEMS EBC-C384 WATCHDOG DRIVER",142
"WATCHDOG DEVICE DRIVERS","XILINX WATCHDOG DRIVER",675
"WILOCITY WIL6210 WIRELESS DRIVER","WILOCITY WIL6210 WIRELESS DRIVER",28866
"X86 CPUID DATABASE","X86 CPUID DATABASE",1865
"X86 PLATFORM DRIVERS","ACER ASPIRE ONE TEMPERATURE AND FAN DRIVER",771
"X86 PLATFORM DRIVERS","ACER WMI LAPTOP EXTRAS",3292
"X86 PLATFORM DRIVERS","ACPI QUICKSTART DRIVER",237
"X86 PLATFORM DRIVERS","ACPI SERIAL MULTI INSTANTIATE DRIVER",435
"X86 PLATFORM DRIVERS","ACPI WMI DRIVER",3354
"X86 PLATFORM DRIVERS","ADVANTECH SWBTN DRIVER",119
"X86 PLATFORM DRIVERS","ALIENWARE WMI DRIVER",2882
"X86 PLATFORM DRIVERS","AMD 3D V-CACHE PERFORMANCE OPTIMIZER DRIVER",188
"X86 PLATFORM DRIVERS","AMD HETERO CORE HARDWARE FEEDBACK DRIVER",704
"X86 PLATFORM DRIVERS","AMD HSMP DRIVER",2405
"X86 PLATFORM DRIVERS","AMD PMC DRIVER",2045
"X86 PLATFORM DRIVERS","AMD PMF DRIVER",4406
"X86 PLATFORM DRIVERS","ASUS NOTEBOOKS AND EEEPC ACPI/WMI EXTRAS DRIVERS",11971
"X86 PLATFORM DRIVERS","ASUS TF103C DOCK DRIVER",943
"X86 PLATFORM DRIVERS","ASUS WIRELESS RADIO CONTROL DRIVER",198
"X86 PLATFORM DRIVERS","AYANEO PLATFORM EC DRIVER",593
"X86 PLATFORM DRIVERS","BARCO P50 GPIO DRIVER",460
"X86 PLATFORM DRIVERS","CMPC ACPI DRIVER",1142
"X86 PLATFORM DRIVERS","COMPAL LAPTOP SUPPORT",1113
"X86 PLATFORM DRIVERS","DASHARO ACPI PLATFORM DRIVER",360
"X86 PLATFORM DRIVERS","DELL LAPTOP DRIVER",2600
"X86 PLATFORM DRIVERS","DELL LAPTOP FREEFALL DRIVER",178
"X86 PLATFORM DRIVERS","DELL LAPTOP RBTN DRIVER",513
"X86 PLATFORM DRIVERS","DELL PC DRIVER",302
"X86 PLATFORM DRIVERS","DELL REMOTE BIOS UPDATE DRIVER",679
"X86 PLATFORM DRIVERS","DELL SMBIOS DRIVER",1279
"X86 PLATFORM DRIVERS","DELL SMBIOS SMM DRIVER",153
"X86 PLATFORM DRIVERS","DELL SMBIOS WMI DRIVER",550
"X86 PLATFORM DRIVERS","DELL SYSTEMS MANAGEMENT BASE DRIVER (dcdbas)",990
"X86 PLATFORM DRIVERS","DELL WMI DDV DRIVER",1485
"X86 PLATFORM DRIVERS","DELL WMI DESCRIPTOR DRIVER",205
"X86 PLATFORM DRIVERS","DELL WMI HARDWARE PRIVACY SUPPORT",401
"X86 PLATFORM DRIVERS","DELL WMI NOTIFICATIONS DRIVER",864
"X86 PLATFORM DRIVERS","DELL WMI SYSMAN DRIVER",2459
"X86 PLATFORM DRIVERS","FUJITSU LAPTOP EXTRAS",1176
"X86 PLATFORM DRIVERS","FUJITSU TABLET EXTRAS",541
"X86 PLATFORM DRIVERS","GIGABYTE WMI DRIVER",164
"X86 PLATFORM DRIVERS","GPD POCKET FAN DRIVER",224
"X86 PLATFORM DRIVERS","HARD DRIVE ACTIVE PROTECTION SYSTEM (HDAPS) DRIVER",627
"X86 PLATFORM DRIVERS","HP BIOSCFG DRIVER",4605
"X86 PLATFORM DRIVERS","HP COMPAQ TC1100 TABLET WMI EXTRAS DRIVER",263
"X86 PLATFORM DRIVERS","IDEAPAD LAPTOP EXTRAS DRIVER",2580
"X86 PLATFORM DRIVERS","INTEL ATOMISP2 DUMMY / POWER-MANAGEMENT DRIVER",143
"X86 PLATFORM DRIVERS","INTEL ATOMISP2 LED DRIVER",117
"X86 PLATFORM DRIVERS","INTEL BIOS SAR INT1092 DRIVER",422
"X86 PLATFORM DRIVERS","INTEL ELKHART LAKE PSE I/O DRIVER",110
"X86 PLATFORM DRIVERS","INTEL HID EVENT DRIVER",821
"X86 PLATFORM DRIVERS","INTEL IN FIELD SCAN (IFS) DEVICE",2414
"X86 PLATFORM DRIVERS","INTEL ISHTP ECLITE DRIVER",703
"X86 PLATFORM DRIVERS","INTEL P-Unit IPC DRIVER",397
"X86 PLATFORM DRIVERS","INTEL PMC CORE DRIVER",7668
"X86 PLATFORM DRIVERS","INTEL PMT DRIVERS",2984
"X86 PLATFORM DRIVERS","INTEL SCU DRIVERS",1118
"X86 PLATFORM DRIVERS","INTEL SDSI DRIVER",1851
"X86 PLATFORM DRIVERS","INTEL SKYLAKE INT3472 ACPI DEVICE DRIVER",1776
"X86 PLATFORM DRIVERS","INTEL SPEED SELECT TECHNOLOGY",11566
"X86 PLATFORM DRIVERS","INTEL TELEMETRY DRIVER",2320
"X86 PLATFORM DRIVERS","INTEL TPMI DRIVER",938
"X86 PLATFORM DRIVERS","INTEL UNCORE FREQUENCY CONTROL",1783
"X86 PLATFORM DRIVERS","INTEL VENDOR SPECIFIC EXTENDED CAPABILITIES DRIVER",1094
"X86 PLATFORM DRIVERS","INTEL VIRTUAL BUTTON DRIVER",421
"X86 PLATFORM DRIVERS","INTEL WMI SLIM BOOTLOADER (SBL) FIRMWARE UPDATE DRIVER",140
"X86 PLATFORM DRIVERS","INTEL WMI THUNDERBOLT FORCE POWER DRIVER",74
"X86 PLATFORM DRIVERS","LENOVO drivers",20501
"X86 PLATFORM DRIVERS","LENOVO WMI HOTKEY UTILITIES DRIVER",224
"X86 PLATFORM DRIVERS","LG LAPTOP EXTRAS",1041
"X86 PLATFORM DRIVERS","MSI EC DRIVER",1485
"X86 PLATFORM DRIVERS","MSI LAPTOP SUPPORT",1149
"X86 PLATFORM DRIVERS","MSI WMI PLATFORM FEATURES",706
"X86 PLATFORM DRIVERS","MSI WMI SUPPORT",333
"X86 PLATFORM DRIVERS","NVIDIA WMI EC BACKLIGHT DRIVER",219
"X86 PLATFORM DRIVERS","ONEXPLAYER PLATFORM EC DRIVER",973
"X86 PLATFORM DRIVERS","PANASONIC LAPTOP ACPI EXTRAS DRIVER",1145
"X86 PLATFORM DRIVERS","PC ENGINES APU BOARD DRIVER",338
"X86 PLATFORM DRIVERS","PORTWELL EC DRIVER",460
"X86 PLATFORM DRIVERS","REDMIBOOK WMI DRIVERS",130
"X86 PLATFORM DRIVERS","SAMSUNG GALAXY BOOK DRIVER",1600
"X86 PLATFORM DRIVERS","SAMSUNG LAPTOP DRIVER",1767
"X86 PLATFORM DRIVERS","SIEMENS IPC PLATFORM DRIVERS",887
"X86 PLATFORM DRIVERS","SILEAD TOUCHSCREEN DRIVER",2821
"X86 PLATFORM DRIVERS","SONY VAIO CONTROL DEVICE DRIVER",6461
"X86 PLATFORM DRIVERS","SYSTEM76 ACPI DRIVER",823
"X86 PLATFORM DRIVERS","THINKPAD ACPI EXTRAS DRIVER",12097
"X86 PLATFORM DRIVERS","THINKPAD LMI DRIVER",2489
"X86 PLATFORM DRIVERS","TOPSTAR LAPTOP EXTRAS DRIVER",399
"X86 PLATFORM DRIVERS","TOSHIBA ACPI EXTRAS DRIVER",3654
"X86 PLATFORM DRIVERS","TOSHIBA BLUETOOTH DRIVER",296
"X86 PLATFORM DRIVERS","TOSHIBA HDD ACTIVE PROTECTION SENSOR DRIVER",264
"X86 PLATFORM DRIVERS","TOSHIBA WMI HOTKEYS DRIVER",124
"X86 PLATFORM DRIVERS","TUXEDO DRIVERS",1166
"X86 PLATFORM DRIVERS","UNIWILL LAPTOP DRIVER",2444
"X86 PLATFORM DRIVERS","UV SYSFS DRIVER",933
"X86 PLATFORM DRIVERS","WMI BINARY MOF DRIVER",138
"X86 PLATFORM DRIVERS","X86 PLATFORM ANDROID TABLETS DSDT FIXUP DRIVER",3981
"X86 PLATFORM DRIVERS","X86 PLATFORM DRIVERS",152175
"Z8530 DRIVER FOR AX.25","HIGH-SPEED SCC DRIVER FOR AX.25",2177
"Z8530 DRIVER FOR AX.25","Z8530 DRIVER FOR AX.25",3109
"ZD1211RW WIRELESS DRIVER","ZD1211RW WIRELESS DRIVER",8771
