"c_representative","c_section","c_size"
"8250/16?50 (AND CLONE UARTS) SERIAL DRIVER","8250/16?50 (AND CLONE UARTS) SERIAL DRIVER",221
"A64FX DIAG DRIVER","A64FX DIAG DRIVER",151
"ABI/API","ABI/API",1690
"ACPI","ACPI",203822
"ACPI","ACPI APEI",5425
"ACPI","ACPI COMPONENT ARCHITECTURE (ACPICA)",116008
"ACPI","ACPI FOR ARM64 (ACPI/arm64)",3014
"ACPI","ACPI FOR RISC-V (ACPI/riscv)",172
"ACPI","ACPI PMIC DRIVERS",2490
"ACPI","ACPI THERMAL DRIVER",1674
"ACPI","ACPI VIOT DRIVER",401
"ACPI","AUXILIARY BUS DRIVER",720
"ACPI","DEVICE COREDUMP (DEV_COREDUMP)",518
"ACPI","DRIVER COMPONENT FRAMEWORK",955
"ACPI","DRIVER CORE, KOBJECTS, DEBUGFS AND SYSFS",60074
"ACPI","DYNAMIC THERMAL POWER MANAGEMENT (DTPM)",1256
"ACPI","FIRMWARE LOADER (request_firmware)",3850
"ACPI","FREEZER",579
"ACPI","GENERIC ARCHITECTURE TOPOLOGY",1012
"ACPI","HIBERNATION (aka Software Suspend, aka swsusp)",23764
"ACPI","ISA",406
"ACPI","ISAPNP",1356
"ACPI","LIBNVDIMM BTT: BLOCK TRANSLATION TABLE",2330
"ACPI","LIBNVDIMM PMEM: PERSISTENT MEMORY DRIVER",815
"ACPI","LIBNVDIMM: DEVICETREE BINDINGS",180
"ACPI","LIBNVDIMM: NON-VOLATILE MEMORY DEVICE SUBSYSTEM",26434
"ACPI","PNP SUPPORT",9099
"ACPI","POWER MANAGEMENT CORE",18603
"ACPI","PSTORE FILESYSTEM",7909
"ACPI","REGISTER MAP ABSTRACTION",14818
"ACPI","SOFTWARE NODES AND DEVICE PROPERTIES",3384
"ACPI","SUSPEND TO RAM",29320
"ACPI","VIRTIO PMEM DRIVER",290
"ADDRESS SPACE LAYOUT RANDOMIZATION (ASLR)","ADDRESS SPACE LAYOUT RANDOMIZATION (ASLR)",0
"ANDROID DRIVERS","ANDROID DRIVERS",10315
"ARM PORT","ALIBABA PMU DRIVER",941
"ARM PORT","AMLOGIC DDR PMU DRIVER",1163
"ARM PORT","APPLIED MICRO (APM) X-GENE SOC PMU",2126
"ARM PORT","ARM INTEGRATOR, VERSATILE AND REALVIEW SUPPORT",11600
"ARM PORT","ARM MFM AND FLOPPY DRIVERS",112
"ARM PORT","ARM PMU PROFILING AND DEBUGGING",44074
"ARM PORT","ARM PORT",308518
"ARM PORT","ARM SUB-ARCHITECTURES",155977
"ARM PORT","ARM/CALXEDA HIGHBANK ARCHITECTURE",884
"ARM PORT","ARM/CIRRUS LOGIC BK3 MACHINE SUPPORT",422
"ARM PORT","ARM/CIRRUS LOGIC EP93XX ARM ARCHITECTURE",4272
"ARM PORT","ARM/FARADAY FA526 PORT",608
"ARM PORT","ARM/FOOTBRIDGE ARCHITECTURE",2866
"ARM PORT","ARM/HP JORNADA 7XX MACHINE SUPPORT",408
"ARM PORT","ARM/Marvell Dove/MV78xx0/Orion SOC support",17150
"ARM PORT","ARM/Orion SoC/Technologic Systems TS-78xx platform support",616
"ARM PORT","ARM/VERSATILE EXPRESS PLATFORM",13159
"ARM PORT","ARM/VFP SUPPORT",4120
"ARM PORT","BPF JIT for ARM",2548
"ARM PORT","COMPUTE EXPRESS LINK PMU (CPMU)",1058
"ARM PORT","CPUIDLE DRIVER - ARM EXYNOS",498
"ARM PORT","FREESCALE IMX DDR PMU DRIVER",1009
"ARM PORT","HISILICON HNS3 PMU DRIVER",1807
"ARM PORT","HISILICON PMU DRIVER",7483
"ARM PORT","LEGO MINDSTORMS EV3",753
"ARM PORT","OMAP CLOCK FRAMEWORK SUPPORT",6834
"ARM PORT","OMAP HWMOD DATA",6111
"ARM PORT","OMAP HWMOD SUPPORT",10732
"ARM PORT","OMAP I2C DRIVER",1714
"ARM PORT","OMAP POWER MANAGEMENT SUPPORT",3314
"ARM PORT","OMAP POWERDOMAIN SOC ADAPTATION LAYER SUPPORT",4827
"ARM PORT","OMAP1 SUPPORT",14956
"ARM PORT","OMAP2+ SUPPORT",74860
"ARM PORT","PCMCIA SUBSYSTEM",22616
"ARM PORT","PXA2xx/PXA3xx SUPPORT",27884
"ARM PORT","RISC-V PMU DRIVERS",1737
"ARM PORT","SYNOPSYS DESIGNWARE PCIE PMU DRIVER",886
"ARM PORT","TI DAVINCI MACHINE SUPPORT",6846
"ARM PORT","XEN HYPERVISOR ARM",1160
"ARM/CLKDEV SUPPORT","ARM/CLKDEV SUPPORT",381
"ARM/GUMSTIX MACHINE SUPPORT","ARM/GUMSTIX MACHINE SUPPORT",0
"ARM/INTEL XSC3 (MANZANO) ARM CORE","ARM/INTEL XSC3 (MANZANO) ARM CORE",0
"AUXILIARY DISPLAY DRIVERS","AUXILIARY DISPLAY DRIVERS",7166
"AUXILIARY DISPLAY DRIVERS","CFAG12864B LCD DRIVER",448
"AUXILIARY DISPLAY DRIVERS","CFAG12864BFB LCD FRAMEBUFFER DRIVER",239
"AUXILIARY DISPLAY DRIVERS","HT16K33 LED CONTROLLER DRIVER",938
"AUXILIARY DISPLAY DRIVERS","IMGTEC ASCII LCD DRIVER",355
"AUXILIARY DISPLAY DRIVERS","KS0108 LCD CONTROLLER DRIVER",257
"AUXILIARY DISPLAY DRIVERS","PARALLEL LCD/KEYPAD PANEL DRIVER",1765
"BCACHE (BLOCK LAYER CACHE)","BCACHE (BLOCK LAYER CACHE)",18365
"BCACHEFS","BCACHEFS",98507
"BLOCK LAYER","ATA OVER ETHERNET (AOE) DRIVER",3943
"BLOCK LAYER","BFQ I/O SCHEDULER",12699
"BLOCK LAYER","BLOCK LAYER",170712
"BLOCK LAYER","BSG (block layer generic sg v4 driver)",363
"BLOCK LAYER","CONTROL GROUP - BLOCK IO CONTROLLER (BLKIO)",11118
"BLOCK LAYER","DRBD DRIVER",34066
"BLOCK LAYER","FLOPPY DRIVER",5031
"BLOCK LAYER","GUID PARTITION TABLE (GPT)",872
"BLOCK LAYER","LOGICAL DISK MANAGER SUPPORT (LDM, Windows 2000/XP/Vista Dynamic Disks)",1803
"BLOCK LAYER","NETWORK BLOCK DEVICE (NBD)",2868
"BLOCK LAYER","PKTCDVD DRIVER",3228
"BLOCK LAYER","RADOS BLOCK DEVICE (RBD)",7730
"BLOCK LAYER","RAMDISK RAM BLOCK DEVICE DRIVER",624
"BLOCK LAYER","RNBD BLOCK DRIVERS",4556
"BLOCK LAYER","SECURE ENCRYPTING DEVICE (SED) OPAL DRIVER",4136
"BLOCK LAYER","UBLK USERSPACE BLOCK DRIVER",3746
"BLOCK LAYER","XEN BLOCK SUBSYSTEM",5795
"BLOCK LAYER","XEN HYPERVISOR INTERFACE",54208
"BLOCK LAYER","XEN PVSCSI DRIVERS",3465
"BLOCK LAYER","XEN SWIOTLB SUBSYSTEM",457
"BLOCK LAYER","ZRAM COMPRESSED RAM BLOCK DEVICE DRVIER",3504
"BPF [MISC]","BPF [MISC]",0
"BROADCOM SPECIFIC AMBA DRIVER (BCMA)","BROADCOM SPECIFIC AMBA DRIVER (BCMA)",8195
"CHAR and MISC DRIVERS","ACER ASPIRE ONE TEMPERATURE AND FAN DRIVER",792
"CHAR and MISC DRIVERS","ACER WMI LAPTOP EXTRAS",2889
"CHAR and MISC DRIVERS","ACPI SERIAL MULTI INSTANTIATE DRIVER",374
"CHAR and MISC DRIVERS","ACPI WMI DRIVER",1978
"CHAR and MISC DRIVERS","AD525X ANALOG DEVICES DIGITAL POTENTIOMETERS DRIVER",763
"CHAR and MISC DRIVERS","ADVANTECH SWBTN DRIVER",119
"CHAR and MISC DRIVERS","ALIENWARE WMI DRIVER",842
"CHAR and MISC DRIVERS","AMD HSMP DRIVER",1144
"CHAR and MISC DRIVERS","AMD PMC DRIVER",1504
"CHAR and MISC DRIVERS","AMD PMF DRIVER",3405
"CHAR and MISC DRIVERS","ASUS NOTEBOOKS AND EEEPC ACPI/WMI EXTRAS DRIVERS",10341
"CHAR and MISC DRIVERS","ASUS TF103C DOCK DRIVER",943
"CHAR and MISC DRIVERS","ASUS WIRELESS RADIO CONTROL DRIVER",198
"CHAR and MISC DRIVERS","AT24 EEPROM DRIVER",1082
"CHAR and MISC DRIVERS","BARCO P50 GPIO DRIVER",436
"CHAR and MISC DRIVERS","BROADCOM VK DRIVER",4515
"CHAR and MISC DRIVERS","CHAR and MISC DRIVERS",159443
"CHAR and MISC DRIVERS","CMPC ACPI DRIVER",1146
"CHAR and MISC DRIVERS","COMPAL LAPTOP SUPPORT",1113
"CHAR and MISC DRIVERS","CXL (IBM Coherent Accelerator Processor Interface CAPI) DRIVER",14537
"CHAR and MISC DRIVERS","DELL LAPTOP DRIVER",2365
"CHAR and MISC DRIVERS","DELL LAPTOP FREEFALL DRIVER",192
"CHAR and MISC DRIVERS","DELL LAPTOP RBTN DRIVER",514
"CHAR and MISC DRIVERS","DELL REMOTE BIOS UPDATE DRIVER",677
"CHAR and MISC DRIVERS","DELL SMBIOS DRIVER",1253
"CHAR and MISC DRIVERS","DELL SMBIOS SMM DRIVER",154
"CHAR and MISC DRIVERS","DELL SMBIOS WMI DRIVER",552
"CHAR and MISC DRIVERS","DELL SYSTEMS MANAGEMENT BASE DRIVER (dcdbas)",997
"CHAR and MISC DRIVERS","DELL WMI DDV DRIVER",1230
"CHAR and MISC DRIVERS","DELL WMI DESCRIPTOR DRIVER",205
"CHAR and MISC DRIVERS","DELL WMI HARDWARE PRIVACY SUPPORT",406
"CHAR and MISC DRIVERS","DELL WMI NOTIFICATIONS DRIVER",837
"CHAR and MISC DRIVERS","DELL WMI SYSMAN DRIVER",2457
"CHAR and MISC DRIVERS","DESIGNWARE XDATA IP DRIVER",484
"CHAR and MISC DRIVERS","DOUBLETALK DRIVER",749
"CHAR and MISC DRIVERS","FUJITSU LAPTOP EXTRAS",1031
"CHAR and MISC DRIVERS","FUJITSU TABLET EXTRAS",541
"CHAR and MISC DRIVERS","GENWQE (IBM Generic Workqueue Card)",6778
"CHAR and MISC DRIVERS","GIGABYTE WMI DRIVER",164
"CHAR and MISC DRIVERS","GPD POCKET FAN DRIVER",224
"CHAR and MISC DRIVERS","HARD DRIVE ACTIVE PROTECTION SYSTEM (HDAPS) DRIVER",627
"CHAR and MISC DRIVERS","HEWLETT PACKARD ENTERPRISE ILO CHIF DRIVER",1141
"CHAR and MISC DRIVERS","HIKEY960 ONBOARD USB GPIO HUB DRIVER",277
"CHAR and MISC DRIVERS","HP BIOSCFG DRIVER",4654
"CHAR and MISC DRIVERS","HP COMPAQ TC1100 TABLET WMI EXTRAS DRIVER",263
"CHAR and MISC DRIVERS","HPET:	High Precision Event Timers driver",1183
"CHAR and MISC DRIVERS","IBM Power Virtual Management Channel Driver",2628
"CHAR and MISC DRIVERS","IDEAPAD LAPTOP EXTRAS DRIVER",1980
"CHAR and MISC DRIVERS","INTEL ATOMISP2 DUMMY / POWER-MANAGEMENT DRIVER",143
"CHAR and MISC DRIVERS","INTEL ATOMISP2 LED DRIVER",117
"CHAR and MISC DRIVERS","INTEL BIOS SAR INT1092 DRIVER",422
"CHAR and MISC DRIVERS","INTEL HID EVENT DRIVER",785
"CHAR and MISC DRIVERS","INTEL IN FIELD SCAN (IFS) DEVICE",1489
"CHAR and MISC DRIVERS","INTEL ISHTP ECLITE DRIVER",703
"CHAR and MISC DRIVERS","INTEL MANAGEMENT ENGINE (mei)",22025
"CHAR and MISC DRIVERS","INTEL P-Unit IPC DRIVER",437
"CHAR and MISC DRIVERS","INTEL PMC CORE DRIVER",6061
"CHAR and MISC DRIVERS","INTEL PMT DRIVERS",1304
"CHAR and MISC DRIVERS","INTEL SCU DRIVERS",1135
"CHAR and MISC DRIVERS","INTEL SDSI DRIVER",1790
"CHAR and MISC DRIVERS","INTEL SKYLAKE INT3472 ACPI DEVICE DRIVER",1520
"CHAR and MISC DRIVERS","INTEL SPEED SELECT TECHNOLOGY",11033
"CHAR and MISC DRIVERS","INTEL TELEMETRY DRIVER",2765
"CHAR and MISC DRIVERS","INTEL TPMI DRIVER",902
"CHAR and MISC DRIVERS","INTEL UNCORE FREQUENCY CONTROL",1275
"CHAR and MISC DRIVERS","INTEL VENDOR SPECIFIC EXTENDED CAPABILITIES DRIVER",626
"CHAR and MISC DRIVERS","INTEL VIRTUAL BUTTON DRIVER",413
"CHAR and MISC DRIVERS","INTEL WMI SLIM BOOTLOADER (SBL) FIRMWARE UPDATE DRIVER",139
"CHAR and MISC DRIVERS","INTEL WMI THUNDERBOLT FORCE POWER DRIVER",73
"CHAR and MISC DRIVERS","KGDB / KDB /debug_core",11854
"CHAR and MISC DRIVERS","LG LAPTOP EXTRAS",933
"CHAR and MISC DRIVERS","LINUX KERNEL DUMP TEST MODULE (LKDTM)",3874
"CHAR and MISC DRIVERS","LIS3LV02D ACCELEROMETER DRIVER",2538
"CHAR and MISC DRIVERS","MELLANOX PLATFORM DRIVER",6664
"CHAR and MISC DRIVERS","MICROBLAZE TMR INJECT",219
"CHAR and MISC DRIVERS","MICROBLAZE TMR MANAGER",283
"CHAR and MISC DRIVERS","MICROCHIP PCI1XXXX GP DRIVER",1069
"CHAR and MISC DRIVERS","MSI EC DRIVER",1485
"CHAR and MISC DRIVERS","MSI LAPTOP SUPPORT",1149
"CHAR and MISC DRIVERS","MSI WMI SUPPORT",347
"CHAR and MISC DRIVERS","NITRO SECURE MODULE (NSM)",537
"CHAR and MISC DRIVERS","NVIDIA WMI EC BACKLIGHT DRIVER",219
"CHAR and MISC DRIVERS","OCXL (Open Coherent Accelerator Processor Interface OpenCAPI) DRIVER",5947
"CHAR and MISC DRIVERS","PANASONIC LAPTOP ACPI EXTRAS DRIVER",1093
"CHAR and MISC DRIVERS","PC ENGINES APU BOARD DRIVER",294
"CHAR and MISC DRIVERS","PC8736x GPIO DRIVER",353
"CHAR and MISC DRIVERS","POWERNV OPERATOR PANEL LCD DISPLAY DRIVER",225
"CHAR and MISC DRIVERS","QUALCOMM FASTRPC DRIVER",2769
"CHAR and MISC DRIVERS","RICOH R5C592 MEMORYSTICK DRIVER",1066
"CHAR and MISC DRIVERS","SAMSUNG LAPTOP DRIVER",1658
"CHAR and MISC DRIVERS","SCx200 GPIO DRIVER",222
"CHAR and MISC DRIVERS","SENSABLE PHANTOM",615
"CHAR and MISC DRIVERS","SGI GRU DRIVER",6954
"CHAR and MISC DRIVERS","SGI XP/XPC/XPNET DRIVER",6697
"CHAR and MISC DRIVERS","SIEMENS IPC PLATFORM DRIVERS",882
"CHAR and MISC DRIVERS","SILEAD TOUCHSCREEN DRIVER",2717
"CHAR and MISC DRIVERS","SONY MEMORYSTICK SUBSYSTEM",9492
"CHAR and MISC DRIVERS","SONY VAIO CONTROL DEVICE DRIVER",6670
"CHAR and MISC DRIVERS","SYSTEM76 ACPI DRIVER",823
"CHAR and MISC DRIVERS","TELECOM CLOCK DRIVER FOR MCPL0010",939
"CHAR and MISC DRIVERS","THINKPAD ACPI EXTRAS DRIVER",11937
"CHAR and MISC DRIVERS","THINKPAD LMI DRIVER",2359
"CHAR and MISC DRIVERS","TI FLASH MEDIA MEMORYSTICK/MMC DRIVERS",2719
"CHAR and MISC DRIVERS","TOPSTAR LAPTOP EXTRAS DRIVER",399
"CHAR and MISC DRIVERS","TOSHIBA ACPI EXTRAS DRIVER",3622
"CHAR and MISC DRIVERS","TOSHIBA BLUETOOTH DRIVER",297
"CHAR and MISC DRIVERS","TOSHIBA HDD ACTIVE PROTECTION SENSOR DRIVER",265
"CHAR and MISC DRIVERS","TOSHIBA SMM DRIVER",599
"CHAR and MISC DRIVERS","TOSHIBA WMI HOTKEYS DRIVER",137
"CHAR and MISC DRIVERS","UACCE ACCELERATOR FRAMEWORK",1137
"CHAR and MISC DRIVERS","UV SYSFS DRIVER",931
"CHAR and MISC DRIVERS","VIRTIO CONSOLE DRIVER",2321
"CHAR and MISC DRIVERS","VMWARE BALLOON DRIVER",1923
"CHAR and MISC DRIVERS","VMWARE VMCI DRIVER",10247
"CHAR and MISC DRIVERS","WMI BINARY MOF DRIVER",136
"CHAR and MISC DRIVERS","X86 PLATFORM ANDROID TABLETS DSDT FIXUP DRIVER",2739
"CHAR and MISC DRIVERS","X86 PLATFORM DRIVERS",130351
"CHAR and MISC DRIVERS","XILINX SD-FEC IP CORES",2917
"CHAR and MISC DRIVERS","XILLYBUS DRIVER",4955
"CHECKPATCH","CHECKPATCH",7805
"CIRRUS LOGIC DSP FIRMWARE DRIVER","CIRRUS LOGIC DSP FIRMWARE DRIVER",3884
"CLANG CONTROL FLOW INTEGRITY SUPPORT","CLANG CONTROL FLOW INTEGRITY SUPPORT",154
"CLANG-FORMAT FILE","CLANG-FORMAT FILE",743
"CLK API","CLK API",1161
"COMEDI DRIVERS","COMEDI DRIVERS",132991
"COMPILER ATTRIBUTES","COMPILER ATTRIBUTES",400
"COMPUTE EXPRESS LINK (CXL)","COMPUTE EXPRESS LINK (CXL)",21482
"CONFIGFS","CONFIGFS",4132
"CONTEXT TRACKING","CONTEXT TRACKING",1063
"CPU HOTPLUG","CPU HOTPLUG",4384
"CPU POWER MONITORING SUBSYSTEM","CPU POWER MONITORING SUBSYSTEM",17319
"CRYPTO SPEED TEST COMPARE","CRYPTO SPEED TEST COMPARE",190
"DEVICE DEPENDENCY HELPER SCRIPT","DEVICE DEPENDENCY HELPER SCRIPT",315
"DEVICE DIRECT ACCESS (DAX)","DEVICE DIRECT ACCESS (DAX)",3610
"DEVICE RESOURCE MANAGEMENT HELPERS","DEVICE RESOURCE MANAGEMENT HELPERS",79
"DISK GEOMETRY AND PARTITION HANDLING","DISK GEOMETRY AND PARTITION HANDLING",0
"DISTRIBUTED LOCK MANAGER (DLM)","DISTRIBUTED LOCK MANAGER (DLM)",19582
"DMI/SMBIOS SUPPORT","DMI/SMBIOS SUPPORT",1645
"DRM COMPUTE ACCELERATORS DRIVERS AND FRAMEWORK","DRM ACCEL DRIVERS FOR INTEL VPU",11594
"DRM COMPUTE ACCELERATORS DRIVERS AND FRAMEWORK","DRM COMPUTE ACCELERATORS DRIVERS AND FRAMEWORK",353456
"DRM COMPUTE ACCELERATORS DRIVERS AND FRAMEWORK","HABANALABS PCI DRIVER",340695
"DRM COMPUTE ACCELERATORS DRIVERS AND FRAMEWORK","QUALCOMM CLOUD AI (QAIC) DRIVER",6709
"DRM DRIVERS","AMD DISPLAY CORE",443966
"DRM DRIVERS","AMD KFD",58472
"DRM DRIVERS","AMD POWERPLAY AND SWSMU",169917
"DRM DRIVERS","ARC PGU DRM DRIVER",470
"DRM DRIVERS","ARM HDLCD DRM DRIVER",972
"DRM DRIVERS","ARM KOMEDA DRM-KMS DRIVER",9579
"DRM DRIVERS","ARM MALI PANFROST DRM DRIVER",6630
"DRM DRIVERS","ARM MALI-DP DRM DRIVER",15358
"DRM DRIVERS","DRM AUTOMATED TESTING",5700
"DRM DRIVERS","DRM DRIVER FOR ALLWINNER DE2 AND DE3 ENGINE",5457
"DRM DRIVERS","DRM DRIVER FOR ARM PL111 CLCD",1924
"DRM DRIVERS","DRM DRIVER FOR ARM VERSATILE TFT PANELS",427
"DRM DRIVERS","DRM DRIVER FOR ASPEED BMC GFX",833
"DRM DRIVERS","DRM DRIVER FOR AST SERVER GRAPHICS CHIPS",7052
"DRM DRIVERS","DRM DRIVER FOR BOCHS VIRTUAL GPU",739
"DRM DRIVERS","DRM DRIVER FOR BOE HIMAX8279D PANELS",1021
"DRM DRIVERS","DRM DRIVER FOR CHIPONE ICN6211 MIPI-DSI to RGB CONVERTER BRIDGE",949
"DRM DRIVERS","DRM DRIVER FOR EBBG FT8719 PANEL",357
"DRM DRIVERS","DRM DRIVER FOR FARADAY TVE200 TV ENCODER",784
"DRM DRIVERS","DRM DRIVER FOR FEIXIN K101 IM2BA02 MIPI-DSI LCD PANELS",569
"DRM DRIVERS","DRM DRIVER FOR FEIYANG FY07024DI26A30-D MIPI-DSI LCD PANELS",327
"DRM DRIVERS","DRM DRIVER FOR FIRMWARE FRAMEBUFFERS",3175
"DRM DRIVERS","DRM DRIVER FOR GENERIC EDP PANELS",2301
"DRM DRIVERS","DRM DRIVER FOR GENERIC USB DISPLAY",2552
"DRM DRIVERS","DRM DRIVER FOR GRAIN MEDIA GM12U320 PROJECTORS",758
"DRM DRIVERS","DRM DRIVER FOR HIMAX HX8394 MIPI-DSI LCD panels",654
"DRM DRIVERS","DRM DRIVER FOR HX8357D PANELS",317
"DRM DRIVERS","DRM DRIVER FOR HYPERV SYNTHETIC VIDEO DEVICE",1088
"DRM DRIVERS","DRM DRIVER FOR ILITEK ILI9225 PANELS",487
"DRM DRIVERS","DRM DRIVER FOR ILITEK ILI9486 PANELS",351
"DRM DRIVERS","DRM DRIVER FOR ILITEK ILI9805 PANELS",467
"DRM DRIVERS","DRM DRIVER FOR JADARD JD9365DA-H3 MIPI-DSI LCD PANELS",752
"DRM DRIVERS","DRM DRIVER FOR LOGICVC DISPLAY CONTROLLER",2239
"DRM DRIVERS","DRM DRIVER FOR LVDS PANELS",354
"DRM DRIVERS","DRM DRIVER FOR MANTIX MLAF057WE51 PANELS",437
"DRM DRIVERS","DRM DRIVER FOR MGA G200 GRAPHICS CHIPS",5428
"DRM DRIVERS","DRM DRIVER FOR MI0283QT",306
"DRM DRIVERS","DRM DRIVER FOR MIPI DBI compatible panels",538
"DRM DRIVERS","DRM DRIVER FOR MSM ADRENO GPU",141913
"DRM DRIVERS","DRM DRIVER FOR NOVATEK NT35510 PANELS",1153
"DRM DRIVERS","DRM DRIVER FOR NOVATEK NT35560 PANELS",614
"DRM DRIVERS","DRM DRIVER FOR NOVATEK NT36523 PANELS",1419
"DRM DRIVERS","DRM DRIVER FOR NOVATEK NT36672A PANELS",806
"DRM DRIVERS","DRM DRIVER FOR NVIDIA GEFORCE/QUADRO GPUS",224643
"DRM DRIVERS","DRM DRIVER FOR OLIMEX LCD-OLINUXINO PANELS",389
"DRM DRIVERS","DRM DRIVER FOR PARADE PS8640 BRIDGE CHIP",874
"DRM DRIVERS","DRM DRIVER FOR PERVASIVE DISPLAYS REPAPER PANELS",1205
"DRM DRIVERS","DRM DRIVER FOR QEMU'S CIRRUS DEVICE",763
"DRM DRIVERS","DRM DRIVER FOR QXL VIRTUAL GPU",6705
"DRM DRIVERS","DRM DRIVER FOR RAYDIUM RM67191 PANELS",736
"DRM DRIVERS","DRM DRIVER FOR SAMSUNG DB7430 PANELS",438
"DRM DRIVERS","DRM DRIVER FOR SAMSUNG MIPI DSIM BRIDGE",2534
"DRM DRIVERS","DRM DRIVER FOR SAMSUNG S6D27A1 PANELS",417
"DRM DRIVERS","DRM DRIVER FOR SAMSUNG S6D7AA0 PANELS",654
"DRM DRIVERS","DRM DRIVER FOR SITRONIX ST7586 PANELS",429
"DRM DRIVERS","DRM DRIVER FOR SITRONIX ST7701 PANELS",1159
"DRM DRIVERS","DRM DRIVER FOR SITRONIX ST7703 PANELS",880
"DRM DRIVERS","DRM DRIVER FOR SITRONIX ST7735R PANELS",348
"DRM DRIVERS","DRM DRIVER FOR SOLOMON SSD130X OLED DISPLAYS",2507
"DRM DRIVERS","DRM DRIVER FOR ST-ERICSSON MCDE",4764
"DRM DRIVERS","DRM DRIVER FOR SYNAPTICS R63353 PANELS",423
"DRM DRIVERS","DRM DRIVER FOR TI DLPC3433 MIPI DSI TO DMD BRIDGE",533
"DRM DRIVERS","DRM DRIVER FOR TI SN65DSI86 BRIDGE CHIP",2315
"DRM DRIVERS","DRM DRIVER FOR TPO TPG110 PANELS",591
"DRM DRIVERS","DRM DRIVER FOR USB DISPLAYLINK VIDEO ADAPTERS",1549
"DRM DRIVERS","DRM DRIVER FOR VIRTUAL KERNEL MODESETTING (VKMS)",2210
"DRM DRIVERS","DRM DRIVER FOR VIRTUALBOX VIRTUAL GPU",3013
"DRM DRIVERS","DRM DRIVER FOR VMWARE VIRTUAL GPU",47280
"DRM DRIVERS","DRM DRIVER FOR WIDECHIPS WS2401 PANELS",545
"DRM DRIVERS","DRM DRIVERS",7140028
"DRM DRIVERS","DRM DRIVERS AND MISC GPU PATCHES",737881
"DRM DRIVERS","DRM DRIVERS FOR ALLWINNER A10",17925
"DRM DRIVERS","DRM DRIVERS FOR AMLOGIC SOCS",12434
"DRM DRIVERS","DRM DRIVERS FOR ATMEL HLCDC",3093
"DRM DRIVERS","DRM DRIVERS FOR BRIDGE CHIPS",74309
"DRM DRIVERS","DRM DRIVERS FOR FREESCALE DCU",1457
"DRM DRIVERS","DRM DRIVERS FOR FREESCALE IMX 5/6",15019
"DRM DRIVERS","DRM DRIVERS FOR FREESCALE IMX BRIDGE",4560
"DRM DRIVERS","DRM DRIVERS FOR GMA500 (Poulsbo, Moorestown and derivative chipsets)",23667
"DRM DRIVERS","DRM DRIVERS FOR HISILICON",4158
"DRM DRIVERS","DRM DRIVERS FOR LIMA",5225
"DRM DRIVERS","DRM DRIVERS FOR LOONGSON",6491
"DRM DRIVERS","DRM DRIVERS FOR NVIDIA TEGRA",38753
"DRM DRIVERS","DRM DRIVERS FOR RENESAS R-CAR",11687
"DRM DRIVERS","DRM DRIVERS FOR RENESAS SHMOBILE",2061
"DRM DRIVERS","DRM DRIVERS FOR ROCKCHIP",21493
"DRM DRIVERS","DRM DRIVERS FOR STI",10419
"DRM DRIVERS","DRM DRIVERS FOR STM",3135
"DRM DRIVERS","DRM DRIVERS FOR TI KEYSTONE",5774
"DRM DRIVERS","DRM DRIVERS FOR TI LCDC",2972
"DRM DRIVERS","DRM DRIVERS FOR TI OMAP",32604
"DRM DRIVERS","DRM DRIVERS FOR V3D",6477
"DRM DRIVERS","DRM DRIVERS FOR VC4",26702
"DRM DRIVERS","DRM DRIVERS FOR VIVANTE GPU IP",10540
"DRM DRIVERS","DRM DRIVERS FOR XEN",2461
"DRM DRIVERS","DRM DRIVERS FOR XILINX",4633
"DRM DRIVERS","DRM GPU SCHEDULER",3074
"DRM DRIVERS","DRM PANEL DRIVERS",62696
"DRM DRIVERS","DRM PRIVACY-SCREEN CLASS",783
"DRM DRIVERS","DRM TTM SUBSYSTEM",8270
"DRM DRIVERS","IMGTEC POWERVR DRM DRIVER",34406
"DRM DRIVERS","INTEL DRM DISPLAY FOR XE AND I915 DRIVERS",166085
"DRM DRIVERS","INTEL DRM I915 DRIVER (Meteor Lake, DG2 and older excluding Poulsbo, Moorestown and derivative)",394678
"DRM DRIVERS","INTEL DRM XE DRIVER (Lunar Lake and newer)",61421
"DRM DRIVERS","INTEL GVT-g DRIVERS (Intel GPU Virtualization)",24035
"DRM DRIVERS","INTEL KEEM BAY DRM DRIVER",4471
"DRM DRIVERS","ITE IT66121 HDMI BRIDGE DRIVER",1784
"DRM DRIVERS","LONTIUM LT8912B MIPI TO HDMI BRIDGE",964
"DRM DRIVERS","MARVELL ARMADA DRM SUPPORT",4316
"DRM DRIVERS","MEGACHIPS STDPXXXX-GE-B850V3-FW LVDS/DP++ BRIDGES",511
"DRM DRIVERS","MXSFB DRM DRIVER",3024
"DRM DRIVERS","NXP i.MX 8MQ DCSS DRIVER",4134
"DRM DRIVERS","NXP TDA998X DRM DRIVER",2163
"DRM DRIVERS","RADEON and AMDGPU DRM DRIVERS",5518827
"DRM DRIVERS","VGA_SWITCHEROO",1375
"DRM DRIVERS","VIRTIO GPU DRIVER",6284
"EDAC-CORE","AMAZON ANNAPURNA LABS MEMORY CONTROLLER EDAC",416
"EDAC-CORE","APPLIED MICRO (APM) X-GENE SOC EDAC",2155
"EDAC-CORE","ARM/SOCFPGA EDAC SUPPORT",2616
"EDAC-CORE","EDAC-AMD64",6119
"EDAC-CORE","EDAC-ARMADA",653
"EDAC-CORE","EDAC-AST2500",425
"EDAC-CORE","EDAC-BLUEFIELD",354
"EDAC-CORE","EDAC-CALXEDA",417
"EDAC-CORE","EDAC-CAVIUM OCTEON",777
"EDAC-CORE","EDAC-CAVIUM THUNDERX",2154
"EDAC-CORE","EDAC-CORE",61643
"EDAC-CORE","EDAC-DMC520",654
"EDAC-CORE","EDAC-E752X",1481
"EDAC-CORE","EDAC-E7XXX",602
"EDAC-CORE","EDAC-FSL_DDR",708
"EDAC-CORE","EDAC-GHES",573
"EDAC-CORE","EDAC-I10NM",1230
"EDAC-CORE","EDAC-I3000",565
"EDAC-CORE","EDAC-I5000",1582
"EDAC-CORE","EDAC-I5400",1469
"EDAC-CORE","EDAC-I7300",1214
"EDAC-CORE","EDAC-I7CORE",2399
"EDAC-CORE","EDAC-I82443BXGX",462
"EDAC-CORE","EDAC-I82975X",706
"EDAC-CORE","EDAC-IE31200",667
"EDAC-CORE","EDAC-IGEN6",1464
"EDAC-CORE","EDAC-MPC85XX",815
"EDAC-CORE","EDAC-NPCM",592
"EDAC-CORE","EDAC-PASEMI",303
"EDAC-CORE","EDAC-PND2",1877
"EDAC-CORE","EDAC-QCOM",418
"EDAC-CORE","EDAC-R82600",426
"EDAC-CORE","EDAC-SBRIDGE",3688
"EDAC-CORE","EDAC-SKYLAKE",1749
"EDAC-CORE","EDAC-TI",336
"EDAC-CORE","RAS INFRASTRUCTURE",2450
"EDAC-CORE","XILINX VERSAL EDAC DRIVER",1126
"EDAC-CORE","XILINX ZYNQMP OCM EDAC DRIVER",510
"EFI VARIABLE FILESYSTEM","EFI VARIABLE FILESYSTEM",1555
"EFS FILESYSTEM","EFS FILESYSTEM",1167
"EXFAT FILE SYSTEM","EXFAT FILE SYSTEM",7773
"FADDR2LINE","FADDR2LINE",313
"FILESYSTEMS [IOMAP]","FILESYSTEMS [IOMAP]",3983
"FIREWIRE SUBSYSTEM","FIREWIRE SUBSYSTEM",19124
"FIRMWARE FRAMEWORK FOR ARMV8-A","FIRMWARE FRAMEWORK FOR ARMV8-A",2351
"FPGA MANAGER FRAMEWORK","FPGA DFL DRIVERS",10058
"FPGA MANAGER FRAMEWORK","FPGA MANAGER FRAMEWORK",22370
"FPGA MANAGER FRAMEWORK","INTEL MAX10 BMC SECURE UPDATES",834
"FPGA MANAGER FRAMEWORK","MICROCHIP POLARFIRE FPGA DRIVERS",457
"FRAMEBUFFER LAYER","ADP5520 BACKLIGHT DRIVER WITH IO EXPANDER (ADP5520/ADP5501)",1285
"FRAMEBUFFER LAYER","ADP8860 BACKLIGHT DRIVER (ADP8860/ADP8861/ADP8863)",815
"FRAMEBUFFER LAYER","AGPGART DRIVER",11878
"FRAMEBUFFER LAYER","AMD GEODE PROCESSOR/CHIPSET SUPPORT",5517
"FRAMEBUFFER LAYER","ARC FRAMEBUFFER DRIVER",961
"FRAMEBUFFER LAYER","BACKLIGHT CLASS/SUBSYSTEM",22751
"FRAMEBUFFER LAYER","CONSOLE SUBSYSTEM",4038
"FRAMEBUFFER LAYER","CYBERPRO FB DRIVER",2395
"FRAMEBUFFER LAYER","DISPLAYLINK USB 2.0 FRAMEBUFFER DRIVER (UDLFB)",2230
"FRAMEBUFFER LAYER","EFIFB FRAMEBUFFER DRIVER",693
"FRAMEBUFFER LAYER","EPSON S1D13XXX FRAMEBUFFER DRIVER",1214
"FRAMEBUFFER LAYER","FRAMEBUFFER CORE",15816
"FRAMEBUFFER LAYER","FRAMEBUFFER LAYER",335614
"FRAMEBUFFER LAYER","FREESCALE DIU FRAMEBUFFER DRIVER",1994
"FRAMEBUFFER LAYER","FREESCALE IMX / MXC FRAMEBUFFER DRIVER",1115
"FRAMEBUFFER LAYER","HGA FRAMEBUFFER DRIVER",680
"FRAMEBUFFER LAYER","IMS TWINTURBO FRAMEBUFFER DRIVER",1650
"FRAMEBUFFER LAYER","INTEL 810/815 FRAMEBUFFER DRIVER",4114
"FRAMEBUFFER LAYER","KTD253 BACKLIGHT DRIVER",274
"FRAMEBUFFER LAYER","KTZ8866 BACKLIGHT DRIVER",294
"FRAMEBUFFER LAYER","MATROX FRAMEBUFFER DRIVER",9546
"FRAMEBUFFER LAYER","MICROCHIP LCDFB DRIVER",1504
"FRAMEBUFFER LAYER","MP3309C BACKLIGHT DRIVER",515
"FRAMEBUFFER LAYER","NVIDIA (rivafb and nvidiafb) FRAMEBUFFER DRIVER",12221
"FRAMEBUFFER LAYER","OMAP DISPLAY SUBSYSTEM and FRAMEBUFFER SUPPORT (DSS2)",38853
"FRAMEBUFFER LAYER","OMAP FRAMEBUFFER SUPPORT",6143
"FRAMEBUFFER LAYER","PARISC ARCHITECTURE",85468
"FRAMEBUFFER LAYER","RADEON FRAMEBUFFER DISPLAY DRIVER",7873
"FRAMEBUFFER LAYER","RAGE128 FRAMEBUFFER DISPLAY DRIVER",2530
"FRAMEBUFFER LAYER","S3 SAVAGE FRAMEBUFFER DRIVER",3370
"FRAMEBUFFER LAYER","SAMSUNG FRAMEBUFFER DRIVER",1804
"FRAMEBUFFER LAYER","SILICON MOTION SM712 FRAME BUFFER DRIVER",1926
"FRAMEBUFFER LAYER","SIMPLEFB FB DRIVER",962
"FRAMEBUFFER LAYER","SIS FRAMEBUFFER DRIVER",31053
"FRAMEBUFFER LAYER","SMSC UFX6000 and UFX7000 USB to VGA DRIVER",1949
"FRAMEBUFFER LAYER","UVESAFB DRIVER",2188
"FRAMEBUFFER LAYER","VIA UNICHROME(PRO)/CHROME9 FRAMEBUFFER DRIVER",12070
"FREESCALE SOC DRIVERS","DPAA2 DATAPATH I/O (DPIO) DRIVER",4150
"FREESCALE SOC DRIVERS","FREESCALE QUICC ENGINE LIBRARY",8534
"FREESCALE SOC DRIVERS","FREESCALE QUICC ENGINE QMC DRIVER",2166
"FREESCALE SOC DRIVERS","FREESCALE QUICC ENGINE TSA DRIVER",1105
"FREESCALE SOC DRIVERS","FREESCALE SOC DRIVERS",27944
"FREEVXFS FILESYSTEM","FREEVXFS FILESYSTEM",2410
"FSNOTIFY: FILESYSTEM NOTIFICATION INFRASTRUCTURE","DIRECTORY NOTIFICATION (DNOTIFY)",552
"FSNOTIFY: FILESYSTEM NOTIFICATION INFRASTRUCTURE","FANOTIFY",4030
"FSNOTIFY: FILESYSTEM NOTIFICATION INFRASTRUCTURE","FSNOTIFY: FILESYSTEM NOTIFICATION INFRASTRUCTURE",8654
"FSNOTIFY: FILESYSTEM NOTIFICATION INFRASTRUCTURE","INOTIFY",1365
"GDB KERNEL DEBUGGING HELPER SCRIPTS","GDB KERNEL DEBUGGING HELPER SCRIPTS",4101
"GENERIC ENTRY CODE","GENERIC ENTRY CODE",1285
"GET_MAINTAINER SCRIPT","GET_MAINTAINER SCRIPT",2629
"GOOGLE FIRMWARE DRIVERS","GOOGLE FIRMWARE DRIVERS",2590
"HISILICON KUNPENG SOC HCCS DRIVER","HISILICON KUNPENG SOC HCCS DRIVER",1643
"HPFS FILESYSTEM","HPFS FILESYSTEM",6591
"I3C SUBSYSTEM","I3C DRIVER FOR ASPEED AST2600",260
"I3C SUBSYSTEM","I3C DRIVER FOR CADENCE I3C MASTER IP",1748
"I3C SUBSYSTEM","I3C DRIVER FOR SYNOPSYS DESIGNWARE",1670
"I3C SUBSYSTEM","I3C SUBSYSTEM",15325
"I3C SUBSYSTEM","SILVACO I3C DUAL-ROLE MASTER",1846
"IIO SUBSYSTEM AND DRIVERS","AD5110 ANALOG DEVICES DIGITAL POTENTIOMETERS DRIVER",349
"IIO SUBSYSTEM AND DRIVERS","ADXL313 THREE-AXIS DIGITAL ACCELEROMETER DRIVER",823
"IIO SUBSYSTEM AND DRIVERS","ADXL355 THREE-AXIS DIGITAL ACCELEROMETER DRIVER",1085
"IIO SUBSYSTEM AND DRIVERS","ADXL367 THREE-AXIS DIGITAL ACCELEROMETER DRIVER",1897
"IIO SUBSYSTEM AND DRIVERS","ADXL372 THREE-AXIS DIGITAL ACCELEROMETER DRIVER",1466
"IIO SUBSYSTEM AND DRIVERS","AMD SENSOR FUSION HUB DRIVER",3607
"IIO SUBSYSTEM AND DRIVERS","AMS AS73211 DRIVER",854
"IIO SUBSYSTEM AND DRIVERS","ANALOG DEVICES INC AD3552R DRIVER",1356
"IIO SUBSYSTEM AND DRIVERS","ANALOG DEVICES INC AD4130 DRIVER",2413
"IIO SUBSYSTEM AND DRIVERS","ANALOG DEVICES INC AD7091R DRIVER",128
"IIO SUBSYSTEM AND DRIVERS","ANALOG DEVICES INC AD7192 DRIVER",1322
"IIO SUBSYSTEM AND DRIVERS","ANALOG DEVICES INC AD7292 DRIVER",461
"IIO SUBSYSTEM AND DRIVERS","ANALOG DEVICES INC AD7293 DRIVER",995
"IIO SUBSYSTEM AND DRIVERS","ANALOG DEVICES INC AD74115 DRIVER",2314
"IIO SUBSYSTEM AND DRIVERS","ANALOG DEVICES INC AD74413R DRIVER",1756
"IIO SUBSYSTEM AND DRIVERS","ANALOG DEVICES INC AD7768-1 DRIVER",802
"IIO SUBSYSTEM AND DRIVERS","ANALOG DEVICES INC AD7780 DRIVER",466
"IIO SUBSYSTEM AND DRIVERS","ANALOG DEVICES INC ADA4250 DRIVER",454
"IIO SUBSYSTEM AND DRIVERS","ANALOG DEVICES INC ADF4377 DRIVER",1082
"IIO SUBSYSTEM AND DRIVERS","ANALOG DEVICES INC ADIS DRIVER LIBRARY",1406
"IIO SUBSYSTEM AND DRIVERS","ANALOG DEVICES INC ADIS16460 DRIVER",493
"IIO SUBSYSTEM AND DRIVERS","ANALOG DEVICES INC ADIS16475 DRIVER",1679
"IIO SUBSYSTEM AND DRIVERS","ANALOG DEVICES INC ADMV1013 DRIVER",814
"IIO SUBSYSTEM AND DRIVERS","ANALOG DEVICES INC ADMV1014 DRIVER",962
"IIO SUBSYSTEM AND DRIVERS","ANALOG DEVICES INC ADMV8818 DRIVER",778
"IIO SUBSYSTEM AND DRIVERS","ANALOG DEVICES INC ADRF6780 DRIVER",647
"IIO SUBSYSTEM AND DRIVERS","ANALOG DEVICES INC ADXRS290 DRIVER",770
"IIO SUBSYSTEM AND DRIVERS","ANALOG DEVICES INC IIO DRIVERS",74275
"IIO SUBSYSTEM AND DRIVERS","AOSONG AGS02MA TVOC SENSOR DRIVER",212
"IIO SUBSYSTEM AND DRIVERS","APEX EMBEDDED SYSTEMS STX104 IIO DRIVER",523
"IIO SUBSYSTEM AND DRIVERS","ASAHI KASEI AK8974 DRIVER",1058
"IIO SUBSYSTEM AND DRIVERS","AVIA HX711 ANALOG DIGITAL CONVERTER IIO DRIVER",687
"IIO SUBSYSTEM AND DRIVERS","BOSCH SENSORTEC BMA400 ACCELEROMETER IIO DRIVER",2147
"IIO SUBSYSTEM AND DRIVERS","BOSCH SENSORTEC BMI323 IMU IIO DRIVER",2678
"IIO SUBSYSTEM AND DRIVERS","CAPELLA MICROSYSTEMS LIGHT SENSOR DRIVER",2326
"IIO SUBSYSTEM AND DRIVERS","CHROME HARDWARE PLATFORM SUPPORT",19072
"IIO SUBSYSTEM AND DRIVERS","CHROMEOS EC SUBDRIVERS",29630
"IIO SUBSYSTEM AND DRIVERS","CHROMEOS EC UART DRIVER",361
"IIO SUBSYSTEM AND DRIVERS","CHROMEOS EC USB PD NOTIFY DRIVER",278
"IIO SUBSYSTEM AND DRIVERS","CHROMEOS EC USB TYPE-C DRIVER",1880
"IIO SUBSYSTEM AND DRIVERS","CHROMEOS HPS DRIVER",160
"IIO SUBSYSTEM AND DRIVERS","CREATIVE SB0540",268
"IIO SUBSYSTEM AND DRIVERS","DEVANTECH SRF ULTRASONIC RANGER IIO DRIVER",981
"IIO SUBSYSTEM AND DRIVERS","FT260 FTDI USB-HID TO I2C BRIDGE DRIVER",1107
"IIO SUBSYSTEM AND DRIVERS","HID CORE LAYER",135983
"IIO SUBSYSTEM AND DRIVERS","HID LOGITECH DRIVERS",6732
"IIO SUBSYSTEM AND DRIVERS","HID NVIDIA SHIELD DRIVER",1132
"IIO SUBSYSTEM AND DRIVERS","HID PHOENIX RC FLIGHT CONTROLLER",112
"IIO SUBSYSTEM AND DRIVERS","HID PLAYSTATION DRIVER",2743
"IIO SUBSYSTEM AND DRIVERS","HID SENSOR HUB DRIVERS",6865
"IIO SUBSYSTEM AND DRIVERS","HID VRC-2 CAR CONTROLLER DRIVER",91
"IIO SUBSYSTEM AND DRIVERS","HID WACOM DRIVER",8627
"IIO SUBSYSTEM AND DRIVERS","HID++ LOGITECH DRIVERS",4679
"IIO SUBSYSTEM AND DRIVERS","HONEYWELL HSC030PA PRESSURE SENSOR SERIES IIO DRIVER",840
"IIO SUBSYSTEM AND DRIVERS","HONEYWELL MPRLS0025PA PRESSURE SENSOR SERIES IIO DRIVER",552
"IIO SUBSYSTEM AND DRIVERS","HTS221 TEMPERATURE-HUMIDITY IIO DRIVER",1142
"IIO SUBSYSTEM AND DRIVERS","IIO DIGITAL POTENTIOMETER DAC",328
"IIO SUBSYSTEM AND DRIVERS","IIO ENVELOPE DETECTOR",533
"IIO SUBSYSTEM AND DRIVERS","IIO LIGHT SENSOR GAIN-TIME-SCALE HELPERS",1305
"IIO SUBSYSTEM AND DRIVERS","IIO MULTIPLEXER",538
"IIO SUBSYSTEM AND DRIVERS","IIO SCMI BASED DRIVER",730
"IIO SUBSYSTEM AND DRIVERS","IIO SUBSYSTEM AND DRIVERS",367934
"IIO SUBSYSTEM AND DRIVERS","IIO UNIT CONVERTER",819
"IIO SUBSYSTEM AND DRIVERS","INFINEON DPS310 Driver",897
"IIO SUBSYSTEM AND DRIVERS","INTEL INTEGRATED SENSOR HUB DRIVER",8769
"IIO SUBSYSTEM AND DRIVERS","INVENSENSE ICM-426xx IMU DRIVER",3958
"IIO SUBSYSTEM AND DRIVERS","INVENSENSE MPU-3050 GYROSCOPE DRIVER",1586
"IIO SUBSYSTEM AND DRIVERS","KIONIX/ROHM KX022A ACCELEROMETER",1706
"IIO SUBSYSTEM AND DRIVERS","LETSKETCH HID TABLET DRIVER",322
"IIO SUBSYSTEM AND DRIVERS","LOGITECH HID GAMING KEYBOARDS",957
"IIO SUBSYSTEM AND DRIVERS","LTC1660 DAC DRIVER",298
"IIO SUBSYSTEM AND DRIVERS","LTC2688 IIO DAC DRIVER",1286
"IIO SUBSYSTEM AND DRIVERS","LTC2983 IIO TEMPERATURE DRIVER",2308
"IIO SUBSYSTEM AND DRIVERS","LTR390 AMBIENT/UV LIGHT SENSOR DRIVER",252
"IIO SUBSYSTEM AND DRIVERS","MAXBOTIX ULTRASONIC RANGER IIO DRIVER",331
"IIO SUBSYSTEM AND DRIVERS","MAXIM MAX11205 DRIVER",252
"IIO SUBSYSTEM AND DRIVERS","MAXIM MAX30208 TEMPERATURE SENSOR DRIVER",252
"IIO SUBSYSTEM AND DRIVERS","MCP2221A MICROCHIP USB-HID TO I2C BRIDGE DRIVER",1246
"IIO SUBSYSTEM AND DRIVERS","MCP4018 AND MCP4531 MICROCHIP DIGITAL POTENTIOMETER DRIVERS",595
"IIO SUBSYSTEM AND DRIVERS","MCP4821 DAC DRIVER",322
"IIO SUBSYSTEM AND DRIVERS","MEASUREMENT COMPUTING CIO-DAC IIO DRIVER",161
"IIO SUBSYSTEM AND DRIVERS","MELEXIS MLX90614 DRIVER",787
"IIO SUBSYSTEM AND DRIVERS","MELEXIS MLX90632 DRIVER",1347
"IIO SUBSYSTEM AND DRIVERS","MELEXIS MLX90635 DRIVER",1097
"IIO SUBSYSTEM AND DRIVERS","MEMSENSING MICROSYSTEMS MSA311 DRIVER",1356
"IIO SUBSYSTEM AND DRIVERS","MICROCHIP MCP3564 ADC DRIVER",1771
"IIO SUBSYSTEM AND DRIVERS","MICROCHIP MCP3911 ADC DRIVER",1022
"IIO SUBSYSTEM AND DRIVERS","MICROCHIP SAMA5D2-COMPATIBLE ADC DRIVER",2759
"IIO SUBSYSTEM AND DRIVERS","MICROSOFT SURFACE HID TRANSPORT DRIVER",972
"IIO SUBSYSTEM AND DRIVERS","NINTENDO HID DRIVER",2855
"IIO SUBSYSTEM AND DRIVERS","NXP FXAS21002C DRIVER",1377
"IIO SUBSYSTEM AND DRIVERS","NXP i.MX 7D/6SX/6UL/93 AND VF610 ADC DRIVER",2266
"IIO SUBSYSTEM AND DRIVERS","NXP i.MX 8QXP ADC DRIVER",586
"IIO SUBSYSTEM AND DRIVERS","PARALLAX PING IIO SENSOR DRIVER",385
"IIO SUBSYSTEM AND DRIVERS","PICOLCD HID DRIVER",2919
"IIO SUBSYSTEM AND DRIVERS","PLANTOWER PMS7003 AIR POLLUTION SENSOR DRIVER",403
"IIO SUBSYSTEM AND DRIVERS","PNI RM3100 IIO DRIVER",790
"IIO SUBSYSTEM AND DRIVERS","RENESAS R-CAR GYROADC DRIVER",757
"IIO SUBSYSTEM AND DRIVERS","RENESAS RZ/G2L A/D DRIVER",757
"IIO SUBSYSTEM AND DRIVERS","RENESAS X9250 DIGITAL POTENTIOMETERS DRIVER",298
"IIO SUBSYSTEM AND DRIVERS","ROCCAT DRIVERS",7341
"IIO SUBSYSTEM AND DRIVERS","ROHM BH1750 AMBIENT LIGHT SENSOR DRIVER",377
"IIO SUBSYSTEM AND DRIVERS","ROHM BM1390 PRESSURE SENSOR DRIVER",934
"IIO SUBSYSTEM AND DRIVERS","ROHM BU270xx LIGHT SENSOR DRIVERs",3163
"IIO SUBSYSTEM AND DRIVERS","SENSEAIR SUNRISE 006-0-0007",630
"IIO SUBSYSTEM AND DRIVERS","SENSIRION SCD30 CARBON DIOXIDE SENSOR DRIVER",1301
"IIO SUBSYSTEM AND DRIVERS","SENSIRION SCD4X CARBON DIOXIDE SENSOR DRIVER",812
"IIO SUBSYSTEM AND DRIVERS","SENSIRION SGP40 GAS SENSOR DRIVER",409
"IIO SUBSYSTEM AND DRIVERS","SENSIRION SPS30 AIR POLLUTION SENSOR DRIVER",1116
"IIO SUBSYSTEM AND DRIVERS","SHARP GP2AP002A00F/GP2AP002S00F SENSOR DRIVER",808
"IIO SUBSYSTEM AND DRIVERS","ST LSM6DSx IMU IIO DRIVER",5714
"IIO SUBSYSTEM AND DRIVERS","ST VL53L0X ToF RANGER(I2C) IIO DRIVER",351
"IIO SUBSYSTEM AND DRIVERS","STAGING - INDUSTRIAL IO",6053
"IIO SUBSYSTEM AND DRIVERS","TEXAS INSTRUMENTS' DAC7612 DAC DRIVER",247
"IIO SUBSYSTEM AND DRIVERS","TEXAS INSTRUMENTS' TMP117 TEMPERATURE SENSOR DRIVER",264
"IIO SUBSYSTEM AND DRIVERS","TI ADS7924 ADC DRIVER",584
"IIO SUBSYSTEM AND DRIVERS","TI HDC302X HUMIDITY DRIVER",528
"IIO SUBSYSTEM AND DRIVERS","TI LMP92064 ADC DRIVER",455
"IIO SUBSYSTEM AND DRIVERS","TI TMAG5273 MAGNETOMETER DRIVER",815
"IIO SUBSYSTEM AND DRIVERS","TI TSC2046 ADC DRIVER",1031
"IIO SUBSYSTEM AND DRIVERS","UDRAW TABLET",466
"IIO SUBSYSTEM AND DRIVERS","UHID USERSPACE HID IO DRIVER",1020
"IIO SUBSYSTEM AND DRIVERS","USB HID/HIDBP DRIVERS (USB KEYBOARDS, MICE, REMOTE CONTROLS, ...)",5059
"IIO SUBSYSTEM AND DRIVERS","VISHAY VEML6075 UVA AND UVB LIGHT SENSOR DRIVER",513
"IIO SUBSYSTEM AND DRIVERS","WIIMOTE HID DRIVER",5369
"IIO SUBSYSTEM AND DRIVERS","XILINX AMS DRIVER",1670
"INDUSTRY PACK SUBSYSTEM (IPACK)","INDUSTRY PACK SUBSYSTEM (IPACK)",2399
"INFINIBAND SUBSYSTEM","ALIBABA ELASTIC RDMA DRIVER",6960
"INFINIBAND SUBSYSTEM","AMAZON RDMA EFA DRIVER",7541
"INFINIBAND SUBSYSTEM","BROADCOM NETXTREME-E ROCE DRIVER",20729
"INFINIBAND SUBSYSTEM","CISCO VIC LOW LATENCY NIC DRIVER",5700
"INFINIBAND SUBSYSTEM","CXGB4 IWARP RNIC DRIVER (IW_CXGB4)",15545
"INFINIBAND SUBSYSTEM","EMULEX ONECONNECT ROCE DRIVER",11164
"INFINIBAND SUBSYSTEM","HFI1 DRIVER",78561
"INFINIBAND SUBSYSTEM","HISILICON ROCE DRIVER",18046
"INFINIBAND SUBSYSTEM","INFINIBAND SUBSYSTEM",477372
"INFINIBAND SUBSYSTEM","INTEL ETHERNET PROTOCOL DRIVER FOR RDMA",32790
"INFINIBAND SUBSYSTEM","ISCSI EXTENSIONS FOR RDMA (ISER) INITIATOR",3768
"INFINIBAND SUBSYSTEM","ISCSI EXTENSIONS FOR RDMA (ISER) TARGET",2887
"INFINIBAND SUBSYSTEM","MELLANOX MLX4 IB driver",20356
"INFINIBAND SUBSYSTEM","MELLANOX MLX5 IB driver",52988
"INFINIBAND SUBSYSTEM","MICROSOFT MANA RDMA DRIVER",3889
"INFINIBAND SUBSYSTEM","OPA-VNIC DRIVER",3415
"INFINIBAND SUBSYSTEM","QIB DRIVER",48365
"INFINIBAND SUBSYSTEM","QLOGIC QL4xxx RDMA DRIVER",8889
"INFINIBAND SUBSYSTEM","RDMAVT - RDMA verbs software",7636
"INFINIBAND SUBSYSTEM","RTRS TRANSPORT DRIVERS",8703
"INFINIBAND SUBSYSTEM","SCSI RDMA PROTOCOL (SRP) INITIATOR",4895
"INFINIBAND SUBSYSTEM","SCSI RDMA PROTOCOL (SRP) TARGET",4556
"INFINIBAND SUBSYSTEM","SOFT-IWARP DRIVER (siw)",10659
"INFINIBAND SUBSYSTEM","SOFT-ROCE DRIVER (rxe)",14139
"INFINIBAND SUBSYSTEM","VMWARE PVRDMA DRIVER",6106
"INTEL I/OAT DMA DRIVER","INTEL I/OAT DMA DRIVER",0
"INTEL IDLE DRIVER","INTEL IDLE DRIVER",2295
"IOMMU SUBSYSTEM","AMD IOMMU (AMD-VI)",10130
"IOMMU SUBSYSTEM","ARM SMMU DRIVERS",13591
"IOMMU SUBSYSTEM","EXYNOS SYSMMU (IOMMU) driver",1528
"IOMMU SUBSYSTEM","INTEL IOMMU (VT-d)",14986
"IOMMU SUBSYSTEM","IOMMU DMA-API LAYER",3071
"IOMMU SUBSYSTEM","IOMMU SUBSYSTEM",81000
"IOMMU SUBSYSTEM","IOMMUFD",14262
"IOMMU SUBSYSTEM","QUALCOMM IOMMU",4406
"IOMMU SUBSYSTEM","S390 IOMMU (PCI)",803
"IOMMU SUBSYSTEM","TEGRA IOMMU DRIVERS",1531
"IOMMU SUBSYSTEM","VIRTIO IOMMU DRIVER",1447
"IOSYS-MAP HELPERS","IOSYS-MAP HELPERS",516
"IRQ SUBSYSTEM","IRQ DOMAINS (IRQ NUMBER MAPPING LIBRARY)",4573
"IRQ SUBSYSTEM","IRQ SUBSYSTEM",16538
"iSCSI BOOT FIRMWARE TABLE (iBFT) DRIVER","iSCSI BOOT FIRMWARE TABLE (iBFT) DRIVER",1006
"ISDN/mISDN SUBSYSTEM","ISDN/mISDN SUBSYSTEM",38090
"JOURNALLING FLASH FILE SYSTEM V2 (JFFS2)","JOURNALLING FLASH FILE SYSTEM V2 (JFFS2)",19093
"JOURNALLING LAYER FOR BLOCK DEVICES (JBD2)","JOURNALLING LAYER FOR BLOCK DEVICES (JBD2)",11420
"KERNEL AUTOMOUNTER","KERNEL AUTOMOUNTER",3650
"KERNEL JANITORS","KERNEL JANITORS",0
"KERNEL USERMODE HELPER","KERNEL USERMODE HELPER",640
"KERNFS","KERNFS",4797
"KEXEC","KEXEC",3832
"KTEST","KTEST",8250
"LEAKING_ADDRESSES","LEAKING_ADDRESSES",648
"LIBATA SUBSYSTEM (Serial and Parallel ATA drivers)","LIBATA PATA ARASAN COMPACT FLASH CONTROLLER",1027
"LIBATA SUBSYSTEM (Serial and Parallel ATA drivers)","LIBATA PATA DRIVERS",29691
"LIBATA SUBSYSTEM (Serial and Parallel ATA drivers)","LIBATA PATA FARADAY FTIDE010 AND GEMINI SATA BRIDGE DRIVERS",1019
"LIBATA SUBSYSTEM (Serial and Parallel ATA drivers)","LIBATA SATA AHCI PLATFORM devices support",1118
"LIBATA SUBSYSTEM (Serial and Parallel ATA drivers)","LIBATA SATA AHCI SYNOPSYS DWC CONTROLLER DRIVER",688
"LIBATA SUBSYSTEM (Serial and Parallel ATA drivers)","LIBATA SATA PROMISE TX2/TX4 CONTROLLER DRIVER",1371
"LIBATA SUBSYSTEM (Serial and Parallel ATA drivers)","LIBATA SUBSYSTEM (Serial and Parallel ATA drivers)",100550
"LIBATA SUBSYSTEM (Serial and Parallel ATA drivers)","RENESAS R-CAR SATA DRIVER",1110
"LINUX-NEXT TREE","LINUX-NEXT TREE",0
"LTP (Linux Test Project)","LTP (Linux Test Project)",0
"M68K ARCHITECTURE","M68K ARCHITECTURE",175703
"M68K ARCHITECTURE","M68K ON APPLE MACINTOSH",4981
"M68K ARCHITECTURE","M68K ON HP9000/300",675
"M68K ARCHITECTURE","NUBUS SUBSYSTEM",1666
"M68K ARCHITECTURE","SUN3/3X",4815
"M68K ARCHITECTURE","UCLINUX (M68KNOMMU AND COLDFIRE)",12037
"MAN-PAGES: MANUAL PAGES FOR LINUX -- Sections 2, 3, 4, 5, and 7","MAN-PAGES: MANUAL PAGES FOR LINUX -- Sections 2, 3, 4, 5, and 7",0
"MEDIA INPUT INFRASTRUCTURE (V4L/DVB)","A8293 MEDIA DRIVER",307
"MEDIA INPUT INFRASTRUCTURE (V4L/DVB)","ADP1653 FLASH CONTROLLER DRIVER",663
"MEDIA INPUT INFRASTRUCTURE (V4L/DVB)","AF9013 MEDIA DRIVER",2514
"MEDIA INPUT INFRASTRUCTURE (V4L/DVB)","AF9033 MEDIA DRIVER",3277
"MEDIA INPUT INFRASTRUCTURE (V4L/DVB)","AIMSLAB FM RADIO RECEIVER DRIVER",195
"MEDIA INPUT INFRASTRUCTURE (V4L/DVB)","AIRSPY MEDIA DRIVER",1125
"MEDIA INPUT INFRASTRUCTURE (V4L/DVB)","ALLEGRO DVT VIDEO IP CORE DRIVER",7777
"MEDIA INPUT INFRASTRUCTURE (V4L/DVB)","ALLIED VISION ALVIUM CAMERA DRIVER",3114
"MEDIA INPUT INFRASTRUCTURE (V4L/DVB)","ALLWINNER A10 CSI DRIVER",1495
"MEDIA INPUT INFRASTRUCTURE (V4L/DVB)","ALLWINNER A31 CSI DRIVER",2980
"MEDIA INPUT INFRASTRUCTURE (V4L/DVB)","ALLWINNER A31 ISP DRIVER",3173
"MEDIA INPUT INFRASTRUCTURE (V4L/DVB)","ALLWINNER A31 MIPI CSI-2 BRIDGE DRIVER",1055
"MEDIA INPUT INFRASTRUCTURE (V4L/DVB)","ALLWINNER VPU DRIVER",5624
"MEDIA INPUT INFRASTRUCTURE (V4L/DVB)","AMPHION VPU CODEC V4L2 DRIVER",12454
"MEDIA INPUT INFRASTRUCTURE (V4L/DVB)","ANALOG DEVICES INC ADV7180 DRIVER",1810
"MEDIA INPUT INFRASTRUCTURE (V4L/DVB)","ANALOG DEVICES INC ADV748X DRIVER",3198
"MEDIA INPUT INFRASTRUCTURE (V4L/DVB)","ANALOG DEVICES INC ADV7511 DRIVER",1965
"MEDIA INPUT INFRASTRUCTURE (V4L/DVB)","ANALOG DEVICES INC ADV7604 DRIVER",3857
"MEDIA INPUT INFRASTRUCTURE (V4L/DVB)","ANALOG DEVICES INC ADV7842 DRIVER",3627
"MEDIA INPUT INFRASTRUCTURE (V4L/DVB)","APTINA CAMERA SENSOR PLL",202
"MEDIA INPUT INFRASTRUCTURE (V4L/DVB)","AR0521 ON SEMICONDUCTOR CAMERA SENSOR DRIVER",1292
"MEDIA INPUT INFRASTRUCTURE (V4L/DVB)","ARM/NUVOTON NPCM VIDEO ENGINE DRIVER",2218
"MEDIA INPUT INFRASTRUCTURE (V4L/DVB)","ARM/SAMSUNG S5P SERIES 2D GRAPHICS ACCELERATION (G2D) SUPPORT",1121
"MEDIA INPUT INFRASTRUCTURE (V4L/DVB)","ARM/SAMSUNG S5P SERIES HDMI CEC SUBSYSTEM SUPPORT",787
"MEDIA INPUT INFRASTRUCTURE (V4L/DVB)","ARM/SAMSUNG S5P SERIES JPEG CODEC SUPPORT",5487
"MEDIA INPUT INFRASTRUCTURE (V4L/DVB)","ARM/SAMSUNG S5P SERIES Multi Format Codec (MFC) SUPPORT",14023
"MEDIA INPUT INFRASTRUCTURE (V4L/DVB)","ARM/TEGRA HDMI CEC SUBSYSTEM SUPPORT",656
"MEDIA INPUT INFRASTRUCTURE (V4L/DVB)","ASAHI KASEI AK7375 LENS VOICE COIL DRIVER",411
"MEDIA INPUT INFRASTRUCTURE (V4L/DVB)","ASPEED VIDEO ENGINE DRIVER",2288
"MEDIA INPUT INFRASTRUCTURE (V4L/DVB)","AZ6007 DVB DRIVER",992
"MEDIA INPUT INFRASTRUCTURE (V4L/DVB)","AZTECH FM RADIO RECEIVER DRIVER",161
"MEDIA INPUT INFRASTRUCTURE (V4L/DVB)","BDISP ST MEDIA DRIVER",3707
"MEDIA INPUT INFRASTRUCTURE (V4L/DVB)","BROADCOM BCM2711/BCM2835 ARM ARCHITECTURE",42814
"MEDIA INPUT INFRASTRUCTURE (V4L/DVB)","BTTV VIDEO4LINUX DRIVER",12484
"MEDIA INPUT INFRASTRUCTURE (V4L/DVB)","CADENCE MIPI-CSI2 BRIDGES",1703
"MEDIA INPUT INFRASTRUCTURE (V4L/DVB)","CADET FM/AM RADIO RECEIVER DRIVER",679
"MEDIA INPUT INFRASTRUCTURE (V4L/DVB)","CAFE CMOS INTEGRATED CAMERA CONTROLLER DRIVER",3516
"MEDIA INPUT INFRASTRUCTURE (V4L/DVB)","CEC FRAMEWORK",20367
"MEDIA INPUT INFRASTRUCTURE (V4L/DVB)","CEC GPIO DRIVER",369
"MEDIA INPUT INFRASTRUCTURE (V4L/DVB)","CHRONTEL CH7322 CEC DRIVER",670
"MEDIA INPUT INFRASTRUCTURE (V4L/DVB)","COBALT MEDIA DRIVER",5136
"MEDIA INPUT INFRASTRUCTURE (V4L/DVB)","CODA V4L2 MEM2MEM DRIVER",9991
"MEDIA INPUT INFRASTRUCTURE (V4L/DVB)","CS3308 MEDIA DRIVER",126
"MEDIA INPUT INFRASTRUCTURE (V4L/DVB)","CX18 VIDEO4LINUX DRIVER",14223
"MEDIA INPUT INFRASTRUCTURE (V4L/DVB)","CX2341X MPEG ENCODER HELPER MODULE",2061
"MEDIA INPUT INFRASTRUCTURE (V4L/DVB)","CX24120 MEDIA DRIVER",1639
"MEDIA INPUT INFRASTRUCTURE (V4L/DVB)","CX88 VIDEO4LINUX DRIVER",15863
"MEDIA INPUT INFRASTRUCTURE (V4L/DVB)","CXD2820R MEDIA DRIVER",2173
"MEDIA INPUT INFRASTRUCTURE (V4L/DVB)","CYPRESS_FIRMWARE MEDIA DRIVER",160
"MEDIA INPUT INFRASTRUCTURE (V4L/DVB)","DEINTERLACE DRIVERS FOR ALLWINNER H3",1350
"MEDIA INPUT INFRASTRUCTURE (V4L/DVB)","DELTA ST MEDIA DRIVER",4327
"MEDIA INPUT INFRASTRUCTURE (V4L/DVB)","DIGITEQ AUTOMOTIVE MGB4 V4L2 DRIVER",5335
"MEDIA INPUT INFRASTRUCTURE (V4L/DVB)","DONGWOON DW9714 LENS VOICE COIL DRIVER",362
"MEDIA INPUT INFRASTRUCTURE (V4L/DVB)","DONGWOON DW9719 LENS VOICE COIL DRIVER",350
"MEDIA INPUT INFRASTRUCTURE (V4L/DVB)","DONGWOON DW9768 LENS VOICE COIL DRIVER",656
"MEDIA INPUT INFRASTRUCTURE (V4L/DVB)","DONGWOON DW9807 LENS VOICE COIL DRIVER",362
"MEDIA INPUT INFRASTRUCTURE (V4L/DVB)","DSBR100 USB FM RADIO DRIVER",420
"MEDIA INPUT INFRASTRUCTURE (V4L/DVB)","DT3155 MEDIA DRIVER",800
"MEDIA INPUT INFRASTRUCTURE (V4L/DVB)","DVB_USB_AF9015 MEDIA DRIVER",1687
"MEDIA INPUT INFRASTRUCTURE (V4L/DVB)","DVB_USB_AF9035 MEDIA DRIVER",2345
"MEDIA INPUT INFRASTRUCTURE (V4L/DVB)","DVB_USB_ANYSEE MEDIA DRIVER",1731
"MEDIA INPUT INFRASTRUCTURE (V4L/DVB)","DVB_USB_AU6610 MEDIA DRIVER",219
"MEDIA INPUT INFRASTRUCTURE (V4L/DVB)","DVB_USB_CE6230 MEDIA DRIVER",322
"MEDIA INPUT INFRASTRUCTURE (V4L/DVB)","DVB_USB_CXUSB MEDIA DRIVER",4443
"MEDIA INPUT INFRASTRUCTURE (V4L/DVB)","DVB_USB_EC168 MEDIA DRIVER",417
"MEDIA INPUT INFRASTRUCTURE (V4L/DVB)","DVB_USB_GL861 MEDIA DRIVER",578
"MEDIA INPUT INFRASTRUCTURE (V4L/DVB)","DVB_USB_MXL111SF MEDIA DRIVER",4978
"MEDIA INPUT INFRASTRUCTURE (V4L/DVB)","DVB_USB_RTL28XXU MEDIA DRIVER",2292
"MEDIA INPUT INFRASTRUCTURE (V4L/DVB)","DVB_USB_V2 MEDIA DRIVER",2014
"MEDIA INPUT INFRASTRUCTURE (V4L/DVB)","E4000 MEDIA DRIVER",989
"MEDIA INPUT INFRASTRUCTURE (V4L/DVB)","EARTH_PT1 MEDIA DRIVER",1505
"MEDIA INPUT INFRASTRUCTURE (V4L/DVB)","EARTH_PT3 MEDIA DRIVER",1444
"MEDIA INPUT INFRASTRUCTURE (V4L/DVB)","EC100 MEDIA DRIVER",362
"MEDIA INPUT INFRASTRUCTURE (V4L/DVB)","EM28XX VIDEO4LINUX DRIVER",15575
"MEDIA INPUT INFRASTRUCTURE (V4L/DVB)","ENE KB2426 (ENE0100/ENE020XX) INFRARED RECEIVER",1438
"MEDIA INPUT INFRASTRUCTURE (V4L/DVB)","FBTFT Framebuffer drivers",9440
"MEDIA INPUT INFRASTRUCTURE (V4L/DVB)","FC0011 TUNER DRIVER",547
"MEDIA INPUT INFRASTRUCTURE (V4L/DVB)","FC2580 MEDIA DRIVER",789
"MEDIA INPUT INFRASTRUCTURE (V4L/DVB)","FIREWIRE MEDIA DRIVERS (firedtv)",3044
"MEDIA INPUT INFRASTRUCTURE (V4L/DVB)","GALAXYCORE GC0308 CAMERA SENSOR DRIVER",1559
"MEDIA INPUT INFRASTRUCTURE (V4L/DVB)","GALAXYCORE GC2145 SENSOR DRIVER",1563
"MEDIA INPUT INFRASTRUCTURE (V4L/DVB)","GEMTEK FM RADIO RECEIVER DRIVER",340
"MEDIA INPUT INFRASTRUCTURE (V4L/DVB)","GO7007 MPEG CODEC",6464
"MEDIA INPUT INFRASTRUCTURE (V4L/DVB)","GPIO IR Transmitter",245
"MEDIA INPUT INFRASTRUCTURE (V4L/DVB)","GREYBUS AUDIO PROTOCOLS DRIVERS",4466
"MEDIA INPUT INFRASTRUCTURE (V4L/DVB)","GREYBUS BEAGLEPLAY DRIVERS",581
"MEDIA INPUT INFRASTRUCTURE (V4L/DVB)","GREYBUS FW/HID/SPI PROTOCOLS DRIVERS",4158
"MEDIA INPUT INFRASTRUCTURE (V4L/DVB)","GREYBUS LOOPBACK DRIVER",1177
"MEDIA INPUT INFRASTRUCTURE (V4L/DVB)","GREYBUS PLATFORM DRIVERS",1184
"MEDIA INPUT INFRASTRUCTURE (V4L/DVB)","GREYBUS SDIO/GPIO/SPI PROTOCOLS DRIVERS",4661
"MEDIA INPUT INFRASTRUCTURE (V4L/DVB)","GREYBUS SUBSYSTEM",34076
"MEDIA INPUT INFRASTRUCTURE (V4L/DVB)","GREYBUS UART PROTOCOLS DRIVERS",1159
"MEDIA INPUT INFRASTRUCTURE (V4L/DVB)","GS1662 VIDEO SERIALIZER",482
"MEDIA INPUT INFRASTRUCTURE (V4L/DVB)","GSPCA FINEPIX SUBDRIVER",293
"MEDIA INPUT INFRASTRUCTURE (V4L/DVB)","GSPCA GL860 SUBDRIVER",3037
"MEDIA INPUT INFRASTRUCTURE (V4L/DVB)","GSPCA M5602 SUBDRIVER",5203
"MEDIA INPUT INFRASTRUCTURE (V4L/DVB)","GSPCA PAC207 SONIXB SUBDRIVER",475
"MEDIA INPUT INFRASTRUCTURE (V4L/DVB)","GSPCA SN9C20X SUBDRIVER",2409
"MEDIA INPUT INFRASTRUCTURE (V4L/DVB)","GSPCA T613 SUBDRIVER",1041
"MEDIA INPUT INFRASTRUCTURE (V4L/DVB)","GSPCA USB WEBCAM DRIVER",77698
"MEDIA INPUT INFRASTRUCTURE (V4L/DVB)","HACKRF MEDIA DRIVER",1563
"MEDIA INPUT INFRASTRUCTURE (V4L/DVB)","HANTRO VPU CODEC DRIVER",20967
"MEDIA INPUT INFRASTRUCTURE (V4L/DVB)","HDPVR USB VIDEO ENCODER DRIVER",2424
"MEDIA INPUT INFRASTRUCTURE (V4L/DVB)","HVA ST MEDIA DRIVER",4095
"MEDIA INPUT INFRASTRUCTURE (V4L/DVB)","HYNIX HI556 SENSOR DRIVER",1373
"MEDIA INPUT INFRASTRUCTURE (V4L/DVB)","HYNIX HI846 SENSOR DRIVER",2177
"MEDIA INPUT INFRASTRUCTURE (V4L/DVB)","HYNIX HI847 SENSOR DRIVER",2956
"MEDIA INPUT INFRASTRUCTURE (V4L/DVB)","IGORPLUG-USB IR RECEIVER",269
"MEDIA INPUT INFRASTRUCTURE (V4L/DVB)","IGUANAWORKS USB IR TRANSCEIVER",565
"MEDIA INPUT INFRASTRUCTURE (V4L/DVB)","IMGTEC IR DECODER DRIVER",2951
"MEDIA INPUT INFRASTRUCTURE (V4L/DVB)","IMON SOUNDGRAPH USB IR RECEIVER",2813
"MEDIA INPUT INFRASTRUCTURE (V4L/DVB)","INTEL IPU3 CSI-2 CIO2 DRIVER",2882
"MEDIA INPUT INFRASTRUCTURE (V4L/DVB)","INTEL IPU3 CSI-2 IMGU DRIVER",25010
"MEDIA INPUT INFRASTRUCTURE (V4L/DVB)","INTERSIL ISL7998X VIDEO DECODER DRIVER",1739
"MEDIA INPUT INFRASTRUCTURE (V4L/DVB)","ISA RADIO MODULE",478
"MEDIA INPUT INFRASTRUCTURE (V4L/DVB)","IT913X MEDIA DRIVER",485
"MEDIA INPUT INFRASTRUCTURE (V4L/DVB)","IVTV VIDEO4LINUX DRIVER",16297
"MEDIA INPUT INFRASTRUCTURE (V4L/DVB)","IX2505V MEDIA DRIVER",364
"MEDIA INPUT INFRASTRUCTURE (V4L/DVB)","JPU V4L2 MEM2MEM DRIVER FOR RENESAS",1752
"MEDIA INPUT INFRASTRUCTURE (V4L/DVB)","KEENE FM RADIO TRANSMITTER DRIVER",405
"MEDIA INPUT INFRASTRUCTURE (V4L/DVB)","LG2160 MEDIA DRIVER",1503
"MEDIA INPUT INFRASTRUCTURE (V4L/DVB)","LGDT3305 MEDIA DRIVER",1284
"MEDIA INPUT INFRASTRUCTURE (V4L/DVB)","LME2510 MEDIA DRIVER",1437
"MEDIA INPUT INFRASTRUCTURE (V4L/DVB)","M88DS3103 MEDIA DRIVER",2518
"MEDIA INPUT INFRASTRUCTURE (V4L/DVB)","M88RS2000 MEDIA DRIVER",866
"MEDIA INPUT INFRASTRUCTURE (V4L/DVB)","MA901 MASTERKIT USB FM RADIO DRIVER",456
"MEDIA INPUT INFRASTRUCTURE (V4L/DVB)","MAX2175 SDR TUNER DRIVER",1694
"MEDIA INPUT INFRASTRUCTURE (V4L/DVB)","MAX9286 QUAD GMSL DESERIALIZER DRIVER",2145
"MEDIA INPUT INFRASTRUCTURE (V4L/DVB)","MAX96712 QUAD GMSL2 DESERIALIZER DRIVER",582
"MEDIA INPUT INFRASTRUCTURE (V4L/DVB)","MAXIRADIO FM RADIO RECEIVER DRIVER",203
"MEDIA INPUT INFRASTRUCTURE (V4L/DVB)","MEDIA CONTROLLER FRAMEWORK",6578
"MEDIA INPUT INFRASTRUCTURE (V4L/DVB)","MEDIA DRIVER FOR FREESCALE IMX PXP",3639
"MEDIA INPUT INFRASTRUCTURE (V4L/DVB)","MEDIA DRIVERS FOR ASCOT2E",597
"MEDIA INPUT INFRASTRUCTURE (V4L/DVB)","MEDIA DRIVERS FOR CXD2099AR CI CONTROLLERS",717
"MEDIA INPUT INFRASTRUCTURE (V4L/DVB)","MEDIA DRIVERS FOR CXD2841ER",4110
"MEDIA INPUT INFRASTRUCTURE (V4L/DVB)","MEDIA DRIVERS FOR CXD2880",12935
"MEDIA INPUT INFRASTRUCTURE (V4L/DVB)","MEDIA DRIVERS FOR DIGITAL DEVICES PCIE DEVICES",7107
"MEDIA INPUT INFRASTRUCTURE (V4L/DVB)","MEDIA DRIVERS FOR FREESCALE IMX",11222
"MEDIA INPUT INFRASTRUCTURE (V4L/DVB)","MEDIA DRIVERS FOR FREESCALE IMX7/8",5506
"MEDIA INPUT INFRASTRUCTURE (V4L/DVB)","MEDIA DRIVERS FOR HELENE",1208
"MEDIA INPUT INFRASTRUCTURE (V4L/DVB)","MEDIA DRIVERS FOR HORUS3A",459
"MEDIA INPUT INFRASTRUCTURE (V4L/DVB)","MEDIA DRIVERS FOR LNBH25",226
"MEDIA INPUT INFRASTRUCTURE (V4L/DVB)","MEDIA DRIVERS FOR MXL5XX TUNER DEMODULATORS",3025
"MEDIA INPUT INFRASTRUCTURE (V4L/DVB)","MEDIA DRIVERS FOR NETUP PCI UNIVERSAL DVB devices",2032
"MEDIA INPUT INFRASTRUCTURE (V4L/DVB)","MEDIA DRIVERS FOR NVIDIA TEGRA - VDE",3379
"MEDIA INPUT INFRASTRUCTURE (V4L/DVB)","MEDIA DRIVERS FOR RENESAS - CEU",1841
"MEDIA INPUT INFRASTRUCTURE (V4L/DVB)","MEDIA DRIVERS FOR RENESAS - DRIF",1755
"MEDIA INPUT INFRASTRUCTURE (V4L/DVB)","MEDIA DRIVERS FOR RENESAS - FCP",319
"MEDIA INPUT INFRASTRUCTURE (V4L/DVB)","MEDIA DRIVERS FOR RENESAS - FDP1",2529
"MEDIA INPUT INFRASTRUCTURE (V4L/DVB)","MEDIA DRIVERS FOR RENESAS - VIN",7846
"MEDIA INPUT INFRASTRUCTURE (V4L/DVB)","MEDIA DRIVERS FOR RENESAS - VSP1",12710
"MEDIA INPUT INFRASTRUCTURE (V4L/DVB)","MEDIA DRIVERS FOR ST STV0910 DEMODULATOR ICs",6637
"MEDIA INPUT INFRASTRUCTURE (V4L/DVB)","MEDIA DRIVERS FOR ST STV6111 TUNER ICs",709
"MEDIA INPUT INFRASTRUCTURE (V4L/DVB)","MEDIA INPUT INFRASTRUCTURE (V4L/DVB)",1786049
"MEDIA INPUT INFRASTRUCTURE (V4L/DVB)","MEDIATEK CIR DRIVER",453
"MEDIA INPUT INFRASTRUCTURE (V4L/DVB)","MEDIATEK JPEG DRIVER",3884
"MEDIA INPUT INFRASTRUCTURE (V4L/DVB)","MEDIATEK MDP DRIVER",3778
"MEDIA INPUT INFRASTRUCTURE (V4L/DVB)","MEDIATEK MEDIA DRIVER",23326
"MEDIA INPUT INFRASTRUCTURE (V4L/DVB)","MESON AO CEC DRIVER FOR AMLOGIC SOCS",1612
"MEDIA INPUT INFRASTRUCTURE (V4L/DVB)","MESON GE2D DRIVER FOR AMLOGIC SOCS",1483
"MEDIA INPUT INFRASTRUCTURE (V4L/DVB)","MESON VIDEO DECODER DRIVER FOR AMLOGIC SOCS",7070
"MEDIA INPUT INFRASTRUCTURE (V4L/DVB)","MICROCHIP CSI2DC DRIVER",996
"MEDIA INPUT INFRASTRUCTURE (V4L/DVB)","MICROCHIP ISC DRIVER",9352
"MEDIA INPUT INFRASTRUCTURE (V4L/DVB)","MICROCHIP ISI DRIVER",1512
"MEDIA INPUT INFRASTRUCTURE (V4L/DVB)","MIPI CCS, SMIA AND SMIA++ IMAGE SENSOR DRIVER",11100
"MEDIA INPUT INFRASTRUCTURE (V4L/DVB)","MIROSOUND PCM20 FM RADIO RECEIVER DRIVER",513
"MEDIA INPUT INFRASTRUCTURE (V4L/DVB)","MN88472 MEDIA DRIVER",811
"MEDIA INPUT INFRASTRUCTURE (V4L/DVB)","MN88473 MEDIA DRIVER",830
"MEDIA INPUT INFRASTRUCTURE (V4L/DVB)","MOST(R) TECHNOLOGY DRIVER",10216
"MEDIA INPUT INFRASTRUCTURE (V4L/DVB)","MR800 AVERMEDIA USB FM RADIO DRIVER",599
"MEDIA INPUT INFRASTRUCTURE (V4L/DVB)","MSI001 MEDIA DRIVER",510
"MEDIA INPUT INFRASTRUCTURE (V4L/DVB)","MSI2500 MEDIA DRIVER",1317
"MEDIA INPUT INFRASTRUCTURE (V4L/DVB)","MT9M114 ONSEMI SENSOR DRIVER",2615
"MEDIA INPUT INFRASTRUCTURE (V4L/DVB)","MT9P031 APTINA CAMERA SENSOR",1385
"MEDIA INPUT INFRASTRUCTURE (V4L/DVB)","MT9T112 APTINA CAMERA SENSOR",1157
"MEDIA INPUT INFRASTRUCTURE (V4L/DVB)","MT9V032 APTINA CAMERA SENSOR",1357
"MEDIA INPUT INFRASTRUCTURE (V4L/DVB)","MT9V111 APTINA CAMERA SENSOR",1357
"MEDIA INPUT INFRASTRUCTURE (V4L/DVB)","MXL301RF MEDIA DRIVER",355
"MEDIA INPUT INFRASTRUCTURE (V4L/DVB)","MXL5007T MEDIA DRIVER",996
"MEDIA INPUT INFRASTRUCTURE (V4L/DVB)","NOKIA N900 CAMERA SUPPORT (ET8EK8 SENSOR, AD5820 FOCUS)",2584
"MEDIA INPUT INFRASTRUCTURE (V4L/DVB)","NXP i.MX 8M ISI DRIVER",6197
"MEDIA INPUT INFRASTRUCTURE (V4L/DVB)","NXP i.MX 8MP DW100 V4L2 DRIVER",2006
"MEDIA INPUT INFRASTRUCTURE (V4L/DVB)","NXP i.MX 8QXP/8QM JPEG V4L2 DRIVER",3587
"MEDIA INPUT INFRASTRUCTURE (V4L/DVB)","OMAP IMAGING SUBSYSTEM (OMAP3 ISP and OMAP4 ISS)",28096
"MEDIA INPUT INFRASTRUCTURE (V4L/DVB)","OMNIVISION OG01A1B SENSOR DRIVER",1073
"MEDIA INPUT INFRASTRUCTURE (V4L/DVB)","OMNIVISION OV01A10 SENSOR DRIVER",965
"MEDIA INPUT INFRASTRUCTURE (V4L/DVB)","OMNIVISION OV02A10 SENSOR DRIVER",1162
"MEDIA INPUT INFRASTRUCTURE (V4L/DVB)","OMNIVISION OV08D10 SENSOR DRIVER",1478
"MEDIA INPUT INFRASTRUCTURE (V4L/DVB)","OMNIVISION OV08X40 SENSOR DRIVER",3280
"MEDIA INPUT INFRASTRUCTURE (V4L/DVB)","OMNIVISION OV13858 SENSOR DRIVER",1774
"MEDIA INPUT INFRASTRUCTURE (V4L/DVB)","OMNIVISION OV13B10 SENSOR DRIVER",1631
"MEDIA INPUT INFRASTRUCTURE (V4L/DVB)","OMNIVISION OV2680 SENSOR DRIVER",1395
"MEDIA INPUT INFRASTRUCTURE (V4L/DVB)","OMNIVISION OV2685 SENSOR DRIVER",996
"MEDIA INPUT INFRASTRUCTURE (V4L/DVB)","OMNIVISION OV2740 SENSOR DRIVER",1443
"MEDIA INPUT INFRASTRUCTURE (V4L/DVB)","OMNIVISION OV4689 SENSOR DRIVER",1141
"MEDIA INPUT INFRASTRUCTURE (V4L/DVB)","OMNIVISION OV5640 SENSOR DRIVER",4031
"MEDIA INPUT INFRASTRUCTURE (V4L/DVB)","OMNIVISION OV5647 SENSOR DRIVER",1596
"MEDIA INPUT INFRASTRUCTURE (V4L/DVB)","OMNIVISION OV5670 SENSOR DRIVER",2926
"MEDIA INPUT INFRASTRUCTURE (V4L/DVB)","OMNIVISION OV5675 SENSOR DRIVER",1524
"MEDIA INPUT INFRASTRUCTURE (V4L/DVB)","OMNIVISION OV5693 SENSOR DRIVER",1580
"MEDIA INPUT INFRASTRUCTURE (V4L/DVB)","OMNIVISION OV5695 SENSOR DRIVER",1377
"MEDIA INPUT INFRASTRUCTURE (V4L/DVB)","OMNIVISION OV64A40 SENSOR DRIVER",3793
"MEDIA INPUT INFRASTRUCTURE (V4L/DVB)","OMNIVISION OV7670 SENSOR DRIVER",2077
"MEDIA INPUT INFRASTRUCTURE (V4L/DVB)","OMNIVISION OV772x SENSOR DRIVER",1767
"MEDIA INPUT INFRASTRUCTURE (V4L/DVB)","OMNIVISION OV7740 SENSOR DRIVER",1231
"MEDIA INPUT INFRASTRUCTURE (V4L/DVB)","OMNIVISION OV8856 SENSOR DRIVER",2623
"MEDIA INPUT INFRASTRUCTURE (V4L/DVB)","OMNIVISION OV8858 SENSOR DRIVER",2112
"MEDIA INPUT INFRASTRUCTURE (V4L/DVB)","OMNIVISION OV9282 SENSOR DRIVER",1625
"MEDIA INPUT INFRASTRUCTURE (V4L/DVB)","OMNIVISION OV9640 SENSOR DRIVER",979
"MEDIA INPUT INFRASTRUCTURE (V4L/DVB)","OMNIVISION OV9650 SENSOR DRIVER",1634
"MEDIA INPUT INFRASTRUCTURE (V4L/DVB)","OMNIVISION OV9734 SENSOR DRIVER",992
"MEDIA INPUT INFRASTRUCTURE (V4L/DVB)","OV2659 OMNIVISION SENSOR DRIVER",1604
"MEDIA INPUT INFRASTRUCTURE (V4L/DVB)","PULSE8-CEC DRIVER",939
"MEDIA INPUT INFRASTRUCTURE (V4L/DVB)","PVRUSB2 VIDEO4LINUX DRIVER",15048
"MEDIA INPUT INFRASTRUCTURE (V4L/DVB)","PWC WEBCAM DRIVER",6719
"MEDIA INPUT INFRASTRUCTURE (V4L/DVB)","PWM IR Transmitter",241
"MEDIA INPUT INFRASTRUCTURE (V4L/DVB)","QM1D1B0004 MEDIA DRIVER",289
"MEDIA INPUT INFRASTRUCTURE (V4L/DVB)","QM1D1C0042 MEDIA DRIVER",483
"MEDIA INPUT INFRASTRUCTURE (V4L/DVB)","QT1010 MEDIA DRIVER",583
"MEDIA INPUT INFRASTRUCTURE (V4L/DVB)","QUALCOMM CAMERA SUBSYSTEM DRIVER",18496
"MEDIA INPUT INFRASTRUCTURE (V4L/DVB)","QUALCOMM VENUS VIDEO ACCELERATOR DRIVER",20153
"MEDIA INPUT INFRASTRUCTURE (V4L/DVB)","RADIOSHARK RADIO DRIVER",429
"MEDIA INPUT INFRASTRUCTURE (V4L/DVB)","RADIOSHARK2 RADIO DRIVER",982
"MEDIA INPUT INFRASTRUCTURE (V4L/DVB)","RAINSHADOW-CEC DRIVER",395
"MEDIA INPUT INFRASTRUCTURE (V4L/DVB)","RC-CORE / LIRC FRAMEWORK",47975
"MEDIA INPUT INFRASTRUCTURE (V4L/DVB)","RCMM REMOTE CONTROLS DECODER",255
"MEDIA INPUT INFRASTRUCTURE (V4L/DVB)","RDACM20 Camera Sensor",1417
"MEDIA INPUT INFRASTRUCTURE (V4L/DVB)","RDACM21 Camera Sensor",1376
"MEDIA INPUT INFRASTRUCTURE (V4L/DVB)","ROCKCHIP ISP V1 DRIVER",11014
"MEDIA INPUT INFRASTRUCTURE (V4L/DVB)","ROCKCHIP RASTER 2D GRAPHIC ACCELERATION UNIT DRIVER",2336
"MEDIA INPUT INFRASTRUCTURE (V4L/DVB)","ROCKCHIP VIDEO DECODER DRIVER",3844
"MEDIA INPUT INFRASTRUCTURE (V4L/DVB)","ROTATION DRIVER FOR ALLWINNER A83T",1441
"MEDIA INPUT INFRASTRUCTURE (V4L/DVB)","RTL2830 MEDIA DRIVER",975
"MEDIA INPUT INFRASTRUCTURE (V4L/DVB)","RTL2832 MEDIA DRIVER",3155
"MEDIA INPUT INFRASTRUCTURE (V4L/DVB)","RTL2832_SDR MEDIA DRIVER",1543
"MEDIA INPUT INFRASTRUCTURE (V4L/DVB)","SAA6588 RDS RECEIVER DRIVER",513
"MEDIA INPUT INFRASTRUCTURE (V4L/DVB)","SAA7134 VIDEO4LINUX DRIVER",20151
"MEDIA INPUT INFRASTRUCTURE (V4L/DVB)","SAA7146 VIDEO4LINUX-2 DRIVER",5921
"MEDIA INPUT INFRASTRUCTURE (V4L/DVB)","SAMSUNG S3C24XX/S3C64XX SOC SERIES CAMIF DRIVER",3616
"MEDIA INPUT INFRASTRUCTURE (V4L/DVB)","SAMSUNG S5C73M3 CAMERA DRIVER",3072
"MEDIA INPUT INFRASTRUCTURE (V4L/DVB)","SAMSUNG S5K5BAF CAMERA DRIVER",2046
"MEDIA INPUT INFRASTRUCTURE (V4L/DVB)","SAMSUNG S5P/EXYNOS4 SOC SERIES CAMERA SUBSYSTEM DRIVERS",18300
"MEDIA INPUT INFRASTRUCTURE (V4L/DVB)","SECO BOARDS CEC DRIVER",929
"MEDIA INPUT INFRASTRUCTURE (V4L/DVB)","SERIAL IR RECEIVER",844
"MEDIA INPUT INFRASTRUCTURE (V4L/DVB)","SH_VOU V4L2 OUTPUT DRIVER",1404
"MEDIA INPUT INFRASTRUCTURE (V4L/DVB)","SHARP RJ54N1CB0C SENSOR DRIVER",1447
"MEDIA INPUT INFRASTRUCTURE (V4L/DVB)","SI2157 MEDIA DRIVER",1154
"MEDIA INPUT INFRASTRUCTURE (V4L/DVB)","SI2165 MEDIA DRIVER",1459
"MEDIA INPUT INFRASTRUCTURE (V4L/DVB)","SI2168 MEDIA DRIVER",918
"MEDIA INPUT INFRASTRUCTURE (V4L/DVB)","SI470X FM RADIO RECEIVER I2C DRIVER",593
"MEDIA INPUT INFRASTRUCTURE (V4L/DVB)","SI470X FM RADIO RECEIVER USB DRIVER",1867
"MEDIA INPUT INFRASTRUCTURE (V4L/DVB)","SI4713 FM RADIO TRANSMITTER I2C DRIVER",1919
"MEDIA INPUT INFRASTRUCTURE (V4L/DVB)","SI4713 FM RADIO TRANSMITTER PLATFORM DRIVER",211
"MEDIA INPUT INFRASTRUCTURE (V4L/DVB)","SI4713 FM RADIO TRANSMITTER USB DRIVER",522
"MEDIA INPUT INFRASTRUCTURE (V4L/DVB)","SIANO DVB DRIVER",7085
"MEDIA INPUT INFRASTRUCTURE (V4L/DVB)","SOFTLOGIC 6x10 MPEG CODEC",7012
"MEDIA INPUT INFRASTRUCTURE (V4L/DVB)","SONY IMX208 SENSOR DRIVER",1066
"MEDIA INPUT INFRASTRUCTURE (V4L/DVB)","SONY IMX214 SENSOR DRIVER",1285
"MEDIA INPUT INFRASTRUCTURE (V4L/DVB)","SONY IMX219 SENSOR DRIVER",1374
"MEDIA INPUT INFRASTRUCTURE (V4L/DVB)","SONY IMX258 SENSOR DRIVER",1501
"MEDIA INPUT INFRASTRUCTURE (V4L/DVB)","SONY IMX274 SENSOR DRIVER",2250
"MEDIA INPUT INFRASTRUCTURE (V4L/DVB)","SONY IMX290 SENSOR DRIVER",1812
"MEDIA INPUT INFRASTRUCTURE (V4L/DVB)","SONY IMX296 SENSOR DRIVER",1265
"MEDIA INPUT INFRASTRUCTURE (V4L/DVB)","SONY IMX319 SENSOR DRIVER",2529
"MEDIA INPUT INFRASTRUCTURE (V4L/DVB)","SONY IMX334 SENSOR DRIVER",1571
"MEDIA INPUT INFRASTRUCTURE (V4L/DVB)","SONY IMX335 SENSOR DRIVER",1371
"MEDIA INPUT INFRASTRUCTURE (V4L/DVB)","SONY IMX355 SENSOR DRIVER",1814
"MEDIA INPUT INFRASTRUCTURE (V4L/DVB)","SONY IMX412 SENSOR DRIVER",1405
"MEDIA INPUT INFRASTRUCTURE (V4L/DVB)","SONY IMX415 SENSOR DRIVER",1408
"MEDIA INPUT INFRASTRUCTURE (V4L/DVB)","SP2 MEDIA DRIVER",512
"MEDIA INPUT INFRASTRUCTURE (V4L/DVB)","ST MIPID02 CSI-2 TO PARALLEL BRIDGE DRIVER",1128
"MEDIA INPUT INFRASTRUCTURE (V4L/DVB)","ST VGXY61 DRIVER",2117
"MEDIA INPUT INFRASTRUCTURE (V4L/DVB)","STAGING - ATOMISP DRIVER",111964
"MEDIA INPUT INFRASTRUCTURE (V4L/DVB)","STAGING - FIELDBUS SUBSYSTEM",719
"MEDIA INPUT INFRASTRUCTURE (V4L/DVB)","STAGING - HMS ANYBUS-S BUS",2252
"MEDIA INPUT INFRASTRUCTURE (V4L/DVB)","STAGING - NVIDIA COMPLIANT EMBEDDED CONTROLLER INTERFACE (nvec)",2403
"MEDIA INPUT INFRASTRUCTURE (V4L/DVB)","STAGING - OLPC SECONDARY DISPLAY CONTROLLER (DCON)",1361
"MEDIA INPUT INFRASTRUCTURE (V4L/DVB)","STAGING - REALTEK RTL8712U DRIVERS",27530
"MEDIA INPUT INFRASTRUCTURE (V4L/DVB)","STAGING - SEPS525 LCD CONTROLLER DRIVERS",354
"MEDIA INPUT INFRASTRUCTURE (V4L/DVB)","STAGING - SILICON MOTION SM750 FRAME BUFFER DRIVER",7164
"MEDIA INPUT INFRASTRUCTURE (V4L/DVB)","STAGING - VIA VT665X DRIVERS",16164
"MEDIA INPUT INFRASTRUCTURE (V4L/DVB)","STAGING SUBSYSTEM",489825
"MEDIA INPUT INFRASTRUCTURE (V4L/DVB)","STARFIVE CAMERA SUBSYSTEM DRIVER",3476
"MEDIA INPUT INFRASTRUCTURE (V4L/DVB)","STI CEC DRIVER",464
"MEDIA INPUT INFRASTRUCTURE (V4L/DVB)","STK1160 USB VIDEO CAPTURE DRIVER",2604
"MEDIA INPUT INFRASTRUCTURE (V4L/DVB)","TC90522 MEDIA DRIVER",888
"MEDIA INPUT INFRASTRUCTURE (V4L/DVB)","TDA10071 MEDIA DRIVER",1400
"MEDIA INPUT INFRASTRUCTURE (V4L/DVB)","TDA18212 MEDIA DRIVER",306
"MEDIA INPUT INFRASTRUCTURE (V4L/DVB)","TDA18218 MEDIA DRIVER",458
"MEDIA INPUT INFRASTRUCTURE (V4L/DVB)","TDA18250 MEDIA DRIVER",1067
"MEDIA INPUT INFRASTRUCTURE (V4L/DVB)","TDA18271 MEDIA DRIVER",3705
"MEDIA INPUT INFRASTRUCTURE (V4L/DVB)","TDA1997x MEDIA DRIVER",3494
"MEDIA INPUT INFRASTRUCTURE (V4L/DVB)","TDA827x MEDIA DRIVER",927
"MEDIA INPUT INFRASTRUCTURE (V4L/DVB)","TDA8290 MEDIA DRIVER",927
"MEDIA INPUT INFRASTRUCTURE (V4L/DVB)","TDA9840 MEDIA DRIVER",199
"MEDIA INPUT INFRASTRUCTURE (V4L/DVB)","TEA5761 TUNER DRIVER",376
"MEDIA INPUT INFRASTRUCTURE (V4L/DVB)","TEA5767 TUNER DRIVER",527
"MEDIA INPUT INFRASTRUCTURE (V4L/DVB)","TEA6415C MEDIA DRIVER",186
"MEDIA INPUT INFRASTRUCTURE (V4L/DVB)","TEA6420 MEDIA DRIVER",165
"MEDIA INPUT INFRASTRUCTURE (V4L/DVB)","TECHNOTREND USB IR RECEIVER",434
"MEDIA INPUT INFRASTRUCTURE (V4L/DVB)","TECHWELL TW9900 VIDEO DECODER",781
"MEDIA INPUT INFRASTRUCTURE (V4L/DVB)","TECHWELL TW9910 VIDEO DECODER",1062
"MEDIA INPUT INFRASTRUCTURE (V4L/DVB)","TEGRA VIDEO DRIVER",6490
"MEDIA INPUT INFRASTRUCTURE (V4L/DVB)","THANKO'S RAREMONO AM/FM/SW RADIO RECEIVER USB DRIVER",389
"MEDIA INPUT INFRASTRUCTURE (V4L/DVB)","THP7312 ISP DRIVER",2538
"MEDIA INPUT INFRASTRUCTURE (V4L/DVB)","TI AM437X VPFE DRIVER",3075
"MEDIA INPUT INFRASTRUCTURE (V4L/DVB)","TI DAVINCI SERIES MEDIA DRIVER",4893
"MEDIA INPUT INFRASTRUCTURE (V4L/DVB)","TI FPD-LINK DRIVERS",7110
"MEDIA INPUT INFRASTRUCTURE (V4L/DVB)","TI J721E CSI2RX DRIVER",1261
"MEDIA INPUT INFRASTRUCTURE (V4L/DVB)","TI VPE/CAL DRIVERS",11626
"MEDIA INPUT INFRASTRUCTURE (V4L/DVB)","TOSHIBA TC358743 DRIVER",3138
"MEDIA INPUT INFRASTRUCTURE (V4L/DVB)","TUA9001 MEDIA DRIVER",339
"MEDIA INPUT INFRASTRUCTURE (V4L/DVB)","TW5864 VIDEO4LINUX DRIVER",4479
"MEDIA INPUT INFRASTRUCTURE (V4L/DVB)","TW68 VIDEO4LINUX DRIVER",2065
"MEDIA INPUT INFRASTRUCTURE (V4L/DVB)","TW686X VIDEO4LINUX DRIVER",2509
"MEDIA INPUT INFRASTRUCTURE (V4L/DVB)","USB VIDEO CLASS",12227
"MEDIA INPUT INFRASTRUCTURE (V4L/DVB)","V4L2 ASYNC AND FWNODE FRAMEWORKS",2983
"MEDIA INPUT INFRASTRUCTURE (V4L/DVB)","V4L2 CAMERA SENSOR DRIVERS",104796
"MEDIA INPUT INFRASTRUCTURE (V4L/DVB)","V4L2 LENS DRIVERS",3117
"MEDIA INPUT INFRASTRUCTURE (V4L/DVB)","VICODEC VIRTUAL CODEC DRIVER",3765
"MEDIA INPUT INFRASTRUCTURE (V4L/DVB)","VIDEO I2C POLLING DRIVER",968
"MEDIA INPUT INFRASTRUCTURE (V4L/DVB)","VIDEO MULTIPLEXER DRIVER",501
"MEDIA INPUT INFRASTRUCTURE (V4L/DVB)","VIDEOBUF2 FRAMEWORK",9144
"MEDIA INPUT INFRASTRUCTURE (V4L/DVB)","VIDTV VIRTUAL DIGITAL TV DRIVER",7696
"MEDIA INPUT INFRASTRUCTURE (V4L/DVB)","VIMC VIRTUAL MEDIA CONTROLLER DRIVER",3542
"MEDIA INPUT INFRASTRUCTURE (V4L/DVB)","VISL VIRTUAL STATELESS DECODER DRIVER",4091
"MEDIA INPUT INFRASTRUCTURE (V4L/DVB)","VIVID VIRTUAL VIDEO DRIVER",14368
"MEDIA INPUT INFRASTRUCTURE (V4L/DVB)","VME SUBSYSTEM",8871
"MEDIA INPUT INFRASTRUCTURE (V4L/DVB)","WAVE5 VPU CODEC DRIVER",10266
"MEDIA INPUT INFRASTRUCTURE (V4L/DVB)","WINBOND CIR DRIVER",1220
"MEDIA INPUT INFRASTRUCTURE (V4L/DVB)","XBOX DVD IR REMOTE",368
"MEDIA INPUT INFRASTRUCTURE (V4L/DVB)","XC2028/3028 TUNER DRIVER",1737
"MEDIA INPUT INFRASTRUCTURE (V4L/DVB)","XILINX VIDEO IP CORES",4983
"MEDIA INPUT INFRASTRUCTURE (V4L/DVB)","ZD1301 MEDIA DRIVER",289
"MEDIA INPUT INFRASTRUCTURE (V4L/DVB)","ZD1301_DEMOD MEDIA DRIVER",601
"MEDIA INPUT INFRASTRUCTURE (V4L/DVB)","ZR36067 VIDEO FOR LINUX DRIVER",7763
"MELLANOX HARDWARE PLATFORM SUPPORT","MELLANOX HARDWARE PLATFORM SUPPORT",8655
"MEMORY TECHNOLOGY DEVICES (MTD)","ARASAN NAND CONTROLLER DRIVER",1570
"MEMORY TECHNOLOGY DEVICES (MTD)","ARM PRIMECELL PL35X NAND CONTROLLER DRIVER",1251
"MEMORY TECHNOLOGY DEVICES (MTD)","BLOCK2MTD DRIVER",534
"MEMORY TECHNOLOGY DEVICES (MTD)","BROADCOM STB NAND FLASH DRIVER",3986
"MEMORY TECHNOLOGY DEVICES (MTD)","CADENCE NAND DRIVER",3130
"MEMORY TECHNOLOGY DEVICES (MTD)","DENALI NAND DRIVER",2177
"MEMORY TECHNOLOGY DEVICES (MTD)","FREESCALE GPMI NAND DRIVER",3344
"MEMORY TECHNOLOGY DEVICES (MTD)","HYPERBUS SUPPORT",789
"MEMORY TECHNOLOGY DEVICES (MTD)","INGENIC JZ4780 NAND DRIVER",1622
"MEMORY TECHNOLOGY DEVICES (MTD)","MARVELL NAND CONTROLLER DRIVER",3200
"MEMORY TECHNOLOGY DEVICES (MTD)","MEDIATEK NAND CONTROLLER DRIVER",1807
"MEMORY TECHNOLOGY DEVICES (MTD)","MEMORY TECHNOLOGY DEVICES (MTD)",200926
"MEMORY TECHNOLOGY DEVICES (MTD)","MESON NAND CONTROLLER DRIVER FOR AMLOGIC SOCS",1711
"MEMORY TECHNOLOGY DEVICES (MTD)","MICROCHIP NAND DRIVER",3995
"MEMORY TECHNOLOGY DEVICES (MTD)","MSYSTEMS DISKONCHIP G3 MTD DRIVER",2428
"MEMORY TECHNOLOGY DEVICES (MTD)","NAND FLASH SUBSYSTEM",99127
"MEMORY TECHNOLOGY DEVICES (MTD)","ONENAND FLASH DRIVER",6601
"MEMORY TECHNOLOGY DEVICES (MTD)","PHRAM MTD DRIVER",440
"MEMORY TECHNOLOGY DEVICES (MTD)","QUALCOMM NAND CONTROLLER DRIVER",3779
"MEMORY TECHNOLOGY DEVICES (MTD)","RENESAS R-CAR GEN3 & RZ/N1 NAND CONTROLLER DRIVER",1483
"MEMORY TECHNOLOGY DEVICES (MTD)","RICOH SMARTMEDIA/XD DRIVER",1246
"MEMORY TECHNOLOGY DEVICES (MTD)","SPI NOR SUBSYSTEM",12677
"MEMORY TECHNOLOGY DEVICES (MTD)","TEGRA NAND DRIVER",1354
"MEMORY TECHNOLOGY DEVICES (MTD)","UNSORTED BLOCK IMAGES (UBI)",20147
"MEMORY TECHNOLOGY DEVICES (MTD)","VF610 NAND DRIVER",951
"MICROSOFT SURFACE SYSTEM AGGREGATOR SUBSYSTEM","MICROSOFT SURFACE AGGREGATOR TABLET-MODE SWITCH",645
"MICROSOFT SURFACE SYSTEM AGGREGATOR SUBSYSTEM","MICROSOFT SURFACE DTX DRIVER",2147
"MICROSOFT SURFACE SYSTEM AGGREGATOR SUBSYSTEM","MICROSOFT SURFACE GPE LID SUPPORT DRIVER",352
"MICROSOFT SURFACE SYSTEM AGGREGATOR SUBSYSTEM","MICROSOFT SURFACE HARDWARE PLATFORM SUPPORT",16183
"MICROSOFT SURFACE SYSTEM AGGREGATOR SUBSYSTEM","MICROSOFT SURFACE HOT-PLUG DRIVER",273
"MICROSOFT SURFACE SYSTEM AGGREGATOR SUBSYSTEM","MICROSOFT SURFACE PLATFORM PROFILE DRIVER",189
"MICROSOFT SURFACE SYSTEM AGGREGATOR SUBSYSTEM","MICROSOFT SURFACE PRO 3 BUTTON DRIVER",265
"MICROSOFT SURFACE SYSTEM AGGREGATOR SUBSYSTEM","MICROSOFT SURFACE SYSTEM AGGREGATOR HUB DRIVER",371
"MICROSOFT SURFACE SYSTEM AGGREGATOR SUBSYSTEM","MICROSOFT SURFACE SYSTEM AGGREGATOR SUBSYSTEM",16843
"NETWORKING [GENERAL]","6LOWPAN GENERIC (BTLE/IEEE 802.15.4)",3223
"NETWORKING [GENERAL]","802.11 (including CFG80211/NL80211)",78887
"NETWORKING [GENERAL]","9P FILE SYSTEM",14552
"NETWORKING [GENERAL]","ABIT UGURU 1,2 HARDWARE MONITOR DRIVER",1630
"NETWORKING [GENERAL]","ABIT UGURU 3 HARDWARE MONITOR DRIVER",1302
"NETWORKING [GENERAL]","ACRN HYPERVISOR SERVICE MODULE",3552
"NETWORKING [GENERAL]","ADM1025 HARDWARE MONITOR DRIVER",632
"NETWORKING [GENERAL]","ADM1029 HARDWARE MONITOR DRIVER",402
"NETWORKING [GENERAL]","ADT7475 HARDWARE MONITOR DRIVER",2234
"NETWORKING [GENERAL]","AFFS FILE SYSTEM",4925
"NETWORKING [GENERAL]","AFS FILESYSTEM",26878
"NETWORKING [GENERAL]","AMD AXI W1 DRIVER",440
"NETWORKING [GENERAL]","AMD FAM15H PROCESSOR POWER MONITORING DRIVER",630
"NETWORKING [GENERAL]","ANALOG DEVICES INC ADM1177 DRIVER",333
"NETWORKING [GENERAL]","ANALOG DEVICES INC MAX31760 DRIVER",715
"NETWORKING [GENERAL]","APPLE SMC DRIVER",1419
"NETWORKING [GENERAL]","APPLETALK NETWORK LAYER",3670
"NETWORKING [GENERAL]","AQUACOMPUTER D5 NEXT PUMP SENSOR DRIVER",2047
"NETWORKING [GENERAL]","ARM AND ARM64 SoC SUB-ARCHITECTURES (COMMON PARTS)",278
"NETWORKING [GENERAL]","ARM64 PORT (AARCH64 ARCHITECTURE)",172102
"NETWORKING [GENERAL]","ASC7621 HARDWARE MONITOR DRIVER",1557
"NETWORKING [GENERAL]","ASUS EC HARDWARE MONITOR DRIVER",1107
"NETWORKING [GENERAL]","ASUS WMI HARDWARE MONITOR DRIVER",663
"NETWORKING [GENERAL]","ATK0110 HWMON DRIVER",1392
"NETWORKING [GENERAL]","AUDIT SUBSYSTEM",10675
"NETWORKING [GENERAL]","AX.25 NETWORK LAYER",7466
"NETWORKING [GENERAL]","AXI-FAN-CONTROL HARDWARE MONITOR DRIVER",604
"NETWORKING [GENERAL]","BAIKAL-T1 PVT HARDWARE MONITOR DRIVER",1640
"NETWORKING [GENERAL]","BATMAN ADVANCED",37673
"NETWORKING [GENERAL]","BEFS FILE SYSTEM",3994
"NETWORKING [GENERAL]","BFS FILE SYSTEM",1282
"NETWORKING [GENERAL]","BITMAP API",7711
"NETWORKING [GENERAL]","BLUETOOTH SUBSYSTEM",82869
"NETWORKING [GENERAL]","BPF [BTF]",9505
"NETWORKING [GENERAL]","BPF [CORE]",39269
"NETWORKING [GENERAL]","BPF [DOCUMENTATION] (Related to Standardization)",656
"NETWORKING [GENERAL]","BPF [GENERAL] (Safe Dynamic Programs and Tools)",480775
"NETWORKING [GENERAL]","BPF [ITERATOR]",2723
"NETWORKING [GENERAL]","BPF [L7 FRAMEWORK] (sockmap)",4589
"NETWORKING [GENERAL]","BPF [LIBRARY] (libbpf)",41901
"NETWORKING [GENERAL]","BPF [NETWORKING] (struct_ops, reuseport)",945
"NETWORKING [GENERAL]","BPF [NETWORKING] (tcx & tc BPF, sock_addr)",13687
"NETWORKING [GENERAL]","BPF [RINGBUF]",789
"NETWORKING [GENERAL]","BPF [SECURITY & LSM] (Security Audit and Enforcement using BPF)",660
"NETWORKING [GENERAL]","BPF [SELFTESTS] (Test Runners & Infrastructure)",226378
"NETWORKING [GENERAL]","BPF [STORAGE & CGROUPS]",5753
"NETWORKING [GENERAL]","BPF [TOOLING] (bpftool)",22656
"NETWORKING [GENERAL]","BPF [TRACING]",4158
"NETWORKING [GENERAL]","BPF JIT for ARM64",2612
"NETWORKING [GENERAL]","BPF JIT for LOONGARCH",1655
"NETWORKING [GENERAL]","BPF JIT for MIPS (32-BIT AND 64-BIT)",4260
"NETWORKING [GENERAL]","BPF JIT for RISC-V (32-bit)",2744
"NETWORKING [GENERAL]","BPF JIT for RISC-V (64-bit)",3263
"NETWORKING [GENERAL]","BPF JIT for X86 32-BIT",2624
"NETWORKING [GENERAL]","BPF JIT for X86 64-BIT",3254
"NETWORKING [GENERAL]","BTRFS FILE SYSTEM",160087
"NETWORKING [GENERAL]","CACHEFILES: FS-CACHE BACKEND FOR CACHING ON MOUNTED FILESYSTEMS",5849
"NETWORKING [GENERAL]","CACHESTAT: PAGE CACHE STATS FOR A FILE",318
"NETWORKING [GENERAL]","CAIF NETWORK LAYER",8655
"NETWORKING [GENERAL]","CAKE QDISC",3121
"NETWORKING [GENERAL]","CAN NETWORK LAYER",15161
"NETWORKING [GENERAL]","CAN-J1939 NETWORK LAYER",5514
"NETWORKING [GENERAL]","CBS/ETF/TAPRIO QDISCS",3668
"NETWORKING [GENERAL]","CEPH COMMON CODE (LIBCEPH)",31328
"NETWORKING [GENERAL]","CEPH DISTRIBUTED FILE SYSTEM CLIENT (CEPH)",34535
"NETWORKING [GENERAL]","CERTIFICATE HANDLING",2144
"NETWORKING [GENERAL]","CHARGERLAB POWER-Z HARDWARE MONITOR DRIVER",305
"NETWORKING [GENERAL]","CHECKPATCH DOCUMENTATION",1256
"NETWORKING [GENERAL]","CHINESE DOCUMENTATION",42996
"NETWORKING [GENERAL]","CLANG/LLVM BUILD SUPPORT",713
"NETWORKING [GENERAL]","CLOSURES",626
"NETWORKING [GENERAL]","COCCINELLE/Semantic Patches (SmPL)",8681
"NETWORKING [GENERAL]","CODA FILE SYSTEM",6180
"NETWORKING [GENERAL]","CODE OF CONDUCT",244
"NETWORKING [GENERAL]","COMMON INTERNET FILE SYSTEM CLIENT (CIFS and SMB3)",80742
"NETWORKING [GENERAL]","CONFIDENTIAL COMPUTING THREAT MODEL FOR X86 VIRTUALIZATION (SNP/TDX)",253
"NETWORKING [GENERAL]","CONTROL GROUP - CPUSET",7508
"NETWORKING [GENERAL]","CONTROL GROUP - MEMORY RESOURCE CONTROLLER (MEMCG)",11103
"NETWORKING [GENERAL]","CONTROL GROUP (CGROUP)",33734
"NETWORKING [GENERAL]","CORETEMP HARDWARE MONITORING DRIVER",1020
"NETWORKING [GENERAL]","CORSAIR-CPRO HARDWARE MONITOR DRIVER",583
"NETWORKING [GENERAL]","CORSAIR-PSU HARDWARE MONITOR DRIVER",1023
"NETWORKING [GENERAL]","CRAMFS FILESYSTEM",1472
"NETWORKING [GENERAL]","CVE ASSIGNMENT CONTACT",121
"NETWORKING [GENERAL]","DAMA SLAVE for AX.25",4277
"NETWORKING [GENERAL]","DATA ACCESS MONITOR",15125
"NETWORKING [GENERAL]","DCCP PROTOCOL",14162
"NETWORKING [GENERAL]","DEBUGOBJECTS:",1520
"NETWORKING [GENERAL]","DELL LAPTOP SMM DRIVER",1757
"NETWORKING [GENERAL]","DELTA AHE-50DC FAN CONTROL MODULE DRIVER",130
"NETWORKING [GENERAL]","DELTA DPS920AB PSU DRIVER",279
"NETWORKING [GENERAL]","DEVICE-MAPPER  (LVM)",98914
"NETWORKING [GENERAL]","DEVLINK",21678
"NETWORKING [GENERAL]","DISKQUOTA",7221
"NETWORKING [GENERAL]","DMA BUFFER SHARING FRAMEWORK",12435
"NETWORKING [GENERAL]","DMA MAPPING BENCHMARK",495
"NETWORKING [GENERAL]","DMA MAPPING HELPERS",8761
"NETWORKING [GENERAL]","DMA-BUF HEAPS FRAMEWORK",1307
"NETWORKING [GENERAL]","DME1737 HARDWARE MONITOR DRIVER",3149
"NETWORKING [GENERAL]","DOCUMENTATION",683995
"NETWORKING [GENERAL]","DOCUMENTATION PROCESS",16301
"NETWORKING [GENERAL]","DOCUMENTATION REPORTING ISSUES",2861
"NETWORKING [GENERAL]","DOCUMENTATION SCRIPTS",1701
"NETWORKING [GENERAL]","DOCUMENTATION/ITALIAN",14767
"NETWORKING [GENERAL]","DOCUMENTATION/JAPANESE",1837
"NETWORKING [GENERAL]","DPLL SUBSYSTEM",3580
"NETWORKING [GENERAL]","DYNAMIC DEBUG",2010
"NETWORKING [GENERAL]","DYNAMIC INTERRUPT MODERATION",960
"NETWORKING [GENERAL]","ECRYPT FILE SYSTEM",10292
"NETWORKING [GENERAL]","EROFS FILE SYSTEM",9694
"NETWORKING [GENERAL]","ERRSEQ ERROR TRACKING INFRASTRUCTURE",221
"NETWORKING [GENERAL]","ETHERNET BRIDGE",37196
"NETWORKING [GENERAL]","ETHERNET PHY LIBRARY [RUST]",901
"NETWORKING [GENERAL]","EXT2 FILE SYSTEM",10303
"NETWORKING [GENERAL]","EXT4 FILE SYSTEM",71698
"NETWORKING [GENERAL]","EXTRA BOOT CONFIG",3207
"NETWORKING [GENERAL]","F2FS FILE SYSTEM",51977
"NETWORKING [GENERAL]","F71805F HARDWARE MONITORING DRIVER",1828
"NETWORKING [GENERAL]","FAILOVER MODULE",370
"NETWORKING [GENERAL]","FAULT INJECTION SUPPORT",1341
"NETWORKING [GENERAL]","FILESYSTEMS [EXPORTFS]",1456
"NETWORKING [GENERAL]","FILESYSTEMS [IDMAPPED MOUNTS]",3113
"NETWORKING [GENERAL]","FILESYSTEMS [NETFS LIBRARY]",12623
"NETWORKING [GENERAL]","FINTEK F75375S HARDWARE MONITOR AND FAN CONTROLLER DRIVER",929
"NETWORKING [GENERAL]","FORTIFY_SOURCE",2111
"NETWORKING [GENERAL]","FSCRYPT: FILE SYSTEM LEVEL ENCRYPTION SUPPORT",9176
"NETWORKING [GENERAL]","FSI SUBSYSTEM",9180
"NETWORKING [GENERAL]","FSVERITY: READ-ONLY FILE-BASED AUTHENTICITY PROTECTION",3543
"NETWORKING [GENERAL]","FUNCTION HOOKS (FTRACE)",24994
"NETWORKING [GENERAL]","FUSE: FILESYSTEM IN USERSPACE",18362
"NETWORKING [GENERAL]","FUTEX SUBSYSTEM",10245
"NETWORKING [GENERAL]","GCC PLUGINS",4363
"NETWORKING [GENERAL]","GCOV BASED KERNEL PROFILING",2357
"NETWORKING [GENERAL]","GENERIC RADIX TREE",605
"NETWORKING [GENERAL]","GENERIC STRING LIBRARY",3350
"NETWORKING [GENERAL]","GENERIC UIO DRIVER FOR PCI DEVICES",149
"NETWORKING [GENERAL]","GFS2 FILE SYSTEM",34029
"NETWORKING [GENERAL]","GIGABYTE WATERFORCE SENSOR DRIVER",477
"NETWORKING [GENERAL]","GPIO MOCKUP DRIVER",1837
"NETWORKING [GENERAL]","GRE DEMULTIPLEXER DRIVER",657
"NETWORKING [GENERAL]","HANDSHAKE UPCALL FOR TRANSPORT LAYER SECURITY",2673
"NETWORKING [GENERAL]","HARDWARE MONITORING",217722
"NETWORKING [GENERAL]","HARDWARE SPINLOCK CORE",3466
"NETWORKING [GENERAL]","HFS FILESYSTEM",6175
"NETWORKING [GENERAL]","HFSPLUS FILESYSTEM",12440
"NETWORKING [GENERAL]","HIGH-RESOLUTION TIMERS, CLOCKEVENTS",5350
"NETWORKING [GENERAL]","HMM - Heterogeneous Memory Management",4965
"NETWORKING [GENERAL]","HP WMI HARDWARE MONITOR DRIVER",2225
"NETWORKING [GENERAL]","HS3001 Hardware Temperature and Humidity Sensor",242
"NETWORKING [GENERAL]","HSI SUBSYSTEM",7762
"NETWORKING [GENERAL]","HSR NETWORK PROTOCOL",3536
"NETWORKING [GENERAL]","HUGETLB SUBSYSTEM",13177
"NETWORKING [GENERAL]","HWPOISON MEMORY FAILURE HANDLING",2920
"NETWORKING [GENERAL]","IEEE 802.15.4 SUBSYSTEM",32540
"NETWORKING [GENERAL]","IFE PROTOCOL",270
"NETWORKING [GENERAL]","INA209 HARDWARE MONITOR DRIVER",788
"NETWORKING [GENERAL]","INA2XX HARDWARE MONITOR DRIVER",870
"NETWORKING [GENERAL]","INDEX OF FURTHER KERNEL DOCUMENTATION",210
"NETWORKING [GENERAL]","IO_URING",21550
"NETWORKING [GENERAL]","IPVS",24538
"NETWORKING [GENERAL]","ISDN/CMTP OVER BLUETOOTH",5742
"NETWORKING [GENERAL]","ISOFS FILESYSTEM",4046
"NETWORKING [GENERAL]","IT87 HARDWARE MONITORING DRIVER",4187
"NETWORKING [GENERAL]","JC42.4 TEMPERATURE SENSOR DRIVER",873
"NETWORKING [GENERAL]","JFS FILESYSTEM",30817
"NETWORKING [GENERAL]","K10TEMP HARDWARE MONITORING DRIVER",676
"NETWORKING [GENERAL]","K8TEMP HARDWARE MONITORING DRIVER",287
"NETWORKING [GENERAL]","KASAN",11787
"NETWORKING [GENERAL]","KCONFIG",22532
"NETWORKING [GENERAL]","KCOV",1634
"NETWORKING [GENERAL]","KCSAN",5869
"NETWORKING [GENERAL]","KDUMP",4517
"NETWORKING [GENERAL]","KERNEL BUILD + files below scripts/ (unless maintained elsewhere)",19278
"NETWORKING [GENERAL]","KERNEL HARDENING (not covered by other areas)",879
"NETWORKING [GENERAL]","KERNEL NFSD, SUNRPC, AND LOCKD SERVERS",120367
"NETWORKING [GENERAL]","KERNEL REGRESSIONS",1241
"NETWORKING [GENERAL]","KERNEL SELFTEST FRAMEWORK",692351
"NETWORKING [GENERAL]","KERNEL SMB3 SERVER (KSMBD)",34017
"NETWORKING [GENERAL]","KERNEL UNIT TESTING FRAMEWORK (KUnit)",15498
"NETWORKING [GENERAL]","KERNEL VIRTUAL MACHINE (KVM)",83793
"NETWORKING [GENERAL]","KERNEL VIRTUAL MACHINE FOR ARM64 (KVM/arm64)",60413
"NETWORKING [GENERAL]","KERNEL VIRTUAL MACHINE FOR LOONGARCH (KVM/LoongArch)",5149
"NETWORKING [GENERAL]","KFENCE",3633
"NETWORKING [GENERAL]","KFIFO",2211
"NETWORKING [GENERAL]","KMEMLEAK",2700
"NETWORKING [GENERAL]","KMSAN",3938
"NETWORKING [GENERAL]","KPROBES",5082
"NETWORKING [GENERAL]","L3MDEV",652
"NETWORKING [GENERAL]","LANDLOCK SECURITY MODULE",12807
"NETWORKING [GENERAL]","LIBRARY CODE",124620
"NETWORKING [GENERAL]","LICENSES and SPDX stuff",5364
"NETWORKING [GENERAL]","LINEAR RANGES HELPERS",556
"NETWORKING [GENERAL]","LINUX KERNEL MEMORY CONSISTENCY MODEL (LKMM)",14218
"NETWORKING [GENERAL]","LIST KUNIT TEST",1502
"NETWORKING [GENERAL]","LIVE PATCHING",8609
"NETWORKING [GENERAL]","LLC (802.2)",13474
"NETWORKING [GENERAL]","LM73 HARDWARE MONITOR DRIVER",290
"NETWORKING [GENERAL]","LM78 HARDWARE MONITOR DRIVER",1113
"NETWORKING [GENERAL]","LM83 HARDWARE MONITOR DRIVER",564
"NETWORKING [GENERAL]","LM90 HARDWARE MONITOR DRIVER",3867
"NETWORKING [GENERAL]","LM95234 HARDWARE MONITOR DRIVER",781
"NETWORKING [GENERAL]","LOCKING PRIMITIVES",33147
"NETWORKING [GENERAL]","LOONGARCH",45100
"NETWORKING [GENERAL]","LTC2947 HARDWARE MONITOR DRIVER",1382
"NETWORKING [GENERAL]","LTC2991 HARDWARE MONITOR DRIVER",563
"NETWORKING [GENERAL]","LTC4261 HARDWARE MONITOR DRIVER",315
"NETWORKING [GENERAL]","LTC4286 HARDWARE MONITOR DRIVER",916
"NETWORKING [GENERAL]","MAC80211",97099
"NETWORKING [GENERAL]","MANAGEMENT COMPONENT TRANSPORT PROTOCOL (MCTP)",6963
"NETWORKING [GENERAL]","MAPLE TREE",49001
"NETWORKING [GENERAL]","MAX15301 DRIVER",277
"NETWORKING [GENERAL]","MAX16065 HARDWARE MONITOR DRIVER",738
"NETWORKING [GENERAL]","MAX31827 TEMPERATURE SWITCH DRIVER",924
"NETWORKING [GENERAL]","MAX6650 HARDWARE MONITOR AND FAN CONTROLLER DRIVER",902
"NETWORKING [GENERAL]","MAX6697 HARDWARE MONITOR DRIVER",984
"NETWORKING [GENERAL]","MEMBLOCK AND MEMORY MANAGEMENT INITIALIZATION",13934
"NETWORKING [GENERAL]","MEMORY HOT(UN)PLUG",5174
"NETWORKING [GENERAL]","MEMORY MANAGEMENT",227467
"NETWORKING [GENERAL]","MEN CHAMELEON BUS (mcb)",1623
"NETWORKING [GENERAL]","MEN F21BMC (Board Management Controller)",701
"NETWORKING [GENERAL]","MODULE SUPPORT",11093
"NETWORKING [GENERAL]","NCSI LIBRARY",5598
"NETWORKING [GENERAL]","NCT6775 HARDWARE MONITOR DRIVER - CORE & PLATFORM DRIVER",6586
"NETWORKING [GENERAL]","NCT6775 HARDWARE MONITOR DRIVER - I2C DRIVER",244
"NETWORKING [GENERAL]","NETEM NETWORK EMULATOR",1310
"NETWORKING [GENERAL]","NETFILTER",172209
"NETWORKING [GENERAL]","NETROM NETWORK LAYER",4345
"NETWORKING [GENERAL]","NETWORK DROP MONITOR",1920
"NETWORKING [GENERAL]","NETWORKING [GENERAL]",1526720
"NETWORKING [GENERAL]","NETWORKING [IPSEC]",38012
"NETWORKING [GENERAL]","NETWORKING [IPv4/IPv6]",203417
"NETWORKING [GENERAL]","NETWORKING [LABELED] (NetLabel, Labeled IPsec, SECMARK)",14205
"NETWORKING [GENERAL]","NETWORKING [MPTCP]",29619
"NETWORKING [GENERAL]","NETWORKING [TCP]",42602
"NETWORKING [GENERAL]","NETWORKING [TLS]",8033
"NETWORKING [GENERAL]","NEXTHOP",4472
"NETWORKING [GENERAL]","NFC SUBSYSTEM",48737
"NETWORKING [GENERAL]","NFC VIRTUAL NCI DEVICE DRIVER",1126
"NETWORKING [GENERAL]","NFS, SUNRPC, AND LOCKD CLIENTS",154660
"NETWORKING [GENERAL]","NILFS2 FILESYSTEM",24655
"NETWORKING [GENERAL]","NITRO ENCLAVES (NE)",4408
"NETWORKING [GENERAL]","NOHZ, DYNTICKS SUPPORT",4370
"NETWORKING [GENERAL]","NOLIBC HEADER FILE",7000
"NETWORKING [GENERAL]","NSDEPS",217
"NETWORKING [GENERAL]","NTFS FILESYSTEM",29290
"NETWORKING [GENERAL]","NTFS3 FILESYSTEM",32785
"NETWORKING [GENERAL]","NXP-NCI NFC DRIVER",1048
"NETWORKING [GENERAL]","NZXT-KRAKEN2 HARDWARE MONITORING DRIVER",276
"NETWORKING [GENERAL]","NZXT-SMART2 HARDWARE MONITORING DRIVER",900
"NETWORKING [GENERAL]","OBJAGG",2135
"NETWORKING [GENERAL]","OBJPOOL",1167
"NETWORKING [GENERAL]","OMAP HARDWARE SPINLOCK SUPPORT",196
"NETWORKING [GENERAL]","OMFS FILESYSTEM",1941
"NETWORKING [GENERAL]","ONEXPLAYER FAN DRIVER",493
"NETWORKING [GENERAL]","OPENVSWITCH",20440
"NETWORKING [GENERAL]","ORACLE CLUSTER FILESYSTEM 2 (OCFS2)",94371
"NETWORKING [GENERAL]","ORANGEFS FILESYSTEM",11193
"NETWORKING [GENERAL]","OVERLAY FILESYSTEM",14462
"NETWORKING [GENERAL]","PACKET SOCKETS",5105
"NETWORKING [GENERAL]","PACKING",416
"NETWORKING [GENERAL]","PADATA PARALLEL EXECUTION MECHANISM",1531
"NETWORKING [GENERAL]","PAGE CACHE",12865
"NETWORKING [GENERAL]","PAGE POOL",1967
"NETWORKING [GENERAL]","PAGE TABLE CHECK",468
"NETWORKING [GENERAL]","PARALLEL PORT SUBSYSTEM",16551
"NETWORKING [GENERAL]","PARMAN",846
"NETWORKING [GENERAL]","PC87360 HARDWARE MONITORING DRIVER",2003
"NETWORKING [GENERAL]","PC87427 HARDWARE MONITORING DRIVER",1392
"NETWORKING [GENERAL]","PECI HARDWARE MONITORING DRIVERS",1522
"NETWORKING [GENERAL]","PER-CPU MEMORY ALLOCATOR",8086
"NETWORKING [GENERAL]","PHONET PROTOCOL",4870
"NETWORKING [GENERAL]","PIDFD API",3643
"NETWORKING [GENERAL]","PLCA RECONCILIATION SUBLAYER (IEEE802.3 Clause 148)",307
"NETWORKING [GENERAL]","PLDMFW LIBRARY",1614
"NETWORKING [GENERAL]","PM6764TR DRIVER",108
"NETWORKING [GENERAL]","PMBUS HARDWARE MONITORING DRIVERS",22797
"NETWORKING [GENERAL]","POSIX CLOCKS and TIMERS",11518
"NETWORKING [GENERAL]","PPP OVER ATM (RFC 2364)",516
"NETWORKING [GENERAL]","PPP OVER L2TP",1863
"NETWORKING [GENERAL]","PPS SUPPORT",2671
"NETWORKING [GENERAL]","PRINTK",9282
"NETWORKING [GENERAL]","PRINTK INDEXING",331
"NETWORKING [GENERAL]","PROC FILESYSTEM",22522
"NETWORKING [GENERAL]","PROC SYSCTL",5744
"NETWORKING [GENERAL]","PSAMPLE PACKET SAMPLING SUPPORT",647
"NETWORKING [GENERAL]","QNX6 FILESYSTEM",1650
"NETWORKING [GENERAL]","QORIQ DPAA2 FSL-MC BUS DRIVER",6960
"NETWORKING [GENERAL]","QUALCOMM IPC ROUTER (QRTR) DRIVER",2751
"NETWORKING [GENERAL]","RCUTORTURE TEST FRAMEWORK",5841
"NETWORKING [GENERAL]","RDS - RELIABLE DATAGRAM SOCKETS",18031
"NETWORKING [GENERAL]","READ-COPY UPDATE (RCU)",61908
"NETWORKING [GENERAL]","Real-time Linux Analysis (RTLA) tools",9109
"NETWORKING [GENERAL]","RESTARTABLE SEQUENCES SUPPORT",9040
"NETWORKING [GENERAL]","RFKILL",2840
"NETWORKING [GENERAL]","RHASHTABLE",3480
"NETWORKING [GENERAL]","ROSE NETWORK LAYER",5223
"NETWORKING [GENERAL]","RUNTIME VERIFICATION (RV)",5672
"NETWORKING [GENERAL]","RUST",23019
"NETWORKING [GENERAL]","RXRPC SOCKETS (AF_RXRPC)",19779
"NETWORKING [GENERAL]","SAMSUNG S3FWRN5 NFC DRIVER",1812
"NETWORKING [GENERAL]","SCTP PROTOCOL",50825
"NETWORKING [GENERAL]","SECURE COMPUTING",9423
"NETWORKING [GENERAL]","SECURITY CONTACT",109
"NETWORKING [GENERAL]","SELINUX SECURITY MODULE",28851
"NETWORKING [GENERAL]","SFCTEMP HWMON DRIVER",434
"NETWORKING [GENERAL]","SHARED MEMORY COMMUNICATIONS (SMC) SOCKETS",19887
"NETWORKING [GENERAL]","SHRINKER",1381
"NETWORKING [GENERAL]","SIPHASH PRF ROUTINES",903
"NETWORKING [GENERAL]","SLAB ALLOCATOR",9874
"NETWORKING [GENERAL]","SMSC EMC2103 HARDWARE MONITOR DRIVER",703
"NETWORKING [GENERAL]","SMSC SCH5627 HARDWARE MONITOR DRIVER",707
"NETWORKING [GENERAL]","SMSC47B397 HARDWARE MONITOR DRIVER",567
"NETWORKING [GENERAL]","SOCKET TIMESTAMPING",1522
"NETWORKING [GENERAL]","SOFTWARE RAID (Multiple Disks) SUPPORT",42323
"NETWORKING [GENERAL]","SPANISH DOCUMENTATION",10028
"NETWORKING [GENERAL]","SQUASHFS FILE SYSTEM",6960
"NETWORKING [GENERAL]","ST STPDDC60 DRIVER",339
"NETWORKING [GENERAL]","STABLE BRANCH",248
"NETWORKING [GENERAL]","SWITCHDEV",1510
"NETWORKING [GENERAL]","SYNC FILE FRAMEWORK",3185
"NETWORKING [GENERAL]","SYSV FILESYSTEM",3427
"NETWORKING [GENERAL]","TASKSTATS STATISTICS INTERFACE",1139
"NETWORKING [GENERAL]","TC subsystem",98046
"NETWORKING [GENERAL]","TCP LOW PRIORITY MODULE",354
"NETWORKING [GENERAL]","TECHNICAL ADVISORY BOARD PROCESS DOCS",279
"NETWORKING [GENERAL]","TEXAS INSTRUMENTS TPS23861 PoE PSE DRIVER",687
"NETWORKING [GENERAL]","THUNDERBOLT DMA TRAFFIC TEST DRIVER",760
"NETWORKING [GENERAL]","THUNDERBOLT DRIVER",37836
"NETWORKING [GENERAL]","TI TRF7970A NFC DRIVER",2360
"NETWORKING [GENERAL]","TIMEKEEPING, CLOCKSOURCE CORE, NTP, ALARMTIMER",15179
"NETWORKING [GENERAL]","TIPC NETWORK LAYER",29439
"NETWORKING [GENERAL]","TMP401 HARDWARE MONITOR DRIVER",963
"NETWORKING [GENERAL]","TMP464 HARDWARE MONITOR DRIVER",898
"NETWORKING [GENERAL]","TMP513 HARDWARE MONITOR DRIVER",863
"NETWORKING [GENERAL]","TMPFS (SHMEM FILESYSTEM)",5155
"NETWORKING [GENERAL]","TORTURE-TEST MODULES",8890
"NETWORKING [GENERAL]","TPS546D24 DRIVER",106
"NETWORKING [GENERAL]","TRACING",165982
"NETWORKING [GENERAL]","TRACING OS NOISE / LATENCY TRACERS",6533
"NETWORKING [GENERAL]","TRADITIONAL CHINESE DOCUMENTATION",17891
"NETWORKING [GENERAL]","UBI FILE SYSTEM (UBIFS)",40269
"NETWORKING [GENERAL]","UDF FILESYSTEM",11111
"NETWORKING [GENERAL]","UFS FILESYSTEM",7581
"NETWORKING [GENERAL]","UNIFORM CDROM DRIVER",6207
"NETWORKING [GENERAL]","USER DATAGRAM PROTOCOL (UDP)",5645
"NETWORKING [GENERAL]","USERSPACE COPYIN/COPYOUT (UIOVEC)",2084
"NETWORKING [GENERAL]","USERSPACE DMA BUFFER DRIVER",428
"NETWORKING [GENERAL]","USERSPACE I/O (UIO)",5077
"NETWORKING [GENERAL]","UUID HELPERS",376
"NETWORKING [GENERAL]","VFAT/FAT/MSDOS FILESYSTEM",9134
"NETWORKING [GENERAL]","VIRTIO AND VHOST VSOCK DRIVER",3959
"NETWORKING [GENERAL]","VIRTIO FILE SYSTEM",1640
"NETWORKING [GENERAL]","VIRTIO HOST (VHOST-SCSI)",2640
"NETWORKING [GENERAL]","VIRTIO HOST (VHOST)",13137
"NETWORKING [GENERAL]","VM SOCKETS (AF_VSOCK)",15834
"NETWORKING [GENERAL]","VMALLOC",4793
"NETWORKING [GENERAL]","VMWARE VSOCK VMCI TRANSPORT DRIVER",3467
"NETWORKING [GENERAL]","VSPRINTF",6017
"NETWORKING [GENERAL]","VT1211 HARDWARE MONITOR DRIVER",1585
"NETWORKING [GENERAL]","VT8231 HARDWARE MONITOR DRIVER",1058
"NETWORKING [GENERAL]","W1 DALLAS'S 1-WIRE BUS",15645
"NETWORKING [GENERAL]","W83791D HARDWARE MONITORING DRIVER",1837
"NETWORKING [GENERAL]","W83793 HARDWARE MONITORING DRIVER",2257
"NETWORKING [GENERAL]","W83795 HARDWARE MONITORING DRIVER",2271
"NETWORKING [GENERAL]","WORKQUEUE",8494
"NETWORKING [GENERAL]","X.25 STACK",8688
"NETWORKING [GENERAL]","XARRAY",45383
"NETWORKING [GENERAL]","XDP (eXpress Data Path)",24302
"NETWORKING [GENERAL]","XDP SOCKETS (AF_XDP)",10059
"NETWORKING [GENERAL]","XEN HYPERVISOR ARM64",155
"NETWORKING [GENERAL]","XFS FILESYSTEM",176550
"NETWORKING [GENERAL]","Z3FOLD COMPRESSED PAGE ALLOCATOR",1446
"NETWORKING [GENERAL]","ZBUD COMPRESSED PAGE ALLOCATOR",455
"NETWORKING [GENERAL]","ZONEFS FILESYSTEM",3349
"NETWORKING [GENERAL]","ZSMALLOC COMPRESSED SLAB MEMORY ALLOCATOR",2688
"NETWORKING [GENERAL]","ZSTD",33470
"NETWORKING [GENERAL]","ZSWAP COMPRESSED SWAP CACHING",2624
"NETWORKING DRIVERS","3CR990 NETWORK DRIVER",3212
"NETWORKING DRIVERS","6PACK NETWORK DRIVER FOR AX.25",980
"NETWORKING DRIVERS","8169 10/100/1000 GIGABIT ETHERNET DRIVER",7067
"NETWORKING DRIVERS","8390 NETWORK DRIVERS [WD80x3/SMC-ELITE, SMC-ULTRA, NE2000, 3C503, etc.]",13334
"NETWORKING DRIVERS","ACENIC DRIVER",3969
"NETWORKING DRIVERS","ADF7242 IEEE 802.15.4 RADIO DRIVER",1371
"NETWORKING DRIVERS","ALACRITECH GIGABIT ETHERNET DRIVER",2457
"NETWORKING DRIVERS","ALTERA TRIPLE SPEED ETHERNET DRIVER",3432
"NETWORKING DRIVERS","AMAZON ETHERNET DRIVERS",13520
"NETWORKING DRIVERS","AMD PDS CORE DRIVER",5235
"NETWORKING DRIVERS","AMD XGBE DRIVER",20909
"NETWORKING DRIVERS","AMT (Automatic Multicast Tunneling)",3454
"NETWORKING DRIVERS","ANALOG DEVICES INC ADIN DRIVER",1135
"NETWORKING DRIVERS","APPLIED MICRO (APM) X-GENE SOC ETHERNET (V2) DRIVER",1708
"NETWORKING DRIVERS","APPLIED MICRO (APM) X-GENE SOC ETHERNET DRIVER",7461
"NETWORKING DRIVERS","AQUANTIA ETHERNET DRIVER (atlantic)",29936
"NETWORKING DRIVERS","AQUANTIA ETHERNET DRIVER PTP SUBSYSTEM",1578
"NETWORKING DRIVERS","ARCNET NETWORK LAYER",6422
"NETWORKING DRIVERS","ARM/CAVIUM THUNDER NETWORK DRIVER",10770
"NETWORKING DRIVERS","ARM/MICROCHIP (ARM64) SoC support",2404
"NETWORKING DRIVERS","ARM/Microchip Sparx5 SoC support",50366
"NETWORKING DRIVERS","ARROW SPEEDCHIPS XRS7000 SERIES ETHERNET SWITCH DRIVER",1595
"NETWORKING DRIVERS","ASIX AX88796C SPI ETHERNET ADAPTER",2259
"NETWORKING DRIVERS","ASIX PHY DRIVER [RUST]",135
"NETWORKING DRIVERS","ATLX ETHERNET DRIVERS",26733
"NETWORKING DRIVERS","ATMEL MACB ETHERNET DRIVER",7503
"NETWORKING DRIVERS","ATUSB IEEE 802.15.4 RADIO DRIVER",1431
"NETWORKING DRIVERS","BAYCOM/HDLCDRV DRIVERS FOR AX.25",3321
"NETWORKING DRIVERS","BECKHOFF CX5020 ETHERCAT MASTER DRIVER",594
"NETWORKING DRIVERS","BONDING DRIVER",21044
"NETWORKING DRIVERS","BPF [NETKIT] (BPF-programmable network device)",1004
"NETWORKING DRIVERS","BPF JIT for NFP NICs",7875
"NETWORKING DRIVERS","BROADCOM ASP 2.0 ETHERNET DRIVER",4365
"NETWORKING DRIVERS","BROADCOM B44 10/100 ETHERNET DRIVER",3004
"NETWORKING DRIVERS","BROADCOM B53/SF2 ETHERNET SWITCH DRIVER",10084
"NETWORKING DRIVERS","BROADCOM BCM4908 ETHERNET DRIVER",1017
"NETWORKING DRIVERS","BROADCOM BNX2 GIGABIT ETHERNET DRIVER",16350
"NETWORKING DRIVERS","BROADCOM BNX2X 10 GIGABIT ETHERNET DRIVER",84546
"NETWORKING DRIVERS","BROADCOM BNXT_EN 50 GIGABIT ETHERNET DRIVER",44713
"NETWORKING DRIVERS","BROADCOM ETHERNET PHY DRIVERS",6734
"NETWORKING DRIVERS","BROADCOM GENET ETHERNET DRIVER",6689
"NETWORKING DRIVERS","BROADCOM IPROC GBIT ETHERNET DRIVER",3311
"NETWORKING DRIVERS","BROADCOM NVRAM DRIVER",1305
"NETWORKING DRIVERS","BROADCOM SYSTEMPORT ETHERNET DRIVER",3844
"NETWORKING DRIVERS","BROADCOM TG3 GIGABIT ETHERNET DRIVER",21827
"NETWORKING DRIVERS","BROCADE BNA 10 GIGABIT ETHERNET DRIVER",22361
"NETWORKING DRIVERS","BXCAN CAN NETWORK DRIVER",1198
"NETWORKING DRIVERS","CA8210 IEEE-802.15.4 RADIO DRIVER",3209
"NETWORKING DRIVERS","CAN NETWORK DRIVERS",81161
"NETWORKING DRIVERS","CAVIUM LIQUIDIO NETWORK DRIVER",27497
"NETWORKING DRIVERS","CC2520 IEEE-802.15.4 RADIO DRIVER",1225
"NETWORKING DRIVERS","CIRRUS LOGIC EP93XX ETHERNET DRIVER",873
"NETWORKING DRIVERS","CISCO VIC ETHERNET NIC DRIVER",9626
"NETWORKING DRIVERS","CTU CAN FD DRIVER",2492
"NETWORKING DRIVERS","CXGB3 ETHERNET DRIVER (CXGB3)",21795
"NETWORKING DRIVERS","CXGB4 ETHERNET DRIVER (CXGB4)",59865
"NETWORKING DRIVERS","CXGB4 INLINE CRYPTO DRIVER",9556
"NETWORKING DRIVERS","CXGB4VF ETHERNET DRIVER (CXGB4VF)",9540
"NETWORKING DRIVERS","CYCLADES PC300 DRIVER",513
"NETWORKING DRIVERS","DAVICOM FAST ETHERNET (DMFE) NETWORK DRIVER",2289
"NETWORKING DRIVERS","DEFXX FDDI NETWORK DRIVER",5673
"NETWORKING DRIVERS","DEFZA FDDI NETWORK DRIVER",2357
"NETWORKING DRIVERS","DPAA2 ETHERNET DRIVER",14358
"NETWORKING DRIVERS","DPAA2 ETHERNET SWITCH DRIVER",8193
"NETWORKING DRIVERS","EHEA (IBM pSeries eHEA 10Gb ethernet adapter) DRIVER",7029
"NETWORKING DRIVERS","ELM327 CAN NETWORK DRIVER",1473
"NETWORKING DRIVERS","EMS CPC-PCI CAN DRIVER",431
"NETWORKING DRIVERS","EMULEX 10Gbps NIC BE2, BE3-R, Lancer, Skyhawk-R DRIVER (be2net)",16851
"NETWORKING DRIVERS","ESD CAN/USB DRIVERS",1381
"NETWORKING DRIVERS","ET131X NETWORK DRIVER",5533
"NETWORKING DRIVERS","ETAS ES58X CAN/USB DRIVER",4829
"NETWORKING DRIVERS","ETHERNET PHY LIBRARY",90745
"NETWORKING DRIVERS","FARSYNC SYNCHRONOUS DRIVER",2943
"NETWORKING DRIVERS","FINTEK F81604 USB to 2xCANBUS DEVICE DRIVER",1201
"NETWORKING DRIVERS","FORCEDETH GIGABIT ETHERNET DRIVER",6538
"NETWORKING DRIVERS","FREESCALE ENETC ETHERNET DRIVERS",10675
"NETWORKING DRIVERS","FREESCALE eTSEC ETHERNET DRIVER (GIANFAR)",6622
"NETWORKING DRIVERS","FREESCALE IMX / MXC FEC DRIVER",6527
"NETWORKING DRIVERS","FREESCALE QORIQ DPAA ETHERNET DRIVER",4575
"NETWORKING DRIVERS","FREESCALE QORIQ DPAA FMAN DRIVER",11418
"NETWORKING DRIVERS","FREESCALE QORIQ PTP CLOCK DRIVER",1934
"NETWORKING DRIVERS","FREESCALE QUICC ENGINE UCC ETHERNET DRIVER",5452
"NETWORKING DRIVERS","FREESCALE QUICC ENGINE UCC HDLC DRIVER",1448
"NETWORKING DRIVERS","FREESCALE SOC FS_ENET DRIVER",3442
"NETWORKING DRIVERS","FUNGIBLE ETHERNET DRIVERS",8854
"NETWORKING DRIVERS","GENERIC HDLC (WAN) DRIVERS",9516
"NETWORKING DRIVERS","GENERIC INCLUDE/ASM HEADER FILES",16753
"NETWORKING DRIVERS","GENERIC VDSO LIBRARY",1095
"NETWORKING DRIVERS","GOOGLE ETHERNET DRIVERS",10645
"NETWORKING DRIVERS","GRETH 10/100/1G Ethernet MAC device driver",1733
"NETWORKING DRIVERS","GTP (GPRS Tunneling Protocol)",1946
"NETWORKING DRIVERS","HIGH-SPEED SCC DRIVER FOR AX.25",2175
"NETWORKING DRIVERS","HIPPI",2968
"NETWORKING DRIVERS","HIRSCHMANN HELLCREEK ETHERNET SWITCH DRIVER",3751
"NETWORKING DRIVERS","HISILICON NETWORK SUBSYSTEM 3 DRIVER (HNS3)",46636
"NETWORKING DRIVERS","HISILICON NETWORK SUBSYSTEM DRIVER",68084
"NETWORKING DRIVERS","HSO 3G MODEM DRIVER",3303
"NETWORKING DRIVERS","HUAWEI ETHERNET DRIVER",22707
"NETWORKING DRIVERS","Hyper-V/Azure CORE AND DRIVERS",54980
"NETWORKING DRIVERS","INTEL ETHERNET DRIVERS",386167
"NETWORKING DRIVERS","INTEL PTP DFL ToD DRIVER",332
"NETWORKING DRIVERS","INTEL WWAN IOSM DRIVER",11918
"NETWORKING DRIVERS","IOC3 ETHERNET DRIVER",1286
"NETWORKING DRIVERS","JME NETWORK DRIVER",4544
"NETWORKING DRIVERS","LANTIQ / INTEL Ethernet drivers",3226
"NETWORKING DRIVERS","LANTIQ PEF2256 DRIVER",1740
"NETWORKING DRIVERS","LYNX PCS MODULE",418
"NETWORKING DRIVERS","MARVELL 88E6XXX ETHERNET SWITCH FABRIC DRIVER",20612
"NETWORKING DRIVERS","MARVELL GIGABIT ETHERNET DRIVERS (skge/sky2)",14366
"NETWORKING DRIVERS","MARVELL MV643XX ETHERNET DRIVER",4261
"NETWORKING DRIVERS","MARVELL MV88X3310 PHY DRIVER",1492
"NETWORKING DRIVERS","MARVELL MVNETA ETHERNET DRIVER",6631
"NETWORKING DRIVERS","MARVELL MVPP2 ETHERNET DRIVER",15755
"NETWORKING DRIVERS","MARVELL OCTEON ENDPOINT DRIVER",8783
"NETWORKING DRIVERS","MARVELL OCTEONTX2 PHYSICAL FUNCTION DRIVER",19740
"NETWORKING DRIVERS","MARVELL OCTEONTX2 RVU ADMIN FUNCTION DRIVER",56968
"NETWORKING DRIVERS","MARVELL PRESTERA ETHERNET SWITCH DRIVER",15650
"NETWORKING DRIVERS","MARVELL USB MDIO CONTROLLER DRIVER",192
"NETWORKING DRIVERS","MAXLINEAR ETHERNET PHY DRIVER",1043
"NETWORKING DRIVERS","MCAN MMIO DEVICE DRIVER",2692
"NETWORKING DRIVERS","MCBA MICROCHIP CAN BUS ANALYZER TOOL DRIVER",913
"NETWORKING DRIVERS","MCP251XFD SPI-CAN NETWORK DRIVER",6138
"NETWORKING DRIVERS","MCR20A IEEE-802.15.4 RADIO DRIVER",1878
"NETWORKING DRIVERS","MDIO REGMAP DRIVER",119
"NETWORKING DRIVERS","MEDIATEK ETHERNET DRIVER",17080
"NETWORKING DRIVERS","MEDIATEK ETHERNET PCS DRIVER",319
"NETWORKING DRIVERS","MEDIATEK ETHERNET PHY DRIVERS",1660
"NETWORKING DRIVERS","MEDIATEK SWITCH DRIVER",4552
"NETWORKING DRIVERS","MEDIATEK T7XX 5G WWAN MODEM DRIVER",11446
"NETWORKING DRIVERS","MELLANOX ETHERNET DRIVER (mlx4_en)",11339
"NETWORKING DRIVERS","MELLANOX ETHERNET DRIVER (mlx5e)",29254
"NETWORKING DRIVERS","MELLANOX ETHERNET INNOVA DRIVERS",13079
"NETWORKING DRIVERS","MELLANOX ETHERNET SWITCH DRIVERS",108951
"NETWORKING DRIVERS","MELLANOX FIRMWARE FLASH LIBRARY (mlxfw)",1500
"NETWORKING DRIVERS","MELLANOX MLX4 core VPI driver",45461
"NETWORKING DRIVERS","MELLANOX MLX5 core VPI driver",176587
"NETWORKING DRIVERS","MICROCHIP KSZ SERIES ETHERNET SWITCH DRIVER",16189
"NETWORKING DRIVERS","MICROCHIP LAN743X ETHERNET DRIVER",8349
"NETWORKING DRIVERS","MICROCHIP LAN87xx/LAN937x T1 PHY DRIVER",912
"NETWORKING DRIVERS","MICROCHIP LAN966X ETHERNET DRIVER",17510
"NETWORKING DRIVERS","MMU GATHER AND TLB INVALIDATION",1971
"NETWORKING DRIVERS","MOTORCOMM PHY DRIVER",2478
"NETWORKING DRIVERS","MRF24J40 IEEE 802.15.4 RADIO DRIVER",1421
"NETWORKING DRIVERS","MYRICOM MYRI-10G 10GbE DRIVER (MYRI10GE)",4553
"NETWORKING DRIVERS","NATSEMI ETHERNET DRIVER (DP8381x)",3383
"NETWORKING DRIVERS","NET_FAILOVER MODULE",1060
"NETWORKING DRIVERS","NETDEVSIM",7451
"NETWORKING DRIVERS","NETERION 10GbE DRIVERS (s2io)",10892
"NETWORKING DRIVERS","NETRONOME ETHERNET DRIVERS",56079
"NETWORKING DRIVERS","NETWORKING [DSA]",117628
"NETWORKING DRIVERS","NETWORKING [MACSEC]",5105
"NETWORKING DRIVERS","NETWORKING DRIVERS",3087083
"NETWORKING DRIVERS","NETXEN (1/10) GbE SUPPORT",13008
"NETWORKING DRIVERS","NXP C45 TJA11XX PHY DRIVER",3783
"NETWORKING DRIVERS","NXP SJA1105 ETHERNET SWITCH DRIVER",14835
"NETWORKING DRIVERS","OCELOT ETHERNET SWITCH DRIVER",25474
"NETWORKING DRIVERS","ONSEMI ETHERNET PHY DRIVERS",171
"NETWORKING DRIVERS","OPEN FIRMWARE AND FLATTENED DEVICE TREE",38672
"NETWORKING DRIVERS","OPENCOMPUTE PTP CLOCK DRIVER",4581
"NETWORKING DRIVERS","PCNET32 NETWORK DRIVER",3041
"NETWORKING DRIVERS","PENSANDO ETHERNET DRIVERS",15410
"NETWORKING DRIVERS","PPP OVER ETHERNET",1379
"NETWORKING DRIVERS","PPP PROTOCOL DRIVERS AND COMPRESSORS",6767
"NETWORKING DRIVERS","PPTP DRIVER",699
"NETWORKING DRIVERS","PTP HARDWARE CLOCK SUPPORT",17325
"NETWORKING DRIVERS","PTP MOCKUP CLOCK SUPPORT",213
"NETWORKING DRIVERS","PTP VIRTUAL CLOCK SUPPORT",389
"NETWORKING DRIVERS","QCOM IPA DRIVER",26789
"NETWORKING DRIVERS","QLOGIC QL4xxx ETHERNET DRIVER",106208
"NETWORKING DRIVERS","QLOGIC QLA3XXX NETWORK DRIVER",5118
"NETWORKING DRIVERS","QLOGIC QLCNIC (1/10)Gb ETHERNET DRIVER",32887
"NETWORKING DRIVERS","QUALCOMM BAM-DMUX WWAN NETWORK DRIVER",997
"NETWORKING DRIVERS","QUALCOMM EMAC GIGABIT ETHERNET DRIVER",4501
"NETWORKING DRIVERS","QUALCOMM RMNET DRIVER",2538
"NETWORKING DRIVERS","RDC R6040 FAST ETHERNET DRIVER",1215
"NETWORKING DRIVERS","REALTEK RTL83xx SMI DSA ROUTER CHIPS",6018
"NETWORKING DRIVERS","REMOTE PROCESSOR MESSAGING (RPMSG) WWAN CONTROL DRIVER",167
"NETWORKING DRIVERS","RENESAS ETHERNET DRIVERS",13218
"NETWORKING DRIVERS","RENESAS RZ/N1 A5PSW SWITCH DRIVER",2603
"NETWORKING DRIVERS","ROCKER DRIVER",6918
"NETWORKING DRIVERS","SAMSUNG SXGBE DRIVERS",6262
"NETWORKING DRIVERS","SFC NETWORK DRIVER",144266
"NETWORKING DRIVERS","SFF/SFP/SFP+ MODULE SUPPORT",9340
"NETWORKING DRIVERS","SIS 190 ETHERNET DRIVER",1948
"NETWORKING DRIVERS","SIS 900/7016 FAST ETHERNET DRIVER",2916
"NETWORKING DRIVERS","SLCAN CAN NETWORK DRIVER",1027
"NETWORKING DRIVERS","SMC91x ETHERNET DRIVER",3578
"NETWORKING DRIVERS","SMSC911x ETHERNET DRIVER",3154
"NETWORKING DRIVERS","SMSC9420 PCI ETHERNET DRIVER",1935
"NETWORKING DRIVERS","SOCIONEXT (SNI) AVE NETWORK DRIVER",2126
"NETWORKING DRIVERS","SOCIONEXT (SNI) NETSEC NETWORK DRIVER",2300
"NETWORKING DRIVERS","SONIC NETWORK DRIVER",1328
"NETWORKING DRIVERS","SPIDERNET NETWORK DRIVER for CELL",3406
"NETWORKING DRIVERS","STARFIRE/DURALAN NETWORK DRIVER",2074
"NETWORKING DRIVERS","SUN HAPPY MEAL ETHERNET DRIVER",3408
"NETWORKING DRIVERS","SUNDANCE NETWORK DRIVER",1985
"NETWORKING DRIVERS","SUNPLUS ETHERNET DRIVER",2164
"NETWORKING DRIVERS","SYNOPSYS DESIGNWARE ENTERPRISE ETHERNET DRIVER",7671
"NETWORKING DRIVERS","SYNOPSYS DESIGNWARE ETHERNET XPCS DRIVER",1640
"NETWORKING DRIVERS","TEAM DRIVER",4739
"NETWORKING DRIVERS","TEHUTI ETHERNET DRIVER",3049
"NETWORKING DRIVERS","THUNDERBOLT NETWORK DRIVER",1640
"NETWORKING DRIVERS","TI ETHERNET SWITCH DRIVER (CPSW)",14191
"NETWORKING DRIVERS","TI ICSSG ETHERNET DRIVER (ICSSG)",5932
"NETWORKING DRIVERS","TLAN NETWORK DRIVER",3961
"NETWORKING DRIVERS","TULIP NETWORK DRIVERS",14449
"NETWORKING DRIVERS","TUN/TAP driver",6165
"NETWORKING DRIVERS","USB CDC ETHERNET DRIVER",4922
"NETWORKING DRIVERS","USB DAVICOM DM9601 DRIVER",657
"NETWORKING DRIVERS","USB LAN78XX ETHERNET DRIVER",6023
"NETWORKING DRIVERS","USB NETWORKING DRIVERS",54230
"NETWORKING DRIVERS","USB PEGASUS DRIVER",1640
"NETWORKING DRIVERS","USB QMI WWAN NETWORK DRIVER",1675
"NETWORKING DRIVERS","USB RTL8150 DRIVER",957
"NETWORKING DRIVERS","USB SMSC75XX ETHERNET DRIVER",2763
"NETWORKING DRIVERS","USB SMSC95XX ETHERNET DRIVER",2485
"NETWORKING DRIVERS","USB USBNET DRIVER FRAMEWORK",2517
"NETWORKING DRIVERS","VIA RHINE NETWORK DRIVER",2629
"NETWORKING DRIVERS","VIA VELOCITY NETWORK DRIVER",5270
"NETWORKING DRIVERS","VMWARE VIRTUAL PTP CLOCK DRIVER",143
"NETWORKING DRIVERS","VMWARE VMXNET3 ETHERNET DRIVER",7821
"NETWORKING DRIVERS","VRF",2516
"NETWORKING DRIVERS","WANGXUN ETHERNET DRIVER",10747
"NETWORKING DRIVERS","WIREGUARD SECURE NETWORK TUNNEL",8886
"NETWORKING DRIVERS","WWAN DRIVERS",27546
"NETWORKING DRIVERS","XEN NETWORK BACKEND DRIVER",5414
"NETWORKING DRIVERS","XILINX AXI ETHERNET DRIVER",3860
"NETWORKING DRIVERS","XILINX CAN DRIVER",2121
"NETWORKING DRIVERS","XILINX LL TEMAC ETHERNET DRIVER",2207
"NETWORKING DRIVERS","YAM DRIVER FOR AX.25",1258
"NETWORKING DRIVERS","Z8530 DRIVER FOR AX.25",3107
"NETWORKING DRIVERS (WIRELESS)","ADM8211 WIRELESS DRIVER",2597
"NETWORKING DRIVERS (WIRELESS)","ATHEROS ATH GENERIC UTILITIES",4264
"NETWORKING DRIVERS (WIRELESS)","ATHEROS ATH5K WIRELESS DRIVER",27016
"NETWORKING DRIVERS (WIRELESS)","ATHEROS ATH6KL WIRELESS DRIVER",30875
"NETWORKING DRIVERS (WIRELESS)","B43 WIRELESS DRIVER",56689
"NETWORKING DRIVERS (WIRELESS)","B43LEGACY WIRELESS DRIVER",14620
"NETWORKING DRIVERS (WIRELESS)","BROADCOM BRCM80211 IEEE802.11 WIRELESS DRIVERS",116136
"NETWORKING DRIVERS (WIRELESS)","CARL9170 LINUX COMMUNITY WIRELESS DRIVER",13716
"NETWORKING DRIVERS (WIRELESS)","CW1200 WLAN driver",13471
"NETWORKING DRIVERS (WIRELESS)","INTEL PRO/WIRELESS 2100, 2200BG, 2915ABG NETWORK CONNECTION SUPPORT",29195
"NETWORKING DRIVERS (WIRELESS)","INTEL WIRELESS 3945ABG/BG, 4965AGN (iwlegacy)",37679
"NETWORKING DRIVERS (WIRELESS)","INTEL WIRELESS WIFI LINK (iwlwifi)",144726
"NETWORKING DRIVERS (WIRELESS)","MARVELL LIBERTAS WIRELESS DRIVER",14839
"NETWORKING DRIVERS (WIRELESS)","MARVELL MWIFIEX WIRELESS DRIVER",46002
"NETWORKING DRIVERS (WIRELESS)","MARVELL MWL8K WIRELESS DRIVER",6373
"NETWORKING DRIVERS (WIRELESS)","MEDIATEK MT76 WIRELESS LAN DRIVER",105641
"NETWORKING DRIVERS (WIRELESS)","MEDIATEK MT7601U WIRELESS LAN DRIVER",7793
"NETWORKING DRIVERS (WIRELESS)","MICROCHIP WILC1000 WIFI DRIVER",11485
"NETWORKING DRIVERS (WIRELESS)","NETWORKING DRIVERS (WIRELESS)",1769679
"NETWORKING DRIVERS (WIRELESS)","P54 WIRELESS DRIVER",8463
"NETWORKING DRIVERS (WIRELESS)","PURELIFI PLFXLC DRIVER",2545
"NETWORKING DRIVERS (WIRELESS)","QUALCOMM ATH12K WIRELESS DRIVER",55031
"NETWORKING DRIVERS (WIRELESS)","QUALCOMM ATHEROS ATH10K WIRELESS DRIVER",85215
"NETWORKING DRIVERS (WIRELESS)","QUALCOMM ATHEROS ATH11K WIRELESS DRIVER",78756
"NETWORKING DRIVERS (WIRELESS)","QUALCOMM ATHEROS ATH9K WIRELESS DRIVER",88539
"NETWORKING DRIVERS (WIRELESS)","QUALCOMM WCN36XX WIRELESS DRIVER",14010
"NETWORKING DRIVERS (WIRELESS)","QUANTENNA QTNFMAC WIRELESS DRIVER",12716
"NETWORKING DRIVERS (WIRELESS)","RALINK RT2X00 WIRELESS LAN DRIVER",47240
"NETWORKING DRIVERS (WIRELESS)","REALTEK WIRELESS DRIVER (rtlwifi family)",165922
"NETWORKING DRIVERS (WIRELESS)","REALTEK WIRELESS DRIVER (rtw88)",121288
"NETWORKING DRIVERS (WIRELESS)","REALTEK WIRELESS DRIVER (rtw89)",255113
"NETWORKING DRIVERS (WIRELESS)","REDPINE WIRELESS DRIVER",12247
"NETWORKING DRIVERS (WIRELESS)","RTL8180 WIRELESS DRIVER",4123
"NETWORKING DRIVERS (WIRELESS)","RTL8187 WIRELESS DRIVER",3354
"NETWORKING DRIVERS (WIRELESS)","RTL8XXXU WIRELESS DRIVER (rtl8xxxu)",23894
"NETWORKING DRIVERS (WIRELESS)","SILICON LABS WIRELESS DRIVERS (for WFxxx series)",8486
"NETWORKING DRIVERS (WIRELESS)","TI WILINK WIRELESS DRIVERS",45012
"NETWORKING DRIVERS (WIRELESS)","USB AR5523 WIRELESS DRIVER",2401
"NETWORKING DRIVERS (WIRELESS)","WILOCITY WIL6210 WIRELESS DRIVER",28857
"NETWORKING DRIVERS (WIRELESS)","ZD1211RW WIRELESS DRIVER",8742
"NVM EXPRESS DRIVER","NVM EXPRESS DRIVER",32695
"NVM EXPRESS DRIVER","NVM EXPRESS FABRICS AUTHENTICATION",2142
"NVM EXPRESS DRIVER","NVM EXPRESS FC TRANSPORT DRIVERS",10101
"NVM EXPRESS DRIVER","NVM EXPRESS HARDWARE MONITORING SUPPORT",281
"NVM EXPRESS DRIVER","NVM EXPRESS TARGET DRIVER",19856
"OBJTOOL","OBJTOOL",10301
"OPEN FIRMWARE AND FLATTENED DEVICE TREE BINDINGS","ACCES 104-DIO-48E GPIO DRIVER",342
"OPEN FIRMWARE AND FLATTENED DEVICE TREE BINDINGS","ACCES 104-IDI-48 GPIO DRIVER",189
"OPEN FIRMWARE AND FLATTENED DEVICE TREE BINDINGS","ACCES 104-IDIO-16 GPIO DRIVER",129
"OPEN FIRMWARE AND FLATTENED DEVICE TREE BINDINGS","ACCES IDIO-16 GPIO LIBRARY",204
"OPEN FIRMWARE AND FLATTENED DEVICE TREE BINDINGS","ACCES PCI-IDIO-16 GPIO DRIVER",122
"OPEN FIRMWARE AND FLATTENED DEVICE TREE BINDINGS","ACCES PCIe-IDIO-24 GPIO DRIVER",404
"OPEN FIRMWARE AND FLATTENED DEVICE TREE BINDINGS","ACPI PCC(Platform Communication Channel) MAILBOX DRIVER",833
"OPEN FIRMWARE AND FLATTENED DEVICE TREE BINDINGS","AD714X CAPACITANCE TOUCH SENSOR DRIVER (AD7142/3/7/8/7A)",1209
"OPEN FIRMWARE AND FLATTENED DEVICE TREE BINDINGS","AD7877 TOUCHSCREEN DRIVER",822
"OPEN FIRMWARE AND FLATTENED DEVICE TREE BINDINGS","AD7879 TOUCHSCREEN DRIVER (AD7879/AD7889)",637
"OPEN FIRMWARE AND FLATTENED DEVICE TREE BINDINGS","ADAFRUIT MINI I2C GAMEPAD",378
"OPEN FIRMWARE AND FLATTENED DEVICE TREE BINDINGS","ADP5588 QWERTY KEYPAD AND IO EXPANDER DRIVER (ADP5588/ADP5587)",974
"OPEN FIRMWARE AND FLATTENED DEVICE TREE BINDINGS","ADXL34X THREE-AXIS DIGITAL ACCELEROMETER DRIVER (ADXL345/ADXL346)",999
"OPEN FIRMWARE AND FLATTENED DEVICE TREE BINDINGS","ALCHEMY AU1XX0 MMC DRIVER",1224
"OPEN FIRMWARE AND FLATTENED DEVICE TREE BINDINGS","ALI1563 I2C DRIVER",472
"OPEN FIRMWARE AND FLATTENED DEVICE TREE BINDINGS","ALLWINNER CPUFREQ DRIVER",352
"OPEN FIRMWARE AND FLATTENED DEVICE TREE BINDINGS","ALLWINNER HARDWARE SPINLOCK SUPPORT",263
"OPEN FIRMWARE AND FLATTENED DEVICE TREE BINDINGS","ALLWINNER THERMAL DRIVER",811
"OPEN FIRMWARE AND FLATTENED DEVICE TREE BINDINGS","ALPS PS/2 TOUCHPAD DRIVER",3561
"OPEN FIRMWARE AND FLATTENED DEVICE TREE BINDINGS","ALTERA I2C CONTROLLER DRIVER",535
"OPEN FIRMWARE AND FLATTENED DEVICE TREE BINDINGS","ALTERA MAILBOX DRIVER",361
"OPEN FIRMWARE AND FLATTENED DEVICE TREE BINDINGS","ALTERA MSGDMA IP CORE DRIVER",1024
"OPEN FIRMWARE AND FLATTENED DEVICE TREE BINDINGS","ALTERA PIO DRIVER",356
"OPEN FIRMWARE AND FLATTENED DEVICE TREE BINDINGS","ALTERA UART/JTAG UART SERIAL DRIVERS",1170
"OPEN FIRMWARE AND FLATTENED DEVICE TREE BINDINGS","AMAZON ANNAPURNA LABS FIC DRIVER",313
"OPEN FIRMWARE AND FLATTENED DEVICE TREE BINDINGS","AMAZON ANNAPURNA LABS THERMAL MMIO DRIVER",148
"OPEN FIRMWARE AND FLATTENED DEVICE TREE BINDINGS","AMD CDX BUS DRIVER",1383
"OPEN FIRMWARE AND FLATTENED DEVICE TREE BINDINGS","AMD FCH GPIO DRIVER",238
"OPEN FIRMWARE AND FLATTENED DEVICE TREE BINDINGS","AMD MP2 I2C DRIVER",1051
"OPEN FIRMWARE AND FLATTENED DEVICE TREE BINDINGS","AMD PSTATE DRIVER",3145
"OPEN FIRMWARE AND FLATTENED DEVICE TREE BINDINGS","AMD PTDMA DRIVER",1431
"OPEN FIRMWARE AND FLATTENED DEVICE TREE BINDINGS","AMD SEATTLE DEVICE TREE SUPPORT",1450
"OPEN FIRMWARE AND FLATTENED DEVICE TREE BINDINGS","AMD SPI DRIVER",444
"OPEN FIRMWARE AND FLATTENED DEVICE TREE BINDINGS","ANALOG DEVICES INC ADGS1408 DRIVER",179
"OPEN FIRMWARE AND FLATTENED DEVICE TREE BINDINGS","ANALOG DEVICES INC DMA DRIVERS",1162
"OPEN FIRMWARE AND FLATTENED DEVICE TREE BINDINGS","ANALOGBITS PLL LIBRARIES",461
"OPEN FIRMWARE AND FLATTENED DEVICE TREE BINDINGS","ANDROID GOLDFISH PIC DRIVER",164
"OPEN FIRMWARE AND FLATTENED DEVICE TREE BINDINGS","ANDROID GOLDFISH RTC DRIVER",223
"OPEN FIRMWARE AND FLATTENED DEVICE TREE BINDINGS","APPLE BCM5974 MULTITOUCH DRIVER",1053
"OPEN FIRMWARE AND FLATTENED DEVICE TREE BINDINGS","APPLE PCIE CONTROLLER DRIVER",842
"OPEN FIRMWARE AND FLATTENED DEVICE TREE BINDINGS","APPLIED MICRO (APM) X-GENE DEVICE TREE SUPPORT",2107
"OPEN FIRMWARE AND FLATTENED DEVICE TREE BINDINGS","ARM ARCHITECTED TIMER DRIVER",2214
"OPEN FIRMWARE AND FLATTENED DEVICE TREE BINDINGS","ARM GENERIC INTERRUPT CONTROLLER DRIVERS",14401
"OPEN FIRMWARE AND FLATTENED DEVICE TREE BINDINGS","ARM PRIMECELL BUS SUPPORT",1202
"OPEN FIRMWARE AND FLATTENED DEVICE TREE BINDINGS","ARM PRIMECELL KMI PL050 DRIVER",288
"OPEN FIRMWARE AND FLATTENED DEVICE TREE BINDINGS","ARM PRIMECELL MMCI PL180/1 DRIVER",4149
"OPEN FIRMWARE AND FLATTENED DEVICE TREE BINDINGS","ARM PRIMECELL PL35X SMC DRIVER",326
"OPEN FIRMWARE AND FLATTENED DEVICE TREE BINDINGS","ARM PRIMECELL SSP PL022 SPI DRIVER",2304
"OPEN FIRMWARE AND FLATTENED DEVICE TREE BINDINGS","ARM PRIMECELL UART PL010 AND PL011 DRIVERS",4070
"OPEN FIRMWARE AND FLATTENED DEVICE TREE BINDINGS","ARM PRIMECELL VIC PL190/PL192 DRIVER",597
"OPEN FIRMWARE AND FLATTENED DEVICE TREE BINDINGS","ARM SMC WATCHDOG DRIVER",227
"OPEN FIRMWARE AND FLATTENED DEVICE TREE BINDINGS","ARM/ACTIONS SEMI ARCHITECTURE",24292
"OPEN FIRMWARE AND FLATTENED DEVICE TREE BINDINGS","ARM/Allwinner SoC Clock Support",5007
"OPEN FIRMWARE AND FLATTENED DEVICE TREE BINDINGS","ARM/Allwinner sunXi SoC support",200122
"OPEN FIRMWARE AND FLATTENED DEVICE TREE BINDINGS","ARM/AMD PENSANDO ARM64 ARCHITECTURE",629
"OPEN FIRMWARE AND FLATTENED DEVICE TREE BINDINGS","ARM/Amlogic Meson SoC CLOCK FRAMEWORK",30069
"OPEN FIRMWARE AND FLATTENED DEVICE TREE BINDINGS","ARM/Amlogic Meson SoC support",137308
"OPEN FIRMWARE AND FLATTENED DEVICE TREE BINDINGS","ARM/Annapurna Labs ALPINE ARCHITECTURE",1408
"OPEN FIRMWARE AND FLATTENED DEVICE TREE BINDINGS","ARM/APPLE MACHINE SUPPORT",23186
"OPEN FIRMWARE AND FLATTENED DEVICE TREE BINDINGS","ARM/ASPEED I2C DRIVER",1322
"OPEN FIRMWARE AND FLATTENED DEVICE TREE BINDINGS","ARM/ASPEED MACHINE SUPPORT",81465
"OPEN FIRMWARE AND FLATTENED DEVICE TREE BINDINGS","ARM/BITMAIN ARCHITECTURE",2933
"OPEN FIRMWARE AND FLATTENED DEVICE TREE BINDINGS","ARM/CIRRUS LOGIC CLPS711X ARM ARCHITECTURE",2651
"OPEN FIRMWARE AND FLATTENED DEVICE TREE BINDINGS","ARM/CONEXANT DIGICOLOR MACHINE SUPPORT",2413
"OPEN FIRMWARE AND FLATTENED DEVICE TREE BINDINGS","ARM/CORTINA SYSTEMS GEMINI ARM ARCHITECTURE",11015
"OPEN FIRMWARE AND FLATTENED DEVICE TREE BINDINGS","ARM/CZ.NIC TURRIS SUPPORT",3213
"OPEN FIRMWARE AND FLATTENED DEVICE TREE BINDINGS","ARM/FREESCALE IMX / MXC ARM ARCHITECTURE",417001
"OPEN FIRMWARE AND FLATTENED DEVICE TREE BINDINGS","ARM/FREESCALE LAYERSCAPE ARM ARCHITECTURE",20643
"OPEN FIRMWARE AND FLATTENED DEVICE TREE BINDINGS","ARM/FREESCALE VYBRID ARM ARCHITECTURE",7277
"OPEN FIRMWARE AND FLATTENED DEVICE TREE BINDINGS","ARM/HISILICON SOC SUPPORT",17017
"OPEN FIRMWARE AND FLATTENED DEVICE TREE BINDINGS","ARM/HPE GXP ARCHITECTURE",2028
"OPEN FIRMWARE AND FLATTENED DEVICE TREE BINDINGS","ARM/IGEP MACHINE SUPPORT",857
"OPEN FIRMWARE AND FLATTENED DEVICE TREE BINDINGS","ARM/INTEL IXP4XX ARM ARCHITECTURE",11139
"OPEN FIRMWARE AND FLATTENED DEVICE TREE BINDINGS","ARM/INTEL KEEMBAY ARCHITECTURE",184
"OPEN FIRMWARE AND FLATTENED DEVICE TREE BINDINGS","ARM/LG1K ARCHITECTURE",785
"OPEN FIRMWARE AND FLATTENED DEVICE TREE BINDINGS","ARM/LPC18XX ARCHITECTURE",9868
"OPEN FIRMWARE AND FLATTENED DEVICE TREE BINDINGS","ARM/LPC32XX SOC SUPPORT",15984
"OPEN FIRMWARE AND FLATTENED DEVICE TREE BINDINGS","ARM/Marvell Kirkwood and Armada 370, 375, 38x, 39x, XP, 3700, 7K/8K, CN9130 SOC support",60197
"OPEN FIRMWARE AND FLATTENED DEVICE TREE BINDINGS","ARM/Microchip (AT91) SoC support",127008
"OPEN FIRMWARE AND FLATTENED DEVICE TREE BINDINGS","ARM/MILBEAUT ARCHITECTURE",3455
"OPEN FIRMWARE AND FLATTENED DEVICE TREE BINDINGS","ARM/MStar/Sigmastar Armv7 SoC support",3072
"OPEN FIRMWARE AND FLATTENED DEVICE TREE BINDINGS","ARM/NOMADIK/Ux500 ARCHITECTURES",34567
"OPEN FIRMWARE AND FLATTENED DEVICE TREE BINDINGS","ARM/NUVOTON MA35 ARCHITECTURE",3517
"OPEN FIRMWARE AND FLATTENED DEVICE TREE BINDINGS","ARM/NUVOTON NPCM ARCHITECTURE",21482
"OPEN FIRMWARE AND FLATTENED DEVICE TREE BINDINGS","ARM/NUVOTON WPCM450 ARCHITECTURE",3037
"OPEN FIRMWARE AND FLATTENED DEVICE TREE BINDINGS","ARM/NXP S32G ARCHITECTURE",202
"OPEN FIRMWARE AND FLATTENED DEVICE TREE BINDINGS","ARM/QUALCOMM CHROMEBOOK SUPPORT",26655
"OPEN FIRMWARE AND FLATTENED DEVICE TREE BINDINGS","ARM/QUALCOMM SUPPORT",852390
"OPEN FIRMWARE AND FLATTENED DEVICE TREE BINDINGS","ARM/RDA MICRO ARCHITECTURE",1881
"OPEN FIRMWARE AND FLATTENED DEVICE TREE BINDINGS","ARM/REALTEK ARCHITECTURE",1601
"OPEN FIRMWARE AND FLATTENED DEVICE TREE BINDINGS","ARM/RISC-V/RENESAS ARCHITECTURE",97563
"OPEN FIRMWARE AND FLATTENED DEVICE TREE BINDINGS","ARM/Rockchip SoC support",223471
"OPEN FIRMWARE AND FLATTENED DEVICE TREE BINDINGS","ARM/SAMSUNG S3C, S5P AND EXYNOS ARM ARCHITECTURES",184023
"OPEN FIRMWARE AND FLATTENED DEVICE TREE BINDINGS","ARM/SOCFPGA ARCHITECTURE",7901
"OPEN FIRMWARE AND FLATTENED DEVICE TREE BINDINGS","ARM/SOCFPGA CLOCK FRAMEWORK SUPPORT",2849
"OPEN FIRMWARE AND FLATTENED DEVICE TREE BINDINGS","ARM/SPREADTRUM SoC SUPPORT",38093
"OPEN FIRMWARE AND FLATTENED DEVICE TREE BINDINGS","ARM/STI ARCHITECTURE",18236
"OPEN FIRMWARE AND FLATTENED DEVICE TREE BINDINGS","ARM/SUNPLUS SP7021 SOC SUPPORT",2041
"OPEN FIRMWARE AND FLATTENED DEVICE TREE BINDINGS","ARM/Synaptics SoC support",2734
"OPEN FIRMWARE AND FLATTENED DEVICE TREE BINDINGS","ARM/TESLA FSD SoC SUPPORT",1550
"OPEN FIRMWARE AND FLATTENED DEVICE TREE BINDINGS","ARM/TEXAS INSTRUMENT AEMIF/EMIF DRIVERS",3243
"OPEN FIRMWARE AND FLATTENED DEVICE TREE BINDINGS","ARM/TEXAS INSTRUMENT KEYSTONE ARCHITECTURE",5811
"OPEN FIRMWARE AND FLATTENED DEVICE TREE BINDINGS","ARM/TEXAS INSTRUMENT KEYSTONE CLOCK FRAMEWORK",1598
"OPEN FIRMWARE AND FLATTENED DEVICE TREE BINDINGS","ARM/TEXAS INSTRUMENT KEYSTONE CLOCKSOURCE",226
"OPEN FIRMWARE AND FLATTENED DEVICE TREE BINDINGS","ARM/TEXAS INSTRUMENT KEYSTONE RESET DRIVER",173
"OPEN FIRMWARE AND FLATTENED DEVICE TREE BINDINGS","ARM/TEXAS INSTRUMENTS K3 ARCHITECTURE",44099
"OPEN FIRMWARE AND FLATTENED DEVICE TREE BINDINGS","ARM/TOSHIBA VISCONTI ARCHITECTURE",4593
"OPEN FIRMWARE AND FLATTENED DEVICE TREE BINDINGS","ARM/UNIPHIER ARCHITECTURE",37582
"OPEN FIRMWARE AND FLATTENED DEVICE TREE BINDINGS","ARM/VT8500 ARM ARCHITECTURE",4973
"OPEN FIRMWARE AND FLATTENED DEVICE TREE BINDINGS","ARM/ZYNQ ARCHITECTURE",90974
"OPEN FIRMWARE AND FLATTENED DEVICE TREE BINDINGS","AS3645A LED FLASH CONTROLLER DRIVER",772
"OPEN FIRMWARE AND FLATTENED DEVICE TREE BINDINGS","ASPEED PECI CONTROLLER",671
"OPEN FIRMWARE AND FLATTENED DEVICE TREE BINDINGS","ASPEED PINCTRL DRIVERS",10433
"OPEN FIRMWARE AND FLATTENED DEVICE TREE BINDINGS","ASPEED SCU INTERRUPT CONTROLLER DRIVER",286
"OPEN FIRMWARE AND FLATTENED DEVICE TREE BINDINGS","ASPEED SD/MMC DRIVER",837
"OPEN FIRMWARE AND FLATTENED DEVICE TREE BINDINGS","ASPEED SMC SPI DRIVER",1286
"OPEN FIRMWARE AND FLATTENED DEVICE TREE BINDINGS","ATHEROS 71XX/9XXX GPIO DRIVER",345
"OPEN FIRMWARE AND FLATTENED DEVICE TREE BINDINGS","ATHEROS 71XX/9XXX USB PHY DRIVER",127
"OPEN FIRMWARE AND FLATTENED DEVICE TREE BINDINGS","ATI_REMOTE2 DRIVER",1035
"OPEN FIRMWARE AND FLATTENED DEVICE TREE BINDINGS","ATM",32978
"OPEN FIRMWARE AND FLATTENED DEVICE TREE BINDINGS","ATMEL MAXTOUCH DRIVER",3592
"OPEN FIRMWARE AND FLATTENED DEVICE TREE BINDINGS","AXENTIA ARM DEVICES",983
"OPEN FIRMWARE AND FLATTENED DEVICE TREE BINDINGS","AXI SPI ENGINE",791
"OPEN FIRMWARE AND FLATTENED DEVICE TREE BINDINGS","AXXIA I2C CONTROLLER",868
"OPEN FIRMWARE AND FLATTENED DEVICE TREE BINDINGS","BLINKM RGB LED DRIVER",745
"OPEN FIRMWARE AND FLATTENED DEVICE TREE BINDINGS","BROADCOM BCM281XX/BCM11XXX/BCM216XX ARM ARCHITECTURE",11581
"OPEN FIRMWARE AND FLATTENED DEVICE TREE BINDINGS","BROADCOM BCM47XX MIPS ARCHITECTURE",3359
"OPEN FIRMWARE AND FLATTENED DEVICE TREE BINDINGS","BROADCOM BCM4908 PINMUX DRIVER",636
"OPEN FIRMWARE AND FLATTENED DEVICE TREE BINDINGS","BROADCOM BCM5301X ARM ARCHITECTURE",6452
"OPEN FIRMWARE AND FLATTENED DEVICE TREE BINDINGS","BROADCOM BCM53573 ARM ARCHITECTURE",571
"OPEN FIRMWARE AND FLATTENED DEVICE TREE BINDINGS","BROADCOM BCM6348/BCM6358 SPI controller DRIVER",737
"OPEN FIRMWARE AND FLATTENED DEVICE TREE BINDINGS","BROADCOM BCM7XXX ARM ARCHITECTURE",13751
"OPEN FIRMWARE AND FLATTENED DEVICE TREE BINDINGS","BROADCOM BCMBCA ARM ARCHITECTURE",5390
"OPEN FIRMWARE AND FLATTENED DEVICE TREE BINDINGS","BROADCOM BMIPS CPUFREQ DRIVER",189
"OPEN FIRMWARE AND FLATTENED DEVICE TREE BINDINGS","BROADCOM BMIPS MIPS ARCHITECTURE",10852
"OPEN FIRMWARE AND FLATTENED DEVICE TREE BINDINGS","BROADCOM BRCMSTB GPIO DRIVER",869
"OPEN FIRMWARE AND FLATTENED DEVICE TREE BINDINGS","BROADCOM BRCMSTB I2C DRIVER",850
"OPEN FIRMWARE AND FLATTENED DEVICE TREE BINDINGS","BROADCOM BRCMSTB UART DRIVER",1332
"OPEN FIRMWARE AND FLATTENED DEVICE TREE BINDINGS","BROADCOM BRCMSTB USB2 and USB3 PHY DRIVER",2395
"OPEN FIRMWARE AND FLATTENED DEVICE TREE BINDINGS","BROADCOM Broadband SoC High Speed SPI Controller DRIVER",1741
"OPEN FIRMWARE AND FLATTENED DEVICE TREE BINDINGS","BROADCOM IPROC ARM ARCHITECTURE",28377
"OPEN FIRMWARE AND FLATTENED DEVICE TREE BINDINGS","BROADCOM KONA GPIO DRIVER",756
"OPEN FIRMWARE AND FLATTENED DEVICE TREE BINDINGS","BROADCOM PMB (POWER MANAGEMENT BUS) DRIVER",375
"OPEN FIRMWARE AND FLATTENED DEVICE TREE BINDINGS","BROADCOM SPI DRIVER",2231
"OPEN FIRMWARE AND FLATTENED DEVICE TREE BINDINGS","BROADCOM STB AVS CPUFREQ DRIVER",857
"OPEN FIRMWARE AND FLATTENED DEVICE TREE BINDINGS","BROADCOM STB AVS TMON DRIVER",433
"OPEN FIRMWARE AND FLATTENED DEVICE TREE BINDINGS","BROADCOM STB DPFE DRIVER",993
"OPEN FIRMWARE AND FLATTENED DEVICE TREE BINDINGS","BROADCOM STB PCIE DRIVER",1907
"OPEN FIRMWARE AND FLATTENED DEVICE TREE BINDINGS","BT8XXGPIO DRIVER",311
"OPEN FIRMWARE AND FLATTENED DEVICE TREE BINDINGS","BUS FREQUENCY DRIVER FOR SAMSUNG EXYNOS",841
"OPEN FIRMWARE AND FLATTENED DEVICE TREE BINDINGS","CANAAN/KENDRYTE K210 SOC FPIOA DRIVER",1182
"OPEN FIRMWARE AND FLATTENED DEVICE TREE BINDINGS","CANAAN/KENDRYTE K210 SOC RESET CONTROLLER DRIVER",170
"OPEN FIRMWARE AND FLATTENED DEVICE TREE BINDINGS","CAVIUM I2C DRIVER",1559
"OPEN FIRMWARE AND FLATTENED DEVICE TREE BINDINGS","CAVIUM MMC DRIVER",1846
"OPEN FIRMWARE AND FLATTENED DEVICE TREE BINDINGS","CAVIUM THUNDERX2 ARM64 SOC",183
"OPEN FIRMWARE AND FLATTENED DEVICE TREE BINDINGS","CCTRNG ARM TRUSTZONE CRYPTOCELL TRUE RANDOM NUMBER GENERATOR (TRNG) DRIVER",787
"OPEN FIRMWARE AND FLATTENED DEVICE TREE BINDINGS","CHIPONE ICN8318 I2C TOUCHSCREEN DRIVER",333
"OPEN FIRMWARE AND FLATTENED DEVICE TREE BINDINGS","CHIPONE ICN8505 I2C TOUCHSCREEN DRIVER",508
"OPEN FIRMWARE AND FLATTENED DEVICE TREE BINDINGS","CLOCKSOURCE, CLOCKEVENT DRIVERS",34433
"OPEN FIRMWARE AND FLATTENED DEVICE TREE BINDINGS","COMMON CLK FRAMEWORK",731367
"OPEN FIRMWARE AND FLATTENED DEVICE TREE BINDINGS","COMPACTPCI HOTPLUG CORE",1058
"OPEN FIRMWARE AND FLATTENED DEVICE TREE BINDINGS","COMPACTPCI HOTPLUG GENERIC DRIVER",207
"OPEN FIRMWARE AND FLATTENED DEVICE TREE BINDINGS","COMPACTPCI HOTPLUG ZIATECH ZT5550 DRIVER",369
"OPEN FIRMWARE AND FLATTENED DEVICE TREE BINDINGS","CP2615 I2C DRIVER",336
"OPEN FIRMWARE AND FLATTENED DEVICE TREE BINDINGS","CPU FREQUENCY DRIVERS - VEXPRESS SPC ARM BIG LITTLE",577
"OPEN FIRMWARE AND FLATTENED DEVICE TREE BINDINGS","CPU FREQUENCY SCALING FRAMEWORK",47080
"OPEN FIRMWARE AND FLATTENED DEVICE TREE BINDINGS","CPU IDLE TIME MANAGEMENT FRAMEWORK",11021
"OPEN FIRMWARE AND FLATTENED DEVICE TREE BINDINGS","CPUIDLE DRIVER - ARM BIG LITTLE",233
"OPEN FIRMWARE AND FLATTENED DEVICE TREE BINDINGS","CPUIDLE DRIVER - ARM PSCI",449
"OPEN FIRMWARE AND FLATTENED DEVICE TREE BINDINGS","CPUIDLE DRIVER - ARM PSCI PM DOMAIN",234
"OPEN FIRMWARE AND FLATTENED DEVICE TREE BINDINGS","CPUIDLE DRIVER - DT IDLE PM DOMAIN",259
"OPEN FIRMWARE AND FLATTENED DEVICE TREE BINDINGS","CPUIDLE DRIVER - RISC-V SBI",634
"OPEN FIRMWARE AND FLATTENED DEVICE TREE BINDINGS","CYPRESS CY8C95X0 PINCTRL DRIVER",1653
"OPEN FIRMWARE AND FLATTENED DEVICE TREE BINDINGS","CYPRESS CY8CTMA140 TOUCHSCREEN DRIVER",349
"OPEN FIRMWARE AND FLATTENED DEVICE TREE BINDINGS","CYPRESS STREETFIGHTER TOUCHKEYS DRIVER",299
"OPEN FIRMWARE AND FLATTENED DEVICE TREE BINDINGS","CYTTSP TOUCHSCREEN DRIVER",5088
"OPEN FIRMWARE AND FLATTENED DEVICE TREE BINDINGS","D-LINK DIR-685 TOUCHKEYS DRIVER",155
"OPEN FIRMWARE AND FLATTENED DEVICE TREE BINDINGS","DALLAS/MAXIM DS1685-FAMILY REAL TIME CLOCK",1810
"OPEN FIRMWARE AND FLATTENED DEVICE TREE BINDINGS","DECSTATION PLATFORM SUPPORT",4278
"OPEN FIRMWARE AND FLATTENED DEVICE TREE BINDINGS","DELTA NETWORKS TN48M CPLD DRIVERS",284
"OPEN FIRMWARE AND FLATTENED DEVICE TREE BINDINGS","DESIGNWARE EDMA CORE IP DRIVER",3460
"OPEN FIRMWARE AND FLATTENED DEVICE TREE BINDINGS","DEVICE FREQUENCY (DEVFREQ)",10743
"OPEN FIRMWARE AND FLATTENED DEVICE TREE BINDINGS","DEVICE FREQUENCY EVENT (DEVFREQ-EVENT)",3134
"OPEN FIRMWARE AND FLATTENED DEVICE TREE BINDINGS","DH ELECTRONICS IMX6 DHCOM/DHCOR BOARD SUPPORT",3248
"OPEN FIRMWARE AND FLATTENED DEVICE TREE BINDINGS","DIAMOND SYSTEMS GPIO-MM GPIO DRIVER",101
"OPEN FIRMWARE AND FLATTENED DEVICE TREE BINDINGS","DIOLAN U2C-12 I2C DRIVER",518
"OPEN FIRMWARE AND FLATTENED DEVICE TREE BINDINGS","DMA GENERIC OFFLOAD ENGINE SUBSYSTEM",166816
"OPEN FIRMWARE AND FLATTENED DEVICE TREE BINDINGS","DMC FREQUENCY DRIVER FOR SAMSUNG EXYNOS5422",1730
"OPEN FIRMWARE AND FLATTENED DEVICE TREE BINDINGS","DRIVERS FOR OMAP ADAPTIVE VOLTAGE SCALING (AVS)",1324
"OPEN FIRMWARE AND FLATTENED DEVICE TREE BINDINGS","DRM DRIVERS FOR EXYNOS",22133
"OPEN FIRMWARE AND FLATTENED DEVICE TREE BINDINGS","DZ DECSTATION DZ11 SERIAL DRIVER",1077
"OPEN FIRMWARE AND FLATTENED DEVICE TREE BINDINGS","E3X0 POWER BUTTON DRIVER",158
"OPEN FIRMWARE AND FLATTENED DEVICE TREE BINDINGS","EMMC CMDQ HOST CONTROLLER INTERFACE (CQHCI) DRIVER",1847
"OPEN FIRMWARE AND FLATTENED DEVICE TREE BINDINGS","ENE CB710 FLASH CARD READER DRIVER",1707
"OPEN FIRMWARE AND FLATTENED DEVICE TREE BINDINGS","EPAPR HYPERVISOR BYTE CHANNEL DEVICE DRIVER",820
"OPEN FIRMWARE AND FLATTENED DEVICE TREE BINDINGS","EXYNOS DP DRIVER",297
"OPEN FIRMWARE AND FLATTENED DEVICE TREE BINDINGS","FLYSKY FSIA6B RC RECEIVER",231
"OPEN FIRMWARE AND FLATTENED DEVICE TREE BINDINGS","FREESCALE COLDFIRE M5441X MMC DRIVER",537
"OPEN FIRMWARE AND FLATTENED DEVICE TREE BINDINGS","FREESCALE DMA DRIVER",1694
"OPEN FIRMWARE AND FLATTENED DEVICE TREE BINDINGS","FREESCALE DSPI DRIVER",1564
"OPEN FIRMWARE AND FLATTENED DEVICE TREE BINDINGS","FREESCALE eDMA DRIVER",2189
"OPEN FIRMWARE AND FLATTENED DEVICE TREE BINDINGS","FREESCALE I2C CPM DRIVER",715
"OPEN FIRMWARE AND FLATTENED DEVICE TREE BINDINGS","FREESCALE IMX I2C DRIVER",1780
"OPEN FIRMWARE AND FLATTENED DEVICE TREE BINDINGS","FREESCALE IMX LPI2C DRIVER",759
"OPEN FIRMWARE AND FLATTENED DEVICE TREE BINDINGS","FREESCALE MPC I2C DRIVER",1075
"OPEN FIRMWARE AND FLATTENED DEVICE TREE BINDINGS","FREESCALE QUAD SPI DRIVER",1106
"OPEN FIRMWARE AND FLATTENED DEVICE TREE BINDINGS","FREESCALE QUICC ENGINE UCC UART DRIVER",1537
"OPEN FIRMWARE AND FLATTENED DEVICE TREE BINDINGS","FSI-ATTACHED I2C DRIVER",816
"OPEN FIRMWARE AND FLATTENED DEVICE TREE BINDINGS","FSI-ATTACHED SPI DRIVER",631
"OPEN FIRMWARE AND FLATTENED DEVICE TREE BINDINGS","GENERIC GPIO I2C DRIVER",548
"OPEN FIRMWARE AND FLATTENED DEVICE TREE BINDINGS","GENERIC GPIO I2C MULTIPLEXER DRIVER",375
"OPEN FIRMWARE AND FLATTENED DEVICE TREE BINDINGS","GENERIC PHY FRAMEWORK",133719
"OPEN FIRMWARE AND FLATTENED DEVICE TREE BINDINGS","GENERIC PINCTRL I2C DEMULTIPLEXER DRIVER",496
"OPEN FIRMWARE AND FLATTENED DEVICE TREE BINDINGS","GENERIC PM DOMAINS",29712
"OPEN FIRMWARE AND FLATTENED DEVICE TREE BINDINGS","GENERIC RESISTIVE TOUCHSCREEN ADC DRIVER",303
"OPEN FIRMWARE AND FLATTENED DEVICE TREE BINDINGS","GNSS SUBSYSTEM",2342
"OPEN FIRMWARE AND FLATTENED DEVICE TREE BINDINGS","GOODIX TOUCHSCREEN",2112
"OPEN FIRMWARE AND FLATTENED DEVICE TREE BINDINGS","GOOGLE TENSOR SoC SUPPORT",4880
"OPEN FIRMWARE AND FLATTENED DEVICE TREE BINDINGS","GPIO ACPI SUPPORT",2093
"OPEN FIRMWARE AND FLATTENED DEVICE TREE BINDINGS","GPIO AGGREGATOR",747
"OPEN FIRMWARE AND FLATTENED DEVICE TREE BINDINGS","GPIO REGMAP",439
"OPEN FIRMWARE AND FLATTENED DEVICE TREE BINDINGS","GPIO SUBSYSTEM",95498
"OPEN FIRMWARE AND FLATTENED DEVICE TREE BINDINGS","GPIO UAPI",4598
"OPEN FIRMWARE AND FLATTENED DEVICE TREE BINDINGS","HARDWARE RANDOM NUMBER GENERATOR CORE",13511
"OPEN FIRMWARE AND FLATTENED DEVICE TREE BINDINGS","HEWLETT PACKARD ENTERPRISE ILO NMI WATCHDOG DRIVER",488
"OPEN FIRMWARE AND FLATTENED DEVICE TREE BINDINGS","HIMAX HX83112B TOUCHSCREEN SUPPORT",427
"OPEN FIRMWARE AND FLATTENED DEVICE TREE BINDINGS","HISILICON DMA DRIVER",1053
"OPEN FIRMWARE AND FLATTENED DEVICE TREE BINDINGS","HISILICON GPIO DRIVER",391
"OPEN FIRMWARE AND FLATTENED DEVICE TREE BINDINGS","HISILICON I2C CONTROLLER DRIVER",605
"OPEN FIRMWARE AND FLATTENED DEVICE TREE BINDINGS","HISILICON LPC BUS DRIVER",755
"OPEN FIRMWARE AND FLATTENED DEVICE TREE BINDINGS","HISILICON SPI Controller DRIVER FOR KUNPENG SOCS",553
"OPEN FIRMWARE AND FLATTENED DEVICE TREE BINDINGS","HISILICON V3XX SPI NOR FLASH Controller Driver",547
"OPEN FIRMWARE AND FLATTENED DEVICE TREE BINDINGS","HTCPEN TOUCHSCREEN DRIVER",243
"OPEN FIRMWARE AND FLATTENED DEVICE TREE BINDINGS","HTE SUBSYSTEM",2718
"OPEN FIRMWARE AND FLATTENED DEVICE TREE BINDINGS","HYCON HY46XX TOUCHSCREEN SUPPORT",703
"OPEN FIRMWARE AND FLATTENED DEVICE TREE BINDINGS","HYPERVISOR VIRTUAL CONSOLE DRIVER",8256
"OPEN FIRMWARE AND FLATTENED DEVICE TREE BINDINGS","I2C ACPI SUPPORT",813
"OPEN FIRMWARE AND FLATTENED DEVICE TREE BINDINGS","I2C ADDRESS TRANSLATOR (ATR)",826
"OPEN FIRMWARE AND FLATTENED DEVICE TREE BINDINGS","I2C CONTROLLER DRIVER FOR NVIDIA GPU",397
"OPEN FIRMWARE AND FLATTENED DEVICE TREE BINDINGS","I2C MUXES",4952
"OPEN FIRMWARE AND FLATTENED DEVICE TREE BINDINGS","I2C MV64XXX MARVELL AND ALLWINNER DRIVER",1260
"OPEN FIRMWARE AND FLATTENED DEVICE TREE BINDINGS","I2C OVER PARALLEL PORT",599
"OPEN FIRMWARE AND FLATTENED DEVICE TREE BINDINGS","I2C SUBSYSTEM",15974
"OPEN FIRMWARE AND FLATTENED DEVICE TREE BINDINGS","I2C SUBSYSTEM HOST DRIVERS",102139
"OPEN FIRMWARE AND FLATTENED DEVICE TREE BINDINGS","I2C-TAOS-EVM DRIVER",359
"OPEN FIRMWARE AND FLATTENED DEVICE TREE BINDINGS","I2C-TINY-USB DRIVER",305
"OPEN FIRMWARE AND FLATTENED DEVICE TREE BINDINGS","I2C/SMBUS CONTROLLER DRIVERS FOR PC",9504
"OPEN FIRMWARE AND FLATTENED DEVICE TREE BINDINGS","I2C/SMBUS INTEL CHT WHISKEY COVE PMIC DRIVER",559
"OPEN FIRMWARE AND FLATTENED DEVICE TREE BINDINGS","I2C/SMBUS ISMT DRIVER",1029
"OPEN FIRMWARE AND FLATTENED DEVICE TREE BINDINGS","I2C/SMBUS STUB DRIVER",413
"OPEN FIRMWARE AND FLATTENED DEVICE TREE BINDINGS","IBM Operation Panel Input Driver",249
"OPEN FIRMWARE AND FLATTENED DEVICE TREE BINDINGS","ICY I2C DRIVER",215
"OPEN FIRMWARE AND FLATTENED DEVICE TREE BINDINGS","IDEAPAD LAPTOP SLIDEBAR DRIVER",351
"OPEN FIRMWARE AND FLATTENED DEVICE TREE BINDINGS","IDT VersaClock 5 CLOCK DRIVER",1543
"OPEN FIRMWARE AND FLATTENED DEVICE TREE BINDINGS","IMAGIS TOUCHSCREEN DRIVER",441
"OPEN FIRMWARE AND FLATTENED DEVICE TREE BINDINGS","INGENIC JZ47xx SoCs",30287
"OPEN FIRMWARE AND FLATTENED DEVICE TREE BINDINGS","INPUT (KEYBOARD, MOUSE, JOYSTICK, TOUCHSCREEN) DRIVERS",248437
"OPEN FIRMWARE AND FLATTENED DEVICE TREE BINDINGS","INPUT MULTITOUCH (MT) PROTOCOL",950
"OPEN FIRMWARE AND FLATTENED DEVICE TREE BINDINGS","INTEL 8255 GPIO DRIVER",175
"OPEN FIRMWARE AND FLATTENED DEVICE TREE BINDINGS","INTEL GPIO DRIVERS",2974
"OPEN FIRMWARE AND FLATTENED DEVICE TREE BINDINGS","INTEL IDXD DRIVER",9484
"OPEN FIRMWARE AND FLATTENED DEVICE TREE BINDINGS","INTEL PMIC GPIO DRIVERS",911
"OPEN FIRMWARE AND FLATTENED DEVICE TREE BINDINGS","INTEL PSTATE DRIVER",3583
"OPEN FIRMWARE AND FLATTENED DEVICE TREE BINDINGS","INTEL STRATIX10 FIRMWARE DRIVERS",3272
"OPEN FIRMWARE AND FLATTENED DEVICE TREE BINDINGS","INTERCONNECT API",60563
"OPEN FIRMWARE AND FLATTENED DEVICE TREE BINDINGS","IPMI SUBSYSTEM",24004
"OPEN FIRMWARE AND FLATTENED DEVICE TREE BINDINGS","IPWIRELESS DRIVER",3617
"OPEN FIRMWARE AND FLATTENED DEVICE TREE BINDINGS","IRQCHIP DRIVERS",57208
"OPEN FIRMWARE AND FLATTENED DEVICE TREE BINDINGS","JSM Neo PCI based serial card",3913
"OPEN FIRMWARE AND FLATTENED DEVICE TREE BINDINGS","KERNEL VIRTUAL MACHINE FOR MIPS (KVM/mips)",11071
"OPEN FIRMWARE AND FLATTENED DEVICE TREE BINDINGS","KERNEL VIRTUAL MACHINE FOR RISC-V (KVM/riscv)",14068
"OPEN FIRMWARE AND FLATTENED DEVICE TREE BINDINGS","LANTIQ MIPS ARCHITECTURE",3220
"OPEN FIRMWARE AND FLATTENED DEVICE TREE BINDINGS","LED SUBSYSTEM",59649
"OPEN FIRMWARE AND FLATTENED DEVICE TREE BINDINGS","LITEX PLATFORM",2120
"OPEN FIRMWARE AND FLATTENED DEVICE TREE BINDINGS","LOONGSON GPIO DRIVER",478
"OPEN FIRMWARE AND FLATTENED DEVICE TREE BINDINGS","LOONGSON LS2X APB DMA DRIVER",767
"OPEN FIRMWARE AND FLATTENED DEVICE TREE BINDINGS","LOONGSON LS2X I2C DRIVER",421
"OPEN FIRMWARE AND FLATTENED DEVICE TREE BINDINGS","LOONGSON SPI DRIVER",476
"OPEN FIRMWARE AND FLATTENED DEVICE TREE BINDINGS","LOONGSON-2 SOC SERIES CLOCK DRIVER",434
"OPEN FIRMWARE AND FLATTENED DEVICE TREE BINDINGS","LOONGSON-2 SOC SERIES GUTS DRIVER",226
"OPEN FIRMWARE AND FLATTENED DEVICE TREE BINDINGS","LOONGSON-2 SOC SERIES PINCTRL DRIVER",434
"OPEN FIRMWARE AND FLATTENED DEVICE TREE BINDINGS","LOONGSON-2 SOC SERIES PM DRIVER",303
"OPEN FIRMWARE AND FLATTENED DEVICE TREE BINDINGS","LOONGSON-2 SOC SERIES THERMAL DRIVER",222
"OPEN FIRMWARE AND FLATTENED DEVICE TREE BINDINGS","LTC4306 I2C MULTIPLEXER DRIVER",378
"OPEN FIRMWARE AND FLATTENED DEVICE TREE BINDINGS","LYNX 28G SERDES PHY DRIVER",685
"OPEN FIRMWARE AND FLATTENED DEVICE TREE BINDINGS","MAILBOX API",21591
"OPEN FIRMWARE AND FLATTENED DEVICE TREE BINDINGS","MAILBOX ARM MHUv2",1366
"OPEN FIRMWARE AND FLATTENED DEVICE TREE BINDINGS","MARDUK (CREATOR CI40) DEVICE TREE SUPPORT",1091
"OPEN FIRMWARE AND FLATTENED DEVICE TREE BINDINGS","MARVELL ARMADA 3700 PHY DRIVERS",1797
"OPEN FIRMWARE AND FLATTENED DEVICE TREE BINDINGS","MARVELL ARMADA 3700 SERIAL DRIVER",1646
"OPEN FIRMWARE AND FLATTENED DEVICE TREE BINDINGS","MARVELL MACCHIATOBIN SUPPORT",45
"OPEN FIRMWARE AND FLATTENED DEVICE TREE BINDINGS","MARVELL MVEBU THERMAL DRIVER",989
"OPEN FIRMWARE AND FLATTENED DEVICE TREE BINDINGS","MARVELL SOC MMC/SD/SDIO CONTROLLER DRIVER",1028
"OPEN FIRMWARE AND FLATTENED DEVICE TREE BINDINGS","MARVELL XENON MMC/SD/SDIO HOST CONTROLLER DRIVER",1980
"OPEN FIRMWARE AND FLATTENED DEVICE TREE BINDINGS","MAX31335 RTC DRIVER",767
"OPEN FIRMWARE AND FLATTENED DEVICE TREE BINDINGS","MEDIATEK KEYPAD DRIVER",358
"OPEN FIRMWARE AND FLATTENED DEVICE TREE BINDINGS","MEDIATEK MT7621 PCIE CONTROLLER DRIVER",697
"OPEN FIRMWARE AND FLATTENED DEVICE TREE BINDINGS","MEDIATEK MTMIPS CLOCK DRIVER",1171
"OPEN FIRMWARE AND FLATTENED DEVICE TREE BINDINGS","MEDIATEK SMI DRIVER",1226
"OPEN FIRMWARE AND FLATTENED DEVICE TREE BINDINGS","MELFAS MIP4 TOUCHSCREEN DRIVER",1612
"OPEN FIRMWARE AND FLATTENED DEVICE TREE BINDINGS","MELLANOX BLUEFIELD I2C DRIVER",2493
"OPEN FIRMWARE AND FLATTENED DEVICE TREE BINDINGS","MELLANOX MLXCPLD I2C AND MUX DRIVER",855
"OPEN FIRMWARE AND FLATTENED DEVICE TREE BINDINGS","MELLANOX MLXCPLD LED DRIVER",851
"OPEN FIRMWARE AND FLATTENED DEVICE TREE BINDINGS","MEMORY CONTROLLER DRIVERS",47769
"OPEN FIRMWARE AND FLATTENED DEVICE TREE BINDINGS","MEMORY FREQUENCY SCALING DRIVERS FOR NVIDIA TEGRA",983
"OPEN FIRMWARE AND FLATTENED DEVICE TREE BINDINGS","MEN A21 WATCHDOG DRIVER",228
"OPEN FIRMWARE AND FLATTENED DEVICE TREE BINDINGS","MEN Z069 WATCHDOG DRIVER",166
"OPEN FIRMWARE AND FLATTENED DEVICE TREE BINDINGS","METHODE UDPU SUPPORT",263
"OPEN FIRMWARE AND FLATTENED DEVICE TREE BINDINGS","MHI BUS",12222
"OPEN FIRMWARE AND FLATTENED DEVICE TREE BINDINGS","MICROCHIP AT91 DMA DRIVERS",4873
"OPEN FIRMWARE AND FLATTENED DEVICE TREE BINDINGS","MICROCHIP AT91 SERIAL DRIVER",3423
"OPEN FIRMWARE AND FLATTENED DEVICE TREE BINDINGS","MICROCHIP AT91 USART MFD DRIVER",277
"OPEN FIRMWARE AND FLATTENED DEVICE TREE BINDINGS","MICROCHIP AT91 USART SPI DRIVER",853
"OPEN FIRMWARE AND FLATTENED DEVICE TREE BINDINGS","MICROCHIP EIC DRIVER",352
"OPEN FIRMWARE AND FLATTENED DEVICE TREE BINDINGS","MICROCHIP I2C DRIVER",1614
"OPEN FIRMWARE AND FLATTENED DEVICE TREE BINDINGS","MICROCHIP MMC/SD/SDIO MCI DRIVER",2712
"OPEN FIRMWARE AND FLATTENED DEVICE TREE BINDINGS","MICROCHIP OTPC DRIVER",352
"OPEN FIRMWARE AND FLATTENED DEVICE TREE BINDINGS","MICROCHIP PCI1XXXX I2C DRIVER",1212
"OPEN FIRMWARE AND FLATTENED DEVICE TREE BINDINGS","MICROCHIP PCIe UART DRIVER",676
"OPEN FIRMWARE AND FLATTENED DEVICE TREE BINDINGS","MICROCHIP PWM DRIVER",605
"OPEN FIRMWARE AND FLATTENED DEVICE TREE BINDINGS","MICROCHIP SAMA5D2-COMPATIBLE SHUTDOWN CONTROLLER",568
"OPEN FIRMWARE AND FLATTENED DEVICE TREE BINDINGS","MICROCHIP SOC DRIVERS",253
"OPEN FIRMWARE AND FLATTENED DEVICE TREE BINDINGS","MICROCHIP SPI DRIVER",1795
"OPEN FIRMWARE AND FLATTENED DEVICE TREE BINDINGS","MICROCHIP SSC DRIVER",666
"OPEN FIRMWARE AND FLATTENED DEVICE TREE BINDINGS","MICROSEMI MIPS SOCS",1837
"OPEN FIRMWARE AND FLATTENED DEVICE TREE BINDINGS","MIKROTIK CRS3XX 98DX3236 BOARD SUPPORT",180
"OPEN FIRMWARE AND FLATTENED DEVICE TREE BINDINGS","MIPS",335331
"OPEN FIRMWARE AND FLATTENED DEVICE TREE BINDINGS","MIPS BOSTON DEVELOPMENT BOARD",440
"OPEN FIRMWARE AND FLATTENED DEVICE TREE BINDINGS","MIPS CORE DRIVERS",2262
"OPEN FIRMWARE AND FLATTENED DEVICE TREE BINDINGS","MIPS GENERIC PLATFORM",1651
"OPEN FIRMWARE AND FLATTENED DEVICE TREE BINDINGS","MIPS RINT INSTRUCTION EMULATION",157
"OPEN FIRMWARE AND FLATTENED DEVICE TREE BINDINGS","MIPS/LOONGSON1 ARCHITECTURE",2516
"OPEN FIRMWARE AND FLATTENED DEVICE TREE BINDINGS","MIPS/LOONGSON2EF ARCHITECTURE",4424
"OPEN FIRMWARE AND FLATTENED DEVICE TREE BINDINGS","MIPS/LOONGSON64 ARCHITECTURE",6610
"OPEN FIRMWARE AND FLATTENED DEVICE TREE BINDINGS","MMP SUPPORT",2408
"OPEN FIRMWARE AND FLATTENED DEVICE TREE BINDINGS","MMP USB PHY DRIVERS",633
"OPEN FIRMWARE AND FLATTENED DEVICE TREE BINDINGS","MOXA SMARTIO/INDUSTIO/INTELLIO SERIAL CARD",2136
"OPEN FIRMWARE AND FLATTENED DEVICE TREE BINDINGS","MSTAR INTERRUPT CONTROLLER DRIVER",355
"OPEN FIRMWARE AND FLATTENED DEVICE TREE BINDINGS","MULTIMEDIA CARD (MMC) ETC. OVER SPI",1404
"OPEN FIRMWARE AND FLATTENED DEVICE TREE BINDINGS","MULTIMEDIA CARD (MMC), SECURE DIGITAL (SD) AND SDIO SUBSYSTEM",137818
"OPEN FIRMWARE AND FLATTENED DEVICE TREE BINDINGS","MULTIPLEXER SUBSYSTEM",2411
"OPEN FIRMWARE AND FLATTENED DEVICE TREE BINDINGS","NOVATEK NVT-TS I2C TOUCHSCREEN DRIVER",299
"OPEN FIRMWARE AND FLATTENED DEVICE TREE BINDINGS","NTB AMD DRIVER",1588
"OPEN FIRMWARE AND FLATTENED DEVICE TREE BINDINGS","NTB DRIVER CORE",26101
"OPEN FIRMWARE AND FLATTENED DEVICE TREE BINDINGS","NTB IDT DRIVER",4171
"OPEN FIRMWARE AND FLATTENED DEVICE TREE BINDINGS","NTB INTEL DRIVER",3987
"OPEN FIRMWARE AND FLATTENED DEVICE TREE BINDINGS","NVMEM FRAMEWORK",15153
"OPEN FIRMWARE AND FLATTENED DEVICE TREE BINDINGS","NXP FSPI DRIVER",1417
"OPEN FIRMWARE AND FLATTENED DEVICE TREE BINDINGS","NXP i.MX CLOCK DRIVERS",25403
"OPEN FIRMWARE AND FLATTENED DEVICE TREE BINDINGS","OMAP DEVICE TREE SUPPORT",89519
"OPEN FIRMWARE AND FLATTENED DEVICE TREE BINDINGS","OMAP GENERAL PURPOSE MEMORY CONTROLLER SUPPORT",2769
"OPEN FIRMWARE AND FLATTENED DEVICE TREE BINDINGS","OMAP GPIO DRIVER",1695
"OPEN FIRMWARE AND FLATTENED DEVICE TREE BINDINGS","OMAP HS MMC SUPPORT",2137
"OPEN FIRMWARE AND FLATTENED DEVICE TREE BINDINGS","OMAP MMC SUPPORT",1559
"OPEN FIRMWARE AND FLATTENED DEVICE TREE BINDINGS","OMAP RANDOM NUMBER GENERATOR SUPPORT",567
"OPEN FIRMWARE AND FLATTENED DEVICE TREE BINDINGS","OMAP/NEWFLOW NANOBONE MACHINE SUPPORT",492
"OPEN FIRMWARE AND FLATTENED DEVICE TREE BINDINGS","ONIE TLV NVMEM LAYOUT DRIVER",408
"OPEN FIRMWARE AND FLATTENED DEVICE TREE BINDINGS","ONION OMEGA2+ BOARD",18
"OPEN FIRMWARE AND FLATTENED DEVICE TREE BINDINGS","OP-TEE RANDOM NUMBER GENERATOR (RNG) DRIVER",305
"OPEN FIRMWARE AND FLATTENED DEVICE TREE BINDINGS","OP-TEE RTC DRIVER",362
"OPEN FIRMWARE AND FLATTENED DEVICE TREE BINDINGS","OPEN FIRMWARE AND FLATTENED DEVICE TREE BINDINGS",2165197
"OPEN FIRMWARE AND FLATTENED DEVICE TREE BINDINGS","OPENCORES I2C BUS DRIVER",997
"OPEN FIRMWARE AND FLATTENED DEVICE TREE BINDINGS","OPENRISC ARCHITECTURE",12036
"OPEN FIRMWARE AND FLATTENED DEVICE TREE BINDINGS","OPERATING PERFORMANCE POINTS (OPP)",8617
"OPEN FIRMWARE AND FLATTENED DEVICE TREE BINDINGS","PCA9532 LED DRIVER",601
"OPEN FIRMWARE AND FLATTENED DEVICE TREE BINDINGS","PCA9541 I2C BUS MASTER SELECTOR DRIVER",348
"OPEN FIRMWARE AND FLATTENED DEVICE TREE BINDINGS","PCI DRIVER FOR AARDVARK (Marvell Armada 3700)",2070
"OPEN FIRMWARE AND FLATTENED DEVICE TREE BINDINGS","PCI DRIVER FOR ALTERA PCIE IP",879
"OPEN FIRMWARE AND FLATTENED DEVICE TREE BINDINGS","PCI DRIVER FOR APPLIEDMICRO XGENE",700
"OPEN FIRMWARE AND FLATTENED DEVICE TREE BINDINGS","PCI DRIVER FOR ARM VERSATILE PLATFORM",265
"OPEN FIRMWARE AND FLATTENED DEVICE TREE BINDINGS","PCI DRIVER FOR ARMADA 8K",397
"OPEN FIRMWARE AND FLATTENED DEVICE TREE BINDINGS","PCI DRIVER FOR CADENCE PCIE IP",2451
"OPEN FIRMWARE AND FLATTENED DEVICE TREE BINDINGS","PCI DRIVER FOR FREESCALE LAYERSCAPE",706
"OPEN FIRMWARE AND FLATTENED DEVICE TREE BINDINGS","PCI DRIVER FOR FU740",477
"OPEN FIRMWARE AND FLATTENED DEVICE TREE BINDINGS","PCI DRIVER FOR GENERIC OF HOSTS",365
"OPEN FIRMWARE AND FLATTENED DEVICE TREE BINDINGS","PCI DRIVER FOR IMX6",2194
"OPEN FIRMWARE AND FLATTENED DEVICE TREE BINDINGS","PCI DRIVER FOR INTEL IXP4XX",772
"OPEN FIRMWARE AND FLATTENED DEVICE TREE BINDINGS","PCI DRIVER FOR INTEL VOLUME MANAGEMENT DEVICE (VMD)",1132
"OPEN FIRMWARE AND FLATTENED DEVICE TREE BINDINGS","PCI DRIVER FOR MICROSEMI SWITCHTEC",4359
"OPEN FIRMWARE AND FLATTENED DEVICE TREE BINDINGS","PCI DRIVER FOR MOBIVEIL PCIE IP",1178
"OPEN FIRMWARE AND FLATTENED DEVICE TREE BINDINGS","PCI DRIVER FOR MVEBU (Marvell Armada 370 and Armada XP SOC support)",1737
"OPEN FIRMWARE AND FLATTENED DEVICE TREE BINDINGS","PCI DRIVER FOR NVIDIA TEGRA",3481
"OPEN FIRMWARE AND FLATTENED DEVICE TREE BINDINGS","PCI DRIVER FOR NXP LAYERSCAPE GEN4 CONTROLLER",307
"OPEN FIRMWARE AND FLATTENED DEVICE TREE BINDINGS","PCI DRIVER FOR RENESAS R-CAR",3523
"OPEN FIRMWARE AND FLATTENED DEVICE TREE BINDINGS","PCI DRIVER FOR SAMSUNG EXYNOS",441
"OPEN FIRMWARE AND FLATTENED DEVICE TREE BINDINGS","PCI DRIVER FOR SYNOPSYS DESIGNWARE",4105
"OPEN FIRMWARE AND FLATTENED DEVICE TREE BINDINGS","PCI DRIVER FOR TI DRA7XX/J721E",1663
"OPEN FIRMWARE AND FLATTENED DEVICE TREE BINDINGS","PCI DRIVER FOR V3 SEMICONDUCTOR V360EPC",983
"OPEN FIRMWARE AND FLATTENED DEVICE TREE BINDINGS","PCI DRIVER FOR XILINX VERSAL CPM",773
"OPEN FIRMWARE AND FLATTENED DEVICE TREE BINDINGS","PCI ENDPOINT SUBSYSTEM",11190
"OPEN FIRMWARE AND FLATTENED DEVICE TREE BINDINGS","PCI MSI DRIVER FOR ALTERA MSI IP",320
"OPEN FIRMWARE AND FLATTENED DEVICE TREE BINDINGS","PCI MSI DRIVER FOR APPLIEDMICRO XGENE",596
"OPEN FIRMWARE AND FLATTENED DEVICE TREE BINDINGS","PCI NATIVE HOST BRIDGE AND ENDPOINT DRIVERS",74344
"OPEN FIRMWARE AND FLATTENED DEVICE TREE BINDINGS","PCI PEER-TO-PEER DMA (P2PDMA)",1350
"OPEN FIRMWARE AND FLATTENED DEVICE TREE BINDINGS","PCI SUBSYSTEM",185630
"OPEN FIRMWARE AND FLATTENED DEVICE TREE BINDINGS","PCIE DRIVER FOR AMAZON ANNAPURNA LABS",426
"OPEN FIRMWARE AND FLATTENED DEVICE TREE BINDINGS","PCIE DRIVER FOR AMLOGIC MESON",497
"OPEN FIRMWARE AND FLATTENED DEVICE TREE BINDINGS","PCIE DRIVER FOR AXIS ARTPEC",550
"OPEN FIRMWARE AND FLATTENED DEVICE TREE BINDINGS","PCIE DRIVER FOR CAVIUM THUNDERX",843
"OPEN FIRMWARE AND FLATTENED DEVICE TREE BINDINGS","PCIE DRIVER FOR HISILICON",180
"OPEN FIRMWARE AND FLATTENED DEVICE TREE BINDINGS","PCIE DRIVER FOR HISILICON KIRIN",1008
"OPEN FIRMWARE AND FLATTENED DEVICE TREE BINDINGS","PCIE DRIVER FOR HISILICON STB",519
"OPEN FIRMWARE AND FLATTENED DEVICE TREE BINDINGS","PCIE DRIVER FOR INTEL KEEM BAY",630
"OPEN FIRMWARE AND FLATTENED DEVICE TREE BINDINGS","PCIE DRIVER FOR INTEL LGM GW SOC",570
"OPEN FIRMWARE AND FLATTENED DEVICE TREE BINDINGS","PCIE DRIVER FOR MEDIATEK",3064
"OPEN FIRMWARE AND FLATTENED DEVICE TREE BINDINGS","PCIE DRIVER FOR MICROCHIP",1356
"OPEN FIRMWARE AND FLATTENED DEVICE TREE BINDINGS","PCIE DRIVER FOR QUALCOMM MSM",1674
"OPEN FIRMWARE AND FLATTENED DEVICE TREE BINDINGS","PCIE DRIVER FOR ROCKCHIP",2741
"OPEN FIRMWARE AND FLATTENED DEVICE TREE BINDINGS","PCIE DRIVER FOR SOCIONEXT UNIPHIER",1108
"OPEN FIRMWARE AND FLATTENED DEVICE TREE BINDINGS","PCIE DRIVER FOR ST SPEAR13XX",266
"OPEN FIRMWARE AND FLATTENED DEVICE TREE BINDINGS","PCIE ENDPOINT DRIVER FOR QUALCOMM",1120
"OPEN FIRMWARE AND FLATTENED DEVICE TREE BINDINGS","PECI SUBSYSTEM",2896
"OPEN FIRMWARE AND FLATTENED DEVICE TREE BINDINGS","PHOENIX RC FLIGHT CONTROLLER ADAPTER",331
"OPEN FIRMWARE AND FLATTENED DEVICE TREE BINDINGS","PIN CONTROL SUBSYSTEM",548539
"OPEN FIRMWARE AND FLATTENED DEVICE TREE BINDINGS","PIN CONTROLLER - AMD",1213
"OPEN FIRMWARE AND FLATTENED DEVICE TREE BINDINGS","PIN CONTROLLER - FREESCALE",15524
"OPEN FIRMWARE AND FLATTENED DEVICE TREE BINDINGS","PIN CONTROLLER - INTEL",17203
"OPEN FIRMWARE AND FLATTENED DEVICE TREE BINDINGS","PIN CONTROLLER - KEEMBAY",1716
"OPEN FIRMWARE AND FLATTENED DEVICE TREE BINDINGS","PIN CONTROLLER - MEDIATEK MIPS",3316
"OPEN FIRMWARE AND FLATTENED DEVICE TREE BINDINGS","PIN CONTROLLER - MICROCHIP AT91",3525
"OPEN FIRMWARE AND FLATTENED DEVICE TREE BINDINGS","PIN CONTROLLER - NXP S32",1954
"OPEN FIRMWARE AND FLATTENED DEVICE TREE BINDINGS","PIN CONTROLLER - QUALCOMM",78792
"OPEN FIRMWARE AND FLATTENED DEVICE TREE BINDINGS","PIN CONTROLLER - RENESAS",120892
"OPEN FIRMWARE AND FLATTENED DEVICE TREE BINDINGS","PIN CONTROLLER - SAMSUNG",6339
"OPEN FIRMWARE AND FLATTENED DEVICE TREE BINDINGS","PIN CONTROLLER - SINGLE",2000
"OPEN FIRMWARE AND FLATTENED DEVICE TREE BINDINGS","PIN CONTROLLER - SUNPLUS / TIBBO",2503
"OPEN FIRMWARE AND FLATTENED DEVICE TREE BINDINGS","PINE64 PINEPHONE KEYBOARD DRIVER",516
"OPEN FIRMWARE AND FLATTENED DEVICE TREE BINDINGS","PLX DMA DRIVER",635
"OPEN FIRMWARE AND FLATTENED DEVICE TREE BINDINGS","PWM SUBSYSTEM",30428
"OPEN FIRMWARE AND FLATTENED DEVICE TREE BINDINGS","PXA GPIO DRIVER",804
"OPEN FIRMWARE AND FLATTENED DEVICE TREE BINDINGS","QCOM EMBEDDED USB DEBUGGER (EUD)",340
"OPEN FIRMWARE AND FLATTENED DEVICE TREE BINDINGS","QUALCOMM CLOCK DRIVERS",282662
"OPEN FIRMWARE AND FLATTENED DEVICE TREE BINDINGS","QUALCOMM CORE POWER REDUCTION (CPR) AVS DRIVER",1908
"OPEN FIRMWARE AND FLATTENED DEVICE TREE BINDINGS","QUALCOMM CPUFREQ DRIVER MSM8996/APQ8096",1196
"OPEN FIRMWARE AND FLATTENED DEVICE TREE BINDINGS","QUALCOMM HIDMA DRIVER",2908
"OPEN FIRMWARE AND FLATTENED DEVICE TREE BINDINGS","QUALCOMM I2C CCI DRIVER",1122
"OPEN FIRMWARE AND FLATTENED DEVICE TREE BINDINGS","QUALCOMM INTERCONNECT BWMON DRIVER",1007
"OPEN FIRMWARE AND FLATTENED DEVICE TREE BINDINGS","QUALCOMM IPCC MAILBOX DRIVER",486
"OPEN FIRMWARE AND FLATTENED DEVICE TREE BINDINGS","QUALCOMM IPQ4019 USB PHY DRIVER",197
"OPEN FIRMWARE AND FLATTENED DEVICE TREE BINDINGS","QUALCOMM QSEECOM DRIVER",120
"OPEN FIRMWARE AND FLATTENED DEVICE TREE BINDINGS","QUALCOMM QSEECOM UEFISECAPP DRIVER",877
"OPEN FIRMWARE AND FLATTENED DEVICE TREE BINDINGS","QUALCOMM TSENS THERMAL DRIVER",5274
"OPEN FIRMWARE AND FLATTENED DEVICE TREE BINDINGS","RALINK MIPS ARCHITECTURE",2177
"OPEN FIRMWARE AND FLATTENED DEVICE TREE BINDINGS","RALINK MT7621 MIPS ARCHITECTURE",841
"OPEN FIRMWARE AND FLATTENED DEVICE TREE BINDINGS","RANCHU VIRTUAL BOARD FOR MIPS",119
"OPEN FIRMWARE AND FLATTENED DEVICE TREE BINDINGS","REAL TIME CLOCK (RTC) SUBSYSTEM",87227
"OPEN FIRMWARE AND FLATTENED DEVICE TREE BINDINGS","REALTEK OTTO WATCHDOG",462
"OPEN FIRMWARE AND FLATTENED DEVICE TREE BINDINGS","REMOTE PROCESSOR (REMOTEPROC) SUBSYSTEM",37981
"OPEN FIRMWARE AND FLATTENED DEVICE TREE BINDINGS","REMOTE PROCESSOR MESSAGING (RPMSG) SUBSYSTEM",9069
"OPEN FIRMWARE AND FLATTENED DEVICE TREE BINDINGS","RENESAS CLOCK DRIVERS",18378
"OPEN FIRMWARE AND FLATTENED DEVICE TREE BINDINGS","RENESAS EMEV2 I2C DRIVER",503
"OPEN FIRMWARE AND FLATTENED DEVICE TREE BINDINGS","RENESAS R-CAR I2C DRIVERS",2594
"OPEN FIRMWARE AND FLATTENED DEVICE TREE BINDINGS","RENESAS R-CAR THERMAL DRIVERS",1494
"OPEN FIRMWARE AND FLATTENED DEVICE TREE BINDINGS","RENESAS RIIC DRIVER",623
"OPEN FIRMWARE AND FLATTENED DEVICE TREE BINDINGS","RENESAS RZ/N1 RTC CONTROLLER DRIVER",489
"OPEN FIRMWARE AND FLATTENED DEVICE TREE BINDINGS","RENESAS RZ/V2M I2C DRIVER",625
"OPEN FIRMWARE AND FLATTENED DEVICE TREE BINDINGS","RENESAS USB PHY DRIVER",993
"OPEN FIRMWARE AND FLATTENED DEVICE TREE BINDINGS","RENESAS VERSACLOCK 7 CLOCK DRIVER",1373
"OPEN FIRMWARE AND FLATTENED DEVICE TREE BINDINGS","RESET CONTROLLER FRAMEWORK",22775
"OPEN FIRMWARE AND FLATTENED DEVICE TREE BINDINGS","RISC-V ARCHITECTURE",80170
"OPEN FIRMWARE AND FLATTENED DEVICE TREE BINDINGS","RISC-V MICROCHIP FPGA SUPPORT",8313
"OPEN FIRMWARE AND FLATTENED DEVICE TREE BINDINGS","RISC-V MISC SOC SUPPORT",11360
"OPEN FIRMWARE AND FLATTENED DEVICE TREE BINDINGS","RISC-V THEAD SoC SUPPORT",642
"OPEN FIRMWARE AND FLATTENED DEVICE TREE BINDINGS","ROCKETPORT EXPRESS/INFINITY DRIVER",843
"OPEN FIRMWARE AND FLATTENED DEVICE TREE BINDINGS","RPMSG TTY DRIVER",288
"OPEN FIRMWARE AND FLATTENED DEVICE TREE BINDINGS","SAMSUNG EXYNOS PSEUDO RANDOM NUMBER GENERATOR (RNG) DRIVER",444
"OPEN FIRMWARE AND FLATTENED DEVICE TREE BINDINGS","SAMSUNG EXYNOS TRUE RANDOM NUMBER GENERATOR (TRNG) DRIVER",274
"OPEN FIRMWARE AND FLATTENED DEVICE TREE BINDINGS","SAMSUNG INTERCONNECT DRIVERS",210
"OPEN FIRMWARE AND FLATTENED DEVICE TREE BINDINGS","SAMSUNG SOC CLOCK DRIVERS",36516
"OPEN FIRMWARE AND FLATTENED DEVICE TREE BINDINGS","SAMSUNG SPI DRIVERS",1825
"OPEN FIRMWARE AND FLATTENED DEVICE TREE BINDINGS","SAMSUNG THERMAL DRIVER",1384
"OPEN FIRMWARE AND FLATTENED DEVICE TREE BINDINGS","SAMSUNG USB2 PHY DRIVER",1809
"OPEN FIRMWARE AND FLATTENED DEVICE TREE BINDINGS","SANCLOUD BEAGLEBONE ENHANCED DEVICE TREE",283
"OPEN FIRMWARE AND FLATTENED DEVICE TREE BINDINGS","SC1200 WDT DRIVER",475
"OPEN FIRMWARE AND FLATTENED DEVICE TREE BINDINGS","SCx200 CPU SUPPORT",1302
"OPEN FIRMWARE AND FLATTENED DEVICE TREE BINDINGS","SCx200 HRT CLOCKSOURCE DRIVER",89
"OPEN FIRMWARE AND FLATTENED DEVICE TREE BINDINGS","SDRICOH_CS MMC/SD HOST CONTROLLER INTERFACE DRIVER",528
"OPEN FIRMWARE AND FLATTENED DEVICE TREE BINDINGS","SECURE DIGITAL HOST CONTROLLER INTERFACE (SDHCI) Broadcom BRCMSTB DRIVER",492
"OPEN FIRMWARE AND FLATTENED DEVICE TREE BINDINGS","SECURE DIGITAL HOST CONTROLLER INTERFACE (SDHCI) DRIVER",37070
"OPEN FIRMWARE AND FLATTENED DEVICE TREE BINDINGS","SECURE DIGITAL HOST CONTROLLER INTERFACE (SDHCI) MICROCHIP DRIVER",481
"OPEN FIRMWARE AND FLATTENED DEVICE TREE BINDINGS","SECURE DIGITAL HOST CONTROLLER INTERFACE (SDHCI) NXP i.MX DRIVER",2015
"OPEN FIRMWARE AND FLATTENED DEVICE TREE BINDINGS","SECURE DIGITAL HOST CONTROLLER INTERFACE (SDHCI) SAMSUNG DRIVER",790
"OPEN FIRMWARE AND FLATTENED DEVICE TREE BINDINGS","SECURE DIGITAL HOST CONTROLLER INTERFACE (SDHCI) ST SPEAR DRIVER",192
"OPEN FIRMWARE AND FLATTENED DEVICE TREE BINDINGS","SECURE DIGITAL HOST CONTROLLER INTERFACE (SDHCI) TI OMAP DRIVER",1492
"OPEN FIRMWARE AND FLATTENED DEVICE TREE BINDINGS","SERIAL DEVICE BUS",1744
"OPEN FIRMWARE AND FLATTENED DEVICE TREE BINDINGS","SERIAL LOW-POWER INTER-CHIP MEDIA BUS (SLIMbus)",5037
"OPEN FIRMWARE AND FLATTENED DEVICE TREE BINDINGS","SIEMENS IPC LED DRIVERS",505
"OPEN FIRMWARE AND FLATTENED DEVICE TREE BINDINGS","SIEMENS IPC WATCHDOG DRIVERS",232
"OPEN FIRMWARE AND FLATTENED DEVICE TREE BINDINGS","SIFIVE CACHE DRIVER",504
"OPEN FIRMWARE AND FLATTENED DEVICE TREE BINDINGS","SIFIVE DRIVERS",7159
"OPEN FIRMWARE AND FLATTENED DEVICE TREE BINDINGS","SIFIVE FU540 SYSTEM-ON-CHIP",579
"OPEN FIRMWARE AND FLATTENED DEVICE TREE BINDINGS","SIFIVE PDMA DRIVER",867
"OPEN FIRMWARE AND FLATTENED DEVICE TREE BINDINGS","SIOX",1515
"OPEN FIRMWARE AND FLATTENED DEVICE TREE BINDINGS","SIS I2C TOUCHSCREEN DRIVER",426
"OPEN FIRMWARE AND FLATTENED DEVICE TREE BINDINGS","SL28 CPLD MFD DRIVER",1239
"OPEN FIRMWARE AND FLATTENED DEVICE TREE BINDINGS","SL28 VPD NVMEM LAYOUT DRIVER",234
"OPEN FIRMWARE AND FLATTENED DEVICE TREE BINDINGS","SOCIONEXT (SNI) Synquacer SPI DRIVER",901
"OPEN FIRMWARE AND FLATTENED DEVICE TREE BINDINGS","SOCIONEXT SYNQUACER I2C DRIVER",707
"OPEN FIRMWARE AND FLATTENED DEVICE TREE BINDINGS","SOEKRIS NET48XX LED SUPPORT",86
"OPEN FIRMWARE AND FLATTENED DEVICE TREE BINDINGS","SOFTWARE DELEGATED EXCEPTION INTERFACE (SDEI)",1317
"OPEN FIRMWARE AND FLATTENED DEVICE TREE BINDINGS","SOLIDRUN CLEARFOG SUPPORT",627
"OPEN FIRMWARE AND FLATTENED DEVICE TREE BINDINGS","SOLIDRUN CUBOX-I/HUMMINGBOARD SUPPORT",2848
"OPEN FIRMWARE AND FLATTENED DEVICE TREE BINDINGS","SOPHGO DEVICETREES",2720
"OPEN FIRMWARE AND FLATTENED DEVICE TREE BINDINGS","SOUNDWIRE SUBSYSTEM",18925
"OPEN FIRMWARE AND FLATTENED DEVICE TREE BINDINGS","SPARC SERIAL DRIVERS",7061
"OPEN FIRMWARE AND FLATTENED DEVICE TREE BINDINGS","SPEAR PLATFORM/CLOCK/PINCTRL SUPPORT",21677
"OPEN FIRMWARE AND FLATTENED DEVICE TREE BINDINGS","SPI SUBSYSTEM",124257
"OPEN FIRMWARE AND FLATTENED DEVICE TREE BINDINGS","STANDALONE CACHE CONTROLLER DRIVERS",568
"OPEN FIRMWARE AND FLATTENED DEVICE TREE BINDINGS","STARFIVE DEVICETREES",2836
"OPEN FIRMWARE AND FLATTENED DEVICE TREE BINDINGS","STARFIVE JH7110 DPHY RX DRIVER",303
"OPEN FIRMWARE AND FLATTENED DEVICE TREE BINDINGS","STARFIVE JH7110 MMC/SD/SDIO DRIVER",204
"OPEN FIRMWARE AND FLATTENED DEVICE TREE BINDINGS","STARFIVE JH7110 PLL CLOCK DRIVER",553
"OPEN FIRMWARE AND FLATTENED DEVICE TREE BINDINGS","STARFIVE JH7110 SYSCON",93
"OPEN FIRMWARE AND FLATTENED DEVICE TREE BINDINGS","STARFIVE JH71X0 CLOCK DRIVERS",4016
"OPEN FIRMWARE AND FLATTENED DEVICE TREE BINDINGS","STARFIVE JH71X0 PCIE AND USB PHY DRIVER",464
"OPEN FIRMWARE AND FLATTENED DEVICE TREE BINDINGS","STARFIVE JH71X0 PINCTRL DRIVERS",4054
"OPEN FIRMWARE AND FLATTENED DEVICE TREE BINDINGS","STARFIVE JH71X0 RESET CONTROLLER DRIVERS",700
"OPEN FIRMWARE AND FLATTENED DEVICE TREE BINDINGS","STARFIVE JH71XX PMU CONTROLLER DRIVER",544
"OPEN FIRMWARE AND FLATTENED DEVICE TREE BINDINGS","STARFIVE SOC DRIVERS",93
"OPEN FIRMWARE AND FLATTENED DEVICE TREE BINDINGS","STARFIVE TRNG DRIVER",456
"OPEN FIRMWARE AND FLATTENED DEVICE TREE BINDINGS","STARFIVE WATCHDOG DRIVER",674
"OPEN FIRMWARE AND FLATTENED DEVICE TREE BINDINGS","SUN4I LOW RES ADC ATTACHED TABLET KEYS DRIVER",483
"OPEN FIRMWARE AND FLATTENED DEVICE TREE BINDINGS","SUNPLUS MMC DRIVER",1058
"OPEN FIRMWARE AND FLATTENED DEVICE TREE BINDINGS","SUNPLUS OCOTP DRIVER",311
"OPEN FIRMWARE AND FLATTENED DEVICE TREE BINDINGS","SUNPLUS PWM DRIVER",276
"OPEN FIRMWARE AND FLATTENED DEVICE TREE BINDINGS","SUNPLUS RTC DRIVER",415
"OPEN FIRMWARE AND FLATTENED DEVICE TREE BINDINGS","SUNPLUS SPI CONTROLLER INTERFACE DRIVER",655
"OPEN FIRMWARE AND FLATTENED DEVICE TREE BINDINGS","SUNPLUS UART DRIVER",827
"OPEN FIRMWARE AND FLATTENED DEVICE TREE BINDINGS","SUNPLUS USB2 PHY DRIVER",386
"OPEN FIRMWARE AND FLATTENED DEVICE TREE BINDINGS","SUNPLUS WATCHDOG DRIVER",254
"OPEN FIRMWARE AND FLATTENED DEVICE TREE BINDINGS","SYNOPSYS ARC ARCHITECTURE",28816
"OPEN FIRMWARE AND FLATTENED DEVICE TREE BINDINGS","SYNOPSYS ARC HSDK SDP pll clock driver",455
"OPEN FIRMWARE AND FLATTENED DEVICE TREE BINDINGS","SYNOPSYS ARC SDP clock driver",588
"OPEN FIRMWARE AND FLATTENED DEVICE TREE BINDINGS","SYNOPSYS ARC SDP platform support",1298
"OPEN FIRMWARE AND FLATTENED DEVICE TREE BINDINGS","SYNOPSYS AXS10x RESET CONTROLLER DRIVER",130
"OPEN FIRMWARE AND FLATTENED DEVICE TREE BINDINGS","SYNOPSYS CREG GPIO DRIVER",210
"OPEN FIRMWARE AND FLATTENED DEVICE TREE BINDINGS","SYNOPSYS DESIGNWARE 8250 UART DRIVER",1605
"OPEN FIRMWARE AND FLATTENED DEVICE TREE BINDINGS","SYNOPSYS DESIGNWARE APB GPIO DRIVER",1001
"OPEN FIRMWARE AND FLATTENED DEVICE TREE BINDINGS","SYNOPSYS DESIGNWARE APB SSI DRIVER",3229
"OPEN FIRMWARE AND FLATTENED DEVICE TREE BINDINGS","SYNOPSYS DESIGNWARE AXI DMAC DRIVER",2234
"OPEN FIRMWARE AND FLATTENED DEVICE TREE BINDINGS","SYNOPSYS DESIGNWARE DMAC DRIVER",3383
"OPEN FIRMWARE AND FLATTENED DEVICE TREE BINDINGS","SYNOPSYS DESIGNWARE I2C DRIVER",3726
"OPEN FIRMWARE AND FLATTENED DEVICE TREE BINDINGS","SYNOPSYS DESIGNWARE MMC/SD/SDIO DRIVER",6537
"OPEN FIRMWARE AND FLATTENED DEVICE TREE BINDINGS","SYNOPSYS HSDK RESET CONTROLLER DRIVER",180
"OPEN FIRMWARE AND FLATTENED DEVICE TREE BINDINGS","SYNOPSYS SDHCI COMPLIANT DWC MSHC DRIVER",84
"OPEN FIRMWARE AND FLATTENED DEVICE TREE BINDINGS","SYSTEM CONTROL & POWER/MANAGEMENT INTERFACE (SCPI/SCMI) Message Protocol drivers",22600
"OPEN FIRMWARE AND FLATTENED DEVICE TREE BINDINGS","SYSTEM RESET/SHUTDOWN DRIVERS",6903
"OPEN FIRMWARE AND FLATTENED DEVICE TREE BINDINGS","TEGRA ARCHITECTURE SUPPORT",339687
"OPEN FIRMWARE AND FLATTENED DEVICE TREE BINDINGS","TEGRA CLOCK DRIVER",22433
"OPEN FIRMWARE AND FLATTENED DEVICE TREE BINDINGS","TEGRA DMA DRIVERS",4245
"OPEN FIRMWARE AND FLATTENED DEVICE TREE BINDINGS","TEGRA I2C DRIVER",1981
"OPEN FIRMWARE AND FLATTENED DEVICE TREE BINDINGS","TEGRA KBC DRIVER",815
"OPEN FIRMWARE AND FLATTENED DEVICE TREE BINDINGS","TEGRA PWM DRIVER",441
"OPEN FIRMWARE AND FLATTENED DEVICE TREE BINDINGS","TEGRA QUAD SPI DRIVER",1734
"OPEN FIRMWARE AND FLATTENED DEVICE TREE BINDINGS","TEGRA SERIAL DRIVER",1699
"OPEN FIRMWARE AND FLATTENED DEVICE TREE BINDINGS","TEGRA SPI DRIVER",5096
"OPEN FIRMWARE AND FLATTENED DEVICE TREE BINDINGS","TEGRA XUSB PADCTL DRIVER",8807
"OPEN FIRMWARE AND FLATTENED DEVICE TREE BINDINGS","TEXAS INSTRUMENTS DMA DRIVERS",17236
"OPEN FIRMWARE AND FLATTENED DEVICE TREE BINDINGS","TEXAS INSTRUMENTS' SYSTEM CONTROL INTERFACE (TISCI) PROTOCOL DRIVER",8436
"OPEN FIRMWARE AND FLATTENED DEVICE TREE BINDINGS","THERMAL",62819
"OPEN FIRMWARE AND FLATTENED DEVICE TREE BINDINGS","THERMAL DRIVER FOR AMLOGIC SOCS",391
"OPEN FIRMWARE AND FLATTENED DEVICE TREE BINDINGS","THERMAL/CPU_COOLING",1321
"OPEN FIRMWARE AND FLATTENED DEVICE TREE BINDINGS","THERMAL/POWER_ALLOCATOR",1167
"OPEN FIRMWARE AND FLATTENED DEVICE TREE BINDINGS","THUNDERX GPIO DRIVER",602
"OPEN FIRMWARE AND FLATTENED DEVICE TREE BINDINGS","TI BANDGAP AND THERMAL DRIVER",3677
"OPEN FIRMWARE AND FLATTENED DEVICE TREE BINDINGS","TI CDCE706 CLOCK DRIVER",698
"OPEN FIRMWARE AND FLATTENED DEVICE TREE BINDINGS","TI CLOCK DRIVER",13135
"OPEN FIRMWARE AND FLATTENED DEVICE TREE BINDINGS","TI DAVINCI SERIES CLOCK DRIVER",3441
"OPEN FIRMWARE AND FLATTENED DEVICE TREE BINDINGS","TI DAVINCI SERIES GPIO DRIVER",916
"OPEN FIRMWARE AND FLATTENED DEVICE TREE BINDINGS","TI KEYSTONE MULTICORE NAVIGATOR DRIVERS",9769
"OPEN FIRMWARE AND FLATTENED DEVICE TREE BINDINGS","TMIO/SDHI MMC DRIVER",4095
"OPEN FIRMWARE AND FLATTENED DEVICE TREE BINDINGS","TQ SYSTEMS BOARD & DRIVER SUPPORT",7543
"OPEN FIRMWARE AND FLATTENED DEVICE TREE BINDINGS","TTY LAYER AND SERIAL DRIVERS",199205
"OPEN FIRMWARE AND FLATTENED DEVICE TREE BINDINGS","U-BOOT ENVIRONMENT VARIABLES",356
"OPEN FIRMWARE AND FLATTENED DEVICE TREE BINDINGS","USB IP DRIVER FOR HISILICON KIRIN 960",285
"OPEN FIRMWARE AND FLATTENED DEVICE TREE BINDINGS","USB IP DRIVER FOR HISILICON KIRIN 970",726
"OPEN FIRMWARE AND FLATTENED DEVICE TREE BINDINGS","Ux500 CLOCK DRIVERS",1867
"OPEN FIRMWARE AND FLATTENED DEVICE TREE BINDINGS","VIA SD/MMC CARD CONTROLLER DRIVER",1314
"OPEN FIRMWARE AND FLATTENED DEVICE TREE BINDINGS","VIRTIO GPIO DRIVER",736
"OPEN FIRMWARE AND FLATTENED DEVICE TREE BINDINGS","VIRTIO I2C DRIVER",325
"OPEN FIRMWARE AND FLATTENED DEVICE TREE BINDINGS","VIRTUAL SERIO DEVICE DRIVER",330
"OPEN FIRMWARE AND FLATTENED DEVICE TREE BINDINGS","VMWARE VMMOUSE SUBDRIVER",516
"OPEN FIRMWARE AND FLATTENED DEVICE TREE BINDINGS","VOCORE VOCORE2 BOARD",18
"OPEN FIRMWARE AND FLATTENED DEVICE TREE BINDINGS","VUB300 USB to SDIO/SD/MMC bridge chip",2479
"OPEN FIRMWARE AND FLATTENED DEVICE TREE BINDINGS","W83L51xD SD/MMC CARD INTERFACE DRIVER",2184
"OPEN FIRMWARE AND FLATTENED DEVICE TREE BINDINGS","WACOM PROTOCOL 4 SERIAL TABLETS",617
"OPEN FIRMWARE AND FLATTENED DEVICE TREE BINDINGS","WATCHDOG DEVICE DRIVERS",68535
"OPEN FIRMWARE AND FLATTENED DEVICE TREE BINDINGS","WHISKEYCOVE PMIC GPIO DRIVER",514
"OPEN FIRMWARE AND FLATTENED DEVICE TREE BINDINGS","WHWAVE RTC DRIVER",228
"OPEN FIRMWARE AND FLATTENED DEVICE TREE BINDINGS","WINSYSTEMS EBC-C384 WATCHDOG DRIVER",142
"OPEN FIRMWARE AND FLATTENED DEVICE TREE BINDINGS","WINSYSTEMS WS16C48 GPIO DRIVER",327
"OPEN FIRMWARE AND FLATTENED DEVICE TREE BINDINGS","WISTRON LAPTOP BUTTON DRIVER",1389
"OPEN FIRMWARE AND FLATTENED DEVICE TREE BINDINGS","XEN PCI SUBSYSTEM",1684
"OPEN FIRMWARE AND FLATTENED DEVICE TREE BINDINGS","XILINX EVENT MANAGEMENT DRIVER",762
"OPEN FIRMWARE AND FLATTENED DEVICE TREE BINDINGS","XILINX GPIO DRIVER",2049
"OPEN FIRMWARE AND FLATTENED DEVICE TREE BINDINGS","XILINX PWM DRIVER",394
"OPEN FIRMWARE AND FLATTENED DEVICE TREE BINDINGS","XILINX UARTLITE SERIAL DRIVER",946
"OPEN FIRMWARE AND FLATTENED DEVICE TREE BINDINGS","XILINX WATCHDOG DRIVER",624
"OPEN FIRMWARE AND FLATTENED DEVICE TREE BINDINGS","XILINX XDMA DRIVER",1530
"OPEN FIRMWARE AND FLATTENED DEVICE TREE BINDINGS","XILINX ZYNQMP DPDMA DRIVER",1865
"OPEN FIRMWARE AND FLATTENED DEVICE TREE BINDINGS","XILINX ZYNQMP PSGTR PHY DRIVER",1135
"OPEN FIRMWARE AND FLATTENED DEVICE TREE BINDINGS","XLP9XX I2C DRIVER",593
"OPEN FIRMWARE AND FLATTENED DEVICE TREE BINDINGS","XRA1403 GPIO EXPANDER",263
"OPEN FIRMWARE AND FLATTENED DEVICE TREE BINDINGS","YEALINK PHONE DRIVER",1427
"OPEN FIRMWARE AND FLATTENED DEVICE TREE BINDINGS","ZS DECSTATION Z85C30 SERIAL DRIVER",1592
"PER-TASK DELAY ACCOUNTING","PER-TASK DELAY ACCOUNTING",564
"PERFORMANCE EVENTS SUBSYSTEM","ACCES 104-QUAD-8 DRIVER",1363
"PERFORMANCE EVENTS SUBSYSTEM","ADT746X FAN DRIVER",623
"PERFORMANCE EVENTS SUBSYSTEM","AIO",2470
"PERFORMANCE EVENTS SUBSYSTEM","ALLWINNER CRYPTO DRIVERS",7599
"PERFORMANCE EVENTS SUBSYSTEM","ALPHA PORT",59448
"PERFORMANCE EVENTS SUBSYSTEM","AMD CRYPTOGRAPHIC COPROCESSOR (CCP) DRIVER",14820
"PERFORMANCE EVENTS SUBSYSTEM","AMD CRYPTOGRAPHIC COPROCESSOR (CCP) DRIVER - DBC SUPPORT",1267
"PERFORMANCE EVENTS SUBSYSTEM","AMD CRYPTOGRAPHIC COPROCESSOR (CCP) DRIVER - SEV SUPPORT",1632
"PERFORMANCE EVENTS SUBSYSTEM","APM DRIVER",3395
"PERFORMANCE EVENTS SUBSYSTEM","ARM/Amlogic Meson SoC Crypto Drivers",947
"PERFORMANCE EVENTS SUBSYSTEM","ARM/ARTPEC MACHINE SUPPORT",6786
"PERFORMANCE EVENTS SUBSYSTEM","ARM/CORESIGHT FRAMEWORK AND DRIVERS",46025
"PERFORMANCE EVENTS SUBSYSTEM","ARM/STM32 ARCHITECTURE",245189
"PERFORMANCE EVENTS SUBSYSTEM","ASPEED CRYPTO DRIVER",3743
"PERFORMANCE EVENTS SUBSYSTEM","ASYMMETRIC KEYS",6647
"PERFORMANCE EVENTS SUBSYSTEM","ASYNCHRONOUS TRANSFERS/TRANSFORMS (IOAT) API",2618
"PERFORMANCE EVENTS SUBSYSTEM","ATOMIC INFRASTRUCTURE",8620
"PERFORMANCE EVENTS SUBSYSTEM","BPF JIT for POWERPC (32-BIT AND 64-BIT)",3073
"PERFORMANCE EVENTS SUBSYSTEM","BPF JIT for SPARC (32-BIT AND 64-BIT)",2709
"PERFORMANCE EVENTS SUBSYSTEM","C-SKY ARCHITECTURE",16509
"PERFORMANCE EVENTS SUBSYSTEM","CAVIUM OCTEON-TX CRYPTO DRIVER",4193
"PERFORMANCE EVENTS SUBSYSTEM","CCREE ARM TRUSTZONE CRYPTOCELL REE DRIVER",11668
"PERFORMANCE EVENTS SUBSYSTEM","CELL BROADBAND ENGINE ARCHITECTURE",20070
"PERFORMANCE EVENTS SUBSYSTEM","COUNTER SUBSYSTEM",10990
"PERFORMANCE EVENTS SUBSYSTEM","COUNTER WATCH EVENTS TOOL",406
"PERFORMANCE EVENTS SUBSYSTEM","CPUID/MSR DRIVER",525
"PERFORMANCE EVENTS SUBSYSTEM","CRYPTO API",524722
"PERFORMANCE EVENTS SUBSYSTEM","CRYPTOGRAPHIC RANDOM NUMBER GENERATOR",729
"PERFORMANCE EVENTS SUBSYSTEM","CXGB4 CRYPTO DRIVER (chcr)",5774
"PERFORMANCE EVENTS SUBSYSTEM","DH ELECTRONICS STM32MP1 DHCOM/DHCOR BOARD SUPPORT",2744
"PERFORMANCE EVENTS SUBSYSTEM","EFI TEST DRIVER",908
"PERFORMANCE EVENTS SUBSYSTEM","EXEC & BINFMT API, ELF",15477
"PERFORMANCE EVENTS SUBSYSTEM","EXTENSIBLE FIRMWARE INTERFACE (EFI)",25593
"PERFORMANCE EVENTS SUBSYSTEM","FILE LOCKING (flock() and fcntl()/lockf())",4142
"PERFORMANCE EVENTS SUBSYSTEM","FILESYSTEM DIRECT ACCESS (DAX)",2641
"PERFORMANCE EVENTS SUBSYSTEM","FILESYSTEMS (VFS and infrastructure)",84275
"PERFORMANCE EVENTS SUBSYSTEM","FILESYSTEMS [STACKABLE]",378
"PERFORMANCE EVENTS SUBSYSTEM","FLEXTIMER FTM-QUADDEC DRIVER",346
"PERFORMANCE EVENTS SUBSYSTEM","FPU EMULATOR",13013
"PERFORMANCE EVENTS SUBSYSTEM","FREESCALE CAAM (Cryptographic Acceleration and Assurance Module) DRIVER",28375
"PERFORMANCE EVENTS SUBSYSTEM","GEMINI CRYPTO DRIVER",1338
"PERFORMANCE EVENTS SUBSYSTEM","HARDWARE TRACING FACILITIES",42983
"PERFORMANCE EVENTS SUBSYSTEM","HISILICON HIGH PERFORMANCE RSA ENGINE DRIVER (HPRE)",4084
"PERFORMANCE EVENTS SUBSYSTEM","HISILICON PTT DRIVER",2727
"PERFORMANCE EVENTS SUBSYSTEM","HISILICON QM DRIVER",6525
"PERFORMANCE EVENTS SUBSYSTEM","HISILICON SECURITY ENGINE V2 DRIVER (SEC2)",4732
"PERFORMANCE EVENTS SUBSYSTEM","HISILICON TRUE RANDOM NUMBER GENERATOR V2 SUPPORT",339
"PERFORMANCE EVENTS SUBSYSTEM","HISILICON ZIP Controller DRIVER",2322
"PERFORMANCE EVENTS SUBSYSTEM","HPET:	x86",1576
"PERFORMANCE EVENTS SUBSYSTEM","HYGON PROCESSOR SUPPORT",404
"PERFORMANCE EVENTS SUBSYSTEM","IBM Power 842 compression accelerator",2173
"PERFORMANCE EVENTS SUBSYSTEM","IBM Power in-Nest Crypto Acceleration",6931
"PERFORMANCE EVENTS SUBSYSTEM","IBM Power IO DLPAR Driver for RPA-compliant PPC64 platform",625
"PERFORMANCE EVENTS SUBSYSTEM","IBM Power PCI Hotplug Driver for RPA-compliant PPC64 platform",955
"PERFORMANCE EVENTS SUBSYSTEM","IBM Power SRIOV Virtual NIC Device Driver",7751
"PERFORMANCE EVENTS SUBSYSTEM","IBM Power Virtual Ethernet Device Driver",2187
"PERFORMANCE EVENTS SUBSYSTEM","IBM Power VMX Cryptographic instructions",5270
"PERFORMANCE EVENTS SUBSYSTEM","IFCVF VIRTIO DATA PATH ACCELERATOR",1451
"PERFORMANCE EVENTS SUBSYSTEM","INSIDE SECURE CRYPTO DRIVER",10007
"PERFORMANCE EVENTS SUBSYSTEM","INTEL 8254 COUNTER DRIVER",468
"PERFORMANCE EVENTS SUBSYSTEM","INTEL CPU family model numbers",175
"PERFORMANCE EVENTS SUBSYSTEM","INTEL IAA CRYPTO DRIVER",3678
"PERFORMANCE EVENTS SUBSYSTEM","INTEL IXP4XX CRYPTO SUPPORT",1602
"PERFORMANCE EVENTS SUBSYSTEM","INTEL KEEM BAY OCS AES/SM4 CRYPTO DRIVER",3452
"PERFORMANCE EVENTS SUBSYSTEM","INTEL KEEM BAY OCS ECC CRYPTO DRIVER",1154
"PERFORMANCE EVENTS SUBSYSTEM","INTEL KEEM BAY OCS HCU CRYPTO DRIVER",2346
"PERFORMANCE EVENTS SUBSYSTEM","INTEL QUADRATURE ENCODER PERIPHERAL DRIVER",526
"PERFORMANCE EVENTS SUBSYSTEM","INTEL SGX",9112
"PERFORMANCE EVENTS SUBSYSTEM","INTEL(R) TRACE HUB",6316
"PERFORMANCE EVENTS SUBSYSTEM","INTEL(R) TRUSTED EXECUTION TECHNOLOGY (TXT)",885
"PERFORMANCE EVENTS SUBSYSTEM","INTERRUPT COUNTER DRIVER",318
"PERFORMANCE EVENTS SUBSYSTEM","JAILHOUSE HYPERVISOR INTERFACE",319
"PERFORMANCE EVENTS SUBSYSTEM","KERNEL VIRTUAL MACHINE FOR POWERPC (KVM/powerpc)",61831
"PERFORMANCE EVENTS SUBSYSTEM","KERNEL VIRTUAL MACHINE FOR X86 (KVM/x86)",115261
"PERFORMANCE EVENTS SUBSYSTEM","KVM PARAVIRT (KVM/paravirt)",1975
"PERFORMANCE EVENTS SUBSYSTEM","KVM X86 HYPER-V (KVM/hyper-v)",4436
"PERFORMANCE EVENTS SUBSYSTEM","KVM X86 Xen (KVM/Xen)",2405
"PERFORMANCE EVENTS SUBSYSTEM","LINUX FOR POWER MACINTOSH",34131
"PERFORMANCE EVENTS SUBSYSTEM","LINUX FOR POWERPC (32-BIT AND 64-BIT)",655504
"PERFORMANCE EVENTS SUBSYSTEM","LINUX FOR POWERPC EMBEDDED MPC5XXX",6649
"PERFORMANCE EVENTS SUBSYSTEM","LINUX FOR POWERPC EMBEDDED PPC4XX",2388
"PERFORMANCE EVENTS SUBSYSTEM","LINUX FOR POWERPC EMBEDDED PPC85XX",7634
"PERFORMANCE EVENTS SUBSYSTEM","LINUX FOR POWERPC EMBEDDED PPC8XX AND PPC83XX",5300
"PERFORMANCE EVENTS SUBSYSTEM","MARVELL CRYPTO DRIVER",21338
"PERFORMANCE EVENTS SUBSYSTEM","MEDIA DRIVERS FOR STM32 - DCMI / DCMIPP",5269
"PERFORMANCE EVENTS SUBSYSTEM","MELLANOX MLX5 VDPA DRIVER",5315
"PERFORMANCE EVENTS SUBSYSTEM","MICROBLAZE ARCHITECTURE",15059
"PERFORMANCE EVENTS SUBSYSTEM","MICROCHIP ECC DRIVER",415
"PERFORMANCE EVENTS SUBSYSTEM","Microchip Timer Counter Block (TCB) Capture Driver",406
"PERFORMANCE EVENTS SUBSYSTEM","NIOS2 ARCHITECTURE",10104
"PERFORMANCE EVENTS SUBSYSTEM","PARAVIRT_OPS INTERFACE",2349
"PERFORMANCE EVENTS SUBSYSTEM","PCI ENHANCED ERROR HANDLING (EEH) FOR POWERPC",10812
"PERFORMANCE EVENTS SUBSYSTEM","PCI ERROR RECOVERY",432
"PERFORMANCE EVENTS SUBSYSTEM","PCRYPT PARALLEL CRYPTO ENGINE",425
"PERFORMANCE EVENTS SUBSYSTEM","PDS DSC VIRTIO DATA PATH ACCELERATOR",1575
"PERFORMANCE EVENTS SUBSYSTEM","PERFORMANCE EVENTS SUBSYSTEM",817514
"PERFORMANCE EVENTS SUBSYSTEM","PERFORMANCE EVENTS TOOLING ARM64",24584
"PERFORMANCE EVENTS SUBSYSTEM","PS3 NETWORK SUPPORT",2257
"PERFORMANCE EVENTS SUBSYSTEM","PS3 PLATFORM SUPPORT",21626
"PERFORMANCE EVENTS SUBSYSTEM","PS3VRAM DRIVER",853
"PERFORMANCE EVENTS SUBSYSTEM","PTRACE SUPPORT",21875
"PERFORMANCE EVENTS SUBSYSTEM","QAT DRIVER",33512
"PERFORMANCE EVENTS SUBSYSTEM","QUALCOMM CRYPTO DRIVERS",3860
"PERFORMANCE EVENTS SUBSYSTEM","QUALCOMM ETHQOS ETHERNET DRIVER",969
"PERFORMANCE EVENTS SUBSYSTEM","QUALCOMM HEXAGON ARCHITECTURE",10635
"PERFORMANCE EVENTS SUBSYSTEM","RDT - RESOURCE ALLOCATION",13454
"PERFORMANCE EVENTS SUBSYSTEM","RENESAS RZ/G2L MTU3a COUNTER DRIVER",1209
"PERFORMANCE EVENTS SUBSYSTEM","ROCKCHIP CRYPTO DRIVERS",1940
"PERFORMANCE EVENTS SUBSYSTEM","SAMSUNG S5P Security SubSystem (SSS) DRIVER",2452
"PERFORMANCE EVENTS SUBSYSTEM","SNET DPU VIRTIO DATA PATH ACCELERATOR",1872
"PERFORMANCE EVENTS SUBSYSTEM","SPARC + UltraSPARC (sparc/sparc64)",136576
"PERFORMANCE EVENTS SUBSYSTEM","SPU FILE SYSTEM",11987
"PERFORMANCE EVENTS SUBSYSTEM","SRM (Alpha) environment access",218
"PERFORMANCE EVENTS SUBSYSTEM","ST STM32 I2C/SMBUS DRIVER",3635
"PERFORMANCE EVENTS SUBSYSTEM","ST STM32 SPI DRIVER",2369
"PERFORMANCE EVENTS SUBSYSTEM","STARFIVE CRYPTO DRIVER",3063
"PERFORMANCE EVENTS SUBSYSTEM","STARFIVE DWMAC GLUE LAYER",311
"PERFORMANCE EVENTS SUBSYSTEM","STATIC BRANCH/CALL",3948
"PERFORMANCE EVENTS SUBSYSTEM","STM32 TIMER/LPTIMER DRIVERS",3110
"PERFORMANCE EVENTS SUBSYSTEM","STMMAC ETHERNET DRIVER",43101
"PERFORMANCE EVENTS SUBSYSTEM","SUPERH",96991
"PERFORMANCE EVENTS SUBSYSTEM","SVGA HANDLING",1573
"PERFORMANCE EVENTS SUBSYSTEM","SYSTEM TRACE MODULE CLASS",3307
"PERFORMANCE EVENTS SUBSYSTEM","TECHNOLOGIC SYSTEMS TS-5500 PLATFORM SUPPORT",343
"PERFORMANCE EVENTS SUBSYSTEM","TENSILICA XTENSA PORT (xtensa)",36021
"PERFORMANCE EVENTS SUBSYSTEM","TI ENHANCED CAPTURE (eCAP) DRIVER",676
"PERFORMANCE EVENTS SUBSYSTEM","TI ENHANCED QUADRATURE ENCODER PULSE (eQEP) DRIVER",509
"PERFORMANCE EVENTS SUBSYSTEM","TPM DEVICE DRIVER",18081
"PERFORMANCE EVENTS SUBSYSTEM","TRACING MMIO ACCESSES (MMIOTRACE)",1715
"PERFORMANCE EVENTS SUBSYSTEM","USER-MODE LINUX (UML)",41681
"PERFORMANCE EVENTS SUBSYSTEM","VIRTIO BALLOON",1736
"PERFORMANCE EVENTS SUBSYSTEM","VIRTIO BLOCK AND SCSI DRIVERS",3309
"PERFORMANCE EVENTS SUBSYSTEM","VIRTIO CORE AND NET DRIVERS",52409
"PERFORMANCE EVENTS SUBSYSTEM","VIRTIO CRYPTO DRIVER",2892
"PERFORMANCE EVENTS SUBSYSTEM","VIRTIO INPUT DRIVER",490
"PERFORMANCE EVENTS SUBSYSTEM","VIRTIO MEM DRIVER",3222
"PERFORMANCE EVENTS SUBSYSTEM","VMWARE HYPERVISOR INTERFACE",585
"PERFORMANCE EVENTS SUBSYSTEM","X86 ARCHITECTURE (32-BIT AND 64-BIT)",492294
"PERFORMANCE EVENTS SUBSYSTEM","X86 ENTRY CODE",7575
"PERFORMANCE EVENTS SUBSYSTEM","X86 HARDWARE VULNERABILITIES",6650
"PERFORMANCE EVENTS SUBSYSTEM","X86 MCE INFRASTRUCTURE",7579
"PERFORMANCE EVENTS SUBSYSTEM","X86 MICROCODE UPDATE SUPPORT",2587
"PERFORMANCE EVENTS SUBSYSTEM","X86 MM",21524
"PERFORMANCE EVENTS SUBSYSTEM","X86 PLATFORM UV HPE SUPERDOME FLEX",9693
"PERFORMANCE EVENTS SUBSYSTEM","X86 STACK UNWINDING",2116
"PERFORMANCE EVENTS SUBSYSTEM","X86 TRUST DOMAIN EXTENSIONS (TDX)",3646
"PERFORMANCE EVENTS SUBSYSTEM","X86 VDSO",2025
"PERFORMANCE EVENTS SUBSYSTEM","XEN HYPERVISOR X86",13472
"PERFORMANCE EVENTS SUBSYSTEM","XILINX ZYNQMP SHA3 DRIVER",260
"PERFORMANCE EVENTS SUBSYSTEM","ZHAOXIN PROCESSOR SUPPORT",119
"PERSONALITY HANDLING","PERSONALITY HANDLING",87
"PM-GRAPH UTILITY","PM-GRAPH UTILITY",10894
"POWER STATE COORDINATION INTERFACE (PSCI)","POWER STATE COORDINATION INTERFACE (PSCI)",1500
"PXA MMCI DRIVER","PXA MMCI DRIVER",0
"PXA RTC DRIVER","PXA RTC DRIVER",0
"QEMU MACHINE EMULATOR AND VIRTUALIZER SUPPORT","QEMU MACHINE EMULATOR AND VIRTUALIZER SUPPORT",1036
"QNX4 FILESYSTEM","QNX4 FILESYSTEM",908
"RANDOM NUMBER DRIVER","RANDOM NUMBER DRIVER",1799
"RAPIDIO SUBSYSTEM","RAPIDIO SUBSYSTEM",15492
"RDC R-321X SoC","RDC R-321X SoC",0
"REISERFS FILE SYSTEM","REISERFS FILE SYSTEM",32727
"S390 ARCHITECTURE","BPF JIT for S390",2750
"S390 ARCHITECTURE","KERNEL VIRTUAL MACHINE for s390 (KVM/s390)",29123
"S390 ARCHITECTURE","S390 ARCHITECTURE",263030
"S390 ARCHITECTURE","S390 COMMON I/O LAYER",23691
"S390 ARCHITECTURE","S390 DASD DRIVER",24177
"S390 ARCHITECTURE","S390 IUCV NETWORK LAYER",7434
"S390 ARCHITECTURE","S390 MM",11063
"S390 ARCHITECTURE","S390 NETWORK DRIVERS",31119
"S390 ARCHITECTURE","S390 PCI SUBSYSTEM",4773
"S390 ARCHITECTURE","S390 SCM DRIVER",1045
"S390 ARCHITECTURE","S390 VFIO AP DRIVER",4185
"S390 ARCHITECTURE","S390 VFIO-CCW DRIVER",3709
"S390 ARCHITECTURE","S390 VFIO-PCI DRIVER",1045
"S390 ARCHITECTURE","S390 ZCRYPT DRIVER",19813
"S390 ARCHITECTURE","S390 ZFCP DRIVER",12979
"S390 ARCHITECTURE","VIRTIO DRIVERS FOR S390",1559
"SCHEDULER","MEMBARRIER SUPPORT",869
"SCHEDULER","PRESSURE STALL INFORMATION (PSI)",1945
"SCHEDULER","SCHEDULER",53599
"SCSI SUBSYSTEM","3WARE SAS/SATA-RAID SCSI DRIVERS (3W-XXXX, 3W-9XXX, 3W-SAS)",8131
"SCSI SUBSYSTEM","53C700 AND 53C700-66 SCSI DRIVER",4386
"SCSI SUBSYSTEM","AACRAID SCSI RAID DRIVER",16726
"SCSI SUBSYSTEM","ADVANSYS SCSI DRIVER",11824
"SCSI SUBSYSTEM","AHA152X SCSI DRIVER",4001
"SCSI SUBSYSTEM","AIC7XXX / AIC79XX SCSI DRIVER",57825
"SCSI SUBSYSTEM","ARM/RISCPC ARCHITECTURE",16663
"SCSI SUBSYSTEM","ATTO EXPRESSSAS SAS/SATA RAID SCSI DRIVER",15434
"SCSI SUBSYSTEM","BROADCOM BNX2FC 10 GIGABIT FCOE DRIVER",11191
"SCSI SUBSYSTEM","BROADCOM BNX2I 1/10 GIGABIT iSCSI DRIVER",8347
"SCSI SUBSYSTEM","BROADCOM MPI3 STORAGE CONTROLLER DRIVER",23106
"SCSI SUBSYSTEM","BROCADE BFA FC SCSI DRIVER",58322
"SCSI SUBSYSTEM","BUSLOGIC SCSI DRIVER",12580
"SCSI SUBSYSTEM","CISCO FCOE HBA DRIVER",13495
"SCSI SUBSYSTEM","CISCO SCSI HBA DRIVER",9724
"SCSI SUBSYSTEM","CXGB3 ISCSI DRIVER (CXGB3I)",1494
"SCSI SUBSYSTEM","CXGB4 ISCSI DRIVER (CXGB4I)",2520
"SCSI SUBSYSTEM","CXLFLASH (IBM Coherent Accelerator Processor Interface CAPI Flash) SCSI DRIVER",11489
"SCSI SUBSYSTEM","DC390/AM53C974 SCSI driver",542
"SCSI SUBSYSTEM","DC395x SCSI driver",5418
"SCSI SUBSYSTEM","EMULEX 10Gbps iSCSI - OneConnect DRIVER",13734
"SCSI SUBSYSTEM","EMULEX/BROADCOM EFCT FC/FCOE SCSI TARGET DRIVER",30301
"SCSI SUBSYSTEM","EMULEX/BROADCOM LPFC FC/FCOE SCSI DRIVER",119485
"SCSI SUBSYSTEM","FCOE SUBSYSTEM (libfc, libfcoe, fcoe)",24721
"SCSI SUBSYSTEM","HEWLETT-PACKARD SMART ARRAY RAID DRIVER (hpsa)",11964
"SCSI SUBSYSTEM","HIGHPOINT ROCKETRAID 3xxx RAID DRIVER",1914
"SCSI SUBSYSTEM","HISILICON SAS Controller",14070
"SCSI SUBSYSTEM","IBM Power Linux RAID adapter",11999
"SCSI SUBSYSTEM","IBM Power Virtual FC Device Drivers",7551
"SCSI SUBSYSTEM","IBM Power Virtual SCSI Device Drivers",2755
"SCSI SUBSYSTEM","IBM Power Virtual SCSI Device Target Driver",4990
"SCSI SUBSYSTEM","IBM ServeRAID RAID DRIVER",8294
"SCSI SUBSYSTEM","INTEL C600 SERIES SAS CONTROLLER DRIVER",23074
"SCSI SUBSYSTEM","IPS SCSI RAID DRIVER",8294
"SCSI SUBSYSTEM","ISCSI",14865
"SCSI SUBSYSTEM","LASI 53c700 driver for PARISC",4520
"SCSI SUBSYSTEM","LSILOGIC MPT FUSION DRIVERS (FC/SAS/SPI)",81282
"SCSI SUBSYSTEM","LSILOGIC/SYMBIOS/NCR 53C8XX and 53C1010 PCI-SCSI drivers",16283
"SCSI SUBSYSTEM","MEGARAID SCSI/SAS DRIVERS",33094
"SCSI SUBSYSTEM","MICROSEMI SMART ARRAY SMARTPQI DRIVER (smartpqi)",14031
"SCSI SUBSYSTEM","MYLEX DAC960 PCI RAID Controller",8822
"SCSI SUBSYSTEM","NCR 5380 SCSI DRIVERS",6465
"SCSI SUBSYSTEM","NINJA SCSI-3 / NINJA SCSI-32Bi (16bit/CardBus) PCMCIA SCSI HOST ADAPTER DRIVER",2866
"SCSI SUBSYSTEM","NINJA SCSI-32Bi/UDE PCI/CARDBUS SCSI HOST ADAPTER DRIVER",4707
"SCSI SUBSYSTEM","PMC SIERRA MaxRAID DRIVER",6486
"SCSI SUBSYSTEM","PMC SIERRA PM8001 DRIVER",17450
"SCSI SUBSYSTEM","QLOGIC QL41xxx FCOE DRIVER",10565
"SCSI SUBSYSTEM","QLOGIC QL41xxx ISCSI DRIVER",9343
"SCSI SUBSYSTEM","QLOGIC QLA1280 SCSI DRIVER",5461
"SCSI SUBSYSTEM","QLOGIC QLA2XXX FC-SCSI DRIVER",95980
"SCSI SUBSYSTEM","QLOGIC QLA4XXX iSCSI DRIVER",27912
"SCSI SUBSYSTEM","SCSI LIBSAS SUBSYSTEM",8405
"SCSI SUBSYSTEM","SCSI SG DRIVER",3069
"SCSI SUBSYSTEM","SCSI SUBSYSTEM",1079416
"SCSI SUBSYSTEM","SCSI TAPE DRIVER",10220
"SCSI SUBSYSTEM","UNIVERSAL FLASH STORAGE HOST CONTROLLER DRIVER",16032
"SCSI SUBSYSTEM","UNIVERSAL FLASH STORAGE HOST CONTROLLER DRIVER DWC HOOKS",778
"SCSI SUBSYSTEM","UNIVERSAL FLASH STORAGE HOST CONTROLLER DRIVER EXYNOS HOOKS",2043
"SCSI SUBSYSTEM","UNIVERSAL FLASH STORAGE HOST CONTROLLER DRIVER MEDIATEK HOOKS",2149
"SCSI SUBSYSTEM","UNIVERSAL FLASH STORAGE HOST CONTROLLER DRIVER QUALCOMM HOOKS",2425
"SCSI SUBSYSTEM","UNIVERSAL FLASH STORAGE HOST CONTROLLER DRIVER RENESAS HOOKS",410
"SCSI SUBSYSTEM","VMWARE PVSCSI DRIVER",2082
"SCSI TARGET SUBSYSTEM","FIREWIRE SBP-2 TARGET",2556
"SCSI TARGET SUBSYSTEM","SCSI TARGET CORE USER DRIVER",3986
"SCSI TARGET SUBSYSTEM","SCSI TARGET SUBSYSTEM",67828
"SECURE MONITOR CALL(SMC) CALLING CONVENTION (SMCCC)","SECURE MONITOR CALL(SMC) CALLING CONVENTION (SMCCC)",843
"SECURITY SUBSYSTEM","APPARMOR SECURITY MODULE",21422
"SECURITY SUBSYSTEM","CAPABILITIES",2658
"SECURITY SUBSYSTEM","Extended Verification Module (EVM)",13336
"SECURITY SUBSYSTEM","INTEGRITY MEASUREMENT ARCHITECTURE (IMA)",13336
"SECURITY SUBSYSTEM","KEYS-ENCRYPTED",1731
"SECURITY SUBSYSTEM","KEYS-TRUSTED",3079
"SECURITY SUBSYSTEM","KEYS-TRUSTED-CAAM",91
"SECURITY SUBSYSTEM","KEYS-TRUSTED-TEE",306
"SECURITY SUBSYSTEM","KEYS/KEYRINGS",17382
"SECURITY SUBSYSTEM","KEYS/KEYRINGS_INTEGRITY",847
"SECURITY SUBSYSTEM","LOADPIN SECURITY MODULE",524
"SECURITY SUBSYSTEM","LOCKDOWN SECURITY MODULE",221
"SECURITY SUBSYSTEM","SAFESETID SECURITY MODULE",850
"SECURITY SUBSYSTEM","SECURITY SUBSYSTEM",86684
"SECURITY SUBSYSTEM","SMACK SECURITY MODULE",10506
"SECURITY SUBSYSTEM","TOMOYO SECURITY MODULE",12505
"SECURITY SUBSYSTEM","YAMA SECURITY MODULE",581
"SLEEPABLE READ-COPY UPDATE (SRCU)","SLEEPABLE READ-COPY UPDATE (SRCU)",2934
"SONICS SILICON BACKPLANE DRIVER (SSB)","SONICS SILICON BACKPLANE DRIVER (SSB)",12214
"SOUND","AB8500 BATTERY AND CHARGER DRIVERS",10728
"SOUND","AD1889 ALSA SOUND DRIVER",1115
"SOUND","AD5398 CURRENT REGULATOR DRIVER (AD5398/AD5821)",279
"SOUND","ALLWINNER DMIC DRIVERS",490
"SOUND","ALTERA SYSTEM MANAGER DRIVER",228
"SOUND","ALTERA SYSTEM RESOURCE DRIVER FOR ARRIA10 DEVKIT",509
"SOUND","ANALOG DEVICES INC ADP5061 DRIVER",746
"SOUND","ANALOG DEVICES INC ASOC CODEC DRIVERS",15408
"SOUND","AOA (Apple Onboard Audio) ALSA DRIVER",7515
"SOUND","ARM PRIMECELL AACI PL041 DRIVER",1341
"SOUND","ARM/Amlogic Meson SoC Sound Drivers",9806
"SOUND","ARM/APPLE MACHINE SOUND DRIVERS",2071
"SOUND","ARM/Mediatek RTC DRIVER",1220
"SOUND","ARM/Mediatek SoC support",522769
"SOUND","ARM/Mediatek USB3 PHY DRIVER",6055
"SOUND","ATC260X PMIC MFD DRIVER",2308
"SOUND","AXENTIA ASOC DRIVERS",535
"SOUND","BLUETOOTH DRIVERS",41308
"SOUND","BT87X AUDIO DRIVER",1008
"SOUND","C-MEDIA CMI8788 DRIVER",9857
"SOUND","CANAAN/KENDRYTE K210 SOC SYSTEM CONTROLLER DRIVER",244
"SOUND","CELLWISE CW2015 BATTERY DRIVER",839
"SOUND","CHROMEOS EC CODEC DRIVER",1147
"SOUND","CIRRUS LOGIC AUDIO CODEC DRIVERS",64895
"SOUND","CIRRUS LOGIC LOCHNAGAR DRIVER",4347
"SOUND","CIRRUS LOGIC MADERA CODEC DRIVERS",38690
"SOUND","CS5535 Audio ALSA driver",1228
"SOUND","DIALOG SEMICONDUCTOR DRIVERS",46524
"SOUND","DRM DRIVERS FOR MEDIATEK",21111
"SOUND","EDIROL UA-101/UA-1000 DRIVER",1357
"SOUND","EXTERNAL CONNECTOR SUBSYSTEM (EXTCON)",15913
"SOUND","FIREWIRE AUDIO DRIVERS and IEC 61883-1/6 PACKET STREAMING ENGINE",31920
"SOUND","FOCUSRITE SCARLETT2 MIXER DRIVER (Scarlett Gen 2+ and Clarett)",7804
"SOUND","FREESCALE SOC SOUND DRIVERS",25875
"SOUND","FREESCALE SOC SOUND QMC DRIVER",853
"SOUND","GATEWORKS SYSTEM CONTROLLER (GSC) DRIVER",1062
"SOUND","HARMONY SOUND DRIVER",1142
"SOUND","HISILICON SPMI CONTROLLER DRIVER FOR HIKEY 970",423
"SOUND","HISILICON SPMI PMIC DRIVER FOR HIKEY 6421v600",199
"SOUND","ICH LPC AND GPIO DRIVER",1940
"SOUND","INFINEON PEB2466 ASoC CODEC",2162
"SOUND","INJOINIC IP5xxx POWER BANK IC DRIVER",638
"SOUND","INTEL ASoC DRIVERS",81283
"SOUND","INTEL BROXTON PMC DRIVER",521
"SOUND","INTEL MAX 10 BMC MFD DRIVER",2066
"SOUND","INTEL PMIC MULTIFUNCTION DEVICE DRIVERS",1674
"SOUND","IRON DEVICE AUDIO CODEC DRIVERS",2477
"SOUND","KHADAS MCU MFD DRIVER",439
"SOUND","MAX9860 MONO AUDIO VOICE CODEC DRIVER",922
"SOUND","MAXIM MAX17040 FAMILY FUEL GAUGE DRIVERS",764
"SOUND","MAXIM MAX17042 FAMILY FUEL GAUGE DRIVERS",1308
"SOUND","MAXIM MAX20086 CAMERA POWER PROTECTOR DRIVER",437
"SOUND","MAXIM MAX77650 PMIC MFD DRIVER",1811
"SOUND","MAXIM MAX77714 PMIC MFD DRIVER",280
"SOUND","MAXIM MAX77802 PMIC REGULATOR DEVICE DRIVER",881
"SOUND","MAXIM MAX77976 BATTERY CHARGER",553
"SOUND","MAXIM MUIC CHARGER DRIVERS FOR EXYNOS BASED BOARDS",1560
"SOUND","MAXIM PMIC AND MUIC DRIVERS FOR EXYNOS BASED BOARDS",9746
"SOUND","MEDIATEK BLUETOOTH DRIVER",1110
"SOUND","MEDIATEK BOARD LEVEL SHUTDOWN DRIVERS",117
"SOUND","MEDIATEK DMA DRIVER",2713
"SOUND","MEDIATEK I2C CONTROLLER DRIVER",1697
"SOUND","MEDIATEK IOMMU DRIVER",5015
"SOUND","MEDIATEK MMC/SD/SDIO DRIVER",3497
"SOUND","MEDIATEK MT7621 CLOCK DRIVER",663
"SOUND","MEDIATEK MT7621 PHY PCI DRIVER",400
"SOUND","MEDIATEK MT7621/28/88 I2C DRIVER",407
"SOUND","MEDIATEK PMIC LED DRIVER",798
"SOUND","MEDIATEK RANDOM NUMBER GENERATOR SUPPORT",201
"SOUND","MICROCHIP AUDIO ASOC DRIVERS",10600
"SOUND","MICROCHIP MCP16502 PMIC DRIVER",746
"SOUND","MICROSOFT SURFACE BATTERY AND AC DRIVERS",1157
"SOUND","MITSUMI MM8013 FG DRIVER",355
"SOUND","MONOLITHIC POWER SYSTEM PMIC DRIVER",2244
"SOUND","MULTIFUNCTION DEVICES (MFD)",212940
"SOUND","NATIVE INSTRUMENTS USB SOUND INTERFACE DRIVER",3264
"SOUND","NETRONIX EMBEDDED CONTROLLER",698
"SOUND","NOKIA N900 POWER SUPPLY DRIVERS",5214
"SOUND","NXP BLUETOOTH WIRELESS DRIVERS",1457
"SOUND","NXP PF8100/PF8121A/PF8200 PMIC REGULATOR DEVICE DRIVER",810
"SOUND","NXP PTN5150A CC LOGIC AND EXTCON DRIVER",421
"SOUND","NXP SGTL5000 DRIVER",2360
"SOUND","NXP TFA9879 DRIVER",564
"SOUND","NXP/Goodix TFA989X (TFA1) DRIVER",524
"SOUND","OCELOT EXTERNAL SWITCH CONTROL",977
"SOUND","OMAP AUDIO SUPPORT",5918
"SOUND","OPL4 DRIVER",2495
"SOUND","PIN CONTROLLER - MEDIATEK",55650
"SOUND","POWER SUPPLY CLASS/SUBSYSTEM and DRIVERS",100158
"SOUND","QCOM AUDIO (ASoC) DRIVERS",61010
"SOUND","QUALCOMM IPQ4019 VQMMC REGULATOR DRIVER",143
"SOUND","REALTEK AUDIO CODECS",108662
"SOUND","RENESAS IDT821034 ASoC CODEC",1253
"SOUND","ROCKCHIP I2S TDM DRIVER",2360
"SOUND","ROHM BD99954 CHARGER IC",2161
"SOUND","ROHM MULTIFUNCTION BD9571MWV-M PMIC DEVICE DRIVERS",1020
"SOUND","ROHM POWER MANAGEMENT IC DEVICE DRIVERS",8225
"SOUND","SAMSUNG AUDIO (ASoC) DRIVERS",9504
"SOUND","SAMSUNG MULTIFUNCTION PMIC DEVICE DRIVERS",7385
"SOUND","SOCIONEXT UNIPHIER SOUND DRIVER",4880
"SOUND","SOUND",1586024
"SOUND","SOUND - ALSA SELFTESTS",2772
"SOUND","SOUND - COMPRESSED AUDIO",3040
"SOUND","SOUND - DMAENGINE HELPERS",1147
"SOUND","SOUND - SOC LAYER / DYNAMIC AUDIO POWER MANAGEMENT (ASoC)",1012718
"SOUND","SOUND - SOUND OPEN FIRMWARE (SOF) DRIVERS",51971
"SOUND","SPMI SUBSYSTEM",4018
"SOUND","STARFIVE JH7110 PWMDAC DRIVER",604
"SOUND","STARFIVE JH7110 TDM DRIVER",767
"SOUND","STI AUDIO (ASoC) DRIVERS",3687
"SOUND","STM32 AUDIO (ASoC) DRIVERS",5726
"SOUND","SY8106A REGULATOR DRIVER",205
"SOUND","SYSTEM CONFIGURATION (SYSCON)",348
"SOUND","TEMPO SEMICONDUCTOR DRIVERS",10067
"SOUND","TEXAS INSTRUMENTS ASoC DRIVERS",12127
"SOUND","TEXAS INSTRUMENTS AUDIO (ASoC/HDA) DRIVERS",29855
"SOUND","TI BQ27XXX POWER SUPPLY DRIVER",2585
"SOUND","TI LM49xxx FAMILY ASoC CODEC DRIVERS",3131
"SOUND","TI PCM3060 ASoC CODEC DRIVER",584
"SOUND","TI TAS571X FAMILY ASoC CODEC DRIVER",1082
"SOUND","TI TWL4030 SERIES SOC CODEC DRIVER",2222
"SOUND","USB MIDI DRIVER",3920
"SOUND","VIRTIO SOUND DRIVER",3352
"SOUND","VIRTUAL PCM TEST DRIVER",1228
"SOUND","VOLTAGE AND CURRENT REGULATOR FRAMEWORK",126663
"SOUND","VOLTAGE AND CURRENT REGULATOR IRQ HELPERS",436
"SOUND","WOLFSON MICROELECTRONICS DRIVERS",167870
"SOUND","X-POWERS AXP288 PMIC DRIVERS",3006
"SOUND","X-POWERS MULTIFUNCTION PMIC DEVICE DRIVERS",11666
"SOUND","XEN SOUND FRONTEND DRIVER",2445
"SOUND","XTENSA XTFPGA PLATFORM SUPPORT",801
"SPARSE CHECKER","SPARSE CHECKER",253
"SPEAKUP CONSOLE SPEECH DRIVER","SPEAKUP CONSOLE SPEECH DRIVER",12335
"TEE SUBSYSTEM","OP-TEE DRIVER",6442
"TEE SUBSYSTEM","TEE SUBSYSTEM",11162
"TRUSTED SECURITY MODULE (TSM) ATTESTATION REPORTS","TRUSTED SECURITY MODULE (TSM) ATTESTATION REPORTS",576
"TURBOCHANNEL SUBSYSTEM","TURBOCHANNEL SUBSYSTEM",467
"TURBOSTAT UTILITY","TURBOSTAT UTILITY",7191
"UNICODE SUBSYSTEM","UNICODE SUBSYSTEM",8875
"UNIFDEF","UNIFDEF",1225
"USB SUBSYSTEM","ALCATEL SPEEDTOUCH USB DRIVER",2275
"USB SUBSYSTEM","AMD GEODE CS5536 USB DEVICE CONTROLLER DRIVER",877
"USB SUBSYSTEM","ASPEED USB UDC DRIVER",1654
"USB SUBSYSTEM","BROADCOM BCM63XX/BCM33XX UDC DRIVER",2380
"USB SUBSYSTEM","BROADCOM BDC DRIVER",4397
"USB SUBSYSTEM","BROADCOM BRCMSTB USB EHCI DRIVER",339
"USB SUBSYSTEM","BROADCOM BRCMSTB USB PIN MAP DRIVER",428
"USB SUBSYSTEM","CADENCE USB3 DRD IP DRIVER",9918
"USB SUBSYSTEM","CADENCE USBHS DRIVER",4815
"USB SUBSYSTEM","CADENCE USBSSP DRD IP DRIVER",11411
"USB SUBSYSTEM","CHIPIDEA USB HIGH SPEED DUAL ROLE CONTROLLER",10112
"USB SUBSYSTEM","CONEXANT ACCESSRUNNER USB DRIVER",1378
"USB SUBSYSTEM","DESIGNWARE USB2 DRD IP DRIVER",25638
"USB SUBSYSTEM","DESIGNWARE USB3 DRD IP DRIVER",19864
"USB SUBSYSTEM","FARADAY FOTG210 USB2 DUAL-ROLE CONTROLLER",8224
"USB SUBSYSTEM","FREESCALE USB PERIPHERAL DRIVERS",6415
"USB SUBSYSTEM","FREESCALE USB PHY DRIVER",1394
"USB SUBSYSTEM","IKANOS/ADI EAGLE ADSL USB DRIVER",2754
"USB SUBSYSTEM","LEGO USB Tower driver",879
"USB SUBSYSTEM","MEDIATEK USB3 DRD IP DRIVER",9806
"USB SUBSYSTEM","MICROCHIP USB251XB DRIVER",1027
"USB SUBSYSTEM","MICROCHIP USBA UDC DRIVER",2841
"USB SUBSYSTEM","MICROTEK X6 SCANNER",865
"USB SUBSYSTEM","MUSB MULTIPOINT HIGH SPEED DUAL-ROLE CONTROLLER",20509
"USB SUBSYSTEM","OMAP USB SUPPORT",3758
"USB SUBSYSTEM","ONBOARD USB HUB DRIVER",508
"USB SUBSYSTEM","QUALCOMM TYPEC PORT MANAGER DRIVER",1948
"USB SUBSYSTEM","RENESAS RZ/N1 USBF CONTROLLER DRIVER",3459
"USB SUBSYSTEM","SIS USB2VGA DRIVER",4117
"USB SUBSYSTEM","STARFIVE JH71X0 USB DRIVERS",359
"USB SUBSYSTEM","ULPI BUS",599
"USB SUBSYSTEM","USB ACM DRIVER",2361
"USB SUBSYSTEM","USB APPLE MFI FASTCHARGE DRIVER",241
"USB SUBSYSTEM","USB ATTACHED SCSI",1289
"USB SUBSYSTEM","USB CHAOSKEY DRIVER",583
"USB SUBSYSTEM","USB CYPRESS C67X00 DRIVER",2645
"USB SUBSYSTEM","USB EHCI DRIVER",15102
"USB SUBSYSTEM","USB INTEL XHCI ROLE MUX DRIVER",227
"USB SUBSYSTEM","USB ISP116X DRIVER",2324
"USB SUBSYSTEM","USB ISP1760 DRIVER",5887
"USB SUBSYSTEM","USB MASS STORAGE DRIVER",23303
"USB SUBSYSTEM","USB OHCI DRIVER",10817
"USB SUBSYSTEM","USB OTG FSM (Finite State Machine)",452
"USB SUBSYSTEM","USB OVER IP DRIVER",15672
"USB SUBSYSTEM","USB PRINTER DRIVER (usblp)",1474
"USB SUBSYSTEM","USB RAW GADGET DRIVER",1726
"USB SUBSYSTEM","USB SERIAL SUBSYSTEM",60292
"USB SUBSYSTEM","USB SUBSYSTEM",621216
"USB SUBSYSTEM","USB TYPEC BUS FOR ALTERNATE MODES",1106
"USB SUBSYSTEM","USB TYPEC CLASS",36572
"USB SUBSYSTEM","USB TYPEC INTEL PMC MUX DRIVER",1005
"USB SUBSYSTEM","USB TYPEC PI3USB30532 MUX DRIVER",190
"USB SUBSYSTEM","USB TYPEC PORT CONTROLLER DRIVERS",14286
"USB SUBSYSTEM","USB UHCI DRIVER",5217
"USB SUBSYSTEM","USB WEBCAM GADGET",7706
"USB SUBSYSTEM","USB XHCI DRIVER",30528
"USB SUBSYSTEM","XEN PVUSB DRIVER",2016
"UTIL-LINUX PACKAGE","UTIL-LINUX PACKAGE",0
"VFIO DRIVER","IBM Power VFIO Support",1374
"VFIO DRIVER","VFIO CDX DRIVER",344
"VFIO DRIVER","VFIO DRIVER",31056
"VFIO DRIVER","VFIO FSL-MC DRIVER",871
"VFIO DRIVER","VFIO HISILICON PCI DRIVER",1606
"VFIO DRIVER","VFIO MEDIATED DEVICE DRIVERS",5717
"VFIO DRIVER","VFIO MLX5 PCI DRIVER",3456
"VFIO DRIVER","VFIO PCI DEVICE SPECIFIC DRIVERS",7878
"VFIO DRIVER","VFIO PDS PCI DRIVER",2301
"VFIO DRIVER","VFIO PLATFORM DRIVER",1801
"VFIO DRIVER","VFIO VIRTIO PCI DRIVER",594
"VIRT LIB","VIRT LIB",271
"VIRTUAL BOX GUEST DEVICE DRIVER","VIRTUAL BOX GUEST DEVICE DRIVER",4751
"VIRTUAL BOX SHARED FOLDER VFS DRIVER","VIRTUAL BOX SHARED FOLDER VFS DRIVER",3373
