"c_representative","c_section","c_size"
"8250/16?50 (AND CLONE UARTS) SERIAL DRIVER","8250/16?50 (AND CLONE UARTS) SERIAL DRIVER",228
"A64FX DIAG DRIVER","A64FX DIAG DRIVER",151
"ABI/API","ABI/API",1726
"ACPI","ACPI",213245
"ACPI","ACPI APEI",8218
"ACPI","ACPI COMPONENT ARCHITECTURE (ACPICA)",117538
"ACPI","ACPI FOR ARM64 (ACPI/arm64)",3886
"ACPI","ACPI FOR RISC-V (ACPI/riscv)",1404
"ACPI","ACPI PMIC DRIVERS",2493
"ACPI","ACPI THERMAL DRIVER",1593
"ACPI","ACPI VIOT DRIVER",394
"ACPI","ISAPNP",1358
"ACPI","LIBNVDIMM BTT: BLOCK TRANSLATION TABLE",2324
"ACPI","LIBNVDIMM PMEM: PERSISTENT MEMORY DRIVER",811
"ACPI","LIBNVDIMM: DEVICETREE BINDINGS",162
"ACPI","LIBNVDIMM: NON-VOLATILE MEMORY DEVICE SUBSYSTEM",26582
"ACPI","NVIDIA GHES VENDOR CPER RECORD HANDLER",149
"ACPI","PNP SUPPORT",9077
"ACPI","PSTORE FILESYSTEM",8065
"ACPI","VIRTIO PMEM DRIVER",325
"ADDRESS SPACE LAYOUT RANDOMIZATION (ASLR)","ADDRESS SPACE LAYOUT RANDOMIZATION (ASLR)",0
"ARM PORT","ARM MFM AND FLOPPY DRIVERS",110
"ARM PORT","ARM PORT",289667
"ARM PORT","ARM SUB-ARCHITECTURES",151184
"ARM PORT","ARM/CALXEDA HIGHBANK ARCHITECTURE",884
"ARM PORT","ARM/FARADAY FA526 PORT",613
"ARM PORT","ARM/FOOTBRIDGE ARCHITECTURE",2866
"ARM PORT","ARM/HP JORNADA 7XX MACHINE SUPPORT",408
"ARM PORT","ARM/Marvell Dove/MV78xx0/Orion SOC support",17249
"ARM PORT","ARM/Orion SoC/Technologic Systems TS-78xx platform support",616
"ARM PORT","ARM/VFP SUPPORT",4135
"ARM PORT","BPF JIT for ARM",2556
"ARM PORT","CPUIDLE DRIVER - ARM EXYNOS",498
"ARM PORT","LEGO MINDSTORMS EV3",754
"ARM PORT","MMP SUPPORT",2408
"ARM PORT","OMAP CLOCK FRAMEWORK SUPPORT",6842
"ARM PORT","OMAP HWMOD DATA",6111
"ARM PORT","OMAP HWMOD SUPPORT",10733
"ARM PORT","OMAP I2C DRIVER",1728
"ARM PORT","OMAP POWER MANAGEMENT SUPPORT",3118
"ARM PORT","OMAP POWERDOMAIN SOC ADAPTATION LAYER SUPPORT",4843
"ARM PORT","OMAP1 SUPPORT",14979
"ARM PORT","OMAP2+ SUPPORT",75318
"ARM PORT","PXA2xx/PXA3xx SUPPORT",27668
"ARM PORT","TI DAVINCI MACHINE SUPPORT",5723
"ARM PORT","XEN HYPERVISOR ARM",1162
"ARM/CIRRUS LOGIC BK3 MACHINE SUPPORT","ARM/CIRRUS LOGIC BK3 MACHINE SUPPORT",0
"ARM/CLKDEV SUPPORT","ARM/CLKDEV SUPPORT",418
"ARM/GUMSTIX MACHINE SUPPORT","ARM/GUMSTIX MACHINE SUPPORT",0
"ARM/INTEL XSC3 (MANZANO) ARM CORE","ARM/INTEL XSC3 (MANZANO) ARM CORE",0
"ATHEROS ATH5K WIRELESS DRIVER","ATHEROS ATH5K WIRELESS DRIVER",27012
"AUXILIARY DISPLAY DRIVERS","AUXILIARY DISPLAY DRIVERS",8272
"AUXILIARY DISPLAY DRIVERS","CFAG12864B LCD DRIVER",419
"AUXILIARY DISPLAY DRIVERS","CFAG12864BFB LCD FRAMEBUFFER DRIVER",220
"AUXILIARY DISPLAY DRIVERS","HT16K33 LED CONTROLLER DRIVER",887
"AUXILIARY DISPLAY DRIVERS","IMGTEC ASCII LCD DRIVER",354
"AUXILIARY DISPLAY DRIVERS","KS0108 LCD CONTROLLER DRIVER",256
"AUXILIARY DISPLAY DRIVERS","PARALLEL LCD/KEYPAD PANEL DRIVER",1733
"B43 WIRELESS DRIVER","B43 WIRELESS DRIVER",56700
"B43LEGACY WIRELESS DRIVER","B43LEGACY WIRELESS DRIVER",14615
"BCACHE (BLOCK LAYER CACHE)","BCACHE (BLOCK LAYER CACHE)",18303
"BCACHEFS","BCACHEFS",0
"BLOCK LAYER","ATA OVER ETHERNET (AOE) DRIVER",3964
"BLOCK LAYER","BFQ I/O SCHEDULER",12631
"BLOCK LAYER","BLOCK LAYER",180708
"BLOCK LAYER","BSG (block layer generic sg v4 driver)",473
"BLOCK LAYER","CONTROL GROUP - BLOCK IO CONTROLLER (BLKIO)",10537
"BLOCK LAYER","DRBD DRIVER",34033
"BLOCK LAYER","FLOPPY DRIVER",5027
"BLOCK LAYER","GUID PARTITION TABLE (GPT)",871
"BLOCK LAYER","LOGICAL DISK MANAGER SUPPORT (LDM, Windows 2000/XP/Vista Dynamic Disks)",1801
"BLOCK LAYER","NETWORK BLOCK DEVICE (NBD)",2998
"BLOCK LAYER","RADOS BLOCK DEVICE (RBD)",7725
"BLOCK LAYER","RAMDISK RAM BLOCK DEVICE DRIVER",596
"BLOCK LAYER","RNBD BLOCK DRIVERS",4571
"BLOCK LAYER","SECURE ENCRYPTING DEVICE (SED) OPAL DRIVER",4598
"BLOCK LAYER","VIRTIO BLOCK AND SCSI DRIVERS",3335
"BLOCK LAYER","XEN BLOCK SUBSYSTEM",5786
"BLOCK LAYER","XEN HYPERVISOR INTERFACE",54850
"BLOCK LAYER","XEN PCI SUBSYSTEM",1680
"BLOCK LAYER","XEN PVSCSI DRIVERS",3466
"BLOCK LAYER","XEN SWIOTLB SUBSYSTEM",500
"BLOCK LAYER","ZONED BLOCK DEVICE (BLOCK LAYER)",2708
"BLOCK LAYER","ZONED LOOP DEVICE",1962
"BLOCK LAYER","ZRAM COMPRESSED RAM BLOCK DEVICE DRVIER",5429
"BLUETOOTH SUBSYSTEM","BLUETOOTH SUBSYSTEM",81475
"BPF [MISC]","BPF [MISC]",0
"BROADCOM BRCM80211 IEEE802.11 WIRELESS DRIVERS","BROADCOM BRCM80211 IEEE802.11 WIRELESS DRIVERS",116465
"BROADCOM SPECIFIC AMBA DRIVER (BCMA)","BROADCOM SPECIFIC AMBA DRIVER (BCMA)",8201
"CARL9170 LINUX COMMUNITY WIRELESS DRIVER","CARL9170 LINUX COMMUNITY WIRELESS DRIVER",13756
"CEPH COMMON CODE (LIBCEPH)","CEPH COMMON CODE (LIBCEPH)",31475
"CHECKPATCH","CHECKPATCH",7948
"CIRRUS LOGIC DSP FIRMWARE DRIVER","CIRRUS LOGIC DSP FIRMWARE DRIVER",22036
"CLANG CONTROL FLOW INTEGRITY SUPPORT","CLANG CONTROL FLOW INTEGRITY SUPPORT",202
"CLANG-FORMAT FILE","CLANG-FORMAT FILE",806
"CLK API","CLK API",1258
"COMEDI DRIVERS","COMEDI DRIVERS",134002
"COMMON INTERNET FILE SYSTEM CLIENT (CIFS and SMB3)","COMMON INTERNET FILE SYSTEM CLIENT (CIFS and SMB3)",80599
"COMMON INTERNET FILE SYSTEM CLIENT (CIFS and SMB3)","KERNEL SMB3 SERVER (KSMBD)",34265
"COMMON INTERNET FILE SYSTEM CLIENT (CIFS and SMB3)","SMBDIRECT (RDMA Stream Transport with Read/Write-Offload, MS-SMBD)",8697
"COMPILER ATTRIBUTES","COMPILER ATTRIBUTES",423
"CONTEXT TRACKING","CONTEXT TRACKING",1082
"CPU POWER MONITORING SUBSYSTEM","CPU POWER MONITORING SUBSYSTEM",19342
"CRYPTO SPEED TEST COMPARE","CRYPTO SPEED TEST COMPARE",190
"CW1200 WLAN driver","CW1200 WLAN driver",13560
"DEVICE DEPENDENCY HELPER SCRIPT","DEVICE DEPENDENCY HELPER SCRIPT",315
"DEVICE DIRECT ACCESS (DAX)","DEVICE DIRECT ACCESS (DAX)",4338
"DEVICE DIRECT ACCESS (DAX)","DEVICE DIRECT ACCESS (DAX) [fsdev_dax]",349
"DEVICE RESOURCE MANAGEMENT HELPERS","DEVICE RESOURCE MANAGEMENT HELPERS",79
"DIBS (DIRECT INTERNAL BUFFER SHARING)","DIBS (DIRECT INTERNAL BUFFER SHARING)",1188
"DISK GEOMETRY AND PARTITION HANDLING","DISK GEOMETRY AND PARTITION HANDLING",0
"DISTRIBUTED LOCK MANAGER (DLM)","DISTRIBUTED LOCK MANAGER (DLM)",19605
"DMA MAPPING HELPERS","DMA MAPPING BENCHMARK",784
"DMA MAPPING HELPERS","DMA MAPPING HELPERS",9630
"DMI/SMBIOS SUPPORT","DMI/SMBIOS SUPPORT",1687
"DPLL SUBSYSTEM","DPLL SUBSYSTEM",12406
"DPLL SUBSYSTEM","MICROCHIP ZL3073X DRIVER",7524
"DRM COMPUTE ACCELERATORS DRIVERS AND FRAMEWORK","AMD XDNA DRIVER",11646
"DRM COMPUTE ACCELERATORS DRIVERS AND FRAMEWORK","ARM ETHOS-U NPU DRIVER",2212
"DRM COMPUTE ACCELERATORS DRIVERS AND FRAMEWORK","DRM ACCEL DRIVER FOR ROCKCHIP NPU",6277
"DRM COMPUTE ACCELERATORS DRIVERS AND FRAMEWORK","DRM ACCEL DRIVERS FOR INTEL VPU",15688
"DRM COMPUTE ACCELERATORS DRIVERS AND FRAMEWORK","DRM COMPUTE ACCELERATORS DRIVERS AND FRAMEWORK",381649
"DRM COMPUTE ACCELERATORS DRIVERS AND FRAMEWORK","HABANALABS PCI DRIVER",342793
"DRM COMPUTE ACCELERATORS DRIVERS AND FRAMEWORK","QUALCOMM CLOUD AI (QAIC) DRIVER",10377
"DRM DRIVERS","AMD DISPLAY CORE",563605
"DRM DRIVERS","AMD DISPLAY CORE - DML",134961
"DRM DRIVERS","AMD KFD",68488
"DRM DRIVERS","AMD POWERPLAY AND SWSMU",185252
"DRM DRIVERS","ARC PGU DRM DRIVER",470
"DRM DRIVERS","ARM HDLCD DRM DRIVER",982
"DRM DRIVERS","ARM KOMEDA DRM-KMS DRIVER",9704
"DRM DRIVERS","ARM MALI PANFROST DRM DRIVER",8406
"DRM DRIVERS","ARM MALI PANTHOR DRM DRIVER",17930
"DRM DRIVERS","ARM MALI TYR DRM DRIVER",2167
"DRM DRIVERS","ARM MALI-DP DRM DRIVER",15495
"DRM DRIVERS","CORE DRIVER FOR NVIDIA GPUS [RUST]",12047
"DRM DRIVERS","DRM AUTOMATED TESTING",6113
"DRM DRIVERS","DRM DRIVER FOR ALLWINNER DE2 AND DE3 ENGINE",5472
"DRM DRIVERS","DRM DRIVER FOR APPLE TOUCH BARS",834
"DRM DRIVERS","DRM DRIVER FOR ARM PL111 CLCD",1932
"DRM DRIVERS","DRM DRIVER FOR ARM VERSATILE TFT PANELS",426
"DRM DRIVERS","DRM DRIVER FOR ASPEED BMC GFX",855
"DRM DRIVERS","DRM DRIVER FOR AST SERVER GRAPHICS CHIPS",8192
"DRM DRIVERS","DRM DRIVER FOR BOCHS VIRTUAL GPU",836
"DRM DRIVERS","DRM DRIVER FOR BOE HIMAX8279D PANELS",976
"DRM DRIVERS","DRM DRIVER FOR CHIPONE ICN6211 MIPI-DSI to RGB CONVERTER BRIDGE",949
"DRM DRIVERS","DRM DRIVER FOR EBBG FT8719 PANEL",321
"DRM DRIVERS","DRM DRIVER FOR FARADAY TVE200 TV ENCODER",783
"DRM DRIVERS","DRM DRIVER FOR FEIXIN K101 IM2BA02 MIPI-DSI LCD PANELS",571
"DRM DRIVERS","DRM DRIVER FOR FEIYANG FY07024DI26A30-D MIPI-DSI LCD PANELS",322
"DRM DRIVERS","DRM DRIVER FOR FIRMWARE FRAMEBUFFERS",5568
"DRM DRIVERS","DRM DRIVER FOR GENERIC EDP PANELS",2453
"DRM DRIVERS","DRM DRIVER FOR GENERIC USB DISPLAY",2614
"DRM DRIVERS","DRM DRIVER FOR GRAIN MEDIA GM12U320 PROJECTORS",747
"DRM DRIVERS","DRM DRIVER FOR HIMAX HX8394 MIPI-DSI LCD panels",936
"DRM DRIVERS","DRM DRIVER FOR HX8357D PANELS",481
"DRM DRIVERS","DRM DRIVER FOR HYPERV SYNTHETIC VIDEO DEVICE",1283
"DRM DRIVERS","DRM DRIVER FOR ILITEK ILI9225 PANELS",586
"DRM DRIVERS","DRM DRIVER FOR ILITEK ILI9486 PANELS",461
"DRM DRIVERS","DRM DRIVER FOR ILITEK ILI9805 PANELS",469
"DRM DRIVERS","DRM DRIVER FOR ILITEK ILI9806E PANELS",972
"DRM DRIVERS","DRM DRIVER FOR JADARD JD9365DA-H3 MIPI-DSI LCD PANELS",1804
"DRM DRIVERS","DRM DRIVER FOR LG SW43408 PANELS",393
"DRM DRIVERS","DRM DRIVER FOR LOGICVC DISPLAY CONTROLLER",2231
"DRM DRIVERS","DRM DRIVER FOR LVDS PANELS",368
"DRM DRIVERS","DRM DRIVER FOR LXD M9189A PANELS",307
"DRM DRIVERS","DRM DRIVER FOR MANTIX MLAF057WE51 PANELS",400
"DRM DRIVERS","DRM DRIVER FOR MGA G200 GRAPHICS CHIPS",5606
"DRM DRIVERS","DRM DRIVER FOR MI0283QT",417
"DRM DRIVERS","DRM DRIVER FOR MIPI DBI compatible panels",736
"DRM DRIVERS","DRM DRIVER FOR NOVATEK NT35510 PANELS",1473
"DRM DRIVERS","DRM DRIVER FOR NOVATEK NT35560 PANELS",539
"DRM DRIVERS","DRM DRIVER FOR NOVATEK NT36523 PANELS",1377
"DRM DRIVERS","DRM DRIVER FOR NOVATEK NT36672A PANELS",737
"DRM DRIVERS","DRM DRIVER FOR NOVATEK NT37801 PANELS",409
"DRM DRIVERS","DRM DRIVER FOR NVIDIA GEFORCE/QUADRO GPUS",233363
"DRM DRIVERS","DRM DRIVER FOR NVIDIA GPUS [RUST]",1334
"DRM DRIVERS","DRM DRIVER FOR OLIMEX LCD-OLINUXINO PANELS",346
"DRM DRIVERS","DRM DRIVER FOR PARADE PS8640 BRIDGE CHIP",874
"DRM DRIVERS","DRM DRIVER FOR PERVASIVE DISPLAYS REPAPER PANELS",1205
"DRM DRIVERS","DRM DRIVER FOR PIXPAPER E-INK PANEL",1229
"DRM DRIVERS","DRM DRIVER FOR QEMU'S CIRRUS DEVICE",675
"DRM DRIVERS","DRM DRIVER for Qualcomm Adreno GPUs",49649
"DRM DRIVERS","DRM DRIVER for Qualcomm display hardware",154930
"DRM DRIVERS","DRM DRIVER FOR QXL VIRTUAL GPU",6756
"DRM DRIVERS","DRM DRIVER FOR RAYDIUM RM67191 PANELS",712
"DRM DRIVERS","DRM DRIVER FOR SAMSUNG DB7430 PANELS",432
"DRM DRIVERS","DRM DRIVER FOR SAMSUNG MIPI DSIM BRIDGE",2787
"DRM DRIVERS","DRM DRIVER FOR SAMSUNG S6D27A1 PANELS",411
"DRM DRIVERS","DRM DRIVER FOR SAMSUNG S6D7AA0 PANELS",571
"DRM DRIVERS","DRM DRIVER FOR SAMSUNG S6E3FC2X01 DDIC",462
"DRM DRIVERS","DRM DRIVER FOR SAMSUNG S6E3HA8 PANELS",413
"DRM DRIVERS","DRM DRIVER FOR SAMSUNG S6E8FC0 PANELS",301
"DRM DRIVERS","DRM DRIVER FOR SAMSUNG SOFEF00 DDIC",372
"DRM DRIVERS","DRM DRIVER FOR SHARP MEMORY LCD",761
"DRM DRIVERS","DRM DRIVER FOR SITRONIX ST7571 PANELS",1414
"DRM DRIVERS","DRM DRIVER FOR SITRONIX ST7586 PANELS",559
"DRM DRIVERS","DRM DRIVER FOR SITRONIX ST7701 PANELS",1600
"DRM DRIVERS","DRM DRIVER FOR SITRONIX ST7703 PANELS",1017
"DRM DRIVERS","DRM DRIVER FOR SITRONIX ST7735R PANELS",450
"DRM DRIVERS","DRM DRIVER FOR SITRONIX ST7920 LCD DISPLAYS",925
"DRM DRIVERS","DRM DRIVER FOR SOLOMON SSD130X OLED DISPLAYS",2915
"DRM DRIVERS","DRM DRIVER FOR ST-ERICSSON MCDE",4775
"DRM DRIVERS","DRM DRIVER FOR SYNAPTICS R63353 PANELS",394
"DRM DRIVERS","DRM DRIVER FOR SYNOPSYS DESIGNWARE DISPLAYPORT BRIDGE",2299
"DRM DRIVERS","DRM DRIVER FOR TI DLPC3433 MIPI DSI TO DMD BRIDGE",534
"DRM DRIVERS","DRM DRIVER FOR TI SN65DSI86 BRIDGE CHIP",2466
"DRM DRIVERS","DRM DRIVER FOR TPO TPG110 PANELS",590
"DRM DRIVERS","DRM DRIVER FOR USB DISPLAYLINK VIDEO ADAPTERS",1576
"DRM DRIVERS","DRM DRIVER FOR VIRTUAL KERNEL MODESETTING (VKMS)",9272
"DRM DRIVERS","DRM DRIVER FOR VIRTUALBOX VIRTUAL GPU",2988
"DRM DRIVERS","DRM DRIVER FOR VMWARE VIRTUAL GPU",47763
"DRM DRIVERS","DRM DRIVER FOR WIDECHIPS WS2401 PANELS",539
"DRM DRIVERS","DRM DRIVERS",8302191
"DRM DRIVERS","DRM DRIVERS AND COMMON INFRASTRUCTURE [RUST]",13959
"DRM DRIVERS","DRM DRIVERS AND MISC GPU PATCHES",1075186
"DRM DRIVERS","DRM DRIVERS FOR ALLWINNER A10",18025
"DRM DRIVERS","DRM DRIVERS FOR AMLOGIC SOCS",12485
"DRM DRIVERS","DRM DRIVERS FOR ATMEL HLCDC",3691
"DRM DRIVERS","DRM DRIVERS FOR BRIDGE CHIPS",90781
"DRM DRIVERS","DRM DRIVERS FOR FREESCALE DCU",1537
"DRM DRIVERS","DRM DRIVERS FOR FREESCALE IMX 5/6",16856
"DRM DRIVERS","DRM DRIVERS FOR FREESCALE IMX BRIDGE",5251
"DRM DRIVERS","DRM DRIVERS FOR FREESCALE IMX8 DISPLAY CONTROLLER",6264
"DRM DRIVERS","DRM DRIVERS FOR GMA500 (Poulsbo, Moorestown and derivative chipsets)",23305
"DRM DRIVERS","DRM DRIVERS FOR HISILICON HIBMC",3159
"DRM DRIVERS","DRM DRIVERS FOR HISILICON KIRIN",2712
"DRM DRIVERS","DRM DRIVERS FOR LIMA",5386
"DRM DRIVERS","DRM DRIVERS FOR LOONGSON",6460
"DRM DRIVERS","DRM DRIVERS FOR NVIDIA TEGRA",39293
"DRM DRIVERS","DRM DRIVERS FOR PRE-DCP APPLE DISPLAY OUTPUT",1276
"DRM DRIVERS","DRM DRIVERS FOR RENESAS R-CAR",11328
"DRM DRIVERS","DRM DRIVERS FOR RENESAS RZ",3913
"DRM DRIVERS","DRM DRIVERS FOR RENESAS SHMOBILE",2087
"DRM DRIVERS","DRM DRIVERS FOR ROCKCHIP",24903
"DRM DRIVERS","DRM DRIVERS FOR STI",10374
"DRM DRIVERS","DRM DRIVERS FOR STM",4785
"DRM DRIVERS","DRM DRIVERS FOR TI KEYSTONE",7034
"DRM DRIVERS","DRM DRIVERS FOR TI LCDC",2417
"DRM DRIVERS","DRM DRIVERS FOR TI OMAP",32622
"DRM DRIVERS","DRM DRIVERS FOR V3D",7435
"DRM DRIVERS","DRM DRIVERS FOR VC4",29458
"DRM DRIVERS","DRM DRIVERS FOR VERISILICON DISPLAY CONTROLLER IP",1972
"DRM DRIVERS","DRM DRIVERS FOR VIVANTE GPU IP",11249
"DRM DRIVERS","DRM DRIVERS FOR XEN",2458
"DRM DRIVERS","DRM DRIVERS FOR XILINX",6107
"DRM DRIVERS","DRM GPU SCHEDULER",4771
"DRM DRIVERS","DRM GPUVM",4548
"DRM DRIVERS","DRM LOG",441
"DRM DRIVERS","DRM PANEL DRIVERS",84346
"DRM DRIVERS","DRM PANIC",1747
"DRM DRIVERS","DRM PANIC QR CODE",1016
"DRM DRIVERS","DRM PRIVACY-SCREEN CLASS",784
"DRM DRIVERS","DRM TTM SUBSYSTEM",13480
"DRM DRIVERS","GPU BUDDY ALLOCATOR",3919
"DRM DRIVERS","IMGTEC POWERVR DRM DRIVER",36042
"DRM DRIVERS","INNOSILICON HDMI BRIDGE DRIVER",1178
"DRM DRIVERS","INTEL DRM DISPLAY FOR XE AND I915 DRIVERS",205745
"DRM DRIVERS","INTEL DRM I915 DRIVER (Meteor Lake, DG2 and older excluding Poulsbo, Moorestown and derivative)",428184
"DRM DRIVERS","INTEL DRM XE DRIVER (Lunar Lake and newer)",143398
"DRM DRIVERS","INTEL GVT-g DRIVERS (Intel GPU Virtualization)",23871
"DRM DRIVERS","INTEL KEEM BAY DRM DRIVER",4475
"DRM DRIVERS","ITE IT6263 LVDS TO HDMI BRIDGE DRIVER",1184
"DRM DRIVERS","ITE IT66121 HDMI BRIDGE DRIVER",1790
"DRM DRIVERS","LONTIUM LT8912B MIPI TO HDMI BRIDGE",957
"DRM DRIVERS","MARVELL ARMADA DRM SUPPORT",4218
"DRM DRIVERS","MEGACHIPS STDPXXXX-GE-B850V3-FW LVDS/DP++ BRIDGES",411
"DRM DRIVERS","MICROCHIP SAM9x7-COMPATIBLE LVDS CONTROLLER",284
"DRM DRIVERS","MXSFB DRM DRIVER",3085
"DRM DRIVERS","NXP i.MX 8MQ DCSS DRIVER",4060
"DRM DRIVERS","NXP TDA998X DRM DRIVER",2089
"DRM DRIVERS","RADEON and AMDGPU DRM DRIVERS",6385564
"DRM DRIVERS","VGA_SWITCHEROO",1374
"DRM DRIVERS","VIRTIO GPU DRIVER",7076
"EDAC-CORE","AMAZON ANNAPURNA LABS MEMORY CONTROLLER EDAC",416
"EDAC-CORE","APPLIED MICRO (APM) X-GENE SOC EDAC",2244
"EDAC-CORE","ARM/SOCFPGA EDAC SUPPORT",2624
"EDAC-CORE","EDAC-A72",225
"EDAC-CORE","EDAC-AMD64",5870
"EDAC-CORE","EDAC-ARMADA",653
"EDAC-CORE","EDAC-AST2500",445
"EDAC-CORE","EDAC-BLUEFIELD",494
"EDAC-CORE","EDAC-CALXEDA",417
"EDAC-CORE","EDAC-CAVIUM OCTEON",781
"EDAC-CORE","EDAC-CAVIUM THUNDERX",2146
"EDAC-CORE","EDAC-CORE",59968
"EDAC-CORE","EDAC-DMC520",652
"EDAC-CORE","EDAC-E752X",1481
"EDAC-CORE","EDAC-E7XXX",602
"EDAC-CORE","EDAC-FSL_DDR",762
"EDAC-CORE","EDAC-GHES",574
"EDAC-CORE","EDAC-I10NM",1299
"EDAC-CORE","EDAC-I3000",565
"EDAC-CORE","EDAC-I5000",1583
"EDAC-CORE","EDAC-I5400",1470
"EDAC-CORE","EDAC-I7300",1215
"EDAC-CORE","EDAC-I7CORE",2390
"EDAC-CORE","EDAC-I82975X",706
"EDAC-CORE","EDAC-IE31200",845
"EDAC-CORE","EDAC-IGEN6",1666
"EDAC-CORE","EDAC-MPC85XX",816
"EDAC-CORE","EDAC-NPCM",592
"EDAC-CORE","EDAC-PASEMI",303
"EDAC-CORE","EDAC-PND2",1877
"EDAC-CORE","EDAC-QCOM",419
"EDAC-CORE","EDAC-SBRIDGE",3680
"EDAC-CORE","EDAC-SKYLAKE",1984
"EDAC-CORE","EDAC-TI",336
"EDAC-CORE","LOONGSON EDAC DRIVER",157
"EDAC-CORE","XILINX VERSAL EDAC DRIVER",1253
"EDAC-CORE","XILINX VERSALNET EDAC DRIVER",1047
"EDAC-CORE","XILINX ZYNQMP OCM EDAC DRIVER",510
"EFI VARIABLE FILESYSTEM","EFI VARIABLE FILESYSTEM",1621
"EFS FILESYSTEM","EFS FILESYSTEM",1183
"EXFAT FILE SYSTEM","EXFAT FILE SYSTEM",8311
"FADDR2LINE","FADDR2LINE",380
"FIREWIRE SUBSYSTEM","FIREWIRE SUBSYSTEM",21514
"FIRMWARE FRAMEWORK FOR ARMV8-A","FIRMWARE FRAMEWORK FOR ARMV8-A",3059
"FORTIFY_SOURCE","FORTIFY_SOURCE",2687
"FPGA MANAGER FRAMEWORK","FPGA DFL DRIVERS",10059
"FPGA MANAGER FRAMEWORK","FPGA MANAGER FRAMEWORK",22639
"FPGA MANAGER FRAMEWORK","INTEL MAX10 BMC SECURE UPDATES",835
"FPGA MANAGER FRAMEWORK","MICROCHIP POLARFIRE FPGA DRIVERS",457
"FRAMEBUFFER LAYER","ADP5520 BACKLIGHT DRIVER WITH IO EXPANDER (ADP5520/ADP5501)",1286
"FRAMEBUFFER LAYER","ADP8860 BACKLIGHT DRIVER (ADP8860/ADP8861/ADP8863)",814
"FRAMEBUFFER LAYER","AGPGART DRIVER",11926
"FRAMEBUFFER LAYER","AMD GEODE PROCESSOR/CHIPSET SUPPORT",5517
"FRAMEBUFFER LAYER","ARC FRAMEBUFFER DRIVER",1095
"FRAMEBUFFER LAYER","AWINIC AW99706 WLED BACKLIGHT DRIVER",572
"FRAMEBUFFER LAYER","BACKLIGHT CLASS/SUBSYSTEM",24112
"FRAMEBUFFER LAYER","CONSOLE SUBSYSTEM",4291
"FRAMEBUFFER LAYER","CYBERPRO FB DRIVER",2357
"FRAMEBUFFER LAYER","DISPLAYLINK USB 2.0 FRAMEBUFFER DRIVER (UDLFB)",2263
"FRAMEBUFFER LAYER","EFIFB FRAMEBUFFER DRIVER",607
"FRAMEBUFFER LAYER","EPSON S1D13XXX FRAMEBUFFER DRIVER",1214
"FRAMEBUFFER LAYER","FRAMEBUFFER CONSOLE",51665
"FRAMEBUFFER LAYER","FRAMEBUFFER CORE",14974
"FRAMEBUFFER LAYER","FRAMEBUFFER DRAWING",1622
"FRAMEBUFFER LAYER","FRAMEBUFFER LAYER",331128
"FRAMEBUFFER LAYER","FREESCALE DIU FRAMEBUFFER DRIVER",1995
"FRAMEBUFFER LAYER","FREESCALE IMX / MXC FRAMEBUFFER DRIVER",1110
"FRAMEBUFFER LAYER","HGA FRAMEBUFFER DRIVER",685
"FRAMEBUFFER LAYER","IMS TWINTURBO FRAMEBUFFER DRIVER",1650
"FRAMEBUFFER LAYER","INTEL 810/815 FRAMEBUFFER DRIVER",4114
"FRAMEBUFFER LAYER","KTD253 BACKLIGHT DRIVER",273
"FRAMEBUFFER LAYER","KTD2801 BACKLIGHT DRIVER",175
"FRAMEBUFFER LAYER","KTZ8866 BACKLIGHT DRIVER",295
"FRAMEBUFFER LAYER","MATROX FRAMEBUFFER DRIVER",9557
"FRAMEBUFFER LAYER","MICROCHIP LCDFB DRIVER",1503
"FRAMEBUFFER LAYER","MP3309C BACKLIGHT DRIVER",493
"FRAMEBUFFER LAYER","NVIDIA (rivafb and nvidiafb) FRAMEBUFFER DRIVER",12225
"FRAMEBUFFER LAYER","OMAP DISPLAY SUBSYSTEM and FRAMEBUFFER SUPPORT (DSS2)",38702
"FRAMEBUFFER LAYER","OMAP FRAMEBUFFER SUPPORT",6142
"FRAMEBUFFER LAYER","PARISC ARCHITECTURE",85647
"FRAMEBUFFER LAYER","RADEON FRAMEBUFFER DISPLAY DRIVER",7873
"FRAMEBUFFER LAYER","RAGE128 FRAMEBUFFER DISPLAY DRIVER",2530
"FRAMEBUFFER LAYER","S3 SAVAGE FRAMEBUFFER DRIVER",3375
"FRAMEBUFFER LAYER","SAMSUNG FRAMEBUFFER DRIVER",1804
"FRAMEBUFFER LAYER","SILICON MOTION SM712 FRAME BUFFER DRIVER",1926
"FRAMEBUFFER LAYER","SIMPLEFB FB DRIVER",967
"FRAMEBUFFER LAYER","SIS FRAMEBUFFER DRIVER",31019
"FRAMEBUFFER LAYER","SMSC UFX6000 and UFX7000 USB to VGA DRIVER",1953
"FRAMEBUFFER LAYER","UVESAFB DRIVER",2185
"FRAMEBUFFER LAYER","VIA UNICHROME(PRO)/CHROME9 FRAMEBUFFER DRIVER",12075
"FREESCALE SOC DRIVERS","DPAA2 DATAPATH I/O (DPIO) DRIVER",4150
"FREESCALE SOC DRIVERS","FREESCALE QUICC ENGINE LIBRARY",9515
"FREESCALE SOC DRIVERS","FREESCALE QUICC ENGINE QMC DRIVER",2767
"FREESCALE SOC DRIVERS","FREESCALE QUICC ENGINE TSA DRIVER",1654
"FREESCALE SOC DRIVERS","FREESCALE SOC DRIVERS",29774
"FREEVXFS FILESYSTEM","FREEVXFS FILESYSTEM",2423
"FSNOTIFY: FILESYSTEM NOTIFICATION INFRASTRUCTURE","DIRECTORY NOTIFICATION (DNOTIFY)",552
"FSNOTIFY: FILESYSTEM NOTIFICATION INFRASTRUCTURE","FANOTIFY",4342
"FSNOTIFY: FILESYSTEM NOTIFICATION INFRASTRUCTURE","FSNOTIFY: FILESYSTEM NOTIFICATION INFRASTRUCTURE",9554
"FSNOTIFY: FILESYSTEM NOTIFICATION INFRASTRUCTURE","INOTIFY",1352
"GENDWARFKSYMS","GENDWARFKSYMS",3804
"GENERIC ENTRY CODE","GENERIC ENTRY CODE",1493
"GET_MAINTAINER SCRIPT","GET_MAINTAINER SCRIPT",2660
"GOOGLE FIRMWARE DRIVERS","GOOGLE FIRMWARE DRIVERS",2782
"GPIB DRIVERS","GPIB DRIVERS",28225
"HFSPLUS FILESYSTEM","HFS FILESYSTEM",6995
"HFSPLUS FILESYSTEM","HFSPLUS FILESYSTEM",15190
"HISILICON KUNPENG SOC HCCS DRIVER","HISILICON KUNPENG SOC HCCS DRIVER",2191
"HPFS FILESYSTEM","HPFS FILESYSTEM",6602
"HUNG TASK DETECTOR","HUNG TASK DETECTOR",684
"I3C SUBSYSTEM","I3C DRIVER FOR ANALOG DEVICES I3C CONTROLLER IP",1088
"I3C SUBSYSTEM","I3C DRIVER FOR ASPEED AST2600",259
"I3C SUBSYSTEM","I3C DRIVER FOR CADENCE I3C MASTER IP",1712
"I3C SUBSYSTEM","I3C DRIVER FOR RENESAS",1667
"I3C SUBSYSTEM","I3C DRIVER FOR SYNOPSYS DESIGNWARE",2015
"I3C SUBSYSTEM","I3C SUBSYSTEM",20354
"I3C SUBSYSTEM","SILVACO I3C DUAL-ROLE MASTER",2265
"IIO SUBSYSTEM AND DRIVERS","AB8500 BATTERY AND CHARGER DRIVERS",10721
"IIO SUBSYSTEM AND DRIVERS","AD4030 ADC DRIVER (AD4030-24/AD4630-16/AD4630-24/AD4632-16/AD4632-24)",2235
"IIO SUBSYSTEM AND DRIVERS","AD5110 ANALOG DEVICES DIGITAL POTENTIOMETERS DRIVER",349
"IIO SUBSYSTEM AND DRIVERS","AD5446	ANALOG DEVICES INC AD5446 DAC DRIVER",783
"IIO SUBSYSTEM AND DRIVERS","AD738X ADC DRIVER (AD7380/1/2/4)",2705
"IIO SUBSYSTEM AND DRIVERS","AD7476 ADC DRIVER FOR VARIOUS SIMPLE 1-CHANNEL SPI ADCs",465
"IIO SUBSYSTEM AND DRIVERS","AD7944 ADC DRIVER (AD7944/AD7985/AD7986)",1280
"IIO SUBSYSTEM AND DRIVERS","ADXL313 THREE-AXIS DIGITAL ACCELEROMETER DRIVER",1760
"IIO SUBSYSTEM AND DRIVERS","ADXL355 THREE-AXIS DIGITAL ACCELEROMETER DRIVER",1112
"IIO SUBSYSTEM AND DRIVERS","ADXL367 THREE-AXIS DIGITAL ACCELEROMETER DRIVER",1854
"IIO SUBSYSTEM AND DRIVERS","ADXL371/ADXL372 THREE-AXIS DIGITAL ACCELEROMETER DRIVER",1546
"IIO SUBSYSTEM AND DRIVERS","ADXL380 THREE-AXIS DIGITAL ACCELEROMETER DRIVER",2276
"IIO SUBSYSTEM AND DRIVERS","AF8133J THREE-AXIS MAGNETOMETER DRIVER",586
"IIO SUBSYSTEM AND DRIVERS","AMS AS73211 DRIVER",954
"IIO SUBSYSTEM AND DRIVERS","ANALOG DEVICES INC AD3530R DRIVER",642
"IIO SUBSYSTEM AND DRIVERS","ANALOG DEVICES INC AD3552R DRIVER",1021
"IIO SUBSYSTEM AND DRIVERS","ANALOG DEVICES INC AD4000 DRIVER",1730
"IIO SUBSYSTEM AND DRIVERS","ANALOG DEVICES INC AD4062 DRIVER",1883
"IIO SUBSYSTEM AND DRIVERS","ANALOG DEVICES INC AD4080 DRIVER",849
"IIO SUBSYSTEM AND DRIVERS","ANALOG DEVICES INC AD4130 DRIVER",2405
"IIO SUBSYSTEM AND DRIVERS","ANALOG DEVICES INC AD4134 DRIVER",691
"IIO SUBSYSTEM AND DRIVERS","ANALOG DEVICES INC AD4170-4 DRIVER",3581
"IIO SUBSYSTEM AND DRIVERS","ANALOG DEVICES INC AD4695 DRIVER",2573
"IIO SUBSYSTEM AND DRIVERS","ANALOG DEVICES INC AD4851 DRIVER",1472
"IIO SUBSYSTEM AND DRIVERS","ANALOG DEVICES INC AD7091R DRIVER",1033
"IIO SUBSYSTEM AND DRIVERS","ANALOG DEVICES INC AD7191 DRIVER",822
"IIO SUBSYSTEM AND DRIVERS","ANALOG DEVICES INC AD7192 DRIVER",1726
"IIO SUBSYSTEM AND DRIVERS","ANALOG DEVICES INC AD7292 DRIVER",436
"IIO SUBSYSTEM AND DRIVERS","ANALOG DEVICES INC AD7293 DRIVER",959
"IIO SUBSYSTEM AND DRIVERS","ANALOG DEVICES INC AD74115 DRIVER",2301
"IIO SUBSYSTEM AND DRIVERS","ANALOG DEVICES INC AD74413R DRIVER",1725
"IIO SUBSYSTEM AND DRIVERS","ANALOG DEVICES INC AD7625 DRIVER",954
"IIO SUBSYSTEM AND DRIVERS","ANALOG DEVICES INC AD7768-1 DRIVER",2210
"IIO SUBSYSTEM AND DRIVERS","ANALOG DEVICES INC AD7780 DRIVER",477
"IIO SUBSYSTEM AND DRIVERS","ANALOG DEVICES INC AD8366 DRIVER",504
"IIO SUBSYSTEM AND DRIVERS","ANALOG DEVICES INC AD8460 DRIVER",1121
"IIO SUBSYSTEM AND DRIVERS","ANALOG DEVICES INC AD9467 DRIVER",1555
"IIO SUBSYSTEM AND DRIVERS","ANALOG DEVICES INC AD9739a DRIVER",564
"IIO SUBSYSTEM AND DRIVERS","ANALOG DEVICES INC ADA4250 DRIVER",435
"IIO SUBSYSTEM AND DRIVERS","ANALOG DEVICES INC ADE9000 DRIVER",1888
"IIO SUBSYSTEM AND DRIVERS","ANALOG DEVICES INC ADF4377 DRIVER",1235
"IIO SUBSYSTEM AND DRIVERS","ANALOG DEVICES INC ADIS DRIVER LIBRARY",1463
"IIO SUBSYSTEM AND DRIVERS","ANALOG DEVICES INC ADIS16460 DRIVER",482
"IIO SUBSYSTEM AND DRIVERS","ANALOG DEVICES INC ADIS16475 DRIVER",2274
"IIO SUBSYSTEM AND DRIVERS","ANALOG DEVICES INC ADIS16550 DRIVER",74
"IIO SUBSYSTEM AND DRIVERS","ANALOG DEVICES INC ADL8113 DRIVER",356
"IIO SUBSYSTEM AND DRIVERS","ANALOG DEVICES INC ADMFM2000 DRIVER",397
"IIO SUBSYSTEM AND DRIVERS","ANALOG DEVICES INC ADMV1013 DRIVER",800
"IIO SUBSYSTEM AND DRIVERS","ANALOG DEVICES INC ADMV1014 DRIVER",953
"IIO SUBSYSTEM AND DRIVERS","ANALOG DEVICES INC ADMV8818 DRIVER",902
"IIO SUBSYSTEM AND DRIVERS","ANALOG DEVICES INC ADP5061 DRIVER",746
"IIO SUBSYSTEM AND DRIVERS","ANALOG DEVICES INC ADRF6780 DRIVER",644
"IIO SUBSYSTEM AND DRIVERS","ANALOG DEVICES INC ADXRS290 DRIVER",768
"IIO SUBSYSTEM AND DRIVERS","ANALOG DEVICES INC AXI DAC DRIVER",1167
"IIO SUBSYSTEM AND DRIVERS","ANALOG DEVICES INC IIO DRIVERS",118916
"IIO SUBSYSTEM AND DRIVERS","ANALOG DEVICES INC MAX22007 DRIVER",611
"IIO SUBSYSTEM AND DRIVERS","AOSONG ADP810 DIFFERENTIAL PRESSURE SENSOR DRIVER",270
"IIO SUBSYSTEM AND DRIVERS","AOSONG AGS02MA TVOC SENSOR DRIVER",212
"IIO SUBSYSTEM AND DRIVERS","APEX EMBEDDED SYSTEMS STX104 IIO DRIVER",523
"IIO SUBSYSTEM AND DRIVERS","ARM/CIRRUS LOGIC EP93XX ARM ARCHITECTURE",560
"IIO SUBSYSTEM AND DRIVERS","ASAHI KASEI AK8974 DRIVER",1050
"IIO SUBSYSTEM AND DRIVERS","AVAGO APDS9306 AMBIENT LIGHT SENSOR DRIVER",1411
"IIO SUBSYSTEM AND DRIVERS","AVIA HX711 ANALOG DIGITAL CONVERTER IIO DRIVER",644
"IIO SUBSYSTEM AND DRIVERS","BOSCH SENSORTEC BMA220 ACCELEROMETER IIO DRIVER",798
"IIO SUBSYSTEM AND DRIVERS","BOSCH SENSORTEC BMA400 ACCELEROMETER IIO DRIVER",2227
"IIO SUBSYSTEM AND DRIVERS","BOSCH SENSORTEC BMI270 IMU IIO DRIVER",1976
"IIO SUBSYSTEM AND DRIVERS","BOSCH SENSORTEC BMI323 IMU IIO DRIVER",2866
"IIO SUBSYSTEM AND DRIVERS","BROADCOM APDS9160 AMBIENT LIGHT SENSOR AND PROXIMITY DRIVER",1670
"IIO SUBSYSTEM AND DRIVERS","CAPELLA MICROSYSTEMS LIGHT SENSOR DRIVER",2322
"IIO SUBSYSTEM AND DRIVERS","CELLWISE CW2015 BATTERY DRIVER",838
"IIO SUBSYSTEM AND DRIVERS","CHROME HARDWARE PLATFORM SUPPORT",20648
"IIO SUBSYSTEM AND DRIVERS","CHROMEOS EC CHARGE CONTROL",337
"IIO SUBSYSTEM AND DRIVERS","CHROMEOS EC HARDWARE MONITORING",721
"IIO SUBSYSTEM AND DRIVERS","CHROMEOS EC LED DRIVER",263
"IIO SUBSYSTEM AND DRIVERS","CHROMEOS EC SUBDRIVERS",33582
"IIO SUBSYSTEM AND DRIVERS","CHROMEOS EC UART DRIVER",357
"IIO SUBSYSTEM AND DRIVERS","CHROMEOS EC USB PD NOTIFY DRIVER",298
"IIO SUBSYSTEM AND DRIVERS","CHROMEOS EC USB TYPE-C DRIVER",2460
"IIO SUBSYSTEM AND DRIVERS","CHROMEOS EC WATCHDOG",200
"IIO SUBSYSTEM AND DRIVERS","CHROMEOS HPS DRIVER",162
"IIO SUBSYSTEM AND DRIVERS","DEVANTECH SRF ULTRASONIC RANGER IIO DRIVER",973
"IIO SUBSYSTEM AND DRIVERS","DFROBOT SEN0322 DRIVER",161
"IIO SUBSYSTEM AND DRIVERS","GE HEALTHCARE PMC ADC DRIVER",324
"IIO SUBSYSTEM AND DRIVERS","HID SENSOR HUB DRIVERS",7008
"IIO SUBSYSTEM AND DRIVERS","HONEYWELL ABP2030PA PRESSURE SENSOR SERIES IIO DRIVER",906
"IIO SUBSYSTEM AND DRIVERS","HONEYWELL HSC030PA PRESSURE SENSOR SERIES IIO DRIVER",907
"IIO SUBSYSTEM AND DRIVERS","HONEYWELL MPRLS0025PA PRESSURE SENSOR SERIES IIO DRIVER",863
"IIO SUBSYSTEM AND DRIVERS","HTS221 TEMPERATURE-HUMIDITY IIO DRIVER",1140
"IIO SUBSYSTEM AND DRIVERS","IIO ADC HELPERS",109
"IIO SUBSYSTEM AND DRIVERS","IIO BACKEND FRAMEWORK",1457
"IIO SUBSYSTEM AND DRIVERS","IIO DIGITAL POTENTIOMETER DAC",328
"IIO SUBSYSTEM AND DRIVERS","IIO ENVELOPE DETECTOR",533
"IIO SUBSYSTEM AND DRIVERS","IIO LIGHT SENSOR GAIN-TIME-SCALE HELPERS",1981
"IIO SUBSYSTEM AND DRIVERS","IIO MULTIPLEXER",545
"IIO SUBSYSTEM AND DRIVERS","IIO SCMI BASED DRIVER",721
"IIO SUBSYSTEM AND DRIVERS","IIO SUBSYSTEM AND DRIVERS",475041
"IIO SUBSYSTEM AND DRIVERS","IIO UNIT CONVERTER",833
"IIO SUBSYSTEM AND DRIVERS","INFINEON DPS310 Driver",967
"IIO SUBSYSTEM AND DRIVERS","INFINEON TLV493D Driver",571
"IIO SUBSYSTEM AND DRIVERS","INJOINIC IP5xxx POWER BANK IC DRIVER",883
"IIO SUBSYSTEM AND DRIVERS","INVENSENSE ICM-426xx IMU DRIVER",4761
"IIO SUBSYSTEM AND DRIVERS","INVENSENSE ICM-456xx IMU DRIVER",4072
"IIO SUBSYSTEM AND DRIVERS","INVENSENSE MPU-3050 GYROSCOPE DRIVER",1590
"IIO SUBSYSTEM AND DRIVERS","INVENSENSE MPU-6050 IMU DRIVER",4728
"IIO SUBSYSTEM AND DRIVERS","KIONIX/ROHM KX022A ACCELEROMETER",1806
"IIO SUBSYSTEM AND DRIVERS","LTC1660 DAC DRIVER",298
"IIO SUBSYSTEM AND DRIVERS","LTC2664 IIO DAC DRIVER",1077
"IIO SUBSYSTEM AND DRIVERS","LTC2688 IIO DAC DRIVER",1214
"IIO SUBSYSTEM AND DRIVERS","LTC2983 IIO TEMPERATURE DRIVER",2253
"IIO SUBSYSTEM AND DRIVERS","LTR390 AMBIENT/UV LIGHT SENSOR DRIVER",972
"IIO SUBSYSTEM AND DRIVERS","MARVELL 88PM886 PMIC GPADC DRIVER",393
"IIO SUBSYSTEM AND DRIVERS","MAX14001/MAX14002 IIO ADC DRIVER",480
"IIO SUBSYSTEM AND DRIVERS","MAXBOTIX ULTRASONIC RANGER IIO DRIVER",330
"IIO SUBSYSTEM AND DRIVERS","MAXIM MAX11205 DRIVER",249
"IIO SUBSYSTEM AND DRIVERS","MAXIM MAX17040 FAMILY FUEL GAUGE DRIVERS",769
"IIO SUBSYSTEM AND DRIVERS","MAXIM MAX17042 FAMILY FUEL GAUGE DRIVERS",1498
"IIO SUBSYSTEM AND DRIVERS","MAXIM MAX30208 TEMPERATURE SENSOR DRIVER",251
"IIO SUBSYSTEM AND DRIVERS","MAXIM MAX77759 BATTERY CHARGER DRIVER",774
"IIO SUBSYSTEM AND DRIVERS","MAXIM MAX77976 BATTERY CHARGER",554
"IIO SUBSYSTEM AND DRIVERS","MAXIM MUIC CHARGER DRIVERS FOR EXYNOS BASED BOARDS",1606
"IIO SUBSYSTEM AND DRIVERS","MCP4018 AND MCP4531 MICROCHIP DIGITAL POTENTIOMETER DRIVERS",595
"IIO SUBSYSTEM AND DRIVERS","MCP47FEB02 MICROCHIP DAC DRIVER",1545
"IIO SUBSYSTEM AND DRIVERS","MCP4821 DAC DRIVER",322
"IIO SUBSYSTEM AND DRIVERS","MEASUREMENT COMPUTING CIO-DAC IIO DRIVER",161
"IIO SUBSYSTEM AND DRIVERS","MELEXIS MLX90614 DRIVER",783
"IIO SUBSYSTEM AND DRIVERS","MELEXIS MLX90632 DRIVER",1344
"IIO SUBSYSTEM AND DRIVERS","MELEXIS MLX90635 DRIVER",1094
"IIO SUBSYSTEM AND DRIVERS","MICROCHIP MCP3564 ADC DRIVER",1741
"IIO SUBSYSTEM AND DRIVERS","MICROCHIP MCP3911 ADC DRIVER",1048
"IIO SUBSYSTEM AND DRIVERS","MICROCHIP PAC1921 POWER/CURRENT MONITOR DRIVER",1416
"IIO SUBSYSTEM AND DRIVERS","MICROCHIP PAC1934 POWER/ENERGY MONITOR DRIVER",1752
"IIO SUBSYSTEM AND DRIVERS","MICROCHIP SAMA5D2-COMPATIBLE ADC DRIVER",2749
"IIO SUBSYSTEM AND DRIVERS","MICROSOFT SURFACE BATTERY AND AC DRIVERS",1157
"IIO SUBSYSTEM AND DRIVERS","MITSUMI MM8013 FG DRIVER",346
"IIO SUBSYSTEM AND DRIVERS","NOKIA N900 POWER SUPPLY DRIVERS",5325
"IIO SUBSYSTEM AND DRIVERS","NUVOTON NCT7201 IIO DRIVER",571
"IIO SUBSYSTEM AND DRIVERS","NXP FXAS21002C DRIVER",1381
"IIO SUBSYSTEM AND DRIVERS","NXP i.MX 7D/6SX/6UL/93 AND VF610 ADC DRIVER",2254
"IIO SUBSYSTEM AND DRIVERS","NXP i.MX 8QXP ADC DRIVER",582
"IIO SUBSYSTEM AND DRIVERS","PARALLAX PING IIO SENSOR DRIVER",383
"IIO SUBSYSTEM AND DRIVERS","PLANTOWER PMS7003 AIR POLLUTION SENSOR DRIVER",404
"IIO SUBSYSTEM AND DRIVERS","PNI RM3100 IIO DRIVER",788
"IIO SUBSYSTEM AND DRIVERS","POWER SUPPLY CLASS/SUBSYSTEM and DRIVERS",114645
"IIO SUBSYSTEM AND DRIVERS","QUALCOMM SMB CHARGER DRIVER",1141
"IIO SUBSYSTEM AND DRIVERS","RENESAS R-CAR GYROADC DRIVER",745
"IIO SUBSYSTEM AND DRIVERS","RENESAS RZ/G2L A/D DRIVER",776
"IIO SUBSYSTEM AND DRIVERS","RENESAS RZ/N1 ADC DRIVER",601
"IIO SUBSYSTEM AND DRIVERS","RENESAS RZ/T2H / RZ/N2H A/D DRIVER",439
"IIO SUBSYSTEM AND DRIVERS","RENESAS X9250 DIGITAL POTENTIOMETERS DRIVER",298
"IIO SUBSYSTEM AND DRIVERS","ROHM BD71828 CHARGER",1206
"IIO SUBSYSTEM AND DRIVERS","ROHM BD791xx ADC / GPO IC",1676
"IIO SUBSYSTEM AND DRIVERS","ROHM BD79703 DAC",246
"IIO SUBSYSTEM AND DRIVERS","ROHM BD99954 CHARGER IC",2153
"IIO SUBSYSTEM AND DRIVERS","ROHM BH1745 COLOUR SENSOR",901
"IIO SUBSYSTEM AND DRIVERS","ROHM BH1750 AMBIENT LIGHT SENSOR DRIVER",407
"IIO SUBSYSTEM AND DRIVERS","ROHM BM1390 PRESSURE SENSOR DRIVER",913
"IIO SUBSYSTEM AND DRIVERS","ROHM BU270xx LIGHT SENSOR DRIVERs",1329
"IIO SUBSYSTEM AND DRIVERS","SCIOSENSE ENS160 MULTI-GAS SENSOR DRIVER",506
"IIO SUBSYSTEM AND DRIVERS","SENSEAIR SUNRISE 006-0-0007",628
"IIO SUBSYSTEM AND DRIVERS","SENSIRION SCD30 CARBON DIOXIDE SENSOR DRIVER",1293
"IIO SUBSYSTEM AND DRIVERS","SENSIRION SCD4X CARBON DIOXIDE SENSOR DRIVER",814
"IIO SUBSYSTEM AND DRIVERS","SENSIRION SDP500 DIFFERENTIAL PRESSURE SENSOR DRIVER",202
"IIO SUBSYSTEM AND DRIVERS","SENSIRION SGP40 GAS SENSOR DRIVER",400
"IIO SUBSYSTEM AND DRIVERS","SENSIRION SPS30 AIR POLLUTION SENSOR DRIVER",1116
"IIO SUBSYSTEM AND DRIVERS","SHARP GP2AP002A00F/GP2AP002S00F SENSOR DRIVER",806
"IIO SUBSYSTEM AND DRIVERS","ST LSM6DSx IMU IIO DRIVER",6035
"IIO SUBSYSTEM AND DRIVERS","ST STC3117 FUEL GAUGE DRIVER",686
"IIO SUBSYSTEM AND DRIVERS","ST VL53L0X ToF RANGER(I2C) IIO DRIVER",482
"IIO SUBSYSTEM AND DRIVERS","ST VL53L1X ToF RANGER(I2C) IIO DRIVER",819
"IIO SUBSYSTEM AND DRIVERS","STAGING - INDUSTRIAL IO",5412
"IIO SUBSYSTEM AND DRIVERS","TEXAS INSTRUMENTS' DAC7612 DAC DRIVER",247
"IIO SUBSYSTEM AND DRIVERS","TEXAS INSTRUMENTS' TMP117 TEMPERATURE SENSOR DRIVER",281
"IIO SUBSYSTEM AND DRIVERS","TI ADC12xs and ROHM BD79104 ADC driver",286
"IIO SUBSYSTEM AND DRIVERS","TI ADS1018 ADC DRIVER",821
"IIO SUBSYSTEM AND DRIVERS","TI ADS1119 ADC DRIVER",980
"IIO SUBSYSTEM AND DRIVERS","TI ADS7924 ADC DRIVER",578
"IIO SUBSYSTEM AND DRIVERS","TI BQ27XXX POWER SUPPLY DRIVER",2709
"IIO SUBSYSTEM AND DRIVERS","TI HDC302X HUMIDITY DRIVER",968
"IIO SUBSYSTEM AND DRIVERS","TI LMP92064 ADC DRIVER",453
"IIO SUBSYSTEM AND DRIVERS","TI TMAG5273 MAGNETOMETER DRIVER",810
"IIO SUBSYSTEM AND DRIVERS","TI TSC2046 ADC DRIVER",974
"IIO SUBSYSTEM AND DRIVERS","VISHAY VEML3235 AMBIENT LIGHT SENSOR DRIVER",654
"IIO SUBSYSTEM AND DRIVERS","VISHAY VEML6030 AMBIENT LIGHT SENSOR DRIVER",1349
"IIO SUBSYSTEM AND DRIVERS","VISHAY VEML6046X00 RGBIR COLOR SENSOR DRIVER",1081
"IIO SUBSYSTEM AND DRIVERS","VISHAY VEML6075 UVA AND UVB LIGHT SENSOR DRIVER",542
"IIO SUBSYSTEM AND DRIVERS","WINSEN MHZ19B",366
"IIO SUBSYSTEM AND DRIVERS","X-POWERS AXP288 PMIC DRIVERS",3006
"IIO SUBSYSTEM AND DRIVERS","X-POWERS MULTIFUNCTION PMIC DEVICE DRIVERS",13446
"IIO SUBSYSTEM AND DRIVERS","XILINX AMS DRIVER",1686
"INDUSTRY PACK SUBSYSTEM (IPACK)","INDUSTRY PACK SUBSYSTEM (IPACK)",2691
"INFINIBAND SUBSYSTEM","ALIBABA ELASTIC RDMA DRIVER",7973
"INFINIBAND SUBSYSTEM","AMAZON RDMA EFA DRIVER",7882
"INFINIBAND SUBSYSTEM","AMD PENSANDO RDMA DRIVER",8722
"INFINIBAND SUBSYSTEM","BROADCOM 800 GIGABIT ROCE DRIVER",8901
"INFINIBAND SUBSYSTEM","BROADCOM NETXTREME-E ROCE DRIVER",23461
"INFINIBAND SUBSYSTEM","CISCO VIC LOW LATENCY NIC DRIVER",5725
"INFINIBAND SUBSYSTEM","CXGB4 IWARP RNIC DRIVER (IW_CXGB4)",15617
"INFINIBAND SUBSYSTEM","EMULEX ONECONNECT ROCE DRIVER",11154
"INFINIBAND SUBSYSTEM","HFI1 DRIVER",77241
"INFINIBAND SUBSYSTEM","HISILICON ROCE DRIVER",20329
"INFINIBAND SUBSYSTEM","INFINIBAND SUBSYSTEM",464247
"INFINIBAND SUBSYSTEM","INTEL ETHERNET PROTOCOL DRIVER FOR RDMA",37102
"INFINIBAND SUBSYSTEM","ISCSI EXTENSIONS FOR RDMA (ISER) INITIATOR",3759
"INFINIBAND SUBSYSTEM","ISCSI EXTENSIONS FOR RDMA (ISER) TARGET",2882
"INFINIBAND SUBSYSTEM","MELLANOX MLX4 IB driver",20101
"INFINIBAND SUBSYSTEM","MELLANOX MLX5 IB driver",56867
"INFINIBAND SUBSYSTEM","MICROSOFT MANA RDMA DRIVER",6875
"INFINIBAND SUBSYSTEM","QLOGIC QL4xxx RDMA DRIVER",8857
"INFINIBAND SUBSYSTEM","RDMAVT - RDMA verbs software",7660
"INFINIBAND SUBSYSTEM","RTRS TRANSPORT DRIVERS",8891
"INFINIBAND SUBSYSTEM","SCSI RDMA PROTOCOL (SRP) INITIATOR",4896
"INFINIBAND SUBSYSTEM","SCSI RDMA PROTOCOL (SRP) TARGET",4609
"INFINIBAND SUBSYSTEM","SOFT-IWARP DRIVER (siw)",10627
"INFINIBAND SUBSYSTEM","SOFT-ROCE DRIVER (rxe)",15576
"INFINIBAND SUBSYSTEM","VMWARE PVRDMA DRIVER",6092
"INTEL I/OAT DMA DRIVER","INTEL I/OAT DMA DRIVER",0
"INTEL IDLE DRIVER","INTEL IDLE DRIVER",2786
"INTEL WIRELESS 3945ABG/BG, 4965AGN (iwlegacy)","INTEL WIRELESS 3945ABG/BG, 4965AGN (iwlegacy)",37628
"IOMMU SUBSYSTEM","AMD IOMMU (AMD-VI)",11129
"IOMMU SUBSYSTEM","ARM SMMU DRIVERS",19101
"IOMMU SUBSYSTEM","ARM SMMU SVA SUPPORT",348
"IOMMU SUBSYSTEM","EXYNOS SYSMMU (IOMMU) driver",1531
"IOMMU SUBSYSTEM","INTEL IOMMU (VT-d)",14532
"IOMMU SUBSYSTEM","IOMMU DMA-API LAYER",3562
"IOMMU SUBSYSTEM","IOMMU SUBSYSTEM",103084
"IOMMU SUBSYSTEM","IOMMUFD",21474
"IOMMU SUBSYSTEM","QUALCOMM IOMMU",5098
"IOMMU SUBSYSTEM","RISC-V IOMMU",2903
"IOMMU SUBSYSTEM","S390 IOMMU (PCI)",1197
"IOMMU SUBSYSTEM","TEGRA IOMMU DRIVERS",2828
"IOMMU SUBSYSTEM","VIRTIO IOMMU DRIVER",1472
"IOSYS-MAP HELPERS","IOSYS-MAP HELPERS",511
"IRQ SUBSYSTEM","IRQ DOMAINS (IRQ NUMBER MAPPING LIBRARY)",5070
"IRQ SUBSYSTEM","IRQ SUBSYSTEM",17634
"iSCSI BOOT FIRMWARE TABLE (iBFT) DRIVER","iSCSI BOOT FIRMWARE TABLE (iBFT) DRIVER",1009
"JOURNALLING FLASH FILE SYSTEM V2 (JFFS2)","JOURNALLING FLASH FILE SYSTEM V2 (JFFS2)",19089
"JOURNALLING LAYER FOR BLOCK DEVICES (JBD2)","JOURNALLING LAYER FOR BLOCK DEVICES (JBD2)",11552
"KERNEL AUTOMOUNTER","KERNEL AUTOMOUNTER",3731
"KERNEL JANITORS","KERNEL JANITORS",0
"KERNEL USERMODE HELPER","KERNEL USERMODE HELPER",638
"KERNFS","KERNFS",5018
"KEXEC","KEXEC",4062
"KTEST","KTEST",8479
"LEAKING_ADDRESSES","LEAKING_ADDRESSES",706
"LINUX-NEXT TREE","LINUX-NEXT TREE",0
"LIST KUNIT TEST","LIST KUNIT TEST",1505
"LTP (Linux Test Project)","LTP (Linux Test Project)",0
"M68K ARCHITECTURE","ATOMIC INFRASTRUCTURE",10844
"M68K ARCHITECTURE","AUXILIARY BUS DRIVER",1408
"M68K ARCHITECTURE","BITMAP API [RUST]",1020
"M68K ARCHITECTURE","BITMAP API BINDINGS [RUST]",93
"M68K ARCHITECTURE","BITOPS API BINDINGS [RUST]",69
"M68K ARCHITECTURE","BLOCK LAYER DEVICE DRIVER API [RUST]",1349
"M68K ARCHITECTURE","CONFIGFS",5378
"M68K ARCHITECTURE","CPU HOTPLUG",4659
"M68K ARCHITECTURE","CPUMASK API [RUST]",343
"M68K ARCHITECTURE","DELAY, SLEEP, TIMEKEEPING, TIMERS [RUST]",2177
"M68K ARCHITECTURE","DEVICE COREDUMP (DEV_COREDUMP)",606
"M68K ARCHITECTURE","DEVICE I/O & IRQ [RUST]",3484
"M68K ARCHITECTURE","DMA MAPPING & SCATTERLIST API [RUST]",1919
"M68K ARCHITECTURE","DRIVER COMPONENT FRAMEWORK",975
"M68K ARCHITECTURE","DRIVER CORE, KOBJECTS, DEBUGFS AND SYSFS",75314
"M68K ARCHITECTURE","DYNAMIC THERMAL POWER MANAGEMENT (DTPM)",1271
"M68K ARCHITECTURE","ENERGY MODEL",2654
"M68K ARCHITECTURE","ETHERNET PHY LIBRARY [RUST]",1131
"M68K ARCHITECTURE","FIRMWARE LOADER (request_firmware)",4252
"M68K ARCHITECTURE","FREEZER",599
"M68K ARCHITECTURE","GENERIC ARCHITECTURE TOPOLOGY",1093
"M68K ARCHITECTURE","HIBERNATION (aka Software Suspend, aka swsusp)",26397
"M68K ARCHITECTURE","I2C SUBSYSTEM [RUST]",813
"M68K ARCHITECTURE","ISA",406
"M68K ARCHITECTURE","M68K ARCHITECTURE",174611
"M68K ARCHITECTURE","M68K ON APPLE MACINTOSH",4990
"M68K ARCHITECTURE","M68K ON HP9000/300",671
"M68K ARCHITECTURE","M68K ON MVME147",607
"M68K ARCHITECTURE","MEMORY MANAGEMENT - RUST",1286
"M68K ARCHITECTURE","NUBUS SUBSYSTEM",1662
"M68K ARCHITECTURE","OPERATING PERFORMANCE POINTS (OPP)",9861
"M68K ARCHITECTURE","PCI SUBSYSTEM [RUST]",1904
"M68K ARCHITECTURE","POWER MANAGEMENT CORE",20709
"M68K ARCHITECTURE","PWM SUBSYSTEM BINDINGS [RUST]",761
"M68K ARCHITECTURE","REGISTER MAP ABSTRACTION",16396
"M68K ARCHITECTURE","RUST",126072
"M68K ARCHITECTURE","RUST [ALLOC]",3162
"M68K ARCHITECTURE","RUST [INTEROP]",348
"M68K ARCHITECTURE","RUST [NUM]",1200
"M68K ARCHITECTURE","RUST [PIN-INIT]",4857
"M68K ARCHITECTURE","RUST [RUST-ANALYZER]",382
"M68K ARCHITECTURE","SOFTWARE NODES AND DEVICE PROPERTIES",3495
"M68K ARCHITECTURE","SUN3/3X",4807
"M68K ARCHITECTURE","SUSPEND TO RAM",32160
"M68K ARCHITECTURE","TRACING [RUST]",49
"M68K ARCHITECTURE","UCLINUX (M68KNOMMU AND COLDFIRE)",12016
"M68K ARCHITECTURE","XARRAY API [RUST]",277
"MAN-PAGES: MANUAL PAGES FOR LINUX -- Sections 2, 3, 4, 5, and 7","MAN-PAGES: MANUAL PAGES FOR LINUX -- Sections 2, 3, 4, 5, and 7",0
"MARVELL LIBERTAS WIRELESS DRIVER","MARVELL LIBERTAS WIRELESS DRIVER",17816
"MARVELL MWIFIEX WIRELESS DRIVER","MARVELL MWIFIEX WIRELESS DRIVER",46980
"MARVELL MWL8K WIRELESS DRIVER","MARVELL MWL8K WIRELESS DRIVER",6449
"MEDIA INPUT INFRASTRUCTURE (V4L/DVB)","A8293 MEDIA DRIVER",307
"MEDIA INPUT INFRASTRUCTURE (V4L/DVB)","ADP1653 FLASH CONTROLLER DRIVER",701
"MEDIA INPUT INFRASTRUCTURE (V4L/DVB)","AF9013 MEDIA DRIVER",2514
"MEDIA INPUT INFRASTRUCTURE (V4L/DVB)","AF9033 MEDIA DRIVER",3277
"MEDIA INPUT INFRASTRUCTURE (V4L/DVB)","AIMSLAB FM RADIO RECEIVER DRIVER",195
"MEDIA INPUT INFRASTRUCTURE (V4L/DVB)","AIRSPY MEDIA DRIVER",1123
"MEDIA INPUT INFRASTRUCTURE (V4L/DVB)","ALLEGRO DVT VIDEO IP CORE DRIVER",7846
"MEDIA INPUT INFRASTRUCTURE (V4L/DVB)","ALLIED VISION ALVIUM CAMERA DRIVER",3103
"MEDIA INPUT INFRASTRUCTURE (V4L/DVB)","ALLWINNER A10 CSI DRIVER",1505
"MEDIA INPUT INFRASTRUCTURE (V4L/DVB)","ALLWINNER A31 CSI DRIVER",2978
"MEDIA INPUT INFRASTRUCTURE (V4L/DVB)","ALLWINNER A31 ISP DRIVER",3168
"MEDIA INPUT INFRASTRUCTURE (V4L/DVB)","ALLWINNER A31 MIPI CSI-2 BRIDGE DRIVER",1055
"MEDIA INPUT INFRASTRUCTURE (V4L/DVB)","ALLWINNER VPU DRIVER",5653
"MEDIA INPUT INFRASTRUCTURE (V4L/DVB)","AMLOGIC ISP DRIVER",5823
"MEDIA INPUT INFRASTRUCTURE (V4L/DVB)","AMLOGIC MIPI ADAPTER DRIVER",972
"MEDIA INPUT INFRASTRUCTURE (V4L/DVB)","AMLOGIC MIPI CSI2 DRIVER",973
"MEDIA INPUT INFRASTRUCTURE (V4L/DVB)","AMPHION VPU CODEC V4L2 DRIVER",12722
"MEDIA INPUT INFRASTRUCTURE (V4L/DVB)","ANALOG DEVICES INC ADV7180 DRIVER",1959
"MEDIA INPUT INFRASTRUCTURE (V4L/DVB)","ANALOG DEVICES INC ADV748X DRIVER",3214
"MEDIA INPUT INFRASTRUCTURE (V4L/DVB)","ANALOG DEVICES INC ADV7511 DRIVER",2025
"MEDIA INPUT INFRASTRUCTURE (V4L/DVB)","ANALOG DEVICES INC ADV7604 DRIVER",3918
"MEDIA INPUT INFRASTRUCTURE (V4L/DVB)","ANALOG DEVICES INC ADV7842 DRIVER",3694
"MEDIA INPUT INFRASTRUCTURE (V4L/DVB)","APTINA CAMERA SENSOR PLL",204
"MEDIA INPUT INFRASTRUCTURE (V4L/DVB)","AR0521 ON SEMICONDUCTOR CAMERA SENSOR DRIVER",1304
"MEDIA INPUT INFRASTRUCTURE (V4L/DVB)","ARM MALI-C55 ISP DRIVER",7565
"MEDIA INPUT INFRASTRUCTURE (V4L/DVB)","ARM/NUVOTON NPCM VIDEO ENGINE DRIVER",2217
"MEDIA INPUT INFRASTRUCTURE (V4L/DVB)","ARM/SAMSUNG S5P SERIES 2D GRAPHICS ACCELERATION (G2D) SUPPORT",1117
"MEDIA INPUT INFRASTRUCTURE (V4L/DVB)","ARM/SAMSUNG S5P SERIES HDMI CEC SUBSYSTEM SUPPORT",787
"MEDIA INPUT INFRASTRUCTURE (V4L/DVB)","ARM/SAMSUNG S5P SERIES JPEG CODEC SUPPORT",5452
"MEDIA INPUT INFRASTRUCTURE (V4L/DVB)","ARM/SAMSUNG S5P SERIES Multi Format Codec (MFC) SUPPORT",14210
"MEDIA INPUT INFRASTRUCTURE (V4L/DVB)","ARM/TEGRA HDMI CEC SUBSYSTEM SUPPORT",662
"MEDIA INPUT INFRASTRUCTURE (V4L/DVB)","ASAHI KASEI AK7375 LENS VOICE COIL DRIVER",411
"MEDIA INPUT INFRASTRUCTURE (V4L/DVB)","ASPEED VIDEO ENGINE DRIVER",2482
"MEDIA INPUT INFRASTRUCTURE (V4L/DVB)","AZ6007 DVB DRIVER",992
"MEDIA INPUT INFRASTRUCTURE (V4L/DVB)","AZTECH FM RADIO RECEIVER DRIVER",161
"MEDIA INPUT INFRASTRUCTURE (V4L/DVB)","BDISP ST MEDIA DRIVER",3707
"MEDIA INPUT INFRASTRUCTURE (V4L/DVB)","BROADCOM BCM2835 CAMERA DRIVERS",3149
"MEDIA INPUT INFRASTRUCTURE (V4L/DVB)","BTTV VIDEO4LINUX DRIVER",12481
"MEDIA INPUT INFRASTRUCTURE (V4L/DVB)","CADENCE MIPI-CSI2 BRIDGES",1921
"MEDIA INPUT INFRASTRUCTURE (V4L/DVB)","CADET FM/AM RADIO RECEIVER DRIVER",679
"MEDIA INPUT INFRASTRUCTURE (V4L/DVB)","CAFE CMOS INTEGRATED CAMERA CONTROLLER DRIVER",3535
"MEDIA INPUT INFRASTRUCTURE (V4L/DVB)","CEC FRAMEWORK",24370
"MEDIA INPUT INFRASTRUCTURE (V4L/DVB)","CEC GPIO DRIVER",372
"MEDIA INPUT INFRASTRUCTURE (V4L/DVB)","CHRONTEL CH7322 CEC DRIVER",670
"MEDIA INPUT INFRASTRUCTURE (V4L/DVB)","COBALT MEDIA DRIVER",5134
"MEDIA INPUT INFRASTRUCTURE (V4L/DVB)","CODA V4L2 MEM2MEM DRIVER",9990
"MEDIA INPUT INFRASTRUCTURE (V4L/DVB)","CS3308 MEDIA DRIVER",126
"MEDIA INPUT INFRASTRUCTURE (V4L/DVB)","CX18 VIDEO4LINUX DRIVER",14197
"MEDIA INPUT INFRASTRUCTURE (V4L/DVB)","CX2341X MPEG ENCODER HELPER MODULE",2061
"MEDIA INPUT INFRASTRUCTURE (V4L/DVB)","CX24120 MEDIA DRIVER",1639
"MEDIA INPUT INFRASTRUCTURE (V4L/DVB)","CX88 VIDEO4LINUX DRIVER",15857
"MEDIA INPUT INFRASTRUCTURE (V4L/DVB)","CXD2820R MEDIA DRIVER",2173
"MEDIA INPUT INFRASTRUCTURE (V4L/DVB)","CYPRESS_FIRMWARE MEDIA DRIVER",160
"MEDIA INPUT INFRASTRUCTURE (V4L/DVB)","DEINTERLACE DRIVERS FOR ALLWINNER H3",1347
"MEDIA INPUT INFRASTRUCTURE (V4L/DVB)","DELTA ST MEDIA DRIVER",4328
"MEDIA INPUT INFRASTRUCTURE (V4L/DVB)","DIGITEQ AUTOMOTIVE MGB4 V4L2 DRIVER",5948
"MEDIA INPUT INFRASTRUCTURE (V4L/DVB)","DONGWOON DW9714 LENS VOICE COIL DRIVER",392
"MEDIA INPUT INFRASTRUCTURE (V4L/DVB)","DONGWOON DW9719 LENS VOICE COIL DRIVER",467
"MEDIA INPUT INFRASTRUCTURE (V4L/DVB)","DONGWOON DW9768 LENS VOICE COIL DRIVER",653
"MEDIA INPUT INFRASTRUCTURE (V4L/DVB)","DONGWOON DW9807 LENS VOICE COIL DRIVER",362
"MEDIA INPUT INFRASTRUCTURE (V4L/DVB)","DSBR100 USB FM RADIO DRIVER",420
"MEDIA INPUT INFRASTRUCTURE (V4L/DVB)","DT3155 MEDIA DRIVER",797
"MEDIA INPUT INFRASTRUCTURE (V4L/DVB)","DVB_USB_AF9015 MEDIA DRIVER",1687
"MEDIA INPUT INFRASTRUCTURE (V4L/DVB)","DVB_USB_AF9035 MEDIA DRIVER",2359
"MEDIA INPUT INFRASTRUCTURE (V4L/DVB)","DVB_USB_ANYSEE MEDIA DRIVER",1722
"MEDIA INPUT INFRASTRUCTURE (V4L/DVB)","DVB_USB_AU6610 MEDIA DRIVER",219
"MEDIA INPUT INFRASTRUCTURE (V4L/DVB)","DVB_USB_CE6230 MEDIA DRIVER",322
"MEDIA INPUT INFRASTRUCTURE (V4L/DVB)","DVB_USB_CXUSB MEDIA DRIVER",4440
"MEDIA INPUT INFRASTRUCTURE (V4L/DVB)","DVB_USB_EC168 MEDIA DRIVER",417
"MEDIA INPUT INFRASTRUCTURE (V4L/DVB)","DVB_USB_GL861 MEDIA DRIVER",578
"MEDIA INPUT INFRASTRUCTURE (V4L/DVB)","DVB_USB_MXL111SF MEDIA DRIVER",4978
"MEDIA INPUT INFRASTRUCTURE (V4L/DVB)","DVB_USB_RTL28XXU MEDIA DRIVER",2292
"MEDIA INPUT INFRASTRUCTURE (V4L/DVB)","DVB_USB_V2 MEDIA DRIVER",2015
"MEDIA INPUT INFRASTRUCTURE (V4L/DVB)","E4000 MEDIA DRIVER",989
"MEDIA INPUT INFRASTRUCTURE (V4L/DVB)","EARTH_PT1 MEDIA DRIVER",1505
"MEDIA INPUT INFRASTRUCTURE (V4L/DVB)","EARTH_PT3 MEDIA DRIVER",1449
"MEDIA INPUT INFRASTRUCTURE (V4L/DVB)","EC100 MEDIA DRIVER",362
"MEDIA INPUT INFRASTRUCTURE (V4L/DVB)","EM28XX VIDEO4LINUX DRIVER",16435
"MEDIA INPUT INFRASTRUCTURE (V4L/DVB)","ENE KB2426 (ENE0100/ENE020XX) INFRARED RECEIVER",1435
"MEDIA INPUT INFRASTRUCTURE (V4L/DVB)","EXTRON DA HD 4K PLUS CEC DRIVER",2679
"MEDIA INPUT INFRASTRUCTURE (V4L/DVB)","FBTFT Framebuffer drivers",9243
"MEDIA INPUT INFRASTRUCTURE (V4L/DVB)","FC0011 TUNER DRIVER",547
"MEDIA INPUT INFRASTRUCTURE (V4L/DVB)","FC2580 MEDIA DRIVER",789
"MEDIA INPUT INFRASTRUCTURE (V4L/DVB)","FIREWIRE MEDIA DRIVERS (firedtv)",3044
"MEDIA INPUT INFRASTRUCTURE (V4L/DVB)","GALAXYCORE GC0308 CAMERA SENSOR DRIVER",1552
"MEDIA INPUT INFRASTRUCTURE (V4L/DVB)","GALAXYCORE GC0310 CAMERA SENSOR DRIVER",783
"MEDIA INPUT INFRASTRUCTURE (V4L/DVB)","GALAXYCORE GC05a2 CAMERA SENSOR DRIVER",1459
"MEDIA INPUT INFRASTRUCTURE (V4L/DVB)","GALAXYCORE GC08A3 CAMERA SENSOR DRIVER",1439
"MEDIA INPUT INFRASTRUCTURE (V4L/DVB)","GALAXYCORE GC2145 SENSOR DRIVER",1597
"MEDIA INPUT INFRASTRUCTURE (V4L/DVB)","GEMTEK FM RADIO RECEIVER DRIVER",340
"MEDIA INPUT INFRASTRUCTURE (V4L/DVB)","GO7007 MPEG CODEC",6472
"MEDIA INPUT INFRASTRUCTURE (V4L/DVB)","GPIO IR Transmitter",241
"MEDIA INPUT INFRASTRUCTURE (V4L/DVB)","GREYBUS AUDIO PROTOCOLS DRIVERS",4443
"MEDIA INPUT INFRASTRUCTURE (V4L/DVB)","GREYBUS BEAGLEPLAY DRIVERS",1323
"MEDIA INPUT INFRASTRUCTURE (V4L/DVB)","GREYBUS FW/HID/SPI PROTOCOLS DRIVERS",4144
"MEDIA INPUT INFRASTRUCTURE (V4L/DVB)","GREYBUS LOOPBACK DRIVER",1179
"MEDIA INPUT INFRASTRUCTURE (V4L/DVB)","GREYBUS PLATFORM DRIVERS",1172
"MEDIA INPUT INFRASTRUCTURE (V4L/DVB)","GREYBUS SDIO/GPIO/SPI PROTOCOLS DRIVERS",4641
"MEDIA INPUT INFRASTRUCTURE (V4L/DVB)","GREYBUS SUBSYSTEM",34719
"MEDIA INPUT INFRASTRUCTURE (V4L/DVB)","GREYBUS UART PROTOCOLS DRIVERS",1162
"MEDIA INPUT INFRASTRUCTURE (V4L/DVB)","GS1662 VIDEO SERIALIZER",483
"MEDIA INPUT INFRASTRUCTURE (V4L/DVB)","GSPCA FINEPIX SUBDRIVER",293
"MEDIA INPUT INFRASTRUCTURE (V4L/DVB)","GSPCA GL860 SUBDRIVER",3037
"MEDIA INPUT INFRASTRUCTURE (V4L/DVB)","GSPCA M5602 SUBDRIVER",5203
"MEDIA INPUT INFRASTRUCTURE (V4L/DVB)","GSPCA PAC207 SONIXB SUBDRIVER",475
"MEDIA INPUT INFRASTRUCTURE (V4L/DVB)","GSPCA SN9C20X SUBDRIVER",2409
"MEDIA INPUT INFRASTRUCTURE (V4L/DVB)","GSPCA T613 SUBDRIVER",1041
"MEDIA INPUT INFRASTRUCTURE (V4L/DVB)","GSPCA USB WEBCAM DRIVER",77688
"MEDIA INPUT INFRASTRUCTURE (V4L/DVB)","HACKRF MEDIA DRIVER",1562
"MEDIA INPUT INFRASTRUCTURE (V4L/DVB)","HANTRO VPU CODEC DRIVER",21394
"MEDIA INPUT INFRASTRUCTURE (V4L/DVB)","HDPVR USB VIDEO ENCODER DRIVER",2415
"MEDIA INPUT INFRASTRUCTURE (V4L/DVB)","HVA ST MEDIA DRIVER",4092
"MEDIA INPUT INFRASTRUCTURE (V4L/DVB)","HYNIX HI556 SENSOR DRIVER",1455
"MEDIA INPUT INFRASTRUCTURE (V4L/DVB)","HYNIX HI846 SENSOR DRIVER",2176
"MEDIA INPUT INFRASTRUCTURE (V4L/DVB)","HYNIX HI847 SENSOR DRIVER",2956
"MEDIA INPUT INFRASTRUCTURE (V4L/DVB)","IGORPLUG-USB IR RECEIVER",276
"MEDIA INPUT INFRASTRUCTURE (V4L/DVB)","IGUANAWORKS USB IR TRANSCEIVER",568
"MEDIA INPUT INFRASTRUCTURE (V4L/DVB)","IMGTEC IR DECODER DRIVER",2954
"MEDIA INPUT INFRASTRUCTURE (V4L/DVB)","IMGTEC JPEG ENCODER DRIVER",3083
"MEDIA INPUT INFRASTRUCTURE (V4L/DVB)","IMON SOUNDGRAPH USB IR RECEIVER",2825
"MEDIA INPUT INFRASTRUCTURE (V4L/DVB)","INTEL IPU3 CSI-2 CIO2 DRIVER",2813
"MEDIA INPUT INFRASTRUCTURE (V4L/DVB)","INTEL IPU3 CSI-2 IMGU DRIVER",25032
"MEDIA INPUT INFRASTRUCTURE (V4L/DVB)","INTEL IPU6 INPUT SYSTEM DRIVER",13225
"MEDIA INPUT INFRASTRUCTURE (V4L/DVB)","INTEL IPU7 INPUT SYSTEM DRIVER",16109
"MEDIA INPUT INFRASTRUCTURE (V4L/DVB)","INTEL MID (Mobile Internet Device) PLATFORM",104659
"MEDIA INPUT INFRASTRUCTURE (V4L/DVB)","INTEL VISION SENSING CONTROLLER DRIVER",1404
"MEDIA INPUT INFRASTRUCTURE (V4L/DVB)","INTERSIL ISL7998X VIDEO DECODER DRIVER",1739
"MEDIA INPUT INFRASTRUCTURE (V4L/DVB)","ISA RADIO MODULE",478
"MEDIA INPUT INFRASTRUCTURE (V4L/DVB)","IT913X MEDIA DRIVER",485
"MEDIA INPUT INFRASTRUCTURE (V4L/DVB)","IVTV VIDEO4LINUX DRIVER",16253
"MEDIA INPUT INFRASTRUCTURE (V4L/DVB)","IX2505V MEDIA DRIVER",364
"MEDIA INPUT INFRASTRUCTURE (V4L/DVB)","JPU V4L2 MEM2MEM DRIVER FOR RENESAS",1737
"MEDIA INPUT INFRASTRUCTURE (V4L/DVB)","KEENE FM RADIO TRANSMITTER DRIVER",405
"MEDIA INPUT INFRASTRUCTURE (V4L/DVB)","LG2160 MEDIA DRIVER",1503
"MEDIA INPUT INFRASTRUCTURE (V4L/DVB)","LGDT3305 MEDIA DRIVER",1284
"MEDIA INPUT INFRASTRUCTURE (V4L/DVB)","LME2510 MEDIA DRIVER",1447
"MEDIA INPUT INFRASTRUCTURE (V4L/DVB)","M88DS3103 MEDIA DRIVER",2851
"MEDIA INPUT INFRASTRUCTURE (V4L/DVB)","M88RS2000 MEDIA DRIVER",866
"MEDIA INPUT INFRASTRUCTURE (V4L/DVB)","MA901 MASTERKIT USB FM RADIO DRIVER",456
"MEDIA INPUT INFRASTRUCTURE (V4L/DVB)","MAX2175 SDR TUNER DRIVER",1694
"MEDIA INPUT INFRASTRUCTURE (V4L/DVB)","MAX9286 QUAD GMSL DESERIALIZER DRIVER",2100
"MEDIA INPUT INFRASTRUCTURE (V4L/DVB)","MAX96712 QUAD GMSL2 DESERIALIZER DRIVER",608
"MEDIA INPUT INFRASTRUCTURE (V4L/DVB)","MAX96714 GMSL2 DESERIALIZER DRIVER",1191
"MEDIA INPUT INFRASTRUCTURE (V4L/DVB)","MAX96717 GMSL2 SERIALIZER DRIVER",1261
"MEDIA INPUT INFRASTRUCTURE (V4L/DVB)","MAXIRADIO FM RADIO RECEIVER DRIVER",203
"MEDIA INPUT INFRASTRUCTURE (V4L/DVB)","MEDIA CONTROLLER FRAMEWORK",6744
"MEDIA INPUT INFRASTRUCTURE (V4L/DVB)","MEDIA DRIVER FOR FREESCALE IMX PXP",3637
"MEDIA INPUT INFRASTRUCTURE (V4L/DVB)","MEDIA DRIVERS FOR ASCOT2E",597
"MEDIA INPUT INFRASTRUCTURE (V4L/DVB)","MEDIA DRIVERS FOR CXD2099AR CI CONTROLLERS",717
"MEDIA INPUT INFRASTRUCTURE (V4L/DVB)","MEDIA DRIVERS FOR CXD2841ER",4107
"MEDIA INPUT INFRASTRUCTURE (V4L/DVB)","MEDIA DRIVERS FOR CXD2880",12936
"MEDIA INPUT INFRASTRUCTURE (V4L/DVB)","MEDIA DRIVERS FOR DIGITAL DEVICES PCIE DEVICES",7107
"MEDIA INPUT INFRASTRUCTURE (V4L/DVB)","MEDIA DRIVERS FOR FREESCALE IMX",11249
"MEDIA INPUT INFRASTRUCTURE (V4L/DVB)","MEDIA DRIVERS FOR FREESCALE IMX7/8",5797
"MEDIA INPUT INFRASTRUCTURE (V4L/DVB)","MEDIA DRIVERS FOR HELENE",1208
"MEDIA INPUT INFRASTRUCTURE (V4L/DVB)","MEDIA DRIVERS FOR HORUS3A",459
"MEDIA INPUT INFRASTRUCTURE (V4L/DVB)","MEDIA DRIVERS FOR LNBH25",226
"MEDIA INPUT INFRASTRUCTURE (V4L/DVB)","MEDIA DRIVERS FOR MXL5XX TUNER DEMODULATORS",3025
"MEDIA INPUT INFRASTRUCTURE (V4L/DVB)","MEDIA DRIVERS FOR NETUP PCI UNIVERSAL DVB devices",2032
"MEDIA INPUT INFRASTRUCTURE (V4L/DVB)","MEDIA DRIVERS FOR NVIDIA TEGRA - VDE",3368
"MEDIA INPUT INFRASTRUCTURE (V4L/DVB)","MEDIA DRIVERS FOR RENESAS - CEU",1837
"MEDIA INPUT INFRASTRUCTURE (V4L/DVB)","MEDIA DRIVERS FOR RENESAS - DRIF",1754
"MEDIA INPUT INFRASTRUCTURE (V4L/DVB)","MEDIA DRIVERS FOR RENESAS - FCP",367
"MEDIA INPUT INFRASTRUCTURE (V4L/DVB)","MEDIA DRIVERS FOR RENESAS - FDP1",2520
"MEDIA INPUT INFRASTRUCTURE (V4L/DVB)","MEDIA DRIVERS FOR RENESAS - VIN",8005
"MEDIA INPUT INFRASTRUCTURE (V4L/DVB)","MEDIA DRIVERS FOR RENESAS - VSP1",13962
"MEDIA INPUT INFRASTRUCTURE (V4L/DVB)","MEDIA DRIVERS FOR ST STV0910 DEMODULATOR ICs",6632
"MEDIA INPUT INFRASTRUCTURE (V4L/DVB)","MEDIA DRIVERS FOR ST STV6111 TUNER ICs",709
"MEDIA INPUT INFRASTRUCTURE (V4L/DVB)","MEDIA INPUT INFRASTRUCTURE (V4L/DVB)",1915512
"MEDIA INPUT INFRASTRUCTURE (V4L/DVB)","MEDIATEK CIR DRIVER",454
"MEDIA INPUT INFRASTRUCTURE (V4L/DVB)","MEDIATEK JPEG DRIVER",3950
"MEDIA INPUT INFRASTRUCTURE (V4L/DVB)","MEDIATEK MDP DRIVER",3861
"MEDIA INPUT INFRASTRUCTURE (V4L/DVB)","MEDIATEK MEDIA DRIVER",23988
"MEDIA INPUT INFRASTRUCTURE (V4L/DVB)","MESON AO CEC DRIVER FOR AMLOGIC SOCS",1612
"MEDIA INPUT INFRASTRUCTURE (V4L/DVB)","MESON GE2D DRIVER FOR AMLOGIC SOCS",1479
"MEDIA INPUT INFRASTRUCTURE (V4L/DVB)","MESON VIDEO DECODER DRIVER FOR AMLOGIC SOCS",7141
"MEDIA INPUT INFRASTRUCTURE (V4L/DVB)","MICROCHIP CSI2DC DRIVER",996
"MEDIA INPUT INFRASTRUCTURE (V4L/DVB)","MICROCHIP ISC DRIVER",9319
"MEDIA INPUT INFRASTRUCTURE (V4L/DVB)","MICROCHIP ISI DRIVER",1506
"MEDIA INPUT INFRASTRUCTURE (V4L/DVB)","MIPI CCS, SMIA AND SMIA++ IMAGE SENSOR DRIVER",11152
"MEDIA INPUT INFRASTRUCTURE (V4L/DVB)","MIROSOUND PCM20 FM RADIO RECEIVER DRIVER",513
"MEDIA INPUT INFRASTRUCTURE (V4L/DVB)","MN88472 MEDIA DRIVER",811
"MEDIA INPUT INFRASTRUCTURE (V4L/DVB)","MN88473 MEDIA DRIVER",830
"MEDIA INPUT INFRASTRUCTURE (V4L/DVB)","MOST(R) TECHNOLOGY DRIVER",9828
"MEDIA INPUT INFRASTRUCTURE (V4L/DVB)","MR800 AVERMEDIA USB FM RADIO DRIVER",599
"MEDIA INPUT INFRASTRUCTURE (V4L/DVB)","MSI001 MEDIA DRIVER",510
"MEDIA INPUT INFRASTRUCTURE (V4L/DVB)","MSI2500 MEDIA DRIVER",1315
"MEDIA INPUT INFRASTRUCTURE (V4L/DVB)","MT9M114 ONSEMI SENSOR DRIVER",2822
"MEDIA INPUT INFRASTRUCTURE (V4L/DVB)","MT9P031 APTINA CAMERA SENSOR",1356
"MEDIA INPUT INFRASTRUCTURE (V4L/DVB)","MT9T112 APTINA CAMERA SENSOR",1156
"MEDIA INPUT INFRASTRUCTURE (V4L/DVB)","MT9V032 APTINA CAMERA SENSOR",1336
"MEDIA INPUT INFRASTRUCTURE (V4L/DVB)","MT9V111 APTINA CAMERA SENSOR",1357
"MEDIA INPUT INFRASTRUCTURE (V4L/DVB)","MXL301RF MEDIA DRIVER",355
"MEDIA INPUT INFRASTRUCTURE (V4L/DVB)","MXL5007T MEDIA DRIVER",996
"MEDIA INPUT INFRASTRUCTURE (V4L/DVB)","NOKIA N900 CAMERA SUPPORT (ET8EK8 SENSOR, AD5820 FOCUS)",2701
"MEDIA INPUT INFRASTRUCTURE (V4L/DVB)","NXP i.MX 8M ISI DRIVER",6467
"MEDIA INPUT INFRASTRUCTURE (V4L/DVB)","NXP i.MX 8MP DW100 V4L2 DRIVER",2040
"MEDIA INPUT INFRASTRUCTURE (V4L/DVB)","NXP i.MX 8QXP/8QM JPEG V4L2 DRIVER",3852
"MEDIA INPUT INFRASTRUCTURE (V4L/DVB)","OMNIVISION OG01A1B SENSOR DRIVER",1249
"MEDIA INPUT INFRASTRUCTURE (V4L/DVB)","OMNIVISION OG0VE1B SENSOR DRIVER",938
"MEDIA INPUT INFRASTRUCTURE (V4L/DVB)","OMNIVISION OS05B10 SENSOR DRIVER",1233
"MEDIA INPUT INFRASTRUCTURE (V4L/DVB)","OMNIVISION OV01A10 SENSOR DRIVER",1137
"MEDIA INPUT INFRASTRUCTURE (V4L/DVB)","OMNIVISION OV02A10 SENSOR DRIVER",1150
"MEDIA INPUT INFRASTRUCTURE (V4L/DVB)","OMNIVISION OV02C10 SENSOR DRIVER",1016
"MEDIA INPUT INFRASTRUCTURE (V4L/DVB)","OMNIVISION OV02E10 SENSOR DRIVER",1108
"MEDIA INPUT INFRASTRUCTURE (V4L/DVB)","OMNIVISION OV08D10 SENSOR DRIVER",1727
"MEDIA INPUT INFRASTRUCTURE (V4L/DVB)","OMNIVISION OV08X40 SENSOR DRIVER",2525
"MEDIA INPUT INFRASTRUCTURE (V4L/DVB)","OMNIVISION OV13858 SENSOR DRIVER",1781
"MEDIA INPUT INFRASTRUCTURE (V4L/DVB)","OMNIVISION OV13B10 SENSOR DRIVER",1718
"MEDIA INPUT INFRASTRUCTURE (V4L/DVB)","OMNIVISION OV2680 SENSOR DRIVER",1436
"MEDIA INPUT INFRASTRUCTURE (V4L/DVB)","OMNIVISION OV2685 SENSOR DRIVER",992
"MEDIA INPUT INFRASTRUCTURE (V4L/DVB)","OMNIVISION OV2732 SENSOR DRIVER",893
"MEDIA INPUT INFRASTRUCTURE (V4L/DVB)","OMNIVISION OV2735 SENSOR DRIVER",1217
"MEDIA INPUT INFRASTRUCTURE (V4L/DVB)","OMNIVISION OV2740 SENSOR DRIVER",1486
"MEDIA INPUT INFRASTRUCTURE (V4L/DVB)","OMNIVISION OV4689 SENSOR DRIVER",1175
"MEDIA INPUT INFRASTRUCTURE (V4L/DVB)","OMNIVISION OV5640 SENSOR DRIVER",4027
"MEDIA INPUT INFRASTRUCTURE (V4L/DVB)","OMNIVISION OV5647 SENSOR DRIVER",1396
"MEDIA INPUT INFRASTRUCTURE (V4L/DVB)","OMNIVISION OV5670 SENSOR DRIVER",2922
"MEDIA INPUT INFRASTRUCTURE (V4L/DVB)","OMNIVISION OV5675 SENSOR DRIVER",1508
"MEDIA INPUT INFRASTRUCTURE (V4L/DVB)","OMNIVISION OV5693 SENSOR DRIVER",1563
"MEDIA INPUT INFRASTRUCTURE (V4L/DVB)","OMNIVISION OV5695 SENSOR DRIVER",1373
"MEDIA INPUT INFRASTRUCTURE (V4L/DVB)","OMNIVISION OV6211 SENSOR DRIVER",914
"MEDIA INPUT INFRASTRUCTURE (V4L/DVB)","OMNIVISION OV64A40 SENSOR DRIVER",3780
"MEDIA INPUT INFRASTRUCTURE (V4L/DVB)","OMNIVISION OV7670 SENSOR DRIVER",2077
"MEDIA INPUT INFRASTRUCTURE (V4L/DVB)","OMNIVISION OV772x SENSOR DRIVER",1767
"MEDIA INPUT INFRASTRUCTURE (V4L/DVB)","OMNIVISION OV7740 SENSOR DRIVER",1228
"MEDIA INPUT INFRASTRUCTURE (V4L/DVB)","OMNIVISION OV8856 SENSOR DRIVER",2633
"MEDIA INPUT INFRASTRUCTURE (V4L/DVB)","OMNIVISION OV8858 SENSOR DRIVER",2105
"MEDIA INPUT INFRASTRUCTURE (V4L/DVB)","OMNIVISION OV9282 SENSOR DRIVER",1579
"MEDIA INPUT INFRASTRUCTURE (V4L/DVB)","OMNIVISION OV9640 SENSOR DRIVER",980
"MEDIA INPUT INFRASTRUCTURE (V4L/DVB)","OMNIVISION OV9650 SENSOR DRIVER",1635
"MEDIA INPUT INFRASTRUCTURE (V4L/DVB)","OMNIVISION OV9734 SENSOR DRIVER",994
"MEDIA INPUT INFRASTRUCTURE (V4L/DVB)","OV2659 OMNIVISION SENSOR DRIVER",1653
"MEDIA INPUT INFRASTRUCTURE (V4L/DVB)","PULSE8-CEC DRIVER",946
"MEDIA INPUT INFRASTRUCTURE (V4L/DVB)","PVRUSB2 VIDEO4LINUX DRIVER",14847
"MEDIA INPUT INFRASTRUCTURE (V4L/DVB)","PWC WEBCAM DRIVER",6716
"MEDIA INPUT INFRASTRUCTURE (V4L/DVB)","PWM IR Transmitter",237
"MEDIA INPUT INFRASTRUCTURE (V4L/DVB)","QM1D1B0004 MEDIA DRIVER",289
"MEDIA INPUT INFRASTRUCTURE (V4L/DVB)","QM1D1C0042 MEDIA DRIVER",483
"MEDIA INPUT INFRASTRUCTURE (V4L/DVB)","QT1010 MEDIA DRIVER",583
"MEDIA INPUT INFRASTRUCTURE (V4L/DVB)","QUALCOMM CAMERA SUBSYSTEM DRIVER",29062
"MEDIA INPUT INFRASTRUCTURE (V4L/DVB)","QUALCOMM IRIS VIDEO ACCELERATOR DRIVER",18933
"MEDIA INPUT INFRASTRUCTURE (V4L/DVB)","QUALCOMM MEDIA PLATFORM",68710
"MEDIA INPUT INFRASTRUCTURE (V4L/DVB)","QUALCOMM VENUS VIDEO ACCELERATOR DRIVER",20889
"MEDIA INPUT INFRASTRUCTURE (V4L/DVB)","RADIOSHARK RADIO DRIVER",429
"MEDIA INPUT INFRASTRUCTURE (V4L/DVB)","RADIOSHARK2 RADIO DRIVER",982
"MEDIA INPUT INFRASTRUCTURE (V4L/DVB)","RAINSHADOW-CEC DRIVER",397
"MEDIA INPUT INFRASTRUCTURE (V4L/DVB)","RASPBERRY PI PISP CAMERA FRONT END",4738
"MEDIA INPUT INFRASTRUCTURE (V4L/DVB)","RC-CORE / LIRC FRAMEWORK",48321
"MEDIA INPUT INFRASTRUCTURE (V4L/DVB)","RCMM REMOTE CONTROLS DECODER",255
"MEDIA INPUT INFRASTRUCTURE (V4L/DVB)","RDACM20 Camera Sensor",1421
"MEDIA INPUT INFRASTRUCTURE (V4L/DVB)","RDACM21 Camera Sensor",1380
"MEDIA INPUT INFRASTRUCTURE (V4L/DVB)","RENESAS RZ/V2H(P) INPUT VIDEO CONTROL BLOCK DRIVER",1414
"MEDIA INPUT INFRASTRUCTURE (V4L/DVB)","ROCKCHIP CAMERA INTERFACE (RKCIF) DRIVER",3947
"MEDIA INPUT INFRASTRUCTURE (V4L/DVB)","ROCKCHIP ISP V1 DRIVER",13114
"MEDIA INPUT INFRASTRUCTURE (V4L/DVB)","ROCKCHIP RASTER 2D GRAPHIC ACCELERATION UNIT DRIVER",2356
"MEDIA INPUT INFRASTRUCTURE (V4L/DVB)","ROCKCHIP RKVDEC VIDEO DECODER DRIVER",11414
"MEDIA INPUT INFRASTRUCTURE (V4L/DVB)","ROTATION DRIVER FOR ALLWINNER A83T",1437
"MEDIA INPUT INFRASTRUCTURE (V4L/DVB)","RTL2830 MEDIA DRIVER",975
"MEDIA INPUT INFRASTRUCTURE (V4L/DVB)","RTL2832 MEDIA DRIVER",3153
"MEDIA INPUT INFRASTRUCTURE (V4L/DVB)","RTL2832_SDR MEDIA DRIVER",1541
"MEDIA INPUT INFRASTRUCTURE (V4L/DVB)","SAA6588 RDS RECEIVER DRIVER",512
"MEDIA INPUT INFRASTRUCTURE (V4L/DVB)","SAA7134 VIDEO4LINUX DRIVER",20147
"MEDIA INPUT INFRASTRUCTURE (V4L/DVB)","SAA7146 VIDEO4LINUX-2 DRIVER",5905
"MEDIA INPUT INFRASTRUCTURE (V4L/DVB)","SAMSUNG S3C24XX/S3C64XX SOC SERIES CAMIF DRIVER",3623
"MEDIA INPUT INFRASTRUCTURE (V4L/DVB)","SAMSUNG S5C73M3 CAMERA DRIVER",3074
"MEDIA INPUT INFRASTRUCTURE (V4L/DVB)","SAMSUNG S5K3M5 CAMERA DRIVER",1480
"MEDIA INPUT INFRASTRUCTURE (V4L/DVB)","SAMSUNG S5K5BAF CAMERA DRIVER",2035
"MEDIA INPUT INFRASTRUCTURE (V4L/DVB)","SAMSUNG S5KJN1 CAMERA DRIVER",1590
"MEDIA INPUT INFRASTRUCTURE (V4L/DVB)","SAMSUNG S5P/EXYNOS4 SOC SERIES CAMERA SUBSYSTEM DRIVERS",18150
"MEDIA INPUT INFRASTRUCTURE (V4L/DVB)","SECO BOARDS CEC DRIVER",929
"MEDIA INPUT INFRASTRUCTURE (V4L/DVB)","SERIAL IR RECEIVER",845
"MEDIA INPUT INFRASTRUCTURE (V4L/DVB)","SH_VOU V4L2 OUTPUT DRIVER",1402
"MEDIA INPUT INFRASTRUCTURE (V4L/DVB)","SHARP RJ54N1CB0C SENSOR DRIVER",1450
"MEDIA INPUT INFRASTRUCTURE (V4L/DVB)","SI2157 MEDIA DRIVER",1275
"MEDIA INPUT INFRASTRUCTURE (V4L/DVB)","SI2165 MEDIA DRIVER",1457
"MEDIA INPUT INFRASTRUCTURE (V4L/DVB)","SI2168 MEDIA DRIVER",920
"MEDIA INPUT INFRASTRUCTURE (V4L/DVB)","SI470X FM RADIO RECEIVER I2C DRIVER",593
"MEDIA INPUT INFRASTRUCTURE (V4L/DVB)","SI470X FM RADIO RECEIVER USB DRIVER",1868
"MEDIA INPUT INFRASTRUCTURE (V4L/DVB)","SI4713 FM RADIO TRANSMITTER I2C DRIVER",1919
"MEDIA INPUT INFRASTRUCTURE (V4L/DVB)","SI4713 FM RADIO TRANSMITTER PLATFORM DRIVER",211
"MEDIA INPUT INFRASTRUCTURE (V4L/DVB)","SI4713 FM RADIO TRANSMITTER USB DRIVER",522
"MEDIA INPUT INFRASTRUCTURE (V4L/DVB)","SIANO DVB DRIVER",7039
"MEDIA INPUT INFRASTRUCTURE (V4L/DVB)","SOFTLOGIC 6x10 MPEG CODEC",6994
"MEDIA INPUT INFRASTRUCTURE (V4L/DVB)","SONY IMX208 SENSOR DRIVER",1069
"MEDIA INPUT INFRASTRUCTURE (V4L/DVB)","SONY IMX214 SENSOR DRIVER",1663
"MEDIA INPUT INFRASTRUCTURE (V4L/DVB)","SONY IMX219 SENSOR DRIVER",1467
"MEDIA INPUT INFRASTRUCTURE (V4L/DVB)","SONY IMX258 SENSOR DRIVER",1703
"MEDIA INPUT INFRASTRUCTURE (V4L/DVB)","SONY IMX274 SENSOR DRIVER",2255
"MEDIA INPUT INFRASTRUCTURE (V4L/DVB)","SONY IMX283 SENSOR DRIVER",1744
"MEDIA INPUT INFRASTRUCTURE (V4L/DVB)","SONY IMX290 SENSOR DRIVER",1874
"MEDIA INPUT INFRASTRUCTURE (V4L/DVB)","SONY IMX296 SENSOR DRIVER",1266
"MEDIA INPUT INFRASTRUCTURE (V4L/DVB)","SONY IMX319 SENSOR DRIVER",2505
"MEDIA INPUT INFRASTRUCTURE (V4L/DVB)","SONY IMX334 SENSOR DRIVER",1442
"MEDIA INPUT INFRASTRUCTURE (V4L/DVB)","SONY IMX335 SENSOR DRIVER",1678
"MEDIA INPUT INFRASTRUCTURE (V4L/DVB)","SONY IMX355 SENSOR DRIVER",1898
"MEDIA INPUT INFRASTRUCTURE (V4L/DVB)","SONY IMX412 SENSOR DRIVER",1399
"MEDIA INPUT INFRASTRUCTURE (V4L/DVB)","SONY IMX415 SENSOR DRIVER",1597
"MEDIA INPUT INFRASTRUCTURE (V4L/DVB)","SP2 MEDIA DRIVER",512
"MEDIA INPUT INFRASTRUCTURE (V4L/DVB)","ST MIPID02 CSI-2 TO PARALLEL BRIDGE DRIVER",1142
"MEDIA INPUT INFRASTRUCTURE (V4L/DVB)","ST VD55G1 DRIVER",2198
"MEDIA INPUT INFRASTRUCTURE (V4L/DVB)","ST VD56G3 IMAGE SENSOR DRIVER",1721
"MEDIA INPUT INFRASTRUCTURE (V4L/DVB)","ST VGXY61 DRIVER",2052
"MEDIA INPUT INFRASTRUCTURE (V4L/DVB)","STAGING - ATOMISP DRIVER",98035
"MEDIA INPUT INFRASTRUCTURE (V4L/DVB)","STAGING - NVIDIA COMPLIANT EMBEDDED CONTROLLER INTERFACE (nvec)",2414
"MEDIA INPUT INFRASTRUCTURE (V4L/DVB)","STAGING - SEPS525 LCD CONTROLLER DRIVERS",212
"MEDIA INPUT INFRASTRUCTURE (V4L/DVB)","STAGING - SILICON MOTION SM750 FRAME BUFFER DRIVER",6109
"MEDIA INPUT INFRASTRUCTURE (V4L/DVB)","STAGING SUBSYSTEM",316763
"MEDIA INPUT INFRASTRUCTURE (V4L/DVB)","STI CEC DRIVER",465
"MEDIA INPUT INFRASTRUCTURE (V4L/DVB)","STK1160 USB VIDEO CAPTURE DRIVER",2578
"MEDIA INPUT INFRASTRUCTURE (V4L/DVB)","SYNOPSYS DESIGNWARE HDMI RX CONTROLLER DRIVER",3716
"MEDIA INPUT INFRASTRUCTURE (V4L/DVB)","SYNOPSYS DESIGNWARE MIPI CSI-2 RECEIVER DRIVER",1145
"MEDIA INPUT INFRASTRUCTURE (V4L/DVB)","TC90522 MEDIA DRIVER",888
"MEDIA INPUT INFRASTRUCTURE (V4L/DVB)","TDA10071 MEDIA DRIVER",1400
"MEDIA INPUT INFRASTRUCTURE (V4L/DVB)","TDA18212 MEDIA DRIVER",306
"MEDIA INPUT INFRASTRUCTURE (V4L/DVB)","TDA18218 MEDIA DRIVER",458
"MEDIA INPUT INFRASTRUCTURE (V4L/DVB)","TDA18250 MEDIA DRIVER",1067
"MEDIA INPUT INFRASTRUCTURE (V4L/DVB)","TDA18271 MEDIA DRIVER",3706
"MEDIA INPUT INFRASTRUCTURE (V4L/DVB)","TDA1997x MEDIA DRIVER",3654
"MEDIA INPUT INFRASTRUCTURE (V4L/DVB)","TDA827x MEDIA DRIVER",927
"MEDIA INPUT INFRASTRUCTURE (V4L/DVB)","TDA8290 MEDIA DRIVER",927
"MEDIA INPUT INFRASTRUCTURE (V4L/DVB)","TDA9840 MEDIA DRIVER",199
"MEDIA INPUT INFRASTRUCTURE (V4L/DVB)","TEA5761 TUNER DRIVER",376
"MEDIA INPUT INFRASTRUCTURE (V4L/DVB)","TEA5767 TUNER DRIVER",527
"MEDIA INPUT INFRASTRUCTURE (V4L/DVB)","TEA6415C MEDIA DRIVER",186
"MEDIA INPUT INFRASTRUCTURE (V4L/DVB)","TEA6420 MEDIA DRIVER",165
"MEDIA INPUT INFRASTRUCTURE (V4L/DVB)","TECHNOTREND USB IR RECEIVER",439
"MEDIA INPUT INFRASTRUCTURE (V4L/DVB)","TECHWELL TW9900 VIDEO DECODER",781
"MEDIA INPUT INFRASTRUCTURE (V4L/DVB)","TECHWELL TW9910 VIDEO DECODER",1057
"MEDIA INPUT INFRASTRUCTURE (V4L/DVB)","TEGRA VIDEO DRIVER",7154
"MEDIA INPUT INFRASTRUCTURE (V4L/DVB)","THANKO'S RAREMONO AM/FM/SW RADIO RECEIVER USB DRIVER",389
"MEDIA INPUT INFRASTRUCTURE (V4L/DVB)","THP7312 ISP DRIVER",2530
"MEDIA INPUT INFRASTRUCTURE (V4L/DVB)","TI AM437X VPFE DRIVER",3071
"MEDIA INPUT INFRASTRUCTURE (V4L/DVB)","TI DAVINCI SERIES MEDIA DRIVER",4889
"MEDIA INPUT INFRASTRUCTURE (V4L/DVB)","TI FPD-LINK DRIVERS",8434
"MEDIA INPUT INFRASTRUCTURE (V4L/DVB)","TI J721E CSI2RX DRIVER",1312
"MEDIA INPUT INFRASTRUCTURE (V4L/DVB)","TI VPE/CAL DRIVERS",16406
"MEDIA INPUT INFRASTRUCTURE (V4L/DVB)","TOSHIBA T4KA3 CAMERA SENSOR DRIVER",1064
"MEDIA INPUT INFRASTRUCTURE (V4L/DVB)","TOSHIBA TC358743 DRIVER",3332
"MEDIA INPUT INFRASTRUCTURE (V4L/DVB)","TUA9001 MEDIA DRIVER",339
"MEDIA INPUT INFRASTRUCTURE (V4L/DVB)","TW5864 VIDEO4LINUX DRIVER",4482
"MEDIA INPUT INFRASTRUCTURE (V4L/DVB)","TW68 VIDEO4LINUX DRIVER",2063
"MEDIA INPUT INFRASTRUCTURE (V4L/DVB)","TW686X VIDEO4LINUX DRIVER",2507
"MEDIA INPUT INFRASTRUCTURE (V4L/DVB)","USB VIDEO CLASS",13622
"MEDIA INPUT INFRASTRUCTURE (V4L/DVB)","V4L2 ASYNC AND FWNODE FRAMEWORKS",3064
"MEDIA INPUT INFRASTRUCTURE (V4L/DVB)","V4L2 CAMERA SENSOR DRIVERS",123076
"MEDIA INPUT INFRASTRUCTURE (V4L/DVB)","V4L2 GENERIC ISP PARAMETERS AND STATISTIC FORMATS",441
"MEDIA INPUT INFRASTRUCTURE (V4L/DVB)","V4L2 LENS DRIVERS",3261
"MEDIA INPUT INFRASTRUCTURE (V4L/DVB)","VICODEC VIRTUAL CODEC DRIVER",3778
"MEDIA INPUT INFRASTRUCTURE (V4L/DVB)","VIDEO I2C POLLING DRIVER",952
"MEDIA INPUT INFRASTRUCTURE (V4L/DVB)","VIDEO MULTIPLEXER DRIVER",501
"MEDIA INPUT INFRASTRUCTURE (V4L/DVB)","VIDEOBUF2 FRAMEWORK",9283
"MEDIA INPUT INFRASTRUCTURE (V4L/DVB)","VIDTV VIRTUAL DIGITAL TV DRIVER",7655
"MEDIA INPUT INFRASTRUCTURE (V4L/DVB)","VIMC VIRTUAL MEDIA CONTROLLER DRIVER",3638
"MEDIA INPUT INFRASTRUCTURE (V4L/DVB)","VISL VIRTUAL STATELESS DECODER DRIVER",4252
"MEDIA INPUT INFRASTRUCTURE (V4L/DVB)","VIVID VIRTUAL VIDEO DRIVER",15001
"MEDIA INPUT INFRASTRUCTURE (V4L/DVB)","VME SUBSYSTEM",8879
"MEDIA INPUT INFRASTRUCTURE (V4L/DVB)","WAVE5 VPU CODEC DRIVER",10977
"MEDIA INPUT INFRASTRUCTURE (V4L/DVB)","WINBOND CIR DRIVER",1220
"MEDIA INPUT INFRASTRUCTURE (V4L/DVB)","XBOX DVD IR REMOTE",376
"MEDIA INPUT INFRASTRUCTURE (V4L/DVB)","XC2028/3028 TUNER DRIVER",1737
"MEDIA INPUT INFRASTRUCTURE (V4L/DVB)","XILINX VIDEO IP CORES",4963
"MEDIA INPUT INFRASTRUCTURE (V4L/DVB)","ZD1301 MEDIA DRIVER",289
"MEDIA INPUT INFRASTRUCTURE (V4L/DVB)","ZD1301_DEMOD MEDIA DRIVER",601
"MEDIA INPUT INFRASTRUCTURE (V4L/DVB)","ZR36067 VIDEO FOR LINUX DRIVER",7748
"MELLANOX HARDWARE PLATFORM SUPPORT","MELLANOX HARDWARE PLATFORM SUPPORT",19170
"MEMORY TECHNOLOGY DEVICES (MTD)","ARASAN NAND CONTROLLER DRIVER",1576
"MEMORY TECHNOLOGY DEVICES (MTD)","ARM PRIMECELL PL35X NAND CONTROLLER DRIVER",1256
"MEMORY TECHNOLOGY DEVICES (MTD)","BLOCK2MTD DRIVER",532
"MEMORY TECHNOLOGY DEVICES (MTD)","BROADCOM STB NAND FLASH DRIVER",4328
"MEMORY TECHNOLOGY DEVICES (MTD)","CADENCE NAND DRIVER",3434
"MEMORY TECHNOLOGY DEVICES (MTD)","DENALI NAND DRIVER",2153
"MEMORY TECHNOLOGY DEVICES (MTD)","FREESCALE GPMI NAND DRIVER",3386
"MEMORY TECHNOLOGY DEVICES (MTD)","HYPERBUS SUPPORT",802
"MEMORY TECHNOLOGY DEVICES (MTD)","INGENIC JZ4780 NAND DRIVER",1620
"MEMORY TECHNOLOGY DEVICES (MTD)","INTEL DISCRETE GRAPHICS NVM MTD DRIVER",915
"MEMORY TECHNOLOGY DEVICES (MTD)","MARVELL NAND CONTROLLER DRIVER",3194
"MEMORY TECHNOLOGY DEVICES (MTD)","MEDIATEK NAND CONTROLLER DRIVER",1811
"MEMORY TECHNOLOGY DEVICES (MTD)","MEMORY TECHNOLOGY DEVICES (MTD)",209849
"MEMORY TECHNOLOGY DEVICES (MTD)","MESON NAND CONTROLLER DRIVER FOR AMLOGIC SOCS",1758
"MEMORY TECHNOLOGY DEVICES (MTD)","MICROCHIP NAND DRIVER",3998
"MEMORY TECHNOLOGY DEVICES (MTD)","MIPS/LOONGSON1 ARCHITECTURE",4520
"MEMORY TECHNOLOGY DEVICES (MTD)","MSYSTEMS DISKONCHIP G3 MTD DRIVER",2427
"MEMORY TECHNOLOGY DEVICES (MTD)","NAND FLASH SUBSYSTEM",105174
"MEMORY TECHNOLOGY DEVICES (MTD)","ONENAND FLASH DRIVER",6600
"MEMORY TECHNOLOGY DEVICES (MTD)","PHRAM MTD DRIVER",445
"MEMORY TECHNOLOGY DEVICES (MTD)","QUALCOMM NAND CONTROLLER DRIVER",2679
"MEMORY TECHNOLOGY DEVICES (MTD)","RENESAS R-CAR GEN3 & RZ/N1 NAND CONTROLLER DRIVER",1486
"MEMORY TECHNOLOGY DEVICES (MTD)","RICOH SMARTMEDIA/XD DRIVER",1249
"MEMORY TECHNOLOGY DEVICES (MTD)","SPI NOR SUBSYSTEM",12990
"MEMORY TECHNOLOGY DEVICES (MTD)","TEGRA NAND DRIVER",1392
"MEMORY TECHNOLOGY DEVICES (MTD)","UNSORTED BLOCK IMAGES (UBI)",20620
"MEMORY TECHNOLOGY DEVICES (MTD)","VF610 NAND DRIVER",949
"MICROCHIP WILC1000 WIFI DRIVER","MICROCHIP WILC1000 WIFI DRIVER",12000
"MICROSOFT SURFACE SYSTEM AGGREGATOR SUBSYSTEM","MICROSOFT SURFACE AGGREGATOR TABLET-MODE SWITCH",645
"MICROSOFT SURFACE SYSTEM AGGREGATOR SUBSYSTEM","MICROSOFT SURFACE DTX DRIVER",2146
"MICROSOFT SURFACE SYSTEM AGGREGATOR SUBSYSTEM","MICROSOFT SURFACE GPE LID SUPPORT DRIVER",352
"MICROSOFT SURFACE SYSTEM AGGREGATOR SUBSYSTEM","MICROSOFT SURFACE HARDWARE PLATFORM SUPPORT",16494
"MICROSOFT SURFACE SYSTEM AGGREGATOR SUBSYSTEM","MICROSOFT SURFACE HOT-PLUG DRIVER",273
"MICROSOFT SURFACE SYSTEM AGGREGATOR SUBSYSTEM","MICROSOFT SURFACE PLATFORM PROFILE DRIVER",257
"MICROSOFT SURFACE SYSTEM AGGREGATOR SUBSYSTEM","MICROSOFT SURFACE PRO 3 BUTTON DRIVER",277
"MICROSOFT SURFACE SYSTEM AGGREGATOR SUBSYSTEM","MICROSOFT SURFACE SYSTEM AGGREGATOR HUB DRIVER",371
"MICROSOFT SURFACE SYSTEM AGGREGATOR SUBSYSTEM","MICROSOFT SURFACE SYSTEM AGGREGATOR SUBSYSTEM",17062
"MPAM DRIVER","MPAM DRIVER",6228
"NETWORKING [GENERAL]","6LOWPAN GENERIC (BTLE/IEEE 802.15.4)",3213
"NETWORKING [GENERAL]","802.11 (including CFG80211/NL80211)",81615
"NETWORKING [GENERAL]","9P FILE SYSTEM",15458
"NETWORKING [GENERAL]","ABIT UGURU 1,2 HARDWARE MONITOR DRIVER",1630
"NETWORKING [GENERAL]","ABIT UGURU 3 HARDWARE MONITOR DRIVER",1302
"NETWORKING [GENERAL]","ACPI WMI DRIVER",5039
"NETWORKING [GENERAL]","ACRN HYPERVISOR SERVICE MODULE",3589
"NETWORKING [GENERAL]","ADM1025 HARDWARE MONITOR DRIVER",632
"NETWORKING [GENERAL]","ADM1029 HARDWARE MONITOR DRIVER",405
"NETWORKING [GENERAL]","ADP1050 HARDWARE MONITOR DRIVER",60
"NETWORKING [GENERAL]","ADT7475 HARDWARE MONITOR DRIVER",2373
"NETWORKING [GENERAL]","AFFS FILE SYSTEM",4974
"NETWORKING [GENERAL]","AFS FILESYSTEM",28998
"NETWORKING [GENERAL]","AIO",2522
"NETWORKING [GENERAL]","ALLWINNER HARDWARE SPINLOCK SUPPORT",263
"NETWORKING [GENERAL]","AMD AXI W1 DRIVER",440
"NETWORKING [GENERAL]","AMD FAM15H PROCESSOR POWER MONITORING DRIVER",629
"NETWORKING [GENERAL]","AMD SENSOR FUSION HUB DRIVER",3942
"NETWORKING [GENERAL]","AMPHENOL CHIPCAP 2 DRIVER",927
"NETWORKING [GENERAL]","ANALOG DEVICES INC ADM1177 DRIVER",343
"NETWORKING [GENERAL]","ANDROID DRIVERS",22297
"NETWORKING [GENERAL]","APPLE SMC DRIVER",1419
"NETWORKING [GENERAL]","APPLETALK NETWORK LAYER",3629
"NETWORKING [GENERAL]","AQUACOMPUTER D5 NEXT PUMP SENSOR DRIVER",2040
"NETWORKING [GENERAL]","ARM AND ARM64 SoC SUB-ARCHITECTURES (COMMON PARTS)",327
"NETWORKING [GENERAL]","ARM64 FIT SUPPORT",501
"NETWORKING [GENERAL]","ARM64 PORT (AARCH64 ARCHITECTURE)",200632
"NETWORKING [GENERAL]","ASC7621 HARDWARE MONITOR DRIVER",1557
"NETWORKING [GENERAL]","ASUS EC HARDWARE MONITOR DRIVER",1517
"NETWORKING [GENERAL]","ASUS ROG RYUJIN AIO HARDWARE MONITOR DRIVER",579
"NETWORKING [GENERAL]","ASUS WMI HARDWARE MONITOR DRIVER",663
"NETWORKING [GENERAL]","ATK0110 HWMON DRIVER",1394
"NETWORKING [GENERAL]","AUTOFDO BUILD",192
"NETWORKING [GENERAL]","AXI-FAN-CONTROL HARDWARE MONITOR DRIVER",601
"NETWORKING [GENERAL]","BATMAN ADVANCED",35708
"NETWORKING [GENERAL]","BEFS FILE SYSTEM",3997
"NETWORKING [GENERAL]","BFS FILE SYSTEM",1325
"NETWORKING [GENERAL]","BITMAP API",8952
"NETWORKING [GENERAL]","BPF [BTF]",10785
"NETWORKING [GENERAL]","BPF [CORE]",41929
"NETWORKING [GENERAL]","BPF [CRYPTO]",506
"NETWORKING [GENERAL]","BPF [DOCUMENTATION] (Related to Standardization)",836
"NETWORKING [GENERAL]","BPF [GENERAL] (Safe Dynamic Programs and Tools)",597176
"NETWORKING [GENERAL]","BPF [ITERATOR]",3266
"NETWORKING [GENERAL]","BPF [L7 FRAMEWORK] (sockmap)",5065
"NETWORKING [GENERAL]","BPF [LIBRARY] (libbpf)",47216
"NETWORKING [GENERAL]","BPF [MEMORY MANAGEMENT EXTENSIONS]",193
"NETWORKING [GENERAL]","BPF [NETKIT] (BPF-programmable network device)",4594
"NETWORKING [GENERAL]","BPF [NETWORKING] (struct_ops, reuseport)",1492
"NETWORKING [GENERAL]","BPF [NETWORKING] (tcx & tc BPF, sock_addr)",14321
"NETWORKING [GENERAL]","BPF [RINGBUF]",880
"NETWORKING [GENERAL]","BPF [SECURITY & LSM] (Security Audit and Enforcement using BPF)",4366
"NETWORKING [GENERAL]","BPF [SELFTESTS] (Test Runners & Infrastructure)",303620
"NETWORKING [GENERAL]","BPF [STORAGE & CGROUPS]",5700
"NETWORKING [GENERAL]","BPF [TOOLING] (bpftool)",24748
"NETWORKING [GENERAL]","BPF [TRACING]",4800
"NETWORKING [GENERAL]","BPF JIT for ARC",4591
"NETWORKING [GENERAL]","BPF JIT for ARM64",3541
"NETWORKING [GENERAL]","BPF JIT for LOONGARCH",2720
"NETWORKING [GENERAL]","BPF JIT for MIPS (32-BIT AND 64-BIT)",4243
"NETWORKING [GENERAL]","BPF JIT for RISC-V (32-bit)",2939
"NETWORKING [GENERAL]","BPF JIT for RISC-V (64-bit)",3733
"NETWORKING [GENERAL]","BTRFS FILE SYSTEM",176090
"NETWORKING [GENERAL]","CACHEFILES: FS-CACHE BACKEND FOR CACHING ON MOUNTED FILESYSTEMS",6161
"NETWORKING [GENERAL]","CACHESTAT: PAGE CACHE STATS FOR A FILE",365
"NETWORKING [GENERAL]","CAKE QDISC",3394
"NETWORKING [GENERAL]","CAN NETWORK LAYER",16782
"NETWORKING [GENERAL]","CAN-J1939 NETWORK LAYER",6306
"NETWORKING [GENERAL]","CBS/ETF/TAPRIO QDISCS",3685
"NETWORKING [GENERAL]","CEPH DISTRIBUTED FILE SYSTEM CLIENT (CEPH)",36700
"NETWORKING [GENERAL]","CERTIFICATE HANDLING",2186
"NETWORKING [GENERAL]","CHARGERLAB POWER-Z HARDWARE MONITOR DRIVER",313
"NETWORKING [GENERAL]","CHECKPATCH DOCUMENTATION",1290
"NETWORKING [GENERAL]","CHINESE DOCUMENTATION",56258
"NETWORKING [GENERAL]","CLANG CONTEXT ANALYSIS",1291
"NETWORKING [GENERAL]","CLANG/LLVM BUILD SUPPORT",753
"NETWORKING [GENERAL]","CLOSURES",789
"NETWORKING [GENERAL]","COCCINELLE/Semantic Patches (SmPL)",9316
"NETWORKING [GENERAL]","CODA FILE SYSTEM",6228
"NETWORKING [GENERAL]","CODE OF CONDUCT",336
"NETWORKING [GENERAL]","CODE TAGGING",553
"NETWORKING [GENERAL]","COMPUTE EXPRESS LINK (CXL)",36246
"NETWORKING [GENERAL]","CONTAINER BUILD SCRIPT",426
"NETWORKING [GENERAL]","CONTROL GROUP - CPUSET",8387
"NETWORKING [GENERAL]","CONTROL GROUP - DEVICE MEMORY CONTROLLER (DMEM)",952
"NETWORKING [GENERAL]","CONTROL GROUP - MEMORY RESOURCE CONTROLLER (MEMCG)",14083
"NETWORKING [GENERAL]","CONTROL GROUP (CGROUP)",38789
"NETWORKING [GENERAL]","CORETEMP HARDWARE MONITORING DRIVER",1079
"NETWORKING [GENERAL]","CORSAIR-CPRO HARDWARE MONITOR DRIVER",696
"NETWORKING [GENERAL]","CORSAIR-PSU HARDWARE MONITOR DRIVER",1016
"NETWORKING [GENERAL]","CRAMFS FILESYSTEM",1478
"NETWORKING [GENERAL]","CREATIVE SB0540",268
"NETWORKING [GENERAL]","CREDENTIALS",1720
"NETWORKING [GENERAL]","CVE ASSIGNMENT CONTACT",121
"NETWORKING [GENERAL]","DAMON",21624
"NETWORKING [GENERAL]","DEBUGOBJECTS:",1658
"NETWORKING [GENERAL]","DELL LAPTOP SMM DRIVER",1905
"NETWORKING [GENERAL]","DELTA AHE-50DC FAN CONTROL MODULE DRIVER",130
"NETWORKING [GENERAL]","DELTA DPS920AB PSU DRIVER",286
"NETWORKING [GENERAL]","DEVICE-MAPPER  (LVM)",101867
"NETWORKING [GENERAL]","DEVICE-MAPPER PCACHE TARGET",5460
"NETWORKING [GENERAL]","DEVICE-MAPPER VDO TARGET",54038
"NETWORKING [GENERAL]","DEVLINK",23749
"NETWORKING [GENERAL]","DISKQUOTA",7350
"NETWORKING [GENERAL]","DMA BUFFER SHARING FRAMEWORK",13369
"NETWORKING [GENERAL]","DMA-BUF HEAPS FRAMEWORK",1946
"NETWORKING [GENERAL]","DME1737 HARDWARE MONITOR DRIVER",3147
"NETWORKING [GENERAL]","DOCUMENTATION",788172
"NETWORKING [GENERAL]","DOCUMENTATION PROCESS",30209
"NETWORKING [GENERAL]","DOCUMENTATION REPORTING ISSUES",5255
"NETWORKING [GENERAL]","DOCUMENTATION SCRIPTS",12842
"NETWORKING [GENERAL]","DOCUMENTATION/ITALIAN",17439
"NETWORKING [GENERAL]","DOCUMENTATION/JAPANESE",2112
"NETWORKING [GENERAL]","DYNAMIC DEBUG",2026
"NETWORKING [GENERAL]","DYNAMIC INTERRUPT MODERATION",1252
"NETWORKING [GENERAL]","ECRYPT FILE SYSTEM",10057
"NETWORKING [GENERAL]","EROFS FILE SYSTEM",10968
"NETWORKING [GENERAL]","ERRSEQ ERROR TRACKING INFRASTRUCTURE",222
"NETWORKING [GENERAL]","ETHERNET BRIDGE",38992
"NETWORKING [GENERAL]","EXEC & BINFMT API, ELF",19996
"NETWORKING [GENERAL]","EXT2 FILE SYSTEM",10446
"NETWORKING [GENERAL]","EXT4 FILE SYSTEM",75792
"NETWORKING [GENERAL]","EXTRA BOOT CONFIG",3269
"NETWORKING [GENERAL]","F2FS FILE SYSTEM",56717
"NETWORKING [GENERAL]","F71805F HARDWARE MONITORING DRIVER",1828
"NETWORKING [GENERAL]","FAILOVER MODULE",374
"NETWORKING [GENERAL]","FAULT INJECTION SUPPORT",1651
"NETWORKING [GENERAL]","FILE LOCKING (flock() and fcntl()/lockf())",4521
"NETWORKING [GENERAL]","FILESYSTEM DIRECT ACCESS (DAX)",2811
"NETWORKING [GENERAL]","FILESYSTEMS (VFS and infrastructure)",95704
"NETWORKING [GENERAL]","FILESYSTEMS [EXPORTFS]",1792
"NETWORKING [GENERAL]","FILESYSTEMS [IDMAPPED MOUNTS]",3832
"NETWORKING [GENERAL]","FILESYSTEMS [IOMAP]",6519
"NETWORKING [GENERAL]","FILESYSTEMS [NETFS LIBRARY]",16274
"NETWORKING [GENERAL]","FILESYSTEMS [STACKABLE]",409
"NETWORKING [GENERAL]","FINTEK F75375S HARDWARE MONITOR AND FAN CONTROLLER DRIVER",923
"NETWORKING [GENERAL]","FSCRYPT: FILE SYSTEM LEVEL ENCRYPTION SUPPORT",9231
"NETWORKING [GENERAL]","FSVERITY: READ-ONLY FILE-BASED AUTHENTICITY PROTECTION",3904
"NETWORKING [GENERAL]","FT260 FTDI USB-HID TO I2C BRIDGE DRIVER",1119
"NETWORKING [GENERAL]","FUNCTION HOOKS (FTRACE)",28474
"NETWORKING [GENERAL]","FUSE: FILESYSTEM IN USERSPACE",23241
"NETWORKING [GENERAL]","FUTEX SUBSYSTEM",12279
"NETWORKING [GENERAL]","FWCTL BNXT DRIVER",285
"NETWORKING [GENERAL]","FWCTL MLX5 DRIVER",422
"NETWORKING [GENERAL]","FWCTL PDS DRIVER",542
"NETWORKING [GENERAL]","FWCTL SUBSYSTEM",2742
"NETWORKING [GENERAL]","GATEWORKS SYSTEM CONTROLLER (GSC) DRIVER",1050
"NETWORKING [GENERAL]","GCC PLUGINS",3528
"NETWORKING [GENERAL]","GCOV BASED KERNEL PROFILING",2366
"NETWORKING [GENERAL]","GENERIC RADIX TREE",632
"NETWORKING [GENERAL]","GENERIC STRING LIBRARY",4596
"NETWORKING [GENERAL]","GENERIC UIO DRIVER FOR PCI DEVICES",149
"NETWORKING [GENERAL]","GENERIC VDSO LIBRARY",4044
"NETWORKING [GENERAL]","GFS2 FILE SYSTEM",33906
"NETWORKING [GENERAL]","GIGABYTE WATERFORCE SENSOR DRIVER",477
"NETWORKING [GENERAL]","GPD FAN DRIVER",797
"NETWORKING [GENERAL]","GPIO MOCKUP DRIVER",2940
"NETWORKING [GENERAL]","HANDSHAKE UPCALL FOR TRANSPORT LAYER SECURITY",2773
"NETWORKING [GENERAL]","HARDWARE MONITORING",245635
"NETWORKING [GENERAL]","HARDWARE SPINLOCK CORE",3168
"NETWORKING [GENERAL]","HID CORE LAYER",180559
"NETWORKING [GENERAL]","HID LOGITECH DRIVERS",6921
"NETWORKING [GENERAL]","HID NVIDIA SHIELD DRIVER",1134
"NETWORKING [GENERAL]","HID PHOENIX RC FLIGHT CONTROLLER",112
"NETWORKING [GENERAL]","HID PLAYSTATION DRIVER",2959
"NETWORKING [GENERAL]","HID VRC-2 CAR CONTROLLER DRIVER",91
"NETWORKING [GENERAL]","HID WACOM DRIVER",8725
"NETWORKING [GENERAL]","HID++ LOGITECH DRIVERS",4750
"NETWORKING [GENERAL]","HIGH-RESOLUTION TIMERS, TIMER WHEEL, CLOCKEVENTS",15178
"NETWORKING [GENERAL]","HITRON HAC300S PSU DRIVER",171
"NETWORKING [GENERAL]","HMM - Heterogeneous Memory Management",6390
"NETWORKING [GENERAL]","HP WMI HARDWARE MONITOR DRIVER",2217
"NETWORKING [GENERAL]","HS3001 Hardware Temperature and Humidity Sensor",234
"NETWORKING [GENERAL]","HSI SUBSYSTEM",7729
"NETWORKING [GENERAL]","HSR NETWORK PROTOCOL",5434
"NETWORKING [GENERAL]","HTU31 Hardware Temperature and Humidity Sensor",350
"NETWORKING [GENERAL]","HUGETLB SUBSYSTEM",14942
"NETWORKING [GENERAL]","HWPOISON MEMORY FAILURE HANDLING",3660
"NETWORKING [GENERAL]","IEEE 802.15.4 SUBSYSTEM",32519
"NETWORKING [GENERAL]","IFE PROTOCOL",270
"NETWORKING [GENERAL]","INA233 HARDWARE MONITOR DRIVERS",271
"NETWORKING [GENERAL]","INDEX OF FURTHER KERNEL DOCUMENTATION",381
"NETWORKING [GENERAL]","INTEL CRPS COMMON REDUNDANT PSU DRIVER",171
"NETWORKING [GENERAL]","INTEL INTEGRATED SENSOR HUB DRIVER",9709
"NETWORKING [GENERAL]","INTEL PRO/WIRELESS 2100, 2200BG, 2915ABG NETWORK CONNECTION SUPPORT",30993
"NETWORKING [GENERAL]","INTEL TOUCH HOST CONTROLLER (THC) DRIVER",7728
"NETWORKING [GENERAL]","Intel VIRTIO DATA PATH ACCELERATOR",1466
"NETWORKING [GENERAL]","IO_URING",29827
"NETWORKING [GENERAL]","IO_URING ZCRX",1736
"NETWORKING [GENERAL]","IPVS",26327
"NETWORKING [GENERAL]","ISL28022 HARDWARE MONITORING DRIVER",629
"NETWORKING [GENERAL]","ISOFS FILESYSTEM",4091
"NETWORKING [GENERAL]","IT87 HARDWARE MONITORING DRIVER",4258
"NETWORKING [GENERAL]","JFS FILESYSTEM",31381
"NETWORKING [GENERAL]","K10TEMP HARDWARE MONITORING DRIVER",717
"NETWORKING [GENERAL]","K8TEMP HARDWARE MONITORING DRIVER",287
"NETWORKING [GENERAL]","KASAN",12523
"NETWORKING [GENERAL]","KCONFIG",22378
"NETWORKING [GENERAL]","KCORE",776
"NETWORKING [GENERAL]","KCOV",1711
"NETWORKING [GENERAL]","KCSAN",5896
"NETWORKING [GENERAL]","KDUMP",5676
"NETWORKING [GENERAL]","KERNEL BUILD + files below scripts/ (unless maintained elsewhere)",22298
"NETWORKING [GENERAL]","KERNEL NFSD BLOCK and SCSI LAYOUT DRIVER",900
"NETWORKING [GENERAL]","KERNEL NFSD, SUNRPC, AND LOCKD SERVERS",136704
"NETWORKING [GENERAL]","KERNEL PACMAN PACKAGING (in addition to generic KERNEL BUILD)",131
"NETWORKING [GENERAL]","KERNEL REGRESSIONS",1478
"NETWORKING [GENERAL]","KERNEL SELFTEST FRAMEWORK",978797
"NETWORKING [GENERAL]","KERNEL UNIT TESTING FRAMEWORK (KUnit)",19038
"NETWORKING [GENERAL]","KERNEL VIRTUAL MACHINE (KVM)",105398
"NETWORKING [GENERAL]","KERNEL VIRTUAL MACHINE FOR ARM64 (KVM/arm64)",86654
"NETWORKING [GENERAL]","KERNEL VIRTUAL MACHINE FOR LOONGARCH (KVM/LoongArch)",9937
"NETWORKING [GENERAL]","KEXEC HANDOVER (KHO)",3823
"NETWORKING [GENERAL]","KFENCE",3882
"NETWORKING [GENERAL]","KFIFO",2327
"NETWORKING [GENERAL]","KGDB / KDB /debug_core",11749
"NETWORKING [GENERAL]","KMEMLEAK",2834
"NETWORKING [GENERAL]","KMSAN",4203
"NETWORKING [GENERAL]","KPROBES",5138
"NETWORKING [GENERAL]","L3MDEV",684
"NETWORKING [GENERAL]","LANDLOCK SECURITY MODULE",25784
"NETWORKING [GENERAL]","LATTEPANDA SIGMA EC HARDWARE MONITOR DRIVER",420
"NETWORKING [GENERAL]","LENOVO HID drivers",6654
"NETWORKING [GENERAL]","LENOVO YOGA FAN DRIVER",413
"NETWORKING [GENERAL]","LETSKETCH HID TABLET DRIVER",324
"NETWORKING [GENERAL]","LIBETH COMMON ETHERNET LIBRARY",4325
"NETWORKING [GENERAL]","LIBRARY CODE",117596
"NETWORKING [GENERAL]","LICENSES and SPDX stuff",5531
"NETWORKING [GENERAL]","LINEAR RANGES HELPERS",596
"NETWORKING [GENERAL]","LINUX KERNEL MEMORY CONSISTENCY MODEL (LKMM)",14851
"NETWORKING [GENERAL]","LIVE PATCHING",10725
"NETWORKING [GENERAL]","LIVE UPDATE",8092
"NETWORKING [GENERAL]","LLC (802.2)",13475
"NETWORKING [GENERAL]","LM73 HARDWARE MONITOR DRIVER",290
"NETWORKING [GENERAL]","LM78 HARDWARE MONITOR DRIVER",1112
"NETWORKING [GENERAL]","LM83 HARDWARE MONITOR DRIVER",564
"NETWORKING [GENERAL]","LM90 HARDWARE MONITOR DRIVER",3963
"NETWORKING [GENERAL]","LOCKING PRIMITIVES",36193
"NETWORKING [GENERAL]","LOGITECH HID GAMING KEYBOARDS",1387
"NETWORKING [GENERAL]","LOONGARCH",57053
"NETWORKING [GENERAL]","LT3074 HARDWARE MONITOR DRIVER",244
"NETWORKING [GENERAL]","LTC2947 HARDWARE MONITOR DRIVER",1351
"NETWORKING [GENERAL]","LTC2991 HARDWARE MONITOR DRIVER",557
"NETWORKING [GENERAL]","LTC4282 HARDWARE MONITOR DRIVER",2001
"NETWORKING [GENERAL]","LTC4286 HARDWARE MONITOR DRIVER",320
"NETWORKING [GENERAL]","MANAGEMENT COMPONENT TRANSPORT PROTOCOL (MCTP)",10018
"NETWORKING [GENERAL]","MAPLE TREE",49535
"NETWORKING [GENERAL]","MARVELL OCTEON ENDPOINT VIRTIO DATA PATH ACCELERATOR",1567
"NETWORKING [GENERAL]","MAX15301 DRIVER",196
"NETWORKING [GENERAL]","MAX17616 HARDWARE MONITOR DRIVER",187
"NETWORKING [GENERAL]","MAX6650 HARDWARE MONITOR AND FAN CONTROLLER DRIVER",903
"NETWORKING [GENERAL]","MAX77705 HARDWARE MONITORING DRIVER",262
"NETWORKING [GENERAL]","MCP2221A MICROCHIP USB-HID TO I2C BRIDGE DRIVER",1365
"NETWORKING [GENERAL]","MELLANOX MLX5 VDPA DRIVER",5941
"NETWORKING [GENERAL]","MEMBARRIER SUPPORT",1114
"NETWORKING [GENERAL]","MEMBLOCK AND MEMORY MANAGEMENT INITIALIZATION",15292
"NETWORKING [GENERAL]","MEMORY ALLOCATION PROFILING",1571
"NETWORKING [GENERAL]","MEMORY HOT(UN)PLUG",6073
"NETWORKING [GENERAL]","MEMORY MANAGEMENT",225570
"NETWORKING [GENERAL]","MEMORY MANAGEMENT - BALLOON",421
"NETWORKING [GENERAL]","MEMORY MANAGEMENT - CORE",44628
"NETWORKING [GENERAL]","MEMORY MANAGEMENT - EXECMEM",803
"NETWORKING [GENERAL]","MEMORY MANAGEMENT - GUP (GET USER PAGES)",4782
"NETWORKING [GENERAL]","MEMORY MANAGEMENT - KSM (Kernel Samepage Merging)",4932
"NETWORKING [GENERAL]","MEMORY MANAGEMENT - MEMORY POLICY AND MIGRATION",8836
"NETWORKING [GENERAL]","MEMORY MANAGEMENT - MGLRU (MULTI-GEN LRU)",13575
"NETWORKING [GENERAL]","MEMORY MANAGEMENT - MISC",60124
"NETWORKING [GENERAL]","MEMORY MANAGEMENT - NUMA MEMBLOCKS AND NUMA EMULATION",1321
"NETWORKING [GENERAL]","MEMORY MANAGEMENT - OOM KILLER",1615
"NETWORKING [GENERAL]","MEMORY MANAGEMENT - PAGE ALLOCATOR",15813
"NETWORKING [GENERAL]","MEMORY MANAGEMENT - RECLAIM",8913
"NETWORKING [GENERAL]","MEMORY MANAGEMENT - RMAP (REVERSE MAPPING)",4944
"NETWORKING [GENERAL]","MEMORY MANAGEMENT - SECRETMEM",306
"NETWORKING [GENERAL]","MEMORY MANAGEMENT - SWAP",8411
"NETWORKING [GENERAL]","MEMORY MANAGEMENT - THP (TRANSPARENT HUGE PAGE)",12197
"NETWORKING [GENERAL]","MEMORY MANAGEMENT - USERFAULTFD",9503
"NETWORKING [GENERAL]","MEMORY MAPPING",23073
"NETWORKING [GENERAL]","MEMORY MAPPING - LOCKING",2201
"NETWORKING [GENERAL]","MEMORY MAPPING - MADVISE (MEMORY ADVICE)",2342
"NETWORKING [GENERAL]","MEN CHAMELEON BUS (mcb)",1613
"NETWORKING [GENERAL]","MEN F21BMC (Board Management Controller)",701
"NETWORKING [GENERAL]","MICROBLAZE ARCHITECTURE",15018
"NETWORKING [GENERAL]","MICROCHIP MCP9982 TEMPERATURE DRIVER",1346
"NETWORKING [GENERAL]","MICROSOFT SURFACE HID TRANSPORT DRIVER",969
"NETWORKING [GENERAL]","MICROSOFT SURFACE SENSOR FAN DRIVER",108
"NETWORKING [GENERAL]","MICROSOFT SURFACE SENSOR THERMAL DRIVER",235
"NETWORKING [GENERAL]","MIN HEAP",1058
"NETWORKING [GENERAL]","MODULE SUPPORT",13020
"NETWORKING [GENERAL]","MPS MP2869 DRIVER",841
"NETWORKING [GENERAL]","MPS MP2891 DRIVER",779
"NETWORKING [GENERAL]","MPS MP2925 DRIVER",486
"NETWORKING [GENERAL]","MPS MP29502 DRIVER",763
"NETWORKING [GENERAL]","MPS MP2993 DRIVER",411
"NETWORKING [GENERAL]","MPS MP5926 DRIVER",276
"NETWORKING [GENERAL]","MPS MP9941 DRIVER",411
"NETWORKING [GENERAL]","MPS MP9945 DRIVER",360
"NETWORKING [GENERAL]","NAMESPACES:",1192
"NETWORKING [GENERAL]","NCSI LIBRARY",5616
"NETWORKING [GENERAL]","NCT6775 HARDWARE MONITOR DRIVER - I2C DRIVER",244
"NETWORKING [GENERAL]","NCT7363 HARDWARE MONITOR DRIVER",543
"NETWORKING [GENERAL]","NETEM NETWORK EMULATOR",1385
"NETWORKING [GENERAL]","NETFILTER",190018
"NETWORKING [GENERAL]","NETWORK DROP MONITOR",1914
"NETWORKING [GENERAL]","NETWORKING [ETHTOOL CABLE TEST]",2266
"NETWORKING [GENERAL]","NETWORKING [ETHTOOL MAC MERGE]",902
"NETWORKING [GENERAL]","NETWORKING [ETHTOOL PHY TOPOLOGY]",503
"NETWORKING [GENERAL]","NETWORKING [ETHTOOL]",32810
"NETWORKING [GENERAL]","NETWORKING [GENERAL]",1449726
"NETWORKING [GENERAL]","NETWORKING [IOAM]",4817
"NETWORKING [GENERAL]","NETWORKING [IPSEC]",43203
"NETWORKING [GENERAL]","NETWORKING [IPv4/IPv6]",150916
"NETWORKING [GENERAL]","NETWORKING [LABELED] (NetLabel, Labeled IPsec, SECMARK)",14303
"NETWORKING [GENERAL]","NETWORKING [MPTCP]",35030
"NETWORKING [GENERAL]","NETWORKING [SOCKETS]",16058
"NETWORKING [GENERAL]","NETWORKING [SRv6]",12270
"NETWORKING [GENERAL]","NETWORKING [TCP]",49406
"NETWORKING [GENERAL]","NETWORKING [TLS]",12842
"NETWORKING [GENERAL]","NETWORKING [UNIX SOCKETS]",8237
"NETWORKING [GENERAL]","NFC SUBSYSTEM",49111
"NETWORKING [GENERAL]","NFC VIRTUAL NCI DEVICE DRIVER",1126
"NETWORKING [GENERAL]","NFS, SUNRPC, AND LOCKD CLIENTS",163882
"NETWORKING [GENERAL]","NILFS2 FILESYSTEM",25166
"NETWORKING [GENERAL]","NINTENDO HID DRIVER",2847
"NETWORKING [GENERAL]","NITRO ENCLAVES (NE)",4404
"NETWORKING [GENERAL]","NOLIBC HEADER FILE",10945
"NETWORKING [GENERAL]","NSDEPS",227
"NETWORKING [GENERAL]","NTFS FILESYSTEM",36487
"NETWORKING [GENERAL]","NTFS3 FILESYSTEM",33727
"NETWORKING [GENERAL]","NTSYNC SYNCHRONIZATION PRIMITIVE DRIVER",3005
"NETWORKING [GENERAL]","NXP-NCI NFC DRIVER",1069
"NETWORKING [GENERAL]","NZXT-KRAKEN2 HARDWARE MONITORING DRIVER",269
"NETWORKING [GENERAL]","NZXT-KRAKEN3 HARDWARE MONITORING DRIVER",1105
"NETWORKING [GENERAL]","OBJAGG",2136
"NETWORKING [GENERAL]","OBJPOOL",1161
"NETWORKING [GENERAL]","OMAP HARDWARE SPINLOCK SUPPORT",159
"NETWORKING [GENERAL]","OMFS FILESYSTEM",1981
"NETWORKING [GENERAL]","OPEN FIRMWARE AND FLATTENED DEVICE TREE",42133
"NETWORKING [GENERAL]","OPENVPN DATA CHANNEL OFFLOAD",11341
"NETWORKING [GENERAL]","OPENVSWITCH",21817
"NETWORKING [GENERAL]","ORACLE CLUSTER FILESYSTEM 2 (OCFS2)",95316
"NETWORKING [GENERAL]","ORANGEFS FILESYSTEM",11441
"NETWORKING [GENERAL]","OVERLAY FILESYSTEM",15130
"NETWORKING [GENERAL]","PACKET SOCKETS",5139
"NETWORKING [GENERAL]","PACKING",1792
"NETWORKING [GENERAL]","PADATA PARALLEL EXECUTION MECHANISM",1493
"NETWORKING [GENERAL]","PAGE CACHE",13393
"NETWORKING [GENERAL]","PAGE POOL",2564
"NETWORKING [GENERAL]","PAGE STATE DEBUG SCRIPT",169
"NETWORKING [GENERAL]","PAGE TABLE CHECK",528
"NETWORKING [GENERAL]","PARALLEL PORT SUBSYSTEM",16561
"NETWORKING [GENERAL]","PARMAN",846
"NETWORKING [GENERAL]","PC87360 HARDWARE MONITORING DRIVER",2003
"NETWORKING [GENERAL]","PC87427 HARDWARE MONITORING DRIVER",1392
"NETWORKING [GENERAL]","PDS DSC VIRTIO DATA PATH ACCELERATOR",1590
"NETWORKING [GENERAL]","PECI HARDWARE MONITORING DRIVERS",1513
"NETWORKING [GENERAL]","PER-CPU MEMORY ALLOCATOR",8454
"NETWORKING [GENERAL]","PHONET PROTOCOL",4946
"NETWORKING [GENERAL]","PICOLCD HID DRIVER",2913
"NETWORKING [GENERAL]","PIDFD API",6622
"NETWORKING [GENERAL]","PLCA RECONCILIATION SUBLAYER (IEEE802.3 Clause 148)",366
"NETWORKING [GENERAL]","PLDMFW LIBRARY",1635
"NETWORKING [GENERAL]","PM6764TR DRIVER",108
"NETWORKING [GENERAL]","PORTUGUESE (BRAZILIAN) TRANSLATION",2908
"NETWORKING [GENERAL]","POSIX CLOCKS and TIMERS",6453
"NETWORKING [GENERAL]","PPP OVER L2TP",1856
"NETWORKING [GENERAL]","PPS SUPPORT",3494
"NETWORKING [GENERAL]","PRESSURE STALL INFORMATION (PSI)",1968
"NETWORKING [GENERAL]","PRINTK",12172
"NETWORKING [GENERAL]","PRINTK INDEXING",331
"NETWORKING [GENERAL]","PROC FILESYSTEM",25023
"NETWORKING [GENERAL]","PROC SYSCTL",5489
"NETWORKING [GENERAL]","PROPELLER BUILD",201
"NETWORKING [GENERAL]","PSAMPLE PACKET SAMPLING SUPPORT",681
"NETWORKING [GENERAL]","PSP SECURITY PROTOCOL",2528
"NETWORKING [GENERAL]","PT5161L HARDWARE MONITOR DRIVER",681
"NETWORKING [GENERAL]","QNX6 FILESYSTEM",1661
"NETWORKING [GENERAL]","QORIQ DPAA2 FSL-MC BUS DRIVER",6837
"NETWORKING [GENERAL]","QUALCOMM IPC ROUTER (QRTR) DRIVER",2928
"NETWORKING [GENERAL]","RANDOM NUMBER DRIVER",4068
"NETWORKING [GENERAL]","RCUTORTURE TEST FRAMEWORK",6425
"NETWORKING [GENERAL]","RDS - RELIABLE DATAGRAM SOCKETS",19167
"NETWORKING [GENERAL]","RDT - RESOURCE ALLOCATION",19359
"NETWORKING [GENERAL]","READ-COPY UPDATE (RCU)",63432
"NETWORKING [GENERAL]","Real-time Linux (PREEMPT_RT)",617
"NETWORKING [GENERAL]","Real-time Linux Analysis (RTLA) tools",11738
"NETWORKING [GENERAL]","RELAY",1801
"NETWORKING [GENERAL]","RESTARTABLE SEQUENCES SUPPORT",10899
"NETWORKING [GENERAL]","RFKILL",2872
"NETWORKING [GENERAL]","RHASHTABLE",3600
"NETWORKING [GENERAL]","ROCCAT DRIVERS",7343
"NETWORKING [GENERAL]","RUNTIME VERIFICATION (RV)",14474
"NETWORKING [GENERAL]","RXRPC SOCKETS (AF_RXRPC)",25280
"NETWORKING [GENERAL]","S390 IUCV NETWORK LAYER",5195
"NETWORKING [GENERAL]","SAMSUNG S3FWRN5 NFC DRIVER",1737
"NETWORKING [GENERAL]","SCHEDULER",74623
"NETWORKING [GENERAL]","SCHEDULER - SCHED_EXT",28557
"NETWORKING [GENERAL]","SCTP PROTOCOL",50525
"NETWORKING [GENERAL]","SECURE COMPUTING",10474
"NETWORKING [GENERAL]","SECURITY CONTACT",346
"NETWORKING [GENERAL]","SELINUX SECURITY MODULE",29376
"NETWORKING [GENERAL]","SFCTEMP HWMON DRIVER",414
"NETWORKING [GENERAL]","SHARED MEMORY COMMUNICATIONS (SMC) SOCKETS",20798
"NETWORKING [GENERAL]","SHRINKER",2288
"NETWORKING [GENERAL]","SIPHASH PRF ROUTINES",904
"NETWORKING [GENERAL]","SLAB ALLOCATOR",16054
"NETWORKING [GENERAL]","SMSC EMC2103 HARDWARE MONITOR DRIVER",707
"NETWORKING [GENERAL]","SMSC SCH5627 HARDWARE MONITOR DRIVER",707
"NETWORKING [GENERAL]","SMSC47B397 HARDWARE MONITOR DRIVER",567
"NETWORKING [GENERAL]","SNET DPU VIRTIO DATA PATH ACCELERATOR",1877
"NETWORKING [GENERAL]","SOCKET TIMESTAMPING",4209
"NETWORKING [GENERAL]","SOFTWARE RAID (Multiple Disks) SUPPORT",53715
"NETWORKING [GENERAL]","SPANISH DOCUMENTATION",13656
"NETWORKING [GENERAL]","SQUASHFS FILE SYSTEM",7209
"NETWORKING [GENERAL]","ST STEF48H28 DRIVER",146
"NETWORKING [GENERAL]","ST STPDDC60 DRIVER",339
"NETWORKING [GENERAL]","ST TSC1641 DRIVER",897
"NETWORKING [GENERAL]","STABLE BRANCH",234
"NETWORKING [GENERAL]","SWITCHDEV",1613
"NETWORKING [GENERAL]","SYNC FILE FRAMEWORK",3419
"NETWORKING [GENERAL]","SYNOPSYS ARC ARCHITECTURE",33329
"NETWORKING [GENERAL]","SYNOPSYS ARC SDP platform support",1297
"NETWORKING [GENERAL]","TASK DELAY MONITORING TOOLS",2131
"NETWORKING [GENERAL]","TASKSTATS STATISTICS INTERFACE",1136
"NETWORKING [GENERAL]","TC subsystem",105526
"NETWORKING [GENERAL]","TCP LOW PRIORITY MODULE",357
"NETWORKING [GENERAL]","TECHNICAL ADVISORY BOARD PROCESS DOCS",279
"NETWORKING [GENERAL]","TEXAS INSTRUMENTS TPS23861 PoE PSE DRIVER",661
"NETWORKING [GENERAL]","TEXAS INSTRUMENTS TPS25990 HARDWARE MONITOR DRIVER",672
"NETWORKING [GENERAL]","THUNDERBOLT DMA TRAFFIC TEST DRIVER",760
"NETWORKING [GENERAL]","THUNDERBOLT DRIVER",40660
"NETWORKING [GENERAL]","TI TRF7970A NFC DRIVER",2441
"NETWORKING [GENERAL]","TIMEKEEPING, CLOCKSOURCE CORE, NTP, ALARMTIMER",14498
"NETWORKING [GENERAL]","TIPC NETWORK LAYER",29451
"NETWORKING [GENERAL]","TMP513 HARDWARE MONITOR DRIVER",866
"NETWORKING [GENERAL]","TMPFS (SHMEM FILESYSTEM)",7184
"NETWORKING [GENERAL]","TORTURE-TEST MODULES",10335
"NETWORKING [GENERAL]","TPM DEVICE DRIVER",23297
"NETWORKING [GENERAL]","TPS546D24 DRIVER",106
"NETWORKING [GENERAL]","TRACING",194936
"NETWORKING [GENERAL]","TRACING OS NOISE / LATENCY TRACERS",6701
"NETWORKING [GENERAL]","TRADITIONAL CHINESE DOCUMENTATION",17029
"NETWORKING [GENERAL]","TURBOSTAT UTILITY",12761
"NETWORKING [GENERAL]","UBI FILE SYSTEM (UBIFS)",40396
"NETWORKING [GENERAL]","UBLK USERSPACE BLOCK DRIVER",15085
"NETWORKING [GENERAL]","UBSAN",1198
"NETWORKING [GENERAL]","UDF FILESYSTEM",11320
"NETWORKING [GENERAL]","UHID USERSPACE HID IO DRIVER",1019
"NETWORKING [GENERAL]","UNIFORM CDROM DRIVER",6078
"NETWORKING [GENERAL]","UNION-FIND",288
"NETWORKING [GENERAL]","USB HID PID DRIVERS (USB WHEELBASES, JOYSTICKS, RUDDERS, ...)",1891
"NETWORKING [GENERAL]","USB HID/HIDBP DRIVERS (USB KEYBOARDS, MICE, REMOTE CONTROLS, ...)",5441
"NETWORKING [GENERAL]","USER DATAGRAM PROTOCOL (UDP)",6843
"NETWORKING [GENERAL]","USERSPACE COPYIN/COPYOUT (UIOVEC)",2367
"NETWORKING [GENERAL]","USERSPACE DMA BUFFER DRIVER",603
"NETWORKING [GENERAL]","USERSPACE I/O (UIO)",5064
"NETWORKING [GENERAL]","UUID HELPERS",350
"NETWORKING [GENERAL]","VFAT/FAT/MSDOS FILESYSTEM",9388
"NETWORKING [GENERAL]","VIRTIO AND VHOST VSOCK DRIVER",4230
"NETWORKING [GENERAL]","VIRTIO BALLOON",1331
"NETWORKING [GENERAL]","VIRTIO CORE",58980
"NETWORKING [GENERAL]","VIRTIO CRYPTO DRIVER",2804
"NETWORKING [GENERAL]","VIRTIO FILE SYSTEM",1944
"NETWORKING [GENERAL]","VIRTIO HOST (VHOST-SCSI)",2993
"NETWORKING [GENERAL]","VIRTIO HOST (VHOST)",14060
"NETWORKING [GENERAL]","VIRTIO INPUT DRIVER",497
"NETWORKING [GENERAL]","VIRTIO MEM DRIVER",3372
"NETWORKING [GENERAL]","VIRTIO RTC DRIVER",2398
"NETWORKING [GENERAL]","VM SOCKETS (AF_VSOCK)",20003
"NETWORKING [GENERAL]","VMALLOC",6464
"NETWORKING [GENERAL]","VMWARE VSOCK VMCI TRANSPORT DRIVER",3483
"NETWORKING [GENERAL]","VSPRINTF",6115
"NETWORKING [GENERAL]","VT1211 HARDWARE MONITOR DRIVER",1602
"NETWORKING [GENERAL]","VT8231 HARDWARE MONITOR DRIVER",1064
"NETWORKING [GENERAL]","W1 DALLAS'S 1-WIRE BUS",16100
"NETWORKING [GENERAL]","W83791D HARDWARE MONITORING DRIVER",1842
"NETWORKING [GENERAL]","W83793 HARDWARE MONITORING DRIVER",2256
"NETWORKING [GENERAL]","W83795 HARDWARE MONITORING DRIVER",2269
"NETWORKING [GENERAL]","WIIMOTE HID DRIVER",5369
"NETWORKING [GENERAL]","WORKQUEUE",10255
"NETWORKING [GENERAL]","X.25 STACK",8670
"NETWORKING [GENERAL]","XARRAY",47780
"NETWORKING [GENERAL]","XDP (eXpress Data Path)",28386
"NETWORKING [GENERAL]","XDP SOCKETS (AF_XDP)",8315
"NETWORKING [GENERAL]","XEN HYPERVISOR ARM64",174
"NETWORKING [GENERAL]","XFS FILESYSTEM",234767
"NETWORKING [GENERAL]","XZ EMBEDDED",4673
"NETWORKING [GENERAL]","YAML NETLINK (YNL)",40040
"NETWORKING [GENERAL]","ZONEFS FILESYSTEM",3381
"NETWORKING [GENERAL]","ZSMALLOC COMPRESSED SLAB MEMORY ALLOCATOR",2769
"NETWORKING [GENERAL]","ZSWAP COMPRESSED SWAP CACHING",2821
"NETWORKING DRIVERS","3C509 NETWORK DRIVER",1543
"NETWORKING DRIVERS","3C59X NETWORK DRIVER",3816
"NETWORKING DRIVERS","3CR990 NETWORK DRIVER",3212
"NETWORKING DRIVERS","8169 10/100/1000 GIGABIT ETHERNET DRIVER",7859
"NETWORKING DRIVERS","8390 NETWORK DRIVERS [NE2000, 3C503, etc.]",10342
"NETWORKING DRIVERS","ADF7242 IEEE 802.15.4 RADIO DRIVER",1371
"NETWORKING DRIVERS","AEONSEMI PHY DRIVER",1210
"NETWORKING DRIVERS","AIROHA ETHERNET DRIVER",7830
"NETWORKING DRIVERS","ALACRITECH GIGABIT ETHERNET DRIVER",2454
"NETWORKING DRIVERS","ALTERA TRIPLE SPEED ETHERNET DRIVER",3427
"NETWORKING DRIVERS","AMAZON ETHERNET DRIVERS",14949
"NETWORKING DRIVERS","AMD PDS CORE DRIVER",5614
"NETWORKING DRIVERS","AMD XGBE DRIVER",20352
"NETWORKING DRIVERS","AMT (Automatic Multicast Tunneling)",3452
"NETWORKING DRIVERS","ANALOG DEVICES INC ADIN DRIVER",1167
"NETWORKING DRIVERS","APPLIED MICRO (APM) X-GENE SOC ETHERNET (V2) DRIVER",1699
"NETWORKING DRIVERS","APPLIED MICRO (APM) X-GENE SOC ETHERNET DRIVER",7504
"NETWORKING DRIVERS","APPLIED MICRO QT2025 PHY DRIVER",110
"NETWORKING DRIVERS","AQUANTIA ETHERNET DRIVER (atlantic)",30370
"NETWORKING DRIVERS","AQUANTIA ETHERNET DRIVER PTP SUBSYSTEM",1577
"NETWORKING DRIVERS","ARCNET NETWORK LAYER",6426
"NETWORKING DRIVERS","ARM/CAVIUM THUNDER NETWORK DRIVER",10762
"NETWORKING DRIVERS","ARM/Microchip Sparx5 SoC support",58746
"NETWORKING DRIVERS","ARM/SOCFPGA DWMAC GLUE LAYER BINDINGS",227
"NETWORKING DRIVERS","ARROW SPEEDCHIPS XRS7000 SERIES ETHERNET SWITCH DRIVER",1616
"NETWORKING DRIVERS","ASIX AX88796C SPI ETHERNET ADAPTER",2259
"NETWORKING DRIVERS","ASIX PHY DRIVER [RUST]",133
"NETWORKING DRIVERS","ATLX ETHERNET DRIVERS",26729
"NETWORKING DRIVERS","ATMEL MACB ETHERNET DRIVER",8419
"NETWORKING DRIVERS","ATUSB IEEE 802.15.4 RADIO DRIVER",1428
"NETWORKING DRIVERS","BECKHOFF CX5020 ETHERCAT MASTER DRIVER",594
"NETWORKING DRIVERS","BONDING DRIVER",22830
"NETWORKING DRIVERS","BPF JIT for NFP NICs",7874
"NETWORKING DRIVERS","BPF JIT for S390",3110
"NETWORKING DRIVERS","BROADCOM ASP 2.0 ETHERNET DRIVER",4394
"NETWORKING DRIVERS","BROADCOM B44 10/100 ETHERNET DRIVER",3012
"NETWORKING DRIVERS","BROADCOM B53/SF2 ETHERNET SWITCH DRIVER",11362
"NETWORKING DRIVERS","BROADCOM BCM4908 ETHERNET DRIVER",1017
"NETWORKING DRIVERS","BROADCOM BNG_EN 800 GIGABIT ETHERNET DRIVER",26225
"NETWORKING DRIVERS","BROADCOM BNX2 GIGABIT ETHERNET DRIVER",16349
"NETWORKING DRIVERS","BROADCOM BNX2X 10 GIGABIT ETHERNET DRIVER",84533
"NETWORKING DRIVERS","BROADCOM BNXT_EN 50 GIGABIT ETHERNET DRIVER",38829
"NETWORKING DRIVERS","BROADCOM ETHERNET PHY DRIVERS",7582
"NETWORKING DRIVERS","BROADCOM GENET ETHERNET DRIVER",6692
"NETWORKING DRIVERS","BROADCOM IPROC GBIT ETHERNET DRIVER",3314
"NETWORKING DRIVERS","BROADCOM NVRAM DRIVER",1292
"NETWORKING DRIVERS","BROADCOM SYSTEMPORT ETHERNET DRIVER",3848
"NETWORKING DRIVERS","BROADCOM TG3 GIGABIT ETHERNET DRIVER",21888
"NETWORKING DRIVERS","BROCADE BNA 10 GIGABIT ETHERNET DRIVER",22342
"NETWORKING DRIVERS","CA8210 IEEE-802.15.4 RADIO DRIVER",3190
"NETWORKING DRIVERS","CAVIUM LIQUIDIO NETWORK DRIVER",27214
"NETWORKING DRIVERS","CC2520 IEEE-802.15.4 RADIO DRIVER",1225
"NETWORKING DRIVERS","CIRRUS LOGIC EP93XX ETHERNET DRIVER",876
"NETWORKING DRIVERS","CISCO VIC ETHERNET NIC DRIVER",10624
"NETWORKING DRIVERS","CXGB3 ETHERNET DRIVER (CXGB3)",21713
"NETWORKING DRIVERS","CXGB4 ETHERNET DRIVER (CXGB4)",59597
"NETWORKING DRIVERS","CXGB4 INLINE CRYPTO DRIVER",9537
"NETWORKING DRIVERS","CXGB4VF ETHERNET DRIVER (CXGB4VF)",9540
"NETWORKING DRIVERS","CYCLADES PC300 DRIVER",513
"NETWORKING DRIVERS","DAVICOM FAST ETHERNET (DMFE) NETWORK DRIVER",2289
"NETWORKING DRIVERS","DEC LANCE NETWORK DRIVER",1384
"NETWORKING DRIVERS","DEFXX FDDI NETWORK DRIVER",5673
"NETWORKING DRIVERS","DEFZA FDDI NETWORK DRIVER",2365
"NETWORKING DRIVERS","DPAA2 ETHERNET DRIVER",14980
"NETWORKING DRIVERS","DPAA2 ETHERNET SWITCH DRIVER",8270
"NETWORKING DRIVERS","EHEA (IBM pSeries eHEA 10Gb ethernet adapter) DRIVER",7027
"NETWORKING DRIVERS","EMULEX 10Gbps NIC BE2, BE3-R, Lancer, Skyhawk-R DRIVER (be2net)",16831
"NETWORKING DRIVERS","ET131X NETWORK DRIVER",5570
"NETWORKING DRIVERS","ETHERNET PHY LIBRARY",117059
"NETWORKING DRIVERS","FARSYNC SYNCHRONOUS DRIVER",2945
"NETWORKING DRIVERS","FORCEDETH GIGABIT ETHERNET DRIVER",6526
"NETWORKING DRIVERS","FREESCALE ENETC ETHERNET DRIVERS",15921
"NETWORKING DRIVERS","FREESCALE eTSEC ETHERNET DRIVER (GIANFAR)",6519
"NETWORKING DRIVERS","FREESCALE IMX / MXC FEC DRIVER",7532
"NETWORKING DRIVERS","FREESCALE QORIQ DPAA ETHERNET DRIVER",4636
"NETWORKING DRIVERS","FREESCALE QORIQ DPAA FMAN DRIVER",11557
"NETWORKING DRIVERS","FREESCALE QORIQ PTP CLOCK DRIVER",1906
"NETWORKING DRIVERS","FREESCALE QUICC ENGINE QMC HDLC DRIVER",808
"NETWORKING DRIVERS","FREESCALE QUICC ENGINE UCC ETHERNET DRIVER",5274
"NETWORKING DRIVERS","FREESCALE QUICC ENGINE UCC HDLC DRIVER",1440
"NETWORKING DRIVERS","FREESCALE SOC FS_ENET DRIVER",3356
"NETWORKING DRIVERS","FUNGIBLE ETHERNET DRIVERS",8763
"NETWORKING DRIVERS","GENERIC HDLC (WAN) DRIVERS",9514
"NETWORKING DRIVERS","GOOGLE ETHERNET DRIVERS",14275
"NETWORKING DRIVERS","GRETH 10/100/1G Ethernet MAC device driver",1734
"NETWORKING DRIVERS","GTP (GPRS Tunneling Protocol)",2546
"NETWORKING DRIVERS","HIRSCHMANN HELLCREEK ETHERNET SWITCH DRIVER",3760
"NETWORKING DRIVERS","HISILICON NETWORK HIBMCGE DRIVER",4182
"NETWORKING DRIVERS","HISILICON NETWORK SUBSYSTEM 3 DRIVER (HNS3)",47045
"NETWORKING DRIVERS","HISILICON NETWORK SUBSYSTEM DRIVER",72425
"NETWORKING DRIVERS","HSO 3G MODEM DRIVER",3270
"NETWORKING DRIVERS","HUAWEI 3RD GEN ETHERNET DRIVER",14715
"NETWORKING DRIVERS","HUAWEI ETHERNET DRIVER",22672
"NETWORKING DRIVERS","Hyper-V/Azure CORE AND DRIVERS",72291
"NETWORKING DRIVERS","INTEL ETHERNET DRIVERS",424015
"NETWORKING DRIVERS","INTEL PTP DFL ToD DRIVER",332
"NETWORKING DRIVERS","INTEL WWAN IOSM DRIVER",11974
"NETWORKING DRIVERS","IOC3 ETHERNET DRIVER",1286
"NETWORKING DRIVERS","JME NETWORK DRIVER",4542
"NETWORKING DRIVERS","KERNEL VIRTUAL MACHINE for s390 (KVM/s390)",33681
"NETWORKING DRIVERS","LANTIQ / MAXLINEAR / INTEL Ethernet DSA drivers",5261
"NETWORKING DRIVERS","LANTIQ PEF2256 DRIVER",3072
"NETWORKING DRIVERS","LIBIE COMMON INTEL ETHERNET LIBRARY",1944
"NETWORKING DRIVERS","LYNX PCS MODULE",392
"NETWORKING DRIVERS","MARVELL 88E6XXX ETHERNET SWITCH FABRIC DRIVER",22509
"NETWORKING DRIVERS","MARVELL GIGABIT ETHERNET DRIVERS (skge/sky2)",14357
"NETWORKING DRIVERS","MARVELL MV643XX ETHERNET DRIVER",3331
"NETWORKING DRIVERS","MARVELL MV88X3310 PHY DRIVER",1486
"NETWORKING DRIVERS","MARVELL MVNETA ETHERNET DRIVER",6666
"NETWORKING DRIVERS","MARVELL MVPP2 ETHERNET DRIVER",15963
"NETWORKING DRIVERS","MARVELL OCTEON ENDPOINT DRIVER",9037
"NETWORKING DRIVERS","MARVELL OCTEON ENDPOINT VF DRIVER",5355
"NETWORKING DRIVERS","MARVELL OCTEONTX2 PHYSICAL FUNCTION DRIVER",24471
"NETWORKING DRIVERS","MARVELL OCTEONTX2 RVU ADMIN FUNCTION DRIVER",68318
"NETWORKING DRIVERS","MARVELL PRESTERA ETHERNET SWITCH DRIVER",15647
"NETWORKING DRIVERS","MARVELL USB MDIO CONTROLLER DRIVER",182
"NETWORKING DRIVERS","MAXLINEAR ETHERNET PHY DRIVER",2484
"NETWORKING DRIVERS","MAXLINEAR MXL862XX SWITCH DRIVER",4785
"NETWORKING DRIVERS","MCR20A IEEE-802.15.4 RADIO DRIVER",1874
"NETWORKING DRIVERS","MDIO REGMAP DRIVER",119
"NETWORKING DRIVERS","MEDIATEK ETHERNET DRIVER",17697
"NETWORKING DRIVERS","MEDIATEK ETHERNET PCS DRIVER",385
"NETWORKING DRIVERS","MEDIATEK ETHERNET PHY DRIVERS",3007
"NETWORKING DRIVERS","MEDIATEK SWITCH DRIVER",4940
"NETWORKING DRIVERS","MEDIATEK T7XX 5G WWAN MODEM DRIVER",12078
"NETWORKING DRIVERS","MELLANOX ETHERNET DRIVER (mlx4_en)",11342
"NETWORKING DRIVERS","MELLANOX ETHERNET DRIVER (mlx5e)",31094
"NETWORKING DRIVERS","MELLANOX ETHERNET INNOVA DRIVERS",15382
"NETWORKING DRIVERS","MELLANOX ETHERNET SWITCH DRIVERS",109498
"NETWORKING DRIVERS","MELLANOX FIRMWARE FLASH LIBRARY (mlxfw)",1498
"NETWORKING DRIVERS","MELLANOX MLX4 core VPI driver",45378
"NETWORKING DRIVERS","MELLANOX MLX5 core VPI driver",215052
"NETWORKING DRIVERS","META ETHERNET DRIVERS",18686
"NETWORKING DRIVERS","MICROCHIP KSZ SERIES ETHERNET SWITCH DRIVER",19427
"NETWORKING DRIVERS","MICROCHIP LAN743X ETHERNET DRIVER",8655
"NETWORKING DRIVERS","MICROCHIP LAN8650/1 10BASE-T1S MACPHY ETHERNET DRIVER",529
"NETWORKING DRIVERS","MICROCHIP LAN87xx/LAN937x T1 PHY DRIVER",2180
"NETWORKING DRIVERS","MICROCHIP LAN966X ETHERNET DRIVER",17442
"NETWORKING DRIVERS","MICROCHIP LAN969X ETHERNET DRIVER",5408
"NETWORKING DRIVERS","MICROCHIP PIC64-HPSC/HX DRIVERS",258
"NETWORKING DRIVERS","MOTORCOMM PHY DRIVER",3262
"NETWORKING DRIVERS","MOTORCOMM YT921X ETHERNET SWITCH DRIVER",4403
"NETWORKING DRIVERS","MRF24J40 IEEE 802.15.4 RADIO DRIVER",1421
"NETWORKING DRIVERS","MUCSE ETHERNET DRIVER",1324
"NETWORKING DRIVERS","MYRICOM MYRI-10G 10GbE DRIVER (MYRI10GE)",4574
"NETWORKING DRIVERS","NATSEMI ETHERNET DRIVER (DP8381x)",3383
"NETWORKING DRIVERS","NET_FAILOVER MODULE",1045
"NETWORKING DRIVERS","NETCONSOLE",4040
"NETWORKING DRIVERS","NETDEVSIM",14714
"NETWORKING DRIVERS","NETRONOME ETHERNET DRIVERS",56068
"NETWORKING DRIVERS","NETWORKING [DSA]",138670
"NETWORKING DRIVERS","NETWORKING [ETHTOOL PHY PORT]",483
"NETWORKING DRIVERS","NETWORKING [MACSEC]",5144
"NETWORKING DRIVERS","NETWORKING DRIVERS",3338802
"NETWORKING DRIVERS","NETXEN (1/10) GbE SUPPORT",13001
"NETWORKING DRIVERS","NXP C45 TJA11XX PHY DRIVER",3978
"NETWORKING DRIVERS","NXP NETC TIMER PTP CLOCK DRIVER",1106
"NETWORKING DRIVERS","NXP SJA1105 ETHERNET SWITCH DRIVER",14759
"NETWORKING DRIVERS","OCELOT ETHERNET SWITCH DRIVER",26035
"NETWORKING DRIVERS","ONSEMI ETHERNET PHY DRIVERS",171
"NETWORKING DRIVERS","OPEN ALLIANCE 10BASE-T1S MACPHY SERIAL INTERFACE FRAMEWORK",1890
"NETWORKING DRIVERS","OPENCOMPUTE PTP CLOCK DRIVER",5264
"NETWORKING DRIVERS","PCMCIA SUBSYSTEM",20988
"NETWORKING DRIVERS","PCNET32 NETWORK DRIVER",3046
"NETWORKING DRIVERS","PENSANDO ETHERNET DRIVERS",17053
"NETWORKING DRIVERS","PPP OVER ETHERNET",1307
"NETWORKING DRIVERS","PPP PROTOCOL DRIVERS AND COMPRESSORS",6922
"NETWORKING DRIVERS","PSE NETWORK DRIVER",7238
"NETWORKING DRIVERS","PTP HARDWARE CLOCK SUPPORT",21287
"NETWORKING DRIVERS","PTP MOCKUP CLOCK SUPPORT",213
"NETWORKING DRIVERS","PTP VIRTUAL CLOCK SUPPORT",400
"NETWORKING DRIVERS","PTP VMCLOCK SUPPORT",1044
"NETWORKING DRIVERS","QCOM IPA DRIVER",27100
"NETWORKING DRIVERS","QLOGIC QL4xxx ETHERNET DRIVER",105903
"NETWORKING DRIVERS","QLOGIC QLA3XXX NETWORK DRIVER",5117
"NETWORKING DRIVERS","QLOGIC QLCNIC (1/10)Gb ETHERNET DRIVER",32867
"NETWORKING DRIVERS","QUALCOMM ATHEROS QCA7K ETHERNET DRIVER",2427
"NETWORKING DRIVERS","QUALCOMM BAM-DMUX WWAN NETWORK DRIVER",1000
"NETWORKING DRIVERS","QUALCOMM EMAC GIGABIT ETHERNET DRIVER",4514
"NETWORKING DRIVERS","QUALCOMM PPE DRIVER",4817
"NETWORKING DRIVERS","QUALCOMM RMNET DRIVER",2557
"NETWORKING DRIVERS","RDC R6040 FAST ETHERNET DRIVER",1215
"NETWORKING DRIVERS","REALTEK RTL83xx SMI DSA ROUTER CHIPS",6493
"NETWORKING DRIVERS","REMOTE PROCESSOR MESSAGING (RPMSG) WWAN CONTROL DRIVER",167
"NETWORKING DRIVERS","RENESAS ETHERNET AVB DRIVER",5299
"NETWORKING DRIVERS","RENESAS ETHERNET SWITCH DRIVER",4288
"NETWORKING DRIVERS","RENESAS ETHERNET TSN DRIVER",1961
"NETWORKING DRIVERS","RENESAS RZ/N1 A5PSW SWITCH DRIVER",3026
"NETWORKING DRIVERS","RENESAS RZ/V2H(P) DWMAC GBETH GLUE LAYER DRIVER",598
"NETWORKING DRIVERS","RENESAS SUPERH ETHERNET DRIVER",4365
"NETWORKING DRIVERS","ROCKER DRIVER",6896
"NETWORKING DRIVERS","RTASE ETHERNET DRIVER",2775
"NETWORKING DRIVERS","S390 ARCHITECTURE",262592
"NETWORKING DRIVERS","S390 COMMON I/O LAYER",23828
"NETWORKING DRIVERS","S390 CRYPTO MODULES, PRNG DRIVER, ARCH RANDOM",6023
"NETWORKING DRIVERS","S390 DASD DRIVER",23953
"NETWORKING DRIVERS","S390 MM",7650
"NETWORKING DRIVERS","S390 NETWORK DRIVERS",26377
"NETWORKING DRIVERS","S390 PCI SUBSYSTEM",5623
"NETWORKING DRIVERS","S390 PTP DRIVER",129
"NETWORKING DRIVERS","S390 SCM DRIVER",1038
"NETWORKING DRIVERS","S390 VFIO AP DRIVER",4518
"NETWORKING DRIVERS","S390 VFIO-CCW DRIVER",3683
"NETWORKING DRIVERS","S390 VFIO-PCI DRIVER",1028
"NETWORKING DRIVERS","S390 ZCRYPT AND PKEY DRIVER AND AP BUS",23567
"NETWORKING DRIVERS","S390 ZFCP DRIVER",12974
"NETWORKING DRIVERS","SAMSUNG SXGBE DRIVERS",6228
"NETWORKING DRIVERS","SFC NETWORK DRIVER",141011
"NETWORKING DRIVERS","SFF/SFP/SFP+ MODULE SUPPORT",10320
"NETWORKING DRIVERS","SIS 190 ETHERNET DRIVER",1948
"NETWORKING DRIVERS","SIS 900/7016 FAST ETHERNET DRIVER",2888
"NETWORKING DRIVERS","SMC91x ETHERNET DRIVER",3567
"NETWORKING DRIVERS","SMSC911x ETHERNET DRIVER",3164
"NETWORKING DRIVERS","SMSC9420 PCI ETHERNET DRIVER",1932
"NETWORKING DRIVERS","SOCIONEXT (SNI) AVE NETWORK DRIVER",2126
"NETWORKING DRIVERS","SOCIONEXT (SNI) NETSEC NETWORK DRIVER",2303
"NETWORKING DRIVERS","SONIC NETWORK DRIVER",1328
"NETWORKING DRIVERS","STARFIRE/DURALAN NETWORK DRIVER",2066
"NETWORKING DRIVERS","SUN HAPPY MEAL ETHERNET DRIVER",3411
"NETWORKING DRIVERS","SUNDANCE NETWORK DRIVER",1990
"NETWORKING DRIVERS","SUNPLUS ETHERNET DRIVER",2165
"NETWORKING DRIVERS","SYNOPSYS DESIGNWARE ENTERPRISE ETHERNET DRIVER",7666
"NETWORKING DRIVERS","SYNOPSYS DESIGNWARE ETHERNET XPCS DRIVER",1918
"NETWORKING DRIVERS","TEAM DRIVER",6445
"NETWORKING DRIVERS","TEHUTI ETHERNET DRIVER",3017
"NETWORKING DRIVERS","TEHUTI TN40XX ETHERNET DRIVER",2664
"NETWORKING DRIVERS","THUNDERBOLT NETWORK DRIVER",1692
"NETWORKING DRIVERS","TI ETHERNET SWITCH DRIVER (CPSW)",14677
"NETWORKING DRIVERS","TI ICSSG ETHERNET DRIVER (ICSSG)",11400
"NETWORKING DRIVERS","TI ICSSM ETHERNET DRIVER (ICSSM)",4884
"NETWORKING DRIVERS","TLAN NETWORK DRIVER",3961
"NETWORKING DRIVERS","TULIP NETWORK DRIVERS",14446
"NETWORKING DRIVERS","TUN/TAP DRIVER",5558
"NETWORKING DRIVERS","USB CDC ETHERNET DRIVER",5014
"NETWORKING DRIVERS","USB DAVICOM DM9601 DRIVER",632
"NETWORKING DRIVERS","USB LAN78XX ETHERNET DRIVER",6342
"NETWORKING DRIVERS","USB NETWORKING DRIVERS",54805
"NETWORKING DRIVERS","USB PEGASUS DRIVER",1675
"NETWORKING DRIVERS","USB QMI WWAN NETWORK DRIVER",1696
"NETWORKING DRIVERS","USB RTL8150 DRIVER",994
"NETWORKING DRIVERS","USB SMSC75XX ETHERNET DRIVER",2748
"NETWORKING DRIVERS","USB SMSC95XX ETHERNET DRIVER",2547
"NETWORKING DRIVERS","USB USBNET DRIVER FRAMEWORK",2602
"NETWORKING DRIVERS","VIA RHINE NETWORK DRIVER",2638
"NETWORKING DRIVERS","VIA VELOCITY NETWORK DRIVER",5271
"NETWORKING DRIVERS","VIRTIO DRIVERS FOR S390",1607
"NETWORKING DRIVERS","VIRTIO NET DRIVER",8614
"NETWORKING DRIVERS","VMWARE VIRTUAL PTP CLOCK DRIVER",137
"NETWORKING DRIVERS","VMWARE VMXNET3 ETHERNET DRIVER",8051
"NETWORKING DRIVERS","VRF",2433
"NETWORKING DRIVERS","WANGXUN ETHERNET DRIVER",19798
"NETWORKING DRIVERS","WIREGUARD SECURE NETWORK TUNNEL",9362
"NETWORKING DRIVERS","WWAN DRIVERS",28581
"NETWORKING DRIVERS","XEN NETWORK BACKEND DRIVER",5420
"NETWORKING DRIVERS","XILINX AXI ETHERNET DRIVER",4479
"NETWORKING DRIVERS","XILINX LL TEMAC ETHERNET DRIVER",2207
"NOHZ, DYNTICKS SUPPORT","NOHZ, DYNTICKS SUPPORT",4531
"NVM EXPRESS DRIVER","NVM EXPRESS DRIVER",36858
"NVM EXPRESS DRIVER","NVM EXPRESS FABRICS AUTHENTICATION",2290
"NVM EXPRESS DRIVER","NVM EXPRESS FC TRANSPORT DRIVERS",10312
"NVM EXPRESS DRIVER","NVM EXPRESS HARDWARE MONITORING SUPPORT",281
"NVM EXPRESS DRIVER","NVM EXPRESS TARGET DRIVER",26026
"OBJTOOL","OBJTOOL",16757
"OPEN FIRMWARE AND FLATTENED DEVICE TREE BINDINGS","AAEON UPBOARD FPGA MFD DRIVER",1575
"OPEN FIRMWARE AND FLATTENED DEVICE TREE BINDINGS","ACCES 104-DIO-48E GPIO DRIVER",342
"OPEN FIRMWARE AND FLATTENED DEVICE TREE BINDINGS","ACCES 104-IDI-48 GPIO DRIVER",189
"OPEN FIRMWARE AND FLATTENED DEVICE TREE BINDINGS","ACCES 104-IDIO-16 GPIO DRIVER",130
"OPEN FIRMWARE AND FLATTENED DEVICE TREE BINDINGS","ACCES IDIO-16 GPIO LIBRARY",210
"OPEN FIRMWARE AND FLATTENED DEVICE TREE BINDINGS","ACCES PCI-IDIO-16 GPIO DRIVER",116
"OPEN FIRMWARE AND FLATTENED DEVICE TREE BINDINGS","ACCES PCIe-IDIO-24 GPIO DRIVER",401
"OPEN FIRMWARE AND FLATTENED DEVICE TREE BINDINGS","ACPI PCC(Platform Communication Channel) MAILBOX DRIVER",897
"OPEN FIRMWARE AND FLATTENED DEVICE TREE BINDINGS","AD714X CAPACITANCE TOUCH SENSOR DRIVER (AD7142/3/7/8/7A)",1204
"OPEN FIRMWARE AND FLATTENED DEVICE TREE BINDINGS","AD7877 TOUCHSCREEN DRIVER",814
"OPEN FIRMWARE AND FLATTENED DEVICE TREE BINDINGS","AD7879 TOUCHSCREEN DRIVER (AD7879/AD7889)",625
"OPEN FIRMWARE AND FLATTENED DEVICE TREE BINDINGS","ADAFRUIT MINI I2C GAMEPAD",393
"OPEN FIRMWARE AND FLATTENED DEVICE TREE BINDINGS","ADP5588 QWERTY KEYPAD AND IO EXPANDER DRIVER (ADP5588/ADP5587)",1012
"OPEN FIRMWARE AND FLATTENED DEVICE TREE BINDINGS","ADXL34X THREE-AXIS DIGITAL ACCELEROMETER DRIVER (ADXL345/ADXL346)",965
"OPEN FIRMWARE AND FLATTENED DEVICE TREE BINDINGS","AIROHA PCIE PHY DRIVER",1853
"OPEN FIRMWARE AND FLATTENED DEVICE TREE BINDINGS","AIROHA SPI SNFI DRIVER",1217
"OPEN FIRMWARE AND FLATTENED DEVICE TREE BINDINGS","ALCHEMY AU1XX0 MMC DRIVER",1215
"OPEN FIRMWARE AND FLATTENED DEVICE TREE BINDINGS","ALI1563 I2C DRIVER",472
"OPEN FIRMWARE AND FLATTENED DEVICE TREE BINDINGS","ALLWINNER CPUFREQ DRIVER",505
"OPEN FIRMWARE AND FLATTENED DEVICE TREE BINDINGS","ALLWINNER THERMAL DRIVER",915
"OPEN FIRMWARE AND FLATTENED DEVICE TREE BINDINGS","ALPS PS/2 TOUCHPAD DRIVER",3565
"OPEN FIRMWARE AND FLATTENED DEVICE TREE BINDINGS","ALTERA MAILBOX DRIVER",361
"OPEN FIRMWARE AND FLATTENED DEVICE TREE BINDINGS","ALTERA MSGDMA IP CORE DRIVER",1026
"OPEN FIRMWARE AND FLATTENED DEVICE TREE BINDINGS","ALTERA PIO DRIVER",340
"OPEN FIRMWARE AND FLATTENED DEVICE TREE BINDINGS","ALTERA UART/JTAG UART SERIAL DRIVERS",1172
"OPEN FIRMWARE AND FLATTENED DEVICE TREE BINDINGS","AMAZON ANNAPURNA LABS FIC DRIVER",324
"OPEN FIRMWARE AND FLATTENED DEVICE TREE BINDINGS","AMAZON ANNAPURNA LABS THERMAL MMIO DRIVER",165
"OPEN FIRMWARE AND FLATTENED DEVICE TREE BINDINGS","AMD AE4DMA DRIVER",425
"OPEN FIRMWARE AND FLATTENED DEVICE TREE BINDINGS","AMD ASF I2C DRIVER",370
"OPEN FIRMWARE AND FLATTENED DEVICE TREE BINDINGS","AMD CDX BUS DRIVER",1981
"OPEN FIRMWARE AND FLATTENED DEVICE TREE BINDINGS","AMD FCH GPIO DRIVER",240
"OPEN FIRMWARE AND FLATTENED DEVICE TREE BINDINGS","AMD MP2 I2C DRIVER",1052
"OPEN FIRMWARE AND FLATTENED DEVICE TREE BINDINGS","AMD PSTATE DRIVER",4514
"OPEN FIRMWARE AND FLATTENED DEVICE TREE BINDINGS","AMD PTDMA DRIVER",1702
"OPEN FIRMWARE AND FLATTENED DEVICE TREE BINDINGS","AMD QDMA DRIVER",1516
"OPEN FIRMWARE AND FLATTENED DEVICE TREE BINDINGS","AMD SEATTLE DEVICE TREE SUPPORT",1347
"OPEN FIRMWARE AND FLATTENED DEVICE TREE BINDINGS","AMD SPI DRIVER",1011
"OPEN FIRMWARE AND FLATTENED DEVICE TREE BINDINGS","AMLOGIC PINCTRL DRIVER",1318
"OPEN FIRMWARE AND FLATTENED DEVICE TREE BINDINGS","AMLOGIC RTC DRIVER",511
"OPEN FIRMWARE AND FLATTENED DEVICE TREE BINDINGS","AMLOGIC SPIFC DRIVER",1283
"OPEN FIRMWARE AND FLATTENED DEVICE TREE BINDINGS","AMLOGIC SPISG DRIVER",943
"OPEN FIRMWARE AND FLATTENED DEVICE TREE BINDINGS","ANALOG DEVICES INC ADGS1408 DRIVER",177
"OPEN FIRMWARE AND FLATTENED DEVICE TREE BINDINGS","ANALOG DEVICES INC DMA DRIVERS",1335
"OPEN FIRMWARE AND FLATTENED DEVICE TREE BINDINGS","ANALOGBITS PLL LIBRARIES",461
"OPEN FIRMWARE AND FLATTENED DEVICE TREE BINDINGS","ANDES ATCSPI200 SPI DRIVER",749
"OPEN FIRMWARE AND FLATTENED DEVICE TREE BINDINGS","ANDROID GOLDFISH PIC DRIVER",180
"OPEN FIRMWARE AND FLATTENED DEVICE TREE BINDINGS","ANDROID GOLDFISH RTC DRIVER",207
"OPEN FIRMWARE AND FLATTENED DEVICE TREE BINDINGS","APPLE BCM5974 MULTITOUCH DRIVER",1064
"OPEN FIRMWARE AND FLATTENED DEVICE TREE BINDINGS","APPLE PCIE CONTROLLER DRIVER",896
"OPEN FIRMWARE AND FLATTENED DEVICE TREE BINDINGS","APPLIED MICRO (APM) X-GENE DEVICE TREE SUPPORT",2096
"OPEN FIRMWARE AND FLATTENED DEVICE TREE BINDINGS","ARM ARCHITECTED TIMER DRIVER",2093
"OPEN FIRMWARE AND FLATTENED DEVICE TREE BINDINGS","ARM GENERIC INTERRUPT CONTROLLER DRIVERS",19125
"OPEN FIRMWARE AND FLATTENED DEVICE TREE BINDINGS","ARM GENERIC INTERRUPT CONTROLLER V5 DRIVERS",4992
"OPEN FIRMWARE AND FLATTENED DEVICE TREE BINDINGS","ARM INTEGRATOR, VERSATILE AND REALVIEW SUPPORT",11302
"OPEN FIRMWARE AND FLATTENED DEVICE TREE BINDINGS","ARM PRIMECELL BUS SUPPORT",1222
"OPEN FIRMWARE AND FLATTENED DEVICE TREE BINDINGS","ARM PRIMECELL KMI PL050 DRIVER",287
"OPEN FIRMWARE AND FLATTENED DEVICE TREE BINDINGS","ARM PRIMECELL MMCI PL180/1 DRIVER",4162
"OPEN FIRMWARE AND FLATTENED DEVICE TREE BINDINGS","ARM PRIMECELL PL35X SMC DRIVER",290
"OPEN FIRMWARE AND FLATTENED DEVICE TREE BINDINGS","ARM PRIMECELL SSP PL022 SPI DRIVER",2306
"OPEN FIRMWARE AND FLATTENED DEVICE TREE BINDINGS","ARM PRIMECELL UART PL010 AND PL011 DRIVERS",4264
"OPEN FIRMWARE AND FLATTENED DEVICE TREE BINDINGS","ARM PRIMECELL VIC PL190/PL192 DRIVER",601
"OPEN FIRMWARE AND FLATTENED DEVICE TREE BINDINGS","ARM SMC WATCHDOG DRIVER",238
"OPEN FIRMWARE AND FLATTENED DEVICE TREE BINDINGS","ARM/ACTIONS SEMI ARCHITECTURE",35395
"OPEN FIRMWARE AND FLATTENED DEVICE TREE BINDINGS","ARM/AIROHA SOC SUPPORT",761
"OPEN FIRMWARE AND FLATTENED DEVICE TREE BINDINGS","ARM/Allwinner SoC Clock Support",4997
"OPEN FIRMWARE AND FLATTENED DEVICE TREE BINDINGS","ARM/Allwinner sunXi SoC support",215378
"OPEN FIRMWARE AND FLATTENED DEVICE TREE BINDINGS","ARM/ALPHASCALE ARCHITECTURE",1376
"OPEN FIRMWARE AND FLATTENED DEVICE TREE BINDINGS","ARM/AMD PENSANDO ARM64 ARCHITECTURE",629
"OPEN FIRMWARE AND FLATTENED DEVICE TREE BINDINGS","ARM/Amlogic Meson SoC CLOCK FRAMEWORK",32626
"OPEN FIRMWARE AND FLATTENED DEVICE TREE BINDINGS","ARM/Amlogic Meson SoC support",148536
"OPEN FIRMWARE AND FLATTENED DEVICE TREE BINDINGS","ARM/Annapurna Labs ALPINE ARCHITECTURE",1367
"OPEN FIRMWARE AND FLATTENED DEVICE TREE BINDINGS","ARM/APPLE MACHINE SUPPORT",54043
"OPEN FIRMWARE AND FLATTENED DEVICE TREE BINDINGS","ARM/ASPEED CLOCK SUPPORT",2957
"OPEN FIRMWARE AND FLATTENED DEVICE TREE BINDINGS","ARM/ASPEED I2C DRIVER",1339
"OPEN FIRMWARE AND FLATTENED DEVICE TREE BINDINGS","ARM/ASPEED MACHINE SUPPORT",116891
"OPEN FIRMWARE AND FLATTENED DEVICE TREE BINDINGS","ARM/AXIADO ARCHITECTURE",1837
"OPEN FIRMWARE AND FLATTENED DEVICE TREE BINDINGS","ARM/AXM LSI SOC",599
"OPEN FIRMWARE AND FLATTENED DEVICE TREE BINDINGS","ARM/BITMAIN ARCHITECTURE",2937
"OPEN FIRMWARE AND FLATTENED DEVICE TREE BINDINGS","ARM/BLAIZE ARCHITECTURE",401
"OPEN FIRMWARE AND FLATTENED DEVICE TREE BINDINGS","ARM/BST SOC SUPPORT",747
"OPEN FIRMWARE AND FLATTENED DEVICE TREE BINDINGS","ARM/CIX SOC SUPPORT",2125
"OPEN FIRMWARE AND FLATTENED DEVICE TREE BINDINGS","ARM/CONEXANT DIGICOLOR MACHINE SUPPORT",2307
"OPEN FIRMWARE AND FLATTENED DEVICE TREE BINDINGS","ARM/CORTINA SYSTEMS GEMINI ARM ARCHITECTURE",11081
"OPEN FIRMWARE AND FLATTENED DEVICE TREE BINDINGS","ARM/CZ.NIC TURRIS SUPPORT",6542
"OPEN FIRMWARE AND FLATTENED DEVICE TREE BINDINGS","ARM/FREESCALE IMX / MXC ARM ARCHITECTURE",549624
"OPEN FIRMWARE AND FLATTENED DEVICE TREE BINDINGS","ARM/FREESCALE LAYERSCAPE ARM ARCHITECTURE",22763
"OPEN FIRMWARE AND FLATTENED DEVICE TREE BINDINGS","ARM/FREESCALE VYBRID ARM ARCHITECTURE",7267
"OPEN FIRMWARE AND FLATTENED DEVICE TREE BINDINGS","ARM/HISILICON SOC SUPPORT",17063
"OPEN FIRMWARE AND FLATTENED DEVICE TREE BINDINGS","ARM/HPE GXP ARCHITECTURE",1986
"OPEN FIRMWARE AND FLATTENED DEVICE TREE BINDINGS","ARM/IGEP MACHINE SUPPORT",856
"OPEN FIRMWARE AND FLATTENED DEVICE TREE BINDINGS","ARM/INTEL IXP4XX ARM ARCHITECTURE",11608
"OPEN FIRMWARE AND FLATTENED DEVICE TREE BINDINGS","ARM/INTEL KEEMBAY ARCHITECTURE",184
"OPEN FIRMWARE AND FLATTENED DEVICE TREE BINDINGS","ARM/LG1K ARCHITECTURE",478
"OPEN FIRMWARE AND FLATTENED DEVICE TREE BINDINGS","ARM/LPC18XX ARCHITECTURE",9825
"OPEN FIRMWARE AND FLATTENED DEVICE TREE BINDINGS","ARM/LPC32XX SOC SUPPORT",16064
"OPEN FIRMWARE AND FLATTENED DEVICE TREE BINDINGS","ARM/Marvell Kirkwood and Armada 370, 375, 38x, 39x, XP, 3700, 7K/8K, CN9130 SOC support",64046
"OPEN FIRMWARE AND FLATTENED DEVICE TREE BINDINGS","ARM/Marvell PXA1908 SOC support",1841
"OPEN FIRMWARE AND FLATTENED DEVICE TREE BINDINGS","ARM/MICROCHIP (ARM64) SoC support",3672
"OPEN FIRMWARE AND FLATTENED DEVICE TREE BINDINGS","ARM/Microchip (AT91) SoC support",141744
"OPEN FIRMWARE AND FLATTENED DEVICE TREE BINDINGS","ARM/MILBEAUT ARCHITECTURE",3519
"OPEN FIRMWARE AND FLATTENED DEVICE TREE BINDINGS","ARM/MORELLO PLATFORM",599
"OPEN FIRMWARE AND FLATTENED DEVICE TREE BINDINGS","ARM/MOXA ART SOC",425
"OPEN FIRMWARE AND FLATTENED DEVICE TREE BINDINGS","ARM/MStar/Sigmastar Armv7 SoC support",3077
"OPEN FIRMWARE AND FLATTENED DEVICE TREE BINDINGS","ARM/NOMADIK/Ux500 ARCHITECTURES",34620
"OPEN FIRMWARE AND FLATTENED DEVICE TREE BINDINGS","ARM/NUVOTON MA35 ARCHITECTURE",8510
"OPEN FIRMWARE AND FLATTENED DEVICE TREE BINDINGS","ARM/NUVOTON NPCM ARCHITECTURE",23323
"OPEN FIRMWARE AND FLATTENED DEVICE TREE BINDINGS","ARM/NUVOTON WPCM450 ARCHITECTURE",3030
"OPEN FIRMWARE AND FLATTENED DEVICE TREE BINDINGS","ARM/NXP S32G ARCHITECTURE",4931
"OPEN FIRMWARE AND FLATTENED DEVICE TREE BINDINGS","ARM/NXP S32G PCIE CONTROLLER DRIVER",536
"OPEN FIRMWARE AND FLATTENED DEVICE TREE BINDINGS","ARM/QUALCOMM CHROMEBOOK SUPPORT",18718
"OPEN FIRMWARE AND FLATTENED DEVICE TREE BINDINGS","ARM/QUALCOMM MAILING LIST",1245701
"OPEN FIRMWARE AND FLATTENED DEVICE TREE BINDINGS","ARM/QUALCOMM SUPPORT",431445
"OPEN FIRMWARE AND FLATTENED DEVICE TREE BINDINGS","ARM/RDA MICRO ARCHITECTURE",1882
"OPEN FIRMWARE AND FLATTENED DEVICE TREE BINDINGS","ARM/REALTEK ARCHITECTURE",10969
"OPEN FIRMWARE AND FLATTENED DEVICE TREE BINDINGS","ARM/RISC-V/RENESAS ARCHITECTURE",177578
"OPEN FIRMWARE AND FLATTENED DEVICE TREE BINDINGS","ARM/Rockchip SoC support",357349
"OPEN FIRMWARE AND FLATTENED DEVICE TREE BINDINGS","ARM/SAMSUNG S3C, S5P AND EXYNOS ARM ARCHITECTURES",231045
"OPEN FIRMWARE AND FLATTENED DEVICE TREE BINDINGS","ARM/SOCFPGA ARCHITECTURE",10097
"OPEN FIRMWARE AND FLATTENED DEVICE TREE BINDINGS","ARM/SOCFPGA CLOCK FRAMEWORK SUPPORT",3583
"OPEN FIRMWARE AND FLATTENED DEVICE TREE BINDINGS","ARM/SOCFPGA EDAC BINDINGS",324
"OPEN FIRMWARE AND FLATTENED DEVICE TREE BINDINGS","ARM/SPREADTRUM SoC SUPPORT",38799
"OPEN FIRMWARE AND FLATTENED DEVICE TREE BINDINGS","ARM/STI ARCHITECTURE",15318
"OPEN FIRMWARE AND FLATTENED DEVICE TREE BINDINGS","ARM/SUNPLUS SP7021 SOC SUPPORT",2033
"OPEN FIRMWARE AND FLATTENED DEVICE TREE BINDINGS","ARM/Synaptics SoC support",2734
"OPEN FIRMWARE AND FLATTENED DEVICE TREE BINDINGS","ARM/TESLA FSD SoC SUPPORT",1735
"OPEN FIRMWARE AND FLATTENED DEVICE TREE BINDINGS","ARM/TEXAS INSTRUMENT AEMIF/EMIF DRIVERS",3214
"OPEN FIRMWARE AND FLATTENED DEVICE TREE BINDINGS","ARM/TEXAS INSTRUMENT KEYSTONE ARCHITECTURE",5806
"OPEN FIRMWARE AND FLATTENED DEVICE TREE BINDINGS","ARM/TEXAS INSTRUMENT KEYSTONE CLOCK FRAMEWORK",1616
"OPEN FIRMWARE AND FLATTENED DEVICE TREE BINDINGS","ARM/TEXAS INSTRUMENT KEYSTONE CLOCKSOURCE",226
"OPEN FIRMWARE AND FLATTENED DEVICE TREE BINDINGS","ARM/TEXAS INSTRUMENT KEYSTONE RESET DRIVER",156
"OPEN FIRMWARE AND FLATTENED DEVICE TREE BINDINGS","ARM/TEXAS INSTRUMENTS K3 ARCHITECTURE",70426
"OPEN FIRMWARE AND FLATTENED DEVICE TREE BINDINGS","ARM/TEXAS INSTRUMENTS NSPIRE ARCHITECTURE",842
"OPEN FIRMWARE AND FLATTENED DEVICE TREE BINDINGS","ARM/TOSHIBA VISCONTI ARCHITECTURE",4679
"OPEN FIRMWARE AND FLATTENED DEVICE TREE BINDINGS","ARM/UNIPHIER ARCHITECTURE",37658
"OPEN FIRMWARE AND FLATTENED DEVICE TREE BINDINGS","ARM/VERSATILE EXPRESS PLATFORM",14660
"OPEN FIRMWARE AND FLATTENED DEVICE TREE BINDINGS","ARM/VT8500 ARM ARCHITECTURE",6021
"OPEN FIRMWARE AND FLATTENED DEVICE TREE BINDINGS","ARM/ZYNQ ARCHITECTURE",101446
"OPEN FIRMWARE AND FLATTENED DEVICE TREE BINDINGS","AS3645A LED FLASH CONTROLLER DRIVER",770
"OPEN FIRMWARE AND FLATTENED DEVICE TREE BINDINGS","AS3668 LED DRIVER",276
"OPEN FIRMWARE AND FLATTENED DEVICE TREE BINDINGS","ASPEED PCIE CONTROLLER DRIVER",1293
"OPEN FIRMWARE AND FLATTENED DEVICE TREE BINDINGS","ASPEED PECI CONTROLLER",674
"OPEN FIRMWARE AND FLATTENED DEVICE TREE BINDINGS","ASPEED PINCTRL DRIVERS",11152
"OPEN FIRMWARE AND FLATTENED DEVICE TREE BINDINGS","ASPEED SCU INTERRUPT CONTROLLER DRIVER",382
"OPEN FIRMWARE AND FLATTENED DEVICE TREE BINDINGS","ASPEED SD/MMC DRIVER",862
"OPEN FIRMWARE AND FLATTENED DEVICE TREE BINDINGS","ASPEED SMC SPI DRIVER",1818
"OPEN FIRMWARE AND FLATTENED DEVICE TREE BINDINGS","ATCRTC100 RTC DRIVER",424
"OPEN FIRMWARE AND FLATTENED DEVICE TREE BINDINGS","ATHEROS 71XX/9XXX GPIO DRIVER",353
"OPEN FIRMWARE AND FLATTENED DEVICE TREE BINDINGS","ATHEROS 71XX/9XXX USB PHY DRIVER",158
"OPEN FIRMWARE AND FLATTENED DEVICE TREE BINDINGS","ATI_REMOTE2 DRIVER",1000
"OPEN FIRMWARE AND FLATTENED DEVICE TREE BINDINGS","ATMEL MAXTOUCH DRIVER",3571
"OPEN FIRMWARE AND FLATTENED DEVICE TREE BINDINGS","AXENTIA ARM DEVICES",983
"OPEN FIRMWARE AND FLATTENED DEVICE TREE BINDINGS","AXI PWM GENERATOR",398
"OPEN FIRMWARE AND FLATTENED DEVICE TREE BINDINGS","AXI SPI ENGINE",1365
"OPEN FIRMWARE AND FLATTENED DEVICE TREE BINDINGS","AXIADO SPI DB DRIVER",1210
"OPEN FIRMWARE AND FLATTENED DEVICE TREE BINDINGS","AXIS ARTPEC ARM64 SoC SUPPORT",3945
"OPEN FIRMWARE AND FLATTENED DEVICE TREE BINDINGS","BLINKM RGB LED DRIVER",833
"OPEN FIRMWARE AND FLATTENED DEVICE TREE BINDINGS","BLZP1600 GPIO DRIVER",367
"OPEN FIRMWARE AND FLATTENED DEVICE TREE BINDINGS","BROADCOM BCM2711/BCM2835 ARM ARCHITECTURE",55601
"OPEN FIRMWARE AND FLATTENED DEVICE TREE BINDINGS","BROADCOM BCM281XX/BCM11XXX/BCM216XX ARM ARCHITECTURE",12831
"OPEN FIRMWARE AND FLATTENED DEVICE TREE BINDINGS","BROADCOM BCM47XX MIPS ARCHITECTURE",3388
"OPEN FIRMWARE AND FLATTENED DEVICE TREE BINDINGS","BROADCOM BCM4908 PINMUX DRIVER",637
"OPEN FIRMWARE AND FLATTENED DEVICE TREE BINDINGS","BROADCOM BCM5301X ARM ARCHITECTURE",7056
"OPEN FIRMWARE AND FLATTENED DEVICE TREE BINDINGS","BROADCOM BCM53573 ARM ARCHITECTURE",571
"OPEN FIRMWARE AND FLATTENED DEVICE TREE BINDINGS","BROADCOM BCM6348/BCM6358 SPI controller DRIVER",758
"OPEN FIRMWARE AND FLATTENED DEVICE TREE BINDINGS","BROADCOM BCM7XXX ARM ARCHITECTURE",15758
"OPEN FIRMWARE AND FLATTENED DEVICE TREE BINDINGS","BROADCOM BCMBCA ARM ARCHITECTURE",7396
"OPEN FIRMWARE AND FLATTENED DEVICE TREE BINDINGS","BROADCOM BMIPS CPUFREQ DRIVER",186
"OPEN FIRMWARE AND FLATTENED DEVICE TREE BINDINGS","BROADCOM BMIPS MIPS ARCHITECTURE",10858
"OPEN FIRMWARE AND FLATTENED DEVICE TREE BINDINGS","BROADCOM BRCMSTB GPIO DRIVER",920
"OPEN FIRMWARE AND FLATTENED DEVICE TREE BINDINGS","BROADCOM BRCMSTB I2C DRIVER",848
"OPEN FIRMWARE AND FLATTENED DEVICE TREE BINDINGS","BROADCOM BRCMSTB UART DRIVER",1329
"OPEN FIRMWARE AND FLATTENED DEVICE TREE BINDINGS","BROADCOM BRCMSTB USB2 and USB3 PHY DRIVER",2479
"OPEN FIRMWARE AND FLATTENED DEVICE TREE BINDINGS","BROADCOM Broadband SoC High Speed SPI Controller DRIVER",1717
"OPEN FIRMWARE AND FLATTENED DEVICE TREE BINDINGS","BROADCOM IPROC ARM ARCHITECTURE",28168
"OPEN FIRMWARE AND FLATTENED DEVICE TREE BINDINGS","BROADCOM KONA GPIO DRIVER",772
"OPEN FIRMWARE AND FLATTENED DEVICE TREE BINDINGS","BROADCOM PMB (POWER MANAGEMENT BUS) DRIVER",375
"OPEN FIRMWARE AND FLATTENED DEVICE TREE BINDINGS","BROADCOM SPI DRIVER",2229
"OPEN FIRMWARE AND FLATTENED DEVICE TREE BINDINGS","BROADCOM STB AVS CPUFREQ DRIVER",859
"OPEN FIRMWARE AND FLATTENED DEVICE TREE BINDINGS","BROADCOM STB AVS TMON DRIVER",435
"OPEN FIRMWARE AND FLATTENED DEVICE TREE BINDINGS","BROADCOM STB DPFE DRIVER",993
"OPEN FIRMWARE AND FLATTENED DEVICE TREE BINDINGS","BROADCOM STB PCIE DRIVER",2451
"OPEN FIRMWARE AND FLATTENED DEVICE TREE BINDINGS","BT8XXGPIO DRIVER",283
"OPEN FIRMWARE AND FLATTENED DEVICE TREE BINDINGS","BUS FREQUENCY DRIVER FOR SAMSUNG EXYNOS",825
"OPEN FIRMWARE AND FLATTENED DEVICE TREE BINDINGS","BXCAN CAN NETWORK DRIVER",1197
"OPEN FIRMWARE AND FLATTENED DEVICE TREE BINDINGS","CAN NETWORK DRIVERS",90278
"OPEN FIRMWARE AND FLATTENED DEVICE TREE BINDINGS","CANAAN/KENDRYTE K210 SOC FPIOA DRIVER",1157
"OPEN FIRMWARE AND FLATTENED DEVICE TREE BINDINGS","CANAAN/KENDRYTE K210 SOC RESET CONTROLLER DRIVER",171
"OPEN FIRMWARE AND FLATTENED DEVICE TREE BINDINGS","CAVIUM I2C DRIVER",1821
"OPEN FIRMWARE AND FLATTENED DEVICE TREE BINDINGS","CAVIUM MMC DRIVER",1835
"OPEN FIRMWARE AND FLATTENED DEVICE TREE BINDINGS","CCTRNG ARM TRUSTZONE CRYPTOCELL TRUE RANDOM NUMBER GENERATOR (TRNG) DRIVER",787
"OPEN FIRMWARE AND FLATTENED DEVICE TREE BINDINGS","CHARLIEPLEX KEYPAD DRIVER",340
"OPEN FIRMWARE AND FLATTENED DEVICE TREE BINDINGS","CHIPONE ICN8318 I2C TOUCHSCREEN DRIVER",333
"OPEN FIRMWARE AND FLATTENED DEVICE TREE BINDINGS","CHIPONE ICN8505 I2C TOUCHSCREEN DRIVER",507
"OPEN FIRMWARE AND FLATTENED DEVICE TREE BINDINGS","CLOCKSOURCE, CLOCKEVENT DRIVERS",37665
"OPEN FIRMWARE AND FLATTENED DEVICE TREE BINDINGS","COMMON CLK FRAMEWORK",946195
"OPEN FIRMWARE AND FLATTENED DEVICE TREE BINDINGS","COMPACTPCI HOTPLUG CORE",1042
"OPEN FIRMWARE AND FLATTENED DEVICE TREE BINDINGS","COMPACTPCI HOTPLUG GENERIC DRIVER",207
"OPEN FIRMWARE AND FLATTENED DEVICE TREE BINDINGS","COMPACTPCI HOTPLUG ZIATECH ZT5550 DRIVER",369
"OPEN FIRMWARE AND FLATTENED DEVICE TREE BINDINGS","CONGATEC BOARD CONTROLLER MFD DRIVER",1597
"OPEN FIRMWARE AND FLATTENED DEVICE TREE BINDINGS","CP2615 I2C DRIVER",338
"OPEN FIRMWARE AND FLATTENED DEVICE TREE BINDINGS","CPU FREQUENCY DRIVERS - CPPC CPUFREQ",1051
"OPEN FIRMWARE AND FLATTENED DEVICE TREE BINDINGS","CPU FREQUENCY DRIVERS - VEXPRESS SPC ARM BIG LITTLE",575
"OPEN FIRMWARE AND FLATTENED DEVICE TREE BINDINGS","CPU FREQUENCY DRIVERS - VIRTUAL MACHINE CPUFREQ",332
"OPEN FIRMWARE AND FLATTENED DEVICE TREE BINDINGS","CPU FREQUENCY SCALING FRAMEWORK",51499
"OPEN FIRMWARE AND FLATTENED DEVICE TREE BINDINGS","CRC LIBRARY",9893
"OPEN FIRMWARE AND FLATTENED DEVICE TREE BINDINGS","CRYPTO LIBRARY",85710
"OPEN FIRMWARE AND FLATTENED DEVICE TREE BINDINGS","CTU CAN FD DRIVER",2486
"OPEN FIRMWARE AND FLATTENED DEVICE TREE BINDINGS","CYPRESS CY8C95X0 PINCTRL DRIVER",1502
"OPEN FIRMWARE AND FLATTENED DEVICE TREE BINDINGS","CYPRESS CY8CTMA140 TOUCHSCREEN DRIVER",349
"OPEN FIRMWARE AND FLATTENED DEVICE TREE BINDINGS","CYPRESS STREETFIGHTER TOUCHKEYS DRIVER",299
"OPEN FIRMWARE AND FLATTENED DEVICE TREE BINDINGS","CYTTSP TOUCHSCREEN DRIVER",2149
"OPEN FIRMWARE AND FLATTENED DEVICE TREE BINDINGS","D-LINK DIR-685 TOUCHKEYS DRIVER",156
"OPEN FIRMWARE AND FLATTENED DEVICE TREE BINDINGS","DALLAS/MAXIM DS1685-FAMILY REAL TIME CLOCK",1806
"OPEN FIRMWARE AND FLATTENED DEVICE TREE BINDINGS","DECSTATION PLATFORM SUPPORT",4396
"OPEN FIRMWARE AND FLATTENED DEVICE TREE BINDINGS","DELTA NETWORKS TN48M CPLD DRIVERS",284
"OPEN FIRMWARE AND FLATTENED DEVICE TREE BINDINGS","DESIGNWARE EDMA CORE IP DRIVER",3959
"OPEN FIRMWARE AND FLATTENED DEVICE TREE BINDINGS","DEVICE FREQUENCY (DEVFREQ)",11340
"OPEN FIRMWARE AND FLATTENED DEVICE TREE BINDINGS","DEVICE FREQUENCY EVENT (DEVFREQ-EVENT)",3177
"OPEN FIRMWARE AND FLATTENED DEVICE TREE BINDINGS","DFROBOT SD2405AL RTC DRIVER",229
"OPEN FIRMWARE AND FLATTENED DEVICE TREE BINDINGS","DH ELECTRONICS DHSOM SOM AND BOARD SUPPORT",9902
"OPEN FIRMWARE AND FLATTENED DEVICE TREE BINDINGS","DIAMOND SYSTEMS GPIO-MM GPIO DRIVER",101
"OPEN FIRMWARE AND FLATTENED DEVICE TREE BINDINGS","DIOLAN U2C-12 I2C DRIVER",512
"OPEN FIRMWARE AND FLATTENED DEVICE TREE BINDINGS","DMA GENERIC OFFLOAD ENGINE SUBSYSTEM",180682
"OPEN FIRMWARE AND FLATTENED DEVICE TREE BINDINGS","DMC FREQUENCY DRIVER FOR SAMSUNG EXYNOS5422",1722
"OPEN FIRMWARE AND FLATTENED DEVICE TREE BINDINGS","DRIVERS FOR OMAP ADAPTIVE VOLTAGE SCALING (AVS)",1324
"OPEN FIRMWARE AND FLATTENED DEVICE TREE BINDINGS","DRM DRIVERS FOR EXYNOS",22177
"OPEN FIRMWARE AND FLATTENED DEVICE TREE BINDINGS","DZ DECSTATION DZ11 SERIAL DRIVER",1081
"OPEN FIRMWARE AND FLATTENED DEVICE TREE BINDINGS","E3X0 POWER BUTTON DRIVER",158
"OPEN FIRMWARE AND FLATTENED DEVICE TREE BINDINGS","ECONET MIPS PLATFORM",1129
"OPEN FIRMWARE AND FLATTENED DEVICE TREE BINDINGS","ELM327 CAN NETWORK DRIVER",1473
"OPEN FIRMWARE AND FLATTENED DEVICE TREE BINDINGS","EMMC CMDQ HOST CONTROLLER INTERFACE (CQHCI) DRIVER",1853
"OPEN FIRMWARE AND FLATTENED DEVICE TREE BINDINGS","EMS CPC-PCI CAN DRIVER",431
"OPEN FIRMWARE AND FLATTENED DEVICE TREE BINDINGS","EPAPR HYPERVISOR BYTE CHANNEL DEVICE DRIVER",820
"OPEN FIRMWARE AND FLATTENED DEVICE TREE BINDINGS","ESD CAN NETWORK DRIVERS",1661
"OPEN FIRMWARE AND FLATTENED DEVICE TREE BINDINGS","ESD CAN/USB DRIVERS",1409
"OPEN FIRMWARE AND FLATTENED DEVICE TREE BINDINGS","ESWIN DEVICETREES",405
"OPEN FIRMWARE AND FLATTENED DEVICE TREE BINDINGS","ESWIN EIC7700 CLOCK DRIVER",2656
"OPEN FIRMWARE AND FLATTENED DEVICE TREE BINDINGS","ETAS ES58X CAN/USB DRIVER",4840
"OPEN FIRMWARE AND FLATTENED DEVICE TREE BINDINGS","EXPRESSWIRE PROTOCOL LIBRARY",117
"OPEN FIRMWARE AND FLATTENED DEVICE TREE BINDINGS","EXYNOS DP DRIVER",292
"OPEN FIRMWARE AND FLATTENED DEVICE TREE BINDINGS","FINTEK F81604 USB to 2xCANBUS DEVICE DRIVER",1239
"OPEN FIRMWARE AND FLATTENED DEVICE TREE BINDINGS","FLYSKY FSIA6B RC RECEIVER",231
"OPEN FIRMWARE AND FLATTENED DEVICE TREE BINDINGS","FREESCALE COLDFIRE M5441X MMC DRIVER",528
"OPEN FIRMWARE AND FLATTENED DEVICE TREE BINDINGS","FREESCALE DMA DRIVER",1707
"OPEN FIRMWARE AND FLATTENED DEVICE TREE BINDINGS","FREESCALE DSPI DRIVER",1924
"OPEN FIRMWARE AND FLATTENED DEVICE TREE BINDINGS","FREESCALE eDMA DRIVER",2938
"OPEN FIRMWARE AND FLATTENED DEVICE TREE BINDINGS","FREESCALE I2C CPM DRIVER",715
"OPEN FIRMWARE AND FLATTENED DEVICE TREE BINDINGS","FREESCALE IMX I2C DRIVER",2109
"OPEN FIRMWARE AND FLATTENED DEVICE TREE BINDINGS","FREESCALE IMX LPI2C DRIVER",1800
"OPEN FIRMWARE AND FLATTENED DEVICE TREE BINDINGS","FREESCALE IMX LPSPI DRIVER",1180
"OPEN FIRMWARE AND FLATTENED DEVICE TREE BINDINGS","FREESCALE MPC I2C DRIVER",1055
"OPEN FIRMWARE AND FLATTENED DEVICE TREE BINDINGS","FREESCALE QUAD SPI DRIVER",1157
"OPEN FIRMWARE AND FLATTENED DEVICE TREE BINDINGS","FREESCALE QUICC ENGINE UCC UART DRIVER",1531
"OPEN FIRMWARE AND FLATTENED DEVICE TREE BINDINGS","FSI SUBSYSTEM",9961
"OPEN FIRMWARE AND FLATTENED DEVICE TREE BINDINGS","FSI-ATTACHED I2C DRIVER",851
"OPEN FIRMWARE AND FLATTENED DEVICE TREE BINDINGS","FSI-ATTACHED SPI DRIVER",668
"OPEN FIRMWARE AND FLATTENED DEVICE TREE BINDINGS","GDB KERNEL DEBUGGING HELPER SCRIPTS",5253
"OPEN FIRMWARE AND FLATTENED DEVICE TREE BINDINGS","GENERIC GPIO I2C DRIVER",548
"OPEN FIRMWARE AND FLATTENED DEVICE TREE BINDINGS","GENERIC GPIO I2C MULTIPLEXER DRIVER",380
"OPEN FIRMWARE AND FLATTENED DEVICE TREE BINDINGS","GENERIC GPIO RESET DRIVER",100
"OPEN FIRMWARE AND FLATTENED DEVICE TREE BINDINGS","GENERIC PHY FRAMEWORK",173519
"OPEN FIRMWARE AND FLATTENED DEVICE TREE BINDINGS","GENERIC PINCTRL I2C DEMULTIPLEXER DRIVER",499
"OPEN FIRMWARE AND FLATTENED DEVICE TREE BINDINGS","GENERIC PM DOMAINS",36002
"OPEN FIRMWARE AND FLATTENED DEVICE TREE BINDINGS","GENERIC RESISTIVE TOUCHSCREEN ADC DRIVER",303
"OPEN FIRMWARE AND FLATTENED DEVICE TREE BINDINGS","GNSS SUBSYSTEM",2355
"OPEN FIRMWARE AND FLATTENED DEVICE TREE BINDINGS","GOCONTROLL MODULINE MODULE SLOT",88
"OPEN FIRMWARE AND FLATTENED DEVICE TREE BINDINGS","GOODIX TOUCHSCREEN",3262
"OPEN FIRMWARE AND FLATTENED DEVICE TREE BINDINGS","GOOGLE TENSOR SoC SUPPORT",11735
"OPEN FIRMWARE AND FLATTENED DEVICE TREE BINDINGS","GPIO ACPI SUPPORT",2207
"OPEN FIRMWARE AND FLATTENED DEVICE TREE BINDINGS","GPIO AGGREGATOR",1956
"OPEN FIRMWARE AND FLATTENED DEVICE TREE BINDINGS","GPIO LINE MUX",223
"OPEN FIRMWARE AND FLATTENED DEVICE TREE BINDINGS","GPIO REGMAP",537
"OPEN FIRMWARE AND FLATTENED DEVICE TREE BINDINGS","GPIO SLOPPY LOGIC ANALYZER",684
"OPEN FIRMWARE AND FLATTENED DEVICE TREE BINDINGS","GPIO SUBSYSTEM",111418
"OPEN FIRMWARE AND FLATTENED DEVICE TREE BINDINGS","GPIO UAPI",6739
"OPEN FIRMWARE AND FLATTENED DEVICE TREE BINDINGS","HARDWARE RANDOM NUMBER GENERATOR CORE",14992
"OPEN FIRMWARE AND FLATTENED DEVICE TREE BINDINGS","HEWLETT PACKARD ENTERPRISE ILO NMI WATCHDOG DRIVER",514
"OPEN FIRMWARE AND FLATTENED DEVICE TREE BINDINGS","HIMAX HX83112B TOUCHSCREEN SUPPORT",517
"OPEN FIRMWARE AND FLATTENED DEVICE TREE BINDINGS","HIMAX HX852X TOUCHSCREEN DRIVER",584
"OPEN FIRMWARE AND FLATTENED DEVICE TREE BINDINGS","HISILICON DMA DRIVER",1053
"OPEN FIRMWARE AND FLATTENED DEVICE TREE BINDINGS","HISILICON GPIO DRIVER",399
"OPEN FIRMWARE AND FLATTENED DEVICE TREE BINDINGS","HISILICON I2C CONTROLLER DRIVER",616
"OPEN FIRMWARE AND FLATTENED DEVICE TREE BINDINGS","HISILICON LPC BUS DRIVER",755
"OPEN FIRMWARE AND FLATTENED DEVICE TREE BINDINGS","HISILICON SOC HHA DRIVER",194
"OPEN FIRMWARE AND FLATTENED DEVICE TREE BINDINGS","HISILICON SPI Controller DRIVER FOR KUNPENG SOCS",565
"OPEN FIRMWARE AND FLATTENED DEVICE TREE BINDINGS","HISILICON SPMI CONTROLLER DRIVER FOR HIKEY 970",417
"OPEN FIRMWARE AND FLATTENED DEVICE TREE BINDINGS","HISILICON V3XX SPI NOR FLASH Controller Driver",547
"OPEN FIRMWARE AND FLATTENED DEVICE TREE BINDINGS","HTCPEN TOUCHSCREEN DRIVER",243
"OPEN FIRMWARE AND FLATTENED DEVICE TREE BINDINGS","HTE SUBSYSTEM",2854
"OPEN FIRMWARE AND FLATTENED DEVICE TREE BINDINGS","HYCON HY46XX TOUCHSCREEN SUPPORT",694
"OPEN FIRMWARE AND FLATTENED DEVICE TREE BINDINGS","HYPERVISOR VIRTUAL CONSOLE DRIVER",8270
"OPEN FIRMWARE AND FLATTENED DEVICE TREE BINDINGS","I2C ACPI SUPPORT",847
"OPEN FIRMWARE AND FLATTENED DEVICE TREE BINDINGS","I2C ADDRESS TRANSLATOR (ATR)",1094
"OPEN FIRMWARE AND FLATTENED DEVICE TREE BINDINGS","I2C CONTROLLER DRIVER FOR NVIDIA GPU",395
"OPEN FIRMWARE AND FLATTENED DEVICE TREE BINDINGS","I2C MUXES",5199
"OPEN FIRMWARE AND FLATTENED DEVICE TREE BINDINGS","I2C MV64XXX MARVELL AND ALLWINNER DRIVER",1254
"OPEN FIRMWARE AND FLATTENED DEVICE TREE BINDINGS","I2C OF COMPONENT PROBER",555
"OPEN FIRMWARE AND FLATTENED DEVICE TREE BINDINGS","I2C OVER PARALLEL PORT",598
"OPEN FIRMWARE AND FLATTENED DEVICE TREE BINDINGS","I2C SUBSYSTEM",16966
"OPEN FIRMWARE AND FLATTENED DEVICE TREE BINDINGS","I2C SUBSYSTEM HOST DRIVERS",109913
"OPEN FIRMWARE AND FLATTENED DEVICE TREE BINDINGS","I2C-TAOS-EVM DRIVER",359
"OPEN FIRMWARE AND FLATTENED DEVICE TREE BINDINGS","I2C-TINY-USB DRIVER",303
"OPEN FIRMWARE AND FLATTENED DEVICE TREE BINDINGS","I2C/SMBUS CONTROLLER DRIVERS FOR PC",9056
"OPEN FIRMWARE AND FLATTENED DEVICE TREE BINDINGS","I2C/SMBUS INTEL CHT WHISKEY COVE PMIC DRIVER",559
"OPEN FIRMWARE AND FLATTENED DEVICE TREE BINDINGS","I2C/SMBUS ISMT DRIVER",1038
"OPEN FIRMWARE AND FLATTENED DEVICE TREE BINDINGS","I2C/SMBUS STUB DRIVER",417
"OPEN FIRMWARE AND FLATTENED DEVICE TREE BINDINGS","I2C/SMBUS ZHAOXIN DRIVER",570
"OPEN FIRMWARE AND FLATTENED DEVICE TREE BINDINGS","IBM Operation Panel Input Driver",246
"OPEN FIRMWARE AND FLATTENED DEVICE TREE BINDINGS","ICY I2C DRIVER",215
"OPEN FIRMWARE AND FLATTENED DEVICE TREE BINDINGS","IDEAPAD LAPTOP SLIDEBAR DRIVER",339
"OPEN FIRMWARE AND FLATTENED DEVICE TREE BINDINGS","IDT VersaClock 5 CLOCK DRIVER",1550
"OPEN FIRMWARE AND FLATTENED DEVICE TREE BINDINGS","IMAGIS TOUCHSCREEN DRIVER",576
"OPEN FIRMWARE AND FLATTENED DEVICE TREE BINDINGS","INGENIC JZ47xx SoCs",30461
"OPEN FIRMWARE AND FLATTENED DEVICE TREE BINDINGS","INPUT (KEYBOARD, MOUSE, JOYSTICK, TOUCHSCREEN) DRIVERS",249979
"OPEN FIRMWARE AND FLATTENED DEVICE TREE BINDINGS","INPUT MULTITOUCH (MT) PROTOCOL",949
"OPEN FIRMWARE AND FLATTENED DEVICE TREE BINDINGS","INTEL 8255 GPIO DRIVER",175
"OPEN FIRMWARE AND FLATTENED DEVICE TREE BINDINGS","INTEL GPIO DRIVERS",3418
"OPEN FIRMWARE AND FLATTENED DEVICE TREE BINDINGS","INTEL GPIO GPE DRIVER",323
"OPEN FIRMWARE AND FLATTENED DEVICE TREE BINDINGS","INTEL IDXD DRIVER",10141
"OPEN FIRMWARE AND FLATTENED DEVICE TREE BINDINGS","INTEL PMIC GPIO DRIVERS",910
"OPEN FIRMWARE AND FLATTENED DEVICE TREE BINDINGS","INTEL PSTATE DRIVER",3948
"OPEN FIRMWARE AND FLATTENED DEVICE TREE BINDINGS","INTEL STRATIX10 FIRMWARE DRIVERS",4330
"OPEN FIRMWARE AND FLATTENED DEVICE TREE BINDINGS","INTERCONNECT API",86403
"OPEN FIRMWARE AND FLATTENED DEVICE TREE BINDINGS","INTERCONNECT KUNIT TESTS",324
"OPEN FIRMWARE AND FLATTENED DEVICE TREE BINDINGS","IPMI SUBSYSTEM",24985
"OPEN FIRMWARE AND FLATTENED DEVICE TREE BINDINGS","IPWIRELESS DRIVER",3617
"OPEN FIRMWARE AND FLATTENED DEVICE TREE BINDINGS","IRQCHIP DRIVERS",73723
"OPEN FIRMWARE AND FLATTENED DEVICE TREE BINDINGS","JSM Neo PCI based serial card",3887
"OPEN FIRMWARE AND FLATTENED DEVICE TREE BINDINGS","KERNEL VIRTUAL MACHINE FOR MIPS (KVM/mips)",10959
"OPEN FIRMWARE AND FLATTENED DEVICE TREE BINDINGS","KERNEL VIRTUAL MACHINE FOR RISC-V (KVM/riscv)",18660
"OPEN FIRMWARE AND FLATTENED DEVICE TREE BINDINGS","LANTIQ MIPS ARCHITECTURE",3235
"OPEN FIRMWARE AND FLATTENED DEVICE TREE BINDINGS","LED SUBSYSTEM",67786
"OPEN FIRMWARE AND FLATTENED DEVICE TREE BINDINGS","LIBATA PATA ARASAN COMPACT FLASH CONTROLLER",1027
"OPEN FIRMWARE AND FLATTENED DEVICE TREE BINDINGS","LIBATA PATA FARADAY FTIDE010 AND GEMINI SATA BRIDGE DRIVERS",991
"OPEN FIRMWARE AND FLATTENED DEVICE TREE BINDINGS","LIBATA SATA AHCI PLATFORM devices support",1132
"OPEN FIRMWARE AND FLATTENED DEVICE TREE BINDINGS","LIBATA SATA PROMISE TX2/TX4 CONTROLLER DRIVER",1371
"OPEN FIRMWARE AND FLATTENED DEVICE TREE BINDINGS","LIBATA SUBSYSTEM (Serial and Parallel ATA drivers)",100921
"OPEN FIRMWARE AND FLATTENED DEVICE TREE BINDINGS","LITEX PLATFORM",2108
"OPEN FIRMWARE AND FLATTENED DEVICE TREE BINDINGS","LOONGSON GPIO DRIVER",747
"OPEN FIRMWARE AND FLATTENED DEVICE TREE BINDINGS","LOONGSON LS2X I2C DRIVER",428
"OPEN FIRMWARE AND FLATTENED DEVICE TREE BINDINGS","LOONGSON PWM DRIVER",357
"OPEN FIRMWARE AND FLATTENED DEVICE TREE BINDINGS","LOONGSON SPI DRIVER",475
"OPEN FIRMWARE AND FLATTENED DEVICE TREE BINDINGS","LOONGSON-2 DMA DRIVER",1559
"OPEN FIRMWARE AND FLATTENED DEVICE TREE BINDINGS","LOONGSON-2 SOC SERIES CLOCK DRIVER",619
"OPEN FIRMWARE AND FLATTENED DEVICE TREE BINDINGS","LOONGSON-2 SOC SERIES GUTS DRIVER",229
"OPEN FIRMWARE AND FLATTENED DEVICE TREE BINDINGS","LOONGSON-2 SOC SERIES MMC/SD/SDIO CONTROLLER DRIVER",1169
"OPEN FIRMWARE AND FLATTENED DEVICE TREE BINDINGS","LOONGSON-2 SOC SERIES PINCTRL DRIVER",435
"OPEN FIRMWARE AND FLATTENED DEVICE TREE BINDINGS","LOONGSON-2 SOC SERIES PM DRIVER",303
"OPEN FIRMWARE AND FLATTENED DEVICE TREE BINDINGS","LOONGSON-2 SOC SERIES THERMAL DRIVER",289
"OPEN FIRMWARE AND FLATTENED DEVICE TREE BINDINGS","LPC32XX DMAMUX SUPPORT",49
"OPEN FIRMWARE AND FLATTENED DEVICE TREE BINDINGS","LTC4306 I2C MULTIPLEXER DRIVER",378
"OPEN FIRMWARE AND FLATTENED DEVICE TREE BINDINGS","LYNX 28G SERDES PHY DRIVER",1362
"OPEN FIRMWARE AND FLATTENED DEVICE TREE BINDINGS","MAILBOX API",29344
"OPEN FIRMWARE AND FLATTENED DEVICE TREE BINDINGS","MAILBOX ARM MHUv2",1365
"OPEN FIRMWARE AND FLATTENED DEVICE TREE BINDINGS","MAILBOX ARM MHUv3",1327
"OPEN FIRMWARE AND FLATTENED DEVICE TREE BINDINGS","MARDUK (CREATOR CI40) DEVICE TREE SUPPORT",1091
"OPEN FIRMWARE AND FLATTENED DEVICE TREE BINDINGS","MARVELL ARMADA 3700 PHY DRIVERS",1870
"OPEN FIRMWARE AND FLATTENED DEVICE TREE BINDINGS","MARVELL ARMADA 3700 SERIAL DRIVER",1692
"OPEN FIRMWARE AND FLATTENED DEVICE TREE BINDINGS","MARVELL MACCHIATOBIN SUPPORT",45
"OPEN FIRMWARE AND FLATTENED DEVICE TREE BINDINGS","MARVELL MVEBU THERMAL DRIVER",984
"OPEN FIRMWARE AND FLATTENED DEVICE TREE BINDINGS","MARVELL OCTEON HOTPLUG DRIVER",427
"OPEN FIRMWARE AND FLATTENED DEVICE TREE BINDINGS","MARVELL SOC MMC/SD/SDIO CONTROLLER DRIVER",1018
"OPEN FIRMWARE AND FLATTENED DEVICE TREE BINDINGS","MARVELL XENON MMC/SD/SDIO HOST CONTROLLER DRIVER",1974
"OPEN FIRMWARE AND FLATTENED DEVICE TREE BINDINGS","MAX31335 RTC DRIVER",848
"OPEN FIRMWARE AND FLATTENED DEVICE TREE BINDINGS","MAXIM MAX7360 KEYPAD LED MFD DRIVER",1736
"OPEN FIRMWARE AND FLATTENED DEVICE TREE BINDINGS","MCAN DEVICE DRIVER",4357
"OPEN FIRMWARE AND FLATTENED DEVICE TREE BINDINGS","MCBA MICROCHIP CAN BUS ANALYZER TOOL DRIVER",919
"OPEN FIRMWARE AND FLATTENED DEVICE TREE BINDINGS","MCP251XFD SPI-CAN NETWORK DRIVER",6658
"OPEN FIRMWARE AND FLATTENED DEVICE TREE BINDINGS","MEDIATEK MT7621 PCIE CONTROLLER DRIVER",725
"OPEN FIRMWARE AND FLATTENED DEVICE TREE BINDINGS","MEDIATEK MTMIPS CLOCK DRIVER",1209
"OPEN FIRMWARE AND FLATTENED DEVICE TREE BINDINGS","MEDIATEK SMI DRIVER",1350
"OPEN FIRMWARE AND FLATTENED DEVICE TREE BINDINGS","MELLANOX BLUEFIELD I2C DRIVER",2447
"OPEN FIRMWARE AND FLATTENED DEVICE TREE BINDINGS","MELLANOX MLXCPLD I2C AND MUX DRIVER",855
"OPEN FIRMWARE AND FLATTENED DEVICE TREE BINDINGS","MELLANOX MLXCPLD LED DRIVER",845
"OPEN FIRMWARE AND FLATTENED DEVICE TREE BINDINGS","MEMORY CONTROLLER DRIVERS",51797
"OPEN FIRMWARE AND FLATTENED DEVICE TREE BINDINGS","MEMORY FREQUENCY SCALING DRIVERS FOR NVIDIA TEGRA",985
"OPEN FIRMWARE AND FLATTENED DEVICE TREE BINDINGS","MEN A21 WATCHDOG DRIVER",228
"OPEN FIRMWARE AND FLATTENED DEVICE TREE BINDINGS","MEN Z069 WATCHDOG DRIVER",167
"OPEN FIRMWARE AND FLATTENED DEVICE TREE BINDINGS","METHODE UDPU SUPPORT",270
"OPEN FIRMWARE AND FLATTENED DEVICE TREE BINDINGS","MHI BUS",13116
"OPEN FIRMWARE AND FLATTENED DEVICE TREE BINDINGS","MICROCHIP AT91 DMA DRIVERS",4913
"OPEN FIRMWARE AND FLATTENED DEVICE TREE BINDINGS","MICROCHIP AT91 SERIAL DRIVER",3398
"OPEN FIRMWARE AND FLATTENED DEVICE TREE BINDINGS","MICROCHIP AT91 USART MFD DRIVER",286
"OPEN FIRMWARE AND FLATTENED DEVICE TREE BINDINGS","MICROCHIP AT91 USART SPI DRIVER",868
"OPEN FIRMWARE AND FLATTENED DEVICE TREE BINDINGS","MICROCHIP EIC DRIVER",358
"OPEN FIRMWARE AND FLATTENED DEVICE TREE BINDINGS","MICROCHIP I2C DRIVER",1611
"OPEN FIRMWARE AND FLATTENED DEVICE TREE BINDINGS","MICROCHIP LAN966X OIC DRIVER",328
"OPEN FIRMWARE AND FLATTENED DEVICE TREE BINDINGS","MICROCHIP MMC/SD/SDIO MCI DRIVER",2658
"OPEN FIRMWARE AND FLATTENED DEVICE TREE BINDINGS","MICROCHIP OTPC DRIVER",352
"OPEN FIRMWARE AND FLATTENED DEVICE TREE BINDINGS","MICROCHIP PCI1XXXX I2C DRIVER",1212
"OPEN FIRMWARE AND FLATTENED DEVICE TREE BINDINGS","MICROCHIP PCIe UART DRIVER",887
"OPEN FIRMWARE AND FLATTENED DEVICE TREE BINDINGS","MICROCHIP PWM DRIVER",595
"OPEN FIRMWARE AND FLATTENED DEVICE TREE BINDINGS","MICROCHIP SAMA5D2-COMPATIBLE SHUTDOWN CONTROLLER",578
"OPEN FIRMWARE AND FLATTENED DEVICE TREE BINDINGS","MICROCHIP SOC DRIVERS",1079
"OPEN FIRMWARE AND FLATTENED DEVICE TREE BINDINGS","MICROCHIP SPI DRIVER",1834
"OPEN FIRMWARE AND FLATTENED DEVICE TREE BINDINGS","MICROCHIP SSC DRIVER",723
"OPEN FIRMWARE AND FLATTENED DEVICE TREE BINDINGS","MICROSEMI MIPS SOCS",1819
"OPEN FIRMWARE AND FLATTENED DEVICE TREE BINDINGS","MIKROTIK CRS3XX 98DX3236 BOARD SUPPORT",180
"OPEN FIRMWARE AND FLATTENED DEVICE TREE BINDINGS","MIPS",335966
"OPEN FIRMWARE AND FLATTENED DEVICE TREE BINDINGS","MIPS BOSTON DEVELOPMENT BOARD",439
"OPEN FIRMWARE AND FLATTENED DEVICE TREE BINDINGS","MIPS CORE DRIVERS",2482
"OPEN FIRMWARE AND FLATTENED DEVICE TREE BINDINGS","MIPS GENERIC PLATFORM",1732
"OPEN FIRMWARE AND FLATTENED DEVICE TREE BINDINGS","MIPS RINT INSTRUCTION EMULATION",157
"OPEN FIRMWARE AND FLATTENED DEVICE TREE BINDINGS","MIPS/LOONGSON2EF ARCHITECTURE",4458
"OPEN FIRMWARE AND FLATTENED DEVICE TREE BINDINGS","MIPS/LOONGSON64 ARCHITECTURE",6970
"OPEN FIRMWARE AND FLATTENED DEVICE TREE BINDINGS","MMP USB PHY DRIVERS",632
"OPEN FIRMWARE AND FLATTENED DEVICE TREE BINDINGS","MOBILEYE MIPS SOCS",4518
"OPEN FIRMWARE AND FLATTENED DEVICE TREE BINDINGS","MOXA SMARTIO/INDUSTIO/INTELLIO SERIAL CARD",2078
"OPEN FIRMWARE AND FLATTENED DEVICE TREE BINDINGS","MSTAR INTERRUPT CONTROLLER DRIVER",359
"OPEN FIRMWARE AND FLATTENED DEVICE TREE BINDINGS","MULTIMEDIA CARD (MMC) ETC. OVER SPI",1400
"OPEN FIRMWARE AND FLATTENED DEVICE TREE BINDINGS","MULTIMEDIA CARD (MMC), SECURE DIGITAL (SD) AND SDIO SUBSYSTEM",149275
"OPEN FIRMWARE AND FLATTENED DEVICE TREE BINDINGS","MULTIPLEXER SUBSYSTEM",2549
"OPEN FIRMWARE AND FLATTENED DEVICE TREE BINDINGS","NATIONAL INSTRUMENTS SERIAL DRIVER",450
"OPEN FIRMWARE AND FLATTENED DEVICE TREE BINDINGS","NOVATEK NVT-TS I2C TOUCHSCREEN DRIVER",411
"OPEN FIRMWARE AND FLATTENED DEVICE TREE BINDINGS","NTB AMD DRIVER",1606
"OPEN FIRMWARE AND FLATTENED DEVICE TREE BINDINGS","NTB DRIVER CORE",26585
"OPEN FIRMWARE AND FLATTENED DEVICE TREE BINDINGS","NTB INTEL DRIVER",4016
"OPEN FIRMWARE AND FLATTENED DEVICE TREE BINDINGS","NUVOTON NCT6694 MFD DRIVER",3569
"OPEN FIRMWARE AND FLATTENED DEVICE TREE BINDINGS","NVIDIA VRS RTC DRIVER",601
"OPEN FIRMWARE AND FLATTENED DEVICE TREE BINDINGS","NVMEM FRAMEWORK",17135
"OPEN FIRMWARE AND FLATTENED DEVICE TREE BINDINGS","NXP FSPI DRIVER",1576
"OPEN FIRMWARE AND FLATTENED DEVICE TREE BINDINGS","NXP i.MX CLOCK DRIVERS",27270
"OPEN FIRMWARE AND FLATTENED DEVICE TREE BINDINGS","NXP XSPI DRIVER",1477
"OPEN FIRMWARE AND FLATTENED DEVICE TREE BINDINGS","OMAP DEVICE TREE SUPPORT",91824
"OPEN FIRMWARE AND FLATTENED DEVICE TREE BINDINGS","OMAP GENERAL PURPOSE MEMORY CONTROLLER SUPPORT",2713
"OPEN FIRMWARE AND FLATTENED DEVICE TREE BINDINGS","OMAP GPIO DRIVER",1712
"OPEN FIRMWARE AND FLATTENED DEVICE TREE BINDINGS","OMAP HS MMC SUPPORT",2122
"OPEN FIRMWARE AND FLATTENED DEVICE TREE BINDINGS","OMAP MMC SUPPORT",1570
"OPEN FIRMWARE AND FLATTENED DEVICE TREE BINDINGS","OMAP RANDOM NUMBER GENERATOR SUPPORT",568
"OPEN FIRMWARE AND FLATTENED DEVICE TREE BINDINGS","OMAP/NEWFLOW NANOBONE MACHINE SUPPORT",492
"OPEN FIRMWARE AND FLATTENED DEVICE TREE BINDINGS","ONIE TLV NVMEM LAYOUT DRIVER",407
"OPEN FIRMWARE AND FLATTENED DEVICE TREE BINDINGS","ONION OMEGA2+ BOARD",18
"OPEN FIRMWARE AND FLATTENED DEVICE TREE BINDINGS","OP-TEE RANDOM NUMBER GENERATOR (RNG) DRIVER",288
"OPEN FIRMWARE AND FLATTENED DEVICE TREE BINDINGS","OP-TEE RTC DRIVER",735
"OPEN FIRMWARE AND FLATTENED DEVICE TREE BINDINGS","OPEN FIRMWARE AND FLATTENED DEVICE TREE BINDINGS",2906325
"OPEN FIRMWARE AND FLATTENED DEVICE TREE BINDINGS","OPENCORES I2C BUS DRIVER",984
"OPEN FIRMWARE AND FLATTENED DEVICE TREE BINDINGS","PCA9532 LED DRIVER",643
"OPEN FIRMWARE AND FLATTENED DEVICE TREE BINDINGS","PCI DRIVER FOR AARDVARK (Marvell Armada 3700)",2090
"OPEN FIRMWARE AND FLATTENED DEVICE TREE BINDINGS","PCI DRIVER FOR ALTERA PCIE IP",1188
"OPEN FIRMWARE AND FLATTENED DEVICE TREE BINDINGS","PCI DRIVER FOR ANDES QILAI PCIE",286
"OPEN FIRMWARE AND FLATTENED DEVICE TREE BINDINGS","PCI DRIVER FOR APPLIEDMICRO XGENE",749
"OPEN FIRMWARE AND FLATTENED DEVICE TREE BINDINGS","PCI DRIVER FOR ARM VERSATILE PLATFORM",264
"OPEN FIRMWARE AND FLATTENED DEVICE TREE BINDINGS","PCI DRIVER FOR ARMADA 8K",449
"OPEN FIRMWARE AND FLATTENED DEVICE TREE BINDINGS","PCI DRIVER FOR CADENCE PCIE IP",4919
"OPEN FIRMWARE AND FLATTENED DEVICE TREE BINDINGS","PCI DRIVER FOR CIX Sky1",326
"OPEN FIRMWARE AND FLATTENED DEVICE TREE BINDINGS","PCI DRIVER FOR FREESCALE LAYERSCAPE",724
"OPEN FIRMWARE AND FLATTENED DEVICE TREE BINDINGS","PCI DRIVER FOR FU740",477
"OPEN FIRMWARE AND FLATTENED DEVICE TREE BINDINGS","PCI DRIVER FOR GENERIC OF HOSTS",383
"OPEN FIRMWARE AND FLATTENED DEVICE TREE BINDINGS","PCI DRIVER FOR IMX6",2840
"OPEN FIRMWARE AND FLATTENED DEVICE TREE BINDINGS","PCI DRIVER FOR INTEL IXP4XX",778
"OPEN FIRMWARE AND FLATTENED DEVICE TREE BINDINGS","PCI DRIVER FOR INTEL VOLUME MANAGEMENT DEVICE (VMD)",1154
"OPEN FIRMWARE AND FLATTENED DEVICE TREE BINDINGS","PCI DRIVER FOR MICROSEMI SWITCHTEC",4395
"OPEN FIRMWARE AND FLATTENED DEVICE TREE BINDINGS","PCI DRIVER FOR MOBIVEIL PCIE IP",1270
"OPEN FIRMWARE AND FLATTENED DEVICE TREE BINDINGS","PCI DRIVER FOR MVEBU (Marvell Armada 370 and Armada XP SOC support)",1715
"OPEN FIRMWARE AND FLATTENED DEVICE TREE BINDINGS","PCI DRIVER FOR NVIDIA TEGRA",3398
"OPEN FIRMWARE AND FLATTENED DEVICE TREE BINDINGS","PCI DRIVER FOR NXP LAYERSCAPE GEN4 CONTROLLER",249
"OPEN FIRMWARE AND FLATTENED DEVICE TREE BINDINGS","PCI DRIVER FOR PLDA PCIE IP",1006
"OPEN FIRMWARE AND FLATTENED DEVICE TREE BINDINGS","PCI DRIVER FOR RENESAS R-CAR",3810
"OPEN FIRMWARE AND FLATTENED DEVICE TREE BINDINGS","PCI DRIVER FOR SAMSUNG EXYNOS",396
"OPEN FIRMWARE AND FLATTENED DEVICE TREE BINDINGS","PCI DRIVER FOR STM32MP25",941
"OPEN FIRMWARE AND FLATTENED DEVICE TREE BINDINGS","PCI DRIVER FOR SYNOPSYS DESIGNWARE",6700
"OPEN FIRMWARE AND FLATTENED DEVICE TREE BINDINGS","PCI DRIVER FOR TI DRA7XX/J721E",1841
"OPEN FIRMWARE AND FLATTENED DEVICE TREE BINDINGS","PCI DRIVER FOR V3 SEMICONDUCTOR V360EPC",1007
"OPEN FIRMWARE AND FLATTENED DEVICE TREE BINDINGS","PCI DRIVER FOR XILINX VERSAL CPM",823
"OPEN FIRMWARE AND FLATTENED DEVICE TREE BINDINGS","PCI ENDPOINT SUBSYSTEM",12760
"OPEN FIRMWARE AND FLATTENED DEVICE TREE BINDINGS","PCI MSI DRIVER FOR ALTERA MSI IP",349
"OPEN FIRMWARE AND FLATTENED DEVICE TREE BINDINGS","PCI MSI DRIVER FOR APPLIEDMICRO XGENE",453
"OPEN FIRMWARE AND FLATTENED DEVICE TREE BINDINGS","PCI NATIVE HOST BRIDGE AND ENDPOINT DRIVERS",94786
"OPEN FIRMWARE AND FLATTENED DEVICE TREE BINDINGS","PCI PEER-TO-PEER DMA (P2PDMA)",1606
"OPEN FIRMWARE AND FLATTENED DEVICE TREE BINDINGS","PCI POWER CONTROL",1482
"OPEN FIRMWARE AND FLATTENED DEVICE TREE BINDINGS","PCI SUBSYSTEM",218886
"OPEN FIRMWARE AND FLATTENED DEVICE TREE BINDINGS","PCIE BANDWIDTH CONTROLLER",632
"OPEN FIRMWARE AND FLATTENED DEVICE TREE BINDINGS","PCIE DRIVER FOR AMAZON ANNAPURNA LABS",462
"OPEN FIRMWARE AND FLATTENED DEVICE TREE BINDINGS","PCIE DRIVER FOR AMLOGIC MESON",477
"OPEN FIRMWARE AND FLATTENED DEVICE TREE BINDINGS","PCIE DRIVER FOR AXIS ARTPEC",639
"OPEN FIRMWARE AND FLATTENED DEVICE TREE BINDINGS","PCIE DRIVER FOR CAVIUM THUNDERX",846
"OPEN FIRMWARE AND FLATTENED DEVICE TREE BINDINGS","PCIE DRIVER FOR ESWIN",574
"OPEN FIRMWARE AND FLATTENED DEVICE TREE BINDINGS","PCIE DRIVER FOR HISILICON",181
"OPEN FIRMWARE AND FLATTENED DEVICE TREE BINDINGS","PCIE DRIVER FOR HISILICON KIRIN",948
"OPEN FIRMWARE AND FLATTENED DEVICE TREE BINDINGS","PCIE DRIVER FOR HISILICON STB",520
"OPEN FIRMWARE AND FLATTENED DEVICE TREE BINDINGS","PCIE DRIVER FOR INTEL KEEM BAY",647
"OPEN FIRMWARE AND FLATTENED DEVICE TREE BINDINGS","PCIE DRIVER FOR INTEL LGM GW SOC",564
"OPEN FIRMWARE AND FLATTENED DEVICE TREE BINDINGS","PCIE DRIVER FOR MEDIATEK",3879
"OPEN FIRMWARE AND FLATTENED DEVICE TREE BINDINGS","PCIE DRIVER FOR MICROCHIP",931
"OPEN FIRMWARE AND FLATTENED DEVICE TREE BINDINGS","PCIE DRIVER FOR QUALCOMM MSM",2268
"OPEN FIRMWARE AND FLATTENED DEVICE TREE BINDINGS","PCIE DRIVER FOR RENESAS RZ/G3S SERIES",2257
"OPEN FIRMWARE AND FLATTENED DEVICE TREE BINDINGS","PCIE DRIVER FOR ROCKCHIP",2889
"OPEN FIRMWARE AND FLATTENED DEVICE TREE BINDINGS","PCIE DRIVER FOR SOCIONEXT UNIPHIER",1125
"OPEN FIRMWARE AND FLATTENED DEVICE TREE BINDINGS","PCIE DRIVER FOR ST SPEAR13XX",263
"OPEN FIRMWARE AND FLATTENED DEVICE TREE BINDINGS","PCIE DRIVER FOR STARFIVE JH71x0",623
"OPEN FIRMWARE AND FLATTENED DEVICE TREE BINDINGS","PCIE ENDPOINT DRIVER FOR QUALCOMM",1519
"OPEN FIRMWARE AND FLATTENED DEVICE TREE BINDINGS","PCIE M.2 POWER SEQUENCING",815
"OPEN FIRMWARE AND FLATTENED DEVICE TREE BINDINGS","PECI SUBSYSTEM",2902
"OPEN FIRMWARE AND FLATTENED DEVICE TREE BINDINGS","PHOENIX RC FLIGHT CONTROLLER ADAPTER",331
"OPEN FIRMWARE AND FLATTENED DEVICE TREE BINDINGS","PHY COMMON PROPERTIES",820
"OPEN FIRMWARE AND FLATTENED DEVICE TREE BINDINGS","PIN CONTROL SUBSYSTEM",642168
"OPEN FIRMWARE AND FLATTENED DEVICE TREE BINDINGS","PIN CONTROLLER - AMD",1333
"OPEN FIRMWARE AND FLATTENED DEVICE TREE BINDINGS","PIN CONTROLLER - FREESCALE",18047
"OPEN FIRMWARE AND FLATTENED DEVICE TREE BINDINGS","PIN CONTROLLER - INTEL",17204
"OPEN FIRMWARE AND FLATTENED DEVICE TREE BINDINGS","PIN CONTROLLER - KEEMBAY",1719
"OPEN FIRMWARE AND FLATTENED DEVICE TREE BINDINGS","PIN CONTROLLER - MEDIATEK MIPS",3282
"OPEN FIRMWARE AND FLATTENED DEVICE TREE BINDINGS","PIN CONTROLLER - MICROCHIP AT91",3541
"OPEN FIRMWARE AND FLATTENED DEVICE TREE BINDINGS","PIN CONTROLLER - QUALCOMM",99380
"OPEN FIRMWARE AND FLATTENED DEVICE TREE BINDINGS","PIN CONTROLLER - RENESAS",128042
"OPEN FIRMWARE AND FLATTENED DEVICE TREE BINDINGS","PIN CONTROLLER - SAMSUNG",7966
"OPEN FIRMWARE AND FLATTENED DEVICE TREE BINDINGS","PIN CONTROLLER - SINGLE",2005
"OPEN FIRMWARE AND FLATTENED DEVICE TREE BINDINGS","PIN CONTROLLER - SUNPLUS / TIBBO",2504
"OPEN FIRMWARE AND FLATTENED DEVICE TREE BINDINGS","PINE64 PINEPHONE KEYBOARD DRIVER",516
"OPEN FIRMWARE AND FLATTENED DEVICE TREE BINDINGS","PLX DMA DRIVER",634
"OPEN FIRMWARE AND FLATTENED DEVICE TREE BINDINGS","POWER SEQUENCING",2727
"OPEN FIRMWARE AND FLATTENED DEVICE TREE BINDINGS","POWER STATE COORDINATION INTERFACE (PSCI)",1825
"OPEN FIRMWARE AND FLATTENED DEVICE TREE BINDINGS","PWM SUBSYSTEM",35017
"OPEN FIRMWARE AND FLATTENED DEVICE TREE BINDINGS","PWM SUBSYSTEM DRIVERS [RUST]",371
"OPEN FIRMWARE AND FLATTENED DEVICE TREE BINDINGS","PXA GPIO DRIVER",809
"OPEN FIRMWARE AND FLATTENED DEVICE TREE BINDINGS","QCOM EMBEDDED USB DEBUGGER (EUD)",354
"OPEN FIRMWARE AND FLATTENED DEVICE TREE BINDINGS","QEMU VIRT MACHINE SYSTEM CONTROLLER DRIVER",122
"OPEN FIRMWARE AND FLATTENED DEVICE TREE BINDINGS","QUALCOMM ATHEROS ATH9K WIRELESS DRIVER",88448
"OPEN FIRMWARE AND FLATTENED DEVICE TREE BINDINGS","QUALCOMM CLOCK DRIVERS",398765
"OPEN FIRMWARE AND FLATTENED DEVICE TREE BINDINGS","QUALCOMM CORE POWER REDUCTION (CPR) AVS DRIVER",1887
"OPEN FIRMWARE AND FLATTENED DEVICE TREE BINDINGS","QUALCOMM CPUCP MAILBOX DRIVER",243
"OPEN FIRMWARE AND FLATTENED DEVICE TREE BINDINGS","QUALCOMM CPUFREQ DRIVER MSM8996/APQ8096",1192
"OPEN FIRMWARE AND FLATTENED DEVICE TREE BINDINGS","QUALCOMM HIDMA DRIVER",2792
"OPEN FIRMWARE AND FLATTENED DEVICE TREE BINDINGS","QUALCOMM I2C CCI DRIVER",1253
"OPEN FIRMWARE AND FLATTENED DEVICE TREE BINDINGS","QUALCOMM I2C QCOM GENI DRIVER",1448
"OPEN FIRMWARE AND FLATTENED DEVICE TREE BINDINGS","QUALCOMM INTERCONNECT BWMON DRIVER",1082
"OPEN FIRMWARE AND FLATTENED DEVICE TREE BINDINGS","QUALCOMM IPCC MAILBOX DRIVER",512
"OPEN FIRMWARE AND FLATTENED DEVICE TREE BINDINGS","QUALCOMM IPQ4019 USB PHY DRIVER",197
"OPEN FIRMWARE AND FLATTENED DEVICE TREE BINDINGS","QUALCOMM QSEECOM DRIVER",120
"OPEN FIRMWARE AND FLATTENED DEVICE TREE BINDINGS","QUALCOMM QSEECOM UEFISECAPP DRIVER",865
"OPEN FIRMWARE AND FLATTENED DEVICE TREE BINDINGS","QUALCOMM TRUST ZONE MEMORY ALLOCATOR",616
"OPEN FIRMWARE AND FLATTENED DEVICE TREE BINDINGS","QUALCOMM TSENS THERMAL DRIVER",6040
"OPEN FIRMWARE AND FLATTENED DEVICE TREE BINDINGS","RALINK MIPS ARCHITECTURE",2024
"OPEN FIRMWARE AND FLATTENED DEVICE TREE BINDINGS","RALINK MT7621 MIPS ARCHITECTURE",936
"OPEN FIRMWARE AND FLATTENED DEVICE TREE BINDINGS","RANCHU VIRTUAL BOARD FOR MIPS",119
"OPEN FIRMWARE AND FLATTENED DEVICE TREE BINDINGS","RASPBERRY PI PISP BACK END",3906
"OPEN FIRMWARE AND FLATTENED DEVICE TREE BINDINGS","RASPBERRY PI RP1 PCI DRIVER",4892
"OPEN FIRMWARE AND FLATTENED DEVICE TREE BINDINGS","REAL TIME CLOCK (RTC) SUBSYSTEM",93358
"OPEN FIRMWARE AND FLATTENED DEVICE TREE BINDINGS","REALTEK OTTO WATCHDOG",462
"OPEN FIRMWARE AND FLATTENED DEVICE TREE BINDINGS","REALTEK SPI-NAND",479
"OPEN FIRMWARE AND FLATTENED DEVICE TREE BINDINGS","REALTEK SYSTIMER DRIVER",150
"OPEN FIRMWARE AND FLATTENED DEVICE TREE BINDINGS","REMOTE PROCESSOR (REMOTEPROC) SUBSYSTEM",40556
"OPEN FIRMWARE AND FLATTENED DEVICE TREE BINDINGS","REMOTE PROCESSOR MESSAGING (RPMSG) SUBSYSTEM",9390
"OPEN FIRMWARE AND FLATTENED DEVICE TREE BINDINGS","RENESAS CLOCK DRIVERS",25023
"OPEN FIRMWARE AND FLATTENED DEVICE TREE BINDINGS","RENESAS EMEV2 I2C DRIVER",494
"OPEN FIRMWARE AND FLATTENED DEVICE TREE BINDINGS","RENESAS R-CAR I2C DRIVERS",2612
"OPEN FIRMWARE AND FLATTENED DEVICE TREE BINDINGS","RENESAS R-CAR SATA DRIVER",1110
"OPEN FIRMWARE AND FLATTENED DEVICE TREE BINDINGS","RENESAS R-CAR THERMAL DRIVERS",1528
"OPEN FIRMWARE AND FLATTENED DEVICE TREE BINDINGS","RENESAS RIIC DRIVER",938
"OPEN FIRMWARE AND FLATTENED DEVICE TREE BINDINGS","RENESAS RTCA-3 RTC DRIVER",1019
"OPEN FIRMWARE AND FLATTENED DEVICE TREE BINDINGS","RENESAS RZ/G3E THERMAL SENSOR UNIT DRIVER",688
"OPEN FIRMWARE AND FLATTENED DEVICE TREE BINDINGS","RENESAS RZ/G3S THERMAL SENSOR UNIT DRIVER",365
"OPEN FIRMWARE AND FLATTENED DEVICE TREE BINDINGS","RENESAS RZ/N1 RTC CONTROLLER DRIVER",592
"OPEN FIRMWARE AND FLATTENED DEVICE TREE BINDINGS","RENESAS RZ/V2H(P) RSPI DRIVER",1039
"OPEN FIRMWARE AND FLATTENED DEVICE TREE BINDINGS","RENESAS RZ/V2H(P) USB2PHY PORT RESET DRIVER",311
"OPEN FIRMWARE AND FLATTENED DEVICE TREE BINDINGS","RENESAS RZ/V2M I2C DRIVER",619
"OPEN FIRMWARE AND FLATTENED DEVICE TREE BINDINGS","RENESAS USB PHY DRIVER",1335
"OPEN FIRMWARE AND FLATTENED DEVICE TREE BINDINGS","RENESAS VERSACLOCK 7 CLOCK DRIVER",1379
"OPEN FIRMWARE AND FLATTENED DEVICE TREE BINDINGS","RESET CONTROLLER FRAMEWORK",33047
"OPEN FIRMWARE AND FLATTENED DEVICE TREE BINDINGS","RISC-V AIA DRIVERS",3881
"OPEN FIRMWARE AND FLATTENED DEVICE TREE BINDINGS","RISC-V ANDES SoC Support",348
"OPEN FIRMWARE AND FLATTENED DEVICE TREE BINDINGS","RISC-V ANLOGIC SoC SUPPORT",158
"OPEN FIRMWARE AND FLATTENED DEVICE TREE BINDINGS","RISC-V ARCHITECTURE",130917
"OPEN FIRMWARE AND FLATTENED DEVICE TREE BINDINGS","RISC-V MICROCHIP SUPPORT",13241
"OPEN FIRMWARE AND FLATTENED DEVICE TREE BINDINGS","RISC-V MISC SOC SUPPORT",2707
"OPEN FIRMWARE AND FLATTENED DEVICE TREE BINDINGS","RISC-V RPMI AND MPXY DRIVERS",2655
"OPEN FIRMWARE AND FLATTENED DEVICE TREE BINDINGS","RISC-V SPACEMIT SoC Support",18492
"OPEN FIRMWARE AND FLATTENED DEVICE TREE BINDINGS","RISC-V TENSTORRENT SoC SUPPORT",1369
"OPEN FIRMWARE AND FLATTENED DEVICE TREE BINDINGS","RISC-V THEAD SoC SUPPORT",8453
"OPEN FIRMWARE AND FLATTENED DEVICE TREE BINDINGS","ROCKCHIP CAN-FD DRIVER",2253
"OPEN FIRMWARE AND FLATTENED DEVICE TREE BINDINGS","ROCKCHIP RK3568 RANDOM NUMBER GENERATOR SUPPORT",613
"OPEN FIRMWARE AND FLATTENED DEVICE TREE BINDINGS","ROCKETPORT EXPRESS/INFINITY DRIVER",845
"OPEN FIRMWARE AND FLATTENED DEVICE TREE BINDINGS","RPMSG TTY DRIVER",288
"OPEN FIRMWARE AND FLATTENED DEVICE TREE BINDINGS","RTL9300 I2C DRIVER (rtl9300-i2c)",790
"OPEN FIRMWARE AND FLATTENED DEVICE TREE BINDINGS","S390 HWRANDOM TRNG DRIVER",255
"OPEN FIRMWARE AND FLATTENED DEVICE TREE BINDINGS","SAMSUNG EXYNOS ACPM MAILBOX PROTOCOL",1634
"OPEN FIRMWARE AND FLATTENED DEVICE TREE BINDINGS","SAMSUNG EXYNOS MAILBOX DRIVER",240
"OPEN FIRMWARE AND FLATTENED DEVICE TREE BINDINGS","SAMSUNG EXYNOS TRUE RANDOM NUMBER GENERATOR (TRNG) DRIVER",428
"OPEN FIRMWARE AND FLATTENED DEVICE TREE BINDINGS","SAMSUNG EXYNOS2200 SoC SUPPORT",8463
"OPEN FIRMWARE AND FLATTENED DEVICE TREE BINDINGS","SAMSUNG EXYNOS850 SoC SUPPORT",4954
"OPEN FIRMWARE AND FLATTENED DEVICE TREE BINDINGS","SAMSUNG INTERCONNECT DRIVERS",215
"OPEN FIRMWARE AND FLATTENED DEVICE TREE BINDINGS","SAMSUNG SOC CLOCK DRIVERS",59402
"OPEN FIRMWARE AND FLATTENED DEVICE TREE BINDINGS","SAMSUNG SPI DRIVERS",1956
"OPEN FIRMWARE AND FLATTENED DEVICE TREE BINDINGS","SAMSUNG THERMAL DRIVER",1377
"OPEN FIRMWARE AND FLATTENED DEVICE TREE BINDINGS","SAMSUNG USB2 PHY DRIVER",1808
"OPEN FIRMWARE AND FLATTENED DEVICE TREE BINDINGS","SANCLOUD BEAGLEBONE ENHANCED DEVICE TREE",282
"OPEN FIRMWARE AND FLATTENED DEVICE TREE BINDINGS","SC1200 WDT DRIVER",474
"OPEN FIRMWARE AND FLATTENED DEVICE TREE BINDINGS","SCx200 CPU SUPPORT",1299
"OPEN FIRMWARE AND FLATTENED DEVICE TREE BINDINGS","SCx200 HRT CLOCKSOURCE DRIVER",90
"OPEN FIRMWARE AND FLATTENED DEVICE TREE BINDINGS","SDRICOH_CS MMC/SD HOST CONTROLLER INTERFACE DRIVER",524
"OPEN FIRMWARE AND FLATTENED DEVICE TREE BINDINGS","SECURE DIGITAL HOST CONTROLLER INTERFACE (SDHCI) Broadcom BRCMSTB DRIVER",697
"OPEN FIRMWARE AND FLATTENED DEVICE TREE BINDINGS","SECURE DIGITAL HOST CONTROLLER INTERFACE (SDHCI) DRIVER",42773
"OPEN FIRMWARE AND FLATTENED DEVICE TREE BINDINGS","SECURE DIGITAL HOST CONTROLLER INTERFACE (SDHCI) MICROCHIP DRIVER",467
"OPEN FIRMWARE AND FLATTENED DEVICE TREE BINDINGS","SECURE DIGITAL HOST CONTROLLER INTERFACE (SDHCI) NXP i.MX DRIVER",2230
"OPEN FIRMWARE AND FLATTENED DEVICE TREE BINDINGS","SECURE DIGITAL HOST CONTROLLER INTERFACE (SDHCI) SAMSUNG DRIVER",776
"OPEN FIRMWARE AND FLATTENED DEVICE TREE BINDINGS","SECURE DIGITAL HOST CONTROLLER INTERFACE (SDHCI) ST SPEAR DRIVER",187
"OPEN FIRMWARE AND FLATTENED DEVICE TREE BINDINGS","SECURE DIGITAL HOST CONTROLLER INTERFACE (SDHCI) TI OMAP DRIVER",1482
"OPEN FIRMWARE AND FLATTENED DEVICE TREE BINDINGS","SERIAL DEVICE BUS",1741
"OPEN FIRMWARE AND FLATTENED DEVICE TREE BINDINGS","SERIAL LOW-POWER INTER-CHIP MEDIA BUS (SLIMbus)",4335
"OPEN FIRMWARE AND FLATTENED DEVICE TREE BINDINGS","SIEMENS IPC LED DRIVERS",551
"OPEN FIRMWARE AND FLATTENED DEVICE TREE BINDINGS","SIEMENS IPC WATCHDOG DRIVERS",233
"OPEN FIRMWARE AND FLATTENED DEVICE TREE BINDINGS","SIFIVE DRIVERS",8836
"OPEN FIRMWARE AND FLATTENED DEVICE TREE BINDINGS","SIOX",1544
"OPEN FIRMWARE AND FLATTENED DEVICE TREE BINDINGS","SIS I2C TOUCHSCREEN DRIVER",426
"OPEN FIRMWARE AND FLATTENED DEVICE TREE BINDINGS","SL28 CPLD MFD DRIVER",1232
"OPEN FIRMWARE AND FLATTENED DEVICE TREE BINDINGS","SL28 VPD NVMEM LAYOUT DRIVER",233
"OPEN FIRMWARE AND FLATTENED DEVICE TREE BINDINGS","SLCAN CAN NETWORK DRIVER",1041
"OPEN FIRMWARE AND FLATTENED DEVICE TREE BINDINGS","SOCIONEXT (SNI) Synquacer SPI DRIVER",904
"OPEN FIRMWARE AND FLATTENED DEVICE TREE BINDINGS","SOCIONEXT SYNQUACER I2C DRIVER",702
"OPEN FIRMWARE AND FLATTENED DEVICE TREE BINDINGS","SOEKRIS NET48XX LED SUPPORT",86
"OPEN FIRMWARE AND FLATTENED DEVICE TREE BINDINGS","SOFTWARE DELEGATED EXCEPTION INTERFACE (SDEI)",1322
"OPEN FIRMWARE AND FLATTENED DEVICE TREE BINDINGS","SOLIDRUN CLEARFOG SUPPORT",628
"OPEN FIRMWARE AND FLATTENED DEVICE TREE BINDINGS","SOLIDRUN CUBOX-I/HUMMINGBOARD SUPPORT",2856
"OPEN FIRMWARE AND FLATTENED DEVICE TREE BINDINGS","SOPHGO DEVICETREES and DRIVERS",27722
"OPEN FIRMWARE AND FLATTENED DEVICE TREE BINDINGS","SPACEMIT K1 I2C DRIVER",862
"OPEN FIRMWARE AND FLATTENED DEVICE TREE BINDINGS","SPARC SERIAL DRIVERS",7028
"OPEN FIRMWARE AND FLATTENED DEVICE TREE BINDINGS","SPEAR PLATFORM/CLOCK/PINCTRL SUPPORT",21659
"OPEN FIRMWARE AND FLATTENED DEVICE TREE BINDINGS","SPI OFFLOAD",894
"OPEN FIRMWARE AND FLATTENED DEVICE TREE BINDINGS","SPI SUBSYSTEM",148070
"OPEN FIRMWARE AND FLATTENED DEVICE TREE BINDINGS","SPMI SUBSYSTEM",5423
"OPEN FIRMWARE AND FLATTENED DEVICE TREE BINDINGS","STANDALONE CACHE CONTROLLER DRIVERS",2385
"OPEN FIRMWARE AND FLATTENED DEVICE TREE BINDINGS","STARFIVE DEVICETREES",4105
"OPEN FIRMWARE AND FLATTENED DEVICE TREE BINDINGS","STARFIVE JH7110 DPHY RX DRIVER",298
"OPEN FIRMWARE AND FLATTENED DEVICE TREE BINDINGS","STARFIVE JH7110 DPHY TX DRIVER",529
"OPEN FIRMWARE AND FLATTENED DEVICE TREE BINDINGS","STARFIVE JH7110 MMC/SD/SDIO DRIVER",203
"OPEN FIRMWARE AND FLATTENED DEVICE TREE BINDINGS","STARFIVE JH7110 PLL CLOCK DRIVER",553
"OPEN FIRMWARE AND FLATTENED DEVICE TREE BINDINGS","STARFIVE JH7110 SYSCON",93
"OPEN FIRMWARE AND FLATTENED DEVICE TREE BINDINGS","STARFIVE JH71X0 CLOCK DRIVERS",3997
"OPEN FIRMWARE AND FLATTENED DEVICE TREE BINDINGS","STARFIVE JH71X0 PCIE AND USB PHY DRIVER",487
"OPEN FIRMWARE AND FLATTENED DEVICE TREE BINDINGS","STARFIVE JH71X0 PINCTRL DRIVERS",4041
"OPEN FIRMWARE AND FLATTENED DEVICE TREE BINDINGS","STARFIVE JH71X0 RESET CONTROLLER DRIVERS",703
"OPEN FIRMWARE AND FLATTENED DEVICE TREE BINDINGS","STARFIVE JH71XX PMU CONTROLLER DRIVER",544
"OPEN FIRMWARE AND FLATTENED DEVICE TREE BINDINGS","STARFIVE JH8100 EXTERNAL INTERRUPT CONTROLLER DRIVER",268
"OPEN FIRMWARE AND FLATTENED DEVICE TREE BINDINGS","STARFIVE SOC DRIVERS",93
"OPEN FIRMWARE AND FLATTENED DEVICE TREE BINDINGS","STARFIVE TRNG DRIVER",456
"OPEN FIRMWARE AND FLATTENED DEVICE TREE BINDINGS","STARFIVE WATCHDOG DRIVER",708
"OPEN FIRMWARE AND FLATTENED DEVICE TREE BINDINGS","SUN4I LOW RES ADC ATTACHED TABLET KEYS DRIVER",480
"OPEN FIRMWARE AND FLATTENED DEVICE TREE BINDINGS","SUNPLUS MMC DRIVER",1058
"OPEN FIRMWARE AND FLATTENED DEVICE TREE BINDINGS","SUNPLUS OCOTP DRIVER",308
"OPEN FIRMWARE AND FLATTENED DEVICE TREE BINDINGS","SUNPLUS PWM DRIVER",275
"OPEN FIRMWARE AND FLATTENED DEVICE TREE BINDINGS","SUNPLUS RTC DRIVER",415
"OPEN FIRMWARE AND FLATTENED DEVICE TREE BINDINGS","SUNPLUS SPI CONTROLLER INTERFACE DRIVER",641
"OPEN FIRMWARE AND FLATTENED DEVICE TREE BINDINGS","SUNPLUS UART DRIVER",823
"OPEN FIRMWARE AND FLATTENED DEVICE TREE BINDINGS","SUNPLUS USB2 PHY DRIVER",386
"OPEN FIRMWARE AND FLATTENED DEVICE TREE BINDINGS","SUNPLUS WATCHDOG DRIVER",254
"OPEN FIRMWARE AND FLATTENED DEVICE TREE BINDINGS","SWITCHTEC DMA DRIVER",1437
"OPEN FIRMWARE AND FLATTENED DEVICE TREE BINDINGS","SYNOPSYS ARC HSDK SDP pll clock driver",457
"OPEN FIRMWARE AND FLATTENED DEVICE TREE BINDINGS","SYNOPSYS ARC SDP clock driver",590
"OPEN FIRMWARE AND FLATTENED DEVICE TREE BINDINGS","SYNOPSYS AXS10x RESET CONTROLLER DRIVER",130
"OPEN FIRMWARE AND FLATTENED DEVICE TREE BINDINGS","SYNOPSYS CREG GPIO DRIVER",187
"OPEN FIRMWARE AND FLATTENED DEVICE TREE BINDINGS","SYNOPSYS DESIGNWARE 8250 UART DRIVER",1790
"OPEN FIRMWARE AND FLATTENED DEVICE TREE BINDINGS","SYNOPSYS DESIGNWARE APB GPIO DRIVER",993
"OPEN FIRMWARE AND FLATTENED DEVICE TREE BINDINGS","SYNOPSYS DESIGNWARE AXI DMAC DRIVER",2279
"OPEN FIRMWARE AND FLATTENED DEVICE TREE BINDINGS","SYNOPSYS DESIGNWARE DMAC DRIVER",3487
"OPEN FIRMWARE AND FLATTENED DEVICE TREE BINDINGS","SYNOPSYS DESIGNWARE I2C DRIVER",3943
"OPEN FIRMWARE AND FLATTENED DEVICE TREE BINDINGS","SYNOPSYS DESIGNWARE I2C DRIVER - AMDISP",207
"OPEN FIRMWARE AND FLATTENED DEVICE TREE BINDINGS","SYNOPSYS DESIGNWARE MMC/SD/SDIO DRIVER",6887
"OPEN FIRMWARE AND FLATTENED DEVICE TREE BINDINGS","SYNOPSYS HSDK RESET CONTROLLER DRIVER",180
"OPEN FIRMWARE AND FLATTENED DEVICE TREE BINDINGS","SYNOPSYS SDHCI COMPLIANT DWC MSHC DRIVER",84
"OPEN FIRMWARE AND FLATTENED DEVICE TREE BINDINGS","SYSTEM CONTROL & POWER/MANAGEMENT INTERFACE (SCPI/SCMI) Message Protocol drivers",30173
"OPEN FIRMWARE AND FLATTENED DEVICE TREE BINDINGS","SYSTEM CONTROL MANAGEMENT INTERFACE (SCMI) i.MX Extension Message Protocol drivers",3280
"OPEN FIRMWARE AND FLATTENED DEVICE TREE BINDINGS","SYSTEM RESET/SHUTDOWN DRIVERS",8037
"OPEN FIRMWARE AND FLATTENED DEVICE TREE BINDINGS","TEGRA ARCHITECTURE SUPPORT",382023
"OPEN FIRMWARE AND FLATTENED DEVICE TREE BINDINGS","TEGRA CLOCK DRIVER",22609
"OPEN FIRMWARE AND FLATTENED DEVICE TREE BINDINGS","TEGRA DMA DRIVERS",4481
"OPEN FIRMWARE AND FLATTENED DEVICE TREE BINDINGS","TEGRA I2C DRIVER",2481
"OPEN FIRMWARE AND FLATTENED DEVICE TREE BINDINGS","TEGRA KBC DRIVER",790
"OPEN FIRMWARE AND FLATTENED DEVICE TREE BINDINGS","TEGRA PWM DRIVER",443
"OPEN FIRMWARE AND FLATTENED DEVICE TREE BINDINGS","TEGRA QUAD SPI DRIVER",1911
"OPEN FIRMWARE AND FLATTENED DEVICE TREE BINDINGS","TEGRA SERIAL DRIVER",1704
"OPEN FIRMWARE AND FLATTENED DEVICE TREE BINDINGS","TEGRA SPI DRIVER",5281
"OPEN FIRMWARE AND FLATTENED DEVICE TREE BINDINGS","TEGRA XUSB PADCTL DRIVER",8885
"OPEN FIRMWARE AND FLATTENED DEVICE TREE BINDINGS","TEXAS INSTRUMENTS DMA DRIVERS",17582
"OPEN FIRMWARE AND FLATTENED DEVICE TREE BINDINGS","TEXAS INSTRUMENTS TPS6131X FLASH LED DRIVER",935
"OPEN FIRMWARE AND FLATTENED DEVICE TREE BINDINGS","TEXAS INSTRUMENTS' LB8864 LED BACKLIGHT DRIVER",376
"OPEN FIRMWARE AND FLATTENED DEVICE TREE BINDINGS","TEXAS INSTRUMENTS' LP5812 RGB LED DRIVER",1210
"OPEN FIRMWARE AND FLATTENED DEVICE TREE BINDINGS","TEXAS INSTRUMENTS' SYSTEM CONTROL INTERFACE (TISCI) PROTOCOL DRIVER",9417
"OPEN FIRMWARE AND FLATTENED DEVICE TREE BINDINGS","THERMAL",70447
"OPEN FIRMWARE AND FLATTENED DEVICE TREE BINDINGS","THERMAL DRIVER FOR AMLOGIC SOCS",408
"OPEN FIRMWARE AND FLATTENED DEVICE TREE BINDINGS","THERMAL/CPU_COOLING",1343
"OPEN FIRMWARE AND FLATTENED DEVICE TREE BINDINGS","THERMAL/POWER_ALLOCATOR",1185
"OPEN FIRMWARE AND FLATTENED DEVICE TREE BINDINGS","THUNDERX GPIO DRIVER",607
"OPEN FIRMWARE AND FLATTENED DEVICE TREE BINDINGS","TI BANDGAP AND THERMAL DRIVER",3673
"OPEN FIRMWARE AND FLATTENED DEVICE TREE BINDINGS","TI CDCE706 CLOCK DRIVER",700
"OPEN FIRMWARE AND FLATTENED DEVICE TREE BINDINGS","TI CLOCK DRIVER",13130
"OPEN FIRMWARE AND FLATTENED DEVICE TREE BINDINGS","TI DAVINCI SERIES CLOCK DRIVER",3193
"OPEN FIRMWARE AND FLATTENED DEVICE TREE BINDINGS","TI DAVINCI SERIES GPIO DRIVER",891
"OPEN FIRMWARE AND FLATTENED DEVICE TREE BINDINGS","TI KEYSTONE MULTICORE NAVIGATOR DRIVERS",10466
"OPEN FIRMWARE AND FLATTENED DEVICE TREE BINDINGS","TMIO/SDHI MMC DRIVER",4278
"OPEN FIRMWARE AND FLATTENED DEVICE TREE BINDINGS","TORADEX EMBEDDED CONTROLLER DRIVER",221
"OPEN FIRMWARE AND FLATTENED DEVICE TREE BINDINGS","TOUCH OVERLAY",303
"OPEN FIRMWARE AND FLATTENED DEVICE TREE BINDINGS","TQ SYSTEMS BOARD & DRIVER SUPPORT",21613
"OPEN FIRMWARE AND FLATTENED DEVICE TREE BINDINGS","TRIGGER SOURCE",126
"OPEN FIRMWARE AND FLATTENED DEVICE TREE BINDINGS","TRUSTED EXECUTION ENVIRONMENT SECURITY MANAGER (TSM)",2503
"OPEN FIRMWARE AND FLATTENED DEVICE TREE BINDINGS","TTY LAYER AND SERIAL DRIVERS",209894
"OPEN FIRMWARE AND FLATTENED DEVICE TREE BINDINGS","U-BOOT ENVIRONMENT VARIABLES",453
"OPEN FIRMWARE AND FLATTENED DEVICE TREE BINDINGS","ULTRATRONIK BOARD SUPPORT",2059
"OPEN FIRMWARE AND FLATTENED DEVICE TREE BINDINGS","USB IP DRIVER FOR HISILICON KIRIN 960",285
"OPEN FIRMWARE AND FLATTENED DEVICE TREE BINDINGS","USB IP DRIVER FOR HISILICON KIRIN 970",726
"OPEN FIRMWARE AND FLATTENED DEVICE TREE BINDINGS","Ux500 CLOCK DRIVERS",1869
"OPEN FIRMWARE AND FLATTENED DEVICE TREE BINDINGS","VIRTIO GPIO DRIVER",745
"OPEN FIRMWARE AND FLATTENED DEVICE TREE BINDINGS","VIRTIO I2C DRIVER",327
"OPEN FIRMWARE AND FLATTENED DEVICE TREE BINDINGS","VIRTIO SPI DRIVER",609
"OPEN FIRMWARE AND FLATTENED DEVICE TREE BINDINGS","VIRTUAL SERIO DEVICE DRIVER",328
"OPEN FIRMWARE AND FLATTENED DEVICE TREE BINDINGS","VMWARE VMMOUSE SUBDRIVER",484
"OPEN FIRMWARE AND FLATTENED DEVICE TREE BINDINGS","VOCORE VOCORE2 BOARD",18
"OPEN FIRMWARE AND FLATTENED DEVICE TREE BINDINGS","VUB300 USB to SDIO/SD/MMC bridge chip",2481
"OPEN FIRMWARE AND FLATTENED DEVICE TREE BINDINGS","W83L51xD SD/MMC CARD INTERFACE DRIVER",2180
"OPEN FIRMWARE AND FLATTENED DEVICE TREE BINDINGS","WACOM PROTOCOL 4 SERIAL TABLETS",617
"OPEN FIRMWARE AND FLATTENED DEVICE TREE BINDINGS","WATCHDOG DEVICE DRIVERS",72811
"OPEN FIRMWARE AND FLATTENED DEVICE TREE BINDINGS","WHISKEYCOVE PMIC GPIO DRIVER",512
"OPEN FIRMWARE AND FLATTENED DEVICE TREE BINDINGS","WHWAVE RTC DRIVER",213
"OPEN FIRMWARE AND FLATTENED DEVICE TREE BINDINGS","WINSYSTEMS EBC-C384 WATCHDOG DRIVER",142
"OPEN FIRMWARE AND FLATTENED DEVICE TREE BINDINGS","WINSYSTEMS WS16C48 GPIO DRIVER",327
"OPEN FIRMWARE AND FLATTENED DEVICE TREE BINDINGS","WISTRON LAPTOP BUTTON DRIVER",1389
"OPEN FIRMWARE AND FLATTENED DEVICE TREE BINDINGS","XILINX CAN DRIVER",2286
"OPEN FIRMWARE AND FLATTENED DEVICE TREE BINDINGS","XILINX EVENT MANAGEMENT DRIVER",766
"OPEN FIRMWARE AND FLATTENED DEVICE TREE BINDINGS","XILINX GPIO DRIVER",2007
"OPEN FIRMWARE AND FLATTENED DEVICE TREE BINDINGS","XILINX PWM DRIVER",373
"OPEN FIRMWARE AND FLATTENED DEVICE TREE BINDINGS","XILINX SD-FEC IP CORES",2334
"OPEN FIRMWARE AND FLATTENED DEVICE TREE BINDINGS","XILINX UARTLITE SERIAL DRIVER",949
"OPEN FIRMWARE AND FLATTENED DEVICE TREE BINDINGS","XILINX WATCHDOG DRIVER",678
"OPEN FIRMWARE AND FLATTENED DEVICE TREE BINDINGS","XILINX XDMA DRIVER",1543
"OPEN FIRMWARE AND FLATTENED DEVICE TREE BINDINGS","XILINX ZYNQMP DPDMA DRIVER",1967
"OPEN FIRMWARE AND FLATTENED DEVICE TREE BINDINGS","XILINX ZYNQMP NVMEM DRIVER",278
"OPEN FIRMWARE AND FLATTENED DEVICE TREE BINDINGS","XILINX ZYNQMP PSGTR PHY DRIVER",1195
"OPEN FIRMWARE AND FLATTENED DEVICE TREE BINDINGS","XLP9XX I2C DRIVER",593
"OPEN FIRMWARE AND FLATTENED DEVICE TREE BINDINGS","YEALINK PHONE DRIVER",1390
"OPEN FIRMWARE AND FLATTENED DEVICE TREE BINDINGS","ZS DECSTATION Z85C30 SERIAL DRIVER",1532
"P54 WIRELESS DRIVER","P54 WIRELESS DRIVER",8491
"PER-TASK DELAY ACCOUNTING","PER-TASK DELAY ACCOUNTING",616
"PERFORMANCE EVENTS SUBSYSTEM","ACCES 104-QUAD-8 DRIVER",1371
"PERFORMANCE EVENTS SUBSYSTEM","ADM8211 WIRELESS DRIVER",2645
"PERFORMANCE EVENTS SUBSYSTEM","ALIBABA PMU DRIVER",928
"PERFORMANCE EVENTS SUBSYSTEM","ALLWINNER CRYPTO DRIVERS",7656
"PERFORMANCE EVENTS SUBSYSTEM","ALPHA PORT",54495
"PERFORMANCE EVENTS SUBSYSTEM","AMD CRYPTOGRAPHIC COPROCESSOR (CCP) DRIVER",18372
"PERFORMANCE EVENTS SUBSYSTEM","AMD CRYPTOGRAPHIC COPROCESSOR (CCP) DRIVER - DBC SUPPORT",1262
"PERFORMANCE EVENTS SUBSYSTEM","AMD CRYPTOGRAPHIC COPROCESSOR (CCP) DRIVER - HSTI SUPPORT",158
"PERFORMANCE EVENTS SUBSYSTEM","AMD CRYPTOGRAPHIC COPROCESSOR (CCP) DRIVER - SEV SUPPORT",4698
"PERFORMANCE EVENTS SUBSYSTEM","AMD NODE DRIVER",375
"PERFORMANCE EVENTS SUBSYSTEM","AMLOGIC DDR PMU DRIVER",1162
"PERFORMANCE EVENTS SUBSYSTEM","APM DRIVER",3356
"PERFORMANCE EVENTS SUBSYSTEM","APPLIED MICRO (APM) X-GENE SOC PMU",2146
"PERFORMANCE EVENTS SUBSYSTEM","ARM INTERCONNECT PMU DRIVERS",4095
"PERFORMANCE EVENTS SUBSYSTEM","ARM PMU PROFILING AND DEBUGGING",53082
"PERFORMANCE EVENTS SUBSYSTEM","ARM/Amlogic Meson SoC Crypto Drivers",943
"PERFORMANCE EVENTS SUBSYSTEM","ARM/ARTPEC MACHINE SUPPORT",6763
"PERFORMANCE EVENTS SUBSYSTEM","ARM/CORESIGHT FRAMEWORK AND DRIVERS",51270
"PERFORMANCE EVENTS SUBSYSTEM","ARM/NXP S32G/S32R DWMAC ETHERNET DRIVER",391
"PERFORMANCE EVENTS SUBSYSTEM","ARM/SOCFPGA DWMAC GLUE LAYER",692
"PERFORMANCE EVENTS SUBSYSTEM","ARM/STM32 ARCHITECTURE",292388
"PERFORMANCE EVENTS SUBSYSTEM","ASPEED CRYPTO DRIVER",3329
"PERFORMANCE EVENTS SUBSYSTEM","ASYMMETRIC KEYS",6989
"PERFORMANCE EVENTS SUBSYSTEM","ASYMMETRIC KEYS - ECDSA",2672
"PERFORMANCE EVENTS SUBSYSTEM","ASYMMETRIC KEYS - GOST",533
"PERFORMANCE EVENTS SUBSYSTEM","ASYMMETRIC KEYS - RSA",1468
"PERFORMANCE EVENTS SUBSYSTEM","ASYNCHRONOUS TRANSFERS/TRANSFORMS (IOAT) API",2573
"PERFORMANCE EVENTS SUBSYSTEM","ATHEROS ATH GENERIC UTILITIES",4333
"PERFORMANCE EVENTS SUBSYSTEM","ATHEROS ATH6KL WIRELESS DRIVER",30846
"PERFORMANCE EVENTS SUBSYSTEM","AUDIT SUBSYSTEM",11055
"PERFORMANCE EVENTS SUBSYSTEM","BITOPS API",6890
"PERFORMANCE EVENTS SUBSYSTEM","BPF JIT for SPARC (32-BIT AND 64-BIT)",2694
"PERFORMANCE EVENTS SUBSYSTEM","BPF JIT for X86 32-BIT",2598
"PERFORMANCE EVENTS SUBSYSTEM","BPF JIT for X86 64-BIT",4148
"PERFORMANCE EVENTS SUBSYSTEM","C-SKY ARCHITECTURE",16131
"PERFORMANCE EVENTS SUBSYSTEM","CAVIUM OCTEON-TX CRYPTO DRIVER",4196
"PERFORMANCE EVENTS SUBSYSTEM","CCREE ARM TRUSTZONE CRYPTOCELL REE DRIVER",11666
"PERFORMANCE EVENTS SUBSYSTEM","COMPUTE EXPRESS LINK PMU (CPMU)",1051
"PERFORMANCE EVENTS SUBSYSTEM","CONFIDENTIAL COMPUTING THREAT MODEL FOR X86 VIRTUALIZATION (SNP/TDX)",253
"PERFORMANCE EVENTS SUBSYSTEM","COUNTER SUBSYSTEM",11814
"PERFORMANCE EVENTS SUBSYSTEM","COUNTER WATCH EVENTS TOOL",411
"PERFORMANCE EVENTS SUBSYSTEM","CPUID/MSR DRIVER",525
"PERFORMANCE EVENTS SUBSYSTEM","CRYPTO API",457906
"PERFORMANCE EVENTS SUBSYSTEM","CXGB4 CRYPTO DRIVER (chcr)",5634
"PERFORMANCE EVENTS SUBSYSTEM","EFI TEST DRIVER",910
"PERFORMANCE EVENTS SUBSYSTEM","EXTENSIBLE FIRMWARE INTERFACE (EFI)",24533
"PERFORMANCE EVENTS SUBSYSTEM","FLEXTIMER FTM-QUADDEC DRIVER",366
"PERFORMANCE EVENTS SUBSYSTEM","FPU EMULATOR",13023
"PERFORMANCE EVENTS SUBSYSTEM","FREESCALE CAAM (Cryptographic Acceleration and Assurance Module) DRIVER",28783
"PERFORMANCE EVENTS SUBSYSTEM","FREESCALE IMX DDR PMU DRIVER",4083
"PERFORMANCE EVENTS SUBSYSTEM","GEMINI CRYPTO DRIVER",1336
"PERFORMANCE EVENTS SUBSYSTEM","GENERIC INCLUDE/ASM HEADER FILES",15958
"PERFORMANCE EVENTS SUBSYSTEM","HARDWARE TRACING FACILITIES",46971
"PERFORMANCE EVENTS SUBSYSTEM","HISILICON HIGH PERFORMANCE RSA ENGINE DRIVER (HPRE)",3983
"PERFORMANCE EVENTS SUBSYSTEM","HISILICON HNS3 PMU DRIVER",1810
"PERFORMANCE EVENTS SUBSYSTEM","HISILICON PMU DRIVER",9593
"PERFORMANCE EVENTS SUBSYSTEM","HISILICON PTT DRIVER",2723
"PERFORMANCE EVENTS SUBSYSTEM","HISILICON QM DRIVER",7161
"PERFORMANCE EVENTS SUBSYSTEM","HISILICON SECURITY ENGINE V2 DRIVER (SEC2)",5216
"PERFORMANCE EVENTS SUBSYSTEM","HISILICON TRUE RANDOM NUMBER GENERATOR V2 SUPPORT",390
"PERFORMANCE EVENTS SUBSYSTEM","HISILICON ZIP Controller DRIVER",2978
"PERFORMANCE EVENTS SUBSYSTEM","HPET:	x86",1558
"PERFORMANCE EVENTS SUBSYSTEM","HYGON PROCESSOR SUPPORT",273
"PERFORMANCE EVENTS SUBSYSTEM","IBM Power VMX Cryptographic instructions",1205
"PERFORMANCE EVENTS SUBSYSTEM","INSIDE SECURE CRYPTO DRIVER",14159
"PERFORMANCE EVENTS SUBSYSTEM","INSIDE SECURE EIP93 CRYPTO DRIVER",4150
"PERFORMANCE EVENTS SUBSYSTEM","INTEL 8254 COUNTER DRIVER",468
"PERFORMANCE EVENTS SUBSYSTEM","INTEL CPU family model numbers",227
"PERFORMANCE EVENTS SUBSYSTEM","INTEL IAA CRYPTO DRIVER",3374
"PERFORMANCE EVENTS SUBSYSTEM","INTEL IXP4XX CRYPTO SUPPORT",1605
"PERFORMANCE EVENTS SUBSYSTEM","INTEL KEEM BAY OCS AES/SM4 CRYPTO DRIVER",3452
"PERFORMANCE EVENTS SUBSYSTEM","INTEL KEEM BAY OCS ECC CRYPTO DRIVER",1145
"PERFORMANCE EVENTS SUBSYSTEM","INTEL KEEM BAY OCS HCU CRYPTO DRIVER",2357
"PERFORMANCE EVENTS SUBSYSTEM","INTEL QUADRATURE ENCODER PERIPHERAL DRIVER",522
"PERFORMANCE EVENTS SUBSYSTEM","INTEL SGX",9264
"PERFORMANCE EVENTS SUBSYSTEM","INTEL WIRELESS WIFI LINK (iwlwifi)",181744
"PERFORMANCE EVENTS SUBSYSTEM","INTEL(R) FLEXIBLE RETURN AND EVENT DELIVERY",764
"PERFORMANCE EVENTS SUBSYSTEM","INTEL(R) TRACE HUB",6279
"PERFORMANCE EVENTS SUBSYSTEM","INTEL(R) TRUSTED EXECUTION TECHNOLOGY (TXT)",884
"PERFORMANCE EVENTS SUBSYSTEM","INTERRUPT COUNTER DRIVER",326
"PERFORMANCE EVENTS SUBSYSTEM","JAILHOUSE HYPERVISOR INTERFACE",322
"PERFORMANCE EVENTS SUBSYSTEM","KERNEL VIRTUAL MACHINE FOR X86 (KVM/x86)",134304
"PERFORMANCE EVENTS SUBSYSTEM","KVM PARAVIRT (KVM/paravirt)",2009
"PERFORMANCE EVENTS SUBSYSTEM","KVM X86 HYPER-V (KVM/hyper-v)",4448
"PERFORMANCE EVENTS SUBSYSTEM","KVM X86 Xen (KVM/Xen)",2612
"PERFORMANCE EVENTS SUBSYSTEM","MAC80211",108745
"PERFORMANCE EVENTS SUBSYSTEM","MARVELL CRYPTO DRIVER",21251
"PERFORMANCE EVENTS SUBSYSTEM","MARVELL PEM PMU DRIVER",425
"PERFORMANCE EVENTS SUBSYSTEM","MEDIA DRIVERS FOR STM32 - CSI",1268
"PERFORMANCE EVENTS SUBSYSTEM","MEDIA DRIVERS FOR STM32 - DCMI / DCMIPP",5698
"PERFORMANCE EVENTS SUBSYSTEM","MICROCHIP ATSHA204A DRIVER",244
"PERFORMANCE EVENTS SUBSYSTEM","MICROCHIP ECC DRIVER",416
"PERFORMANCE EVENTS SUBSYSTEM","Microchip Timer Counter Block (TCB) Capture Driver",648
"PERFORMANCE EVENTS SUBSYSTEM","MMU GATHER AND TLB INVALIDATION",2464
"PERFORMANCE EVENTS SUBSYSTEM","MOTORCOMM DWMAC GLUE DRIVER",387
"PERFORMANCE EVENTS SUBSYSTEM","NETWORKING DRIVERS (WIRELESS)",17390
"PERFORMANCE EVENTS SUBSYSTEM","NIOS2 ARCHITECTURE",10153
"PERFORMANCE EVENTS SUBSYSTEM","OPENRISC ARCHITECTURE",13026
"PERFORMANCE EVENTS SUBSYSTEM","PARAVIRT_OPS INTERFACE",2569
"PERFORMANCE EVENTS SUBSYSTEM","PCRYPT PARALLEL CRYPTO ENGINE",429
"PERFORMANCE EVENTS SUBSYSTEM","PERFORMANCE EVENTS SUBSYSTEM",1037283
"PERFORMANCE EVENTS SUBSYSTEM","PERFORMANCE EVENTS TOOLING ARM64",35958
"PERFORMANCE EVENTS SUBSYSTEM","PTRACE SUPPORT",22511
"PERFORMANCE EVENTS SUBSYSTEM","QAT DRIVER",41722
"PERFORMANCE EVENTS SUBSYSTEM","QUALCOMM ATH12K WIRELESS DRIVER",97076
"PERFORMANCE EVENTS SUBSYSTEM","QUALCOMM ATHEROS ATH10K WIRELESS DRIVER",85964
"PERFORMANCE EVENTS SUBSYSTEM","QUALCOMM ATHEROS ATH11K WIRELESS DRIVER",83548
"PERFORMANCE EVENTS SUBSYSTEM","QUALCOMM CRYPTO DRIVERS",3828
"PERFORMANCE EVENTS SUBSYSTEM","QUALCOMM ETHQOS ETHERNET DRIVER",964
"PERFORMANCE EVENTS SUBSYSTEM","QUALCOMM HEXAGON ARCHITECTURE",10326
"PERFORMANCE EVENTS SUBSYSTEM","QUALCOMM WCN36XX WIRELESS DRIVER",13886
"PERFORMANCE EVENTS SUBSYSTEM","RENESAS RZ/G2L MTU3a COUNTER DRIVER",1215
"PERFORMANCE EVENTS SUBSYSTEM","RENESAS RZ/N1 DWMAC GLUE LAYER",168
"PERFORMANCE EVENTS SUBSYSTEM","RISC-V PMU DRIVERS",2176
"PERFORMANCE EVENTS SUBSYSTEM","ROCKCHIP CRYPTO DRIVERS",1946
"PERFORMANCE EVENTS SUBSYSTEM","SAMSUNG EXYNOS PSEUDO RANDOM NUMBER GENERATOR (RNG) DRIVER",444
"PERFORMANCE EVENTS SUBSYSTEM","SAMSUNG S5P Security SubSystem (SSS) DRIVER",2427
"PERFORMANCE EVENTS SUBSYSTEM","SILICON LABS WIRELESS DRIVERS (for WFxxx series)",8659
"PERFORMANCE EVENTS SUBSYSTEM","SPACEMIT DWMAC GLUE LAYER",329
"PERFORMANCE EVENTS SUBSYSTEM","SPARC + UltraSPARC (sparc/sparc64)",130122
"PERFORMANCE EVENTS SUBSYSTEM","SRM (Alpha) environment access",218
"PERFORMANCE EVENTS SUBSYSTEM","ST STM32 FIREWALL",1543
"PERFORMANCE EVENTS SUBSYSTEM","ST STM32 HDP PINCTRL DRIVER",933
"PERFORMANCE EVENTS SUBSYSTEM","ST STM32 I2C/SMBUS DRIVER",3632
"PERFORMANCE EVENTS SUBSYSTEM","ST STM32 OCTO MEMORY MANAGER",696
"PERFORMANCE EVENTS SUBSYSTEM","ST STM32 PINCTRL DRIVER",18022
"PERFORMANCE EVENTS SUBSYSTEM","ST STM32 SPI DRIVER",2675
"PERFORMANCE EVENTS SUBSYSTEM","STARFIVE CRYPTO DRIVER",3192
"PERFORMANCE EVENTS SUBSYSTEM","STARFIVE DWMAC GLUE LAYER",341
"PERFORMANCE EVENTS SUBSYSTEM","STARFIVE STARLINK PMU DRIVER",733
"PERFORMANCE EVENTS SUBSYSTEM","STATIC BRANCH/CALL",4987
"PERFORMANCE EVENTS SUBSYSTEM","STM32 DMA DRIVERS",6952
"PERFORMANCE EVENTS SUBSYSTEM","STM32 TIMER/LPTIMER DRIVERS",4131
"PERFORMANCE EVENTS SUBSYSTEM","STM32MP25 USB3/PCIE COMBOPHY DRIVER",724
"PERFORMANCE EVENTS SUBSYSTEM","STMMAC ETHERNET DRIVER",46112
"PERFORMANCE EVENTS SUBSYSTEM","SUPERH",96474
"PERFORMANCE EVENTS SUBSYSTEM","SVGA HANDLING",1573
"PERFORMANCE EVENTS SUBSYSTEM","SYNOPSYS DESIGNWARE PCIE PMU DRIVER",983
"PERFORMANCE EVENTS SUBSYSTEM","SYSTEM TRACE MODULE CLASS",3409
"PERFORMANCE EVENTS SUBSYSTEM","TECHNOLOGIC SYSTEMS TS-5500 PLATFORM SUPPORT",343
"PERFORMANCE EVENTS SUBSYSTEM","TEGRA CRYPTO DRIVERS",4449
"PERFORMANCE EVENTS SUBSYSTEM","TENSILICA XTENSA PORT (xtensa)",35913
"PERFORMANCE EVENTS SUBSYSTEM","TI DATA TRANSFORM AND HASHING ENGINE (DTHE) V2 CRYPTO DRIVER",1817
"PERFORMANCE EVENTS SUBSYSTEM","TI ENHANCED CAPTURE (eCAP) DRIVER",671
"PERFORMANCE EVENTS SUBSYSTEM","TI ENHANCED QUADRATURE ENCODER PULSE (eQEP) DRIVER",661
"PERFORMANCE EVENTS SUBSYSTEM","TI WILINK WIRELESS DRIVERS",45012
"PERFORMANCE EVENTS SUBSYSTEM","TRACING MMIO ACCESSES (MMIOTRACE)",1704
"PERFORMANCE EVENTS SUBSYSTEM","UPROBES",7381
"PERFORMANCE EVENTS SUBSYSTEM","USER-MODE LINUX (UML)",39215
"PERFORMANCE EVENTS SUBSYSTEM","VMWARE HYPERVISOR INTERFACE",921
"PERFORMANCE EVENTS SUBSYSTEM","X86 ARCHITECTURE (32-BIT AND 64-BIT)",511578
"PERFORMANCE EVENTS SUBSYSTEM","X86 ENTRY CODE",7780
"PERFORMANCE EVENTS SUBSYSTEM","X86 HARDWARE VULNERABILITIES",8527
"PERFORMANCE EVENTS SUBSYSTEM","X86 MCE INFRASTRUCTURE",7615
"PERFORMANCE EVENTS SUBSYSTEM","X86 MICROCODE UPDATE SUPPORT",4224
"PERFORMANCE EVENTS SUBSYSTEM","X86 MM",20247
"PERFORMANCE EVENTS SUBSYSTEM","X86 PLATFORM UV HPE SUPERDOME FLEX",9652
"PERFORMANCE EVENTS SUBSYSTEM","X86 STACK UNWINDING",2196
"PERFORMANCE EVENTS SUBSYSTEM","X86 TRUST DOMAIN EXTENSIONS (TDX)",10403
"PERFORMANCE EVENTS SUBSYSTEM","X86 VDSO",1519
"PERFORMANCE EVENTS SUBSYSTEM","XEN HYPERVISOR X86",14194
"PERFORMANCE EVENTS SUBSYSTEM","XILINX TRNG DRIVER",430
"PERFORMANCE EVENTS SUBSYSTEM","XILINX ZYNQMP SHA3 DRIVER",258
"PERFORMANCE EVENTS SUBSYSTEM","ZHAOXIN PROCESSOR SUPPORT",114
"PERFORMANCE EVENTS SUBSYSTEM","ZSTD",38864
"PERSONALITY HANDLING","PERSONALITY HANDLING",87
"PM-GRAPH UTILITY","PM-GRAPH UTILITY",10993
"PURELIFI PLFXLC DRIVER","PURELIFI PLFXLC DRIVER",2569
"PXA MMCI DRIVER","PXA MMCI DRIVER",0
"PXA RTC DRIVER","PXA RTC DRIVER",0
"QEMU MACHINE EMULATOR AND VIRTUALIZER SUPPORT","QEMU MACHINE EMULATOR AND VIRTUALIZER SUPPORT",1036
"QNX4 FILESYSTEM","QNX4 FILESYSTEM",924
"QUANTENNA QTNFMAC WIRELESS DRIVER","QUANTENNA QTNFMAC WIRELESS DRIVER",12712
"RALINK RT2X00 WIRELESS LAN DRIVER","RALINK RT2X00 WIRELESS LAN DRIVER",47224
"RAPIDIO SUBSYSTEM","RAPIDIO SUBSYSTEM",15354
"RAS INFRASTRUCTURE","AMD ADDRESS TRANSLATION LIBRARY (ATL)",4700
"RAS INFRASTRUCTURE","RAS FRU MEMORY POISON MANAGER (FMPM)",1041
"RAS INFRASTRUCTURE","RAS INFRASTRUCTURE",8202
"RDC R-321X SoC","RDC R-321X SoC",0
"REALTEK WIRELESS DRIVER (rtlwifi family)","REALTEK WIRELESS DRIVER (rtlwifi family)",173368
"REALTEK WIRELESS DRIVER (rtw88)","REALTEK WIRELESS DRIVER (rtw88)",162846
"REALTEK WIRELESS DRIVER (rtw89)","REALTEK WIRELESS DRIVER (rtw89)",302561
"REDPINE WIRELESS DRIVER","REDPINE WIRELESS DRIVER",12217
"RTL8180 WIRELESS DRIVER","RTL8180 WIRELESS DRIVER",4122
"RTL8187 WIRELESS DRIVER","RTL8187 WIRELESS DRIVER",3366
"RTL8XXXU WIRELESS DRIVER (rtl8xxxu)","RTL8XXXU WIRELESS DRIVER (rtl8xxxu)",24362
"SCSI SUBSYSTEM","3WARE SAS/SATA-RAID SCSI DRIVERS (3W-XXXX, 3W-9XXX, 3W-SAS)",8135
"SCSI SUBSYSTEM","53C700 AND 53C700-66 SCSI DRIVER",4386
"SCSI SUBSYSTEM","AACRAID SCSI RAID DRIVER",16589
"SCSI SUBSYSTEM","ADT746X FAN DRIVER",623
"SCSI SUBSYSTEM","ADVANSYS SCSI DRIVER",11826
"SCSI SUBSYSTEM","AHA152X SCSI DRIVER",3995
"SCSI SUBSYSTEM","AIC7XXX / AIC79XX SCSI DRIVER",57815
"SCSI SUBSYSTEM","ARM/RISCPC ARCHITECTURE",16668
"SCSI SUBSYSTEM","ATTO EXPRESSSAS SAS/SATA RAID SCSI DRIVER",15400
"SCSI SUBSYSTEM","BPF JIT for POWERPC (32-BIT AND 64-BIT)",5070
"SCSI SUBSYSTEM","BROADCOM BNX2FC 10 GIGABIT FCOE DRIVER",11175
"SCSI SUBSYSTEM","BROADCOM BNX2I 1/10 GIGABIT iSCSI DRIVER",8331
"SCSI SUBSYSTEM","BROADCOM MPI3 STORAGE CONTROLLER DRIVER",26313
"SCSI SUBSYSTEM","BROCADE BFA FC SCSI DRIVER",57513
"SCSI SUBSYSTEM","BUSLOGIC SCSI DRIVER",12582
"SCSI SUBSYSTEM","CELL BROADBAND ENGINE ARCHITECTURE",13970
"SCSI SUBSYSTEM","CISCO FCOE HBA DRIVER",20989
"SCSI SUBSYSTEM","CISCO SCSI HBA DRIVER",9712
"SCSI SUBSYSTEM","CPU IDLE TIME MANAGEMENT FRAMEWORK",10853
"SCSI SUBSYSTEM","CPUIDLE DRIVER - ARM BIG LITTLE",224
"SCSI SUBSYSTEM","CPUIDLE DRIVER - ARM PSCI",492
"SCSI SUBSYSTEM","CPUIDLE DRIVER - ARM PSCI PM DOMAIN",205
"SCSI SUBSYSTEM","CPUIDLE DRIVER - DT IDLE PM DOMAIN",253
"SCSI SUBSYSTEM","CPUIDLE DRIVER - RISC-V SBI",579
"SCSI SUBSYSTEM","CXGB3 ISCSI DRIVER (CXGB3I)",1494
"SCSI SUBSYSTEM","CXGB4 ISCSI DRIVER (CXGB4I)",2520
"SCSI SUBSYSTEM","DC390/AM53C974 SCSI driver",542
"SCSI SUBSYSTEM","DC395x SCSI driver",4787
"SCSI SUBSYSTEM","EMULEX 10Gbps iSCSI - OneConnect DRIVER",13719
"SCSI SUBSYSTEM","EMULEX/BROADCOM EFCT FC/FCOE SCSI TARGET DRIVER",30299
"SCSI SUBSYSTEM","EMULEX/BROADCOM LPFC FC/FCOE SCSI DRIVER",119816
"SCSI SUBSYSTEM","FCOE SUBSYSTEM (libfc, libfcoe, fcoe)",24741
"SCSI SUBSYSTEM","HEWLETT-PACKARD SMART ARRAY RAID DRIVER (hpsa)",11948
"SCSI SUBSYSTEM","HIGHPOINT ROCKETRAID 3xxx RAID DRIVER",1914
"SCSI SUBSYSTEM","HISILICON SAS Controller",14336
"SCSI SUBSYSTEM","IBM Power 842 compression accelerator",2122
"SCSI SUBSYSTEM","IBM Power in-Nest Crypto Acceleration",6813
"SCSI SUBSYSTEM","IBM Power IO DLPAR Driver for RPA-compliant PPC64 platform",625
"SCSI SUBSYSTEM","IBM Power Linux RAID adapter",12025
"SCSI SUBSYSTEM","IBM Power PCI Hotplug Driver for RPA-compliant PPC64 platform",953
"SCSI SUBSYSTEM","IBM Power SRIOV Virtual NIC Device Driver",7871
"SCSI SUBSYSTEM","IBM Power Virtual Ethernet Device Driver",2541
"SCSI SUBSYSTEM","IBM Power Virtual FC Device Drivers",7563
"SCSI SUBSYSTEM","IBM Power Virtual SCSI Device Drivers",2759
"SCSI SUBSYSTEM","IBM Power Virtual SCSI Device Target Driver",4984
"SCSI SUBSYSTEM","IBM ServeRAID RAID DRIVER",8296
"SCSI SUBSYSTEM","INTEL C600 SERIES SAS CONTROLLER DRIVER",22965
"SCSI SUBSYSTEM","IPS SCSI RAID DRIVER",8296
"SCSI SUBSYSTEM","ISCSI",14786
"SCSI SUBSYSTEM","KERNEL VIRTUAL MACHINE FOR POWERPC (KVM/powerpc)",62233
"SCSI SUBSYSTEM","LASI 53c700 driver for PARISC",4520
"SCSI SUBSYSTEM","LINUX FOR POWER MACINTOSH",34042
"SCSI SUBSYSTEM","LINUX FOR POWERPC (32-BIT AND 64-BIT)",635913
"SCSI SUBSYSTEM","LINUX FOR POWERPC EMBEDDED MPC5XXX",6633
"SCSI SUBSYSTEM","LINUX FOR POWERPC EMBEDDED PPC4XX",6129
"SCSI SUBSYSTEM","LINUX FOR POWERPC EMBEDDED PPC85XX",7225
"SCSI SUBSYSTEM","LINUX FOR POWERPC EMBEDDED PPC8XX AND PPC83XX",5296
"SCSI SUBSYSTEM","LSILOGIC MPT FUSION DRIVERS (FC/SAS/SPI)",82858
"SCSI SUBSYSTEM","LSILOGIC/SYMBIOS/NCR 53C8XX and 53C1010 PCI-SCSI drivers",16284
"SCSI SUBSYSTEM","MEGARAID SCSI/SAS DRIVERS",33127
"SCSI SUBSYSTEM","MICROSEMI SMART ARRAY SMARTPQI DRIVER (smartpqi)",14507
"SCSI SUBSYSTEM","MYLEX DAC960 PCI RAID Controller",8818
"SCSI SUBSYSTEM","NCR 5380 SCSI DRIVERS",6492
"SCSI SUBSYSTEM","NINJA SCSI-3 / NINJA SCSI-32Bi (16bit/CardBus) PCMCIA SCSI HOST ADAPTER DRIVER",2867
"SCSI SUBSYSTEM","NINJA SCSI-32Bi/UDE PCI/CARDBUS SCSI HOST ADAPTER DRIVER",4708
"SCSI SUBSYSTEM","PCI ENHANCED ERROR HANDLING (EEH) FOR POWERPC",11281
"SCSI SUBSYSTEM","PCI ERROR RECOVERY",471
"SCSI SUBSYSTEM","PMC SIERRA MaxRAID DRIVER",6488
"SCSI SUBSYSTEM","PMC SIERRA PM8001 DRIVER",17618
"SCSI SUBSYSTEM","PS3 NETWORK SUPPORT",2288
"SCSI SUBSYSTEM","PS3 PLATFORM SUPPORT",21654
"SCSI SUBSYSTEM","PS3VRAM DRIVER",851
"SCSI SUBSYSTEM","QLOGIC QL41xxx FCOE DRIVER",10601
"SCSI SUBSYSTEM","QLOGIC QL41xxx ISCSI DRIVER",9295
"SCSI SUBSYSTEM","QLOGIC QLA1280 SCSI DRIVER",5439
"SCSI SUBSYSTEM","QLOGIC QLA2XXX FC-SCSI DRIVER",97830
"SCSI SUBSYSTEM","QLOGIC QLA4XXX iSCSI DRIVER",27916
"SCSI SUBSYSTEM","SCSI LIBSAS SUBSYSTEM",8580
"SCSI SUBSYSTEM","SCSI SG DRIVER",3067
"SCSI SUBSYSTEM","SCSI SUBSYSTEM",1099894
"SCSI SUBSYSTEM","SCSI TAPE DRIVER",10377
"SCSI SUBSYSTEM","SPU FILE SYSTEM",11947
"SCSI SUBSYSTEM","UDRAW TABLET",466
"SCSI SUBSYSTEM","UNIVERSAL FLASH STORAGE HOST CONTROLLER DRIVER",23915
"SCSI SUBSYSTEM","UNIVERSAL FLASH STORAGE HOST CONTROLLER DRIVER AMD VERSAL2",622
"SCSI SUBSYSTEM","UNIVERSAL FLASH STORAGE HOST CONTROLLER DRIVER DWC HOOKS",819
"SCSI SUBSYSTEM","UNIVERSAL FLASH STORAGE HOST CONTROLLER DRIVER EXYNOS HOOKS",2534
"SCSI SUBSYSTEM","UNIVERSAL FLASH STORAGE HOST CONTROLLER DRIVER MEDIATEK HOOKS",2948
"SCSI SUBSYSTEM","UNIVERSAL FLASH STORAGE HOST CONTROLLER DRIVER QUALCOMM HOOKS",4146
"SCSI SUBSYSTEM","UNIVERSAL FLASH STORAGE HOST CONTROLLER DRIVER RENESAS HOOKS",558
"SCSI SUBSYSTEM","VMWARE PVSCSI DRIVER",2082
"SCSI TARGET SUBSYSTEM","FIREWIRE SBP-2 TARGET",2556
"SCSI TARGET SUBSYSTEM","SCSI TARGET CORE USER DRIVER",3996
"SCSI TARGET SUBSYSTEM","SCSI TARGET SUBSYSTEM",68101
"SECURE MONITOR CALL(SMC) CALLING CONVENTION (SMCCC)","SECURE MONITOR CALL(SMC) CALLING CONVENTION (SMCCC)",1175
"SECURITY SUBSYSTEM","APPARMOR SECURITY MODULE",23668
"SECURITY SUBSYSTEM","CAPABILITIES",3030
"SECURITY SUBSYSTEM","Extended Verification Module (EVM)",13975
"SECURITY SUBSYSTEM","INTEGRITY MEASUREMENT ARCHITECTURE (IMA)",13998
"SECURITY SUBSYSTEM","INTEGRITY POLICY ENFORCEMENT (IPE)",4969
"SECURITY SUBSYSTEM","KERNEL HARDENING (not covered by other areas)",2541
"SECURITY SUBSYSTEM","KEYS-ENCRYPTED",1878
"SECURITY SUBSYSTEM","KEYS-TRUSTED",3856
"SECURITY SUBSYSTEM","KEYS-TRUSTED-CAAM",199
"SECURITY SUBSYSTEM","KEYS-TRUSTED-DCP",367
"SECURITY SUBSYSTEM","KEYS-TRUSTED-PLPKS",223
"SECURITY SUBSYSTEM","KEYS-TRUSTED-TEE",303
"SECURITY SUBSYSTEM","KEYS/KEYRINGS",17995
"SECURITY SUBSYSTEM","KEYS/KEYRINGS_INTEGRITY",848
"SECURITY SUBSYSTEM","LOADPIN SECURITY MODULE",519
"SECURITY SUBSYSTEM","LOCKDOWN SECURITY MODULE",220
"SECURITY SUBSYSTEM","SAFESETID SECURITY MODULE",855
"SECURITY SUBSYSTEM","SECURITY SUBSYSTEM",102464
"SECURITY SUBSYSTEM","SMACK SECURITY MODULE",10739
"SECURITY SUBSYSTEM","TOMOYO SECURITY MODULE",12689
"SECURITY SUBSYSTEM","YAMA SECURITY MODULE",574
"SLEEPABLE READ-COPY UPDATE (SRCU)","SLEEPABLE READ-COPY UPDATE (SRCU)",3711
"SONICS SILICON BACKPLANE DRIVER (SSB)","SONICS SILICON BACKPLANE DRIVER (SSB)",12212
"SOUND","AD1889 ALSA SOUND DRIVER",1108
"SOUND","AD5398 CURRENT REGULATOR DRIVER (AD5398/AD5821)",285
"SOUND","ADP5585 GPIO EXPANDER, PWM AND KEYPAD CONTROLLER DRIVER",2503
"SOUND","ALLWINNER DMIC DRIVERS",527
"SOUND","AMD ASoC DRIVERS",28801
"SOUND","AMLOGIC BLUETOOTH DRIVER",817
"SOUND","ANALOG DEVICES INC ADP5055 DRIVER",581
"SOUND","ANALOG DEVICES INC ASOC CODEC DRIVERS",16488
"SOUND","AOA (Apple Onboard Audio) ALSA DRIVER",7440
"SOUND","ARM PRIMECELL AACI PL041 DRIVER",1314
"SOUND","ARM/Amlogic Meson SoC Sound Drivers",9856
"SOUND","ARM/APPLE MACHINE SOUND DRIVERS",3526
"SOUND","ARM/Mediatek RTC DRIVER",1268
"SOUND","ARM/Mediatek SoC support",642960
"SOUND","ARM/Mediatek USB3 PHY DRIVER",7242
"SOUND","ATC260X PMIC MFD DRIVER",2295
"SOUND","AXENTIA ASOC DRIVERS",527
"SOUND","BLUETOOTH DRIVERS",49735
"SOUND","BT87X AUDIO DRIVER",1001
"SOUND","C-MEDIA CMI8788 DRIVER",9773
"SOUND","CANAAN/KENDRYTE K210 SOC SYSTEM CONTROLLER DRIVER",244
"SOUND","CHROMEOS EC CODEC DRIVER",1142
"SOUND","CIRRUS LOGIC AUDIO CODEC DRIVERS",83011
"SOUND","CIRRUS LOGIC HAPTIC DRIVERS",1771
"SOUND","CIRRUS LOGIC LOCHNAGAR DRIVER",4337
"SOUND","CIRRUS LOGIC MADERA CODEC DRIVERS",38673
"SOUND","CS5535 Audio ALSA driver",1226
"SOUND","DIALOG SEMICONDUCTOR DRIVERS",46727
"SOUND","DRM DRIVERS FOR MEDIATEK",25553
"SOUND","EDIROL UA-101/UA-1000 DRIVER",1337
"SOUND","EXTERNAL CONNECTOR SUBSYSTEM (EXTCON)",17164
"SOUND","FIREWIRE AUDIO DRIVERS and IEC 61883-1/6 PACKET STREAMING ENGINE",31576
"SOUND","FOCUSRITE CONTROL PROTOCOL/SCARLETT2 MIXER DRIVERS (Scarlett Gen 2+, Clarett, and Vocaster)",10762
"SOUND","FOURSEMI AUDIO AMPLIFIER DRIVER",2177
"SOUND","FREESCALE SOC LPC32XX SOUND DRIVERS",597
"SOUND","FREESCALE SOC SOUND DRIVERS",29239
"SOUND","FREESCALE SOC SOUND QMC DRIVER",1121
"SOUND","HARMONY SOUND DRIVER",1121
"SOUND","HISILICON SPMI PMIC DRIVER FOR HIKEY 6421v600",199
"SOUND","ICH LPC AND GPIO DRIVER",1953
"SOUND","INFINEON PEB2466 ASoC CODEC",2158
"SOUND","INTEL ASoC DRIVERS",59671
"SOUND","INTEL BROXTON PMC DRIVER",520
"SOUND","INTEL MAX 10 BMC MFD DRIVER",2062
"SOUND","INTEL PMIC MULTIFUNCTION DEVICE DRIVERS",1726
"SOUND","IRON DEVICE AUDIO CODEC DRIVERS",5011
"SOUND","KHADAS MCU MFD DRIVER",439
"SOUND","LOONGSON SECURITY ENGINE DRIVERS",605
"SOUND","LOONGSON-2K Board Management Controller (BMC) DRIVER",703
"SOUND","MARVELL 88PM886 PMIC DRIVER",957
"SOUND","MAX9860 MONO AUDIO VOICE CODEC DRIVER",920
"SOUND","MAXIM MAX20086 CAMERA POWER PROTECTOR DRIVER",442
"SOUND","MAXIM MAX77650 PMIC MFD DRIVER",1800
"SOUND","MAXIM MAX77714 PMIC MFD DRIVER",280
"SOUND","MAXIM MAX77759 PMIC MFD DRIVER",1886
"SOUND","MAXIM MAX77802 PMIC REGULATOR DEVICE DRIVER",881
"SOUND","MAXIM MAX77838 PMIC REGULATOR DEVICE DRIVER",289
"SOUND","MAXIM PMIC AND MUIC DRIVERS FOR EXYNOS BASED BOARDS",10679
"SOUND","MEDIATEK BLUETOOTH DRIVER",1132
"SOUND","MEDIATEK BOARD LEVEL SHUTDOWN DRIVERS",698
"SOUND","MEDIATEK DMA DRIVER",2886
"SOUND","MEDIATEK I2C CONTROLLER DRIVER",1710
"SOUND","MEDIATEK IOMMU DRIVER",5542
"SOUND","MEDIATEK KEYPAD DRIVER",347
"SOUND","MEDIATEK MIPI-CSI CDPHY DRIVER",435
"SOUND","MEDIATEK MMC/SD/SDIO DRIVER",3812
"SOUND","MEDIATEK MT6735 CLOCK & RESET DRIVERS",1288
"SOUND","MEDIATEK MT76 WIRELESS LAN DRIVER",118149
"SOUND","MEDIATEK MT7601U WIRELESS LAN DRIVER",7812
"SOUND","MEDIATEK MT7621 CLOCK DRIVER",663
"SOUND","MEDIATEK MT7621 PHY PCI DRIVER",400
"SOUND","MEDIATEK MT7621/28/88 I2C DRIVER",403
"SOUND","MEDIATEK PMIC LED DRIVER",1328
"SOUND","MEDIATEK RANDOM NUMBER GENERATOR SUPPORT",203
"SOUND","MICROCHIP AUDIO ASOC DRIVERS",10840
"SOUND","MICROCHIP MCP16502 PMIC DRIVER",803
"SOUND","MONOLITHIC POWER SYSTEM PMIC DRIVER",2290
"SOUND","MULTIFUNCTION DEVICES (MFD)",230668
"SOUND","NATIVE INSTRUMENTS USB SOUND INTERFACE DRIVER",3299
"SOUND","NETRONIX EMBEDDED CONTROLLER",683
"SOUND","NXP BLUETOOTH WIRELESS DRIVERS",2138
"SOUND","NXP PF1550 PMIC MFD DRIVER",2067
"SOUND","NXP PF5300/PF5301/PF5302 PMIC REGULATOR DEVICE DRIVER",429
"SOUND","NXP PF8100/PF8121A/PF8200 PMIC REGULATOR DEVICE DRIVER",810
"SOUND","NXP PTN5150A CC LOGIC AND EXTCON DRIVER",491
"SOUND","NXP SGTL5000 DRIVER",2360
"SOUND","NXP TFA9879 DRIVER",599
"SOUND","NXP/Goodix TFA989X (TFA1) DRIVER",524
"SOUND","OCELOT EXTERNAL SWITCH CONTROL",918
"SOUND","OMAP AUDIO SUPPORT",5918
"SOUND","OPL4 DRIVER",2461
"SOUND","PIN CONTROLLER - AIROHA",3433
"SOUND","PIN CONTROLLER - MEDIATEK",76428
"SOUND","QCOM AUDIO (ASoC) DRIVERS",85412
"SOUND","QNAP MCU DRIVER",1362
"SOUND","QUALCOMM BLUETOOTH DRIVER",4934
"SOUND","QUALCOMM IPQ4019 VQMMC REGULATOR DRIVER",144
"SOUND","REALTEK AUDIO CODECS",118945
"SOUND","RENESAS IDT821034 ASoC CODEC",1258
"SOUND","RENESAS R-CAR & FSI AUDIO (ASoC) DRIVERS",12889
"SOUND","RENESAS RZ AUDIO (ASoC) DRIVER",1428
"SOUND","ROCKCHIP I2S TDM DRIVER",2036
"SOUND","ROCKCHIP RK3308 INTERNAL AUDIO CODEC",1656
"SOUND","ROCKCHIP SAI DRIVER",1929
"SOUND","ROHM MULTIFUNCTION BD9571MWV-M PMIC DEVICE DRIVERS",1021
"SOUND","ROHM POWER MANAGEMENT IC DEVICE DRIVERS",13497
"SOUND","SAMSUNG AUDIO (ASoC) DRIVERS",9751
"SOUND","SAMSUNG MULTIFUNCTION PMIC DEVICE DRIVERS",11452
"SOUND","SDCA LIBRARY AND CLASS DRIVER",9646
"SOUND","SENARYTECH AUDIO CODEC DRIVER",304
"SOUND","SOCIONEXT UNIPHIER SOUND DRIVER",4883
"SOUND","SOUND",1719061
"SOUND","SOUND - ALSA SELFTESTS",3100
"SOUND","SOUND - COMPRESSED AUDIO",3601
"SOUND","SOUND - CORE KUNIT TEST",324
"SOUND","SOUND - DMAENGINE HELPERS",1169
"SOUND","SOUND - GENERIC SOUND CARD (Simple-Audio-Card, Audio-Graph-Card)",7045
"SOUND","SOUND - SOC LAYER / DYNAMIC AUDIO POWER MANAGEMENT (ASoC)",1136321
"SOUND","SOUND - SOUND OPEN FIRMWARE (SOF) DRIVERS",57301
"SOUND","SOUNDWIRE SUBSYSTEM",22512
"SOUND","STARFIVE JH7110 PWMDAC DRIVER",604
"SOUND","STARFIVE JH7110 TDM DRIVER",760
"SOUND","STI AUDIO (ASoC) DRIVERS",3695
"SOUND","STM32 AUDIO (ASoC) DRIVERS",6261
"SOUND","SY8106A REGULATOR DRIVER",205
"SOUND","SYSTEM CONFIGURATION (SYSCON)",362
"SOUND","TEMPO SEMICONDUCTOR DRIVERS",10062
"SOUND","TEXAS INSTRUMENTS ASoC DRIVERS",12704
"SOUND","TEXAS INSTRUMENTS AUDIO (ASoC/HDA) DRIVERS",34879
"SOUND","TI LM49xxx FAMILY ASoC CODEC DRIVERS",3132
"SOUND","TI PCM3060 ASoC CODEC DRIVER",584
"SOUND","TI TAS571X FAMILY ASoC CODEC DRIVER",1232
"SOUND","USB MIDI DRIVER",3986
"SOUND","VIRTIO SOUND DRIVER",3994
"SOUND","VIRTUAL PCM TEST DRIVER",1239
"SOUND","VOLTAGE AND CURRENT REGULATOR FRAMEWORK",146978
"SOUND","VOLTAGE AND CURRENT REGULATOR IRQ HELPERS",444
"SOUND","WOLFSON MICROELECTRONICS DRIVERS",169406
"SOUND","XEN SOUND FRONTEND DRIVER",2429
"SOUND","XILINX SOUND DRIVERS",1552
"SOUND","XTENSA XTFPGA PLATFORM SUPPORT",800
"SOUND - SOC LAYER / dapm-graph","SOUND - SOC LAYER / dapm-graph",329
"SPARSE CHECKER","SPARSE CHECKER",371
"SPEAKUP CONSOLE SPEECH DRIVER","SPEAKUP CONSOLE SPEECH DRIVER",12503
"TEE SUBSYSTEM","OP-TEE DRIVER",7626
"TEE SUBSYSTEM","QUALCOMM TEE (QCOMTEE) DRIVER",3963
"TEE SUBSYSTEM","TEE SUBSYSTEM",18283
"TEE SUBSYSTEM","TRUSTED SERVICES TEE DRIVER",657
"TURBOCHANNEL SUBSYSTEM","TURBOCHANNEL SUBSYSTEM",467
"UNICODE SUBSYSTEM","UNICODE SUBSYSTEM",8894
"UNIFDEF","UNIFDEF",1225
"USB AR5523 WIRELESS DRIVER","USB AR5523 WIRELESS DRIVER",2420
"USB SUBSYSTEM","ALCATEL SPEEDTOUCH USB DRIVER",2278
"USB SUBSYSTEM","AMD GEODE CS5536 USB DEVICE CONTROLLER DRIVER",877
"USB SUBSYSTEM","ARM64 PLATFORM DRIVERS",2412
"USB SUBSYSTEM","ASPEED USB UDC DRIVER",1656
"USB SUBSYSTEM","ATM",16139
"USB SUBSYSTEM","BROADCOM BCM63XX/BCM33XX UDC DRIVER",2380
"USB SUBSYSTEM","BROADCOM BDC DRIVER",4400
"USB SUBSYSTEM","BROADCOM BRCMSTB USB EHCI DRIVER",340
"USB SUBSYSTEM","BROADCOM BRCMSTB USB PIN MAP DRIVER",429
"USB SUBSYSTEM","CADENCE USB3 DRD IP DRIVER",9948
"USB SUBSYSTEM","CADENCE USBHS DRIVER",4747
"USB SUBSYSTEM","CADENCE USBSSP DRD IP DRIVER",11530
"USB SUBSYSTEM","CHIPIDEA USB HIGH SPEED DUAL ROLE CONTROLLER",10622
"USB SUBSYSTEM","CHROMEOS UCSI DRIVER",386
"USB SUBSYSTEM","CONEXANT ACCESSRUNNER USB DRIVER",1385
"USB SUBSYSTEM","DESIGNWARE USB2 DRD IP DRIVER",26008
"USB SUBSYSTEM","DESIGNWARE USB3 DRD IP DRIVER",23654
"USB SUBSYSTEM","FARADAY FOTG210 USB2 DUAL-ROLE CONTROLLER",8215
"USB SUBSYSTEM","FREESCALE USB PERIPHERAL DRIVERS",6387
"USB SUBSYSTEM","FREESCALE USB PHY DRIVER",1395
"USB SUBSYSTEM","HUAWEI MATEBOOK E GO EMBEDDED CONTROLLER DRIVER",2203
"USB SUBSYSTEM","IKANOS/ADI EAGLE ADSL USB DRIVER",2755
"USB SUBSYSTEM","INTEL LA JOLLA COVE ADAPTER (LJCA) USB I/O EXPANDER DRIVERS",2180
"USB SUBSYSTEM","INTEL USBIO USB I/O EXPANDER DRIVERS",1499
"USB SUBSYSTEM","LEGO USB Tower driver",879
"USB SUBSYSTEM","MEDIATEK USB3 DRD IP DRIVER",9838
"USB SUBSYSTEM","MICROCHIP USB251XB DRIVER",1112
"USB SUBSYSTEM","MICROCHIP USBA UDC DRIVER",2840
"USB SUBSYSTEM","MICROTEK X6 SCANNER",824
"USB SUBSYSTEM","MUSB MULTIPOINT HIGH SPEED DUAL-ROLE CONTROLLER",20613
"USB SUBSYSTEM","OMAP USB SUPPORT",3760
"USB SUBSYSTEM","ONBOARD USB HUB DRIVER",740
"USB SUBSYSTEM","PPP OVER ATM (RFC 2364)",516
"USB SUBSYSTEM","QUALCOMM TYPEC PORT MANAGER DRIVER",2065
"USB SUBSYSTEM","RENESAS RZ/N1 USBF CONTROLLER DRIVER",3461
"USB SUBSYSTEM","SIS USB2VGA DRIVER",4117
"USB SUBSYSTEM","STARFIVE USB DRIVERS",423
"USB SUBSYSTEM","THINKPAD T14S EMBEDDED CONTROLLER DRIVER",712
"USB SUBSYSTEM","ULPI BUS",601
"USB SUBSYSTEM","USB ACM DRIVER",2431
"USB SUBSYSTEM","USB APPLE MFI FASTCHARGE DRIVER",257
"USB SUBSYSTEM","USB ATTACHED SCSI",1304
"USB SUBSYSTEM","USB CHAOSKEY DRIVER",606
"USB SUBSYSTEM","USB CYPRESS C67X00 DRIVER",2645
"USB SUBSYSTEM","USB EHCI DRIVER",15097
"USB SUBSYSTEM","USB INTEL XHCI ROLE MUX DRIVER",227
"USB SUBSYSTEM","USB ISP116X DRIVER",2324
"USB SUBSYSTEM","USB ISP1760 DRIVER",5885
"USB SUBSYSTEM","USB MASS STORAGE DRIVER",23525
"USB SUBSYSTEM","USB OHCI DRIVER",10805
"USB SUBSYSTEM","USB OTG FSM (Finite State Machine)",453
"USB SUBSYSTEM","USB OVER IP DRIVER",15784
"USB SUBSYSTEM","USB PRINTER DRIVER (usblp)",1488
"USB SUBSYSTEM","USB RAW GADGET DRIVER",1726
"USB SUBSYSTEM","USB SERIAL SUBSYSTEM",60601
"USB SUBSYSTEM","USB SUBSYSTEM",631642
"USB SUBSYSTEM","USB TYPEC BUS FOR ALTERNATE MODES",1800
"USB SUBSYSTEM","USB TYPEC CLASS",44607
"USB SUBSYSTEM","USB TYPEC INTEL PMC MUX DRIVER",1004
"USB SUBSYSTEM","USB TYPEC PI3USB30532 MUX DRIVER",190
"USB SUBSYSTEM","USB TYPEC PORT CONTROLLER DRIVERS",10150
"USB SUBSYSTEM","USB TYPEC TUSB1046 MUX DRIVER",246
"USB SUBSYSTEM","USB UHCI DRIVER",5233
"USB SUBSYSTEM","USB WEBCAM GADGET",8372
"USB SUBSYSTEM","USB XHCI DRIVER",32175
"USB SUBSYSTEM","XEN PVUSB DRIVER",2016
"USERSPACE STACK UNWINDING","USERSPACE STACK UNWINDING",735
"UTIL-LINUX PACKAGE","UTIL-LINUX PACKAGE",0
"VFIO DRIVER","IBM Power VFIO Support",1379
"VFIO DRIVER","VFIO CDX DRIVER",670
"VFIO DRIVER","VFIO DRIVER",41214
"VFIO DRIVER","VFIO FSL-MC DRIVER",863
"VFIO DRIVER","VFIO HISILICON PCI DRIVER",1958
"VFIO DRIVER","VFIO ISM PCI DRIVER",421
"VFIO DRIVER","VFIO MEDIATED DEVICE DRIVERS",5642
"VFIO DRIVER","VFIO MLX5 PCI DRIVER",3540
"VFIO DRIVER","VFIO NVIDIA GRACE GPU DRIVER",1305
"VFIO DRIVER","VFIO PCI DEVICE SPECIFIC DRIVERS",12847
"VFIO DRIVER","VFIO PDS PCI DRIVER",2269
"VFIO DRIVER","VFIO PLATFORM DRIVER",1860
"VFIO DRIVER","VFIO QAT PCI DRIVER",716
"VFIO DRIVER","VFIO SELFTESTS",3663
"VFIO DRIVER","VFIO VIRTIO PCI DRIVER",2104
"VFIO DRIVER","VFIO XE PCI DRIVER",613
"VIRT LIB","VIRT LIB",219
"VIRTUAL BOX GUEST DEVICE DRIVER","VIRTUAL BOX GUEST DEVICE DRIVER",4754
"VIRTUAL BOX SHARED FOLDER VFS DRIVER","VIRTUAL BOX SHARED FOLDER VFS DRIVER",3352
"WILOCITY WIL6210 WIRELESS DRIVER","WILOCITY WIL6210 WIRELESS DRIVER",28858
"X86 CPUID DATABASE","X86 CPUID DATABASE",1888
"X86 PLATFORM DRIVERS","ACER ASPIRE ONE TEMPERATURE AND FAN DRIVER",771
"X86 PLATFORM DRIVERS","ACER WMI LAPTOP EXTRAS",3299
"X86 PLATFORM DRIVERS","ACPI QUICKSTART DRIVER",237
"X86 PLATFORM DRIVERS","ACPI SERIAL MULTI INSTANTIATE DRIVER",435
"X86 PLATFORM DRIVERS","AD525X ANALOG DEVICES DIGITAL POTENTIOMETERS DRIVER",762
"X86 PLATFORM DRIVERS","ADVANTECH SWBTN DRIVER",123
"X86 PLATFORM DRIVERS","ALIENWARE WMI DRIVER",2914
"X86 PLATFORM DRIVERS","AMD 3D V-CACHE PERFORMANCE OPTIMIZER DRIVER",188
"X86 PLATFORM DRIVERS","AMD HETERO CORE HARDWARE FEEDBACK DRIVER",704
"X86 PLATFORM DRIVERS","AMD HSMP DRIVER",2405
"X86 PLATFORM DRIVERS","AMD PMC DRIVER",2061
"X86 PLATFORM DRIVERS","AMD PMF DRIVER",4629
"X86 PLATFORM DRIVERS","ASUS NOTEBOOKS AND EEEPC ACPI/WMI EXTRAS DRIVERS",12172
"X86 PLATFORM DRIVERS","ASUS TF103C DOCK DRIVER",943
"X86 PLATFORM DRIVERS","ASUS WIRELESS RADIO CONTROL DRIVER",213
"X86 PLATFORM DRIVERS","AT24 EEPROM DRIVER",1108
"X86 PLATFORM DRIVERS","AYANEO PLATFORM EC DRIVER",593
"X86 PLATFORM DRIVERS","BARCO P50 GPIO DRIVER",457
"X86 PLATFORM DRIVERS","BROADCOM VK DRIVER",4516
"X86 PLATFORM DRIVERS","CHAR and MISC DRIVERS",149642
"X86 PLATFORM DRIVERS","CMPC ACPI DRIVER",1174
"X86 PLATFORM DRIVERS","COMPAL LAPTOP SUPPORT",1113
"X86 PLATFORM DRIVERS","DASHARO ACPI PLATFORM DRIVER",360
"X86 PLATFORM DRIVERS","DELL LAPTOP DRIVER",2600
"X86 PLATFORM DRIVERS","DELL LAPTOP FREEFALL DRIVER",178
"X86 PLATFORM DRIVERS","DELL LAPTOP RBTN DRIVER",529
"X86 PLATFORM DRIVERS","DELL PC DRIVER",302
"X86 PLATFORM DRIVERS","DELL REMOTE BIOS UPDATE DRIVER",683
"X86 PLATFORM DRIVERS","DELL SMBIOS DRIVER",1279
"X86 PLATFORM DRIVERS","DELL SMBIOS SMM DRIVER",153
"X86 PLATFORM DRIVERS","DELL SMBIOS WMI DRIVER",550
"X86 PLATFORM DRIVERS","DELL SYSTEMS MANAGEMENT BASE DRIVER (dcdbas)",990
"X86 PLATFORM DRIVERS","DELL WMI DDV DRIVER",1485
"X86 PLATFORM DRIVERS","DELL WMI DESCRIPTOR DRIVER",205
"X86 PLATFORM DRIVERS","DELL WMI HARDWARE PRIVACY SUPPORT",401
"X86 PLATFORM DRIVERS","DELL WMI NOTIFICATIONS DRIVER",866
"X86 PLATFORM DRIVERS","DELL WMI SYSMAN DRIVER",2451
"X86 PLATFORM DRIVERS","DESIGNWARE XDATA IP DRIVER",485
"X86 PLATFORM DRIVERS","DOUBLETALK DRIVER",749
"X86 PLATFORM DRIVERS","ENE CB710 FLASH CARD READER DRIVER",1703
"X86 PLATFORM DRIVERS","FUJITSU LAPTOP EXTRAS",1197
"X86 PLATFORM DRIVERS","FUJITSU TABLET EXTRAS",543
"X86 PLATFORM DRIVERS","GENWQE (IBM Generic Workqueue Card)",6774
"X86 PLATFORM DRIVERS","GIGABYTE WMI DRIVER",164
"X86 PLATFORM DRIVERS","GPD POCKET FAN DRIVER",224
"X86 PLATFORM DRIVERS","HARD DRIVE ACTIVE PROTECTION SYSTEM (HDAPS) DRIVER",627
"X86 PLATFORM DRIVERS","HEWLETT PACKARD ENTERPRISE ILO CHIF DRIVER",1141
"X86 PLATFORM DRIVERS","HIKEY960 ONBOARD USB GPIO HUB DRIVER",275
"X86 PLATFORM DRIVERS","HP BIOSCFG DRIVER",4632
"X86 PLATFORM DRIVERS","HP COMPAQ TC1100 TABLET WMI EXTRAS DRIVER",263
"X86 PLATFORM DRIVERS","HPET:	High Precision Event Timers driver",1208
"X86 PLATFORM DRIVERS","IBM Power Virtual Management Channel Driver",2628
"X86 PLATFORM DRIVERS","IDEAPAD LAPTOP EXTRAS DRIVER",2574
"X86 PLATFORM DRIVERS","INTEL ATOMISP2 DUMMY / POWER-MANAGEMENT DRIVER",143
"X86 PLATFORM DRIVERS","INTEL ATOMISP2 LED DRIVER",117
"X86 PLATFORM DRIVERS","INTEL BIOS SAR INT1092 DRIVER",427
"X86 PLATFORM DRIVERS","INTEL ELKHART LAKE PSE I/O DRIVER",110
"X86 PLATFORM DRIVERS","INTEL HID EVENT DRIVER",813
"X86 PLATFORM DRIVERS","INTEL IN FIELD SCAN (IFS) DEVICE",2414
"X86 PLATFORM DRIVERS","INTEL ISHTP ECLITE DRIVER",703
"X86 PLATFORM DRIVERS","INTEL MANAGEMENT ENGINE (mei)",22788
"X86 PLATFORM DRIVERS","INTEL P-Unit IPC DRIVER",397
"X86 PLATFORM DRIVERS","INTEL PMC CORE DRIVER",7694
"X86 PLATFORM DRIVERS","INTEL PMT DRIVERS",2988
"X86 PLATFORM DRIVERS","INTEL SCU DRIVERS",1118
"X86 PLATFORM DRIVERS","INTEL SDSI DRIVER",1852
"X86 PLATFORM DRIVERS","INTEL SKYLAKE INT3472 ACPI DEVICE DRIVER",1891
"X86 PLATFORM DRIVERS","INTEL SPEED SELECT TECHNOLOGY",11649
"X86 PLATFORM DRIVERS","INTEL TELEMETRY DRIVER",2320
"X86 PLATFORM DRIVERS","INTEL TPMI DRIVER",969
"X86 PLATFORM DRIVERS","INTEL UNCORE FREQUENCY CONTROL",1789
"X86 PLATFORM DRIVERS","INTEL VENDOR SPECIFIC EXTENDED CAPABILITIES DRIVER",1151
"X86 PLATFORM DRIVERS","INTEL VIRTUAL BUTTON DRIVER",397
"X86 PLATFORM DRIVERS","INTEL WMI SLIM BOOTLOADER (SBL) FIRMWARE UPDATE DRIVER",128
"X86 PLATFORM DRIVERS","INTEL WMI THUNDERBOLT FORCE POWER DRIVER",71
"X86 PLATFORM DRIVERS","LENOVO drivers",21874
"X86 PLATFORM DRIVERS","LENOVO WMI HOTKEY UTILITIES DRIVER",224
"X86 PLATFORM DRIVERS","LG LAPTOP EXTRAS",1030
"X86 PLATFORM DRIVERS","LINUX KERNEL DUMP TEST MODULE (LKDTM)",4038
"X86 PLATFORM DRIVERS","LIS3LV02D ACCELEROMETER DRIVER",2539
"X86 PLATFORM DRIVERS","MARVELL OCTEON CN10K DPI DRIVER",676
"X86 PLATFORM DRIVERS","MICROBLAZE TMR INJECT",219
"X86 PLATFORM DRIVERS","MICROBLAZE TMR MANAGER",283
"X86 PLATFORM DRIVERS","MICROCHIP LAN966X PCI DRIVER",392
"X86 PLATFORM DRIVERS","MICROCHIP PCI1XXXX GP DRIVER",1170
"X86 PLATFORM DRIVERS","MSI EC DRIVER",1485
"X86 PLATFORM DRIVERS","MSI LAPTOP SUPPORT",1152
"X86 PLATFORM DRIVERS","MSI WMI PLATFORM FEATURES",706
"X86 PLATFORM DRIVERS","MSI WMI SUPPORT",333
"X86 PLATFORM DRIVERS","NITRO SECURE MODULE (NSM)",536
"X86 PLATFORM DRIVERS","NVIDIA WMI EC BACKLIGHT DRIVER",219
"X86 PLATFORM DRIVERS","OCXL (Open Coherent Accelerator Processor Interface OpenCAPI) DRIVER",5942
"X86 PLATFORM DRIVERS","ONEXPLAYER PLATFORM EC DRIVER",1001
"X86 PLATFORM DRIVERS","PANASONIC LAPTOP ACPI EXTRAS DRIVER",1150
"X86 PLATFORM DRIVERS","PC ENGINES APU BOARD DRIVER",339
"X86 PLATFORM DRIVERS","PC8736x GPIO DRIVER",352
"X86 PLATFORM DRIVERS","PORTWELL EC DRIVER",460
"X86 PLATFORM DRIVERS","POWERNV OPERATOR PANEL LCD DISPLAY DRIVER",224
"X86 PLATFORM DRIVERS","QUALCOMM FASTRPC DRIVER",2886
"X86 PLATFORM DRIVERS","REDMIBOOK WMI DRIVERS",154
"X86 PLATFORM DRIVERS","RICOH R5C592 MEMORYSTICK DRIVER",1066
"X86 PLATFORM DRIVERS","RPMB SUBSYSTEM",393
"X86 PLATFORM DRIVERS","SAMSUNG GALAXY BOOK DRIVER",1630
"X86 PLATFORM DRIVERS","SAMSUNG LAPTOP DRIVER",1767
"X86 PLATFORM DRIVERS","SCx200 GPIO DRIVER",221
"X86 PLATFORM DRIVERS","SENSABLE PHANTOM",614
"X86 PLATFORM DRIVERS","SGI GRU DRIVER",6946
"X86 PLATFORM DRIVERS","SGI XP/XPC/XPNET DRIVER",6690
"X86 PLATFORM DRIVERS","SIEMENS IPC PLATFORM DRIVERS",887
"X86 PLATFORM DRIVERS","SILEAD TOUCHSCREEN DRIVER",2839
"X86 PLATFORM DRIVERS","SONY MEMORYSTICK SUBSYSTEM",8840
"X86 PLATFORM DRIVERS","SONY VAIO CONTROL DEVICE DRIVER",6471
"X86 PLATFORM DRIVERS","SYSTEM76 ACPI DRIVER",832
"X86 PLATFORM DRIVERS","TELECOM CLOCK DRIVER FOR MCPL0010",924
"X86 PLATFORM DRIVERS","THINKPAD ACPI EXTRAS DRIVER",12275
"X86 PLATFORM DRIVERS","THINKPAD LMI DRIVER",2493
"X86 PLATFORM DRIVERS","TI FLASH MEDIA MEMORYSTICK/MMC DRIVERS",2712
"X86 PLATFORM DRIVERS","TI FPC202 DUAL PORT CONTROLLER",854
"X86 PLATFORM DRIVERS","TOPSTAR LAPTOP EXTRAS DRIVER",408
"X86 PLATFORM DRIVERS","TOSHIBA ACPI EXTRAS DRIVER",3674
"X86 PLATFORM DRIVERS","TOSHIBA BLUETOOTH DRIVER",316
"X86 PLATFORM DRIVERS","TOSHIBA HDD ACTIVE PROTECTION SENSOR DRIVER",283
"X86 PLATFORM DRIVERS","TOSHIBA SMM DRIVER",599
"X86 PLATFORM DRIVERS","TOSHIBA WMI HOTKEYS DRIVER",124
"X86 PLATFORM DRIVERS","TUXEDO DRIVERS",1166
"X86 PLATFORM DRIVERS","UACCE ACCELERATOR FRAMEWORK",1133
"X86 PLATFORM DRIVERS","UNIWILL LAPTOP DRIVER",3120
"X86 PLATFORM DRIVERS","UV SYSFS DRIVER",931
"X86 PLATFORM DRIVERS","VIRTIO CONSOLE DRIVER",2307
"X86 PLATFORM DRIVERS","VMWARE BALLOON DRIVER",1873
"X86 PLATFORM DRIVERS","VMWARE VMCI DRIVER",10009
"X86 PLATFORM DRIVERS","WMI BINARY MOF DRIVER",134
"X86 PLATFORM DRIVERS","X86 PLATFORM ANDROID TABLETS DSDT FIXUP DRIVER",3981
"X86 PLATFORM DRIVERS","X86 PLATFORM DRIVERS",157225
"X86 PLATFORM DRIVERS","XILLYBUS DRIVER",4978
"ZD1211RW WIRELESS DRIVER","ZD1211RW WIRELESS DRIVER",8770
