filename,lines,sections
.checkpatch.conf,23,"""THE REST"""
.gitignore,85,"""THE REST"""
.mailmap,27,"""THE REST"""
Kbuild,88,"""THE REST"""
Kconfig,160,"""THE REST"""
Licenses/Exceptions,15,"""THE REST"""
Licenses/README,69,"""THE REST"""
Licenses/bsd-2-clause.txt,25,"""THE REST"""
Licenses/bsd-3-clause.txt,24,"""THE REST"""
Licenses/eCos-2.0.txt,43,"""THE REST"""
Licenses/gpl-2.0.txt,339,"""THE REST"""
Licenses/ibm-pibs.txt,17,"""THE REST"""
Licenses/isc.txt,17,"""THE REST"""
Licenses/lgpl-2.0.txt,481,"""THE REST"""
Licenses/lgpl-2.1.txt,502,"""THE REST"""
MAINTAINERS,431,"""THE REST"""
MAKEALL,853,"""THE REST"""
Makefile,1496,"""THE REST"""
README,6696,"""THE REST"""
api/Makefile,9,"""THE REST"""
api/README,55,"""THE REST"""
api/api.c,691,"""THE REST"""
api/api_display.c,58,"""THE REST"""
api/api_net.c,117,"""THE REST"""
api/api_platform-arm.c,37,"""THE REST"""
api/api_platform-powerpc.c,54,"""THE REST"""
api/api_private.h,35,"""THE REST"""
api/api_storage.c,373,"""THE REST"""
arch/.gitignore,1,"""THE REST"""
arch/Kconfig,131,"""THE REST"""
arch/arc/Kconfig,28,"""ARC"",""THE REST"""
arch/arc/Makefile,23,"""ARC"",""THE REST"""
arch/arc/config.mk,33,"""ARC"",""THE REST"""
arch/arc/cpu/arc700/Makefile,13,"""ARC"",""THE REST"""
arch/arc/cpu/arc700/cache.c,138,"""ARC"",""THE REST"""
arch/arc/cpu/arc700/config.mk,7,"""ARC"",""THE REST"""
arch/arc/cpu/arc700/cpu.c,47,"""ARC"",""THE REST"""
arch/arc/cpu/arc700/interrupts.c,142,"""ARC"",""THE REST"""
arch/arc/cpu/arc700/reset.c,19,"""ARC"",""THE REST"""
arch/arc/cpu/arc700/start.S,241,"""ARC"",""THE REST"""
arch/arc/cpu/arc700/timer.c,24,"""ARC"",""THE REST"""
arch/arc/cpu/arc700/u-boot.lds,72,"""ARC"",""THE REST"""
arch/arc/include/asm/arcregs.h,55,"""ARC"",""THE REST"""
arch/arc/include/asm/bitops.h,19,"""ARC"",""THE REST"""
arch/arc/include/asm/byteorder.h,23,"""ARC"",""THE REST"""
arch/arc/include/asm/cache.h,23,"""ARC"",""THE REST"""
arch/arc/include/asm/config.h,15,"""ARC"",""THE REST"""
arch/arc/include/asm/errno.h,1,"""ARC"",""THE REST"""
arch/arc/include/asm/global_data.h,19,"""ARC"",""THE REST"""
arch/arc/include/asm/io.h,218,"""ARC"",""THE REST"""
arch/arc/include/asm/posix_types.h,43,"""ARC"",""THE REST"""
arch/arc/include/asm/ptrace.h,50,"""ARC"",""THE REST"""
arch/arc/include/asm/sections.h,14,"""ARC"",""THE REST"""
arch/arc/include/asm/string.h,27,"""ARC"",""THE REST"""
arch/arc/include/asm/types.h,55,"""ARC"",""THE REST"""
arch/arc/include/asm/u-boot-arc.h,12,"""ARC"",""THE REST"""
arch/arc/include/asm/u-boot.h,15,"""ARC"",""THE REST"""
arch/arc/include/asm/unaligned.h,1,"""ARC"",""THE REST"""
arch/arc/lib/Makefile,16,"""ARC"",""THE REST"""
arch/arc/lib/bootm.c,106,"""ARC"",""THE REST"""
arch/arc/lib/memcmp.S,121,"""ARC"",""THE REST"""
arch/arc/lib/memcpy-700.S,63,"""ARC"",""THE REST"""
arch/arc/lib/memset.S,62,"""ARC"",""THE REST"""
arch/arc/lib/relocate.c,76,"""ARC"",""THE REST"""
arch/arc/lib/sections.c,21,"""ARC"",""THE REST"""
arch/arc/lib/strchr-700.S,141,"""ARC"",""THE REST"""
arch/arc/lib/strcmp.S,97,"""ARC"",""THE REST"""
arch/arc/lib/strcpy-700.S,67,"""ARC"",""THE REST"""
arch/arc/lib/strlen.S,80,"""ARC"",""THE REST"""
arch/arm/Kconfig,989,"""ARM"",""THE REST"""
arch/arm/Kconfig.debug,64,"""ARM"",""THE REST"""
arch/arm/Makefile,29,"""ARM"",""THE REST"""
arch/arm/config.mk,137,"""ARM"",""THE REST"""
arch/arm/cpu/Makefile,6,"""ARM"",""THE REST"""
arch/arm/cpu/arm1136/Makefile,12,"""ARM"",""THE REST"""
arch/arm/cpu/arm1136/config.mk,9,"""ARM"",""THE REST"""
arch/arm/cpu/arm1136/cpu.c,160,"""ARM"",""THE REST"""
arch/arm/cpu/arm1136/mx31/Makefile,10,"""ARM"",""ARM FREESCALE IMX"",""THE REST"""
arch/arm/cpu/arm1136/mx31/devices.c,51,"""ARM"",""ARM FREESCALE IMX"",""THE REST"""
arch/arm/cpu/arm1136/mx31/generic.c,219,"""ARM"",""ARM FREESCALE IMX"",""THE REST"""
arch/arm/cpu/arm1136/mx31/timer.c,47,"""ARM"",""ARM FREESCALE IMX"",""THE REST"""
arch/arm/cpu/arm1136/mx35/Makefile,12,"""ARM"",""ARM FREESCALE IMX"",""THE REST"""
arch/arm/cpu/arm1136/mx35/generic.c,547,"""ARM"",""ARM FREESCALE IMX"",""THE REST"""
arch/arm/cpu/arm1136/mx35/mx35_sdram.c,121,"""ARM"",""ARM FREESCALE IMX"",""THE REST"""
arch/arm/cpu/arm1136/mx35/timer.c,47,"""ARM"",""ARM FREESCALE IMX"",""THE REST"""
arch/arm/cpu/arm1136/start.S,94,"""ARM"",""THE REST"""
arch/arm/cpu/arm1136/u-boot-spl.lds,51,"""ARM"",""THE REST"""
arch/arm/cpu/arm1176/Makefile,15,"""ARM"",""THE REST"""
arch/arm/cpu/arm1176/bcm2835/Makefile,16,"""ARM"",""THE REST"""
arch/arm/cpu/arm1176/bcm2835/init.c,24,"""ARM"",""THE REST"""
arch/arm/cpu/arm1176/bcm2835/lowlevel_init.S,19,"""ARM"",""THE REST"""
arch/arm/cpu/arm1176/bcm2835/mbox.c,153,"""ARM"",""THE REST"""
arch/arm/cpu/arm1176/bcm2835/reset.c,35,"""ARM"",""THE REST"""
arch/arm/cpu/arm1176/bcm2835/timer.c,58,"""ARM"",""THE REST"""
arch/arm/cpu/arm1176/config.mk,9,"""ARM"",""THE REST"""
arch/arm/cpu/arm1176/cpu.c,51,"""ARM"",""THE REST"""
arch/arm/cpu/arm1176/start.S,135,"""ARM"",""THE REST"""
arch/arm/cpu/arm1176/tnetv107x/Makefile,6,"""ARM"",""THE REST"""
arch/arm/cpu/arm1176/tnetv107x/aemif.c,78,"""ARM"",""THE REST"""
arch/arm/cpu/arm1176/tnetv107x/clock.c,432,"""ARM"",""THE REST"""
arch/arm/cpu/arm1176/tnetv107x/init.c,22,"""ARM"",""THE REST"""
arch/arm/cpu/arm1176/tnetv107x/lowlevel_init.S,10,"""ARM"",""THE REST"""
arch/arm/cpu/arm1176/tnetv107x/mux.c,319,"""ARM"",""THE REST"""
arch/arm/cpu/arm1176/tnetv107x/timer.c,93,"""ARM"",""THE REST"""
arch/arm/cpu/arm720t/Makefile,15,"""ARM"",""THE REST"""
arch/arm/cpu/arm720t/config.mk,9,"""ARM"",""THE REST"""
arch/arm/cpu/arm720t/cpu.c,22,"""ARM"",""THE REST"""
arch/arm/cpu/arm720t/interrupts.c,33,"""ARM"",""THE REST"""
arch/arm/cpu/arm720t/start.S,80,"""ARM"",""THE REST"""
arch/arm/cpu/arm720t/tegra-common/Makefile,11,"""ARM"",""ARM TEGRA"",""THE REST"""
arch/arm/cpu/arm720t/tegra-common/cpu.c,384,"""ARM"",""ARM TEGRA"",""THE REST"""
arch/arm/cpu/arm720t/tegra-common/cpu.h,74,"""ARM"",""ARM TEGRA"",""THE REST"""
arch/arm/cpu/arm720t/tegra-common/spl.c,49,"""ARM"",""ARM TEGRA"",""THE REST"""
arch/arm/cpu/arm720t/tegra114/Makefile,21,"""ARM"",""ARM TEGRA"",""THE REST"""
arch/arm/cpu/arm720t/tegra114/cpu.c,310,"""ARM"",""ARM TEGRA"",""THE REST"""
arch/arm/cpu/arm720t/tegra124/Makefile,8,"""ARM"",""ARM TEGRA"",""THE REST"""
arch/arm/cpu/arm720t/tegra124/cpu.c,265,"""ARM"",""ARM TEGRA"",""THE REST"""
arch/arm/cpu/arm720t/tegra20/Makefile,10,"""ARM"",""ARM TEGRA"",""THE REST"""
arch/arm/cpu/arm720t/tegra20/cpu.c,70,"""ARM"",""ARM TEGRA"",""THE REST"""
arch/arm/cpu/arm720t/tegra30/Makefile,20,"""ARM"",""ARM TEGRA"",""THE REST"""
arch/arm/cpu/arm720t/tegra30/cpu.c,183,"""ARM"",""ARM TEGRA"",""THE REST"""
arch/arm/cpu/arm920t/Makefile,18,"""ARM"",""THE REST"""
arch/arm/cpu/arm920t/a320/Makefile,9,"""ARM"",""THE REST"""
arch/arm/cpu/arm920t/a320/reset.S,10,"""ARM"",""THE REST"""
arch/arm/cpu/arm920t/a320/timer.c,118,"""ARM"",""THE REST"""
arch/arm/cpu/arm920t/at91/Makefile,13,"""ARM"",""THE REST"""
arch/arm/cpu/arm920t/at91/at91rm9200_devices.c,67,"""ARM"",""THE REST"""
arch/arm/cpu/arm920t/at91/clock.c,157,"""ARM"",""THE REST"""
arch/arm/cpu/arm920t/at91/cpu.c,26,"""ARM"",""THE REST"""
arch/arm/cpu/arm920t/at91/lowlevel_init.S,152,"""ARM"",""THE REST"""
arch/arm/cpu/arm920t/at91/reset.c,41,"""ARM"",""THE REST"""
arch/arm/cpu/arm920t/at91/timer.c,127,"""ARM"",""THE REST"""
arch/arm/cpu/arm920t/config.mk,8,"""ARM"",""THE REST"""
arch/arm/cpu/arm920t/cpu.c,48,"""ARM"",""THE REST"""
arch/arm/cpu/arm920t/ep93xx/Makefile,21,"""ARM"",""THE REST"""
arch/arm/cpu/arm920t/ep93xx/cpu.c,37,"""ARM"",""THE REST"""
arch/arm/cpu/arm920t/ep93xx/led.c,85,"""ARM"",""THE REST"""
arch/arm/cpu/arm920t/ep93xx/lowlevel_init.S,458,"""ARM"",""THE REST"""
arch/arm/cpu/arm920t/ep93xx/speed.c,96,"""ARM"",""THE REST"""
arch/arm/cpu/arm920t/ep93xx/timer.c,120,"""ARM"",""THE REST"""
arch/arm/cpu/arm920t/imx/Makefile,10,"""ARM"",""THE REST"""
arch/arm/cpu/arm920t/imx/generic.c,77,"""ARM"",""THE REST"""
arch/arm/cpu/arm920t/imx/speed.c,86,"""ARM"",""THE REST"""
arch/arm/cpu/arm920t/imx/timer.c,107,"""ARM"",""THE REST"""
arch/arm/cpu/arm920t/interrupts.c,27,"""ARM"",""THE REST"""
arch/arm/cpu/arm920t/ks8695/Makefile,9,"""ARM"",""THE REST"""
arch/arm/cpu/arm920t/ks8695/lowlevel_init.S,189,"""ARM"",""THE REST"""
arch/arm/cpu/arm920t/ks8695/timer.c,77,"""ARM"",""THE REST"""
arch/arm/cpu/arm920t/s3c24x0/Makefile,11,"""ARM"",""ARM SAMSUNG"",""THE REST"""
arch/arm/cpu/arm920t/s3c24x0/cpu_info.c,38,"""ARM"",""ARM SAMSUNG"",""THE REST"""
arch/arm/cpu/arm920t/s3c24x0/interrupts.c,26,"""ARM"",""ARM SAMSUNG"",""THE REST"""
arch/arm/cpu/arm920t/s3c24x0/speed.c,102,"""ARM"",""ARM SAMSUNG"",""THE REST"""
arch/arm/cpu/arm920t/s3c24x0/timer.c,160,"""ARM"",""ARM SAMSUNG"",""THE REST"""
arch/arm/cpu/arm920t/start.S,149,"""ARM"",""THE REST"""
arch/arm/cpu/arm926ejs/Makefile,30,"""ARM"",""THE REST"""
arch/arm/cpu/arm926ejs/armada100/Makefile,9,"""ARM"",""THE REST"""
arch/arm/cpu/arm926ejs/armada100/cpu.c,92,"""ARM"",""THE REST"""
arch/arm/cpu/arm926ejs/armada100/dram.c,116,"""ARM"",""THE REST"""
arch/arm/cpu/arm926ejs/armada100/timer.c,194,"""ARM"",""THE REST"""
arch/arm/cpu/arm926ejs/at91/Makefile,29,"""ARM"",""THE REST"""
arch/arm/cpu/arm926ejs/at91/at91cap9_devices.c,189,"""ARM"",""THE REST"""
arch/arm/cpu/arm926ejs/at91/at91sam9260_devices.c,245,"""ARM"",""THE REST"""
arch/arm/cpu/arm926ejs/at91/at91sam9261_devices.c,140,"""ARM"",""THE REST"""
arch/arm/cpu/arm926ejs/at91/at91sam9263_devices.c,218,"""ARM"",""THE REST"""
arch/arm/cpu/arm926ejs/at91/at91sam9m10g45_devices.c,184,"""ARM"",""THE REST"""
arch/arm/cpu/arm926ejs/at91/at91sam9n12_devices.c,161,"""ARM"",""THE REST"""
arch/arm/cpu/arm926ejs/at91/at91sam9rl_devices.c,103,"""ARM"",""THE REST"""
arch/arm/cpu/arm926ejs/at91/at91sam9x5_devices.c,244,"""ARM"",""THE REST"""
arch/arm/cpu/arm926ejs/at91/clock.c,249,"""ARM"",""THE REST"""
arch/arm/cpu/arm926ejs/at91/config.mk,2,"""ARM"",""THE REST"""
arch/arm/cpu/arm926ejs/at91/cpu.c,57,"""ARM"",""THE REST"""
arch/arm/cpu/arm926ejs/at91/eflash.c,254,"""ARM"",""THE REST"""
arch/arm/cpu/arm926ejs/at91/led.c,48,"""ARM"",""THE REST"""
arch/arm/cpu/arm926ejs/at91/lowlevel_init.S,246,"""ARM"",""THE REST"""
arch/arm/cpu/arm926ejs/at91/reset.c,29,"""ARM"",""THE REST"""
arch/arm/cpu/arm926ejs/at91/timer.c,120,"""ARM"",""THE REST"""
arch/arm/cpu/arm926ejs/cache.c,102,"""ARM"",""THE REST"""
arch/arm/cpu/arm926ejs/config.mk,8,"""ARM"",""THE REST"""
arch/arm/cpu/arm926ejs/cpu.c,51,"""ARM"",""THE REST"""
arch/arm/cpu/arm926ejs/davinci/Kconfig,78,"""ARM"",""ARM TI"",""THE REST"""
arch/arm/cpu/arm926ejs/davinci/Makefile,28,"""ARM"",""ARM TI"",""THE REST"""
arch/arm/cpu/arm926ejs/davinci/config.mk,8,"""ARM"",""ARM TI"",""THE REST"""
arch/arm/cpu/arm926ejs/davinci/cpu.c,223,"""ARM"",""ARM TI"",""THE REST"""
arch/arm/cpu/arm926ejs/davinci/da830_pinmux.c,139,"""ARM"",""ARM TI"",""THE REST"""
arch/arm/cpu/arm926ejs/davinci/da850_lowlevel.c,313,"""ARM"",""ARM TI"",""THE REST"""
arch/arm/cpu/arm926ejs/davinci/da850_pinmux.c,181,"""ARM"",""ARM TI"",""THE REST"""
arch/arm/cpu/arm926ejs/davinci/dm355.c,30,"""ARM"",""ARM TI"",""THE REST"""
arch/arm/cpu/arm926ejs/davinci/dm365.c,20,"""ARM"",""ARM TI"",""THE REST"""
arch/arm/cpu/arm926ejs/davinci/dm365_lowlevel.c,460,"""ARM"",""ARM TI"",""THE REST"""
arch/arm/cpu/arm926ejs/davinci/dm644x.c,81,"""ARM"",""ARM TI"",""THE REST"""
arch/arm/cpu/arm926ejs/davinci/dm646x.c,26,"""ARM"",""ARM TI"",""THE REST"""
arch/arm/cpu/arm926ejs/davinci/dp83848.c,128,"""ARM"",""ARM TI"",""THE REST"""
arch/arm/cpu/arm926ejs/davinci/et1011c.c,42,"""ARM"",""ARM TI"",""THE REST"""
arch/arm/cpu/arm926ejs/davinci/ksz8873.c,53,"""ARM"",""ARM TI"",""THE REST"""
arch/arm/cpu/arm926ejs/davinci/lowlevel_init.S,693,"""ARM"",""ARM TI"",""THE REST"""
arch/arm/cpu/arm926ejs/davinci/lxt972.c,113,"""ARM"",""ARM TI"",""THE REST"""
arch/arm/cpu/arm926ejs/davinci/misc.c,138,"""ARM"",""ARM TI"",""THE REST"""
arch/arm/cpu/arm926ejs/davinci/pinmux.c,90,"""ARM"",""ARM TI"",""THE REST"""
arch/arm/cpu/arm926ejs/davinci/psc.c,160,"""ARM"",""ARM TI"",""THE REST"""
arch/arm/cpu/arm926ejs/davinci/reset.c,32,"""ARM"",""ARM TI"",""THE REST"""
arch/arm/cpu/arm926ejs/davinci/spl.c,80,"""ARM"",""ARM TI"",""THE REST"""
arch/arm/cpu/arm926ejs/davinci/timer.c,128,"""ARM"",""ARM TI"",""THE REST"""
arch/arm/cpu/arm926ejs/kirkwood/Kconfig,84,"""ARM"",""ARM MARVELL KIRKWOOD"",""THE REST"""
arch/arm/cpu/arm926ejs/kirkwood/Makefile,11,"""ARM"",""ARM MARVELL KIRKWOOD"",""THE REST"""
arch/arm/cpu/arm926ejs/kirkwood/cache.c,19,"""ARM"",""ARM MARVELL KIRKWOOD"",""THE REST"""
arch/arm/cpu/arm926ejs/kirkwood/cpu.c,316,"""ARM"",""ARM MARVELL KIRKWOOD"",""THE REST"""
arch/arm/cpu/arm926ejs/kirkwood/mpp.c,90,"""ARM"",""ARM MARVELL KIRKWOOD"",""THE REST"""
arch/arm/cpu/arm926ejs/lpc32xx/Makefile,8,"""ARM"",""THE REST"""
arch/arm/cpu/arm926ejs/lpc32xx/clk.c,104,"""ARM"",""THE REST"""
arch/arm/cpu/arm926ejs/lpc32xx/cpu.c,57,"""ARM"",""THE REST"""
arch/arm/cpu/arm926ejs/lpc32xx/devices.c,39,"""ARM"",""THE REST"""
arch/arm/cpu/arm926ejs/lpc32xx/timer.c,82,"""ARM"",""THE REST"""
arch/arm/cpu/arm926ejs/mb86r0x/Makefile,8,"""ARM"",""THE REST"""
arch/arm/cpu/arm926ejs/mb86r0x/clock.c,27,"""ARM"",""THE REST"""
arch/arm/cpu/arm926ejs/mb86r0x/reset.c,24,"""ARM"",""THE REST"""
arch/arm/cpu/arm926ejs/mb86r0x/timer.c,115,"""ARM"",""THE REST"""
arch/arm/cpu/arm926ejs/mx25/Makefile,11,"""ARM"",""ARM FREESCALE IMX"",""THE REST"""
arch/arm/cpu/arm926ejs/mx25/generic.c,249,"""ARM"",""ARM FREESCALE IMX"",""THE REST"""
arch/arm/cpu/arm926ejs/mx25/relocate.S,23,"""ARM"",""ARM FREESCALE IMX"",""THE REST"""
arch/arm/cpu/arm926ejs/mx25/reset.c,40,"""ARM"",""ARM FREESCALE IMX"",""THE REST"""
arch/arm/cpu/arm926ejs/mx25/timer.c,49,"""ARM"",""ARM FREESCALE IMX"",""THE REST"""
arch/arm/cpu/arm926ejs/mx27/Makefile,11,"""ARM"",""ARM FREESCALE IMX"",""THE REST"""
arch/arm/cpu/arm926ejs/mx27/generic.c,379,"""ARM"",""ARM FREESCALE IMX"",""THE REST"""
arch/arm/cpu/arm926ejs/mx27/relocate.S,51,"""ARM"",""ARM FREESCALE IMX"",""THE REST"""
arch/arm/cpu/arm926ejs/mx27/reset.c,41,"""ARM"",""ARM FREESCALE IMX"",""THE REST"""
arch/arm/cpu/arm926ejs/mx27/timer.c,162,"""ARM"",""ARM FREESCALE IMX"",""THE REST"""
arch/arm/cpu/arm926ejs/mxs/Makefile,85,"""ARM"",""ARM FREESCALE IMX"",""THE REST"""
arch/arm/cpu/arm926ejs/mxs/clock.c,436,"""ARM"",""ARM FREESCALE IMX"",""THE REST"""
arch/arm/cpu/arm926ejs/mxs/iomux.c,97,"""ARM"",""ARM FREESCALE IMX"",""THE REST"""
arch/arm/cpu/arm926ejs/mxs/mxs.c,301,"""ARM"",""ARM FREESCALE IMX"",""THE REST"""
arch/arm/cpu/arm926ejs/mxs/mxs_init.h,29,"""ARM"",""ARM FREESCALE IMX"",""THE REST"""
arch/arm/cpu/arm926ejs/mxs/mxsimage-signed.cfg,11,"""ARM"",""ARM FREESCALE IMX"",""THE REST"""
arch/arm/cpu/arm926ejs/mxs/mxsimage.mx23.cfg,7,"""ARM"",""ARM FREESCALE IMX"",""THE REST"""
arch/arm/cpu/arm926ejs/mxs/mxsimage.mx28.cfg,9,"""ARM"",""ARM FREESCALE IMX"",""THE REST"""
arch/arm/cpu/arm926ejs/mxs/spl_boot.c,172,"""ARM"",""ARM FREESCALE IMX"",""THE REST"""
arch/arm/cpu/arm926ejs/mxs/spl_lradc_init.c,70,"""ARM"",""ARM FREESCALE IMX"",""THE REST"""
arch/arm/cpu/arm926ejs/mxs/spl_mem_init.c,342,"""ARM"",""ARM FREESCALE IMX"",""THE REST"""
arch/arm/cpu/arm926ejs/mxs/spl_power_init.c,1156,"""ARM"",""ARM FREESCALE IMX"",""THE REST"""
arch/arm/cpu/arm926ejs/mxs/start.S,97,"""ARM"",""ARM FREESCALE IMX"",""THE REST"""
arch/arm/cpu/arm926ejs/mxs/timer.c,161,"""ARM"",""ARM FREESCALE IMX"",""THE REST"""
arch/arm/cpu/arm926ejs/mxs/u-boot-imx23.bd,18,"""ARM"",""ARM FREESCALE IMX"",""THE REST"""
arch/arm/cpu/arm926ejs/mxs/u-boot-imx28.bd,14,"""ARM"",""ARM FREESCALE IMX"",""THE REST"""
arch/arm/cpu/arm926ejs/mxs/u-boot-spl.lds,69,"""ARM"",""ARM FREESCALE IMX"",""THE REST"""
arch/arm/cpu/arm926ejs/nomadik/Kconfig,16,"""ARM"",""THE REST"""
arch/arm/cpu/arm926ejs/nomadik/Makefile,9,"""ARM"",""THE REST"""
arch/arm/cpu/arm926ejs/nomadik/gpio.c,83,"""ARM"",""THE REST"""
arch/arm/cpu/arm926ejs/nomadik/reset.S,14,"""ARM"",""THE REST"""
arch/arm/cpu/arm926ejs/nomadik/timer.c,71,"""ARM"",""THE REST"""
arch/arm/cpu/arm926ejs/omap/Makefile,10,"""ARM"",""ARM TI"",""THE REST"""
arch/arm/cpu/arm926ejs/omap/cpuinfo.c,242,"""ARM"",""ARM TI"",""THE REST"""
arch/arm/cpu/arm926ejs/omap/reset.S,29,"""ARM"",""ARM TI"",""THE REST"""
arch/arm/cpu/arm926ejs/omap/timer.c,152,"""ARM"",""ARM TI"",""THE REST"""
arch/arm/cpu/arm926ejs/orion5x/Kconfig,16,"""ARM"",""THE REST"""
arch/arm/cpu/arm926ejs/orion5x/Makefile,18,"""ARM"",""THE REST"""
arch/arm/cpu/arm926ejs/orion5x/cpu.c,294,"""ARM"",""THE REST"""
arch/arm/cpu/arm926ejs/orion5x/dram.c,55,"""ARM"",""THE REST"""
arch/arm/cpu/arm926ejs/orion5x/lowlevel_init.S,277,"""ARM"",""THE REST"""
arch/arm/cpu/arm926ejs/orion5x/timer.c,171,"""ARM"",""THE REST"""
arch/arm/cpu/arm926ejs/pantheon/Makefile,9,"""ARM"",""THE REST"""
arch/arm/cpu/arm926ejs/pantheon/cpu.c,85,"""ARM"",""THE REST"""
arch/arm/cpu/arm926ejs/pantheon/dram.c,117,"""ARM"",""THE REST"""
arch/arm/cpu/arm926ejs/pantheon/timer.c,201,"""ARM"",""THE REST"""
arch/arm/cpu/arm926ejs/spear/Makefile,21,"""ARM"",""ARM STM SPEAR"",""THE REST"""
arch/arm/cpu/arm926ejs/spear/cpu.c,71,"""ARM"",""ARM STM SPEAR"",""THE REST"""
arch/arm/cpu/arm926ejs/spear/reset.c,38,"""ARM"",""ARM STM SPEAR"",""THE REST"""
arch/arm/cpu/arm926ejs/spear/spear600.c,217,"""ARM"",""ARM STM SPEAR"",""THE REST"""
arch/arm/cpu/arm926ejs/spear/spl.c,259,"""ARM"",""ARM STM SPEAR"",""THE REST"""
arch/arm/cpu/arm926ejs/spear/spl_boot.c,181,"""ARM"",""ARM STM SPEAR"",""THE REST"""
arch/arm/cpu/arm926ejs/spear/spr600_mt47h128m8_3_266_cl5_async.c,114,"""ARM"",""ARM STM SPEAR"",""THE REST"""
arch/arm/cpu/arm926ejs/spear/spr600_mt47h32m16_333_cl5_psync.c,119,"""ARM"",""ARM STM SPEAR"",""THE REST"""
arch/arm/cpu/arm926ejs/spear/spr600_mt47h32m16_37e_166_cl4_sync.c,114,"""ARM"",""ARM STM SPEAR"",""THE REST"""
arch/arm/cpu/arm926ejs/spear/spr600_mt47h64m16_3_333_cl5_psync.c,128,"""ARM"",""ARM STM SPEAR"",""THE REST"""
arch/arm/cpu/arm926ejs/spear/start.S,81,"""ARM"",""ARM STM SPEAR"",""THE REST"""
arch/arm/cpu/arm926ejs/spear/timer.c,123,"""ARM"",""ARM STM SPEAR"",""THE REST"""
arch/arm/cpu/arm926ejs/spear/u-boot-spl.lds,69,"""ARM"",""ARM STM SPEAR"",""THE REST"""
arch/arm/cpu/arm926ejs/start.S,112,"""ARM"",""THE REST"""
arch/arm/cpu/arm926ejs/versatile/Kconfig,15,"""ARM"",""THE REST"""
arch/arm/cpu/arm926ejs/versatile/Makefile,9,"""ARM"",""THE REST"""
arch/arm/cpu/arm926ejs/versatile/reset.S,29,"""ARM"",""THE REST"""
arch/arm/cpu/arm926ejs/versatile/timer.c,64,"""ARM"",""THE REST"""
arch/arm/cpu/arm946es/Makefile,10,"""ARM"",""THE REST"""
arch/arm/cpu/arm946es/config.mk,8,"""ARM"",""THE REST"""
arch/arm/cpu/arm946es/cpu.c,66,"""ARM"",""THE REST"""
arch/arm/cpu/arm946es/start.S,101,"""ARM"",""THE REST"""
arch/arm/cpu/armv7/Kconfig,34,"""ARM"",""THE REST"""
arch/arm/cpu/armv7/Makefile,65,"""ARM"",""THE REST"""
arch/arm/cpu/armv7/am33xx/Makefile,20,"""ARM"",""THE REST"""
arch/arm/cpu/armv7/am33xx/board.c,317,"""ARM"",""THE REST"""
arch/arm/cpu/armv7/am33xx/clock.c,188,"""ARM"",""THE REST"""
arch/arm/cpu/armv7/am33xx/clock_am33xx.c,161,"""ARM"",""THE REST"""
arch/arm/cpu/armv7/am33xx/clock_am43xx.c,121,"""ARM"",""THE REST"""
arch/arm/cpu/armv7/am33xx/clock_ti814x.c,404,"""ARM"",""THE REST"""
arch/arm/cpu/armv7/am33xx/clock_ti816x.c,445,"""ARM"",""THE REST"""
arch/arm/cpu/armv7/am33xx/config.mk,11,"""ARM"",""THE REST"""
arch/arm/cpu/armv7/am33xx/ddr.c,279,"""ARM"",""THE REST"""
arch/arm/cpu/armv7/am33xx/emif4.c,136,"""ARM"",""THE REST"""
arch/arm/cpu/armv7/am33xx/mux.c,33,"""ARM"",""THE REST"""
arch/arm/cpu/armv7/am33xx/sys_info.c,184,"""ARM"",""THE REST"""
arch/arm/cpu/armv7/am33xx/u-boot-spl.lds,56,"""ARM"",""THE REST"""
arch/arm/cpu/armv7/arch_timer.c,58,"""ARM"",""THE REST"""
arch/arm/cpu/armv7/armada-xp/Makefile,7,"""ARM"",""THE REST"""
arch/arm/cpu/armv7/armada-xp/cpu.c,193,"""ARM"",""THE REST"""
arch/arm/cpu/armv7/at91/Makefile,16,"""ARM"",""ARM ATMEL AT91"",""THE REST"""
arch/arm/cpu/armv7/at91/clock.c,167,"""ARM"",""ARM ATMEL AT91"",""THE REST"""
arch/arm/cpu/armv7/at91/config.mk,8,"""ARM"",""ARM ATMEL AT91"",""THE REST"""
arch/arm/cpu/armv7/at91/cpu.c,76,"""ARM"",""ARM ATMEL AT91"",""THE REST"""
arch/arm/cpu/armv7/at91/reset.c,31,"""ARM"",""ARM ATMEL AT91"",""THE REST"""
arch/arm/cpu/armv7/at91/sama5d3_devices.c,218,"""ARM"",""ARM ATMEL AT91"",""THE REST"""
arch/arm/cpu/armv7/at91/sama5d4_devices.c,30,"""ARM"",""ARM ATMEL AT91"",""THE REST"""
arch/arm/cpu/armv7/at91/timer.c,124,"""ARM"",""ARM ATMEL AT91"",""THE REST"""
arch/arm/cpu/armv7/bcm281xx/Makefile,13,"""ARM"",""THE REST"""
arch/arm/cpu/armv7/bcm281xx/clk-bcm281xx.c,573,"""ARM"",""THE REST"""
arch/arm/cpu/armv7/bcm281xx/clk-bsc.c,52,"""ARM"",""THE REST"""
arch/arm/cpu/armv7/bcm281xx/clk-core.c,513,"""ARM"",""THE REST"""
arch/arm/cpu/armv7/bcm281xx/clk-core.h,491,"""ARM"",""THE REST"""
arch/arm/cpu/armv7/bcm281xx/clk-eth.c,143,"""ARM"",""THE REST"""
arch/arm/cpu/armv7/bcm281xx/clk-sdio.c,73,"""ARM"",""THE REST"""
arch/arm/cpu/armv7/bcm281xx/clk-usb-otg.c,27,"""ARM"",""THE REST"""
arch/arm/cpu/armv7/bcm281xx/reset.c,27,"""ARM"",""THE REST"""
arch/arm/cpu/armv7/bcmcygnus/Makefile,7,"""ARM"",""THE REST"""
arch/arm/cpu/armv7/bcmcygnus/reset.c,20,"""ARM"",""THE REST"""
arch/arm/cpu/armv7/bcmnsp/Makefile,7,"""ARM"",""THE REST"""
arch/arm/cpu/armv7/bcmnsp/reset.c,19,"""ARM"",""THE REST"""
arch/arm/cpu/armv7/cache_v7.c,363,"""ARM"",""THE REST"""
arch/arm/cpu/armv7/config.mk,18,"""ARM"",""THE REST"""
arch/arm/cpu/armv7/cpu.c,70,"""ARM"",""THE REST"""
arch/arm/cpu/armv7/exynos/Kconfig,78,"""ARM"",""ARM SAMSUNG"",""THE REST"""
arch/arm/cpu/armv7/exynos/Makefile,16,"""ARM"",""ARM SAMSUNG"",""THE REST"""
arch/arm/cpu/armv7/exynos/clock.c,1733,"""ARM"",""ARM SAMSUNG"",""THE REST"""
arch/arm/cpu/armv7/exynos/clock_init.h,158,"""ARM"",""ARM SAMSUNG"",""THE REST"""
arch/arm/cpu/armv7/exynos/clock_init_exynos4.c,95,"""ARM"",""ARM SAMSUNG"",""THE REST"""
arch/arm/cpu/armv7/exynos/clock_init_exynos5.c,1005,"""ARM"",""ARM SAMSUNG"",""THE REST"""
arch/arm/cpu/armv7/exynos/common_setup.h,45,"""ARM"",""ARM SAMSUNG"",""THE REST"""
arch/arm/cpu/armv7/exynos/config.mk,7,"""ARM"",""ARM SAMSUNG"",""THE REST"""
arch/arm/cpu/armv7/exynos/dmc_common.c,176,"""ARM"",""ARM SAMSUNG"",""THE REST"""
arch/arm/cpu/armv7/exynos/dmc_init_ddr3.c,866,"""ARM"",""ARM SAMSUNG"",""THE REST"""
arch/arm/cpu/armv7/exynos/dmc_init_exynos4.c,213,"""ARM"",""ARM SAMSUNG"",""THE REST"""
arch/arm/cpu/armv7/exynos/exynos4_setup.h,578,"""ARM"",""ARM SAMSUNG"",""THE REST"""
arch/arm/cpu/armv7/exynos/exynos5_setup.h,944,"""ARM"",""ARM SAMSUNG"",""THE REST"""
arch/arm/cpu/armv7/exynos/lowlevel_init.c,77,"""ARM"",""ARM SAMSUNG"",""THE REST"""
arch/arm/cpu/armv7/exynos/pinmux.c,894,"""ARM"",""ARM SAMSUNG"",""THE REST"""
arch/arm/cpu/armv7/exynos/power.c,238,"""ARM"",""ARM SAMSUNG"",""THE REST"""
arch/arm/cpu/armv7/exynos/soc.c,58,"""ARM"",""ARM SAMSUNG"",""THE REST"""
arch/arm/cpu/armv7/exynos/spl_boot.c,312,"""ARM"",""ARM SAMSUNG"",""THE REST"""
arch/arm/cpu/armv7/exynos/system.c,71,"""ARM"",""ARM SAMSUNG"",""THE REST"""
arch/arm/cpu/armv7/exynos/tzpc.c,41,"""ARM"",""ARM SAMSUNG"",""THE REST"""
arch/arm/cpu/armv7/highbank/Kconfig,12,"""ARM"",""THE REST"""
arch/arm/cpu/armv7/highbank/Makefile,8,"""ARM"",""THE REST"""
arch/arm/cpu/armv7/highbank/timer.c,34,"""ARM"",""THE REST"""
arch/arm/cpu/armv7/iproc-common/Makefile,9,"""ARM"",""THE REST"""
arch/arm/cpu/armv7/iproc-common/armpll.c,170,"""ARM"",""THE REST"""
arch/arm/cpu/armv7/iproc-common/hwinit-common.c,15,"""ARM"",""THE REST"""
arch/arm/cpu/armv7/iproc-common/timer.c,130,"""ARM"",""THE REST"""
arch/arm/cpu/armv7/keystone/Kconfig,22,"""ARM"",""THE REST"""
arch/arm/cpu/armv7/keystone/Makefile,18,"""ARM"",""THE REST"""
arch/arm/cpu/armv7/keystone/clock-k2e.c,117,"""ARM"",""THE REST"""
arch/arm/cpu/armv7/keystone/clock-k2hk.c,145,"""ARM"",""THE REST"""
arch/arm/cpu/armv7/keystone/clock-k2l.c,138,"""ARM"",""THE REST"""
arch/arm/cpu/armv7/keystone/clock.c,272,"""ARM"",""THE REST"""
arch/arm/cpu/armv7/keystone/cmd_clock.c,135,"""ARM"",""THE REST"""
arch/arm/cpu/armv7/keystone/cmd_ddr3.c,248,"""ARM"",""THE REST"""
arch/arm/cpu/armv7/keystone/cmd_mon.c,131,"""ARM"",""THE REST"""
arch/arm/cpu/armv7/keystone/ddr3.c,407,"""ARM"",""THE REST"""
arch/arm/cpu/armv7/keystone/init.c,151,"""ARM"",""THE REST"""
arch/arm/cpu/armv7/keystone/keystone.c,87,"""ARM"",""THE REST"""
arch/arm/cpu/armv7/keystone/msmc.c,94,"""ARM"",""THE REST"""
arch/arm/cpu/armv7/keystone/psc.c,227,"""ARM"",""THE REST"""
arch/arm/cpu/armv7/kona-common/Makefile,9,"""ARM"",""THE REST"""
arch/arm/cpu/armv7/kona-common/clk-stubs.c,26,"""ARM"",""THE REST"""
arch/arm/cpu/armv7/kona-common/hwinit-common.c,16,"""ARM"",""THE REST"""
arch/arm/cpu/armv7/kona-common/s_init.c,12,"""ARM"",""THE REST"""
arch/arm/cpu/armv7/lowlevel_init.S,41,"""ARM"",""THE REST"""
arch/arm/cpu/armv7/ls102xa/Makefile,14,"""ARM"",""THE REST"""
arch/arm/cpu/armv7/ls102xa/clock.c,130,"""ARM"",""THE REST"""
arch/arm/cpu/armv7/ls102xa/cpu.c,137,"""ARM"",""THE REST"""
arch/arm/cpu/armv7/ls102xa/fdt.c,136,"""ARM"",""THE REST"""
arch/arm/cpu/armv7/ls102xa/fsl_epu.c,57,"""ARM"",""THE REST"""
arch/arm/cpu/armv7/ls102xa/fsl_epu.h,68,"""ARM"",""THE REST"""
arch/arm/cpu/armv7/ls102xa/fsl_ls1_serdes.c,120,"""ARM"",""THE REST"""
arch/arm/cpu/armv7/ls102xa/fsl_ls1_serdes.h,12,"""ARM"",""THE REST"""
arch/arm/cpu/armv7/ls102xa/ls102xa_serdes.c,41,"""ARM"",""THE REST"""
arch/arm/cpu/armv7/ls102xa/spl.c,33,"""ARM"",""THE REST"""
arch/arm/cpu/armv7/ls102xa/timer.c,127,"""ARM"",""THE REST"""
arch/arm/cpu/armv7/mx5/Makefile,11,"""ARM"",""ARM FREESCALE IMX"",""THE REST"""
arch/arm/cpu/armv7/mx5/clock.c,949,"""ARM"",""ARM FREESCALE IMX"",""THE REST"""
arch/arm/cpu/armv7/mx5/lowlevel_init.S,429,"""ARM"",""ARM FREESCALE IMX"",""THE REST"""
arch/arm/cpu/armv7/mx5/soc.c,116,"""ARM"",""ARM FREESCALE IMX"",""THE REST"""
arch/arm/cpu/armv7/mx6/Makefile,13,"""ARM"",""ARM FREESCALE IMX"",""THE REST"""
arch/arm/cpu/armv7/mx6/clock.c,856,"""ARM"",""ARM FREESCALE IMX"",""THE REST"""
arch/arm/cpu/armv7/mx6/ddr.c,491,"""ARM"",""ARM FREESCALE IMX"",""THE REST"""
arch/arm/cpu/armv7/mx6/hab.c,330,"""ARM"",""ARM FREESCALE IMX"",""THE REST"""
arch/arm/cpu/armv7/mx6/mp.c,87,"""ARM"",""ARM FREESCALE IMX"",""THE REST"""
arch/arm/cpu/armv7/mx6/soc.c,530,"""ARM"",""ARM FREESCALE IMX"",""THE REST"""
arch/arm/cpu/armv7/nonsec_virt.S,205,"""ARM"",""THE REST"""
arch/arm/cpu/armv7/omap-common/Makefile,34,"""ARM"",""ARM TI"",""THE REST"""
arch/arm/cpu/armv7/omap-common/abb.c,121,"""ARM"",""ARM TI"",""THE REST"""
arch/arm/cpu/armv7/omap-common/boot-common.c,154,"""ARM"",""ARM TI"",""THE REST"""
arch/arm/cpu/armv7/omap-common/clocks-common.c,733,"""ARM"",""ARM TI"",""THE REST"""
arch/arm/cpu/armv7/omap-common/emif-common.c,1359,"""ARM"",""ARM TI"",""THE REST"""
arch/arm/cpu/armv7/omap-common/hwinit-common.c,264,"""ARM"",""ARM TI"",""THE REST"""
arch/arm/cpu/armv7/omap-common/lowlevel_init.S,32,"""ARM"",""ARM TI"",""THE REST"""
arch/arm/cpu/armv7/omap-common/mem-common.c,144,"""ARM"",""ARM TI"",""THE REST"""
arch/arm/cpu/armv7/omap-common/omap-cache.c,56,"""ARM"",""ARM TI"",""THE REST"""
arch/arm/cpu/armv7/omap-common/pipe3-phy.c,231,"""ARM"",""ARM TI"",""THE REST"""
arch/arm/cpu/armv7/omap-common/pipe3-phy.h,36,"""ARM"",""ARM TI"",""THE REST"""
arch/arm/cpu/armv7/omap-common/reset.c,29,"""ARM"",""ARM TI"",""THE REST"""
arch/arm/cpu/armv7/omap-common/sata.c,93,"""ARM"",""ARM TI"",""THE REST"""
arch/arm/cpu/armv7/omap-common/timer.c,103,"""ARM"",""ARM TI"",""THE REST"""
arch/arm/cpu/armv7/omap-common/u-boot-spl.lds,57,"""ARM"",""ARM TI"",""THE REST"""
arch/arm/cpu/armv7/omap-common/utils.c,62,"""ARM"",""ARM TI"",""THE REST"""
arch/arm/cpu/armv7/omap-common/vc.c,151,"""ARM"",""ARM TI"",""THE REST"""
arch/arm/cpu/armv7/omap3/Kconfig,122,"""ARM"",""ARM TI"",""THE REST"""
arch/arm/cpu/armv7/omap3/Makefile,20,"""ARM"",""ARM TI"",""THE REST"""
arch/arm/cpu/armv7/omap3/am35x_musb.c,61,"""ARM"",""ARM TI"",""THE REST"""
arch/arm/cpu/armv7/omap3/board.c,505,"""ARM"",""ARM TI"",""THE REST"""
arch/arm/cpu/armv7/omap3/clock.c,790,"""ARM"",""ARM TI"",""THE REST"""
arch/arm/cpu/armv7/omap3/config.mk,15,"""ARM"",""ARM TI"",""THE REST"""
arch/arm/cpu/armv7/omap3/emac.c,29,"""ARM"",""ARM TI"",""THE REST"""
arch/arm/cpu/armv7/omap3/emif4.c,165,"""ARM"",""ARM TI"",""THE REST"""
arch/arm/cpu/armv7/omap3/lowlevel_init.S,498,"""ARM"",""ARM TI"",""THE REST"""
arch/arm/cpu/armv7/omap3/sdrc.c,237,"""ARM"",""ARM TI"",""THE REST"""
arch/arm/cpu/armv7/omap3/spl_id_nand.c,74,"""ARM"",""ARM TI"",""THE REST"""
arch/arm/cpu/armv7/omap3/sys_info.c,366,"""ARM"",""ARM TI"",""THE REST"""
arch/arm/cpu/armv7/omap4/Kconfig,24,"""ARM"",""ARM TI"",""THE REST"""
arch/arm/cpu/armv7/omap4/Makefile,12,"""ARM"",""ARM TI"",""THE REST"""
arch/arm/cpu/armv7/omap4/config.mk,15,"""ARM"",""ARM TI"",""THE REST"""
arch/arm/cpu/armv7/omap4/emif.c,112,"""ARM"",""ARM TI"",""THE REST"""
arch/arm/cpu/armv7/omap4/hw_data.c,457,"""ARM"",""ARM TI"",""THE REST"""
arch/arm/cpu/armv7/omap4/hwinit.c,169,"""ARM"",""ARM TI"",""THE REST"""
arch/arm/cpu/armv7/omap4/prcm-regs.c,302,"""ARM"",""ARM TI"",""THE REST"""
arch/arm/cpu/armv7/omap4/sdram_elpida.c,324,"""ARM"",""ARM TI"",""THE REST"""
arch/arm/cpu/armv7/omap5/Kconfig,28,"""ARM"",""ARM TI"",""THE REST"""
arch/arm/cpu/armv7/omap5/Makefile,13,"""ARM"",""ARM TI"",""THE REST"""
arch/arm/cpu/armv7/omap5/abb.c,57,"""ARM"",""ARM TI"",""THE REST"""
arch/arm/cpu/armv7/omap5/config.mk,13,"""ARM"",""ARM TI"",""THE REST"""
arch/arm/cpu/armv7/omap5/emif.c,88,"""ARM"",""ARM TI"",""THE REST"""
arch/arm/cpu/armv7/omap5/hw_data.c,664,"""ARM"",""ARM TI"",""THE REST"""
arch/arm/cpu/armv7/omap5/hwinit.c,383,"""ARM"",""ARM TI"",""THE REST"""
arch/arm/cpu/armv7/omap5/prcm-regs.c,981,"""ARM"",""ARM TI"",""THE REST"""
arch/arm/cpu/armv7/omap5/sdram.c,733,"""ARM"",""ARM TI"",""THE REST"""
arch/arm/cpu/armv7/psci.S,102,"""ARM"",""THE REST"""
arch/arm/cpu/armv7/rmobile/Kconfig,41,"""ARM"",""THE REST"""
arch/arm/cpu/armv7/rmobile/Makefile,19,"""ARM"",""THE REST"""
arch/arm/cpu/armv7/rmobile/board.c,15,"""ARM"",""THE REST"""
arch/arm/cpu/armv7/rmobile/cpu_info-r8a7740.c,32,"""ARM"",""THE REST"""
arch/arm/cpu/armv7/rmobile/cpu_info-rcar.c,26,"""ARM"",""THE REST"""
arch/arm/cpu/armv7/rmobile/cpu_info-sh73a0.c,44,"""ARM"",""THE REST"""
arch/arm/cpu/armv7/rmobile/cpu_info.c,76,"""ARM"",""THE REST"""
arch/arm/cpu/armv7/rmobile/emac.c,21,"""ARM"",""THE REST"""
arch/arm/cpu/armv7/rmobile/lowlevel_init.S,72,"""ARM"",""THE REST"""
arch/arm/cpu/armv7/rmobile/lowlevel_init_ca15.S,79,"""ARM"",""THE REST"""
arch/arm/cpu/armv7/rmobile/pfc-r8a7740.c,2612,"""ARM"",""THE REST"""
arch/arm/cpu/armv7/rmobile/pfc-r8a7790.c,829,"""ARM"",""THE REST"""
arch/arm/cpu/armv7/rmobile/pfc-r8a7790.h,92,"""ARM"",""THE REST"""
arch/arm/cpu/armv7/rmobile/pfc-r8a7791.c,1117,"""ARM"",""THE REST"""
arch/arm/cpu/armv7/rmobile/pfc-r8a7793.c,1926,"""ARM"",""THE REST"""
arch/arm/cpu/armv7/rmobile/pfc-r8a7794.c,1513,"""ARM"",""THE REST"""
arch/arm/cpu/armv7/rmobile/pfc-sh73a0.c,2807,"""ARM"",""THE REST"""
arch/arm/cpu/armv7/rmobile/timer.c,85,"""ARM"",""THE REST"""
arch/arm/cpu/armv7/s5p-common/Makefile,13,"""ARM"",""ARM SAMSUNG"",""THE REST"""
arch/arm/cpu/armv7/s5p-common/cpu_info.c,41,"""ARM"",""ARM SAMSUNG"",""THE REST"""
arch/arm/cpu/armv7/s5p-common/pwm.c,171,"""ARM"",""ARM SAMSUNG"",""THE REST"""
arch/arm/cpu/armv7/s5p-common/sromc.c,33,"""ARM"",""ARM SAMSUNG"",""THE REST"""
arch/arm/cpu/armv7/s5p-common/timer.c,132,"""ARM"",""ARM SAMSUNG"",""THE REST"""
arch/arm/cpu/armv7/s5pc1xx/Kconfig,22,"""ARM"",""ARM SAMSUNG"",""THE REST"""
arch/arm/cpu/armv7/s5pc1xx/Makefile,14,"""ARM"",""ARM SAMSUNG"",""THE REST"""
arch/arm/cpu/armv7/s5pc1xx/cache.c,47,"""ARM"",""ARM SAMSUNG"",""THE REST"""
arch/arm/cpu/armv7/s5pc1xx/clock.c,327,"""ARM"",""ARM SAMSUNG"",""THE REST"""
arch/arm/cpu/armv7/s5pc1xx/reset.S,32,"""ARM"",""ARM SAMSUNG"",""THE REST"""
arch/arm/cpu/armv7/socfpga/Makefile,13,"""ARM"",""ARM ALTERA SOCFPGA"",""THE REST"""
arch/arm/cpu/armv7/socfpga/clock_manager.c,560,"""ARM"",""ARM ALTERA SOCFPGA"",""THE REST"""
arch/arm/cpu/armv7/socfpga/config.mk,11,"""ARM"",""ARM ALTERA SOCFPGA"",""THE REST"""
arch/arm/cpu/armv7/socfpga/fpga_manager.c,78,"""ARM"",""ARM ALTERA SOCFPGA"",""THE REST"""
arch/arm/cpu/armv7/socfpga/freeze_controller.c,213,"""ARM"",""ARM ALTERA SOCFPGA"",""THE REST"""
arch/arm/cpu/armv7/socfpga/lowlevel_init.S,46,"""ARM"",""ARM ALTERA SOCFPGA"",""THE REST"""
arch/arm/cpu/armv7/socfpga/misc.c,289,"""ARM"",""ARM ALTERA SOCFPGA"",""THE REST"""
arch/arm/cpu/armv7/socfpga/reset_manager.c,115,"""ARM"",""ARM ALTERA SOCFPGA"",""THE REST"""
arch/arm/cpu/armv7/socfpga/scan_manager.c,209,"""ARM"",""ARM ALTERA SOCFPGA"",""THE REST"""
arch/arm/cpu/armv7/socfpga/spl.c,169,"""ARM"",""ARM ALTERA SOCFPGA"",""THE REST"""
arch/arm/cpu/armv7/socfpga/system_manager.c,68,"""ARM"",""ARM ALTERA SOCFPGA"",""THE REST"""
arch/arm/cpu/armv7/socfpga/timer.c,24,"""ARM"",""ARM ALTERA SOCFPGA"",""THE REST"""
arch/arm/cpu/armv7/socfpga/u-boot-spl.lds,45,"""ARM"",""ARM ALTERA SOCFPGA"",""THE REST"""
arch/arm/cpu/armv7/start.S,187,"""ARM"",""THE REST"""
arch/arm/cpu/armv7/stv0991/Makefile,9,"""ARM"",""ARM STM STV0991"",""THE REST"""
arch/arm/cpu/armv7/stv0991/clock.c,41,"""ARM"",""ARM STM STV0991"",""THE REST"""
arch/arm/cpu/armv7/stv0991/lowlevel.S,12,"""ARM"",""ARM STM STV0991"",""THE REST"""
arch/arm/cpu/armv7/stv0991/pinmux.c,62,"""ARM"",""ARM STM STV0991"",""THE REST"""
arch/arm/cpu/armv7/stv0991/reset.c,26,"""ARM"",""ARM STM STV0991"",""THE REST"""
arch/arm/cpu/armv7/stv0991/timer.c,114,"""ARM"",""ARM STM STV0991"",""THE REST"""
arch/arm/cpu/armv7/sunxi/Makefile,38,"""ARM"",""ARM SUNXI"",""THE REST"""
arch/arm/cpu/armv7/sunxi/board.c,188,"""ARM"",""ARM SUNXI"",""THE REST"""
arch/arm/cpu/armv7/sunxi/clock.c,25,"""ARM"",""ARM SUNXI"",""THE REST"""
arch/arm/cpu/armv7/sunxi/clock_sun4i.c,229,"""ARM"",""ARM SUNXI"",""THE REST"""
arch/arm/cpu/armv7/sunxi/clock_sun6i.c,182,"""ARM"",""ARM SUNXI"",""THE REST"""
arch/arm/cpu/armv7/sunxi/config.mk,8,"""ARM"",""ARM SUNXI"",""THE REST"""
arch/arm/cpu/armv7/sunxi/cpu_info.c,38,"""ARM"",""ARM SUNXI"",""THE REST"""
arch/arm/cpu/armv7/sunxi/dram_sun4i.c,750,"""ARM"",""ARM SUNXI"",""THE REST"""
arch/arm/cpu/armv7/sunxi/dram_sun6i.c,432,"""ARM"",""ARM SUNXI"",""THE REST"""
arch/arm/cpu/armv7/sunxi/p2wi.c,117,"""ARM"",""ARM SUNXI"",""THE REST"""
arch/arm/cpu/armv7/sunxi/pinmux.c,71,"""ARM"",""ARM SUNXI"",""THE REST"""
arch/arm/cpu/armv7/sunxi/prcm.c,35,"""ARM"",""ARM SUNXI"",""THE REST"""
arch/arm/cpu/armv7/sunxi/psci.S,162,"""ARM"",""ARM SUNXI"",""THE REST"""
arch/arm/cpu/armv7/sunxi/start.c,1,"""ARM"",""ARM SUNXI"",""THE REST"""
arch/arm/cpu/armv7/sunxi/timer.c,113,"""ARM"",""ARM SUNXI"",""THE REST"""
arch/arm/cpu/armv7/sunxi/u-boot-spl-fel.lds,82,"""ARM"",""ARM SUNXI"",""THE REST"""
arch/arm/cpu/armv7/sunxi/u-boot-spl.lds,58,"""ARM"",""ARM SUNXI"",""THE REST"""
arch/arm/cpu/armv7/syslib.c,43,"""ARM"",""THE REST"""
arch/arm/cpu/armv7/tegra-common/Kconfig,28,"""ARM"",""ARM TEGRA"",""THE REST"""
arch/arm/cpu/armv7/tegra-common/Makefile,10,"""ARM"",""ARM TEGRA"",""THE REST"""
arch/arm/cpu/armv7/tegra-common/cmd_enterrcm.c,51,"""ARM"",""ARM TEGRA"",""THE REST"""
arch/arm/cpu/armv7/tegra114/Kconfig,16,"""ARM"",""ARM TEGRA"",""THE REST"""
arch/arm/cpu/armv7/tegra124/Kconfig,30,"""ARM"",""ARM TEGRA"",""THE REST"""
arch/arm/cpu/armv7/tegra20/Kconfig,52,"""ARM"",""ARM TEGRA"",""THE REST"""
arch/arm/cpu/armv7/tegra20/Makefile,11,"""ARM"",""ARM TEGRA"",""THE REST"""
arch/arm/cpu/armv7/tegra20/display.c,394,"""ARM"",""ARM TEGRA"",""THE REST"""
arch/arm/cpu/armv7/tegra20/pwm.c,86,"""ARM"",""ARM TEGRA"",""THE REST"""
arch/arm/cpu/armv7/tegra30/Kconfig,32,"""ARM"",""ARM TEGRA"",""THE REST"""
arch/arm/cpu/armv7/u8500/Makefile,9,"""ARM"",""THE REST"""
arch/arm/cpu/armv7/u8500/clock.c,74,"""ARM"",""THE REST"""
arch/arm/cpu/armv7/u8500/cpu.c,176,"""ARM"",""THE REST"""
arch/arm/cpu/armv7/u8500/lowlevel.S,21,"""ARM"",""THE REST"""
arch/arm/cpu/armv7/u8500/prcmu.c,214,"""ARM"",""THE REST"""
arch/arm/cpu/armv7/u8500/timer.c,135,"""ARM"",""THE REST"""
arch/arm/cpu/armv7/uniphier/Kconfig,94,"""ARM"",""ARM UNIPHIER"",""THE REST"""
arch/arm/cpu/armv7/uniphier/Makefile,27,"""ARM"",""ARM UNIPHIER"",""THE REST"""
arch/arm/cpu/armv7/uniphier/board_common.c,32,"""ARM"",""ARM UNIPHIER"",""THE REST"""
arch/arm/cpu/armv7/uniphier/board_early_init_r.c,15,"""ARM"",""ARM UNIPHIER"",""THE REST"""
arch/arm/cpu/armv7/uniphier/board_late_init.c,53,"""ARM"",""ARM UNIPHIER"",""THE REST"""
arch/arm/cpu/armv7/uniphier/board_postclk_init.c,47,"""ARM"",""ARM UNIPHIER"",""THE REST"""
arch/arm/cpu/armv7/uniphier/cache_uniphier.c,154,"""ARM"",""ARM UNIPHIER"",""THE REST"""
arch/arm/cpu/armv7/uniphier/cmd_ddrphy.c,229,"""ARM"",""ARM UNIPHIER"",""THE REST"""
arch/arm/cpu/armv7/uniphier/cmd_pinmon.c,36,"""ARM"",""ARM UNIPHIER"",""THE REST"""
arch/arm/cpu/armv7/uniphier/cpu_info.c,59,"""ARM"",""ARM UNIPHIER"",""THE REST"""
arch/arm/cpu/armv7/uniphier/ddrphy_training.c,144,"""ARM"",""ARM UNIPHIER"",""THE REST"""
arch/arm/cpu/armv7/uniphier/dram_init.c,37,"""ARM"",""ARM UNIPHIER"",""THE REST"""
arch/arm/cpu/armv7/uniphier/init_page_table.c,1069,"""ARM"",""ARM UNIPHIER"",""THE REST"""
arch/arm/cpu/armv7/uniphier/lowlevel_init.S,163,"""ARM"",""ARM UNIPHIER"",""THE REST"""
arch/arm/cpu/armv7/uniphier/ph1-ld4/Makefile,12,"""ARM"",""ARM UNIPHIER"",""THE REST"""
arch/arm/cpu/armv7/uniphier/ph1-ld4/bcu_init.c,33,"""ARM"",""ARM UNIPHIER"",""THE REST"""
arch/arm/cpu/armv7/uniphier/ph1-ld4/board_info.c,16,"""ARM"",""ARM UNIPHIER"",""THE REST"""
arch/arm/cpu/armv7/uniphier/ph1-ld4/boot-mode.c,1,"""ARM"",""ARM UNIPHIER"",""THE REST"""
arch/arm/cpu/armv7/uniphier/ph1-ld4/clkrst_init.c,29,"""ARM"",""ARM UNIPHIER"",""THE REST"""
arch/arm/cpu/armv7/uniphier/ph1-ld4/ddrphy_init.c,70,"""ARM"",""ARM UNIPHIER"",""THE REST"""
arch/arm/cpu/armv7/uniphier/ph1-ld4/lowlevel_debug.S,29,"""ARM"",""ARM UNIPHIER"",""THE REST"""
arch/arm/cpu/armv7/uniphier/ph1-ld4/pinctrl.c,63,"""ARM"",""ARM UNIPHIER"",""THE REST"""
arch/arm/cpu/armv7/uniphier/ph1-ld4/platdevice.c,27,"""ARM"",""ARM UNIPHIER"",""THE REST"""
arch/arm/cpu/armv7/uniphier/ph1-ld4/pll_init.c,189,"""ARM"",""ARM UNIPHIER"",""THE REST"""
arch/arm/cpu/armv7/uniphier/ph1-ld4/pll_spectrum.c,1,"""ARM"",""ARM UNIPHIER"",""THE REST"""
arch/arm/cpu/armv7/uniphier/ph1-ld4/sbc_init.c,51,"""ARM"",""ARM UNIPHIER"",""THE REST"""
arch/arm/cpu/armv7/uniphier/ph1-ld4/sg_init.c,28,"""ARM"",""ARM UNIPHIER"",""THE REST"""
arch/arm/cpu/armv7/uniphier/ph1-ld4/umc_init.c,171,"""ARM"",""ARM UNIPHIER"",""THE REST"""
arch/arm/cpu/armv7/uniphier/ph1-pro4/Makefile,11,"""ARM"",""ARM UNIPHIER"",""THE REST"""
arch/arm/cpu/armv7/uniphier/ph1-pro4/board_info.c,16,"""ARM"",""ARM UNIPHIER"",""THE REST"""
arch/arm/cpu/armv7/uniphier/ph1-pro4/boot-mode.c,66,"""ARM"",""ARM UNIPHIER"",""THE REST"""
arch/arm/cpu/armv7/uniphier/ph1-pro4/clkrst_init.c,29,"""ARM"",""ARM UNIPHIER"",""THE REST"""
arch/arm/cpu/armv7/uniphier/ph1-pro4/ddrphy_init.c,70,"""ARM"",""ARM UNIPHIER"",""THE REST"""
arch/arm/cpu/armv7/uniphier/ph1-pro4/lowlevel_debug.S,39,"""ARM"",""ARM UNIPHIER"",""THE REST"""
arch/arm/cpu/armv7/uniphier/ph1-pro4/pinctrl.c,52,"""ARM"",""ARM UNIPHIER"",""THE REST"""
arch/arm/cpu/armv7/uniphier/ph1-pro4/platdevice.c,24,"""ARM"",""ARM UNIPHIER"",""THE REST"""
arch/arm/cpu/armv7/uniphier/ph1-pro4/pll_init.c,168,"""ARM"",""ARM UNIPHIER"",""THE REST"""
arch/arm/cpu/armv7/uniphier/ph1-pro4/pll_spectrum.c,18,"""ARM"",""ARM UNIPHIER"",""THE REST"""
arch/arm/cpu/armv7/uniphier/ph1-pro4/sbc_init.c,75,"""ARM"",""ARM UNIPHIER"",""THE REST"""
arch/arm/cpu/armv7/uniphier/ph1-pro4/sg_init.c,28,"""ARM"",""ARM UNIPHIER"",""THE REST"""
arch/arm/cpu/armv7/uniphier/ph1-pro4/umc_init.c,157,"""ARM"",""ARM UNIPHIER"",""THE REST"""
arch/arm/cpu/armv7/uniphier/ph1-sld8/Makefile,12,"""ARM"",""ARM UNIPHIER"",""THE REST"""
arch/arm/cpu/armv7/uniphier/ph1-sld8/bcu_init.c,1,"""ARM"",""ARM UNIPHIER"",""THE REST"""
arch/arm/cpu/armv7/uniphier/ph1-sld8/board_info.c,16,"""ARM"",""ARM UNIPHIER"",""THE REST"""
arch/arm/cpu/armv7/uniphier/ph1-sld8/boot-mode.c,1,"""ARM"",""ARM UNIPHIER"",""THE REST"""
arch/arm/cpu/armv7/uniphier/ph1-sld8/clkrst_init.c,29,"""ARM"",""ARM UNIPHIER"",""THE REST"""
arch/arm/cpu/armv7/uniphier/ph1-sld8/ddrphy_init.c,75,"""ARM"",""ARM UNIPHIER"",""THE REST"""
arch/arm/cpu/armv7/uniphier/ph1-sld8/lowlevel_debug.S,29,"""ARM"",""ARM UNIPHIER"",""THE REST"""
arch/arm/cpu/armv7/uniphier/ph1-sld8/pinctrl.c,57,"""ARM"",""ARM UNIPHIER"",""THE REST"""
arch/arm/cpu/armv7/uniphier/ph1-sld8/platdevice.c,27,"""ARM"",""ARM UNIPHIER"",""THE REST"""
arch/arm/cpu/armv7/uniphier/ph1-sld8/pll_init.c,201,"""ARM"",""ARM UNIPHIER"",""THE REST"""
arch/arm/cpu/armv7/uniphier/ph1-sld8/pll_spectrum.c,1,"""ARM"",""ARM UNIPHIER"",""THE REST"""
arch/arm/cpu/armv7/uniphier/ph1-sld8/sbc_init.c,58,"""ARM"",""ARM UNIPHIER"",""THE REST"""
arch/arm/cpu/armv7/uniphier/ph1-sld8/sg_init.c,1,"""ARM"",""ARM UNIPHIER"",""THE REST"""
arch/arm/cpu/armv7/uniphier/ph1-sld8/umc_init.c,151,"""ARM"",""ARM UNIPHIER"",""THE REST"""
arch/arm/cpu/armv7/uniphier/reset.c,26,"""ARM"",""ARM UNIPHIER"",""THE REST"""
arch/arm/cpu/armv7/uniphier/smp.S,54,"""ARM"",""ARM UNIPHIER"",""THE REST"""
arch/arm/cpu/armv7/uniphier/spl.c,17,"""ARM"",""ARM UNIPHIER"",""THE REST"""
arch/arm/cpu/armv7/uniphier/support_card.c,225,"""ARM"",""ARM UNIPHIER"",""THE REST"""
arch/arm/cpu/armv7/uniphier/timer.c,39,"""ARM"",""ARM UNIPHIER"",""THE REST"""
arch/arm/cpu/armv7/vf610/Makefile,8,"""ARM"",""ARM FREESCALE IMX"",""THE REST"""
arch/arm/cpu/armv7/vf610/generic.c,319,"""ARM"",""ARM FREESCALE IMX"",""THE REST"""
arch/arm/cpu/armv7/vf610/timer.c,90,"""ARM"",""ARM FREESCALE IMX"",""THE REST"""
arch/arm/cpu/armv7/virt-dt.c,102,"""ARM"",""THE REST"""
arch/arm/cpu/armv7/virt-v7.c,119,"""ARM"",""THE REST"""
arch/arm/cpu/armv7/zynq/Kconfig,39,"""ARM"",""ARM ZYNQ"",""THE REST"""
arch/arm/cpu/armv7/zynq/Makefile,16,"""ARM"",""ARM ZYNQ"",""THE REST"""
arch/arm/cpu/armv7/zynq/clk.c,664,"""ARM"",""ARM ZYNQ"",""THE REST"""
arch/arm/cpu/armv7/zynq/cpu.c,71,"""ARM"",""ARM ZYNQ"",""THE REST"""
arch/arm/cpu/armv7/zynq/ddrc.c,48,"""ARM"",""ARM ZYNQ"",""THE REST"""
arch/arm/cpu/armv7/zynq/slcr.c,196,"""ARM"",""ARM ZYNQ"",""THE REST"""
arch/arm/cpu/armv7/zynq/spl.c,84,"""ARM"",""ARM ZYNQ"",""THE REST"""
arch/arm/cpu/armv7/zynq/timer.c,166,"""ARM"",""ARM ZYNQ"",""THE REST"""
arch/arm/cpu/armv7/zynq/u-boot-spl.lds,62,"""ARM"",""ARM ZYNQ"",""THE REST"""
arch/arm/cpu/armv7/zynq/u-boot.lds,105,"""ARM"",""ARM ZYNQ"",""THE REST"""
arch/arm/cpu/armv8/Makefile,18,"""ARM"",""THE REST"""
arch/arm/cpu/armv8/cache.S,157,"""ARM"",""THE REST"""
arch/arm/cpu/armv8/cache_v8.c,231,"""ARM"",""THE REST"""
arch/arm/cpu/armv8/config.mk,12,"""ARM"",""THE REST"""
arch/arm/cpu/armv8/cpu.c,43,"""ARM"",""THE REST"""
arch/arm/cpu/armv8/exceptions.S,113,"""ARM"",""THE REST"""
arch/arm/cpu/armv8/fsl-lsch3/Makefile,11,"""ARM"",""THE REST"""
arch/arm/cpu/armv8/fsl-lsch3/README,10,"""ARM"",""THE REST"""
arch/arm/cpu/armv8/fsl-lsch3/cpu.c,449,"""ARM"",""THE REST"""
arch/arm/cpu/armv8/fsl-lsch3/cpu.h,8,"""ARM"",""THE REST"""
arch/arm/cpu/armv8/fsl-lsch3/fdt.c,58,"""ARM"",""THE REST"""
arch/arm/cpu/armv8/fsl-lsch3/lowlevel.S,150,"""ARM"",""THE REST"""
arch/arm/cpu/armv8/fsl-lsch3/mp.c,168,"""ARM"",""THE REST"""
arch/arm/cpu/armv8/fsl-lsch3/mp.h,36,"""ARM"",""THE REST"""
arch/arm/cpu/armv8/fsl-lsch3/speed.c,176,"""ARM"",""THE REST"""
arch/arm/cpu/armv8/fsl-lsch3/speed.h,7,"""ARM"",""THE REST"""
arch/arm/cpu/armv8/generic_timer.c,31,"""ARM"",""THE REST"""
arch/arm/cpu/armv8/start.S,170,"""ARM"",""THE REST"""
arch/arm/cpu/armv8/tlb.S,34,"""ARM"",""THE REST"""
arch/arm/cpu/armv8/transition.S,24,"""ARM"",""THE REST"""
arch/arm/cpu/armv8/u-boot.lds,89,"""ARM"",""THE REST"""
arch/arm/cpu/at91-common/Makefile,17,"""ARM"",""ARM ATMEL AT91"",""THE REST"""
arch/arm/cpu/at91-common/mpddrc.c,133,"""ARM"",""ARM ATMEL AT91"",""THE REST"""
arch/arm/cpu/at91-common/phy.c,57,"""ARM"",""ARM ATMEL AT91"",""THE REST"""
arch/arm/cpu/at91-common/sdram.c,77,"""ARM"",""ARM ATMEL AT91"",""THE REST"""
arch/arm/cpu/at91-common/spl.c,46,"""ARM"",""ARM ATMEL AT91"",""THE REST"""
arch/arm/cpu/at91-common/spl_at91.c,124,"""ARM"",""ARM ATMEL AT91"",""THE REST"""
arch/arm/cpu/at91-common/spl_atmel.c,80,"""ARM"",""ARM ATMEL AT91"",""THE REST"""
arch/arm/cpu/at91-common/u-boot-spl.lds,55,"""ARM"",""ARM ATMEL AT91"",""THE REST"""
arch/arm/cpu/pxa/Makefile,15,"""ARM"",""ARM MARVELL PXA"",""THE REST"""
arch/arm/cpu/pxa/config.mk,22,"""ARM"",""ARM MARVELL PXA"",""THE REST"""
arch/arm/cpu/pxa/cpuinfo.c,132,"""ARM"",""ARM MARVELL PXA"",""THE REST"""
arch/arm/cpu/pxa/pxa2xx.c,286,"""ARM"",""ARM MARVELL PXA"",""THE REST"""
arch/arm/cpu/pxa/start.S,199,"""ARM"",""ARM MARVELL PXA"",""THE REST"""
arch/arm/cpu/pxa/timer.c,85,"""ARM"",""ARM MARVELL PXA"",""THE REST"""
arch/arm/cpu/pxa/usb.c,89,"""ARM"",""ARM MARVELL PXA"",""THE REST"""
arch/arm/cpu/sa1100/Makefile,11,"""ARM"",""THE REST"""
arch/arm/cpu/sa1100/config.mk,9,"""ARM"",""THE REST"""
arch/arm/cpu/sa1100/cpu.c,68,"""ARM"",""THE REST"""
arch/arm/cpu/sa1100/start.S,126,"""ARM"",""THE REST"""
arch/arm/cpu/sa1100/timer.c,73,"""ARM"",""THE REST"""
arch/arm/cpu/tegra-common/Makefile,19,"""ARM"",""ARM TEGRA"",""THE REST"""
arch/arm/cpu/tegra-common/ap.c,169,"""ARM"",""ARM TEGRA"",""THE REST"""
arch/arm/cpu/tegra-common/board.c,159,"""ARM"",""ARM TEGRA"",""THE REST"""
arch/arm/cpu/tegra-common/cache.c,46,"""ARM"",""ARM TEGRA"",""THE REST"""
arch/arm/cpu/tegra-common/clock.c,669,"""ARM"",""ARM TEGRA"",""THE REST"""
arch/arm/cpu/tegra-common/lowlevel_init.S,26,"""ARM"",""ARM TEGRA"",""THE REST"""
arch/arm/cpu/tegra-common/pinmux-common.c,527,"""ARM"",""ARM TEGRA"",""THE REST"""
arch/arm/cpu/tegra-common/powergate.c,102,"""ARM"",""ARM TEGRA"",""THE REST"""
arch/arm/cpu/tegra-common/sys_info.c,31,"""ARM"",""ARM TEGRA"",""THE REST"""
arch/arm/cpu/tegra-common/vpr.c,35,"""ARM"",""ARM TEGRA"",""THE REST"""
arch/arm/cpu/tegra-common/xusb-padctl.c,39,"""ARM"",""ARM TEGRA"",""THE REST"""
arch/arm/cpu/tegra114-common/Makefile,20,"""ARM"",""ARM TEGRA"",""THE REST"""
arch/arm/cpu/tegra114-common/clock.c,669,"""ARM"",""ARM TEGRA"",""THE REST"""
arch/arm/cpu/tegra114-common/funcmux.c,67,"""ARM"",""ARM TEGRA"",""THE REST"""
arch/arm/cpu/tegra114-common/pinmux.c,293,"""ARM"",""ARM TEGRA"",""THE REST"""
arch/arm/cpu/tegra124-common/Makefile,11,"""ARM"",""ARM TEGRA"",""THE REST"""
arch/arm/cpu/tegra124-common/clock.c,935,"""ARM"",""ARM TEGRA"",""THE REST"""
arch/arm/cpu/tegra124-common/funcmux.c,71,"""ARM"",""ARM TEGRA"",""THE REST"""
arch/arm/cpu/tegra124-common/pinmux.c,306,"""ARM"",""ARM TEGRA"",""THE REST"""
arch/arm/cpu/tegra124-common/xusb-padctl.c,716,"""ARM"",""ARM TEGRA"",""THE REST"""
arch/arm/cpu/tegra20-common/Makefile,17,"""ARM"",""ARM TEGRA"",""THE REST"""
arch/arm/cpu/tegra20-common/clock.c,687,"""ARM"",""ARM TEGRA"",""THE REST"""
arch/arm/cpu/tegra20-common/crypto.c,137,"""ARM"",""ARM TEGRA"",""THE REST"""
arch/arm/cpu/tegra20-common/crypto.h,20,"""ARM"",""ARM TEGRA"",""THE REST"""
arch/arm/cpu/tegra20-common/emc.c,270,"""ARM"",""ARM TEGRA"",""THE REST"""
arch/arm/cpu/tegra20-common/funcmux.c,296,"""ARM"",""ARM TEGRA"",""THE REST"""
arch/arm/cpu/tegra20-common/pinmux.c,425,"""ARM"",""ARM TEGRA"",""THE REST"""
arch/arm/cpu/tegra20-common/pmu.c,65,"""ARM"",""ARM TEGRA"",""THE REST"""
arch/arm/cpu/tegra20-common/warmboot.c,372,"""ARM"",""ARM TEGRA"",""THE REST"""
arch/arm/cpu/tegra20-common/warmboot_avp.c,236,"""ARM"",""ARM TEGRA"",""THE REST"""
arch/arm/cpu/tegra20-common/warmboot_avp.h,65,"""ARM"",""ARM TEGRA"",""THE REST"""
arch/arm/cpu/tegra30-common/Makefile,20,"""ARM"",""ARM TEGRA"",""THE REST"""
arch/arm/cpu/tegra30-common/clock.c,744,"""ARM"",""ARM TEGRA"",""THE REST"""
arch/arm/cpu/tegra30-common/funcmux.c,61,"""ARM"",""ARM TEGRA"",""THE REST"""
arch/arm/cpu/tegra30-common/pinmux.c,276,"""ARM"",""ARM TEGRA"",""THE REST"""
arch/arm/cpu/u-boot-spl.lds,94,"""ARM"",""THE REST"""
arch/arm/cpu/u-boot.lds,140,"""ARM"",""THE REST"""
arch/arm/dts/.gitignore,1,"""ARM"",""THE REST"""
arch/arm/dts/Makefile,62,"""ARM"",""THE REST"""
arch/arm/dts/am335x-bone-common.dtsi,266,"""ARM"",""THE REST"""
arch/arm/dts/am335x-boneblack.dts,17,"""ARM"",""THE REST"""
arch/arm/dts/am33xx.dtsi,649,"""ARM"",""THE REST"""
arch/arm/dts/cros-ec-keyboard.dtsi,105,"""ARM"",""THE REST"""
arch/arm/dts/exynos4.dtsi,153,"""ARM"",""THE REST"""
arch/arm/dts/exynos4210-origen.dts,45,"""ARM"",""THE REST"""
arch/arm/dts/exynos4210-pinctrl-uboot.dtsi,27,"""ARM"",""THE REST"""
arch/arm/dts/exynos4210-pinctrl.dtsi,304,"""ARM"",""THE REST"""
arch/arm/dts/exynos4210-smdkv310.dts,21,"""ARM"",""THE REST"""
arch/arm/dts/exynos4210-trats.dts,120,"""ARM"",""THE REST"""
arch/arm/dts/exynos4210-universal_c210.dts,96,"""ARM"",""THE REST"""
arch/arm/dts/exynos4210.dtsi,156,"""ARM"",""THE REST"""
arch/arm/dts/exynos4412-odroid.dts,81,"""ARM"",""THE REST"""
arch/arm/dts/exynos4412-trats2.dts,446,"""ARM"",""THE REST"""
arch/arm/dts/exynos4412.dtsi,38,"""ARM"",""THE REST"""
arch/arm/dts/exynos4x12-pinctrl-uboot.dtsi,43,"""ARM"",""THE REST"""
arch/arm/dts/exynos4x12-pinctrl.dtsi,344,"""ARM"",""THE REST"""
arch/arm/dts/exynos4x12.dtsi,115,"""ARM"",""THE REST"""
arch/arm/dts/exynos5.dtsi,253,"""ARM"",""THE REST"""
arch/arm/dts/exynos5250-arndale.dts,39,"""ARM"",""THE REST"""
arch/arm/dts/exynos5250-pinctrl-uboot.dtsi,40,"""ARM"",""THE REST"""
arch/arm/dts/exynos5250-pinctrl.dtsi,331,"""ARM"",""THE REST"""
arch/arm/dts/exynos5250-smdk5250.dts,151,"""ARM"",""THE REST"""
arch/arm/dts/exynos5250-snow.dts,199,"""ARM"",""THE REST"""
arch/arm/dts/exynos5250.dtsi,119,"""ARM"",""THE REST"""
arch/arm/dts/exynos5420-peach-pit.dts,160,"""ARM"",""THE REST"""
arch/arm/dts/exynos5420-smdk5420.dts,148,"""ARM"",""THE REST"""
arch/arm/dts/exynos5422-odroidxu3.dts,49,"""ARM"",""THE REST"""
arch/arm/dts/exynos54xx-pinctrl-uboot.dtsi,40,"""ARM"",""THE REST"""
arch/arm/dts/exynos54xx-pinctrl.dtsi,305,"""ARM"",""THE REST"""
arch/arm/dts/exynos54xx.dtsi,203,"""ARM"",""THE REST"""
arch/arm/dts/exynos5800-peach-pi.dts,154,"""ARM"",""THE REST"""
arch/arm/dts/include/dt-bindings,0,"""ARM"",""THE REST"""
arch/arm/dts/s5pc100-pinctrl.dtsi,180,"""ARM"",""THE REST"""
arch/arm/dts/s5pc110-pinctrl.dtsi,273,"""ARM"",""THE REST"""
arch/arm/dts/s5pc1xx-goni.dts,35,"""ARM"",""THE REST"""
arch/arm/dts/s5pc1xx-smdkc100.dts,36,"""ARM"",""THE REST"""
arch/arm/dts/skeleton.dtsi,13,"""ARM"",""THE REST"""
arch/arm/dts/socfpga.dtsi,787,"""ARM"",""THE REST"""
arch/arm/dts/socfpga_cyclone5.dtsi,40,"""ARM"",""THE REST"""
arch/arm/dts/socfpga_cyclone5_socrates.dts,65,"""ARM"",""THE REST"""
arch/arm/dts/sun7i-a20-pcduino3.dts,177,"""ARM"",""THE REST"""
arch/arm/dts/sun7i-a20.dtsi,988,"""ARM"",""THE REST"""
arch/arm/dts/sunxi-common-regulators.dtsi,89,"""ARM"",""THE REST"""
arch/arm/dts/tegra114-dalmore.dts,75,"""ARM"",""THE REST"""
arch/arm/dts/tegra114.dtsi,302,"""ARM"",""THE REST"""
arch/arm/dts/tegra124-jetson-tk1.dts,467,"""ARM"",""THE REST"""
arch/arm/dts/tegra124-nyan-big.dts,365,"""ARM"",""THE REST"""
arch/arm/dts/tegra124-venice2.dts,95,"""ARM"",""THE REST"""
arch/arm/dts/tegra124.dtsi,522,"""ARM"",""THE REST"""
arch/arm/dts/tegra20-colibri_t20_iris.dts,49,"""ARM"",""THE REST"""
arch/arm/dts/tegra20-harmony.dts,109,"""ARM"",""THE REST"""
arch/arm/dts/tegra20-medcom-wide.dts,81,"""ARM"",""THE REST"""
arch/arm/dts/tegra20-paz00.dts,95,"""ARM"",""THE REST"""
arch/arm/dts/tegra20-plutux.dts,49,"""ARM"",""THE REST"""
arch/arm/dts/tegra20-seaboard.dts,195,"""ARM"",""THE REST"""
arch/arm/dts/tegra20-tamonten.dtsi,500,"""ARM"",""THE REST"""
arch/arm/dts/tegra20-tec.dts,81,"""ARM"",""THE REST"""
arch/arm/dts/tegra20-trimslice.dts,138,"""ARM"",""THE REST"""
arch/arm/dts/tegra20-ventana.dts,95,"""ARM"",""THE REST"""
arch/arm/dts/tegra20-whistler.dts,77,"""ARM"",""THE REST"""
arch/arm/dts/tegra20.dtsi,450,"""ARM"",""THE REST"""
arch/arm/dts/tegra30-apalis.dts,304,"""ARM"",""THE REST"""
arch/arm/dts/tegra30-beaver.dts,334,"""ARM"",""THE REST"""
arch/arm/dts/tegra30-cardhu.dts,439,"""ARM"",""THE REST"""
arch/arm/dts/tegra30-colibri.dts,94,"""ARM"",""THE REST"""
arch/arm/dts/tegra30-tamonten.dtsi,73,"""ARM"",""THE REST"""
arch/arm/dts/tegra30-tec-ng.dts,22,"""ARM"",""THE REST"""
arch/arm/dts/tegra30.dtsi,398,"""ARM"",""THE REST"""
arch/arm/dts/tps65217.dtsi,56,"""ARM"",""THE REST"""
arch/arm/dts/uniphier-ph1-ld4-ref.dts,61,"""ARM"",""THE REST"""
arch/arm/dts/uniphier-ph1-ld4.dtsi,120,"""ARM"",""THE REST"""
arch/arm/dts/uniphier-ph1-pro4-ref.dts,63,"""ARM"",""THE REST"""
arch/arm/dts/uniphier-ph1-pro4.dtsi,140,"""ARM"",""THE REST"""
arch/arm/dts/uniphier-ph1-sld3-ref.dts,60,"""ARM"",""THE REST"""
arch/arm/dts/uniphier-ph1-sld3.dtsi,125,"""ARM"",""THE REST"""
arch/arm/dts/uniphier-ph1-sld8-ref.dts,61,"""ARM"",""THE REST"""
arch/arm/dts/uniphier-ph1-sld8.dtsi,120,"""ARM"",""THE REST"""
arch/arm/dts/zynq-7000.dtsi,207,"""ARM"",""THE REST"""
arch/arm/dts/zynq-microzed.dts,23,"""ARM"",""THE REST"""
arch/arm/dts/zynq-zc702.dts,23,"""ARM"",""THE REST"""
arch/arm/dts/zynq-zc706.dts,23,"""ARM"",""THE REST"""
arch/arm/dts/zynq-zc770-xm010.dts,23,"""ARM"",""THE REST"""
arch/arm/dts/zynq-zc770-xm012.dts,23,"""ARM"",""THE REST"""
arch/arm/dts/zynq-zc770-xm013.dts,23,"""ARM"",""THE REST"""
arch/arm/dts/zynq-zed.dts,23,"""ARM"",""THE REST"""
arch/arm/dts/zynq-zybo.dts,23,"""ARM"",""THE REST"""
arch/arm/imx-common/Makefile,82,"""ARM"",""THE REST"""
arch/arm/imx-common/cmd_bmode.c,106,"""ARM"",""THE REST"""
arch/arm/imx-common/cmd_hdmidet.c,20,"""ARM"",""THE REST"""
arch/arm/imx-common/cpu.c,248,"""ARM"",""THE REST"""
arch/arm/imx-common/i2c-mxv7.c,114,"""ARM"",""THE REST"""
arch/arm/imx-common/iomux-v3.c,94,"""ARM"",""THE REST"""
arch/arm/imx-common/misc.c,74,"""ARM"",""THE REST"""
arch/arm/imx-common/sata.c,38,"""ARM"",""THE REST"""
arch/arm/imx-common/speed.c,45,"""ARM"",""THE REST"""
arch/arm/imx-common/spl.c,84,"""ARM"",""THE REST"""
arch/arm/imx-common/spl_sd.cfg,8,"""ARM"",""THE REST"""
arch/arm/imx-common/timer.c,178,"""ARM"",""THE REST"""
arch/arm/imx-common/video.c,66,"""ARM"",""THE REST"""
arch/arm/include/asm/arch-a320/a320.h,22,"""ARM"",""THE REST"""
arch/arm/include/asm/arch-am33xx/clock.h,116,"""ARM"",""THE REST"""
arch/arm/include/asm/arch-am33xx/clock_ti81xx.h,142,"""ARM"",""THE REST"""
arch/arm/include/asm/arch-am33xx/clocks_am33xx.h,38,"""ARM"",""THE REST"""
arch/arm/include/asm/arch-am33xx/cpu.h,580,"""ARM"",""THE REST"""
arch/arm/include/asm/arch-am33xx/ddr_defs.h,347,"""ARM"",""THE REST"""
arch/arm/include/asm/arch-am33xx/gpio.h,28,"""ARM"",""THE REST"""
arch/arm/include/asm/arch-am33xx/hardware.h,65,"""ARM"",""THE REST"""
arch/arm/include/asm/arch-am33xx/hardware_am33xx.h,70,"""ARM"",""THE REST"""
arch/arm/include/asm/arch-am33xx/hardware_am43xx.h,88,"""ARM"",""THE REST"""
arch/arm/include/asm/arch-am33xx/hardware_ti814x.h,61,"""ARM"",""THE REST"""
arch/arm/include/asm/arch-am33xx/hardware_ti816x.h,61,"""ARM"",""THE REST"""
arch/arm/include/asm/arch-am33xx/i2c.h,65,"""ARM"",""THE REST"""
arch/arm/include/asm/arch-am33xx/mem.h,64,"""ARM"",""THE REST"""
arch/arm/include/asm/arch-am33xx/mmc_host_def.h,35,"""ARM"",""THE REST"""
arch/arm/include/asm/arch-am33xx/mux.h,47,"""ARM"",""THE REST"""
arch/arm/include/asm/arch-am33xx/mux_am33xx.h,247,"""ARM"",""THE REST"""
arch/arm/include/asm/arch-am33xx/mux_am43xx.h,187,"""ARM"",""THE REST"""
arch/arm/include/asm/arch-am33xx/mux_ti814x.h,311,"""ARM"",""THE REST"""
arch/arm/include/asm/arch-am33xx/mux_ti816x.h,363,"""ARM"",""THE REST"""
arch/arm/include/asm/arch-am33xx/omap.h,36,"""ARM"",""THE REST"""
arch/arm/include/asm/arch-am33xx/spl.h,57,"""ARM"",""THE REST"""
arch/arm/include/asm/arch-am33xx/sys_proto.h,45,"""ARM"",""THE REST"""
arch/arm/include/asm/arch-arm720t/hardware.h,17,"""ARM"",""THE REST"""
arch/arm/include/asm/arch-armada-xp/config.h,82,"""ARM"",""THE REST"""
arch/arm/include/asm/arch-armada-xp/cpu.h,107,"""ARM"",""THE REST"""
arch/arm/include/asm/arch-armada-xp/soc.h,57,"""ARM"",""THE REST"""
arch/arm/include/asm/arch-armada100/armada100.h,60,"""ARM"",""THE REST"""
arch/arm/include/asm/arch-armada100/config.h,42,"""ARM"",""THE REST"""
arch/arm/include/asm/arch-armada100/cpu.h,162,"""ARM"",""THE REST"""
arch/arm/include/asm/arch-armada100/gpio.h,32,"""ARM"",""THE REST"""
arch/arm/include/asm/arch-armada100/mfp.h,80,"""ARM"",""THE REST"""
arch/arm/include/asm/arch-armada100/spi.h,79,"""ARM"",""THE REST"""
arch/arm/include/asm/arch-armada100/utmi-armada100.h,63,"""ARM"",""THE REST"""
arch/arm/include/asm/arch-armv7/globaltimer.h,20,"""ARM"",""THE REST"""
arch/arm/include/asm/arch-armv7/sysctrl.h,54,"""ARM"",""THE REST"""
arch/arm/include/asm/arch-armv7/systimer.h,36,"""ARM"",""THE REST"""
arch/arm/include/asm/arch-armv7/wdt.h,39,"""ARM"",""THE REST"""
arch/arm/include/asm/arch-at91/at91_common.h,37,"""ARM"",""ARM ATMEL AT91"",""THE REST"""
arch/arm/include/asm/arch-at91/at91_dbu.h,42,"""ARM"",""ARM ATMEL AT91"",""THE REST"""
arch/arm/include/asm/arch-at91/at91_eefc.h,48,"""ARM"",""ARM ATMEL AT91"",""THE REST"""
arch/arm/include/asm/arch-at91/at91_emac.h,127,"""ARM"",""ARM ATMEL AT91"",""THE REST"""
arch/arm/include/asm/arch-at91/at91_gpbr.h,42,"""ARM"",""ARM ATMEL AT91"",""THE REST"""
arch/arm/include/asm/arch-at91/at91_matrix.h,238,"""ARM"",""ARM ATMEL AT91"",""THE REST"""
arch/arm/include/asm/arch-at91/at91_mc.h,81,"""ARM"",""ARM ATMEL AT91"",""THE REST"""
arch/arm/include/asm/arch-at91/at91_pdc.h,23,"""ARM"",""ARM ATMEL AT91"",""THE REST"""
arch/arm/include/asm/arch-at91/at91_pio.h,154,"""ARM"",""ARM ATMEL AT91"",""THE REST"""
arch/arm/include/asm/arch-at91/at91_pit.h,28,"""ARM"",""ARM ATMEL AT91"",""THE REST"""
arch/arm/include/asm/arch-at91/at91_pmc.h,241,"""ARM"",""ARM ATMEL AT91"",""THE REST"""
arch/arm/include/asm/arch-at91/at91_rstc.h,48,"""ARM"",""ARM ATMEL AT91"",""THE REST"""
arch/arm/include/asm/arch-at91/at91_rtt.h,33,"""ARM"",""ARM ATMEL AT91"",""THE REST"""
arch/arm/include/asm/arch-at91/at91_spi.h,123,"""ARM"",""ARM ATMEL AT91"",""THE REST"""
arch/arm/include/asm/arch-at91/at91_st.h,30,"""ARM"",""ARM ATMEL AT91"",""THE REST"""
arch/arm/include/asm/arch-at91/at91_tc.h,61,"""ARM"",""ARM ATMEL AT91"",""THE REST"""
arch/arm/include/asm/arch-at91/at91_wdt.h,43,"""ARM"",""ARM ATMEL AT91"",""THE REST"""
arch/arm/include/asm/arch-at91/at91cap9.h,78,"""ARM"",""ARM ATMEL AT91"",""THE REST"""
arch/arm/include/asm/arch-at91/at91cap9_matrix.h,129,"""ARM"",""ARM ATMEL AT91"",""THE REST"""
arch/arm/include/asm/arch-at91/at91rm9200.h,136,"""ARM"",""ARM ATMEL AT91"",""THE REST"""
arch/arm/include/asm/arch-at91/at91sam9260.h,172,"""ARM"",""ARM ATMEL AT91"",""THE REST"""
arch/arm/include/asm/arch-at91/at91sam9260_matrix.h,70,"""ARM"",""ARM ATMEL AT91"",""THE REST"""
arch/arm/include/asm/arch-at91/at91sam9261.h,136,"""ARM"",""ARM ATMEL AT91"",""THE REST"""
arch/arm/include/asm/arch-at91/at91sam9261_matrix.h,56,"""ARM"",""ARM ATMEL AT91"",""THE REST"""
arch/arm/include/asm/arch-at91/at91sam9263.h,147,"""ARM"",""ARM ATMEL AT91"",""THE REST"""
arch/arm/include/asm/arch-at91/at91sam9263_matrix.h,64,"""ARM"",""ARM ATMEL AT91"",""THE REST"""
arch/arm/include/asm/arch-at91/at91sam9_matrix.h,28,"""ARM"",""ARM ATMEL AT91"",""THE REST"""
arch/arm/include/asm/arch-at91/at91sam9_sdramc.h,117,"""ARM"",""ARM ATMEL AT91"",""THE REST"""
arch/arm/include/asm/arch-at91/at91sam9_smc.h,76,"""ARM"",""ARM ATMEL AT91"",""THE REST"""
arch/arm/include/asm/arch-at91/at91sam9g45.h,151,"""ARM"",""ARM ATMEL AT91"",""THE REST"""
arch/arm/include/asm/arch-at91/at91sam9g45_matrix.h,92,"""ARM"",""ARM ATMEL AT91"",""THE REST"""
arch/arm/include/asm/arch-at91/at91sam9rl.h,130,"""ARM"",""ARM ATMEL AT91"",""THE REST"""
arch/arm/include/asm/arch-at91/at91sam9rl_matrix.h,61,"""ARM"",""ARM ATMEL AT91"",""THE REST"""
arch/arm/include/asm/arch-at91/at91sam9x5.h,184,"""ARM"",""ARM ATMEL AT91"",""THE REST"""
arch/arm/include/asm/arch-at91/at91sam9x5_matrix.h,99,"""ARM"",""ARM ATMEL AT91"",""THE REST"""
arch/arm/include/asm/arch-at91/atmel_mpddrc.h,116,"""ARM"",""ARM ATMEL AT91"",""THE REST"""
arch/arm/include/asm/arch-at91/atmel_serial.h,15,"""ARM"",""ARM ATMEL AT91"",""THE REST"""
arch/arm/include/asm/arch-at91/atmel_usba_udc.h,64,"""ARM"",""ARM ATMEL AT91"",""THE REST"""
arch/arm/include/asm/arch-at91/clk.h,122,"""ARM"",""ARM ATMEL AT91"",""THE REST"""
arch/arm/include/asm/arch-at91/gpio.h,262,"""ARM"",""ARM ATMEL AT91"",""THE REST"""
arch/arm/include/asm/arch-at91/hardware.h,36,"""ARM"",""ARM ATMEL AT91"",""THE REST"""
arch/arm/include/asm/arch-at91/sama5d3.h,210,"""ARM"",""ARM ATMEL AT91"",""THE REST"""
arch/arm/include/asm/arch-at91/sama5d3_smc.h,77,"""ARM"",""ARM ATMEL AT91"",""THE REST"""
arch/arm/include/asm/arch-at91/sama5d4.h,206,"""ARM"",""ARM ATMEL AT91"",""THE REST"""
arch/arm/include/asm/arch-bcm281xx/gpio.h,15,"""ARM"",""THE REST"""
arch/arm/include/asm/arch-bcm281xx/sysmap.h,30,"""ARM"",""THE REST"""
arch/arm/include/asm/arch-bcm2835/gpio.h,64,"""ARM"",""THE REST"""
arch/arm/include/asm/arch-bcm2835/mbox.h,519,"""ARM"",""THE REST"""
arch/arm/include/asm/arch-bcm2835/sdhci.h,24,"""ARM"",""THE REST"""
arch/arm/include/asm/arch-bcm2835/timer.h,39,"""ARM"",""THE REST"""
arch/arm/include/asm/arch-bcm2835/wdog.h,36,"""ARM"",""THE REST"""
arch/arm/include/asm/arch-bcmcygnus/configs.h,25,"""ARM"",""THE REST"""
arch/arm/include/asm/arch-bcmnsp/configs.h,22,"""ARM"",""THE REST"""
arch/arm/include/asm/arch-davinci/aintc_defs.h,36,"""ARM"",""ARM TI"",""THE REST"""
arch/arm/include/asm/arch-davinci/da850_lowlevel.h,35,"""ARM"",""ARM TI"",""THE REST"""
arch/arm/include/asm/arch-davinci/da8xx-usb.h,93,"""ARM"",""ARM TI"",""THE REST"""
arch/arm/include/asm/arch-davinci/davinci_misc.h,51,"""ARM"",""ARM TI"",""THE REST"""
arch/arm/include/asm/arch-davinci/ddr2_defs.h,84,"""ARM"",""ARM TI"",""THE REST"""
arch/arm/include/asm/arch-davinci/dm365_lowlevel.h,25,"""ARM"",""ARM TI"",""THE REST"""
arch/arm/include/asm/arch-davinci/emac_defs.h,94,"""ARM"",""ARM TI"",""THE REST"""
arch/arm/include/asm/arch-davinci/gpio.h,67,"""ARM"",""ARM TI"",""THE REST"""
arch/arm/include/asm/arch-davinci/hardware.h,616,"""ARM"",""ARM TI"",""THE REST"""
arch/arm/include/asm/arch-davinci/i2c_defs.h,18,"""ARM"",""ARM TI"",""THE REST"""
arch/arm/include/asm/arch-davinci/pinmux_defs.h,57,"""ARM"",""ARM TI"",""THE REST"""
arch/arm/include/asm/arch-davinci/pll_defs.h,83,"""ARM"",""ARM TI"",""THE REST"""
arch/arm/include/asm/arch-davinci/psc_defs.h,70,"""ARM"",""ARM TI"",""THE REST"""
arch/arm/include/asm/arch-davinci/sdmmc_defs.h,164,"""ARM"",""ARM TI"",""THE REST"""
arch/arm/include/asm/arch-davinci/syscfg_defs.h,50,"""ARM"",""ARM TI"",""THE REST"""
arch/arm/include/asm/arch-davinci/timer_defs.h,44,"""ARM"",""ARM TI"",""THE REST"""
arch/arm/include/asm/arch-ep93xx/ep93xx.h,667,"""ARM"",""THE REST"""
arch/arm/include/asm/arch-exynos/adc.h,26,"""ARM"",""ARM SAMSUNG"",""THE REST"""
arch/arm/include/asm/arch-exynos/board.h,29,"""ARM"",""ARM SAMSUNG"",""THE REST"""
arch/arm/include/asm/arch-exynos/clk.h,56,"""ARM"",""ARM SAMSUNG"",""THE REST"""
arch/arm/include/asm/arch-exynos/clock.h,1393,"""ARM"",""ARM SAMSUNG"",""THE REST"""
arch/arm/include/asm/arch-exynos/cpu.h,319,"""ARM"",""ARM SAMSUNG"",""THE REST"""
arch/arm/include/asm/arch-exynos/dmc.h,501,"""ARM"",""ARM SAMSUNG"",""THE REST"""
arch/arm/include/asm/arch-exynos/dp.h,738,"""ARM"",""ARM SAMSUNG"",""THE REST"""
arch/arm/include/asm/arch-exynos/dp_info.h,202,"""ARM"",""ARM SAMSUNG"",""THE REST"""
arch/arm/include/asm/arch-exynos/dsim.h,168,"""ARM"",""ARM SAMSUNG"",""THE REST"""
arch/arm/include/asm/arch-exynos/dwmmc.h,33,"""ARM"",""ARM SAMSUNG"",""THE REST"""
arch/arm/include/asm/arch-exynos/ehci.h,80,"""ARM"",""ARM SAMSUNG"",""THE REST"""
arch/arm/include/asm/arch-exynos/fb.h,457,"""ARM"",""ARM SAMSUNG"",""THE REST"""
arch/arm/include/asm/arch-exynos/gpio.h,1548,"""ARM"",""ARM SAMSUNG"",""THE REST"""
arch/arm/include/asm/arch-exynos/i2s-regs.h,56,"""ARM"",""ARM SAMSUNG"",""THE REST"""
arch/arm/include/asm/arch-exynos/mipi_dsim.h,380,"""ARM"",""ARM SAMSUNG"",""THE REST"""
arch/arm/include/asm/arch-exynos/mmc.h,72,"""ARM"",""ARM SAMSUNG"",""THE REST"""
arch/arm/include/asm/arch-exynos/periph.h,61,"""ARM"",""ARM SAMSUNG"",""THE REST"""
arch/arm/include/asm/arch-exynos/pinmux.h,50,"""ARM"",""ARM SAMSUNG"",""THE REST"""
arch/arm/include/asm/arch-exynos/power.h,1758,"""ARM"",""ARM SAMSUNG"",""THE REST"""
arch/arm/include/asm/arch-exynos/pwm.h,55,"""ARM"",""ARM SAMSUNG"",""THE REST"""
arch/arm/include/asm/arch-exynos/pwm_backlight.h,21,"""ARM"",""ARM SAMSUNG"",""THE REST"""
arch/arm/include/asm/arch-exynos/sound.h,28,"""ARM"",""ARM SAMSUNG"",""THE REST"""
arch/arm/include/asm/arch-exynos/spi.h,76,"""ARM"",""ARM SAMSUNG"",""THE REST"""
arch/arm/include/asm/arch-exynos/spl.h,70,"""ARM"",""ARM SAMSUNG"",""THE REST"""
arch/arm/include/asm/arch-exynos/sromc.h,55,"""ARM"",""ARM SAMSUNG"",""THE REST"""
arch/arm/include/asm/arch-exynos/sys_proto.h,16,"""ARM"",""ARM SAMSUNG"",""THE REST"""
arch/arm/include/asm/arch-exynos/system.h,44,"""ARM"",""ARM SAMSUNG"",""THE REST"""
arch/arm/include/asm/arch-exynos/tmu.h,50,"""ARM"",""ARM SAMSUNG"",""THE REST"""
arch/arm/include/asm/arch-exynos/tzpc.h,58,"""ARM"",""ARM SAMSUNG"",""THE REST"""
arch/arm/include/asm/arch-exynos/uart.h,44,"""ARM"",""ARM SAMSUNG"",""THE REST"""
arch/arm/include/asm/arch-exynos/watchdog.h,41,"""ARM"",""ARM SAMSUNG"",""THE REST"""
arch/arm/include/asm/arch-exynos/xhci-exynos.h,88,"""ARM"",""ARM SAMSUNG"",""THE REST"""
arch/arm/include/asm/arch-fsl-lsch3/clock.h,23,"""ARM"",""THE REST"""
arch/arm/include/asm/arch-fsl-lsch3/config.h,71,"""ARM"",""THE REST"""
arch/arm/include/asm/arch-fsl-lsch3/gpio.h,9,"""ARM"",""THE REST"""
arch/arm/include/asm/arch-fsl-lsch3/immap_lsch3.h,151,"""ARM"",""THE REST"""
arch/arm/include/asm/arch-fsl-lsch3/imx-regs.h,13,"""ARM"",""THE REST"""
arch/arm/include/asm/arch-imx/cpu.h,19,"""ARM"",""ARM FREESCALE IMX"",""THE REST"""
arch/arm/include/asm/arch-imx/imx-regs.h,637,"""ARM"",""ARM FREESCALE IMX"",""THE REST"""
arch/arm/include/asm/arch-keystone/clock-k2e.h,85,"""ARM"",""THE REST"""
arch/arm/include/asm/arch-keystone/clock-k2hk.h,103,"""ARM"",""THE REST"""
arch/arm/include/asm/arch-keystone/clock-k2l.h,95,"""ARM"",""THE REST"""
arch/arm/include/asm/arch-keystone/clock.h,66,"""ARM"",""THE REST"""
arch/arm/include/asm/arch-keystone/clock_defs.h,111,"""ARM"",""THE REST"""
arch/arm/include/asm/arch-keystone/ddr3.h,63,"""ARM"",""THE REST"""
arch/arm/include/asm/arch-keystone/hardware-k2e.h,65,"""ARM"",""THE REST"""
arch/arm/include/asm/arch-keystone/hardware-k2hk.h,106,"""ARM"",""THE REST"""
arch/arm/include/asm/arch-keystone/hardware-k2l.h,108,"""ARM"",""THE REST"""
arch/arm/include/asm/arch-keystone/hardware.h,290,"""ARM"",""THE REST"""
arch/arm/include/asm/arch-keystone/i2c_defs.h,17,"""ARM"",""THE REST"""
arch/arm/include/asm/arch-keystone/mon.h,15,"""ARM"",""THE REST"""
arch/arm/include/asm/arch-keystone/msmc.h,45,"""ARM"",""THE REST"""
arch/arm/include/asm/arch-keystone/psc_defs.h,90,"""ARM"",""THE REST"""
arch/arm/include/asm/arch-keystone/xhci-keystone.h,21,"""ARM"",""THE REST"""
arch/arm/include/asm/arch-kirkwood/config.h,138,"""ARM"",""ARM MARVELL KIRKWOOD"",""THE REST"""
arch/arm/include/asm/arch-kirkwood/cpu.h,155,"""ARM"",""ARM MARVELL KIRKWOOD"",""THE REST"""
arch/arm/include/asm/arch-kirkwood/gpio.h,49,"""ARM"",""ARM MARVELL KIRKWOOD"",""THE REST"""
arch/arm/include/asm/arch-kirkwood/kw88f6192.h,21,"""ARM"",""ARM MARVELL KIRKWOOD"",""THE REST"""
arch/arm/include/asm/arch-kirkwood/kw88f6281.h,23,"""ARM"",""ARM MARVELL KIRKWOOD"",""THE REST"""
arch/arm/include/asm/arch-kirkwood/mpp.h,301,"""ARM"",""ARM MARVELL KIRKWOOD"",""THE REST"""
arch/arm/include/asm/arch-kirkwood/soc.h,74,"""ARM"",""ARM MARVELL KIRKWOOD"",""THE REST"""
arch/arm/include/asm/arch-ks8695/platform.h,294,"""ARM"",""THE REST"""
arch/arm/include/asm/arch-lpc32xx/clk.h,157,"""ARM"",""THE REST"""
arch/arm/include/asm/arch-lpc32xx/config.h,59,"""ARM"",""THE REST"""
arch/arm/include/asm/arch-lpc32xx/cpu.h,51,"""ARM"",""THE REST"""
arch/arm/include/asm/arch-lpc32xx/emc.h,79,"""ARM"",""THE REST"""
arch/arm/include/asm/arch-lpc32xx/sys_proto.h,12,"""ARM"",""THE REST"""
arch/arm/include/asm/arch-lpc32xx/timer.h,61,"""ARM"",""THE REST"""
arch/arm/include/asm/arch-lpc32xx/uart.h,101,"""ARM"",""THE REST"""
arch/arm/include/asm/arch-lpc32xx/wdt.h,38,"""ARM"",""THE REST"""
arch/arm/include/asm/arch-ls102xa/clock.h,23,"""ARM"",""THE REST"""
arch/arm/include/asm/arch-ls102xa/config.h,104,"""ARM"",""THE REST"""
arch/arm/include/asm/arch-ls102xa/fsl_serdes.h,33,"""ARM"",""THE REST"""
arch/arm/include/asm/arch-ls102xa/immap_ls102xa.h,501,"""ARM"",""THE REST"""
arch/arm/include/asm/arch-ls102xa/imx-regs.h,53,"""ARM"",""THE REST"""
arch/arm/include/asm/arch-ls102xa/ls102xa_stream_id.h,17,"""ARM"",""THE REST"""
arch/arm/include/asm/arch-ls102xa/ns_access.h,118,"""ARM"",""THE REST"""
arch/arm/include/asm/arch-ls102xa/spl.h,20,"""ARM"",""THE REST"""
arch/arm/include/asm/arch-mb86r0x/hardware.h,15,"""ARM"",""THE REST"""
arch/arm/include/asm/arch-mb86r0x/mb86r0x.h,599,"""ARM"",""THE REST"""
arch/arm/include/asm/arch-mvebu/spi.h,52,"""ARM"",""THE REST"""
arch/arm/include/asm/arch-mx25/clock.h,59,"""ARM"",""ARM FREESCALE IMX"",""THE REST"""
arch/arm/include/asm/arch-mx25/gpio.h,14,"""ARM"",""ARM FREESCALE IMX"",""THE REST"""
arch/arm/include/asm/arch-mx25/imx-regs.h,533,"""ARM"",""ARM FREESCALE IMX"",""THE REST"""
arch/arm/include/asm/arch-mx25/iomux-mx25.h,529,"""ARM"",""ARM FREESCALE IMX"",""THE REST"""
arch/arm/include/asm/arch-mx25/macro.h,91,"""ARM"",""ARM FREESCALE IMX"",""THE REST"""
arch/arm/include/asm/arch-mx27/clock.h,23,"""ARM"",""ARM FREESCALE IMX"",""THE REST"""
arch/arm/include/asm/arch-mx27/gpio.h,39,"""ARM"",""ARM FREESCALE IMX"",""THE REST"""
arch/arm/include/asm/arch-mx27/imx-regs.h,503,"""ARM"",""ARM FREESCALE IMX"",""THE REST"""
arch/arm/include/asm/arch-mx27/mxcmmc.h,12,"""ARM"",""ARM FREESCALE IMX"",""THE REST"""
arch/arm/include/asm/arch-mx27/regs-rtc.h,27,"""ARM"",""ARM FREESCALE IMX"",""THE REST"""
arch/arm/include/asm/arch-mx31/clock.h,46,"""ARM"",""ARM FREESCALE IMX"",""THE REST"""
arch/arm/include/asm/arch-mx31/gpio.h,14,"""ARM"",""ARM FREESCALE IMX"",""THE REST"""
arch/arm/include/asm/arch-mx31/imx-regs.h,927,"""ARM"",""ARM FREESCALE IMX"",""THE REST"""
arch/arm/include/asm/arch-mx31/sys_proto.h,20,"""ARM"",""ARM FREESCALE IMX"",""THE REST"""
arch/arm/include/asm/arch-mx35/clock.h,70,"""ARM"",""ARM FREESCALE IMX"",""THE REST"""
arch/arm/include/asm/arch-mx35/crm_regs.h,244,"""ARM"",""ARM FREESCALE IMX"",""THE REST"""
arch/arm/include/asm/arch-mx35/gpio.h,14,"""ARM"",""ARM FREESCALE IMX"",""THE REST"""
arch/arm/include/asm/arch-mx35/imx-regs.h,387,"""ARM"",""ARM FREESCALE IMX"",""THE REST"""
arch/arm/include/asm/arch-mx35/iomux-mx35.h,1260,"""ARM"",""ARM FREESCALE IMX"",""THE REST"""
arch/arm/include/asm/arch-mx35/lowlevel_macro.S,126,"""ARM"",""ARM FREESCALE IMX"",""THE REST"""
arch/arm/include/asm/arch-mx35/mmc_host_def.h,31,"""ARM"",""ARM FREESCALE IMX"",""THE REST"""
arch/arm/include/asm/arch-mx35/sys_proto.h,16,"""ARM"",""ARM FREESCALE IMX"",""THE REST"""
arch/arm/include/asm/arch-mx5/clock.h,58,"""ARM"",""ARM FREESCALE IMX"",""THE REST"""
arch/arm/include/asm/arch-mx5/crm_regs.h,609,"""ARM"",""ARM FREESCALE IMX"",""THE REST"""
arch/arm/include/asm/arch-mx5/gpio.h,14,"""ARM"",""ARM FREESCALE IMX"",""THE REST"""
arch/arm/include/asm/arch-mx5/imx-regs.h,524,"""ARM"",""ARM FREESCALE IMX"",""THE REST"""
arch/arm/include/asm/arch-mx5/iomux-mx51.h,236,"""ARM"",""ARM FREESCALE IMX"",""THE REST"""
arch/arm/include/asm/arch-mx5/iomux-mx53.h,1216,"""ARM"",""ARM FREESCALE IMX"",""THE REST"""
arch/arm/include/asm/arch-mx5/sys_proto.h,29,"""ARM"",""ARM FREESCALE IMX"",""THE REST"""
arch/arm/include/asm/arch-mx6/clock.h,72,"""ARM"",""ARM FREESCALE IMX"",""THE REST"""
arch/arm/include/asm/arch-mx6/crm_regs.h,1066,"""ARM"",""ARM FREESCALE IMX"",""THE REST"""
arch/arm/include/asm/arch-mx6/gpio.h,14,"""ARM"",""ARM FREESCALE IMX"",""THE REST"""
arch/arm/include/asm/arch-mx6/hab.h,78,"""ARM"",""ARM FREESCALE IMX"",""THE REST"""
arch/arm/include/asm/arch-mx6/imx-regs.h,854,"""ARM"",""ARM FREESCALE IMX"",""THE REST"""
arch/arm/include/asm/arch-mx6/iomux.h,179,"""ARM"",""ARM FREESCALE IMX"",""THE REST"""
arch/arm/include/asm/arch-mx6/mx6-ddr.h,308,"""ARM"",""ARM FREESCALE IMX"",""THE REST"""
arch/arm/include/asm/arch-mx6/mx6-pins.h,44,"""ARM"",""ARM FREESCALE IMX"",""THE REST"""
arch/arm/include/asm/arch-mx6/mx6dl-ddr.h,59,"""ARM"",""ARM FREESCALE IMX"",""THE REST"""
arch/arm/include/asm/arch-mx6/mx6dl_pins.h,1080,"""ARM"",""ARM FREESCALE IMX"",""THE REST"""
arch/arm/include/asm/arch-mx6/mx6q-ddr.h,57,"""ARM"",""ARM FREESCALE IMX"",""THE REST"""
arch/arm/include/asm/arch-mx6/mx6q_pins.h,1036,"""ARM"",""ARM FREESCALE IMX"",""THE REST"""
arch/arm/include/asm/arch-mx6/mx6sl_pins.h,62,"""ARM"",""ARM FREESCALE IMX"",""THE REST"""
arch/arm/include/asm/arch-mx6/mx6sx-ddr.h,45,"""ARM"",""ARM FREESCALE IMX"",""THE REST"""
arch/arm/include/asm/arch-mx6/mx6sx_pins.h,1675,"""ARM"",""ARM FREESCALE IMX"",""THE REST"""
arch/arm/include/asm/arch-mx6/mxc_hdmi.h,1060,"""ARM"",""ARM FREESCALE IMX"",""THE REST"""
arch/arm/include/asm/arch-mx6/sys_proto.h,47,"""ARM"",""ARM FREESCALE IMX"",""THE REST"""
arch/arm/include/asm/arch-mxs/clock.h,54,"""ARM"",""ARM FREESCALE IMX"",""THE REST"""
arch/arm/include/asm/arch-mxs/gpio.h,19,"""ARM"",""ARM FREESCALE IMX"",""THE REST"""
arch/arm/include/asm/arch-mxs/imx-regs.h,39,"""ARM"",""ARM FREESCALE IMX"",""THE REST"""
arch/arm/include/asm/arch-mxs/iomux-mx23.h,355,"""ARM"",""ARM FREESCALE IMX"",""THE REST"""
arch/arm/include/asm/arch-mxs/iomux-mx28.h,537,"""ARM"",""ARM FREESCALE IMX"",""THE REST"""
arch/arm/include/asm/arch-mxs/iomux.h,165,"""ARM"",""ARM FREESCALE IMX"",""THE REST"""
arch/arm/include/asm/arch-mxs/regs-base.h,121,"""ARM"",""ARM FREESCALE IMX"",""THE REST"""
arch/arm/include/asm/arch-mxs/regs-clkctrl-mx23.h,208,"""ARM"",""ARM FREESCALE IMX"",""THE REST"""
arch/arm/include/asm/arch-mxs/regs-clkctrl-mx28.h,283,"""ARM"",""ARM FREESCALE IMX"",""THE REST"""
arch/arm/include/asm/arch-mxs/regs-digctl.h,147,"""ARM"",""ARM FREESCALE IMX"",""THE REST"""
arch/arm/include/asm/arch-mxs/regs-i2c.h,194,"""ARM"",""ARM FREESCALE IMX"",""THE REST"""
arch/arm/include/asm/arch-mxs/regs-lcdif.h,217,"""ARM"",""ARM FREESCALE IMX"",""THE REST"""
arch/arm/include/asm/arch-mxs/regs-lradc.h,387,"""ARM"",""ARM FREESCALE IMX"",""THE REST"""
arch/arm/include/asm/arch-mxs/regs-ocotp.h,160,"""ARM"",""ARM FREESCALE IMX"",""THE REST"""
arch/arm/include/asm/arch-mxs/regs-pinctrl.h,1271,"""ARM"",""ARM FREESCALE IMX"",""THE REST"""
arch/arm/include/asm/arch-mxs/regs-power-mx23.h,345,"""ARM"",""ARM FREESCALE IMX"",""THE REST"""
arch/arm/include/asm/arch-mxs/regs-power-mx28.h,400,"""ARM"",""ARM FREESCALE IMX"",""THE REST"""
arch/arm/include/asm/arch-mxs/regs-rtc.h,134,"""ARM"",""ARM FREESCALE IMX"",""THE REST"""
arch/arm/include/asm/arch-mxs/regs-ssp.h,416,"""ARM"",""ARM FREESCALE IMX"",""THE REST"""
arch/arm/include/asm/arch-mxs/regs-timrot.h,259,"""ARM"",""ARM FREESCALE IMX"",""THE REST"""
arch/arm/include/asm/arch-mxs/regs-uartapp.h,220,"""ARM"",""ARM FREESCALE IMX"",""THE REST"""
arch/arm/include/asm/arch-mxs/regs-usb.h,165,"""ARM"",""ARM FREESCALE IMX"",""THE REST"""
arch/arm/include/asm/arch-mxs/regs-usbphy.h,138,"""ARM"",""ARM FREESCALE IMX"",""THE REST"""
arch/arm/include/asm/arch-mxs/sys_proto.h,84,"""ARM"",""ARM FREESCALE IMX"",""THE REST"""
arch/arm/include/asm/arch-nomadik/gpio.h,26,"""ARM"",""THE REST"""
arch/arm/include/asm/arch-nomadik/mtu.h,50,"""ARM"",""THE REST"""
arch/arm/include/asm/arch-omap3/am35x_def.h,70,"""ARM"",""ARM TI"",""THE REST"""
arch/arm/include/asm/arch-omap3/clock.h,64,"""ARM"",""ARM TI"",""THE REST"""
arch/arm/include/asm/arch-omap3/clocks_omap3.h,348,"""ARM"",""ARM TI"",""THE REST"""
arch/arm/include/asm/arch-omap3/cpu.h,510,"""ARM"",""ARM TI"",""THE REST"""
arch/arm/include/asm/arch-omap3/dma.h,64,"""ARM"",""ARM TI"",""THE REST"""
arch/arm/include/asm/arch-omap3/dss.h,233,"""ARM"",""ARM TI"",""THE REST"""
arch/arm/include/asm/arch-omap3/ehci.h,39,"""ARM"",""ARM TI"",""THE REST"""
arch/arm/include/asm/arch-omap3/emac_defs.h,42,"""ARM"",""ARM TI"",""THE REST"""
arch/arm/include/asm/arch-omap3/emif4.h,66,"""ARM"",""ARM TI"",""THE REST"""
arch/arm/include/asm/arch-omap3/gpio.h,35,"""ARM"",""ARM TI"",""THE REST"""
arch/arm/include/asm/arch-omap3/i2c.h,48,"""ARM"",""ARM TI"",""THE REST"""
arch/arm/include/asm/arch-omap3/mem.h,446,"""ARM"",""ARM TI"",""THE REST"""
arch/arm/include/asm/arch-omap3/mmc_host_def.h,65,"""ARM"",""ARM TI"",""THE REST"""
arch/arm/include/asm/arch-omap3/musb.h,13,"""ARM"",""ARM TI"",""THE REST"""
arch/arm/include/asm/arch-omap3/mux.h,451,"""ARM"",""ARM TI"",""THE REST"""
arch/arm/include/asm/arch-omap3/omap3-regs.h,79,"""ARM"",""ARM TI"",""THE REST"""
arch/arm/include/asm/arch-omap3/omap3.h,248,"""ARM"",""ARM TI"",""THE REST"""
arch/arm/include/asm/arch-omap3/spl.h,21,"""ARM"",""ARM TI"",""THE REST"""
arch/arm/include/asm/arch-omap3/sys_proto.h,77,"""ARM"",""ARM TI"",""THE REST"""
arch/arm/include/asm/arch-omap4/clock.h,250,"""ARM"",""ARM TI"",""THE REST"""
arch/arm/include/asm/arch-omap4/cpu.h,110,"""ARM"",""ARM TI"",""THE REST"""
arch/arm/include/asm/arch-omap4/ehci.h,49,"""ARM"",""ARM TI"",""THE REST"""
arch/arm/include/asm/arch-omap4/gpio.h,35,"""ARM"",""ARM TI"",""THE REST"""
arch/arm/include/asm/arch-omap4/hardware.h,26,"""ARM"",""ARM TI"",""THE REST"""
arch/arm/include/asm/arch-omap4/i2c.h,58,"""ARM"",""ARM TI"",""THE REST"""
arch/arm/include/asm/arch-omap4/mem.h,62,"""ARM"",""ARM TI"",""THE REST"""
arch/arm/include/asm/arch-omap4/mmc_host_def.h,38,"""ARM"",""ARM TI"",""THE REST"""
arch/arm/include/asm/arch-omap4/mux_omap4.h,329,"""ARM"",""ARM TI"",""THE REST"""
arch/arm/include/asm/arch-omap4/omap.h,127,"""ARM"",""ARM TI"",""THE REST"""
arch/arm/include/asm/arch-omap4/spl.h,21,"""ARM"",""ARM TI"",""THE REST"""
arch/arm/include/asm/arch-omap4/sys_proto.h,60,"""ARM"",""ARM TI"",""THE REST"""
arch/arm/include/asm/arch-omap5/clock.h,340,"""ARM"",""ARM TI"",""THE REST"""
arch/arm/include/asm/arch-omap5/cpu.h,121,"""ARM"",""ARM TI"",""THE REST"""
arch/arm/include/asm/arch-omap5/ehci.h,30,"""ARM"",""ARM TI"",""THE REST"""
arch/arm/include/asm/arch-omap5/gpio.h,37,"""ARM"",""ARM TI"",""THE REST"""
arch/arm/include/asm/arch-omap5/hardware.h,26,"""ARM"",""ARM TI"",""THE REST"""
arch/arm/include/asm/arch-omap5/i2c.h,58,"""ARM"",""ARM TI"",""THE REST"""
arch/arm/include/asm/arch-omap5/mem.h,62,"""ARM"",""ARM TI"",""THE REST"""
arch/arm/include/asm/arch-omap5/mmc_host_def.h,38,"""ARM"",""ARM TI"",""THE REST"""
arch/arm/include/asm/arch-omap5/mux_dra7xx.h,331,"""ARM"",""ARM TI"",""THE REST"""
arch/arm/include/asm/arch-omap5/mux_omap5.h,318,"""ARM"",""ARM TI"",""THE REST"""
arch/arm/include/asm/arch-omap5/omap.h,251,"""ARM"",""ARM TI"",""THE REST"""
arch/arm/include/asm/arch-omap5/sata.h,39,"""ARM"",""ARM TI"",""THE REST"""
arch/arm/include/asm/arch-omap5/spl.h,24,"""ARM"",""ARM TI"",""THE REST"""
arch/arm/include/asm/arch-omap5/sys_proto.h,69,"""ARM"",""ARM TI"",""THE REST"""
arch/arm/include/asm/arch-orion5x/cpu.h,243,"""ARM"",""THE REST"""
arch/arm/include/asm/arch-orion5x/mv88f5182.h,24,"""ARM"",""THE REST"""
arch/arm/include/asm/arch-orion5x/orion5x.h,67,"""ARM"",""THE REST"""
arch/arm/include/asm/arch-pantheon/config.h,53,"""ARM"",""THE REST"""
arch/arm/include/asm/arch-pantheon/cpu.h,77,"""ARM"",""THE REST"""
arch/arm/include/asm/arch-pantheon/mfp.h,39,"""ARM"",""THE REST"""
arch/arm/include/asm/arch-pantheon/pantheon.h,38,"""ARM"",""THE REST"""
arch/arm/include/asm/arch-pxa/bitfield.h,112,"""ARM"",""ARM MARVELL PXA"",""THE REST"""
arch/arm/include/asm/arch-pxa/hardware.h,111,"""ARM"",""ARM MARVELL PXA"",""THE REST"""
arch/arm/include/asm/arch-pxa/pxa-regs.h,2635,"""ARM"",""ARM MARVELL PXA"",""THE REST"""
arch/arm/include/asm/arch-pxa/pxa.h,29,"""ARM"",""ARM MARVELL PXA"",""THE REST"""
arch/arm/include/asm/arch-pxa/regs-mmc.h,141,"""ARM"",""ARM MARVELL PXA"",""THE REST"""
arch/arm/include/asm/arch-pxa/regs-uart.h,96,"""ARM"",""ARM MARVELL PXA"",""THE REST"""
arch/arm/include/asm/arch-pxa/regs-usb.h,147,"""ARM"",""ARM MARVELL PXA"",""THE REST"""
arch/arm/include/asm/arch-rmobile/ehci-rmobile.h,147,"""ARM"",""THE REST"""
arch/arm/include/asm/arch-rmobile/gpio.h,24,"""ARM"",""THE REST"""
arch/arm/include/asm/arch-rmobile/irqs.h,18,"""ARM"",""THE REST"""
arch/arm/include/asm/arch-rmobile/mmc.h,14,"""ARM"",""THE REST"""
arch/arm/include/asm/arch-rmobile/r8a7740-gpio.h,584,"""ARM"",""THE REST"""
arch/arm/include/asm/arch-rmobile/r8a7740.h,287,"""ARM"",""THE REST"""
arch/arm/include/asm/arch-rmobile/r8a7790-gpio.h,387,"""ARM"",""THE REST"""
arch/arm/include/asm/arch-rmobile/r8a7790.h,35,"""ARM"",""THE REST"""
arch/arm/include/asm/arch-rmobile/r8a7791-gpio.h,438,"""ARM"",""THE REST"""
arch/arm/include/asm/arch-rmobile/r8a7791.h,71,"""ARM"",""THE REST"""
arch/arm/include/asm/arch-rmobile/r8a7793-gpio.h,438,"""ARM"",""THE REST"""
arch/arm/include/asm/arch-rmobile/r8a7793.h,77,"""ARM"",""THE REST"""
arch/arm/include/asm/arch-rmobile/r8a7794-gpio.h,176,"""ARM"",""THE REST"""
arch/arm/include/asm/arch-rmobile/r8a7794.h,30,"""ARM"",""THE REST"""
arch/arm/include/asm/arch-rmobile/rcar-base.h,700,"""ARM"",""THE REST"""
arch/arm/include/asm/arch-rmobile/rcar-mstp.h,109,"""ARM"",""THE REST"""
arch/arm/include/asm/arch-rmobile/rmobile.h,28,"""ARM"",""THE REST"""
arch/arm/include/asm/arch-rmobile/sh73a0-gpio.h,553,"""ARM"",""THE REST"""
arch/arm/include/asm/arch-rmobile/sh73a0.h,289,"""ARM"",""THE REST"""
arch/arm/include/asm/arch-rmobile/sys_proto.h,16,"""ARM"",""THE REST"""
arch/arm/include/asm/arch-s3c24x0/gpio.h,155,"""ARM"",""ARM SAMSUNG"",""THE REST"""
arch/arm/include/asm/arch-s3c24x0/iomux.h,184,"""ARM"",""ARM SAMSUNG"",""THE REST"""
arch/arm/include/asm/arch-s3c24x0/memory.h,159,"""ARM"",""ARM SAMSUNG"",""THE REST"""
arch/arm/include/asm/arch-s3c24x0/s3c2400.h,136,"""ARM"",""ARM SAMSUNG"",""THE REST"""
arch/arm/include/asm/arch-s3c24x0/s3c2410.h,147,"""ARM"",""ARM SAMSUNG"",""THE REST"""
arch/arm/include/asm/arch-s3c24x0/s3c2440.h,145,"""ARM"",""ARM SAMSUNG"",""THE REST"""
arch/arm/include/asm/arch-s3c24x0/s3c24x0.h,708,"""ARM"",""ARM SAMSUNG"",""THE REST"""
arch/arm/include/asm/arch-s3c24x0/s3c24x0_cpu.h,16,"""ARM"",""ARM SAMSUNG"",""THE REST"""
arch/arm/include/asm/arch-s5pc1xx/clk.h,24,"""ARM"",""ARM SAMSUNG"",""THE REST"""
arch/arm/include/asm/arch-s5pc1xx/clock.h,80,"""ARM"",""ARM SAMSUNG"",""THE REST"""
arch/arm/include/asm/arch-s5pc1xx/cpu.h,103,"""ARM"",""ARM SAMSUNG"",""THE REST"""
arch/arm/include/asm/arch-s5pc1xx/gpio.h,843,"""ARM"",""ARM SAMSUNG"",""THE REST"""
arch/arm/include/asm/arch-s5pc1xx/mmc.h,65,"""ARM"",""ARM SAMSUNG"",""THE REST"""
arch/arm/include/asm/arch-s5pc1xx/periph.h,61,"""ARM"",""ARM SAMSUNG"",""THE REST"""
arch/arm/include/asm/arch-s5pc1xx/pinmux.h,50,"""ARM"",""ARM SAMSUNG"",""THE REST"""
arch/arm/include/asm/arch-s5pc1xx/power.h,28,"""ARM"",""ARM SAMSUNG"",""THE REST"""
arch/arm/include/asm/arch-s5pc1xx/pwm.h,55,"""ARM"",""ARM SAMSUNG"",""THE REST"""
arch/arm/include/asm/arch-s5pc1xx/sromc.h,40,"""ARM"",""ARM SAMSUNG"",""THE REST"""
arch/arm/include/asm/arch-s5pc1xx/sys_proto.h,13,"""ARM"",""ARM SAMSUNG"",""THE REST"""
arch/arm/include/asm/arch-s5pc1xx/uart.h,44,"""ARM"",""ARM SAMSUNG"",""THE REST"""
arch/arm/include/asm/arch-s5pc1xx/watchdog.h,42,"""ARM"",""ARM SAMSUNG"",""THE REST"""
arch/arm/include/asm/arch-sa1100/bitfield.h,112,"""ARM"",""THE REST"""
arch/arm/include/asm/arch-socfpga/clock_manager.h,308,"""ARM"",""THE REST"""
arch/arm/include/asm/arch-socfpga/dwmmc.h,12,"""ARM"",""THE REST"""
arch/arm/include/asm/arch-socfpga/fpga_manager.h,77,"""ARM"",""THE REST"""
arch/arm/include/asm/arch-socfpga/freeze_controller.h,49,"""ARM"",""THE REST"""
arch/arm/include/asm/arch-socfpga/gpio.h,10,"""ARM"",""THE REST"""
arch/arm/include/asm/arch-socfpga/nic301.h,195,"""ARM"",""THE REST"""
arch/arm/include/asm/arch-socfpga/reset_manager.h,42,"""ARM"",""THE REST"""
arch/arm/include/asm/arch-socfpga/scan_manager.h,93,"""ARM"",""THE REST"""
arch/arm/include/asm/arch-socfpga/scu.h,23,"""ARM"",""THE REST"""
arch/arm/include/asm/arch-socfpga/socfpga_base_addrs.h,62,"""ARM"",""THE REST"""
arch/arm/include/asm/arch-socfpga/system_manager.h,146,"""ARM"",""THE REST"""
arch/arm/include/asm/arch-socfpga/timer.h,18,"""ARM"",""THE REST"""
arch/arm/include/asm/arch-spear/clk.h,11,"""ARM"",""ARM STM SPEAR"",""THE REST"""
arch/arm/include/asm/arch-spear/gpio.h,24,"""ARM"",""ARM STM SPEAR"",""THE REST"""
arch/arm/include/asm/arch-spear/hardware.h,71,"""ARM"",""ARM STM SPEAR"",""THE REST"""
arch/arm/include/asm/arch-spear/spr_defs.h,53,"""ARM"",""ARM STM SPEAR"",""THE REST"""
arch/arm/include/asm/arch-spear/spr_emi.h,38,"""ARM"",""ARM STM SPEAR"",""THE REST"""
arch/arm/include/asm/arch-spear/spr_gpt.h,69,"""ARM"",""ARM STM SPEAR"",""THE REST"""
arch/arm/include/asm/arch-spear/spr_misc.h,257,"""ARM"",""ARM STM SPEAR"",""THE REST"""
arch/arm/include/asm/arch-spear/spr_ssp.h,29,"""ARM"",""ARM STM SPEAR"",""THE REST"""
arch/arm/include/asm/arch-spear/spr_syscntl.h,36,"""ARM"",""ARM STM SPEAR"",""THE REST"""
arch/arm/include/asm/arch-stv0991/gpio.h,22,"""ARM"",""ARM STM STV0991"",""THE REST"""
arch/arm/include/asm/arch-stv0991/hardware.h,73,"""ARM"",""ARM STM STV0991"",""THE REST"""
arch/arm/include/asm/arch-stv0991/stv0991_cgu.h,116,"""ARM"",""ARM STM STV0991"",""THE REST"""
arch/arm/include/asm/arch-stv0991/stv0991_creg.h,95,"""ARM"",""ARM STM STV0991"",""THE REST"""
arch/arm/include/asm/arch-stv0991/stv0991_defs.h,16,"""ARM"",""ARM STM STV0991"",""THE REST"""
arch/arm/include/asm/arch-stv0991/stv0991_gpt.h,43,"""ARM"",""ARM STM STV0991"",""THE REST"""
arch/arm/include/asm/arch-stv0991/stv0991_periph.h,44,"""ARM"",""ARM STM STV0991"",""THE REST"""
arch/arm/include/asm/arch-stv0991/stv0991_wdru.h,28,"""ARM"",""ARM STM STV0991"",""THE REST"""
arch/arm/include/asm/arch-sunxi/clock.h,37,"""ARM"",""ARM SUNXI"",""THE REST"""
arch/arm/include/asm/arch-sunxi/clock_sun4i.h,314,"""ARM"",""ARM SUNXI"",""THE REST"""
arch/arm/include/asm/arch-sunxi/clock_sun6i.h,306,"""ARM"",""ARM SUNXI"",""THE REST"""
arch/arm/include/asm/arch-sunxi/cpu.h,147,"""ARM"",""ARM SUNXI"",""THE REST"""
arch/arm/include/asm/arch-sunxi/cpucfg_sun6i.h,67,"""ARM"",""ARM SUNXI"",""THE REST"""
arch/arm/include/asm/arch-sunxi/display.h,187,"""ARM"",""ARM SUNXI"",""THE REST"""
arch/arm/include/asm/arch-sunxi/dram.h,26,"""ARM"",""ARM SUNXI"",""THE REST"""
arch/arm/include/asm/arch-sunxi/dram_sun4i.h,182,"""ARM"",""ARM SUNXI"",""THE REST"""
arch/arm/include/asm/arch-sunxi/dram_sun6i.h,359,"""ARM"",""ARM SUNXI"",""THE REST"""
arch/arm/include/asm/arch-sunxi/gpio.h,196,"""ARM"",""ARM SUNXI"",""THE REST"""
arch/arm/include/asm/arch-sunxi/i2c.h,15,"""ARM"",""ARM SUNXI"",""THE REST"""
arch/arm/include/asm/arch-sunxi/mmc.h,127,"""ARM"",""ARM SUNXI"",""THE REST"""
arch/arm/include/asm/arch-sunxi/p2wi.h,140,"""ARM"",""ARM SUNXI"",""THE REST"""
arch/arm/include/asm/arch-sunxi/prcm.h,239,"""ARM"",""ARM SUNXI"",""THE REST"""
arch/arm/include/asm/arch-sunxi/spl.h,20,"""ARM"",""ARM SUNXI"",""THE REST"""
arch/arm/include/asm/arch-sunxi/sys_proto.h,16,"""ARM"",""ARM SUNXI"",""THE REST"""
arch/arm/include/asm/arch-sunxi/timer.h,88,"""ARM"",""ARM SUNXI"",""THE REST"""
arch/arm/include/asm/arch-sunxi/watchdog.h,44,"""ARM"",""ARM SUNXI"",""THE REST"""
arch/arm/include/asm/arch-tegra/ap.h,76,"""ARM"",""ARM TEGRA"",""THE REST"""
arch/arm/include/asm/arch-tegra/apb_misc.h,22,"""ARM"",""ARM TEGRA"",""THE REST"""
arch/arm/include/asm/arch-tegra/board.h,34,"""ARM"",""ARM TEGRA"",""THE REST"""
arch/arm/include/asm/arch-tegra/clk_rst.h,443,"""ARM"",""ARM TEGRA"",""THE REST"""
arch/arm/include/asm/arch-tegra/clock.h,325,"""ARM"",""ARM TEGRA"",""THE REST"""
arch/arm/include/asm/arch-tegra/funcmux.h,39,"""ARM"",""ARM TEGRA"",""THE REST"""
arch/arm/include/asm/arch-tegra/fuse.h,23,"""ARM"",""ARM TEGRA"",""THE REST"""
arch/arm/include/asm/arch-tegra/gp_padctrl.h,25,"""ARM"",""ARM TEGRA"",""THE REST"""
arch/arm/include/asm/arch-tegra/gpio.h,47,"""ARM"",""ARM TEGRA"",""THE REST"""
arch/arm/include/asm/arch-tegra/mmc.h,11,"""ARM"",""ARM TEGRA"",""THE REST"""
arch/arm/include/asm/arch-tegra/pinmux.h,190,"""ARM"",""ARM TEGRA"",""THE REST"""
arch/arm/include/asm/arch-tegra/pmc.h,391,"""ARM"",""ARM TEGRA"",""THE REST"""
arch/arm/include/asm/arch-tegra/powergate.h,38,"""ARM"",""ARM TEGRA"",""THE REST"""
arch/arm/include/asm/arch-tegra/scu.h,27,"""ARM"",""ARM TEGRA"",""THE REST"""
arch/arm/include/asm/arch-tegra/sys_proto.h,19,"""ARM"",""ARM TEGRA"",""THE REST"""
arch/arm/include/asm/arch-tegra/tegra.h,100,"""ARM"",""ARM TEGRA"",""THE REST"""
arch/arm/include/asm/arch-tegra/tegra_i2c.h,172,"""ARM"",""ARM TEGRA"",""THE REST"""
arch/arm/include/asm/arch-tegra/tegra_mmc.h,148,"""ARM"",""ARM TEGRA"",""THE REST"""
arch/arm/include/asm/arch-tegra/timer.h,15,"""ARM"",""ARM TEGRA"",""THE REST"""
arch/arm/include/asm/arch-tegra/uart.h,31,"""ARM"",""ARM TEGRA"",""THE REST"""
arch/arm/include/asm/arch-tegra/usb.h,358,"""ARM"",""ARM TEGRA"",""THE REST"""
arch/arm/include/asm/arch-tegra/warmboot.h,134,"""ARM"",""ARM TEGRA"",""THE REST"""
arch/arm/include/asm/arch-tegra/xusb-padctl.h,24,"""ARM"",""ARM TEGRA"",""THE REST"""
arch/arm/include/asm/arch-tegra114/clock-tables.h,402,"""ARM"",""ARM TEGRA"",""THE REST"""
arch/arm/include/asm/arch-tegra114/clock.h,28,"""ARM"",""ARM TEGRA"",""THE REST"""
arch/arm/include/asm/arch-tegra114/flow.h,35,"""ARM"",""ARM TEGRA"",""THE REST"""
arch/arm/include/asm/arch-tegra114/funcmux.h,31,"""ARM"",""ARM TEGRA"",""THE REST"""
arch/arm/include/asm/arch-tegra114/gp_padctrl.h,83,"""ARM"",""ARM TEGRA"",""THE REST"""
arch/arm/include/asm/arch-tegra114/gpio.h,30,"""ARM"",""ARM TEGRA"",""THE REST"""
arch/arm/include/asm/arch-tegra114/hardware.h,22,"""ARM"",""ARM TEGRA"",""THE REST"""
arch/arm/include/asm/arch-tegra114/mc.h,37,"""ARM"",""ARM TEGRA"",""THE REST"""
arch/arm/include/asm/arch-tegra114/pinmux.h,321,"""ARM"",""ARM TEGRA"",""THE REST"""
arch/arm/include/asm/arch-tegra114/pmu.h,23,"""ARM"",""ARM TEGRA"",""THE REST"""
arch/arm/include/asm/arch-tegra114/powergate.h,6,"""ARM"",""ARM TEGRA"",""THE REST"""
arch/arm/include/asm/arch-tegra114/sysctr.h,35,"""ARM"",""ARM TEGRA"",""THE REST"""
arch/arm/include/asm/arch-tegra114/tegra.h,35,"""ARM"",""ARM TEGRA"",""THE REST"""
arch/arm/include/asm/arch-tegra124/ahb.h,91,"""ARM"",""ARM TEGRA"",""THE REST"""
arch/arm/include/asm/arch-tegra124/clock-tables.h,496,"""ARM"",""ARM TEGRA"",""THE REST"""
arch/arm/include/asm/arch-tegra124/clock.h,21,"""ARM"",""ARM TEGRA"",""THE REST"""
arch/arm/include/asm/arch-tegra124/flow.h,40,"""ARM"",""ARM TEGRA"",""THE REST"""
arch/arm/include/asm/arch-tegra124/funcmux.h,23,"""ARM"",""ARM TEGRA"",""THE REST"""
arch/arm/include/asm/arch-tegra124/gp_padctrl.h,74,"""ARM"",""ARM TEGRA"",""THE REST"""
arch/arm/include/asm/arch-tegra124/gpio.h,303,"""ARM"",""ARM TEGRA"",""THE REST"""
arch/arm/include/asm/arch-tegra124/hardware.h,16,"""ARM"",""ARM TEGRA"",""THE REST"""
arch/arm/include/asm/arch-tegra124/mc.h,49,"""ARM"",""ARM TEGRA"",""THE REST"""
arch/arm/include/asm/arch-tegra124/pinmux.h,343,"""ARM"",""ARM TEGRA"",""THE REST"""
arch/arm/include/asm/arch-tegra124/pmu.h,14,"""ARM"",""ARM TEGRA"",""THE REST"""
arch/arm/include/asm/arch-tegra124/powergate.h,6,"""ARM"",""ARM TEGRA"",""THE REST"""
arch/arm/include/asm/arch-tegra124/sysctr.h,26,"""ARM"",""ARM TEGRA"",""THE REST"""
arch/arm/include/asm/arch-tegra124/tegra.h,30,"""ARM"",""ARM TEGRA"",""THE REST"""
arch/arm/include/asm/arch-tegra20/clock-tables.h,185,"""ARM"",""ARM TEGRA"",""THE REST"""
arch/arm/include/asm/arch-tegra20/clock.h,20,"""ARM"",""ARM TEGRA"",""THE REST"""
arch/arm/include/asm/arch-tegra20/dc.h,529,"""ARM"",""ARM TEGRA"",""THE REST"""
arch/arm/include/asm/arch-tegra20/display.h,136,"""ARM"",""ARM TEGRA"",""THE REST"""
arch/arm/include/asm/arch-tegra20/emc.h,97,"""ARM"",""ARM TEGRA"",""THE REST"""
arch/arm/include/asm/arch-tegra20/flow.h,20,"""ARM"",""ARM TEGRA"",""THE REST"""
arch/arm/include/asm/arch-tegra20/funcmux.h,52,"""ARM"",""ARM TEGRA"",""THE REST"""
arch/arm/include/asm/arch-tegra20/gp_padctrl.h,50,"""ARM"",""ARM TEGRA"",""THE REST"""
arch/arm/include/asm/arch-tegra20/gpio.h,263,"""ARM"",""ARM TEGRA"",""THE REST"""
arch/arm/include/asm/arch-tegra20/hardware.h,13,"""ARM"",""ARM TEGRA"",""THE REST"""
arch/arm/include/asm/arch-tegra20/mc.h,36,"""ARM"",""ARM TEGRA"",""THE REST"""
arch/arm/include/asm/arch-tegra20/pinmux.h,238,"""ARM"",""ARM TEGRA"",""THE REST"""
arch/arm/include/asm/arch-tegra20/pmu.h,14,"""ARM"",""ARM TEGRA"",""THE REST"""
arch/arm/include/asm/arch-tegra20/powergate.h,6,"""ARM"",""ARM TEGRA"",""THE REST"""
arch/arm/include/asm/arch-tegra20/pwm.h,60,"""ARM"",""ARM TEGRA"",""THE REST"""
arch/arm/include/asm/arch-tegra20/sdram_param.h,132,"""ARM"",""ARM TEGRA"",""THE REST"""
arch/arm/include/asm/arch-tegra20/tegra.h,22,"""ARM"",""ARM TEGRA"",""THE REST"""
arch/arm/include/asm/arch-tegra30/clock-tables.h,382,"""ARM"",""ARM TEGRA"",""THE REST"""
arch/arm/include/asm/arch-tegra30/clock.h,30,"""ARM"",""ARM TEGRA"",""THE REST"""
arch/arm/include/asm/arch-tegra30/flow.h,35,"""ARM"",""ARM TEGRA"",""THE REST"""
arch/arm/include/asm/arch-tegra30/funcmux.h,31,"""ARM"",""ARM TEGRA"",""THE REST"""
arch/arm/include/asm/arch-tegra30/gp_padctrl.h,65,"""ARM"",""ARM TEGRA"",""THE REST"""
arch/arm/include/asm/arch-tegra30/gpio.h,304,"""ARM"",""ARM TEGRA"",""THE REST"""
arch/arm/include/asm/arch-tegra30/hardware.h,22,"""ARM"",""ARM TEGRA"",""THE REST"""
arch/arm/include/asm/arch-tegra30/mc.h,38,"""ARM"",""ARM TEGRA"",""THE REST"""
arch/arm/include/asm/arch-tegra30/pinmux.h,398,"""ARM"",""ARM TEGRA"",""THE REST"""
arch/arm/include/asm/arch-tegra30/pmu.h,23,"""ARM"",""ARM TEGRA"",""THE REST"""
arch/arm/include/asm/arch-tegra30/powergate.h,6,"""ARM"",""ARM TEGRA"",""THE REST"""
arch/arm/include/asm/arch-tegra30/tegra.h,31,"""ARM"",""ARM TEGRA"",""THE REST"""
arch/arm/include/asm/arch-tnetv107x/clock.h,53,"""ARM"",""THE REST"""
arch/arm/include/asm/arch-tnetv107x/hardware.h,160,"""ARM"",""THE REST"""
arch/arm/include/asm/arch-tnetv107x/mux.h,291,"""ARM"",""THE REST"""
arch/arm/include/asm/arch-u8500/clock.h,53,"""ARM"",""THE REST"""
arch/arm/include/asm/arch-u8500/db8500_gpio.h,42,"""ARM"",""THE REST"""
arch/arm/include/asm/arch-u8500/db8500_pincfg.h,170,"""ARM"",""THE REST"""
arch/arm/include/asm/arch-u8500/gpio.h,231,"""ARM"",""THE REST"""
arch/arm/include/asm/arch-u8500/hardware.h,94,"""ARM"",""THE REST"""
arch/arm/include/asm/arch-u8500/prcmu.h,64,"""ARM"",""THE REST"""
arch/arm/include/asm/arch-u8500/sys_proto.h,12,"""ARM"",""THE REST"""
arch/arm/include/asm/arch-u8500/u8500.h,31,"""ARM"",""THE REST"""
arch/arm/include/asm/arch-uniphier/arm-mpcore.h,46,"""ARM"",""ARM UNIPHIER"",""THE REST"""
arch/arm/include/asm/arch-uniphier/bcu-regs.h,30,"""ARM"",""ARM UNIPHIER"",""THE REST"""
arch/arm/include/asm/arch-uniphier/board.h,42,"""ARM"",""ARM UNIPHIER"",""THE REST"""
arch/arm/include/asm/arch-uniphier/boot-device.h,20,"""ARM"",""ARM UNIPHIER"",""THE REST"""
arch/arm/include/asm/arch-uniphier/ddrphy-regs.h,172,"""ARM"",""ARM UNIPHIER"",""THE REST"""
arch/arm/include/asm/arch-uniphier/debug-uart.S,24,"""ARM"",""ARM UNIPHIER"",""THE REST"""
arch/arm/include/asm/arch-uniphier/ehci-uniphier.h,33,"""ARM"",""ARM UNIPHIER"",""THE REST"""
arch/arm/include/asm/arch-uniphier/gpio.h,6,"""ARM"",""ARM UNIPHIER"",""THE REST"""
arch/arm/include/asm/arch-uniphier/led.h,101,"""ARM"",""ARM UNIPHIER"",""THE REST"""
arch/arm/include/asm/arch-uniphier/mio-regs.h,20,"""ARM"",""ARM UNIPHIER"",""THE REST"""
arch/arm/include/asm/arch-uniphier/platdevice.h,26,"""ARM"",""ARM UNIPHIER"",""THE REST"""
arch/arm/include/asm/arch-uniphier/sbc-regs.h,109,"""ARM"",""ARM UNIPHIER"",""THE REST"""
arch/arm/include/asm/arch-uniphier/sc-regs.h,62,"""ARM"",""ARM UNIPHIER"",""THE REST"""
arch/arm/include/asm/arch-uniphier/sg-regs.h,193,"""ARM"",""ARM UNIPHIER"",""THE REST"""
arch/arm/include/asm/arch-uniphier/ssc-regs.h,67,"""ARM"",""ARM UNIPHIER"",""THE REST"""
arch/arm/include/asm/arch-uniphier/umc-regs.h,119,"""ARM"",""ARM UNIPHIER"",""THE REST"""
arch/arm/include/asm/arch-vf610/clock.h,27,"""ARM"",""ARM FREESCALE IMX"",""THE REST"""
arch/arm/include/asm/arch-vf610/crm_regs.h,243,"""ARM"",""ARM FREESCALE IMX"",""THE REST"""
arch/arm/include/asm/arch-vf610/imx-regs.h,453,"""ARM"",""ARM FREESCALE IMX"",""THE REST"""
arch/arm/include/asm/arch-vf610/iomux-vf610.h,157,"""ARM"",""ARM FREESCALE IMX"",""THE REST"""
arch/arm/include/asm/arch-zynq/clk.h,29,"""ARM"",""ARM ZYNQ"",""THE REST"""
arch/arm/include/asm/arch-zynq/gpio.h,25,"""ARM"",""ARM ZYNQ"",""THE REST"""
arch/arm/include/asm/arch-zynq/hardware.h,144,"""ARM"",""ARM ZYNQ"",""THE REST"""
arch/arm/include/asm/arch-zynq/sys_proto.h,28,"""ARM"",""ARM ZYNQ"",""THE REST"""
arch/arm/include/asm/armv7.h,98,"""ARM"",""THE REST"""
arch/arm/include/asm/armv8/mmu.h,135,"""ARM"",""THE REST"""
arch/arm/include/asm/assembler.h,83,"""ARM"",""THE REST"""
arch/arm/include/asm/atomic.h,111,"""ARM"",""THE REST"""
arch/arm/include/asm/bitops.h,156,"""ARM"",""THE REST"""
arch/arm/include/asm/bootm.h,65,"""ARM"",""THE REST"""
arch/arm/include/asm/byteorder.h,32,"""ARM"",""THE REST"""
arch/arm/include/asm/cache.h,50,"""ARM"",""THE REST"""
arch/arm/include/asm/config.h,30,"""ARM"",""THE REST"""
arch/arm/include/asm/davinci_rtc.h,52,"""ARM"",""THE REST"""
arch/arm/include/asm/dma-mapping.h,34,"""ARM"",""THE REST"""
arch/arm/include/asm/ehci-omap.h,152,"""ARM"",""THE REST"""
arch/arm/include/asm/emif.h,1212,"""ARM"",""THE REST"""
arch/arm/include/asm/errno.h,1,"""ARM"",""THE REST"""
arch/arm/include/asm/gic.h,110,"""ARM"",""THE REST"""
arch/arm/include/asm/global_data.h,86,"""ARM"",""THE REST"""
arch/arm/include/asm/gpio.h,2,"""ARM"",""THE REST"""
arch/arm/include/asm/hardware.h,18,"""ARM"",""THE REST"""
arch/arm/include/asm/imx-common/boot_mode.h,20,"""ARM"",""ARM FREESCALE IMX"",""THE REST"""
arch/arm/include/asm/imx-common/dma.h,166,"""ARM"",""ARM FREESCALE IMX"",""THE REST"""
arch/arm/include/asm/imx-common/gpio.h,23,"""ARM"",""ARM FREESCALE IMX"",""THE REST"""
arch/arm/include/asm/imx-common/imximage.cfg,24,"""ARM"",""ARM FREESCALE IMX"",""THE REST"""
arch/arm/include/asm/imx-common/iomux-v3.h,216,"""ARM"",""ARM FREESCALE IMX"",""THE REST"""
arch/arm/include/asm/imx-common/mx5_video.h,18,"""ARM"",""ARM FREESCALE IMX"",""THE REST"""
arch/arm/include/asm/imx-common/mxc_i2c.h,63,"""ARM"",""ARM FREESCALE IMX"",""THE REST"""
arch/arm/include/asm/imx-common/regs-apbh.h,589,"""ARM"",""ARM FREESCALE IMX"",""THE REST"""
arch/arm/include/asm/imx-common/regs-bch.h,227,"""ARM"",""ARM FREESCALE IMX"",""THE REST"""
arch/arm/include/asm/imx-common/regs-common.h,69,"""ARM"",""ARM FREESCALE IMX"",""THE REST"""
arch/arm/include/asm/imx-common/regs-gpmi.h,209,"""ARM"",""ARM FREESCALE IMX"",""THE REST"""
arch/arm/include/asm/imx-common/sata.h,16,"""ARM"",""ARM FREESCALE IMX"",""THE REST"""
arch/arm/include/asm/imx-common/spi.h,17,"""ARM"",""ARM FREESCALE IMX"",""THE REST"""
arch/arm/include/asm/imx-common/video.h,29,"""ARM"",""ARM FREESCALE IMX"",""THE REST"""
arch/arm/include/asm/io.h,458,"""ARM"",""THE REST"""
arch/arm/include/asm/iproc-common/armpll.h,14,"""ARM"",""THE REST"""
arch/arm/include/asm/iproc-common/configs.h,20,"""ARM"",""THE REST"""
arch/arm/include/asm/iproc-common/sysmap.h,47,"""ARM"",""THE REST"""
arch/arm/include/asm/iproc-common/timer.h,37,"""ARM"",""THE REST"""
arch/arm/include/asm/kona-common/clk.h,30,"""ARM"",""THE REST"""
arch/arm/include/asm/kona-common/kona_sdhci.h,12,"""ARM"",""THE REST"""
arch/arm/include/asm/linkage.h,7,"""ARM"",""THE REST"""
arch/arm/include/asm/mach-types.h,14272,"""ARM"",""THE REST"""
arch/arm/include/asm/macro.h,204,"""ARM"",""THE REST"""
arch/arm/include/asm/memory.h,136,"""ARM"",""THE REST"""
arch/arm/include/asm/omap_boot.h,34,"""ARM"",""THE REST"""
arch/arm/include/asm/omap_common.h,669,"""ARM"",""THE REST"""
arch/arm/include/asm/omap_gpio.h,57,"""ARM"",""THE REST"""
arch/arm/include/asm/omap_mmc.h,168,"""ARM"",""THE REST"""
arch/arm/include/asm/omap_musb.h,24,"""ARM"",""THE REST"""
arch/arm/include/asm/pcie_layerscape.h,13,"""ARM"",""THE REST"""
arch/arm/include/asm/pl310.h,78,"""ARM"",""THE REST"""
arch/arm/include/asm/posix_types.h,87,"""ARM"",""THE REST"""
arch/arm/include/asm/proc-armv/domain.h,50,"""ARM"",""THE REST"""
arch/arm/include/asm/proc-armv/processor.h,74,"""ARM"",""THE REST"""
arch/arm/include/asm/proc-armv/ptrace.h,130,"""ARM"",""THE REST"""
arch/arm/include/asm/proc-armv/system.h,224,"""ARM"",""THE REST"""
arch/arm/include/asm/processor.h,134,"""ARM"",""THE REST"""
arch/arm/include/asm/psci.h,35,"""ARM"",""THE REST"""
arch/arm/include/asm/ptrace.h,33,"""ARM"",""THE REST"""
arch/arm/include/asm/sections.h,11,"""ARM"",""THE REST"""
arch/arm/include/asm/secure.h,26,"""ARM"",""THE REST"""
arch/arm/include/asm/semihosting.h,17,"""ARM"",""THE REST"""
arch/arm/include/asm/setup.h,274,"""ARM"",""THE REST"""
arch/arm/include/asm/spl.h,38,"""ARM"",""THE REST"""
arch/arm/include/asm/string.h,53,"""ARM"",""THE REST"""
arch/arm/include/asm/system.h,228,"""ARM"",""THE REST"""
arch/arm/include/asm/ti-common/davinci_nand.h,98,"""ARM"",""ARM TI"",""THE REST"""
arch/arm/include/asm/ti-common/keystone_nav.h,191,"""ARM"",""ARM TI"",""THE REST"""
arch/arm/include/asm/ti-common/keystone_net.h,249,"""ARM"",""ARM TI"",""THE REST"""
arch/arm/include/asm/ti-common/keystone_serdes.h,55,"""ARM"",""ARM TI"",""THE REST"""
arch/arm/include/asm/ti-common/sys_proto.h,72,"""ARM"",""ARM TI"",""THE REST"""
arch/arm/include/asm/ti-common/ti-aemif.h,39,"""ARM"",""ARM TI"",""THE REST"""
arch/arm/include/asm/ti-common/ti-edma3.h,121,"""ARM"",""ARM TI"",""THE REST"""
arch/arm/include/asm/types.h,57,"""ARM"",""THE REST"""
arch/arm/include/asm/u-boot-arm.h,63,"""ARM"",""THE REST"""
arch/arm/include/asm/u-boot.h,52,"""ARM"",""THE REST"""
arch/arm/include/asm/unaligned.h,19,"""ARM"",""THE REST"""
arch/arm/include/asm/utils.h,40,"""ARM"",""THE REST"""
arch/arm/include/debug/8250.S,52,"""ARM"",""THE REST"""
arch/arm/lib/Makefile,56,"""ARM"",""THE REST"""
arch/arm/lib/_ashldi3.S,26,"""ARM"",""THE REST"""
arch/arm/lib/_ashrdi3.S,26,"""ARM"",""THE REST"""
arch/arm/lib/_divsi3.S,141,"""ARM"",""THE REST"""
arch/arm/lib/_lshrdi3.S,26,"""ARM"",""THE REST"""
arch/arm/lib/_modsi3.S,98,"""ARM"",""THE REST"""
arch/arm/lib/_udivsi3.S,93,"""ARM"",""THE REST"""
arch/arm/lib/_umodsi3.S,88,"""ARM"",""THE REST"""
arch/arm/lib/asm-offsets.c,248,"""ARM"",""THE REST"""
arch/arm/lib/board.c,687,"""ARM"",""THE REST"""
arch/arm/lib/bootm-fdt.c,44,"""ARM"",""THE REST"""
arch/arm/lib/bootm.c,400,"""ARM"",""THE REST"""
arch/arm/lib/cache-cp15.c,217,"""ARM"",""THE REST"""
arch/arm/lib/cache-pl310.c,102,"""ARM"",""THE REST"""
arch/arm/lib/cache.c,95,"""ARM"",""THE REST"""
arch/arm/lib/crt0.S,140,"""ARM"",""THE REST"""
arch/arm/lib/crt0_64.S,113,"""ARM"",""THE REST"""
arch/arm/lib/debug.S,136,"""ARM"",""THE REST"""
arch/arm/lib/div0.c,14,"""ARM"",""THE REST"""
arch/arm/lib/eabi_compat.c,38,"""ARM"",""THE REST"""
arch/arm/lib/gic_64.S,190,"""ARM"",""THE REST"""
arch/arm/lib/interrupts.c,210,"""ARM"",""THE REST"""
arch/arm/lib/interrupts_64.c,120,"""ARM"",""THE REST"""
arch/arm/lib/memcpy.S,271,"""ARM"",""THE REST"""
arch/arm/lib/memset.S,128,"""ARM"",""THE REST"""
arch/arm/lib/relocate.S,117,"""ARM"",""THE REST"""
arch/arm/lib/relocate_64.S,77,"""ARM"",""THE REST"""
arch/arm/lib/reset.c,43,"""ARM"",""THE REST"""
arch/arm/lib/sections.c,30,"""ARM"",""THE REST"""
arch/arm/lib/semihosting.c,236,"""ARM"",""THE REST"""
arch/arm/lib/spl.c,58,"""ARM"",""THE REST"""
arch/arm/lib/vectors.S,291,"""ARM"",""THE REST"""
arch/arm/mvebu-common/Makefile,12,"""ARM"",""THE REST"""
arch/arm/mvebu-common/dram.c,144,"""ARM"",""THE REST"""
arch/arm/mvebu-common/gpio.c,30,"""ARM"",""THE REST"""
arch/arm/mvebu-common/mbus.c,471,"""ARM"",""THE REST"""
arch/arm/mvebu-common/timer.c,147,"""ARM"",""THE REST"""
arch/avr32/Kconfig,50,"""AVR32"",""THE REST"""
arch/avr32/Makefile,8,"""AVR32"",""THE REST"""
arch/avr32/config.mk,17,"""AVR32"",""THE REST"""
arch/avr32/cpu/Makefile,20,"""AVR32"",""THE REST"""
arch/avr32/cpu/at32ap700x/Makefile,7,"""AVR32"",""THE REST"""
arch/avr32/cpu/at32ap700x/clk.c,82,"""AVR32"",""THE REST"""
arch/avr32/cpu/at32ap700x/mmu.c,78,"""AVR32"",""THE REST"""
arch/avr32/cpu/at32ap700x/portmux.c,278,"""AVR32"",""THE REST"""
arch/avr32/cpu/at32ap700x/sm.h,204,"""AVR32"",""THE REST"""
arch/avr32/cpu/cache.c,81,"""AVR32"",""THE REST"""
arch/avr32/cpu/config.mk,6,"""AVR32"",""THE REST"""
arch/avr32/cpu/cpu.c,73,"""AVR32"",""THE REST"""
arch/avr32/cpu/exception.c,106,"""AVR32"",""THE REST"""
arch/avr32/cpu/hsdramc.c,101,"""AVR32"",""THE REST"""
arch/avr32/cpu/hsdramc1.h,143,"""AVR32"",""THE REST"""
arch/avr32/cpu/hsmc3.h,126,"""AVR32"",""THE REST"""
arch/avr32/cpu/interrupts.c,112,"""AVR32"",""THE REST"""
arch/avr32/cpu/portmux-gpio.c,91,"""AVR32"",""THE REST"""
arch/avr32/cpu/portmux-pio.c,76,"""AVR32"",""THE REST"""
arch/avr32/cpu/start.S,268,"""AVR32"",""THE REST"""
arch/avr32/cpu/u-boot.lds,56,"""AVR32"",""THE REST"""
arch/avr32/include/asm/arch-at32ap700x/addrspace.h,65,"""AVR32"",""THE REST"""
arch/avr32/include/asm/arch-at32ap700x/cacheflush.h,65,"""AVR32"",""THE REST"""
arch/avr32/include/asm/arch-at32ap700x/chip-features.h,24,"""AVR32"",""THE REST"""
arch/avr32/include/asm/arch-at32ap700x/clk.h,175,"""AVR32"",""THE REST"""
arch/avr32/include/asm/arch-at32ap700x/gpio.h,48,"""AVR32"",""THE REST"""
arch/avr32/include/asm/arch-at32ap700x/hardware.h,70,"""AVR32"",""THE REST"""
arch/avr32/include/asm/arch-at32ap700x/hmatrix.h,45,"""AVR32"",""THE REST"""
arch/avr32/include/asm/arch-at32ap700x/mmu.h,66,"""AVR32"",""THE REST"""
arch/avr32/include/asm/arch-at32ap700x/portmux.h,76,"""AVR32"",""THE REST"""
arch/avr32/include/asm/arch-common/portmux-pio.h,122,"""AVR32"",""THE REST"""
arch/avr32/include/asm/bitops.h,9,"""AVR32"",""THE REST"""
arch/avr32/include/asm/byteorder.h,21,"""AVR32"",""THE REST"""
arch/avr32/include/asm/cache.h,25,"""AVR32"",""THE REST"""
arch/avr32/include/asm/config.h,12,"""AVR32"",""THE REST"""
arch/avr32/include/asm/dma-mapping.h,50,"""AVR32"",""THE REST"""
arch/avr32/include/asm/errno.h,1,"""AVR32"",""THE REST"""
arch/avr32/include/asm/global_data.h,19,"""AVR32"",""THE REST"""
arch/avr32/include/asm/hmatrix-common.h,115,"""AVR32"",""THE REST"""
arch/avr32/include/asm/io.h,77,"""AVR32"",""THE REST"""
arch/avr32/include/asm/posix_types.h,128,"""AVR32"",""THE REST"""
arch/avr32/include/asm/processor.h,81,"""AVR32"",""THE REST"""
arch/avr32/include/asm/ptrace.h,132,"""AVR32"",""THE REST"""
arch/avr32/include/asm/sdram.h,37,"""AVR32"",""THE REST"""
arch/avr32/include/asm/sections.h,16,"""AVR32"",""THE REST"""
arch/avr32/include/asm/setup.h,134,"""AVR32"",""THE REST"""
arch/avr32/include/asm/string.h,12,"""AVR32"",""THE REST"""
arch/avr32/include/asm/sysreg.h,281,"""AVR32"",""THE REST"""
arch/avr32/include/asm/types.h,71,"""AVR32"",""THE REST"""
arch/avr32/include/asm/u-boot.h,28,"""AVR32"",""THE REST"""
arch/avr32/include/asm/unaligned.h,1,"""AVR32"",""THE REST"""
arch/avr32/lib/Makefile,13,"""AVR32"",""THE REST"""
arch/avr32/lib/board.c,315,"""AVR32"",""THE REST"""
arch/avr32/lib/bootm.c,213,"""AVR32"",""THE REST"""
arch/avr32/lib/interrupts.c,30,"""AVR32"",""THE REST"""
arch/avr32/lib/memset.S,65,"""AVR32"",""THE REST"""
arch/blackfin/Kconfig,149,"""BLACKFIN"",""THE REST"""
arch/blackfin/Makefile,8,"""BLACKFIN"",""THE REST"""
arch/blackfin/config.mk,71,"""BLACKFIN"",""THE REST"""
arch/blackfin/cpu/.gitignore,2,"""BLACKFIN"",""THE REST"""
arch/blackfin/cpu/Makefile,45,"""BLACKFIN"",""THE REST"""
arch/blackfin/cpu/cache.S,87,"""BLACKFIN"",""THE REST"""
arch/blackfin/cpu/cpu.c,414,"""BLACKFIN"",""THE REST"""
arch/blackfin/cpu/cpu.h,23,"""BLACKFIN"",""THE REST"""
arch/blackfin/cpu/gpio.c,841,"""BLACKFIN"",""THE REST"""
arch/blackfin/cpu/init.S,9,"""BLACKFIN"",""THE REST"""
arch/blackfin/cpu/init.lds.S,25,"""BLACKFIN"",""THE REST"""
arch/blackfin/cpu/initcode.c,1041,"""BLACKFIN"",""THE REST"""
arch/blackfin/cpu/initcode.h,123,"""BLACKFIN"",""THE REST"""
arch/blackfin/cpu/interrupt.S,157,"""BLACKFIN"",""THE REST"""
arch/blackfin/cpu/interrupts.c,154,"""BLACKFIN"",""THE REST"""
arch/blackfin/cpu/jtag-console.c,228,"""BLACKFIN"",""THE REST"""
arch/blackfin/cpu/os_log.c,30,"""BLACKFIN"",""THE REST"""
arch/blackfin/cpu/reset.c,96,"""BLACKFIN"",""THE REST"""
arch/blackfin/cpu/start.S,263,"""BLACKFIN"",""THE REST"""
arch/blackfin/cpu/traps.c,435,"""BLACKFIN"",""THE REST"""
arch/blackfin/cpu/u-boot.lds,142,"""BLACKFIN"",""THE REST"""
arch/blackfin/include/asm/bfin_logo_230x230_gzip.h,2377,"""BLACKFIN"",""THE REST"""
arch/blackfin/include/asm/bfin_logo_230x230_lzma.h,1819,"""BLACKFIN"",""THE REST"""
arch/blackfin/include/asm/bfin_logo_rgb565_230x230_gzip.h,1242,"""BLACKFIN"",""THE REST"""
arch/blackfin/include/asm/bfin_logo_rgb565_230x230_lzma.h,1079,"""BLACKFIN"",""THE REST"""
arch/blackfin/include/asm/bitops.h,354,"""BLACKFIN"",""THE REST"""
arch/blackfin/include/asm/blackfin.h,15,"""BLACKFIN"",""THE REST"""
arch/blackfin/include/asm/blackfin_cdef.h,91,"""BLACKFIN"",""THE REST"""
arch/blackfin/include/asm/blackfin_def.h,145,"""BLACKFIN"",""THE REST"""
arch/blackfin/include/asm/blackfin_local.h,208,"""BLACKFIN"",""THE REST"""
arch/blackfin/include/asm/byteorder.h,24,"""BLACKFIN"",""THE REST"""
arch/blackfin/include/asm/cache.h,70,"""BLACKFIN"",""THE REST"""
arch/blackfin/include/asm/clock.h,88,"""BLACKFIN"",""THE REST"""
arch/blackfin/include/asm/config-pre.h,82,"""BLACKFIN"",""THE REST"""
arch/blackfin/include/asm/config.h,183,"""BLACKFIN"",""THE REST"""
arch/blackfin/include/asm/cplb.h,99,"""BLACKFIN"",""THE REST"""
arch/blackfin/include/asm/deferred.h,20,"""BLACKFIN"",""THE REST"""
arch/blackfin/include/asm/delay.h,39,"""BLACKFIN"",""THE REST"""
arch/blackfin/include/asm/dma.h,104,"""BLACKFIN"",""THE REST"""
arch/blackfin/include/asm/entry.h,243,"""BLACKFIN"",""THE REST"""
arch/blackfin/include/asm/errno.h,1,"""BLACKFIN"",""THE REST"""
arch/blackfin/include/asm/global_data.h,26,"""BLACKFIN"",""THE REST"""
arch/blackfin/include/asm/gpio.h,167,"""BLACKFIN"",""THE REST"""
arch/blackfin/include/asm/io.h,228,"""BLACKFIN"",""THE REST"""
arch/blackfin/include/asm/linkage.h,12,"""BLACKFIN"",""THE REST"""
arch/blackfin/include/asm/mach-bf506/BF504_cdef.h,1782,"""BLACKFIN"",""THE REST"""
arch/blackfin/include/asm/mach-bf506/BF504_def.h,944,"""BLACKFIN"",""THE REST"""
arch/blackfin/include/asm/mach-bf506/BF506_cdef.h,11,"""BLACKFIN"",""THE REST"""
arch/blackfin/include/asm/mach-bf506/BF506_def.h,11,"""BLACKFIN"",""THE REST"""
arch/blackfin/include/asm/mach-bf506/anomaly.h,145,"""BLACKFIN"",""THE REST"""
arch/blackfin/include/asm/mach-bf506/def_local.h,5,"""BLACKFIN"",""THE REST"""
arch/blackfin/include/asm/mach-bf506/gpio.h,52,"""BLACKFIN"",""THE REST"""
arch/blackfin/include/asm/mach-bf506/portmux.h,148,"""BLACKFIN"",""THE REST"""
arch/blackfin/include/asm/mach-bf506/ports.h,59,"""BLACKFIN"",""THE REST"""
arch/blackfin/include/asm/mach-bf518/BF512_cdef.h,1000,"""BLACKFIN"",""THE REST"""
arch/blackfin/include/asm/mach-bf518/BF512_def.h,517,"""BLACKFIN"",""THE REST"""
arch/blackfin/include/asm/mach-bf518/BF514_cdef.h,68,"""BLACKFIN"",""THE REST"""
arch/blackfin/include/asm/mach-bf518/BF514_def.h,40,"""BLACKFIN"",""THE REST"""
arch/blackfin/include/asm/mach-bf518/BF516_cdef.h,170,"""BLACKFIN"",""THE REST"""
arch/blackfin/include/asm/mach-bf518/BF516_def.h,91,"""BLACKFIN"",""THE REST"""
arch/blackfin/include/asm/mach-bf518/BF518_cdef.h,58,"""BLACKFIN"",""THE REST"""
arch/blackfin/include/asm/mach-bf518/BF518_def.h,35,"""BLACKFIN"",""THE REST"""
arch/blackfin/include/asm/mach-bf518/anomaly.h,170,"""BLACKFIN"",""THE REST"""
arch/blackfin/include/asm/mach-bf518/def_local.h,5,"""BLACKFIN"",""THE REST"""
arch/blackfin/include/asm/mach-bf518/gpio.h,58,"""BLACKFIN"",""THE REST"""
arch/blackfin/include/asm/mach-bf518/portmux.h,201,"""BLACKFIN"",""THE REST"""
arch/blackfin/include/asm/mach-bf518/ports.h,59,"""BLACKFIN"",""THE REST"""
arch/blackfin/include/asm/mach-bf527/BF522_cdef.h,1012,"""BLACKFIN"",""THE REST"""
arch/blackfin/include/asm/mach-bf527/BF522_def.h,513,"""BLACKFIN"",""THE REST"""
arch/blackfin/include/asm/mach-bf527/BF523_cdef.h,1,"""BLACKFIN"",""THE REST"""
arch/blackfin/include/asm/mach-bf527/BF523_def.h,1,"""BLACKFIN"",""THE REST"""
arch/blackfin/include/asm/mach-bf527/BF524_cdef.h,350,"""BLACKFIN"",""THE REST"""
arch/blackfin/include/asm/mach-bf527/BF524_def.h,181,"""BLACKFIN"",""THE REST"""
arch/blackfin/include/asm/mach-bf527/BF525_cdef.h,1,"""BLACKFIN"",""THE REST"""
arch/blackfin/include/asm/mach-bf527/BF525_def.h,1,"""BLACKFIN"",""THE REST"""
arch/blackfin/include/asm/mach-bf527/BF526_cdef.h,170,"""BLACKFIN"",""THE REST"""
arch/blackfin/include/asm/mach-bf527/BF526_def.h,91,"""BLACKFIN"",""THE REST"""
arch/blackfin/include/asm/mach-bf527/BF527_cdef.h,1,"""BLACKFIN"",""THE REST"""
arch/blackfin/include/asm/mach-bf527/BF527_def.h,1,"""BLACKFIN"",""THE REST"""
arch/blackfin/include/asm/mach-bf527/anomaly.h,290,"""BLACKFIN"",""THE REST"""
arch/blackfin/include/asm/mach-bf527/def_local.h,6,"""BLACKFIN"",""THE REST"""
arch/blackfin/include/asm/mach-bf527/gpio.h,65,"""BLACKFIN"",""THE REST"""
arch/blackfin/include/asm/mach-bf527/mem_map.h,21,"""BLACKFIN"",""THE REST"""
arch/blackfin/include/asm/mach-bf527/portmux.h,220,"""BLACKFIN"",""THE REST"""
arch/blackfin/include/asm/mach-bf527/ports.h,60,"""BLACKFIN"",""THE REST"""
arch/blackfin/include/asm/mach-bf533/BF531_cdef.h,872,"""BLACKFIN"",""THE REST"""
arch/blackfin/include/asm/mach-bf533/BF531_def.h,444,"""BLACKFIN"",""THE REST"""
arch/blackfin/include/asm/mach-bf533/BF532_cdef.h,1,"""BLACKFIN"",""THE REST"""
arch/blackfin/include/asm/mach-bf533/BF532_def.h,17,"""BLACKFIN"",""THE REST"""
arch/blackfin/include/asm/mach-bf533/BF533_cdef.h,1,"""BLACKFIN"",""THE REST"""
arch/blackfin/include/asm/mach-bf533/BF533_def.h,21,"""BLACKFIN"",""THE REST"""
arch/blackfin/include/asm/mach-bf533/anomaly.h,383,"""BLACKFIN"",""THE REST"""
arch/blackfin/include/asm/mach-bf533/def_local.h,5,"""BLACKFIN"",""THE REST"""
arch/blackfin/include/asm/mach-bf533/gpio.h,31,"""BLACKFIN"",""THE REST"""
arch/blackfin/include/asm/mach-bf533/portmux.h,71,"""BLACKFIN"",""THE REST"""
arch/blackfin/include/asm/mach-bf533/ports.h,10,"""BLACKFIN"",""THE REST"""
arch/blackfin/include/asm/mach-bf537/BF534_cdef.h,1624,"""BLACKFIN"",""THE REST"""
arch/blackfin/include/asm/mach-bf537/BF534_def.h,831,"""BLACKFIN"",""THE REST"""
arch/blackfin/include/asm/mach-bf537/BF536_cdef.h,170,"""BLACKFIN"",""THE REST"""
arch/blackfin/include/asm/mach-bf537/BF536_def.h,91,"""BLACKFIN"",""THE REST"""
arch/blackfin/include/asm/mach-bf537/BF537_cdef.h,1,"""BLACKFIN"",""THE REST"""
arch/blackfin/include/asm/mach-bf537/BF537_def.h,1,"""BLACKFIN"",""THE REST"""
arch/blackfin/include/asm/mach-bf537/anomaly.h,241,"""BLACKFIN"",""THE REST"""
arch/blackfin/include/asm/mach-bf537/def_local.h,5,"""BLACKFIN"",""THE REST"""
arch/blackfin/include/asm/mach-bf537/gpio.h,65,"""BLACKFIN"",""THE REST"""
arch/blackfin/include/asm/mach-bf537/portmux.h,152,"""BLACKFIN"",""THE REST"""
arch/blackfin/include/asm/mach-bf537/ports.h,28,"""BLACKFIN"",""THE REST"""
arch/blackfin/include/asm/mach-bf538/BF538_cdef.h,2014,"""BLACKFIN"",""THE REST"""
arch/blackfin/include/asm/mach-bf538/BF538_def.h,1025,"""BLACKFIN"",""THE REST"""
arch/blackfin/include/asm/mach-bf538/BF539_cdef.h,1,"""BLACKFIN"",""THE REST"""
arch/blackfin/include/asm/mach-bf538/BF539_def.h,1,"""BLACKFIN"",""THE REST"""
arch/blackfin/include/asm/mach-bf538/anomaly.h,215,"""BLACKFIN"",""THE REST"""
arch/blackfin/include/asm/mach-bf538/def_local.h,5,"""BLACKFIN"",""THE REST"""
arch/blackfin/include/asm/mach-bf538/gpio.h,73,"""BLACKFIN"",""THE REST"""
arch/blackfin/include/asm/mach-bf538/portmux.h,114,"""BLACKFIN"",""THE REST"""
arch/blackfin/include/asm/mach-bf538/ports.h,13,"""BLACKFIN"",""THE REST"""
arch/blackfin/include/asm/mach-bf548/ADSP-EDN-BF542-extended_cdef.h,2913,"""BLACKFIN"",""THE REST"""
arch/blackfin/include/asm/mach-bf548/ADSP-EDN-BF542-extended_def.h,1463,"""BLACKFIN"",""THE REST"""
arch/blackfin/include/asm/mach-bf548/ADSP-EDN-BF544-extended_cdef.h,3309,"""BLACKFIN"",""THE REST"""
arch/blackfin/include/asm/mach-bf548/ADSP-EDN-BF544-extended_def.h,1661,"""BLACKFIN"",""THE REST"""
arch/blackfin/include/asm/mach-bf548/ADSP-EDN-BF547-extended_cdef.h,2404,"""BLACKFIN"",""THE REST"""
arch/blackfin/include/asm/mach-bf548/ADSP-EDN-BF547-extended_def.h,1209,"""BLACKFIN"",""THE REST"""
arch/blackfin/include/asm/mach-bf548/ADSP-EDN-BF548-extended_cdef.h,3852,"""BLACKFIN"",""THE REST"""
arch/blackfin/include/asm/mach-bf548/ADSP-EDN-BF548-extended_def.h,1933,"""BLACKFIN"",""THE REST"""
arch/blackfin/include/asm/mach-bf548/ADSP-EDN-BF549-extended_cdef.h,4084,"""BLACKFIN"",""THE REST"""
arch/blackfin/include/asm/mach-bf548/ADSP-EDN-BF549-extended_def.h,2049,"""BLACKFIN"",""THE REST"""
arch/blackfin/include/asm/mach-bf548/BF542_cdef.h,20,"""BLACKFIN"",""THE REST"""
arch/blackfin/include/asm/mach-bf548/BF542_def.h,17,"""BLACKFIN"",""THE REST"""
arch/blackfin/include/asm/mach-bf548/BF544_cdef.h,20,"""BLACKFIN"",""THE REST"""
arch/blackfin/include/asm/mach-bf548/BF544_def.h,17,"""BLACKFIN"",""THE REST"""
arch/blackfin/include/asm/mach-bf548/BF547_cdef.h,20,"""BLACKFIN"",""THE REST"""
arch/blackfin/include/asm/mach-bf548/BF547_def.h,17,"""BLACKFIN"",""THE REST"""
arch/blackfin/include/asm/mach-bf548/BF548_cdef.h,20,"""BLACKFIN"",""THE REST"""
arch/blackfin/include/asm/mach-bf548/BF548_def.h,17,"""BLACKFIN"",""THE REST"""
arch/blackfin/include/asm/mach-bf548/BF549_cdef.h,20,"""BLACKFIN"",""THE REST"""
arch/blackfin/include/asm/mach-bf548/BF549_def.h,17,"""BLACKFIN"",""THE REST"""
arch/blackfin/include/asm/mach-bf548/anomaly.h,303,"""BLACKFIN"",""THE REST"""
arch/blackfin/include/asm/mach-bf548/def_local.h,6,"""BLACKFIN"",""THE REST"""
arch/blackfin/include/asm/mach-bf548/gpio.h,203,"""BLACKFIN"",""THE REST"""
arch/blackfin/include/asm/mach-bf548/mem_map.h,21,"""BLACKFIN"",""THE REST"""
arch/blackfin/include/asm/mach-bf548/portmux.h,320,"""BLACKFIN"",""THE REST"""
arch/blackfin/include/asm/mach-bf548/ports.h,106,"""BLACKFIN"",""THE REST"""
arch/blackfin/include/asm/mach-bf561/BF561_cdef.h,1410,"""BLACKFIN"",""THE REST"""
arch/blackfin/include/asm/mach-bf561/BF561_def.h,719,"""BLACKFIN"",""THE REST"""
arch/blackfin/include/asm/mach-bf561/anomaly.h,349,"""BLACKFIN"",""THE REST"""
arch/blackfin/include/asm/mach-bf561/def_local.h,16,"""BLACKFIN"",""THE REST"""
arch/blackfin/include/asm/mach-bf561/gpio.h,65,"""BLACKFIN"",""THE REST"""
arch/blackfin/include/asm/mach-bf561/portmux.h,97,"""BLACKFIN"",""THE REST"""
arch/blackfin/include/asm/mach-bf561/ports.h,44,"""BLACKFIN"",""THE REST"""
arch/blackfin/include/asm/mach-bf609/BF609_cdef.h,192,"""BLACKFIN"",""THE REST"""
arch/blackfin/include/asm/mach-bf609/BF609_def.h,254,"""BLACKFIN"",""THE REST"""
arch/blackfin/include/asm/mach-bf609/anomaly.h,97,"""BLACKFIN"",""THE REST"""
arch/blackfin/include/asm/mach-bf609/def_local.h,5,"""BLACKFIN"",""THE REST"""
arch/blackfin/include/asm/mach-bf609/gpio.h,151,"""BLACKFIN"",""THE REST"""
arch/blackfin/include/asm/mach-bf609/portmux.h,257,"""BLACKFIN"",""THE REST"""
arch/blackfin/include/asm/mach-bf609/ports.h,103,"""BLACKFIN"",""THE REST"""
arch/blackfin/include/asm/mach-common/ADSP-EDN-core_cdef.h,276,"""BLACKFIN"",""THE REST"""
arch/blackfin/include/asm/mach-common/ADSP-EDN-core_def.h,147,"""BLACKFIN"",""THE REST"""
arch/blackfin/include/asm/mach-common/bits/bootrom.h,293,"""BLACKFIN"",""THE REST"""
arch/blackfin/include/asm/mach-common/bits/cgu.h,80,"""BLACKFIN"",""THE REST"""
arch/blackfin/include/asm/mach-common/bits/core.h,112,"""BLACKFIN"",""THE REST"""
arch/blackfin/include/asm/mach-common/bits/dde.h,88,"""BLACKFIN"",""THE REST"""
arch/blackfin/include/asm/mach-common/bits/dma.h,102,"""BLACKFIN"",""THE REST"""
arch/blackfin/include/asm/mach-common/bits/ebiu.h,440,"""BLACKFIN"",""THE REST"""
arch/blackfin/include/asm/mach-common/bits/emac.h,223,"""BLACKFIN"",""THE REST"""
arch/blackfin/include/asm/mach-common/bits/eppi.h,70,"""BLACKFIN"",""THE REST"""
arch/blackfin/include/asm/mach-common/bits/mpu.h,120,"""BLACKFIN"",""THE REST"""
arch/blackfin/include/asm/mach-common/bits/otp.h,71,"""BLACKFIN"",""THE REST"""
arch/blackfin/include/asm/mach-common/bits/pata.h,220,"""BLACKFIN"",""THE REST"""
arch/blackfin/include/asm/mach-common/bits/pll.h,101,"""BLACKFIN"",""THE REST"""
arch/blackfin/include/asm/mach-common/bits/ports-a.h,25,"""BLACKFIN"",""THE REST"""
arch/blackfin/include/asm/mach-common/bits/ports-b.h,25,"""BLACKFIN"",""THE REST"""
arch/blackfin/include/asm/mach-common/bits/ports-c.h,25,"""BLACKFIN"",""THE REST"""
arch/blackfin/include/asm/mach-common/bits/ports-d.h,25,"""BLACKFIN"",""THE REST"""
arch/blackfin/include/asm/mach-common/bits/ports-e.h,25,"""BLACKFIN"",""THE REST"""
arch/blackfin/include/asm/mach-common/bits/ports-f.h,25,"""BLACKFIN"",""THE REST"""
arch/blackfin/include/asm/mach-common/bits/ports-g.h,25,"""BLACKFIN"",""THE REST"""
arch/blackfin/include/asm/mach-common/bits/ports-h.h,25,"""BLACKFIN"",""THE REST"""
arch/blackfin/include/asm/mach-common/bits/ports-i.h,25,"""BLACKFIN"",""THE REST"""
arch/blackfin/include/asm/mach-common/bits/ports-j.h,25,"""BLACKFIN"",""THE REST"""
arch/blackfin/include/asm/mach-common/bits/ppi.h,38,"""BLACKFIN"",""THE REST"""
arch/blackfin/include/asm/mach-common/bits/rtc.h,42,"""BLACKFIN"",""THE REST"""
arch/blackfin/include/asm/mach-common/bits/sdh.h,156,"""BLACKFIN"",""THE REST"""
arch/blackfin/include/asm/mach-common/bits/spi.h,67,"""BLACKFIN"",""THE REST"""
arch/blackfin/include/asm/mach-common/bits/spi6xx.h,240,"""BLACKFIN"",""THE REST"""
arch/blackfin/include/asm/mach-common/bits/timer.h,78,"""BLACKFIN"",""THE REST"""
arch/blackfin/include/asm/mach-common/bits/trace.h,19,"""BLACKFIN"",""THE REST"""
arch/blackfin/include/asm/mach-common/bits/twi.h,77,"""BLACKFIN"",""THE REST"""
arch/blackfin/include/asm/mach-common/bits/uart.h,98,"""BLACKFIN"",""THE REST"""
arch/blackfin/include/asm/mach-common/bits/uart4.h,66,"""BLACKFIN"",""THE REST"""
arch/blackfin/include/asm/mach-common/bits/usb.h,264,"""BLACKFIN"",""THE REST"""
arch/blackfin/include/asm/mach-common/bits/watchdog.h,19,"""BLACKFIN"",""THE REST"""
arch/blackfin/include/asm/mem_map.h,26,"""BLACKFIN"",""THE REST"""
arch/blackfin/include/asm/portmux.h,1193,"""BLACKFIN"",""THE REST"""
arch/blackfin/include/asm/posix_types.h,72,"""BLACKFIN"",""THE REST"""
arch/blackfin/include/asm/processor.h,19,"""BLACKFIN"",""THE REST"""
arch/blackfin/include/asm/ptrace.h,198,"""BLACKFIN"",""THE REST"""
arch/blackfin/include/asm/sdh.h,17,"""BLACKFIN"",""THE REST"""
arch/blackfin/include/asm/sections.h,11,"""BLACKFIN"",""THE REST"""
arch/blackfin/include/asm/serial.h,131,"""BLACKFIN"",""THE REST"""
arch/blackfin/include/asm/serial1.h,342,"""BLACKFIN"",""THE REST"""
arch/blackfin/include/asm/serial4.h,150,"""BLACKFIN"",""THE REST"""
arch/blackfin/include/asm/shared_resources.h,17,"""BLACKFIN"",""THE REST"""
arch/blackfin/include/asm/signal.h,1,"""BLACKFIN"",""THE REST"""
arch/blackfin/include/asm/soft_switch.h,18,"""BLACKFIN"",""THE REST"""
arch/blackfin/include/asm/string.h,63,"""BLACKFIN"",""THE REST"""
arch/blackfin/include/asm/system.h,107,"""BLACKFIN"",""THE REST"""
arch/blackfin/include/asm/traps.h,50,"""BLACKFIN"",""THE REST"""
arch/blackfin/include/asm/twi.h,15,"""BLACKFIN"",""THE REST"""
arch/blackfin/include/asm/types.h,70,"""BLACKFIN"",""THE REST"""
arch/blackfin/include/asm/u-boot.h,36,"""BLACKFIN"",""THE REST"""
arch/blackfin/include/asm/unaligned.h,1,"""BLACKFIN"",""THE REST"""
arch/blackfin/lib/.gitignore,1,"""BLACKFIN"",""THE REST"""
arch/blackfin/lib/Makefile,27,"""BLACKFIN"",""THE REST"""
arch/blackfin/lib/__kgdb.S,154,"""BLACKFIN"",""THE REST"""
arch/blackfin/lib/boot.c,74,"""BLACKFIN"",""THE REST"""
arch/blackfin/lib/cache.c,123,"""BLACKFIN"",""THE REST"""
arch/blackfin/lib/clocks.c,140,"""BLACKFIN"",""THE REST"""
arch/blackfin/lib/cmd_cache_dump.c,145,"""BLACKFIN"",""THE REST"""
arch/blackfin/lib/ins.S,118,"""BLACKFIN"",""THE REST"""
arch/blackfin/lib/kgdb.c,423,"""BLACKFIN"",""THE REST"""
arch/blackfin/lib/kgdb.h,160,"""BLACKFIN"",""THE REST"""
arch/blackfin/lib/memcmp.S,90,"""BLACKFIN"",""THE REST"""
arch/blackfin/lib/memcpy.S,104,"""BLACKFIN"",""THE REST"""
arch/blackfin/lib/memmove.S,83,"""BLACKFIN"",""THE REST"""
arch/blackfin/lib/memset.S,83,"""BLACKFIN"",""THE REST"""
arch/blackfin/lib/muldi3.c,76,"""BLACKFIN"",""THE REST"""
arch/blackfin/lib/outs.S,64,"""BLACKFIN"",""THE REST"""
arch/blackfin/lib/post.c,85,"""BLACKFIN"",""THE REST"""
arch/blackfin/lib/sections.c,11,"""BLACKFIN"",""THE REST"""
arch/blackfin/lib/string.c,268,"""BLACKFIN"",""THE REST"""
arch/m68k/Kconfig,97,"""COLDFIRE"",""THE REST"""
arch/m68k/Makefile,8,"""COLDFIRE"",""THE REST"""
arch/m68k/config.mk,18,"""COLDFIRE"",""THE REST"""
arch/m68k/cpu/mcf5227x/Makefile,11,"""COLDFIRE"",""THE REST"""
arch/m68k/cpu/mcf5227x/config.mk,10,"""COLDFIRE"",""THE REST"""
arch/m68k/cpu/mcf5227x/cpu.c,62,"""COLDFIRE"",""THE REST"""
arch/m68k/cpu/mcf5227x/cpu_init.c,194,"""COLDFIRE"",""THE REST"""
arch/m68k/cpu/mcf5227x/interrupts.c,37,"""COLDFIRE"",""THE REST"""
arch/m68k/cpu/mcf5227x/speed.c,126,"""COLDFIRE"",""THE REST"""
arch/m68k/cpu/mcf5227x/start.S,495,"""COLDFIRE"",""THE REST"""
arch/m68k/cpu/mcf523x/Makefile,11,"""COLDFIRE"",""THE REST"""
arch/m68k/cpu/mcf523x/config.mk,10,"""COLDFIRE"",""THE REST"""
arch/m68k/cpu/mcf523x/cpu.c,111,"""COLDFIRE"",""THE REST"""
arch/m68k/cpu/mcf523x/cpu_init.c,176,"""COLDFIRE"",""THE REST"""
arch/m68k/cpu/mcf523x/interrupts.c,34,"""COLDFIRE"",""THE REST"""
arch/m68k/cpu/mcf523x/speed.c,39,"""COLDFIRE"",""THE REST"""
arch/m68k/cpu/mcf523x/start.S,257,"""COLDFIRE"",""THE REST"""
arch/m68k/cpu/mcf52x2/Makefile,11,"""COLDFIRE"",""THE REST"""
arch/m68k/cpu/mcf52x2/config.mk,39,"""COLDFIRE"",""THE REST"""
arch/m68k/cpu/mcf52x2/cpu.c,414,"""COLDFIRE"",""THE REST"""
arch/m68k/cpu/mcf52x2/cpu.h,17,"""COLDFIRE"",""THE REST"""
arch/m68k/cpu/mcf52x2/cpu_init.c,750,"""COLDFIRE"",""THE REST"""
arch/m68k/cpu/mcf52x2/interrupts.c,93,"""COLDFIRE"",""THE REST"""
arch/m68k/cpu/mcf52x2/speed.c,85,"""COLDFIRE"",""THE REST"""
arch/m68k/cpu/mcf52x2/start.S,317,"""COLDFIRE"",""THE REST"""
arch/m68k/cpu/mcf532x/Makefile,11,"""COLDFIRE"",""THE REST"""
arch/m68k/cpu/mcf532x/config.mk,19,"""COLDFIRE"",""THE REST"""
arch/m68k/cpu/mcf532x/cpu.c,152,"""COLDFIRE"",""THE REST"""
arch/m68k/cpu/mcf532x/cpu_init.c,350,"""COLDFIRE"",""THE REST"""
arch/m68k/cpu/mcf532x/interrupts.c,34,"""COLDFIRE"",""THE REST"""
arch/m68k/cpu/mcf532x/speed.c,262,"""COLDFIRE"",""THE REST"""
arch/m68k/cpu/mcf532x/start.S,270,"""COLDFIRE"",""THE REST"""
arch/m68k/cpu/mcf5445x/Makefile,11,"""COLDFIRE"",""THE REST"""
arch/m68k/cpu/mcf5445x/config.mk,25,"""COLDFIRE"",""THE REST"""
arch/m68k/cpu/mcf5445x/cpu.c,114,"""COLDFIRE"",""THE REST"""
arch/m68k/cpu/mcf5445x/cpu_init.c,536,"""COLDFIRE"",""THE REST"""
arch/m68k/cpu/mcf5445x/interrupts.c,37,"""COLDFIRE"",""THE REST"""
arch/m68k/cpu/mcf5445x/pci.c,152,"""COLDFIRE"",""THE REST"""
arch/m68k/cpu/mcf5445x/speed.c,281,"""COLDFIRE"",""THE REST"""
arch/m68k/cpu/mcf5445x/start.S,780,"""COLDFIRE"",""THE REST"""
arch/m68k/cpu/mcf547x_8x/Makefile,11,"""COLDFIRE"",""THE REST"""
arch/m68k/cpu/mcf547x_8x/config.mk,16,"""COLDFIRE"",""THE REST"""
arch/m68k/cpu/mcf547x_8x/cpu.c,148,"""COLDFIRE"",""THE REST"""
arch/m68k/cpu/mcf547x_8x/cpu_init.c,145,"""COLDFIRE"",""THE REST"""
arch/m68k/cpu/mcf547x_8x/interrupts.c,35,"""COLDFIRE"",""THE REST"""
arch/m68k/cpu/mcf547x_8x/pci.c,154,"""COLDFIRE"",""THE REST"""
arch/m68k/cpu/mcf547x_8x/slicetimer.c,92,"""COLDFIRE"",""THE REST"""
arch/m68k/cpu/mcf547x_8x/speed.c,32,"""COLDFIRE"",""THE REST"""
arch/m68k/cpu/mcf547x_8x/start.S,264,"""COLDFIRE"",""THE REST"""
arch/m68k/include/asm/bitops.h,52,"""COLDFIRE"",""THE REST"""
arch/m68k/include/asm/byteorder.h,91,"""COLDFIRE"",""THE REST"""
arch/m68k/include/asm/cache.h,203,"""COLDFIRE"",""THE REST"""
arch/m68k/include/asm/coldfire/ata.h,63,"""COLDFIRE"",""THE REST"""
arch/m68k/include/asm/coldfire/crossbar.h,63,"""COLDFIRE"",""THE REST"""
arch/m68k/include/asm/coldfire/dspi.h,142,"""COLDFIRE"",""THE REST"""
arch/m68k/include/asm/coldfire/edma.h,161,"""COLDFIRE"",""THE REST"""
arch/m68k/include/asm/coldfire/eport.h,123,"""COLDFIRE"",""THE REST"""
arch/m68k/include/asm/coldfire/flexbus.h,172,"""COLDFIRE"",""THE REST"""
arch/m68k/include/asm/coldfire/flexcan.h,203,"""COLDFIRE"",""THE REST"""
arch/m68k/include/asm/coldfire/intctrl.h,230,"""COLDFIRE"",""THE REST"""
arch/m68k/include/asm/coldfire/lcd.h,197,"""COLDFIRE"",""THE REST"""
arch/m68k/include/asm/coldfire/mdha.h,86,"""COLDFIRE"",""THE REST"""
arch/m68k/include/asm/coldfire/pwm.h,99,"""COLDFIRE"",""THE REST"""
arch/m68k/include/asm/coldfire/qspi.h,95,"""COLDFIRE"",""THE REST"""
arch/m68k/include/asm/coldfire/rng.h,36,"""COLDFIRE"",""THE REST"""
arch/m68k/include/asm/coldfire/skha.h,105,"""COLDFIRE"",""THE REST"""
arch/m68k/include/asm/coldfire/ssi.h,153,"""COLDFIRE"",""THE REST"""
arch/m68k/include/asm/config.h,17,"""COLDFIRE"",""THE REST"""
arch/m68k/include/asm/errno.h,1,"""COLDFIRE"",""THE REST"""
arch/m68k/include/asm/fec.h,350,"""COLDFIRE"",""THE REST"""
arch/m68k/include/asm/fsl_i2c.h,77,"""COLDFIRE"",""THE REST"""
arch/m68k/include/asm/fsl_mcdmafec.h,151,"""COLDFIRE"",""THE REST"""
arch/m68k/include/asm/global_data.h,33,"""COLDFIRE"",""THE REST"""
arch/m68k/include/asm/immap.h,481,"""COLDFIRE"",""THE REST"""
arch/m68k/include/asm/immap_520x.h,196,"""COLDFIRE"",""THE REST"""
arch/m68k/include/asm/immap_5227x.h,238,"""COLDFIRE"",""THE REST"""
arch/m68k/include/asm/immap_5235.h,220,"""COLDFIRE"",""THE REST"""
arch/m68k/include/asm/immap_5249.h,23,"""COLDFIRE"",""THE REST"""
arch/m68k/include/asm/immap_5253.h,37,"""COLDFIRE"",""THE REST"""
arch/m68k/include/asm/immap_5271.h,59,"""COLDFIRE"",""THE REST"""
arch/m68k/include/asm/immap_5272.h,304,"""COLDFIRE"",""THE REST"""
arch/m68k/include/asm/immap_5275.h,351,"""COLDFIRE"",""THE REST"""
arch/m68k/include/asm/immap_5282.h,103,"""COLDFIRE"",""THE REST"""
arch/m68k/include/asm/immap_5301x.h,308,"""COLDFIRE"",""THE REST"""
arch/m68k/include/asm/immap_5329.h,386,"""COLDFIRE"",""THE REST"""
arch/m68k/include/asm/immap_5441x.h,371,"""COLDFIRE"",""THE REST"""
arch/m68k/include/asm/immap_5445x.h,336,"""COLDFIRE"",""THE REST"""
arch/m68k/include/asm/immap_547x_8x.h,259,"""COLDFIRE"",""THE REST"""
arch/m68k/include/asm/io.h,285,"""COLDFIRE"",""THE REST"""
arch/m68k/include/asm/m520x.h,341,"""COLDFIRE"",""THE REST"""
arch/m68k/include/asm/m5227x.h,547,"""COLDFIRE"",""THE REST"""
arch/m68k/include/asm/m5235.h,586,"""COLDFIRE"",""THE REST"""
arch/m68k/include/asm/m5249.h,151,"""COLDFIRE"",""THE REST"""
arch/m68k/include/asm/m5253.h,57,"""COLDFIRE"",""THE REST"""
arch/m68k/include/asm/m5271.h,274,"""COLDFIRE"",""THE REST"""
arch/m68k/include/asm/m5272.h,190,"""COLDFIRE"",""THE REST"""
arch/m68k/include/asm/m5275.h,179,"""COLDFIRE"",""THE REST"""
arch/m68k/include/asm/m5282.h,592,"""COLDFIRE"",""THE REST"""
arch/m68k/include/asm/m5301x.h,592,"""COLDFIRE"",""THE REST"""
arch/m68k/include/asm/m5329.h,1034,"""COLDFIRE"",""THE REST"""
arch/m68k/include/asm/m5441x.h,871,"""COLDFIRE"",""THE REST"""
arch/m68k/include/asm/m5445x.h,889,"""COLDFIRE"",""THE REST"""
arch/m68k/include/asm/m547x_8x.h,418,"""COLDFIRE"",""THE REST"""
arch/m68k/include/asm/posix_types.h,109,"""COLDFIRE"",""THE REST"""
arch/m68k/include/asm/processor.h,18,"""COLDFIRE"",""THE REST"""
arch/m68k/include/asm/ptrace.h,43,"""COLDFIRE"",""THE REST"""
arch/m68k/include/asm/rtc.h,93,"""COLDFIRE"",""THE REST"""
arch/m68k/include/asm/sections.h,11,"""COLDFIRE"",""THE REST"""
arch/m68k/include/asm/string.h,31,"""COLDFIRE"",""THE REST"""
arch/m68k/include/asm/timer.h,102,"""COLDFIRE"",""THE REST"""
arch/m68k/include/asm/types.h,53,"""COLDFIRE"",""THE REST"""
arch/m68k/include/asm/u-boot.h,54,"""COLDFIRE"",""THE REST"""
arch/m68k/include/asm/uart.h,155,"""COLDFIRE"",""THE REST"""
arch/m68k/include/asm/unaligned.h,15,"""COLDFIRE"",""THE REST"""
arch/m68k/lib/Makefile,13,"""COLDFIRE"",""THE REST"""
arch/m68k/lib/board.c,642,"""COLDFIRE"",""THE REST"""
arch/m68k/lib/bootm.c,121,"""COLDFIRE"",""THE REST"""
arch/m68k/lib/cache.c,134,"""COLDFIRE"",""THE REST"""
arch/m68k/lib/interrupts.c,99,"""COLDFIRE"",""THE REST"""
arch/m68k/lib/time.c,198,"""COLDFIRE"",""THE REST"""
arch/m68k/lib/traps.c,60,"""COLDFIRE"",""THE REST"""
arch/microblaze/Kconfig,18,"""MICROBLAZE"",""THE REST"""
arch/microblaze/Makefile,8,"""MICROBLAZE"",""THE REST"""
arch/microblaze/config.mk,17,"""MICROBLAZE"",""THE REST"""
arch/microblaze/cpu/Makefile,11,"""MICROBLAZE"",""THE REST"""
arch/microblaze/cpu/cache.c,69,"""MICROBLAZE"",""THE REST"""
arch/microblaze/cpu/cpu.c,9,"""MICROBLAZE"",""THE REST"""
arch/microblaze/cpu/exception.c,61,"""MICROBLAZE"",""THE REST"""
arch/microblaze/cpu/interrupts.c,202,"""MICROBLAZE"",""THE REST"""
arch/microblaze/cpu/irq.S,81,"""MICROBLAZE"",""THE REST"""
arch/microblaze/cpu/spl.c,55,"""MICROBLAZE"",""THE REST"""
arch/microblaze/cpu/start.S,188,"""MICROBLAZE"",""THE REST"""
arch/microblaze/cpu/timer.c,92,"""MICROBLAZE"",""THE REST"""
arch/microblaze/cpu/u-boot-spl.lds,57,"""MICROBLAZE"",""THE REST"""
arch/microblaze/cpu/u-boot.lds,55,"""MICROBLAZE"",""THE REST"""
arch/microblaze/dts/.gitignore,1,"""MICROBLAZE"",""THE REST"""
arch/microblaze/dts/Makefile,11,"""MICROBLAZE"",""THE REST"""
arch/microblaze/dts/include/dt-bindings,0,"""MICROBLAZE"",""THE REST"""
arch/microblaze/dts/microblaze-generic.dts,7,"""MICROBLAZE"",""THE REST"""
arch/microblaze/include/asm/asm.h,82,"""MICROBLAZE"",""THE REST"""
arch/microblaze/include/asm/bitops.h,392,"""MICROBLAZE"",""THE REST"""
arch/microblaze/include/asm/byteorder.h,36,"""MICROBLAZE"",""THE REST"""
arch/microblaze/include/asm/cache.h,22,"""MICROBLAZE"",""THE REST"""
arch/microblaze/include/asm/config.h,10,"""MICROBLAZE"",""THE REST"""
arch/microblaze/include/asm/errno.h,1,"""MICROBLAZE"",""THE REST"""
arch/microblaze/include/asm/global_data.h,20,"""MICROBLAZE"",""THE REST"""
arch/microblaze/include/asm/gpio.h,14,"""MICROBLAZE"",""THE REST"""
arch/microblaze/include/asm/io.h,163,"""MICROBLAZE"",""THE REST"""
arch/microblaze/include/asm/microblaze_intc.h,38,"""MICROBLAZE"",""THE REST"""
arch/microblaze/include/asm/microblaze_timer.h,27,"""MICROBLAZE"",""THE REST"""
arch/microblaze/include/asm/posix_types.h,77,"""MICROBLAZE"",""THE REST"""
arch/microblaze/include/asm/processor.h,21,"""MICROBLAZE"",""THE REST"""
arch/microblaze/include/asm/ptrace.h,116,"""MICROBLAZE"",""THE REST"""
arch/microblaze/include/asm/sections.h,11,"""MICROBLAZE"",""THE REST"""
arch/microblaze/include/asm/spl.h,16,"""MICROBLAZE"",""THE REST"""
arch/microblaze/include/asm/string.h,31,"""MICROBLAZE"",""THE REST"""
arch/microblaze/include/asm/system.h,161,"""MICROBLAZE"",""THE REST"""
arch/microblaze/include/asm/types.h,60,"""MICROBLAZE"",""THE REST"""
arch/microblaze/include/asm/u-boot.h,33,"""MICROBLAZE"",""THE REST"""
arch/microblaze/include/asm/unaligned.h,1,"""MICROBLAZE"",""THE REST"""
arch/microblaze/lib/Makefile,10,"""MICROBLAZE"",""THE REST"""
arch/microblaze/lib/board.c,201,"""MICROBLAZE"",""THE REST"""
arch/microblaze/lib/bootm.c,85,"""MICROBLAZE"",""THE REST"""
arch/microblaze/lib/muldi3.c,75,"""MICROBLAZE"",""THE REST"""
arch/mips/Kconfig,145,"""MIPS"",""THE REST"""
arch/mips/Makefile,8,"""MIPS"",""THE REST"""
arch/mips/config.mk,74,"""MIPS"",""THE REST"""
arch/mips/cpu/mips32/Makefile,12,"""MIPS"",""THE REST"""
arch/mips/cpu/mips32/au1x00/Makefile,8,"""MIPS"",""THE REST"""
arch/mips/cpu/mips32/au1x00/au1x00_eth.c,296,"""MIPS"",""THE REST"""
arch/mips/cpu/mips32/au1x00/au1x00_ide.c,15,"""MIPS"",""THE REST"""
arch/mips/cpu/mips32/au1x00/au1x00_serial.c,131,"""MIPS"",""THE REST"""
arch/mips/cpu/mips32/au1x00/au1x00_usb_ohci.c,1609,"""MIPS"",""THE REST"""
arch/mips/cpu/mips32/au1x00/au1x00_usb_ohci.h,416,"""MIPS"",""THE REST"""
arch/mips/cpu/mips32/au1x00/config.mk,8,"""MIPS"",""THE REST"""
arch/mips/cpu/mips32/cache.S,281,"""MIPS"",""THE REST"""
arch/mips/cpu/mips32/config.mk,9,"""MIPS"",""THE REST"""
arch/mips/cpu/mips32/cpu.c,161,"""MIPS"",""THE REST"""
arch/mips/cpu/mips32/interrupts.c,22,"""MIPS"",""THE REST"""
arch/mips/cpu/mips32/start.S,270,"""MIPS"",""THE REST"""
arch/mips/cpu/mips32/time.c,70,"""MIPS"",""THE REST"""
arch/mips/cpu/mips64/Makefile,9,"""MIPS"",""THE REST"""
arch/mips/cpu/mips64/cache.S,213,"""MIPS"",""THE REST"""
arch/mips/cpu/mips64/config.mk,9,"""MIPS"",""THE REST"""
arch/mips/cpu/mips64/cpu.c,95,"""MIPS"",""THE REST"""
arch/mips/cpu/mips64/interrupts.c,22,"""MIPS"",""THE REST"""
arch/mips/cpu/mips64/start.S,264,"""MIPS"",""THE REST"""
arch/mips/cpu/mips64/time.c,70,"""MIPS"",""THE REST"""
arch/mips/cpu/u-boot.lds,128,"""MIPS"",""THE REST"""
arch/mips/include/asm/addrspace.h,165,"""MIPS"",""THE REST"""
arch/mips/include/asm/asm.h,409,"""MIPS"",""THE REST"""
arch/mips/include/asm/au1x00.h,1072,"""MIPS"",""THE REST"""
arch/mips/include/asm/bitops.h,901,"""MIPS"",""THE REST"""
arch/mips/include/asm/byteorder.h,75,"""MIPS"",""THE REST"""
arch/mips/include/asm/cache.h,21,"""MIPS"",""THE REST"""
arch/mips/include/asm/cachectl.h,26,"""MIPS"",""THE REST"""
arch/mips/include/asm/cacheops.h,85,"""MIPS"",""THE REST"""
arch/mips/include/asm/config.h,15,"""MIPS"",""THE REST"""
arch/mips/include/asm/errno.h,1,"""MIPS"",""THE REST"""
arch/mips/include/asm/global_data.h,29,"""MIPS"",""THE REST"""
arch/mips/include/asm/io.h,507,"""MIPS"",""THE REST"""
arch/mips/include/asm/isadep.h,34,"""MIPS"",""THE REST"""
arch/mips/include/asm/jz4740.h,1150,"""MIPS"",""THE REST"""
arch/mips/include/asm/malta.h,67,"""MIPS"",""THE REST"""
arch/mips/include/asm/mipsregs.h,1370,"""MIPS"",""THE REST"""
arch/mips/include/asm/posix_types.h,129,"""MIPS"",""THE REST"""
arch/mips/include/asm/processor.h,140,"""MIPS"",""THE REST"""
arch/mips/include/asm/ptrace.h,87,"""MIPS"",""THE REST"""
arch/mips/include/asm/reboot.h,14,"""MIPS"",""THE REST"""
arch/mips/include/asm/reg.h,126,"""MIPS"",""THE REST"""
arch/mips/include/asm/regdef.h,100,"""MIPS"",""THE REST"""
arch/mips/include/asm/sections.h,11,"""MIPS"",""THE REST"""
arch/mips/include/asm/sgidefs.h,44,"""MIPS"",""THE REST"""
arch/mips/include/asm/string.h,39,"""MIPS"",""THE REST"""
arch/mips/include/asm/system.h,267,"""MIPS"",""THE REST"""
arch/mips/include/asm/types.h,90,"""MIPS"",""THE REST"""
arch/mips/include/asm/u-boot-mips.h,23,"""MIPS"",""THE REST"""
arch/mips/include/asm/u-boot.h,40,"""MIPS"",""THE REST"""
arch/mips/include/asm/unaligned.h,26,"""MIPS"",""THE REST"""
arch/mips/lib/Makefile,12,"""MIPS"",""THE REST"""
arch/mips/lib/ashldi3.c,25,"""MIPS"",""THE REST"""
arch/mips/lib/ashrdi3.c,27,"""MIPS"",""THE REST"""
arch/mips/lib/bootm.c,269,"""MIPS"",""THE REST"""
arch/mips/lib/io.c,12,"""MIPS"",""THE REST"""
arch/mips/lib/libgcc.h,25,"""MIPS"",""THE REST"""
arch/mips/lib/lshrdi3.c,25,"""MIPS"",""THE REST"""
arch/nds32/Kconfig,25,"""NDS32"",""THE REST"""
arch/nds32/Makefile,8,"""NDS32"",""THE REST"""
arch/nds32/config.mk,22,"""NDS32"",""THE REST"""
arch/nds32/cpu/n1213/Makefile,15,"""NDS32"",""THE REST"""
arch/nds32/cpu/n1213/ag101/Makefile,21,"""NDS32"",""THE REST"""
arch/nds32/cpu/n1213/ag101/cpu.c,68,"""NDS32"",""THE REST"""
arch/nds32/cpu/n1213/ag101/lowlevel_init.S,332,"""NDS32"",""THE REST"""
arch/nds32/cpu/n1213/ag101/timer.c,191,"""NDS32"",""THE REST"""
arch/nds32/cpu/n1213/ag101/watchdog.S,33,"""NDS32"",""THE REST"""
arch/nds32/cpu/n1213/ag102/Makefile,21,"""NDS32"",""THE REST"""
arch/nds32/cpu/n1213/ag102/cpu.c,67,"""NDS32"",""THE REST"""
arch/nds32/cpu/n1213/ag102/lowlevel_init.S,307,"""NDS32"",""THE REST"""
arch/nds32/cpu/n1213/ag102/timer.c,191,"""NDS32"",""THE REST"""
arch/nds32/cpu/n1213/ag102/watchdog.S,33,"""NDS32"",""THE REST"""
arch/nds32/cpu/n1213/start.S,529,"""NDS32"",""THE REST"""
arch/nds32/cpu/n1213/u-boot.lds,56,"""NDS32"",""THE REST"""
arch/nds32/include/asm/arch-ag101/ag101.h,91,"""NDS32"",""THE REST"""
arch/nds32/include/asm/arch-ag102/ag102.h,85,"""NDS32"",""THE REST"""
arch/nds32/include/asm/bitops.h,186,"""NDS32"",""THE REST"""
arch/nds32/include/asm/byteorder.h,36,"""NDS32"",""THE REST"""
arch/nds32/include/asm/cache.h,49,"""NDS32"",""THE REST"""
arch/nds32/include/asm/config.h,14,"""NDS32"",""THE REST"""
arch/nds32/include/asm/dma-mapping.h,33,"""NDS32"",""THE REST"""
arch/nds32/include/asm/errno.h,1,"""NDS32"",""THE REST"""
arch/nds32/include/asm/global_data.h,34,"""NDS32"",""THE REST"""
arch/nds32/include/asm/io.h,497,"""NDS32"",""THE REST"""
arch/nds32/include/asm/linkage.h,12,"""NDS32"",""THE REST"""
arch/nds32/include/asm/mach-types.h,57,"""NDS32"",""THE REST"""
arch/nds32/include/asm/macro.h,80,"""NDS32"",""THE REST"""
arch/nds32/include/asm/posix_types.h,84,"""NDS32"",""THE REST"""
arch/nds32/include/asm/processor.h,25,"""NDS32"",""THE REST"""
arch/nds32/include/asm/ptrace.h,90,"""NDS32"",""THE REST"""
arch/nds32/include/asm/sections.h,11,"""NDS32"",""THE REST"""
arch/nds32/include/asm/setup.h,190,"""NDS32"",""THE REST"""
arch/nds32/include/asm/string.h,57,"""NDS32"",""THE REST"""
arch/nds32/include/asm/system.h,72,"""NDS32"",""THE REST"""
arch/nds32/include/asm/types.h,63,"""NDS32"",""THE REST"""
arch/nds32/include/asm/u-boot-nds32.h,30,"""NDS32"",""THE REST"""
arch/nds32/include/asm/u-boot.h,44,"""NDS32"",""THE REST"""
arch/nds32/include/asm/unaligned.h,1,"""NDS32"",""THE REST"""
arch/nds32/lib/Makefile,15,"""NDS32"",""THE REST"""
arch/nds32/lib/asm-offsets.c,82,"""NDS32"",""THE REST"""
arch/nds32/lib/board.c,398,"""NDS32"",""THE REST"""
arch/nds32/lib/bootm.c,234,"""NDS32"",""THE REST"""
arch/nds32/lib/cache.c,144,"""NDS32"",""THE REST"""
arch/nds32/lib/interrupts.c,113,"""NDS32"",""THE REST"""
arch/nios2/Kconfig,17,"""NIOS"",""THE REST"""
arch/nios2/Makefile,8,"""NIOS"",""THE REST"""
arch/nios2/config.mk,21,"""NIOS"",""THE REST"""
arch/nios2/cpu/Makefile,11,"""NIOS"",""THE REST"""
arch/nios2/cpu/cpu.c,60,"""NIOS"",""THE REST"""
arch/nios2/cpu/exceptions.S,139,"""NIOS"",""THE REST"""
arch/nios2/cpu/fdt.c,40,"""NIOS"",""THE REST"""
arch/nios2/cpu/interrupts.c,282,"""NIOS"",""THE REST"""
arch/nios2/cpu/start.S,212,"""NIOS"",""THE REST"""
arch/nios2/cpu/sysid.c,46,"""NIOS"",""THE REST"""
arch/nios2/cpu/traps.c,26,"""NIOS"",""THE REST"""
arch/nios2/cpu/u-boot.lds,119,"""NIOS"",""THE REST"""
arch/nios2/include/asm/bitops.h,16,"""NIOS"",""THE REST"""
arch/nios2/include/asm/bitops/atomic.h,189,"""NIOS"",""THE REST"""
arch/nios2/include/asm/bitops/ffs.h,41,"""NIOS"",""THE REST"""
arch/nios2/include/asm/bitops/non-atomic.h,108,"""NIOS"",""THE REST"""
arch/nios2/include/asm/byteorder.h,20,"""NIOS"",""THE REST"""
arch/nios2/include/asm/cache.h,25,"""NIOS"",""THE REST"""
arch/nios2/include/asm/config.h,13,"""NIOS"",""THE REST"""
arch/nios2/include/asm/dma-mapping.h,23,"""NIOS"",""THE REST"""
arch/nios2/include/asm/errno.h,1,"""NIOS"",""THE REST"""
arch/nios2/include/asm/global_data.h,18,"""NIOS"",""THE REST"""
arch/nios2/include/asm/gpio.h,79,"""NIOS"",""THE REST"""
arch/nios2/include/asm/io.h,114,"""NIOS"",""THE REST"""
arch/nios2/include/asm/nios2.h,40,"""NIOS"",""THE REST"""
arch/nios2/include/asm/opcodes.h,115,"""NIOS"",""THE REST"""
arch/nios2/include/asm/posix_types.h,67,"""NIOS"",""THE REST"""
arch/nios2/include/asm/processor.h,10,"""NIOS"",""THE REST"""
arch/nios2/include/asm/psr.h,12,"""NIOS"",""THE REST"""
arch/nios2/include/asm/ptrace.h,17,"""NIOS"",""THE REST"""
arch/nios2/include/asm/sections.h,11,"""NIOS"",""THE REST"""
arch/nios2/include/asm/string.h,31,"""NIOS"",""THE REST"""
arch/nios2/include/asm/system.h,48,"""NIOS"",""THE REST"""
arch/nios2/include/asm/types.h,60,"""NIOS"",""THE REST"""
arch/nios2/include/asm/u-boot.h,23,"""NIOS"",""THE REST"""
arch/nios2/include/asm/unaligned.h,6,"""NIOS"",""THE REST"""
arch/nios2/lib/Makefile,11,"""NIOS"",""THE REST"""
arch/nios2/lib/bootm.c,61,"""NIOS"",""THE REST"""
arch/nios2/lib/cache.S,68,"""NIOS"",""THE REST"""
arch/nios2/lib/libgcc.c,579,"""NIOS"",""THE REST"""
arch/nios2/lib/longlong.h,251,"""NIOS"",""THE REST"""
arch/nios2/lib/time.c,22,"""NIOS"",""THE REST"""
arch/openrisc/Kconfig,17,"""OPENRISC"",""THE REST"""
arch/openrisc/Makefile,8,"""OPENRISC"",""THE REST"""
arch/openrisc/config.mk,16,"""OPENRISC"",""THE REST"""
arch/openrisc/cpu/Makefile,9,"""OPENRISC"",""THE REST"""
arch/openrisc/cpu/cache.c,138,"""OPENRISC"",""THE REST"""
arch/openrisc/cpu/cpu.c,145,"""OPENRISC"",""THE REST"""
arch/openrisc/cpu/exceptions.c,72,"""OPENRISC"",""THE REST"""
arch/openrisc/cpu/interrupts.c,108,"""OPENRISC"",""THE REST"""
arch/openrisc/cpu/start.S,352,"""OPENRISC"",""THE REST"""
arch/openrisc/cpu/u-boot.lds,77,"""OPENRISC"",""THE REST"""
arch/openrisc/include/asm/bitops.h,19,"""OPENRISC"",""THE REST"""
arch/openrisc/include/asm/bitops/ffs.h,23,"""OPENRISC"",""THE REST"""
arch/openrisc/include/asm/bitops/fls.h,23,"""OPENRISC"",""THE REST"""
arch/openrisc/include/asm/byteorder.h,1,"""OPENRISC"",""THE REST"""
arch/openrisc/include/asm/cache.h,22,"""OPENRISC"",""THE REST"""
arch/openrisc/include/asm/config.h,10,"""OPENRISC"",""THE REST"""
arch/openrisc/include/asm/errno.h,1,"""OPENRISC"",""THE REST"""
arch/openrisc/include/asm/global_data.h,21,"""OPENRISC"",""THE REST"""
arch/openrisc/include/asm/gpio.h,71,"""OPENRISC"",""THE REST"""
arch/openrisc/include/asm/io.h,99,"""OPENRISC"",""THE REST"""
arch/openrisc/include/asm/openrisc_exc.h,28,"""OPENRISC"",""THE REST"""
arch/openrisc/include/asm/posix_types.h,72,"""OPENRISC"",""THE REST"""
arch/openrisc/include/asm/processor.h,4,"""OPENRISC"",""THE REST"""
arch/openrisc/include/asm/ptrace.h,128,"""OPENRISC"",""THE REST"""
arch/openrisc/include/asm/sections.h,11,"""OPENRISC"",""THE REST"""
arch/openrisc/include/asm/spr-defs.h,575,"""OPENRISC"",""THE REST"""
arch/openrisc/include/asm/string.h,4,"""OPENRISC"",""THE REST"""
arch/openrisc/include/asm/system.h,26,"""OPENRISC"",""THE REST"""
arch/openrisc/include/asm/types.h,66,"""OPENRISC"",""THE REST"""
arch/openrisc/include/asm/u-boot.h,30,"""OPENRISC"",""THE REST"""
arch/openrisc/include/asm/unaligned.h,1,"""OPENRISC"",""THE REST"""
arch/openrisc/lib/Makefile,10,"""OPENRISC"",""THE REST"""
arch/openrisc/lib/board.c,139,"""OPENRISC"",""THE REST"""
arch/openrisc/lib/bootm.c,74,"""OPENRISC"",""THE REST"""
arch/openrisc/lib/timer.c,98,"""OPENRISC"",""THE REST"""
arch/powerpc/Kconfig,53,"""POWERPC"",""THE REST"""
arch/powerpc/Makefile,11,"""POWERPC"",""THE REST"""
arch/powerpc/config.mk,49,"""POWERPC"",""THE REST"""
arch/powerpc/cpu/74xx_7xx/Kconfig,32,"""POWERPC"",""POWERPC PPC74XX PPC7XX"",""THE REST"""
arch/powerpc/cpu/74xx_7xx/Makefile,13,"""POWERPC"",""POWERPC PPC74XX PPC7XX"",""THE REST"""
arch/powerpc/cpu/74xx_7xx/cache.S,404,"""POWERPC"",""POWERPC PPC74XX PPC7XX"",""THE REST"""
arch/powerpc/cpu/74xx_7xx/config.mk,8,"""POWERPC"",""POWERPC PPC74XX PPC7XX"",""THE REST"""
arch/powerpc/cpu/74xx_7xx/cpu.c,300,"""POWERPC"",""POWERPC PPC74XX PPC7XX"",""THE REST"""
arch/powerpc/cpu/74xx_7xx/cpu_init.c,47,"""POWERPC"",""POWERPC PPC74XX PPC7XX"",""THE REST"""
arch/powerpc/cpu/74xx_7xx/interrupts.c,88,"""POWERPC"",""POWERPC PPC74XX PPC7XX"",""THE REST"""
arch/powerpc/cpu/74xx_7xx/io.S,112,"""POWERPC"",""POWERPC PPC74XX PPC7XX"",""THE REST"""
arch/powerpc/cpu/74xx_7xx/kgdb.S,61,"""POWERPC"",""POWERPC PPC74XX PPC7XX"",""THE REST"""
arch/powerpc/cpu/74xx_7xx/speed.c,165,"""POWERPC"",""POWERPC PPC74XX PPC7XX"",""THE REST"""
arch/powerpc/cpu/74xx_7xx/start.S,829,"""POWERPC"",""POWERPC PPC74XX PPC7XX"",""THE REST"""
arch/powerpc/cpu/74xx_7xx/traps.c,218,"""POWERPC"",""POWERPC PPC74XX PPC7XX"",""THE REST"""
arch/powerpc/cpu/74xx_7xx/u-boot.lds,78,"""POWERPC"",""POWERPC PPC74XX PPC7XX"",""THE REST"""
arch/powerpc/cpu/Makefile,3,"""POWERPC"",""THE REST"""
arch/powerpc/cpu/mpc512x/Kconfig,33,"""POWERPC"",""POWERPC MPC5XXX"",""THE REST"""
arch/powerpc/cpu/mpc512x/Makefile,22,"""POWERPC"",""POWERPC MPC5XXX"",""THE REST"""
arch/powerpc/cpu/mpc512x/asm-offsets.h,15,"""POWERPC"",""POWERPC MPC5XXX"",""THE REST"""
arch/powerpc/cpu/mpc512x/cache.c,17,"""POWERPC"",""POWERPC MPC5XXX"",""THE REST"""
arch/powerpc/cpu/mpc512x/config.mk,7,"""POWERPC"",""POWERPC MPC5XXX"",""THE REST"""
arch/powerpc/cpu/mpc512x/cpu.c,200,"""POWERPC"",""POWERPC MPC5XXX"",""THE REST"""
arch/powerpc/cpu/mpc512x/cpu_init.c,195,"""POWERPC"",""POWERPC MPC5XXX"",""THE REST"""
arch/powerpc/cpu/mpc512x/diu.c,44,"""POWERPC"",""POWERPC MPC5XXX"",""THE REST"""
arch/powerpc/cpu/mpc512x/fixed_sdram.c,155,"""POWERPC"",""POWERPC MPC5XXX"",""THE REST"""
arch/powerpc/cpu/mpc512x/i2c.c,386,"""POWERPC"",""POWERPC MPC5XXX"",""THE REST"""
arch/powerpc/cpu/mpc512x/ide.c,111,"""POWERPC"",""POWERPC MPC5XXX"",""THE REST"""
arch/powerpc/cpu/mpc512x/interrupts.c,45,"""POWERPC"",""POWERPC MPC5XXX"",""THE REST"""
arch/powerpc/cpu/mpc512x/iopin.c,87,"""POWERPC"",""POWERPC MPC5XXX"",""THE REST"""
arch/powerpc/cpu/mpc512x/pci.c,209,"""POWERPC"",""POWERPC MPC5XXX"",""THE REST"""
arch/powerpc/cpu/mpc512x/serial.c,443,"""POWERPC"",""POWERPC MPC5XXX"",""THE REST"""
arch/powerpc/cpu/mpc512x/speed.c,137,"""POWERPC"",""POWERPC MPC5XXX"",""THE REST"""
arch/powerpc/cpu/mpc512x/start.S,692,"""POWERPC"",""POWERPC MPC5XXX"",""THE REST"""
arch/powerpc/cpu/mpc512x/traps.c,190,"""POWERPC"",""POWERPC MPC5XXX"",""THE REST"""
arch/powerpc/cpu/mpc512x/u-boot.lds,74,"""POWERPC"",""POWERPC MPC5XXX"",""THE REST"""
arch/powerpc/cpu/mpc5xx/Kconfig,21,"""POWERPC"",""POWERPC MPC5XXX"",""THE REST"""
arch/powerpc/cpu/mpc5xx/Makefile,20,"""POWERPC"",""POWERPC MPC5XXX"",""THE REST"""
arch/powerpc/cpu/mpc5xx/config.mk,8,"""POWERPC"",""POWERPC MPC5XXX"",""THE REST"""
arch/powerpc/cpu/mpc5xx/cpu.c,156,"""POWERPC"",""POWERPC MPC5XXX"",""THE REST"""
arch/powerpc/cpu/mpc5xx/cpu_init.c,108,"""POWERPC"",""POWERPC MPC5XXX"",""THE REST"""
arch/powerpc/cpu/mpc5xx/interrupts.c,192,"""POWERPC"",""POWERPC MPC5XXX"",""THE REST"""
arch/powerpc/cpu/mpc5xx/serial.c,168,"""POWERPC"",""POWERPC MPC5XXX"",""THE REST"""
arch/powerpc/cpu/mpc5xx/speed.c,52,"""POWERPC"",""POWERPC MPC5XXX"",""THE REST"""
arch/powerpc/cpu/mpc5xx/spi.c,396,"""POWERPC"",""POWERPC MPC5XXX"",""THE REST"""
arch/powerpc/cpu/mpc5xx/start.S,541,"""POWERPC"",""POWERPC MPC5XXX"",""THE REST"""
arch/powerpc/cpu/mpc5xx/traps.c,211,"""POWERPC"",""POWERPC MPC5XXX"",""THE REST"""
arch/powerpc/cpu/mpc5xx/u-boot.lds,87,"""POWERPC"",""POWERPC MPC5XXX"",""THE REST"""
arch/powerpc/cpu/mpc5xxx/Kconfig,126,"""POWERPC"",""POWERPC MPC5XXX"",""THE REST"""
arch/powerpc/cpu/mpc5xxx/Makefile,27,"""POWERPC"",""POWERPC MPC5XXX"",""THE REST"""
arch/powerpc/cpu/mpc5xxx/cache.c,15,"""POWERPC"",""POWERPC MPC5XXX"",""THE REST"""
arch/powerpc/cpu/mpc5xxx/config.mk,8,"""POWERPC"",""POWERPC MPC5XXX"",""THE REST"""
arch/powerpc/cpu/mpc5xxx/cpu.c,168,"""POWERPC"",""POWERPC MPC5XXX"",""THE REST"""
arch/powerpc/cpu/mpc5xxx/cpu_init.c,231,"""POWERPC"",""POWERPC MPC5XXX"",""THE REST"""
arch/powerpc/cpu/mpc5xxx/firmware_sc_task_bestcomm.impl.S,359,"""POWERPC"",""POWERPC MPC5XXX"",""THE REST"""
arch/powerpc/cpu/mpc5xxx/i2c.c,456,"""POWERPC"",""POWERPC MPC5XXX"",""THE REST"""
arch/powerpc/cpu/mpc5xxx/ide.c,75,"""POWERPC"",""POWERPC MPC5XXX"",""THE REST"""
arch/powerpc/cpu/mpc5xxx/interrupts.c,330,"""POWERPC"",""POWERPC MPC5XXX"",""THE REST"""
arch/powerpc/cpu/mpc5xxx/io.S,112,"""POWERPC"",""POWERPC MPC5XXX"",""THE REST"""
arch/powerpc/cpu/mpc5xxx/loadtask.c,76,"""POWERPC"",""POWERPC MPC5XXX"",""THE REST"""
arch/powerpc/cpu/mpc5xxx/pci_mpc5200.c,171,"""POWERPC"",""POWERPC MPC5XXX"",""THE REST"""
arch/powerpc/cpu/mpc5xxx/serial.c,276,"""POWERPC"",""POWERPC MPC5XXX"",""THE REST"""
arch/powerpc/cpu/mpc5xxx/speed.c,84,"""POWERPC"",""POWERPC MPC5XXX"",""THE REST"""
arch/powerpc/cpu/mpc5xxx/spl_boot.c,76,"""POWERPC"",""POWERPC MPC5XXX"",""THE REST"""
arch/powerpc/cpu/mpc5xxx/start.S,779,"""POWERPC"",""POWERPC MPC5XXX"",""THE REST"""
arch/powerpc/cpu/mpc5xxx/traps.c,220,"""POWERPC"",""POWERPC MPC5XXX"",""THE REST"""
arch/powerpc/cpu/mpc5xxx/u-boot-customlayout.lds,80,"""POWERPC"",""POWERPC MPC5XXX"",""THE REST"""
arch/powerpc/cpu/mpc5xxx/u-boot-spl.lds,44,"""POWERPC"",""POWERPC MPC5XXX"",""THE REST"""
arch/powerpc/cpu/mpc5xxx/u-boot.lds,76,"""POWERPC"",""POWERPC MPC5XXX"",""THE REST"""
arch/powerpc/cpu/mpc5xxx/usb.c,42,"""POWERPC"",""POWERPC MPC5XXX"",""THE REST"""
arch/powerpc/cpu/mpc5xxx/usb_ohci.c,1528,"""POWERPC"",""POWERPC MPC5XXX"",""THE REST"""
arch/powerpc/cpu/mpc5xxx/usb_ohci.h,418,"""POWERPC"",""POWERPC MPC5XXX"",""THE REST"""
arch/powerpc/cpu/mpc8260/Kconfig,17,"""POWERPC"",""POWERPC MPC82XX"",""THE REST"""
arch/powerpc/cpu/mpc8260/Makefile,13,"""POWERPC"",""POWERPC MPC82XX"",""THE REST"""
arch/powerpc/cpu/mpc8260/bedbug_603e.c,236,"""POWERPC"",""POWERPC MPC82XX"",""THE REST"""
arch/powerpc/cpu/mpc8260/commproc.c,178,"""POWERPC"",""POWERPC MPC82XX"",""THE REST"""
arch/powerpc/cpu/mpc8260/config.mk,9,"""POWERPC"",""POWERPC MPC82XX"",""THE REST"""
arch/powerpc/cpu/mpc8260/cpu.c,321,"""POWERPC"",""POWERPC MPC82XX"",""THE REST"""
arch/powerpc/cpu/mpc8260/cpu_init.c,272,"""POWERPC"",""POWERPC MPC82XX"",""THE REST"""
arch/powerpc/cpu/mpc8260/ether_fcc.c,1147,"""POWERPC"",""POWERPC MPC82XX"",""THE REST"""
arch/powerpc/cpu/mpc8260/ether_scc.c,367,"""POWERPC"",""POWERPC MPC82XX"",""THE REST"""
arch/powerpc/cpu/mpc8260/i2c.c,740,"""POWERPC"",""POWERPC MPC82XX"",""THE REST"""
arch/powerpc/cpu/mpc8260/interrupts.c,255,"""POWERPC"",""POWERPC MPC82XX"",""THE REST"""
arch/powerpc/cpu/mpc8260/kgdb.S,53,"""POWERPC"",""POWERPC MPC82XX"",""THE REST"""
arch/powerpc/cpu/mpc8260/pci.c,382,"""POWERPC"",""POWERPC MPC82XX"",""THE REST"""
arch/powerpc/cpu/mpc8260/serial_scc.c,492,"""POWERPC"",""POWERPC MPC82XX"",""THE REST"""
arch/powerpc/cpu/mpc8260/serial_smc.c,461,"""POWERPC"",""POWERPC MPC82XX"",""THE REST"""
arch/powerpc/cpu/mpc8260/speed.c,228,"""POWERPC"",""POWERPC MPC82XX"",""THE REST"""
arch/powerpc/cpu/mpc8260/spi.c,415,"""POWERPC"",""POWERPC MPC82XX"",""THE REST"""
arch/powerpc/cpu/mpc8260/start.S,901,"""POWERPC"",""POWERPC MPC82XX"",""THE REST"""
arch/powerpc/cpu/mpc8260/traps.c,248,"""POWERPC"",""POWERPC MPC82XX"",""THE REST"""
arch/powerpc/cpu/mpc8260/u-boot.lds,75,"""POWERPC"",""POWERPC MPC82XX"",""THE REST"""
arch/powerpc/cpu/mpc83xx/Kconfig,96,"""POWERPC"",""POWERPC MPC83XX"",""THE REST"""
arch/powerpc/cpu/mpc83xx/Makefile,46,"""POWERPC"",""POWERPC MPC83XX"",""THE REST"""
arch/powerpc/cpu/mpc83xx/cache.c,17,"""POWERPC"",""POWERPC MPC83XX"",""THE REST"""
arch/powerpc/cpu/mpc83xx/config.mk,7,"""POWERPC"",""POWERPC MPC83XX"",""THE REST"""
arch/powerpc/cpu/mpc83xx/cpu.c,226,"""POWERPC"",""POWERPC MPC83XX"",""THE REST"""
arch/powerpc/cpu/mpc83xx/cpu_init.c,508,"""POWERPC"",""POWERPC MPC83XX"",""THE REST"""
arch/powerpc/cpu/mpc83xx/ecc.c,389,"""POWERPC"",""POWERPC MPC83XX"",""THE REST"""
arch/powerpc/cpu/mpc83xx/fdt.c,131,"""POWERPC"",""POWERPC MPC83XX"",""THE REST"""
arch/powerpc/cpu/mpc83xx/interrupts.c,81,"""POWERPC"",""POWERPC MPC83XX"",""THE REST"""
arch/powerpc/cpu/mpc83xx/law.c,61,"""POWERPC"",""POWERPC MPC83XX"",""THE REST"""
arch/powerpc/cpu/mpc83xx/pci.c,225,"""POWERPC"",""POWERPC MPC83XX"",""THE REST"""
arch/powerpc/cpu/mpc83xx/pcie.c,335,"""POWERPC"",""POWERPC MPC83XX"",""THE REST"""
arch/powerpc/cpu/mpc83xx/qe_io.c,69,"""POWERPC"",""POWERPC MPC83XX"",""THE REST"""
arch/powerpc/cpu/mpc83xx/serdes.c,151,"""POWERPC"",""POWERPC MPC83XX"",""THE REST"""
arch/powerpc/cpu/mpc83xx/spd_sdram.c,927,"""POWERPC"",""POWERPC MPC83XX"",""THE REST"""
arch/powerpc/cpu/mpc83xx/speed.c,593,"""POWERPC"",""POWERPC MPC83XX"",""THE REST"""
arch/powerpc/cpu/mpc83xx/spl_minimal.c,96,"""POWERPC"",""POWERPC MPC83XX"",""THE REST"""
arch/powerpc/cpu/mpc83xx/start.S,1189,"""POWERPC"",""POWERPC MPC83XX"",""THE REST"""
arch/powerpc/cpu/mpc83xx/traps.c,244,"""POWERPC"",""POWERPC MPC83XX"",""THE REST"""
arch/powerpc/cpu/mpc83xx/u-boot-spl.lds,39,"""POWERPC"",""POWERPC MPC83XX"",""THE REST"""
arch/powerpc/cpu/mpc83xx/u-boot.lds,75,"""POWERPC"",""POWERPC MPC83XX"",""THE REST"""
arch/powerpc/cpu/mpc85xx/Kconfig,212,"""POWERPC"",""POWERPC MPC85XX"",""THE REST"""
arch/powerpc/cpu/mpc85xx/Makefile,120,"""POWERPC"",""POWERPC MPC85XX"",""THE REST"""
arch/powerpc/cpu/mpc85xx/b4860_ids.c,131,"""POWERPC"",""POWERPC MPC85XX"",""THE REST"""
arch/powerpc/cpu/mpc85xx/b4860_serdes.c,286,"""POWERPC"",""POWERPC MPC85XX"",""THE REST"""
arch/powerpc/cpu/mpc85xx/bsc9132_serdes.c,93,"""POWERPC"",""POWERPC MPC85XX"",""THE REST"""
arch/powerpc/cpu/mpc85xx/c29x_serdes.c,62,"""POWERPC"",""POWERPC MPC85XX"",""THE REST"""
arch/powerpc/cpu/mpc85xx/cache.c,17,"""POWERPC"",""POWERPC MPC85XX"",""THE REST"""
arch/powerpc/cpu/mpc85xx/cmd_errata.c,333,"""POWERPC"",""POWERPC MPC85XX"",""THE REST"""
arch/powerpc/cpu/mpc85xx/commproc.c,186,"""POWERPC"",""POWERPC MPC85XX"",""THE REST"""
arch/powerpc/cpu/mpc85xx/config.mk,14,"""POWERPC"",""POWERPC MPC85XX"",""THE REST"""
arch/powerpc/cpu/mpc85xx/cpu.c,656,"""POWERPC"",""POWERPC MPC85XX"",""THE REST"""
arch/powerpc/cpu/mpc85xx/cpu_init.c,1019,"""POWERPC"",""POWERPC MPC85XX"",""THE REST"""
arch/powerpc/cpu/mpc85xx/cpu_init_early.c,188,"""POWERPC"",""POWERPC MPC85XX"",""THE REST"""
arch/powerpc/cpu/mpc85xx/ether_fcc.c,452,"""POWERPC"",""POWERPC MPC85XX"",""THE REST"""
arch/powerpc/cpu/mpc85xx/fdt.c,945,"""POWERPC"",""POWERPC MPC85XX"",""THE REST"""
arch/powerpc/cpu/mpc85xx/fsl_corenet2_serdes.c,370,"""POWERPC"",""POWERPC MPC85XX"",""THE REST"""
arch/powerpc/cpu/mpc85xx/fsl_corenet2_serdes.h,12,"""POWERPC"",""POWERPC MPC85XX"",""THE REST"""
arch/powerpc/cpu/mpc85xx/fsl_corenet_serdes.c,877,"""POWERPC"",""POWERPC MPC85XX"",""THE REST"""
arch/powerpc/cpu/mpc85xx/fsl_corenet_serdes.h,28,"""POWERPC"",""POWERPC MPC85XX"",""THE REST"""
arch/powerpc/cpu/mpc85xx/interrupts.c,110,"""POWERPC"",""POWERPC MPC85XX"",""THE REST"""
arch/powerpc/cpu/mpc85xx/liodn.c,359,"""POWERPC"",""POWERPC MPC85XX"",""THE REST"""
arch/powerpc/cpu/mpc85xx/mp.c,472,"""POWERPC"",""POWERPC MPC85XX"",""THE REST"""
arch/powerpc/cpu/mpc85xx/mp.h,21,"""POWERPC"",""POWERPC MPC85XX"",""THE REST"""
arch/powerpc/cpu/mpc85xx/mpc8536_serdes.c,233,"""POWERPC"",""POWERPC MPC85XX"",""THE REST"""
arch/powerpc/cpu/mpc85xx/mpc8544_serdes.c,79,"""POWERPC"",""POWERPC MPC85XX"",""THE REST"""
arch/powerpc/cpu/mpc85xx/mpc8548_serdes.c,49,"""POWERPC"",""POWERPC MPC85XX"",""THE REST"""
arch/powerpc/cpu/mpc85xx/mpc8568_serdes.c,49,"""POWERPC"",""POWERPC MPC85XX"",""THE REST"""
arch/powerpc/cpu/mpc85xx/mpc8569_serdes.c,58,"""POWERPC"",""POWERPC MPC85XX"",""THE REST"""
arch/powerpc/cpu/mpc85xx/mpc8572_serdes.c,65,"""POWERPC"",""POWERPC MPC85XX"",""THE REST"""
arch/powerpc/cpu/mpc85xx/p1010_serdes.c,72,"""POWERPC"",""POWERPC MPC85XX"",""THE REST"""
arch/powerpc/cpu/mpc85xx/p1021_serdes.c,95,"""POWERPC"",""POWERPC MPC85XX"",""THE REST"""
arch/powerpc/cpu/mpc85xx/p1022_serdes.c,111,"""POWERPC"",""POWERPC MPC85XX"",""THE REST"""
arch/powerpc/cpu/mpc85xx/p1023_serdes.c,50,"""POWERPC"",""POWERPC MPC85XX"",""THE REST"""
arch/powerpc/cpu/mpc85xx/p2020_serdes.c,57,"""POWERPC"",""POWERPC MPC85XX"",""THE REST"""
arch/powerpc/cpu/mpc85xx/p2041_ids.c,113,"""POWERPC"",""POWERPC MPC85XX"",""THE REST"""
arch/powerpc/cpu/mpc85xx/p2041_serdes.c,90,"""POWERPC"",""POWERPC MPC85XX"",""THE REST"""
arch/powerpc/cpu/mpc85xx/p3041_ids.c,112,"""POWERPC"",""POWERPC MPC85XX"",""THE REST"""
arch/powerpc/cpu/mpc85xx/p3041_serdes.c,135,"""POWERPC"",""POWERPC MPC85XX"",""THE REST"""
arch/powerpc/cpu/mpc85xx/p4080_ids.c,112,"""POWERPC"",""POWERPC MPC85XX"",""THE REST"""
arch/powerpc/cpu/mpc85xx/p4080_serdes.c,82,"""POWERPC"",""POWERPC MPC85XX"",""THE REST"""
arch/powerpc/cpu/mpc85xx/p5020_ids.c,125,"""POWERPC"",""POWERPC MPC85XX"",""THE REST"""
arch/powerpc/cpu/mpc85xx/p5020_serdes.c,135,"""POWERPC"",""POWERPC MPC85XX"",""THE REST"""
arch/powerpc/cpu/mpc85xx/p5040_ids.c,111,"""POWERPC"",""POWERPC MPC85XX"",""THE REST"""
arch/powerpc/cpu/mpc85xx/p5040_serdes.c,101,"""POWERPC"",""POWERPC MPC85XX"",""THE REST"""
arch/powerpc/cpu/mpc85xx/pci.c,214,"""POWERPC"",""POWERPC MPC85XX"",""THE REST"""
arch/powerpc/cpu/mpc85xx/portals.c,351,"""POWERPC"",""POWERPC MPC85XX"",""THE REST"""
arch/powerpc/cpu/mpc85xx/qe_io.c,72,"""POWERPC"",""POWERPC MPC85XX"",""THE REST"""
arch/powerpc/cpu/mpc85xx/release.S,487,"""POWERPC"",""POWERPC MPC85XX"",""THE REST"""
arch/powerpc/cpu/mpc85xx/resetvec.S,2,"""POWERPC"",""POWERPC MPC85XX"",""THE REST"""
arch/powerpc/cpu/mpc85xx/serial_scc.c,262,"""POWERPC"",""POWERPC MPC85XX"",""THE REST"""
arch/powerpc/cpu/mpc85xx/speed.c,559,"""POWERPC"",""POWERPC MPC85XX"",""THE REST"""
arch/powerpc/cpu/mpc85xx/spl_minimal.c,45,"""POWERPC"",""POWERPC MPC85XX"",""THE REST"""
arch/powerpc/cpu/mpc85xx/start.S,1978,"""POWERPC"",""POWERPC MPC85XX"",""THE REST"""
arch/powerpc/cpu/mpc85xx/t1024_ids.c,82,"""POWERPC"",""POWERPC MPC85XX"",""THE REST"""
arch/powerpc/cpu/mpc85xx/t1024_serdes.c,52,"""POWERPC"",""POWERPC MPC85XX"",""THE REST"""
arch/powerpc/cpu/mpc85xx/t1040_ids.c,97,"""POWERPC"",""POWERPC MPC85XX"",""THE REST"""
arch/powerpc/cpu/mpc85xx/t1040_serdes.c,68,"""POWERPC"",""POWERPC MPC85XX"",""THE REST"""
arch/powerpc/cpu/mpc85xx/t2080_ids.c,144,"""POWERPC"",""POWERPC MPC85XX"",""THE REST"""
arch/powerpc/cpu/mpc85xx/t2080_serdes.c,229,"""POWERPC"",""POWERPC MPC85XX"",""THE REST"""
arch/powerpc/cpu/mpc85xx/t4240_ids.c,189,"""POWERPC"",""POWERPC MPC85XX"",""THE REST"""
arch/powerpc/cpu/mpc85xx/t4240_serdes.c,525,"""POWERPC"",""POWERPC MPC85XX"",""THE REST"""
arch/powerpc/cpu/mpc85xx/tlb.c,350,"""POWERPC"",""POWERPC MPC85XX"",""THE REST"""
arch/powerpc/cpu/mpc85xx/traps.c,296,"""POWERPC"",""POWERPC MPC85XX"",""THE REST"""
arch/powerpc/cpu/mpc85xx/u-boot-nand.lds,98,"""POWERPC"",""POWERPC MPC85XX"",""THE REST"""
arch/powerpc/cpu/mpc85xx/u-boot-nand_spl.lds,69,"""POWERPC"",""POWERPC MPC85XX"",""THE REST"""
arch/powerpc/cpu/mpc85xx/u-boot-spl.lds,115,"""POWERPC"",""POWERPC MPC85XX"",""THE REST"""
arch/powerpc/cpu/mpc85xx/u-boot.lds,129,"""POWERPC"",""POWERPC MPC85XX"",""THE REST"""
arch/powerpc/cpu/mpc86xx/Kconfig,29,"""POWERPC"",""POWERPC MPC86XX"",""THE REST"""
arch/powerpc/cpu/mpc86xx/Makefile,24,"""POWERPC"",""POWERPC MPC86XX"",""THE REST"""
arch/powerpc/cpu/mpc86xx/cache.S,378,"""POWERPC"",""POWERPC MPC86XX"",""THE REST"""
arch/powerpc/cpu/mpc86xx/config.mk,8,"""POWERPC"",""POWERPC MPC86XX"",""THE REST"""
arch/powerpc/cpu/mpc86xx/cpu.c,202,"""POWERPC"",""POWERPC MPC86XX"",""THE REST"""
arch/powerpc/cpu/mpc86xx/cpu_init.c,102,"""POWERPC"",""POWERPC MPC86XX"",""THE REST"""
arch/powerpc/cpu/mpc86xx/fdt.c,66,"""POWERPC"",""POWERPC MPC86XX"",""THE REST"""
arch/powerpc/cpu/mpc86xx/interrupts.c,115,"""POWERPC"",""POWERPC MPC86XX"",""THE REST"""
arch/powerpc/cpu/mpc86xx/mp.c,129,"""POWERPC"",""POWERPC MPC86XX"",""THE REST"""
arch/powerpc/cpu/mpc86xx/mpc8610_serdes.c,69,"""POWERPC"",""POWERPC MPC86XX"",""THE REST"""
arch/powerpc/cpu/mpc86xx/mpc8641_serdes.c,78,"""POWERPC"",""POWERPC MPC86XX"",""THE REST"""
arch/powerpc/cpu/mpc86xx/release.S,151,"""POWERPC"",""POWERPC MPC86XX"",""THE REST"""
arch/powerpc/cpu/mpc86xx/speed.c,146,"""POWERPC"",""POWERPC MPC86XX"",""THE REST"""
arch/powerpc/cpu/mpc86xx/start.S,993,"""POWERPC"",""POWERPC MPC86XX"",""THE REST"""
arch/powerpc/cpu/mpc86xx/traps.c,207,"""POWERPC"",""POWERPC MPC86XX"",""THE REST"""
arch/powerpc/cpu/mpc86xx/u-boot.lds,79,"""POWERPC"",""POWERPC MPC86XX"",""THE REST"""
arch/powerpc/cpu/mpc8xx/Kconfig,50,"""POWERPC"",""POWERPC MPC8XX"",""THE REST"""
arch/powerpc/cpu/mpc8xx/Makefile,27,"""POWERPC"",""POWERPC MPC8XX"",""THE REST"""
arch/powerpc/cpu/mpc8xx/bedbug_860.c,314,"""POWERPC"",""POWERPC MPC8XX"",""THE REST"""
arch/powerpc/cpu/mpc8xx/commproc.c,69,"""POWERPC"",""POWERPC MPC8XX"",""THE REST"""
arch/powerpc/cpu/mpc8xx/config.mk,8,"""POWERPC"",""POWERPC MPC8XX"",""THE REST"""
arch/powerpc/cpu/mpc8xx/cpu.c,580,"""POWERPC"",""POWERPC MPC8XX"",""THE REST"""
arch/powerpc/cpu/mpc8xx/cpu_init.c,218,"""POWERPC"",""POWERPC MPC8XX"",""THE REST"""
arch/powerpc/cpu/mpc8xx/fdt.c,30,"""POWERPC"",""POWERPC MPC8XX"",""THE REST"""
arch/powerpc/cpu/mpc8xx/fec.c,929,"""POWERPC"",""POWERPC MPC8XX"",""THE REST"""
arch/powerpc/cpu/mpc8xx/fec.h,12,"""POWERPC"",""POWERPC MPC8XX"",""THE REST"""
arch/powerpc/cpu/mpc8xx/i2c.c,681,"""POWERPC"",""POWERPC MPC8XX"",""THE REST"""
arch/powerpc/cpu/mpc8xx/interrupts.c,278,"""POWERPC"",""POWERPC MPC8XX"",""THE REST"""
arch/powerpc/cpu/mpc8xx/kgdb.S,55,"""POWERPC"",""POWERPC MPC8XX"",""THE REST"""
arch/powerpc/cpu/mpc8xx/plprcr_write.S,119,"""POWERPC"",""POWERPC MPC8XX"",""THE REST"""
arch/powerpc/cpu/mpc8xx/scc.c,477,"""POWERPC"",""POWERPC MPC8XX"",""THE REST"""
arch/powerpc/cpu/mpc8xx/serial.c,711,"""POWERPC"",""POWERPC MPC8XX"",""THE REST"""
arch/powerpc/cpu/mpc8xx/speed.c,400,"""POWERPC"",""POWERPC MPC8XX"",""THE REST"""
arch/powerpc/cpu/mpc8xx/spi.c,540,"""POWERPC"",""POWERPC MPC8XX"",""THE REST"""
arch/powerpc/cpu/mpc8xx/start.S,650,"""POWERPC"",""POWERPC MPC8XX"",""THE REST"""
arch/powerpc/cpu/mpc8xx/traps.c,216,"""POWERPC"",""POWERPC MPC8XX"",""THE REST"""
arch/powerpc/cpu/mpc8xx/u-boot.lds,82,"""POWERPC"",""POWERPC MPC8XX"",""THE REST"""
arch/powerpc/cpu/mpc8xx/upatch.c,194,"""POWERPC"",""POWERPC MPC8XX"",""THE REST"""
arch/powerpc/cpu/mpc8xx/video.c,1124,"""POWERPC"",""POWERPC MPC8XX"",""THE REST"""
arch/powerpc/cpu/mpc8xxx/Makefile,30,"""POWERPC"",""THE REST"""
arch/powerpc/cpu/mpc8xxx/cpu.c,275,"""POWERPC"",""THE REST"""
arch/powerpc/cpu/mpc8xxx/fdt.c,322,"""POWERPC"",""THE REST"""
arch/powerpc/cpu/mpc8xxx/fsl_lbc.c,153,"""POWERPC"",""THE REST"""
arch/powerpc/cpu/mpc8xxx/law.c,354,"""POWERPC"",""THE REST"""
arch/powerpc/cpu/mpc8xxx/srio.c,446,"""POWERPC"",""THE REST"""
arch/powerpc/cpu/ppc4xx/40x_spd_sdram.c,444,"""POWERPC"",""POWERPC PPC4XX"",""THE REST"""
arch/powerpc/cpu/ppc4xx/44x_spd_ddr.c,1224,"""POWERPC"",""POWERPC PPC4XX"",""THE REST"""
arch/powerpc/cpu/ppc4xx/44x_spd_ddr2.c,3139,"""POWERPC"",""POWERPC PPC4XX"",""THE REST"""
arch/powerpc/cpu/ppc4xx/4xx_ibm_ddr2_autocalib.c,1227,"""POWERPC"",""POWERPC PPC4XX"",""THE REST"""
arch/powerpc/cpu/ppc4xx/4xx_pci.c,864,"""POWERPC"",""POWERPC PPC4XX"",""THE REST"""
arch/powerpc/cpu/ppc4xx/4xx_pcie.c,1280,"""POWERPC"",""POWERPC PPC4XX"",""THE REST"""
arch/powerpc/cpu/ppc4xx/4xx_uart.c,268,"""POWERPC"",""POWERPC PPC4XX"",""THE REST"""
arch/powerpc/cpu/ppc4xx/Kconfig,306,"""POWERPC"",""POWERPC PPC4XX"",""THE REST"""
arch/powerpc/cpu/ppc4xx/Makefile,49,"""POWERPC"",""POWERPC PPC4XX"",""THE REST"""
arch/powerpc/cpu/ppc4xx/bedbug_405.c,308,"""POWERPC"",""POWERPC PPC4XX"",""THE REST"""
arch/powerpc/cpu/ppc4xx/cache.S,231,"""POWERPC"",""POWERPC PPC4XX"",""THE REST"""
arch/powerpc/cpu/ppc4xx/cmd_chip_config.c,131,"""POWERPC"",""POWERPC PPC4XX"",""THE REST"""
arch/powerpc/cpu/ppc4xx/cmd_ecctest.c,262,"""POWERPC"",""POWERPC PPC4XX"",""THE REST"""
arch/powerpc/cpu/ppc4xx/config.mk,17,"""POWERPC"",""POWERPC PPC4XX"",""THE REST"""
arch/powerpc/cpu/ppc4xx/cpu.c,702,"""POWERPC"",""POWERPC PPC4XX"",""THE REST"""
arch/powerpc/cpu/ppc4xx/cpu_init.c,546,"""POWERPC"",""POWERPC PPC4XX"",""THE REST"""
arch/powerpc/cpu/ppc4xx/dcr.S,180,"""POWERPC"",""POWERPC PPC4XX"",""THE REST"""
arch/powerpc/cpu/ppc4xx/denali_data_eye.c,376,"""POWERPC"",""POWERPC PPC4XX"",""THE REST"""
arch/powerpc/cpu/ppc4xx/denali_spd_ddr2.c,1231,"""POWERPC"",""POWERPC PPC4XX"",""THE REST"""
arch/powerpc/cpu/ppc4xx/ecc.c,188,"""POWERPC"",""POWERPC PPC4XX"",""THE REST"""
arch/powerpc/cpu/ppc4xx/ecc.h,58,"""POWERPC"",""POWERPC PPC4XX"",""THE REST"""
arch/powerpc/cpu/ppc4xx/fdt.c,163,"""POWERPC"",""POWERPC PPC4XX"",""THE REST"""
arch/powerpc/cpu/ppc4xx/gpio.c,244,"""POWERPC"",""POWERPC PPC4XX"",""THE REST"""
arch/powerpc/cpu/ppc4xx/interrupts.c,193,"""POWERPC"",""POWERPC PPC4XX"",""THE REST"""
arch/powerpc/cpu/ppc4xx/kgdb.S,61,"""POWERPC"",""POWERPC PPC4XX"",""THE REST"""
arch/powerpc/cpu/ppc4xx/miiphy.c,346,"""POWERPC"",""POWERPC PPC4XX"",""THE REST"""
arch/powerpc/cpu/ppc4xx/reginfo.c,357,"""POWERPC"",""POWERPC PPC4XX"",""THE REST"""
arch/powerpc/cpu/ppc4xx/resetvec.S,12,"""POWERPC"",""POWERPC PPC4XX"",""THE REST"""
arch/powerpc/cpu/ppc4xx/sdram.c,452,"""POWERPC"",""POWERPC PPC4XX"",""THE REST"""
arch/powerpc/cpu/ppc4xx/sdram.h,60,"""POWERPC"",""POWERPC PPC4XX"",""THE REST"""
arch/powerpc/cpu/ppc4xx/speed.c,1134,"""POWERPC"",""POWERPC PPC4XX"",""THE REST"""
arch/powerpc/cpu/ppc4xx/spl_boot.c,61,"""POWERPC"",""POWERPC PPC4XX"",""THE REST"""
arch/powerpc/cpu/ppc4xx/start.S,1952,"""POWERPC"",""POWERPC PPC4XX"",""THE REST"""
arch/powerpc/cpu/ppc4xx/tlb.c,336,"""POWERPC"",""POWERPC PPC4XX"",""THE REST"""
arch/powerpc/cpu/ppc4xx/traps.c,392,"""POWERPC"",""POWERPC PPC4XX"",""THE REST"""
arch/powerpc/cpu/ppc4xx/u-boot-spl.lds,61,"""POWERPC"",""POWERPC PPC4XX"",""THE REST"""
arch/powerpc/cpu/ppc4xx/u-boot.lds,133,"""POWERPC"",""POWERPC PPC4XX"",""THE REST"""
arch/powerpc/cpu/ppc4xx/uic.c,164,"""POWERPC"",""POWERPC PPC4XX"",""THE REST"""
arch/powerpc/cpu/ppc4xx/usb.c,45,"""POWERPC"",""POWERPC PPC4XX"",""THE REST"""
arch/powerpc/cpu/ppc4xx/usb_ohci.c,1523,"""POWERPC"",""POWERPC PPC4XX"",""THE REST"""
arch/powerpc/cpu/ppc4xx/usb_ohci.h,410,"""POWERPC"",""POWERPC PPC4XX"",""THE REST"""
arch/powerpc/cpu/ppc4xx/xilinx_irq.c,89,"""POWERPC"",""POWERPC PPC4XX"",""THE REST"""
arch/powerpc/include/asm/4xx_pci.h,60,"""POWERPC"",""THE REST"""
arch/powerpc/include/asm/4xx_pcie.h,406,"""POWERPC"",""THE REST"""
arch/powerpc/include/asm/5xx_immap.h,424,"""POWERPC"",""THE REST"""
arch/powerpc/include/asm/8xx_immap.h,515,"""POWERPC"",""THE REST"""
arch/powerpc/include/asm/arch-mpc83xx/gpio.h,25,"""POWERPC"",""POWERPC MPC83XX"",""THE REST"""
arch/powerpc/include/asm/atomic.h,93,"""POWERPC"",""THE REST"""
arch/powerpc/include/asm/bitops.h,386,"""POWERPC"",""THE REST"""
arch/powerpc/include/asm/byteorder.h,84,"""POWERPC"",""THE REST"""
arch/powerpc/include/asm/cache.h,112,"""POWERPC"",""THE REST"""
arch/powerpc/include/asm/config.h,106,"""POWERPC"",""THE REST"""
arch/powerpc/include/asm/config_mpc85xx.h,928,"""POWERPC"",""THE REST"""
arch/powerpc/include/asm/config_mpc86xx.h,26,"""POWERPC"",""THE REST"""
arch/powerpc/include/asm/cpm_8260.h,795,"""POWERPC"",""THE REST"""
arch/powerpc/include/asm/cpm_85xx.h,829,"""POWERPC"",""THE REST"""
arch/powerpc/include/asm/e300.h,91,"""POWERPC"",""THE REST"""
arch/powerpc/include/asm/errno.h,1,"""POWERPC"",""THE REST"""
arch/powerpc/include/asm/fsl_dma.h,141,"""POWERPC"",""THE REST"""
arch/powerpc/include/asm/fsl_dtsec.h,231,"""POWERPC"",""THE REST"""
arch/powerpc/include/asm/fsl_errata.h,53,"""POWERPC"",""THE REST"""
arch/powerpc/include/asm/fsl_fman.h,463,"""POWERPC"",""THE REST"""
arch/powerpc/include/asm/fsl_i2c.h,87,"""POWERPC"",""THE REST"""
arch/powerpc/include/asm/fsl_law.h,149,"""POWERPC"",""THE REST"""
arch/powerpc/include/asm/fsl_lbc.h,533,"""POWERPC"",""THE REST"""
arch/powerpc/include/asm/fsl_liodn.h,206,"""POWERPC"",""THE REST"""
arch/powerpc/include/asm/fsl_memac.h,264,"""POWERPC"",""THE REST"""
arch/powerpc/include/asm/fsl_mpc83xx_serdes.h,23,"""POWERPC"",""THE REST"""
arch/powerpc/include/asm/fsl_pci.h,271,"""POWERPC"",""THE REST"""
arch/powerpc/include/asm/fsl_portals.h,52,"""POWERPC"",""THE REST"""
arch/powerpc/include/asm/fsl_secure_boot.h,34,"""POWERPC"",""THE REST"""
arch/powerpc/include/asm/fsl_serdes.h,115,"""POWERPC"",""THE REST"""
arch/powerpc/include/asm/fsl_srio.h,46,"""POWERPC"",""THE REST"""
arch/powerpc/include/asm/fsl_tgec.h,202,"""POWERPC"",""THE REST"""
arch/powerpc/include/asm/global_data.h,127,"""POWERPC"",""THE REST"""
arch/powerpc/include/asm/gpio.h,2,"""POWERPC"",""THE REST"""
arch/powerpc/include/asm/immap_512x.h,1264,"""POWERPC"",""THE REST"""
arch/powerpc/include/asm/immap_8260.h,604,"""POWERPC"",""THE REST"""
arch/powerpc/include/asm/immap_83xx.h,961,"""POWERPC"",""THE REST"""
arch/powerpc/include/asm/immap_85xx.h,3189,"""POWERPC"",""THE REST"""
arch/powerpc/include/asm/immap_86xx.h,1221,"""POWERPC"",""THE REST"""
arch/powerpc/include/asm/interrupt.h,25,"""POWERPC"",""THE REST"""
arch/powerpc/include/asm/io.h,322,"""POWERPC"",""THE REST"""
arch/powerpc/include/asm/iopin_8260.h,168,"""POWERPC"",""THE REST"""
arch/powerpc/include/asm/iopin_8xx.h,379,"""POWERPC"",""THE REST"""
arch/powerpc/include/asm/m8260_pci.h,165,"""POWERPC"",""THE REST"""
arch/powerpc/include/asm/mc146818rtc.h,27,"""POWERPC"",""THE REST"""
arch/powerpc/include/asm/mmu.h,797,"""POWERPC"",""THE REST"""
arch/powerpc/include/asm/mp.h,23,"""POWERPC"",""THE REST"""
arch/powerpc/include/asm/mpc512x.h,42,"""POWERPC"",""THE REST"""
arch/powerpc/include/asm/mpc8349_pci.h,168,"""POWERPC"",""THE REST"""
arch/powerpc/include/asm/mpc85xx_gpio.h,113,"""POWERPC"",""THE REST"""
arch/powerpc/include/asm/mpc8xxx_spi.h,49,"""POWERPC"",""THE REST"""
arch/powerpc/include/asm/pci_io.h,43,"""POWERPC"",""THE REST"""
arch/powerpc/include/asm/posix_types.h,109,"""POWERPC"",""THE REST"""
arch/powerpc/include/asm/ppc405.h,57,"""POWERPC"",""THE REST"""
arch/powerpc/include/asm/ppc405ep.h,239,"""POWERPC"",""THE REST"""
arch/powerpc/include/asm/ppc405ex.h,82,"""POWERPC"",""THE REST"""
arch/powerpc/include/asm/ppc405ez.h,89,"""POWERPC"",""THE REST"""
arch/powerpc/include/asm/ppc405gp.h,95,"""POWERPC"",""THE REST"""
arch/powerpc/include/asm/ppc440.h,154,"""POWERPC"",""THE REST"""
arch/powerpc/include/asm/ppc440ep_gr.h,231,"""POWERPC"",""THE REST"""
arch/powerpc/include/asm/ppc440epx_grx.h,453,"""POWERPC"",""THE REST"""
arch/powerpc/include/asm/ppc440gp.h,59,"""POWERPC"",""THE REST"""
arch/powerpc/include/asm/ppc440gx.h,89,"""POWERPC"",""THE REST"""
arch/powerpc/include/asm/ppc440sp.h,85,"""POWERPC"",""THE REST"""
arch/powerpc/include/asm/ppc440spe.h,101,"""POWERPC"",""THE REST"""
arch/powerpc/include/asm/ppc460ex_gt.h,209,"""POWERPC"",""THE REST"""
arch/powerpc/include/asm/ppc460sx.h,31,"""POWERPC"",""THE REST"""
arch/powerpc/include/asm/ppc4xx-ebc.h,183,"""POWERPC"",""THE REST"""
arch/powerpc/include/asm/ppc4xx-emac.h,536,"""POWERPC"",""THE REST"""
arch/powerpc/include/asm/ppc4xx-gpio.h,103,"""POWERPC"",""THE REST"""
arch/powerpc/include/asm/ppc4xx-i2c.h,95,"""POWERPC"",""THE REST"""
arch/powerpc/include/asm/ppc4xx-isram.h,62,"""POWERPC"",""THE REST"""
arch/powerpc/include/asm/ppc4xx-mal.h,149,"""POWERPC"",""THE REST"""
arch/powerpc/include/asm/ppc4xx-sdram.h,1402,"""POWERPC"",""THE REST"""
arch/powerpc/include/asm/ppc4xx-uic.h,288,"""POWERPC"",""THE REST"""
arch/powerpc/include/asm/ppc4xx.h,297,"""POWERPC"",""THE REST"""
arch/powerpc/include/asm/ppc4xx_config.h,25,"""POWERPC"",""THE REST"""
arch/powerpc/include/asm/processor.h,1374,"""POWERPC"",""THE REST"""
arch/powerpc/include/asm/ptrace.h,105,"""POWERPC"",""THE REST"""
arch/powerpc/include/asm/sections.h,11,"""POWERPC"",""THE REST"""
arch/powerpc/include/asm/sigcontext.h,15,"""POWERPC"",""THE REST"""
arch/powerpc/include/asm/signal.h,154,"""POWERPC"",""THE REST"""
arch/powerpc/include/asm/spl.h,15,"""POWERPC"",""THE REST"""
arch/powerpc/include/asm/status_led.h,77,"""POWERPC"",""THE REST"""
arch/powerpc/include/asm/string.h,29,"""POWERPC"",""THE REST"""
arch/powerpc/include/asm/types.h,62,"""POWERPC"",""THE REST"""
arch/powerpc/include/asm/u-boot.h,127,"""POWERPC"",""THE REST"""
arch/powerpc/include/asm/unaligned.h,16,"""POWERPC"",""THE REST"""
arch/powerpc/include/asm/xilinx_irq.h,25,"""POWERPC"",""THE REST"""
arch/powerpc/lib/Makefile,66,"""POWERPC"",""THE REST"""
arch/powerpc/lib/_ashldi3.S,42,"""POWERPC"",""THE REST"""
arch/powerpc/lib/_ashrdi3.S,44,"""POWERPC"",""THE REST"""
arch/powerpc/lib/_lshrdi3.S,42,"""POWERPC"",""THE REST"""
arch/powerpc/lib/bat_rw.c,244,"""POWERPC"",""THE REST"""
arch/powerpc/lib/board.c,1015,"""POWERPC"",""THE REST"""
arch/powerpc/lib/bootm.c,341,"""POWERPC"",""THE REST"""
arch/powerpc/lib/cache.c,37,"""POWERPC"",""THE REST"""
arch/powerpc/lib/extable.c,64,"""POWERPC"",""THE REST"""
arch/powerpc/lib/ide.c,184,"""POWERPC"",""THE REST"""
arch/powerpc/lib/ide.h,15,"""POWERPC"",""THE REST"""
arch/powerpc/lib/interrupts.c,127,"""POWERPC"",""THE REST"""
arch/powerpc/lib/kgdb.c,326,"""POWERPC"",""THE REST"""
arch/powerpc/lib/memcpy_mpc5200.c,55,"""POWERPC"",""THE REST"""
arch/powerpc/lib/ppccache.S,56,"""POWERPC"",""THE REST"""
arch/powerpc/lib/ppcstring.S,213,"""POWERPC"",""THE REST"""
arch/powerpc/lib/reloc.S,33,"""POWERPC"",""THE REST"""
arch/powerpc/lib/spl.c,31,"""POWERPC"",""THE REST"""
arch/powerpc/lib/ticks.S,57,"""POWERPC"",""THE REST"""
arch/powerpc/lib/time.c,84,"""POWERPC"",""THE REST"""
arch/sandbox/Kconfig,13,"""SANDBOX"",""THE REST"""
arch/sandbox/Makefile,8,"""SANDBOX"",""THE REST"""
arch/sandbox/config.mk,26,"""SANDBOX"",""THE REST"""
arch/sandbox/cpu/Makefile,22,"""SANDBOX"",""THE REST"""
arch/sandbox/cpu/cpu.c,72,"""SANDBOX"",""THE REST"""
arch/sandbox/cpu/os.c,539,"""SANDBOX"",""THE REST"""
arch/sandbox/cpu/sdl.c,341,"""SANDBOX"",""THE REST"""
arch/sandbox/cpu/start.c,262,"""SANDBOX"",""THE REST"""
arch/sandbox/cpu/state.c,392,"""SANDBOX"",""THE REST"""
arch/sandbox/cpu/u-boot.lds,24,"""SANDBOX"",""THE REST"""
arch/sandbox/dts/.gitignore,1,"""SANDBOX"",""THE REST"""
arch/sandbox/dts/Makefile,11,"""SANDBOX"",""THE REST"""
arch/sandbox/dts/include/dt-bindings,0,"""SANDBOX"",""THE REST"""
arch/sandbox/dts/sandbox.dts,177,"""SANDBOX"",""THE REST"""
arch/sandbox/include/asm/bitops.h,163,"""SANDBOX"",""THE REST"""
arch/sandbox/include/asm/byteorder.h,24,"""SANDBOX"",""THE REST"""
arch/sandbox/include/asm/cache.h,18,"""SANDBOX"",""THE REST"""
arch/sandbox/include/asm/config.h,20,"""SANDBOX"",""THE REST"""
arch/sandbox/include/asm/errno.h,1,"""SANDBOX"",""THE REST"""
arch/sandbox/include/asm/getopt.h,72,"""SANDBOX"",""THE REST"""
arch/sandbox/include/asm/global_data.h,22,"""SANDBOX"",""THE REST"""
arch/sandbox/include/asm/gpio.h,61,"""SANDBOX"",""THE REST"""
arch/sandbox/include/asm/io.h,53,"""SANDBOX"",""THE REST"""
arch/sandbox/include/asm/posix_types.h,57,"""SANDBOX"",""THE REST"""
arch/sandbox/include/asm/ptrace.h,22,"""SANDBOX"",""THE REST"""
arch/sandbox/include/asm/sdl.h,118,"""SANDBOX"",""THE REST"""
arch/sandbox/include/asm/sections.h,24,"""SANDBOX"",""THE REST"""
arch/sandbox/include/asm/sound.h,14,"""SANDBOX"",""THE REST"""
arch/sandbox/include/asm/spi.h,45,"""SANDBOX"",""THE REST"""
arch/sandbox/include/asm/state.h,211,"""SANDBOX"",""THE REST"""
arch/sandbox/include/asm/string.h,7,"""SANDBOX"",""THE REST"""
arch/sandbox/include/asm/system.h,17,"""SANDBOX"",""THE REST"""
arch/sandbox/include/asm/test.h,26,"""SANDBOX"",""THE REST"""
arch/sandbox/include/asm/types.h,61,"""SANDBOX"",""THE REST"""
arch/sandbox/include/asm/u-boot-sandbox.h,31,"""SANDBOX"",""THE REST"""
arch/sandbox/include/asm/u-boot.h,29,"""SANDBOX"",""THE REST"""
arch/sandbox/include/asm/unaligned.h,7,"""SANDBOX"",""THE REST"""
arch/sandbox/lib/Makefile,11,"""SANDBOX"",""THE REST"""
arch/sandbox/lib/interrupts.c,23,"""SANDBOX"",""THE REST"""
arch/sh/Kconfig,149,"""SH"",""THE REST"""
arch/sh/Makefile,8,"""SH"",""THE REST"""
arch/sh/config.mk,20,"""SH"",""THE REST"""
arch/sh/cpu/sh2/Makefile,12,"""SH"",""THE REST"""
arch/sh/cpu/sh2/config.mk,17,"""SH"",""THE REST"""
arch/sh/cpu/sh2/cpu.c,85,"""SH"",""THE REST"""
arch/sh/cpu/sh2/interrupts.c,23,"""SH"",""THE REST"""
arch/sh/cpu/sh2/start.S,66,"""SH"",""THE REST"""
arch/sh/cpu/sh2/watchdog.c,24,"""SH"",""THE REST"""
arch/sh/cpu/sh3/Makefile,15,"""SH"",""THE REST"""
arch/sh/cpu/sh3/cache.c,96,"""SH"",""THE REST"""
arch/sh/cpu/sh3/config.mk,14,"""SH"",""THE REST"""
arch/sh/cpu/sh3/cpu.c,68,"""SH"",""THE REST"""
arch/sh/cpu/sh3/interrupts.c,26,"""SH"",""THE REST"""
arch/sh/cpu/sh3/start.S,65,"""SH"",""THE REST"""
arch/sh/cpu/sh3/watchdog.c,27,"""SH"",""THE REST"""
arch/sh/cpu/sh4/Makefile,12,"""SH"",""THE REST"""
arch/sh/cpu/sh4/cache.c,114,"""SH"",""THE REST"""
arch/sh/cpu/sh4/config.mk,11,"""SH"",""THE REST"""
arch/sh/cpu/sh4/cpu.c,77,"""SH"",""THE REST"""
arch/sh/cpu/sh4/interrupts.c,22,"""SH"",""THE REST"""
arch/sh/cpu/sh4/start.S,62,"""SH"",""THE REST"""
arch/sh/cpu/sh4/watchdog.c,62,"""SH"",""THE REST"""
arch/sh/cpu/u-boot.lds,83,"""SH"",""THE REST"""
arch/sh/include/asm/bitops.h,153,"""SH"",""THE REST"""
arch/sh/include/asm/byteorder.h,17,"""SH"",""THE REST"""
arch/sh/include/asm/cache.h,31,"""SH"",""THE REST"""
arch/sh/include/asm/config.h,10,"""SH"",""THE REST"""
arch/sh/include/asm/cpu_sh2.h,31,"""SH"",""THE REST"""
arch/sh/include/asm/cpu_sh3.h,31,"""SH"",""THE REST"""
arch/sh/include/asm/cpu_sh4.h,79,"""SH"",""THE REST"""
arch/sh/include/asm/cpu_sh7203.h,41,"""SH"",""THE REST"""
arch/sh/include/asm/cpu_sh7264.h,41,"""SH"",""THE REST"""
arch/sh/include/asm/cpu_sh7269.h,26,"""SH"",""THE REST"""
arch/sh/include/asm/cpu_sh7706.h,50,"""SH"",""THE REST"""
arch/sh/include/asm/cpu_sh7710.h,61,"""SH"",""THE REST"""
arch/sh/include/asm/cpu_sh7720.h,207,"""SH"",""THE REST"""
arch/sh/include/asm/cpu_sh7722.h,1278,"""SH"",""THE REST"""
arch/sh/include/asm/cpu_sh7723.h,188,"""SH"",""THE REST"""
arch/sh/include/asm/cpu_sh7724.h,213,"""SH"",""THE REST"""
arch/sh/include/asm/cpu_sh7734.h,55,"""SH"",""THE REST"""
arch/sh/include/asm/cpu_sh7750.h,148,"""SH"",""THE REST"""
arch/sh/include/asm/cpu_sh7752.h,197,"""SH"",""THE REST"""
arch/sh/include/asm/cpu_sh7753.h,197,"""SH"",""THE REST"""
arch/sh/include/asm/cpu_sh7757.h,192,"""SH"",""THE REST"""
arch/sh/include/asm/cpu_sh7763.h,35,"""SH"",""THE REST"""
arch/sh/include/asm/cpu_sh7780.h,448,"""SH"",""THE REST"""
arch/sh/include/asm/cpu_sh7785.h,120,"""SH"",""THE REST"""
arch/sh/include/asm/errno.h,1,"""SH"",""THE REST"""
arch/sh/include/asm/global_data.h,22,"""SH"",""THE REST"""
arch/sh/include/asm/io.h,307,"""SH"",""THE REST"""
arch/sh/include/asm/irqflags.h,126,"""SH"",""THE REST"""
arch/sh/include/asm/macro.h,39,"""SH"",""THE REST"""
arch/sh/include/asm/mmc.h,17,"""SH"",""THE REST"""
arch/sh/include/asm/pci.h,32,"""SH"",""THE REST"""
arch/sh/include/asm/posix_types.h,123,"""SH"",""THE REST"""
arch/sh/include/asm/processor.h,10,"""SH"",""THE REST"""
arch/sh/include/asm/ptrace.h,112,"""SH"",""THE REST"""
arch/sh/include/asm/sections.h,11,"""SH"",""THE REST"""
arch/sh/include/asm/string.h,162,"""SH"",""THE REST"""
arch/sh/include/asm/system.h,285,"""SH"",""THE REST"""
arch/sh/include/asm/types.h,62,"""SH"",""THE REST"""
arch/sh/include/asm/u-boot.h,29,"""SH"",""THE REST"""
arch/sh/include/asm/unaligned-sh4a.h,258,"""SH"",""THE REST"""
arch/sh/include/asm/unaligned.h,25,"""SH"",""THE REST"""
arch/sh/include/asm/zimage.h,25,"""SH"",""THE REST"""
arch/sh/lib/Makefile,19,"""SH"",""THE REST"""
arch/sh/lib/ashiftlt.S,171,"""SH"",""THE REST"""
arch/sh/lib/ashiftrt.S,128,"""SH"",""THE REST"""
arch/sh/lib/ashldi3.c,25,"""SH"",""THE REST"""
arch/sh/lib/ashrsi3.S,164,"""SH"",""THE REST"""
arch/sh/lib/board.c,188,"""SH"",""THE REST"""
arch/sh/lib/bootm.c,111,"""SH"",""THE REST"""
arch/sh/lib/libgcc.h,25,"""SH"",""THE REST"""
arch/sh/lib/lshiftrt.S,171,"""SH"",""THE REST"""
arch/sh/lib/lshrdi3.c,25,"""SH"",""THE REST"""
arch/sh/lib/movmem.S,217,"""SH"",""THE REST"""
arch/sh/lib/time.c,58,"""SH"",""THE REST"""
arch/sh/lib/time_sh2.c,88,"""SH"",""THE REST"""
arch/sh/lib/zimageboot.c,65,"""SH"",""THE REST"""
arch/sparc/Kconfig,60,"""SPARC"",""THE REST"""
arch/sparc/Makefile,8,"""SPARC"",""THE REST"""
arch/sparc/config.mk,19,"""SPARC"",""THE REST"""
arch/sparc/cpu/leon2/Makefile,9,"""SPARC"",""THE REST"""
arch/sparc/cpu/leon2/cpu.c,50,"""SPARC"",""THE REST"""
arch/sparc/cpu/leon2/cpu_init.c,131,"""SPARC"",""THE REST"""
arch/sparc/cpu/leon2/interrupts.c,201,"""SPARC"",""THE REST"""
arch/sparc/cpu/leon2/prom.c,1030,"""SPARC"",""THE REST"""
arch/sparc/cpu/leon2/serial.c,154,"""SPARC"",""THE REST"""
arch/sparc/cpu/leon2/start.S,644,"""SPARC"",""THE REST"""
arch/sparc/cpu/leon3/Makefile,9,"""SPARC"",""THE REST"""
arch/sparc/cpu/leon3/ambapp.c,343,"""SPARC"",""THE REST"""
arch/sparc/cpu/leon3/cpu.c,59,"""SPARC"",""THE REST"""
arch/sparc/cpu/leon3/cpu_init.c,243,"""SPARC"",""THE REST"""
arch/sparc/cpu/leon3/interrupts.c,203,"""SPARC"",""THE REST"""
arch/sparc/cpu/leon3/prom.c,1061,"""SPARC"",""THE REST"""
arch/sparc/cpu/leon3/serial.c,128,"""SPARC"",""THE REST"""
arch/sparc/cpu/leon3/start.S,602,"""SPARC"",""THE REST"""
arch/sparc/cpu/leon3/usb_uhci.c,1194,"""SPARC"",""THE REST"""
arch/sparc/cpu/leon3/usb_uhci.h,167,"""SPARC"",""THE REST"""
arch/sparc/cpu/u-boot.lds,142,"""SPARC"",""THE REST"""
arch/sparc/include/asm/arch-leon2/asi.h,19,"""SPARC"",""THE REST"""
arch/sparc/include/asm/arch-leon3/asi.h,19,"""SPARC"",""THE REST"""
arch/sparc/include/asm/asi.h,15,"""SPARC"",""THE REST"""
arch/sparc/include/asm/asmmacro.h,28,"""SPARC"",""THE REST"""
arch/sparc/include/asm/atomic.h,12,"""SPARC"",""THE REST"""
arch/sparc/include/asm/bitops.h,12,"""SPARC"",""THE REST"""
arch/sparc/include/asm/byteorder.h,21,"""SPARC"",""THE REST"""
arch/sparc/include/asm/cache.h,23,"""SPARC"",""THE REST"""
arch/sparc/include/asm/config.h,15,"""SPARC"",""THE REST"""
arch/sparc/include/asm/errno.h,1,"""SPARC"",""THE REST"""
arch/sparc/include/asm/global_data.h,24,"""SPARC"",""THE REST"""
arch/sparc/include/asm/io.h,84,"""SPARC"",""THE REST"""
arch/sparc/include/asm/irq.h,35,"""SPARC"",""THE REST"""
arch/sparc/include/asm/leon.h,28,"""SPARC"",""THE REST"""
arch/sparc/include/asm/leon2.h,222,"""SPARC"",""THE REST"""
arch/sparc/include/asm/leon3.h,22,"""SPARC"",""THE REST"""
arch/sparc/include/asm/machines.h,78,"""SPARC"",""THE REST"""
arch/sparc/include/asm/page.h,28,"""SPARC"",""THE REST"""
arch/sparc/include/asm/posix_types.h,125,"""SPARC"",""THE REST"""
arch/sparc/include/asm/processor.h,102,"""SPARC"",""THE REST"""
arch/sparc/include/asm/prom.h,283,"""SPARC"",""THE REST"""
arch/sparc/include/asm/psr.h,83,"""SPARC"",""THE REST"""
arch/sparc/include/asm/ptrace.h,167,"""SPARC"",""THE REST"""
arch/sparc/include/asm/sections.h,11,"""SPARC"",""THE REST"""
arch/sparc/include/asm/srmmu.h,287,"""SPARC"",""THE REST"""
arch/sparc/include/asm/stack.h,148,"""SPARC"",""THE REST"""
arch/sparc/include/asm/string.h,41,"""SPARC"",""THE REST"""
arch/sparc/include/asm/types.h,60,"""SPARC"",""THE REST"""
arch/sparc/include/asm/u-boot.h,50,"""SPARC"",""THE REST"""
arch/sparc/include/asm/unaligned.h,10,"""SPARC"",""THE REST"""
arch/sparc/include/asm/winmacro.h,265,"""SPARC"",""THE REST"""
arch/sparc/lib/Makefile,9,"""SPARC"",""THE REST"""
arch/sparc/lib/board.c,397,"""SPARC"",""THE REST"""
arch/sparc/lib/bootm.c,174,"""SPARC"",""THE REST"""
arch/sparc/lib/cache.c,17,"""SPARC"",""THE REST"""
arch/sparc/lib/interrupts.c,96,"""SPARC"",""THE REST"""
arch/sparc/lib/time.c,62,"""SPARC"",""THE REST"""
arch/x86/Kconfig,330,"""THE REST"",""X86"""
arch/x86/Makefile,12,"""THE REST"",""X86"""
arch/x86/config.mk,29,"""THE REST"",""X86"""
arch/x86/cpu/Makefile,21,"""THE REST"",""X86"""
arch/x86/cpu/call64.S,93,"""THE REST"",""X86"""
arch/x86/cpu/config.mk,17,"""THE REST"",""X86"""
arch/x86/cpu/coreboot/Makefile,22,"""THE REST"",""X86"""
arch/x86/cpu/coreboot/car.S,13,"""THE REST"",""X86"""
arch/x86/cpu/coreboot/coreboot.c,103,"""THE REST"",""X86"""
arch/x86/cpu/coreboot/ipchecksum.c,55,"""THE REST"",""X86"""
arch/x86/cpu/coreboot/pci.c,41,"""THE REST"",""X86"""
arch/x86/cpu/coreboot/sdram.c,120,"""THE REST"",""X86"""
arch/x86/cpu/coreboot/tables.c,235,"""THE REST"",""X86"""
arch/x86/cpu/coreboot/timestamp.c,101,"""THE REST"",""X86"""
arch/x86/cpu/cpu.c,588,"""THE REST"",""X86"""
arch/x86/cpu/interrupts.c,619,"""THE REST"",""X86"""
arch/x86/cpu/ivybridge/Kconfig,172,"""THE REST"",""X86"""
arch/x86/cpu/ivybridge/Makefile,24,"""THE REST"",""X86"""
arch/x86/cpu/ivybridge/bd82x6x.c,146,"""THE REST"",""X86"""
arch/x86/cpu/ivybridge/car.S,178,"""THE REST"",""X86"""
arch/x86/cpu/ivybridge/cpu.c,358,"""THE REST"",""X86"""
arch/x86/cpu/ivybridge/early_init.c,145,"""THE REST"",""X86"""
arch/x86/cpu/ivybridge/early_me.c,191,"""THE REST"",""X86"""
arch/x86/cpu/ivybridge/gma.c,756,"""THE REST"",""X86"""
arch/x86/cpu/ivybridge/gma.h,156,"""THE REST"",""X86"""
arch/x86/cpu/ivybridge/lpc.c,569,"""THE REST"",""X86"""
arch/x86/cpu/ivybridge/me_status.c,195,"""THE REST"",""X86"""
arch/x86/cpu/ivybridge/microcode_intel.c,158,"""THE REST"",""X86"""
arch/x86/cpu/ivybridge/model_206ax.c,514,"""THE REST"",""X86"""
arch/x86/cpu/ivybridge/northbridge.c,188,"""THE REST"",""X86"""
arch/x86/cpu/ivybridge/pch.c,123,"""THE REST"",""X86"""
arch/x86/cpu/ivybridge/pci.c,100,"""THE REST"",""X86"""
arch/x86/cpu/ivybridge/report_platform.c,89,"""THE REST"",""X86"""
arch/x86/cpu/ivybridge/sata.c,225,"""THE REST"",""X86"""
arch/x86/cpu/ivybridge/sdram.c,571,"""THE REST"",""X86"""
arch/x86/cpu/ivybridge/usb_ehci.c,29,"""THE REST"",""X86"""
arch/x86/cpu/ivybridge/usb_xhci.c,32,"""THE REST"",""X86"""
arch/x86/cpu/lapic.c,57,"""THE REST"",""X86"""
arch/x86/cpu/pci.c,110,"""THE REST"",""X86"""
arch/x86/cpu/queensbay/Kconfig,79,"""THE REST"",""X86"""
arch/x86/cpu/queensbay/Makefile,9,"""THE REST"",""X86"""
arch/x86/cpu/queensbay/fsp_configs.c,20,"""THE REST"",""X86"""
arch/x86/cpu/queensbay/fsp_support.c,401,"""THE REST"",""X86"""
arch/x86/cpu/queensbay/tnc.c,72,"""THE REST"",""X86"""
arch/x86/cpu/queensbay/tnc_car.S,124,"""THE REST"",""X86"""
arch/x86/cpu/queensbay/tnc_dram.c,78,"""THE REST"",""X86"""
arch/x86/cpu/queensbay/tnc_pci.c,61,"""THE REST"",""X86"""
arch/x86/cpu/queensbay/topcliff.c,47,"""THE REST"",""X86"""
arch/x86/cpu/resetvec.S,22,"""THE REST"",""X86"""
arch/x86/cpu/start.S,238,"""THE REST"",""X86"""
arch/x86/cpu/start16.S,130,"""THE REST"",""X86"""
arch/x86/cpu/turbo.c,98,"""THE REST"",""X86"""
arch/x86/cpu/u-boot.lds,84,"""THE REST"",""X86"""
arch/x86/dts/.gitignore,1,"""THE REST"",""X86"""
arch/x86/dts/Makefile,14,"""THE REST"",""X86"""
arch/x86/dts/alex.dts,24,"""THE REST"",""X86"""
arch/x86/dts/chromebook_link.dts,0,"""THE REST"",""X86"""
arch/x86/dts/coreboot.dtsi,17,"""THE REST"",""X86"""
arch/x86/dts/crownbay.dts,60,"""THE REST"",""X86"""
arch/x86/dts/include/dt-bindings,0,"""THE REST"",""X86"""
arch/x86/dts/link.dts,224,"""THE REST"",""X86"""
arch/x86/dts/microcode/m0220661105_cv.dtsi,368,"""THE REST"",""X86"""
arch/x86/dts/microcode/m12206a7_00000029.dtsi,686,"""THE REST"",""X86"""
arch/x86/dts/microcode/m12306a9_0000001b.dtsi,814,"""THE REST"",""X86"""
arch/x86/dts/skeleton.dtsi,13,"""THE REST"",""X86"""
arch/x86/include/asm/acpi.h,24,"""THE REST"",""X86"""
arch/x86/include/asm/arch-coreboot/gpio.h,13,"""THE REST"",""X86"""
arch/x86/include/asm/arch-coreboot/ipchecksum.h,37,"""THE REST"",""X86"""
arch/x86/include/asm/arch-coreboot/sysinfo.h,62,"""THE REST"",""X86"""
arch/x86/include/asm/arch-coreboot/tables.h,294,"""THE REST"",""X86"""
arch/x86/include/asm/arch-coreboot/timestamp.h,59,"""THE REST"",""X86"""
arch/x86/include/asm/arch-ivybridge/bd82x6x.h,23,"""THE REST"",""X86"""
arch/x86/include/asm/arch-ivybridge/gpio.h,13,"""THE REST"",""X86"""
arch/x86/include/asm/arch-ivybridge/me.h,356,"""THE REST"",""X86"""
arch/x86/include/asm/arch-ivybridge/microcode.h,20,"""THE REST"",""X86"""
arch/x86/include/asm/arch-ivybridge/model_206ax.h,86,"""THE REST"",""X86"""
arch/x86/include/asm/arch-ivybridge/pch.h,476,"""THE REST"",""X86"""
arch/x86/include/asm/arch-ivybridge/pei_data.h,123,"""THE REST"",""X86"""
arch/x86/include/asm/arch-ivybridge/sandybridge.h,120,"""THE REST"",""X86"""
arch/x86/include/asm/arch-queensbay/fsp/fsp_api.h,55,"""THE REST"",""X86"""
arch/x86/include/asm/arch-queensbay/fsp/fsp_bootmode.h,24,"""THE REST"",""X86"""
arch/x86/include/asm/arch-queensbay/fsp/fsp_ffs.h,154,"""THE REST"",""X86"""
arch/x86/include/asm/arch-queensbay/fsp/fsp_fv.h,137,"""THE REST"",""X86"""
arch/x86/include/asm/arch-queensbay/fsp/fsp_hob.h,340,"""THE REST"",""X86"""
arch/x86/include/asm/arch-queensbay/fsp/fsp_infoheader.h,32,"""THE REST"",""X86"""
arch/x86/include/asm/arch-queensbay/fsp/fsp_platform.h,15,"""THE REST"",""X86"""
arch/x86/include/asm/arch-queensbay/fsp/fsp_support.h,207,"""THE REST"",""X86"""
arch/x86/include/asm/arch-queensbay/fsp/fsp_types.h,82,"""THE REST"",""X86"""
arch/x86/include/asm/arch-queensbay/fsp/fsp_vpd.h,56,"""THE REST"",""X86"""
arch/x86/include/asm/arch-queensbay/gpio.h,13,"""THE REST"",""X86"""
arch/x86/include/asm/arch-queensbay/tnc.h,15,"""THE REST"",""X86"""
arch/x86/include/asm/bitops.h,389,"""THE REST"",""X86"""
arch/x86/include/asm/bootm.h,28,"""THE REST"",""X86"""
arch/x86/include/asm/bootparam.h,120,"""THE REST"",""X86"""
arch/x86/include/asm/byteorder.h,43,"""THE REST"",""X86"""
arch/x86/include/asm/cache.h,36,"""THE REST"",""X86"""
arch/x86/include/asm/config.h,14,"""THE REST"",""X86"""
arch/x86/include/asm/control_regs.h,89,"""THE REST"",""X86"""
arch/x86/include/asm/cpu.h,220,"""THE REST"",""X86"""
arch/x86/include/asm/e820.h,155,"""THE REST"",""X86"""
arch/x86/include/asm/errno.h,1,"""THE REST"",""X86"""
arch/x86/include/asm/global_data.h,81,"""THE REST"",""X86"""
arch/x86/include/asm/gpio.h,153,"""THE REST"",""X86"""
arch/x86/include/asm/i8254.h,42,"""THE REST"",""X86"""
arch/x86/include/asm/i8259.h,74,"""THE REST"",""X86"""
arch/x86/include/asm/ibmpc.h,24,"""THE REST"",""X86"""
arch/x86/include/asm/init_helpers.h,17,"""THE REST"",""X86"""
arch/x86/include/asm/interrupt.h,41,"""THE REST"",""X86"""
arch/x86/include/asm/io.h,298,"""THE REST"",""X86"""
arch/x86/include/asm/ioapic.h,38,"""THE REST"",""X86"""
arch/x86/include/asm/ioctl.h,1,"""THE REST"",""X86"""
arch/x86/include/asm/ist.h,26,"""THE REST"",""X86"""
arch/x86/include/asm/lapic.h,179,"""THE REST"",""X86"""
arch/x86/include/asm/lapic_def.h,101,"""THE REST"",""X86"""
arch/x86/include/asm/linkage.h,6,"""THE REST"",""X86"""
arch/x86/include/asm/msr-index.h,562,"""THE REST"",""X86"""
arch/x86/include/asm/msr.h,234,"""THE REST"",""X86"""
arch/x86/include/asm/mtrr.h,121,"""THE REST"",""X86"""
arch/x86/include/asm/pci.h,52,"""THE REST"",""X86"""
arch/x86/include/asm/pnp_def.h,90,"""THE REST"",""X86"""
arch/x86/include/asm/posix_types.h,80,"""THE REST"",""X86"""
arch/x86/include/asm/post.h,53,"""THE REST"",""X86"""
arch/x86/include/asm/processor-flags.h,100,"""THE REST"",""X86"""
arch/x86/include/asm/processor.h,47,"""THE REST"",""X86"""
arch/x86/include/asm/ptrace.h,90,"""THE REST"",""X86"""
arch/x86/include/asm/relocate.h,18,"""THE REST"",""X86"""
arch/x86/include/asm/sections.h,11,"""THE REST"",""X86"""
arch/x86/include/asm/speedstep.h,89,"""THE REST"",""X86"""
arch/x86/include/asm/string.h,32,"""THE REST"",""X86"""
arch/x86/include/asm/turbo.h,31,"""THE REST"",""X86"""
arch/x86/include/asm/types.h,58,"""THE REST"",""X86"""
arch/x86/include/asm/u-boot-x86.h,73,"""THE REST"",""X86"""
arch/x86/include/asm/u-boot.h,29,"""THE REST"",""X86"""
arch/x86/include/asm/unaligned.h,1,"""THE REST"",""X86"""
arch/x86/include/asm/video/edid.h,16,"""THE REST"",""X86"""
arch/x86/include/asm/zimage.h,42,"""THE REST"",""X86"""
arch/x86/lib/Makefile,33,"""THE REST"",""X86"""
arch/x86/lib/asm-offsets.c,25,"""THE REST"",""X86"""
arch/x86/lib/bios.c,348,"""THE REST"",""X86"""
arch/x86/lib/bios.h,100,"""THE REST"",""X86"""
arch/x86/lib/bios_asm.S,281,"""THE REST"",""X86"""
arch/x86/lib/bios_interrupts.c,217,"""THE REST"",""X86"""
arch/x86/lib/bootm.c,204,"""THE REST"",""X86"""
arch/x86/lib/cmd_boot.c,50,"""THE REST"",""X86"""
arch/x86/lib/cmd_hob.c,65,"""THE REST"",""X86"""
arch/x86/lib/gcc.c,40,"""THE REST"",""X86"""
arch/x86/lib/init_helpers.c,89,"""THE REST"",""X86"""
arch/x86/lib/interrupts.c,145,"""THE REST"",""X86"""
arch/x86/lib/pcat_interrupts.c,150,"""THE REST"",""X86"""
arch/x86/lib/pcat_timer.c,27,"""THE REST"",""X86"""
arch/x86/lib/pci_type1.c,53,"""THE REST"",""X86"""
arch/x86/lib/physmem.c,203,"""THE REST"",""X86"""
arch/x86/lib/ramtest.c,79,"""THE REST"",""X86"""
arch/x86/lib/relocate.c,115,"""THE REST"",""X86"""
arch/x86/lib/string.c,132,"""THE REST"",""X86"""
arch/x86/lib/tsc_timer.c,365,"""THE REST"",""X86"""
arch/x86/lib/video.c,205,"""THE REST"",""X86"""
arch/x86/lib/zimage.c,334,"""THE REST"",""X86"""
board/8dtech/eco5pk/Kconfig,12,"""THE REST"""
board/8dtech/eco5pk/MAINTAINERS,6,"""THE REST"""
board/8dtech/eco5pk/Makefile,10,"""THE REST"""
board/8dtech/eco5pk/eco5pk.c,49,"""THE REST"""
board/8dtech/eco5pk/eco5pk.h,392,"""THE REST"""
board/AndesTech/adp-ag101/Kconfig,18,"""THE REST"""
board/AndesTech/adp-ag101/MAINTAINERS,6,"""THE REST"""
board/AndesTech/adp-ag101/Makefile,9,"""THE REST"""
board/AndesTech/adp-ag101/README,74,"""THE REST"""
board/AndesTech/adp-ag101/adp-ag101.c,82,"""THE REST"""
board/AndesTech/adp-ag101p/Kconfig,18,"""THE REST"""
board/AndesTech/adp-ag101p/MAINTAINERS,6,"""THE REST"""
board/AndesTech/adp-ag101p/Makefile,9,"""THE REST"""
board/AndesTech/adp-ag101p/adp-ag101p.c,82,"""THE REST"""
board/AndesTech/adp-ag102/Kconfig,18,"""THE REST"""
board/AndesTech/adp-ag102/MAINTAINERS,6,"""THE REST"""
board/AndesTech/adp-ag102/Makefile,8,"""THE REST"""
board/AndesTech/adp-ag102/adp-ag102.c,91,"""THE REST"""
board/Barix/ipam390/Kconfig,12,"""THE REST"""
board/Barix/ipam390/MAINTAINERS,6,"""THE REST"""
board/Barix/ipam390/Makefile,10,"""THE REST"""
board/Barix/ipam390/README.ipam390,229,"""THE REST"""
board/Barix/ipam390/ipam390-ais-uart.cfg,202,"""THE REST"""
board/Barix/ipam390/ipam390.c,337,"""THE REST"""
board/Barix/ipam390/u-boot-spl-ipam390.lds,58,"""THE REST"""
board/BuR/common/bur_common.h,22,"""THE REST"""
board/BuR/common/common.c,223,"""THE REST"""
board/BuR/kwb/Kconfig,15,"""THE REST"""
board/BuR/kwb/MAINTAINERS,6,"""THE REST"""
board/BuR/kwb/Makefile,12,"""THE REST"""
board/BuR/kwb/board.c,240,"""THE REST"""
board/BuR/kwb/mux.c,197,"""THE REST"""
board/BuR/tseries/Kconfig,15,"""THE REST"""
board/BuR/tseries/MAINTAINERS,8,"""THE REST"""
board/BuR/tseries/Makefile,14,"""THE REST"""
board/BuR/tseries/board.c,149,"""THE REST"""
board/BuR/tseries/mux.c,233,"""THE REST"""
board/BuS/eb_cpu5282/Kconfig,15,"""THE REST"""
board/BuS/eb_cpu5282/MAINTAINERS,7,"""THE REST"""
board/BuS/eb_cpu5282/Makefile,8,"""THE REST"""
board/BuS/eb_cpu5282/eb_cpu5282.c,264,"""THE REST"""
board/BuS/eb_cpu5282/u-boot.lds,82,"""THE REST"""
board/BuS/eb_cpux9k2/Kconfig,15,"""THE REST"""
board/BuS/eb_cpux9k2/MAINTAINERS,7,"""THE REST"""
board/BuS/eb_cpux9k2/Makefile,8,"""THE REST"""
board/BuS/eb_cpux9k2/cpux9k2.c,373,"""THE REST"""
board/BuS/vl_ma2sc/Kconfig,15,"""THE REST"""
board/BuS/vl_ma2sc/MAINTAINERS,7,"""THE REST"""
board/BuS/vl_ma2sc/Makefile,12,"""THE REST"""
board/BuS/vl_ma2sc/vl_ma2sc.c,519,"""THE REST"""
board/CarMediaLab/flea3/Kconfig,15,"""THE REST"""
board/CarMediaLab/flea3/MAINTAINERS,6,"""THE REST"""
board/CarMediaLab/flea3/Makefile,10,"""THE REST"""
board/CarMediaLab/flea3/flea3.c,278,"""THE REST"""
board/CarMediaLab/flea3/lowlevel_init.S,25,"""THE REST"""
board/LaCie/common/common.c,105,"""THE REST"""
board/LaCie/common/common.h,18,"""THE REST"""
board/LaCie/common/cpld-gpio-bus.c,47,"""THE REST"""
board/LaCie/common/cpld-gpio-bus.h,21,"""THE REST"""
board/LaCie/edminiv2/Kconfig,12,"""THE REST"""
board/LaCie/edminiv2/MAINTAINERS,6,"""THE REST"""
board/LaCie/edminiv2/Makefile,12,"""THE REST"""
board/LaCie/edminiv2/config.mk,12,"""THE REST"""
board/LaCie/edminiv2/edminiv2.c,85,"""THE REST"""
board/LaCie/net2big_v2/Kconfig,12,"""THE REST"""
board/LaCie/net2big_v2/MAINTAINERS,11,"""THE REST"""
board/LaCie/net2big_v2/Makefile,15,"""THE REST"""
board/LaCie/net2big_v2/kwbimage.cfg,151,"""THE REST"""
board/LaCie/net2big_v2/net2big_v2.c,253,"""THE REST"""
board/LaCie/net2big_v2/net2big_v2.h,29,"""THE REST"""
board/LaCie/netspace_v2/Kconfig,12,"""THE REST"""
board/LaCie/netspace_v2/MAINTAINERS,14,"""THE REST"""
board/LaCie/netspace_v2/Makefile,12,"""THE REST"""
board/LaCie/netspace_v2/kwbimage-is2.cfg,151,"""THE REST"""
board/LaCie/netspace_v2/kwbimage-ns2l.cfg,151,"""THE REST"""
board/LaCie/netspace_v2/kwbimage.cfg,151,"""THE REST"""
board/LaCie/netspace_v2/netspace_v2.c,117,"""THE REST"""
board/LaCie/netspace_v2/netspace_v2.h,23,"""THE REST"""
board/LaCie/wireless_space/Kconfig,12,"""THE REST"""
board/LaCie/wireless_space/MAINTAINERS,6,"""THE REST"""
board/LaCie/wireless_space/Makefile,12,"""THE REST"""
board/LaCie/wireless_space/kwbimage.cfg,71,"""THE REST"""
board/LaCie/wireless_space/wireless_space.c,165,"""THE REST"""
board/Marvell/aspenite/Kconfig,15,"""THE REST"""
board/Marvell/aspenite/MAINTAINERS,6,"""THE REST"""
board/Marvell/aspenite/Makefile,10,"""THE REST"""
board/Marvell/aspenite/aspenite.c,43,"""THE REST"""
board/Marvell/common/bootseq.txt,94,"""THE REST"""
board/Marvell/common/i2c.h,16,"""THE REST"""
board/Marvell/common/intel_flash.h,170,"""THE REST"""
board/Marvell/common/memory.c,1374,"""THE REST"""
board/Marvell/common/ns16550.c,66,"""THE REST"""
board/Marvell/common/ns16550.h,102,"""THE REST"""
board/Marvell/common/serial.c,162,"""THE REST"""
board/Marvell/db-mv784mp-gp/Kconfig,15,"""THE REST"""
board/Marvell/db-mv784mp-gp/MAINTAINERS,6,"""THE REST"""
board/Marvell/db-mv784mp-gp/Makefile,7,"""THE REST"""
board/Marvell/db-mv784mp-gp/binary.0,17,"""THE REST"""
board/Marvell/db-mv784mp-gp/db-mv784mp-gp.c,120,"""THE REST"""
board/Marvell/db-mv784mp-gp/kwbimage.cfg,12,"""THE REST"""
board/Marvell/dkb/Kconfig,15,"""THE REST"""
board/Marvell/dkb/MAINTAINERS,6,"""THE REST"""
board/Marvell/dkb/Makefile,9,"""THE REST"""
board/Marvell/dkb/dkb.c,85,"""THE REST"""
board/Marvell/dreamplug/Kconfig,12,"""THE REST"""
board/Marvell/dreamplug/MAINTAINERS,6,"""THE REST"""
board/Marvell/dreamplug/Makefile,12,"""THE REST"""
board/Marvell/dreamplug/dreamplug.c,136,"""THE REST"""
board/Marvell/dreamplug/dreamplug.h,26,"""THE REST"""
board/Marvell/dreamplug/kwbimage.cfg,147,"""THE REST"""
board/Marvell/gplugd/Kconfig,15,"""THE REST"""
board/Marvell/gplugd/MAINTAINERS,6,"""THE REST"""
board/Marvell/gplugd/Makefile,15,"""THE REST"""
board/Marvell/gplugd/gplugd.c,130,"""THE REST"""
board/Marvell/guruplug/Kconfig,12,"""THE REST"""
board/Marvell/guruplug/MAINTAINERS,6,"""THE REST"""
board/Marvell/guruplug/Makefile,9,"""THE REST"""
board/Marvell/guruplug/guruplug.c,138,"""THE REST"""
board/Marvell/guruplug/guruplug.h,23,"""THE REST"""
board/Marvell/guruplug/kwbimage.cfg,146,"""THE REST"""
board/Marvell/include/memory.h,173,"""THE REST"""
board/Marvell/include/pci.h,293,"""THE REST"""
board/Marvell/mv88f6281gtw_ge/Kconfig,12,"""THE REST"""
board/Marvell/mv88f6281gtw_ge/MAINTAINERS,6,"""THE REST"""
board/Marvell/mv88f6281gtw_ge/Makefile,9,"""THE REST"""
board/Marvell/mv88f6281gtw_ge/kwbimage.cfg,149,"""THE REST"""
board/Marvell/mv88f6281gtw_ge/mv88f6281gtw_ge.c,119,"""THE REST"""
board/Marvell/mv88f6281gtw_ge/mv88f6281gtw_ge.h,20,"""THE REST"""
board/Marvell/openrd/Kconfig,12,"""THE REST"""
board/Marvell/openrd/MAINTAINERS,12,"""THE REST"""
board/Marvell/openrd/Makefile,14,"""THE REST"""
board/Marvell/openrd/kwbimage.cfg,152,"""THE REST"""
board/Marvell/openrd/openrd.c,161,"""THE REST"""
board/Marvell/openrd/openrd.h,30,"""THE REST"""
board/Marvell/rd6281a/Kconfig,12,"""THE REST"""
board/Marvell/rd6281a/MAINTAINERS,6,"""THE REST"""
board/Marvell/rd6281a/Makefile,9,"""THE REST"""
board/Marvell/rd6281a/kwbimage.cfg,151,"""THE REST"""
board/Marvell/rd6281a/rd6281a.c,157,"""THE REST"""
board/Marvell/rd6281a/rd6281a.h,25,"""THE REST"""
board/Marvell/sheevaplug/Kconfig,12,"""THE REST"""
board/Marvell/sheevaplug/MAINTAINERS,6,"""THE REST"""
board/Marvell/sheevaplug/Makefile,9,"""THE REST"""
board/Marvell/sheevaplug/kwbimage.cfg,146,"""THE REST"""
board/Marvell/sheevaplug/sheevaplug.c,133,"""THE REST"""
board/Marvell/sheevaplug/sheevaplug.h,25,"""THE REST"""
board/Seagate/dockstar/Kconfig,12,"""THE REST"""
board/Seagate/dockstar/MAINTAINERS,6,"""THE REST"""
board/Seagate/dockstar/Makefile,12,"""THE REST"""
board/Seagate/dockstar/dockstar.c,167,"""THE REST"""
board/Seagate/dockstar/dockstar.h,28,"""THE REST"""
board/Seagate/dockstar/kwbimage.cfg,149,"""THE REST"""
board/Seagate/goflexhome/Kconfig,12,"""THE REST"""
board/Seagate/goflexhome/MAINTAINERS,6,"""THE REST"""
board/Seagate/goflexhome/Makefile,15,"""THE REST"""
board/Seagate/goflexhome/goflexhome.c,173,"""THE REST"""
board/Seagate/goflexhome/kwbimage.cfg,152,"""THE REST"""
board/a3m071/Kconfig,9,"""THE REST"""
board/a3m071/MAINTAINERS,7,"""THE REST"""
board/a3m071/Makefile,5,"""THE REST"""
board/a3m071/README,80,"""THE REST"""
board/a3m071/a3m071.c,477,"""THE REST"""
board/a3m071/is46r16320d.h,24,"""THE REST"""
board/a3m071/mt46v16m16-75.h,21,"""THE REST"""
board/a4m072/Kconfig,9,"""THE REST"""
board/a4m072/MAINTAINERS,6,"""THE REST"""
board/a4m072/Makefile,8,"""THE REST"""
board/a4m072/a4m072.c,475,"""THE REST"""
board/a4m072/mt46v32m16.h,21,"""THE REST"""
board/abilis/tb100/Kconfig,15,"""THE REST"""
board/abilis/tb100/MAINTAINERS,6,"""THE REST"""
board/abilis/tb100/Makefile,7,"""THE REST"""
board/abilis/tb100/tb100.c,23,"""THE REST"""
board/afeb9260/Kconfig,12,"""THE REST"""
board/afeb9260/MAINTAINERS,6,"""THE REST"""
board/afeb9260/Makefile,13,"""THE REST"""
board/afeb9260/afeb9260.c,159,"""THE REST"""
board/afeb9260/config.mk,1,"""THE REST"""
board/afeb9260/partition.c,21,"""THE REST"""
board/ait/cam_enc_4xx/Kconfig,12,"""THE REST"""
board/ait/cam_enc_4xx/MAINTAINERS,6,"""THE REST"""
board/ait/cam_enc_4xx/Makefile,10,"""THE REST"""
board/ait/cam_enc_4xx/cam_enc_4xx.c,1106,"""THE REST"""
board/ait/cam_enc_4xx/config.mk,20,"""THE REST"""
board/ait/cam_enc_4xx/u-boot-spl.lds,57,"""THE REST"""
board/ait/cam_enc_4xx/ublimage.cfg,31,"""THE REST"""
board/alphaproject/ap_sh4a_4a/Kconfig,12,"""THE REST"""
board/alphaproject/ap_sh4a_4a/MAINTAINERS,7,"""THE REST"""
board/alphaproject/ap_sh4a_4a/Makefile,7,"""THE REST"""
board/alphaproject/ap_sh4a_4a/ap_sh4a_4a.c,183,"""THE REST"""
board/alphaproject/ap_sh4a_4a/lowlevel_init.S,450,"""THE REST"""
board/altera/common/cfide.c,33,"""THE REST"""
board/altera/nios2-generic/Kconfig,12,"""THE REST"""
board/altera/nios2-generic/MAINTAINERS,6,"""THE REST"""
board/altera/nios2-generic/Makefile,10,"""THE REST"""
board/altera/nios2-generic/config.mk,12,"""THE REST"""
board/altera/nios2-generic/custom_fpga.h,89,"""THE REST"""
board/altera/nios2-generic/nios2-generic.c,85,"""THE REST"""
board/altera/socfpga/Kconfig,15,"""ARM ALTERA SOCFPGA"",""THE REST"""
board/altera/socfpga/MAINTAINERS,12,"""ARM ALTERA SOCFPGA"",""THE REST"""
board/altera/socfpga/Makefile,10,"""ARM ALTERA SOCFPGA"",""THE REST"""
board/altera/socfpga/iocsr_config.c,657,"""ARM ALTERA SOCFPGA"",""THE REST"""
board/altera/socfpga/iocsr_config.h,17,"""ARM ALTERA SOCFPGA"",""THE REST"""
board/altera/socfpga/pinmux_config.c,214,"""ARM ALTERA SOCFPGA"",""THE REST"""
board/altera/socfpga/pinmux_config.h,54,"""ARM ALTERA SOCFPGA"",""THE REST"""
board/altera/socfpga/pll_config.h,121,"""ARM ALTERA SOCFPGA"",""THE REST"""
board/altera/socfpga/socfpga_cyclone5.c,100,"""ARM ALTERA SOCFPGA"",""THE REST"""
board/amcc/acadia/Kconfig,12,"""THE REST"""
board/amcc/acadia/MAINTAINERS,6,"""THE REST"""
board/amcc/acadia/Makefile,8,"""THE REST"""
board/amcc/acadia/acadia.c,101,"""THE REST"""
board/amcc/acadia/cmd_acadia.c,82,"""THE REST"""
board/amcc/acadia/config.mk,14,"""THE REST"""
board/amcc/acadia/memory.c,81,"""THE REST"""
board/amcc/acadia/pll.c,137,"""THE REST"""
board/amcc/bamboo/Kconfig,12,"""THE REST"""
board/amcc/bamboo/MAINTAINERS,6,"""THE REST"""
board/amcc/bamboo/Makefile,9,"""THE REST"""
board/amcc/bamboo/README,77,"""THE REST"""
board/amcc/bamboo/bamboo.c,1896,"""THE REST"""
board/amcc/bamboo/bamboo.h,348,"""THE REST"""
board/amcc/bamboo/config.mk,16,"""THE REST"""
board/amcc/bamboo/flash.c,155,"""THE REST"""
board/amcc/bamboo/init.S,55,"""THE REST"""
board/amcc/bubinga/Kconfig,12,"""THE REST"""
board/amcc/bubinga/MAINTAINERS,6,"""THE REST"""
board/amcc/bubinga/Makefile,8,"""THE REST"""
board/amcc/bubinga/bubinga.c,64,"""THE REST"""
board/amcc/bubinga/flash.c,188,"""THE REST"""
board/amcc/canyonlands/Kconfig,12,"""THE REST"""
board/amcc/canyonlands/MAINTAINERS,8,"""THE REST"""
board/amcc/canyonlands/Makefile,10,"""THE REST"""
board/amcc/canyonlands/canyonlands.c,521,"""THE REST"""
board/amcc/canyonlands/chip_config.c,72,"""THE REST"""
board/amcc/canyonlands/config.mk,19,"""THE REST"""
board/amcc/canyonlands/init.S,91,"""THE REST"""
board/amcc/common/flash.c,934,"""THE REST"""
board/amcc/ebony/Kconfig,12,"""THE REST"""
board/amcc/ebony/MAINTAINERS,6,"""THE REST"""
board/amcc/ebony/Makefile,9,"""THE REST"""
board/amcc/ebony/README,136,"""THE REST"""
board/amcc/ebony/config.mk,16,"""THE REST"""
board/amcc/ebony/ebony.c,151,"""THE REST"""
board/amcc/ebony/flash.c,155,"""THE REST"""
board/amcc/ebony/init.S,41,"""THE REST"""
board/amcc/katmai/Kconfig,12,"""THE REST"""
board/amcc/katmai/MAINTAINERS,6,"""THE REST"""
board/amcc/katmai/Makefile,10,"""THE REST"""
board/amcc/katmai/chip_config.c,38,"""THE REST"""
board/amcc/katmai/config.mk,20,"""THE REST"""
board/amcc/katmai/init.S,103,"""THE REST"""
board/amcc/katmai/katmai.c,270,"""THE REST"""
board/amcc/kilauea/Kconfig,12,"""THE REST"""
board/amcc/kilauea/MAINTAINERS,7,"""THE REST"""
board/amcc/kilauea/Makefile,9,"""THE REST"""
board/amcc/kilauea/chip_config.c,72,"""THE REST"""
board/amcc/kilauea/config.mk,10,"""THE REST"""
board/amcc/kilauea/kilauea.c,309,"""THE REST"""
board/amcc/luan/Kconfig,12,"""THE REST"""
board/amcc/luan/MAINTAINERS,6,"""THE REST"""
board/amcc/luan/Makefile,9,"""THE REST"""
board/amcc/luan/config.mk,16,"""THE REST"""
board/amcc/luan/epld.h,85,"""THE REST"""
board/amcc/luan/flash.c,95,"""THE REST"""
board/amcc/luan/init.S,59,"""THE REST"""
board/amcc/luan/luan.c,223,"""THE REST"""
board/amcc/makalu/Kconfig,12,"""THE REST"""
board/amcc/makalu/MAINTAINERS,6,"""THE REST"""
board/amcc/makalu/Makefile,9,"""THE REST"""
board/amcc/makalu/cmd_pll.c,279,"""THE REST"""
board/amcc/makalu/init.S,15,"""THE REST"""
board/amcc/makalu/makalu.c,223,"""THE REST"""
board/amcc/ocotea/Kconfig,12,"""THE REST"""
board/amcc/ocotea/MAINTAINERS,6,"""THE REST"""
board/amcc/ocotea/Makefile,9,"""THE REST"""
board/amcc/ocotea/README.ocotea,73,"""THE REST"""
board/amcc/ocotea/README.ocotea-PIBS-to-U-Boot,99,"""THE REST"""
board/amcc/ocotea/config.mk,20,"""THE REST"""
board/amcc/ocotea/flash.c,134,"""THE REST"""
board/amcc/ocotea/init.S,42,"""THE REST"""
board/amcc/ocotea/ocotea.c,387,"""THE REST"""
board/amcc/ocotea/ocotea.h,125,"""THE REST"""
board/amcc/redwood/Kconfig,12,"""THE REST"""
board/amcc/redwood/MAINTAINERS,6,"""THE REST"""
board/amcc/redwood/Makefile,9,"""THE REST"""
board/amcc/redwood/config.mk,20,"""THE REST"""
board/amcc/redwood/init.S,62,"""THE REST"""
board/amcc/redwood/redwood.c,440,"""THE REST"""
board/amcc/redwood/redwood.h,34,"""THE REST"""
board/amcc/sequoia/Kconfig,12,"""THE REST"""
board/amcc/sequoia/MAINTAINERS,9,"""THE REST"""
board/amcc/sequoia/Makefile,10,"""THE REST"""
board/amcc/sequoia/chip_config.c,105,"""THE REST"""
board/amcc/sequoia/config.mk,19,"""THE REST"""
board/amcc/sequoia/init.S,79,"""THE REST"""
board/amcc/sequoia/sdram.c,92,"""THE REST"""
board/amcc/sequoia/sequoia.c,413,"""THE REST"""
board/amcc/sequoia/u-boot-ram.lds,79,"""THE REST"""
board/amcc/taihu/Kconfig,12,"""THE REST"""
board/amcc/taihu/MAINTAINERS,6,"""THE REST"""
board/amcc/taihu/Makefile,8,"""THE REST"""
board/amcc/taihu/flash.c,1063,"""THE REST"""
board/amcc/taihu/lcd.c,237,"""THE REST"""
board/amcc/taihu/taihu.c,180,"""THE REST"""
board/amcc/taihu/update.c,116,"""THE REST"""
board/amcc/taishan/Kconfig,12,"""THE REST"""
board/amcc/taishan/MAINTAINERS,6,"""THE REST"""
board/amcc/taishan/Makefile,9,"""THE REST"""
board/amcc/taishan/config.mk,20,"""THE REST"""
board/amcc/taishan/init.S,35,"""THE REST"""
board/amcc/taishan/lcd.c,358,"""THE REST"""
board/amcc/taishan/showinfo.c,220,"""THE REST"""
board/amcc/taishan/taishan.c,201,"""THE REST"""
board/amcc/taishan/update.c,62,"""THE REST"""
board/amcc/walnut/Kconfig,12,"""THE REST"""
board/amcc/walnut/MAINTAINERS,7,"""THE REST"""
board/amcc/walnut/Makefile,8,"""THE REST"""
board/amcc/walnut/flash.c,183,"""THE REST"""
board/amcc/walnut/walnut.c,80,"""THE REST"""
board/amcc/yosemite/Kconfig,12,"""THE REST"""
board/amcc/yosemite/MAINTAINERS,7,"""THE REST"""
board/amcc/yosemite/Makefile,9,"""THE REST"""
board/amcc/yosemite/config.mk,16,"""THE REST"""
board/amcc/yosemite/init.S,49,"""THE REST"""
board/amcc/yosemite/yosemite.c,357,"""THE REST"""
board/amcc/yucca/Kconfig,12,"""THE REST"""
board/amcc/yucca/MAINTAINERS,6,"""THE REST"""
board/amcc/yucca/Makefile,9,"""THE REST"""
board/amcc/yucca/cmd_yucca.c,268,"""THE REST"""
board/amcc/yucca/config.mk,26,"""THE REST"""
board/amcc/yucca/flash.c,1033,"""THE REST"""
board/amcc/yucca/init.S,106,"""THE REST"""
board/amcc/yucca/yucca.c,714,"""THE REST"""
board/amcc/yucca/yucca.h,350,"""THE REST"""
board/aristainetos/Kconfig,12,"""THE REST"""
board/aristainetos/MAINTAINERS,6,"""THE REST"""
board/aristainetos/Makefile,9,"""THE REST"""
board/aristainetos/aristainetos.c,525,"""THE REST"""
board/aristainetos/aristainetos.cfg,33,"""THE REST"""
board/aristainetos/clocks.cfg,24,"""THE REST"""
board/aristainetos/ddr-setup.cfg,61,"""THE REST"""
board/aristainetos/mt41j128M.cfg,70,"""THE REST"""
board/armadeus/apf27/Kconfig,15,"""THE REST"""
board/armadeus/apf27/MAINTAINERS,7,"""THE REST"""
board/armadeus/apf27/Makefile,12,"""THE REST"""
board/armadeus/apf27/apf27.c,256,"""THE REST"""
board/armadeus/apf27/apf27.h,489,"""THE REST"""
board/armadeus/apf27/fpga.c,225,"""THE REST"""
board/armadeus/apf27/fpga.h,25,"""THE REST"""
board/armadeus/apf27/lowlevel_init.S,168,"""THE REST"""
board/armltd/integrator/Kconfig,103,"""THE REST"""
board/armltd/integrator/MAINTAINERS,14,"""THE REST"""
board/armltd/integrator/Makefile,16,"""THE REST"""
board/armltd/integrator/README,110,"""THE REST"""
board/armltd/integrator/arm-ebi.h,46,"""THE REST"""
board/armltd/integrator/integrator-sc.h,75,"""THE REST"""
board/armltd/integrator/integrator.c,165,"""THE REST"""
board/armltd/integrator/lowlevel_init.S,197,"""THE REST"""
board/armltd/integrator/pci.c,459,"""THE REST"""
board/armltd/integrator/pci_v3.h,188,"""THE REST"""
board/armltd/integrator/timer.c,168,"""THE REST"""
board/armltd/versatile/MAINTAINERS,8,"""THE REST"""
board/armltd/versatile/Makefile,9,"""THE REST"""
board/armltd/versatile/lowlevel_init.S,18,"""THE REST"""
board/armltd/versatile/versatile.c,99,"""THE REST"""
board/armltd/vexpress/Kconfig,38,"""THE REST"""
board/armltd/vexpress/MAINTAINERS,14,"""THE REST"""
board/armltd/vexpress/Makefile,8,"""THE REST"""
board/armltd/vexpress/vexpress_common.c,197,"""THE REST"""
board/armltd/vexpress64/Kconfig,12,"""THE REST"""
board/armltd/vexpress64/MAINTAINERS,11,"""THE REST"""
board/armltd/vexpress64/Makefile,8,"""THE REST"""
board/armltd/vexpress64/vexpress64.c,147,"""THE REST"""
board/astro/mcf5373l/Kconfig,15,"""THE REST"""
board/astro/mcf5373l/MAINTAINERS,6,"""THE REST"""
board/astro/mcf5373l/Makefile,8,"""THE REST"""
board/astro/mcf5373l/astro.h,44,"""THE REST"""
board/astro/mcf5373l/fpga.c,409,"""THE REST"""
board/astro/mcf5373l/mcf5373l.c,195,"""THE REST"""
board/astro/mcf5373l/u-boot.lds,86,"""THE REST"""
board/atmark-techno/armadillo-800eva/Kconfig,12,"""THE REST"""
board/atmark-techno/armadillo-800eva/MAINTAINERS,6,"""THE REST"""
board/atmark-techno/armadillo-800eva/Makefile,20,"""THE REST"""
board/atmark-techno/armadillo-800eva/armadillo-800eva.c,328,"""THE REST"""
board/atmel/at91rm9200ek/Kconfig,15,"""THE REST"""
board/atmel/at91rm9200ek/MAINTAINERS,7,"""THE REST"""
board/atmel/at91rm9200ek/Makefile,9,"""THE REST"""
board/atmel/at91rm9200ek/at91rm9200ek.c,61,"""THE REST"""
board/atmel/at91rm9200ek/led.c,74,"""THE REST"""
board/atmel/at91sam9260ek/Kconfig,15,"""THE REST"""
board/atmel/at91sam9260ek/MAINTAINERS,16,"""THE REST"""
board/atmel/at91sam9260ek/Makefile,14,"""THE REST"""
board/atmel/at91sam9260ek/at91sam9260ek.c,175,"""THE REST"""
board/atmel/at91sam9260ek/led.c,22,"""THE REST"""
board/atmel/at91sam9260ek/partition.c,26,"""THE REST"""
board/atmel/at91sam9261ek/Kconfig,15,"""THE REST"""
board/atmel/at91sam9261ek/MAINTAINERS,11,"""THE REST"""
board/atmel/at91sam9261ek/Makefile,14,"""THE REST"""
board/atmel/at91sam9261ek/at91sam9261ek.c,281,"""THE REST"""
board/atmel/at91sam9261ek/led.c,30,"""THE REST"""
board/atmel/at91sam9261ek/partition.c,26,"""THE REST"""
board/atmel/at91sam9263ek/Kconfig,15,"""THE REST"""
board/atmel/at91sam9263ek/MAINTAINERS,10,"""THE REST"""
board/atmel/at91sam9263ek/Makefile,14,"""THE REST"""
board/atmel/at91sam9263ek/at91sam9263ek.c,287,"""THE REST"""
board/atmel/at91sam9263ek/led.c,30,"""THE REST"""
board/atmel/at91sam9263ek/partition.c,25,"""THE REST"""
board/atmel/at91sam9m10g45ek/Kconfig,15,"""THE REST"""
board/atmel/at91sam9m10g45ek/MAINTAINERS,7,"""THE REST"""
board/atmel/at91sam9m10g45ek/Makefile,13,"""THE REST"""
board/atmel/at91sam9m10g45ek/at91sam9m10g45ek.c,325,"""THE REST"""
board/atmel/at91sam9m10g45ek/led.c,27,"""THE REST"""
board/atmel/at91sam9n12ek/Kconfig,15,"""THE REST"""
board/atmel/at91sam9n12ek/MAINTAINERS,8,"""THE REST"""
board/atmel/at91sam9n12ek/Makefile,16,"""THE REST"""
board/atmel/at91sam9n12ek/at91sam9n12ek.c,259,"""THE REST"""
board/atmel/at91sam9rlek/Kconfig,15,"""THE REST"""
board/atmel/at91sam9rlek/MAINTAINERS,7,"""THE REST"""
board/atmel/at91sam9rlek/Makefile,14,"""THE REST"""
board/atmel/at91sam9rlek/at91sam9rlek.c,203,"""THE REST"""
board/atmel/at91sam9rlek/led.c,29,"""THE REST"""
board/atmel/at91sam9rlek/partition.c,25,"""THE REST"""
board/atmel/at91sam9x5ek/Kconfig,15,"""THE REST"""
board/atmel/at91sam9x5ek/MAINTAINERS,9,"""THE REST"""
board/atmel/at91sam9x5ek/Makefile,16,"""THE REST"""
board/atmel/at91sam9x5ek/at91sam9x5ek.c,295,"""THE REST"""
board/atmel/atngw100/Kconfig,15,"""THE REST"""
board/atmel/atngw100/MAINTAINERS,6,"""THE REST"""
board/atmel/atngw100/Makefile,6,"""THE REST"""
board/atmel/atngw100/atngw100.c,125,"""THE REST"""
board/atmel/atngw100mkii/Kconfig,15,"""THE REST"""
board/atmel/atngw100mkii/MAINTAINERS,6,"""THE REST"""
board/atmel/atngw100mkii/Makefile,6,"""THE REST"""
board/atmel/atngw100mkii/atngw100mkii.c,140,"""THE REST"""
board/atmel/atstk1000/Kconfig,63,"""THE REST"""
board/atmel/atstk1000/MAINTAINERS,12,"""THE REST"""
board/atmel/atstk1000/Makefile,9,"""THE REST"""
board/atmel/atstk1000/atstk1000.c,125,"""THE REST"""
board/atmel/sama5d3_xplained/Kconfig,15,"""THE REST"""
board/atmel/sama5d3_xplained/MAINTAINERS,7,"""THE REST"""
board/atmel/sama5d3_xplained/Makefile,15,"""THE REST"""
board/atmel/sama5d3_xplained/sama5d3_xplained.c,217,"""THE REST"""
board/atmel/sama5d3xek/Kconfig,15,"""THE REST"""
board/atmel/sama5d3xek/MAINTAINERS,8,"""THE REST"""
board/atmel/sama5d3xek/Makefile,15,"""THE REST"""
board/atmel/sama5d3xek/sama5d3xek.c,456,"""THE REST"""
board/atmel/sama5d4_xplained/Kconfig,15,"""THE REST"""
board/atmel/sama5d4_xplained/MAINTAINERS,8,"""THE REST"""
board/atmel/sama5d4_xplained/Makefile,8,"""THE REST"""
board/atmel/sama5d4_xplained/sama5d4_xplained.c,317,"""THE REST"""
board/atmel/sama5d4ek/Kconfig,15,"""THE REST"""
board/atmel/sama5d4ek/MAINTAINERS,8,"""THE REST"""
board/atmel/sama5d4ek/Makefile,8,"""THE REST"""
board/atmel/sama5d4ek/sama5d4ek.c,316,"""THE REST"""
board/avionic-design/common/pinmux-config-tamonten-ng.h,385,"""THE REST"""
board/avionic-design/common/tamonten-ng.c,93,"""THE REST"""
board/avionic-design/common/tamonten.c,44,"""THE REST"""
board/avionic-design/medcom-wide/Kconfig,12,"""THE REST"""
board/avionic-design/medcom-wide/MAINTAINERS,6,"""THE REST"""
board/avionic-design/medcom-wide/Makefile,12,"""THE REST"""
board/avionic-design/plutux/Kconfig,12,"""THE REST"""
board/avionic-design/plutux/MAINTAINERS,6,"""THE REST"""
board/avionic-design/plutux/Makefile,12,"""THE REST"""
board/avionic-design/tec-ng/Kconfig,12,"""THE REST"""
board/avionic-design/tec-ng/MAINTAINERS,6,"""THE REST"""
board/avionic-design/tec-ng/Makefile,10,"""THE REST"""
board/avionic-design/tec/Kconfig,12,"""THE REST"""
board/avionic-design/tec/MAINTAINERS,6,"""THE REST"""
board/avionic-design/tec/Makefile,12,"""THE REST"""
board/avnet/fx12mm/Kconfig,12,"""THE REST"""
board/avnet/fx12mm/MAINTAINERS,7,"""THE REST"""
board/avnet/fx12mm/Makefile,11,"""THE REST"""
board/avnet/fx12mm/fx12mm.c,34,"""THE REST"""
board/avnet/fx12mm/xparameters.h,35,"""THE REST"""
board/avnet/v5fx30teval/Kconfig,12,"""THE REST"""
board/avnet/v5fx30teval/MAINTAINERS,7,"""THE REST"""
board/avnet/v5fx30teval/Makefile,11,"""THE REST"""
board/avnet/v5fx30teval/v5fx30teval.c,17,"""THE REST"""
board/avnet/v5fx30teval/xparameters.h,22,"""THE REST"""
board/bachmann/ot1200/Kconfig,15,"""THE REST"""
board/bachmann/ot1200/MAINTAINERS,6,"""THE REST"""
board/bachmann/ot1200/Makefile,9,"""THE REST"""
board/bachmann/ot1200/README,20,"""THE REST"""
board/bachmann/ot1200/mx6q_4x_mt41j128.cfg,169,"""THE REST"""
board/bachmann/ot1200/ot1200.c,323,"""THE REST"""
board/balloon3/Kconfig,9,"""THE REST"""
board/balloon3/MAINTAINERS,6,"""THE REST"""
board/balloon3/Makefile,9,"""THE REST"""
board/balloon3/balloon3.c,221,"""THE REST"""
board/barco/titanium/Kconfig,15,"""THE REST"""
board/barco/titanium/MAINTAINERS,6,"""THE REST"""
board/barco/titanium/Makefile,9,"""THE REST"""
board/barco/titanium/imximage.cfg,167,"""THE REST"""
board/barco/titanium/titanium.c,317,"""THE REST"""
board/bc3450/Kconfig,9,"""THE REST"""
board/bc3450/MAINTAINERS,6,"""THE REST"""
board/bc3450/Makefile,8,"""THE REST"""
board/bc3450/bc3450.c,586,"""THE REST"""
board/bc3450/cmd_bc3450.c,805,"""THE REST"""
board/bc3450/mt48lc16m16a2-75.h,18,"""THE REST"""
board/bct-brettl2/Kconfig,9,"""THE REST"""
board/bct-brettl2/MAINTAINERS,6,"""THE REST"""
board/bct-brettl2/Makefile,13,"""THE REST"""
board/bct-brettl2/bct-brettl2.c,122,"""THE REST"""
board/bct-brettl2/cled.c,32,"""THE REST"""
board/bct-brettl2/gpio_cfi_flash.c,4,"""THE REST"""
board/bct-brettl2/smsc9303.c,176,"""THE REST"""
board/bct-brettl2/smsc9303.h,9,"""THE REST"""
board/bf506f-ezkit/Kconfig,9,"""THE REST"""
board/bf506f-ezkit/MAINTAINERS,6,"""THE REST"""
board/bf506f-ezkit/Makefile,12,"""THE REST"""
board/bf506f-ezkit/bf506f-ezkit.c,27,"""THE REST"""
board/bf518f-ezbrd/Kconfig,9,"""THE REST"""
board/bf518f-ezbrd/MAINTAINERS,6,"""THE REST"""
board/bf518f-ezbrd/Makefile,12,"""THE REST"""
board/bf518f-ezbrd/bf518f-ezbrd.c,176,"""THE REST"""
board/bf525-ucr2/Kconfig,9,"""THE REST"""
board/bf525-ucr2/MAINTAINERS,7,"""THE REST"""
board/bf525-ucr2/Makefile,12,"""THE REST"""
board/bf525-ucr2/bf525-ucr2.c,16,"""THE REST"""
board/bf526-ezbrd/Kconfig,9,"""THE REST"""
board/bf526-ezbrd/MAINTAINERS,6,"""THE REST"""
board/bf526-ezbrd/Makefile,12,"""THE REST"""
board/bf526-ezbrd/bf526-ezbrd.c,74,"""THE REST"""
board/bf527-ad7160-eval/Kconfig,9,"""THE REST"""
board/bf527-ad7160-eval/MAINTAINERS,6,"""THE REST"""
board/bf527-ad7160-eval/Makefile,12,"""THE REST"""
board/bf527-ad7160-eval/bf527-ad7160-eval.c,25,"""THE REST"""
board/bf527-ezkit/Kconfig,9,"""THE REST"""
board/bf527-ezkit/MAINTAINERS,7,"""THE REST"""
board/bf527-ezkit/Makefile,13,"""THE REST"""
board/bf527-ezkit/bf527-ezkit.c,81,"""THE REST"""
board/bf527-ezkit/video.c,447,"""THE REST"""
board/bf527-sdp/Kconfig,9,"""THE REST"""
board/bf527-sdp/MAINTAINERS,6,"""THE REST"""
board/bf527-sdp/Makefile,12,"""THE REST"""
board/bf527-sdp/bf527-sdp.c,32,"""THE REST"""
board/bf527-sdp/config.mk,11,"""THE REST"""
board/bf533-ezkit/Kconfig,9,"""THE REST"""
board/bf533-ezkit/MAINTAINERS,6,"""THE REST"""
board/bf533-ezkit/Makefile,12,"""THE REST"""
board/bf533-ezkit/bf533-ezkit.c,44,"""THE REST"""
board/bf533-ezkit/config.mk,11,"""THE REST"""
board/bf533-ezkit/flash-defines.h,106,"""THE REST"""
board/bf533-ezkit/flash.c,473,"""THE REST"""
board/bf533-ezkit/psd4256.h,51,"""THE REST"""
board/bf533-stamp/Kconfig,9,"""THE REST"""
board/bf533-stamp/MAINTAINERS,6,"""THE REST"""
board/bf533-stamp/Makefile,14,"""THE REST"""
board/bf533-stamp/bf533-stamp.c,119,"""THE REST"""
board/bf533-stamp/config.mk,11,"""THE REST"""
board/bf533-stamp/ide-cf.c,98,"""THE REST"""
board/bf533-stamp/video.c,171,"""THE REST"""
board/bf533-stamp/video.h,22,"""THE REST"""
board/bf537-minotaur/Kconfig,9,"""THE REST"""
board/bf537-minotaur/MAINTAINERS,6,"""THE REST"""
board/bf537-minotaur/Makefile,12,"""THE REST"""
board/bf537-minotaur/bf537-minotaur.c,48,"""THE REST"""
board/bf537-minotaur/config.mk,11,"""THE REST"""
board/bf537-pnav/Kconfig,9,"""THE REST"""
board/bf537-pnav/MAINTAINERS,6,"""THE REST"""
board/bf537-pnav/Makefile,12,"""THE REST"""
board/bf537-pnav/bf537-pnav.c,48,"""THE REST"""
board/bf537-srv1/Kconfig,9,"""THE REST"""
board/bf537-srv1/MAINTAINERS,6,"""THE REST"""
board/bf537-srv1/Makefile,12,"""THE REST"""
board/bf537-srv1/bf537-srv1.c,48,"""THE REST"""
board/bf537-srv1/config.mk,11,"""THE REST"""
board/bf537-stamp/Kconfig,9,"""THE REST"""
board/bf537-stamp/MAINTAINERS,6,"""THE REST"""
board/bf537-stamp/Makefile,14,"""THE REST"""
board/bf537-stamp/bf537-stamp.c,82,"""THE REST"""
board/bf537-stamp/config.mk,12,"""THE REST"""
board/bf537-stamp/ide-cf.c,66,"""THE REST"""
board/bf537-stamp/post-memory.c,257,"""THE REST"""
board/bf538f-ezkit/Kconfig,9,"""THE REST"""
board/bf538f-ezkit/MAINTAINERS,6,"""THE REST"""
board/bf538f-ezkit/Makefile,12,"""THE REST"""
board/bf538f-ezkit/bf538f-ezkit.c,28,"""THE REST"""
board/bf538f-ezkit/config.mk,11,"""THE REST"""
board/bf548-ezkit/Kconfig,9,"""THE REST"""
board/bf548-ezkit/MAINTAINERS,6,"""THE REST"""
board/bf548-ezkit/Makefile,13,"""THE REST"""
board/bf548-ezkit/bf548-ezkit.c,64,"""THE REST"""
board/bf548-ezkit/config.mk,15,"""THE REST"""
board/bf548-ezkit/video.c,337,"""THE REST"""
board/bf561-acvilon/Kconfig,9,"""THE REST"""
board/bf561-acvilon/MAINTAINERS,6,"""THE REST"""
board/bf561-acvilon/Makefile,14,"""THE REST"""
board/bf561-acvilon/bf561-acvilon.c,38,"""THE REST"""
board/bf561-acvilon/config.mk,11,"""THE REST"""
board/bf561-ezkit/Kconfig,9,"""THE REST"""
board/bf561-ezkit/MAINTAINERS,6,"""THE REST"""
board/bf561-ezkit/Makefile,12,"""THE REST"""
board/bf561-ezkit/bf561-ezkit.c,30,"""THE REST"""
board/bf561-ezkit/config.mk,11,"""THE REST"""
board/bf609-ezkit/Kconfig,9,"""THE REST"""
board/bf609-ezkit/MAINTAINERS,6,"""THE REST"""
board/bf609-ezkit/Makefile,13,"""THE REST"""
board/bf609-ezkit/bf609-ezkit.c,68,"""THE REST"""
board/bf609-ezkit/soft_switch.c,171,"""THE REST"""
board/bf609-ezkit/soft_switch.h,80,"""THE REST"""
board/blackstamp/Kconfig,9,"""THE REST"""
board/blackstamp/MAINTAINERS,8,"""THE REST"""
board/blackstamp/Makefile,12,"""THE REST"""
board/blackstamp/blackstamp.c,41,"""THE REST"""
board/blackvme/Kconfig,9,"""THE REST"""
board/blackvme/MAINTAINERS,8,"""THE REST"""
board/blackvme/Makefile,12,"""THE REST"""
board/blackvme/blackvme.c,31,"""THE REST"""
board/bluegiga/apx4devkit/Kconfig,15,"""THE REST"""
board/bluegiga/apx4devkit/MAINTAINERS,6,"""THE REST"""
board/bluegiga/apx4devkit/Makefile,12,"""THE REST"""
board/bluegiga/apx4devkit/apx4devkit.c,139,"""THE REST"""
board/bluegiga/apx4devkit/spl_boot.c,153,"""THE REST"""
board/bluewater/snapper9260/Kconfig,15,"""THE REST"""
board/bluewater/snapper9260/MAINTAINERS,7,"""THE REST"""
board/bluewater/snapper9260/Makefile,11,"""THE REST"""
board/bluewater/snapper9260/snapper9260.c,156,"""THE REST"""
board/boundary/nitrogen6x/1066mhz_4x128mx16.cfg,42,"""THE REST"""
board/boundary/nitrogen6x/1066mhz_4x256mx16.cfg,42,"""THE REST"""
board/boundary/nitrogen6x/6x_bootscript.txt,63,"""THE REST"""
board/boundary/nitrogen6x/6x_bootscript_android.txt,64,"""THE REST"""
board/boundary/nitrogen6x/6x_bootscript_android_recovery.txt,64,"""THE REST"""
board/boundary/nitrogen6x/6x_upgrade.txt,45,"""THE REST"""
board/boundary/nitrogen6x/800mhz_2x128mx16.cfg,42,"""THE REST"""
board/boundary/nitrogen6x/800mhz_2x256mx16.cfg,42,"""THE REST"""
board/boundary/nitrogen6x/800mhz_4x128mx16.cfg,42,"""THE REST"""
board/boundary/nitrogen6x/800mhz_4x256mx16.cfg,42,"""THE REST"""
board/boundary/nitrogen6x/Kconfig,15,"""THE REST"""
board/boundary/nitrogen6x/MAINTAINERS,12,"""THE REST"""
board/boundary/nitrogen6x/Makefile,9,"""THE REST"""
board/boundary/nitrogen6x/README,92,"""THE REST"""
board/boundary/nitrogen6x/README.mx6qsabrelite,72,"""THE REST"""
board/boundary/nitrogen6x/clocks.cfg,41,"""THE REST"""
board/boundary/nitrogen6x/ddr-setup.cfg,96,"""THE REST"""
board/boundary/nitrogen6x/nitrogen6dl.cfg,29,"""THE REST"""
board/boundary/nitrogen6x/nitrogen6dl2g.cfg,29,"""THE REST"""
board/boundary/nitrogen6x/nitrogen6q.cfg,29,"""THE REST"""
board/boundary/nitrogen6x/nitrogen6q2g.cfg,29,"""THE REST"""
board/boundary/nitrogen6x/nitrogen6s.cfg,29,"""THE REST"""
board/boundary/nitrogen6x/nitrogen6s1g.cfg,29,"""THE REST"""
board/boundary/nitrogen6x/nitrogen6x.c,1022,"""THE REST"""
board/br4/Kconfig,9,"""THE REST"""
board/br4/MAINTAINERS,6,"""THE REST"""
board/br4/Makefile,14,"""THE REST"""
board/br4/br4.c,30,"""THE REST"""
board/broadcom/bcm11130/MAINTAINERS,6,"""THE REST"""
board/broadcom/bcm11130_nand/MAINTAINERS,6,"""THE REST"""
board/broadcom/bcm28155_ap/Kconfig,15,"""THE REST"""
board/broadcom/bcm28155_ap/MAINTAINERS,6,"""THE REST"""
board/broadcom/bcm28155_ap/Makefile,7,"""THE REST"""
board/broadcom/bcm28155_ap/bcm28155_ap.c,87,"""THE REST"""
board/broadcom/bcm28155_w1d/MAINTAINERS,6,"""THE REST"""
board/broadcom/bcm911360_entphn-ns/MAINTAINERS,6,"""THE REST"""
board/broadcom/bcm911360_entphn/MAINTAINERS,6,"""THE REST"""
board/broadcom/bcm911360k/MAINTAINERS,6,"""THE REST"""
board/broadcom/bcm958300k-ns/MAINTAINERS,6,"""THE REST"""
board/broadcom/bcm958300k/MAINTAINERS,6,"""THE REST"""
board/broadcom/bcm958305k/MAINTAINERS,6,"""THE REST"""
board/broadcom/bcm958622hr/MAINTAINERS,6,"""THE REST"""
board/broadcom/bcm_ep/Makefile,7,"""THE REST"""
board/broadcom/bcm_ep/board.c,69,"""THE REST"""
board/broadcom/bcmcygnus/Kconfig,15,"""THE REST"""
board/broadcom/bcmnsp/Kconfig,15,"""THE REST"""
board/buffalo/lsxl/Kconfig,12,"""THE REST"""
board/buffalo/lsxl/MAINTAINERS,7,"""THE REST"""
board/buffalo/lsxl/Makefile,8,"""THE REST"""
board/buffalo/lsxl/kwbimage-lschl.cfg,213,"""THE REST"""
board/buffalo/lsxl/kwbimage-lsxhl.cfg,213,"""THE REST"""
board/buffalo/lsxl/lsxl.c,291,"""THE REST"""
board/buffalo/lsxl/lsxl.h,59,"""THE REST"""
board/calao/sbc35_a9g20/Kconfig,15,"""THE REST"""
board/calao/sbc35_a9g20/MAINTAINERS,7,"""THE REST"""
board/calao/sbc35_a9g20/Makefile,13,"""THE REST"""
board/calao/sbc35_a9g20/config.mk,1,"""THE REST"""
board/calao/sbc35_a9g20/sbc35_a9g20.c,155,"""THE REST"""
board/calao/sbc35_a9g20/spi.c,41,"""THE REST"""
board/calao/tny_a9260/Kconfig,15,"""THE REST"""
board/calao/tny_a9260/MAINTAINERS,9,"""THE REST"""
board/calao/tny_a9260/Makefile,13,"""THE REST"""
board/calao/tny_a9260/config.mk,1,"""THE REST"""
board/calao/tny_a9260/spi.c,34,"""THE REST"""
board/calao/tny_a9260/tny_a9260.c,85,"""THE REST"""
board/calao/usb_a9263/Kconfig,15,"""THE REST"""
board/calao/usb_a9263/MAINTAINERS,6,"""THE REST"""
board/calao/usb_a9263/Makefile,14,"""THE REST"""
board/calao/usb_a9263/usb_a9263.c,148,"""THE REST"""
board/canmb/Kconfig,9,"""THE REST"""
board/canmb/MAINTAINERS,6,"""THE REST"""
board/canmb/Makefile,9,"""THE REST"""
board/canmb/canmb.c,183,"""THE REST"""
board/canmb/mt48lc16m32s2-75.h,14,"""THE REST"""
board/cirrus/edb93xx/Kconfig,15,"""THE REST"""
board/cirrus/edb93xx/MAINTAINERS,6,"""THE REST"""
board/cirrus/edb93xx/Makefile,11,"""THE REST"""
board/cirrus/edb93xx/edb93xx.c,382,"""THE REST"""
board/cirrus/edb93xx/u-boot.lds,116,"""THE REST"""
board/cloudengines/pogo_e02/Kconfig,12,"""THE REST"""
board/cloudengines/pogo_e02/MAINTAINERS,6,"""THE REST"""
board/cloudengines/pogo_e02/Makefile,9,"""THE REST"""
board/cloudengines/pogo_e02/kwbimage.cfg,155,"""THE REST"""
board/cloudengines/pogo_e02/pogo_e02.c,104,"""THE REST"""
board/cloudengines/pogo_e02/pogo_e02.h,30,"""THE REST"""
board/cm-bf527/Kconfig,9,"""THE REST"""
board/cm-bf527/MAINTAINERS,6,"""THE REST"""
board/cm-bf527/Makefile,12,"""THE REST"""
board/cm-bf527/cm-bf527.c,71,"""THE REST"""
board/cm-bf527/gpio_cfi_flash.c,3,"""THE REST"""
board/cm-bf533/Kconfig,9,"""THE REST"""
board/cm-bf533/MAINTAINERS,6,"""THE REST"""
board/cm-bf533/Makefile,12,"""THE REST"""
board/cm-bf533/cm-bf533.c,26,"""THE REST"""
board/cm-bf533/config.mk,11,"""THE REST"""
board/cm-bf537e/Kconfig,9,"""THE REST"""
board/cm-bf537e/MAINTAINERS,6,"""THE REST"""
board/cm-bf537e/Makefile,12,"""THE REST"""
board/cm-bf537e/cm-bf537e.c,59,"""THE REST"""
board/cm-bf537e/config.mk,11,"""THE REST"""
board/cm-bf537e/gpio_cfi_flash.c,81,"""THE REST"""
board/cm-bf537e/gpio_cfi_flash.h,10,"""THE REST"""
board/cm-bf537u/Kconfig,9,"""THE REST"""
board/cm-bf537u/MAINTAINERS,6,"""THE REST"""
board/cm-bf537u/Makefile,12,"""THE REST"""
board/cm-bf537u/cm-bf537u.c,59,"""THE REST"""
board/cm-bf537u/config.mk,11,"""THE REST"""
board/cm-bf537u/gpio_cfi_flash.c,2,"""THE REST"""
board/cm-bf548/Kconfig,9,"""THE REST"""
board/cm-bf548/MAINTAINERS,6,"""THE REST"""
board/cm-bf548/Makefile,13,"""THE REST"""
board/cm-bf548/cm-bf548.c,43,"""THE REST"""
board/cm-bf548/config.mk,14,"""THE REST"""
board/cm-bf548/video.c,341,"""THE REST"""
board/cm-bf561/Kconfig,9,"""THE REST"""
board/cm-bf561/MAINTAINERS,6,"""THE REST"""
board/cm-bf561/Makefile,12,"""THE REST"""
board/cm-bf561/cm-bf561.c,26,"""THE REST"""
board/cm-bf561/config.mk,11,"""THE REST"""
board/cm4008/Kconfig,12,"""THE REST"""
board/cm4008/MAINTAINERS,6,"""THE REST"""
board/cm4008/Makefile,8,"""THE REST"""
board/cm4008/cm4008.c,88,"""THE REST"""
board/cm4008/config.mk,1,"""THE REST"""
board/cm4008/flash.c,395,"""THE REST"""
board/cm41xx/Kconfig,12,"""THE REST"""
board/cm41xx/MAINTAINERS,6,"""THE REST"""
board/cm41xx/Makefile,8,"""THE REST"""
board/cm41xx/cm41xx.c,88,"""THE REST"""
board/cm41xx/config.mk,1,"""THE REST"""
board/cm41xx/flash.c,395,"""THE REST"""
board/cm5200/Kconfig,9,"""THE REST"""
board/cm5200/MAINTAINERS,6,"""THE REST"""
board/cm5200/Makefile,8,"""THE REST"""
board/cm5200/cm5200.c,369,"""THE REST"""
board/cm5200/cm5200.h,171,"""THE REST"""
board/cm5200/cmd_cm5200.c,432,"""THE REST"""
board/cm5200/fwupdate.c,183,"""THE REST"""
board/cm5200/fwupdate.h,31,"""THE REST"""
board/cmi/Kconfig,9,"""THE REST"""
board/cmi/MAINTAINERS,6,"""THE REST"""
board/cmi/Makefile,8,"""THE REST"""
board/cmi/README,84,"""THE REST"""
board/cmi/cmi.c,57,"""THE REST"""
board/cmi/flash.c,501,"""THE REST"""
board/cobra5272/Kconfig,12,"""THE REST"""
board/cobra5272/MAINTAINERS,6,"""THE REST"""
board/cobra5272/Makefile,8,"""THE REST"""
board/cobra5272/README,156,"""THE REST"""
board/cobra5272/bdm/cobra5272_uboot.gdb,169,"""THE REST"""
board/cobra5272/bdm/gdbinit.reset,2,"""THE REST"""
board/cobra5272/bdm/load-cobra_uboot,2,"""THE REST"""
board/cobra5272/bdm/reset,2,"""THE REST"""
board/cobra5272/cobra5272.c,38,"""THE REST"""
board/cobra5272/config.mk,9,"""THE REST"""
board/cobra5272/flash.c,364,"""THE REST"""
board/cobra5272/u-boot.lds,85,"""THE REST"""
board/comelit/dig297/Kconfig,12,"""THE REST"""
board/comelit/dig297/MAINTAINERS,6,"""THE REST"""
board/comelit/dig297/Makefile,8,"""THE REST"""
board/comelit/dig297/dig297.c,182,"""THE REST"""
board/comelit/dig297/dig297.h,367,"""THE REST"""
board/compal/paz00/Kconfig,12,"""THE REST"""
board/compal/paz00/MAINTAINERS,7,"""THE REST"""
board/compal/paz00/Makefile,19,"""THE REST"""
board/compal/paz00/paz00.c,60,"""THE REST"""
board/compulab/cm_fx6/Kconfig,15,"""THE REST"""
board/compulab/cm_fx6/MAINTAINERS,6,"""THE REST"""
board/compulab/cm_fx6/Makefile,12,"""THE REST"""
board/compulab/cm_fx6/cm_fx6.c,584,"""THE REST"""
board/compulab/cm_fx6/common.c,85,"""THE REST"""
board/compulab/cm_fx6/common.h,37,"""THE REST"""
board/compulab/cm_fx6/spl.c,367,"""THE REST"""
board/compulab/cm_t335/Kconfig,15,"""THE REST"""
board/compulab/cm_t335/MAINTAINERS,6,"""THE REST"""
board/compulab/cm_t335/Makefile,10,"""THE REST"""
board/compulab/cm_t335/cm_t335.c,162,"""THE REST"""
board/compulab/cm_t335/mux.c,117,"""THE REST"""
board/compulab/cm_t335/spl.c,114,"""THE REST"""
board/compulab/cm_t335/u-boot.lds,111,"""THE REST"""
board/compulab/cm_t35/Kconfig,12,"""THE REST"""
board/compulab/cm_t35/MAINTAINERS,6,"""THE REST"""
board/compulab/cm_t35/Makefile,10,"""THE REST"""
board/compulab/cm_t35/cm_t35.c,501,"""THE REST"""
board/compulab/cm_t3517/Kconfig,12,"""THE REST"""
board/compulab/cm_t3517/MAINTAINERS,6,"""THE REST"""
board/compulab/cm_t3517/Makefile,9,"""THE REST"""
board/compulab/cm_t3517/cm_t3517.c,231,"""THE REST"""
board/compulab/cm_t3517/mux.c,236,"""THE REST"""
board/compulab/cm_t54/Kconfig,12,"""THE REST"""
board/compulab/cm_t54/MAINTAINERS,6,"""THE REST"""
board/compulab/cm_t54/Makefile,10,"""THE REST"""
board/compulab/cm_t54/cm_t54.c,259,"""THE REST"""
board/compulab/cm_t54/mux.c,94,"""THE REST"""
board/compulab/cm_t54/spl.c,66,"""THE REST"""
board/compulab/common/Makefile,13,"""THE REST"""
board/compulab/common/common.c,59,"""THE REST"""
board/compulab/common/common.h,47,"""THE REST"""
board/compulab/common/eeprom.c,145,"""THE REST"""
board/compulab/common/eeprom.h,27,"""THE REST"""
board/compulab/common/omap3_display.c,454,"""THE REST"""
board/compulab/common/omap3_smc911x.c,93,"""THE REST"""
board/compulab/common/splash.c,72,"""THE REST"""
board/compulab/trimslice/Kconfig,12,"""THE REST"""
board/compulab/trimslice/MAINTAINERS,7,"""THE REST"""
board/compulab/trimslice/Makefile,10,"""THE REST"""
board/compulab/trimslice/trimslice.c,50,"""THE REST"""
board/congatec/cgtqmx6eval/Kconfig,15,"""THE REST"""
board/congatec/cgtqmx6eval/MAINTAINERS,6,"""THE REST"""
board/congatec/cgtqmx6eval/Makefile,10,"""THE REST"""
board/congatec/cgtqmx6eval/README,28,"""THE REST"""
board/congatec/cgtqmx6eval/cgtqmx6eval.c,154,"""THE REST"""
board/congatec/cgtqmx6eval/imximage.cfg,169,"""THE REST"""
board/coreboot/coreboot/Kconfig,15,"""THE REST"""
board/coreboot/coreboot/MAINTAINERS,6,"""THE REST"""
board/coreboot/coreboot/Makefile,15,"""THE REST"""
board/coreboot/coreboot/coreboot.c,22,"""THE REST"""
board/coreboot/coreboot/coreboot_start.S,13,"""THE REST"""
board/corscience/tricorder/Kconfig,12,"""THE REST"""
board/corscience/tricorder/MAINTAINERS,7,"""THE REST"""
board/corscience/tricorder/Makefile,11,"""THE REST"""
board/corscience/tricorder/led.c,80,"""THE REST"""
board/corscience/tricorder/tricorder-eeprom.c,251,"""THE REST"""
board/corscience/tricorder/tricorder-eeprom.h,41,"""THE REST"""
board/corscience/tricorder/tricorder.c,205,"""THE REST"""
board/corscience/tricorder/tricorder.h,359,"""THE REST"""
board/creative/xfi3/Kconfig,15,"""THE REST"""
board/creative/xfi3/MAINTAINERS,6,"""THE REST"""
board/creative/xfi3/Makefile,12,"""THE REST"""
board/creative/xfi3/spl_boot.c,134,"""THE REST"""
board/creative/xfi3/xfi3.c,224,"""THE REST"""
board/csb272/Kconfig,9,"""THE REST"""
board/csb272/MAINTAINERS,6,"""THE REST"""
board/csb272/Makefile,9,"""THE REST"""
board/csb272/csb272.c,171,"""THE REST"""
board/csb272/init.S,196,"""THE REST"""
board/csb472/Kconfig,9,"""THE REST"""
board/csb472/MAINTAINERS,6,"""THE REST"""
board/csb472/Makefile,9,"""THE REST"""
board/csb472/csb472.c,138,"""THE REST"""
board/csb472/init.S,192,"""THE REST"""
board/d-link/dns325/Kconfig,12,"""THE REST"""
board/d-link/dns325/MAINTAINERS,6,"""THE REST"""
board/d-link/dns325/Makefile,13,"""THE REST"""
board/d-link/dns325/dns325.c,132,"""THE REST"""
board/d-link/dns325/dns325.h,32,"""THE REST"""
board/d-link/dns325/kwbimage.cfg,192,"""THE REST"""
board/dave/PPChameleonEVB/Kconfig,25,"""THE REST"""
board/dave/PPChameleonEVB/MAINTAINERS,20,"""THE REST"""
board/dave/PPChameleonEVB/Makefile,8,"""THE REST"""
board/dave/PPChameleonEVB/PPChameleonEVB.c,231,"""THE REST"""
board/dave/PPChameleonEVB/flash.c,99,"""THE REST"""
board/dave/PPChameleonEVB/nand.c,99,"""THE REST"""
board/dave/PPChameleonEVB/u-boot.lds,115,"""THE REST"""
board/dave/common/flash.c,691,"""THE REST"""
board/davedenx/aria/Kconfig,12,"""THE REST"""
board/davedenx/aria/MAINTAINERS,6,"""THE REST"""
board/davedenx/aria/Makefile,7,"""THE REST"""
board/davedenx/aria/aria.c,116,"""THE REST"""
board/davedenx/qong/Kconfig,15,"""THE REST"""
board/davedenx/qong/MAINTAINERS,6,"""THE REST"""
board/davedenx/qong/Makefile,11,"""THE REST"""
board/davedenx/qong/fpga.c,77,"""THE REST"""
board/davedenx/qong/lowlevel_init.S,223,"""THE REST"""
board/davedenx/qong/qong.c,259,"""THE REST"""
board/davedenx/qong/qong_fpga.h,23,"""THE REST"""
board/davinci/da8xxevm/Kconfig,38,"""THE REST"""
board/davinci/da8xxevm/MAINTAINERS,22,"""THE REST"""
board/davinci/da8xxevm/Makefile,12,"""THE REST"""
board/davinci/da8xxevm/README.da850,68,"""THE REST"""
board/davinci/da8xxevm/README.hawkboard,92,"""THE REST"""
board/davinci/da8xxevm/da830evm.c,209,"""THE REST"""
board/davinci/da8xxevm/da850evm.c,494,"""THE REST"""
board/davinci/da8xxevm/hawkboard-ais-nand.cfg,4,"""THE REST"""
board/davinci/da8xxevm/hawkboard.c,120,"""THE REST"""
board/davinci/da8xxevm/u-boot-spl-da850evm.lds,58,"""THE REST"""
board/davinci/da8xxevm/u-boot-spl-hawk.lds,69,"""THE REST"""
board/davinci/dm355evm/Kconfig,12,"""THE REST"""
board/davinci/dm355evm/MAINTAINERS,6,"""THE REST"""
board/davinci/dm355evm/Makefile,10,"""THE REST"""
board/davinci/dm355evm/config.mk,11,"""THE REST"""
board/davinci/dm355evm/dm355evm.c,144,"""THE REST"""
board/davinci/dm355leopard/Kconfig,12,"""THE REST"""
board/davinci/dm355leopard/MAINTAINERS,6,"""THE REST"""
board/davinci/dm355leopard/Makefile,10,"""THE REST"""
board/davinci/dm355leopard/config.mk,6,"""THE REST"""
board/davinci/dm355leopard/dm355leopard.c,86,"""THE REST"""
board/davinci/dm365evm/Kconfig,12,"""THE REST"""
board/davinci/dm365evm/MAINTAINERS,6,"""THE REST"""
board/davinci/dm365evm/Makefile,10,"""THE REST"""
board/davinci/dm365evm/config.mk,11,"""THE REST"""
board/davinci/dm365evm/dm365evm.c,139,"""THE REST"""
board/davinci/dm6467evm/Kconfig,12,"""THE REST"""
board/davinci/dm6467evm/MAINTAINERS,7,"""THE REST"""
board/davinci/dm6467evm/Makefile,10,"""THE REST"""
board/davinci/dm6467evm/config.mk,2,"""THE REST"""
board/davinci/dm6467evm/dm6467evm.c,76,"""THE REST"""
board/davinci/dvevm/Kconfig,12,"""THE REST"""
board/davinci/dvevm/MAINTAINERS,6,"""THE REST"""
board/davinci/dvevm/Makefile,11,"""THE REST"""
board/davinci/dvevm/board_init.S,16,"""THE REST"""
board/davinci/dvevm/config.mk,39,"""THE REST"""
board/davinci/dvevm/dvevm.c,91,"""THE REST"""
board/davinci/ea20/Kconfig,12,"""THE REST"""
board/davinci/ea20/MAINTAINERS,6,"""THE REST"""
board/davinci/ea20/Makefile,10,"""THE REST"""
board/davinci/ea20/ea20.c,339,"""THE REST"""
board/davinci/schmoogie/Kconfig,12,"""THE REST"""
board/davinci/schmoogie/MAINTAINERS,6,"""THE REST"""
board/davinci/schmoogie/Makefile,11,"""THE REST"""
board/davinci/schmoogie/board_init.S,16,"""THE REST"""
board/davinci/schmoogie/config.mk,39,"""THE REST"""
board/davinci/schmoogie/schmoogie.c,119,"""THE REST"""
board/davinci/sffsdr/Kconfig,12,"""THE REST"""
board/davinci/sffsdr/MAINTAINERS,6,"""THE REST"""
board/davinci/sffsdr/Makefile,11,"""THE REST"""
board/davinci/sffsdr/board_init.S,16,"""THE REST"""
board/davinci/sffsdr/config.mk,23,"""THE REST"""
board/davinci/sffsdr/sffsdr.c,132,"""THE REST"""
board/davinci/sonata/Kconfig,12,"""THE REST"""
board/davinci/sonata/MAINTAINERS,6,"""THE REST"""
board/davinci/sonata/Makefile,11,"""THE REST"""
board/davinci/sonata/board_init.S,87,"""THE REST"""
board/davinci/sonata/config.mk,39,"""THE REST"""
board/davinci/sonata/sonata.c,87,"""THE REST"""
board/dbau1x00/Kconfig,30,"""THE REST"""
board/dbau1x00/MAINTAINERS,10,"""THE REST"""
board/dbau1x00/Makefile,9,"""THE REST"""
board/dbau1x00/README,63,"""THE REST"""
board/dbau1x00/config.mk,16,"""THE REST"""
board/dbau1x00/dbau1x00.c,115,"""THE REST"""
board/dbau1x00/lowlevel_init.S,589,"""THE REST"""
board/denx/m28evk/Kconfig,15,"""THE REST"""
board/denx/m28evk/MAINTAINERS,6,"""THE REST"""
board/denx/m28evk/Makefile,12,"""THE REST"""
board/denx/m28evk/README,13,"""THE REST"""
board/denx/m28evk/m28evk.c,173,"""THE REST"""
board/denx/m28evk/spl_boot.c,206,"""THE REST"""
board/denx/m53evk/Kconfig,15,"""THE REST"""
board/denx/m53evk/MAINTAINERS,6,"""THE REST"""
board/denx/m53evk/Makefile,8,"""THE REST"""
board/denx/m53evk/imximage.cfg,92,"""THE REST"""
board/denx/m53evk/m53evk.c,402,"""THE REST"""
board/dnp5370/Kconfig,9,"""THE REST"""
board/dnp5370/MAINTAINERS,6,"""THE REST"""
board/dnp5370/Makefile,12,"""THE REST"""
board/dnp5370/README,67,"""THE REST"""
board/dnp5370/dnp5370.c,87,"""THE REST"""
board/earthlcd/favr-32-ezkit/Kconfig,15,"""THE REST"""
board/earthlcd/favr-32-ezkit/MAINTAINERS,6,"""THE REST"""
board/earthlcd/favr-32-ezkit/Makefile,9,"""THE REST"""
board/earthlcd/favr-32-ezkit/favr-32-ezkit.c,96,"""THE REST"""
board/earthlcd/favr-32-ezkit/flash.c,216,"""THE REST"""
board/egnite/ethernut5/Kconfig,15,"""THE REST"""
board/egnite/ethernut5/MAINTAINERS,6,"""THE REST"""
board/egnite/ethernut5/Makefile,12,"""THE REST"""
board/egnite/ethernut5/ethernut5.c,255,"""THE REST"""
board/egnite/ethernut5/ethernut5_pwrman.c,322,"""THE REST"""
board/egnite/ethernut5/ethernut5_pwrman.h,52,"""THE REST"""
board/eltec/elppc/Kconfig,12,"""THE REST"""
board/eltec/elppc/MAINTAINERS,6,"""THE REST"""
board/eltec/elppc/Makefile,9,"""THE REST"""
board/eltec/elppc/asm_init.S,862,"""THE REST"""
board/eltec/elppc/eepro100_srom.c,98,"""THE REST"""
board/eltec/elppc/elppc.c,164,"""THE REST"""
board/eltec/elppc/flash.c,496,"""THE REST"""
board/eltec/elppc/misc.c,250,"""THE REST"""
board/eltec/elppc/mpc107_i2c.c,304,"""THE REST"""
board/eltec/elppc/pci.c,81,"""THE REST"""
board/eltec/elppc/srom.h,86,"""THE REST"""
board/embest/mx6boards/Kconfig,15,"""THE REST"""
board/embest/mx6boards/MAINTAINERS,7,"""THE REST"""
board/embest/mx6boards/Makefile,9,"""THE REST"""
board/embest/mx6boards/mx6boards.c,610,"""THE REST"""
board/enbw/enbw_cmc/Kconfig,12,"""THE REST"""
board/enbw/enbw_cmc/MAINTAINERS,6,"""THE REST"""
board/enbw/enbw_cmc/Makefile,10,"""THE REST"""
board/enbw/enbw_cmc/enbw_cmc.c,893,"""THE REST"""
board/esd/apc405/Kconfig,12,"""THE REST"""
board/esd/apc405/MAINTAINERS,6,"""THE REST"""
board/esd/apc405/Makefile,10,"""THE REST"""
board/esd/apc405/apc405.c,461,"""THE REST"""
board/esd/apc405/fpgadata.c,4008,"""THE REST"""
board/esd/apc405/logo_640_480_24bpp.c,1129,"""THE REST"""
board/esd/ar405/Kconfig,12,"""THE REST"""
board/esd/ar405/MAINTAINERS,6,"""THE REST"""
board/esd/ar405/Makefile,8,"""THE REST"""
board/esd/ar405/ar405.c,394,"""THE REST"""
board/esd/ar405/ar405.h,28,"""THE REST"""
board/esd/ar405/flash.c,85,"""THE REST"""
board/esd/ar405/fpgadata.c,5500,"""THE REST"""
board/esd/ar405/fpgadata_xl30.c,4872,"""THE REST"""
board/esd/ash405/Kconfig,12,"""THE REST"""
board/esd/ash405/MAINTAINERS,6,"""THE REST"""
board/esd/ash405/Makefile,10,"""THE REST"""
board/esd/ash405/ash405.c,182,"""THE REST"""
board/esd/ash405/flash.c,85,"""THE REST"""
board/esd/ash405/fpgadata.c,4983,"""THE REST"""
board/esd/cms700/Kconfig,12,"""THE REST"""
board/esd/cms700/MAINTAINERS,6,"""THE REST"""
board/esd/cms700/Makefile,16,"""THE REST"""
board/esd/cms700/cms700.c,192,"""THE REST"""
board/esd/cms700/flash.c,85,"""THE REST"""
board/esd/common/auto_update.c,478,"""THE REST"""
board/esd/common/auto_update.h,40,"""THE REST"""
board/esd/common/cmd_loadpci.c,107,"""THE REST"""
board/esd/common/esd405ep_nand.c,69,"""THE REST"""
board/esd/common/flash.c,659,"""THE REST"""
board/esd/common/fpga.c,261,"""THE REST"""
board/esd/common/lcd.c,359,"""THE REST"""
board/esd/common/lcd.h,49,"""THE REST"""
board/esd/common/misc.c,24,"""THE REST"""
board/esd/common/pci.c,186,"""THE REST"""
board/esd/common/s1d13505_640_480_16bpp.h,49,"""THE REST"""
board/esd/common/s1d13704_320_240_4bpp.h,44,"""THE REST"""
board/esd/common/s1d13705_320_240_8bpp.h,44,"""THE REST"""
board/esd/common/s1d13806_1024_768_8bpp.h,120,"""THE REST"""
board/esd/common/s1d13806_320_240_4bpp.h,120,"""THE REST"""
board/esd/common/s1d13806_640_480_16bpp.h,120,"""THE REST"""
board/esd/common/xilinx_jtag/lenval.c,201,"""THE REST"""
board/esd/common/xilinx_jtag/lenval.h,63,"""THE REST"""
board/esd/common/xilinx_jtag/micro.c,1854,"""THE REST"""
board/esd/common/xilinx_jtag/micro.h,48,"""THE REST"""
board/esd/common/xilinx_jtag/ports.c,99,"""THE REST"""
board/esd/common/xilinx_jtag/ports.h,46,"""THE REST"""
board/esd/cpci2dp/Kconfig,12,"""THE REST"""
board/esd/cpci2dp/MAINTAINERS,6,"""THE REST"""
board/esd/cpci2dp/Makefile,8,"""THE REST"""
board/esd/cpci2dp/cpci2dp.c,172,"""THE REST"""
board/esd/cpci2dp/flash.c,68,"""THE REST"""
board/esd/cpci405/Kconfig,51,"""THE REST"""
board/esd/cpci405/MAINTAINERS,12,"""THE REST"""
board/esd/cpci405/Makefile,9,"""THE REST"""
board/esd/cpci405/cpci405.c,769,"""THE REST"""
board/esd/cpci405/flash.c,138,"""THE REST"""
board/esd/cpci405/fpgadata_cpci405.c,683,"""THE REST"""
board/esd/cpci405/fpgadata_cpci4052.c,1529,"""THE REST"""
board/esd/cpci405/fpgadata_cpci405ab.c,2569,"""THE REST"""
board/esd/cpci5200/Kconfig,12,"""THE REST"""
board/esd/cpci5200/MAINTAINERS,6,"""THE REST"""
board/esd/cpci5200/Makefile,14,"""THE REST"""
board/esd/cpci5200/cpci5200.c,284,"""THE REST"""
board/esd/cpci5200/mt46v16m16-75.h,16,"""THE REST"""
board/esd/cpci5200/strataflash.c,786,"""THE REST"""
board/esd/cpciiser4/Kconfig,12,"""THE REST"""
board/esd/cpciiser4/MAINTAINERS,6,"""THE REST"""
board/esd/cpciiser4/Makefile,8,"""THE REST"""
board/esd/cpciiser4/cpciiser4.c,165,"""THE REST"""
board/esd/cpciiser4/cpciiser4.h,28,"""THE REST"""
board/esd/cpciiser4/flash.c,68,"""THE REST"""
board/esd/cpciiser4/fpgadata.c,4136,"""THE REST"""
board/esd/dp405/Kconfig,12,"""THE REST"""
board/esd/dp405/MAINTAINERS,6,"""THE REST"""
board/esd/dp405/Makefile,13,"""THE REST"""
board/esd/dp405/dp405.c,112,"""THE REST"""
board/esd/dp405/flash.c,85,"""THE REST"""
board/esd/du405/Kconfig,12,"""THE REST"""
board/esd/du405/MAINTAINERS,6,"""THE REST"""
board/esd/du405/Makefile,8,"""THE REST"""
board/esd/du405/du405.c,187,"""THE REST"""
board/esd/du405/du405.h,28,"""THE REST"""
board/esd/du405/flash.c,107,"""THE REST"""
board/esd/du405/fpgadata.c,1405,"""THE REST"""
board/esd/du440/Kconfig,12,"""THE REST"""
board/esd/du440/MAINTAINERS,6,"""THE REST"""
board/esd/du440/Makefile,9,"""THE REST"""
board/esd/du440/config.mk,16,"""THE REST"""
board/esd/du440/du440.c,882,"""THE REST"""
board/esd/du440/du440.h,27,"""THE REST"""
board/esd/du440/init.S,66,"""THE REST"""
board/esd/hh405/Kconfig,12,"""THE REST"""
board/esd/hh405/MAINTAINERS,6,"""THE REST"""
board/esd/hh405/Makefile,11,"""THE REST"""
board/esd/hh405/flash.c,85,"""THE REST"""
board/esd/hh405/fpgadata.c,5034,"""THE REST"""
board/esd/hh405/hh405.c,895,"""THE REST"""
board/esd/hh405/logo_1024_768_8bpp.c,5087,"""THE REST"""
board/esd/hh405/logo_320_240_4bpp.c,454,"""THE REST"""
board/esd/hh405/logo_320_240_8bpp.c,1042,"""THE REST"""
board/esd/hh405/logo_640_480_24bpp.c,8417,"""THE REST"""
board/esd/hub405/Kconfig,12,"""THE REST"""
board/esd/hub405/MAINTAINERS,6,"""THE REST"""
board/esd/hub405/Makefile,10,"""THE REST"""
board/esd/hub405/flash.c,85,"""THE REST"""
board/esd/hub405/hub405.c,208,"""THE REST"""
board/esd/mecp5123/Kconfig,12,"""THE REST"""
board/esd/mecp5123/MAINTAINERS,6,"""THE REST"""
board/esd/mecp5123/Makefile,7,"""THE REST"""
board/esd/mecp5123/mecp5123.c,208,"""THE REST"""
board/esd/mecp5200/Kconfig,12,"""THE REST"""
board/esd/mecp5200/MAINTAINERS,6,"""THE REST"""
board/esd/mecp5200/Makefile,8,"""THE REST"""
board/esd/mecp5200/mecp5200.c,251,"""THE REST"""
board/esd/mecp5200/mt46v16m16-75.h,16,"""THE REST"""
board/esd/meesc/Kconfig,15,"""THE REST"""
board/esd/meesc/MAINTAINERS,7,"""THE REST"""
board/esd/meesc/Makefile,13,"""THE REST"""
board/esd/meesc/meesc.c,271,"""THE REST"""
board/esd/meesc/partition.c,23,"""THE REST"""
board/esd/ocrtc/Kconfig,12,"""THE REST"""
board/esd/ocrtc/MAINTAINERS,6,"""THE REST"""
board/esd/ocrtc/Makefile,8,"""THE REST"""
board/esd/ocrtc/cmd_ocrtc.c,68,"""THE REST"""
board/esd/ocrtc/flash.c,140,"""THE REST"""
board/esd/ocrtc/ocrtc.c,78,"""THE REST"""
board/esd/ocrtc/ocrtc.h,28,"""THE REST"""
board/esd/otc570/Kconfig,15,"""THE REST"""
board/esd/otc570/MAINTAINERS,7,"""THE REST"""
board/esd/otc570/Makefile,13,"""THE REST"""
board/esd/otc570/otc570.c,372,"""THE REST"""
board/esd/otc570/partition.c,23,"""THE REST"""
board/esd/pci405/Kconfig,12,"""THE REST"""
board/esd/pci405/MAINTAINERS,6,"""THE REST"""
board/esd/pci405/Makefile,9,"""THE REST"""
board/esd/pci405/cmd_pci405.c,97,"""THE REST"""
board/esd/pci405/flash.c,85,"""THE REST"""
board/esd/pci405/fpgadata.c,1492,"""THE REST"""
board/esd/pci405/pci405.c,366,"""THE REST"""
board/esd/pci405/pci405.h,16,"""THE REST"""
board/esd/pci405/writeibm.S,205,"""THE REST"""
board/esd/pf5200/Kconfig,12,"""THE REST"""
board/esd/pf5200/MAINTAINERS,6,"""THE REST"""
board/esd/pf5200/Makefile,14,"""THE REST"""
board/esd/pf5200/flash.c,445,"""THE REST"""
board/esd/pf5200/mt46v16m16-75.h,16,"""THE REST"""
board/esd/pf5200/pf5200.c,357,"""THE REST"""
board/esd/plu405/Kconfig,12,"""THE REST"""
board/esd/plu405/MAINTAINERS,6,"""THE REST"""
board/esd/plu405/Makefile,10,"""THE REST"""
board/esd/plu405/flash.c,85,"""THE REST"""
board/esd/plu405/fpgadata.c,2358,"""THE REST"""
board/esd/plu405/plu405.c,345,"""THE REST"""
board/esd/pmc405/Kconfig,12,"""THE REST"""
board/esd/pmc405/MAINTAINERS,6,"""THE REST"""
board/esd/pmc405/Makefile,13,"""THE REST"""
board/esd/pmc405/pmc405.c,142,"""THE REST"""
board/esd/pmc405de/Kconfig,12,"""THE REST"""
board/esd/pmc405de/MAINTAINERS,6,"""THE REST"""
board/esd/pmc405de/Makefile,10,"""THE REST"""
board/esd/pmc405de/chip_config.c,44,"""THE REST"""
board/esd/pmc405de/pmc405de.c,506,"""THE REST"""
board/esd/pmc440/Kconfig,12,"""THE REST"""
board/esd/pmc440/MAINTAINERS,6,"""THE REST"""
board/esd/pmc440/Makefile,10,"""THE REST"""
board/esd/pmc440/cmd_pmc440.c,553,"""THE REST"""
board/esd/pmc440/config.mk,16,"""THE REST"""
board/esd/pmc440/fpga.c,446,"""THE REST"""
board/esd/pmc440/fpga.h,31,"""THE REST"""
board/esd/pmc440/init.S,69,"""THE REST"""
board/esd/pmc440/pmc440.c,905,"""THE REST"""
board/esd/pmc440/pmc440.h,135,"""THE REST"""
board/esd/pmc440/sdram.c,136,"""THE REST"""
board/esd/tasreg/Kconfig,15,"""THE REST"""
board/esd/tasreg/MAINTAINERS,6,"""THE REST"""
board/esd/tasreg/Makefile,8,"""THE REST"""
board/esd/tasreg/config.mk,9,"""THE REST"""
board/esd/tasreg/flash.c,59,"""THE REST"""
board/esd/tasreg/fpgadata.c,10661,"""THE REST"""
board/esd/tasreg/tasreg.c,432,"""THE REST"""
board/esd/tasreg/u-boot.lds,82,"""THE REST"""
board/esd/vme8349/Kconfig,12,"""THE REST"""
board/esd/vme8349/MAINTAINERS,7,"""THE REST"""
board/esd/vme8349/Makefile,11,"""THE REST"""
board/esd/vme8349/caddy.c,177,"""THE REST"""
board/esd/vme8349/caddy.h,60,"""THE REST"""
board/esd/vme8349/pci.c,119,"""THE REST"""
board/esd/vme8349/vme8349.c,206,"""THE REST"""
board/esd/vme8349/vme8349pin.h,19,"""THE REST"""
board/esd/voh405/Kconfig,12,"""THE REST"""
board/esd/voh405/MAINTAINERS,6,"""THE REST"""
board/esd/voh405/Makefile,10,"""THE REST"""
board/esd/voh405/flash.c,85,"""THE REST"""
board/esd/voh405/fpgadata.c,4021,"""THE REST"""
board/esd/voh405/logo_320_240_4bpp.c,153,"""THE REST"""
board/esd/voh405/logo_640_480_24bpp.c,3443,"""THE REST"""
board/esd/voh405/voh405.c,377,"""THE REST"""
board/esd/vom405/Kconfig,12,"""THE REST"""
board/esd/vom405/MAINTAINERS,6,"""THE REST"""
board/esd/vom405/Makefile,13,"""THE REST"""
board/esd/vom405/flash.c,85,"""THE REST"""
board/esd/vom405/vom405.c,148,"""THE REST"""
board/esd/wuh405/Kconfig,12,"""THE REST"""
board/esd/wuh405/MAINTAINERS,6,"""THE REST"""
board/esd/wuh405/Makefile,10,"""THE REST"""
board/esd/wuh405/flash.c,85,"""THE REST"""
board/esd/wuh405/fpgadata.c,3636,"""THE REST"""
board/esd/wuh405/wuh405.c,171,"""THE REST"""
board/esg/ima3-mx53/Kconfig,15,"""THE REST"""
board/esg/ima3-mx53/MAINTAINERS,6,"""THE REST"""
board/esg/ima3-mx53/Makefile,9,"""THE REST"""
board/esg/ima3-mx53/ima3-mx53.c,206,"""THE REST"""
board/esg/ima3-mx53/imximage.cfg,104,"""THE REST"""
board/espt/Kconfig,9,"""THE REST"""
board/espt/MAINTAINERS,6,"""THE REST"""
board/espt/Makefile,11,"""THE REST"""
board/espt/espt.c,37,"""THE REST"""
board/espt/lowlevel_init.S,319,"""THE REST"""
board/eukrea/cpu9260/Kconfig,15,"""THE REST"""
board/eukrea/cpu9260/MAINTAINERS,13,"""THE REST"""
board/eukrea/cpu9260/Makefile,17,"""THE REST"""
board/eukrea/cpu9260/cpu9260.c,158,"""THE REST"""
board/eukrea/cpu9260/led.c,139,"""THE REST"""
board/eukrea/cpuat91/Kconfig,15,"""THE REST"""
board/eukrea/cpuat91/MAINTAINERS,7,"""THE REST"""
board/eukrea/cpuat91/Makefile,8,"""THE REST"""
board/eukrea/cpuat91/cpuat91.c,75,"""THE REST"""
board/evb64260/64260.h,31,"""THE REST"""
board/evb64260/Kconfig,19,"""THE REST"""
board/evb64260/MAINTAINERS,12,"""THE REST"""
board/evb64260/Makefile,14,"""THE REST"""
board/evb64260/README,54,"""THE REST"""
board/evb64260/README.EVB-64260-750CX,7,"""THE REST"""
board/evb64260/bootseq.txt,94,"""THE REST"""
board/evb64260/eth.c,805,"""THE REST"""
board/evb64260/eth.h,59,"""THE REST"""
board/evb64260/eth_addrtbl.c,218,"""THE REST"""
board/evb64260/eth_addrtbl.h,83,"""THE REST"""
board/evb64260/evb64260.c,436,"""THE REST"""
board/evb64260/flash.c,837,"""THE REST"""
board/evb64260/i2c.c,310,"""THE REST"""
board/evb64260/i2c.h,7,"""THE REST"""
board/evb64260/intel_flash.c,260,"""THE REST"""
board/evb64260/intel_flash.h,160,"""THE REST"""
board/evb64260/local.h,62,"""THE REST"""
board/evb64260/memory.c,457,"""THE REST"""
board/evb64260/misc.S,182,"""THE REST"""
board/evb64260/mpsc.c,838,"""THE REST"""
board/evb64260/mpsc.h,126,"""THE REST"""
board/evb64260/pci.c,760,"""THE REST"""
board/evb64260/sdram_init.c,650,"""THE REST"""
board/evb64260/serial.c,174,"""THE REST"""
board/evb64260/u-boot.lds,86,"""THE REST"""
board/evb64260/zuma_pbb.c,220,"""THE REST"""
board/evb64260/zuma_pbb.h,346,"""THE REST"""
board/evb64260/zuma_pbb_mbox.c,208,"""THE REST"""
board/evb64260/zuma_pbb_mbox.h,43,"""THE REST"""
board/faraday/a320evb/Kconfig,15,"""THE REST"""
board/faraday/a320evb/MAINTAINERS,6,"""THE REST"""
board/faraday/a320evb/Makefile,9,"""THE REST"""
board/faraday/a320evb/a320evb.c,59,"""THE REST"""
board/faraday/a320evb/lowlevel_init.S,106,"""THE REST"""
board/freescale/b4860qds/Kconfig,12,"""THE REST"""
board/freescale/b4860qds/MAINTAINERS,17,"""THE REST"""
board/freescale/b4860qds/Makefile,17,"""THE REST"""
board/freescale/b4860qds/b4860qds.c,1273,"""THE REST"""
board/freescale/b4860qds/b4860qds.h,13,"""THE REST"""
board/freescale/b4860qds/b4860qds_crossbar_con.h,73,"""THE REST"""
board/freescale/b4860qds/b4860qds_qixis.h,29,"""THE REST"""
board/freescale/b4860qds/b4_pbi.cfg,30,"""THE REST"""
board/freescale/b4860qds/b4_rcw.cfg,7,"""THE REST"""
board/freescale/b4860qds/ddr.c,265,"""THE REST"""
board/freescale/b4860qds/eth_b4860qds.c,453,"""THE REST"""
board/freescale/b4860qds/law.c,29,"""THE REST"""
board/freescale/b4860qds/pci.c,23,"""THE REST"""
board/freescale/b4860qds/spl.c,114,"""THE REST"""
board/freescale/b4860qds/tlb.c,155,"""THE REST"""
board/freescale/bsc9131rdb/Kconfig,12,"""THE REST"""
board/freescale/bsc9131rdb/MAINTAINERS,9,"""THE REST"""
board/freescale/bsc9131rdb/Makefile,27,"""THE REST"""
board/freescale/bsc9131rdb/README,151,"""THE REST"""
board/freescale/bsc9131rdb/bsc9131rdb.c,80,"""THE REST"""
board/freescale/bsc9131rdb/ddr.c,171,"""THE REST"""
board/freescale/bsc9131rdb/law.c,19,"""THE REST"""
board/freescale/bsc9131rdb/spl_minimal.c,104,"""THE REST"""
board/freescale/bsc9131rdb/tlb.c,62,"""THE REST"""
board/freescale/bsc9132qds/Kconfig,12,"""THE REST"""
board/freescale/bsc9132qds/MAINTAINERS,25,"""THE REST"""
board/freescale/bsc9132qds/Makefile,26,"""THE REST"""
board/freescale/bsc9132qds/README,150,"""THE REST"""
board/freescale/bsc9132qds/bsc9132qds.c,429,"""THE REST"""
board/freescale/bsc9132qds/ddr.c,193,"""THE REST"""
board/freescale/bsc9132qds/law.c,29,"""THE REST"""
board/freescale/bsc9132qds/spl_minimal.c,116,"""THE REST"""
board/freescale/bsc9132qds/tlb.c,92,"""THE REST"""
board/freescale/c29xpcie/Kconfig,12,"""THE REST"""
board/freescale/c29xpcie/MAINTAINERS,8,"""THE REST"""
board/freescale/c29xpcie/Makefile,25,"""THE REST"""
board/freescale/c29xpcie/README,100,"""THE REST"""
board/freescale/c29xpcie/c29xpcie.c,156,"""THE REST"""
board/freescale/c29xpcie/cpld.c,133,"""THE REST"""
board/freescale/c29xpcie/cpld.h,40,"""THE REST"""
board/freescale/c29xpcie/ddr.c,107,"""THE REST"""
board/freescale/c29xpcie/law.c,19,"""THE REST"""
board/freescale/c29xpcie/spl.c,77,"""THE REST"""
board/freescale/c29xpcie/spl_minimal.c,63,"""THE REST"""
board/freescale/c29xpcie/tlb.c,85,"""THE REST"""
board/freescale/common/Makefile,75,"""THE REST"""
board/freescale/common/arm_sleep.c,95,"""THE REST"""
board/freescale/common/cadmus.c,79,"""THE REST"""
board/freescale/common/cadmus.h,38,"""THE REST"""
board/freescale/common/cds_pci_ft.c,76,"""THE REST"""
board/freescale/common/cds_via.c,93,"""THE REST"""
board/freescale/common/dcu_sii9022a.c,153,"""THE REST"""
board/freescale/common/dcu_sii9022a.h,13,"""THE REST"""
board/freescale/common/diu_ch7301.c,136,"""THE REST"""
board/freescale/common/diu_ch7301.h,13,"""THE REST"""
board/freescale/common/eeprom.h,34,"""THE REST"""
board/freescale/common/fman.c,84,"""THE REST"""
board/freescale/common/fman.h,15,"""THE REST"""
board/freescale/common/ics307_clk.c,146,"""THE REST"""
board/freescale/common/ics307_clk.h,16,"""THE REST"""
board/freescale/common/idt8t49n222a_serdes_clk.c,207,"""THE REST"""
board/freescale/common/idt8t49n222a_serdes_clk.h,107,"""THE REST"""
board/freescale/common/ls102xa_stream_id.c,18,"""THE REST"""
board/freescale/common/mpc85xx_sleep.c,88,"""THE REST"""
board/freescale/common/ngpixis.c,250,"""THE REST"""
board/freescale/common/ngpixis.h,61,"""THE REST"""
board/freescale/common/ns_access.c,30,"""THE REST"""
board/freescale/common/p_corenet/Makefile,10,"""THE REST"""
board/freescale/common/p_corenet/law.c,37,"""THE REST"""
board/freescale/common/p_corenet/pci.c,23,"""THE REST"""
board/freescale/common/p_corenet/tlb.c,146,"""THE REST"""
board/freescale/common/pfuze.c,54,"""THE REST"""
board/freescale/common/pfuze.h,12,"""THE REST"""
board/freescale/common/pixis.c,542,"""THE REST"""
board/freescale/common/pixis.h,166,"""THE REST"""
board/freescale/common/pq-mds-pib.c,102,"""THE REST"""
board/freescale/common/pq-mds-pib.h,9,"""THE REST"""
board/freescale/common/qixis.c,251,"""THE REST"""
board/freescale/common/qixis.h,118,"""THE REST"""
board/freescale/common/sdhc_boot.c,76,"""THE REST"""
board/freescale/common/sgmii_riser.c,129,"""THE REST"""
board/freescale/common/sgmii_riser.h,16,"""THE REST"""
board/freescale/common/sleep.h,21,"""THE REST"""
board/freescale/common/sys_eeprom.c,543,"""THE REST"""
board/freescale/common/via.h,18,"""THE REST"""
board/freescale/common/vid.c,491,"""THE REST"""
board/freescale/common/vid.h,20,"""THE REST"""
board/freescale/common/vsc3316_3308.c,276,"""THE REST"""
board/freescale/common/vsc3316_3308.h,25,"""THE REST"""
board/freescale/common/zm7300.c,235,"""THE REST"""
board/freescale/common/zm7300.h,22,"""THE REST"""
board/freescale/corenet_ds/Kconfig,51,"""THE REST"""
board/freescale/corenet_ds/MAINTAINERS,29,"""THE REST"""
board/freescale/corenet_ds/Makefile,18,"""THE REST"""
board/freescale/corenet_ds/corenet_ds.c,218,"""THE REST"""
board/freescale/corenet_ds/corenet_ds.h,13,"""THE REST"""
board/freescale/corenet_ds/ddr.c,284,"""THE REST"""
board/freescale/corenet_ds/eth_hydra.c,520,"""THE REST"""
board/freescale/corenet_ds/eth_p4080.c,481,"""THE REST"""
board/freescale/corenet_ds/eth_superhydra.c,770,"""THE REST"""
board/freescale/corenet_ds/p3041ds_ddr.c,14,"""THE REST"""
board/freescale/corenet_ds/p4080ds_ddr.c,350,"""THE REST"""
board/freescale/corenet_ds/p5020ds_ddr.c,18,"""THE REST"""
board/freescale/corenet_ds/p5040ds_ddr.c,18,"""THE REST"""
board/freescale/corenet_ds/pbi.cfg,35,"""THE REST"""
board/freescale/corenet_ds/rcw_p2041rdb.cfg,11,"""THE REST"""
board/freescale/corenet_ds/rcw_p3041ds.cfg,11,"""THE REST"""
board/freescale/corenet_ds/rcw_p4080ds.cfg,11,"""THE REST"""
board/freescale/corenet_ds/rcw_p5020ds.cfg,11,"""THE REST"""
board/freescale/corenet_ds/rcw_p5040ds.cfg,11,"""THE REST"""
board/freescale/ls1021aqds/Kconfig,15,"""THE REST"""
board/freescale/ls1021aqds/MAINTAINERS,11,"""THE REST"""
board/freescale/ls1021aqds/Makefile,9,"""THE REST"""
board/freescale/ls1021aqds/README,112,"""THE REST"""
board/freescale/ls1021aqds/ddr.c,169,"""THE REST"""
board/freescale/ls1021aqds/ddr.h,59,"""THE REST"""
board/freescale/ls1021aqds/eth.c,186,"""THE REST"""
board/freescale/ls1021aqds/ls1021aqds.c,534,"""THE REST"""
board/freescale/ls1021aqds/ls1021aqds_qixis.h,35,"""THE REST"""
board/freescale/ls1021aqds/ls102xa_pbi.cfg,12,"""THE REST"""
board/freescale/ls1021aqds/ls102xa_rcw_nand.cfg,7,"""THE REST"""
board/freescale/ls1021aqds/ls102xa_rcw_sd.cfg,14,"""THE REST"""
board/freescale/ls1021atwr/Kconfig,15,"""THE REST"""
board/freescale/ls1021atwr/MAINTAINERS,9,"""THE REST"""
board/freescale/ls1021atwr/Makefile,8,"""THE REST"""
board/freescale/ls1021atwr/README,109,"""THE REST"""
board/freescale/ls1021atwr/dcu.c,47,"""THE REST"""
board/freescale/ls1021atwr/ls1021atwr.c,664,"""THE REST"""
board/freescale/ls1021atwr/ls102xa_pbi.cfg,12,"""THE REST"""
board/freescale/ls1021atwr/ls102xa_rcw_sd.cfg,14,"""THE REST"""
board/freescale/ls2085a/Kconfig,31,"""THE REST"""
board/freescale/ls2085a/MAINTAINERS,9,"""THE REST"""
board/freescale/ls2085a/Makefile,8,"""THE REST"""
board/freescale/ls2085a/README,16,"""THE REST"""
board/freescale/ls2085a/ddr.c,205,"""THE REST"""
board/freescale/ls2085a/ddr.h,86,"""THE REST"""
board/freescale/ls2085a/ls2085a.c,121,"""THE REST"""
board/freescale/m5208evbe/Kconfig,15,"""THE REST"""
board/freescale/m5208evbe/MAINTAINERS,6,"""THE REST"""
board/freescale/m5208evbe/Makefile,8,"""THE REST"""
board/freescale/m5208evbe/config.mk,9,"""THE REST"""
board/freescale/m5208evbe/m5208evbe.c,80,"""THE REST"""
board/freescale/m5208evbe/u-boot.lds,86,"""THE REST"""
board/freescale/m52277evb/Kconfig,15,"""THE REST"""
board/freescale/m52277evb/MAINTAINERS,7,"""THE REST"""
board/freescale/m52277evb/Makefile,8,"""THE REST"""
board/freescale/m52277evb/README,231,"""THE REST"""
board/freescale/m52277evb/m52277evb.c,90,"""THE REST"""
board/freescale/m52277evb/u-boot.lds,85,"""THE REST"""
board/freescale/m5235evb/Kconfig,15,"""THE REST"""
board/freescale/m5235evb/MAINTAINERS,7,"""THE REST"""
board/freescale/m5235evb/Makefile,8,"""THE REST"""
board/freescale/m5235evb/m5235evb.c,109,"""THE REST"""
board/freescale/m5235evb/u-boot.lds,85,"""THE REST"""
board/freescale/m5249evb/Kconfig,15,"""THE REST"""
board/freescale/m5249evb/MAINTAINERS,6,"""THE REST"""
board/freescale/m5249evb/Makefile,8,"""THE REST"""
board/freescale/m5249evb/config.mk,9,"""THE REST"""
board/freescale/m5249evb/m5249evb.c,93,"""THE REST"""
board/freescale/m5249evb/u-boot.lds,85,"""THE REST"""
board/freescale/m5253demo/Kconfig,15,"""THE REST"""
board/freescale/m5253demo/MAINTAINERS,6,"""THE REST"""
board/freescale/m5253demo/Makefile,8,"""THE REST"""
board/freescale/m5253demo/config.mk,9,"""THE REST"""
board/freescale/m5253demo/flash.c,451,"""THE REST"""
board/freescale/m5253demo/m5253demo.c,140,"""THE REST"""
board/freescale/m5253demo/u-boot.lds,86,"""THE REST"""
board/freescale/m5253evbe/Kconfig,15,"""THE REST"""
board/freescale/m5253evbe/MAINTAINERS,6,"""THE REST"""
board/freescale/m5253evbe/Makefile,8,"""THE REST"""
board/freescale/m5253evbe/README,103,"""THE REST"""
board/freescale/m5253evbe/config.mk,9,"""THE REST"""
board/freescale/m5253evbe/m5253evbe.c,125,"""THE REST"""
board/freescale/m5253evbe/u-boot.lds,85,"""THE REST"""
board/freescale/m5272c3/Kconfig,15,"""THE REST"""
board/freescale/m5272c3/MAINTAINERS,6,"""THE REST"""
board/freescale/m5272c3/Makefile,8,"""THE REST"""
board/freescale/m5272c3/config.mk,9,"""THE REST"""
board/freescale/m5272c3/m5272c3.c,38,"""THE REST"""
board/freescale/m5272c3/u-boot.lds,85,"""THE REST"""
board/freescale/m5275evb/Kconfig,15,"""THE REST"""
board/freescale/m5275evb/MAINTAINERS,6,"""THE REST"""
board/freescale/m5275evb/Makefile,8,"""THE REST"""
board/freescale/m5275evb/config.mk,9,"""THE REST"""
board/freescale/m5275evb/m5275evb.c,100,"""THE REST"""
board/freescale/m5275evb/u-boot.lds,85,"""THE REST"""
board/freescale/m5282evb/Kconfig,15,"""THE REST"""
board/freescale/m5282evb/MAINTAINERS,6,"""THE REST"""
board/freescale/m5282evb/Makefile,8,"""THE REST"""
board/freescale/m5282evb/config.mk,9,"""THE REST"""
board/freescale/m5282evb/m5282evb.c,84,"""THE REST"""
board/freescale/m5282evb/u-boot.lds,85,"""THE REST"""
board/freescale/m53017evb/Kconfig,15,"""THE REST"""
board/freescale/m53017evb/MAINTAINERS,6,"""THE REST"""
board/freescale/m53017evb/Makefile,8,"""THE REST"""
board/freescale/m53017evb/README,180,"""THE REST"""
board/freescale/m53017evb/config.mk,9,"""THE REST"""
board/freescale/m53017evb/m53017evb.c,80,"""THE REST"""
board/freescale/m53017evb/u-boot.lds,88,"""THE REST"""
board/freescale/m5329evb/Kconfig,15,"""THE REST"""
board/freescale/m5329evb/MAINTAINERS,7,"""THE REST"""
board/freescale/m5329evb/Makefile,8,"""THE REST"""
board/freescale/m5329evb/config.mk,9,"""THE REST"""
board/freescale/m5329evb/m5329evb.c,74,"""THE REST"""
board/freescale/m5329evb/nand.c,73,"""THE REST"""
board/freescale/m5329evb/u-boot.lds,86,"""THE REST"""
board/freescale/m5373evb/Kconfig,15,"""THE REST"""
board/freescale/m5373evb/MAINTAINERS,6,"""THE REST"""
board/freescale/m5373evb/Makefile,8,"""THE REST"""
board/freescale/m5373evb/README,326,"""THE REST"""
board/freescale/m5373evb/config.mk,9,"""THE REST"""
board/freescale/m5373evb/m5373evb.c,74,"""THE REST"""
board/freescale/m5373evb/nand.c,77,"""THE REST"""
board/freescale/m5373evb/u-boot.lds,86,"""THE REST"""
board/freescale/m54418twr/Kconfig,15,"""THE REST"""
board/freescale/m54418twr/MAINTAINERS,11,"""THE REST"""
board/freescale/m54418twr/Makefile,7,"""THE REST"""
board/freescale/m54418twr/config.mk,7,"""THE REST"""
board/freescale/m54418twr/m54418twr.c,113,"""THE REST"""
board/freescale/m54418twr/u-boot.lds,83,"""THE REST"""
board/freescale/m54451evb/Kconfig,15,"""THE REST"""
board/freescale/m54451evb/MAINTAINERS,7,"""THE REST"""
board/freescale/m54451evb/Makefile,8,"""THE REST"""
board/freescale/m54451evb/m54451evb.c,94,"""THE REST"""
board/freescale/m54451evb/u-boot.lds,83,"""THE REST"""
board/freescale/m54455evb/Kconfig,15,"""THE REST"""
board/freescale/m54455evb/MAINTAINERS,10,"""THE REST"""
board/freescale/m54455evb/Makefile,8,"""THE REST"""
board/freescale/m54455evb/README,409,"""THE REST"""
board/freescale/m54455evb/m54455evb.c,213,"""THE REST"""
board/freescale/m54455evb/u-boot.lds,83,"""THE REST"""
board/freescale/m547xevb/Kconfig,15,"""THE REST"""
board/freescale/m547xevb/MAINTAINERS,12,"""THE REST"""
board/freescale/m547xevb/Makefile,8,"""THE REST"""
board/freescale/m547xevb/README,272,"""THE REST"""
board/freescale/m547xevb/config.mk,9,"""THE REST"""
board/freescale/m547xevb/m547xevb.c,104,"""THE REST"""
board/freescale/m547xevb/u-boot.lds,83,"""THE REST"""
board/freescale/m548xevb/Kconfig,15,"""THE REST"""
board/freescale/m548xevb/MAINTAINERS,13,"""THE REST"""
board/freescale/m548xevb/Makefile,8,"""THE REST"""
board/freescale/m548xevb/config.mk,9,"""THE REST"""
board/freescale/m548xevb/m548xevb.c,104,"""THE REST"""
board/freescale/m548xevb/u-boot.lds,83,"""THE REST"""
board/freescale/mpc5121ads/Kconfig,12,"""THE REST"""
board/freescale/mpc5121ads/MAINTAINERS,7,"""THE REST"""
board/freescale/mpc5121ads/Makefile,8,"""THE REST"""
board/freescale/mpc5121ads/README,7,"""THE REST"""
board/freescale/mpc5121ads/mpc5121ads.c,284,"""THE REST"""
board/freescale/mpc7448hpc2/Kconfig,12,"""THE REST"""
board/freescale/mpc7448hpc2/MAINTAINERS,6,"""THE REST"""
board/freescale/mpc7448hpc2/Makefile,9,"""THE REST"""
board/freescale/mpc7448hpc2/README,184,"""THE REST"""
board/freescale/mpc7448hpc2/asm_init.S,905,"""THE REST"""
board/freescale/mpc7448hpc2/config.mk,7,"""THE REST"""
board/freescale/mpc7448hpc2/mpc7448hpc2.c,89,"""THE REST"""
board/freescale/mpc7448hpc2/tsi108_init.c,652,"""THE REST"""
board/freescale/mpc8308rdb/Kconfig,12,"""THE REST"""
board/freescale/mpc8308rdb/MAINTAINERS,6,"""THE REST"""
board/freescale/mpc8308rdb/Makefile,10,"""THE REST"""
board/freescale/mpc8308rdb/mpc8308rdb.c,192,"""THE REST"""
board/freescale/mpc8308rdb/sdram.c,81,"""THE REST"""
board/freescale/mpc8313erdb/Kconfig,12,"""THE REST"""
board/freescale/mpc8313erdb/MAINTAINERS,9,"""THE REST"""
board/freescale/mpc8313erdb/Makefile,8,"""THE REST"""
board/freescale/mpc8313erdb/README,111,"""THE REST"""
board/freescale/mpc8313erdb/mpc8313erdb.c,157,"""THE REST"""
board/freescale/mpc8313erdb/sdram.c,124,"""THE REST"""
board/freescale/mpc8315erdb/Kconfig,12,"""THE REST"""
board/freescale/mpc8315erdb/MAINTAINERS,6,"""THE REST"""
board/freescale/mpc8315erdb/Makefile,8,"""THE REST"""
board/freescale/mpc8315erdb/README,105,"""THE REST"""
board/freescale/mpc8315erdb/mpc8315erdb.c,246,"""THE REST"""
board/freescale/mpc8315erdb/sdram.c,111,"""THE REST"""
board/freescale/mpc8323erdb/Kconfig,12,"""THE REST"""
board/freescale/mpc8323erdb/MAINTAINERS,6,"""THE REST"""
board/freescale/mpc8323erdb/Makefile,8,"""THE REST"""
board/freescale/mpc8323erdb/README,71,"""THE REST"""
board/freescale/mpc8323erdb/mpc8323erdb.c,222,"""THE REST"""
board/freescale/mpc832xemds/Kconfig,12,"""THE REST"""
board/freescale/mpc832xemds/MAINTAINERS,10,"""THE REST"""
board/freescale/mpc832xemds/Makefile,9,"""THE REST"""
board/freescale/mpc832xemds/README,128,"""THE REST"""
board/freescale/mpc832xemds/mpc832xemds.c,166,"""THE REST"""
board/freescale/mpc832xemds/pci.c,146,"""THE REST"""
board/freescale/mpc8349emds/Kconfig,12,"""THE REST"""
board/freescale/mpc8349emds/MAINTAINERS,6,"""THE REST"""
board/freescale/mpc8349emds/Makefile,10,"""THE REST"""
board/freescale/mpc8349emds/ddr.c,101,"""THE REST"""
board/freescale/mpc8349emds/mpc8349emds.c,285,"""THE REST"""
board/freescale/mpc8349emds/pci.c,192,"""THE REST"""
board/freescale/mpc8349itx/Kconfig,12,"""THE REST"""
board/freescale/mpc8349itx/MAINTAINERS,8,"""THE REST"""
board/freescale/mpc8349itx/Makefile,8,"""THE REST"""
board/freescale/mpc8349itx/README,187,"""THE REST"""
board/freescale/mpc8349itx/mpc8349itx.c,390,"""THE REST"""
board/freescale/mpc8349itx/pci.c,105,"""THE REST"""
board/freescale/mpc8360emds/Kconfig,12,"""THE REST"""
board/freescale/mpc8360emds/MAINTAINERS,15,"""THE REST"""
board/freescale/mpc8360emds/Makefile,9,"""THE REST"""
board/freescale/mpc8360emds/README,155,"""THE REST"""
board/freescale/mpc8360emds/mpc8360emds.c,453,"""THE REST"""
board/freescale/mpc8360emds/pci.c,147,"""THE REST"""
board/freescale/mpc8360erdk/Kconfig,12,"""THE REST"""
board/freescale/mpc8360erdk/MAINTAINERS,7,"""THE REST"""
board/freescale/mpc8360erdk/Makefile,9,"""THE REST"""
board/freescale/mpc8360erdk/mpc8360erdk.c,350,"""THE REST"""
board/freescale/mpc8360erdk/nand.c,89,"""THE REST"""
board/freescale/mpc837xemds/Kconfig,12,"""THE REST"""
board/freescale/mpc837xemds/MAINTAINERS,7,"""THE REST"""
board/freescale/mpc837xemds/Makefile,9,"""THE REST"""
board/freescale/mpc837xemds/README,104,"""THE REST"""
board/freescale/mpc837xemds/mpc837xemds.c,346,"""THE REST"""
board/freescale/mpc837xemds/pci.c,147,"""THE REST"""
board/freescale/mpc837xemds/pci.h,6,"""THE REST"""
board/freescale/mpc837xerdb/Kconfig,12,"""THE REST"""
board/freescale/mpc837xerdb/MAINTAINERS,6,"""THE REST"""
board/freescale/mpc837xerdb/Makefile,9,"""THE REST"""
board/freescale/mpc837xerdb/README,97,"""THE REST"""
board/freescale/mpc837xerdb/mpc837xerdb.c,213,"""THE REST"""
board/freescale/mpc837xerdb/pci.c,108,"""THE REST"""
board/freescale/mpc8536ds/Kconfig,12,"""THE REST"""
board/freescale/mpc8536ds/MAINTAINERS,9,"""THE REST"""
board/freescale/mpc8536ds/Makefile,12,"""THE REST"""
board/freescale/mpc8536ds/README,127,"""THE REST"""
board/freescale/mpc8536ds/ddr.c,62,"""THE REST"""
board/freescale/mpc8536ds/law.c,20,"""THE REST"""
board/freescale/mpc8536ds/mpc8536ds.c,290,"""THE REST"""
board/freescale/mpc8536ds/tlb.c,71,"""THE REST"""
board/freescale/mpc8540ads/Kconfig,12,"""THE REST"""
board/freescale/mpc8540ads/MAINTAINERS,6,"""THE REST"""
board/freescale/mpc8540ads/Makefile,11,"""THE REST"""
board/freescale/mpc8540ads/ddr.c,46,"""THE REST"""
board/freescale/mpc8540ads/law.c,42,"""THE REST"""
board/freescale/mpc8540ads/mpc8540ads.c,242,"""THE REST"""
board/freescale/mpc8540ads/tlb.c,95,"""THE REST"""
board/freescale/mpc8541cds/Kconfig,12,"""THE REST"""
board/freescale/mpc8541cds/MAINTAINERS,7,"""THE REST"""
board/freescale/mpc8541cds/Makefile,12,"""THE REST"""
board/freescale/mpc8541cds/ddr.c,56,"""THE REST"""
board/freescale/mpc8541cds/law.c,42,"""THE REST"""
board/freescale/mpc8541cds/mpc8541cds.c,427,"""THE REST"""
board/freescale/mpc8541cds/tlb.c,96,"""THE REST"""
board/freescale/mpc8544ds/Kconfig,12,"""THE REST"""
board/freescale/mpc8544ds/MAINTAINERS,6,"""THE REST"""
board/freescale/mpc8544ds/Makefile,12,"""THE REST"""
board/freescale/mpc8544ds/README,122,"""THE REST"""
board/freescale/mpc8544ds/ddr.c,59,"""THE REST"""
board/freescale/mpc8544ds/law.c,18,"""THE REST"""
board/freescale/mpc8544ds/mpc8544ds.c,320,"""THE REST"""
board/freescale/mpc8544ds/tlb.c,75,"""THE REST"""
board/freescale/mpc8548cds/Kconfig,12,"""THE REST"""
board/freescale/mpc8548cds/MAINTAINERS,8,"""THE REST"""
board/freescale/mpc8548cds/Makefile,12,"""THE REST"""
board/freescale/mpc8548cds/ddr.c,56,"""THE REST"""
board/freescale/mpc8548cds/law.c,19,"""THE REST"""
board/freescale/mpc8548cds/mpc8548cds.c,358,"""THE REST"""
board/freescale/mpc8548cds/tlb.c,87,"""THE REST"""
board/freescale/mpc8555cds/Kconfig,12,"""THE REST"""
board/freescale/mpc8555cds/MAINTAINERS,7,"""THE REST"""
board/freescale/mpc8555cds/Makefile,12,"""THE REST"""
board/freescale/mpc8555cds/ddr.c,56,"""THE REST"""
board/freescale/mpc8555cds/law.c,42,"""THE REST"""
board/freescale/mpc8555cds/mpc8555cds.c,428,"""THE REST"""
board/freescale/mpc8555cds/tlb.c,96,"""THE REST"""
board/freescale/mpc8560ads/Kconfig,12,"""THE REST"""
board/freescale/mpc8560ads/MAINTAINERS,6,"""THE REST"""
board/freescale/mpc8560ads/Makefile,11,"""THE REST"""
board/freescale/mpc8560ads/ddr.c,46,"""THE REST"""
board/freescale/mpc8560ads/law.c,42,"""THE REST"""
board/freescale/mpc8560ads/mpc8560ads.c,462,"""THE REST"""
board/freescale/mpc8560ads/tlb.c,95,"""THE REST"""
board/freescale/mpc8568mds/Kconfig,12,"""THE REST"""
board/freescale/mpc8568mds/MAINTAINERS,6,"""THE REST"""
board/freescale/mpc8568mds/Makefile,13,"""THE REST"""
board/freescale/mpc8568mds/bcsr.c,61,"""THE REST"""
board/freescale/mpc8568mds/bcsr.h,93,"""THE REST"""
board/freescale/mpc8568mds/ddr.c,56,"""THE REST"""
board/freescale/mpc8568mds/law.c,41,"""THE REST"""
board/freescale/mpc8568mds/mpc8568mds.c,356,"""THE REST"""
board/freescale/mpc8568mds/tlb.c,84,"""THE REST"""
board/freescale/mpc8569mds/Kconfig,12,"""THE REST"""
board/freescale/mpc8569mds/MAINTAINERS,7,"""THE REST"""
board/freescale/mpc8569mds/Makefile,13,"""THE REST"""
board/freescale/mpc8569mds/README,77,"""THE REST"""
board/freescale/mpc8569mds/bcsr.c,50,"""THE REST"""
board/freescale/mpc8569mds/bcsr.h,72,"""THE REST"""
board/freescale/mpc8569mds/ddr.c,66,"""THE REST"""
board/freescale/mpc8569mds/law.c,41,"""THE REST"""
board/freescale/mpc8569mds/mpc8569mds.c,585,"""THE REST"""
board/freescale/mpc8569mds/tlb.c,95,"""THE REST"""
board/freescale/mpc8572ds/Kconfig,12,"""THE REST"""
board/freescale/mpc8572ds/MAINTAINERS,7,"""THE REST"""
board/freescale/mpc8572ds/Makefile,12,"""THE REST"""
board/freescale/mpc8572ds/README,166,"""THE REST"""
board/freescale/mpc8572ds/ddr.c,169,"""THE REST"""
board/freescale/mpc8572ds/law.c,20,"""THE REST"""
board/freescale/mpc8572ds/mpc8572ds.c,255,"""THE REST"""
board/freescale/mpc8572ds/tlb.c,88,"""THE REST"""
board/freescale/mpc8610hpcd/Kconfig,12,"""THE REST"""
board/freescale/mpc8610hpcd/MAINTAINERS,6,"""THE REST"""
board/freescale/mpc8610hpcd/Makefile,9,"""THE REST"""
board/freescale/mpc8610hpcd/README,73,"""THE REST"""
board/freescale/mpc8610hpcd/ddr.c,59,"""THE REST"""
board/freescale/mpc8610hpcd/law.c,22,"""THE REST"""
board/freescale/mpc8610hpcd/mpc8610hpcd.c,329,"""THE REST"""
board/freescale/mpc8610hpcd/mpc8610hpcd_diu.c,71,"""THE REST"""
board/freescale/mpc8641hpcn/Kconfig,12,"""THE REST"""
board/freescale/mpc8641hpcn/MAINTAINERS,7,"""THE REST"""
board/freescale/mpc8641hpcn/Makefile,10,"""THE REST"""
board/freescale/mpc8641hpcn/README,186,"""THE REST"""
board/freescale/mpc8641hpcn/ddr.c,110,"""THE REST"""
board/freescale/mpc8641hpcn/law.c,44,"""THE REST"""
board/freescale/mpc8641hpcn/mpc8641hpcn.c,241,"""THE REST"""
board/freescale/mx23evk/Kconfig,15,"""THE REST"""
board/freescale/mx23evk/MAINTAINERS,6,"""THE REST"""
board/freescale/mx23evk/Makefile,12,"""THE REST"""
board/freescale/mx23evk/mx23evk.c,78,"""THE REST"""
board/freescale/mx23evk/spl_boot.c,135,"""THE REST"""
board/freescale/mx25pdk/Kconfig,15,"""THE REST"""
board/freescale/mx25pdk/MAINTAINERS,6,"""THE REST"""
board/freescale/mx25pdk/Makefile,10,"""THE REST"""
board/freescale/mx25pdk/imximage.cfg,65,"""THE REST"""
board/freescale/mx25pdk/lowlevel_init.S,10,"""THE REST"""
board/freescale/mx25pdk/mx25pdk.c,188,"""THE REST"""
board/freescale/mx28evk/Kconfig,15,"""THE REST"""
board/freescale/mx28evk/MAINTAINERS,9,"""THE REST"""
board/freescale/mx28evk/Makefile,12,"""THE REST"""
board/freescale/mx28evk/README,62,"""THE REST"""
board/freescale/mx28evk/iomux.c,206,"""THE REST"""
board/freescale/mx28evk/mx28evk.c,148,"""THE REST"""
board/freescale/mx31ads/Kconfig,15,"""THE REST"""
board/freescale/mx31ads/MAINTAINERS,6,"""THE REST"""
board/freescale/mx31ads/Makefile,8,"""THE REST"""
board/freescale/mx31ads/lowlevel_init.S,268,"""THE REST"""
board/freescale/mx31ads/mx31ads.c,114,"""THE REST"""
board/freescale/mx31ads/u-boot.lds,110,"""THE REST"""
board/freescale/mx31pdk/Kconfig,15,"""THE REST"""
board/freescale/mx31pdk/MAINTAINERS,6,"""THE REST"""
board/freescale/mx31pdk/Makefile,13,"""THE REST"""
board/freescale/mx31pdk/lowlevel_init.S,77,"""THE REST"""
board/freescale/mx31pdk/mx31pdk.c,118,"""THE REST"""
board/freescale/mx35pdk/Kconfig,15,"""THE REST"""
board/freescale/mx35pdk/MAINTAINERS,6,"""THE REST"""
board/freescale/mx35pdk/Makefile,10,"""THE REST"""
board/freescale/mx35pdk/README,114,"""THE REST"""
board/freescale/mx35pdk/lowlevel_init.S,240,"""THE REST"""
board/freescale/mx35pdk/mx35pdk.c,288,"""THE REST"""
board/freescale/mx35pdk/mx35pdk.h,42,"""THE REST"""
board/freescale/mx51evk/Kconfig,15,"""THE REST"""
board/freescale/mx51evk/MAINTAINERS,6,"""THE REST"""
board/freescale/mx51evk/Makefile,10,"""THE REST"""
board/freescale/mx51evk/imximage.cfg,109,"""THE REST"""
board/freescale/mx51evk/mx51evk.c,399,"""THE REST"""
board/freescale/mx51evk/mx51evk_video.c,98,"""THE REST"""
board/freescale/mx53ard/Kconfig,15,"""THE REST"""
board/freescale/mx53ard/MAINTAINERS,6,"""THE REST"""
board/freescale/mx53ard/Makefile,9,"""THE REST"""
board/freescale/mx53ard/imximage_dd3.cfg,83,"""THE REST"""
board/freescale/mx53ard/mx53ard.c,315,"""THE REST"""
board/freescale/mx53evk/Kconfig,15,"""THE REST"""
board/freescale/mx53evk/MAINTAINERS,6,"""THE REST"""
board/freescale/mx53evk/Makefile,9,"""THE REST"""
board/freescale/mx53evk/imximage.cfg,98,"""THE REST"""
board/freescale/mx53evk/mx53evk.c,269,"""THE REST"""
board/freescale/mx53loco/Kconfig,15,"""THE REST"""
board/freescale/mx53loco/MAINTAINERS,6,"""THE REST"""
board/freescale/mx53loco/Makefile,9,"""THE REST"""
board/freescale/mx53loco/imximage.cfg,83,"""THE REST"""
board/freescale/mx53loco/mx53loco.c,418,"""THE REST"""
board/freescale/mx53loco/mx53loco_video.c,114,"""THE REST"""
board/freescale/mx53smd/Kconfig,15,"""THE REST"""
board/freescale/mx53smd/MAINTAINERS,6,"""THE REST"""
board/freescale/mx53smd/Makefile,9,"""THE REST"""
board/freescale/mx53smd/imximage.cfg,83,"""THE REST"""
board/freescale/mx53smd/mx53smd.c,156,"""THE REST"""
board/freescale/mx6qarm2/Kconfig,15,"""THE REST"""
board/freescale/mx6qarm2/MAINTAINERS,10,"""THE REST"""
board/freescale/mx6qarm2/Makefile,9,"""THE REST"""
board/freescale/mx6qarm2/imximage.cfg,338,"""THE REST"""
board/freescale/mx6qarm2/imximage_mx6dl.cfg,462,"""THE REST"""
board/freescale/mx6qarm2/mx6qarm2.c,283,"""THE REST"""
board/freescale/mx6qsabreauto/Kconfig,15,"""THE REST"""
board/freescale/mx6qsabreauto/MAINTAINERS,7,"""THE REST"""
board/freescale/mx6qsabreauto/Makefile,9,"""THE REST"""
board/freescale/mx6qsabreauto/imximage.cfg,129,"""THE REST"""
board/freescale/mx6qsabreauto/mx6dl.cfg,130,"""THE REST"""
board/freescale/mx6qsabreauto/mx6qsabreauto.c,615,"""THE REST"""
board/freescale/mx6sabresd/Kconfig,15,"""THE REST"""
board/freescale/mx6sabresd/MAINTAINERS,8,"""THE REST"""
board/freescale/mx6sabresd/Makefile,9,"""THE REST"""
board/freescale/mx6sabresd/mx6dlsabresd.cfg,131,"""THE REST"""
board/freescale/mx6sabresd/mx6q_4x_mt41j128.cfg,169,"""THE REST"""
board/freescale/mx6sabresd/mx6sabresd.c,851,"""THE REST"""
board/freescale/mx6slevk/Kconfig,15,"""THE REST"""
board/freescale/mx6slevk/MAINTAINERS,7,"""THE REST"""
board/freescale/mx6slevk/Makefile,6,"""THE REST"""
board/freescale/mx6slevk/imximage.cfg,115,"""THE REST"""
board/freescale/mx6slevk/mx6slevk.c,316,"""THE REST"""
board/freescale/mx6sxsabresd/Kconfig,15,"""THE REST"""
board/freescale/mx6sxsabresd/MAINTAINERS,6,"""THE REST"""
board/freescale/mx6sxsabresd/Makefile,6,"""THE REST"""
board/freescale/mx6sxsabresd/imximage.cfg,132,"""THE REST"""
board/freescale/mx6sxsabresd/mx6sxsabresd.c,436,"""THE REST"""
board/freescale/p1010rdb/Kconfig,12,"""THE REST"""
board/freescale/p1010rdb/MAINTAINERS,33,"""THE REST"""
board/freescale/p1010rdb/Makefile,30,"""THE REST"""
board/freescale/p1010rdb/README.P1010RDB-PA,208,"""THE REST"""
board/freescale/p1010rdb/README.P1010RDB-PB,188,"""THE REST"""
board/freescale/p1010rdb/ddr.c,235,"""THE REST"""
board/freescale/p1010rdb/law.c,17,"""THE REST"""
board/freescale/p1010rdb/p1010rdb.c,572,"""THE REST"""
board/freescale/p1010rdb/spl.c,108,"""THE REST"""
board/freescale/p1010rdb/spl_minimal.c,65,"""THE REST"""
board/freescale/p1010rdb/tlb.c,91,"""THE REST"""
board/freescale/p1022ds/Kconfig,12,"""THE REST"""
board/freescale/p1022ds/MAINTAINERS,13,"""THE REST"""
board/freescale/p1022ds/Makefile,29,"""THE REST"""
board/freescale/p1022ds/README,23,"""THE REST"""
board/freescale/p1022ds/ddr.c,107,"""THE REST"""
board/freescale/p1022ds/diu.c,477,"""THE REST"""
board/freescale/p1022ds/law.c,19,"""THE REST"""
board/freescale/p1022ds/p1022ds.c,362,"""THE REST"""
board/freescale/p1022ds/spl.c,125,"""THE REST"""
board/freescale/p1022ds/spl_minimal.c,71,"""THE REST"""
board/freescale/p1022ds/tlb.c,102,"""THE REST"""
board/freescale/p1023rdb/Kconfig,12,"""THE REST"""
board/freescale/p1023rdb/MAINTAINERS,6,"""THE REST"""
board/freescale/p1023rdb/Makefile,10,"""THE REST"""
board/freescale/p1023rdb/ddr.c,88,"""THE REST"""
board/freescale/p1023rdb/law.c,18,"""THE REST"""
board/freescale/p1023rdb/p1023rdb.c,153,"""THE REST"""
board/freescale/p1023rdb/tlb.c,99,"""THE REST"""
board/freescale/p1_p2_rdb/Kconfig,12,"""THE REST"""
board/freescale/p1_p2_rdb/MAINTAINERS,37,"""THE REST"""
board/freescale/p1_p2_rdb/Makefile,30,"""THE REST"""
board/freescale/p1_p2_rdb/README,145,"""THE REST"""
board/freescale/p1_p2_rdb/ddr.c,221,"""THE REST"""
board/freescale/p1_p2_rdb/law.c,17,"""THE REST"""
board/freescale/p1_p2_rdb/p1_p2_rdb.c,303,"""THE REST"""
board/freescale/p1_p2_rdb/pci.c,27,"""THE REST"""
board/freescale/p1_p2_rdb/spl.c,141,"""THE REST"""
board/freescale/p1_p2_rdb/spl_minimal.c,84,"""THE REST"""
board/freescale/p1_p2_rdb/tlb.c,91,"""THE REST"""
board/freescale/p1_p2_rdb_pc/Kconfig,12,"""THE REST"""
board/freescale/p1_p2_rdb_pc/MAINTAINERS,51,"""THE REST"""
board/freescale/p1_p2_rdb_pc/Makefile,29,"""THE REST"""
board/freescale/p1_p2_rdb_pc/README,47,"""THE REST"""
board/freescale/p1_p2_rdb_pc/ddr.c,294,"""THE REST"""
board/freescale/p1_p2_rdb_pc/law.c,23,"""THE REST"""
board/freescale/p1_p2_rdb_pc/p1_p2_rdb_pc.c,499,"""THE REST"""
board/freescale/p1_p2_rdb_pc/spl.c,122,"""THE REST"""
board/freescale/p1_p2_rdb_pc/spl_minimal.c,63,"""THE REST"""
board/freescale/p1_p2_rdb_pc/tlb.c,111,"""THE REST"""
board/freescale/p1_twr/Kconfig,12,"""THE REST"""
board/freescale/p1_twr/MAINTAINERS,6,"""THE REST"""
board/freescale/p1_twr/Makefile,9,"""THE REST"""
board/freescale/p1_twr/ddr.c,69,"""THE REST"""
board/freescale/p1_twr/law.c,16,"""THE REST"""
board/freescale/p1_twr/p1_twr.c,289,"""THE REST"""
board/freescale/p1_twr/tlb.c,76,"""THE REST"""
board/freescale/p2020come/Kconfig,12,"""THE REST"""
board/freescale/p2020come/MAINTAINERS,7,"""THE REST"""
board/freescale/p2020come/Makefile,10,"""THE REST"""
board/freescale/p2020come/ddr.c,29,"""THE REST"""
board/freescale/p2020come/law.c,23,"""THE REST"""
board/freescale/p2020come/p2020come.c,275,"""THE REST"""
board/freescale/p2020come/tlb.c,83,"""THE REST"""
board/freescale/p2020ds/Kconfig,12,"""THE REST"""
board/freescale/p2020ds/MAINTAINERS,10,"""THE REST"""
board/freescale/p2020ds/Makefile,12,"""THE REST"""
board/freescale/p2020ds/ddr.c,129,"""THE REST"""
board/freescale/p2020ds/law.c,20,"""THE REST"""
board/freescale/p2020ds/p2020ds.c,263,"""THE REST"""
board/freescale/p2020ds/tlb.c,90,"""THE REST"""
board/freescale/p2041rdb/Kconfig,12,"""THE REST"""
board/freescale/p2041rdb/MAINTAINERS,11,"""THE REST"""
board/freescale/p2041rdb/Makefile,12,"""THE REST"""
board/freescale/p2041rdb/README,123,"""THE REST"""
board/freescale/p2041rdb/cpld.c,158,"""THE REST"""
board/freescale/p2041rdb/cpld.h,55,"""THE REST"""
board/freescale/p2041rdb/ddr.c,140,"""THE REST"""
board/freescale/p2041rdb/eth.c,201,"""THE REST"""
board/freescale/p2041rdb/p2041rdb.c,244,"""THE REST"""
board/freescale/qemu-ppce500/Kconfig,12,"""THE REST"""
board/freescale/qemu-ppce500/MAINTAINERS,6,"""THE REST"""
board/freescale/qemu-ppce500/Makefile,9,"""THE REST"""
board/freescale/qemu-ppce500/qemu-ppce500.c,370,"""THE REST"""
board/freescale/t102xqds/Kconfig,12,"""THE REST"""
board/freescale/t102xqds/MAINTAINERS,12,"""THE REST"""
board/freescale/t102xqds/Makefile,17,"""THE REST"""
board/freescale/t102xqds/README,328,"""THE REST"""
board/freescale/t102xqds/ddr.c,170,"""THE REST"""
board/freescale/t102xqds/eth_t102xqds.c,442,"""THE REST"""
board/freescale/t102xqds/law.c,32,"""THE REST"""
board/freescale/t102xqds/pci.c,23,"""THE REST"""
board/freescale/t102xqds/spl.c,151,"""THE REST"""
board/freescale/t102xqds/t1024_pbi.cfg,26,"""THE REST"""
board/freescale/t102xqds/t1024_rcw.cfg,10,"""THE REST"""
board/freescale/t102xqds/t102xqds.c,408,"""THE REST"""
board/freescale/t102xqds/t102xqds.h,14,"""THE REST"""
board/freescale/t102xqds/t102xqds_qixis.h,64,"""THE REST"""
board/freescale/t102xqds/tlb.c,117,"""THE REST"""
board/freescale/t102xrdb/Kconfig,12,"""THE REST"""
board/freescale/t102xrdb/MAINTAINERS,10,"""THE REST"""
board/freescale/t102xrdb/Makefile,17,"""THE REST"""
board/freescale/t102xrdb/README,258,"""THE REST"""
board/freescale/t102xrdb/cpld.c,103,"""THE REST"""
board/freescale/t102xrdb/cpld.h,45,"""THE REST"""
board/freescale/t102xrdb/ddr.c,154,"""THE REST"""
board/freescale/t102xrdb/eth_t102xrdb.c,100,"""THE REST"""
board/freescale/t102xrdb/law.c,32,"""THE REST"""
board/freescale/t102xrdb/pci.c,23,"""THE REST"""
board/freescale/t102xrdb/spl.c,107,"""THE REST"""
board/freescale/t102xrdb/t1024_pbi.cfg,26,"""THE REST"""
board/freescale/t102xrdb/t1024_rcw.cfg,8,"""THE REST"""
board/freescale/t102xrdb/t102xrdb.c,144,"""THE REST"""
board/freescale/t102xrdb/t102xrdb.h,13,"""THE REST"""
board/freescale/t102xrdb/tlb.c,117,"""THE REST"""
board/freescale/t1040qds/Kconfig,12,"""THE REST"""
board/freescale/t1040qds/MAINTAINERS,12,"""THE REST"""
board/freescale/t1040qds/Makefile,13,"""THE REST"""
board/freescale/t1040qds/README,169,"""THE REST"""
board/freescale/t1040qds/ddr.c,116,"""THE REST"""
board/freescale/t1040qds/ddr.h,53,"""THE REST"""
board/freescale/t1040qds/diu.c,97,"""THE REST"""
board/freescale/t1040qds/eth.c,498,"""THE REST"""
board/freescale/t1040qds/law.c,32,"""THE REST"""
board/freescale/t1040qds/pci.c,23,"""THE REST"""
board/freescale/t1040qds/t1040_pbi.cfg,27,"""THE REST"""
board/freescale/t1040qds/t1040_rcw.cfg,7,"""THE REST"""
board/freescale/t1040qds/t1040qds.c,294,"""THE REST"""
board/freescale/t1040qds/t1040qds.h,14,"""THE REST"""
board/freescale/t1040qds/t1040qds_qixis.h,52,"""THE REST"""
board/freescale/t1040qds/tlb.c,108,"""THE REST"""
board/freescale/t104xrdb/Kconfig,12,"""THE REST"""
board/freescale/t104xrdb/MAINTAINERS,23,"""THE REST"""
board/freescale/t104xrdb/Makefile,18,"""THE REST"""
board/freescale/t104xrdb/README,286,"""THE REST"""
board/freescale/t104xrdb/cpld.c,112,"""THE REST"""
board/freescale/t104xrdb/cpld.h,40,"""THE REST"""
board/freescale/t104xrdb/ddr.c,147,"""THE REST"""
board/freescale/t104xrdb/ddr.h,78,"""THE REST"""
board/freescale/t104xrdb/diu.c,84,"""THE REST"""
board/freescale/t104xrdb/eth.c,83,"""THE REST"""
board/freescale/t104xrdb/law.c,32,"""THE REST"""
board/freescale/t104xrdb/pci.c,23,"""THE REST"""
board/freescale/t104xrdb/spl.c,134,"""THE REST"""
board/freescale/t104xrdb/t1040_rcw.cfg,7,"""THE REST"""
board/freescale/t104xrdb/t1042_pi_rcw.cfg,7,"""THE REST"""
board/freescale/t104xrdb/t1042_rcw.cfg,7,"""THE REST"""
board/freescale/t104xrdb/t104x_pbi.cfg,36,"""THE REST"""
board/freescale/t104xrdb/t104xrdb.c,124,"""THE REST"""
board/freescale/t104xrdb/t104xrdb.h,13,"""THE REST"""
board/freescale/t104xrdb/tlb.c,119,"""THE REST"""
board/freescale/t208xqds/Kconfig,12,"""THE REST"""
board/freescale/t208xqds/MAINTAINERS,20,"""THE REST"""
board/freescale/t208xqds/Makefile,19,"""THE REST"""
board/freescale/t208xqds/README,274,"""THE REST"""
board/freescale/t208xqds/ddr.c,122,"""THE REST"""
board/freescale/t208xqds/ddr.h,71,"""THE REST"""
board/freescale/t208xqds/eth_t208xqds.c,812,"""THE REST"""
board/freescale/t208xqds/law.c,34,"""THE REST"""
board/freescale/t208xqds/pci.c,23,"""THE REST"""
board/freescale/t208xqds/spl.c,137,"""THE REST"""
board/freescale/t208xqds/t2080_rcw.cfg,16,"""THE REST"""
board/freescale/t208xqds/t2081_rcw.cfg,8,"""THE REST"""
board/freescale/t208xqds/t208x_pbi.cfg,41,"""THE REST"""
board/freescale/t208xqds/t208xqds.c,478,"""THE REST"""
board/freescale/t208xqds/t208xqds.h,13,"""THE REST"""
board/freescale/t208xqds/t208xqds_qixis.h,49,"""THE REST"""
board/freescale/t208xqds/tlb.c,153,"""THE REST"""
board/freescale/t208xrdb/Kconfig,12,"""THE REST"""
board/freescale/t208xrdb/MAINTAINERS,15,"""THE REST"""
board/freescale/t208xrdb/Makefile,18,"""THE REST"""
board/freescale/t208xrdb/README,264,"""THE REST"""
board/freescale/t208xrdb/cpld.c,71,"""THE REST"""
board/freescale/t208xrdb/cpld.h,42,"""THE REST"""
board/freescale/t208xrdb/ddr.c,114,"""THE REST"""
board/freescale/t208xrdb/ddr.h,47,"""THE REST"""
board/freescale/t208xrdb/eth_t208xrdb.c,106,"""THE REST"""
board/freescale/t208xrdb/law.c,34,"""THE REST"""
board/freescale/t208xrdb/pci.c,23,"""THE REST"""
board/freescale/t208xrdb/spl.c,107,"""THE REST"""
board/freescale/t208xrdb/t2080_pbi.cfg,41,"""THE REST"""
board/freescale/t208xrdb/t2080_rcw.cfg,16,"""THE REST"""
board/freescale/t208xrdb/t208xrdb.c,131,"""THE REST"""
board/freescale/t208xrdb/t208xrdb.h,13,"""THE REST"""
board/freescale/t208xrdb/tlb.c,153,"""THE REST"""
board/freescale/t4qds/Kconfig,25,"""THE REST"""
board/freescale/t4qds/MAINTAINERS,26,"""THE REST"""
board/freescale/t4qds/Makefile,17,"""THE REST"""
board/freescale/t4qds/README,194,"""THE REST"""
board/freescale/t4qds/ddr.c,131,"""THE REST"""
board/freescale/t4qds/ddr.h,108,"""THE REST"""
board/freescale/t4qds/eth.c,866,"""THE REST"""
board/freescale/t4qds/law.c,34,"""THE REST"""
board/freescale/t4qds/pci.c,23,"""THE REST"""
board/freescale/t4qds/spl.c,141,"""THE REST"""
board/freescale/t4qds/t4240emu.c,88,"""THE REST"""
board/freescale/t4qds/t4240qds.c,894,"""THE REST"""
board/freescale/t4qds/t4240qds_qixis.h,43,"""THE REST"""
board/freescale/t4qds/t4_pbi.cfg,22,"""THE REST"""
board/freescale/t4qds/t4_rcw.cfg,7,"""THE REST"""
board/freescale/t4qds/t4qds.h,13,"""THE REST"""
board/freescale/t4qds/tlb.c,147,"""THE REST"""
board/freescale/t4rdb/Kconfig,12,"""THE REST"""
board/freescale/t4rdb/MAINTAINERS,7,"""THE REST"""
board/freescale/t4rdb/Makefile,13,"""THE REST"""
board/freescale/t4rdb/cpld.c,136,"""THE REST"""
board/freescale/t4rdb/cpld.h,49,"""THE REST"""
board/freescale/t4rdb/ddr.c,118,"""THE REST"""
board/freescale/t4rdb/ddr.h,78,"""THE REST"""
board/freescale/t4rdb/eth.c,146,"""THE REST"""
board/freescale/t4rdb/law.c,31,"""THE REST"""
board/freescale/t4rdb/pci.c,23,"""THE REST"""
board/freescale/t4rdb/t4240rdb.c,145,"""THE REST"""
board/freescale/t4rdb/t4_pbi.cfg,31,"""THE REST"""
board/freescale/t4rdb/t4_rcw.cfg,7,"""THE REST"""
board/freescale/t4rdb/t4rdb.h,18,"""THE REST"""
board/freescale/t4rdb/tlb.c,116,"""THE REST"""
board/freescale/vf610twr/Kconfig,15,"""THE REST"""
board/freescale/vf610twr/MAINTAINERS,7,"""THE REST"""
board/freescale/vf610twr/Makefile,7,"""THE REST"""
board/freescale/vf610twr/imximage.cfg,17,"""THE REST"""
board/freescale/vf610twr/vf610twr.c,498,"""THE REST"""
board/g2000/Kconfig,9,"""THE REST"""
board/g2000/MAINTAINERS,6,"""THE REST"""
board/g2000/Makefile,8,"""THE REST"""
board/g2000/g2000.c,245,"""THE REST"""
board/g2000/strataflash.c,774,"""THE REST"""
board/gaisler/gr_cpci_ax2000/Kconfig,9,"""THE REST"""
board/gaisler/gr_cpci_ax2000/MAINTAINERS,6,"""THE REST"""
board/gaisler/gr_cpci_ax2000/Makefile,8,"""THE REST"""
board/gaisler/gr_cpci_ax2000/gr_cpci_ax2000.c,38,"""THE REST"""
board/gaisler/gr_ep2s60/Kconfig,9,"""THE REST"""
board/gaisler/gr_ep2s60/MAINTAINERS,6,"""THE REST"""
board/gaisler/gr_ep2s60/Makefile,8,"""THE REST"""
board/gaisler/gr_ep2s60/gr_ep2s60.c,38,"""THE REST"""
board/gaisler/gr_xc3s_1500/Kconfig,9,"""THE REST"""
board/gaisler/gr_xc3s_1500/MAINTAINERS,6,"""THE REST"""
board/gaisler/gr_xc3s_1500/Makefile,8,"""THE REST"""
board/gaisler/gr_xc3s_1500/gr_xc3s_1500.c,26,"""THE REST"""
board/gaisler/grsim/Kconfig,9,"""THE REST"""
board/gaisler/grsim/MAINTAINERS,6,"""THE REST"""
board/gaisler/grsim/Makefile,8,"""THE REST"""
board/gaisler/grsim/grsim.c,27,"""THE REST"""
board/gaisler/grsim_leon2/Kconfig,9,"""THE REST"""
board/gaisler/grsim_leon2/MAINTAINERS,6,"""THE REST"""
board/gaisler/grsim_leon2/Makefile,8,"""THE REST"""
board/gaisler/grsim_leon2/grsim_leon2.c,27,"""THE REST"""
board/galaxy5200/Kconfig,9,"""THE REST"""
board/galaxy5200/MAINTAINERS,7,"""THE REST"""
board/galaxy5200/Makefile,8,"""THE REST"""
board/galaxy5200/galaxy5200.c,185,"""THE REST"""
board/gateworks/gw_ventana/Kconfig,15,"""THE REST"""
board/gateworks/gw_ventana/MAINTAINERS,6,"""THE REST"""
board/gateworks/gw_ventana/Makefile,11,"""THE REST"""
board/gateworks/gw_ventana/README,83,"""THE REST"""
board/gateworks/gw_ventana/eeprom.c,254,"""THE REST"""
board/gateworks/gw_ventana/gsc.c,133,"""THE REST"""
board/gateworks/gw_ventana/gsc.h,64,"""THE REST"""
board/gateworks/gw_ventana/gw_ventana.c,1540,"""THE REST"""
board/gateworks/gw_ventana/gw_ventana_spl.c,469,"""THE REST"""
board/gateworks/gw_ventana/ventana_eeprom.h,129,"""THE REST"""
board/gdsys/405ep/405ep.c,122,"""THE REST"""
board/gdsys/405ep/405ep.h,10,"""THE REST"""
board/gdsys/405ep/Kconfig,51,"""THE REST"""
board/gdsys/405ep/MAINTAINERS,12,"""THE REST"""
board/gdsys/405ep/Makefile,12,"""THE REST"""
board/gdsys/405ep/dlvision-10g.c,303,"""THE REST"""
board/gdsys/405ep/io.c,214,"""THE REST"""
board/gdsys/405ep/iocon.c,648,"""THE REST"""
board/gdsys/405ep/neo.c,150,"""THE REST"""
board/gdsys/405ex/405ex.c,252,"""THE REST"""
board/gdsys/405ex/405ex.h,10,"""THE REST"""
board/gdsys/405ex/Kconfig,12,"""THE REST"""
board/gdsys/405ex/MAINTAINERS,6,"""THE REST"""
board/gdsys/405ex/Makefile,10,"""THE REST"""
board/gdsys/405ex/chip_config.c,79,"""THE REST"""
board/gdsys/405ex/io64.c,386,"""THE REST"""
board/gdsys/common/Makefile,15,"""THE REST"""
board/gdsys/common/cmd_ioloop.c,295,"""THE REST"""
board/gdsys/common/dp501.c,106,"""THE REST"""
board/gdsys/common/dp501.h,30,"""THE REST"""
board/gdsys/common/fpga.c,25,"""THE REST"""
board/gdsys/common/ihs_mdio.c,88,"""THE REST"""
board/gdsys/common/ihs_mdio.h,18,"""THE REST"""
board/gdsys/common/mclink.c,137,"""THE REST"""
board/gdsys/common/mclink.h,15,"""THE REST"""
board/gdsys/common/miiphybb.c,128,"""THE REST"""
board/gdsys/common/osd.c,451,"""THE REST"""
board/gdsys/common/osd.h,13,"""THE REST"""
board/gdsys/common/phy.c,280,"""THE REST"""
board/gdsys/common/phy.h,14,"""THE REST"""
board/gdsys/dlvision/Kconfig,12,"""THE REST"""
board/gdsys/dlvision/MAINTAINERS,6,"""THE REST"""
board/gdsys/dlvision/Makefile,8,"""THE REST"""
board/gdsys/dlvision/dlvision.c,122,"""THE REST"""
board/gdsys/gdppc440etx/Kconfig,12,"""THE REST"""
board/gdsys/gdppc440etx/MAINTAINERS,6,"""THE REST"""
board/gdsys/gdppc440etx/Makefile,9,"""THE REST"""
board/gdsys/gdppc440etx/config.mk,20,"""THE REST"""
board/gdsys/gdppc440etx/gdppc440etx.c,161,"""THE REST"""
board/gdsys/gdppc440etx/init.S,59,"""THE REST"""
board/gdsys/intip/Kconfig,12,"""THE REST"""
board/gdsys/intip/MAINTAINERS,7,"""THE REST"""
board/gdsys/intip/Makefile,10,"""THE REST"""
board/gdsys/intip/chip_config.c,70,"""THE REST"""
board/gdsys/intip/config.mk,19,"""THE REST"""
board/gdsys/intip/init.S,82,"""THE REST"""
board/gdsys/intip/intip.c,221,"""THE REST"""
board/gdsys/mpc8308/Kconfig,12,"""THE REST"""
board/gdsys/mpc8308/MAINTAINERS,6,"""THE REST"""
board/gdsys/mpc8308/Makefile,9,"""THE REST"""
board/gdsys/mpc8308/hrcon.c,677,"""THE REST"""
board/gdsys/mpc8308/mpc8308.c,109,"""THE REST"""
board/gdsys/mpc8308/mpc8308.h,10,"""THE REST"""
board/gdsys/mpc8308/sdram.c,82,"""THE REST"""
board/gdsys/p1022/Kconfig,12,"""THE REST"""
board/gdsys/p1022/MAINTAINERS,9,"""THE REST"""
board/gdsys/p1022/Makefile,15,"""THE REST"""
board/gdsys/p1022/controlcenterd-id.c,1233,"""THE REST"""
board/gdsys/p1022/controlcenterd-id.h,29,"""THE REST"""
board/gdsys/p1022/controlcenterd.c,423,"""THE REST"""
board/gdsys/p1022/ddr.c,71,"""THE REST"""
board/gdsys/p1022/diu.c,87,"""THE REST"""
board/gdsys/p1022/law.c,20,"""THE REST"""
board/gdsys/p1022/sdhc_boot.c,63,"""THE REST"""
board/gdsys/p1022/tlb.c,77,"""THE REST"""
board/genesi/mx51_efikamx/Kconfig,15,"""THE REST"""
board/genesi/mx51_efikamx/MAINTAINERS,7,"""THE REST"""
board/genesi/mx51_efikamx/Makefile,13,"""THE REST"""
board/genesi/mx51_efikamx/efikamx-usb.c,228,"""THE REST"""
board/genesi/mx51_efikamx/efikamx.c,509,"""THE REST"""
board/genesi/mx51_efikamx/imximage_mx.cfg,118,"""THE REST"""
board/genesi/mx51_efikamx/imximage_sb.cfg,101,"""THE REST"""
board/google/chromebook_link/Kconfig,32,"""THE REST"""
board/google/chromebook_link/MAINTAINERS,6,"""THE REST"""
board/google/chromebook_link/Makefile,15,"""THE REST"""
board/google/chromebook_link/link.c,163,"""THE REST"""
board/google/common/Makefile,7,"""THE REST"""
board/google/common/early_init.S,29,"""THE REST"""
board/gumstix/duovero/Kconfig,12,"""THE REST"""
board/gumstix/duovero/MAINTAINERS,6,"""THE REST"""
board/gumstix/duovero/Makefile,8,"""THE REST"""
board/gumstix/duovero/duovero.c,264,"""THE REST"""
board/gumstix/duovero/duovero_mux_data.h,199,"""THE REST"""
board/gumstix/pepper/Kconfig,15,"""THE REST"""
board/gumstix/pepper/MAINTAINERS,6,"""THE REST"""
board/gumstix/pepper/Makefile,13,"""THE REST"""
board/gumstix/pepper/board.c,202,"""THE REST"""
board/gumstix/pepper/board.h,19,"""THE REST"""
board/gumstix/pepper/mux.c,78,"""THE REST"""
board/h2200/Kconfig,9,"""THE REST"""
board/h2200/MAINTAINERS,6,"""THE REST"""
board/h2200/Makefile,14,"""THE REST"""
board/h2200/h2200-header.S,15,"""THE REST"""
board/h2200/h2200.c,61,"""THE REST"""
board/hale/tt01/Kconfig,15,"""THE REST"""
board/hale/tt01/MAINTAINERS,6,"""THE REST"""
board/hale/tt01/Makefile,10,"""THE REST"""
board/hale/tt01/lowlevel_init.S,16,"""THE REST"""
board/hale/tt01/tt01.c,243,"""THE REST"""
board/highbank/MAINTAINERS,6,"""THE REST"""
board/highbank/Makefile,8,"""THE REST"""
board/highbank/highbank.c,119,"""THE REST"""
board/htkw/mcx/Kconfig,12,"""THE REST"""
board/htkw/mcx/MAINTAINERS,6,"""THE REST"""
board/htkw/mcx/Makefile,9,"""THE REST"""
board/htkw/mcx/mcx.c,142,"""THE REST"""
board/htkw/mcx/mcx.h,401,"""THE REST"""
board/ibf-dsp561/Kconfig,9,"""THE REST"""
board/ibf-dsp561/MAINTAINERS,6,"""THE REST"""
board/ibf-dsp561/Makefile,12,"""THE REST"""
board/ibf-dsp561/config.mk,11,"""THE REST"""
board/ibf-dsp561/ibf-dsp561.c,26,"""THE REST"""
board/icecube/Kconfig,9,"""THE REST"""
board/icecube/MAINTAINERS,21,"""THE REST"""
board/icecube/Makefile,8,"""THE REST"""
board/icecube/README,13,"""THE REST"""
board/icecube/README.Lite5200B_low_power,22,"""THE REST"""
board/icecube/flash.c,477,"""THE REST"""
board/icecube/icecube.c,326,"""THE REST"""
board/icecube/mt46v16m16-75.h,16,"""THE REST"""
board/icecube/mt46v32m16.h,16,"""THE REST"""
board/icecube/mt48lc16m16a2-75.h,14,"""THE REST"""
board/icpdas/lp8x4x/Kconfig,12,"""THE REST"""
board/icpdas/lp8x4x/MAINTAINERS,6,"""THE REST"""
board/icpdas/lp8x4x/Makefile,9,"""THE REST"""
board/icpdas/lp8x4x/lp8x4x.c,128,"""THE REST"""
board/ids/ids8313/Kconfig,12,"""THE REST"""
board/ids/ids8313/MAINTAINERS,6,"""THE REST"""
board/ids/ids8313/Makefile,11,"""THE REST"""
board/ids/ids8313/ids8313.c,210,"""THE REST"""
board/ifm/ac14xx/Kconfig,12,"""THE REST"""
board/ifm/ac14xx/MAINTAINERS,6,"""THE REST"""
board/ifm/ac14xx/Makefile,7,"""THE REST"""
board/ifm/ac14xx/ac14xx.c,617,"""THE REST"""
board/ifm/o2dnt2/Kconfig,77,"""THE REST"""
board/ifm/o2dnt2/MAINTAINERS,20,"""THE REST"""
board/ifm/o2dnt2/Makefile,8,"""THE REST"""
board/ifm/o2dnt2/o2dnt2.c,386,"""THE REST"""
board/imgtec/malta/Kconfig,12,"""THE REST"""
board/imgtec/malta/MAINTAINERS,7,"""THE REST"""
board/imgtec/malta/Makefile,10,"""THE REST"""
board/imgtec/malta/flash-malta-boot.tcl,40,"""THE REST"""
board/imgtec/malta/lowlevel_init.S,238,"""THE REST"""
board/imgtec/malta/malta.c,220,"""THE REST"""
board/imgtec/malta/superio.c,63,"""THE REST"""
board/imgtec/malta/superio.h,15,"""THE REST"""
board/imx31_phycore/Kconfig,12,"""THE REST"""
board/imx31_phycore/MAINTAINERS,11,"""THE REST"""
board/imx31_phycore/Makefile,9,"""THE REST"""
board/imx31_phycore/imx31_phycore.c,153,"""THE REST"""
board/imx31_phycore/lowlevel_init.S,88,"""THE REST"""
board/in-circuit/grasshopper/Kconfig,15,"""THE REST"""
board/in-circuit/grasshopper/MAINTAINERS,6,"""THE REST"""
board/in-circuit/grasshopper/Makefile,10,"""THE REST"""
board/in-circuit/grasshopper/grasshopper.c,103,"""THE REST"""
board/inka4x0/Kconfig,9,"""THE REST"""
board/inka4x0/MAINTAINERS,6,"""THE REST"""
board/inka4x0/Makefile,8,"""THE REST"""
board/inka4x0/inka4x0.c,250,"""THE REST"""
board/inka4x0/inkadiag.c,464,"""THE REST"""
board/inka4x0/k4h511638c.h,16,"""THE REST"""
board/inka4x0/mt46v16m16-75.h,16,"""THE REST"""
board/inka4x0/mt46v32m16-75.h,16,"""THE REST"""
board/inka4x0/mt48lc16m16a2-75.h,14,"""THE REST"""
board/intel/crownbay/Kconfig,20,"""THE REST"""
board/intel/crownbay/MAINTAINERS,6,"""THE REST"""
board/intel/crownbay/Makefile,7,"""THE REST"""
board/intel/crownbay/crownbay.c,32,"""THE REST"""
board/intel/crownbay/start.S,9,"""THE REST"""
board/intercontrol/digsy_mtc/Kconfig,12,"""THE REST"""
board/intercontrol/digsy_mtc/MAINTAINERS,9,"""THE REST"""
board/intercontrol/digsy_mtc/Makefile,6,"""THE REST"""
board/intercontrol/digsy_mtc/cmd_disp.c,41,"""THE REST"""
board/intercontrol/digsy_mtc/cmd_mtc.c,369,"""THE REST"""
board/intercontrol/digsy_mtc/cmd_mtc.h,45,"""THE REST"""
board/intercontrol/digsy_mtc/digsy_mtc.c,484,"""THE REST"""
board/intercontrol/digsy_mtc/eeprom.h,18,"""THE REST"""
board/intercontrol/digsy_mtc/is42s16800a-7t.h,11,"""THE REST"""
board/intercontrol/digsy_mtc/is45s16800a2.h,15,"""THE REST"""
board/iomega/iconnect/Kconfig,12,"""THE REST"""
board/iomega/iconnect/MAINTAINERS,6,"""THE REST"""
board/iomega/iconnect/Makefile,9,"""THE REST"""
board/iomega/iconnect/iconnect.c,93,"""THE REST"""
board/iomega/iconnect/iconnect.h,25,"""THE REST"""
board/iomega/iconnect/kwbimage.cfg,151,"""THE REST"""
board/ip04/Kconfig,9,"""THE REST"""
board/ip04/MAINTAINERS,6,"""THE REST"""
board/ip04/Makefile,12,"""THE REST"""
board/ip04/config.mk,12,"""THE REST"""
board/ip04/ip04.c,41,"""THE REST"""
board/ipek01/Kconfig,9,"""THE REST"""
board/ipek01/MAINTAINERS,6,"""THE REST"""
board/ipek01/Makefile,8,"""THE REST"""
board/ipek01/ipek01.c,268,"""THE REST"""
board/isee/igep0033/Kconfig,15,"""THE REST"""
board/isee/igep0033/MAINTAINERS,6,"""THE REST"""
board/isee/igep0033/Makefile,13,"""THE REST"""
board/isee/igep0033/board.c,174,"""THE REST"""
board/isee/igep0033/board.h,19,"""THE REST"""
board/isee/igep0033/mux.c,88,"""THE REST"""
board/isee/igep00x0/Kconfig,12,"""THE REST"""
board/isee/igep00x0/MAINTAINERS,14,"""THE REST"""
board/isee/igep00x0/Makefile,8,"""THE REST"""
board/isee/igep00x0/igep00x0.c,217,"""THE REST"""
board/isee/igep00x0/igep00x0.h,157,"""THE REST"""
board/jornada/Kconfig,9,"""THE REST"""
board/jornada/MAINTAINERS,6,"""THE REST"""
board/jornada/Makefile,11,"""THE REST"""
board/jornada/jornada.c,44,"""THE REST"""
board/jornada/setup.S,194,"""THE REST"""
board/jse/Kconfig,9,"""THE REST"""
board/jse/MAINTAINERS,6,"""THE REST"""
board/jse/Makefile,12,"""THE REST"""
board/jse/README.txt,48,"""THE REST"""
board/jse/flash.c,491,"""THE REST"""
board/jse/host_bridge.c,77,"""THE REST"""
board/jse/init.S,75,"""THE REST"""
board/jse/jse.c,147,"""THE REST"""
board/jse/jse_priv.h,12,"""THE REST"""
board/jse/sdram.c,169,"""THE REST"""
board/jupiter/Kconfig,9,"""THE REST"""
board/jupiter/MAINTAINERS,6,"""THE REST"""
board/jupiter/Makefile,8,"""THE REST"""
board/jupiter/jupiter.c,292,"""THE REST"""
board/karo/tk71/Kconfig,12,"""THE REST"""
board/karo/tk71/MAINTAINERS,6,"""THE REST"""
board/karo/tk71/Makefile,9,"""THE REST"""
board/karo/tk71/kwbimage.cfg,158,"""THE REST"""
board/karo/tk71/tk71.c,150,"""THE REST"""
board/karo/tx25/Kconfig,15,"""THE REST"""
board/karo/tx25/MAINTAINERS,6,"""THE REST"""
board/karo/tx25/Makefile,11,"""THE REST"""
board/karo/tx25/lowlevel_init.S,98,"""THE REST"""
board/karo/tx25/tx25.c,210,"""THE REST"""
board/keymile/common/common.c,374,"""THE REST"""
board/keymile/common/common.h,152,"""THE REST"""
board/keymile/common/ivm.c,316,"""THE REST"""
board/keymile/km82xx/Kconfig,12,"""THE REST"""
board/keymile/km82xx/MAINTAINERS,7,"""THE REST"""
board/keymile/km82xx/Makefile,8,"""THE REST"""
board/keymile/km82xx/km82xx.c,467,"""THE REST"""
board/keymile/km83xx/Kconfig,38,"""THE REST"""
board/keymile/km83xx/MAINTAINERS,19,"""THE REST"""
board/keymile/km83xx/Makefile,8,"""THE REST"""
board/keymile/km83xx/README.kmeter1,91,"""THE REST"""
board/keymile/km83xx/km83xx.c,412,"""THE REST"""
board/keymile/km83xx/km83xx_i2c.c,71,"""THE REST"""
board/keymile/km_arm/Kconfig,12,"""THE REST"""
board/keymile/km_arm/MAINTAINERS,14,"""THE REST"""
board/keymile/km_arm/Makefile,13,"""THE REST"""
board/keymile/km_arm/fpga_config.c,265,"""THE REST"""
board/keymile/km_arm/km_arm.c,495,"""THE REST"""
board/keymile/km_arm/kwbimage-memphis.cfg,181,"""THE REST"""
board/keymile/km_arm/kwbimage.cfg,163,"""THE REST"""
board/keymile/km_arm/kwbimage_128M16_1.cfg,257,"""THE REST"""
board/keymile/km_arm/kwbimage_256M8_1.cfg,259,"""THE REST"""
board/keymile/kmp204x/Kconfig,12,"""THE REST"""
board/keymile/kmp204x/MAINTAINERS,7,"""THE REST"""
board/keymile/kmp204x/Makefile,12,"""THE REST"""
board/keymile/kmp204x/ddr.c,64,"""THE REST"""
board/keymile/kmp204x/eth.c,71,"""THE REST"""
board/keymile/kmp204x/kmp204x.c,304,"""THE REST"""
board/keymile/kmp204x/kmp204x.h,35,"""THE REST"""
board/keymile/kmp204x/law.c,40,"""THE REST"""
board/keymile/kmp204x/pbi.cfg,76,"""THE REST"""
board/keymile/kmp204x/pci.c,123,"""THE REST"""
board/keymile/kmp204x/qrio.c,207,"""THE REST"""
board/keymile/kmp204x/rcw_kmp204x.cfg,11,"""THE REST"""
board/keymile/kmp204x/tlb.c,110,"""THE REST"""
board/keymile/scripts/README,31,"""THE REST"""
board/keymile/scripts/develop-arm.txt,1,"""THE REST"""
board/keymile/scripts/develop-common.txt,10,"""THE REST"""
board/keymile/scripts/develop-ppc_82xx.txt,1,"""THE REST"""
board/keymile/scripts/develop-ppc_8xx.txt,1,"""THE REST"""
board/keymile/scripts/ramfs-arm.txt,1,"""THE REST"""
board/keymile/scripts/ramfs-common.txt,13,"""THE REST"""
board/keymile/scripts/ramfs-ppc_82xx.txt,1,"""THE REST"""
board/keymile/scripts/ramfs-ppc_8xx.txt,1,"""THE REST"""
board/kmc/kzm9g/Kconfig,12,"""THE REST"""
board/kmc/kzm9g/MAINTAINERS,7,"""THE REST"""
board/kmc/kzm9g/Makefile,8,"""THE REST"""
board/kmc/kzm9g/kzm9g.c,374,"""THE REST"""
board/korat/Kconfig,9,"""THE REST"""
board/korat/MAINTAINERS,7,"""THE REST"""
board/korat/Makefile,9,"""THE REST"""
board/korat/README,64,"""THE REST"""
board/korat/config.mk,27,"""THE REST"""
board/korat/init.S,80,"""THE REST"""
board/korat/korat.c,633,"""THE REST"""
board/korat/u-boot-F7FC.lds,124,"""THE REST"""
board/kosagi/novena/Kconfig,15,"""THE REST"""
board/kosagi/novena/MAINTAINERS,6,"""THE REST"""
board/kosagi/novena/Makefile,12,"""THE REST"""
board/kosagi/novena/novena.c,269,"""THE REST"""
board/kosagi/novena/novena.h,33,"""THE REST"""
board/kosagi/novena/novena_spl.c,613,"""THE REST"""
board/kosagi/novena/video.c,456,"""THE REST"""
board/logicpd/am3517evm/Kconfig,12,"""THE REST"""
board/logicpd/am3517evm/MAINTAINERS,6,"""THE REST"""
board/logicpd/am3517evm/Makefile,11,"""THE REST"""
board/logicpd/am3517evm/am3517evm.c,177,"""THE REST"""
board/logicpd/am3517evm/am3517evm.h,393,"""THE REST"""
board/logicpd/imx27lite/Kconfig,31,"""THE REST"""
board/logicpd/imx27lite/MAINTAINERS,12,"""THE REST"""
board/logicpd/imx27lite/Makefile,9,"""THE REST"""
board/logicpd/imx27lite/imx27lite.c,77,"""THE REST"""
board/logicpd/imx27lite/lowlevel_init.S,157,"""THE REST"""
board/logicpd/imx31_litekit/Kconfig,15,"""THE REST"""
board/logicpd/imx31_litekit/MAINTAINERS,6,"""THE REST"""
board/logicpd/imx31_litekit/Makefile,9,"""THE REST"""
board/logicpd/imx31_litekit/imx31_litekit.c,91,"""THE REST"""
board/logicpd/imx31_litekit/lowlevel_init.S,87,"""THE REST"""
board/logicpd/omap3som/Kconfig,12,"""THE REST"""
board/logicpd/omap3som/MAINTAINERS,6,"""THE REST"""
board/logicpd/omap3som/Makefile,8,"""THE REST"""
board/logicpd/omap3som/omap3logic.c,242,"""THE REST"""
board/logicpd/omap3som/omap3logic.h,31,"""THE REST"""
board/logicpd/zoom1/Kconfig,12,"""THE REST"""
board/logicpd/zoom1/MAINTAINERS,6,"""THE REST"""
board/logicpd/zoom1/Makefile,8,"""THE REST"""
board/logicpd/zoom1/config.mk,16,"""THE REST"""
board/logicpd/zoom1/zoom1.c,144,"""THE REST"""
board/logicpd/zoom1/zoom1.h,123,"""THE REST"""
board/lwmon5/Kconfig,9,"""THE REST"""
board/lwmon5/MAINTAINERS,7,"""THE REST"""
board/lwmon5/Makefile,9,"""THE REST"""
board/lwmon5/config.mk,18,"""THE REST"""
board/lwmon5/init.S,75,"""THE REST"""
board/lwmon5/kbd.c,490,"""THE REST"""
board/lwmon5/lwmon5.c,558,"""THE REST"""
board/lwmon5/sdram.c,247,"""THE REST"""
board/matrix_vision/mvblx/Kconfig,12,"""THE REST"""
board/matrix_vision/mvblx/MAINTAINERS,6,"""THE REST"""
board/matrix_vision/mvblx/Makefile,11,"""THE REST"""
board/matrix_vision/mvblx/config.mk,17,"""THE REST"""
board/matrix_vision/mvblx/fpga.c,214,"""THE REST"""
board/matrix_vision/mvblx/fpga.h,15,"""THE REST"""
board/matrix_vision/mvblx/mvblx.c,159,"""THE REST"""
board/matrix_vision/mvblx/mvblx.h,346,"""THE REST"""
board/matrix_vision/mvblx/sys_eeprom.c,403,"""THE REST"""
board/maxbcm/Kconfig,12,"""THE REST"""
board/maxbcm/MAINTAINERS,6,"""THE REST"""
board/maxbcm/Makefile,7,"""THE REST"""
board/maxbcm/binary.0,17,"""THE REST"""
board/maxbcm/kwbimage.cfg,12,"""THE REST"""
board/maxbcm/maxbcm.c,77,"""THE REST"""
board/micronas/vct/Kconfig,36,"""THE REST"""
board/micronas/vct/MAINTAINERS,17,"""THE REST"""
board/micronas/vct/Makefile,14,"""THE REST"""
board/micronas/vct/bcu.h,157,"""THE REST"""
board/micronas/vct/config.mk,13,"""THE REST"""
board/micronas/vct/dcgu.c,245,"""THE REST"""
board/micronas/vct/dcgu.h,166,"""THE REST"""
board/micronas/vct/ebi.c,35,"""THE REST"""
board/micronas/vct/ebi.h,82,"""THE REST"""
board/micronas/vct/ebi_nor_flash.c,118,"""THE REST"""
board/micronas/vct/ebi_onenand.c,184,"""THE REST"""
board/micronas/vct/ebi_smc911x.c,95,"""THE REST"""
board/micronas/vct/ehci.c,97,"""THE REST"""
board/micronas/vct/gpio.c,75,"""THE REST"""
board/micronas/vct/scc.c,656,"""THE REST"""
board/micronas/vct/scc.h,192,"""THE REST"""
board/micronas/vct/smc_eeprom.c,394,"""THE REST"""
board/micronas/vct/top.c,276,"""THE REST"""
board/micronas/vct/vct.c,115,"""THE REST"""
board/micronas/vct/vct.h,91,"""THE REST"""
board/micronas/vct/vcth/reg_dcgu.h,23,"""THE REST"""
board/micronas/vct/vcth/reg_ebi.h,229,"""THE REST"""
board/micronas/vct/vcth/reg_fwsram.h,60,"""THE REST"""
board/micronas/vct/vcth/reg_gpio.h,19,"""THE REST"""
board/micronas/vct/vcth/reg_scc.h,89,"""THE REST"""
board/micronas/vct/vcth/reg_usbh.h,20,"""THE REST"""
board/micronas/vct/vcth/reg_wdt.h,11,"""THE REST"""
board/micronas/vct/vcth2/reg_ebi.h,277,"""THE REST"""
board/micronas/vct/vctv/reg_dcgu.h,12,"""THE REST"""
board/micronas/vct/vctv/reg_ebi.h,277,"""THE REST"""
board/micronas/vct/vctv/reg_gpio.h,19,"""THE REST"""
board/micronas/vct/vctv/reg_wdt.h,11,"""THE REST"""
board/mimc/mimc200/Kconfig,15,"""THE REST"""
board/mimc/mimc200/MAINTAINERS,6,"""THE REST"""
board/mimc/mimc200/Makefile,6,"""THE REST"""
board/mimc/mimc200/mimc200.c,213,"""THE REST"""
board/miromico/hammerhead/Kconfig,15,"""THE REST"""
board/miromico/hammerhead/MAINTAINERS,6,"""THE REST"""
board/miromico/hammerhead/Makefile,6,"""THE REST"""
board/miromico/hammerhead/hammerhead.c,107,"""THE REST"""
board/mosaixtech/icon/Kconfig,12,"""THE REST"""
board/mosaixtech/icon/MAINTAINERS,6,"""THE REST"""
board/mosaixtech/icon/Makefile,10,"""THE REST"""
board/mosaixtech/icon/chip_config.c,38,"""THE REST"""
board/mosaixtech/icon/config.mk,16,"""THE REST"""
board/mosaixtech/icon/icon.c,372,"""THE REST"""
board/mosaixtech/icon/init.S,73,"""THE REST"""
board/motionpro/Kconfig,9,"""THE REST"""
board/motionpro/MAINTAINERS,6,"""THE REST"""
board/motionpro/Makefile,8,"""THE REST"""
board/motionpro/motionpro.c,220,"""THE REST"""
board/mpc8308_p1m/Kconfig,9,"""THE REST"""
board/mpc8308_p1m/MAINTAINERS,6,"""THE REST"""
board/mpc8308_p1m/Makefile,10,"""THE REST"""
board/mpc8308_p1m/mpc8308_p1m.c,92,"""THE REST"""
board/mpc8308_p1m/sdram.c,77,"""THE REST"""
board/mpl/common/common_util.c,757,"""THE REST"""
board/mpl/common/common_util.h,32,"""THE REST"""
board/mpl/common/isa.c,470,"""THE REST"""
board/mpl/common/isa.h,41,"""THE REST"""
board/mpl/common/kbd.c,624,"""THE REST"""
board/mpl/common/kbd.h,20,"""THE REST"""
board/mpl/common/pci.c,90,"""THE REST"""
board/mpl/common/pci_parts.h,176,"""THE REST"""
board/mpl/common/piix4_pci.h,149,"""THE REST"""
board/mpl/common/usb_uhci.c,1042,"""THE REST"""
board/mpl/common/usb_uhci.h,171,"""THE REST"""
board/mpl/mip405/Kconfig,12,"""THE REST"""
board/mpl/mip405/MAINTAINERS,7,"""THE REST"""
board/mpl/mip405/Makefile,12,"""THE REST"""
board/mpl/mip405/cmd_mip405.c,49,"""THE REST"""
board/mpl/mip405/init.S,200,"""THE REST"""
board/mpl/mip405/mip405.c,803,"""THE REST"""
board/mpl/mip405/mip405.h,166,"""THE REST"""
board/mpl/pati/Kconfig,12,"""THE REST"""
board/mpl/pati/MAINTAINERS,6,"""THE REST"""
board/mpl/pati/Makefile,9,"""THE REST"""
board/mpl/pati/cmd_pati.c,433,"""THE REST"""
board/mpl/pati/pati.c,605,"""THE REST"""
board/mpl/pati/pati.h,424,"""THE REST"""
board/mpl/pati/pci_eeprom.h,90,"""THE REST"""
board/mpl/pati/plx9056.h,95,"""THE REST"""
board/mpl/pip405/Kconfig,12,"""THE REST"""
board/mpl/pip405/MAINTAINERS,6,"""THE REST"""
board/mpl/pip405/Makefile,14,"""THE REST"""
board/mpl/pip405/README,375,"""THE REST"""
board/mpl/pip405/cmd_pip405.c,53,"""THE REST"""
board/mpl/pip405/init.S,197,"""THE REST"""
board/mpl/pip405/pip405.c,956,"""THE REST"""
board/mpl/pip405/pip405.h,131,"""THE REST"""
board/mpl/pip405/u-boot.lds.debug,121,"""THE REST"""
board/mpl/vcma9/Kconfig,15,"""THE REST"""
board/mpl/vcma9/MAINTAINERS,6,"""THE REST"""
board/mpl/vcma9/Makefile,11,"""THE REST"""
board/mpl/vcma9/cmd_vcma9.c,119,"""THE REST"""
board/mpl/vcma9/lowlevel_init.S,502,"""THE REST"""
board/mpl/vcma9/vcma9.c,209,"""THE REST"""
board/mpl/vcma9/vcma9.h,28,"""THE REST"""
board/mpr2/Kconfig,9,"""THE REST"""
board/mpr2/MAINTAINERS,6,"""THE REST"""
board/mpr2/Makefile,19,"""THE REST"""
board/mpr2/lowlevel_init.S,118,"""THE REST"""
board/mpr2/mpr2.c,148,"""THE REST"""
board/ms7720se/Kconfig,9,"""THE REST"""
board/ms7720se/MAINTAINERS,6,"""THE REST"""
board/ms7720se/Makefile,16,"""THE REST"""
board/ms7720se/lowlevel_init.S,185,"""THE REST"""
board/ms7720se/ms7720se.c,46,"""THE REST"""
board/ms7722se/Kconfig,9,"""THE REST"""
board/ms7722se/MAINTAINERS,7,"""THE REST"""
board/ms7722se/Makefile,13,"""THE REST"""
board/ms7722se/lowlevel_init.S,226,"""THE REST"""
board/ms7722se/ms7722se.c,58,"""THE REST"""
board/ms7750se/Kconfig,9,"""THE REST"""
board/ms7750se/MAINTAINERS,7,"""THE REST"""
board/ms7750se/Makefile,9,"""THE REST"""
board/ms7750se/lowlevel_init.S,143,"""THE REST"""
board/ms7750se/ms7750se.c,35,"""THE REST"""
board/munices/Kconfig,9,"""THE REST"""
board/munices/MAINTAINERS,6,"""THE REST"""
board/munices/Makefile,8,"""THE REST"""
board/munices/mt48lc16m16a2-75.h,14,"""THE REST"""
board/munices/munices.c,155,"""THE REST"""
board/nokia/rx51/Kconfig,12,"""THE REST"""
board/nokia/rx51/MAINTAINERS,6,"""THE REST"""
board/nokia/rx51/Makefile,9,"""THE REST"""
board/nokia/rx51/lowlevel_init.S,193,"""THE REST"""
board/nokia/rx51/rx51.c,671,"""THE REST"""
board/nokia/rx51/rx51.h,371,"""THE REST"""
board/nokia/rx51/tag_omap.h,295,"""THE REST"""
board/nvidia/beaver/Kconfig,12,"""THE REST"""
board/nvidia/beaver/MAINTAINERS,7,"""THE REST"""
board/nvidia/beaver/Makefile,17,"""THE REST"""
board/nvidia/cardhu/Kconfig,12,"""THE REST"""
board/nvidia/cardhu/MAINTAINERS,6,"""THE REST"""
board/nvidia/cardhu/Makefile,8,"""THE REST"""
board/nvidia/cardhu/cardhu.c,137,"""THE REST"""
board/nvidia/cardhu/pinmux-config-cardhu.h,346,"""THE REST"""
board/nvidia/common/Makefile,4,"""THE REST"""
board/nvidia/common/board.c,232,"""THE REST"""
board/nvidia/common/common.mk,3,"""THE REST"""
board/nvidia/common/emc.c,38,"""THE REST"""
board/nvidia/common/emc.h,13,"""THE REST"""
board/nvidia/dalmore/Kconfig,12,"""THE REST"""
board/nvidia/dalmore/MAINTAINERS,6,"""THE REST"""
board/nvidia/dalmore/Makefile,17,"""THE REST"""
board/nvidia/dalmore/dalmore.c,111,"""THE REST"""
board/nvidia/dalmore/pinmux-config-dalmore.h,370,"""THE REST"""
board/nvidia/harmony/Kconfig,12,"""THE REST"""
board/nvidia/harmony/MAINTAINERS,6,"""THE REST"""
board/nvidia/harmony/Makefile,8,"""THE REST"""
board/nvidia/harmony/harmony.c,52,"""THE REST"""
board/nvidia/jetson-tk1/Kconfig,12,"""THE REST"""
board/nvidia/jetson-tk1/MAINTAINERS,6,"""THE REST"""
board/nvidia/jetson-tk1/Makefile,9,"""THE REST"""
board/nvidia/jetson-tk1/jetson-tk1.c,81,"""THE REST"""
board/nvidia/jetson-tk1/pinmux-config-jetson-tk1.h,324,"""THE REST"""
board/nvidia/nyan-big/Kconfig,12,"""THE REST"""
board/nvidia/nyan-big/MAINTAINERS,6,"""THE REST"""
board/nvidia/nyan-big/Makefile,9,"""THE REST"""
board/nvidia/nyan-big/nyan-big.c,27,"""THE REST"""
board/nvidia/nyan-big/pinmux-config-nyan-big.h,287,"""THE REST"""
board/nvidia/seaboard/Kconfig,12,"""THE REST"""
board/nvidia/seaboard/MAINTAINERS,6,"""THE REST"""
board/nvidia/seaboard/Makefile,8,"""THE REST"""
board/nvidia/seaboard/seaboard.c,51,"""THE REST"""
board/nvidia/venice2/Kconfig,12,"""THE REST"""
board/nvidia/venice2/MAINTAINERS,6,"""THE REST"""
board/nvidia/venice2/Makefile,9,"""THE REST"""
board/nvidia/venice2/as3722_init.c,91,"""THE REST"""
board/nvidia/venice2/as3722_init.h,42,"""THE REST"""
board/nvidia/venice2/pinmux-config-venice2.h,298,"""THE REST"""
board/nvidia/venice2/venice2.c,29,"""THE REST"""
board/nvidia/ventana/Kconfig,12,"""THE REST"""
board/nvidia/ventana/MAINTAINERS,7,"""THE REST"""
board/nvidia/ventana/Makefile,8,"""THE REST"""
board/nvidia/whistler/Kconfig,12,"""THE REST"""
board/nvidia/whistler/MAINTAINERS,7,"""THE REST"""
board/nvidia/whistler/Makefile,8,"""THE REST"""
board/nvidia/whistler/whistler.c,80,"""THE REST"""
board/olimex/mx23_olinuxino/Kconfig,15,"""THE REST"""
board/olimex/mx23_olinuxino/MAINTAINERS,6,"""THE REST"""
board/olimex/mx23_olinuxino/Makefile,12,"""THE REST"""
board/olimex/mx23_olinuxino/mx23_olinuxino.c,80,"""THE REST"""
board/olimex/mx23_olinuxino/spl_boot.c,121,"""THE REST"""
board/omicron/calimain/Kconfig,12,"""THE REST"""
board/omicron/calimain/MAINTAINERS,7,"""THE REST"""
board/omicron/calimain/Makefile,10,"""THE REST"""
board/omicron/calimain/calimain.c,147,"""THE REST"""
board/openrisc/openrisc-generic/Kconfig,12,"""THE REST"""
board/openrisc/openrisc-generic/MAINTAINERS,6,"""THE REST"""
board/openrisc/openrisc-generic/Makefile,8,"""THE REST"""
board/openrisc/openrisc-generic/config.mk,11,"""THE REST"""
board/openrisc/openrisc-generic/openrisc-generic.c,39,"""THE REST"""
board/openrisc/openrisc-generic/or1ksim.cfg,871,"""THE REST"""
board/overo/Kconfig,9,"""THE REST"""
board/overo/MAINTAINERS,6,"""THE REST"""
board/overo/Makefile,8,"""THE REST"""
board/overo/overo.c,530,"""THE REST"""
board/overo/overo.h,432,"""THE REST"""
board/palmld/Kconfig,9,"""THE REST"""
board/palmld/MAINTAINERS,6,"""THE REST"""
board/palmld/Makefile,9,"""THE REST"""
board/palmld/palmld.c,61,"""THE REST"""
board/palmtc/Kconfig,9,"""THE REST"""
board/palmtc/MAINTAINERS,6,"""THE REST"""
board/palmtc/Makefile,9,"""THE REST"""
board/palmtc/palmtc.c,61,"""THE REST"""
board/palmtreo680/Kconfig,9,"""THE REST"""
board/palmtreo680/MAINTAINERS,6,"""THE REST"""
board/palmtreo680/Makefile,9,"""THE REST"""
board/palmtreo680/README,563,"""THE REST"""
board/palmtreo680/palmtreo680.c,148,"""THE REST"""
board/pandora/Kconfig,9,"""THE REST"""
board/pandora/MAINTAINERS,6,"""THE REST"""
board/pandora/Makefile,8,"""THE REST"""
board/pandora/pandora.c,134,"""THE REST"""
board/pandora/pandora.h,392,"""THE REST"""
board/pb1x00/Kconfig,12,"""THE REST"""
board/pb1x00/MAINTAINERS,6,"""THE REST"""
board/pb1x00/Makefile,9,"""THE REST"""
board/pb1x00/README,63,"""THE REST"""
board/pb1x00/config.mk,16,"""THE REST"""
board/pb1x00/flash.c,27,"""THE REST"""
board/pb1x00/lowlevel_init.S,391,"""THE REST"""
board/pb1x00/pb1x00.c,105,"""THE REST"""
board/pcs440ep/Kconfig,9,"""THE REST"""
board/pcs440ep/MAINTAINERS,6,"""THE REST"""
board/pcs440ep/Makefile,9,"""THE REST"""
board/pcs440ep/config.mk,23,"""THE REST"""
board/pcs440ep/flash.c,607,"""THE REST"""
board/pcs440ep/init.S,56,"""THE REST"""
board/pcs440ep/pcs440ep.c,755,"""THE REST"""
board/pdm360ng/Kconfig,9,"""THE REST"""
board/pdm360ng/MAINTAINERS,6,"""THE REST"""
board/pdm360ng/Makefile,8,"""THE REST"""
board/pdm360ng/pdm360ng.c,609,"""THE REST"""
board/phytec/pcm030/Kconfig,12,"""THE REST"""
board/phytec/pcm030/MAINTAINERS,7,"""THE REST"""
board/phytec/pcm030/Makefile,8,"""THE REST"""
board/phytec/pcm030/README,42,"""THE REST"""
board/phytec/pcm030/mt46v32m16-75.h,21,"""THE REST"""
board/phytec/pcm030/pcm030.c,205,"""THE REST"""
board/phytec/pcm051/Kconfig,15,"""THE REST"""
board/phytec/pcm051/MAINTAINERS,7,"""THE REST"""
board/phytec/pcm051/Makefile,13,"""THE REST"""
board/phytec/pcm051/board.c,256,"""THE REST"""
board/phytec/pcm051/board.h,25,"""THE REST"""
board/phytec/pcm051/mux.c,127,"""THE REST"""
board/pm520/Kconfig,9,"""THE REST"""
board/pm520/MAINTAINERS,9,"""THE REST"""
board/pm520/Makefile,8,"""THE REST"""
board/pm520/flash.c,659,"""THE REST"""
board/pm520/mt46v16m16-75.h,16,"""THE REST"""
board/pm520/mt48lc16m16a2-75.h,14,"""THE REST"""
board/pm520/pm520.c,253,"""THE REST"""
board/ppcag/bg0900/Kconfig,15,"""THE REST"""
board/ppcag/bg0900/MAINTAINERS,6,"""THE REST"""
board/ppcag/bg0900/Makefile,12,"""THE REST"""
board/ppcag/bg0900/bg0900.c,86,"""THE REST"""
board/ppcag/bg0900/spl_boot.c,153,"""THE REST"""
board/ppmc7xx/Kconfig,9,"""THE REST"""
board/ppmc7xx/MAINTAINERS,6,"""THE REST"""
board/ppmc7xx/Makefile,9,"""THE REST"""
board/ppmc7xx/flash.c,494,"""THE REST"""
board/ppmc7xx/init.S,336,"""THE REST"""
board/ppmc7xx/pci.c,81,"""THE REST"""
board/ppmc7xx/ppmc7xx.c,112,"""THE REST"""
board/pr1/Kconfig,9,"""THE REST"""
board/pr1/MAINTAINERS,6,"""THE REST"""
board/pr1/Makefile,14,"""THE REST"""
board/pr1/pr1.c,30,"""THE REST"""
board/prodrive/alpr/Kconfig,12,"""THE REST"""
board/prodrive/alpr/MAINTAINERS,6,"""THE REST"""
board/prodrive/alpr/Makefile,9,"""THE REST"""
board/prodrive/alpr/alpr.c,215,"""THE REST"""
board/prodrive/alpr/config.mk,16,"""THE REST"""
board/prodrive/alpr/fpga.c,239,"""THE REST"""
board/prodrive/alpr/init.S,53,"""THE REST"""
board/prodrive/alpr/nand.c,140,"""THE REST"""
board/prodrive/p3p440/Kconfig,12,"""THE REST"""
board/prodrive/p3p440/MAINTAINERS,6,"""THE REST"""
board/prodrive/p3p440/Makefile,9,"""THE REST"""
board/prodrive/p3p440/config.mk,16,"""THE REST"""
board/prodrive/p3p440/init.S,38,"""THE REST"""
board/prodrive/p3p440/p3p440.c,177,"""THE REST"""
board/prodrive/p3p440/p3p440.h,24,"""THE REST"""
board/pxa255_idp/Kconfig,9,"""THE REST"""
board/pxa255_idp/MAINTAINERS,6,"""THE REST"""
board/pxa255_idp/Makefile,8,"""THE REST"""
board/pxa255_idp/README,11,"""THE REST"""
board/pxa255_idp/idp_notes.txt,46,"""THE REST"""
board/pxa255_idp/pxa_idp.c,140,"""THE REST"""
board/pxa255_idp/pxa_reg_calcs.out,119,"""THE REST"""
board/pxa255_idp/pxa_reg_calcs.py,298,"""THE REST"""
board/qemu-mips/Kconfig,10,"""THE REST"""
board/qemu-mips/MAINTAINERS,14,"""THE REST"""
board/qemu-mips/Makefile,9,"""THE REST"""
board/qemu-mips/lowlevel_init.S,40,"""THE REST"""
board/qemu-mips/qemu-mips.c,79,"""THE REST"""
board/raidsonic/ib62x0/Kconfig,12,"""THE REST"""
board/raidsonic/ib62x0/MAINTAINERS,6,"""THE REST"""
board/raidsonic/ib62x0/Makefile,9,"""THE REST"""
board/raidsonic/ib62x0/ib62x0.c,68,"""THE REST"""
board/raidsonic/ib62x0/ib62x0.h,30,"""THE REST"""
board/raidsonic/ib62x0/kwbimage.cfg,155,"""THE REST"""
board/raspberrypi/rpi/Kconfig,15,"""THE REST"""
board/raspberrypi/rpi/MAINTAINERS,6,"""THE REST"""
board/raspberrypi/rpi/Makefile,15,"""THE REST"""
board/raspberrypi/rpi/rpi.c,324,"""THE REST"""
board/renesas/MigoR/Kconfig,12,"""THE REST"""
board/renesas/MigoR/MAINTAINERS,6,"""THE REST"""
board/renesas/MigoR/Makefile,13,"""THE REST"""
board/renesas/MigoR/lowlevel_init.S,195,"""THE REST"""
board/renesas/MigoR/migo_r.c,52,"""THE REST"""
board/renesas/alt/Kconfig,12,"""THE REST"""
board/renesas/alt/MAINTAINERS,6,"""THE REST"""
board/renesas/alt/Makefile,9,"""THE REST"""
board/renesas/alt/alt.c,161,"""THE REST"""
board/renesas/alt/qos.c,950,"""THE REST"""
board/renesas/alt/qos.h,12,"""THE REST"""
board/renesas/ap325rxa/Kconfig,12,"""THE REST"""
board/renesas/ap325rxa/MAINTAINERS,7,"""THE REST"""
board/renesas/ap325rxa/Makefile,12,"""THE REST"""
board/renesas/ap325rxa/ap325rxa.c,159,"""THE REST"""
board/renesas/ap325rxa/cpld-ap325rxa.c,206,"""THE REST"""
board/renesas/ap325rxa/lowlevel_init.S,172,"""THE REST"""
board/renesas/ecovec/Kconfig,12,"""THE REST"""
board/renesas/ecovec/MAINTAINERS,7,"""THE REST"""
board/renesas/ecovec/Makefile,8,"""THE REST"""
board/renesas/ecovec/ecovec.c,109,"""THE REST"""
board/renesas/ecovec/lowlevel_init.S,198,"""THE REST"""
board/renesas/gose/Kconfig,12,"""THE REST"""
board/renesas/gose/MAINTAINERS,6,"""THE REST"""
board/renesas/gose/Makefile,9,"""THE REST"""
board/renesas/gose/gose.c,146,"""THE REST"""
board/renesas/gose/qos.c,1155,"""THE REST"""
board/renesas/gose/qos.h,12,"""THE REST"""
board/renesas/koelsch/Kconfig,12,"""THE REST"""
board/renesas/koelsch/MAINTAINERS,6,"""THE REST"""
board/renesas/koelsch/Makefile,9,"""THE REST"""
board/renesas/koelsch/koelsch.c,162,"""THE REST"""
board/renesas/koelsch/qos.c,1311,"""THE REST"""
board/renesas/koelsch/qos.h,12,"""THE REST"""
board/renesas/lager/Kconfig,12,"""THE REST"""
board/renesas/lager/MAINTAINERS,6,"""THE REST"""
board/renesas/lager/Makefile,9,"""THE REST"""
board/renesas/lager/lager.c,191,"""THE REST"""
board/renesas/lager/qos.c,2388,"""THE REST"""
board/renesas/lager/qos.h,12,"""THE REST"""
board/renesas/r0p7734/Kconfig,12,"""THE REST"""
board/renesas/r0p7734/MAINTAINERS,7,"""THE REST"""
board/renesas/r0p7734/Makefile,7,"""THE REST"""
board/renesas/r0p7734/lowlevel_init.S,593,"""THE REST"""
board/renesas/r0p7734/r0p7734.c,80,"""THE REST"""
board/renesas/r2dplus/Kconfig,12,"""THE REST"""
board/renesas/r2dplus/MAINTAINERS,7,"""THE REST"""
board/renesas/r2dplus/Makefile,9,"""THE REST"""
board/renesas/r2dplus/lowlevel_init.S,118,"""THE REST"""
board/renesas/r2dplus/r2dplus.c,68,"""THE REST"""
board/renesas/r7780mp/Kconfig,12,"""THE REST"""
board/renesas/r7780mp/MAINTAINERS,7,"""THE REST"""
board/renesas/r7780mp/Makefile,9,"""THE REST"""
board/renesas/r7780mp/lowlevel_init.S,358,"""THE REST"""
board/renesas/r7780mp/r7780mp.c,73,"""THE REST"""
board/renesas/r7780mp/r7780mp.h,41,"""THE REST"""
board/renesas/rcar-gen2-common/common.c,59,"""THE REST"""
board/renesas/rsk7203/Kconfig,12,"""THE REST"""
board/renesas/rsk7203/MAINTAINERS,7,"""THE REST"""
board/renesas/rsk7203/Makefile,10,"""THE REST"""
board/renesas/rsk7203/lowlevel_init.S,201,"""THE REST"""
board/renesas/rsk7203/rsk7203.c,70,"""THE REST"""
board/renesas/rsk7264/Kconfig,12,"""THE REST"""
board/renesas/rsk7264/MAINTAINERS,6,"""THE REST"""
board/renesas/rsk7264/Makefile,7,"""THE REST"""
board/renesas/rsk7264/lowlevel_init.S,211,"""THE REST"""
board/renesas/rsk7264/rsk7264.c,71,"""THE REST"""
board/renesas/rsk7269/Kconfig,12,"""THE REST"""
board/renesas/rsk7269/MAINTAINERS,6,"""THE REST"""
board/renesas/rsk7269/Makefile,8,"""THE REST"""
board/renesas/rsk7269/lowlevel_init.S,181,"""THE REST"""
board/renesas/rsk7269/rsk7269.c,72,"""THE REST"""
board/renesas/sh7752evb/Kconfig,12,"""THE REST"""
board/renesas/sh7752evb/MAINTAINERS,6,"""THE REST"""
board/renesas/sh7752evb/Makefile,7,"""THE REST"""
board/renesas/sh7752evb/lowlevel_init.S,447,"""THE REST"""
board/renesas/sh7752evb/sh7752evb.c,315,"""THE REST"""
board/renesas/sh7752evb/spi-boot.c,116,"""THE REST"""
board/renesas/sh7752evb/u-boot.lds,81,"""THE REST"""
board/renesas/sh7753evb/Kconfig,12,"""THE REST"""
board/renesas/sh7753evb/MAINTAINERS,6,"""THE REST"""
board/renesas/sh7753evb/Makefile,7,"""THE REST"""
board/renesas/sh7753evb/lowlevel_init.S,416,"""THE REST"""
board/renesas/sh7753evb/sh7753evb.c,327,"""THE REST"""
board/renesas/sh7753evb/spi-boot.c,134,"""THE REST"""
board/renesas/sh7753evb/u-boot.lds,81,"""THE REST"""
board/renesas/sh7757lcr/Kconfig,12,"""THE REST"""
board/renesas/sh7757lcr/MAINTAINERS,6,"""THE REST"""
board/renesas/sh7757lcr/Makefile,7,"""THE REST"""
board/renesas/sh7757lcr/README.sh7757lcr,77,"""THE REST"""
board/renesas/sh7757lcr/lowlevel_init.S,546,"""THE REST"""
board/renesas/sh7757lcr/sh7757lcr.c,445,"""THE REST"""
board/renesas/sh7757lcr/spi-boot.c,108,"""THE REST"""
board/renesas/sh7757lcr/u-boot.lds,82,"""THE REST"""
board/renesas/sh7763rdp/Kconfig,12,"""THE REST"""
board/renesas/sh7763rdp/MAINTAINERS,7,"""THE REST"""
board/renesas/sh7763rdp/Makefile,12,"""THE REST"""
board/renesas/sh7763rdp/lowlevel_init.S,261,"""THE REST"""
board/renesas/sh7763rdp/sh7763rdp.c,64,"""THE REST"""
board/renesas/sh7785lcr/Kconfig,12,"""THE REST"""
board/renesas/sh7785lcr/MAINTAINERS,7,"""THE REST"""
board/renesas/sh7785lcr/Makefile,7,"""THE REST"""
board/renesas/sh7785lcr/README.sh7785lcr,123,"""THE REST"""
board/renesas/sh7785lcr/lowlevel_init.S,363,"""THE REST"""
board/renesas/sh7785lcr/rtl8169.h,44,"""THE REST"""
board/renesas/sh7785lcr/rtl8169_mac.c,331,"""THE REST"""
board/renesas/sh7785lcr/selfcheck.c,150,"""THE REST"""
board/renesas/sh7785lcr/sh7785lcr.c,74,"""THE REST"""
board/ronetix/pm9261/Kconfig,15,"""THE REST"""
board/ronetix/pm9261/MAINTAINERS,6,"""THE REST"""
board/ronetix/pm9261/Makefile,15,"""THE REST"""
board/ronetix/pm9261/led.c,29,"""THE REST"""
board/ronetix/pm9261/partition.c,33,"""THE REST"""
board/ronetix/pm9261/pm9261.c,311,"""THE REST"""
board/ronetix/pm9263/Kconfig,15,"""THE REST"""
board/ronetix/pm9263/MAINTAINERS,6,"""THE REST"""
board/ronetix/pm9263/Makefile,15,"""THE REST"""
board/ronetix/pm9263/led.c,27,"""THE REST"""
board/ronetix/pm9263/partition.c,33,"""THE REST"""
board/ronetix/pm9263/pm9263.c,418,"""THE REST"""
board/ronetix/pm9g45/Kconfig,15,"""THE REST"""
board/ronetix/pm9g45/MAINTAINERS,6,"""THE REST"""
board/ronetix/pm9g45/Makefile,12,"""THE REST"""
board/ronetix/pm9g45/pm9g45.c,181,"""THE REST"""
board/samsung/arndale/Kconfig,12,"""THE REST"""
board/samsung/arndale/MAINTAINERS,6,"""THE REST"""
board/samsung/arndale/Makefile,11,"""THE REST"""
board/samsung/arndale/arndale.c,131,"""THE REST"""
board/samsung/arndale/arndale_spl.c,50,"""THE REST"""
board/samsung/common/Makefile,14,"""THE REST"""
board/samsung/common/board.c,357,"""THE REST"""
board/samsung/common/dfu_sample_env.txt,9,"""THE REST"""
board/samsung/common/exynos-uboot-spl.lds,60,"""THE REST"""
board/samsung/common/gadget.c,24,"""THE REST"""
board/samsung/common/misc.c,451,"""THE REST"""
board/samsung/common/multi_i2c.c,59,"""THE REST"""
board/samsung/goni/Kconfig,15,"""THE REST"""
board/samsung/goni/MAINTAINERS,6,"""THE REST"""
board/samsung/goni/Makefile,12,"""THE REST"""
board/samsung/goni/goni.c,208,"""THE REST"""
board/samsung/goni/lowlevel_init.S,446,"""THE REST"""
board/samsung/goni/onenand.c,21,"""THE REST"""
board/samsung/odroid/Kconfig,12,"""THE REST"""
board/samsung/odroid/MAINTAINERS,6,"""THE REST"""
board/samsung/odroid/Makefile,8,"""THE REST"""
board/samsung/odroid/odroid.c,525,"""THE REST"""
board/samsung/odroid/setup.h,255,"""THE REST"""
board/samsung/origen/Kconfig,12,"""THE REST"""
board/samsung/origen/MAINTAINERS,6,"""THE REST"""
board/samsung/origen/Makefile,22,"""THE REST"""
board/samsung/origen/origen.c,38,"""THE REST"""
board/samsung/origen/tools/mkorigenspl.c,110,"""THE REST"""
board/samsung/smdk2410/Kconfig,15,"""THE REST"""
board/samsung/smdk2410/MAINTAINERS,6,"""THE REST"""
board/samsung/smdk2410/Makefile,9,"""THE REST"""
board/samsung/smdk2410/lowlevel_init.S,148,"""THE REST"""
board/samsung/smdk2410/smdk2410.c,139,"""THE REST"""
board/samsung/smdk5250/Kconfig,25,"""THE REST"""
board/samsung/smdk5250/MAINTAINERS,12,"""THE REST"""
board/samsung/smdk5250/Makefile,11,"""THE REST"""
board/samsung/smdk5250/exynos5-dt.c,306,"""THE REST"""
board/samsung/smdk5250/smdk5250_spl.c,52,"""THE REST"""
board/samsung/smdk5420/Kconfig,51,"""THE REST"""
board/samsung/smdk5420/MAINTAINERS,10,"""THE REST"""
board/samsung/smdk5420/Makefile,11,"""THE REST"""
board/samsung/smdk5420/smdk5420.c,92,"""THE REST"""
board/samsung/smdk5420/smdk5420_spl.c,52,"""THE REST"""
board/samsung/smdkc100/Kconfig,15,"""THE REST"""
board/samsung/smdkc100/MAINTAINERS,6,"""THE REST"""
board/samsung/smdkc100/Makefile,13,"""THE REST"""
board/samsung/smdkc100/lowlevel_init.S,154,"""THE REST"""
board/samsung/smdkc100/onenand.c,68,"""THE REST"""
board/samsung/smdkc100/smdkc100.c,75,"""THE REST"""
board/samsung/smdkv310/Kconfig,12,"""THE REST"""
board/samsung/smdkv310/MAINTAINERS,6,"""THE REST"""
board/samsung/smdkv310/Makefile,15,"""THE REST"""
board/samsung/smdkv310/smdkv310.c,164,"""THE REST"""
board/samsung/smdkv310/tools/mksmdkv310spl.c,101,"""THE REST"""
board/samsung/trats/Kconfig,12,"""THE REST"""
board/samsung/trats/MAINTAINERS,6,"""THE REST"""
board/samsung/trats/Makefile,8,"""THE REST"""
board/samsung/trats/setup.h,621,"""THE REST"""
board/samsung/trats/trats.c,608,"""THE REST"""
board/samsung/trats2/Kconfig,12,"""THE REST"""
board/samsung/trats2/MAINTAINERS,6,"""THE REST"""
board/samsung/trats2/Makefile,8,"""THE REST"""
board/samsung/trats2/trats2.c,433,"""THE REST"""
board/samsung/universal_c210/Kconfig,12,"""THE REST"""
board/samsung/universal_c210/MAINTAINERS,6,"""THE REST"""
board/samsung/universal_c210/Makefile,8,"""THE REST"""
board/samsung/universal_c210/onenand.c,20,"""THE REST"""
board/samsung/universal_c210/universal.c,381,"""THE REST"""
board/sandbox/MAINTAINERS,6,"""THE REST"""
board/sandbox/Makefile,7,"""THE REST"""
board/sandbox/README.sandbox,299,"""THE REST"""
board/sandbox/sandbox.c,83,"""THE REST"""
board/sandisk/sansa_fuze_plus/Kconfig,15,"""THE REST"""
board/sandisk/sansa_fuze_plus/MAINTAINERS,6,"""THE REST"""
board/sandisk/sansa_fuze_plus/Makefile,12,"""THE REST"""
board/sandisk/sansa_fuze_plus/sfp.c,388,"""THE REST"""
board/sandisk/sansa_fuze_plus/spl_boot.c,140,"""THE REST"""
board/sbc405/Kconfig,9,"""THE REST"""
board/sbc405/MAINTAINERS,6,"""THE REST"""
board/sbc405/Makefile,8,"""THE REST"""
board/sbc405/sbc405.c,91,"""THE REST"""
board/sbc405/strataflash.c,774,"""THE REST"""
board/sbc8349/Kconfig,9,"""THE REST"""
board/sbc8349/MAINTAINERS,8,"""THE REST"""
board/sbc8349/Makefile,8,"""THE REST"""
board/sbc8349/README,127,"""THE REST"""
board/sbc8349/pci.c,71,"""THE REST"""
board/sbc8349/sbc8349.c,226,"""THE REST"""
board/sbc8548/Kconfig,9,"""THE REST"""
board/sbc8548/MAINTAINERS,10,"""THE REST"""
board/sbc8548/Makefile,14,"""THE REST"""
board/sbc8548/README,269,"""THE REST"""
board/sbc8548/ddr.c,134,"""THE REST"""
board/sbc8548/law.c,55,"""THE REST"""
board/sbc8548/sbc8548.c,314,"""THE REST"""
board/sbc8548/tlb.c,122,"""THE REST"""
board/sbc8641d/Kconfig,9,"""THE REST"""
board/sbc8641d/MAINTAINERS,6,"""THE REST"""
board/sbc8641d/Makefile,10,"""THE REST"""
board/sbc8641d/README,28,"""THE REST"""
board/sbc8641d/ddr.c,56,"""THE REST"""
board/sbc8641d/law.c,40,"""THE REST"""
board/sbc8641d/sbc8641d.c,261,"""THE REST"""
board/sc3/Kconfig,9,"""THE REST"""
board/sc3/MAINTAINERS,6,"""THE REST"""
board/sc3/Makefile,9,"""THE REST"""
board/sc3/init.S,360,"""THE REST"""
board/sc3/sc3.c,769,"""THE REST"""
board/sc3/sc3.h,101,"""THE REST"""
board/sc3/sc3nand.c,74,"""THE REST"""
board/scb9328/Kconfig,12,"""THE REST"""
board/scb9328/MAINTAINERS,6,"""THE REST"""
board/scb9328/Makefile,9,"""THE REST"""
board/scb9328/flash.c,310,"""THE REST"""
board/scb9328/intel.h,78,"""THE REST"""
board/scb9328/lowlevel_init.S,189,"""THE REST"""
board/scb9328/scb9328.c,54,"""THE REST"""
board/schulercontrol/sc_sps_1/Kconfig,15,"""THE REST"""
board/schulercontrol/sc_sps_1/MAINTAINERS,6,"""THE REST"""
board/schulercontrol/sc_sps_1/Makefile,12,"""THE REST"""
board/schulercontrol/sc_sps_1/sc_sps_1.c,97,"""THE REST"""
board/schulercontrol/sc_sps_1/spl_boot.c,149,"""THE REST"""
board/shmin/Kconfig,9,"""THE REST"""
board/shmin/MAINTAINERS,7,"""THE REST"""
board/shmin/Makefile,10,"""THE REST"""
board/shmin/lowlevel_init.S,23,"""THE REST"""
board/shmin/shmin.c,101,"""THE REST"""
board/siemens/common/board.c,187,"""THE REST"""
board/siemens/common/factoryset.c,322,"""THE REST"""
board/siemens/common/factoryset.h,31,"""THE REST"""
board/siemens/corvus/Kconfig,15,"""THE REST"""
board/siemens/corvus/MAINTAINERS,6,"""THE REST"""
board/siemens/corvus/Makefile,18,"""THE REST"""
board/siemens/corvus/board.c,280,"""THE REST"""
board/siemens/draco/Kconfig,31,"""THE REST"""
board/siemens/draco/MAINTAINERS,8,"""THE REST"""
board/siemens/draco/Makefile,21,"""THE REST"""
board/siemens/draco/board.c,292,"""THE REST"""
board/siemens/draco/board.h,72,"""THE REST"""
board/siemens/draco/mux.c,272,"""THE REST"""
board/siemens/pxm2/Kconfig,15,"""THE REST"""
board/siemens/pxm2/MAINTAINERS,6,"""THE REST"""
board/siemens/pxm2/Makefile,21,"""THE REST"""
board/siemens/pxm2/board.c,465,"""THE REST"""
board/siemens/pxm2/board.h,22,"""THE REST"""
board/siemens/pxm2/mux.c,186,"""THE REST"""
board/siemens/pxm2/pmic.h,71,"""THE REST"""
board/siemens/rut/Kconfig,15,"""THE REST"""
board/siemens/rut/MAINTAINERS,6,"""THE REST"""
board/siemens/rut/Makefile,21,"""THE REST"""
board/siemens/rut/board.c,493,"""THE REST"""
board/siemens/rut/board.h,22,"""THE REST"""
board/siemens/rut/mux.c,347,"""THE REST"""
board/siemens/taurus/Kconfig,15,"""THE REST"""
board/siemens/taurus/MAINTAINERS,7,"""THE REST"""
board/siemens/taurus/Makefile,18,"""THE REST"""
board/siemens/taurus/taurus.c,240,"""THE REST"""
board/silica/pengwyn/Kconfig,15,"""THE REST"""
board/silica/pengwyn/MAINTAINERS,6,"""THE REST"""
board/silica/pengwyn/Makefile,13,"""THE REST"""
board/silica/pengwyn/board.c,207,"""THE REST"""
board/silica/pengwyn/board.h,15,"""THE REST"""
board/silica/pengwyn/mux.c,98,"""THE REST"""
board/socrates/Kconfig,9,"""THE REST"""
board/socrates/MAINTAINERS,6,"""THE REST"""
board/socrates/Makefile,15,"""THE REST"""
board/socrates/ddr.c,56,"""THE REST"""
board/socrates/law.c,44,"""THE REST"""
board/socrates/nand.c,188,"""THE REST"""
board/socrates/sdram.c,96,"""THE REST"""
board/socrates/socrates.c,434,"""THE REST"""
board/socrates/tlb.c,105,"""THE REST"""
board/socrates/upm_table.h,59,"""THE REST"""
board/solidrun/hummingboard/Kconfig,15,"""THE REST"""
board/solidrun/hummingboard/MAINTAINERS,6,"""THE REST"""
board/solidrun/hummingboard/Makefile,9,"""THE REST"""
board/solidrun/hummingboard/README,40,"""THE REST"""
board/solidrun/hummingboard/hummingboard.c,182,"""THE REST"""
board/solidrun/hummingboard/solo.cfg,25,"""THE REST"""
board/solidrun/mx6-microsom/800mhz_2x128mx16.cfg,74,"""THE REST"""
board/solidrun/mx6-microsom/clocks.cfg,33,"""THE REST"""
board/solidrun/mx6-microsom/ddr-800mhz-32bit-setup.cfg,76,"""THE REST"""
board/spear/common/Makefile,14,"""THE REST"""
board/spear/common/spr_lowlevel_init.S,179,"""THE REST"""
board/spear/common/spr_misc.c,247,"""THE REST"""
board/spear/spear300/Kconfig,15,"""THE REST"""
board/spear/spear300/MAINTAINERS,13,"""THE REST"""
board/spear/spear300/Makefile,8,"""THE REST"""
board/spear/spear300/spear300.c,60,"""THE REST"""
board/spear/spear310/Kconfig,15,"""THE REST"""
board/spear/spear310/MAINTAINERS,15,"""THE REST"""
board/spear/spear310/Makefile,8,"""THE REST"""
board/spear/spear310/spear310.c,78,"""THE REST"""
board/spear/spear320/Kconfig,15,"""THE REST"""
board/spear/spear320/MAINTAINERS,15,"""THE REST"""
board/spear/spear320/Makefile,8,"""THE REST"""
board/spear/spear320/spear320.c,77,"""THE REST"""
board/spear/spear600/Kconfig,15,"""THE REST"""
board/spear/spear600/MAINTAINERS,13,"""THE REST"""
board/spear/spear600/Makefile,10,"""THE REST"""
board/spear/spear600/spear600.c,58,"""THE REST"""
board/spear/x600/Kconfig,15,"""THE REST"""
board/spear/x600/MAINTAINERS,6,"""THE REST"""
board/spear/x600/Makefile,13,"""THE REST"""
board/spear/x600/fpga.c,264,"""THE REST"""
board/spear/x600/fpga.h,7,"""THE REST"""
board/spear/x600/x600.c,109,"""THE REST"""
board/st-ericsson/snowball/Kconfig,15,"""THE REST"""
board/st-ericsson/snowball/MAINTAINERS,6,"""THE REST"""
board/st-ericsson/snowball/Makefile,9,"""THE REST"""
board/st-ericsson/snowball/db8500_pins.h,745,"""THE REST"""
board/st-ericsson/snowball/snowball.c,340,"""THE REST"""
board/st-ericsson/u8500/Kconfig,15,"""THE REST"""
board/st-ericsson/u8500/MAINTAINERS,6,"""THE REST"""
board/st-ericsson/u8500/Makefile,9,"""THE REST"""
board/st-ericsson/u8500/gpio.c,331,"""THE REST"""
board/st-ericsson/u8500/u8500_href.c,477,"""THE REST"""
board/st/nhk8815/Kconfig,12,"""THE REST"""
board/st/nhk8815/MAINTAINERS,8,"""THE REST"""
board/st/nhk8815/Makefile,12,"""THE REST"""
board/st/nhk8815/README.nhk8815,32,"""THE REST"""
board/st/nhk8815/nhk8815.c,92,"""THE REST"""
board/st/stv0991/Kconfig,15,"""THE REST"""
board/st/stv0991/MAINTAINERS,6,"""THE REST"""
board/st/stv0991/Makefile,8,"""THE REST"""
board/st/stv0991/stv0991.c,104,"""THE REST"""
board/stx/stxgp3/Kconfig,12,"""THE REST"""
board/stx/stxgp3/MAINTAINERS,6,"""THE REST"""
board/stx/stxgp3/Makefile,12,"""THE REST"""
board/stx/stxgp3/ddr.c,46,"""THE REST"""
board/stx/stxgp3/flash.c,499,"""THE REST"""
board/stx/stxgp3/law.c,42,"""THE REST"""
board/stx/stxgp3/stxgp3.c,331,"""THE REST"""
board/stx/stxgp3/tlb.c,114,"""THE REST"""
board/stx/stxssa/Kconfig,12,"""THE REST"""
board/stx/stxssa/MAINTAINERS,7,"""THE REST"""
board/stx/stxssa/Makefile,11,"""THE REST"""
board/stx/stxssa/ddr.c,47,"""THE REST"""
board/stx/stxssa/law.c,44,"""THE REST"""
board/stx/stxssa/stxssa.c,370,"""THE REST"""
board/stx/stxssa/tlb.c,90,"""THE REST"""
board/sunxi/Kconfig,232,"""THE REST"""
board/sunxi/MAINTAINERS,59,"""THE REST"""
board/sunxi/Makefile,36,"""THE REST"""
board/sunxi/ahci.c,87,"""THE REST"""
board/sunxi/board.c,249,"""THE REST"""
board/sunxi/dram_a10_olinuxino_l.c,31,"""THE REST"""
board/sunxi/dram_a10s_olinuxino_m.c,31,"""THE REST"""
board/sunxi/dram_a13_oli_micro.c,32,"""THE REST"""
board/sunxi/dram_a13_olinuxino.c,31,"""THE REST"""
board/sunxi/dram_a20_olinuxino_l.c,31,"""THE REST"""
board/sunxi/dram_a20_olinuxino_l2.c,31,"""THE REST"""
board/sunxi/dram_bananapi.c,31,"""THE REST"""
board/sunxi/dram_cubieboard.c,31,"""THE REST"""
board/sunxi/dram_cubieboard2.c,31,"""THE REST"""
board/sunxi/dram_cubietruck.c,31,"""THE REST"""
board/sunxi/dram_linksprite_pcduino3.c,31,"""THE REST"""
board/sunxi/dram_r7dongle.c,31,"""THE REST"""
board/sunxi/dram_sun4i_360_1024_iow16.c,31,"""THE REST"""
board/sunxi/dram_sun4i_360_1024_iow8.c,31,"""THE REST"""
board/sunxi/dram_sun4i_360_512.c,31,"""THE REST"""
board/sunxi/dram_sun4i_384_1024_iow8.c,31,"""THE REST"""
board/sunxi/dram_sun7i_384_1024_iow16.c,31,"""THE REST"""
board/sunxi/dram_sun7i_384_512_busw16_iow16.c,31,"""THE REST"""
board/sunxi/gmac.c,97,"""THE REST"""
board/synopsys/Kconfig,25,"""THE REST"""
board/synopsys/MAINTAINERS,7,"""THE REST"""
board/synopsys/axs101/Kconfig,15,"""THE REST"""
board/synopsys/axs101/MAINTAINERS,6,"""THE REST"""
board/synopsys/axs101/Makefile,8,"""THE REST"""
board/synopsys/axs101/axs101.c,44,"""THE REST"""
board/synopsys/axs101/nand.c,236,"""THE REST"""
board/syteco/jadecpu/Kconfig,15,"""THE REST"""
board/syteco/jadecpu/MAINTAINERS,6,"""THE REST"""
board/syteco/jadecpu/Makefile,13,"""THE REST"""
board/syteco/jadecpu/jadecpu.c,160,"""THE REST"""
board/syteco/jadecpu/lowlevel_init.S,249,"""THE REST"""
board/syteco/zmx25/Kconfig,15,"""THE REST"""
board/syteco/zmx25/MAINTAINERS,6,"""THE REST"""
board/syteco/zmx25/Makefile,9,"""THE REST"""
board/syteco/zmx25/lowlevel_init.S,97,"""THE REST"""
board/syteco/zmx25/zmx25.c,174,"""THE REST"""
board/t3corp/Kconfig,9,"""THE REST"""
board/t3corp/MAINTAINERS,6,"""THE REST"""
board/t3corp/Makefile,10,"""THE REST"""
board/t3corp/chip_config.c,56,"""THE REST"""
board/t3corp/config.mk,17,"""THE REST"""
board/t3corp/init.S,86,"""THE REST"""
board/t3corp/t3corp.c,219,"""THE REST"""
board/taskit/stamp9g20/Kconfig,15,"""THE REST"""
board/taskit/stamp9g20/MAINTAINERS,7,"""THE REST"""
board/taskit/stamp9g20/Makefile,17,"""THE REST"""
board/taskit/stamp9g20/led.c,122,"""THE REST"""
board/taskit/stamp9g20/stamp9g20.c,159,"""THE REST"""
board/tbs/tbs2910/Kconfig,15,"""THE REST"""
board/tbs/tbs2910/MAINTAINERS,6,"""THE REST"""
board/tbs/tbs2910/Makefile,7,"""THE REST"""
board/tbs/tbs2910/tbs2910.c,397,"""THE REST"""
board/tcm-bf518/Kconfig,9,"""THE REST"""
board/tcm-bf518/MAINTAINERS,6,"""THE REST"""
board/tcm-bf518/Makefile,12,"""THE REST"""
board/tcm-bf518/tcm-bf518.c,77,"""THE REST"""
board/tcm-bf537/Kconfig,9,"""THE REST"""
board/tcm-bf537/MAINTAINERS,6,"""THE REST"""
board/tcm-bf537/Makefile,12,"""THE REST"""
board/tcm-bf537/config.mk,11,"""THE REST"""
board/tcm-bf537/gpio_cfi_flash.c,3,"""THE REST"""
board/tcm-bf537/tcm-bf537.c,59,"""THE REST"""
board/technexion/tao3530/Kconfig,12,"""THE REST"""
board/technexion/tao3530/MAINTAINERS,11,"""THE REST"""
board/technexion/tao3530/Makefile,5,"""THE REST"""
board/technexion/tao3530/tao3530.c,222,"""THE REST"""
board/technexion/tao3530/tao3530.h,371,"""THE REST"""
board/technexion/twister/Kconfig,12,"""THE REST"""
board/technexion/twister/MAINTAINERS,6,"""THE REST"""
board/technexion/twister/Makefile,9,"""THE REST"""
board/technexion/twister/twister.c,162,"""THE REST"""
board/technexion/twister/twister.h,401,"""THE REST"""
board/teejet/mt_ventoux/Kconfig,12,"""THE REST"""
board/teejet/mt_ventoux/MAINTAINERS,6,"""THE REST"""
board/teejet/mt_ventoux/Makefile,9,"""THE REST"""
board/teejet/mt_ventoux/mt_ventoux.c,343,"""THE REST"""
board/teejet/mt_ventoux/mt_ventoux.h,404,"""THE REST"""
board/ti/am335x/Kconfig,40,"""THE REST"""
board/ti/am335x/MAINTAINERS,17,"""THE REST"""
board/ti/am335x/Makefile,13,"""THE REST"""
board/ti/am335x/README,205,"""THE REST"""
board/ti/am335x/board.c,672,"""THE REST"""
board/ti/am335x/board.h,77,"""THE REST"""
board/ti/am335x/mux.c,373,"""THE REST"""
board/ti/am335x/u-boot.lds,128,"""THE REST"""
board/ti/am3517crane/Kconfig,12,"""THE REST"""
board/ti/am3517crane/MAINTAINERS,6,"""THE REST"""
board/ti/am3517crane/Makefile,11,"""THE REST"""
board/ti/am3517crane/am3517crane.c,71,"""THE REST"""
board/ti/am3517crane/am3517crane.h,344,"""THE REST"""
board/ti/am43xx/Kconfig,15,"""THE REST"""
board/ti/am43xx/MAINTAINERS,7,"""THE REST"""
board/ti/am43xx/Makefile,13,"""THE REST"""
board/ti/am43xx/board.c,786,"""THE REST"""
board/ti/am43xx/board.h,69,"""THE REST"""
board/ti/am43xx/mux.c,153,"""THE REST"""
board/ti/beagle/Kconfig,12,"""THE REST"""
board/ti/beagle/MAINTAINERS,6,"""THE REST"""
board/ti/beagle/Makefile,9,"""THE REST"""
board/ti/beagle/beagle.c,576,"""THE REST"""
board/ti/beagle/beagle.h,546,"""THE REST"""
board/ti/beagle/led.c,72,"""THE REST"""
board/ti/beagle_x15/Kconfig,12,"""THE REST"""
board/ti/beagle_x15/MAINTAINERS,6,"""THE REST"""
board/ti/beagle_x15/Makefile,8,"""THE REST"""
board/ti/beagle_x15/board.c,395,"""THE REST"""
board/ti/beagle_x15/mux_data.h,55,"""THE REST"""
board/ti/dra7xx/Kconfig,12,"""THE REST"""
board/ti/dra7xx/MAINTAINERS,8,"""THE REST"""
board/ti/dra7xx/Makefile,8,"""THE REST"""
board/ti/dra7xx/README,26,"""THE REST"""
board/ti/dra7xx/evm.c,292,"""THE REST"""
board/ti/dra7xx/mux_data.h,144,"""THE REST"""
board/ti/evm/Kconfig,38,"""THE REST"""
board/ti/evm/MAINTAINERS,14,"""THE REST"""
board/ti/evm/Makefile,8,"""THE REST"""
board/ti/evm/evm.c,274,"""THE REST"""
board/ti/evm/evm.h,394,"""THE REST"""
board/ti/ks2_evm/Kconfig,38,"""THE REST"""
board/ti/ks2_evm/MAINTAINERS,10,"""THE REST"""
board/ti/ks2_evm/Makefile,15,"""THE REST"""
board/ti/ks2_evm/README,171,"""THE REST"""
board/ti/ks2_evm/board.c,260,"""THE REST"""
board/ti/ks2_evm/board.h,20,"""THE REST"""
board/ti/ks2_evm/board_k2e.c,131,"""THE REST"""
board/ti/ks2_evm/board_k2hk.c,114,"""THE REST"""
board/ti/ks2_evm/board_k2l.c,110,"""THE REST"""
board/ti/ks2_evm/ddr3_cfg.c,206,"""THE REST"""
board/ti/ks2_evm/ddr3_cfg.h,27,"""THE REST"""
board/ti/ks2_evm/ddr3_k2e.c,55,"""THE REST"""
board/ti/ks2_evm/ddr3_k2hk.c,104,"""THE REST"""
board/ti/ks2_evm/ddr3_k2l.c,38,"""THE REST"""
board/ti/omap5_uevm/Kconfig,12,"""THE REST"""
board/ti/omap5_uevm/MAINTAINERS,6,"""THE REST"""
board/ti/omap5_uevm/Makefile,8,"""THE REST"""
board/ti/omap5_uevm/README,25,"""THE REST"""
board/ti/omap5_uevm/evm.c,215,"""THE REST"""
board/ti/omap5_uevm/mux_data.h,58,"""THE REST"""
board/ti/panda/Kconfig,12,"""THE REST"""
board/ti/panda/MAINTAINERS,6,"""THE REST"""
board/ti/panda/Makefile,8,"""THE REST"""
board/ti/panda/panda.c,339,"""THE REST"""
board/ti/panda/panda_mux_data.h,87,"""THE REST"""
board/ti/sdp3430/Kconfig,12,"""THE REST"""
board/ti/sdp3430/MAINTAINERS,6,"""THE REST"""
board/ti/sdp3430/Makefile,8,"""THE REST"""
board/ti/sdp3430/config.mk,17,"""THE REST"""
board/ti/sdp3430/sdp.c,203,"""THE REST"""
board/ti/sdp3430/sdp.h,401,"""THE REST"""
board/ti/sdp4430/Kconfig,12,"""THE REST"""
board/ti/sdp4430/MAINTAINERS,6,"""THE REST"""
board/ti/sdp4430/Makefile,12,"""THE REST"""
board/ti/sdp4430/cmd_bat.c,42,"""THE REST"""
board/ti/sdp4430/sdp.c,91,"""THE REST"""
board/ti/sdp4430/sdp4430_mux_data.h,68,"""THE REST"""
board/ti/ti814x/Kconfig,15,"""THE REST"""
board/ti/ti814x/MAINTAINERS,6,"""THE REST"""
board/ti/ti814x/Makefile,13,"""THE REST"""
board/ti/ti814x/evm.c,188,"""THE REST"""
board/ti/ti814x/evm.h,8,"""THE REST"""
board/ti/ti814x/mux.c,86,"""THE REST"""
board/ti/ti816x/Kconfig,15,"""THE REST"""
board/ti/ti816x/MAINTAINERS,6,"""THE REST"""
board/ti/ti816x/Makefile,12,"""THE REST"""
board/ti/ti816x/evm.c,216,"""THE REST"""
board/ti/tnetv107xevm/Kconfig,15,"""THE REST"""
board/ti/tnetv107xevm/MAINTAINERS,6,"""THE REST"""
board/ti/tnetv107xevm/Makefile,5,"""THE REST"""
board/ti/tnetv107xevm/config.mk,5,"""THE REST"""
board/ti/tnetv107xevm/sdb_board.c,134,"""THE REST"""
board/timll/devkit3250/Kconfig,15,"""THE REST"""
board/timll/devkit3250/MAINTAINERS,6,"""THE REST"""
board/timll/devkit3250/Makefile,8,"""THE REST"""
board/timll/devkit3250/devkit3250.c,52,"""THE REST"""
board/timll/devkit8000/Kconfig,12,"""THE REST"""
board/timll/devkit8000/MAINTAINERS,6,"""THE REST"""
board/timll/devkit8000/Makefile,11,"""THE REST"""
board/timll/devkit8000/README,15,"""THE REST"""
board/timll/devkit8000/devkit8000.c,192,"""THE REST"""
board/timll/devkit8000/devkit8000.h,360,"""THE REST"""
board/toradex/apalis_t30/Kconfig,12,"""THE REST"""
board/toradex/apalis_t30/MAINTAINERS,7,"""THE REST"""
board/toradex/apalis_t30/Makefile,6,"""THE REST"""
board/toradex/apalis_t30/apalis_t30.c,87,"""THE REST"""
board/toradex/apalis_t30/pinmux-config-apalis_t30.h,347,"""THE REST"""
board/toradex/colibri_pxa270/Kconfig,12,"""THE REST"""
board/toradex/colibri_pxa270/MAINTAINERS,6,"""THE REST"""
board/toradex/colibri_pxa270/Makefile,9,"""THE REST"""
board/toradex/colibri_pxa270/colibri_pxa270.c,107,"""THE REST"""
board/toradex/colibri_t20-common/colibri_t20-common.c,35,"""THE REST"""
board/toradex/colibri_t20-common/colibri_t20-common.h,7,"""THE REST"""
board/toradex/colibri_t20_iris/Kconfig,12,"""THE REST"""
board/toradex/colibri_t20_iris/MAINTAINERS,6,"""THE REST"""
board/toradex/colibri_t20_iris/Makefile,9,"""THE REST"""
board/toradex/colibri_t20_iris/colibri_t20_iris.c,36,"""THE REST"""
board/toradex/colibri_t30/Kconfig,12,"""THE REST"""
board/toradex/colibri_t30/MAINTAINERS,7,"""THE REST"""
board/toradex/colibri_t30/Makefile,6,"""THE REST"""
board/toradex/colibri_t30/colibri_t30.c,42,"""THE REST"""
board/toradex/colibri_t30/pinmux-config-colibri_t30.h,360,"""THE REST"""
board/total5200/Kconfig,9,"""THE REST"""
board/total5200/MAINTAINERS,9,"""THE REST"""
board/total5200/Makefile,8,"""THE REST"""
board/total5200/mt48lc16m16a2-75.h,14,"""THE REST"""
board/total5200/mt48lc32m16a2-75.h,19,"""THE REST"""
board/total5200/sdram.c,159,"""THE REST"""
board/total5200/sdram.h,18,"""THE REST"""
board/total5200/total5200.c,276,"""THE REST"""
board/tqc/tqm5200/Kconfig,51,"""THE REST"""
board/tqc/tqm5200/MAINTAINERS,26,"""THE REST"""
board/tqc/tqm5200/Makefile,8,"""THE REST"""
board/tqc/tqm5200/cam5200_flash.c,768,"""THE REST"""
board/tqc/tqm5200/cmd_stk52xx.c,1227,"""THE REST"""
board/tqc/tqm5200/cmd_tb5200.c,88,"""THE REST"""
board/tqc/tqm5200/mt48lc16m16a2-75.h,18,"""THE REST"""
board/tqc/tqm5200/tqm5200.c,891,"""THE REST"""
board/tqc/tqm834x/Kconfig,12,"""THE REST"""
board/tqc/tqm834x/MAINTAINERS,6,"""THE REST"""
board/tqc/tqm834x/Makefile,11,"""THE REST"""
board/tqc/tqm834x/pci.c,99,"""THE REST"""
board/tqc/tqm834x/tqm834x.c,427,"""THE REST"""
board/tqc/tqm8xx/Kconfig,155,"""THE REST"""
board/tqc/tqm8xx/MAINTAINERS,31,"""THE REST"""
board/tqc/tqm8xx/Makefile,8,"""THE REST"""
board/tqc/tqm8xx/load_sernum_ethaddr.c,89,"""THE REST"""
board/tqc/tqm8xx/tqm8xx.c,674,"""THE REST"""
board/tqc/tqm8xx/u-boot.lds,95,"""THE REST"""
board/tqc/tqma6/Kconfig,15,"""THE REST"""
board/tqc/tqma6/MAINTAINERS,6,"""THE REST"""
board/tqc/tqma6/Makefile,9,"""THE REST"""
board/tqc/tqma6/README,35,"""THE REST"""
board/tqc/tqma6/clocks.cfg,24,"""THE REST"""
board/tqc/tqma6/tqma6.c,279,"""THE REST"""
board/tqc/tqma6/tqma6_bb.h,30,"""THE REST"""
board/tqc/tqma6/tqma6_mba6.c,367,"""THE REST"""
board/tqc/tqma6/tqma6q.cfg,125,"""THE REST"""
board/tqc/tqma6/tqma6s.cfg,125,"""THE REST"""
board/trizepsiv/Kconfig,9,"""THE REST"""
board/trizepsiv/MAINTAINERS,7,"""THE REST"""
board/trizepsiv/Makefile,8,"""THE REST"""
board/trizepsiv/conxs.c,148,"""THE REST"""
board/trizepsiv/eeprom.c,62,"""THE REST"""
board/ttcontrol/vision2/Kconfig,15,"""THE REST"""
board/ttcontrol/vision2/MAINTAINERS,6,"""THE REST"""
board/ttcontrol/vision2/Makefile,9,"""THE REST"""
board/ttcontrol/vision2/imximage_hynix.cfg,212,"""THE REST"""
board/ttcontrol/vision2/vision2.c,572,"""THE REST"""
board/udoo/1066mhz_4x256mx16.cfg,55,"""THE REST"""
board/udoo/Kconfig,12,"""THE REST"""
board/udoo/MAINTAINERS,6,"""THE REST"""
board/udoo/Makefile,7,"""THE REST"""
board/udoo/clocks.cfg,32,"""THE REST"""
board/udoo/ddr-setup.cfg,87,"""THE REST"""
board/udoo/udoo.c,255,"""THE REST"""
board/udoo/udoo.cfg,29,"""THE REST"""
board/v38b/Kconfig,9,"""THE REST"""
board/v38b/MAINTAINERS,6,"""THE REST"""
board/v38b/Makefile,8,"""THE REST"""
board/v38b/ethaddr.c,197,"""THE REST"""
board/v38b/v38b.c,260,"""THE REST"""
board/ve8313/Kconfig,9,"""THE REST"""
board/ve8313/MAINTAINERS,6,"""THE REST"""
board/ve8313/Makefile,8,"""THE REST"""
board/ve8313/ve8313.c,204,"""THE REST"""
board/vpac270/Kconfig,9,"""THE REST"""
board/vpac270/MAINTAINERS,8,"""THE REST"""
board/vpac270/Makefile,13,"""THE REST"""
board/vpac270/onenand.c,46,"""THE REST"""
board/vpac270/u-boot-spl.lds,81,"""THE REST"""
board/vpac270/vpac270.c,126,"""THE REST"""
board/w7o/Kconfig,19,"""THE REST"""
board/w7o/MAINTAINERS,8,"""THE REST"""
board/w7o/Makefile,13,"""THE REST"""
board/w7o/cmd_vpd.c,48,"""THE REST"""
board/w7o/errors.h,81,"""THE REST"""
board/w7o/flash.c,927,"""THE REST"""
board/w7o/fpga.c,371,"""THE REST"""
board/w7o/fsboot.c,73,"""THE REST"""
board/w7o/init.S,244,"""THE REST"""
board/w7o/post1.S,724,"""THE REST"""
board/w7o/post2.c,98,"""THE REST"""
board/w7o/u-boot.lds.debug,121,"""THE REST"""
board/w7o/vpd.c,412,"""THE REST"""
board/w7o/vpd.h,118,"""THE REST"""
board/w7o/w7o.c,257,"""THE REST"""
board/w7o/w7o.h,73,"""THE REST"""
board/w7o/watchdog.c,31,"""THE REST"""
board/wandboard/Kconfig,12,"""THE REST"""
board/wandboard/MAINTAINERS,8,"""THE REST"""
board/wandboard/Makefile,7,"""THE REST"""
board/wandboard/README,45,"""THE REST"""
board/wandboard/wandboard.c,412,"""THE REST"""
board/woodburn/Kconfig,25,"""THE REST"""
board/woodburn/MAINTAINERS,12,"""THE REST"""
board/woodburn/Makefile,10,"""THE REST"""
board/woodburn/imximage.cfg,4,"""THE REST"""
board/woodburn/lowlevel_init.S,25,"""THE REST"""
board/woodburn/woodburn.c,254,"""THE REST"""
board/xaeniax/Kconfig,9,"""THE REST"""
board/xaeniax/MAINTAINERS,6,"""THE REST"""
board/xaeniax/Makefile,8,"""THE REST"""
board/xaeniax/flash.c,412,"""THE REST"""
board/xaeniax/xaeniax.c,69,"""THE REST"""
board/xes/common/Makefile,14,"""THE REST"""
board/xes/common/actl_nand.c,49,"""THE REST"""
board/xes/common/board.c,66,"""THE REST"""
board/xes/common/fsl_8xxx_clk.c,54,"""THE REST"""
board/xes/common/fsl_8xxx_misc.c,44,"""THE REST"""
board/xes/common/fsl_8xxx_misc.h,12,"""THE REST"""
board/xes/common/fsl_8xxx_pci.c,72,"""THE REST"""
board/xes/xpedite1000/Kconfig,12,"""THE REST"""
board/xes/xpedite1000/MAINTAINERS,6,"""THE REST"""
board/xes/xpedite1000/Makefile,9,"""THE REST"""
board/xes/xpedite1000/README,82,"""THE REST"""
board/xes/xpedite1000/config.mk,20,"""THE REST"""
board/xes/xpedite1000/init.S,33,"""THE REST"""
board/xes/xpedite1000/u-boot.lds.debug,126,"""THE REST"""
board/xes/xpedite1000/xpedite1000.c,184,"""THE REST"""
board/xes/xpedite517x/Kconfig,12,"""THE REST"""
board/xes/xpedite517x/MAINTAINERS,6,"""THE REST"""
board/xes/xpedite517x/Makefile,10,"""THE REST"""
board/xes/xpedite517x/ddr.c,124,"""THE REST"""
board/xes/xpedite517x/law.c,28,"""THE REST"""
board/xes/xpedite517x/xpedite517x.c,81,"""THE REST"""
board/xes/xpedite520x/Kconfig,12,"""THE REST"""
board/xes/xpedite520x/MAINTAINERS,6,"""THE REST"""
board/xes/xpedite520x/Makefile,13,"""THE REST"""
board/xes/xpedite520x/ddr.c,71,"""THE REST"""
board/xes/xpedite520x/law.c,27,"""THE REST"""
board/xes/xpedite520x/tlb.c,69,"""THE REST"""
board/xes/xpedite520x/xpedite520x.c,82,"""THE REST"""
board/xes/xpedite537x/Kconfig,12,"""THE REST"""
board/xes/xpedite537x/MAINTAINERS,6,"""THE REST"""
board/xes/xpedite537x/Makefile,13,"""THE REST"""
board/xes/xpedite537x/ddr.c,234,"""THE REST"""
board/xes/xpedite537x/law.c,26,"""THE REST"""
board/xes/xpedite537x/tlb.c,83,"""THE REST"""
board/xes/xpedite537x/xpedite537x.c,84,"""THE REST"""
board/xes/xpedite550x/Kconfig,12,"""THE REST"""
board/xes/xpedite550x/MAINTAINERS,6,"""THE REST"""
board/xes/xpedite550x/Makefile,10,"""THE REST"""
board/xes/xpedite550x/ddr.c,136,"""THE REST"""
board/xes/xpedite550x/law.c,26,"""THE REST"""
board/xes/xpedite550x/tlb.c,82,"""THE REST"""
board/xes/xpedite550x/xpedite550x.c,84,"""THE REST"""
board/xilinx/microblaze-generic/Kconfig,12,"""THE REST"""
board/xilinx/microblaze-generic/MAINTAINERS,6,"""THE REST"""
board/xilinx/microblaze-generic/Makefile,8,"""THE REST"""
board/xilinx/microblaze-generic/config.mk,18,"""THE REST"""
board/xilinx/microblaze-generic/microblaze-generic.c,115,"""THE REST"""
board/xilinx/microblaze-generic/xparameters.h,67,"""THE REST"""
board/xilinx/ml507/Kconfig,12,"""THE REST"""
board/xilinx/ml507/MAINTAINERS,7,"""THE REST"""
board/xilinx/ml507/Makefile,11,"""THE REST"""
board/xilinx/ml507/ml507.c,17,"""THE REST"""
board/xilinx/ml507/xparameters.h,23,"""THE REST"""
board/xilinx/ppc405-generic/Kconfig,12,"""THE REST"""
board/xilinx/ppc405-generic/MAINTAINERS,7,"""THE REST"""
board/xilinx/ppc405-generic/Makefile,12,"""THE REST"""
board/xilinx/ppc405-generic/xilinx_ppc405_generic.c,48,"""THE REST"""
board/xilinx/ppc405-generic/xparameters.h,25,"""THE REST"""
board/xilinx/ppc440-generic/Kconfig,12,"""THE REST"""
board/xilinx/ppc440-generic/MAINTAINERS,7,"""THE REST"""
board/xilinx/ppc440-generic/Makefile,13,"""THE REST"""
board/xilinx/ppc440-generic/init.S,34,"""THE REST"""
board/xilinx/ppc440-generic/xilinx_ppc440_generic.c,41,"""THE REST"""
board/xilinx/ppc440-generic/xparameters.h,23,"""THE REST"""
board/xilinx/zynq/.gitignore,2,"""THE REST"""
board/xilinx/zynq/MAINTAINERS,7,"""THE REST"""
board/xilinx/zynq/Makefile,17,"""THE REST"""
board/xilinx/zynq/board.c,167,"""THE REST"""
board/xilinx/zynq/legacy.c,2,"""THE REST"""
board/xilinx/zynq/xil_io.h,13,"""THE REST"""
board/zeus/Kconfig,9,"""THE REST"""
board/zeus/MAINTAINERS,6,"""THE REST"""
board/zeus/Makefile,8,"""THE REST"""
board/zeus/README,73,"""THE REST"""
board/zeus/update.c,89,"""THE REST"""
board/zeus/zeus.c,410,"""THE REST"""
board/zipitz2/Kconfig,9,"""THE REST"""
board/zipitz2/MAINTAINERS,6,"""THE REST"""
board/zipitz2/Makefile,10,"""THE REST"""
board/zipitz2/zipitz2.c,202,"""THE REST"""
common/Kconfig,316,"""THE REST"""
common/Makefile,275,"""THE REST"""
common/aboot.c,244,"""THE REST"""
common/autoboot.c,304,"""THE REST"""
common/bedbug.c,1253,"""THE REST"""
common/board_f.c,1069,"""THE REST"""
common/board_r.c,899,"""THE REST"""
common/bootm.c,916,"""THE REST"""
common/bootm_os.c,479,"""THE REST"""
common/bootretry.c,59,"""THE REST"""
common/bootstage.c,457,"""THE REST"""
common/bouncebuf.c,83,"""THE REST"""
common/cli.c,221,"""THE REST"""
common/cli_hush.c,3689,"""THE REST"""
common/cli_readline.c,621,"""THE REST"""
common/cli_simple.c,337,"""THE REST"""
common/cmd_aes.c,89,"""THE REST"""
common/cmd_ambapp.c,264,"""THE REST"""
common/cmd_bdinfo.c,546,"""THE REST"""
common/cmd_bedbug.c,421,"""THE REST"""
common/cmd_blob.c,109,"""THE REST"""
common/cmd_bmp.c,252,"""THE REST"""
common/cmd_boot.c,63,"""THE REST"""
common/cmd_bootldr.c,170,"""THE REST"""
common/cmd_bootm.c,770,"""THE REST"""
common/cmd_bootmenu.c,500,"""THE REST"""
common/cmd_bootstage.c,100,"""THE REST"""
common/cmd_cache.c,106,"""THE REST"""
common/cmd_cbfs.c,196,"""THE REST"""
common/cmd_clk.c,51,"""THE REST"""
common/cmd_console.c,54,"""THE REST"""
common/cmd_cplbinfo.c,60,"""THE REST"""
common/cmd_cramfs.c,207,"""THE REST"""
common/cmd_dataflash_mmc_mux.c,48,"""THE REST"""
common/cmd_date.c,218,"""THE REST"""
common/cmd_dcr.c,221,"""THE REST"""
common/cmd_demo.c,102,"""THE REST"""
common/cmd_dfu.c,89,"""THE REST"""
common/cmd_diag.c,60,"""THE REST"""
common/cmd_disk.c,132,"""THE REST"""
common/cmd_display.c,54,"""THE REST"""
common/cmd_dtt.c,119,"""THE REST"""
common/cmd_echo.c,56,"""THE REST"""
common/cmd_eeprom.c,422,"""THE REST"""
common/cmd_elf.c,369,"""THE REST"""
common/cmd_exit.c,26,"""THE REST"""
common/cmd_ext2.c,51,"""THE REST"""
common/cmd_ext4.c,94,"""THE REST"""
common/cmd_fastboot.c,41,"""THE REST"""
common/cmd_fat.c,151,"""THE REST"""
common/cmd_fdc.c,752,"""THE REST"""
common/cmd_fdt.c,1064,"""FLATTENED DEVICE TREE"",""THE REST"""
common/cmd_fitupd.c,34,"""THE REST"""
common/cmd_flash.c,729,"""THE REST"""
common/cmd_fpga.c,371,"""THE REST"""
common/cmd_fpgad.c,100,"""THE REST"""
common/cmd_fs.c,83,"""THE REST"""
common/cmd_fs_uuid.c,26,"""THE REST"""
common/cmd_fuse.c,145,"""THE REST"""
common/cmd_gettime.c,40,"""THE REST"""
common/cmd_gpio.c,218,"""THE REST"""
common/cmd_gpt.c,347,"""THE REST"""
common/cmd_hash.c,56,"""THE REST"""
common/cmd_help.c,34,"""THE REST"""
common/cmd_i2c.c,1908,"""THE REST"""
common/cmd_ide.c,1449,"""THE REST"""
common/cmd_immap.c,703,"""THE REST"""
common/cmd_ini.c,252,"""THE REST"""
common/cmd_io.c,77,"""THE REST"""
common/cmd_iotrace.c,73,"""THE REST"""
common/cmd_irq.c,40,"""THE REST"""
common/cmd_itest.c,190,"""THE REST"""
common/cmd_jffs2.c,619,"""THE REST"""
common/cmd_ldrinfo.c,192,"""THE REST"""
common/cmd_led.c,158,"""THE REST"""
common/cmd_license.c,40,"""THE REST"""
common/cmd_load.c,1112,"""THE REST"""
common/cmd_log.c,311,"""THE REST"""
common/cmd_lzmadec.c,52,"""THE REST"""
common/cmd_mac.c,33,"""THE REST"""
common/cmd_md5sum.c,182,"""THE REST"""
common/cmd_mdio.c,313,"""THE REST"""
common/cmd_mem.c,1402,"""THE REST"""
common/cmd_mfsl.c,388,"""THE REST"""
common/cmd_mii.c,436,"""THE REST"""
common/cmd_misc.c,66,"""THE REST"""
common/cmd_mmc.c,680,"""THE REST"""
common/cmd_mmc_spi.c,88,"""THE REST"""
common/cmd_mp.c,73,"""THE REST"""
common/cmd_mtdparts.c,2106,"""THE REST"""
common/cmd_nand.c,1066,"""THE REST"""
common/cmd_net.c,447,"""THE REST"""
common/cmd_nvedit.c,1282,"""THE REST"""
common/cmd_onenand.c,602,"""THE REST"""
common/cmd_otp.c,227,"""THE REST"""
common/cmd_part.c,91,"""THE REST"""
common/cmd_pci.c,499,"""THE REST"""
common/cmd_pcmcia.c,346,"""THE REST"""
common/cmd_portio.c,145,"""THE REST"""
common/cmd_pxe.c,1694,"""THE REST"""
common/cmd_read.c,81,"""THE REST"""
common/cmd_reginfo.c,245,"""THE REST"""
common/cmd_reiser.c,171,"""THE REST"""
common/cmd_sandbox.c,126,"""THE REST"""
common/cmd_sata.c,215,"""THE REST"""
common/cmd_scsi.c,671,"""THE REST"""
common/cmd_setexpr.c,384,"""THE REST"""
common/cmd_sf.c,571,"""THE REST"""
common/cmd_sha1sum.c,54,"""THE REST"""
common/cmd_softswitch.c,41,"""THE REST"""
common/cmd_sound.c,80,"""THE REST"""
common/cmd_source.c,187,"""THE REST"""
common/cmd_spi.c,174,"""THE REST"""
common/cmd_spibootldr.c,37,"""THE REST"""
common/cmd_spl.c,178,"""THE REST"""
common/cmd_strings.c,46,"""THE REST"""
common/cmd_terminal.c,76,"""THE REST"""
common/cmd_test.c,220,"""THE REST"""
common/cmd_thordown.c,71,"""THE REST"""
common/cmd_time.c,44,"""THE REST"""
common/cmd_tpm.c,757,"""THE REST"""
common/cmd_trace.c,120,"""THE REST"""
common/cmd_tsi148.c,472,"""THE REST"""
common/cmd_ubi.c,685,"""THE REST"""
common/cmd_ubifs.c,173,"""THE REST"""
common/cmd_universe.c,368,"""THE REST"""
common/cmd_unzip.c,41,"""THE REST"""
common/cmd_usb.c,682,"""THE REST"""
common/cmd_usb_mass_storage.c,164,"""THE REST"""
common/cmd_version.c,37,"""THE REST"""
common/cmd_ximg.c,271,"""THE REST"""
common/cmd_yaffs2.c,326,"""THE REST"""
common/cmd_zfs.c,171,"""THE REST"""
common/cmd_zip.c,42,"""THE REST"""
common/command.c,550,"""THE REST"""
common/console.c,876,"""THE REST"""
common/cros_ec.c,74,"""THE REST"""
common/ddr_spd.c,161,"""THE REST"""
common/dlmalloc.c,3365,"""THE REST"""
common/dlmalloc.src,3265,"""THE REST"""
common/edid.c,290,"""THE REST"""
common/env_attr.c,213,"""THE REST"""
common/env_callback.c,135,"""THE REST"""
common/env_common.c,301,"""THE REST"""
common/env_dataflash.c,84,"""THE REST"""
common/env_eeprom.c,264,"""THE REST"""
common/env_embedded.c,104,"""THE REST"""
common/env_fat.c,109,"""THE REST"""
common/env_flags.c,550,"""THE REST"""
common/env_flash.c,338,"""THE REST"""
common/env_mmc.c,332,"""THE REST"""
common/env_nand.c,404,"""THE REST"""
common/env_nowhere.c,35,"""THE REST"""
common/env_nvram.c,114,"""THE REST"""
common/env_onenand.c,116,"""THE REST"""
common/env_remote.c,58,"""THE REST"""
common/env_sf.c,331,"""THE REST"""
common/env_ubi.c,193,"""THE REST"""
common/exports.c,45,"""THE REST"""
common/fb_mmc.c,112,"""THE REST"""
common/fdt_support.c,1562,"""FLATTENED DEVICE TREE"",""THE REST"""
common/flash.c,224,"""THE REST"""
common/hash.c,426,"""THE REST"""
common/hwconfig.c,285,"""THE REST"""
common/image-android.c,122,"""THE REST"""
common/image-fdt.c,528,"""THE REST"""
common/image-fit.c,1718,"""THE REST"""
common/image-sig.c,472,"""THE REST"""
common/image.c,1281,"""THE REST"""
common/iomux.c,147,"""THE REST"""
common/iotrace.c,169,"""THE REST"""
common/kallsyms.c,44,"""THE REST"""
common/kgdb.c,598,"""THE REST"""
common/kgdb_stubs.c,64,"""THE REST"""
common/lcd.c,1216,"""THE REST"""
common/lynxkdi.c,70,"""THE REST"""
common/main.c,88,"""THE REST"""
common/malloc_simple.c,39,"""THE REST"""
common/memsize.c,92,"""THE REST"""
common/menu.c,412,"""THE REST"""
common/miiphyutil.c,584,"""THE REST"""
common/modem.c,100,"""THE REST"""
common/s_record.c,179,"""THE REST"""
common/spl/Makefile,23,"""THE REST"""
common/spl/spl.c,278,"""THE REST"""
common/spl/spl_ext.c,139,"""THE REST"""
common/spl/spl_fat.c,123,"""THE REST"""
common/spl/spl_mmc.c,197,"""THE REST"""
common/spl/spl_nand.c,97,"""THE REST"""
common/spl/spl_net.c,37,"""THE REST"""
common/spl/spl_nor.c,51,"""THE REST"""
common/spl/spl_onenand.c,31,"""THE REST"""
common/spl/spl_sata.c,51,"""THE REST"""
common/spl/spl_usb.c,58,"""THE REST"""
common/spl/spl_ymodem.c,59,"""THE REST"""
common/splash.c,52,"""THE REST"""
common/stdio.c,291,"""THE REST"""
common/system_map.c,8,"""THE REST"""
common/update.c,307,"""THE REST"""
common/usb.c,1066,"""THE REST"""
common/usb_hub.c,524,"""THE REST"""
common/usb_kbd.c,556,"""THE REST"""
common/usb_storage.c,1420,"""THE REST"""
common/xyzModem.c,818,"""THE REST"""
config.mk,82,"""THE REST"""
configs/A10-OLinuXino-Lime_defconfig,7,"""THE REST"""
configs/A10s-OLinuXino-M_defconfig,11,"""THE REST"""
configs/A13-OLinuXinoM_defconfig,10,"""THE REST"""
configs/A13-OLinuXino_defconfig,10,"""THE REST"""
configs/A20-OLinuXino-Lime2_defconfig,7,"""THE REST"""
configs/A20-OLinuXino-Lime_defconfig,7,"""THE REST"""
configs/A20-OLinuXino_MICRO_defconfig,10,"""THE REST"""
configs/APC405_defconfig,3,"""THE REST"""
configs/AR405_defconfig,3,"""THE REST"""
configs/ASH405_defconfig,3,"""THE REST"""
configs/Auxtek-T004_defconfig,8,"""THE REST"""
configs/B4420QDS_NAND_defconfig,5,"""THE REST"""
configs/B4420QDS_SPIFLASH_defconfig,4,"""THE REST"""
configs/B4420QDS_defconfig,4,"""THE REST"""
configs/B4860QDS_NAND_defconfig,5,"""THE REST"""
configs/B4860QDS_SECURE_BOOT_defconfig,4,"""THE REST"""
configs/B4860QDS_SPIFLASH_defconfig,4,"""THE REST"""
configs/B4860QDS_SRIO_PCIE_BOOT_defconfig,4,"""THE REST"""
configs/B4860QDS_defconfig,4,"""THE REST"""
configs/BC3450_defconfig,3,"""THE REST"""
configs/BSC9131RDB_NAND_SYSCLK100_defconfig,5,"""THE REST"""
configs/BSC9131RDB_NAND_defconfig,5,"""THE REST"""
configs/BSC9131RDB_SPIFLASH_SYSCLK100_defconfig,4,"""THE REST"""
configs/BSC9131RDB_SPIFLASH_defconfig,4,"""THE REST"""
configs/BSC9132QDS_NAND_DDRCLK100_SECURE_defconfig,4,"""THE REST"""
configs/BSC9132QDS_NAND_DDRCLK100_defconfig,5,"""THE REST"""
configs/BSC9132QDS_NAND_DDRCLK133_SECURE_defconfig,4,"""THE REST"""
configs/BSC9132QDS_NAND_DDRCLK133_defconfig,5,"""THE REST"""
configs/BSC9132QDS_NOR_DDRCLK100_SECURE_defconfig,4,"""THE REST"""
configs/BSC9132QDS_NOR_DDRCLK100_defconfig,4,"""THE REST"""
configs/BSC9132QDS_NOR_DDRCLK133_SECURE_defconfig,4,"""THE REST"""
configs/BSC9132QDS_NOR_DDRCLK133_defconfig,4,"""THE REST"""
configs/BSC9132QDS_SDCARD_DDRCLK100_SECURE_defconfig,4,"""THE REST"""
configs/BSC9132QDS_SDCARD_DDRCLK100_defconfig,4,"""THE REST"""
configs/BSC9132QDS_SDCARD_DDRCLK133_SECURE_defconfig,4,"""THE REST"""
configs/BSC9132QDS_SDCARD_DDRCLK133_defconfig,4,"""THE REST"""
configs/BSC9132QDS_SPIFLASH_DDRCLK100_SECURE_defconfig,4,"""THE REST"""
configs/BSC9132QDS_SPIFLASH_DDRCLK100_defconfig,4,"""THE REST"""
configs/BSC9132QDS_SPIFLASH_DDRCLK133_SECURE_defconfig,4,"""THE REST"""
configs/BSC9132QDS_SPIFLASH_DDRCLK133_defconfig,4,"""THE REST"""
configs/Bananapi_defconfig,7,"""THE REST"""
configs/C29XPCIE_NAND_defconfig,6,"""THE REST"""
configs/C29XPCIE_SPIFLASH_defconfig,4,"""THE REST"""
configs/C29XPCIE_defconfig,4,"""THE REST"""
configs/CATcenter_25_defconfig,4,"""THE REST"""
configs/CATcenter_33_defconfig,4,"""THE REST"""
configs/CATcenter_defconfig,4,"""THE REST"""
configs/CMS700_defconfig,3,"""THE REST"""
configs/CPCI2DP_defconfig,3,"""THE REST"""
configs/CPCI4052_defconfig,3,"""THE REST"""
configs/CPCI405AB_defconfig,3,"""THE REST"""
configs/CPCI405DT_defconfig,3,"""THE REST"""
configs/CPCI405_defconfig,3,"""THE REST"""
configs/CPCIISER4_defconfig,3,"""THE REST"""
configs/Colombus_defconfig,7,"""THE REST"""
configs/Cubieboard2_defconfig,7,"""THE REST"""
configs/Cubieboard_defconfig,7,"""THE REST"""
configs/Cubietruck_defconfig,7,"""THE REST"""
configs/DP405_defconfig,3,"""THE REST"""
configs/DU405_defconfig,3,"""THE REST"""
configs/DU440_defconfig,3,"""THE REST"""
configs/ELPPC_defconfig,3,"""THE REST"""
configs/G2000_defconfig,3,"""THE REST"""
configs/HH405_defconfig,3,"""THE REST"""
configs/HUB405_defconfig,3,"""THE REST"""
configs/Ippo_q8h_v5_defconfig,8,"""THE REST"""
configs/JSE_defconfig,3,"""THE REST"""
configs/Linksprite_pcDuino3_defconfig,7,"""THE REST"""
configs/Linksprite_pcDuino3_fdt_defconfig,11,"""THE REST"""
configs/Lite5200_LOWBOOT08_defconfig,4,"""THE REST"""
configs/Lite5200_LOWBOOT_defconfig,4,"""THE REST"""
configs/Lite5200_defconfig,3,"""THE REST"""
configs/M5208EVBE_defconfig,2,"""THE REST"""
configs/M52277EVB_defconfig,3,"""THE REST"""
configs/M52277EVB_stmicro_defconfig,3,"""THE REST"""
configs/M5235EVB_Flash32_defconfig,3,"""THE REST"""
configs/M5235EVB_defconfig,3,"""THE REST"""
configs/M5249EVB_defconfig,2,"""THE REST"""
configs/M5253DEMO_defconfig,2,"""THE REST"""
configs/M5253EVBE_defconfig,2,"""THE REST"""
configs/M5272C3_defconfig,2,"""THE REST"""
configs/M5275EVB_defconfig,2,"""THE REST"""
configs/M5282EVB_defconfig,2,"""THE REST"""
configs/M53017EVB_defconfig,2,"""THE REST"""
configs/M5329AFEE_defconfig,3,"""THE REST"""
configs/M5329BFEE_defconfig,3,"""THE REST"""
configs/M5373EVB_defconfig,3,"""THE REST"""
configs/M54418TWR_defconfig,3,"""THE REST"""
configs/M54418TWR_nand_mii_defconfig,3,"""THE REST"""
configs/M54418TWR_nand_rmii_defconfig,3,"""THE REST"""
configs/M54418TWR_nand_rmii_lowfreq_defconfig,3,"""THE REST"""
configs/M54418TWR_serial_mii_defconfig,3,"""THE REST"""
configs/M54418TWR_serial_rmii_defconfig,3,"""THE REST"""
configs/M54451EVB_defconfig,3,"""THE REST"""
configs/M54451EVB_stmicro_defconfig,3,"""THE REST"""
configs/M54455EVB_a66_defconfig,3,"""THE REST"""
configs/M54455EVB_defconfig,3,"""THE REST"""
configs/M54455EVB_i66_defconfig,3,"""THE REST"""
configs/M54455EVB_intel_defconfig,3,"""THE REST"""
configs/M54455EVB_stm33_defconfig,3,"""THE REST"""
configs/M5475AFE_defconfig,3,"""THE REST"""
configs/M5475BFE_defconfig,3,"""THE REST"""
configs/M5475CFE_defconfig,3,"""THE REST"""
configs/M5475DFE_defconfig,3,"""THE REST"""
configs/M5475EFE_defconfig,3,"""THE REST"""
configs/M5475FFE_defconfig,3,"""THE REST"""
configs/M5475GFE_defconfig,3,"""THE REST"""
configs/M5485AFE_defconfig,3,"""THE REST"""
configs/M5485BFE_defconfig,3,"""THE REST"""
configs/M5485CFE_defconfig,3,"""THE REST"""
configs/M5485DFE_defconfig,3,"""THE REST"""
configs/M5485EFE_defconfig,3,"""THE REST"""
configs/M5485FFE_defconfig,3,"""THE REST"""
configs/M5485GFE_defconfig,3,"""THE REST"""
configs/M5485HFE_defconfig,3,"""THE REST"""
configs/MIP405T_defconfig,4,"""THE REST"""
configs/MIP405_defconfig,3,"""THE REST"""
configs/MPC8308RDB_defconfig,3,"""THE REST"""
configs/MPC8313ERDB_33_defconfig,4,"""THE REST"""
configs/MPC8313ERDB_66_defconfig,4,"""THE REST"""
configs/MPC8313ERDB_NAND_33_defconfig,5,"""THE REST"""
configs/MPC8313ERDB_NAND_66_defconfig,5,"""THE REST"""
configs/MPC8315ERDB_defconfig,3,"""THE REST"""
configs/MPC8323ERDB_defconfig,3,"""THE REST"""
configs/MPC832XEMDS_ATM_defconfig,4,"""THE REST"""
configs/MPC832XEMDS_HOST_33_defconfig,4,"""THE REST"""
configs/MPC832XEMDS_HOST_66_defconfig,4,"""THE REST"""
configs/MPC832XEMDS_SLAVE_defconfig,4,"""THE REST"""
configs/MPC832XEMDS_defconfig,3,"""THE REST"""
configs/MPC8349EMDS_defconfig,3,"""THE REST"""
configs/MPC8349ITXGP_defconfig,4,"""THE REST"""
configs/MPC8349ITX_LOWBOOT_defconfig,4,"""THE REST"""
configs/MPC8349ITX_defconfig,4,"""THE REST"""
configs/MPC8360EMDS_33_ATM_defconfig,4,"""THE REST"""
configs/MPC8360EMDS_33_HOST_33_defconfig,4,"""THE REST"""
configs/MPC8360EMDS_33_HOST_66_defconfig,4,"""THE REST"""
configs/MPC8360EMDS_33_SLAVE_defconfig,4,"""THE REST"""
configs/MPC8360EMDS_33_defconfig,4,"""THE REST"""
configs/MPC8360EMDS_66_ATM_defconfig,4,"""THE REST"""
configs/MPC8360EMDS_66_HOST_33_defconfig,4,"""THE REST"""
configs/MPC8360EMDS_66_HOST_66_defconfig,4,"""THE REST"""
configs/MPC8360EMDS_66_SLAVE_defconfig,4,"""THE REST"""
configs/MPC8360EMDS_66_defconfig,4,"""THE REST"""
configs/MPC8360ERDK_33_defconfig,4,"""THE REST"""
configs/MPC8360ERDK_defconfig,3,"""THE REST"""
configs/MPC837XEMDS_HOST_defconfig,4,"""THE REST"""
configs/MPC837XEMDS_defconfig,3,"""THE REST"""
configs/MPC837XERDB_defconfig,3,"""THE REST"""
configs/MPC8536DS_36BIT_defconfig,4,"""THE REST"""
configs/MPC8536DS_SDCARD_defconfig,4,"""THE REST"""
configs/MPC8536DS_SPIFLASH_defconfig,4,"""THE REST"""
configs/MPC8536DS_defconfig,3,"""THE REST"""
configs/MPC8540ADS_defconfig,3,"""THE REST"""
configs/MPC8541CDS_defconfig,3,"""THE REST"""
configs/MPC8541CDS_legacy_defconfig,4,"""THE REST"""
configs/MPC8544DS_defconfig,3,"""THE REST"""
configs/MPC8548CDS_36BIT_defconfig,4,"""THE REST"""
configs/MPC8548CDS_defconfig,3,"""THE REST"""
configs/MPC8548CDS_legacy_defconfig,4,"""THE REST"""
configs/MPC8555CDS_defconfig,3,"""THE REST"""
configs/MPC8555CDS_legacy_defconfig,4,"""THE REST"""
configs/MPC8560ADS_defconfig,3,"""THE REST"""
configs/MPC8568MDS_defconfig,3,"""THE REST"""
configs/MPC8569MDS_ATM_defconfig,4,"""THE REST"""
configs/MPC8569MDS_defconfig,3,"""THE REST"""
configs/MPC8572DS_36BIT_defconfig,4,"""THE REST"""
configs/MPC8572DS_defconfig,3,"""THE REST"""
configs/MPC8610HPCD_defconfig,3,"""THE REST"""
configs/MPC8641HPCN_36BIT_defconfig,4,"""THE REST"""
configs/MPC8641HPCN_defconfig,3,"""THE REST"""
configs/Mele_A1000G_defconfig,7,"""THE REST"""
configs/Mele_A1000_defconfig,7,"""THE REST"""
configs/Mele_M3_defconfig,9,"""THE REST"""
configs/Mele_M9_defconfig,20,"""THE REST"""
configs/MigoR_defconfig,2,"""THE REST"""
configs/Mini-X-1Gb_defconfig,7,"""THE REST"""
configs/Mini-X_defconfig,7,"""THE REST"""
configs/MiniFAP_defconfig,4,"""THE REST"""
configs/O2D300_defconfig,3,"""THE REST"""
configs/O2DNT2_RAMBOOT_defconfig,4,"""THE REST"""
configs/O2DNT2_defconfig,3,"""THE REST"""
configs/O2D_defconfig,3,"""THE REST"""
configs/O2I_defconfig,3,"""THE REST"""
configs/O2MNT_O2M110_defconfig,4,"""THE REST"""
configs/O2MNT_O2M112_defconfig,4,"""THE REST"""
configs/O2MNT_O2M113_defconfig,4,"""THE REST"""
configs/O2MNT_defconfig,3,"""THE REST"""
configs/O3DNT_defconfig,3,"""THE REST"""
configs/OCRTC_defconfig,3,"""THE REST"""
configs/P1010RDB-PA_36BIT_NAND_SECBOOT_defconfig,4,"""THE REST"""
configs/P1010RDB-PA_36BIT_NAND_defconfig,6,"""THE REST"""
configs/P1010RDB-PA_36BIT_NOR_SECBOOT_defconfig,4,"""THE REST"""
configs/P1010RDB-PA_36BIT_NOR_defconfig,4,"""THE REST"""
configs/P1010RDB-PA_36BIT_SDCARD_defconfig,5,"""THE REST"""
configs/P1010RDB-PA_36BIT_SPIFLASH_SECBOOT_defconfig,4,"""THE REST"""
configs/P1010RDB-PA_36BIT_SPIFLASH_defconfig,5,"""THE REST"""
configs/P1010RDB-PA_NAND_SECBOOT_defconfig,4,"""THE REST"""
configs/P1010RDB-PA_NAND_defconfig,6,"""THE REST"""
configs/P1010RDB-PA_NOR_SECBOOT_defconfig,4,"""THE REST"""
configs/P1010RDB-PA_NOR_defconfig,4,"""THE REST"""
configs/P1010RDB-PA_SDCARD_defconfig,5,"""THE REST"""
configs/P1010RDB-PA_SPIFLASH_SECBOOT_defconfig,4,"""THE REST"""
configs/P1010RDB-PA_SPIFLASH_defconfig,5,"""THE REST"""
configs/P1010RDB-PB_36BIT_NAND_SECBOOT_defconfig,4,"""THE REST"""
configs/P1010RDB-PB_36BIT_NAND_defconfig,6,"""THE REST"""
configs/P1010RDB-PB_36BIT_NOR_SECBOOT_defconfig,4,"""THE REST"""
configs/P1010RDB-PB_36BIT_NOR_defconfig,4,"""THE REST"""
configs/P1010RDB-PB_36BIT_SDCARD_defconfig,5,"""THE REST"""
configs/P1010RDB-PB_36BIT_SPIFLASH_SECBOOT_defconfig,4,"""THE REST"""
configs/P1010RDB-PB_36BIT_SPIFLASH_defconfig,5,"""THE REST"""
configs/P1010RDB-PB_NAND_SECBOOT_defconfig,4,"""THE REST"""
configs/P1010RDB-PB_NAND_defconfig,6,"""THE REST"""
configs/P1010RDB-PB_NOR_SECBOOT_defconfig,4,"""THE REST"""
configs/P1010RDB-PB_NOR_defconfig,4,"""THE REST"""
configs/P1010RDB-PB_SDCARD_defconfig,5,"""THE REST"""
configs/P1010RDB-PB_SPIFLASH_SECBOOT_defconfig,4,"""THE REST"""
configs/P1010RDB-PB_SPIFLASH_defconfig,5,"""THE REST"""
configs/P1011RDB_36BIT_SDCARD_defconfig,5,"""THE REST"""
configs/P1011RDB_36BIT_SPIFLASH_defconfig,5,"""THE REST"""
configs/P1011RDB_36BIT_defconfig,4,"""THE REST"""
configs/P1011RDB_NAND_defconfig,6,"""THE REST"""
configs/P1011RDB_SDCARD_defconfig,5,"""THE REST"""
configs/P1011RDB_SPIFLASH_defconfig,5,"""THE REST"""
configs/P1011RDB_defconfig,4,"""THE REST"""
configs/P1020MBG-PC_36BIT_SDCARD_defconfig,5,"""THE REST"""
configs/P1020MBG-PC_36BIT_defconfig,4,"""THE REST"""
configs/P1020MBG-PC_SDCARD_defconfig,5,"""THE REST"""
configs/P1020MBG-PC_defconfig,4,"""THE REST"""
configs/P1020RDB-PC_36BIT_NAND_defconfig,6,"""THE REST"""
configs/P1020RDB-PC_36BIT_SDCARD_defconfig,5,"""THE REST"""
configs/P1020RDB-PC_36BIT_SPIFLASH_defconfig,5,"""THE REST"""
configs/P1020RDB-PC_36BIT_defconfig,4,"""THE REST"""
configs/P1020RDB-PC_NAND_defconfig,6,"""THE REST"""
configs/P1020RDB-PC_SDCARD_defconfig,5,"""THE REST"""
configs/P1020RDB-PC_SPIFLASH_defconfig,5,"""THE REST"""
configs/P1020RDB-PC_defconfig,4,"""THE REST"""
configs/P1020RDB-PD_NAND_defconfig,6,"""THE REST"""
configs/P1020RDB-PD_SDCARD_defconfig,5,"""THE REST"""
configs/P1020RDB-PD_SPIFLASH_defconfig,5,"""THE REST"""
configs/P1020RDB-PD_defconfig,4,"""THE REST"""
configs/P1020RDB_36BIT_SDCARD_defconfig,5,"""THE REST"""
configs/P1020RDB_36BIT_SPIFLASH_defconfig,5,"""THE REST"""
configs/P1020RDB_36BIT_defconfig,4,"""THE REST"""
configs/P1020RDB_NAND_defconfig,6,"""THE REST"""
configs/P1020RDB_SDCARD_defconfig,5,"""THE REST"""
configs/P1020RDB_SPIFLASH_defconfig,5,"""THE REST"""
configs/P1020RDB_defconfig,4,"""THE REST"""
configs/P1020UTM-PC_36BIT_SDCARD_defconfig,5,"""THE REST"""
configs/P1020UTM-PC_36BIT_defconfig,4,"""THE REST"""
configs/P1020UTM-PC_SDCARD_defconfig,5,"""THE REST"""
configs/P1020UTM-PC_defconfig,4,"""THE REST"""
configs/P1021RDB-PC_36BIT_NAND_defconfig,6,"""THE REST"""
configs/P1021RDB-PC_36BIT_SDCARD_defconfig,5,"""THE REST"""
configs/P1021RDB-PC_36BIT_SPIFLASH_defconfig,5,"""THE REST"""
configs/P1021RDB-PC_36BIT_defconfig,4,"""THE REST"""
configs/P1021RDB-PC_NAND_defconfig,6,"""THE REST"""
configs/P1021RDB-PC_SDCARD_defconfig,5,"""THE REST"""
configs/P1021RDB-PC_SPIFLASH_defconfig,5,"""THE REST"""
configs/P1021RDB-PC_defconfig,4,"""THE REST"""
configs/P1022DS_36BIT_NAND_defconfig,6,"""THE REST"""
configs/P1022DS_36BIT_SDCARD_defconfig,5,"""THE REST"""
configs/P1022DS_36BIT_SPIFLASH_defconfig,5,"""THE REST"""
configs/P1022DS_36BIT_defconfig,4,"""THE REST"""
configs/P1022DS_NAND_defconfig,6,"""THE REST"""
configs/P1022DS_SDCARD_defconfig,5,"""THE REST"""
configs/P1022DS_SPIFLASH_defconfig,5,"""THE REST"""
configs/P1022DS_defconfig,3,"""THE REST"""
configs/P1023RDB_defconfig,3,"""THE REST"""
configs/P1024RDB_36BIT_defconfig,4,"""THE REST"""
configs/P1024RDB_NAND_defconfig,6,"""THE REST"""
configs/P1024RDB_SDCARD_defconfig,5,"""THE REST"""
configs/P1024RDB_SPIFLASH_defconfig,5,"""THE REST"""
configs/P1024RDB_defconfig,4,"""THE REST"""
configs/P1025RDB_36BIT_defconfig,4,"""THE REST"""
configs/P1025RDB_NAND_defconfig,6,"""THE REST"""
configs/P1025RDB_SDCARD_defconfig,5,"""THE REST"""
configs/P1025RDB_SPIFLASH_defconfig,5,"""THE REST"""
configs/P1025RDB_defconfig,4,"""THE REST"""
configs/P2010RDB_36BIT_SDCARD_defconfig,5,"""THE REST"""
configs/P2010RDB_36BIT_SPIFLASH_defconfig,5,"""THE REST"""
configs/P2010RDB_36BIT_defconfig,4,"""THE REST"""
configs/P2010RDB_NAND_defconfig,6,"""THE REST"""
configs/P2010RDB_SDCARD_defconfig,5,"""THE REST"""
configs/P2010RDB_SPIFLASH_defconfig,5,"""THE REST"""
configs/P2010RDB_defconfig,4,"""THE REST"""
configs/P2020COME_SDCARD_defconfig,4,"""THE REST"""
configs/P2020COME_SPIFLASH_defconfig,4,"""THE REST"""
configs/P2020DS_36BIT_defconfig,4,"""THE REST"""
configs/P2020DS_DDR2_defconfig,4,"""THE REST"""
configs/P2020DS_SDCARD_defconfig,4,"""THE REST"""
configs/P2020DS_SPIFLASH_defconfig,4,"""THE REST"""
configs/P2020DS_defconfig,3,"""THE REST"""
configs/P2020RDB-PC_36BIT_NAND_defconfig,6,"""THE REST"""
configs/P2020RDB-PC_36BIT_SDCARD_defconfig,5,"""THE REST"""
configs/P2020RDB-PC_36BIT_SPIFLASH_defconfig,5,"""THE REST"""
configs/P2020RDB-PC_36BIT_defconfig,4,"""THE REST"""
configs/P2020RDB-PC_NAND_defconfig,6,"""THE REST"""
configs/P2020RDB-PC_SDCARD_defconfig,5,"""THE REST"""
configs/P2020RDB-PC_SPIFLASH_defconfig,5,"""THE REST"""
configs/P2020RDB-PC_defconfig,4,"""THE REST"""
configs/P2020RDB_36BIT_SDCARD_defconfig,5,"""THE REST"""
configs/P2020RDB_36BIT_SPIFLASH_defconfig,5,"""THE REST"""
configs/P2020RDB_36BIT_defconfig,4,"""THE REST"""
configs/P2020RDB_NAND_defconfig,6,"""THE REST"""
configs/P2020RDB_SDCARD_defconfig,5,"""THE REST"""
configs/P2020RDB_SPIFLASH_defconfig,5,"""THE REST"""
configs/P2020RDB_defconfig,4,"""THE REST"""
configs/P2041RDB_NAND_defconfig,4,"""THE REST"""
configs/P2041RDB_SDCARD_defconfig,4,"""THE REST"""
configs/P2041RDB_SECURE_BOOT_defconfig,4,"""THE REST"""
configs/P2041RDB_SPIFLASH_defconfig,4,"""THE REST"""
configs/P2041RDB_SRIO_PCIE_BOOT_defconfig,4,"""THE REST"""
configs/P2041RDB_defconfig,3,"""THE REST"""
configs/P3041DS_NAND_defconfig,4,"""THE REST"""
configs/P3041DS_SDCARD_defconfig,4,"""THE REST"""
configs/P3041DS_SECURE_BOOT_defconfig,4,"""THE REST"""
configs/P3041DS_SPIFLASH_defconfig,4,"""THE REST"""
configs/P3041DS_SRIO_PCIE_BOOT_defconfig,4,"""THE REST"""
configs/P3041DS_defconfig,3,"""THE REST"""
configs/P3G4_defconfig,3,"""THE REST"""
configs/P4080DS_SDCARD_defconfig,4,"""THE REST"""
configs/P4080DS_SECURE_BOOT_defconfig,4,"""THE REST"""
configs/P4080DS_SPIFLASH_defconfig,4,"""THE REST"""
configs/P4080DS_SRIO_PCIE_BOOT_defconfig,4,"""THE REST"""
configs/P4080DS_defconfig,3,"""THE REST"""
configs/P5020DS_NAND_defconfig,4,"""THE REST"""
configs/P5020DS_SDCARD_defconfig,4,"""THE REST"""
configs/P5020DS_SECURE_BOOT_defconfig,4,"""THE REST"""
configs/P5020DS_SPIFLASH_defconfig,4,"""THE REST"""
configs/P5020DS_SRIO_PCIE_BOOT_defconfig,4,"""THE REST"""
configs/P5020DS_defconfig,3,"""THE REST"""
configs/P5040DS_NAND_defconfig,4,"""THE REST"""
configs/P5040DS_SDCARD_defconfig,4,"""THE REST"""
configs/P5040DS_SPIFLASH_defconfig,4,"""THE REST"""
configs/P5040DS_defconfig,3,"""THE REST"""
configs/PATI_defconfig,3,"""THE REST"""
configs/PCI405_defconfig,3,"""THE REST"""
configs/PIP405_defconfig,3,"""THE REST"""
configs/PLU405_defconfig,3,"""THE REST"""
configs/PM520_DDR_defconfig,4,"""THE REST"""
configs/PM520_ROMBOOT_DDR_defconfig,4,"""THE REST"""
configs/PM520_ROMBOOT_defconfig,4,"""THE REST"""
configs/PM520_defconfig,3,"""THE REST"""
configs/PMC405DE_defconfig,3,"""THE REST"""
configs/PMC405_defconfig,3,"""THE REST"""
configs/PMC440_defconfig,3,"""THE REST"""
configs/PPChameleonEVB_BA_25_defconfig,4,"""THE REST"""
configs/PPChameleonEVB_BA_33_defconfig,4,"""THE REST"""
configs/PPChameleonEVB_HI_25_defconfig,4,"""THE REST"""
configs/PPChameleonEVB_HI_33_defconfig,4,"""THE REST"""
configs/PPChameleonEVB_ME_25_defconfig,4,"""THE REST"""
configs/PPChameleonEVB_ME_33_defconfig,4,"""THE REST"""
configs/PPChameleonEVB_defconfig,3,"""THE REST"""
configs/T1024QDS_D4_SECURE_BOOT_defconfig,4,"""THE REST"""
configs/T1024QDS_NAND_defconfig,5,"""THE REST"""
configs/T1024QDS_SDCARD_defconfig,5,"""THE REST"""
configs/T1024QDS_SECURE_BOOT_defconfig,4,"""THE REST"""
configs/T1024QDS_SPIFLASH_defconfig,5,"""THE REST"""
configs/T1024RDB_NAND_defconfig,5,"""THE REST"""
configs/T1024RDB_SDCARD_defconfig,5,"""THE REST"""
configs/T1024RDB_SECURE_BOOT_defconfig,4,"""THE REST"""
configs/T1024RDB_SPIFLASH_defconfig,5,"""THE REST"""
configs/T1024RDB_defconfig,4,"""THE REST"""
configs/T1040QDS_D4_defconfig,4,"""THE REST"""
configs/T1040QDS_SECURE_BOOT_defconfig,4,"""THE REST"""
configs/T1040QDS_defconfig,4,"""THE REST"""
configs/T1040RDB_NAND_defconfig,5,"""THE REST"""
configs/T1040RDB_SDCARD_defconfig,5,"""THE REST"""
configs/T1040RDB_SECURE_BOOT_defconfig,4,"""THE REST"""
configs/T1040RDB_SPIFLASH_defconfig,5,"""THE REST"""
configs/T1040RDB_defconfig,4,"""THE REST"""
configs/T1042RDB_PI_NAND_defconfig,5,"""THE REST"""
configs/T1042RDB_PI_SDCARD_defconfig,5,"""THE REST"""
configs/T1042RDB_PI_SPIFLASH_defconfig,5,"""THE REST"""
configs/T1042RDB_PI_defconfig,4,"""THE REST"""
configs/T1042RDB_defconfig,4,"""THE REST"""
configs/T2080QDS_NAND_defconfig,5,"""THE REST"""
configs/T2080QDS_SDCARD_defconfig,5,"""THE REST"""
configs/T2080QDS_SECURE_BOOT_defconfig,4,"""THE REST"""
configs/T2080QDS_SPIFLASH_defconfig,5,"""THE REST"""
configs/T2080QDS_SRIO_PCIE_BOOT_defconfig,4,"""THE REST"""
configs/T2080QDS_defconfig,4,"""THE REST"""
configs/T2080RDB_NAND_defconfig,5,"""THE REST"""
configs/T2080RDB_SDCARD_defconfig,5,"""THE REST"""
configs/T2080RDB_SECURE_BOOT_defconfig,4,"""THE REST"""
configs/T2080RDB_SPIFLASH_defconfig,5,"""THE REST"""
configs/T2080RDB_SRIO_PCIE_BOOT_defconfig,4,"""THE REST"""
configs/T2080RDB_defconfig,4,"""THE REST"""
configs/T2081QDS_NAND_defconfig,5,"""THE REST"""
configs/T2081QDS_SDCARD_defconfig,5,"""THE REST"""
configs/T2081QDS_SPIFLASH_defconfig,5,"""THE REST"""
configs/T2081QDS_SRIO_PCIE_BOOT_defconfig,4,"""THE REST"""
configs/T2081QDS_defconfig,4,"""THE REST"""
configs/T4160QDS_NAND_defconfig,5,"""THE REST"""
configs/T4160QDS_SDCARD_defconfig,5,"""THE REST"""
configs/T4160QDS_SECURE_BOOT_defconfig,4,"""THE REST"""
configs/T4160QDS_SPIFLASH_defconfig,4,"""THE REST"""
configs/T4160QDS_defconfig,4,"""THE REST"""
configs/T4160RDB_defconfig,4,"""THE REST"""
configs/T4240EMU_defconfig,4,"""THE REST"""
configs/T4240QDS_NAND_defconfig,5,"""THE REST"""
configs/T4240QDS_SDCARD_defconfig,5,"""THE REST"""
configs/T4240QDS_SECURE_BOOT_defconfig,4,"""THE REST"""
configs/T4240QDS_SPIFLASH_defconfig,4,"""THE REST"""
configs/T4240QDS_SRIO_PCIE_BOOT_defconfig,4,"""THE REST"""
configs/T4240QDS_defconfig,4,"""THE REST"""
configs/T4240RDB_defconfig,4,"""THE REST"""
configs/TASREG_defconfig,2,"""THE REST"""
configs/TB5200_B_defconfig,4,"""THE REST"""
configs/TB5200_defconfig,3,"""THE REST"""
configs/TQM5200S_HIGHBOOT_defconfig,4,"""THE REST"""
configs/TQM5200S_defconfig,4,"""THE REST"""
configs/TQM5200_B_HIGHBOOT_defconfig,4,"""THE REST"""
configs/TQM5200_B_defconfig,4,"""THE REST"""
configs/TQM5200_STK100_defconfig,4,"""THE REST"""
configs/TQM5200_defconfig,3,"""THE REST"""
configs/TQM823L_LCD_defconfig,4,"""THE REST"""
configs/TQM823L_defconfig,3,"""THE REST"""
configs/TQM823M_defconfig,3,"""THE REST"""
configs/TQM834x_defconfig,3,"""THE REST"""
configs/TQM850L_defconfig,3,"""THE REST"""
configs/TQM850M_defconfig,3,"""THE REST"""
configs/TQM855L_defconfig,3,"""THE REST"""
configs/TQM855M_defconfig,3,"""THE REST"""
configs/TQM860L_defconfig,3,"""THE REST"""
configs/TQM860M_defconfig,3,"""THE REST"""
configs/TQM862L_defconfig,3,"""THE REST"""
configs/TQM862M_defconfig,3,"""THE REST"""
configs/TQM866M_defconfig,3,"""THE REST"""
configs/TQM885D_defconfig,3,"""THE REST"""
configs/TTTech_defconfig,4,"""THE REST"""
configs/TWR-P1025_defconfig,4,"""THE REST"""
configs/Total5200_Rev2_defconfig,4,"""THE REST"""
configs/Total5200_Rev2_lowboot_defconfig,4,"""THE REST"""
configs/Total5200_defconfig,4,"""THE REST"""
configs/Total5200_lowboot_defconfig,4,"""THE REST"""
configs/VCMA9_defconfig,2,"""THE REST"""
configs/VOH405_defconfig,3,"""THE REST"""
configs/VOM405_defconfig,3,"""THE REST"""
configs/W7OLMC_defconfig,3,"""THE REST"""
configs/W7OLMG_defconfig,3,"""THE REST"""
configs/WUH405_defconfig,3,"""THE REST"""
configs/ZUMA_defconfig,3,"""THE REST"""
configs/a320evb_defconfig,2,"""THE REST"""
configs/a3m071_defconfig,4,"""THE REST"""
configs/a4m072_defconfig,3,"""THE REST"""
configs/a4m2k_defconfig,5,"""THE REST"""
configs/ac14xx_defconfig,3,"""THE REST"""
configs/acadia_defconfig,3,"""THE REST"""
configs/adp-ag101_defconfig,2,"""THE REST"""
configs/adp-ag101p_defconfig,2,"""THE REST"""
configs/adp-ag102_defconfig,2,"""THE REST"""
configs/aev_defconfig,3,"""THE REST"""
configs/afeb9260_defconfig,2,"""THE REST"""
configs/alpr_defconfig,3,"""THE REST"""
configs/alt_defconfig,3,"""THE REST"""
configs/am335x_boneblack_defconfig,4,"""THE REST"""
configs/am335x_boneblack_vboot_defconfig,6,"""THE REST"""
configs/am335x_evm_defconfig,5,"""THE REST"""
configs/am335x_evm_nor_defconfig,6,"""THE REST"""
configs/am335x_evm_norboot_defconfig,5,"""THE REST"""
configs/am335x_evm_spiboot_defconfig,5,"""THE REST"""
configs/am335x_evm_usbspl_defconfig,5,"""THE REST"""
configs/am335x_igep0033_defconfig,3,"""THE REST"""
configs/am3517_crane_defconfig,4,"""THE REST"""
configs/am3517_evm_defconfig,4,"""THE REST"""
configs/am43xx_evm_defconfig,4,"""THE REST"""
configs/am43xx_evm_qspiboot_defconfig,3,"""THE REST"""
configs/ap325rxa_defconfig,2,"""THE REST"""
configs/ap_sh4a_4a_defconfig,2,"""THE REST"""
configs/apalis_t30_defconfig,5,"""THE REST"""
configs/apf27_defconfig,3,"""THE REST"""
configs/apx4devkit_defconfig,3,"""THE REST"""
configs/arcangel4-be_defconfig,2,"""THE REST"""
configs/arcangel4_defconfig,2,"""THE REST"""
configs/arches_defconfig,4,"""THE REST"""
configs/aria_defconfig,3,"""THE REST"""
configs/aristainetos_defconfig,3,"""THE REST"""
configs/armadillo-800eva_defconfig,3,"""THE REST"""
configs/arndale_defconfig,5,"""THE REST"""
configs/aspenite_defconfig,2,"""THE REST"""
configs/astro_mcf5373l_defconfig,2,"""THE REST"""
configs/at91rm9200ek_defconfig,2,"""THE REST"""
configs/at91rm9200ek_ram_defconfig,3,"""THE REST"""
configs/at91sam9260ek_dataflash_cs0_defconfig,3,"""THE REST"""
configs/at91sam9260ek_dataflash_cs1_defconfig,3,"""THE REST"""
configs/at91sam9260ek_nandflash_defconfig,3,"""THE REST"""
configs/at91sam9261ek_dataflash_cs0_defconfig,3,"""THE REST"""
configs/at91sam9261ek_dataflash_cs3_defconfig,3,"""THE REST"""
configs/at91sam9261ek_nandflash_defconfig,3,"""THE REST"""
configs/at91sam9263ek_dataflash_cs0_defconfig,3,"""THE REST"""
configs/at91sam9263ek_dataflash_defconfig,3,"""THE REST"""
configs/at91sam9263ek_nandflash_defconfig,3,"""THE REST"""
configs/at91sam9263ek_norflash_boot_defconfig,3,"""THE REST"""
configs/at91sam9263ek_norflash_defconfig,3,"""THE REST"""
configs/at91sam9g10ek_dataflash_cs0_defconfig,3,"""THE REST"""
configs/at91sam9g10ek_dataflash_cs3_defconfig,3,"""THE REST"""
configs/at91sam9g10ek_nandflash_defconfig,3,"""THE REST"""
configs/at91sam9g20ek_2mmc_nandflash_defconfig,3,"""THE REST"""
configs/at91sam9g20ek_dataflash_cs0_defconfig,3,"""THE REST"""
configs/at91sam9g20ek_dataflash_cs1_defconfig,3,"""THE REST"""
configs/at91sam9g20ek_mmc_defconfig,3,"""THE REST"""
configs/at91sam9g20ek_nandflash_defconfig,3,"""THE REST"""
configs/at91sam9m10g45ek_mmc_defconfig,3,"""THE REST"""
configs/at91sam9m10g45ek_nandflash_defconfig,3,"""THE REST"""
configs/at91sam9n12ek_mmc_defconfig,3,"""THE REST"""
configs/at91sam9n12ek_nandflash_defconfig,3,"""THE REST"""
configs/at91sam9n12ek_spiflash_defconfig,3,"""THE REST"""
configs/at91sam9rlek_dataflash_defconfig,3,"""THE REST"""
configs/at91sam9rlek_nandflash_defconfig,3,"""THE REST"""
configs/at91sam9x5ek_dataflash_defconfig,3,"""THE REST"""
configs/at91sam9x5ek_mmc_defconfig,3,"""THE REST"""
configs/at91sam9x5ek_nandflash_defconfig,3,"""THE REST"""
configs/at91sam9x5ek_spiflash_defconfig,3,"""THE REST"""
configs/at91sam9xeek_dataflash_cs0_defconfig,3,"""THE REST"""
configs/at91sam9xeek_dataflash_cs1_defconfig,3,"""THE REST"""
configs/at91sam9xeek_nandflash_defconfig,3,"""THE REST"""
configs/atngw100_defconfig,2,"""THE REST"""
configs/atngw100mkii_defconfig,2,"""THE REST"""
configs/atstk1002_defconfig,2,"""THE REST"""
configs/atstk1003_defconfig,2,"""THE REST"""
configs/atstk1004_defconfig,2,"""THE REST"""
configs/atstk1006_defconfig,2,"""THE REST"""
configs/axm_defconfig,3,"""THE REST"""
configs/axs101_defconfig,2,"""THE REST"""
configs/ba10_tv_box_defconfig,8,"""THE REST"""
configs/balloon3_defconfig,2,"""THE REST"""
configs/bamboo_defconfig,3,"""THE REST"""
configs/bcm11130_defconfig,3,"""THE REST"""
configs/bcm11130_nand_defconfig,3,"""THE REST"""
configs/bcm28155_ap_defconfig,2,"""THE REST"""
configs/bcm28155_w1d_defconfig,3,"""THE REST"""
configs/bcm911360_entphn-ns_defconfig,3,"""THE REST"""
configs/bcm911360_entphn_defconfig,3,"""THE REST"""
configs/bcm911360k_defconfig,3,"""THE REST"""
configs/bcm958300k-ns_defconfig,3,"""THE REST"""
configs/bcm958300k_defconfig,3,"""THE REST"""
configs/bcm958305k_defconfig,3,"""THE REST"""
configs/bcm958622hr_defconfig,3,"""THE REST"""
configs/bct-brettl2_defconfig,3,"""THE REST"""
configs/beagle_x15_defconfig,5,"""THE REST"""
configs/beaver_defconfig,5,"""THE REST"""
configs/bf506f-ezkit_defconfig,5,"""THE REST"""
configs/bf518f-ezbrd_defconfig,3,"""THE REST"""
configs/bf525-ucr2_defconfig,2,"""THE REST"""
configs/bf526-ezbrd_defconfig,3,"""THE REST"""
configs/bf527-ad7160-eval_defconfig,3,"""THE REST"""
configs/bf527-ezkit-v2_defconfig,4,"""THE REST"""
configs/bf527-ezkit_defconfig,3,"""THE REST"""
configs/bf527-sdp_defconfig,3,"""THE REST"""
configs/bf533-ezkit_defconfig,3,"""THE REST"""
configs/bf533-stamp_defconfig,3,"""THE REST"""
configs/bf537-minotaur_defconfig,2,"""THE REST"""
configs/bf537-pnav_defconfig,2,"""THE REST"""
configs/bf537-srv1_defconfig,2,"""THE REST"""
configs/bf537-stamp_defconfig,3,"""THE REST"""
configs/bf538f-ezkit_defconfig,3,"""THE REST"""
configs/bf548-ezkit_defconfig,3,"""THE REST"""
configs/bf561-acvilon_defconfig,3,"""THE REST"""
configs/bf561-ezkit_defconfig,3,"""THE REST"""
configs/bf609-ezkit_defconfig,2,"""THE REST"""
configs/bg0900_defconfig,3,"""THE REST"""
configs/blackstamp_defconfig,2,"""THE REST"""
configs/blackvme_defconfig,2,"""THE REST"""
configs/br4_defconfig,3,"""THE REST"""
configs/bubinga_defconfig,3,"""THE REST"""
configs/caddy2_defconfig,4,"""THE REST"""
configs/calimain_defconfig,3,"""THE REST"""
configs/cam5200_defconfig,4,"""THE REST"""
configs/cam5200_niosflash_defconfig,4,"""THE REST"""
configs/cam_enc_4xx_defconfig,4,"""THE REST"""
configs/canmb_defconfig,3,"""THE REST"""
configs/canyonlands_defconfig,4,"""THE REST"""
configs/cardhu_defconfig,5,"""THE REST"""
configs/cgtqmx6qeval_defconfig,3,"""THE REST"""
configs/charon_defconfig,3,"""THE REST"""
configs/chromebook_link_defconfig,10,"""THE REST"""
configs/cm-bf527_defconfig,3,"""THE REST"""
configs/cm-bf533_defconfig,3,"""THE REST"""
configs/cm-bf537e_defconfig,3,"""THE REST"""
configs/cm-bf537u_defconfig,3,"""THE REST"""
configs/cm-bf548_defconfig,3,"""THE REST"""
configs/cm-bf561_defconfig,3,"""THE REST"""
configs/cm4008_defconfig,2,"""THE REST"""
configs/cm41xx_defconfig,2,"""THE REST"""
configs/cm5200_defconfig,3,"""THE REST"""
configs/cm_fx6_defconfig,4,"""THE REST"""
configs/cm_t335_defconfig,3,"""THE REST"""
configs/cm_t3517_defconfig,4,"""THE REST"""
configs/cm_t35_defconfig,4,"""THE REST"""
configs/cm_t54_defconfig,4,"""THE REST"""
configs/cmi_mpc5xx_defconfig,3,"""THE REST"""
configs/cobra5272_defconfig,2,"""THE REST"""
configs/colibri_pxa270_defconfig,2,"""THE REST"""
configs/colibri_t20_iris_defconfig,5,"""THE REST"""
configs/colibri_t30_defconfig,5,"""THE REST"""
configs/controlcenterd_36BIT_SDCARD_DEVELOP_defconfig,4,"""THE REST"""
configs/controlcenterd_36BIT_SDCARD_defconfig,4,"""THE REST"""
configs/controlcenterd_TRAILBLAZER_DEVELOP_defconfig,5,"""THE REST"""
configs/controlcenterd_TRAILBLAZER_defconfig,5,"""THE REST"""
configs/coreboot-x86_defconfig,5,"""THE REST"""
configs/corvus_defconfig,4,"""THE REST"""
configs/cpci5200_defconfig,3,"""THE REST"""
configs/cpu9260_128M_defconfig,3,"""THE REST"""
configs/cpu9260_defconfig,3,"""THE REST"""
configs/cpu9260_nand_128M_defconfig,3,"""THE REST"""
configs/cpu9260_nand_defconfig,3,"""THE REST"""
configs/cpu9G20_128M_defconfig,3,"""THE REST"""
configs/cpu9G20_defconfig,3,"""THE REST"""
configs/cpu9G20_nand_128M_defconfig,3,"""THE REST"""
configs/cpu9G20_nand_defconfig,3,"""THE REST"""
configs/cpuat91_defconfig,2,"""THE REST"""
configs/cpuat91_ram_defconfig,3,"""THE REST"""
configs/crownbay_defconfig,6,"""THE REST"""
configs/csb272_defconfig,3,"""THE REST"""
configs/csb472_defconfig,3,"""THE REST"""
configs/d2net_v2_defconfig,4,"""THE REST"""
configs/da830evm_defconfig,3,"""THE REST"""
configs/da850_am18xxevm_defconfig,5,"""THE REST"""
configs/da850evm_defconfig,5,"""THE REST"""
configs/da850evm_direct_nor_defconfig,4,"""THE REST"""
configs/dalmore_defconfig,5,"""THE REST"""
configs/davinci_dm355evm_defconfig,3,"""THE REST"""
configs/davinci_dm355leopard_defconfig,3,"""THE REST"""
configs/davinci_dm365evm_defconfig,3,"""THE REST"""
configs/davinci_dm6467Tevm_defconfig,4,"""THE REST"""
configs/davinci_dm6467evm_defconfig,4,"""THE REST"""
configs/davinci_dvevm_defconfig,3,"""THE REST"""
configs/davinci_schmoogie_defconfig,3,"""THE REST"""
configs/davinci_sffsdr_defconfig,3,"""THE REST"""
configs/davinci_sonata_defconfig,3,"""THE REST"""
configs/db-mv784mp-gp_defconfig,2,"""THE REST"""
configs/dbau1000_defconfig,4,"""THE REST"""
configs/dbau1100_defconfig,4,"""THE REST"""
configs/dbau1500_defconfig,4,"""THE REST"""
configs/dbau1550_defconfig,4,"""THE REST"""
configs/dbau1550_el_defconfig,4,"""THE REST"""
configs/devconcenter_defconfig,4,"""THE REST"""
configs/devkit3250_defconfig,2,"""THE REST"""
configs/devkit8000_defconfig,4,"""THE REST"""
configs/dig297_defconfig,3,"""THE REST"""
configs/digsy_mtc_RAMBOOT_defconfig,4,"""THE REST"""
configs/digsy_mtc_defconfig,3,"""THE REST"""
configs/digsy_mtc_rev5_RAMBOOT_defconfig,4,"""THE REST"""
configs/digsy_mtc_rev5_defconfig,4,"""THE REST"""
configs/dkb_defconfig,2,"""THE REST"""
configs/dlvision-10g_defconfig,3,"""THE REST"""
configs/dlvision_defconfig,3,"""THE REST"""
configs/dnp5370_defconfig,2,"""THE REST"""
configs/dns325_defconfig,3,"""THE REST"""
configs/dockstar_defconfig,3,"""THE REST"""
configs/dra7xx_evm_defconfig,5,"""THE REST"""
configs/dra7xx_evm_qspiboot_defconfig,5,"""THE REST"""
configs/dra7xx_evm_uart3_defconfig,5,"""THE REST"""
configs/draco_defconfig,3,"""THE REST"""
configs/dreamplug_defconfig,3,"""THE REST"""
configs/duovero_defconfig,4,"""THE REST"""
configs/dxr2_defconfig,3,"""THE REST"""
configs/ea20_defconfig,3,"""THE REST"""
configs/eb_cpu5282_defconfig,3,"""THE REST"""
configs/eb_cpu5282_internal_defconfig,3,"""THE REST"""
configs/eb_cpux9k2_defconfig,2,"""THE REST"""
configs/eb_cpux9k2_ram_defconfig,3,"""THE REST"""
configs/ebony_defconfig,3,"""THE REST"""
configs/eco5pk_defconfig,4,"""THE REST"""
configs/ecovec_defconfig,2,"""THE REST"""
configs/edb9315a_defconfig,3,"""THE REST"""
configs/edminiv2_defconfig,3,"""THE REST"""
configs/enbw_cmc_defconfig,3,"""THE REST"""
configs/espt_defconfig,2,"""THE REST"""
configs/ethernut5_defconfig,3,"""THE REST"""
configs/favr-32-ezkit_defconfig,2,"""THE REST"""
configs/flea3_defconfig,2,"""THE REST"""
configs/fo300_defconfig,4,"""THE REST"""
configs/fx12mm_defconfig,4,"""THE REST"""
configs/fx12mm_flash_defconfig,4,"""THE REST"""
configs/galaxy5200_LOWBOOT_defconfig,4,"""THE REST"""
configs/galaxy5200_defconfig,4,"""THE REST"""
configs/gdppc440etx_defconfig,3,"""THE REST"""
configs/glacier_defconfig,4,"""THE REST"""
configs/goflexhome_defconfig,3,"""THE REST"""
configs/gose_defconfig,3,"""THE REST"""
configs/gplugd_defconfig,2,"""THE REST"""
configs/gr_cpci_ax2000_defconfig,3,"""THE REST"""
configs/gr_ep2s60_defconfig,3,"""THE REST"""
configs/gr_xc3s_1500_defconfig,3,"""THE REST"""
configs/grasshopper_defconfig,2,"""THE REST"""
configs/grsim_defconfig,3,"""THE REST"""
configs/grsim_leon2_defconfig,3,"""THE REST"""
configs/guruplug_defconfig,3,"""THE REST"""
configs/gwventana_defconfig,4,"""THE REST"""
configs/h2200_defconfig,2,"""THE REST"""
configs/haleakala_defconfig,4,"""THE REST"""
configs/hammerhead_defconfig,2,"""THE REST"""
configs/harmony_defconfig,5,"""THE REST"""
configs/hawkboard_defconfig,4,"""THE REST"""
configs/hawkboard_uart_defconfig,5,"""THE REST"""
configs/highbank_defconfig,2,"""THE REST"""
configs/hrcon_defconfig,3,"""THE REST"""
configs/hummingboard_solo_defconfig,3,"""THE REST"""
configs/i12-tvbox_defconfig,7,"""THE REST"""
configs/ib62x0_defconfig,3,"""THE REST"""
configs/ibf-dsp561_defconfig,2,"""THE REST"""
configs/icecube_5200_DDR_LOWBOOT08_defconfig,4,"""THE REST"""
configs/icecube_5200_DDR_LOWBOOT_defconfig,4,"""THE REST"""
configs/icecube_5200_DDR_defconfig,4,"""THE REST"""
configs/icecube_5200_LOWBOOT08_defconfig,4,"""THE REST"""
configs/icecube_5200_LOWBOOT_defconfig,4,"""THE REST"""
configs/icecube_5200_defconfig,3,"""THE REST"""
configs/icon_defconfig,3,"""THE REST"""
configs/iconnect_defconfig,3,"""THE REST"""
configs/ids8313_defconfig,4,"""THE REST"""
configs/igep0020_defconfig,5,"""THE REST"""
configs/igep0020_nand_defconfig,5,"""THE REST"""
configs/igep0030_defconfig,5,"""THE REST"""
configs/igep0030_nand_defconfig,5,"""THE REST"""
configs/igep0032_defconfig,5,"""THE REST"""
configs/ima3-mx53_defconfig,3,"""THE REST"""
configs/imx27lite_defconfig,2,"""THE REST"""
configs/imx31_litekit_defconfig,2,"""THE REST"""
configs/imx31_phycore_defconfig,2,"""THE REST"""
configs/imx31_phycore_eet_defconfig,3,"""THE REST"""
configs/inetspace_v2_defconfig,4,"""THE REST"""
configs/inka4x0_defconfig,3,"""THE REST"""
configs/integratorap_cm720t_defconfig,3,"""THE REST"""
configs/integratorap_cm920t_defconfig,3,"""THE REST"""
configs/integratorap_cm926ejs_defconfig,3,"""THE REST"""
configs/integratorap_cm946es_defconfig,3,"""THE REST"""
configs/integratorcp_cm1136_defconfig,3,"""THE REST"""
configs/integratorcp_cm920t_defconfig,3,"""THE REST"""
configs/integratorcp_cm926ejs_defconfig,3,"""THE REST"""
configs/integratorcp_cm946es_defconfig,3,"""THE REST"""
configs/intip_defconfig,4,"""THE REST"""
configs/io64_defconfig,3,"""THE REST"""
configs/io_defconfig,3,"""THE REST"""
configs/iocon_defconfig,3,"""THE REST"""
configs/ip04_defconfig,3,"""THE REST"""
configs/ipam390_defconfig,4,"""THE REST"""
configs/ipek01_defconfig,3,"""THE REST"""
configs/jadecpu_defconfig,2,"""THE REST"""
configs/jetson-tk1_defconfig,5,"""THE REST"""
configs/jornada_defconfig,2,"""THE REST"""
configs/jupiter_defconfig,3,"""THE REST"""
configs/k2e_evm_defconfig,4,"""THE REST"""
configs/k2hk_evm_defconfig,4,"""THE REST"""
configs/k2l_evm_defconfig,4,"""THE REST"""
configs/katmai_defconfig,3,"""THE REST"""
configs/kilauea_defconfig,4,"""THE REST"""
configs/km_kirkwood_128m16_defconfig,4,"""THE REST"""
configs/km_kirkwood_defconfig,4,"""THE REST"""
configs/km_kirkwood_pci_defconfig,4,"""THE REST"""
configs/kmcoge4_defconfig,4,"""THE REST"""
configs/kmcoge5ne_defconfig,4,"""THE REST"""
configs/kmcoge5un_defconfig,4,"""THE REST"""
configs/kmeter1_defconfig,4,"""THE REST"""
configs/kmlion1_defconfig,4,"""THE REST"""
configs/kmnusa_defconfig,4,"""THE REST"""
configs/kmopti2_defconfig,4,"""THE REST"""
configs/kmsugp1_defconfig,4,"""THE REST"""
configs/kmsupx5_defconfig,4,"""THE REST"""
configs/kmsuv31_defconfig,4,"""THE REST"""
configs/kmvect1_defconfig,4,"""THE REST"""
configs/koelsch_defconfig,3,"""THE REST"""
configs/korat_defconfig,3,"""THE REST"""
configs/korat_perm_defconfig,4,"""THE REST"""
configs/kwb_defconfig,5,"""THE REST"""
configs/kzm9g_defconfig,3,"""THE REST"""
configs/lager_defconfig,3,"""THE REST"""
configs/lcd4_lwmon5_defconfig,5,"""THE REST"""
configs/lite5200b_LOWBOOT_defconfig,4,"""THE REST"""
configs/lite5200b_PM_defconfig,4,"""THE REST"""
configs/lite5200b_defconfig,4,"""THE REST"""
configs/lp8x4x_defconfig,2,"""THE REST"""
configs/ls1021aqds_ddr4_nor_defconfig,3,"""THE REST"""
configs/ls1021aqds_nand_defconfig,4,"""THE REST"""
configs/ls1021aqds_nor_SECURE_BOOT_defconfig,3,"""THE REST"""
configs/ls1021aqds_nor_defconfig,2,"""THE REST"""
configs/ls1021aqds_qspi_defconfig,3,"""THE REST"""
configs/ls1021aqds_sdcard_defconfig,4,"""THE REST"""
configs/ls1021atwr_nor_SECURE_BOOT_defconfig,3,"""THE REST"""
configs/ls1021atwr_nor_defconfig,2,"""THE REST"""
configs/ls1021atwr_qspi_defconfig,3,"""THE REST"""
configs/ls1021atwr_sdcard_defconfig,4,"""THE REST"""
configs/ls2085a_emu_D4_defconfig,3,"""THE REST"""
configs/ls2085a_emu_defconfig,3,"""THE REST"""
configs/ls2085a_simu_defconfig,3,"""THE REST"""
configs/lschlv2_defconfig,4,"""THE REST"""
configs/lsxhl_defconfig,4,"""THE REST"""
configs/luan_defconfig,3,"""THE REST"""
configs/lwmon5_defconfig,3,"""THE REST"""
configs/m28evk_defconfig,3,"""THE REST"""
configs/m53evk_defconfig,4,"""THE REST"""
configs/magnesium_defconfig,2,"""THE REST"""
configs/makalu_defconfig,3,"""THE REST"""
configs/malta_defconfig,3,"""THE REST"""
configs/maltael_defconfig,3,"""THE REST"""
configs/marsboard_defconfig,3,"""THE REST"""
configs/maxbcm_defconfig,2,"""THE REST"""
configs/mcx_defconfig,4,"""THE REST"""
configs/mecp5123_defconfig,3,"""THE REST"""
configs/mecp5200_defconfig,3,"""THE REST"""
configs/medcom-wide_defconfig,5,"""THE REST"""
configs/meesc_dataflash_defconfig,3,"""THE REST"""
configs/meesc_defconfig,3,"""THE REST"""
configs/mgcoge3ne_defconfig,4,"""THE REST"""
configs/mgcoge3un_defconfig,4,"""THE REST"""
configs/mgcoge_defconfig,4,"""THE REST"""
configs/microblaze-generic_defconfig,6,"""THE REST"""
configs/mimc200_defconfig,2,"""THE REST"""
configs/ml507_defconfig,4,"""THE REST"""
configs/ml507_flash_defconfig,4,"""THE REST"""
configs/motionpro_defconfig,3,"""THE REST"""
configs/mpc5121ads_defconfig,3,"""THE REST"""
configs/mpc5121ads_rev2_defconfig,4,"""THE REST"""
configs/mpc7448hpc2_defconfig,3,"""THE REST"""
configs/mpc8308_p1m_defconfig,3,"""THE REST"""
configs/mpr2_defconfig,2,"""THE REST"""
configs/ms7720se_defconfig,2,"""THE REST"""
configs/ms7722se_defconfig,2,"""THE REST"""
configs/ms7750se_defconfig,2,"""THE REST"""
configs/mt_ventoux_defconfig,4,"""THE REST"""
configs/munices_defconfig,3,"""THE REST"""
configs/mv88f6281gtw_ge_defconfig,3,"""THE REST"""
configs/mx23_olinuxino_defconfig,3,"""THE REST"""
configs/mx23evk_defconfig,3,"""THE REST"""
configs/mx25pdk_defconfig,3,"""THE REST"""
configs/mx28evk_auart_console_defconfig,4,"""THE REST"""
configs/mx28evk_defconfig,4,"""THE REST"""
configs/mx28evk_nand_defconfig,4,"""THE REST"""
configs/mx28evk_spi_defconfig,4,"""THE REST"""
configs/mx31ads_defconfig,2,"""THE REST"""
configs/mx31pdk_defconfig,3,"""THE REST"""
configs/mx35pdk_defconfig,2,"""THE REST"""
configs/mx51_efikamx_defconfig,3,"""THE REST"""
configs/mx51_efikasb_defconfig,3,"""THE REST"""
configs/mx51evk_defconfig,3,"""THE REST"""
configs/mx53ard_defconfig,3,"""THE REST"""
configs/mx53evk_defconfig,3,"""THE REST"""
configs/mx53loco_defconfig,3,"""THE REST"""
configs/mx53smd_defconfig,3,"""THE REST"""
configs/mx6dlarm2_defconfig,3,"""THE REST"""
configs/mx6dlarm2_lpddr2_defconfig,3,"""THE REST"""
configs/mx6dlsabreauto_defconfig,3,"""THE REST"""
configs/mx6dlsabresd_defconfig,3,"""THE REST"""
configs/mx6qarm2_defconfig,3,"""THE REST"""
configs/mx6qarm2_lpddr2_defconfig,3,"""THE REST"""
configs/mx6qsabreauto_defconfig,3,"""THE REST"""
configs/mx6qsabrelite_defconfig,3,"""THE REST"""
configs/mx6qsabresd_defconfig,3,"""THE REST"""
configs/mx6sabresd_spl_defconfig,5,"""THE REST"""
configs/mx6slevk_defconfig,3,"""THE REST"""
configs/mx6slevk_spinor_defconfig,3,"""THE REST"""
configs/mx6sxsabresd_defconfig,3,"""THE REST"""
configs/neo_defconfig,3,"""THE REST"""
configs/net2big_v2_defconfig,4,"""THE REST"""
configs/netspace_lite_v2_defconfig,4,"""THE REST"""
configs/netspace_max_v2_defconfig,4,"""THE REST"""
configs/netspace_mini_v2_defconfig,4,"""THE REST"""
configs/netspace_v2_defconfig,4,"""THE REST"""
configs/nhk8815_defconfig,3,"""THE REST"""
configs/nhk8815_onenand_defconfig,4,"""THE REST"""
configs/nios2-generic_defconfig,2,"""THE REST"""
configs/nitrogen6dl2g_defconfig,3,"""THE REST"""
configs/nitrogen6dl_defconfig,3,"""THE REST"""
configs/nitrogen6q2g_defconfig,3,"""THE REST"""
configs/nitrogen6q_defconfig,3,"""THE REST"""
configs/nitrogen6s1g_defconfig,3,"""THE REST"""
configs/nitrogen6s_defconfig,3,"""THE REST"""
configs/nokia_rx51_defconfig,3,"""THE REST"""
configs/novena_defconfig,4,"""THE REST"""
configs/nyan-big_defconfig,5,"""THE REST"""
configs/ocotea_defconfig,3,"""THE REST"""
configs/odroid-xu3_defconfig,4,"""THE REST"""
configs/odroid_defconfig,5,"""THE REST"""
configs/omap3_beagle_defconfig,5,"""THE REST"""
configs/omap3_evm_defconfig,4,"""THE REST"""
configs/omap3_evm_quick_mmc_defconfig,4,"""THE REST"""
configs/omap3_evm_quick_nand_defconfig,4,"""THE REST"""
configs/omap3_ha_defconfig,5,"""THE REST"""
configs/omap3_logic_defconfig,3,"""THE REST"""
configs/omap3_mvblx_defconfig,3,"""THE REST"""
configs/omap3_overo_defconfig,4,"""THE REST"""
configs/omap3_pandora_defconfig,3,"""THE REST"""
configs/omap3_sdp3430_defconfig,3,"""THE REST"""
configs/omap3_zoom1_defconfig,3,"""THE REST"""
configs/omap4_panda_defconfig,4,"""THE REST"""
configs/omap4_sdp4430_defconfig,4,"""THE REST"""
configs/omap5_uevm_defconfig,4,"""THE REST"""
configs/openrd_base_defconfig,4,"""THE REST"""
configs/openrd_client_defconfig,4,"""THE REST"""
configs/openrd_ultimate_defconfig,4,"""THE REST"""
configs/openrisc-generic_defconfig,2,"""THE REST"""
configs/origen_defconfig,6,"""THE REST"""
configs/ot1200_defconfig,3,"""THE REST"""
configs/otc570_dataflash_defconfig,3,"""THE REST"""
configs/otc570_defconfig,3,"""THE REST"""
configs/p3p440_defconfig,3,"""THE REST"""
configs/palmld_defconfig,2,"""THE REST"""
configs/palmtc_defconfig,2,"""THE REST"""
configs/palmtreo680_defconfig,3,"""THE REST"""
configs/paz00_defconfig,5,"""THE REST"""
configs/pb1000_defconfig,4,"""THE REST"""
configs/pcm030_LOWBOOT_defconfig,4,"""THE REST"""
configs/pcm030_defconfig,3,"""THE REST"""
configs/pcm051_rev1_defconfig,4,"""THE REST"""
configs/pcm051_rev3_defconfig,4,"""THE REST"""
configs/pcs440ep_defconfig,3,"""THE REST"""
configs/pdm360ng_defconfig,3,"""THE REST"""
configs/peach-pi_defconfig,5,"""THE REST"""
configs/peach-pit_defconfig,5,"""THE REST"""
configs/pengwyn_defconfig,3,"""THE REST"""
configs/pepper_defconfig,3,"""THE REST"""
configs/pf5200_defconfig,3,"""THE REST"""
configs/ph1_ld4_defconfig,40,"""ARM UNIPHIER"",""THE REST"""
configs/ph1_pro4_defconfig,40,"""ARM UNIPHIER"",""THE REST"""
configs/ph1_sld8_defconfig,40,"""ARM UNIPHIER"",""THE REST"""
configs/plutux_defconfig,5,"""THE REST"""
configs/pm9261_defconfig,3,"""THE REST"""
configs/pm9263_defconfig,3,"""THE REST"""
configs/pm9g45_defconfig,3,"""THE REST"""
configs/pogo_e02_defconfig,3,"""THE REST"""
configs/polaris_defconfig,3,"""THE REST"""
configs/portl2_defconfig,4,"""THE REST"""
configs/portuxg20_defconfig,3,"""THE REST"""
configs/ppmc7xx_defconfig,3,"""THE REST"""
configs/pr1_defconfig,3,"""THE REST"""
configs/pxa255_idp_defconfig,2,"""THE REST"""
configs/pxm2_defconfig,3,"""THE REST"""
configs/qemu-ppce500_defconfig,3,"""THE REST"""
configs/qemu_mips64_defconfig,4,"""THE REST"""
configs/qemu_mips64el_defconfig,4,"""THE REST"""
configs/qemu_mips_defconfig,4,"""THE REST"""
configs/qemu_mipsel_defconfig,4,"""THE REST"""
configs/qong_defconfig,2,"""THE REST"""
configs/qt840a_defconfig,7,"""THE REST"""
configs/r0p7734_defconfig,2,"""THE REST"""
configs/r2dplus_defconfig,2,"""THE REST"""
configs/r7-tv-dongle_defconfig,8,"""THE REST"""
configs/r7780mp_defconfig,2,"""THE REST"""
configs/rainier_defconfig,4,"""THE REST"""
configs/rainier_ramboot_defconfig,4,"""THE REST"""
configs/rd6281a_defconfig,3,"""THE REST"""
configs/redwood_defconfig,3,"""THE REST"""
configs/riotboard_defconfig,3,"""THE REST"""
configs/rpi_defconfig,2,"""THE REST"""
configs/rsk7203_defconfig,2,"""THE REST"""
configs/rsk7264_defconfig,2,"""THE REST"""
configs/rsk7269_defconfig,2,"""THE REST"""
configs/rut_defconfig,3,"""THE REST"""
configs/s5p_goni_defconfig,4,"""THE REST"""
configs/s5pc210_universal_defconfig,5,"""THE REST"""
configs/sama5d3_xplained_mmc_defconfig,4,"""THE REST"""
configs/sama5d3_xplained_nandflash_defconfig,4,"""THE REST"""
configs/sama5d3xek_mmc_defconfig,4,"""THE REST"""
configs/sama5d3xek_nandflash_defconfig,4,"""THE REST"""
configs/sama5d3xek_spiflash_defconfig,4,"""THE REST"""
configs/sama5d4_xplained_mmc_defconfig,3,"""THE REST"""
configs/sama5d4_xplained_nandflash_defconfig,3,"""THE REST"""
configs/sama5d4_xplained_spiflash_defconfig,3,"""THE REST"""
configs/sama5d4ek_mmc_defconfig,3,"""THE REST"""
configs/sama5d4ek_nandflash_defconfig,3,"""THE REST"""
configs/sama5d4ek_spiflash_defconfig,3,"""THE REST"""
configs/sandbox_defconfig,3,"""THE REST"""
configs/sansa_fuze_plus_defconfig,3,"""THE REST"""
configs/sbc35_a9g20_eeprom_defconfig,3,"""THE REST"""
configs/sbc35_a9g20_nandflash_defconfig,3,"""THE REST"""
configs/sbc405_defconfig,3,"""THE REST"""
configs/sbc8349_PCI_33_defconfig,4,"""THE REST"""
configs/sbc8349_PCI_66_defconfig,4,"""THE REST"""
configs/sbc8349_defconfig,3,"""THE REST"""
configs/sbc8548_PCI_33_PCIE_defconfig,4,"""THE REST"""
configs/sbc8548_PCI_33_defconfig,4,"""THE REST"""
configs/sbc8548_PCI_66_PCIE_defconfig,4,"""THE REST"""
configs/sbc8548_PCI_66_defconfig,4,"""THE REST"""
configs/sbc8548_defconfig,3,"""THE REST"""
configs/sbc8641d_defconfig,3,"""THE REST"""
configs/sc3_defconfig,3,"""THE REST"""
configs/sc_sps_1_defconfig,3,"""THE REST"""
configs/scb9328_defconfig,2,"""THE REST"""
configs/seaboard_defconfig,5,"""THE REST"""
configs/sequoia_defconfig,4,"""THE REST"""
configs/sequoia_ramboot_defconfig,4,"""THE REST"""
configs/sh7752evb_defconfig,3,"""THE REST"""
configs/sh7753evb_defconfig,3,"""THE REST"""
configs/sh7757lcr_defconfig,3,"""THE REST"""
configs/sh7763rdp_defconfig,2,"""THE REST"""
configs/sh7785lcr_32bit_defconfig,3,"""THE REST"""
configs/sh7785lcr_defconfig,2,"""THE REST"""
configs/sheevaplug_defconfig,3,"""THE REST"""
configs/shmin_defconfig,2,"""THE REST"""
configs/smdk2410_defconfig,2,"""THE REST"""
configs/smdk5250_defconfig,5,"""THE REST"""
configs/smdk5420_defconfig,5,"""THE REST"""
configs/smdkc100_defconfig,4,"""THE REST"""
configs/smdkv310_defconfig,5,"""THE REST"""
configs/snapper9260_defconfig,3,"""THE REST"""
configs/snapper9g20_defconfig,3,"""THE REST"""
configs/snow_defconfig,5,"""THE REST"""
configs/snowball_defconfig,2,"""THE REST"""
configs/socfpga_cyclone5_defconfig,3,"""THE REST"""
configs/socfpga_socrates_defconfig,5,"""THE REST"""
configs/socrates_defconfig,3,"""THE REST"""
configs/spear300_defconfig,3,"""THE REST"""
configs/spear300_nand_defconfig,3,"""THE REST"""
configs/spear300_usbtty_defconfig,3,"""THE REST"""
configs/spear300_usbtty_nand_defconfig,3,"""THE REST"""
configs/spear310_defconfig,3,"""THE REST"""
configs/spear310_nand_defconfig,3,"""THE REST"""
configs/spear310_pnor_defconfig,3,"""THE REST"""
configs/spear310_usbtty_defconfig,3,"""THE REST"""
configs/spear310_usbtty_nand_defconfig,3,"""THE REST"""
configs/spear310_usbtty_pnor_defconfig,3,"""THE REST"""
configs/spear320_defconfig,3,"""THE REST"""
configs/spear320_nand_defconfig,3,"""THE REST"""
configs/spear320_pnor_defconfig,3,"""THE REST"""
configs/spear320_usbtty_defconfig,3,"""THE REST"""
configs/spear320_usbtty_nand_defconfig,3,"""THE REST"""
configs/spear320_usbtty_pnor_defconfig,3,"""THE REST"""
configs/spear600_defconfig,3,"""THE REST"""
configs/spear600_nand_defconfig,3,"""THE REST"""
configs/spear600_usbtty_defconfig,3,"""THE REST"""
configs/spear600_usbtty_nand_defconfig,3,"""THE REST"""
configs/stamp9g20_defconfig,3,"""THE REST"""
configs/stv0991_defconfig,3,"""THE REST"""
configs/stxgp3_defconfig,3,"""THE REST"""
configs/stxssa_4M_defconfig,4,"""THE REST"""
configs/stxssa_defconfig,3,"""THE REST"""
configs/suvd3_defconfig,4,"""THE REST"""
configs/sycamore_defconfig,3,"""THE REST"""
configs/t3corp_defconfig,3,"""THE REST"""
configs/taihu_defconfig,3,"""THE REST"""
configs/taishan_defconfig,3,"""THE REST"""
configs/tao3530_defconfig,4,"""THE REST"""
configs/taurus_defconfig,4,"""THE REST"""
configs/tb100_defconfig,2,"""THE REST"""
configs/tbs2910_defconfig,3,"""THE REST"""
configs/tcm-bf518_defconfig,3,"""THE REST"""
configs/tcm-bf537_defconfig,3,"""THE REST"""
configs/tec-ng_defconfig,5,"""THE REST"""
configs/tec_defconfig,5,"""THE REST"""
configs/ti814x_evm_defconfig,3,"""THE REST"""
configs/ti816x_evm_defconfig,3,"""THE REST"""
configs/titanium_defconfig,3,"""THE REST"""
configs/tk71_defconfig,3,"""THE REST"""
configs/tnetv107x_evm_defconfig,2,"""THE REST"""
configs/tny_a9260_eeprom_defconfig,3,"""THE REST"""
configs/tny_a9260_nandflash_defconfig,3,"""THE REST"""
configs/tny_a9g20_eeprom_defconfig,3,"""THE REST"""
configs/tny_a9g20_nandflash_defconfig,3,"""THE REST"""
configs/tqma6q_mba6_mmc_defconfig,3,"""THE REST"""
configs/tqma6q_mba6_spi_defconfig,3,"""THE REST"""
configs/tqma6s_mba6_mmc_defconfig,3,"""THE REST"""
configs/tqma6s_mba6_spi_defconfig,3,"""THE REST"""
configs/trats2_defconfig,5,"""THE REST"""
configs/trats_defconfig,5,"""THE REST"""
configs/tricorder_defconfig,4,"""THE REST"""
configs/tricorder_flash_defconfig,5,"""THE REST"""
configs/trimslice_defconfig,5,"""THE REST"""
configs/trizepsiv_defconfig,2,"""THE REST"""
configs/tseries_mmc_defconfig,5,"""THE REST"""
configs/tseries_nand_defconfig,5,"""THE REST"""
configs/tseries_spi_defconfig,5,"""THE REST"""
configs/tt01_defconfig,2,"""THE REST"""
configs/tuge1_defconfig,4,"""THE REST"""
configs/tuxx1_defconfig,4,"""THE REST"""
configs/twister_defconfig,4,"""THE REST"""
configs/tx25_defconfig,3,"""THE REST"""
configs/u8500_href_defconfig,2,"""THE REST"""
configs/udoo_quad_defconfig,3,"""THE REST"""
configs/usb_a9263_dataflash_defconfig,3,"""THE REST"""
configs/v38b_defconfig,3,"""THE REST"""
configs/v5fx30teval_defconfig,4,"""THE REST"""
configs/v5fx30teval_flash_defconfig,4,"""THE REST"""
configs/vct_platinum_defconfig,4,"""THE REST"""
configs/vct_platinum_onenand_defconfig,5,"""THE REST"""
configs/vct_platinum_onenand_small_defconfig,7,"""THE REST"""
configs/vct_platinum_small_defconfig,6,"""THE REST"""
configs/vct_platinumavc_defconfig,4,"""THE REST"""
configs/vct_platinumavc_onenand_defconfig,5,"""THE REST"""
configs/vct_platinumavc_onenand_small_defconfig,7,"""THE REST"""
configs/vct_platinumavc_small_defconfig,6,"""THE REST"""
configs/vct_premium_defconfig,4,"""THE REST"""
configs/vct_premium_onenand_defconfig,5,"""THE REST"""
configs/vct_premium_onenand_small_defconfig,7,"""THE REST"""
configs/vct_premium_small_defconfig,6,"""THE REST"""
configs/ve8313_defconfig,3,"""THE REST"""
configs/venice2_defconfig,5,"""THE REST"""
configs/ventana_defconfig,5,"""THE REST"""
configs/versatileab_defconfig,3,"""THE REST"""
configs/versatilepb_defconfig,3,"""THE REST"""
configs/versatileqemu_defconfig,3,"""THE REST"""
configs/vexpress_aemv8a_defconfig,3,"""THE REST"""
configs/vexpress_aemv8a_semi_defconfig,4,"""THE REST"""
configs/vexpress_ca15_tc2_defconfig,2,"""THE REST"""
configs/vexpress_ca5x2_defconfig,2,"""THE REST"""
configs/vexpress_ca9x4_defconfig,2,"""THE REST"""
configs/vf610twr_defconfig,3,"""THE REST"""
configs/vf610twr_nand_defconfig,3,"""THE REST"""
configs/vision2_defconfig,3,"""THE REST"""
configs/vl_ma2sc_defconfig,2,"""THE REST"""
configs/vl_ma2sc_ram_defconfig,3,"""THE REST"""
configs/vme8349_defconfig,3,"""THE REST"""
configs/vpac270_nor_128_defconfig,3,"""THE REST"""
configs/vpac270_nor_256_defconfig,3,"""THE REST"""
configs/vpac270_ond_256_defconfig,4,"""THE REST"""
configs/walnut_defconfig,3,"""THE REST"""
configs/wandboard_dl_defconfig,3,"""THE REST"""
configs/wandboard_quad_defconfig,3,"""THE REST"""
configs/wandboard_solo_defconfig,3,"""THE REST"""
configs/whistler_defconfig,5,"""THE REST"""
configs/wireless_space_defconfig,3,"""THE REST"""
configs/woodburn_defconfig,2,"""THE REST"""
configs/woodburn_sd_defconfig,4,"""THE REST"""
configs/wtk_defconfig,4,"""THE REST"""
configs/x600_defconfig,3,"""THE REST"""
configs/xaeniax_defconfig,2,"""THE REST"""
configs/xfi3_defconfig,3,"""THE REST"""
configs/xilinx-ppc405-generic_defconfig,4,"""THE REST"""
configs/xilinx-ppc405-generic_flash_defconfig,4,"""THE REST"""
configs/xilinx-ppc440-generic_defconfig,4,"""THE REST"""
configs/xilinx-ppc440-generic_flash_defconfig,4,"""THE REST"""
configs/xpedite1000_defconfig,3,"""THE REST"""
configs/xpedite517x_defconfig,3,"""THE REST"""
configs/xpedite520x_defconfig,3,"""THE REST"""
configs/xpedite537x_defconfig,3,"""THE REST"""
configs/xpedite550x_defconfig,3,"""THE REST"""
configs/yellowstone_defconfig,4,"""THE REST"""
configs/yosemite_defconfig,4,"""THE REST"""
configs/yucca_defconfig,3,"""THE REST"""
configs/zeus_defconfig,3,"""THE REST"""
configs/zipitz2_defconfig,2,"""THE REST"""
configs/zmx25_defconfig,2,"""THE REST"""
configs/zynq_microzed_defconfig,6,"""THE REST"""
configs/zynq_zc70x_defconfig,6,"""THE REST"""
configs/zynq_zc770_xm010_defconfig,7,"""THE REST"""
configs/zynq_zc770_xm012_defconfig,7,"""THE REST"""
configs/zynq_zc770_xm013_defconfig,7,"""THE REST"""
configs/zynq_zed_defconfig,6,"""THE REST"""
configs/zynq_zybo_defconfig,6,"""THE REST"""
disk/Makefile,15,"""THE REST"""
disk/part.c,695,"""THE REST"""
disk/part_amiga.c,382,"""THE REST"""
disk/part_amiga.h,141,"""THE REST"""
disk/part_dos.c,290,"""THE REST"""
disk/part_dos.h,33,"""THE REST"""
disk/part_efi.c,813,"""THE REST"""
disk/part_iso.c,249,"""THE REST"""
disk/part_iso.h,144,"""THE REST"""
disk/part_mac.c,234,"""THE REST"""
disk/part_mac.h,83,"""THE REST"""
doc/DocBook/.gitignore,15,"""THE REST"""
doc/DocBook/Makefile,221,"""THE REST"""
doc/DocBook/docbook.css,16,"""THE REST"""
doc/DocBook/linker_lists.tmpl,46,"""THE REST"""
doc/DocBook/stdio.tmpl,46,"""THE REST"""
doc/DocBook/stylesheet.xsl,10,"""THE REST"""
doc/I2C_Edge_Conditions,46,"""THE REST"""
doc/README.440-DDR-performance,90,"""THE REST"""
doc/README.AMCC-eval-boards-cleanup,31,"""THE REST"""
doc/README.ARC,27,"""THE REST"""
doc/README.ARM-memory-map,17,"""THE REST"""
doc/README.AVR32,25,"""THE REST"""
doc/README.AVR32-port-muxing,208,"""THE REST"""
doc/README.JFFS2,74,"""THE REST"""
doc/README.JFFS2_NAND,24,"""THE REST"""
doc/README.LED,78,"""THE REST"""
doc/README.LED_display,26,"""THE REST"""
doc/README.MPC866,24,"""THE REST"""
doc/README.Modem,72,"""THE REST"""
doc/README.N1213,55,"""THE REST"""
doc/README.NDS32,41,"""THE REST"""
doc/README.NetConsole,97,"""THE REST"""
doc/README.OFT,28,"""THE REST"""
doc/README.POST,743,"""THE REST"""
doc/README.SNTP,17,"""THE REST"""
doc/README.SPL,97,"""THE REST"""
doc/README.TPL,45,"""THE REST"""
doc/README.VLAN,15,"""THE REST"""
doc/README.VSC3316-3308,43,"""THE REST"""
doc/README.ag102,36,"""THE REST"""
doc/README.android-fastboot,96,"""THE REST"""
doc/README.android-fastboot-protocol,170,"""THE REST"""
doc/README.arm-caches,53,"""THE REST"""
doc/README.arm-relocation,193,"""THE REST"""
doc/README.arm64,46,"""THE REST"""
doc/README.at91,174,"""THE REST"""
doc/README.at91-soc,48,"""THE REST"""
doc/README.atmel_mci,77,"""THE REST"""
doc/README.atmel_pmecc,50,"""THE REST"""
doc/README.autoboot,157,"""THE REST"""
doc/README.b4860qds,366,"""THE REST"""
doc/README.bedbug,78,"""THE REST"""
doc/README.bitbangMII,56,"""THE REST"""
doc/README.blackfin,46,"""THE REST"""
doc/README.bootmenu,99,"""THE REST"""
doc/README.bus_vcxk,68,"""THE REST"""
doc/README.cfi,42,"""THE REST"""
doc/README.clang,56,"""THE REST"""
doc/README.commands,36,"""THE REST"""
doc/README.commands.itest,16,"""THE REST"""
doc/README.commands.spl,31,"""THE REST"""
doc/README.console,101,"""THE REST"""
doc/README.davinci,159,"""THE REST"""
doc/README.davinci.nand_spl,141,"""THE REST"""
doc/README.displaying-bmps,27,"""THE REST"""
doc/README.dns,62,"""THE REST"""
doc/README.drivers.eth,190,"""THE REST"""
doc/README.enetaddr,116,"""THE REST"""
doc/README.ext4,59,"""THE REST"""
doc/README.falcon,225,"""THE REST"""
doc/README.fdt-control,198,"""THE REST"""
doc/README.fec_mxc,27,"""THE REST"""
doc/README.fsl-ddr,430,"""THE REST"""
doc/README.fsl-dpaa,10,"""THE REST"""
doc/README.fsl-esdhc,5,"""THE REST"""
doc/README.fsl-hwconfig,46,"""THE REST"""
doc/README.fsl_iim,48,"""THE REST"""
doc/README.fuse,67,"""THE REST"""
doc/README.generic-board,190,"""THE REST"""
doc/README.generic_usb_ohci,63,"""THE REST"""
doc/README.gpt,190,"""THE REST"""
doc/README.hwconfig,50,"""THE REST"""
doc/README.idma2intr,10,"""THE REST"""
doc/README.imx25,10,"""THE REST"""
doc/README.imx27,10,"""THE REST"""
doc/README.imx31,29,"""THE REST"""
doc/README.imx5,28,"""THE REST"""
doc/README.imx6,86,"""THE REST"""
doc/README.imximage,239,"""THE REST"""
doc/README.iomux,90,"""THE REST"""
doc/README.kconfig,226,"""THE REST"""
doc/README.kwbimage,104,"""THE REST"""
doc/README.link-local,75,"""THE REST"""
doc/README.lynxkdi,57,"""THE REST"""
doc/README.m54418twr,244,"""THE REST"""
doc/README.m68k,166,"""THE REST"""
doc/README.malta,16,"""THE REST"""
doc/README.marubun-pcmcia,65,"""THE REST"""
doc/README.memory-test,98,"""THE REST"""
doc/README.menu,125,"""THE REST"""
doc/README.mips,54,"""THE REST"""
doc/README.mpc5xx,48,"""THE REST"""
doc/README.mpc74xx,22,"""THE REST"""
doc/README.mpc83xx.ddrecc,154,"""THE REST"""
doc/README.mpc83xxads,98,"""THE REST"""
doc/README.mpc85xx,166,"""THE REST"""
doc/README.mpc85xx-sd-spi-boot,81,"""THE REST"""
doc/README.mpc85xx-spin-table,26,"""THE REST"""
doc/README.mpc85xxads,303,"""THE REST"""
doc/README.mpc85xxcds,225,"""THE REST"""
doc/README.mxc_hab,48,"""THE REST"""
doc/README.mxc_ocotp,51,"""THE REST"""
doc/README.mxs,290,"""THE REST"""
doc/README.mxsimage,170,"""THE REST"""
doc/README.nand,375,"""THE REST"""
doc/README.nand-boot-ppc440,60,"""THE REST"""
doc/README.ne2000,38,"""THE REST"""
doc/README.nokia_rx51,104,"""THE REST"""
doc/README.odroid,327,"""THE REST"""
doc/README.omap-reset-time,20,"""THE REST"""
doc/README.omap-ulpi-viewport,27,"""THE REST"""
doc/README.omap3,220,"""THE REST"""
doc/README.pblimage,111,"""THE REST"""
doc/README.plan9,18,"""THE REST"""
doc/README.power-framework,166,"""THE REST"""
doc/README.ppc440,197,"""THE REST"""
doc/README.pxe,236,"""THE REST"""
doc/README.qemu-mips,195,"""THE REST"""
doc/README.ramboot-ppc85xx,102,"""THE REST"""
doc/README.rmobile,84,"""THE REST"""
doc/README.s5pc1xx,72,"""THE REST"""
doc/README.sata,68,"""THE REST"""
doc/README.sched,53,"""THE REST"""
doc/README.scrapyard,236,"""THE REST"""
doc/README.semihosting,54,"""THE REST"""
doc/README.serial_multi,80,"""THE REST"""
doc/README.sh,104,"""THE REST"""
doc/README.sh7752evb,67,"""THE REST"""
doc/README.sh7753evb,67,"""THE REST"""
doc/README.sha1,57,"""THE REST"""
doc/README.silent,28,"""THE REST"""
doc/README.socfpga,53,"""THE REST"""
doc/README.spear,74,"""THE REST"""
doc/README.splashprepare,8,"""THE REST"""
doc/README.srio-pcie-boot-corenet,118,"""THE REST"""
doc/README.standalone,100,"""THE REST"""
doc/README.switch_config,25,"""THE REST"""
doc/README.trace,348,"""THE REST"""
doc/README.ubi,225,"""THE REST"""
doc/README.ublimage,141,"""THE REST"""
doc/README.unaligned-memory-access.txt,240,"""THE REST"""
doc/README.update,95,"""THE REST"""
doc/README.usb,228,"""THE REST"""
doc/README.vf610,10,"""THE REST"""
doc/README.video,31,"""THE REST"""
doc/README.vxworks,19,"""THE REST"""
doc/README.watchdog,35,"""THE REST"""
doc/README.x86,126,"""THE REST"""
doc/README.zfs,29,"""THE REST"""
doc/README.zynq,94,"""THE REST"""
doc/SPI/README.altera_spi,6,"""THE REST"""
doc/SPI/README.dual-flash,92,"""THE REST"""
doc/SPI/README.ftssp010_spi_test,41,"""THE REST"""
doc/SPI/README.sandbox-spi,64,"""THE REST"""
doc/SPI/README.sh_qspi_test,38,"""THE REST"""
doc/SPI/README.ti_qspi_am43x_test,76,"""THE REST"""
doc/SPI/README.ti_qspi_dra_test,48,"""THE REST"""
doc/SPI/README.ti_qspi_flash,47,"""THE REST"""
doc/SPI/status.txt,32,"""THE REST"""
doc/SPL/README.am335x-network,92,"""THE REST"""
doc/SPL/README.omap3,52,"""THE REST"""
doc/device-tree-bindings/README,17,"""THE REST"""
doc/device-tree-bindings/ata/intel-sata.txt,26,"""THE REST"""
"doc/device-tree-bindings/clock/nvidia,tegra20-car.txt",207,"""THE REST"""
doc/device-tree-bindings/exynos/dwmmc.txt,54,"""THE REST"""
doc/device-tree-bindings/exynos/isp-spi.txt,22,"""THE REST"""
doc/device-tree-bindings/exynos/sound.txt,27,"""THE REST"""
doc/device-tree-bindings/exynos/tmu.txt,44,"""THE REST"""
doc/device-tree-bindings/i2c/tegra20-i2c.txt,23,"""THE REST"""
doc/device-tree-bindings/input/cros-ec-keyb.txt,72,"""THE REST"""
doc/device-tree-bindings/misc/cros-ec.txt,38,"""THE REST"""
doc/device-tree-bindings/misc/intel-lpc.txt,64,"""THE REST"""
doc/device-tree-bindings/mtd/spi/spi-flash.txt,25,"""THE REST"""
"doc/device-tree-bindings/nand/nvidia,tegra20-nand.txt",53,"""THE REST"""
doc/device-tree-bindings/power/tps65090.txt,17,"""THE REST"""
doc/device-tree-bindings/pwm/tegra20-pwm.txt,18,"""THE REST"""
doc/device-tree-bindings/regulator/tps65090.txt,122,"""THE REST"""
doc/device-tree-bindings/serial/ns16550.txt,10,"""THE REST"""
doc/device-tree-bindings/serial/sandbox-serial.txt,13,"""THE REST"""
doc/device-tree-bindings/spi/soft-spi.txt,34,"""THE REST"""
doc/device-tree-bindings/spi/spi-bus.txt,94,"""THE REST"""
doc/device-tree-bindings/usb/tegra-usb.txt,25,"""THE REST"""
doc/device-tree-bindings/video/displaymode.txt,42,"""THE REST"""
doc/device-tree-bindings/video/exynos-dp.txt,69,"""THE REST"""
doc/device-tree-bindings/video/exynos-fb.txt,98,"""THE REST"""
doc/device-tree-bindings/video/exynos_mipi_dsi.txt,82,"""THE REST"""
doc/device-tree-bindings/video/intel-gma.txt,40,"""THE REST"""
doc/device-tree-bindings/video/sandbox-fb.txt,13,"""THE REST"""
doc/device-tree-bindings/video/simple-framebuffer.txt,25,"""THE REST"""
doc/device-tree-bindings/video/tegra20-dc.txt,85,"""THE REST"""
doc/driver-model/README.txt,804,"""THE REST"""
doc/driver-model/spi-howto.txt,594,"""THE REST"""
doc/feature-removal-schedule.txt,43,"""THE REST"""
doc/git-mailrc,131,"""THE REST"""
doc/kwboot.1,84,"""THE REST"""
doc/mkimage.1,187,"""THE REST"""
doc/uImage.FIT/beaglebone_vboot.txt,608,"""THE REST"""
doc/uImage.FIT/command_syntax_extensions.txt,191,"""THE REST"""
doc/uImage.FIT/howto.txt,300,"""THE REST"""
doc/uImage.FIT/kernel.its,87,"""THE REST"""
doc/uImage.FIT/kernel_fdt.its,51,"""THE REST"""
doc/uImage.FIT/multi.its,133,"""THE REST"""
doc/uImage.FIT/sign-configs.its,45,"""THE REST"""
doc/uImage.FIT/sign-images.its,42,"""THE REST"""
doc/uImage.FIT/signature.txt,408,"""THE REST"""
doc/uImage.FIT/source_file_format.txt,264,"""THE REST"""
doc/uImage.FIT/update3.its,44,"""THE REST"""
doc/uImage.FIT/update_uboot.its,24,"""THE REST"""
doc/uImage.FIT/verified-boot.txt,104,"""THE REST"""
doc/uImage.FIT/x86-fit-boot.txt,276,"""THE REST"""
drivers/Kconfig,51,"""THE REST"""
drivers/Makefile,25,"""THE REST"""
drivers/bios_emulator/Makefile,12,"""THE REST"""
drivers/bios_emulator/atibios.c,420,"""THE REST"""
drivers/bios_emulator/besys.c,760,"""THE REST"""
drivers/bios_emulator/bios.c,324,"""THE REST"""
drivers/bios_emulator/biosemu.c,372,"""THE REST"""
drivers/bios_emulator/biosemui.h,169,"""THE REST"""
drivers/bios_emulator/include/biosemu.h,343,"""THE REST"""
drivers/bios_emulator/include/x86emu.h,202,"""THE REST"""
drivers/bios_emulator/include/x86emu/debug.h,213,"""THE REST"""
drivers/bios_emulator/include/x86emu/decode.h,88,"""THE REST"""
drivers/bios_emulator/include/x86emu/ops.h,45,"""THE REST"""
drivers/bios_emulator/include/x86emu/prim_ops.h,141,"""THE REST"""
drivers/bios_emulator/include/x86emu/regs.h,340,"""THE REST"""
drivers/bios_emulator/include/x86emu/x86emui.h,101,"""THE REST"""
drivers/bios_emulator/x86emu/debug.c,461,"""THE REST"""
drivers/bios_emulator/x86emu/decode.c,1144,"""THE REST"""
drivers/bios_emulator/x86emu/ops.c,5423,"""THE REST"""
drivers/bios_emulator/x86emu/ops2.c,1769,"""THE REST"""
drivers/bios_emulator/x86emu/prim_ops.c,2442,"""THE REST"""
drivers/bios_emulator/x86emu/sys.c,328,"""THE REST"""
drivers/block/Kconfig,0,"""THE REST"""
drivers/block/Makefile,23,"""THE REST"""
drivers/block/ahci.c,1021,"""THE REST"""
drivers/block/ata_piix.c,717,"""THE REST"""
drivers/block/ata_piix.h,71,"""THE REST"""
drivers/block/dwc_ahsata.c,1015,"""THE REST"""
drivers/block/dwc_ahsata.h,320,"""THE REST"""
drivers/block/fsl_sata.c,853,"""THE REST"""
drivers/block/fsl_sata.h,321,"""THE REST"""
drivers/block/ftide020.c,347,"""THE REST"""
drivers/block/ftide020.h,266,"""THE REST"""
drivers/block/libata.c,144,"""THE REST"""
drivers/block/mvsata_ide.c,158,"""THE REST"""
drivers/block/mxc_ata.c,129,"""THE REST"""
drivers/block/pata_bfin.c,1209,"""THE REST"""
drivers/block/pata_bfin.h,170,"""THE REST"""
drivers/block/sandbox.c,124,"""THE REST"""
drivers/block/sata_dwc.c,2076,"""THE REST"""
drivers/block/sata_dwc.h,465,"""THE REST"""
drivers/block/sata_sil.c,715,"""THE REST"""
drivers/block/sata_sil.h,214,"""THE REST"""
drivers/block/sata_sil3114.c,835,"""THE REST"""
drivers/block/sata_sil3114.h,134,"""THE REST"""
drivers/block/sil680.c,90,"""THE REST"""
drivers/block/sym53c8xx.c,852,"""THE REST"""
drivers/block/systemace.c,257,"""THE REST"""
drivers/bootcount/Makefile,12,"""THE REST"""
drivers/bootcount/bootcount.c,84,"""THE REST"""
drivers/bootcount/bootcount_at91.c,31,"""THE REST"""
drivers/bootcount/bootcount_blackfin.c,34,"""THE REST"""
drivers/bootcount/bootcount_davinci.c,42,"""THE REST"""
drivers/bootcount/bootcount_env.c,29,"""THE REST"""
drivers/bootcount/bootcount_i2c.c,44,"""THE REST"""
drivers/bootcount/bootcount_ram.c,60,"""THE REST"""
drivers/core/Kconfig,6,"""DRIVER MODEL"",""THE REST"""
drivers/core/Makefile,9,"""DRIVER MODEL"",""THE REST"""
drivers/core/device-remove.c,187,"""DRIVER MODEL"",""THE REST"""
drivers/core/device.c,392,"""DRIVER MODEL"",""THE REST"""
drivers/core/lists.c,186,"""DRIVER MODEL"",""THE REST"""
drivers/core/root.c,152,"""DRIVER MODEL"",""THE REST"""
drivers/core/simple-bus.c,33,"""DRIVER MODEL"",""THE REST"""
drivers/core/uclass.c,413,"""DRIVER MODEL"",""THE REST"""
drivers/core/util.c,37,"""DRIVER MODEL"",""THE REST"""
drivers/crypto/Kconfig,0,"""THE REST"""
drivers/crypto/Makefile,9,"""THE REST"""
drivers/crypto/ace_sha.c,184,"""THE REST"""
drivers/crypto/ace_sha.h,314,"""THE REST"""
drivers/crypto/fsl/Makefile,10,"""THE REST"""
drivers/crypto/fsl/desc.h,651,"""THE REST"""
drivers/crypto/fsl/desc_constr.h,280,"""THE REST"""
drivers/crypto/fsl/error.c,258,"""THE REST"""
drivers/crypto/fsl/fsl_blob.c,61,"""THE REST"""
drivers/crypto/fsl/fsl_hash.c,77,"""THE REST"""
drivers/crypto/fsl/jobdesc.c,125,"""THE REST"""
drivers/crypto/fsl/jobdesc.h,29,"""THE REST"""
drivers/crypto/fsl/jr.c,462,"""THE REST"""
drivers/crypto/fsl/jr.h,97,"""THE REST"""
drivers/ddr/fsl/Makefile,37,"""THE REST"""
drivers/ddr/fsl/arm_ddr_gen3.c,247,"""THE REST"""
drivers/ddr/fsl/ctrl_regs.c,2383,"""THE REST"""
drivers/ddr/fsl/ddr1_dimm_params.c,343,"""THE REST"""
drivers/ddr/fsl/ddr2_dimm_params.c,342,"""THE REST"""
drivers/ddr/fsl/ddr3_dimm_params.c,341,"""THE REST"""
drivers/ddr/fsl/ddr4_dimm_params.c,322,"""THE REST"""
drivers/ddr/fsl/fsl_ddr_gen4.c,270,"""THE REST"""
drivers/ddr/fsl/interactive.c,2242,"""THE REST"""
drivers/ddr/fsl/lc_common_dimm_params.c,577,"""THE REST"""
drivers/ddr/fsl/main.c,851,"""THE REST"""
drivers/ddr/fsl/mpc85xx_ddr_gen1.c,91,"""THE REST"""
drivers/ddr/fsl/mpc85xx_ddr_gen2.c,96,"""THE REST"""
drivers/ddr/fsl/mpc85xx_ddr_gen3.c,556,"""THE REST"""
drivers/ddr/fsl/mpc86xx_ddr.c,85,"""THE REST"""
drivers/ddr/fsl/options.c,1163,"""THE REST"""
drivers/ddr/fsl/util.c,310,"""THE REST"""
drivers/demo/Makefile,9,"""THE REST"""
drivers/demo/demo-pdata.c,47,"""THE REST"""
drivers/demo/demo-shape.c,127,"""THE REST"""
drivers/demo/demo-simple.c,47,"""THE REST"""
drivers/demo/demo-uclass.c,59,"""THE REST"""
drivers/dfu/Kconfig,0,"""DFU"",""THE REST"""
drivers/dfu/Makefile,12,"""DFU"",""THE REST"""
drivers/dfu/dfu.c,567,"""DFU"",""THE REST"""
drivers/dfu/dfu_mmc.c,375,"""DFU"",""THE REST"""
drivers/dfu/dfu_nand.c,237,"""DFU"",""THE REST"""
drivers/dfu/dfu_ram.c,78,"""DFU"",""THE REST"""
drivers/dfu/dfu_sf.c,140,"""DFU"",""THE REST"""
drivers/dma/Kconfig,0,"""THE REST"""
drivers/dma/MCD_dmaApi.c,1011,"""THE REST"""
drivers/dma/MCD_tasks.c,2414,"""THE REST"""
drivers/dma/MCD_tasksInit.c,226,"""THE REST"""
drivers/dma/Makefile,12,"""THE REST"""
drivers/dma/apbh_dma.c,616,"""THE REST"""
drivers/dma/fsl_dma.c,168,"""THE REST"""
drivers/dma/keystone_nav.c,320,"""THE REST"""
drivers/dma/keystone_nav_cfg.c,27,"""THE REST"""
drivers/dma/ti-edma3.c,384,"""THE REST"""
drivers/fpga/ACEX1K.c,249,"""THE REST"""
drivers/fpga/Makefile,21,"""THE REST"""
drivers/fpga/altera.c,173,"""THE REST"""
drivers/fpga/cyclon2.c,205,"""THE REST"""
drivers/fpga/fpga.c,317,"""THE REST"""
drivers/fpga/ivm_core.c,3149,"""THE REST"""
drivers/fpga/lattice.c,380,"""THE REST"""
drivers/fpga/socfpga.c,301,"""THE REST"""
drivers/fpga/spartan2.c,456,"""THE REST"""
drivers/fpga/spartan3.c,474,"""THE REST"""
drivers/fpga/stratixII.c,190,"""THE REST"""
drivers/fpga/virtex2.c,426,"""THE REST"""
drivers/fpga/xilinx.c,267,"""THE REST"""
drivers/fpga/zynqpl.c,495,"""THE REST"""
drivers/gpio/Kconfig,6,"""THE REST"""
drivers/gpio/Makefile,39,"""THE REST"""
drivers/gpio/adi_gpio2.c,423,"""THE REST"""
drivers/gpio/altera_pio.c,286,"""THE REST"""
drivers/gpio/at91_gpio.c,530,"""THE REST"""
drivers/gpio/bcm2835_gpio.c,123,"""THE REST"""
drivers/gpio/da8xx_gpio.c,396,"""THE REST"""
drivers/gpio/db8500_gpio.c,221,"""THE REST"""
drivers/gpio/gpio-uclass.c,469,"""THE REST"""
drivers/gpio/intel_ich6_gpio.c,280,"""THE REST"""
drivers/gpio/kona_gpio.c,141,"""THE REST"""
drivers/gpio/kw_gpio.c,150,"""THE REST"""
drivers/gpio/mpc83xx_gpio.c,183,"""THE REST"""
drivers/gpio/mvgpio.c,97,"""THE REST"""
drivers/gpio/mvgpio.h,58,"""THE REST"""
drivers/gpio/mvmfp.c,66,"""THE REST"""
drivers/gpio/mxc_gpio.c,322,"""THE REST"""
drivers/gpio/mxs_gpio.c,116,"""THE REST"""
drivers/gpio/omap_gpio.c,335,"""THE REST"""
drivers/gpio/pca953x.c,312,"""THE REST"""
drivers/gpio/pca9698.c,127,"""THE REST"""
drivers/gpio/s3c2440_gpio.c,79,"""THE REST"""
drivers/gpio/s5p_gpio.c,370,"""THE REST"""
drivers/gpio/sandbox.c,187,"""THE REST"""
drivers/gpio/sh_pfc.c,629,"""THE REST"""
drivers/gpio/spear_gpio.c,89,"""THE REST"""
drivers/gpio/sunxi_gpio.c,272,"""THE REST"""
drivers/gpio/sx151x.c,242,"""THE REST"""
drivers/gpio/tca642x.c,333,"""THE REST"""
drivers/gpio/tegra_gpio.c,373,"""THE REST"""
drivers/gpio/xilinx_gpio.c,348,"""THE REST"""
drivers/hwmon/Kconfig,0,"""THE REST"""
drivers/hwmon/Makefile,21,"""THE REST"""
drivers/hwmon/adm1021.c,164,"""THE REST"""
drivers/hwmon/adt7460.c,73,"""THE REST"""
drivers/hwmon/ds1621.c,155,"""THE REST"""
drivers/hwmon/ds1722.c,137,"""THE REST"""
drivers/hwmon/ds1775.c,126,"""THE REST"""
drivers/hwmon/lm63.c,160,"""THE REST"""
drivers/hwmon/lm73.c,146,"""THE REST"""
drivers/hwmon/lm75.c,143,"""THE REST"""
drivers/hwmon/lm81.c,111,"""THE REST"""
drivers/i2c/Kconfig,0,"""I2C"",""THE REST"""
drivers/i2c/Makefile,34,"""I2C"",""THE REST"""
drivers/i2c/adi_i2c.c,305,"""I2C"",""THE REST"""
drivers/i2c/davinci_i2c.c,384,"""I2C"",""THE REST"""
drivers/i2c/davinci_i2c.h,78,"""I2C"",""THE REST"""
drivers/i2c/designware_i2c.c,402,"""I2C"",""THE REST"""
drivers/i2c/designware_i2c.h,133,"""I2C"",""THE REST"""
drivers/i2c/fsl_i2c.c,559,"""I2C"",""THE REST"""
drivers/i2c/fti2c010.c,346,"""I2C"",""THE REST"""
drivers/i2c/fti2c010.h,80,"""I2C"",""THE REST"""
drivers/i2c/i2c-emul-uclass.c,14,"""I2C"",""THE REST"""
drivers/i2c/i2c-uclass.c,466,"""I2C"",""THE REST"""
drivers/i2c/i2c_core.c,399,"""I2C"",""THE REST"""
drivers/i2c/ihs_i2c.c,203,"""I2C"",""THE REST"""
drivers/i2c/kona_i2c.c,730,"""I2C"",""THE REST"""
drivers/i2c/mv_i2c.c,471,"""I2C"",""THE REST"""
drivers/i2c/mv_i2c.h,67,"""I2C"",""THE REST"""
drivers/i2c/mvtwsi.c,406,"""I2C"",""THE REST"""
drivers/i2c/mxc_i2c.c,554,"""I2C"",""THE REST"""
drivers/i2c/mxs_i2c.c,320,"""I2C"",""THE REST"""
drivers/i2c/omap24xx_i2c.c,737,"""I2C"",""THE REST"""
drivers/i2c/omap24xx_i2c.h,154,"""I2C"",""THE REST"""
drivers/i2c/pca9564_i2c.c,176,"""I2C"",""THE REST"""
drivers/i2c/ppc4xx_i2c.c,441,"""I2C"",""THE REST"""
drivers/i2c/rcar_i2c.c,290,"""I2C"",""THE REST"""
drivers/i2c/s3c24x0_i2c.c,1249,"""I2C"",""THE REST"""
drivers/i2c/s3c24x0_i2c.h,62,"""I2C"",""THE REST"""
drivers/i2c/sandbox_i2c.c,111,"""I2C"",""THE REST"""
drivers/i2c/sh_i2c.c,308,"""I2C"",""THE REST"""
drivers/i2c/sh_sh7734_i2c.c,374,"""I2C"",""THE REST"""
drivers/i2c/soft_i2c.c,475,"""I2C"",""THE REST"""
drivers/i2c/tegra_i2c.c,519,"""I2C"",""THE REST"""
drivers/i2c/tsi108_i2c.c,273,"""I2C"",""THE REST"""
drivers/i2c/u8500_i2c.c,601,"""I2C"",""THE REST"""
drivers/i2c/u8500_i2c.h,178,"""I2C"",""THE REST"""
drivers/i2c/zynq_i2c.c,307,"""I2C"",""THE REST"""
drivers/input/Kconfig,0,"""THE REST"""
drivers/input/Makefile,16,"""THE REST"""
drivers/input/cros_ec_keyb.c,268,"""THE REST"""
drivers/input/i8042.c,706,"""THE REST"""
drivers/input/input.c,491,"""THE REST"""
drivers/input/key_matrix.c,191,"""THE REST"""
drivers/input/keyboard.c,298,"""THE REST"""
drivers/input/pc_keyb.c,251,"""THE REST"""
drivers/input/ps2mult.c,461,"""THE REST"""
drivers/input/ps2ser.c,241,"""THE REST"""
drivers/input/tegra-kbc.c,376,"""THE REST"""
drivers/memory/Makefile,1,"""THE REST"""
drivers/memory/ti-aemif.c,80,"""THE REST"""
drivers/misc/Kconfig,0,"""THE REST"""
drivers/misc/Makefile,30,"""THE REST"""
drivers/misc/ali512x.c,402,"""THE REST"""
drivers/misc/cbmem_console.c,67,"""THE REST"""
drivers/misc/cros_ec.c,1895,"""THE REST"""
drivers/misc/cros_ec_i2c.c,176,"""THE REST"""
drivers/misc/cros_ec_lpc.c,194,"""THE REST"""
drivers/misc/cros_ec_sandbox.c,644,"""THE REST"""
drivers/misc/cros_ec_spi.c,244,"""THE REST"""
drivers/misc/ds4510.c,423,"""THE REST"""
drivers/misc/fsl_ifc.c,171,"""THE REST"""
drivers/misc/fsl_iim.c,281,"""THE REST"""
drivers/misc/gpio_led.c,53,"""THE REST"""
drivers/misc/i2c_eeprom.c,52,"""THE REST"""
drivers/misc/i2c_eeprom_emul.c,168,"""THE REST"""
drivers/misc/mc9sdz60.c,35,"""THE REST"""
drivers/misc/mxc_ocotp.c,198,"""THE REST"""
drivers/misc/mxs_ocotp.c,317,"""THE REST"""
drivers/misc/ns87308.c,101,"""THE REST"""
drivers/misc/pdsp188x.c,45,"""THE REST"""
drivers/misc/smsc_lpc47m.c,33,"""THE REST"""
drivers/misc/status_led.c,111,"""THE REST"""
drivers/misc/twl4030_led.c,34,"""THE REST"""
drivers/mmc/Kconfig,0,"""MMC"",""THE REST"""
drivers/mmc/Makefile,43,"""MMC"",""THE REST"""
drivers/mmc/arm_pl180_mmci.c,381,"""MMC"",""THE REST"""
drivers/mmc/arm_pl180_mmci.h,195,"""MMC"",""THE REST"""
drivers/mmc/bcm2835_sdhci.c,191,"""MMC"",""THE REST"""
drivers/mmc/bfin_sdh.c,304,"""MMC"",""THE REST"""
drivers/mmc/davinci_mmc.c,389,"""MMC"",""THE REST"""
drivers/mmc/dw_mmc.c,400,"""MMC"",""THE REST"""
drivers/mmc/exynos_dw_mmc.c,242,"""MMC"",""THE REST"""
drivers/mmc/fsl_esdhc.c,661,"""MMC"",""THE REST"""
drivers/mmc/fsl_esdhc_spl.c,150,"""MMC"",""THE REST"""
drivers/mmc/ftsdc010_mci.c,373,"""MMC"",""THE REST"""
drivers/mmc/ftsdc021_sdhci.c,33,"""MMC"",""THE REST"""
drivers/mmc/gen_atmel_mci.c,435,"""MMC"",""THE REST"""
drivers/mmc/kona_sdhci.c,138,"""MMC"",""THE REST"""
drivers/mmc/mmc.c,1620,"""MMC"",""THE REST"""
drivers/mmc/mmc_private.h,45,"""MMC"",""THE REST"""
drivers/mmc/mmc_spi.c,291,"""MMC"",""THE REST"""
drivers/mmc/mmc_write.c,180,"""MMC"",""THE REST"""
drivers/mmc/mv_sdhci.c,55,"""MMC"",""THE REST"""
drivers/mmc/mvebu_mmc.c,438,"""MMC"",""THE REST"""
drivers/mmc/mxcmmc.c,521,"""MMC"",""THE REST"""
drivers/mmc/mxsmmc.c,428,"""MMC"",""THE REST"""
drivers/mmc/omap_hsmmc.c,723,"""MMC"",""THE REST"""
drivers/mmc/pxa_mmc_gen.c,432,"""MMC"",""THE REST"""
drivers/mmc/rpmb.c,323,"""MMC"",""THE REST"""
drivers/mmc/s3c_sdi.c,321,"""MMC"",""THE REST"""
drivers/mmc/s5p_sdhci.c,212,"""MMC"",""THE REST"""
drivers/mmc/sdhci.c,513,"""MMC"",""THE REST"""
drivers/mmc/sh_mmcif.c,608,"""MMC"",""THE REST"""
drivers/mmc/sh_mmcif.h,244,"""MMC"",""THE REST"""
drivers/mmc/socfpga_dw_mmc.c,75,"""MMC"",""THE REST"""
drivers/mmc/spear_sdhci.c,32,"""MMC"",""THE REST"""
drivers/mmc/sunxi_mmc.c,412,"""MMC"",""THE REST"""
drivers/mmc/tegra_mmc.c,706,"""MMC"",""THE REST"""
drivers/mmc/zynq_sdhci.c,63,"""MMC"",""THE REST"""
drivers/mtd/Kconfig,1,"""THE REST"""
drivers/mtd/Makefile,20,"""THE REST"""
drivers/mtd/at45.c,545,"""THE REST"""
drivers/mtd/cfi_flash.c,2400,"""CFI FLASH"",""THE REST"""
drivers/mtd/cfi_mtd.c,264,"""THE REST"""
drivers/mtd/dataflash.c,447,"""THE REST"""
drivers/mtd/ftsmc020.c,38,"""THE REST"""
drivers/mtd/jedec_flash.c,493,"""CFI FLASH"",""THE REST"""
drivers/mtd/mtdconcat.c,972,"""THE REST"""
drivers/mtd/mtdcore.c,1369,"""THE REST"""
drivers/mtd/mtdcore.h,23,"""THE REST"""
drivers/mtd/mtdpart.c,826,"""THE REST"""
drivers/mtd/mw_eeprom.c,236,"""THE REST"""
drivers/mtd/nand/Kconfig,49,"""NAND FLASH"",""THE REST"""
drivers/mtd/nand/Makefile,76,"""NAND FLASH"",""THE REST"""
drivers/mtd/nand/am335x_spl_bch.c,230,"""NAND FLASH"",""THE REST"""
drivers/mtd/nand/atmel_nand.c,1546,"""NAND FLASH"",""THE REST"""
drivers/mtd/nand/atmel_nand_ecc.h,153,"""NAND FLASH"",""THE REST"""
drivers/mtd/nand/bfin_nand.c,393,"""NAND FLASH"",""THE REST"""
drivers/mtd/nand/davinci_nand.c,849,"""NAND FLASH"",""THE REST"""
drivers/mtd/nand/denali.c,1271,"""NAND FLASH"",""THE REST"""
drivers/mtd/nand/denali.h,466,"""NAND FLASH"",""THE REST"""
drivers/mtd/nand/denali_spl.c,231,"""NAND FLASH"",""THE REST"""
drivers/mtd/nand/docg4.c,1028,"""NAND FLASH"",""THE REST"""
drivers/mtd/nand/docg4_spl.c,219,"""NAND FLASH"",""THE REST"""
drivers/mtd/nand/fsl_elbc_nand.c,833,"""NAND FLASH"",""THE REST"""
drivers/mtd/nand/fsl_elbc_spl.c,168,"""NAND FLASH"",""THE REST"""
drivers/mtd/nand/fsl_ifc_nand.c,1075,"""NAND FLASH"",""THE REST"""
drivers/mtd/nand/fsl_ifc_spl.c,266,"""NAND FLASH"",""THE REST"""
drivers/mtd/nand/fsl_upm.c,203,"""NAND FLASH"",""THE REST"""
drivers/mtd/nand/fsmc_nand.c,473,"""NAND FLASH"",""THE REST"""
drivers/mtd/nand/jz4740_nand.c,259,"""NAND FLASH"",""THE REST"""
drivers/mtd/nand/kb9202_nand.c,134,"""NAND FLASH"",""THE REST"""
drivers/mtd/nand/kirkwood_nand.c,73,"""NAND FLASH"",""THE REST"""
drivers/mtd/nand/kmeter1_nand.c,123,"""NAND FLASH"",""THE REST"""
drivers/mtd/nand/mpc5121_nfc.c,685,"""NAND FLASH"",""THE REST"""
drivers/mtd/nand/mxc_nand.c,1350,"""NAND FLASH"",""THE REST"""
drivers/mtd/nand/mxc_nand.h,209,"""NAND FLASH"",""THE REST"""
drivers/mtd/nand/mxc_nand_spl.c,351,"""NAND FLASH"",""THE REST"""
drivers/mtd/nand/mxs_nand.c,1184,"""NAND FLASH"",""THE REST"""
drivers/mtd/nand/mxs_nand_spl.c,231,"""NAND FLASH"",""THE REST"""
drivers/mtd/nand/nand.c,120,"""NAND FLASH"",""THE REST"""
drivers/mtd/nand/nand_base.c,4416,"""NAND FLASH"",""THE REST"""
drivers/mtd/nand/nand_bbt.c,1382,"""NAND FLASH"",""THE REST"""
drivers/mtd/nand/nand_bch.c,224,"""NAND FLASH"",""THE REST"""
drivers/mtd/nand/nand_ecc.c,191,"""NAND FLASH"",""THE REST"""
drivers/mtd/nand/nand_ids.c,200,"""NAND FLASH"",""THE REST"""
drivers/mtd/nand/nand_plat.c,64,"""NAND FLASH"",""THE REST"""
drivers/mtd/nand/nand_spl_load.c,42,"""NAND FLASH"",""THE REST"""
drivers/mtd/nand/nand_spl_simple.c,270,"""NAND FLASH"",""THE REST"""
drivers/mtd/nand/nand_util.c,862,"""NAND FLASH"",""THE REST"""
drivers/mtd/nand/ndfc.c,218,"""NAND FLASH"",""THE REST"""
drivers/mtd/nand/nomadik.c,206,"""NAND FLASH"",""THE REST"""
drivers/mtd/nand/omap_elm.c,194,"""NAND FLASH"",""THE REST"""
drivers/mtd/nand/omap_gpmc.c,893,"""NAND FLASH"",""THE REST"""
drivers/mtd/nand/s3c2410_nand.c,175,"""NAND FLASH"",""THE REST"""
drivers/mtd/nand/tegra_nand.c,1041,"""NAND FLASH"",""THE REST"""
drivers/mtd/nand/tegra_nand.h,241,"""NAND FLASH"",""THE REST"""
drivers/mtd/nand/vf610_nfc.c,727,"""NAND FLASH"",""THE REST"""
drivers/mtd/onenand/Makefile,13,"""ONENAND"",""THE REST"""
drivers/mtd/onenand/onenand_base.c,2785,"""ONENAND"",""THE REST"""
drivers/mtd/onenand/onenand_bbt.c,265,"""ONENAND"",""THE REST"""
drivers/mtd/onenand/onenand_spl.c,128,"""ONENAND"",""THE REST"""
drivers/mtd/onenand/onenand_uboot.c,56,"""ONENAND"",""THE REST"""
drivers/mtd/onenand/samsung.c,569,"""ONENAND"",""THE REST"""
drivers/mtd/spi/Makefile,21,"""SPI"",""THE REST"""
drivers/mtd/spi/eeprom_m95xxx.c,111,"""SPI"",""THE REST"""
drivers/mtd/spi/fsl_espi_spl.c,90,"""SPI"",""THE REST"""
drivers/mtd/spi/sandbox.c,689,"""SPI"",""THE REST"""
drivers/mtd/spi/sf-uclass.c,63,"""SPI"",""THE REST"""
drivers/mtd/spi/sf.c,58,"""SPI"",""THE REST"""
drivers/mtd/spi/sf_internal.h,224,"""SPI"",""THE REST"""
drivers/mtd/spi/sf_ops.c,551,"""SPI"",""THE REST"""
drivers/mtd/spi/sf_params.c,140,"""SPI"",""THE REST"""
drivers/mtd/spi/sf_probe.c,512,"""SPI"",""THE REST"""
drivers/mtd/spi/spi_spl_load.c,83,"""SPI"",""THE REST"""
drivers/mtd/st_smi.c,565,"""THE REST"""
drivers/mtd/ubi/Makefile,11,"""THE REST"",""UBI"""
drivers/mtd/ubi/attach.c,1753,"""THE REST"",""UBI"""
drivers/mtd/ubi/build.c,1551,"""THE REST"",""UBI"""
drivers/mtd/ubi/crc32.c,510,"""THE REST"",""UBI"""
drivers/mtd/ubi/crc32defs.h,32,"""THE REST"",""UBI"""
drivers/mtd/ubi/crc32table.h,136,"""THE REST"",""UBI"""
drivers/mtd/ubi/debug.c,459,"""THE REST"",""UBI"""
drivers/mtd/ubi/debug.h,120,"""THE REST"",""UBI"""
drivers/mtd/ubi/eba.c,1399,"""THE REST"",""UBI"""
drivers/mtd/ubi/fastmap.c,1583,"""THE REST"",""UBI"""
drivers/mtd/ubi/io.c,1419,"""THE REST"",""UBI"""
drivers/mtd/ubi/kapi.c,787,"""THE REST"",""UBI"""
drivers/mtd/ubi/misc.c,142,"""THE REST"",""UBI"""
drivers/mtd/ubi/ubi-media.h,507,"""THE REST"",""UBI"""
drivers/mtd/ubi/ubi.h,1038,"""THE REST"",""UBI"""
drivers/mtd/ubi/upd.c,430,"""THE REST"",""UBI"""
drivers/mtd/ubi/vmt.c,858,"""THE REST"",""UBI"""
drivers/mtd/ubi/vtbl.c,866,"""THE REST"",""UBI"""
drivers/mtd/ubi/wl.c,2145,"""THE REST"",""UBI"""
drivers/net/4xx_enet.c,2059,"""NETWORK"",""THE REST"""
drivers/net/8390.h,124,"""NETWORK"",""THE REST"""
drivers/net/Kconfig,0,"""NETWORK"",""THE REST"""
drivers/net/Makefile,68,"""NETWORK"",""THE REST"""
drivers/net/altera_tse.c,971,"""NETWORK"",""THE REST"""
drivers/net/altera_tse.h,492,"""NETWORK"",""THE REST"""
drivers/net/armada100_fec.c,726,"""NETWORK"",""THE REST"""
drivers/net/armada100_fec.h,209,"""NETWORK"",""THE REST"""
drivers/net/at91_emac.c,508,"""NETWORK"",""THE REST"""
drivers/net/ax88180.c,757,"""NETWORK"",""THE REST"""
drivers/net/ax88180.h,396,"""NETWORK"",""THE REST"""
drivers/net/ax88796.c,144,"""NETWORK"",""THE REST"""
drivers/net/ax88796.h,67,"""NETWORK"",""THE REST"""
drivers/net/bcm-sf2-eth-gmac.c,971,"""NETWORK"",""THE REST"""
drivers/net/bcm-sf2-eth-gmac.h,224,"""NETWORK"",""THE REST"""
drivers/net/bcm-sf2-eth.c,268,"""NETWORK"",""THE REST"""
drivers/net/bcm-sf2-eth.h,70,"""NETWORK"",""THE REST"""
drivers/net/bfin_mac.c,498,"""NETWORK"",""THE REST"""
drivers/net/bfin_mac.h,65,"""NETWORK"",""THE REST"""
drivers/net/calxedaxgmac.c,544,"""NETWORK"",""THE REST"""
drivers/net/cpsw.c,1005,"""NETWORK"",""THE REST"""
drivers/net/cs8900.c,320,"""NETWORK"",""THE REST"""
drivers/net/cs8900.h,249,"""NETWORK"",""THE REST"""
drivers/net/davinci_emac.c,895,"""NETWORK"",""THE REST"""
drivers/net/davinci_emac.h,303,"""NETWORK"",""THE REST"""
drivers/net/dc2114x.c,760,"""NETWORK"",""THE REST"""
drivers/net/designware.c,458,"""NETWORK"",""THE REST"""
drivers/net/designware.h,235,"""NETWORK"",""THE REST"""
drivers/net/dm9000x.c,643,"""NETWORK"",""THE REST"""
drivers/net/dm9000x.h,140,"""NETWORK"",""THE REST"""
drivers/net/dnet.c,392,"""NETWORK"",""THE REST"""
drivers/net/dnet.h,166,"""NETWORK"",""THE REST"""
drivers/net/e1000.c,5485,"""NETWORK"",""THE REST"""
drivers/net/e1000.h,2614,"""NETWORK"",""THE REST"""
drivers/net/e1000_spi.c,577,"""NETWORK"",""THE REST"""
drivers/net/eepro100.c,931,"""NETWORK"",""THE REST"""
drivers/net/enc28j60.c,963,"""NETWORK"",""THE REST"""
drivers/net/enc28j60.h,238,"""NETWORK"",""THE REST"""
drivers/net/ep93xx_eth.c,639,"""NETWORK"",""THE REST"""
drivers/net/ep93xx_eth.h,127,"""NETWORK"",""THE REST"""
drivers/net/ethoc.c,511,"""NETWORK"",""THE REST"""
drivers/net/fec_mxc.c,1136,"""NETWORK"",""THE REST"""
drivers/net/fec_mxc.h,323,"""NETWORK"",""THE REST"""
drivers/net/fm/Makefile,39,"""NETWORK"",""THE REST"""
drivers/net/fm/b4860.c,137,"""NETWORK"",""THE REST"""
drivers/net/fm/dtsec.c,167,"""NETWORK"",""THE REST"""
drivers/net/fm/eth.c,723,"""NETWORK"",""THE REST"""
drivers/net/fm/fm.c,420,"""NETWORK"",""THE REST"""
drivers/net/fm/fm.h,149,"""NETWORK"",""THE REST"""
drivers/net/fm/init.c,358,"""NETWORK"",""THE REST"""
drivers/net/fm/memac.c,142,"""NETWORK"",""THE REST"""
drivers/net/fm/memac_phy.c,150,"""NETWORK"",""THE REST"""
drivers/net/fm/p1023.c,73,"""NETWORK"",""THE REST"""
drivers/net/fm/p4080.c,99,"""NETWORK"",""THE REST"""
drivers/net/fm/p5020.c,90,"""NETWORK"",""THE REST"""
drivers/net/fm/p5040.c,107,"""NETWORK"",""THE REST"""
drivers/net/fm/t1024.c,88,"""NETWORK"",""THE REST"""
drivers/net/fm/t1040.c,66,"""NETWORK"",""THE REST"""
drivers/net/fm/t2080.c,93,"""NETWORK"",""THE REST"""
drivers/net/fm/t4240.c,171,"""NETWORK"",""THE REST"""
drivers/net/fm/tgec.c,105,"""NETWORK"",""THE REST"""
drivers/net/fm/tgec_phy.c,126,"""NETWORK"",""THE REST"""
drivers/net/fsl_mc/Makefile,8,"""NETWORK"",""THE REST"""
drivers/net/fsl_mc/mc.c,266,"""NETWORK"",""THE REST"""
drivers/net/fsl_mcdmafec.c,571,"""NETWORK"",""THE REST"""
drivers/net/fsl_mdio.c,112,"""NETWORK"",""THE REST"""
drivers/net/ftgmac100.c,583,"""NETWORK"",""THE REST"""
drivers/net/ftgmac100.h,243,"""NETWORK"",""THE REST"""
drivers/net/ftmac100.c,265,"""NETWORK"",""THE REST"""
drivers/net/ftmac100.h,142,"""NETWORK"",""THE REST"""
drivers/net/ftmac110.c,480,"""NETWORK"",""THE REST"""
drivers/net/ftmac110.h,176,"""NETWORK"",""THE REST"""
drivers/net/greth.c,670,"""NETWORK"",""THE REST"""
drivers/net/greth.h,81,"""NETWORK"",""THE REST"""
drivers/net/keystone_net.c,596,"""NETWORK"",""THE REST"""
drivers/net/ks8695eth.c,229,"""NETWORK"",""THE REST"""
drivers/net/ks8851_mll.c,633,"""NETWORK"",""THE REST"""
drivers/net/ks8851_mll.h,357,"""NETWORK"",""THE REST"""
drivers/net/lan91c96.c,804,"""NETWORK"",""THE REST"""
drivers/net/lan91c96.h,617,"""NETWORK"",""THE REST"""
drivers/net/macb.c,763,"""NETWORK"",""THE REST"""
drivers/net/macb.h,313,"""NETWORK"",""THE REST"""
drivers/net/mcffec.c,609,"""NETWORK"",""THE REST"""
drivers/net/mcfmii.c,315,"""NETWORK"",""THE REST"""
drivers/net/mpc512x_fec.c,754,"""NETWORK"",""THE REST"""
drivers/net/mpc512x_fec.h,98,"""NETWORK"",""THE REST"""
drivers/net/mpc5xxx_fec.c,1022,"""NETWORK"",""THE REST"""
drivers/net/mpc5xxx_fec.h,282,"""NETWORK"",""THE REST"""
drivers/net/mvgbe.c,788,"""NETWORK"",""THE REST"""
drivers/net/mvgbe.h,498,"""NETWORK"",""THE REST"""
drivers/net/mvneta.c,1653,"""NETWORK"",""THE REST"""
drivers/net/natsemi.c,882,"""NETWORK"",""THE REST"""
drivers/net/ne2000.c,259,"""NETWORK"",""THE REST"""
drivers/net/ne2000.h,94,"""NETWORK"",""THE REST"""
drivers/net/ne2000_base.c,800,"""NETWORK"",""THE REST"""
drivers/net/ne2000_base.h,304,"""NETWORK"",""THE REST"""
drivers/net/netconsole.c,331,"""NETWORK"",""THE REST"""
drivers/net/ns8382x.c,851,"""NETWORK"",""THE REST"""
drivers/net/pcnet.c,542,"""NETWORK"",""THE REST"""
drivers/net/phy/Makefile,26,"""NETWORK"",""THE REST"""
drivers/net/phy/atheros.c,76,"""NETWORK"",""THE REST"""
drivers/net/phy/broadcom.c,274,"""NETWORK"",""THE REST"""
drivers/net/phy/cortina.c,333,"""NETWORK"",""THE REST"""
drivers/net/phy/davicom.c,84,"""NETWORK"",""THE REST"""
drivers/net/phy/et1011c.c,101,"""NETWORK"",""THE REST"""
drivers/net/phy/generic_10g.c,94,"""NETWORK"",""THE REST"""
drivers/net/phy/lxt.c,73,"""NETWORK"",""THE REST"""
drivers/net/phy/marvell.c,575,"""NETWORK"",""THE REST"""
drivers/net/phy/micrel.c,225,"""NETWORK"",""THE REST"""
drivers/net/phy/miiphybb.c,364,"""NETWORK"",""THE REST"""
drivers/net/phy/mv88e61xx.c,537,"""NETWORK"",""THE REST"""
drivers/net/phy/mv88e61xx.h,61,"""NETWORK"",""THE REST"""
drivers/net/phy/mv88e6352.c,302,"""NETWORK"",""THE REST"""
drivers/net/phy/natsemi.c,119,"""NETWORK"",""THE REST"""
drivers/net/phy/phy.c,812,"""NETWORK"",""THE REST"""
drivers/net/phy/realtek.c,141,"""NETWORK"",""THE REST"""
drivers/net/phy/smsc.c,79,"""NETWORK"",""THE REST"""
drivers/net/phy/teranetics.c,112,"""NETWORK"",""THE REST"""
drivers/net/phy/vitesse.c,427,"""NETWORK"",""THE REST"""
drivers/net/rtl8139.c,539,"""NETWORK"",""THE REST"""
drivers/net/rtl8169.c,1027,"""NETWORK"",""THE REST"""
drivers/net/sh_eth.c,663,"""NETWORK"",""THE REST"""
drivers/net/sh_eth.h,682,"""NETWORK"",""THE REST"""
drivers/net/smc91111.c,1355,"""NETWORK"",""THE REST"""
drivers/net/smc91111.h,789,"""NETWORK"",""THE REST"""
drivers/net/smc911x.c,283,"""NETWORK"",""THE REST"""
drivers/net/smc911x.h,500,"""NETWORK"",""THE REST"""
drivers/net/sunxi_emac.c,521,"""NETWORK"",""THE REST"""
drivers/net/tsec.c,695,"""NETWORK"",""THE REST"""
drivers/net/tsi108_eth.c,1016,"""NETWORK"",""THE REST"""
drivers/net/uli526x.c,996,"""NETWORK"",""THE REST"""
drivers/net/vsc7385.c,97,"""NETWORK"",""THE REST"""
drivers/net/xilinx_axi_emac.c,656,"""NETWORK"",""THE REST"""
drivers/net/xilinx_emaclite.c,392,"""NETWORK"",""THE REST"""
drivers/net/xilinx_ll_temac.c,402,"""NETWORK"",""THE REST"""
drivers/net/xilinx_ll_temac.h,307,"""NETWORK"",""THE REST"""
drivers/net/xilinx_ll_temac_fifo.c,139,"""NETWORK"",""THE REST"""
drivers/net/xilinx_ll_temac_fifo.h,118,"""NETWORK"",""THE REST"""
drivers/net/xilinx_ll_temac_mdio.c,177,"""NETWORK"",""THE REST"""
drivers/net/xilinx_ll_temac_mdio.h,50,"""NETWORK"",""THE REST"""
drivers/net/xilinx_ll_temac_sdma.c,366,"""NETWORK"",""THE REST"""
drivers/net/xilinx_ll_temac_sdma.h,277,"""NETWORK"",""THE REST"""
drivers/net/zynq_gem.c,580,"""NETWORK"",""THE REST"""
drivers/pci/Kconfig,0,"""THE REST"""
drivers/pci/Makefile,21,"""THE REST"""
drivers/pci/fsl_pci_init.c,893,"""THE REST"""
drivers/pci/pci.c,812,"""THE REST"""
drivers/pci/pci_auto.c,451,"""THE REST"""
drivers/pci/pci_ftpci100.c,318,"""THE REST"""
drivers/pci/pci_gt64120.c,176,"""THE REST"""
drivers/pci/pci_indirect.c,125,"""THE REST"""
drivers/pci/pci_msc01.c,125,"""THE REST"""
drivers/pci/pci_rom.c,278,"""THE REST"""
drivers/pci/pci_sh4.c,82,"""THE REST"""
drivers/pci/pci_sh7751.c,187,"""THE REST"""
drivers/pci/pci_sh7780.c,92,"""THE REST"""
drivers/pci/pci_tegra.c,1143,"""THE REST"""
drivers/pci/pcie_imx.c,649,"""THE REST"""
drivers/pci/pcie_layerscape.c,51,"""THE REST"""
drivers/pci/tsi108_pci.c,167,"""THE REST"""
drivers/pci/w83c553f.c,206,"""THE REST"""
drivers/pcmcia/Kconfig,0,"""THE REST"""
drivers/pcmcia/Makefile,11,"""THE REST"""
drivers/pcmcia/marubun_pcmcia.c,100,"""THE REST"""
drivers/pcmcia/mpc8xx_pcmcia.c,258,"""THE REST"""
drivers/pcmcia/ti_pci1410a.c,623,"""THE REST"""
drivers/pcmcia/tqm8xx_pcmcia.c,254,"""THE REST"""
drivers/power/Kconfig,47,"""THE REST"""
drivers/power/Makefile,23,"""THE REST"""
drivers/power/as3722.c,264,"""THE REST"""
drivers/power/axp152.c,97,"""THE REST"""
drivers/power/axp209.c,167,"""THE REST"""
drivers/power/axp221.c,186,"""THE REST"""
drivers/power/battery/Makefile,9,"""THE REST"""
drivers/power/battery/bat_trats.c,89,"""THE REST"""
drivers/power/battery/bat_trats2.c,65,"""THE REST"""
drivers/power/exynos-tmu.c,346,"""THE REST"""
drivers/power/ftpmu010.c,88,"""THE REST"""
drivers/power/fuel_gauge/Makefile,8,"""THE REST"""
drivers/power/fuel_gauge/fg_max17042.c,286,"""THE REST"""
drivers/power/mfd/Makefile,10,"""THE REST"""
drivers/power/mfd/fg_max77693.c,139,"""THE REST"""
drivers/power/mfd/muic_max77693.c,77,"""THE REST"""
drivers/power/mfd/pmic_max77693.c,96,"""THE REST"""
drivers/power/palmas.c,160,"""THE REST"""
drivers/power/pmic/Makefile,18,"""THE REST"""
drivers/power/pmic/muic_max8997.c,74,"""THE REST"""
drivers/power/pmic/pmic_ltc3676.c,32,"""THE REST"""
drivers/power/pmic/pmic_max77686.c,304,"""THE REST"""
drivers/power/pmic/pmic_max8997.c,107,"""THE REST"""
drivers/power/pmic/pmic_max8998.c,33,"""THE REST"""
drivers/power/pmic/pmic_pfuze100.c,32,"""THE REST"""
drivers/power/pmic/pmic_tps65090.c,310,"""THE REST"""
drivers/power/pmic/pmic_tps65090_ec.c,218,"""THE REST"""
drivers/power/pmic/pmic_tps65217.c,109,"""THE REST"""
drivers/power/pmic/pmic_tps65218.c,119,"""THE REST"""
drivers/power/pmic/pmic_tps65910.c,83,"""THE REST"""
drivers/power/power_core.c,223,"""THE REST"""
drivers/power/power_dialog.c,32,"""THE REST"""
drivers/power/power_fsl.c,58,"""THE REST"""
drivers/power/power_i2c.c,113,"""THE REST"""
drivers/power/power_spi.c,79,"""THE REST"""
drivers/power/tps6586x.c,251,"""THE REST"""
drivers/power/twl4030.c,113,"""THE REST"""
drivers/power/twl6030.c,235,"""THE REST"""
drivers/pwm/Makefile,13,"""THE REST"""
drivers/pwm/pwm-imx-util.c,73,"""THE REST"""
drivers/pwm/pwm-imx-util.h,16,"""THE REST"""
drivers/pwm/pwm-imx.c,59,"""THE REST"""
drivers/qe/Makefile,9,"""THE REST"""
drivers/qe/fdt.c,76,"""THE REST"""
drivers/qe/qe.c,630,"""THE REST"""
drivers/qe/qe.h,293,"""THE REST"""
drivers/qe/uccf.c,389,"""THE REST"""
drivers/qe/uccf.h,118,"""THE REST"""
drivers/qe/uec.c,1421,"""THE REST"""
drivers/qe/uec.h,742,"""THE REST"""
drivers/qe/uec_phy.c,912,"""THE REST"""
drivers/qe/uec_phy.h,240,"""THE REST"""
drivers/rtc/Kconfig,0,"""THE REST"""
drivers/rtc/Makefile,52,"""THE REST"""
drivers/rtc/at91sam9_rtt.c,84,"""THE REST"""
drivers/rtc/bfin_rtc.c,122,"""THE REST"""
drivers/rtc/date.c,140,"""THE REST"""
drivers/rtc/davinci.c,83,"""THE REST"""
drivers/rtc/ds1302.c,332,"""THE REST"""
drivers/rtc/ds1306.c,443,"""THE REST"""
drivers/rtc/ds1307.c,180,"""THE REST"""
drivers/rtc/ds1337.c,195,"""THE REST"""
drivers/rtc/ds1374.c,235,"""THE REST"""
drivers/rtc/ds1556.c,180,"""THE REST"""
drivers/rtc/ds164x.c,176,"""THE REST"""
drivers/rtc/ds174x.c,177,"""THE REST"""
drivers/rtc/ds3231.c,161,"""THE REST"""
drivers/rtc/ftrtc010.c,123,"""THE REST"""
drivers/rtc/imxdi.c,228,"""THE REST"""
drivers/rtc/isl1208.c,147,"""THE REST"""
drivers/rtc/m41t11.c,171,"""THE REST"""
drivers/rtc/m41t60.c,241,"""THE REST"""
drivers/rtc/m41t62.c,135,"""THE REST"""
drivers/rtc/m41t94.c,123,"""THE REST"""
drivers/rtc/m48t35ax.c,142,"""THE REST"""
drivers/rtc/max6900.c,109,"""THE REST"""
drivers/rtc/mc13xxx-rtc.c,67,"""THE REST"""
drivers/rtc/mc146818.c,187,"""THE REST"""
drivers/rtc/mcfrtc.c,109,"""THE REST"""
drivers/rtc/mk48t59.c,180,"""THE REST"""
drivers/rtc/mpc5xxx.c,128,"""THE REST"""
drivers/rtc/mpc8xx.c,61,"""THE REST"""
drivers/rtc/mvrtc.c,109,"""THE REST"""
drivers/rtc/mvrtc.h,49,"""THE REST"""
drivers/rtc/mx27rtc.c,70,"""THE REST"""
drivers/rtc/mxsrtc.c,73,"""THE REST"""
drivers/rtc/pcf8563.c,122,"""THE REST"""
drivers/rtc/pl031.c,109,"""THE REST"""
drivers/rtc/pt7c4338.c,128,"""THE REST"""
drivers/rtc/rs5c372.c,281,"""THE REST"""
drivers/rtc/rtc4543.c,101,"""THE REST"""
drivers/rtc/rv3029.c,190,"""THE REST"""
drivers/rtc/rx8025.c,211,"""THE REST"""
drivers/rtc/s3c24x0_rtc.c,154,"""THE REST"""
drivers/rtc/x1205.c,165,"""THE REST"""
drivers/serial/Kconfig,12,"""THE REST"""
drivers/serial/Makefile,50,"""THE REST"""
drivers/serial/altera_jtag_uart.c,103,"""THE REST"""
drivers/serial/altera_uart.c,137,"""THE REST"""
drivers/serial/arm_dcc.c,158,"""THE REST"""
drivers/serial/atmel_usart.c,209,"""THE REST"""
drivers/serial/atmel_usart.h,294,"""THE REST"""
drivers/serial/lpc32xx_hsuart.c,89,"""THE REST"""
drivers/serial/mcfuart.c,130,"""THE REST"""
drivers/serial/mxs_auart.c,151,"""THE REST"""
drivers/serial/ns16550.c,310,"""THE REST"""
drivers/serial/opencores_yanu.c,242,"""THE REST"""
drivers/serial/sandbox.c,199,"""THE REST"""
drivers/serial/serial-uclass.c,303,"""THE REST"""
drivers/serial/serial.c,621,"""THE REST"""
drivers/serial/serial_arc.c,115,"""THE REST"""
drivers/serial/serial_bfin.c,411,"""THE REST"""
drivers/serial/serial_dw.c,39,"""THE REST"""
drivers/serial/serial_imx.c,223,"""THE REST"""
drivers/serial/serial_ks8695.c,121,"""THE REST"""
drivers/serial/serial_lpuart.c,244,"""THE REST"""
drivers/serial/serial_max3100.c,294,"""THE REST"""
drivers/serial/serial_mxc.c,344,"""THE REST"""
drivers/serial/serial_ns16550.c,269,"""THE REST"""
drivers/serial/serial_omap.c,47,"""THE REST"""
drivers/serial/serial_pl01x.c,354,"""THE REST"""
drivers/serial/serial_pl01x_internal.h,128,"""THE REST"""
drivers/serial/serial_pxa.c,299,"""THE REST"""
drivers/serial/serial_s3c24x0.c,267,"""THE REST"""
drivers/serial/serial_s5p.c,190,"""THE REST"""
drivers/serial/serial_sa1100.c,162,"""THE REST"""
drivers/serial/serial_sh.c,208,"""THE REST"""
drivers/serial/serial_sh.h,744,"""THE REST"""
drivers/serial/serial_tegra.c,54,"""THE REST"""
drivers/serial/serial_uniphier.c,154,"""ARM UNIPHIER"",""THE REST"""
drivers/serial/serial_x86.c,38,"""THE REST"""
drivers/serial/serial_xuartlite.c,162,"""THE REST"""
drivers/serial/serial_zynq.c,230,"""THE REST"""
drivers/serial/usbtty.c,1046,"""THE REST"""
drivers/serial/usbtty.h,77,"""THE REST"""
drivers/soc/Makefile,5,"""THE REST"""
drivers/soc/keystone/Makefile,1,"""THE REST"""
drivers/soc/keystone/keystone_serdes.c,210,"""THE REST"""
drivers/sound/Kconfig,0,"""THE REST"""
drivers/sound/Makefile,13,"""THE REST"""
drivers/sound/max98095.c,591,"""THE REST"""
drivers/sound/max98095.h,317,"""THE REST"""
drivers/sound/samsung-i2s.c,371,"""THE REST"""
drivers/sound/sandbox.c,23,"""THE REST"""
drivers/sound/sound-i2s.c,208,"""THE REST"""
drivers/sound/sound.c,37,"""THE REST"""
drivers/sound/wm8994.c,915,"""THE REST"""
drivers/sound/wm8994.h,69,"""THE REST"""
drivers/sound/wm8994_registers.h,326,"""THE REST"""
drivers/spi/Kconfig,6,"""SPI"",""THE REST"""
drivers/spi/Makefile,51,"""SPI"",""THE REST"""
drivers/spi/altera_spi.c,184,"""SPI"",""THE REST"""
drivers/spi/andes_spi.c,284,"""SPI"",""THE REST"""
drivers/spi/andes_spi.h,115,"""SPI"",""THE REST"""
drivers/spi/armada100_spi.c,203,"""SPI"",""THE REST"""
drivers/spi/atmel_dataflash_spi.c,184,"""SPI"",""THE REST"""
drivers/spi/atmel_spi.c,211,"""SPI"",""THE REST"""
drivers/spi/atmel_spi.h,100,"""SPI"",""THE REST"""
drivers/spi/bfin_spi.c,308,"""SPI"",""THE REST"""
drivers/spi/bfin_spi6xx.c,304,"""SPI"",""THE REST"""
drivers/spi/cadence_qspi.c,345,"""SPI"",""THE REST"""
drivers/spi/cadence_qspi.h,76,"""SPI"",""THE REST"""
drivers/spi/cadence_qspi_apb.c,898,"""SPI"",""THE REST"""
drivers/spi/cf_qspi.c,355,"""SPI"",""THE REST"""
drivers/spi/cf_spi.c,347,"""SPI"",""THE REST"""
drivers/spi/davinci_spi.c,321,"""SPI"",""THE REST"""
drivers/spi/davinci_spi.h,121,"""SPI"",""THE REST"""
drivers/spi/designware_spi.c,426,"""SPI"",""THE REST"""
drivers/spi/ep93xx_spi.c,274,"""SPI"",""THE REST"""
drivers/spi/exynos_spi.c,430,"""SPI"",""THE REST"""
drivers/spi/fsl_espi.c,389,"""SPI"",""THE REST"""
drivers/spi/fsl_qspi.c,784,"""SPI"",""THE REST"""
drivers/spi/fsl_qspi.h,142,"""SPI"",""THE REST"""
drivers/spi/ftssp010_spi.c,496,"""SPI"",""THE REST"""
drivers/spi/ich.c,738,"""SPI"",""THE REST"""
drivers/spi/ich.h,127,"""SPI"",""THE REST"""
drivers/spi/kirkwood_spi.c,222,"""SPI"",""THE REST"""
drivers/spi/mpc52xx_spi.c,90,"""SPI"",""THE REST"""
drivers/spi/mpc8xxx_spi.c,166,"""SPI"",""THE REST"""
drivers/spi/mxc_spi.c,466,"""SPI"",""THE REST"""
drivers/spi/mxs_spi.c,362,"""SPI"",""THE REST"""
drivers/spi/oc_tiny_spi.c,245,"""SPI"",""THE REST"""
drivers/spi/omap3_spi.c,453,"""SPI"",""THE REST"""
drivers/spi/omap3_spi.h,109,"""SPI"",""THE REST"""
drivers/spi/sandbox_spi.c,165,"""SPI"",""THE REST"""
drivers/spi/sh_qspi.c,278,"""SPI"",""THE REST"""
drivers/spi/sh_spi.c,265,"""SPI"",""THE REST"""
drivers/spi/sh_spi.h,80,"""SPI"",""THE REST"""
drivers/spi/soft_spi.c,252,"""SPI"",""THE REST"""
drivers/spi/soft_spi_legacy.c,176,"""SPI"",""THE REST"""
drivers/spi/spi-emul-uclass.c,15,"""SPI"",""THE REST"""
drivers/spi/spi-uclass.c,360,"""SPI"",""THE REST"""
drivers/spi/spi.c,60,"""SPI"",""THE REST"""
drivers/spi/tegra114_spi.c,412,"""SPI"",""THE REST"""
drivers/spi/tegra20_sflash.c,353,"""SPI"",""THE REST"""
drivers/spi/tegra20_slink.c,366,"""SPI"",""THE REST"""
drivers/spi/tegra_spi.h,12,"""SPI"",""THE REST"""
drivers/spi/ti_qspi.c,342,"""SPI"",""THE REST"""
drivers/spi/xilinx_spi.c,215,"""SPI"",""THE REST"""
drivers/spi/xilinx_spi.h,138,"""SPI"",""THE REST"""
drivers/spi/zynq_spi.c,280,"""SPI"",""THE REST"""
drivers/thermal/Makefile,9,"""THE REST"""
drivers/thermal/imx_thermal.c,175,"""THE REST"""
drivers/thermal/thermal-uclass.c,30,"""THE REST"""
drivers/tpm/Kconfig,0,"""THE REST"""
drivers/tpm/Makefile,11,"""THE REST"""
drivers/tpm/tpm.c,629,"""THE REST"""
drivers/tpm/tpm_atmel_twi.c,121,"""THE REST"""
drivers/tpm/tpm_private.h,137,"""THE REST"""
drivers/tpm/tpm_tis_i2c.c,637,"""THE REST"""
drivers/tpm/tpm_tis_lpc.c,479,"""THE REST"""
drivers/tpm/tpm_tis_sandbox.c,260,"""THE REST"""
drivers/twserial/Makefile,8,"""THE REST"""
drivers/twserial/soft_tws.c,94,"""THE REST"""
drivers/usb/Kconfig,46,"""THE REST"",""USB"""
drivers/usb/eth/Makefile,11,"""THE REST"",""USB"""
drivers/usb/eth/asix.c,701,"""THE REST"",""USB"""
drivers/usb/eth/asix88179.c,700,"""THE REST"",""USB"""
drivers/usb/eth/mcs7830.c,812,"""THE REST"",""USB"""
drivers/usb/eth/smsc95xx.c,899,"""THE REST"",""USB"""
drivers/usb/eth/usb_ether.c,163,"""THE REST"",""USB"""
drivers/usb/gadget/Makefile,38,"""THE REST"",""USB"""
drivers/usb/gadget/atmel_usba_udc.c,1305,"""THE REST"",""USB"""
drivers/usb/gadget/atmel_usba_udc.h,326,"""THE REST"",""USB"""
drivers/usb/gadget/ci_udc.c,933,"""THE REST"",""USB"""
drivers/usb/gadget/ci_udc.h,152,"""THE REST"",""USB"""
drivers/usb/gadget/composite.c,1091,"""THE REST"",""USB"""
drivers/usb/gadget/config.c,108,"""THE REST"",""USB"""
drivers/usb/gadget/core.c,669,"""THE REST"",""USB"""
drivers/usb/gadget/designware_udc.c,1019,"""THE REST"",""USB"""
drivers/usb/gadget/ep0.c,597,"""THE REST"",""USB"""
drivers/usb/gadget/ep0.h,26,"""THE REST"",""USB"""
drivers/usb/gadget/epautoconf.c,296,"""THE REST"",""USB"""
drivers/usb/gadget/ether.c,2526,"""THE REST"",""USB"""
drivers/usb/gadget/f_dfu.c,837,"""THE REST"",""USB"""
drivers/usb/gadget/f_dfu.h,87,"""THE REST"",""USB"""
drivers/usb/gadget/f_fastboot.c,578,"""THE REST"",""USB"""
drivers/usb/gadget/f_mass_storage.c,2784,"""THE REST"",""USB"""
drivers/usb/gadget/f_thor.c,1004,"""THE REST"",""USB"""
drivers/usb/gadget/f_thor.h,124,"""THE REST"",""USB"""
drivers/usb/gadget/fotg210.c,962,"""THE REST"",""USB"""
drivers/usb/gadget/g_dnl.c,281,"""THE REST"",""USB"""
drivers/usb/gadget/gadget_chips.h,227,"""THE REST"",""USB"""
drivers/usb/gadget/mpc8xx_udc.c,1386,"""THE REST"",""USB"""
drivers/usb/gadget/ndis.h,217,"""THE REST"",""USB"""
drivers/usb/gadget/pxa25x_udc.c,2047,"""THE REST"",""USB"""
drivers/usb/gadget/pxa25x_udc.h,150,"""THE REST"",""USB"""
drivers/usb/gadget/pxa27x_udc.c,704,"""THE REST"",""USB"""
drivers/usb/gadget/regs-otg.h,273,"""THE REST"",""USB"""
drivers/usb/gadget/rndis.c,1316,"""THE REST"",""USB"""
drivers/usb/gadget/rndis.h,260,"""THE REST"",""USB"""
drivers/usb/gadget/s3c_udc_otg.c,844,"""THE REST"",""USB"""
drivers/usb/gadget/s3c_udc_otg_phy.c,101,"""THE REST"",""USB"""
drivers/usb/gadget/s3c_udc_otg_xfer_dma.c,1480,"""THE REST"",""USB"""
drivers/usb/gadget/storage_common.c,615,"""THE REST"",""USB"""
drivers/usb/gadget/usbstring.c,139,"""THE REST"",""USB"""
drivers/usb/host/Kconfig,56,"""THE REST"",""USB"""
drivers/usb/host/Makefile,52,"""THE REST"",""USB"""
drivers/usb/host/dwc2.c,1053,"""THE REST"",""USB"""
drivers/usb/host/dwc2.h,782,"""THE REST"",""USB"""
drivers/usb/host/ehci-armada100.c,48,"""THE REST"",""USB"""
drivers/usb/host/ehci-atmel.c,81,"""THE REST"",""USB"""
drivers/usb/host/ehci-exynos.c,270,"""THE REST"",""USB"""
drivers/usb/host/ehci-faraday.c,147,"""THE REST"",""USB"""
drivers/usb/host/ehci-fsl.c,346,"""THE REST"",""USB"""
drivers/usb/host/ehci-hcd.c,1425,"""THE REST"",""USB"""
drivers/usb/host/ehci-marvell.c,100,"""THE REST"",""USB"""
drivers/usb/host/ehci-mpc512x.c,140,"""THE REST"",""USB"""
drivers/usb/host/ehci-mx5.c,258,"""THE REST"",""USB"""
drivers/usb/host/ehci-mx6.c,271,"""THE REST"",""USB"""
drivers/usb/host/ehci-mxc.c,250,"""THE REST"",""USB"""
drivers/usb/host/ehci-mxs.c,174,"""THE REST"",""USB"""
drivers/usb/host/ehci-omap.c,295,"""THE REST"",""USB"""
drivers/usb/host/ehci-pci.c,138,"""THE REST"",""USB"""
drivers/usb/host/ehci-ppc4xx.c,34,"""THE REST"",""USB"""
drivers/usb/host/ehci-rmobile.c,129,"""THE REST"",""USB"""
drivers/usb/host/ehci-spear.c,44,"""THE REST"",""USB"""
drivers/usb/host/ehci-sunxi.c,239,"""THE REST"",""USB"""
drivers/usb/host/ehci-tegra.c,874,"""THE REST"",""USB"""
drivers/usb/host/ehci-uniphier.c,75,"""THE REST"",""USB"""
drivers/usb/host/ehci-vct.c,45,"""THE REST"",""USB"""
drivers/usb/host/ehci-zynq.c,104,"""THE REST"",""USB"""
drivers/usb/host/ehci.h,258,"""THE REST"",""USB"""
drivers/usb/host/isp116x-hcd.c,1323,"""THE REST"",""USB"""
drivers/usb/host/isp116x.h,476,"""THE REST"",""USB"""
drivers/usb/host/ohci-at91.c,96,"""THE REST"",""USB"""
drivers/usb/host/ohci-da8xx.c,40,"""THE REST"",""USB"""
drivers/usb/host/ohci-ep93xx.c,38,"""THE REST"",""USB"""
drivers/usb/host/ohci-hcd.c,1882,"""THE REST"",""USB"""
drivers/usb/host/ohci-s3c24xx.c,1688,"""THE REST"",""USB"""
drivers/usb/host/ohci-s3c24xx.h,409,"""THE REST"",""USB"""
drivers/usb/host/ohci.h,491,"""THE REST"",""USB"""
drivers/usb/host/r8a66597-hcd.c,829,"""THE REST"",""USB"""
drivers/usb/host/r8a66597.h,659,"""THE REST"",""USB"""
drivers/usb/host/sl811-hcd.c,714,"""THE REST"",""USB"""
drivers/usb/host/sl811.h,104,"""THE REST"",""USB"""
drivers/usb/host/utmi-armada100.c,80,"""THE REST"",""USB"""
drivers/usb/host/xhci-exynos5.c,328,"""THE REST"",""USB"""
drivers/usb/host/xhci-keystone.c,329,"""THE REST"",""USB"""
drivers/usb/host/xhci-mem.c,720,"""THE REST"",""USB"""
drivers/usb/host/xhci-omap.c,159,"""THE REST"",""USB"""
drivers/usb/host/xhci-ring.c,939,"""THE REST"",""USB"""
drivers/usb/host/xhci.c,1030,"""THE REST"",""USB"""
drivers/usb/host/xhci.h,1253,"""THE REST"",""USB"""
drivers/usb/musb-new/Makefile,14,"""THE REST"",""USB"""
drivers/usb/musb-new/am35x.c,708,"""THE REST"",""USB"""
drivers/usb/musb-new/linux-compat.h,40,"""THE REST"",""USB"""
drivers/usb/musb-new/musb_core.c,2497,"""THE REST"",""USB"""
drivers/usb/musb-new/musb_core.h,623,"""THE REST"",""USB"""
drivers/usb/musb-new/musb_debug.h,58,"""THE REST"",""USB"""
drivers/usb/musb-new/musb_dma.h,186,"""THE REST"",""USB"""
drivers/usb/musb-new/musb_dsps.c,770,"""THE REST"",""USB"""
drivers/usb/musb-new/musb_gadget.c,2332,"""THE REST"",""USB"""
drivers/usb/musb-new/musb_gadget.h,130,"""THE REST"",""USB"""
drivers/usb/musb-new/musb_gadget_ep0.c,1088,"""THE REST"",""USB"""
drivers/usb/musb-new/musb_host.c,2399,"""THE REST"",""USB"""
drivers/usb/musb-new/musb_host.h,114,"""THE REST"",""USB"""
drivers/usb/musb-new/musb_io.h,146,"""THE REST"",""USB"""
drivers/usb/musb-new/musb_regs.h,645,"""THE REST"",""USB"""
drivers/usb/musb-new/musb_uboot.c,241,"""THE REST"",""USB"""
drivers/usb/musb-new/omap2430.c,625,"""THE REST"",""USB"""
drivers/usb/musb-new/omap2430.h,56,"""THE REST"",""USB"""
drivers/usb/musb-new/usb-compat.h,88,"""THE REST"",""USB"""
drivers/usb/musb/Makefile,14,"""THE REST"",""USB"""
drivers/usb/musb/am35x.c,139,"""THE REST"",""USB"""
drivers/usb/musb/am35x.h,82,"""THE REST"",""USB"""
drivers/usb/musb/blackfin_usb.c,172,"""THE REST"",""USB"""
drivers/usb/musb/blackfin_usb.h,99,"""THE REST"",""USB"""
drivers/usb/musb/da8xx.c,128,"""THE REST"",""USB"""
drivers/usb/musb/davinci.c,124,"""THE REST"",""USB"""
drivers/usb/musb/davinci.h,74,"""THE REST"",""USB"""
drivers/usb/musb/musb_core.c,155,"""THE REST"",""USB"""
drivers/usb/musb/musb_core.h,395,"""THE REST"",""USB"""
drivers/usb/musb/musb_debug.h,192,"""THE REST"",""USB"""
drivers/usb/musb/musb_hcd.c,1172,"""THE REST"",""USB"""
drivers/usb/musb/musb_hcd.h,96,"""THE REST"",""USB"""
drivers/usb/musb/musb_udc.c,959,"""THE REST"",""USB"""
drivers/usb/musb/omap3.c,145,"""THE REST"",""USB"""
drivers/usb/musb/omap3.h,39,"""THE REST"",""USB"""
drivers/usb/phy/Makefile,9,"""THE REST"",""USB"""
drivers/usb/phy/omap_usb_phy.c,274,"""THE REST"",""USB"""
drivers/usb/phy/twl4030.c,176,"""THE REST"",""USB"""
drivers/usb/ulpi/Makefile,9,"""THE REST"",""USB"""
drivers/usb/ulpi/omap-ulpi-viewport.c,81,"""THE REST"",""USB"""
drivers/usb/ulpi/ulpi-viewport.c,120,"""THE REST"",""USB"""
drivers/usb/ulpi/ulpi.c,245,"""THE REST"",""USB"""
drivers/video/Kconfig,0,"""THE REST"",""VIDEO"""
drivers/video/Makefile,48,"""THE REST"",""VIDEO"""
drivers/video/am335x-fb.c,169,"""THE REST"",""VIDEO"""
drivers/video/am335x-fb.h,67,"""THE REST"",""VIDEO"""
drivers/video/ati_ids.h,211,"""THE REST"",""VIDEO"""
drivers/video/ati_radeon_fb.c,759,"""THE REST"",""VIDEO"""
drivers/video/ati_radeon_fb.h,282,"""THE REST"",""VIDEO"""
drivers/video/atmel_hlcdfb.c,203,"""THE REST"",""VIDEO"""
drivers/video/atmel_lcdfb.c,138,"""THE REST"",""VIDEO"""
drivers/video/bcm2835.c,116,"""THE REST"",""VIDEO"""
drivers/video/bus_vcxk.c,426,"""THE REST"",""VIDEO"""
drivers/video/cfb_console.c,2324,"""THE REST"",""VIDEO"""
drivers/video/coreboot_fb.c,85,"""THE REST"",""VIDEO"""
drivers/video/ct69000.c,1267,"""THE REST"",""VIDEO"""
drivers/video/da8xx-fb.c,1054,"""THE REST"",""VIDEO"""
drivers/video/da8xx-fb.h,116,"""THE REST"",""VIDEO"""
drivers/video/exynos_dp.c,983,"""THE REST"",""VIDEO"""
drivers/video/exynos_dp_lowlevel.c,1257,"""THE REST"",""VIDEO"""
drivers/video/exynos_dp_lowlevel.h,68,"""THE REST"",""VIDEO"""
drivers/video/exynos_fb.c,300,"""THE REST"",""VIDEO"""
drivers/video/exynos_fb.h,41,"""THE REST"",""VIDEO"""
drivers/video/exynos_fimd.c,409,"""THE REST"",""VIDEO"""
drivers/video/exynos_mipi_dsi.c,337,"""THE REST"",""VIDEO"""
drivers/video/exynos_mipi_dsi_common.c,620,"""THE REST"",""VIDEO"""
drivers/video/exynos_mipi_dsi_common.h,35,"""THE REST"",""VIDEO"""
drivers/video/exynos_mipi_dsi_lowlevel.c,639,"""THE REST"",""VIDEO"""
drivers/video/exynos_mipi_dsi_lowlevel.h,98,"""THE REST"",""VIDEO"""
drivers/video/exynos_pwm_bl.c,45,"""THE REST"",""VIDEO"""
drivers/video/formike.c,512,"""THE REST"",""VIDEO"""
drivers/video/fsl_dcu_fb.c,365,"""THE REST"",""VIDEO"""
drivers/video/fsl_diu_fb.c,417,"""THE REST"",""VIDEO"""
drivers/video/imx25lcdc.c,121,"""THE REST"",""VIDEO"""
drivers/video/ipu.h,269,"""THE REST"",""VIDEO"""
drivers/video/ipu_common.c,1196,"""THE REST"",""VIDEO"""
drivers/video/ipu_disp.c,1294,"""THE REST"",""VIDEO"""
drivers/video/ipu_regs.h,415,"""THE REST"",""VIDEO"""
drivers/video/l5f31188.c,192,"""THE REST"",""VIDEO"""
drivers/video/ld9040.c,128,"""THE REST"",""VIDEO"""
drivers/video/mb862xx.c,484,"""THE REST"",""VIDEO"""
drivers/video/mb86r0xgdc.c,168,"""THE REST"",""VIDEO"""
drivers/video/mpc8xx_lcd.c,419,"""THE REST"",""VIDEO"""
drivers/video/mx3fb.c,915,"""THE REST"",""VIDEO"""
drivers/video/mxc_ipuv3_fb.c,620,"""THE REST"",""VIDEO"""
drivers/video/mxcfb.h,52,"""THE REST"",""VIDEO"""
drivers/video/mxsfb.c,224,"""THE REST"",""VIDEO"""
drivers/video/omap3_dss.c,167,"""THE REST"",""VIDEO"""
drivers/video/parade.c,220,"""THE REST"",""VIDEO"""
drivers/video/pxa_lcd.c,625,"""THE REST"",""VIDEO"""
drivers/video/s6e63d6.c,60,"""THE REST"",""VIDEO"""
drivers/video/s6e8ax0.c,265,"""THE REST"",""VIDEO"""
drivers/video/sandbox_sdl.c,79,"""THE REST"",""VIDEO"""
drivers/video/scf0403_lcd.c,296,"""THE REST"",""VIDEO"""
drivers/video/sed13806.c,291,"""THE REST"",""VIDEO"""
drivers/video/sed156x.c,546,"""THE REST"",""VIDEO"""
drivers/video/sm501.c,224,"""THE REST"",""VIDEO"""
drivers/video/smiLynxEM.c,835,"""THE REST"",""VIDEO"""
drivers/video/sunxi_display.c,451,"""THE REST"",""VIDEO"""
drivers/video/tegra.c,299,"""THE REST"",""VIDEO"""
drivers/video/videomodes.c,262,"""THE REST"",""VIDEO"""
drivers/video/videomodes.h,75,"""THE REST"",""VIDEO"""
drivers/video/x86_fb.c,37,"""THE REST"",""VIDEO"""
drivers/watchdog/Kconfig,0,"""THE REST"""
drivers/watchdog/Makefile,18,"""THE REST"""
drivers/watchdog/at91sam9_wdt.c,77,"""THE REST"""
drivers/watchdog/bfin_wdt.c,27,"""THE REST"""
drivers/watchdog/designware_wdt.c,74,"""THE REST"""
drivers/watchdog/ftwdt010_wdt.c,92,"""THE REST"""
drivers/watchdog/imx_watchdog.c,67,"""THE REST"""
drivers/watchdog/omap_wdt.c,121,"""THE REST"""
drivers/watchdog/s5p_wdt.c,43,"""THE REST"""
drivers/watchdog/tnetv107x_wdt.c,165,"""THE REST"""
drivers/watchdog/xilinx_tb_wdt.c,69,"""THE REST"""
dts/.gitignore,2,"""THE REST"""
dts/Kconfig,55,"""THE REST"""
dts/Makefile,48,"""THE REST"""
examples/Makefile,9,"""THE REST"""
examples/api/.gitignore,2,"""THE REST"""
examples/api/Makefile,57,"""THE REST"""
examples/api/crt0.S,54,"""THE REST"""
examples/api/demo.c,314,"""THE REST"""
examples/api/glue.c,418,"""THE REST"""
examples/api/glue.h,68,"""THE REST"""
examples/api/libgenwrap.c,80,"""THE REST"""
examples/standalone/.gitignore,11,"""THE REST"""
examples/standalone/Makefile,75,"""THE REST"""
examples/standalone/README.smc91111_eeprom,246,"""THE REST"""
examples/standalone/atmel_df_pow2.c,210,"""THE REST"""
examples/standalone/hello_world.c,38,"""THE REST"""
examples/standalone/interrupt.c,65,"""THE REST"""
examples/standalone/mem_to_mem_idma2intr.c,385,"""THE REST"""
examples/standalone/mips.lds,43,"""THE REST"""
examples/standalone/mips64.lds,43,"""THE REST"""
examples/standalone/nds32.lds,40,"""THE REST"""
examples/standalone/ppc_longjmp.S,67,"""THE REST"""
examples/standalone/ppc_setjmp.S,71,"""THE REST"""
examples/standalone/sched.c,356,"""THE REST"""
examples/standalone/smc91111_eeprom.c,372,"""THE REST"""
examples/standalone/smc911x_eeprom.c,378,"""THE REST"""
examples/standalone/sparc.lds,46,"""THE REST"""
examples/standalone/stubs.c,262,"""THE REST"""
examples/standalone/test_burst.c,284,"""THE REST"""
examples/standalone/test_burst.h,22,"""THE REST"""
examples/standalone/test_burst_lib.S,154,"""THE REST"""
examples/standalone/timer.c,333,"""THE REST"""
fs/Kconfig,19,"""THE REST"""
fs/Makefile,25,"""THE REST"""
fs/cbfs/Makefile,6,"""THE REST"""
fs/cbfs/cbfs.c,323,"""THE REST"""
fs/cramfs/Kconfig,0,"""THE REST"""
fs/cramfs/Makefile,9,"""THE REST"""
fs/cramfs/cramfs.c,348,"""THE REST"""
fs/cramfs/uncompress.c,83,"""THE REST"""
fs/ext4/Kconfig,0,"""THE REST"""
fs/ext4/Makefile,13,"""THE REST"""
fs/ext4/crc16.c,62,"""THE REST"""
fs/ext4/crc16.h,16,"""THE REST"""
fs/ext4/dev.c,145,"""THE REST"""
fs/ext4/ext4_common.c,2251,"""THE REST"""
fs/ext4/ext4_common.h,78,"""THE REST"""
fs/ext4/ext4_journal.c,653,"""THE REST"""
fs/ext4/ext4_journal.h,125,"""THE REST"""
fs/ext4/ext4_write.c,1009,"""THE REST"""
fs/ext4/ext4fs.c,250,"""THE REST"""
fs/fat/Kconfig,0,"""THE REST"""
fs/fat/Makefile,11,"""THE REST"""
fs/fat/fat.c,1323,"""THE REST"""
fs/fat/fat_write.c,1115,"""THE REST"""
fs/fat/file.c,183,"""THE REST"""
fs/fs.c,505,"""THE REST"""
fs/jffs2/Kconfig,0,"""THE REST"""
fs/jffs2/LICENCE,30,"""THE REST"""
fs/jffs2/Makefile,13,"""THE REST"""
fs/jffs2/compr_lzo.c,401,"""THE REST"""
fs/jffs2/compr_rtime.c,87,"""THE REST"""
fs/jffs2/compr_rubin.c,122,"""THE REST"""
fs/jffs2/compr_zlib.c,48,"""THE REST"""
fs/jffs2/jffs2_1pass.c,1865,"""THE REST"""
fs/jffs2/jffs2_nand_1pass.c,1030,"""THE REST"""
fs/jffs2/jffs2_nand_private.h,133,"""THE REST"""
fs/jffs2/jffs2_private.h,101,"""THE REST"""
fs/jffs2/mini_inflate.c,377,"""THE REST"""
fs/jffs2/summary.h,163,"""THE REST"""
fs/reiserfs/Kconfig,0,"""THE REST"""
fs/reiserfs/Makefile,12,"""THE REST"""
fs/reiserfs/dev.c,98,"""THE REST"""
fs/reiserfs/mode_string.c,125,"""THE REST"""
fs/reiserfs/reiserfs.c,972,"""THE REST"""
fs/reiserfs/reiserfs_private.h,508,"""THE REST"""
fs/sandbox/Makefile,13,"""THE REST"""
fs/sandbox/sandboxfs.c,137,"""THE REST"""
fs/ubifs/Kconfig,0,"""THE REST"""
fs/ubifs/Makefile,15,"""THE REST"""
fs/ubifs/budget.c,730,"""THE REST"""
fs/ubifs/crc16.c,60,"""THE REST"""
fs/ubifs/crc16.h,29,"""THE REST"""
fs/ubifs/debug.c,3142,"""THE REST"""
fs/ubifs/debug.h,377,"""THE REST"""
fs/ubifs/io.c,1150,"""THE REST"""
fs/ubifs/key.h,537,"""THE REST"""
fs/ubifs/log.c,736,"""THE REST"""
fs/ubifs/lprops.c,1313,"""THE REST"""
fs/ubifs/lpt.c,2284,"""THE REST"""
fs/ubifs/lpt_commit.c,2039,"""THE REST"""
fs/ubifs/master.c,394,"""THE REST"""
fs/ubifs/misc.h,301,"""THE REST"""
fs/ubifs/orphan.c,947,"""THE REST"""
fs/ubifs/recovery.c,1562,"""THE REST"""
fs/ubifs/replay.c,1066,"""THE REST"""
fs/ubifs/sb.c,818,"""THE REST"""
fs/ubifs/scan.c,371,"""THE REST"""
fs/ubifs/super.c,2698,"""THE REST"""
fs/ubifs/tnc.c,3328,"""THE REST"""
fs/ubifs/tnc_misc.c,486,"""THE REST"""
fs/ubifs/ubifs-media.h,785,"""THE REST"""
fs/ubifs/ubifs.c,853,"""THE REST"""
fs/ubifs/ubifs.h,2397,"""THE REST"""
fs/yaffs2/Makefile,29,"""THE REST"""
fs/yaffs2/yaffs_allocator.c,356,"""THE REST"""
fs/yaffs2/yaffs_allocator.h,30,"""THE REST"""
fs/yaffs2/yaffs_attribs.c,152,"""THE REST"""
fs/yaffs2/yaffs_attribs.h,28,"""THE REST"""
fs/yaffs2/yaffs_bitmap.c,97,"""THE REST"""
fs/yaffs2/yaffs_bitmap.h,33,"""THE REST"""
fs/yaffs2/yaffs_checkptrw.c,408,"""THE REST"""
fs/yaffs2/yaffs_checkptrw.h,33,"""THE REST"""
fs/yaffs2/yaffs_ecc.c,281,"""THE REST"""
fs/yaffs2/yaffs_ecc.h,44,"""THE REST"""
fs/yaffs2/yaffs_error.c,58,"""THE REST"""
fs/yaffs2/yaffs_flashif.h,35,"""THE REST"""
fs/yaffs2/yaffs_flashif2.h,35,"""THE REST"""
fs/yaffs2/yaffs_getblockinfo.h,35,"""THE REST"""
fs/yaffs2/yaffs_guts.c,5009,"""THE REST"""
fs/yaffs2/yaffs_guts.h,973,"""THE REST"""
fs/yaffs2/yaffs_mtdif.c,165,"""THE REST"""
fs/yaffs2/yaffs_mtdif.h,27,"""THE REST"""
fs/yaffs2/yaffs_mtdif2.c,232,"""THE REST"""
fs/yaffs2/yaffs_mtdif2.h,30,"""THE REST"""
fs/yaffs2/yaffs_nameval.c,208,"""THE REST"""
fs/yaffs2/yaffs_nameval.h,28,"""THE REST"""
fs/yaffs2/yaffs_nand.c,120,"""THE REST"""
fs/yaffs2/yaffs_nand.h,38,"""THE REST"""
fs/yaffs2/yaffs_nandemul2k.h,39,"""THE REST"""
fs/yaffs2/yaffs_nandif.c,251,"""THE REST"""
fs/yaffs2/yaffs_nandif.h,65,"""THE REST"""
fs/yaffs2/yaffs_osglue.h,41,"""THE REST"""
fs/yaffs2/yaffs_packedtags1.c,56,"""THE REST"""
fs/yaffs2/yaffs_packedtags1.h,39,"""THE REST"""
fs/yaffs2/yaffs_packedtags2.c,197,"""THE REST"""
fs/yaffs2/yaffs_packedtags2.h,47,"""THE REST"""
fs/yaffs2/yaffs_qsort.c,141,"""THE REST"""
fs/yaffs2/yaffs_summary.c,309,"""THE REST"""
fs/yaffs2/yaffs_summary.h,37,"""THE REST"""
fs/yaffs2/yaffs_tagscompat.c,407,"""THE REST"""
fs/yaffs2/yaffs_tagscompat.h,36,"""THE REST"""
fs/yaffs2/yaffs_trace.h,57,"""THE REST"""
fs/yaffs2/yaffs_uboot_glue.c,465,"""THE REST"""
fs/yaffs2/yaffs_verify.c,522,"""THE REST"""
fs/yaffs2/yaffs_verify.h,43,"""THE REST"""
fs/yaffs2/yaffs_yaffs1.c,419,"""THE REST"""
fs/yaffs2/yaffs_yaffs1.h,22,"""THE REST"""
fs/yaffs2/yaffs_yaffs2.c,1526,"""THE REST"""
fs/yaffs2/yaffs_yaffs2.h,39,"""THE REST"""
fs/yaffs2/yaffscfg.h,38,"""THE REST"""
fs/yaffs2/yaffsfs.c,3211,"""THE REST"""
fs/yaffs2/yaffsfs.h,209,"""THE REST"""
fs/yaffs2/ydirectenv.h,82,"""THE REST"""
fs/yaffs2/yportenv.h,309,"""THE REST"""
fs/zfs/Makefile,8,"""THE REST"""
fs/zfs/dev.c,112,"""THE REST"""
fs/zfs/zfs.c,2341,"""THE REST"""
fs/zfs/zfs_fletcher.c,75,"""THE REST"""
fs/zfs/zfs_lzjb.c,85,"""THE REST"""
fs/zfs/zfs_sha256.c,136,"""THE REST"""
include/.gitignore,4,"""THE REST"""
include/74xx_7xx.h,110,"""THE REST"""
include/ACEX1K.h,70,"""THE REST"""
include/MCD_dma.h,370,"""THE REST"""
include/MCD_progCheck.h,11,"""THE REST"""
include/MCD_tasksInit.h,44,"""THE REST"""
include/SA-1100.h,2833,"""THE REST"""
include/_exports.h,32,"""THE REST"""
include/aboot.h,28,"""THE REST"""
include/addr_map.h,29,"""THE REST"""
include/aes.h,94,"""THE REST"""
include/ahci.h,166,"""THE REST"""
include/ali512x.h,38,"""THE REST"""
include/altera.h,100,"""THE REST"""
include/ambapp.h,377,"""THE REST"""
include/andestech/andes_pcu.h,355,"""THE REST"""
include/android_image.h,69,"""THE REST"""
include/ansi.h,26,"""THE REST"""
include/api_public.h,128,"""THE REST"""
include/armcoremodule.h,76,"""THE REST"""
include/asm-generic/errno.h,139,"""THE REST"""
include/asm-generic/global_data.h,113,"""THE REST"""
include/asm-generic/gpio.h,271,"""THE REST"""
include/asm-generic/ioctl.h,105,"""THE REST"""
include/asm-generic/sections.h,89,"""THE REST"""
include/asm-generic/signal.h,101,"""THE REST"""
include/asm-generic/u-boot.h,132,"""THE REST"""
include/asm-generic/unaligned.h,23,"""THE REST"""
include/asm-offsets.h,6,"""THE REST"""
include/ata.h,251,"""THE REST"""
include/atmel_hlcdc.h,226,"""THE REST"""
include/atmel_lcdc.h,165,"""THE REST"""
include/atmel_mci.h,218,"""THE REST"""
include/autoboot.h,47,"""THE REST"""
include/axp152.h,10,"""THE REST"""
include/axp209.h,14,"""THE REST"""
include/axp221.h,50,"""THE REST"""
include/bcd.h,25,"""THE REST"""
include/bedbug/bedbug.h,40,"""THE REST"""
include/bedbug/ppc.h,408,"""THE REST"""
include/bedbug/regs.h,402,"""THE REST"""
include/bedbug/tables.h,601,"""THE REST"""
include/bedbug/type.h,26,"""THE REST"""
include/bios_emul.h,66,"""THE REST"""
include/bitfield.h,58,"""THE REST"""
include/bmp_layout.h,61,"""THE REST"""
include/bootcount.h,40,"""THE REST"""
include/bootm.h,59,"""THE REST"""
include/bootretry.h,59,"""THE REST"""
include/bootstage.h,394,"""THE REST"""
include/bouncebuf.h,72,"""THE REST"""
include/bus_vcxk.h,20,"""THE REST"""
include/bzlib.h,329,"""THE REST"""
include/cbfs.h,168,"""THE REST"""
include/circbuf.h,27,"""THE REST"""
include/cli.h,157,"""THE REST"""
include/cli_hush.h,27,"""THE REST"""
include/clk.h,6,"""THE REST"""
include/cmd_spl.h,15,"""THE REST"""
include/command.h,184,"""THE REST"""
include/common.h,974,"""THE REST"""
include/common_timing_params.h,70,"""THE REST"""
include/commproc.h,865,"""THE REST"""
include/compiler.h,144,"""THE REST"""
include/config_cmd_all.h,100,"""THE REST"""
include/config_cmd_default.h,43,"""THE REST"""
include/config_defaults.h,29,"""THE REST"""
include/config_distro_bootcmd.h,210,"""THE REST"""
include/config_distro_defaults.h,56,"""THE REST"""
include/config_fallbacks.h,100,"""THE REST"""
include/config_phylib_all_drivers.h,34,"""THE REST"""
include/config_uncmd_spl.h,24,"""THE REST"""
include/configs/APC405.h,424,"""THE REST"""
include/configs/AR405.h,253,"""THE REST"""
include/configs/ASH405.h,351,"""THE REST"""
include/configs/B4860QDS.h,945,"""THE REST"""
include/configs/BC3450.h,541,"""THE REST"""
include/configs/BSC9131RDB.h,470,"""THE REST"""
include/configs/BSC9132QDS.h,742,"""THE REST"""
include/configs/C29XPCIE.h,584,"""THE REST"""
include/configs/CATcenter.h,750,"""THE REST"""
include/configs/CMS700.h,308,"""THE REST"""
include/configs/CPCI2DP.h,253,"""THE REST"""
include/configs/CPCI405.h,320,"""THE REST"""
include/configs/CPCI4052.h,381,"""THE REST"""
include/configs/CPCI405AB.h,373,"""THE REST"""
include/configs/CPCI405DT.h,376,"""THE REST"""
include/configs/CPCIISER4.h,237,"""THE REST"""
include/configs/DP405.h,246,"""THE REST"""
include/configs/DU405.h,273,"""THE REST"""
include/configs/DU440.h,415,"""THE REST"""
include/configs/ELPPC.h,337,"""THE REST"""
include/configs/G2000.h,383,"""THE REST"""
include/configs/HH405.h,479,"""THE REST"""
include/configs/HUB405.h,351,"""THE REST"""
include/configs/IceCube.h,403,"""THE REST"""
include/configs/JSE.h,276,"""THE REST"""
include/configs/M5208EVBE.h,215,"""THE REST"""
include/configs/M52277EVB.h,322,"""THE REST"""
include/configs/M5235EVB.h,254,"""THE REST"""
include/configs/M5249EVB.h,188,"""THE REST"""
include/configs/M5253DEMO.h,244,"""THE REST"""
include/configs/M5253EVBE.h,194,"""THE REST"""
include/configs/M5272C3.h,238,"""THE REST"""
include/configs/M5275EVB.h,232,"""THE REST"""
include/configs/M5282EVB.h,236,"""THE REST"""
include/configs/M53017EVB.h,245,"""THE REST"""
include/configs/M5329EVB.h,255,"""THE REST"""
include/configs/M5373EVB.h,255,"""THE REST"""
include/configs/M54418TWR.h,427,"""THE REST"""
include/configs/M54451EVB.h,327,"""THE REST"""
include/configs/M54455EVB.h,455,"""THE REST"""
include/configs/M5475EVB.h,308,"""THE REST"""
include/configs/M5485EVB.h,293,"""THE REST"""
include/configs/MIP405.h,425,"""THE REST"""
include/configs/MPC8308RDB.h,582,"""THE REST"""
include/configs/MPC8313ERDB.h,719,"""THE REST"""
include/configs/MPC8315ERDB.h,659,"""THE REST"""
include/configs/MPC8323ERDB.h,555,"""THE REST"""
include/configs/MPC832XEMDS.h,624,"""THE REST"""
include/configs/MPC8349EMDS.h,810,"""THE REST"""
include/configs/MPC8349ITX.h,806,"""THE REST"""
include/configs/MPC8360EMDS.h,735,"""THE REST"""
include/configs/MPC8360ERDK.h,620,"""THE REST"""
include/configs/MPC837XEMDS.h,719,"""THE REST"""
include/configs/MPC837XERDB.h,751,"""THE REST"""
include/configs/MPC8536DS.h,800,"""THE REST"""
include/configs/MPC8540ADS.h,460,"""THE REST"""
include/configs/MPC8541CDS.h,471,"""THE REST"""
include/configs/MPC8544DS.h,520,"""THE REST"""
include/configs/MPC8548CDS.h,614,"""THE REST"""
include/configs/MPC8555CDS.h,469,"""THE REST"""
include/configs/MPC8560ADS.h,503,"""THE REST"""
include/configs/MPC8568MDS.h,497,"""THE REST"""
include/configs/MPC8569MDS.h,587,"""THE REST"""
include/configs/MPC8572DS.h,742,"""THE REST"""
include/configs/MPC8610HPCD.h,674,"""THE REST"""
include/configs/MPC8641HPCN.h,756,"""THE REST"""
include/configs/MigoR.h,127,"""THE REST"""
include/configs/OCRTC.h,285,"""THE REST"""
include/configs/P1010RDB.h,972,"""THE REST"""
include/configs/P1022DS.h,804,"""THE REST"""
include/configs/P1023RDB.h,441,"""THE REST"""
include/configs/P1_P2_RDB.h,808,"""THE REST"""
include/configs/P2020COME.h,547,"""THE REST"""
include/configs/P2020DS.h,751,"""THE REST"""
include/configs/P2041RDB.h,775,"""THE REST"""
include/configs/P3041DS.h,30,"""THE REST"""
include/configs/P3G4.h,407,"""THE REST"""
include/configs/P4080DS.h,32,"""THE REST"""
include/configs/P5020DS.h,31,"""THE REST"""
include/configs/P5040DS.h,25,"""THE REST"""
include/configs/PATI.h,284,"""THE REST"""
include/configs/PCI405.h,294,"""THE REST"""
include/configs/PIP405.h,372,"""THE REST"""
include/configs/PLU405.h,414,"""THE REST"""
include/configs/PM520.h,342,"""THE REST"""
include/configs/PMC405.h,318,"""THE REST"""
include/configs/PMC405DE.h,364,"""THE REST"""
include/configs/PMC440.h,431,"""THE REST"""
include/configs/PPChameleonEVB.h,777,"""THE REST"""
include/configs/T102xQDS.h,955,"""THE REST"""
include/configs/T102xRDB.h,912,"""THE REST"""
include/configs/T1040QDS.h,847,"""THE REST"""
include/configs/T104xRDB.h,906,"""THE REST"""
include/configs/T208xQDS.h,955,"""THE REST"""
include/configs/T208xRDB.h,897,"""THE REST"""
include/configs/T4240EMU.h,181,"""THE REST"""
include/configs/T4240QDS.h,655,"""THE REST"""
include/configs/T4240RDB.h,806,"""THE REST"""
include/configs/TASREG.h,287,"""THE REST"""
include/configs/TB5200.h,496,"""THE REST"""
include/configs/TQM5200.h,745,"""THE REST"""
include/configs/TQM823L.h,470,"""THE REST"""
include/configs/TQM823M.h,466,"""THE REST"""
include/configs/TQM834x.h,574,"""THE REST"""
include/configs/TQM850L.h,454,"""THE REST"""
include/configs/TQM850M.h,456,"""THE REST"""
include/configs/TQM855L.h,462,"""THE REST"""
include/configs/TQM855M.h,493,"""THE REST"""
include/configs/TQM860L.h,461,"""THE REST"""
include/configs/TQM860M.h,466,"""THE REST"""
include/configs/TQM862L.h,466,"""THE REST"""
include/configs/TQM862M.h,467,"""THE REST"""
include/configs/TQM866M.h,485,"""THE REST"""
include/configs/TQM885D.h,484,"""THE REST"""
include/configs/Total5200.h,386,"""THE REST"""
include/configs/VCMA9.h,234,"""THE REST"""
include/configs/VOH405.h,407,"""THE REST"""
include/configs/VOM405.h,274,"""THE REST"""
include/configs/W7OLMC.h,314,"""THE REST"""
include/configs/W7OLMG.h,317,"""THE REST"""
include/configs/WUH405.h,346,"""THE REST"""
include/configs/ZUMA.h,370,"""THE REST"""
include/configs/a320evb.h,211,"""THE REST"""
include/configs/a3m071.h,442,"""THE REST"""
include/configs/a4m072.h,380,"""THE REST"""
include/configs/ac14xx.h,576,"""THE REST"""
include/configs/acadia.h,265,"""THE REST"""
include/configs/adp-ag101.h,387,"""THE REST"""
include/configs/adp-ag101p.h,363,"""THE REST"""
include/configs/adp-ag102.h,340,"""THE REST"""
include/configs/aev.h,390,"""THE REST"""
include/configs/afeb9260.h,156,"""THE REST"""
include/configs/alpr.h,358,"""THE REST"""
include/configs/alt.h,117,"""THE REST"""
include/configs/am335x_evm.h,492,"""THE REST"""
include/configs/am335x_igep0033.h,153,"""THE REST"""
include/configs/am3517_crane.h,350,"""THE REST"""
include/configs/am3517_evm.h,358,"""THE REST"""
include/configs/am43xx_evm.h,337,"""THE REST"""
include/configs/amcc-common.h,256,"""THE REST"""
include/configs/ap325rxa.h,159,"""THE REST"""
include/configs/ap_sh4a_4a.h,159,"""THE REST"""
include/configs/apalis_t30.h,72,"""THE REST"""
include/configs/apf27.h,382,"""THE REST"""
include/configs/apx4devkit.h,144,"""THE REST"""
include/configs/arcangel4-be.h,92,"""THE REST"""
include/configs/arcangel4.h,91,"""THE REST"""
include/configs/aria.h,649,"""THE REST"""
include/configs/aristainetos.h,325,"""THE REST"""
include/configs/armadillo-800eva.h,142,"""THE REST"""
include/configs/arndale.h,65,"""THE REST"""
include/configs/aspenite.h,55,"""THE REST"""
include/configs/astro_mcf5373l.h,378,"""THE REST"""
include/configs/at91rm9200ek.h,216,"""THE REST"""
include/configs/at91sam9260ek.h,276,"""THE REST"""
include/configs/at91sam9261ek.h,225,"""THE REST"""
include/configs/at91sam9263ek.h,355,"""THE REST"""
include/configs/at91sam9m10g45ek.h,206,"""THE REST"""
include/configs/at91sam9n12ek.h,233,"""THE REST"""
include/configs/at91sam9rlek.h,178,"""THE REST"""
include/configs/at91sam9x5ek.h,245,"""THE REST"""
include/configs/atngw100.h,164,"""THE REST"""
include/configs/atngw100mkii.h,186,"""THE REST"""
include/configs/atstk1002.h,178,"""THE REST"""
include/configs/atstk1003.h,161,"""THE REST"""
include/configs/atstk1004.h,161,"""THE REST"""
include/configs/atstk1006.h,179,"""THE REST"""
include/configs/axs101.h,183,"""THE REST"""
include/configs/balloon3.h,249,"""THE REST"""
include/configs/bamboo.h,222,"""THE REST"""
include/configs/bcm28155_ap.h,140,"""THE REST"""
include/configs/bcm_ep_board.h,113,"""THE REST"""
include/configs/bct-brettl2.h,151,"""THE REST"""
include/configs/beagle_x15.h,87,"""THE REST"""
include/configs/beaver.h,96,"""THE REST"""
include/configs/bf506f-ezkit.h,106,"""THE REST"""
include/configs/bf518f-ezbrd.h,164,"""THE REST"""
include/configs/bf525-ucr2.h,103,"""THE REST"""
include/configs/bf526-ezbrd.h,181,"""THE REST"""
include/configs/bf527-ad7160-eval.h,145,"""THE REST"""
include/configs/bf527-ezkit.h,188,"""THE REST"""
include/configs/bf527-sdp.h,121,"""THE REST"""
include/configs/bf533-ezkit.h,119,"""THE REST"""
include/configs/bf533-stamp.h,223,"""THE REST"""
include/configs/bf537-minotaur.h,202,"""THE REST"""
include/configs/bf537-pnav.h,172,"""THE REST"""
include/configs/bf537-srv1.h,201,"""THE REST"""
include/configs/bf537-stamp.h,287,"""THE REST"""
include/configs/bf538f-ezkit.h,144,"""THE REST"""
include/configs/bf548-ezkit.h,212,"""THE REST"""
include/configs/bf561-acvilon.h,169,"""THE REST"""
include/configs/bf561-ezkit.h,117,"""THE REST"""
include/configs/bf609-ezkit.h,173,"""THE REST"""
include/configs/bfin_adi_common.h,331,"""THE REST"""
include/configs/bg0900.h,97,"""THE REST"""
include/configs/blackstamp.h,248,"""THE REST"""
include/configs/blackvme.h,244,"""THE REST"""
include/configs/br4.h,156,"""THE REST"""
include/configs/bubinga.h,305,"""THE REST"""
include/configs/bur_am335x_common.h,196,"""THE REST"""
include/configs/calimain.h,347,"""THE REST"""
include/configs/cam_enc_4xx.h,512,"""THE REST"""
include/configs/canmb.h,214,"""THE REST"""
include/configs/canyonlands.h,674,"""THE REST"""
include/configs/cardhu.h,97,"""THE REST"""
include/configs/cgtqmx6eval.h,180,"""THE REST"""
include/configs/charon.h,65,"""THE REST"""
include/configs/chromebook_link.h,74,"""THE REST"""
include/configs/cm-bf527.h,137,"""THE REST"""
include/configs/cm-bf533.h,106,"""THE REST"""
include/configs/cm-bf537e.h,155,"""THE REST"""
include/configs/cm-bf537u.h,152,"""THE REST"""
include/configs/cm-bf548.h,145,"""THE REST"""
include/configs/cm-bf561.h,108,"""THE REST"""
include/configs/cm4008.h,104,"""THE REST"""
include/configs/cm41xx.h,104,"""THE REST"""
include/configs/cm5200.h,329,"""THE REST"""
include/configs/cm_fx6.h,299,"""THE REST"""
include/configs/cm_t335.h,186,"""THE REST"""
include/configs/cm_t35.h,381,"""THE REST"""
include/configs/cm_t3517.h,320,"""THE REST"""
include/configs/cm_t54.h,165,"""THE REST"""
include/configs/cmi_mpc5xx.h,254,"""THE REST"""
include/configs/cobra5272.h,382,"""THE REST"""
include/configs/colibri_pxa270.h,218,"""THE REST"""
include/configs/colibri_t20_iris.h,63,"""THE REST"""
include/configs/colibri_t30.h,60,"""THE REST"""
include/configs/controlcenterd.h,520,"""THE REST"""
include/configs/coreboot.h,75,"""THE REST"""
include/configs/corenet_ds.h,775,"""THE REST"""
include/configs/corvus.h,209,"""THE REST"""
include/configs/cpci5200.h,390,"""THE REST"""
include/configs/cpu9260.h,497,"""THE REST"""
include/configs/cpuat91.h,235,"""THE REST"""
include/configs/crownbay.h,61,"""THE REST"""
include/configs/csb272.h,284,"""THE REST"""
include/configs/csb472.h,283,"""THE REST"""
include/configs/da830evm.h,293,"""THE REST"""
include/configs/da850evm.h,406,"""THE REST"""
include/configs/dalmore.h,82,"""THE REST"""
include/configs/davinci_dm355evm.h,203,"""THE REST"""
include/configs/davinci_dm355leopard.h,148,"""THE REST"""
include/configs/davinci_dm365evm.h,228,"""THE REST"""
include/configs/davinci_dm6467evm.h,146,"""THE REST"""
include/configs/davinci_dvevm.h,223,"""THE REST"""
include/configs/davinci_schmoogie.h,143,"""THE REST"""
include/configs/davinci_sffsdr.h,136,"""THE REST"""
include/configs/davinci_sonata.h,194,"""THE REST"""
include/configs/db-mv784mp-gp.h,68,"""THE REST"""
include/configs/dbau1x00.h,243,"""THE REST"""
include/configs/devkit3250.h,101,"""THE REST"""
include/configs/devkit8000.h,354,"""THE REST"""
include/configs/dig297.h,274,"""THE REST"""
include/configs/digsy_mtc.h,492,"""THE REST"""
include/configs/dkb.h,51,"""THE REST"""
include/configs/dlvision-10g.h,336,"""THE REST"""
include/configs/dlvision.h,216,"""THE REST"""
include/configs/dnp5370.h,130,"""THE REST"""
include/configs/dns325.h,170,"""THE REST"""
include/configs/dockstar.h,108,"""THE REST"""
include/configs/dra7xx_evm.h,232,"""THE REST"""
include/configs/draco.h,92,"""THE REST"""
include/configs/dreamplug.h,136,"""THE REST"""
include/configs/duovero.h,62,"""THE REST"""
include/configs/dxr2.h,93,"""THE REST"""
include/configs/ea20.h,320,"""THE REST"""
include/configs/eb_cpu5282.h,293,"""THE REST"""
include/configs/eb_cpux9k2.h,404,"""THE REST"""
include/configs/ebony.h,174,"""THE REST"""
include/configs/eco5pk.h,69,"""THE REST"""
include/configs/ecovec.h,179,"""THE REST"""
include/configs/edb93xx.h,290,"""THE REST"""
include/configs/edminiv2.h,237,"""THE REST"""
include/configs/embestmx6boards.h,235,"""THE REST"""
include/configs/enbw_cmc.h,447,"""THE REST"""
include/configs/espt.h,111,"""THE REST"""
include/configs/ethernut5.h,268,"""THE REST"""
include/configs/exynos-common.h,90,"""THE REST"""
include/configs/exynos4-common.h,69,"""THE REST"""
include/configs/exynos5-common.h,234,"""THE REST"""
include/configs/exynos5-dt-common.h,32,"""THE REST"""
include/configs/exynos5250-common.h,59,"""THE REST"""
include/configs/exynos5420-common.h,41,"""THE REST"""
include/configs/favr-32-ezkit.h,182,"""THE REST"""
include/configs/flea3.h,257,"""THE REST"""
include/configs/fx12mm.h,52,"""THE REST"""
include/configs/galaxy5200.h,431,"""THE REST"""
include/configs/gdppc440etx.h,187,"""THE REST"""
include/configs/goflexhome.h,134,"""THE REST"""
include/configs/gose.h,104,"""THE REST"""
include/configs/gplugd.h,134,"""THE REST"""
include/configs/gr_cpci_ax2000.h,358,"""THE REST"""
include/configs/gr_ep2s60.h,333,"""THE REST"""
include/configs/gr_xc3s_1500.h,298,"""THE REST"""
include/configs/grasshopper.h,172,"""THE REST"""
include/configs/grsim.h,315,"""THE REST"""
include/configs/grsim_leon2.h,324,"""THE REST"""
include/configs/guruplug.h,94,"""THE REST"""
include/configs/gw_ventana.h,460,"""THE REST"""
include/configs/h2200.h,169,"""THE REST"""
include/configs/hammerhead.h,158,"""THE REST"""
include/configs/harmony.h,77,"""THE REST"""
include/configs/hawkboard.h,220,"""THE REST"""
include/configs/highbank.h,104,"""THE REST"""
include/configs/hrcon.h,614,"""THE REST"""
include/configs/hummingboard.h,227,"""THE REST"""
include/configs/ib62x0.h,145,"""THE REST"""
include/configs/ibf-dsp561.h,124,"""THE REST"""
include/configs/icon.h,314,"""THE REST"""
include/configs/iconnect.h,114,"""THE REST"""
include/configs/ids8313.h,587,"""THE REST"""
include/configs/ima3-mx53.h,242,"""THE REST"""
include/configs/imx27lite-common.h,224,"""THE REST"""
include/configs/imx27lite.h,49,"""THE REST"""
include/configs/imx31_litekit.h,175,"""THE REST"""
include/configs/imx31_phycore.h,202,"""THE REST"""
include/configs/imx6_spl.h,71,"""THE REST"""
include/configs/inka4x0.h,419,"""THE REST"""
include/configs/integrator-common.h,88,"""THE REST"""
include/configs/integratorap.h,97,"""THE REST"""
include/configs/integratorcp.h,109,"""THE REST"""
include/configs/intip.h,431,"""THE REST"""
include/configs/io.h,253,"""THE REST"""
include/configs/io64.h,556,"""THE REST"""
include/configs/iocon.h,310,"""THE REST"""
include/configs/ip04.h,149,"""THE REST"""
include/configs/ipam390.h,337,"""THE REST"""
include/configs/ipek01.h,376,"""THE REST"""
include/configs/jadecpu.h,273,"""THE REST"""
include/configs/jetson-tk1.h,84,"""THE REST"""
include/configs/jornada.h,132,"""THE REST"""
include/configs/jupiter.h,285,"""THE REST"""
include/configs/k2e_evm.h,43,"""THE REST"""
include/configs/k2hk_evm.h,42,"""THE REST"""
include/configs/k2l_evm.h,43,"""THE REST"""
include/configs/katmai.h,324,"""THE REST"""
include/configs/kilauea.h,534,"""THE REST"""
include/configs/km/keymile-common.h,253,"""THE REST"""
include/configs/km/km-powerpc.h,84,"""THE REST"""
include/configs/km/km8309-common.h,170,"""THE REST"""
include/configs/km/km8321-common.h,135,"""THE REST"""
include/configs/km/km83xx-common.h,335,"""THE REST"""
include/configs/km/km_arm.h,339,"""THE REST"""
include/configs/km/kmp204x-common.h,492,"""THE REST"""
include/configs/km82xx.h,440,"""THE REST"""
include/configs/km8360.h,288,"""THE REST"""
include/configs/km_kirkwood.h,188,"""THE REST"""
include/configs/kmp204x.h,73,"""THE REST"""
include/configs/koelsch.h,106,"""THE REST"""
include/configs/korat.h,550,"""THE REST"""
include/configs/ks2_evm.h,322,"""THE REST"""
include/configs/kwb.h,127,"""THE REST"""
include/configs/kzm9g.h,158,"""THE REST"""
include/configs/lacie_kw.h,215,"""THE REST"""
include/configs/lager.h,115,"""THE REST"""
include/configs/lp8x4x.h,241,"""THE REST"""
include/configs/ls1021aqds.h,598,"""THE REST"""
include/configs/ls1021atwr.h,412,"""THE REST"""
include/configs/ls2085a_common.h,301,"""THE REST"""
include/configs/ls2085a_emu.h,20,"""THE REST"""
include/configs/ls2085a_simu.h,25,"""THE REST"""
include/configs/lsxl.h,190,"""THE REST"""
include/configs/luan.h,177,"""THE REST"""
include/configs/lwmon5.h,696,"""THE REST"""
include/configs/m28evk.h,295,"""THE REST"""
include/configs/m53evk.h,360,"""THE REST"""
include/configs/magnesium.h,58,"""THE REST"""
include/configs/makalu.h,345,"""THE REST"""
include/configs/malta.h,128,"""THE REST"""
include/configs/manroland/common.h,125,"""THE REST"""
include/configs/manroland/mpc5200-common.h,205,"""THE REST"""
include/configs/maxbcm.h,68,"""THE REST"""
include/configs/mcx.h,417,"""THE REST"""
include/configs/mecp5123.h,443,"""THE REST"""
include/configs/mecp5200.h,319,"""THE REST"""
include/configs/medcom-wide.h,67,"""THE REST"""
include/configs/meesc.h,205,"""THE REST"""
include/configs/microblaze-generic.h,503,"""THE REST"""
include/configs/mimc200.h,178,"""THE REST"""
include/configs/ml507.h,39,"""THE REST"""
include/configs/motionpro.h,401,"""THE REST"""
include/configs/mpc5121-common.h,35,"""THE REST"""
include/configs/mpc5121ads.h,646,"""THE REST"""
include/configs/mpc7448hpc2.h,386,"""THE REST"""
include/configs/mpc8308_p1m.h,532,"""THE REST"""
include/configs/mpr2.h,75,"""THE REST"""
include/configs/ms7720se.h,109,"""THE REST"""
include/configs/ms7722se.h,115,"""THE REST"""
include/configs/ms7750se.h,86,"""THE REST"""
include/configs/mt_ventoux.h,74,"""THE REST"""
include/configs/munices.h,200,"""THE REST"""
include/configs/mv-common.h,154,"""THE REST"""
include/configs/mv88f6281gtw_ge.h,89,"""THE REST"""
include/configs/mx23_olinuxino.h,159,"""THE REST"""
include/configs/mx23evk.h,135,"""THE REST"""
include/configs/mx25pdk.h,237,"""THE REST"""
include/configs/mx28evk.h,327,"""THE REST"""
include/configs/mx31ads.h,188,"""THE REST"""
include/configs/mx31pdk.h,215,"""THE REST"""
include/configs/mx35pdk.h,299,"""THE REST"""
include/configs/mx51_efikamx.h,251,"""THE REST"""
include/configs/mx51evk.h,269,"""THE REST"""
include/configs/mx53ard.h,237,"""THE REST"""
include/configs/mx53evk.h,176,"""THE REST"""
include/configs/mx53loco.h,248,"""THE REST"""
include/configs/mx53smd.h,166,"""THE REST"""
include/configs/mx6_common.h,34,"""THE REST"""
include/configs/mx6qarm2.h,206,"""THE REST"""
include/configs/mx6qsabreauto.h,83,"""THE REST"""
include/configs/mx6sabre_common.h,282,"""THE REST"""
include/configs/mx6sabresd.h,77,"""THE REST"""
include/configs/mx6slevk.h,242,"""THE REST"""
include/configs/mx6sxsabresd.h,274,"""THE REST"""
include/configs/mxs.h,203,"""THE REST"""
include/configs/neo.h,244,"""THE REST"""
include/configs/nhk8815.h,178,"""THE REST"""
include/configs/nios2-generic.h,144,"""THE REST"""
include/configs/nitrogen6x.h,423,"""THE REST"""
include/configs/nokia_rx51.h,468,"""THE REST"""
include/configs/novena.h,299,"""THE REST"""
include/configs/nyan-big.h,74,"""THE REST"""
include/configs/o2d.h,77,"""THE REST"""
include/configs/o2d300.h,81,"""THE REST"""
include/configs/o2dnt-common.h,357,"""THE REST"""
include/configs/o2dnt2.h,69,"""THE REST"""
include/configs/o2i.h,66,"""THE REST"""
include/configs/o2mnt.h,74,"""THE REST"""
include/configs/o3dnt.h,70,"""THE REST"""
include/configs/ocotea.h,194,"""THE REST"""
include/configs/odroid.h,225,"""THE REST"""
include/configs/odroid_xu3.h,55,"""THE REST"""
include/configs/omap3_beagle.h,321,"""THE REST"""
include/configs/omap3_evm.h,161,"""THE REST"""
include/configs/omap3_evm_common.h,287,"""THE REST"""
include/configs/omap3_evm_quick_mmc.h,93,"""THE REST"""
include/configs/omap3_evm_quick_nand.h,93,"""THE REST"""
include/configs/omap3_igep00x0.h,206,"""THE REST"""
include/configs/omap3_logic.h,328,"""THE REST"""
include/configs/omap3_mvblx.h,283,"""THE REST"""
include/configs/omap3_overo.h,235,"""THE REST"""
include/configs/omap3_pandora.h,240,"""THE REST"""
include/configs/omap3_sdp3430.h,323,"""THE REST"""
include/configs/omap3_zoom1.h,199,"""THE REST"""
include/configs/omap4_panda.h,50,"""THE REST"""
include/configs/omap4_sdp4430.h,35,"""THE REST"""
include/configs/omap5_uevm.h,83,"""THE REST"""
include/configs/openrd.h,138,"""THE REST"""
include/configs/openrisc-generic.h,140,"""THE REST"""
include/configs/origen.h,125,"""THE REST"""
include/configs/ot1200.h,207,"""THE REST"""
include/configs/otc570.h,257,"""THE REST"""
include/configs/p1_p2_rdb_pc.h,1106,"""THE REST"""
include/configs/p1_twr.h,623,"""THE REST"""
include/configs/p3p440.h,306,"""THE REST"""
include/configs/palmld.h,254,"""THE REST"""
include/configs/palmtc.h,227,"""THE REST"""
include/configs/palmtreo680.h,282,"""THE REST"""
include/configs/paz00.h,72,"""THE REST"""
include/configs/pb1x00.h,193,"""THE REST"""
include/configs/pcm030.h,433,"""THE REST"""
include/configs/pcm051.h,167,"""THE REST"""
include/configs/pcs440ep.h,460,"""THE REST"""
include/configs/pdm360ng.h,483,"""THE REST"""
include/configs/peach-pi.h,56,"""THE REST"""
include/configs/peach-pit.h,56,"""THE REST"""
include/configs/pengwyn.h,212,"""THE REST"""
include/configs/pepper.h,99,"""THE REST"""
include/configs/pf5200.h,372,"""THE REST"""
include/configs/plutux.h,60,"""THE REST"""
include/configs/pm9261.h,362,"""THE REST"""
include/configs/pm9263.h,396,"""THE REST"""
include/configs/pm9g45.h,175,"""THE REST"""
include/configs/pogo_e02.h,104,"""THE REST"""
include/configs/ppmc7xx.h,416,"""THE REST"""
include/configs/pr1.h,156,"""THE REST"""
include/configs/pxa-common.h,46,"""THE REST"""
include/configs/pxa255_idp.h,336,"""THE REST"""
include/configs/pxm2.h,157,"""THE REST"""
include/configs/qemu-mips.h,157,"""THE REST"""
include/configs/qemu-mips64.h,159,"""THE REST"""
include/configs/qemu-ppce500.h,207,"""THE REST"""
include/configs/qong.h,288,"""THE REST"""
include/configs/r0p7734.h,165,"""THE REST"""
include/configs/r2dplus.h,122,"""THE REST"""
include/configs/r7780mp.h,154,"""THE REST"""
include/configs/rcar-gen2-common.h,99,"""THE REST"""
include/configs/rd6281a.h,97,"""THE REST"""
include/configs/redwood.h,172,"""THE REST"""
include/configs/rpi.h,193,"""THE REST"""
include/configs/rsk7203.h,94,"""THE REST"""
include/configs/rsk7264.h,74,"""THE REST"""
include/configs/rsk7269.h,73,"""THE REST"""
include/configs/rut.h,161,"""THE REST"""
include/configs/s5p_goni.h,298,"""THE REST"""
include/configs/s5pc210_universal.h,236,"""THE REST"""
include/configs/sama5d3_xplained.h,252,"""THE REST"""
include/configs/sama5d3xek.h,305,"""THE REST"""
include/configs/sama5d4_xplained.h,216,"""THE REST"""
include/configs/sama5d4ek.h,214,"""THE REST"""
include/configs/sandbox.h,208,"""THE REST"""
include/configs/sansa_fuze_plus.h,70,"""THE REST"""
include/configs/sbc35_a9g20.h,169,"""THE REST"""
include/configs/sbc405.h,255,"""THE REST"""
include/configs/sbc8349.h,713,"""THE REST"""
include/configs/sbc8548.h,646,"""THE REST"""
include/configs/sbc8641d.h,599,"""THE REST"""
include/configs/sc3.h,549,"""THE REST"""
include/configs/sc_sps_1.h,91,"""THE REST"""
include/configs/scb9328.h,321,"""THE REST"""
include/configs/seaboard.h,93,"""THE REST"""
include/configs/sequoia.h,435,"""THE REST"""
include/configs/sh7752evb.h,134,"""THE REST"""
include/configs/sh7753evb.h,134,"""THE REST"""
include/configs/sh7757lcr.h,142,"""THE REST"""
include/configs/sh7763rdp.h,111,"""THE REST"""
include/configs/sh7785lcr.h,176,"""THE REST"""
include/configs/sheevaplug.h,144,"""THE REST"""
include/configs/shmin.h,110,"""THE REST"""
include/configs/siemens-am33x-common.h,499,"""THE REST"""
include/configs/smdk2410.h,201,"""THE REST"""
include/configs/smdk5250.h,34,"""THE REST"""
include/configs/smdk5420.h,45,"""THE REST"""
include/configs/smdkc100.h,232,"""THE REST"""
include/configs/smdkv310.h,111,"""THE REST"""
include/configs/snapper9260.h,177,"""THE REST"""
include/configs/snow.h,36,"""THE REST"""
include/configs/snowball.h,246,"""THE REST"""
include/configs/socfpga_common.h,320,"""THE REST"""
include/configs/socfpga_cyclone5.h,98,"""THE REST"""
include/configs/socrates.h,449,"""THE REST"""
include/configs/spear-common.h,241,"""THE REST"""
include/configs/spear3xx_evb.h,157,"""THE REST"""
include/configs/spear6xx_evb.h,46,"""THE REST"""
include/configs/stamp9g20.h,255,"""THE REST"""
include/configs/stv0991.h,95,"""THE REST"""
include/configs/stxgp3.h,364,"""THE REST"""
include/configs/stxssa.h,451,"""THE REST"""
include/configs/sun4i.h,29,"""THE REST"""
include/configs/sun5i.h,29,"""THE REST"""
include/configs/sun6i.h,31,"""THE REST"""
include/configs/sun7i.h,35,"""THE REST"""
include/configs/sun8i.h,22,"""THE REST"""
include/configs/sunxi-common.h,341,"""THE REST"""
include/configs/suvd3.h,147,"""THE REST"""
include/configs/t3corp.h,539,"""THE REST"""
include/configs/t4qds.h,339,"""THE REST"""
include/configs/taihu.h,307,"""THE REST"""
include/configs/taishan.h,193,"""THE REST"""
include/configs/tam3517-common.h,424,"""THE REST"""
include/configs/tao3530.h,363,"""THE REST"""
include/configs/taurus.h,221,"""THE REST"""
include/configs/tb100.h,123,"""THE REST"""
include/configs/tbs2910.h,242,"""THE REST"""
include/configs/tcm-bf518.h,125,"""THE REST"""
include/configs/tcm-bf537.h,155,"""THE REST"""
include/configs/tec-ng.h,74,"""THE REST"""
include/configs/tec.h,67,"""THE REST"""
include/configs/tegra-common-post.h,143,"""THE REST"""
include/configs/tegra-common-usb-gadget.h,37,"""THE REST"""
include/configs/tegra-common.h,174,"""THE REST"""
include/configs/tegra114-common.h,84,"""THE REST"""
include/configs/tegra124-common.h,76,"""THE REST"""
include/configs/tegra20-common.h,103,"""THE REST"""
include/configs/tegra30-common.h,81,"""THE REST"""
include/configs/ti814x_evm.h,238,"""THE REST"""
include/configs/ti816x_evm.h,178,"""THE REST"""
include/configs/ti_am335x_common.h,105,"""THE REST"""
include/configs/ti_armv7_common.h,279,"""THE REST"""
include/configs/ti_omap3_common.h,89,"""THE REST"""
include/configs/ti_omap4_common.h,183,"""THE REST"""
include/configs/ti_omap5_common.h,153,"""THE REST"""
include/configs/titanium.h,269,"""THE REST"""
include/configs/tk71.h,113,"""THE REST"""
include/configs/tnetv107x_evm.h,139,"""THE REST"""
include/configs/tny_a9260.h,150,"""THE REST"""
include/configs/tqma6.h,495,"""THE REST"""
include/configs/trats.h,258,"""THE REST"""
include/configs/trats2.h,238,"""THE REST"""
include/configs/tricorder.h,390,"""THE REST"""
include/configs/trimslice.h,79,"""THE REST"""
include/configs/trizepsiv.h,311,"""THE REST"""
include/configs/tseries.h,266,"""THE REST"""
include/configs/tt01.h,271,"""THE REST"""
include/configs/tuxx1.h,170,"""THE REST"""
include/configs/twister.h,56,"""THE REST"""
include/configs/tx25.h,173,"""THE REST"""
include/configs/u8500_href.h,212,"""THE REST"""
include/configs/udoo.h,235,"""THE REST"""
include/configs/uniphier.h,294,"""THE REST"""
include/configs/usb_a9263.h,167,"""THE REST"""
include/configs/v38b.h,336,"""THE REST"""
include/configs/v5fx30teval.h,39,"""THE REST"""
include/configs/vct.h,332,"""THE REST"""
include/configs/ve8313.h,498,"""THE REST"""
include/configs/venice2.h,71,"""THE REST"""
include/configs/ventana.h,66,"""THE REST"""
include/configs/versatile.h,219,"""THE REST"""
include/configs/vexpress_aemv8a.h,244,"""THE REST"""
include/configs/vexpress_ca15_tc2.h,21,"""THE REST"""
include/configs/vexpress_ca5x2.h,18,"""THE REST"""
include/configs/vexpress_ca9x4.h,18,"""THE REST"""
include/configs/vexpress_common.h,302,"""THE REST"""
include/configs/vf610twr.h,277,"""THE REST"""
include/configs/vision2.h,205,"""THE REST"""
include/configs/vl_ma2sc.h,437,"""THE REST"""
include/configs/vme8349.h,613,"""THE REST"""
include/configs/vpac270.h,333,"""THE REST"""
include/configs/walnut.h,214,"""THE REST"""
include/configs/wandboard.h,291,"""THE REST"""
include/configs/whistler.h,64,"""THE REST"""
include/configs/wireless_space.h,182,"""THE REST"""
include/configs/woodburn.h,21,"""THE REST"""
include/configs/woodburn_common.h,293,"""THE REST"""
include/configs/woodburn_sd.h,44,"""THE REST"""
include/configs/x600.h,320,"""THE REST"""
include/configs/x86-common.h,251,"""THE REST"""
include/configs/xaeniax.h,543,"""THE REST"""
include/configs/xfi3.h,69,"""THE REST"""
include/configs/xilinx-ppc.h,126,"""THE REST"""
include/configs/xilinx-ppc405-generic.h,42,"""THE REST"""
include/configs/xilinx-ppc405.h,22,"""THE REST"""
include/configs/xilinx-ppc440-generic.h,39,"""THE REST"""
include/configs/xilinx-ppc440.h,17,"""THE REST"""
include/configs/xpedite1000.h,339,"""THE REST"""
include/configs/xpedite517x.h,747,"""THE REST"""
include/configs/xpedite520x.h,530,"""THE REST"""
include/configs/xpedite537x.h,603,"""THE REST"""
include/configs/xpedite550x.h,588,"""THE REST"""
include/configs/yosemite.h,236,"""THE REST"""
include/configs/yucca.h,413,"""THE REST"""
include/configs/zeus.h,356,"""THE REST"""
include/configs/zipitz2.h,247,"""THE REST"""
include/configs/zmx25.h,162,"""THE REST"""
include/configs/zynq-common.h,330,"""THE REST"""
include/configs/zynq_microzed.h,25,"""THE REST"""
include/configs/zynq_zc70x.h,29,"""THE REST"""
include/configs/zynq_zc770.h,39,"""THE REST"""
include/configs/zynq_zed.h,27,"""THE REST"""
include/configs/zynq_zybo.h,30,"""THE REST"""
include/cortina.h,75,"""THE REST"""
include/cpsw.h,53,"""THE REST"""
include/cramfs/cramfs_fs.h,100,"""THE REST"""
include/crc.h,69,"""THE REST"""
include/cros_ec.h,543,"""THE REST"""
include/cros_ec_message.h,29,"""THE REST"""
include/dataflash.h,205,"""THE REST"""
include/ddr_spd.h,565,"""THE REST"""
include/dfu.h,208,"""THE REST"""
include/dialog_pmic.h,174,"""THE REST"""
include/div64.h,49,"""THE REST"""
include/dm-demo.h,36,"""THE REST"""
include/dm.h,14,"""THE REST"""
include/dm/device-internal.h,116,"""DRIVER MODEL"",""THE REST"""
include/dm/device.h,325,"""DRIVER MODEL"",""THE REST"""
include/dm/lists.h,76,"""DRIVER MODEL"",""THE REST"""
include/dm/platdata.h,34,"""DRIVER MODEL"",""THE REST"""
include/dm/platform_data/serial-uniphier.h,18,"""DRIVER MODEL"",""THE REST"""
include/dm/platform_data/serial_mxc.h,14,"""DRIVER MODEL"",""THE REST"""
include/dm/platform_data/serial_pl01x.h,27,"""DRIVER MODEL"",""THE REST"""
include/dm/root.h,108,"""DRIVER MODEL"",""THE REST"""
include/dm/test.h,212,"""DRIVER MODEL"",""THE REST"""
include/dm/uclass-id.h,41,"""DRIVER MODEL"",""THE REST"""
include/dm/uclass-internal.h,108,"""DRIVER MODEL"",""THE REST"""
include/dm/uclass.h,192,"""DRIVER MODEL"",""THE REST"""
include/dm/ut.h,107,"""DRIVER MODEL"",""THE REST"""
include/dm/util.h,36,"""DRIVER MODEL"",""THE REST"""
include/dm9000.h,17,"""THE REST"""
include/dp83848.h,85,"""THE REST"""
include/ds1722.h,16,"""THE REST"""
include/ds4510.h,75,"""THE REST"""
include/dt-bindings/clock/tegra114-car.h,342,"""THE REST"""
include/dt-bindings/clock/tegra124-car.h,342,"""THE REST"""
include/dt-bindings/clock/tegra20-car.h,158,"""THE REST"""
include/dt-bindings/clock/tegra30-car.h,273,"""THE REST"""
include/dt-bindings/gpio/gpio.h,15,"""THE REST"""
include/dt-bindings/gpio/tegra-gpio.h,51,"""THE REST"""
include/dt-bindings/input/input.h,525,"""THE REST"""
include/dt-bindings/interrupt-controller/arm-gic.h,22,"""THE REST"""
include/dt-bindings/interrupt-controller/irq.h,19,"""THE REST"""
include/dt-bindings/pinctrl/am33xx.h,42,"""THE REST"""
include/dt-bindings/pinctrl/omap.h,55,"""THE REST"""
include/dt-bindings/pinctrl/pinctrl-tegra-xusb.h,7,"""THE REST"""
include/dt-bindings/pinctrl/pinctrl-tegra.h,45,"""THE REST"""
"include/dt-bindings/reset/altr,rst-mgr.h",83,"""THE REST"""
include/dtt.h,46,"""THE REST"""
include/dwmmc.h,192,"""THE REST"""
include/e500.h,36,"""THE REST"""
include/ec_commands.h,1700,"""THE REST"""
include/edid.h,258,"""THE REST"""
include/elf.h,575,"""THE REST"""
include/env_attr.h,39,"""THE REST"""
include/env_callback.h,73,"""THE REST"""
include/env_default.h,128,"""THE REST"""
include/env_flags.h,156,"""THE REST"""
include/environment.h,228,"""THE REST"""
include/errno.h,12,"""THE REST"""
include/exports.h,51,"""THE REST"""
include/ext4fs.h,152,"""THE REST"""
include/ext_common.h,180,"""THE REST"""
include/faraday/ftahbc020s.h,47,"""THE REST"""
include/faraday/ftpci100.h,84,"""THE REST"""
include/faraday/ftpmu010.h,235,"""THE REST"""
include/faraday/ftsdc010.h,246,"""THE REST"""
include/faraday/ftsdmc020.h,91,"""THE REST"""
include/faraday/ftsdmc021.h,139,"""THE REST"""
include/faraday/ftsmc020.h,74,"""THE REST"""
include/faraday/fttmr010.h,61,"""THE REST"""
include/faraday/ftwdt010_wdt.h,94,"""THE REST"""
include/fat.h,214,"""THE REST"""
include/fb_mmc.h,8,"""THE REST"""
include/fdt.h,111,"""FLATTENED DEVICE TREE"",""THE REST"""
include/fdt_support.h,184,"""FLATTENED DEVICE TREE"",""THE REST"""
include/fdtdec.h,723,"""FLATTENED DEVICE TREE"",""THE REST"""
include/fis.h,142,"""THE REST"""
include/flash.h,502,"""THE REST"""
include/fm_eth.h,191,"""THE REST"""
include/fpga.h,66,"""THE REST"""
include/fs.h,112,"""THE REST"""
include/fsl_dcu_fb.h,16,"""THE REST"""
include/fsl_ddr.h,130,"""THE REST"""
include/fsl_ddr_dimm_params.h,120,"""THE REST"""
include/fsl_ddr_sdram.h,445,"""THE REST"""
include/fsl_ddrc_version.h,18,"""THE REST"""
include/fsl_diu_fb.h,15,"""THE REST"""
include/fsl_esdhc.h,204,"""THE REST"""
include/fsl_ifc.h,1009,"""THE REST"""
include/fsl_immap.h,139,"""THE REST"""
include/fsl_mc.h,59,"""THE REST"""
include/fsl_mdio.h,63,"""THE REST"""
include/fsl_pmic.h,120,"""THE REST"""
include/fsl_sec.h,181,"""THE REST"""
include/fsl_usb.h,188,"""THE REST"""
include/fuse.h,28,"""THE REST"""
include/g_dnl.h,46,"""THE REST"""
include/galileo/core.h,217,"""THE REST"""
include/galileo/gt64260R.h,1194,"""THE REST"""
include/galileo/memory.h,85,"""THE REST"""
include/galileo/pci.h,113,"""THE REST"""
include/gdsys_fpga.h,219,"""THE REST"""
include/gt64120.h,539,"""THE REST"""
include/hash.h,145,"""THE REST"""
include/hw_sha.h,37,"""THE REST"""
include/hwconfig.h,100,"""THE REST"""
include/i2c.h,806,"""THE REST"""
include/i2c_eeprom.h,19,"""THE REST"""
include/i2s.h,112,"""THE REST"""
include/i8042.h,81,"""THE REST"""
include/ide.h,87,"""THE REST"""
include/image.h,1086,"""THE REST"""
include/imx_thermal.h,17,"""THE REST"""
include/initcall.h,9,"""THE REST"""
include/input.h,140,"""THE REST"""
include/inttypes.h,287,"""THE REST"""
include/iomux.h,32,"""THE REST"""
include/ioports.h,65,"""THE REST"""
include/iotrace.h,104,"""THE REST"""
include/ipu_pixfmt.h,68,"""THE REST"""
include/jffs2/compr_rubin.h,11,"""THE REST"""
include/jffs2/jffs2.h,234,"""THE REST"""
include/jffs2/jffs2_1pass.h,3,"""THE REST"""
include/jffs2/load_kernel.h,69,"""THE REST"""
include/jffs2/mini_inflate.h,68,"""THE REST"""
include/key_matrix.h,87,"""THE REST"""
include/keyboard.h,22,"""THE REST"""
include/kgdb.h,70,"""THE REST"""
include/lattice.h,299,"""THE REST"""
include/lcd.h,417,"""THE REST"""
include/lcdvideo.h,69,"""THE REST"""
include/ld9040.h,16,"""THE REST"""
include/led-display.h,19,"""THE REST"""
include/libata.h,655,"""THE REST"""
include/libfdt.h,1713,"""FLATTENED DEVICE TREE"",""THE REST"""
include/libfdt_env.h,29,"""FLATTENED DEVICE TREE"",""THE REST"""
include/libtizen.h,15,"""THE REST"""
include/linker_lists.h,311,"""THE REST"""
include/linux/apm_bios.h,212,"""THE REST"""
include/linux/bch.h,79,"""THE REST"""
include/linux/bitops.h,155,"""THE REST"""
include/linux/bitrev.h,22,"""THE REST"""
include/linux/byteorder/big_endian.h,110,"""THE REST"""
include/linux/byteorder/generic.h,180,"""THE REST"""
include/linux/byteorder/little_endian.h,110,"""THE REST"""
include/linux/byteorder/swab.h,156,"""THE REST"""
include/linux/compat.h,340,"""THE REST"""
include/linux/compiler-clang.h,12,"""THE REST"""
include/linux/compiler-gcc.h,128,"""THE REST"""
include/linux/compiler-gcc3.h,23,"""THE REST"""
include/linux/compiler-gcc4.h,88,"""THE REST"""
include/linux/compiler-intel.h,40,"""THE REST"""
include/linux/compiler.h,391,"""THE REST"""
include/linux/crc32.h,27,"""THE REST"""
include/linux/crc7.h,14,"""THE REST"""
include/linux/crc8.h,23,"""THE REST"""
include/linux/ctype.h,60,"""THE REST"""
include/linux/edd.h,194,"""THE REST"""
include/linux/err.h,54,"""THE REST"""
include/linux/ethtool.h,725,"""THE REST"""
include/linux/fb.h,619,"""THE REST"""
include/linux/immap_qe.h,582,"""THE REST"""
include/linux/input.h,155,"""THE REST"""
include/linux/ioctl.h,6,"""THE REST"""
include/linux/ioport.h,192,"""THE REST"""
include/linux/kbuild.h,20,"""THE REST"""
include/linux/kconfig.h,46,"""THE REST"""
include/linux/kernel.h,247,"""THE REST"""
include/linux/linkage.h,70,"""THE REST"""
include/linux/linux_string.h,8,"""THE REST"""
include/linux/list.h,674,"""THE REST"""
include/linux/list_sort.h,11,"""THE REST"""
include/linux/lzo.h,48,"""THE REST"""
include/linux/math64.h,85,"""THE REST"""
include/linux/mbus.h,73,"""THE REST"""
include/linux/mc146818rtc.h,86,"""THE REST"""
include/linux/mdio.h,284,"""THE REST"""
include/linux/mii.h,193,"""THE REST"""
include/linux/mtd/bbm.h,162,"""THE REST"""
include/linux/mtd/concat.h,23,"""THE REST"""
include/linux/mtd/doc2000.h,207,"""THE REST"""
include/linux/mtd/docg4.h,132,"""THE REST"""
include/linux/mtd/flashchip.h,104,"""THE REST"""
include/linux/mtd/fsl_upm.h,45,"""THE REST"""
include/linux/mtd/fsmc_nand.h,85,"""THE REST"""
include/linux/mtd/mtd.h,486,"""THE REST"""
include/linux/mtd/nand.h,1024,"""THE REST"""
include/linux/mtd/nand_bch.h,72,"""THE REST"""
include/linux/mtd/nand_ecc.h,28,"""THE REST"""
include/linux/mtd/ndfc.h,67,"""THE REST"""
include/linux/mtd/omap_elm.h,80,"""THE REST"""
include/linux/mtd/omap_gpmc.h,93,"""THE REST"""
include/linux/mtd/onenand.h,180,"""THE REST"""
include/linux/mtd/onenand_regs.h,208,"""THE REST"""
include/linux/mtd/partitions.h,90,"""THE REST"""
include/linux/mtd/samsung_onenand.h,117,"""THE REST"""
include/linux/mtd/st_smi.h,101,"""THE REST"""
include/linux/mtd/ubi.h,237,"""THE REST"""
include/linux/netdevice.h,62,"""THE REST"""
include/linux/poison.h,11,"""THE REST"""
include/linux/posix_types.h,48,"""THE REST"""
include/linux/rbtree.h,98,"""THE REST"""
include/linux/rbtree_augmented.h,220,"""THE REST"""
include/linux/screen_info.h,84,"""THE REST"""
include/linux/serial_reg.h,388,"""THE REST"""
include/linux/sizes.h,47,"""THE REST"""
include/linux/stat.h,158,"""THE REST"""
include/linux/stddef.h,20,"""THE REST"""
include/linux/string.h,106,"""THE REST"""
include/linux/stringify.h,12,"""THE REST"""
include/linux/time.h,158,"""THE REST"""
include/linux/types.h,158,"""THE REST"""
include/linux/unaligned/access_ok.h,66,"""THE REST"""
include/linux/unaligned/be_byteshift.h,70,"""THE REST"""
include/linux/unaligned/generic.h,68,"""THE REST"""
include/linux/unaligned/le_byteshift.h,70,"""THE REST"""
include/linux/usb/atmel_usba_udc.h,26,"""THE REST"""
include/linux/usb/cdc.h,224,"""THE REST"""
include/linux/usb/ch9.h,1005,"""THE REST"""
include/linux/usb/composite.h,338,"""THE REST"""
include/linux/usb/dwc3.h,194,"""THE REST"""
include/linux/usb/gadget.h,860,"""THE REST"""
include/linux/usb/musb.h,164,"""THE REST"""
include/linux/usb/xhci-omap.h,144,"""THE REST"""
include/linux_logo.h,1445,"""THE REST"""
include/lmb.h,58,"""THE REST"""
include/logbuff.h,49,"""THE REST"""
include/lxt971a.h,132,"""THE REST"""
include/lynxkdi.h,25,"""THE REST"""
include/lzma/LzmaDec.h,15,"""THE REST"""
include/lzma/LzmaTools.h,15,"""THE REST"""
include/lzma/LzmaTypes.h,20,"""THE REST"""
include/malloc.h,959,"""THE REST"""
include/mb862xx.h,102,"""THE REST"""
include/mc13783.h,64,"""THE REST"""
include/mc13892.h,207,"""THE REST"""
include/mc34704.h,45,"""THE REST"""
include/mc9sdz60.h,67,"""THE REST"""
include/menu.h,26,"""THE REST"""
include/micrel.h,32,"""THE REST"""
include/mii_phy.h,8,"""THE REST"""
include/miiphy.h,124,"""THE REST"""
include/mk48t59.h,48,"""THE REST"""
include/mmc.h,403,"""THE REST"""
include/mpc106.h,141,"""THE REST"""
include/mpc5xx.h,173,"""THE REST"""
include/mpc5xxx.h,893,"""THE REST"""
include/mpc5xxx_sdma.h,93,"""THE REST"""
include/mpc8260.h,903,"""THE REST"""
include/mpc8260_irq.h,48,"""THE REST"""
include/mpc83xx.h,1586,"""THE REST"""
include/mpc85xx.h,71,"""THE REST"""
include/mpc86xx.h,90,"""THE REST"""
include/mpc8xx.h,618,"""THE REST"""
include/mpc8xx_irq.h,59,"""THE REST"""
include/msc01.h,135,"""THE REST"""
include/mtd/cfi_flash.h,185,"""THE REST"""
include/mtd/mtd-abi.h,275,"""THE REST"""
include/mtd/ubi-user.h,433,"""THE REST"""
include/mtd_node.h,11,"""THE REST"""
include/mv88e6352.h,76,"""THE REST"""
include/mvebu_mmc.h,279,"""THE REST"""
include/mvmfp.h,84,"""THE REST"""
include/nand.h,170,"""THE REST"""
include/net.h,705,"""THE REST"""
include/netdev.h,219,"""THE REST"""
include/nomadik.h,40,"""THE REST"""
include/ns16550.h,238,"""THE REST"""
include/ns87308.h,234,"""THE REST"""
include/onenand_uboot.h,54,"""THE REST"""
include/os.h,280,"""THE REST"""
include/palmas.h,128,"""THE REST"""
include/parade.h,18,"""THE REST"""
include/part.h,269,"""THE REST"""
include/part_efi.h,129,"""THE REST"""
include/pc_keyb.h,121,"""THE REST"""
include/pca953x.h,39,"""THE REST"""
include/pca9564.h,36,"""THE REST"""
include/pca9698.h,18,"""THE REST"""
include/pci.h,701,"""THE REST"""
include/pci_gt64120.h,17,"""THE REST"""
include/pci_ids.h,3112,"""THE REST"""
include/pci_msc01.h,17,"""THE REST"""
include/pci_rom.h,58,"""THE REST"""
include/pcmcia.h,275,"""THE REST"""
include/pcmcia/yenta.h,156,"""THE REST"""
include/phy.h,248,"""THE REST"""
include/physmem.h,21,"""THE REST"""
include/post.h,187,"""THE REST"""
include/power/as3722.h,27,"""THE REST"""
include/power/battery.h,22,"""THE REST"""
include/power/fg_battery_cell_params.h,74,"""THE REST"""
include/power/ltc3676_pmic.h,51,"""THE REST"""
include/power/max17042_fg.h,58,"""THE REST"""
include/power/max77686_pmic.h,207,"""THE REST"""
include/power/max77693_fg.h,49,"""THE REST"""
include/power/max77693_muic.h,74,"""THE REST"""
include/power/max77693_pmic.h,41,"""THE REST"""
include/power/max8997_muic.h,45,"""THE REST"""
include/power/max8997_pmic.h,197,"""THE REST"""
include/power/max8998_pmic.h,72,"""THE REST"""
include/power/pfuze100_pmic.h,181,"""THE REST"""
include/power/pmic.h,98,"""THE REST"""
include/power/power_chrg.h,27,"""THE REST"""
include/power/tps65090_pmic.h,73,"""THE REST"""
include/power/tps65217.h,83,"""THE REST"""
include/power/tps65218.h,64,"""THE REST"""
include/power/tps65910.h,77,"""THE REST"""
include/ppc_asm.tmpl,283,"""THE REST"""
include/ppc_defs.h,75,"""THE REST"""
include/ps2mult.h,56,"""THE REST"""
include/pwm.h,18,"""THE REST"""
include/radeon.h,1988,"""THE REST"""
include/reiserfs.h,70,"""THE REST"""
include/rtc.h,58,"""THE REST"""
include/s6e63d6.h,21,"""THE REST"""
include/s_record.h,98,"""THE REST"""
include/samsung/misc.h,41,"""THE REST"""
include/sandboxblockdev.h,18,"""THE REST"""
include/sandboxfs.h,37,"""THE REST"""
include/sata.h,19,"""THE REST"""
include/scf0403_lcd.h,11,"""THE REST"""
include/scsi.h,190,"""THE REST"""
include/sdhci.h,342,"""THE REST"""
include/search.h,124,"""THE REST"""
include/sed13806.h,81,"""THE REST"""
include/sed156x.h,26,"""THE REST"""
include/serial.h,216,"""THE REST"""
include/sh_pfc.h,192,"""THE REST"""
include/sh_tmu.h,75,"""THE REST"""
include/sja1000.h,44,"""THE REST"""
include/slre.h,100,"""THE REST"""
include/sm501.h,35,"""THE REST"""
include/smsc_lpc47m.h,19,"""THE REST"""
include/sound.h,56,"""THE REST"""
include/sparse_defs.h,7,"""THE REST"""
include/sparse_format.h,49,"""THE REST"""
include/spartan2.h,96,"""THE REST"""
include/spartan3.h,118,"""THE REST"""
include/spd.h,94,"""THE REST"""
include/spd_sdram.h,6,"""THE REST"""
include/spi.h,598,"""SPI"",""THE REST"""
include/spi_flash.h,199,"""SPI"",""THE REST"""
include/spl.h,85,"""THE REST"""
include/splash.h,36,"""THE REST"""
include/status_led.h,144,"""THE REST"""
include/stdio_dev.h,135,"""THE REST"""
include/stdlib.h,12,"""THE REST"""
include/stratixII.h,14,"""THE REST"""
include/sx151x.h,17,"""THE REST"""
include/sym53c8xx.h,553,"""THE REST"""
include/synopsys/dwcddr21mctl.h,325,"""THE REST"""
include/systemace.h,17,"""THE REST"""
include/tca642x.h,69,"""THE REST"""
include/tegra-kbc.h,33,"""THE REST"""
include/thermal.h,42,"""THE REST"""
include/thor.h,19,"""THE REST"""
include/timestamp.h,14,"""THE REST"""
include/tis.h,57,"""THE REST"""
include/tmu.h,46,"""THE REST"""
include/tpm.h,362,"""THE REST"""
include/tps6586x.h,52,"""THE REST"""
include/trace.h,105,"""THE REST"""
include/tsec.h,425,"""THE REST"""
include/tsi108.h,208,"""THE REST"""
include/tsi148.h,202,"""THE REST"""
include/twl4030.h,666,"""THE REST"""
include/twl6030.h,173,"""THE REST"""
include/tws.h,21,"""THE REST"""
include/u-boot/crc.h,28,"""THE REST"""
include/u-boot/md5.h,34,"""THE REST"""
include/u-boot/rsa-checksum.h,24,"""THE REST"""
include/u-boot/rsa.h,118,"""THE REST"""
include/u-boot/sha1.h,118,"""THE REST"""
include/u-boot/sha256.h,22,"""THE REST"""
include/u-boot/u-boot.lds.h,25,"""THE REST"""
include/u-boot/zlib.h,731,"""THE REST"""
include/ubi_uboot.h,86,"""THE REST"""
include/universe.h,132,"""THE REST"""
include/usb.h,431,"""THE REST"""
include/usb/ci_udc.h,14,"""THE REST"""
include/usb/designware_udc.h,184,"""THE REST"""
include/usb/ehci-fsl.h,288,"""THE REST"""
include/usb/fotg210.h,363,"""THE REST"""
include/usb/fusbh200.h,60,"""THE REST"""
include/usb/lin_gadget_compat.h,40,"""THE REST"""
include/usb/mpc8xx_udc.h,178,"""THE REST"""
include/usb/pxa27x_udc.h,32,"""THE REST"""
include/usb/s3c_udc.h,113,"""THE REST"""
include/usb/udc.h,53,"""THE REST"""
include/usb/ulpi.h,319,"""THE REST"""
include/usb_cdc_acm.h,30,"""THE REST"""
include/usb_defs.h,289,"""THE REST"""
include/usb_ether.h,70,"""THE REST"""
include/usb_mass_storage.h,35,"""THE REST"""
include/usbdescriptors.h,535,"""THE REST"""
include/usbdevice.h,778,"""THE REST"""
include/usbroothubdes.h,129,"""THE REST"""
include/uuid.h,41,"""THE REST"""
include/vbe.h,103,"""THE REST"""
include/version.h,27,"""THE REST"""
include/video.h,72,"""THE REST"""
include/video_easylogo.h,26,"""THE REST"""
include/video_fb.h,104,"""THE REST"""
include/video_font.h,17,"""THE REST"""
include/video_font_4x6.h,2153,"""THE REST"""
include/video_font_data.h,4628,"""THE REST"""
include/video_logo.h,1951,"""THE REST"""
include/virtex2.h,96,"""THE REST"""
include/vsc7385.h,12,"""THE REST"""
include/vsprintf.h,176,"""THE REST"""
include/vxworks.h,38,"""THE REST"""
include/w83c553f.h,162,"""THE REST"""
include/watchdog.h,103,"""THE REST"""
include/xilinx.h,80,"""THE REST"""
include/xyzModem.h,77,"""THE REST"""
include/zfs/dmu.h,108,"""THE REST"""
include/zfs/dmu_objset.h,31,"""THE REST"""
include/zfs/dnode.h,69,"""THE REST"""
include/zfs/dsl_dataset.h,41,"""THE REST"""
include/zfs/dsl_dir.h,37,"""THE REST"""
include/zfs/sa_impl.h,23,"""THE REST"""
include/zfs/spa.h,280,"""THE REST"""
include/zfs/uberblock_impl.h,45,"""THE REST"""
include/zfs/vdev_impl.h,58,"""THE REST"""
include/zfs/zap_impl.h,99,"""THE REST"""
include/zfs/zap_leaf.h,91,"""THE REST"""
include/zfs/zfs.h,110,"""THE REST"""
include/zfs/zfs_acl.h,43,"""THE REST"""
include/zfs/zfs_znode.h,59,"""THE REST"""
include/zfs/zil.h,45,"""THE REST"""
include/zfs/zio.h,80,"""THE REST"""
include/zfs/zio_checksum.h,38,"""THE REST"""
include/zfs_common.h,104,"""THE REST"""
include/zynqpl.h,51,"""THE REST"""
lib/Kconfig,30,"""THE REST"""
lib/Makefile,71,"""THE REST"""
lib/addr_map.c,84,"""THE REST"""
lib/aes.c,657,"""THE REST"""
lib/asm-offsets.c,46,"""THE REST"""
lib/bch.c,1358,"""THE REST"""
lib/bitrev.c,58,"""THE REST"""
lib/bzip2/Makefile,2,"""THE REST"""
lib/bzip2/bzlib.c,1601,"""THE REST"""
lib/bzip2/bzlib_crctable.c,145,"""THE REST"""
lib/bzip2/bzlib_decompress.c,674,"""THE REST"""
lib/bzip2/bzlib_huffman.c,229,"""THE REST"""
lib/bzip2/bzlib_private.h,530,"""THE REST"""
lib/bzip2/bzlib_randtable.c,125,"""THE REST"""
lib/circbuf.c,97,"""THE REST"""
lib/crc16.c,75,"""THE REST"""
lib/crc32.c,263,"""THE REST"""
lib/crc7.c,62,"""THE REST"""
lib/crc8.c,25,"""THE REST"""
lib/ctype.c,40,"""THE REST"""
lib/display_options.c,157,"""THE REST"""
lib/div64.c,53,"""THE REST"""
lib/errno.c,1,"""THE REST"""
lib/errno_str.c,147,"""THE REST"""
lib/fdtdec.c,872,"""FLATTENED DEVICE TREE"",""THE REST"""
lib/fdtdec_common.c,38,"""FLATTENED DEVICE TREE"",""THE REST"""
lib/fdtdec_test.c,210,"""FLATTENED DEVICE TREE"",""THE REST"""
lib/gunzip.c,104,"""THE REST"""
lib/gzip.c,126,"""THE REST"""
lib/hang.c,31,"""THE REST"""
lib/hashtable.c,977,"""THE REST"""
lib/initcall.c,36,"""THE REST"""
lib/ldiv.c,43,"""THE REST"""
lib/libfdt/Makefile,9,"""FLATTENED DEVICE TREE"",""THE REST"""
lib/libfdt/README,23,"""FLATTENED DEVICE TREE"",""THE REST"""
lib/libfdt/fdt.c,209,"""FLATTENED DEVICE TREE"",""THE REST"""
lib/libfdt/fdt_addresses.c,55,"""FLATTENED DEVICE TREE"",""THE REST"""
lib/libfdt/fdt_empty_tree.c,38,"""FLATTENED DEVICE TREE"",""THE REST"""
lib/libfdt/fdt_ro.c,608,"""FLATTENED DEVICE TREE"",""THE REST"""
lib/libfdt/fdt_rw.c,451,"""FLATTENED DEVICE TREE"",""THE REST"""
lib/libfdt/fdt_strerror.c,55,"""FLATTENED DEVICE TREE"",""THE REST"""
lib/libfdt/fdt_sw.c,243,"""FLATTENED DEVICE TREE"",""THE REST"""
lib/libfdt/fdt_wip.c,206,"""FLATTENED DEVICE TREE"",""THE REST"""
lib/libfdt/libfdt_internal.h,50,"""FLATTENED DEVICE TREE"",""THE REST"""
lib/linux_compat.c,47,"""THE REST"""
lib/linux_string.c,51,"""THE REST"""
lib/list_sort.c,297,"""THE REST"""
lib/lmb.c,346,"""THE REST"""
lib/lzma/LzmaDec.c,1025,"""THE REST"""
lib/lzma/LzmaDec.h,223,"""THE REST"""
lib/lzma/LzmaTools.c,124,"""THE REST"""
lib/lzma/LzmaTools.h,19,"""THE REST"""
lib/lzma/Makefile,13,"""THE REST"""
lib/lzma/README.txt,28,"""THE REST"""
lib/lzma/Types.h,234,"""THE REST"""
lib/lzma/history.txt,271,"""THE REST"""
lib/lzma/import_lzmasdk.sh,36,"""THE REST"""
lib/lzma/license.txt,3,"""THE REST"""
lib/lzma/lzma.txt,598,"""THE REST"""
lib/lzo/Makefile,8,"""THE REST"""
lib/lzo/lzo1x_decompress.c,337,"""THE REST"""
lib/lzo/lzodefs.h,43,"""THE REST"""
lib/md5.c,314,"""THE REST"""
lib/net_utils.c,34,"""THE REST"""
lib/physmem.c,24,"""THE REST"""
lib/qsort.c,71,"""THE REST"""
lib/rand.c,32,"""THE REST"""
lib/rbtree.c,551,"""THE REST"""
lib/rsa/Makefile,10,"""THE REST"""
lib/rsa/rsa-checksum.c,163,"""THE REST"""
lib/rsa/rsa-sign.c,522,"""THE REST"""
lib/rsa/rsa-verify.c,422,"""THE REST"""
lib/sha1.c,453,"""THE REST"""
lib/sha256.c,286,"""THE REST"""
lib/slre.c,724,"""THE REST"""
lib/string.c,702,"""THE REST"""
lib/strmhz.c,22,"""THE REST"""
lib/time.c,113,"""THE REST"""
lib/tizen/Makefile,8,"""THE REST"""
lib/tizen/tizen.c,33,"""THE REST"""
lib/tizen/tizen_logo_16bpp.h,7935,"""THE REST"""
lib/tizen/tizen_logo_16bpp_gzip.h,648,"""THE REST"""
lib/tpm.c,914,"""THE REST"""
lib/trace.c,366,"""THE REST"""
lib/uuid.c,255,"""THE REST"""
lib/vsprintf.c,898,"""THE REST"""
lib/zlib/Makefile,8,"""THE REST"""
lib/zlib/adler32.c,122,"""THE REST"""
lib/zlib/deflate.c,1832,"""THE REST"""
lib/zlib/deflate.h,342,"""THE REST"""
lib/zlib/inffast.c,356,"""THE REST"""
lib/zlib/inffast.h,11,"""THE REST"""
lib/zlib/inffixed.h,94,"""THE REST"""
lib/zlib/inflate.c,943,"""THE REST"""
lib/zlib/inflate.h,115,"""THE REST"""
lib/zlib/inftrees.c,325,"""THE REST"""
lib/zlib/inftrees.h,55,"""THE REST"""
lib/zlib/trees.c,1244,"""THE REST"""
lib/zlib/trees.h,127,"""THE REST"""
lib/zlib/zlib.c,32,"""THE REST"""
lib/zlib/zlib.h,20,"""THE REST"""
lib/zlib/zutil.c,67,"""THE REST"""
lib/zlib/zutil.h,126,"""THE REST"""
net/Kconfig,10,"""THE REST"""
net/Makefile,21,"""THE REST"""
net/arp.c,237,"""THE REST"""
net/arp.h,31,"""THE REST"""
net/bootp.c,1018,"""THE REST"""
net/bootp.h,94,"""THE REST"""
net/cdp.c,367,"""THE REST"""
net/cdp.h,22,"""THE REST"""
net/dns.c,209,"""THE REST"""
net/dns.h,36,"""THE REST"""
net/eth.c,544,"""THE REST"""
net/link_local.c,345,"""THE REST"""
net/link_local.h,24,"""THE REST"""
net/net.c,1488,"""THE REST"""
net/net_rand.h,43,"""THE REST"""
net/nfs.c,787,"""THE REST"""
net/nfs.h,77,"""THE REST"""
net/ping.c,116,"""THE REST"""
net/ping.h,32,"""THE REST"""
net/rarp.c,100,"""THE REST"""
net/rarp.h,29,"""THE REST"""
net/sntp.c,92,"""THE REST"""
net/sntp.h,58,"""THE REST"""
net/tftp.c,951,"""THE REST"""
net/tftp.h,30,"""THE REST"""
post/Makefile,18,"""THE REST"""
post/board/lwmon/Makefile,8,"""THE REST"""
post/board/lwmon/sysmon.c,297,"""THE REST"""
post/board/lwmon5/Makefile,8,"""THE REST"""
post/board/lwmon5/dsp.c,54,"""THE REST"""
post/board/lwmon5/dspic.c,105,"""THE REST"""
post/board/lwmon5/fpga.c,344,"""THE REST"""
post/board/lwmon5/gdc.c,363,"""THE REST"""
post/board/lwmon5/sysmon.c,277,"""THE REST"""
post/board/lwmon5/watchdog.c,121,"""THE REST"""
post/board/netta/Makefile,8,"""THE REST"""
post/board/netta/codec.c,29,"""THE REST"""
post/board/netta/dsp.c,29,"""THE REST"""
post/board/pdm360ng/Makefile,8,"""THE REST"""
post/board/pdm360ng/coproc_com.c,78,"""THE REST"""
post/cpu/mpc83xx/Makefile,8,"""THE REST"""
post/cpu/mpc83xx/ecc.c,150,"""THE REST"""
post/cpu/mpc8xx/Makefile,9,"""THE REST"""
post/cpu/mpc8xx/cache.c,62,"""THE REST"""
post/cpu/mpc8xx/cache_8xx.S,477,"""THE REST"""
post/cpu/mpc8xx/ether.c,537,"""THE REST"""
post/cpu/mpc8xx/spr.c,132,"""THE REST"""
post/cpu/mpc8xx/uart.c,523,"""THE REST"""
post/cpu/mpc8xx/usb.c,249,"""THE REST"""
post/cpu/mpc8xx/watchdog.c,59,"""THE REST"""
post/cpu/ppc4xx/Makefile,16,"""THE REST"""
post/cpu/ppc4xx/cache.c,106,"""THE REST"""
post/cpu/ppc4xx/cache_4xx.S,473,"""THE REST"""
post/cpu/ppc4xx/denali_ecc.c,259,"""THE REST"""
post/cpu/ppc4xx/ether.c,419,"""THE REST"""
post/cpu/ppc4xx/fpu.c,41,"""THE REST"""
post/cpu/ppc4xx/ocm.c,73,"""THE REST"""
post/cpu/ppc4xx/spr.c,184,"""THE REST"""
post/cpu/ppc4xx/uart.c,92,"""THE REST"""
post/cpu/ppc4xx/watchdog.c,52,"""THE REST"""
post/drivers/Makefile,8,"""THE REST"""
post/drivers/flash.c,107,"""THE REST"""
post/drivers/i2c.c,97,"""THE REST"""
post/drivers/memory.c,550,"""THE REST"""
post/drivers/rtc.c,179,"""THE REST"""
post/lib_powerpc/Makefile,13,"""THE REST"""
post/lib_powerpc/andi.c,103,"""THE REST"""
post/lib_powerpc/asm.S,342,"""THE REST"""
post/lib_powerpc/b.c,182,"""THE REST"""
post/lib_powerpc/cmp.c,117,"""THE REST"""
post/lib_powerpc/cmpi.c,117,"""THE REST"""
post/lib_powerpc/complex.c,111,"""THE REST"""
post/lib_powerpc/cpu.c,131,"""THE REST"""
post/lib_powerpc/cpu_asm.h,208,"""THE REST"""
post/lib_powerpc/cr.c,337,"""THE REST"""
post/lib_powerpc/fpu/20001122-1.c,44,"""THE REST"""
post/lib_powerpc/fpu/20010114-2.c,49,"""THE REST"""
post/lib_powerpc/fpu/20010226-1.c,37,"""THE REST"""
post/lib_powerpc/fpu/980619-1.c,43,"""THE REST"""
post/lib_powerpc/fpu/Makefile,23,"""THE REST"""
post/lib_powerpc/fpu/acc1.c,40,"""THE REST"""
post/lib_powerpc/fpu/compare-fp-1.c,208,"""THE REST"""
post/lib_powerpc/fpu/darwin-ldouble.c,120,"""THE REST"""
post/lib_powerpc/fpu/fpu.c,75,"""THE REST"""
post/lib_powerpc/fpu/mul-subnormal-single-1.c,86,"""THE REST"""
post/lib_powerpc/load.c,239,"""THE REST"""
post/lib_powerpc/multi.c,58,"""THE REST"""
post/lib_powerpc/rlwimi.c,142,"""THE REST"""
post/lib_powerpc/rlwinm.c,135,"""THE REST"""
post/lib_powerpc/rlwnm.c,145,"""THE REST"""
post/lib_powerpc/srawi.c,136,"""THE REST"""
post/lib_powerpc/store.c,219,"""THE REST"""
post/lib_powerpc/string.c,91,"""THE REST"""
post/lib_powerpc/three.c,239,"""THE REST"""
post/lib_powerpc/threei.c,117,"""THE REST"""
post/lib_powerpc/threex.c,209,"""THE REST"""
post/lib_powerpc/two.c,156,"""THE REST"""
post/lib_powerpc/twox.c,156,"""THE REST"""
post/post.c,484,"""THE REST"""
post/tests.c,320,"""THE REST"""
scripts/.gitignore,4,"""THE REST"""
scripts/Kbuild.include,296,"""THE REST"""
scripts/Lindent,18,"""THE REST"""
scripts/Makefile,16,"""THE REST"""
scripts/Makefile.autoconf,102,"""THE REST"""
scripts/Makefile.build,444,"""THE REST"""
scripts/Makefile.clean,107,"""THE REST"""
scripts/Makefile.extrawarn,57,"""THE REST"""
scripts/Makefile.host,128,"""THE REST"""
scripts/Makefile.lib,401,"""THE REST"""
scripts/Makefile.spl,236,"""THE REST"""
scripts/basic/.gitignore,1,"""THE REST"""
scripts/basic/Makefile,15,"""THE REST"""
scripts/basic/fixdep.c,466,"""THE REST"""
scripts/binutils-version.sh,23,"""THE REST"""
scripts/checkpatch.pl,4573,"""THE REST"""
scripts/checkstack.pl,171,"""THE REST"""
scripts/cleanpatch,258,"""THE REST"""
scripts/docproc.c,580,"""THE REST"""
scripts/dtc-version.sh,20,"""THE REST"""
scripts/gcc-stack-usage.sh,18,"""THE REST"""
scripts/gcc-version.sh,32,"""THE REST"""
scripts/get_maintainer.pl,2269,"""THE REST"""
scripts/kconfig/.gitignore,22,"""THE REST"""
scripts/kconfig/Makefile,312,"""THE REST"""
scripts/kconfig/POTFILES.in,12,"""THE REST"""
scripts/kconfig/check.sh,13,"""THE REST"""
scripts/kconfig/conf.c,718,"""THE REST"""
scripts/kconfig/confdata.c,1250,"""THE REST"""
scripts/kconfig/expr.c,1168,"""THE REST"""
scripts/kconfig/expr.h,241,"""THE REST"""
scripts/kconfig/gconf.c,1542,"""THE REST"""
scripts/kconfig/gconf.glade,661,"""THE REST"""
scripts/kconfig/images.c,326,"""THE REST"""
scripts/kconfig/kxgettext.c,235,"""THE REST"""
scripts/kconfig/list.h,131,"""THE REST"""
scripts/kconfig/lkc.h,200,"""THE REST"""
scripts/kconfig/lkc_proto.h,57,"""THE REST"""
scripts/kconfig/lxdialog/.gitignore,4,"""THE REST"""
scripts/kconfig/lxdialog/BIG.FAT.WARNING,4,"""THE REST"""
scripts/kconfig/lxdialog/check-lxdialog.sh,87,"""THE REST"""
scripts/kconfig/lxdialog/checklist.c,332,"""THE REST"""
scripts/kconfig/lxdialog/dialog.h,257,"""THE REST"""
scripts/kconfig/lxdialog/inputbox.c,301,"""THE REST"""
scripts/kconfig/lxdialog/menubox.c,437,"""THE REST"""
scripts/kconfig/lxdialog/textbox.c,408,"""THE REST"""
scripts/kconfig/lxdialog/util.c,713,"""THE REST"""
scripts/kconfig/lxdialog/yesno.c,114,"""THE REST"""
scripts/kconfig/mconf.c,1036,"""THE REST"""
scripts/kconfig/menu.c,697,"""THE REST"""
scripts/kconfig/merge_config.sh,150,"""THE REST"""
scripts/kconfig/nconf.c,1556,"""THE REST"""
scripts/kconfig/nconf.gui.c,656,"""THE REST"""
scripts/kconfig/nconf.h,96,"""THE REST"""
scripts/kconfig/qconf.cc,1795,"""THE REST"""
scripts/kconfig/qconf.h,338,"""THE REST"""
scripts/kconfig/streamline_config.pl,647,"""THE REST"""
scripts/kconfig/symbol.c,1373,"""THE REST"""
scripts/kconfig/util.c,157,"""THE REST"""
scripts/kconfig/zconf.gperf,48,"""THE REST"""
scripts/kconfig/zconf.hash.c_shipped,289,"""THE REST"""
scripts/kconfig/zconf.l,363,"""THE REST"""
scripts/kconfig/zconf.lex.c_shipped,2420,"""THE REST"""
scripts/kconfig/zconf.tab.c_shipped,2538,"""THE REST"""
scripts/kconfig/zconf.y,733,"""THE REST"""
scripts/kernel-doc,2619,"""THE REST"""
scripts/ld-version.sh,8,"""THE REST"""
scripts/mailmapper,159,"""THE REST"""
scripts/mkmakefile,52,"""THE REST"""
scripts/multiconfig.sh,349,"""THE REST"""
scripts/objdiff,159,"""THE REST"""
scripts/setlocalversion,174,"""THE REST"""
scripts/show-gnu-make,25,"""THE REST"""
snapshot.commit,1,"""THE REST"""
test/Makefile,8,"""THE REST"""
test/cmd_repeat.sh,29,"""THE REST"""
test/command_ut.c,204,"""THE REST"""
test/common.sh,20,"""THE REST"""
test/compression.c,335,"""THE REST"""
test/dfu/README,37,"""THE REST"""
test/dfu/dfu_gadget_test.sh,104,"""THE REST"""
test/dfu/dfu_gadget_test_init.sh,45,"""THE REST"""
test/dm/.gitignore,1,"""DRIVER MODEL"",""THE REST"""
test/dm/Makefile,24,"""DRIVER MODEL"",""THE REST"""
test/dm/bus.c,273,"""DRIVER MODEL"",""THE REST"""
test/dm/cmd_dm.c,155,"""DRIVER MODEL"",""THE REST"""
test/dm/core.c,600,"""DRIVER MODEL"",""THE REST"""
test/dm/gpio.c,178,"""DRIVER MODEL"",""THE REST"""
test/dm/i2c.c,216,"""DRIVER MODEL"",""THE REST"""
test/dm/sf.c,43,"""DRIVER MODEL"",""THE REST"""
test/dm/spi.c,127,"""DRIVER MODEL"",""THE REST"""
test/dm/test-dm.sh,9,"""DRIVER MODEL"",""THE REST"""
test/dm/test-driver.c,157,"""DRIVER MODEL"",""THE REST"""
test/dm/test-fdt.c,260,"""DRIVER MODEL"",""THE REST"""
test/dm/test-main.c,109,"""DRIVER MODEL"",""THE REST"""
test/dm/test-uclass.c,105,"""DRIVER MODEL"",""THE REST"""
test/dm/test.dts,127,"""DRIVER MODEL"",""THE REST"""
test/dm/ut.c,33,"""DRIVER MODEL"",""THE REST"""
test/fs/fs-test.sh,561,"""THE REST"""
test/image/test-fit.py,410,"""THE REST"""
test/image/test-imagetools.sh,141,"""THE REST"""
test/stdint/int-types.c,13,"""THE REST"""
test/stdint/test-includes.sh,58,"""THE REST"""
test/trace/test-trace.sh,62,"""THE REST"""
test/ums/README,30,"""THE REST"""
test/ums/ums_gadget_test.sh,183,"""THE REST"""
test/vboot/.gitignore,3,"""THE REST"""
test/vboot/sandbox-kernel.dts,7,"""THE REST"""
test/vboot/sandbox-u-boot.dts,7,"""THE REST"""
test/vboot/sign-configs-sha1.its,45,"""THE REST"""
test/vboot/sign-configs-sha256.its,45,"""THE REST"""
test/vboot/sign-images-sha1.its,42,"""THE REST"""
test/vboot/sign-images-sha256.its,42,"""THE REST"""
test/vboot/vboot_test.sh,151,"""THE REST"""
tools/.gitignore,27,"""THE REST"""
tools/Makefile,230,"""THE REST"""
tools/aisimage.c,431,"""THE REST"""
tools/aisimage.h,81,"""THE REST"""
tools/atmel_pmecc_params.c,51,"""THE REST"""
tools/atmelimage.c,342,"""THE REST"""
tools/bin2header.c,40,"""THE REST"""
tools/bmp_logo.c,203,"""THE REST"""
tools/buildman/.gitignore,1,"""BUILDMAN"",""THE REST"""
tools/buildman/README,837,"""BUILDMAN"",""THE REST"""
tools/buildman/board.py,291,"""BUILDMAN"",""THE REST"""
tools/buildman/bsettings.py,46,"""BUILDMAN"",""THE REST"""
tools/buildman/builder.py,1168,"""BUILDMAN"",""THE REST"""
tools/buildman/builderthread.py,440,"""BUILDMAN"",""THE REST"""
tools/buildman/buildman,0,"""BUILDMAN"",""THE REST"""
tools/buildman/buildman.py,65,"""BUILDMAN"",""THE REST"""
tools/buildman/cmdline.py,85,"""BUILDMAN"",""THE REST"""
tools/buildman/control.py,261,"""BUILDMAN"",""THE REST"""
tools/buildman/func_test.py,519,"""BUILDMAN"",""THE REST"""
tools/buildman/kconfiglib.py,3799,"""BUILDMAN"",""THE REST"""
tools/buildman/test.py,346,"""BUILDMAN"",""THE REST"""
tools/buildman/toolchain.py,249,"""BUILDMAN"",""THE REST"""
tools/default_image.c,194,"""THE REST"""
tools/dumpimage.c,305,"""THE REST"""
tools/dumpimage.h,33,"""THE REST"""
tools/easylogo/Makefile,3,"""THE REST"""
tools/easylogo/easylogo.c,610,"""THE REST"""
tools/easylogo/linux_blackfin.tga,723,"""THE REST"""
tools/easylogo/linux_logo.tga,96,"""THE REST"""
tools/easylogo/runme.sh,4,"""THE REST"""
tools/env/.gitignore,2,"""THE REST"""
tools/env/Makefile,36,"""THE REST"""
tools/env/README,60,"""THE REST"""
tools/env/aes.c,1,"""THE REST"""
tools/env/crc32.c,1,"""THE REST"""
tools/env/ctype.c,1,"""THE REST"""
tools/env/env_attr.c,1,"""THE REST"""
tools/env/env_flags.c,1,"""THE REST"""
tools/env/fw_env.c,1467,"""THE REST"""
tools/env/fw_env.config,22,"""THE REST"""
tools/env/fw_env.h,63,"""THE REST"""
tools/env/fw_env_main.c,147,"""THE REST"""
tools/env/linux_string.c,1,"""THE REST"""
tools/envcrc.c,129,"""THE REST"""
tools/fdt_host.h,16,"""THE REST"""
tools/fit_check_sign.c,97,"""THE REST"""
tools/fit_common.c,107,"""THE REST"""
tools/fit_common.h,33,"""THE REST"""
tools/fit_image.c,180,"""THE REST"""
tools/fit_info.c,109,"""THE REST"""
tools/gdb/Makefile,46,"""THE REST"""
tools/gdb/error.c,65,"""THE REST"""
tools/gdb/error.h,14,"""THE REST"""
tools/gdb/gdbcont.c,71,"""THE REST"""
tools/gdb/gdbsend.c,121,"""THE REST"""
tools/gdb/remote.c,916,"""THE REST"""
tools/gdb/remote.h,12,"""THE REST"""
tools/gdb/serial.c,133,"""THE REST"""
tools/gdb/serial.h,18,"""THE REST"""
tools/gen_eth_addr.c,34,"""THE REST"""
tools/genboardscfg.py,444,"""THE REST"""
tools/getline.c,90,"""THE REST"""
tools/getline.h,1,"""THE REST"""
tools/gpheader.h,40,"""THE REST"""
tools/gpimage-common.c,80,"""THE REST"""
tools/gpimage.c,77,"""THE REST"""
tools/ifdtool.c,1169,"""THE REST"""
tools/ifdtool.h,90,"""THE REST"""
tools/image-host.c,728,"""THE REST"""
tools/imagetool.c,64,"""THE REST"""
tools/imagetool.h,176,"""THE REST"""
tools/img2brec.sh,388,"""THE REST"""
tools/img2srec.c,372,"""THE REST"""
tools/imximage.c,712,"""THE REST"""
tools/imximage.h,175,"""THE REST"""
tools/jtagconsole,39,"""THE REST"""
tools/kermit/README,51,"""THE REST"""
tools/kermit/dot.kermrc,16,"""THE REST"""
tools/kermit/flash_param,60,"""THE REST"""
tools/kermit/send_cmd,21,"""THE REST"""
tools/kermit/send_image,26,"""THE REST"""
tools/kwbimage.c,923,"""THE REST"""
tools/kwbimage.h,90,"""THE REST"""
tools/kwboot.c,825,"""THE REST"""
tools/logos/atmel.bmp,17,"""THE REST"""
tools/logos/denx.bmp,13,"""THE REST"""
tools/logos/esd.bmp,7,"""THE REST"""
tools/logos/freescale.bmp,0,"""THE REST"""
tools/logos/intercontrol.bmp,0,"""THE REST"""
tools/logos/linux_logo_ttcontrol.bmp,0,"""THE REST"""
tools/logos/linux_logo_ttcontrol_palfin.bmp,0,"""THE REST"""
tools/logos/ronetix.bmp,33,"""THE REST"""
tools/logos/siemens.bmp,27,"""THE REST"""
tools/logos/syteco.bmp,0,"""THE REST"""
tools/logos/wandboard.bmp,118,"""THE REST"""
tools/microcode-tool,0,"""THE REST"""
tools/microcode-tool.py,253,"""THE REST"""
tools/mingw_support.c,116,"""THE REST"""
tools/mingw_support.h,46,"""THE REST"""
tools/mkenvimage.c,300,"""THE REST"""
tools/mkexynosspl.c,187,"""THE REST"""
tools/mkimage.c,656,"""THE REST"""
tools/mkimage.h,49,"""THE REST"""
tools/mksunxiboot.c,140,"""THE REST"""
tools/mpc86x_clk.c,202,"""THE REST"""
tools/mxsboot.c,673,"""THE REST"""
tools/mxsimage.c,2336,"""THE REST"""
tools/mxsimage.h,231,"""THE REST"""
tools/ncb.c,38,"""THE REST"""
tools/netconsole,63,"""THE REST"""
tools/omap/clocks_get_m_n.c,186,"""THE REST"""
tools/omapimage.c,179,"""THE REST"""
tools/omapimage.h,29,"""THE REST"""
tools/os_support.c,16,"""THE REST"""
tools/os_support.h,23,"""THE REST"""
tools/palmtreo680/flash_u-boot.c,177,"""THE REST"""
tools/patman/.gitignore,1,"""PATMAN"",""THE REST"""
tools/patman/README,468,"""PATMAN"",""THE REST"""
tools/patman/checkpatch.py,173,"""PATMAN"",""THE REST"""
tools/patman/command.py,123,"""PATMAN"",""THE REST"""
tools/patman/commit.py,88,"""PATMAN"",""THE REST"""
tools/patman/cros_subprocess.py,397,"""PATMAN"",""THE REST"""
tools/patman/get_maintainer.py,47,"""PATMAN"",""THE REST"""
tools/patman/gitutil.py,506,"""PATMAN"",""THE REST"""
tools/patman/patchstream.py,483,"""PATMAN"",""THE REST"""
tools/patman/patman,0,"""PATMAN"",""THE REST"""
tools/patman/patman.py,167,"""PATMAN"",""THE REST"""
tools/patman/project.py,27,"""PATMAN"",""THE REST"""
tools/patman/series.py,270,"""PATMAN"",""THE REST"""
tools/patman/settings.py,268,"""PATMAN"",""THE REST"""
tools/patman/terminal.py,158,"""PATMAN"",""THE REST"""
tools/patman/test.py,243,"""PATMAN"",""THE REST"""
tools/pbl_crc32.c,56,"""THE REST"""
tools/pbl_crc32.h,13,"""THE REST"""
tools/pblimage.c,326,"""THE REST"""
tools/pblimage.h,20,"""THE REST"""
tools/proftool.c,598,"""THE REST"""
tools/relocate-rela.c,189,"""THE REST"""
tools/scripts/define2mk.sed,35,"""THE REST"""
tools/socfpgaimage.c,259,"""THE REST"""
tools/ublimage.c,261,"""THE REST"""
tools/ublimage.h,84,"""THE REST"""
tools/ubsha1.c,84,"""THE REST"""
tools/xway-swap-bytes.c,38,"""THE REST"""
