filename,lines,sections
.checkpatch.conf,30,"""THE REST"""
.gitignore,90,"""THE REST"""
.mailmap,38,"""THE REST"""
.travis.yml,465,"""THE REST"""
Documentation/.gitignore,2,"""THE REST"""
Documentation/Makefile,124,"""THE REST"""
Documentation/conf.py,528,"""THE REST"""
"Documentation/devicetree/bindings/axi/gdsys,ihs_axi.txt",22,"""THE REST"""
"Documentation/devicetree/bindings/board/gdsys,board_gazerbeam.txt",46,"""THE REST"""
"Documentation/devicetree/bindings/clk/fsl,mpc83xx-clk.txt",23,"""THE REST"""
"Documentation/devicetree/bindings/cpu/fsl,mpc83xx.txt",34,"""THE REST"""
"Documentation/devicetree/bindings/misc/fsl,mpc83xx-serdes.txt",24,"""THE REST"""
"Documentation/devicetree/bindings/misc/gdsys,io-endpoint.txt",20,"""THE REST"""
"Documentation/devicetree/bindings/misc/gdsys,iocon_fpga.txt",19,"""THE REST"""
"Documentation/devicetree/bindings/misc/gdsys,iocpu_fpga.txt",19,"""THE REST"""
"Documentation/devicetree/bindings/misc/gdsys,soc.txt",16,"""THE REST"""
"Documentation/devicetree/bindings/ram/fsl,mpc83xx-mem-controller.txt",314,"""THE REST"""
"Documentation/devicetree/bindings/timer/fsl,mpc83xx-timer.txt",21,"""THE REST"""
Documentation/efi.rst,16,"""EFI PAYLOAD"",""THE REST"""
Documentation/index.rst,11,"""THE REST"""
Documentation/linker_lists.rst,100,"""THE REST"""
Documentation/media/Makefile,38,"""THE REST"""
Documentation/media/linker_lists.h.rst.exceptions,0,"""THE REST"""
Documentation/serial.rst,7,"""THE REST"""
Documentation/sphinx-static/theme_overrides.css,89,"""THE REST"""
Documentation/sphinx/cdomain.py,165,"""THE REST"""
Documentation/sphinx/kernel_include.py,190,"""THE REST"""
Documentation/sphinx/kerneldoc.py,146,"""THE REST"""
Documentation/sphinx/kfigure.py,551,"""THE REST"""
Documentation/sphinx/load_config.py,32,"""THE REST"""
Documentation/sphinx/parse-headers.pl,401,"""THE REST"""
Documentation/sphinx/requirements.txt,3,"""THE REST"""
Documentation/sphinx/rstFlatTable.py,376,"""THE REST"""
Kbuild,68,"""THE REST"""
Kconfig,513,"""THE REST"""
Licenses/Exceptions,15,"""THE REST"""
Licenses/OFL.txt,97,"""THE REST"""
Licenses/README,153,"""THE REST"""
Licenses/bsd-2-clause.txt,25,"""THE REST"""
Licenses/bsd-3-clause.txt,24,"""THE REST"""
Licenses/eCos-2.0.txt,43,"""THE REST"""
Licenses/gpl-2.0.txt,339,"""THE REST"""
Licenses/ibm-pibs.txt,17,"""THE REST"""
Licenses/isc.txt,17,"""THE REST"""
Licenses/lgpl-2.0.txt,481,"""THE REST"""
Licenses/lgpl-2.1.txt,502,"""THE REST"""
Licenses/r8a779x_usb3.txt,26,"""THE REST"""
Licenses/x11.txt,25,"""THE REST"""
MAINTAINERS,724,"""THE REST"""
Makefile,1916,"""THE REST"""
README,5050,"""THE REST"""
api/Kconfig,9,"""THE REST"""
api/Makefile,8,"""THE REST"""
api/README,55,"""THE REST"""
api/api.c,693,"""THE REST"""
api/api_display.c,58,"""THE REST"""
api/api_net.c,114,"""THE REST"""
api/api_platform-arm.c,36,"""THE REST"""
api/api_platform-mips.c,31,"""THE REST"""
api/api_platform-powerpc.c,50,"""THE REST"""
api/api_private.h,34,"""THE REST"""
api/api_storage.c,346,"""THE REST"""
arch/.gitignore,1,"""THE REST"""
arch/Kconfig,239,"""THE REST"""
arch/arc/Kconfig,173,"""ARC"",""THE REST"""
arch/arc/Makefile,19,"""ARC"",""THE REST"""
arch/arc/config.mk,52,"""ARC"",""THE REST"""
arch/arc/cpu/arcv1/Makefile,5,"""ARC"",""THE REST"""
arch/arc/cpu/arcv1/ivt.S,26,"""ARC"",""THE REST"""
arch/arc/cpu/arcv2/Makefile,5,"""ARC"",""THE REST"""
arch/arc/cpu/arcv2/ivt.S,31,"""ARC"",""THE REST"""
arch/arc/cpu/u-boot.lds,63,"""ARC"",""THE REST"""
arch/arc/dts/Makefile,19,"""ARC"",""THE REST"""
arch/arc/dts/abilis_tb100.dts,31,"""ARC"",""THE REST"""
arch/arc/dts/axc001.dtsi,18,"""ARC"",""THE REST"""
arch/arc/dts/axc003.dtsi,18,"""ARC"",""THE REST"""
arch/arc/dts/axs101.dts,18,"""ARC"",""THE REST"""
arch/arc/dts/axs103.dts,18,"""ARC"",""THE REST"""
arch/arc/dts/axs10x_mb.dtsi,94,"""ARC"",""THE REST"""
arch/arc/dts/emsdp.dts,35,"""ARC"",""THE REST"""
arch/arc/dts/hsdk.dts,118,"""ARC"",""THE REST"""
arch/arc/dts/iot_devkit.dts,45,"""ARC"",""THE REST"""
arch/arc/dts/nsim.dts,31,"""ARC"",""THE REST"""
arch/arc/dts/skeleton.dtsi,30,"""ARC"",""THE REST"""
arch/arc/include/asm/arc-bcr.h,77,"""ARC"",""THE REST"""
arch/arc/include/asm/arcregs.h,129,"""ARC"",""THE REST"""
arch/arc/include/asm/bitops.h,23,"""ARC"",""THE REST"""
arch/arc/include/asm/byteorder.h,22,"""ARC"",""THE REST"""
arch/arc/include/asm/cache.h,42,"""ARC"",""THE REST"""
arch/arc/include/asm/config.h,13,"""ARC"",""THE REST"""
arch/arc/include/asm/global_data.h,25,"""ARC"",""THE REST"""
arch/arc/include/asm/gpio.h,1,"""ARC"",""THE REST"""
arch/arc/include/asm/io.h,282,"""ARC"",""THE REST"""
arch/arc/include/asm/linkage.h,11,"""ARC"",""THE REST"""
arch/arc/include/asm/posix_types.h,42,"""ARC"",""THE REST"""
arch/arc/include/asm/processor.h,11,"""ARC"",""THE REST"""
arch/arc/include/asm/ptrace.h,49,"""ARC"",""THE REST"""
arch/arc/include/asm/sections.h,14,"""ARC"",""THE REST"""
arch/arc/include/asm/string.h,1,"""ARC"",""THE REST"""
arch/arc/include/asm/types.h,22,"""ARC"",""THE REST"""
arch/arc/include/asm/u-boot-arc.h,14,"""ARC"",""THE REST"""
arch/arc/include/asm/u-boot.h,15,"""ARC"",""THE REST"""
arch/arc/include/asm/unaligned.h,1,"""ARC"",""THE REST"""
arch/arc/lib/Makefile,17,"""ARC"",""THE REST"""
arch/arc/lib/_millicodethunk.S,225,"""ARC"",""THE REST"""
arch/arc/lib/bootm.c,118,"""ARC"",""THE REST"""
arch/arc/lib/cache.c,719,"""ARC"",""THE REST"""
arch/arc/lib/cpu.c,228,"""ARC"",""THE REST"""
arch/arc/lib/init_helpers.c,14,"""ARC"",""THE REST"""
arch/arc/lib/interrupts.c,168,"""ARC"",""THE REST"""
arch/arc/lib/ints_low.S,178,"""ARC"",""THE REST"""
arch/arc/lib/libgcc2.c,160,"""ARC"",""THE REST"""
arch/arc/lib/libgcc2.h,131,"""ARC"",""THE REST"""
arch/arc/lib/relocate.c,135,"""ARC"",""THE REST"""
arch/arc/lib/reset.c,22,"""ARC"",""THE REST"""
arch/arc/lib/start.S,124,"""ARC"",""THE REST"""
arch/arm/Kconfig,1577,"""ARM"",""THE REST"""
arch/arm/Kconfig.debug,64,"""ARM"",""THE REST"""
arch/arm/Makefile,120,"""ARM"",""THE REST"""
arch/arm/config.mk,173,"""ARM"",""THE REST"""
arch/arm/cpu/Makefile,3,"""ARM"",""THE REST"""
arch/arm/cpu/arm11/Makefile,6,"""ARM"",""THE REST"""
arch/arm/cpu/arm11/cpu.c,110,"""ARM"",""THE REST"""
arch/arm/cpu/arm1136/Makefile,10,"""ARM"",""THE REST"""
arch/arm/cpu/arm1136/mx31/Makefile,9,"""ARM"",""ARM FREESCALE IMX"",""THE REST"""
arch/arm/cpu/arm1136/mx31/devices.c,50,"""ARM"",""ARM FREESCALE IMX"",""THE REST"""
arch/arm/cpu/arm1136/mx31/generic.c,218,"""ARM"",""ARM FREESCALE IMX"",""THE REST"""
arch/arm/cpu/arm1136/mx31/relocate.S,22,"""ARM"",""ARM FREESCALE IMX"",""THE REST"""
arch/arm/cpu/arm1136/mx31/timer.c,44,"""ARM"",""ARM FREESCALE IMX"",""THE REST"""
arch/arm/cpu/arm1136/mx35/Makefile,11,"""ARM"",""ARM FREESCALE IMX"",""THE REST"""
arch/arm/cpu/arm1136/mx35/generic.c,525,"""ARM"",""ARM FREESCALE IMX"",""THE REST"""
arch/arm/cpu/arm1136/mx35/mx35_sdram.c,120,"""ARM"",""ARM FREESCALE IMX"",""THE REST"""
arch/arm/cpu/arm1136/mx35/relocate.S,22,"""ARM"",""ARM FREESCALE IMX"",""THE REST"""
arch/arm/cpu/arm1136/mx35/timer.c,44,"""ARM"",""ARM FREESCALE IMX"",""THE REST"""
arch/arm/cpu/arm1136/start.S,94,"""ARM"",""THE REST"""
arch/arm/cpu/arm1136/u-boot-spl.lds,50,"""ARM"",""THE REST"""
arch/arm/cpu/arm1176/Makefile,12,"""ARM"",""THE REST"""
arch/arm/cpu/arm1176/start.S,121,"""ARM"",""THE REST"""
arch/arm/cpu/arm720t/Makefile,7,"""ARM"",""THE REST"""
arch/arm/cpu/arm720t/cpu.c,21,"""ARM"",""THE REST"""
arch/arm/cpu/arm720t/interrupts.c,26,"""ARM"",""THE REST"""
arch/arm/cpu/arm720t/start.S,79,"""ARM"",""THE REST"""
arch/arm/cpu/arm920t/Makefile,17,"""ARM"",""THE REST"""
arch/arm/cpu/arm920t/cpu.c,47,"""ARM"",""THE REST"""
arch/arm/cpu/arm920t/ep93xx/Makefile,19,"""ARM"",""THE REST"""
arch/arm/cpu/arm920t/ep93xx/cpu.c,36,"""ARM"",""THE REST"""
arch/arm/cpu/arm920t/ep93xx/led.c,85,"""ARM"",""THE REST"""
arch/arm/cpu/arm920t/ep93xx/lowlevel_init.S,457,"""ARM"",""THE REST"""
arch/arm/cpu/arm920t/ep93xx/speed.c,95,"""ARM"",""THE REST"""
arch/arm/cpu/arm920t/ep93xx/timer.c,114,"""ARM"",""THE REST"""
arch/arm/cpu/arm920t/imx/Makefile,8,"""ARM"",""THE REST"""
arch/arm/cpu/arm920t/imx/generic.c,76,"""ARM"",""THE REST"""
arch/arm/cpu/arm920t/imx/speed.c,85,"""ARM"",""THE REST"""
arch/arm/cpu/arm920t/imx/timer.c,97,"""ARM"",""THE REST"""
arch/arm/cpu/arm920t/start.S,112,"""ARM"",""THE REST"""
arch/arm/cpu/arm926ejs/Makefile,31,"""ARM"",""THE REST"""
arch/arm/cpu/arm926ejs/armada100/Makefile,7,"""ARM"",""THE REST"""
arch/arm/cpu/arm926ejs/armada100/cpu.c,91,"""ARM"",""THE REST"""
arch/arm/cpu/arm926ejs/armada100/dram.c,115,"""ARM"",""THE REST"""
arch/arm/cpu/arm926ejs/armada100/timer.c,193,"""ARM"",""THE REST"""
arch/arm/cpu/arm926ejs/cache.c,90,"""ARM"",""THE REST"""
arch/arm/cpu/arm926ejs/cpu.c,52,"""ARM"",""THE REST"""
arch/arm/cpu/arm926ejs/lpc32xx/Kconfig,20,"""ARM"",""THE REST"""
arch/arm/cpu/arm926ejs/lpc32xx/Makefile,8,"""ARM"",""THE REST"""
arch/arm/cpu/arm926ejs/lpc32xx/clk.c,137,"""ARM"",""THE REST"""
arch/arm/cpu/arm926ejs/lpc32xx/cpu.c,77,"""ARM"",""THE REST"""
arch/arm/cpu/arm926ejs/lpc32xx/devices.c,141,"""ARM"",""THE REST"""
arch/arm/cpu/arm926ejs/lpc32xx/dram.c,73,"""ARM"",""THE REST"""
arch/arm/cpu/arm926ejs/lpc32xx/lowlevel_init.S,44,"""ARM"",""THE REST"""
arch/arm/cpu/arm926ejs/lpc32xx/timer.c,81,"""ARM"",""THE REST"""
arch/arm/cpu/arm926ejs/mx25/Makefile,7,"""ARM"",""ARM FREESCALE IMX"",""THE REST"""
arch/arm/cpu/arm926ejs/mx25/generic.c,269,"""ARM"",""ARM FREESCALE IMX"",""THE REST"""
arch/arm/cpu/arm926ejs/mx25/relocate.S,22,"""ARM"",""ARM FREESCALE IMX"",""THE REST"""
arch/arm/cpu/arm926ejs/mx25/reset.c,39,"""ARM"",""ARM FREESCALE IMX"",""THE REST"""
arch/arm/cpu/arm926ejs/mx25/timer.c,48,"""ARM"",""ARM FREESCALE IMX"",""THE REST"""
arch/arm/cpu/arm926ejs/mx27/Makefile,7,"""ARM"",""ARM FREESCALE IMX"",""THE REST"""
arch/arm/cpu/arm926ejs/mx27/generic.c,376,"""ARM"",""ARM FREESCALE IMX"",""THE REST"""
arch/arm/cpu/arm926ejs/mx27/relocate.S,50,"""ARM"",""ARM FREESCALE IMX"",""THE REST"""
arch/arm/cpu/arm926ejs/mx27/reset.c,40,"""ARM"",""ARM FREESCALE IMX"",""THE REST"""
arch/arm/cpu/arm926ejs/mx27/timer.c,161,"""ARM"",""ARM FREESCALE IMX"",""THE REST"""
arch/arm/cpu/arm926ejs/mxs/Makefile,81,"""ARM"",""ARM FREESCALE IMX"",""THE REST"""
arch/arm/cpu/arm926ejs/mxs/clock.c,435,"""ARM"",""ARM FREESCALE IMX"",""THE REST"""
arch/arm/cpu/arm926ejs/mxs/iomux.c,96,"""ARM"",""ARM FREESCALE IMX"",""THE REST"""
arch/arm/cpu/arm926ejs/mxs/mxs.c,284,"""ARM"",""ARM FREESCALE IMX"",""THE REST"""
arch/arm/cpu/arm926ejs/mxs/mxs_init.h,28,"""ARM"",""ARM FREESCALE IMX"",""THE REST"""
arch/arm/cpu/arm926ejs/mxs/mxsimage-signed.cfg,11,"""ARM"",""ARM FREESCALE IMX"",""THE REST"""
arch/arm/cpu/arm926ejs/mxs/mxsimage-spl.mx23.cfg,5,"""ARM"",""ARM FREESCALE IMX"",""THE REST"""
arch/arm/cpu/arm926ejs/mxs/mxsimage-spl.mx28.cfg,6,"""ARM"",""ARM FREESCALE IMX"",""THE REST"""
arch/arm/cpu/arm926ejs/mxs/mxsimage.mx23.cfg,7,"""ARM"",""ARM FREESCALE IMX"",""THE REST"""
arch/arm/cpu/arm926ejs/mxs/mxsimage.mx28.cfg,9,"""ARM"",""ARM FREESCALE IMX"",""THE REST"""
arch/arm/cpu/arm926ejs/mxs/spl_boot.c,161,"""ARM"",""ARM FREESCALE IMX"",""THE REST"""
arch/arm/cpu/arm926ejs/mxs/spl_lradc_init.c,78,"""ARM"",""ARM FREESCALE IMX"",""THE REST"""
arch/arm/cpu/arm926ejs/mxs/spl_mem_init.c,359,"""ARM"",""ARM FREESCALE IMX"",""THE REST"""
arch/arm/cpu/arm926ejs/mxs/spl_power_init.c,1289,"""ARM"",""ARM FREESCALE IMX"",""THE REST"""
arch/arm/cpu/arm926ejs/mxs/start.S,95,"""ARM"",""ARM FREESCALE IMX"",""THE REST"""
arch/arm/cpu/arm926ejs/mxs/timer.c,155,"""ARM"",""ARM FREESCALE IMX"",""THE REST"""
arch/arm/cpu/arm926ejs/mxs/u-boot-imx23.bd,18,"""ARM"",""ARM FREESCALE IMX"",""THE REST"""
arch/arm/cpu/arm926ejs/mxs/u-boot-imx28.bd,14,"""ARM"",""ARM FREESCALE IMX"",""THE REST"""
arch/arm/cpu/arm926ejs/mxs/u-boot-spl.lds,68,"""ARM"",""ARM FREESCALE IMX"",""THE REST"""
arch/arm/cpu/arm926ejs/orion5x/u-boot-spl.lds,60,"""ARM"",""THE REST"""
arch/arm/cpu/arm926ejs/spear/Makefile,21,"""ARM"",""ARM STM SPEAR"",""THE REST"""
arch/arm/cpu/arm926ejs/spear/cpu.c,114,"""ARM"",""ARM STM SPEAR"",""THE REST"""
arch/arm/cpu/arm926ejs/spear/reset.c,37,"""ARM"",""ARM STM SPEAR"",""THE REST"""
arch/arm/cpu/arm926ejs/spear/spear600.c,223,"""ARM"",""ARM STM SPEAR"",""THE REST"""
arch/arm/cpu/arm926ejs/spear/spl.c,256,"""ARM"",""ARM STM SPEAR"",""THE REST"""
arch/arm/cpu/arm926ejs/spear/spr600_mt47h128m8_3_266_cl5_async.c,113,"""ARM"",""ARM STM SPEAR"",""THE REST"""
arch/arm/cpu/arm926ejs/spear/spr600_mt47h32m16_333_cl5_psync.c,118,"""ARM"",""ARM STM SPEAR"",""THE REST"""
arch/arm/cpu/arm926ejs/spear/spr600_mt47h32m16_37e_166_cl4_sync.c,113,"""ARM"",""ARM STM SPEAR"",""THE REST"""
arch/arm/cpu/arm926ejs/spear/spr600_mt47h64m16_3_333_cl5_psync.c,127,"""ARM"",""ARM STM SPEAR"",""THE REST"""
arch/arm/cpu/arm926ejs/spear/spr_lowlevel_init.S,173,"""ARM"",""ARM STM SPEAR"",""THE REST"""
arch/arm/cpu/arm926ejs/spear/spr_misc.c,249,"""ARM"",""ARM STM SPEAR"",""THE REST"""
arch/arm/cpu/arm926ejs/spear/start.S,79,"""ARM"",""ARM STM SPEAR"",""THE REST"""
arch/arm/cpu/arm926ejs/spear/timer.c,119,"""ARM"",""ARM STM SPEAR"",""THE REST"""
arch/arm/cpu/arm926ejs/spear/u-boot-spl.lds,54,"""ARM"",""ARM STM SPEAR"",""THE REST"""
arch/arm/cpu/arm926ejs/start.S,112,"""ARM"",""THE REST"""
arch/arm/cpu/arm946es/Makefile,8,"""ARM"",""THE REST"""
arch/arm/cpu/arm946es/cpu.c,65,"""ARM"",""THE REST"""
arch/arm/cpu/arm946es/start.S,101,"""ARM"",""THE REST"""
arch/arm/cpu/armv7/Kconfig,61,"""ARM"",""THE REST"""
arch/arm/cpu/armv7/Makefile,43,"""ARM"",""THE REST"""
arch/arm/cpu/armv7/arch_timer.c,58,"""ARM"",""THE REST"""
arch/arm/cpu/armv7/bcm235xx/Makefile,10,"""ARM"",""THE REST"""
arch/arm/cpu/armv7/bcm235xx/clk-bcm235xx.c,568,"""ARM"",""THE REST"""
arch/arm/cpu/armv7/bcm235xx/clk-bsc.c,51,"""ARM"",""THE REST"""
arch/arm/cpu/armv7/bcm235xx/clk-core.c,512,"""ARM"",""THE REST"""
arch/arm/cpu/armv7/bcm235xx/clk-core.h,490,"""ARM"",""THE REST"""
arch/arm/cpu/armv7/bcm235xx/clk-eth.c,142,"""ARM"",""THE REST"""
arch/arm/cpu/armv7/bcm235xx/clk-sdio.c,72,"""ARM"",""THE REST"""
arch/arm/cpu/armv7/bcm235xx/clk-usb-otg.c,26,"""ARM"",""THE REST"""
arch/arm/cpu/armv7/bcm281xx/Makefile,11,"""ARM"",""THE REST"""
arch/arm/cpu/armv7/bcm281xx/clk-bcm281xx.c,572,"""ARM"",""THE REST"""
arch/arm/cpu/armv7/bcm281xx/clk-bsc.c,51,"""ARM"",""THE REST"""
arch/arm/cpu/armv7/bcm281xx/clk-core.c,512,"""ARM"",""THE REST"""
arch/arm/cpu/armv7/bcm281xx/clk-core.h,490,"""ARM"",""THE REST"""
arch/arm/cpu/armv7/bcm281xx/clk-eth.c,142,"""ARM"",""THE REST"""
arch/arm/cpu/armv7/bcm281xx/clk-sdio.c,72,"""ARM"",""THE REST"""
arch/arm/cpu/armv7/bcm281xx/clk-usb-otg.c,26,"""ARM"",""THE REST"""
arch/arm/cpu/armv7/bcm281xx/reset.c,26,"""ARM"",""THE REST"""
arch/arm/cpu/armv7/bcmcygnus/Makefile,5,"""ARM"",""THE REST"""
arch/arm/cpu/armv7/bcmcygnus/reset.c,19,"""ARM"",""THE REST"""
arch/arm/cpu/armv7/bcmnsp/Makefile,5,"""ARM"",""THE REST"""
arch/arm/cpu/armv7/bcmnsp/reset.c,18,"""ARM"",""THE REST"""
arch/arm/cpu/armv7/cache_v7.c,213,"""ARM"",""THE REST"""
arch/arm/cpu/armv7/cache_v7_asm.S,152,"""ARM"",""THE REST"""
arch/arm/cpu/armv7/config.mk,11,"""ARM"",""THE REST"""
arch/arm/cpu/armv7/cp15.c,28,"""ARM"",""THE REST"""
arch/arm/cpu/armv7/cpu.c,83,"""ARM"",""THE REST"""
arch/arm/cpu/armv7/iproc-common/Makefile,7,"""ARM"",""THE REST"""
arch/arm/cpu/armv7/iproc-common/armpll.c,169,"""ARM"",""THE REST"""
arch/arm/cpu/armv7/iproc-common/hwinit-common.c,14,"""ARM"",""THE REST"""
arch/arm/cpu/armv7/iproc-common/timer.c,129,"""ARM"",""THE REST"""
arch/arm/cpu/armv7/kona-common/Makefile,8,"""ARM"",""THE REST"""
arch/arm/cpu/armv7/kona-common/clk-stubs.c,25,"""ARM"",""THE REST"""
arch/arm/cpu/armv7/kona-common/hwinit-common.c,15,"""ARM"",""THE REST"""
arch/arm/cpu/armv7/kona-common/reset.S,25,"""ARM"",""THE REST"""
arch/arm/cpu/armv7/kona-common/s_init.c,11,"""ARM"",""THE REST"""
arch/arm/cpu/armv7/lowlevel_init.S,70,"""ARM"",""THE REST"""
arch/arm/cpu/armv7/ls102xa/Kconfig,109,"""ARM"",""THE REST"""
arch/arm/cpu/armv7/ls102xa/Makefile,19,"""ARM"",""THE REST"""
arch/arm/cpu/armv7/ls102xa/clock.c,122,"""ARM"",""THE REST"""
arch/arm/cpu/armv7/ls102xa/cpu.c,391,"""ARM"",""THE REST"""
arch/arm/cpu/armv7/ls102xa/fdt.c,179,"""ARM"",""THE REST"""
arch/arm/cpu/armv7/ls102xa/fsl_epu.c,213,"""ARM"",""THE REST"""
arch/arm/cpu/armv7/ls102xa/fsl_epu.h,75,"""ARM"",""THE REST"""
arch/arm/cpu/armv7/ls102xa/fsl_ls1_serdes.c,130,"""ARM"",""THE REST"""
arch/arm/cpu/armv7/ls102xa/fsl_ls1_serdes.h,11,"""ARM"",""THE REST"""
arch/arm/cpu/armv7/ls102xa/ls102xa_psci.c,239,"""ARM"",""THE REST"""
arch/arm/cpu/armv7/ls102xa/ls102xa_serdes.c,40,"""ARM"",""THE REST"""
arch/arm/cpu/armv7/ls102xa/psci.S,257,"""ARM"",""THE REST"""
arch/arm/cpu/armv7/ls102xa/soc.c,211,"""ARM"",""THE REST"""
arch/arm/cpu/armv7/ls102xa/spl.c,15,"""ARM"",""THE REST"""
arch/arm/cpu/armv7/ls102xa/timer.c,122,"""ARM"",""THE REST"""
arch/arm/cpu/armv7/mpu_v7r.c,119,"""ARM"",""THE REST"""
arch/arm/cpu/armv7/nonsec_virt.S,225,"""ARM"",""THE REST"""
arch/arm/cpu/armv7/psci-common.c,46,"""ARM"",""THE REST"""
arch/arm/cpu/armv7/psci.S,347,"""ARM"",""THE REST"""
arch/arm/cpu/armv7/s5p-common/Makefile,11,"""ARM"",""ARM SAMSUNG"",""THE REST"""
arch/arm/cpu/armv7/s5p-common/cpu_info.c,49,"""ARM"",""ARM SAMSUNG"",""THE REST"""
arch/arm/cpu/armv7/s5p-common/pwm.c,170,"""ARM"",""ARM SAMSUNG"",""THE REST"""
arch/arm/cpu/armv7/s5p-common/sromc.c,32,"""ARM"",""ARM SAMSUNG"",""THE REST"""
arch/arm/cpu/armv7/s5p-common/timer.c,135,"""ARM"",""ARM SAMSUNG"",""THE REST"""
arch/arm/cpu/armv7/sctlr.S,22,"""ARM"",""THE REST"""
arch/arm/cpu/armv7/smccc-call.S,57,"""ARM"",""THE REST"""
arch/arm/cpu/armv7/start.S,342,"""ARM"",""THE REST"""
arch/arm/cpu/armv7/stv0991/Makefile,7,"""ARM"",""ARM STM STV0991"",""THE REST"""
arch/arm/cpu/armv7/stv0991/clock.c,42,"""ARM"",""ARM STM STV0991"",""THE REST"""
arch/arm/cpu/armv7/stv0991/lowlevel.S,11,"""ARM"",""ARM STM STV0991"",""THE REST"""
arch/arm/cpu/armv7/stv0991/pinmux.c,66,"""ARM"",""ARM STM STV0991"",""THE REST"""
arch/arm/cpu/armv7/stv0991/reset.c,25,"""ARM"",""ARM STM STV0991"",""THE REST"""
arch/arm/cpu/armv7/stv0991/timer.c,110,"""ARM"",""ARM STM STV0991"",""THE REST"""
arch/arm/cpu/armv7/sunxi/Makefile,19,"""ARM"",""ARM SUNXI"",""THE REST"""
arch/arm/cpu/armv7/sunxi/fel_utils.S,41,"""ARM"",""ARM SUNXI"",""THE REST"""
arch/arm/cpu/armv7/sunxi/psci.c,312,"""ARM"",""ARM SUNXI"",""THE REST"""
arch/arm/cpu/armv7/sunxi/start.c,1,"""ARM"",""ARM SUNXI"",""THE REST"""
arch/arm/cpu/armv7/sunxi/timer.c,112,"""ARM"",""ARM SUNXI"",""THE REST"""
arch/arm/cpu/armv7/sunxi/tzpc.c,26,"""ARM"",""ARM SUNXI"",""THE REST"""
arch/arm/cpu/armv7/sunxi/u-boot-spl.lds,57,"""ARM"",""ARM SUNXI"",""THE REST"""
arch/arm/cpu/armv7/syslib.c,42,"""ARM"",""THE REST"""
arch/arm/cpu/armv7/vf610/Kconfig,36,"""ARM"",""ARM FREESCALE IMX"",""THE REST"""
arch/arm/cpu/armv7/vf610/Makefile,11,"""ARM"",""ARM FREESCALE IMX"",""THE REST"""
arch/arm/cpu/armv7/vf610/generic.c,377,"""ARM"",""ARM FREESCALE IMX"",""THE REST"""
arch/arm/cpu/armv7/vf610/timer.c,84,"""ARM"",""ARM FREESCALE IMX"",""THE REST"""
arch/arm/cpu/armv7/virt-dt.c,70,"""ARM"",""THE REST"""
arch/arm/cpu/armv7/virt-v7.c,143,"""ARM"",""THE REST"""
arch/arm/cpu/armv7m/Makefile,9,"""ARM"",""THE REST"""
arch/arm/cpu/armv7m/cache.c,358,"""ARM"",""THE REST"""
arch/arm/cpu/armv7m/config.mk,6,"""ARM"",""THE REST"""
arch/arm/cpu/armv7m/cpu.c,56,"""ARM"",""THE REST"""
arch/arm/cpu/armv7m/mpu.c,44,"""ARM"",""THE REST"""
arch/arm/cpu/armv7m/start.S,16,"""ARM"",""THE REST"""
arch/arm/cpu/armv7m/systick-timer.c,115,"""ARM"",""THE REST"""
arch/arm/cpu/armv8/Kconfig,168,"""ARM"",""THE REST"""
arch/arm/cpu/armv8/Makefile,35,"""ARM"",""THE REST"""
arch/arm/cpu/armv8/cache.S,267,"""ARM"",""THE REST"""
arch/arm/cpu/armv8/cache_v8.c,742,"""ARM"",""THE REST"""
arch/arm/cpu/armv8/config.mk,12,"""ARM"",""THE REST"""
arch/arm/cpu/armv8/cpu-dt.c,32,"""ARM"",""THE REST"""
arch/arm/cpu/armv8/cpu.c,78,"""ARM"",""THE REST"""
arch/arm/cpu/armv8/exceptions.S,160,"""ARM"",""THE REST"""
arch/arm/cpu/armv8/fsl-layerscape/Kconfig,573,"""ARM"",""THE REST"""
arch/arm/cpu/armv8/fsl-layerscape/Makefile,50,"""ARM"",""THE REST"""
arch/arm/cpu/armv8/fsl-layerscape/cpu.c,1580,"""ARM"",""THE REST"""
arch/arm/cpu/armv8/fsl-layerscape/cpu.h,8,"""ARM"",""THE REST"""
arch/arm/cpu/armv8/fsl-layerscape/doc/README.core_prefetch,20,"""ARM"",""THE REST"""
arch/arm/cpu/armv8/fsl-layerscape/doc/README.falcon,150,"""ARM"",""THE REST"""
arch/arm/cpu/armv8/fsl-layerscape/doc/README.lsch2,10,"""ARM"",""THE REST"""
arch/arm/cpu/armv8/fsl-layerscape/doc/README.lsch3,400,"""ARM"",""THE REST"""
arch/arm/cpu/armv8/fsl-layerscape/doc/README.lsch3_2,27,"""ARM"",""THE REST"""
arch/arm/cpu/armv8/fsl-layerscape/doc/README.qspi,42,"""ARM"",""THE REST"""
arch/arm/cpu/armv8/fsl-layerscape/doc/README.soc,330,"""ARM"",""THE REST"""
arch/arm/cpu/armv8/fsl-layerscape/fdt.c,465,"""ARM"",""THE REST"""
arch/arm/cpu/armv8/fsl-layerscape/fsl_lsch2_serdes.c,419,"""ARM"",""THE REST"""
arch/arm/cpu/armv8/fsl-layerscape/fsl_lsch2_speed.c,265,"""ARM"",""THE REST"""
arch/arm/cpu/armv8/fsl-layerscape/fsl_lsch3_serdes.c,582,"""ARM"",""THE REST"""
arch/arm/cpu/armv8/fsl-layerscape/fsl_lsch3_speed.c,225,"""ARM"",""THE REST"""
arch/arm/cpu/armv8/fsl-layerscape/icid.c,192,"""ARM"",""THE REST"""
arch/arm/cpu/armv8/fsl-layerscape/lowlevel.S,583,"""ARM"",""THE REST"""
arch/arm/cpu/armv8/fsl-layerscape/ls1012a_serdes.c,73,"""ARM"",""THE REST"""
arch/arm/cpu/armv8/fsl-layerscape/ls1043_ids.c,90,"""ARM"",""THE REST"""
arch/arm/cpu/armv8/fsl-layerscape/ls1043a_psci.S,19,"""ARM"",""THE REST"""
arch/arm/cpu/armv8/fsl-layerscape/ls1043a_serdes.c,85,"""ARM"",""THE REST"""
arch/arm/cpu/armv8/fsl-layerscape/ls1046_ids.c,89,"""ARM"",""THE REST"""
arch/arm/cpu/armv8/fsl-layerscape/ls1046a_serdes.c,98,"""ARM"",""THE REST"""
arch/arm/cpu/armv8/fsl-layerscape/ls1088a_serdes.c,125,"""ARM"",""THE REST"""
arch/arm/cpu/armv8/fsl-layerscape/ls2080a_serdes.c,123,"""ARM"",""THE REST"""
arch/arm/cpu/armv8/fsl-layerscape/lx2160a_serdes.c,132,"""ARM"",""THE REST"""
arch/arm/cpu/armv8/fsl-layerscape/mp.c,285,"""ARM"",""THE REST"""
arch/arm/cpu/armv8/fsl-layerscape/ppa.c,281,"""ARM"",""THE REST"""
arch/arm/cpu/armv8/fsl-layerscape/soc.c,822,"""ARM"",""THE REST"""
arch/arm/cpu/armv8/fsl-layerscape/spl.c,138,"""ARM"",""THE REST"""
arch/arm/cpu/armv8/fwcall.c,115,"""ARM"",""THE REST"""
arch/arm/cpu/armv8/generic_timer.c,113,"""ARM"",""THE REST"""
arch/arm/cpu/armv8/hisilicon/Makefile,6,"""ARM"",""ARM HISILICON"",""THE REST"""
arch/arm/cpu/armv8/hisilicon/pinmux.c,183,"""ARM"",""ARM HISILICON"",""THE REST"""
arch/arm/cpu/armv8/linux-kernel-image-header-vars.h,85,"""ARM"",""THE REST"""
arch/arm/cpu/armv8/lowlevel_init.S,43,"""ARM"",""THE REST"""
arch/arm/cpu/armv8/psci.S,311,"""ARM"",""THE REST"""
arch/arm/cpu/armv8/s32v234/Makefile,6,"""ARM"",""THE REST"""
arch/arm/cpu/armv8/s32v234/cpu.c,98,"""ARM"",""THE REST"""
arch/arm/cpu/armv8/s32v234/cpu.h,7,"""ARM"",""THE REST"""
arch/arm/cpu/armv8/s32v234/generic.c,349,"""ARM"",""THE REST"""
arch/arm/cpu/armv8/sec_firmware.c,497,"""ARM"",""THE REST"""
arch/arm/cpu/armv8/sec_firmware_asm.S,75,"""ARM"",""THE REST"""
arch/arm/cpu/armv8/smccc-call.S,45,"""ARM"",""THE REST"""
arch/arm/cpu/armv8/spin_table.c,62,"""ARM"",""THE REST"""
arch/arm/cpu/armv8/spin_table_v8.S,22,"""ARM"",""THE REST"""
arch/arm/cpu/armv8/start.S,374,"""ARM"",""THE REST"""
arch/arm/cpu/armv8/tlb.S,34,"""ARM"",""THE REST"""
arch/arm/cpu/armv8/transition.S,51,"""ARM"",""THE REST"""
arch/arm/cpu/armv8/u-boot-spl.lds,78,"""ARM"",""THE REST"""
arch/arm/cpu/armv8/u-boot.lds,171,"""ARM"",""THE REST"""
arch/arm/cpu/armv8/zynqmp/Kconfig,156,"""ARM"",""ARM ZYNQ"",""ARM ZYNQMP"",""THE REST"""
arch/arm/cpu/armv8/zynqmp/Makefile,10,"""ARM"",""ARM ZYNQ"",""ARM ZYNQMP"",""THE REST"""
arch/arm/cpu/armv8/zynqmp/clk.c,45,"""ARM"",""ARM ZYNQ"",""ARM ZYNQMP"",""THE REST"""
arch/arm/cpu/armv8/zynqmp/cpu.c,262,"""ARM"",""ARM ZYNQ"",""ARM ZYNQMP"",""THE REST"""
arch/arm/cpu/armv8/zynqmp/handoff.c,86,"""ARM"",""ARM ZYNQ"",""ARM ZYNQMP"",""THE REST"""
arch/arm/cpu/armv8/zynqmp/mp.c,297,"""ARM"",""ARM ZYNQ"",""ARM ZYNQMP"",""THE REST"""
arch/arm/cpu/armv8/zynqmp/psu_spl_init.c,79,"""ARM"",""ARM ZYNQ"",""ARM ZYNQMP"",""THE REST"""
arch/arm/cpu/armv8/zynqmp/spl.c,134,"""ARM"",""ARM ZYNQ"",""ARM ZYNQMP"",""THE REST"""
arch/arm/cpu/pxa/Makefile,15,"""ARM"",""ARM MARVELL PXA"",""THE REST"""
arch/arm/cpu/pxa/cache.c,56,"""ARM"",""ARM MARVELL PXA"",""THE REST"""
arch/arm/cpu/pxa/config.mk,18,"""ARM"",""ARM MARVELL PXA"",""THE REST"""
arch/arm/cpu/pxa/cpuinfo.c,144,"""ARM"",""ARM MARVELL PXA"",""THE REST"""
arch/arm/cpu/pxa/pxa2xx.c,295,"""ARM"",""ARM MARVELL PXA"",""THE REST"""
arch/arm/cpu/pxa/relocate.S,22,"""ARM"",""ARM MARVELL PXA"",""THE REST"""
arch/arm/cpu/pxa/start.S,205,"""ARM"",""ARM MARVELL PXA"",""THE REST"""
arch/arm/cpu/pxa/timer.c,15,"""ARM"",""ARM MARVELL PXA"",""THE REST"""
arch/arm/cpu/pxa/usb.c,88,"""ARM"",""ARM MARVELL PXA"",""THE REST"""
arch/arm/cpu/sa1100/Makefile,9,"""ARM"",""THE REST"""
arch/arm/cpu/sa1100/cpu.c,63,"""ARM"",""THE REST"""
arch/arm/cpu/sa1100/start.S,126,"""ARM"",""THE REST"""
arch/arm/cpu/sa1100/timer.c,64,"""ARM"",""THE REST"""
arch/arm/cpu/u-boot-spl.lds,94,"""ARM"",""THE REST"""
arch/arm/cpu/u-boot.lds,240,"""ARM"",""THE REST"""
arch/arm/dts/Makefile,584,"""ARM"",""THE REST"""
arch/arm/dts/am335x-baltos.dts,439,"""ARM"",""THE REST"""
arch/arm/dts/am335x-bone-common.dtsi,400,"""ARM"",""THE REST"""
arch/arm/dts/am335x-bone.dts,26,"""ARM"",""THE REST"""
arch/arm/dts/am335x-boneblack.dts,90,"""ARM"",""THE REST"""
arch/arm/dts/am335x-bonegreen.dts,57,"""ARM"",""THE REST"""
arch/arm/dts/am335x-brppt1-mmc.dts,345,"""ARM"",""THE REST"""
arch/arm/dts/am335x-brppt1-nand.dts,363,"""ARM"",""THE REST"""
arch/arm/dts/am335x-brppt1-spi.dts,366,"""ARM"",""THE REST"""
arch/arm/dts/am335x-chiliboard-u-boot.dtsi,11,"""ARM"",""THE REST"""
arch/arm/dts/am335x-chiliboard.dts,200,"""ARM"",""THE REST"""
arch/arm/dts/am335x-chilisom.dtsi,178,"""ARM"",""THE REST"""
arch/arm/dts/am335x-draco.dts,152,"""ARM"",""THE REST"""
arch/arm/dts/am335x-draco.dtsi,169,"""ARM"",""THE REST"""
arch/arm/dts/am335x-evm-u-boot.dtsi,9,"""ARM"",""THE REST"""
arch/arm/dts/am335x-evm.dts,764,"""ARM"",""THE REST"""
arch/arm/dts/am335x-evmsk.dts,718,"""ARM"",""THE REST"""
arch/arm/dts/am335x-icev2.dts,430,"""ARM"",""THE REST"""
arch/arm/dts/am335x-pdu001-u-boot.dtsi,46,"""ARM"",""THE REST"""
arch/arm/dts/am335x-pdu001.dts,594,"""ARM"",""THE REST"""
arch/arm/dts/am335x-pxm2.dtsi,537,"""ARM"",""THE REST"""
arch/arm/dts/am335x-pxm50.dts,59,"""ARM"",""THE REST"""
arch/arm/dts/am335x-rut.dts,605,"""ARM"",""THE REST"""
arch/arm/dts/am33xx-clocks.dtsi,625,"""ARM"",""THE REST"""
arch/arm/dts/am33xx.dtsi,1046,"""ARM"",""THE REST"""
arch/arm/dts/am3517-evm-u-boot.dtsi,23,"""ARM"",""THE REST"""
arch/arm/dts/am3517-evm-ui.dtsi,220,"""ARM"",""THE REST"""
arch/arm/dts/am3517-evm.dts,335,"""ARM"",""THE REST"""
arch/arm/dts/am3517-som.dtsi,237,"""ARM"",""THE REST"""
arch/arm/dts/am3517-u-boot.dtsi,9,"""ARM"",""THE REST"""
arch/arm/dts/am3517.dtsi,112,"""ARM"",""THE REST"""
arch/arm/dts/am35xx-clocks.dtsi,128,"""ARM"",""THE REST"""
arch/arm/dts/am4372-generic-u-boot.dtsi,16,"""ARM"",""THE REST"""
arch/arm/dts/am4372-generic.dts,23,"""ARM"",""THE REST"""
arch/arm/dts/am4372-u-boot.dtsi,40,"""ARM"",""THE REST"""
arch/arm/dts/am4372.dtsi,1009,"""ARM"",""THE REST"""
arch/arm/dts/am437x-gp-evm-u-boot.dtsi,44,"""ARM"",""THE REST"""
arch/arm/dts/am437x-gp-evm.dts,798,"""ARM"",""THE REST"""
arch/arm/dts/am437x-idk-evm-u-boot.dtsi,24,"""ARM"",""THE REST"""
arch/arm/dts/am437x-idk-evm.dts,418,"""ARM"",""THE REST"""
arch/arm/dts/am437x-sk-evm-u-boot.dtsi,24,"""ARM"",""THE REST"""
arch/arm/dts/am437x-sk-evm.dts,705,"""ARM"",""THE REST"""
arch/arm/dts/am43x-epos-evm.dts,806,"""ARM"",""THE REST"""
arch/arm/dts/am43xx-clocks.dtsi,757,"""ARM"",""THE REST"""
arch/arm/dts/am571x-idk.dts,119,"""ARM"",""THE REST"""
arch/arm/dts/am572x-idk-common.dtsi,100,"""ARM"",""THE REST"""
arch/arm/dts/am572x-idk.dts,38,"""ARM"",""THE REST"""
arch/arm/dts/am574x-idk.dts,22,"""ARM"",""THE REST"""
arch/arm/dts/am57xx-beagle-x15-common.dtsi,589,"""ARM"",""THE REST"""
arch/arm/dts/am57xx-beagle-x15-revb1.dts,44,"""ARM"",""THE REST"""
arch/arm/dts/am57xx-beagle-x15-revc.dts,39,"""ARM"",""THE REST"""
arch/arm/dts/am57xx-beagle-x15.dts,46,"""ARM"",""THE REST"""
arch/arm/dts/am57xx-cl-som-am57x.dts,617,"""ARM"",""THE REST"""
arch/arm/dts/am57xx-commercial-grade.dtsi,24,"""ARM"",""THE REST"""
arch/arm/dts/am57xx-idk-common.dtsi,475,"""ARM"",""THE REST"""
arch/arm/dts/am57xx-industrial-grade.dtsi,24,"""ARM"",""THE REST"""
arch/arm/dts/am57xx-sbc-am57x.dts,179,"""ARM"",""THE REST"""
arch/arm/dts/armada-370-xp.dtsi,334,"""ARM"",""THE REST"""
arch/arm/dts/armada-371x.dtsi,53,"""ARM"",""THE REST"""
arch/arm/dts/armada-3720-db.dts,164,"""ARM"",""THE REST"""
arch/arm/dts/armada-3720-espressobin.dts,150,"""ARM"",""THE REST"""
arch/arm/dts/armada-3720-turris-mox.dts,135,"""ARM"",""THE REST"""
arch/arm/dts/armada-372x.dtsi,62,"""ARM"",""THE REST"""
arch/arm/dts/armada-375-db.dts,216,"""ARM"",""THE REST"""
arch/arm/dts/armada-375.dtsi,658,"""ARM"",""THE REST"""
arch/arm/dts/armada-37xx.dtsi,341,"""ARM"",""THE REST"""
arch/arm/dts/armada-380.dtsi,152,"""ARM"",""THE REST"""
arch/arm/dts/armada-385-amc.dts,166,"""ARM"",""THE REST"""
arch/arm/dts/armada-385-turris-omnia-u-boot.dtsi,54,"""ARM"",""THE REST"""
arch/arm/dts/armada-385-turris-omnia.dts,392,"""ARM"",""THE REST"""
arch/arm/dts/armada-385.dtsi,184,"""ARM"",""THE REST"""
arch/arm/dts/armada-388-clearfog-u-boot.dtsi,9,"""ARM"",""THE REST"""
arch/arm/dts/armada-388-clearfog.dts,374,"""ARM"",""THE REST"""
arch/arm/dts/armada-388-gp.dts,422,"""ARM"",""THE REST"""
arch/arm/dts/armada-388-helios4-u-boot.dtsi,22,"""ARM"",""THE REST"""
arch/arm/dts/armada-388-helios4.dts,308,"""ARM"",""THE REST"""
arch/arm/dts/armada-388.dtsi,70,"""ARM"",""THE REST"""
arch/arm/dts/armada-38x-controlcenterdc.dts,588,"""ARM"",""THE REST"""
arch/arm/dts/armada-38x-solidrun-microsom.dtsi,101,"""ARM"",""THE REST"""
arch/arm/dts/armada-38x.dtsi,615,"""ARM"",""THE REST"""
arch/arm/dts/armada-7040-db-nand.dts,223,"""ARM"",""THE REST"""
arch/arm/dts/armada-7040-db.dts,241,"""ARM"",""THE REST"""
arch/arm/dts/armada-7040.dtsi,56,"""ARM"",""THE REST"""
arch/arm/dts/armada-8020.dtsi,56,"""ARM"",""THE REST"""
arch/arm/dts/armada-8040-clearfog-gt-8k.dts,315,"""ARM"",""THE REST"""
arch/arm/dts/armada-8040-db.dts,323,"""ARM"",""THE REST"""
arch/arm/dts/armada-8040-mcbin.dts,307,"""ARM"",""THE REST"""
arch/arm/dts/armada-8040.dtsi,57,"""ARM"",""THE REST"""
arch/arm/dts/armada-ap806-quad.dtsi,82,"""ARM"",""THE REST"""
arch/arm/dts/armada-ap806.dtsi,264,"""ARM"",""THE REST"""
arch/arm/dts/armada-cp110-master.dtsi,369,"""ARM"",""THE REST"""
arch/arm/dts/armada-cp110-slave.dtsi,342,"""ARM"",""THE REST"""
arch/arm/dts/armada-xp-gp.dts,252,"""ARM"",""THE REST"""
arch/arm/dts/armada-xp-maxbcm.dts,249,"""ARM"",""THE REST"""
arch/arm/dts/armada-xp-mv78230.dtsi,231,"""ARM"",""THE REST"""
arch/arm/dts/armada-xp-mv78260.dtsi,333,"""ARM"",""THE REST"""
arch/arm/dts/armada-xp-mv78460.dtsi,371,"""ARM"",""THE REST"""
arch/arm/dts/armada-xp-synology-ds414.dts,337,"""ARM"",""THE REST"""
arch/arm/dts/armada-xp-theadorable.dts,164,"""ARM"",""THE REST"""
arch/arm/dts/armada-xp.dtsi,321,"""ARM"",""THE REST"""
arch/arm/dts/armv7-m.dtsi,25,"""ARM"",""THE REST"""
arch/arm/dts/ast2500-evb.dts,61,"""ARM"",""THE REST"""
arch/arm/dts/ast2500-u-boot.dtsi,72,"""ARM"",""THE REST"""
arch/arm/dts/ast2500.dtsi,1410,"""ARM"",""THE REST"""
arch/arm/dts/at91-sama5d27_som1_ek.dts,232,"""ARM"",""THE REST"""
arch/arm/dts/at91-sama5d2_ptc_ek.dts,232,"""ARM"",""THE REST"""
arch/arm/dts/at91-sama5d2_xplained.dts,294,"""ARM"",""THE REST"""
arch/arm/dts/at91-sama5d3_xplained.dts,365,"""ARM"",""THE REST"""
arch/arm/dts/at91-sama5d4_xplained.dts,332,"""ARM"",""THE REST"""
arch/arm/dts/at91-sama5d4ek.dts,367,"""ARM"",""THE REST"""
arch/arm/dts/at91-vinco.dts,248,"""ARM"",""THE REST"""
arch/arm/dts/at91sam9260-smartweb.dts,113,"""ARM"",""THE REST"""
arch/arm/dts/at91sam9260.dtsi,1049,"""ARM"",""THE REST"""
arch/arm/dts/at91sam9260ek.dts,215,"""ARM"",""THE REST"""
arch/arm/dts/at91sam9261.dtsi,890,"""ARM"",""THE REST"""
arch/arm/dts/at91sam9261ek.dts,211,"""ARM"",""THE REST"""
arch/arm/dts/at91sam9263.dtsi,1052,"""ARM"",""THE REST"""
arch/arm/dts/at91sam9263ek.dts,229,"""ARM"",""THE REST"""
arch/arm/dts/at91sam9g15.dtsi,29,"""ARM"",""THE REST"""
arch/arm/dts/at91sam9g15ek.dts,26,"""ARM"",""THE REST"""
arch/arm/dts/at91sam9g20-taurus.dts,122,"""ARM"",""THE REST"""
arch/arm/dts/at91sam9g20.dtsi,68,"""ARM"",""THE REST"""
arch/arm/dts/at91sam9g20ek.dts,29,"""ARM"",""THE REST"""
arch/arm/dts/at91sam9g20ek_2mmc.dts,56,"""ARM"",""THE REST"""
arch/arm/dts/at91sam9g20ek_common.dtsi,227,"""ARM"",""THE REST"""
arch/arm/dts/at91sam9g25.dtsi,31,"""ARM"",""THE REST"""
arch/arm/dts/at91sam9g25ek.dts,69,"""ARM"",""THE REST"""
arch/arm/dts/at91sam9g35.dtsi,30,"""ARM"",""THE REST"""
arch/arm/dts/at91sam9g35ek.dts,31,"""ARM"",""THE REST"""
arch/arm/dts/at91sam9g45-corvus.dts,109,"""ARM"",""THE REST"""
arch/arm/dts/at91sam9g45-gurnard.dts,157,"""ARM"",""THE REST"""
arch/arm/dts/at91sam9g45.dtsi,1334,"""ARM"",""THE REST"""
arch/arm/dts/at91sam9m10g45ek.dts,359,"""ARM"",""THE REST"""
arch/arm/dts/at91sam9n12.dtsi,1061,"""ARM"",""THE REST"""
arch/arm/dts/at91sam9n12ek.dts,265,"""ARM"",""THE REST"""
arch/arm/dts/at91sam9rl.dtsi,1135,"""ARM"",""THE REST"""
arch/arm/dts/at91sam9rlek.dts,239,"""ARM"",""THE REST"""
arch/arm/dts/at91sam9x25.dtsi,32,"""ARM"",""THE REST"""
arch/arm/dts/at91sam9x25ek.dts,30,"""ARM"",""THE REST"""
arch/arm/dts/at91sam9x35.dtsi,31,"""ARM"",""THE REST"""
arch/arm/dts/at91sam9x35ek.dts,30,"""ARM"",""THE REST"""
arch/arm/dts/at91sam9x5.dtsi,1297,"""ARM"",""THE REST"""
arch/arm/dts/at91sam9x5_can.dtsi,71,"""ARM"",""THE REST"""
arch/arm/dts/at91sam9x5_isi.dtsi,72,"""ARM"",""THE REST"""
arch/arm/dts/at91sam9x5_lcd.dtsi,146,"""ARM"",""THE REST"""
arch/arm/dts/at91sam9x5_macb0.dtsi,67,"""ARM"",""THE REST"""
arch/arm/dts/at91sam9x5_macb1.dtsi,55,"""ARM"",""THE REST"""
arch/arm/dts/at91sam9x5_usart3.dtsi,69,"""ARM"",""THE REST"""
arch/arm/dts/at91sam9x5cm.dtsi,100,"""ARM"",""THE REST"""
arch/arm/dts/at91sam9x5dm.dtsi,66,"""ARM"",""THE REST"""
arch/arm/dts/at91sam9x5ek.dtsi,167,"""ARM"",""THE REST"""
arch/arm/dts/at91sam9xe.dtsi,60,"""ARM"",""THE REST"""
arch/arm/dts/avnet-ultra96-rev1.dts,19,"""ARM"",""ARM ZYNQMP"",""THE REST"""
arch/arm/dts/axp152.dtsi,49,"""ARM"",""THE REST"""
arch/arm/dts/axp209.dtsi,119,"""ARM"",""THE REST"""
arch/arm/dts/axp223.dtsi,58,"""ARM"",""THE REST"""
arch/arm/dts/axp22x.dtsi,165,"""ARM"",""THE REST"""
arch/arm/dts/axp803.dtsi,155,"""ARM"",""THE REST"""
arch/arm/dts/axp809.dtsi,53,"""ARM"",""THE REST"""
arch/arm/dts/axp81x.dtsi,169,"""ARM"",""THE REST"""
arch/arm/dts/bcm2835-rpi-a-plus.dts,107,"""ARM"",""THE REST"""
arch/arm/dts/bcm2835-rpi-a.dts,102,"""ARM"",""THE REST"""
arch/arm/dts/bcm2835-rpi-b-plus.dts,109,"""ARM"",""THE REST"""
arch/arm/dts/bcm2835-rpi-b-rev2.dts,102,"""ARM"",""THE REST"""
arch/arm/dts/bcm2835-rpi-b.dts,97,"""ARM"",""THE REST"""
arch/arm/dts/bcm2835-rpi-zero-w.dts,26,"""ARM"",""THE REST"""
arch/arm/dts/bcm2835-rpi.dtsi,108,"""ARM"",""THE REST"""
arch/arm/dts/bcm2835.dtsi,35,"""ARM"",""THE REST"""
arch/arm/dts/bcm2836-rpi-2-b.dts,47,"""ARM"",""THE REST"""
arch/arm/dts/bcm2836.dtsi,89,"""ARM"",""THE REST"""
arch/arm/dts/bcm2837-rpi-3-b.dts,51,"""ARM"",""THE REST"""
arch/arm/dts/bcm2837.dtsi,87,"""ARM"",""THE REST"""
arch/arm/dts/bcm283x-rpi-smsc9512.dtsi,19,"""ARM"",""THE REST"""
arch/arm/dts/bcm283x-rpi-smsc9514.dtsi,19,"""ARM"",""THE REST"""
arch/arm/dts/bcm283x-rpi-usb-host.dtsi,3,"""ARM"",""THE REST"""
arch/arm/dts/bcm283x-uboot.dtsi,25,"""ARM"",""THE REST"""
arch/arm/dts/bcm283x.dtsi,640,"""ARM"",""THE REST"""
arch/arm/dts/bcm6858.dtsi,85,"""ARM"",""THE REST"""
arch/arm/dts/bcm968580xref.dts,31,"""ARM"",""THE REST"""
arch/arm/dts/bitmain-antminer-s9.dts,78,"""ARM"",""THE REST"""
arch/arm/dts/bk4r1.dts,47,"""ARM"",""THE REST"""
arch/arm/dts/bubblegum_96.dts,31,"""ARM"",""THE REST"""
arch/arm/dts/cros-ec-keyboard.dtsi,105,"""ARM"",""THE REST"""
arch/arm/dts/cros-ec-sbs.dtsi,15,"""ARM"",""THE REST"""
arch/arm/dts/da850-evm-u-boot.dtsi,11,"""ARM"",""THE REST"""
arch/arm/dts/da850-evm.dts,435,"""ARM"",""THE REST"""
arch/arm/dts/da850-lcdk-u-boot.dtsi,12,"""ARM"",""THE REST"""
arch/arm/dts/da850-lcdk.dts,348,"""ARM"",""THE REST"""
arch/arm/dts/da850.dtsi,921,"""ARM"",""THE REST"""
arch/arm/dts/dm8168-evm.dts,175,"""ARM"",""THE REST"""
arch/arm/dts/dm816x-clocks.dtsi,250,"""ARM"",""THE REST"""
arch/arm/dts/dm816x.dtsi,514,"""ARM"",""THE REST"""
arch/arm/dts/dra7-dspeve-thermal.dtsi,27,"""ARM"",""THE REST"""
arch/arm/dts/dra7-evm-common.dtsi,258,"""ARM"",""THE REST"""
arch/arm/dts/dra7-evm-u-boot.dtsi,34,"""ARM"",""THE REST"""
arch/arm/dts/dra7-evm.dts,503,"""ARM"",""THE REST"""
arch/arm/dts/dra7-iva-thermal.dtsi,27,"""ARM"",""THE REST"""
arch/arm/dts/dra7.dtsi,2072,"""ARM"",""THE REST"""
arch/arm/dts/dra71-evm-u-boot.dtsi,46,"""ARM"",""THE REST"""
arch/arm/dts/dra71-evm.dts,265,"""ARM"",""THE REST"""
arch/arm/dts/dra72-evm-common.dtsi,569,"""ARM"",""THE REST"""
arch/arm/dts/dra72-evm-revc-u-boot.dtsi,46,"""ARM"",""THE REST"""
arch/arm/dts/dra72-evm-revc.dts,118,"""ARM"",""THE REST"""
arch/arm/dts/dra72-evm-tps65917.dtsi,150,"""ARM"",""THE REST"""
arch/arm/dts/dra72-evm.dts,77,"""ARM"",""THE REST"""
arch/arm/dts/dra72x-mmc-iodelay.dtsi,350,"""ARM"",""THE REST"""
arch/arm/dts/dra72x.dtsi,52,"""ARM"",""THE REST"""
arch/arm/dts/dra74x-mmc-iodelay.dtsi,647,"""ARM"",""THE REST"""
arch/arm/dts/dra74x.dtsi,126,"""ARM"",""THE REST"""
arch/arm/dts/dra76-evm-u-boot.dtsi,26,"""ARM"",""THE REST"""
arch/arm/dts/dra76-evm.dts,388,"""ARM"",""THE REST"""
arch/arm/dts/dra76x-mmc-iodelay.dtsi,285,"""ARM"",""THE REST"""
arch/arm/dts/dra76x.dtsi,19,"""ARM"",""THE REST"""
arch/arm/dts/dra7xx-clocks.dtsi,2216,"""ARM"",""THE REST"""
arch/arm/dts/dragonboard410c-uboot.dtsi,55,"""ARM"",""THE REST"""
arch/arm/dts/dragonboard410c.dts,197,"""ARM"",""THE REST"""
arch/arm/dts/dragonboard820c-uboot.dtsi,36,"""ARM"",""THE REST"""
arch/arm/dts/dragonboard820c.dts,124,"""ARM"",""THE REST"""
arch/arm/dts/ethernut5.dts,96,"""ARM"",""THE REST"""
arch/arm/dts/exynos4.dtsi,190,"""ARM"",""THE REST"""
arch/arm/dts/exynos4210-origen.dts,32,"""ARM"",""THE REST"""
arch/arm/dts/exynos4210-pinctrl-uboot.dtsi,24,"""ARM"",""THE REST"""
arch/arm/dts/exynos4210-pinctrl.dtsi,304,"""ARM"",""THE REST"""
arch/arm/dts/exynos4210-smdkv310.dts,20,"""ARM"",""THE REST"""
arch/arm/dts/exynos4210-trats.dts,254,"""ARM"",""THE REST"""
arch/arm/dts/exynos4210-universal_c210.dts,249,"""ARM"",""THE REST"""
arch/arm/dts/exynos4210.dtsi,160,"""ARM"",""THE REST"""
arch/arm/dts/exynos4412-odroid.dts,252,"""ARM"",""THE REST"""
arch/arm/dts/exynos4412-trats2.dts,457,"""ARM"",""THE REST"""
arch/arm/dts/exynos4412.dtsi,34,"""ARM"",""THE REST"""
arch/arm/dts/exynos4x12-pinctrl-uboot.dtsi,40,"""ARM"",""THE REST"""
arch/arm/dts/exynos4x12-pinctrl.dtsi,344,"""ARM"",""THE REST"""
arch/arm/dts/exynos4x12.dtsi,106,"""ARM"",""THE REST"""
arch/arm/dts/exynos5.dtsi,224,"""ARM"",""THE REST"""
arch/arm/dts/exynos5250-arndale.dts,46,"""ARM"",""THE REST"""
arch/arm/dts/exynos5250-pinctrl-uboot.dtsi,37,"""ARM"",""THE REST"""
arch/arm/dts/exynos5250-pinctrl.dtsi,331,"""ARM"",""THE REST"""
arch/arm/dts/exynos5250-smdk5250.dts,319,"""ARM"",""THE REST"""
arch/arm/dts/exynos5250-snow.dts,553,"""ARM"",""THE REST"""
arch/arm/dts/exynos5250-spring.dts,664,"""ARM"",""THE REST"""
arch/arm/dts/exynos5250.dtsi,130,"""ARM"",""THE REST"""
arch/arm/dts/exynos5420-peach-pit.dts,426,"""ARM"",""THE REST"""
arch/arm/dts/exynos5420-smdk5420.dts,164,"""ARM"",""THE REST"""
arch/arm/dts/exynos5422-odroidxu3.dts,274,"""ARM"",""THE REST"""
arch/arm/dts/exynos54xx-pinctrl-uboot.dtsi,33,"""ARM"",""THE REST"""
arch/arm/dts/exynos54xx-pinctrl.dtsi,305,"""ARM"",""THE REST"""
arch/arm/dts/exynos54xx.dtsi,231,"""ARM"",""THE REST"""
arch/arm/dts/exynos5800-peach-pi.dts,289,"""ARM"",""THE REST"""
arch/arm/dts/exynos7420-espresso7420.dts,23,"""ARM"",""THE REST"""
arch/arm/dts/exynos7420.dtsi,82,"""ARM"",""THE REST"""
arch/arm/dts/fsl-imx8-ca35.dtsi,66,"""ARM"",""THE REST"""
arch/arm/dts/fsl-imx8-ca53.dtsi,92,"""ARM"",""THE REST"""
arch/arm/dts/fsl-imx8dx.dtsi,499,"""ARM"",""THE REST"""
arch/arm/dts/fsl-imx8dxp.dtsi,11,"""ARM"",""THE REST"""
arch/arm/dts/fsl-imx8mq.dtsi,429,"""ARM"",""THE REST"""
arch/arm/dts/fsl-imx8qxp-mek.dts,240,"""ARM"",""THE REST"""
arch/arm/dts/fsl-imx8qxp.dtsi,51,"""ARM"",""THE REST"""
arch/arm/dts/fsl-ls1012a-2g5rdb.dts,46,"""ARM"",""THE REST"""
arch/arm/dts/fsl-ls1012a-frdm.dts,15,"""ARM"",""THE REST"""
arch/arm/dts/fsl-ls1012a-frdm.dtsi,36,"""ARM"",""THE REST"""
arch/arm/dts/fsl-ls1012a-frwy.dts,43,"""ARM"",""THE REST"""
arch/arm/dts/fsl-ls1012a-qds.dts,13,"""ARM"",""THE REST"""
arch/arm/dts/fsl-ls1012a-qds.dtsi,131,"""ARM"",""THE REST"""
arch/arm/dts/fsl-ls1012a-rdb.dts,15,"""ARM"",""THE REST"""
arch/arm/dts/fsl-ls1012a-rdb.dtsi,40,"""ARM"",""THE REST"""
arch/arm/dts/fsl-ls1012a.dtsi,160,"""ARM"",""THE REST"""
arch/arm/dts/fsl-ls1043a-qds-duart.dts,15,"""ARM"",""THE REST"""
arch/arm/dts/fsl-ls1043a-qds-lpuart.dts,15,"""ARM"",""THE REST"""
arch/arm/dts/fsl-ls1043a-qds.dtsi,180,"""ARM"",""THE REST"""
arch/arm/dts/fsl-ls1043a-rdb.dts,100,"""ARM"",""THE REST"""
arch/arm/dts/fsl-ls1043a.dtsi,299,"""ARM"",""THE REST"""
arch/arm/dts/fsl-ls1046a-qds-duart.dts,15,"""ARM"",""THE REST"""
arch/arm/dts/fsl-ls1046a-qds-lpuart.dts,15,"""ARM"",""THE REST"""
arch/arm/dts/fsl-ls1046a-qds.dtsi,82,"""ARM"",""THE REST"""
arch/arm/dts/fsl-ls1046a-rdb.dts,45,"""ARM"",""THE REST"""
arch/arm/dts/fsl-ls1046a.dtsi,303,"""ARM"",""THE REST"""
arch/arm/dts/fsl-ls1088a-qds.dts,110,"""ARM"",""THE REST"""
arch/arm/dts/fsl-ls1088a-rdb.dts,43,"""ARM"",""THE REST"""
arch/arm/dts/fsl-ls1088a.dtsi,161,"""ARM"",""THE REST"""
arch/arm/dts/fsl-ls2080a-qds.dts,70,"""ARM"",""THE REST"""
arch/arm/dts/fsl-ls2080a-rdb.dts,38,"""ARM"",""THE REST"""
arch/arm/dts/fsl-ls2080a.dtsi,167,"""ARM"",""THE REST"""
arch/arm/dts/fsl-ls2081a-rdb.dts,58,"""ARM"",""THE REST"""
arch/arm/dts/fsl-ls2088a-rdb-qspi.dts,58,"""ARM"",""THE REST"""
arch/arm/dts/fsl-lx2160a.dtsi,118,"""ARM"",""THE REST"""
arch/arm/dts/hi3798cv200-poplar.dts,160,"""ARM"",""THE REST"""
arch/arm/dts/hi3798cv200-u-boot.dtsi,22,"""ARM"",""THE REST"""
arch/arm/dts/hi3798cv200.dtsi,409,"""ARM"",""THE REST"""
arch/arm/dts/hi6220-hikey.dts,48,"""ARM"",""THE REST"""
arch/arm/dts/hi6220.dtsi,218,"""ARM"",""THE REST"""
arch/arm/dts/imx53-cx9020.dts,189,"""ARM"",""THE REST"""
arch/arm/dts/imx53-kp.dts,139,"""ARM"",""THE REST"""
arch/arm/dts/imx53-pinfunc.h,1190,"""ARM"",""THE REST"""
arch/arm/dts/imx53.dtsi,217,"""ARM"",""THE REST"""
arch/arm/dts/imx6dl-icore-mipi-u-boot.dtsi,10,"""ARM"",""THE REST"""
arch/arm/dts/imx6dl-icore-mipi.dts,20,"""ARM"",""THE REST"""
arch/arm/dts/imx6dl-icore-rqs-u-boot.dtsi,6,"""ARM"",""THE REST"""
arch/arm/dts/imx6dl-icore-rqs.dts,50,"""ARM"",""THE REST"""
arch/arm/dts/imx6dl-icore-u-boot.dtsi,6,"""ARM"",""THE REST"""
arch/arm/dts/imx6dl-icore.dts,59,"""ARM"",""THE REST"""
arch/arm/dts/imx6dl-mamoj-u-boot.dtsi,14,"""ARM"",""THE REST"""
arch/arm/dts/imx6dl-mamoj.dts,225,"""ARM"",""THE REST"""
arch/arm/dts/imx6dl-pinfunc.h,1091,"""ARM"",""THE REST"""
arch/arm/dts/imx6dl.dtsi,133,"""ARM"",""THE REST"""
arch/arm/dts/imx6q-cm-fx6.dts,403,"""ARM"",""THE REST"""
arch/arm/dts/imx6q-display5.dts,18,"""ARM"",""THE REST"""
arch/arm/dts/imx6q-icore-mipi-u-boot.dtsi,10,"""ARM"",""THE REST"""
arch/arm/dts/imx6q-icore-mipi.dts,20,"""ARM"",""THE REST"""
arch/arm/dts/imx6q-icore-rqs-u-boot.dtsi,6,"""ARM"",""THE REST"""
arch/arm/dts/imx6q-icore-rqs.dts,50,"""ARM"",""THE REST"""
arch/arm/dts/imx6q-icore-u-boot.dtsi,6,"""ARM"",""THE REST"""
arch/arm/dts/imx6q-icore.dts,59,"""ARM"",""THE REST"""
arch/arm/dts/imx6q-logicpd.dts,190,"""ARM"",""THE REST"""
arch/arm/dts/imx6q-pinfunc.h,1047,"""ARM"",""THE REST"""
arch/arm/dts/imx6q.dtsi,300,"""ARM"",""THE REST"""
arch/arm/dts/imx6qdl-icore-rqs-u-boot.dtsi,22,"""ARM"",""THE REST"""
arch/arm/dts/imx6qdl-icore-rqs.dtsi,232,"""ARM"",""THE REST"""
arch/arm/dts/imx6qdl-icore-u-boot.dtsi,18,"""ARM"",""THE REST"""
arch/arm/dts/imx6qdl-icore.dtsi,247,"""ARM"",""THE REST"""
arch/arm/dts/imx6qdl-logicpd.dtsi,361,"""ARM"",""THE REST"""
arch/arm/dts/imx6qdl-u-boot.dtsi,26,"""ARM"",""THE REST"""
arch/arm/dts/imx6qdl.dtsi,1281,"""ARM"",""THE REST"""
arch/arm/dts/imx6sl-evk.dts,641,"""ARM"",""THE REST"""
arch/arm/dts/imx6sl-pinfunc.h,1077,"""ARM"",""THE REST"""
arch/arm/dts/imx6sl.dtsi,927,"""ARM"",""THE REST"""
arch/arm/dts/imx6sll-evk.dts,801,"""ARM"",""THE REST"""
arch/arm/dts/imx6sll-pinfunc.h,882,"""ARM"",""THE REST"""
arch/arm/dts/imx6sll.dtsi,859,"""ARM"",""THE REST"""
arch/arm/dts/imx6sx-pinfunc.h,1558,"""ARM"",""THE REST"""
arch/arm/dts/imx6sx-sabreauto-u-boot.dtsi,16,"""ARM"",""THE REST"""
arch/arm/dts/imx6sx-sabreauto.dts,228,"""ARM"",""THE REST"""
arch/arm/dts/imx6sx-sdb-u-boot.dtsi,16,"""ARM"",""THE REST"""
arch/arm/dts/imx6sx-sdb.dts,138,"""ARM"",""THE REST"""
arch/arm/dts/imx6sx-sdb.dtsi,612,"""ARM"",""THE REST"""
arch/arm/dts/imx6sx.dtsi,1300,"""ARM"",""THE REST"""
arch/arm/dts/imx6ul-14x14-evk-u-boot.dtsi,9,"""ARM"",""THE REST"""
arch/arm/dts/imx6ul-14x14-evk.dts,427,"""ARM"",""THE REST"""
arch/arm/dts/imx6ul-9x9-evk-u-boot.dtsi,9,"""ARM"",""THE REST"""
arch/arm/dts/imx6ul-9x9-evk.dts,471,"""ARM"",""THE REST"""
arch/arm/dts/imx6ul-geam-u-boot.dtsi,24,"""ARM"",""THE REST"""
arch/arm/dts/imx6ul-geam.dts,168,"""ARM"",""THE REST"""
arch/arm/dts/imx6ul-isiot-emmc-u-boot.dtsi,10,"""ARM"",""THE REST"""
arch/arm/dts/imx6ul-isiot-emmc.dts,56,"""ARM"",""THE REST"""
arch/arm/dts/imx6ul-isiot-nand.dts,51,"""ARM"",""THE REST"""
arch/arm/dts/imx6ul-isiot-u-boot.dtsi,18,"""ARM"",""THE REST"""
arch/arm/dts/imx6ul-isiot.dtsi,165,"""ARM"",""THE REST"""
arch/arm/dts/imx6ul-opos6ul-u-boot.dtsi,28,"""ARM"",""THE REST"""
arch/arm/dts/imx6ul-opos6ul.dtsi,192,"""ARM"",""THE REST"""
arch/arm/dts/imx6ul-opos6uldev-u-boot.dtsi,24,"""ARM"",""THE REST"""
arch/arm/dts/imx6ul-opos6uldev.dts,412,"""ARM"",""THE REST"""
arch/arm/dts/imx6ul-pinfunc.h,938,"""ARM"",""THE REST"""
arch/arm/dts/imx6ul-u-boot.dtsi,30,"""ARM"",""THE REST"""
arch/arm/dts/imx6ul.dtsi,954,"""ARM"",""THE REST"""
arch/arm/dts/imx6ull-14x14-evk.dts,527,"""ARM"",""THE REST"""
arch/arm/dts/imx6ull-colibri.dts,550,"""ARM"",""THE REST"""
arch/arm/dts/imx6ull-pinfunc-snvs.h,29,"""ARM"",""THE REST"""
arch/arm/dts/imx6ull-pinfunc.h,57,"""ARM"",""THE REST"""
arch/arm/dts/imx6ull.dtsi,1171,"""ARM"",""THE REST"""
arch/arm/dts/imx7-colibri.dts,124,"""ARM"",""THE REST"""
arch/arm/dts/imx7d-pinfunc.h,1158,"""ARM"",""THE REST"""
arch/arm/dts/imx7d-sdb-qspi-u-boot.dtsi,10,"""ARM"",""THE REST"""
arch/arm/dts/imx7d-sdb-qspi.dts,44,"""ARM"",""THE REST"""
arch/arm/dts/imx7d-sdb.dts,400,"""ARM"",""THE REST"""
arch/arm/dts/imx7d.dtsi,152,"""ARM"",""THE REST"""
arch/arm/dts/imx7s.dtsi,1152,"""ARM"",""THE REST"""
arch/arm/dts/imx7ulp-evk.dts,426,"""ARM"",""THE REST"""
arch/arm/dts/imx7ulp-pinfunc.h,882,"""ARM"",""THE REST"""
arch/arm/dts/imx7ulp-uboot.dtsi,43,"""ARM"",""THE REST"""
arch/arm/dts/imx7ulp.dtsi,598,"""ARM"",""THE REST"""
arch/arm/dts/include/dt-bindings,0,"""ARM"",""THE REST"""
arch/arm/dts/k3-am65-main.dtsi,72,"""ARM"",""THE REST"""
arch/arm/dts/k3-am65-mcu.dtsi,18,"""ARM"",""THE REST"""
arch/arm/dts/k3-am65-wakeup.dtsi,46,"""ARM"",""THE REST"""
arch/arm/dts/k3-am65.dtsi,97,"""ARM"",""THE REST"""
arch/arm/dts/k3-am654-base-board-ddr4-1600MHz.dtsi,156,"""ARM"",""THE REST"""
arch/arm/dts/k3-am654-base-board-u-boot.dtsi,167,"""ARM"",""THE REST"""
arch/arm/dts/k3-am654-base-board.dts,36,"""ARM"",""THE REST"""
arch/arm/dts/k3-am654-ddr.dtsi,196,"""ARM"",""THE REST"""
arch/arm/dts/k3-am654-r5-base-board.dts,139,"""ARM"",""THE REST"""
arch/arm/dts/k3-am654.dtsi,115,"""ARM"",""THE REST"""
arch/arm/dts/keystone-clocks.dtsi,414,"""ARM"",""THE REST"""
arch/arm/dts/keystone-k2e-clocks.dtsi,77,"""ARM"",""THE REST"""
arch/arm/dts/keystone-k2e-evm-u-boot.dtsi,14,"""ARM"",""THE REST"""
arch/arm/dts/keystone-k2e-evm.dts,155,"""ARM"",""THE REST"""
arch/arm/dts/keystone-k2e-netcp.dtsi,206,"""ARM"",""THE REST"""
arch/arm/dts/keystone-k2e.dtsi,147,"""ARM"",""THE REST"""
arch/arm/dts/keystone-k2g-evm-u-boot.dtsi,18,"""ARM"",""THE REST"""
arch/arm/dts/keystone-k2g-evm.dts,154,"""ARM"",""THE REST"""
arch/arm/dts/keystone-k2g-generic-u-boot.dtsi,18,"""ARM"",""THE REST"""
arch/arm/dts/keystone-k2g-generic.dts,27,"""ARM"",""THE REST"""
arch/arm/dts/keystone-k2g-ice-u-boot.dtsi,18,"""ARM"",""THE REST"""
arch/arm/dts/keystone-k2g-ice.dts,83,"""ARM"",""THE REST"""
arch/arm/dts/keystone-k2g-netcp.dtsi,152,"""ARM"",""THE REST"""
arch/arm/dts/keystone-k2g.dtsi,261,"""ARM"",""THE REST"""
arch/arm/dts/keystone-k2hk-clocks.dtsi,425,"""ARM"",""THE REST"""
arch/arm/dts/keystone-k2hk-evm-u-boot.dtsi,14,"""ARM"",""THE REST"""
arch/arm/dts/keystone-k2hk-evm.dts,183,"""ARM"",""THE REST"""
arch/arm/dts/keystone-k2hk-netcp.dtsi,208,"""ARM"",""THE REST"""
arch/arm/dts/keystone-k2hk.dtsi,114,"""ARM"",""THE REST"""
arch/arm/dts/keystone-k2l-clocks.dtsi,266,"""ARM"",""THE REST"""
arch/arm/dts/keystone-k2l-evm.dts,132,"""ARM"",""THE REST"""
arch/arm/dts/keystone-k2l-netcp.dtsi,189,"""ARM"",""THE REST"""
arch/arm/dts/keystone-k2l.dtsi,108,"""ARM"",""THE REST"""
arch/arm/dts/keystone.dtsi,333,"""ARM"",""THE REST"""
arch/arm/dts/kirkwood-6192.dtsi,88,"""ARM"",""THE REST"""
arch/arm/dts/kirkwood-6281.dtsi,90,"""ARM"",""THE REST"""
arch/arm/dts/kirkwood-98dx4122.dtsi,53,"""ARM"",""THE REST"""
arch/arm/dts/kirkwood-atl-sbx81lifkw.dts,133,"""ARM"",""THE REST"""
arch/arm/dts/kirkwood-atl-sbx81lifxcat.dts,145,"""ARM"",""THE REST"""
arch/arm/dts/kirkwood-blackarmor-nas220.dts,172,"""ARM"",""THE REST"""
arch/arm/dts/kirkwood-d2net.dts,45,"""ARM"",""THE REST"""
arch/arm/dts/kirkwood-dns325.dts,63,"""ARM"",""THE REST"""
arch/arm/dts/kirkwood-dnskw.dtsi,235,"""ARM"",""THE REST"""
arch/arm/dts/kirkwood-dockstar.dts,110,"""ARM"",""THE REST"""
arch/arm/dts/kirkwood-dreamplug.dts,127,"""ARM"",""THE REST"""
arch/arm/dts/kirkwood-ds109.dts,40,"""ARM"",""THE REST"""
arch/arm/dts/kirkwood-goflexnet.dts,190,"""ARM"",""THE REST"""
arch/arm/dts/kirkwood-guruplug-server-plus.dts,133,"""ARM"",""THE REST"""
arch/arm/dts/kirkwood-ib62x0.dts,146,"""ARM"",""THE REST"""
arch/arm/dts/kirkwood-iconnect.dts,195,"""ARM"",""THE REST"""
arch/arm/dts/kirkwood-is2.dts,40,"""ARM"",""THE REST"""
arch/arm/dts/kirkwood-km_common.dtsi,47,"""ARM"",""THE REST"""
arch/arm/dts/kirkwood-km_kirkwood.dts,31,"""ARM"",""THE REST"""
arch/arm/dts/kirkwood-lschlv2.dts,20,"""ARM"",""THE REST"""
arch/arm/dts/kirkwood-lsxhl.dts,20,"""ARM"",""THE REST"""
arch/arm/dts/kirkwood-lsxl.dtsi,241,"""ARM"",""THE REST"""
arch/arm/dts/kirkwood-net2big.dts,63,"""ARM"",""THE REST"""
arch/arm/dts/kirkwood-netxbig.dtsi,232,"""ARM"",""THE REST"""
arch/arm/dts/kirkwood-ns2-common.dtsi,97,"""ARM"",""THE REST"""
arch/arm/dts/kirkwood-ns2.dts,40,"""ARM"",""THE REST"""
arch/arm/dts/kirkwood-ns2lite.dts,35,"""ARM"",""THE REST"""
arch/arm/dts/kirkwood-ns2max.dts,59,"""ARM"",""THE REST"""
arch/arm/dts/kirkwood-ns2mini.dts,60,"""ARM"",""THE REST"""
arch/arm/dts/kirkwood-openrd-base.dts,39,"""ARM"",""THE REST"""
arch/arm/dts/kirkwood-openrd-client.dts,73,"""ARM"",""THE REST"""
arch/arm/dts/kirkwood-openrd-ultimate.dts,55,"""ARM"",""THE REST"""
arch/arm/dts/kirkwood-openrd.dtsi,122,"""ARM"",""THE REST"""
arch/arm/dts/kirkwood-pogo_e02.dts,132,"""ARM"",""THE REST"""
arch/arm/dts/kirkwood-sheevaplug-common.dtsi,104,"""ARM"",""THE REST"""
arch/arm/dts/kirkwood-sheevaplug.dts,42,"""ARM"",""THE REST"""
arch/arm/dts/kirkwood-synology.dtsi,855,"""ARM"",""THE REST"""
arch/arm/dts/kirkwood.dtsi,393,"""ARM"",""THE REST"""
arch/arm/dts/logicpd-som-lv-35xx-devkit-u-boot.dtsi,32,"""ARM"",""THE REST"""
arch/arm/dts/logicpd-som-lv-35xx-devkit.dts,17,"""ARM"",""THE REST"""
arch/arm/dts/logicpd-som-lv-37xx-devkit-u-boot.dtsi,32,"""ARM"",""THE REST"""
arch/arm/dts/logicpd-som-lv-37xx-devkit.dts,17,"""ARM"",""THE REST"""
arch/arm/dts/logicpd-som-lv-baseboard.dtsi,256,"""ARM"",""THE REST"""
arch/arm/dts/logicpd-som-lv.dtsi,313,"""ARM"",""THE REST"""
arch/arm/dts/logicpd-torpedo-35xx-devkit-u-boot.dtsi,22,"""ARM"",""THE REST"""
arch/arm/dts/logicpd-torpedo-35xx-devkit.dts,17,"""ARM"",""THE REST"""
arch/arm/dts/logicpd-torpedo-37xx-devkit-u-boot.dtsi,22,"""ARM"",""THE REST"""
arch/arm/dts/logicpd-torpedo-37xx-devkit.dts,77,"""ARM"",""THE REST"""
arch/arm/dts/logicpd-torpedo-baseboard.dtsi,395,"""ARM"",""THE REST"""
arch/arm/dts/logicpd-torpedo-som.dtsi,198,"""ARM"",""THE REST"""
arch/arm/dts/ls1021a-iot-duart.dts,15,"""ARM"",""THE REST"""
arch/arm/dts/ls1021a-iot.dtsi,102,"""ARM"",""THE REST"""
arch/arm/dts/ls1021a-qds-duart.dts,15,"""ARM"",""THE REST"""
arch/arm/dts/ls1021a-qds-lpuart.dts,15,"""ARM"",""THE REST"""
arch/arm/dts/ls1021a-qds.dtsi,218,"""ARM"",""THE REST"""
arch/arm/dts/ls1021a-twr-duart.dts,15,"""ARM"",""THE REST"""
arch/arm/dts/ls1021a-twr-lpuart.dts,15,"""ARM"",""THE REST"""
arch/arm/dts/ls1021a-twr.dtsi,109,"""ARM"",""THE REST"""
arch/arm/dts/ls1021a.dtsi,414,"""ARM"",""THE REST"""
arch/arm/dts/meson-axg-s400.dts,554,"""ARM"",""THE REST"""
arch/arm/dts/meson-axg.dtsi,1589,"""ARM"",""THE REST"""
arch/arm/dts/meson-gx.dtsi,547,"""ARM"",""THE REST"""
arch/arm/dts/meson-gxbb-nanopi-k2.dts,371,"""ARM"",""THE REST"""
arch/arm/dts/meson-gxbb-odroidc2.dts,311,"""ARM"",""THE REST"""
arch/arm/dts/meson-gxbb.dtsi,776,"""ARM"",""THE REST"""
arch/arm/dts/meson-gxl-mali.dtsi,45,"""ARM"",""THE REST"""
arch/arm/dts/meson-gxl-s905x-khadas-vim.dts,200,"""ARM"",""THE REST"""
arch/arm/dts/meson-gxl-s905x-libretech-cc.dts,282,"""ARM"",""THE REST"""
arch/arm/dts/meson-gxl-s905x-p212.dts,65,"""ARM"",""THE REST"""
arch/arm/dts/meson-gxl-s905x-p212.dtsi,198,"""ARM"",""THE REST"""
arch/arm/dts/meson-gxl-s905x.dtsi,18,"""ARM"",""THE REST"""
arch/arm/dts/meson-gxl.dtsi,777,"""ARM"",""THE REST"""
arch/arm/dts/meson-gxm-khadas-vim2.dts,436,"""ARM"",""THE REST"""
arch/arm/dts/meson-gxm.dtsi,119,"""ARM"",""THE REST"""
arch/arm/dts/mt7623.dtsi,255,"""ARM"",""THE REST"""
arch/arm/dts/mt7623n-bananapi-bpi-r2.dts,207,"""ARM"",""THE REST"""
arch/arm/dts/mt7629-rfb-u-boot.dtsi,24,"""ARM"",""THE REST"""
arch/arm/dts/mt7629-rfb.dts,70,"""ARM"",""THE REST"""
arch/arm/dts/mt7629.dtsi,244,"""ARM"",""THE REST"""
arch/arm/dts/omap-gpmc-smsc911x.dtsi,55,"""ARM"",""THE REST"""
arch/arm/dts/omap-gpmc-smsc9221.dtsi,58,"""ARM"",""THE REST"""
arch/arm/dts/omap3-beagle-u-boot.dtsi,24,"""ARM"",""THE REST"""
arch/arm/dts/omap3-beagle-xm-ab-u-boot.dtsi,24,"""ARM"",""THE REST"""
arch/arm/dts/omap3-beagle-xm-ab.dts,16,"""ARM"",""THE REST"""
arch/arm/dts/omap3-beagle-xm-u-boot.dtsi,24,"""ARM"",""THE REST"""
arch/arm/dts/omap3-beagle-xm.dts,409,"""ARM"",""THE REST"""
arch/arm/dts/omap3-beagle.dts,436,"""ARM"",""THE REST"""
arch/arm/dts/omap3-cpu-thermal.dtsi,20,"""ARM"",""THE REST"""
arch/arm/dts/omap3-evm-37xx-u-boot.dtsi,24,"""ARM"",""THE REST"""
arch/arm/dts/omap3-evm-37xx.dts,110,"""ARM"",""THE REST"""
arch/arm/dts/omap3-evm-common.dtsi,195,"""ARM"",""THE REST"""
arch/arm/dts/omap3-evm-processor-common.dtsi,216,"""ARM"",""THE REST"""
arch/arm/dts/omap3-evm-u-boot.dtsi,24,"""ARM"",""THE REST"""
arch/arm/dts/omap3-evm.dts,89,"""ARM"",""THE REST"""
arch/arm/dts/omap3-panel-sharp-ls037v7dw01.dtsi,73,"""ARM"",""THE REST"""
arch/arm/dts/omap3.dtsi,840,"""ARM"",""THE REST"""
arch/arm/dts/omap34xx-omap36xx-clocks.dtsi,268,"""ARM"",""THE REST"""
arch/arm/dts/omap34xx.dtsi,84,"""ARM"",""THE REST"""
arch/arm/dts/omap36xx-am35xx-omap3430es2plus-clocks.dtsi,242,"""ARM"",""THE REST"""
arch/arm/dts/omap36xx-clocks.dtsi,110,"""ARM"",""THE REST"""
arch/arm/dts/omap36xx-omap3430es2plus-clocks.dtsi,198,"""ARM"",""THE REST"""
arch/arm/dts/omap36xx.dtsi,169,"""ARM"",""THE REST"""
arch/arm/dts/omap3xxx-clocks.dtsi,1665,"""ARM"",""THE REST"""
arch/arm/dts/omap4-cpu-thermal.dtsi,41,"""ARM"",""THE REST"""
arch/arm/dts/omap5-core-thermal.dtsi,28,"""ARM"",""THE REST"""
arch/arm/dts/omap5-gpu-thermal.dtsi,28,"""ARM"",""THE REST"""
arch/arm/dts/omap5-u-boot.dtsi,101,"""ARM"",""THE REST"""
arch/arm/dts/pcm052.dts,21,"""ARM"",""THE REST"""
arch/arm/dts/r8a7790-lager-u-boot.dts,13,"""ARM"",""THE REST"""
arch/arm/dts/r8a7790-lager.dts,933,"""ARM"",""THE REST"""
arch/arm/dts/r8a7790-stout-u-boot.dts,13,"""ARM"",""THE REST"""
arch/arm/dts/r8a7790-stout.dts,363,"""ARM"",""THE REST"""
arch/arm/dts/r8a7790-u-boot.dtsi,20,"""ARM"",""THE REST"""
arch/arm/dts/r8a7790.dtsi,1870,"""ARM"",""THE REST"""
arch/arm/dts/r8a7791-koelsch-u-boot.dts,13,"""ARM"",""THE REST"""
arch/arm/dts/r8a7791-koelsch.dts,899,"""ARM"",""THE REST"""
arch/arm/dts/r8a7791-porter-u-boot.dts,18,"""ARM"",""THE REST"""
arch/arm/dts/r8a7791-porter.dts,518,"""ARM"",""THE REST"""
arch/arm/dts/r8a7791-u-boot.dtsi,20,"""ARM"",""THE REST"""
arch/arm/dts/r8a7791.dtsi,1803,"""ARM"",""THE REST"""
arch/arm/dts/r8a7792-blanche-u-boot.dts,13,"""ARM"",""THE REST"""
arch/arm/dts/r8a7792-blanche.dts,331,"""ARM"",""THE REST"""
arch/arm/dts/r8a7792-u-boot.dtsi,16,"""ARM"",""THE REST"""
arch/arm/dts/r8a7792.dtsi,870,"""ARM"",""THE REST"""
arch/arm/dts/r8a7793-gose-u-boot.dts,13,"""ARM"",""THE REST"""
arch/arm/dts/r8a7793-gose.dts,787,"""ARM"",""THE REST"""
arch/arm/dts/r8a7793-u-boot.dtsi,20,"""ARM"",""THE REST"""
arch/arm/dts/r8a7793.dtsi,1464,"""ARM"",""THE REST"""
arch/arm/dts/r8a7794-alt-u-boot.dts,13,"""ARM"",""THE REST"""
arch/arm/dts/r8a7794-alt.dts,441,"""ARM"",""THE REST"""
arch/arm/dts/r8a7794-silk-u-boot.dts,13,"""ARM"",""THE REST"""
arch/arm/dts/r8a7794-silk.dts,544,"""ARM"",""THE REST"""
arch/arm/dts/r8a7794-u-boot.dtsi,20,"""ARM"",""THE REST"""
arch/arm/dts/r8a7794.dtsi,1430,"""ARM"",""THE REST"""
arch/arm/dts/r8a7795-h3ulcb-u-boot.dts,41,"""ARM"",""THE REST"""
arch/arm/dts/r8a7795-h3ulcb.dts,51,"""ARM"",""THE REST"""
arch/arm/dts/r8a7795-salvator-x-u-boot.dts,37,"""ARM"",""THE REST"""
arch/arm/dts/r8a7795-salvator-x.dts,156,"""ARM"",""THE REST"""
arch/arm/dts/r8a7795-u-boot.dtsi,22,"""ARM"",""THE REST"""
arch/arm/dts/r8a7795.dtsi,2936,"""ARM"",""THE REST"""
arch/arm/dts/r8a7796-m3ulcb-u-boot.dts,41,"""ARM"",""THE REST"""
arch/arm/dts/r8a7796-m3ulcb.dts,39,"""ARM"",""THE REST"""
arch/arm/dts/r8a7796-salvator-x-u-boot.dts,37,"""ARM"",""THE REST"""
arch/arm/dts/r8a7796-salvator-x.dts,83,"""ARM"",""THE REST"""
arch/arm/dts/r8a7796-u-boot.dtsi,22,"""ARM"",""THE REST"""
arch/arm/dts/r8a7796.dtsi,2584,"""ARM"",""THE REST"""
arch/arm/dts/r8a77965-salvator-x-u-boot.dts,40,"""ARM"",""THE REST"""
arch/arm/dts/r8a77965-salvator-x.dts,49,"""ARM"",""THE REST"""
arch/arm/dts/r8a77965-u-boot.dtsi,121,"""ARM"",""THE REST"""
arch/arm/dts/r8a77965.dtsi,1910,"""ARM"",""THE REST"""
arch/arm/dts/r8a77970-eagle-u-boot.dts,54,"""ARM"",""THE REST"""
arch/arm/dts/r8a77970-eagle.dts,208,"""ARM"",""THE REST"""
arch/arm/dts/r8a77970-u-boot.dtsi,22,"""ARM"",""THE REST"""
arch/arm/dts/r8a77970.dtsi,901,"""ARM"",""THE REST"""
arch/arm/dts/r8a77990-ebisu-u-boot.dts,186,"""ARM"",""THE REST"""
arch/arm/dts/r8a77990-ebisu.dts,102,"""ARM"",""THE REST"""
arch/arm/dts/r8a77990-u-boot.dtsi,42,"""ARM"",""THE REST"""
arch/arm/dts/r8a77990.dtsi,430,"""ARM"",""THE REST"""
arch/arm/dts/r8a77995-draak-u-boot.dts,9,"""ARM"",""THE REST"""
arch/arm/dts/r8a77995-draak.dts,373,"""ARM"",""THE REST"""
arch/arm/dts/r8a77995-u-boot.dtsi,18,"""ARM"",""THE REST"""
arch/arm/dts/r8a77995.dtsi,1006,"""ARM"",""THE REST"""
arch/arm/dts/r8a779x-u-boot.dtsi,24,"""ARM"",""THE REST"""
arch/arm/dts/rk3036-sdk-u-boot.dtsi,11,"""ARM"",""THE REST"""
arch/arm/dts/rk3036-sdk.dts,74,"""ARM"",""THE REST"""
arch/arm/dts/rk3036.dtsi,439,"""ARM"",""THE REST"""
arch/arm/dts/rk3128-evb.dts,94,"""ARM"",""THE REST"""
arch/arm/dts/rk3128.dtsi,803,"""ARM"",""THE REST"""
arch/arm/dts/rk3188-radxarock-u-boot.dtsi,38,"""ARM"",""THE REST"""
arch/arm/dts/rk3188-radxarock.dts,385,"""ARM"",""THE REST"""
arch/arm/dts/rk3188.dtsi,604,"""ARM"",""THE REST"""
arch/arm/dts/rk3229-evb.dts,90,"""ARM"",""THE REST"""
arch/arm/dts/rk322x.dtsi,781,"""ARM"",""THE REST"""
arch/arm/dts/rk3288-evb.dts,56,"""ARM"",""THE REST"""
arch/arm/dts/rk3288-evb.dtsi,476,"""ARM"",""THE REST"""
arch/arm/dts/rk3288-fennec.dts,56,"""ARM"",""THE REST"""
arch/arm/dts/rk3288-fennec.dtsi,421,"""ARM"",""THE REST"""
arch/arm/dts/rk3288-firefly.dts,83,"""ARM"",""THE REST"""
arch/arm/dts/rk3288-firefly.dtsi,470,"""ARM"",""THE REST"""
arch/arm/dts/rk3288-miqi.dts,45,"""ARM"",""THE REST"""
arch/arm/dts/rk3288-miqi.dtsi,422,"""ARM"",""THE REST"""
arch/arm/dts/rk3288-phycore-rdk.dts,294,"""ARM"",""THE REST"""
arch/arm/dts/rk3288-phycore-som.dtsi,514,"""ARM"",""THE REST"""
arch/arm/dts/rk3288-popmetal.dts,57,"""ARM"",""THE REST"""
arch/arm/dts/rk3288-popmetal.dtsi,547,"""ARM"",""THE REST"""
arch/arm/dts/rk3288-rock2-som.dtsi,278,"""ARM"",""THE REST"""
arch/arm/dts/rk3288-rock2-square.dts,199,"""ARM"",""THE REST"""
arch/arm/dts/rk3288-thermal.dtsi,87,"""ARM"",""THE REST"""
arch/arm/dts/rk3288-tinker.dts,75,"""ARM"",""THE REST"""
arch/arm/dts/rk3288-tinker.dtsi,531,"""ARM"",""THE REST"""
arch/arm/dts/rk3288-veyron-chromebook.dtsi,205,"""ARM"",""THE REST"""
arch/arm/dts/rk3288-veyron-jerry.dts,213,"""ARM"",""THE REST"""
arch/arm/dts/rk3288-veyron-mickey.dts,277,"""ARM"",""THE REST"""
arch/arm/dts/rk3288-veyron-minnie.dts,301,"""ARM"",""THE REST"""
arch/arm/dts/rk3288-veyron.dtsi,843,"""ARM"",""THE REST"""
arch/arm/dts/rk3288-vyasa-u-boot.dtsi,32,"""ARM"",""THE REST"""
arch/arm/dts/rk3288-vyasa.dts,488,"""ARM"",""THE REST"""
arch/arm/dts/rk3288.dtsi,1580,"""ARM"",""THE REST"""
arch/arm/dts/rk3328-evb.dts,240,"""ARM"",""THE REST"""
arch/arm/dts/rk3328.dtsi,1538,"""ARM"",""THE REST"""
arch/arm/dts/rk3368-geekbox-u-boot.dtsi,33,"""ARM"",""THE REST"""
arch/arm/dts/rk3368-geekbox.dts,319,"""ARM"",""THE REST"""
arch/arm/dts/rk3368-lion-u-boot.dtsi,94,"""ARM"",""THE REST"""
arch/arm/dts/rk3368-lion.dts,194,"""ARM"",""THE REST"""
arch/arm/dts/rk3368-px5-evb-u-boot.dtsi,33,"""ARM"",""THE REST"""
arch/arm/dts/rk3368-px5-evb.dts,323,"""ARM"",""THE REST"""
arch/arm/dts/rk3368-sheep-u-boot.dtsi,33,"""ARM"",""THE REST"""
arch/arm/dts/rk3368-sheep.dts,286,"""ARM"",""THE REST"""
arch/arm/dts/rk3368.dtsi,1111,"""ARM"",""THE REST"""
arch/arm/dts/rk3399-evb.dts,284,"""ARM"",""THE REST"""
arch/arm/dts/rk3399-ficus.dts,78,"""ARM"",""THE REST"""
arch/arm/dts/rk3399-firefly.dts,667,"""ARM"",""THE REST"""
arch/arm/dts/rk3399-puma-ddr1333.dts,10,"""ARM"",""THE REST"""
arch/arm/dts/rk3399-puma-ddr1600.dts,10,"""ARM"",""THE REST"""
arch/arm/dts/rk3399-puma-ddr1866.dts,10,"""ARM"",""THE REST"""
arch/arm/dts/rk3399-puma.dtsi,674,"""ARM"",""THE REST"""
arch/arm/dts/rk3399-rock960.dts,45,"""ARM"",""THE REST"""
arch/arm/dts/rk3399-rock960.dtsi,506,"""ARM"",""THE REST"""
arch/arm/dts/rk3399-sdram-ddr3-1333.dtsi,1536,"""ARM"",""THE REST"""
arch/arm/dts/rk3399-sdram-ddr3-1600.dtsi,1535,"""ARM"",""THE REST"""
arch/arm/dts/rk3399-sdram-ddr3-1866.dtsi,1536,"""ARM"",""THE REST"""
arch/arm/dts/rk3399-sdram-lpddr3-2GB-1600.dtsi,1536,"""ARM"",""THE REST"""
arch/arm/dts/rk3399-sdram-lpddr3-4GB-1600.dtsi,1535,"""ARM"",""THE REST"""
arch/arm/dts/rk3399.dtsi,2240,"""ARM"",""THE REST"""
arch/arm/dts/rk3xxx.dtsi,416,"""ARM"",""THE REST"""
arch/arm/dts/rv1108-elgin-r1.dts,48,"""ARM"",""THE REST"""
arch/arm/dts/rv1108-evb.dts,79,"""ARM"",""THE REST"""
arch/arm/dts/rv1108.dtsi,581,"""ARM"",""THE REST"""
arch/arm/dts/s5pc100-pinctrl.dtsi,181,"""ARM"",""THE REST"""
arch/arm/dts/s5pc110-pinctrl.dtsi,274,"""ARM"",""THE REST"""
arch/arm/dts/s5pc1xx-goni.dts,199,"""ARM"",""THE REST"""
arch/arm/dts/s5pc1xx-smdkc100.dts,35,"""ARM"",""THE REST"""
arch/arm/dts/s900.dtsi,53,"""ARM"",""THE REST"""
arch/arm/dts/salvator-common.dtsi,863,"""ARM"",""THE REST"""
arch/arm/dts/salvator-x.dtsi,29,"""ARM"",""THE REST"""
arch/arm/dts/sama5d2-pinfunc.h,880,"""ARM"",""THE REST"""
arch/arm/dts/sama5d2.dtsi,777,"""ARM"",""THE REST"""
arch/arm/dts/sama5d27_som1.dtsi,158,"""ARM"",""THE REST"""
arch/arm/dts/sama5d3.dtsi,1542,"""ARM"",""THE REST"""
arch/arm/dts/sama5d31.dtsi,16,"""ARM"",""THE REST"""
arch/arm/dts/sama5d31ek.dts,56,"""ARM"",""THE REST"""
arch/arm/dts/sama5d33.dtsi,14,"""ARM"",""THE REST"""
arch/arm/dts/sama5d33ek.dts,49,"""ARM"",""THE REST"""
arch/arm/dts/sama5d34.dtsi,16,"""ARM"",""THE REST"""
arch/arm/dts/sama5d34ek.dts,66,"""ARM"",""THE REST"""
arch/arm/dts/sama5d35.dtsi,18,"""ARM"",""THE REST"""
arch/arm/dts/sama5d35ek.dts,59,"""ARM"",""THE REST"""
arch/arm/dts/sama5d36.dtsi,20,"""ARM"",""THE REST"""
arch/arm/dts/sama5d36ek.dts,57,"""ARM"",""THE REST"""
arch/arm/dts/sama5d36ek_cmp.dts,56,"""ARM"",""THE REST"""
arch/arm/dts/sama5d3_can.dtsi,74,"""ARM"",""THE REST"""
arch/arm/dts/sama5d3_emac.dtsi,55,"""ARM"",""THE REST"""
arch/arm/dts/sama5d3_gmac.dtsi,88,"""ARM"",""THE REST"""
arch/arm/dts/sama5d3_lcd.dtsi,196,"""ARM"",""THE REST"""
arch/arm/dts/sama5d3_mci2.dtsi,59,"""ARM"",""THE REST"""
arch/arm/dts/sama5d3_tcb1.dtsi,39,"""ARM"",""THE REST"""
arch/arm/dts/sama5d3_uart.dtsi,79,"""ARM"",""THE REST"""
arch/arm/dts/sama5d3xcm.dtsi,123,"""ARM"",""THE REST"""
arch/arm/dts/sama5d3xcm_cmp.dtsi,166,"""ARM"",""THE REST"""
arch/arm/dts/sama5d3xdm.dtsi,67,"""ARM"",""THE REST"""
arch/arm/dts/sama5d3xmb.dtsi,234,"""ARM"",""THE REST"""
arch/arm/dts/sama5d3xmb_cmp.dtsi,234,"""ARM"",""THE REST"""
arch/arm/dts/sama5d4.dtsi,1921,"""ARM"",""THE REST"""
arch/arm/dts/skeleton.dtsi,13,"""ARM"",""THE REST"""
arch/arm/dts/skeleton64.dtsi,13,"""ARM"",""THE REST"""
arch/arm/dts/socfpga.dtsi,944,"""ARM"",""THE REST"""
arch/arm/dts/socfpga_arria10.dtsi,894,"""ARM"",""THE REST"""
arch/arm/dts/socfpga_arria10_socdk.dtsi,181,"""ARM"",""THE REST"""
arch/arm/dts/socfpga_arria10_socdk_sdmmc.dts,57,"""ARM"",""THE REST"""
arch/arm/dts/socfpga_arria10_socdk_sdmmc_handoff.dtsi,350,"""ARM"",""THE REST"""
arch/arm/dts/socfpga_arria5.dtsi,36,"""ARM"",""THE REST"""
arch/arm/dts/socfpga_arria5_socdk-u-boot.dtsi,56,"""ARM"",""THE REST"""
arch/arm/dts/socfpga_arria5_socdk.dts,151,"""ARM"",""THE REST"""
arch/arm/dts/socfpga_cyclone5.dtsi,36,"""ARM"",""THE REST"""
arch/arm/dts/socfpga_cyclone5_dbm_soc1.dts,78,"""ARM"",""THE REST"""
arch/arm/dts/socfpga_cyclone5_de0_nano_soc-u-boot.dtsi,46,"""ARM"",""THE REST"""
arch/arm/dts/socfpga_cyclone5_de0_nano_soc.dts,101,"""ARM"",""THE REST"""
arch/arm/dts/socfpga_cyclone5_de10_nano.dts,88,"""ARM"",""THE REST"""
arch/arm/dts/socfpga_cyclone5_de1_soc.dts,86,"""ARM"",""THE REST"""
arch/arm/dts/socfpga_cyclone5_is1.dts,117,"""ARM"",""THE REST"""
arch/arm/dts/socfpga_cyclone5_socdk-u-boot.dtsi,72,"""ARM"",""THE REST"""
arch/arm/dts/socfpga_cyclone5_socdk.dts,166,"""ARM"",""THE REST"""
arch/arm/dts/socfpga_cyclone5_sockit-u-boot.dtsi,56,"""ARM"",""THE REST"""
arch/arm/dts/socfpga_cyclone5_sockit.dts,189,"""ARM"",""THE REST"""
arch/arm/dts/socfpga_cyclone5_socrates-u-boot.dtsi,60,"""ARM"",""THE REST"""
arch/arm/dts/socfpga_cyclone5_socrates.dts,96,"""ARM"",""THE REST"""
arch/arm/dts/socfpga_cyclone5_sr1500.dts,113,"""ARM"",""THE REST"""
arch/arm/dts/socfpga_cyclone5_vining_fpga-u-boot.dtsi,60,"""ARM"",""THE REST"""
arch/arm/dts/socfpga_cyclone5_vining_fpga.dts,251,"""ARM"",""THE REST"""
arch/arm/dts/socfpga_stratix10.dtsi,392,"""ARM"",""THE REST"""
arch/arm/dts/socfpga_stratix10_socdk.dts,94,"""ARM"",""THE REST"""
arch/arm/dts/st-pincfg.h,71,"""ARM"",""THE REST"""
arch/arm/dts/stih407-clock.dtsi,326,"""ARM"",""THE REST"""
arch/arm/dts/stih407-family.dtsi,978,"""ARM"",""THE REST"""
arch/arm/dts/stih407-pinctrl.dtsi,1303,"""ARM"",""THE REST"""
arch/arm/dts/stih410-b2260-u-boot.dtsi,16,"""ARM"",""THE REST"""
arch/arm/dts/stih410-b2260.dts,226,"""ARM"",""THE REST"""
arch/arm/dts/stih410-clock.dtsi,347,"""ARM"",""THE REST"""
arch/arm/dts/stih410-pinctrl.dtsi,34,"""ARM"",""THE REST"""
arch/arm/dts/stih410.dtsi,457,"""ARM"",""THE REST"""
arch/arm/dts/stm32429i-eval-u-boot.dtsi,230,"""ARM"",""THE REST"""
arch/arm/dts/stm32429i-eval.dts,274,"""ARM"",""THE REST"""
arch/arm/dts/stm32746g-eval.dts,240,"""ARM"",""THE REST"""
arch/arm/dts/stm32f4-pinctrl.dtsi,375,"""ARM"",""THE REST"""
arch/arm/dts/stm32f429-disco-u-boot.dtsi,205,"""ARM"",""THE REST"""
arch/arm/dts/stm32f429-disco.dts,123,"""ARM"",""THE REST"""
arch/arm/dts/stm32f429-pinctrl.dtsi,96,"""ARM"",""THE REST"""
arch/arm/dts/stm32f429.dtsi,707,"""ARM"",""THE REST"""
arch/arm/dts/stm32f469-disco-u-boot.dtsi,229,"""ARM"",""THE REST"""
arch/arm/dts/stm32f469-disco.dts,145,"""ARM"",""THE REST"""
arch/arm/dts/stm32f469-pinctrl.dtsi,97,"""ARM"",""THE REST"""
arch/arm/dts/stm32f7-u-boot.dtsi,40,"""ARM"",""THE REST"""
arch/arm/dts/stm32f746-disco.dts,322,"""ARM"",""THE REST"""
arch/arm/dts/stm32f746.dtsi,348,"""ARM"",""THE REST"""
arch/arm/dts/stm32f769-disco.dts,266,"""ARM"",""THE REST"""
arch/arm/dts/stm32h7-u-boot.dtsi,88,"""ARM"",""THE REST"""
arch/arm/dts/stm32h743-pinctrl.dtsi,275,"""ARM"",""THE REST"""
arch/arm/dts/stm32h743.dtsi,142,"""ARM"",""THE REST"""
arch/arm/dts/stm32h743i-disco.dts,109,"""ARM"",""THE REST"""
arch/arm/dts/stm32h743i-eval.dts,109,"""ARM"",""THE REST"""
arch/arm/dts/stm32mp15-ddr.dtsi,154,"""ARM"",""THE REST"""
arch/arm/dts/stm32mp15-ddr3-2x4Gb-1066-binG.dtsi,121,"""ARM"",""THE REST"""
arch/arm/dts/stm32mp157-pinctrl.dtsi,365,"""ARM"",""THE REST"""
arch/arm/dts/stm32mp157-u-boot.dtsi,136,"""ARM"",""THE REST"""
arch/arm/dts/stm32mp157c-ed1-u-boot.dtsi,202,"""ARM"",""THE REST"""
arch/arm/dts/stm32mp157c-ed1.dts,386,"""ARM"",""THE REST"""
arch/arm/dts/stm32mp157c-ev1-u-boot.dtsi,67,"""ARM"",""THE REST"""
arch/arm/dts/stm32mp157c-ev1.dts,116,"""ARM"",""THE REST"""
arch/arm/dts/stm32mp157c.dtsi,1012,"""ARM"",""THE REST"""
arch/arm/dts/stv0991.dts,55,"""ARM"",""THE REST"""
arch/arm/dts/sun4i-a10-a1000.dts,230,"""ARM"",""THE REST"""
arch/arm/dts/sun4i-a10-ba10-tvbox.dts,151,"""ARM"",""THE REST"""
arch/arm/dts/sun4i-a10-chuwi-v7-cw0825.dts,175,"""ARM"",""THE REST"""
arch/arm/dts/sun4i-a10-cubieboard.dts,263,"""ARM"",""THE REST"""
arch/arm/dts/sun4i-a10-dserve-dsrv9703c.dts,233,"""ARM"",""THE REST"""
arch/arm/dts/sun4i-a10-gemei-g9.dts,192,"""ARM"",""THE REST"""
arch/arm/dts/sun4i-a10-hackberry.dts,140,"""ARM"",""THE REST"""
arch/arm/dts/sun4i-a10-hyundai-a7hd.dts,131,"""ARM"",""THE REST"""
arch/arm/dts/sun4i-a10-inet-3f.dts,28,"""ARM"",""THE REST"""
arch/arm/dts/sun4i-a10-inet-3w.dts,28,"""ARM"",""THE REST"""
arch/arm/dts/sun4i-a10-inet1.dts,244,"""ARM"",""THE REST"""
arch/arm/dts/sun4i-a10-inet97fv2.dts,219,"""ARM"",""THE REST"""
arch/arm/dts/sun4i-a10-inet9f-rev03.dts,387,"""ARM"",""THE REST"""
arch/arm/dts/sun4i-a10-itead-iteaduino-plus.dts,126,"""ARM"",""THE REST"""
arch/arm/dts/sun4i-a10-jesurun-q5.dts,181,"""ARM"",""THE REST"""
arch/arm/dts/sun4i-a10-marsboard.dts,192,"""ARM"",""THE REST"""
arch/arm/dts/sun4i-a10-mini-xplus.dts,144,"""ARM"",""THE REST"""
arch/arm/dts/sun4i-a10-mk802.dts,144,"""ARM"",""THE REST"""
arch/arm/dts/sun4i-a10-mk802ii.dts,111,"""ARM"",""THE REST"""
arch/arm/dts/sun4i-a10-olinuxino-lime.dts,240,"""ARM"",""THE REST"""
arch/arm/dts/sun4i-a10-pcduino.dts,212,"""ARM"",""THE REST"""
arch/arm/dts/sun4i-a10-pcduino2.dts,67,"""ARM"",""THE REST"""
arch/arm/dts/sun4i-a10-pov-protab2-ips9.dts,221,"""ARM"",""THE REST"""
arch/arm/dts/sun4i-a10.dtsi,1164,"""ARM"",""THE REST"""
arch/arm/dts/sun50i-a64-amarula-relic.dts,219,"""ARM"",""THE REST"""
arch/arm/dts/sun50i-a64-bananapi-m64.dts,350,"""ARM"",""THE REST"""
arch/arm/dts/sun50i-a64-nanopi-a64.dts,287,"""ARM"",""THE REST"""
arch/arm/dts/sun50i-a64-olinuxino.dts,318,"""ARM"",""THE REST"""
arch/arm/dts/sun50i-a64-orangepi-win.dts,370,"""ARM"",""THE REST"""
arch/arm/dts/sun50i-a64-pine64-lts.dts,13,"""ARM"",""THE REST"""
arch/arm/dts/sun50i-a64-pine64-plus.dts,65,"""ARM"",""THE REST"""
arch/arm/dts/sun50i-a64-pine64.dts,309,"""ARM"",""THE REST"""
arch/arm/dts/sun50i-a64-pinebook-u-boot.dtsi,15,"""ARM"",""THE REST"""
arch/arm/dts/sun50i-a64-pinebook.dts,294,"""ARM"",""THE REST"""
arch/arm/dts/sun50i-a64-sopine-baseboard.dts,180,"""ARM"",""THE REST"""
arch/arm/dts/sun50i-a64-sopine.dtsi,157,"""ARM"",""THE REST"""
arch/arm/dts/sun50i-a64.dtsi,977,"""ARM"",""THE REST"""
arch/arm/dts/sun50i-h5-libretech-all-h3-cc.dts,14,"""ARM"",""THE REST"""
arch/arm/dts/sun50i-h5-nanopi-neo-plus2.dts,206,"""ARM"",""THE REST"""
arch/arm/dts/sun50i-h5-nanopi-neo2.dts,159,"""ARM"",""THE REST"""
arch/arm/dts/sun50i-h5-orangepi-pc2.dts,250,"""ARM"",""THE REST"""
arch/arm/dts/sun50i-h5-orangepi-prime.dts,253,"""ARM"",""THE REST"""
arch/arm/dts/sun50i-h5-orangepi-zero-plus.dts,143,"""ARM"",""THE REST"""
arch/arm/dts/sun50i-h5-orangepi-zero-plus2.dts,145,"""ARM"",""THE REST"""
arch/arm/dts/sun50i-h5.dtsi,131,"""ARM"",""THE REST"""
arch/arm/dts/sun50i-h6-orangepi-lite2.dts,11,"""ARM"",""THE REST"""
arch/arm/dts/sun50i-h6-orangepi-one-plus.dts,12,"""ARM"",""THE REST"""
arch/arm/dts/sun50i-h6-orangepi.dtsi,150,"""ARM"",""THE REST"""
arch/arm/dts/sun50i-h6-pine-h64.dts,185,"""ARM"",""THE REST"""
arch/arm/dts/sun50i-h6.dtsi,288,"""ARM"",""THE REST"""
arch/arm/dts/sun5i-a10s-auxtek-t003.dts,147,"""ARM"",""THE REST"""
arch/arm/dts/sun5i-a10s-auxtek-t004.dts,176,"""ARM"",""THE REST"""
arch/arm/dts/sun5i-a10s-mk802.dts,154,"""ARM"",""THE REST"""
arch/arm/dts/sun5i-a10s-olinuxino-micro.dts,308,"""ARM"",""THE REST"""
arch/arm/dts/sun5i-a10s-r7-tv-dongle.dts,134,"""ARM"",""THE REST"""
arch/arm/dts/sun5i-a10s-wobo-i5.dts,221,"""ARM"",""THE REST"""
arch/arm/dts/sun5i-a10s.dtsi,177,"""ARM"",""THE REST"""
arch/arm/dts/sun5i-a13-ampe-a76.dts,28,"""ARM"",""THE REST"""
arch/arm/dts/sun5i-a13-difrnce-dit4350.dts,50,"""ARM"",""THE REST"""
arch/arm/dts/sun5i-a13-empire-electronix-d709.dts,217,"""ARM"",""THE REST"""
arch/arm/dts/sun5i-a13-empire-electronix-m712.dts,51,"""ARM"",""THE REST"""
arch/arm/dts/sun5i-a13-hsg-h702.dts,211,"""ARM"",""THE REST"""
arch/arm/dts/sun5i-a13-inet-86vs.dts,28,"""ARM"",""THE REST"""
arch/arm/dts/sun5i-a13-inet-98v-rev2.dts,50,"""ARM"",""THE REST"""
arch/arm/dts/sun5i-a13-olinuxino-micro.dts,181,"""ARM"",""THE REST"""
arch/arm/dts/sun5i-a13-olinuxino.dts,283,"""ARM"",""THE REST"""
arch/arm/dts/sun5i-a13-q8-tablet.dts,86,"""ARM"",""THE REST"""
arch/arm/dts/sun5i-a13-utoo-p66.dts,134,"""ARM"",""THE REST"""
arch/arm/dts/sun5i-a13.dtsi,123,"""ARM"",""THE REST"""
arch/arm/dts/sun5i-gr8-chip-pro.dts,262,"""ARM"",""THE REST"""
arch/arm/dts/sun5i-gr8.dtsi,126,"""ARM"",""THE REST"""
arch/arm/dts/sun5i-q8-common.dtsi,180,"""ARM"",""THE REST"""
arch/arm/dts/sun5i-r8-chip.dts,314,"""ARM"",""THE REST"""
arch/arm/dts/sun5i-r8.dtsi,47,"""ARM"",""THE REST"""
arch/arm/dts/sun5i-reference-design-tablet.dtsi,235,"""ARM"",""THE REST"""
arch/arm/dts/sun5i.dtsi,741,"""ARM"",""THE REST"""
arch/arm/dts/sun6i-a31-app4-evb1.dts,90,"""ARM"",""THE REST"""
arch/arm/dts/sun6i-a31-colombus.dts,163,"""ARM"",""THE REST"""
arch/arm/dts/sun6i-a31-hummingbird.dts,377,"""ARM"",""THE REST"""
arch/arm/dts/sun6i-a31-i7.dts,201,"""ARM"",""THE REST"""
arch/arm/dts/sun6i-a31-m9.dts,234,"""ARM"",""THE REST"""
arch/arm/dts/sun6i-a31-mele-a1000g-quad.dts,239,"""ARM"",""THE REST"""
arch/arm/dts/sun6i-a31-mixtile-loftq.dts,56,"""ARM"",""THE REST"""
arch/arm/dts/sun6i-a31.dtsi,1371,"""ARM"",""THE REST"""
arch/arm/dts/sun6i-a31s-colorfly-e708-q1.dts,72,"""ARM"",""THE REST"""
arch/arm/dts/sun6i-a31s-cs908.dts,101,"""ARM"",""THE REST"""
arch/arm/dts/sun6i-a31s-inet-q972.dts,100,"""ARM"",""THE REST"""
arch/arm/dts/sun6i-a31s-primo81.dts,289,"""ARM"",""THE REST"""
arch/arm/dts/sun6i-a31s-sina31s-core.dtsi,141,"""ARM"",""THE REST"""
arch/arm/dts/sun6i-a31s-sina31s.dts,210,"""ARM"",""THE REST"""
arch/arm/dts/sun6i-a31s-sinovoip-bpi-m2.dts,300,"""ARM"",""THE REST"""
arch/arm/dts/sun6i-a31s-yones-toptech-bs1078-v2.dts,200,"""ARM"",""THE REST"""
arch/arm/dts/sun6i-a31s.dtsi,61,"""ARM"",""THE REST"""
arch/arm/dts/sun6i-reference-design-tablet.dtsi,189,"""ARM"",""THE REST"""
arch/arm/dts/sun7i-a20-ainol-aw1.dts,28,"""ARM"",""THE REST"""
arch/arm/dts/sun7i-a20-bananapi-m1-plus.dts,302,"""ARM"",""THE REST"""
arch/arm/dts/sun7i-a20-bananapi.dts,361,"""ARM"",""THE REST"""
arch/arm/dts/sun7i-a20-bananapro.dts,266,"""ARM"",""THE REST"""
arch/arm/dts/sun7i-a20-cubieboard2.dts,258,"""ARM"",""THE REST"""
arch/arm/dts/sun7i-a20-cubietruck.dts,372,"""ARM"",""THE REST"""
arch/arm/dts/sun7i-a20-hummingbird.dts,272,"""ARM"",""THE REST"""
arch/arm/dts/sun7i-a20-i12-tvbox.dts,237,"""ARM"",""THE REST"""
arch/arm/dts/sun7i-a20-icnova-swac.dts,167,"""ARM"",""THE REST"""
arch/arm/dts/sun7i-a20-itead-ibox.dts,147,"""ARM"",""THE REST"""
arch/arm/dts/sun7i-a20-lamobo-r1.dts,358,"""ARM"",""THE REST"""
arch/arm/dts/sun7i-a20-m3.dts,169,"""ARM"",""THE REST"""
arch/arm/dts/sun7i-a20-m5.dts,56,"""ARM"",""THE REST"""
arch/arm/dts/sun7i-a20-mk808c.dts,206,"""ARM"",""THE REST"""
arch/arm/dts/sun7i-a20-olimex-som-evb.dts,363,"""ARM"",""THE REST"""
arch/arm/dts/sun7i-a20-olimex-som204-evb-emmc.dts,36,"""ARM"",""THE REST"""
arch/arm/dts/sun7i-a20-olimex-som204-evb.dts,334,"""ARM"",""THE REST"""
arch/arm/dts/sun7i-a20-olinuxino-lime.dts,240,"""ARM"",""THE REST"""
arch/arm/dts/sun7i-a20-olinuxino-lime2-emmc.dts,80,"""ARM"",""THE REST"""
arch/arm/dts/sun7i-a20-olinuxino-lime2.dts,290,"""ARM"",""THE REST"""
arch/arm/dts/sun7i-a20-olinuxino-micro-emmc.dts,70,"""ARM"",""THE REST"""
arch/arm/dts/sun7i-a20-olinuxino-micro.dts,382,"""ARM"",""THE REST"""
arch/arm/dts/sun7i-a20-orangepi-mini.dts,294,"""ARM"",""THE REST"""
arch/arm/dts/sun7i-a20-orangepi.dts,245,"""ARM"",""THE REST"""
arch/arm/dts/sun7i-a20-pcduino3-nano.dts,258,"""ARM"",""THE REST"""
arch/arm/dts/sun7i-a20-pcduino3.dts,252,"""ARM"",""THE REST"""
arch/arm/dts/sun7i-a20-primo73.dts,92,"""ARM"",""THE REST"""
arch/arm/dts/sun7i-a20-wexler-tab7200.dts,263,"""ARM"",""THE REST"""
arch/arm/dts/sun7i-a20-wits-pro-a20-dkt.dts,234,"""ARM"",""THE REST"""
arch/arm/dts/sun7i-a20-yones-toptech-bd1078.dts,28,"""ARM"",""THE REST"""
arch/arm/dts/sun7i-a20.dtsi,1439,"""ARM"",""THE REST"""
arch/arm/dts/sun8i-a23-a33.dtsi,668,"""ARM"",""THE REST"""
arch/arm/dts/sun8i-a23-evb.dts,131,"""ARM"",""THE REST"""
arch/arm/dts/sun8i-a23-gt90h-v4.dts,76,"""ARM"",""THE REST"""
arch/arm/dts/sun8i-a23-inet86dz.dts,67,"""ARM"",""THE REST"""
arch/arm/dts/sun8i-a23-polaroid-mid2407pxe03.dts,109,"""ARM"",""THE REST"""
arch/arm/dts/sun8i-a23-polaroid-mid2809pxe04.dts,99,"""ARM"",""THE REST"""
arch/arm/dts/sun8i-a23-q8-tablet.dts,63,"""ARM"",""THE REST"""
arch/arm/dts/sun8i-a23.dtsi,88,"""ARM"",""THE REST"""
arch/arm/dts/sun8i-a33-ga10h-v1.1.dts,95,"""ARM"",""THE REST"""
arch/arm/dts/sun8i-a33-inet-d978-rev2.dts,107,"""ARM"",""THE REST"""
arch/arm/dts/sun8i-a33-olinuxino.dts,228,"""ARM"",""THE REST"""
arch/arm/dts/sun8i-a33-q8-tablet.dts,50,"""ARM"",""THE REST"""
arch/arm/dts/sun8i-a33-sinlinx-sina33.dts,293,"""ARM"",""THE REST"""
arch/arm/dts/sun8i-a33.dtsi,533,"""ARM"",""THE REST"""
arch/arm/dts/sun8i-a83t-allwinner-h8homlet-v2.dts,269,"""ARM"",""THE REST"""
arch/arm/dts/sun8i-a83t-bananapi-m3.dts,360,"""ARM"",""THE REST"""
arch/arm/dts/sun8i-a83t-cubietruck-plus.dts,397,"""ARM"",""THE REST"""
arch/arm/dts/sun8i-a83t-tbs-a711.dts,423,"""ARM"",""THE REST"""
arch/arm/dts/sun8i-a83t.dtsi,1030,"""ARM"",""THE REST"""
arch/arm/dts/sun8i-h2-plus-bananapi-m2-zero.dts,121,"""ARM"",""THE REST"""
arch/arm/dts/sun8i-h2-plus-libretech-all-h3-cc.dts,13,"""ARM"",""THE REST"""
arch/arm/dts/sun8i-h2-plus-orangepi-r1.dts,101,"""ARM"",""THE REST"""
arch/arm/dts/sun8i-h2-plus-orangepi-zero.dts,189,"""ARM"",""THE REST"""
arch/arm/dts/sun8i-h3-bananapi-m2-plus.dts,236,"""ARM"",""THE REST"""
arch/arm/dts/sun8i-h3-libretech-all-h3-cc.dts,14,"""ARM"",""THE REST"""
arch/arm/dts/sun8i-h3-nanopi-m1-plus.dts,142,"""ARM"",""THE REST"""
arch/arm/dts/sun8i-h3-nanopi-m1.dts,106,"""ARM"",""THE REST"""
arch/arm/dts/sun8i-h3-nanopi-neo-air.dts,115,"""ARM"",""THE REST"""
arch/arm/dts/sun8i-h3-nanopi-neo.dts,72,"""ARM"",""THE REST"""
arch/arm/dts/sun8i-h3-nanopi.dtsi,134,"""ARM"",""THE REST"""
arch/arm/dts/sun8i-h3-orangepi-2.dts,238,"""ARM"",""THE REST"""
arch/arm/dts/sun8i-h3-orangepi-lite.dts,191,"""ARM"",""THE REST"""
arch/arm/dts/sun8i-h3-orangepi-one.dts,227,"""ARM"",""THE REST"""
arch/arm/dts/sun8i-h3-orangepi-pc-plus.dts,91,"""ARM"",""THE REST"""
arch/arm/dts/sun8i-h3-orangepi-pc.dts,264,"""ARM"",""THE REST"""
arch/arm/dts/sun8i-h3-orangepi-plus.dts,124,"""ARM"",""THE REST"""
arch/arm/dts/sun8i-h3-orangepi-plus2e.dts,79,"""ARM"",""THE REST"""
arch/arm/dts/sun8i-h3.dtsi,218,"""ARM"",""THE REST"""
arch/arm/dts/sun8i-q8-common.dtsi,99,"""ARM"",""THE REST"""
arch/arm/dts/sun8i-r16-bananapi-m2m.dts,320,"""ARM"",""THE REST"""
arch/arm/dts/sun8i-r16-nintendo-nes-classic-edition.dts,75,"""ARM"",""THE REST"""
arch/arm/dts/sun8i-r16-parrot.dts,355,"""ARM"",""THE REST"""
arch/arm/dts/sun8i-r40-bananapi-m2-ultra.dts,239,"""ARM"",""THE REST"""
arch/arm/dts/sun8i-r40.dtsi,507,"""ARM"",""THE REST"""
arch/arm/dts/sun8i-reference-design-tablet.dtsi,247,"""ARM"",""THE REST"""
arch/arm/dts/sun8i-v3s-licheepi-zero.dts,83,"""ARM"",""THE REST"""
arch/arm/dts/sun8i-v3s.dtsi,284,"""ARM"",""THE REST"""
arch/arm/dts/sun8i-v40-bananapi-m2-berry.dts,182,"""ARM"",""THE REST"""
arch/arm/dts/sun9i-a80-cubieboard4.dts,261,"""ARM"",""THE REST"""
arch/arm/dts/sun9i-a80-cx-a99.dts,380,"""ARM"",""THE REST"""
arch/arm/dts/sun9i-a80-optimus.dts,347,"""ARM"",""THE REST"""
arch/arm/dts/sun9i-a80.dtsi,943,"""ARM"",""THE REST"""
arch/arm/dts/sunxi-common-regulators.dtsi,150,"""ARM"",""THE REST"""
arch/arm/dts/sunxi-h3-h5.dtsi,858,"""ARM"",""THE REST"""
arch/arm/dts/sunxi-itead-core-common.dtsi,136,"""ARM"",""THE REST"""
arch/arm/dts/sunxi-libretech-all-h3-cc.dtsi,175,"""ARM"",""THE REST"""
arch/arm/dts/sunxi-q8-common.dtsi,83,"""ARM"",""THE REST"""
arch/arm/dts/sunxi-reference-design-tablet.dtsi,83,"""ARM"",""THE REST"""
arch/arm/dts/sunxi-u-boot.dtsi,14,"""ARM"",""THE REST"""
arch/arm/dts/tegra-u-boot.dtsi,43,"""ARM"",""THE REST"""
arch/arm/dts/tegra114-dalmore.dts,99,"""ARM"",""THE REST"""
arch/arm/dts/tegra114-u-boot.dtsi,3,"""ARM"",""THE REST"""
arch/arm/dts/tegra114.dtsi,787,"""ARM"",""THE REST"""
arch/arm/dts/tegra124-apalis.dts,2199,"""ARM"",""THE REST"""
arch/arm/dts/tegra124-cei-tk1-som.dts,481,"""ARM"",""THE REST"""
arch/arm/dts/tegra124-jetson-tk1.dts,486,"""ARM"",""THE REST"""
arch/arm/dts/tegra124-nyan-big-u-boot.dtsi,25,"""ARM"",""THE REST"""
arch/arm/dts/tegra124-nyan-big.dts,1382,"""ARM"",""THE REST"""
arch/arm/dts/tegra124-nyan.dtsi,720,"""ARM"",""THE REST"""
arch/arm/dts/tegra124-u-boot.dtsi,3,"""ARM"",""THE REST"""
arch/arm/dts/tegra124-venice2.dts,115,"""ARM"",""THE REST"""
arch/arm/dts/tegra124.dtsi,1072,"""ARM"",""THE REST"""
arch/arm/dts/tegra186-p2771-0000-000.dts,32,"""ARM"",""THE REST"""
arch/arm/dts/tegra186-p2771-0000-500.dts,32,"""ARM"",""THE REST"""
arch/arm/dts/tegra186-p2771-0000.dtsi,82,"""ARM"",""THE REST"""
arch/arm/dts/tegra186.dtsi,338,"""ARM"",""THE REST"""
arch/arm/dts/tegra20-colibri.dts,168,"""ARM"",""THE REST"""
arch/arm/dts/tegra20-harmony.dts,818,"""ARM"",""THE REST"""
arch/arm/dts/tegra20-medcom-wide.dts,68,"""ARM"",""THE REST"""
arch/arm/dts/tegra20-paz00.dts,636,"""ARM"",""THE REST"""
arch/arm/dts/tegra20-plutux.dts,41,"""ARM"",""THE REST"""
arch/arm/dts/tegra20-seaboard.dts,984,"""ARM"",""THE REST"""
arch/arm/dts/tegra20-tamonten.dtsi,514,"""ARM"",""THE REST"""
arch/arm/dts/tegra20-tec.dts,80,"""ARM"",""THE REST"""
arch/arm/dts/tegra20-trimslice.dts,135,"""ARM"",""THE REST"""
arch/arm/dts/tegra20-u-boot.dtsi,13,"""ARM"",""THE REST"""
arch/arm/dts/tegra20-ventana.dts,729,"""ARM"",""THE REST"""
arch/arm/dts/tegra20.dtsi,802,"""ARM"",""THE REST"""
arch/arm/dts/tegra210-e2220-1170.dts,63,"""ARM"",""THE REST"""
arch/arm/dts/tegra210-p2371-0000.dts,64,"""ARM"",""THE REST"""
arch/arm/dts/tegra210-p2371-2180.dts,115,"""ARM"",""THE REST"""
arch/arm/dts/tegra210-p2571.dts,111,"""ARM"",""THE REST"""
arch/arm/dts/tegra210-u-boot.dtsi,3,"""ARM"",""THE REST"""
arch/arm/dts/tegra210.dtsi,882,"""ARM"",""THE REST"""
arch/arm/dts/tegra30-apalis.dts,338,"""ARM"",""THE REST"""
arch/arm/dts/tegra30-beaver.dts,349,"""ARM"",""THE REST"""
arch/arm/dts/tegra30-cardhu.dts,457,"""ARM"",""THE REST"""
arch/arm/dts/tegra30-colibri.dts,112,"""ARM"",""THE REST"""
arch/arm/dts/tegra30-tamonten.dtsi,86,"""ARM"",""THE REST"""
arch/arm/dts/tegra30-tec-ng.dts,26,"""ARM"",""THE REST"""
arch/arm/dts/tegra30-u-boot.dtsi,3,"""ARM"",""THE REST"""
arch/arm/dts/tegra30.dtsi,944,"""ARM"",""THE REST"""
arch/arm/dts/thunderx-88xx.dts,30,"""ARM"",""THE REST"""
arch/arm/dts/thunderx-88xx.dtsi,362,"""ARM"",""THE REST"""
arch/arm/dts/tps6507x.dtsi,47,"""ARM"",""THE REST"""
arch/arm/dts/tps65217.dtsi,56,"""ARM"",""THE REST"""
arch/arm/dts/tps65910.dtsi,91,"""ARM"",""THE REST"""
arch/arm/dts/twl4030.dtsi,161,"""ARM"",""THE REST"""
arch/arm/dts/twl4030_omap3.dtsi,42,"""ARM"",""THE REST"""
arch/arm/dts/ulcb.dtsi,450,"""ARM"",""THE REST"""
arch/arm/dts/uniphier-ld11-global.dts,166,"""ARM"",""ARM UNIPHIER"",""THE REST"""
arch/arm/dts/uniphier-ld11-ref.dts,81,"""ARM"",""ARM UNIPHIER"",""THE REST"""
arch/arm/dts/uniphier-ld11.dtsi,589,"""ARM"",""ARM UNIPHIER"",""THE REST"""
arch/arm/dts/uniphier-ld20-global.dts,150,"""ARM"",""ARM UNIPHIER"",""THE REST"""
arch/arm/dts/uniphier-ld20-ref.dts,77,"""ARM"",""ARM UNIPHIER"",""THE REST"""
arch/arm/dts/uniphier-ld20.dtsi,687,"""ARM"",""ARM UNIPHIER"",""THE REST"""
arch/arm/dts/uniphier-ld4-ref.dts,80,"""ARM"",""ARM UNIPHIER"",""THE REST"""
arch/arm/dts/uniphier-ld4.dtsi,390,"""ARM"",""ARM UNIPHIER"",""THE REST"""
arch/arm/dts/uniphier-ld6b-ref.dts,93,"""ARM"",""ARM UNIPHIER"",""THE REST"""
arch/arm/dts/uniphier-ld6b.dtsi,30,"""ARM"",""ARM UNIPHIER"",""THE REST"""
arch/arm/dts/uniphier-pinctrl.dtsi,178,"""ARM"",""ARM UNIPHIER"",""THE REST"""
arch/arm/dts/uniphier-pro4-ace.dts,101,"""ARM"",""ARM UNIPHIER"",""THE REST"""
arch/arm/dts/uniphier-pro4-ref.dts,102,"""ARM"",""ARM UNIPHIER"",""THE REST"""
arch/arm/dts/uniphier-pro4-sanji.dts,96,"""ARM"",""ARM UNIPHIER"",""THE REST"""
arch/arm/dts/uniphier-pro4.dtsi,487,"""ARM"",""ARM UNIPHIER"",""THE REST"""
arch/arm/dts/uniphier-pro5-4kbox.dts,56,"""ARM"",""ARM UNIPHIER"",""THE REST"""
arch/arm/dts/uniphier-pro5.dtsi,518,"""ARM"",""ARM UNIPHIER"",""THE REST"""
arch/arm/dts/uniphier-pxs2-gentil.dts,101,"""ARM"",""ARM UNIPHIER"",""THE REST"""
arch/arm/dts/uniphier-pxs2-vodka.dts,97,"""ARM"",""ARM UNIPHIER"",""THE REST"""
arch/arm/dts/uniphier-pxs2.dtsi,610,"""ARM"",""ARM UNIPHIER"",""THE REST"""
arch/arm/dts/uniphier-pxs3-ref.dts,114,"""ARM"",""ARM UNIPHIER"",""THE REST"""
arch/arm/dts/uniphier-pxs3.dtsi,518,"""ARM"",""ARM UNIPHIER"",""THE REST"""
arch/arm/dts/uniphier-ref-daughter.dtsi,15,"""ARM"",""ARM UNIPHIER"",""THE REST"""
arch/arm/dts/uniphier-sld8-ref.dts,84,"""ARM"",""ARM UNIPHIER"",""THE REST"""
arch/arm/dts/uniphier-sld8.dtsi,394,"""ARM"",""ARM UNIPHIER"",""THE REST"""
arch/arm/dts/uniphier-support-card.dtsi,33,"""ARM"",""ARM UNIPHIER"",""THE REST"""
arch/arm/dts/uniphier-v7-u-boot.dtsi,45,"""ARM"",""ARM UNIPHIER"",""THE REST"""
arch/arm/dts/usb_a9263.dts,142,"""ARM"",""THE REST"""
arch/arm/dts/vf-colibri.dtsi,36,"""ARM"",""THE REST"""
arch/arm/dts/vf.dtsi,155,"""ARM"",""THE REST"""
arch/arm/dts/vf500-colibri.dts,12,"""ARM"",""THE REST"""
arch/arm/dts/vf610-colibri.dts,12,"""ARM"",""THE REST"""
arch/arm/dts/vf610-twr.dts,21,"""ARM"",""THE REST"""
arch/arm/dts/zynq-7000.dtsi,392,"""ARM"",""ARM ZYNQ"",""THE REST"""
arch/arm/dts/zynq-cc108.dts,116,"""ARM"",""ARM ZYNQ"",""THE REST"""
arch/arm/dts/zynq-cse-nand.dts,79,"""ARM"",""ARM ZYNQ"",""THE REST"""
arch/arm/dts/zynq-cse-nor.dts,86,"""ARM"",""ARM ZYNQ"",""THE REST"""
arch/arm/dts/zynq-cse-qspi-single.dts,12,"""ARM"",""ARM ZYNQ"",""THE REST"""
arch/arm/dts/zynq-cse-qspi.dtsi,125,"""ARM"",""ARM ZYNQ"",""THE REST"""
arch/arm/dts/zynq-dlc20-rev1.0.dts,103,"""ARM"",""ARM ZYNQ"",""THE REST"""
arch/arm/dts/zynq-microzed.dts,69,"""ARM"",""ARM ZYNQ"",""THE REST"""
arch/arm/dts/zynq-minized.dts,106,"""ARM"",""ARM ZYNQ"",""THE REST"""
arch/arm/dts/zynq-picozed.dts,39,"""ARM"",""ARM ZYNQ"",""THE REST"""
arch/arm/dts/zynq-syzygy-hub.dts,71,"""ARM"",""ARM ZYNQ"",""THE REST"""
arch/arm/dts/zynq-topic-miami.dts,96,"""ARM"",""ARM ZYNQ"",""THE REST"""
arch/arm/dts/zynq-topic-miamilite.dts,16,"""ARM"",""ARM ZYNQ"",""THE REST"""
arch/arm/dts/zynq-topic-miamiplus.dts,16,"""ARM"",""ARM ZYNQ"",""THE REST"""
arch/arm/dts/zynq-zc702.dts,427,"""ARM"",""ARM ZYNQ"",""THE REST"""
arch/arm/dts/zynq-zc706.dts,336,"""ARM"",""ARM ZYNQ"",""THE REST"""
arch/arm/dts/zynq-zc770-xm010.dts,101,"""ARM"",""ARM ZYNQ"",""THE REST"""
arch/arm/dts/zynq-zc770-xm011-x16.dts,0,"""ARM"",""ARM ZYNQ"",""THE REST"""
arch/arm/dts/zynq-zc770-xm011.dts,65,"""ARM"",""ARM ZYNQ"",""THE REST"""
arch/arm/dts/zynq-zc770-xm012.dts,65,"""ARM"",""ARM ZYNQ"",""THE REST"""
arch/arm/dts/zynq-zc770-xm013.dts,84,"""ARM"",""ARM ZYNQ"",""THE REST"""
arch/arm/dts/zynq-zed.dts,77,"""ARM"",""ARM ZYNQ"",""THE REST"""
arch/arm/dts/zynq-zturn.dts,122,"""ARM"",""ARM ZYNQ"",""THE REST"""
arch/arm/dts/zynq-zybo-z7.dts,81,"""ARM"",""ARM ZYNQ"",""THE REST"""
arch/arm/dts/zynq-zybo.dts,71,"""ARM"",""ARM ZYNQ"",""THE REST"""
arch/arm/dts/zynqmp-clk-ccf.dtsi,305,"""ARM"",""ARM ZYNQ"",""ARM ZYNQMP"",""THE REST"""
arch/arm/dts/zynqmp-clk.dtsi,239,"""ARM"",""ARM ZYNQ"",""ARM ZYNQMP"",""THE REST"""
arch/arm/dts/zynqmp-mini-emmc0.dts,68,"""ARM"",""ARM ZYNQ"",""ARM ZYNQMP"",""THE REST"""
arch/arm/dts/zynqmp-mini-emmc1.dts,68,"""ARM"",""ARM ZYNQ"",""ARM ZYNQMP"",""THE REST"""
arch/arm/dts/zynqmp-mini-nand.dts,108,"""ARM"",""ARM ZYNQ"",""ARM ZYNQMP"",""THE REST"""
arch/arm/dts/zynqmp-mini-qspi.dts,79,"""ARM"",""ARM ZYNQ"",""ARM ZYNQMP"",""THE REST"""
arch/arm/dts/zynqmp-mini.dts,40,"""ARM"",""ARM ZYNQ"",""ARM ZYNQMP"",""THE REST"""
arch/arm/dts/zynqmp-r5.dts,73,"""ARM"",""ARM ZYNQ"",""ARM ZYNQMP"",""THE REST"""
arch/arm/dts/zynqmp-zc1232-revA.dts,87,"""ARM"",""ARM ZYNQ"",""ARM ZYNQMP"",""THE REST"""
arch/arm/dts/zynqmp-zc1254-revA.dts,72,"""ARM"",""ARM ZYNQ"",""ARM ZYNQMP"",""THE REST"""
arch/arm/dts/zynqmp-zc1275-revA.dts,72,"""ARM"",""ARM ZYNQ"",""ARM ZYNQMP"",""THE REST"""
arch/arm/dts/zynqmp-zc1275-revB.dts,79,"""ARM"",""ARM ZYNQ"",""ARM ZYNQMP"",""THE REST"""
arch/arm/dts/zynqmp-zc1751-xm015-dc1.dts,206,"""ARM"",""ARM ZYNQ"",""ARM ZYNQMP"",""THE REST"""
arch/arm/dts/zynqmp-zc1751-xm016-dc2.dts,228,"""ARM"",""ARM ZYNQ"",""ARM ZYNQMP"",""THE REST"""
arch/arm/dts/zynqmp-zc1751-xm017-dc3.dts,210,"""ARM"",""ARM ZYNQ"",""ARM ZYNQMP"",""THE REST"""
arch/arm/dts/zynqmp-zc1751-xm018-dc4.dts,223,"""ARM"",""ARM ZYNQ"",""ARM ZYNQMP"",""THE REST"""
arch/arm/dts/zynqmp-zc1751-xm019-dc5.dts,124,"""ARM"",""ARM ZYNQ"",""ARM ZYNQMP"",""THE REST"""
arch/arm/dts/zynqmp-zcu100-revC.dts,344,"""ARM"",""ARM ZYNQ"",""ARM ZYNQMP"",""THE REST"""
arch/arm/dts/zynqmp-zcu102-rev1.0.dts,36,"""ARM"",""ARM ZYNQ"",""ARM ZYNQMP"",""THE REST"""
arch/arm/dts/zynqmp-zcu102-revA.dts,665,"""ARM"",""ARM ZYNQ"",""ARM ZYNQMP"",""THE REST"""
arch/arm/dts/zynqmp-zcu102-revB.dts,40,"""ARM"",""ARM ZYNQ"",""ARM ZYNQMP"",""THE REST"""
arch/arm/dts/zynqmp-zcu104-revA.dts,265,"""ARM"",""ARM ZYNQ"",""ARM ZYNQMP"",""THE REST"""
arch/arm/dts/zynqmp-zcu104-revC.dts,271,"""ARM"",""ARM ZYNQ"",""ARM ZYNQMP"",""THE REST"""
arch/arm/dts/zynqmp-zcu106-revA.dts,596,"""ARM"",""ARM ZYNQ"",""ARM ZYNQMP"",""THE REST"""
arch/arm/dts/zynqmp-zcu111-revA.dts,526,"""ARM"",""ARM ZYNQ"",""ARM ZYNQMP"",""THE REST"""
arch/arm/dts/zynqmp.dtsi,976,"""ARM"",""ARM ZYNQ"",""ARM ZYNQMP"",""THE REST"""
arch/arm/include/asm/arch-am33xx/chilisom.h,14,"""ARM"",""THE REST"""
arch/arm/include/asm/arch-am33xx/clk_synthesizer.h,42,"""ARM"",""THE REST"""
arch/arm/include/asm/arch-am33xx/clock.h,134,"""ARM"",""THE REST"""
arch/arm/include/asm/arch-am33xx/clock_ti81xx.h,142,"""ARM"",""THE REST"""
arch/arm/include/asm/arch-am33xx/clocks_am33xx.h,35,"""ARM"",""THE REST"""
arch/arm/include/asm/arch-am33xx/cpu.h,611,"""ARM"",""THE REST"""
arch/arm/include/asm/arch-am33xx/ddr_defs.h,367,"""ARM"",""THE REST"""
arch/arm/include/asm/arch-am33xx/emac_defs.h,37,"""ARM"",""THE REST"""
arch/arm/include/asm/arch-am33xx/gpio.h,30,"""ARM"",""THE REST"""
arch/arm/include/asm/arch-am33xx/hardware.h,89,"""ARM"",""THE REST"""
arch/arm/include/asm/arch-am33xx/hardware_am33xx.h,76,"""ARM"",""THE REST"""
arch/arm/include/asm/arch-am33xx/hardware_am43xx.h,90,"""ARM"",""THE REST"""
arch/arm/include/asm/arch-am33xx/hardware_ti814x.h,60,"""ARM"",""THE REST"""
arch/arm/include/asm/arch-am33xx/hardware_ti816x.h,62,"""ARM"",""THE REST"""
arch/arm/include/asm/arch-am33xx/i2c.h,20,"""ARM"",""THE REST"""
arch/arm/include/asm/arch-am33xx/mem.h,63,"""ARM"",""THE REST"""
arch/arm/include/asm/arch-am33xx/mmc_host_def.h,35,"""ARM"",""THE REST"""
arch/arm/include/asm/arch-am33xx/mux.h,47,"""ARM"",""THE REST"""
arch/arm/include/asm/arch-am33xx/mux_am33xx.h,247,"""ARM"",""THE REST"""
arch/arm/include/asm/arch-am33xx/mux_am43xx.h,211,"""ARM"",""THE REST"""
arch/arm/include/asm/arch-am33xx/mux_ti814x.h,311,"""ARM"",""THE REST"""
arch/arm/include/asm/arch-am33xx/mux_ti816x.h,363,"""ARM"",""THE REST"""
arch/arm/include/asm/arch-am33xx/omap.h,48,"""ARM"",""THE REST"""
arch/arm/include/asm/arch-am33xx/spl.h,72,"""ARM"",""THE REST"""
arch/arm/include/asm/arch-am33xx/sys_proto.h,49,"""ARM"",""THE REST"""
arch/arm/include/asm/arch-armada100/armada100.h,59,"""ARM"",""THE REST"""
arch/arm/include/asm/arch-armada100/config.h,27,"""ARM"",""THE REST"""
arch/arm/include/asm/arch-armada100/cpu.h,161,"""ARM"",""THE REST"""
arch/arm/include/asm/arch-armada100/gpio.h,31,"""ARM"",""THE REST"""
arch/arm/include/asm/arch-armada100/mfp.h,79,"""ARM"",""THE REST"""
arch/arm/include/asm/arch-armada100/spi.h,78,"""ARM"",""THE REST"""
arch/arm/include/asm/arch-armada100/utmi-armada100.h,62,"""ARM"",""THE REST"""
arch/arm/include/asm/arch-armada8k/cache_llc.h,20,"""ARM"",""THE REST"""
arch/arm/include/asm/arch-armada8k/soc-info.h,16,"""ARM"",""THE REST"""
arch/arm/include/asm/arch-armv7/generictimer.h,50,"""ARM"",""THE REST"""
arch/arm/include/asm/arch-armv7/globaltimer.h,19,"""ARM"",""THE REST"""
arch/arm/include/asm/arch-armv7/sysctrl.h,53,"""ARM"",""THE REST"""
arch/arm/include/asm/arch-armv7/systimer.h,35,"""ARM"",""THE REST"""
arch/arm/include/asm/arch-armv7/wdt.h,38,"""ARM"",""THE REST"""
arch/arm/include/asm/arch-aspeed/pinctrl.h,51,"""ARM"",""THE REST"""
arch/arm/include/asm/arch-aspeed/scu_ast2500.h,244,"""ARM"",""THE REST"""
arch/arm/include/asm/arch-aspeed/sdram_ast2500.h,137,"""ARM"",""THE REST"""
arch/arm/include/asm/arch-aspeed/timer.h,53,"""ARM"",""THE REST"""
arch/arm/include/asm/arch-aspeed/wdt.h,113,"""ARM"",""THE REST"""
arch/arm/include/asm/arch-bcm235xx/boot0.h,10,"""ARM"",""THE REST"""
arch/arm/include/asm/arch-bcm235xx/gpio.h,14,"""ARM"",""THE REST"""
arch/arm/include/asm/arch-bcm235xx/sysmap.h,30,"""ARM"",""THE REST"""
arch/arm/include/asm/arch-bcm281xx/boot0.h,10,"""ARM"",""THE REST"""
arch/arm/include/asm/arch-bcm281xx/gpio.h,14,"""ARM"",""THE REST"""
arch/arm/include/asm/arch-bcm281xx/sysmap.h,36,"""ARM"",""THE REST"""
arch/arm/include/asm/arch-bcmcygnus/configs.h,27,"""ARM"",""THE REST"""
arch/arm/include/asm/arch-bcmnsp/configs.h,20,"""ARM"",""THE REST"""
arch/arm/include/asm/arch-ep93xx/ep93xx.h,666,"""ARM"",""THE REST"""
arch/arm/include/asm/arch-fsl-layerscape/clock.h,25,"""ARM"",""THE REST"""
arch/arm/include/asm/arch-fsl-layerscape/config.h,344,"""ARM"",""THE REST"""
arch/arm/include/asm/arch-fsl-layerscape/cpu.h,83,"""ARM"",""THE REST"""
arch/arm/include/asm/arch-fsl-layerscape/fdt.h,10,"""ARM"",""THE REST"""
arch/arm/include/asm/arch-fsl-layerscape/fsl_icid.h,119,"""ARM"",""THE REST"""
arch/arm/include/asm/arch-fsl-layerscape/fsl_portals.h,24,"""ARM"",""THE REST"""
arch/arm/include/asm/arch-fsl-layerscape/fsl_serdes.h,206,"""ARM"",""THE REST"""
arch/arm/include/asm/arch-fsl-layerscape/immap_lsch2.h,702,"""ARM"",""THE REST"""
arch/arm/include/asm/arch-fsl-layerscape/immap_lsch3.h,512,"""ARM"",""THE REST"""
arch/arm/include/asm/arch-fsl-layerscape/imx-regs.h,12,"""ARM"",""THE REST"""
arch/arm/include/asm/arch-fsl-layerscape/mmu.h,9,"""ARM"",""THE REST"""
arch/arm/include/asm/arch-fsl-layerscape/mp.h,51,"""ARM"",""THE REST"""
arch/arm/include/asm/arch-fsl-layerscape/ns_access.h,91,"""ARM"",""THE REST"""
arch/arm/include/asm/arch-fsl-layerscape/ppa.h,12,"""ARM"",""THE REST"""
arch/arm/include/asm/arch-fsl-layerscape/soc.h,146,"""ARM"",""THE REST"""
arch/arm/include/asm/arch-fsl-layerscape/speed.h,12,"""ARM"",""THE REST"""
arch/arm/include/asm/arch-fsl-layerscape/stream_id_lsch2.h,63,"""ARM"",""THE REST"""
arch/arm/include/asm/arch-fsl-layerscape/stream_id_lsch3.h,101,"""ARM"",""THE REST"""
arch/arm/include/asm/arch-hi3798cv200/dwmmc.h,12,"""ARM"",""THE REST"""
arch/arm/include/asm/arch-hi3798cv200/hi3798cv200.h,49,"""ARM"",""THE REST"""
arch/arm/include/asm/arch-hi6220/dwmmc.h,7,"""ARM"",""ARM HISILICON"",""THE REST"""
arch/arm/include/asm/arch-hi6220/gpio.h,26,"""ARM"",""ARM HISILICON"",""THE REST"""
arch/arm/include/asm/arch-hi6220/hi6220.h,389,"""ARM"",""ARM HISILICON"",""THE REST"""
arch/arm/include/asm/arch-hi6220/hi6220_regs_alwayson.h,419,"""ARM"",""ARM HISILICON"",""THE REST"""
arch/arm/include/asm/arch-hi6220/periph.h,29,"""ARM"",""ARM HISILICON"",""THE REST"""
arch/arm/include/asm/arch-hi6220/pinmux.h,81,"""ARM"",""ARM HISILICON"",""THE REST"""
arch/arm/include/asm/arch-imx/cpu.h,66,"""ARM"",""ARM FREESCALE IMX"",""THE REST"""
arch/arm/include/asm/arch-imx/imx-regs.h,637,"""ARM"",""ARM FREESCALE IMX"",""THE REST"""
arch/arm/include/asm/arch-imx8/clock.h,27,"""ARM"",""THE REST"""
arch/arm/include/asm/arch-imx8/gpio.h,21,"""ARM"",""THE REST"""
arch/arm/include/asm/arch-imx8/imx-regs.h,46,"""ARM"",""THE REST"""
arch/arm/include/asm/arch-imx8/imx8-pins.h,15,"""ARM"",""THE REST"""
arch/arm/include/asm/arch-imx8/iomux.h,40,"""ARM"",""THE REST"""
arch/arm/include/asm/arch-imx8/power-domain.h,15,"""ARM"",""THE REST"""
arch/arm/include/asm/arch-imx8/sci/rpc.h,158,"""ARM"",""THE REST"""
arch/arm/include/asm/arch-imx8/sci/sci.h,88,"""ARM"",""THE REST"""
arch/arm/include/asm/arch-imx8/sci/svc/misc/api.h,30,"""ARM"",""THE REST"""
arch/arm/include/asm/arch-imx8/sci/svc/pad/api.h,57,"""ARM"",""THE REST"""
arch/arm/include/asm/arch-imx8/sci/svc/pm/api.h,44,"""ARM"",""THE REST"""
arch/arm/include/asm/arch-imx8/sci/svc/rm/api.h,69,"""ARM"",""THE REST"""
arch/arm/include/asm/arch-imx8/sci/types.h,220,"""ARM"",""THE REST"""
arch/arm/include/asm/arch-imx8/sys_proto.h,19,"""ARM"",""THE REST"""
arch/arm/include/asm/arch-lpc32xx/clk.h,186,"""ARM"",""THE REST"""
arch/arm/include/asm/arch-lpc32xx/config.h,73,"""ARM"",""THE REST"""
arch/arm/include/asm/arch-lpc32xx/cpu.h,53,"""ARM"",""THE REST"""
arch/arm/include/asm/arch-lpc32xx/dma.h,66,"""ARM"",""THE REST"""
arch/arm/include/asm/arch-lpc32xx/emc.h,99,"""ARM"",""THE REST"""
arch/arm/include/asm/arch-lpc32xx/gpio.h,42,"""ARM"",""THE REST"""
arch/arm/include/asm/arch-lpc32xx/gpio_grp.h,39,"""ARM"",""THE REST"""
arch/arm/include/asm/arch-lpc32xx/i2c.h,37,"""ARM"",""THE REST"""
arch/arm/include/asm/arch-lpc32xx/mux.h,34,"""ARM"",""THE REST"""
arch/arm/include/asm/arch-lpc32xx/sys_proto.h,22,"""ARM"",""THE REST"""
arch/arm/include/asm/arch-lpc32xx/timer.h,60,"""ARM"",""THE REST"""
arch/arm/include/asm/arch-lpc32xx/uart.h,100,"""ARM"",""THE REST"""
arch/arm/include/asm/arch-lpc32xx/wdt.h,37,"""ARM"",""THE REST"""
arch/arm/include/asm/arch-ls102xa/clock.h,24,"""ARM"",""THE REST"""
arch/arm/include/asm/arch-ls102xa/config.h,117,"""ARM"",""THE REST"""
arch/arm/include/asm/arch-ls102xa/fsl_serdes.h,36,"""ARM"",""THE REST"""
arch/arm/include/asm/arch-ls102xa/gpio.h,16,"""ARM"",""THE REST"""
arch/arm/include/asm/arch-ls102xa/immap_ls102xa.h,432,"""ARM"",""THE REST"""
arch/arm/include/asm/arch-ls102xa/imx-regs.h,12,"""ARM"",""THE REST"""
arch/arm/include/asm/arch-ls102xa/ls102xa_devdis.h,51,"""ARM"",""THE REST"""
arch/arm/include/asm/arch-ls102xa/ls102xa_soc.h,17,"""ARM"",""THE REST"""
arch/arm/include/asm/arch-ls102xa/ls102xa_stream_id.h,73,"""ARM"",""THE REST"""
arch/arm/include/asm/arch-ls102xa/ns_access.h,94,"""ARM"",""THE REST"""
arch/arm/include/asm/arch-ls102xa/soc.h,0,"""ARM"",""THE REST"""
arch/arm/include/asm/arch-ls102xa/spl.h,19,"""ARM"",""THE REST"""
arch/arm/include/asm/arch-mediatek/gpio.h,9,"""ARM"",""ARM MEDIATEK"",""THE REST"""
arch/arm/include/asm/arch-mediatek/misc.h,17,"""ARM"",""ARM MEDIATEK"",""THE REST"""
arch/arm/include/asm/arch-meson/axg.h,52,"""ARM"",""THE REST"""
arch/arm/include/asm/arch-meson/boot.h,20,"""ARM"",""THE REST"""
arch/arm/include/asm/arch-meson/clock-axg.h,104,"""ARM"",""THE REST"""
arch/arm/include/asm/arch-meson/clock-gx.h,117,"""ARM"",""THE REST"""
arch/arm/include/asm/arch-meson/eth.h,22,"""ARM"",""THE REST"""
arch/arm/include/asm/arch-meson/gpio.h,10,"""ARM"",""THE REST"""
arch/arm/include/asm/arch-meson/gx.h,60,"""ARM"",""THE REST"""
arch/arm/include/asm/arch-meson/i2c.h,10,"""ARM"",""THE REST"""
arch/arm/include/asm/arch-meson/mem.h,16,"""ARM"",""THE REST"""
arch/arm/include/asm/arch-meson/sd_emmc.h,88,"""ARM"",""THE REST"""
arch/arm/include/asm/arch-meson/sm.h,11,"""ARM"",""THE REST"""
arch/arm/include/asm/arch-mvebu/spi.h,71,"""ARM"",""THE REST"""
arch/arm/include/asm/arch-mx25/clock.h,59,"""ARM"",""ARM FREESCALE IMX"",""THE REST"""
arch/arm/include/asm/arch-mx25/gpio.h,13,"""ARM"",""ARM FREESCALE IMX"",""THE REST"""
arch/arm/include/asm/arch-mx25/imx-regs.h,534,"""ARM"",""ARM FREESCALE IMX"",""THE REST"""
arch/arm/include/asm/arch-mx25/iomux-mx25.h,537,"""ARM"",""ARM FREESCALE IMX"",""THE REST"""
arch/arm/include/asm/arch-mx25/macro.h,90,"""ARM"",""ARM FREESCALE IMX"",""THE REST"""
arch/arm/include/asm/arch-mx27/clock.h,22,"""ARM"",""ARM FREESCALE IMX"",""THE REST"""
arch/arm/include/asm/arch-mx27/gpio.h,58,"""ARM"",""ARM FREESCALE IMX"",""THE REST"""
arch/arm/include/asm/arch-mx27/imx-regs.h,480,"""ARM"",""ARM FREESCALE IMX"",""THE REST"""
arch/arm/include/asm/arch-mx27/mxcmmc.h,11,"""ARM"",""ARM FREESCALE IMX"",""THE REST"""
arch/arm/include/asm/arch-mx27/regs-rtc.h,26,"""ARM"",""ARM FREESCALE IMX"",""THE REST"""
arch/arm/include/asm/arch-mx31/clock.h,37,"""ARM"",""ARM FREESCALE IMX"",""THE REST"""
arch/arm/include/asm/arch-mx31/gpio.h,13,"""ARM"",""ARM FREESCALE IMX"",""THE REST"""
arch/arm/include/asm/arch-mx31/imx-regs.h,926,"""ARM"",""ARM FREESCALE IMX"",""THE REST"""
arch/arm/include/asm/arch-mx31/sys_proto.h,20,"""ARM"",""ARM FREESCALE IMX"",""THE REST"""
arch/arm/include/asm/arch-mx35/clock.h,69,"""ARM"",""ARM FREESCALE IMX"",""THE REST"""
arch/arm/include/asm/arch-mx35/crm_regs.h,243,"""ARM"",""ARM FREESCALE IMX"",""THE REST"""
arch/arm/include/asm/arch-mx35/gpio.h,13,"""ARM"",""ARM FREESCALE IMX"",""THE REST"""
arch/arm/include/asm/arch-mx35/imx-regs.h,386,"""ARM"",""ARM FREESCALE IMX"",""THE REST"""
arch/arm/include/asm/arch-mx35/iomux-mx35.h,1259,"""ARM"",""ARM FREESCALE IMX"",""THE REST"""
arch/arm/include/asm/arch-mx35/lowlevel_macro.S,125,"""ARM"",""ARM FREESCALE IMX"",""THE REST"""
arch/arm/include/asm/arch-mx35/mmc_host_def.h,14,"""ARM"",""ARM FREESCALE IMX"",""THE REST"""
arch/arm/include/asm/arch-mx35/sys_proto.h,15,"""ARM"",""ARM FREESCALE IMX"",""THE REST"""
arch/arm/include/asm/arch-mx5/clock.h,58,"""ARM"",""ARM FREESCALE IMX"",""THE REST"""
arch/arm/include/asm/arch-mx5/crm_regs.h,616,"""ARM"",""ARM FREESCALE IMX"",""THE REST"""
arch/arm/include/asm/arch-mx5/gpio.h,13,"""ARM"",""ARM FREESCALE IMX"",""THE REST"""
arch/arm/include/asm/arch-mx5/imx-regs.h,562,"""ARM"",""ARM FREESCALE IMX"",""THE REST"""
arch/arm/include/asm/arch-mx5/iomux-mx51.h,241,"""ARM"",""ARM FREESCALE IMX"",""THE REST"""
arch/arm/include/asm/arch-mx5/iomux-mx53.h,1215,"""ARM"",""ARM FREESCALE IMX"",""THE REST"""
arch/arm/include/asm/arch-mx5/sys_proto.h,11,"""ARM"",""ARM FREESCALE IMX"",""THE REST"""
arch/arm/include/asm/arch-mx6/clock.h,83,"""ARM"",""ARM FREESCALE IMX"",""THE REST"""
arch/arm/include/asm/arch-mx6/crm_regs.h,1309,"""ARM"",""ARM FREESCALE IMX"",""THE REST"""
arch/arm/include/asm/arch-mx6/gpio.h,13,"""ARM"",""ARM FREESCALE IMX"",""THE REST"""
arch/arm/include/asm/arch-mx6/imx-rdc.h,15,"""ARM"",""ARM FREESCALE IMX"",""THE REST"""
arch/arm/include/asm/arch-mx6/imx-regs.h,1007,"""ARM"",""ARM FREESCALE IMX"",""THE REST"""
arch/arm/include/asm/arch-mx6/iomux.h,192,"""ARM"",""ARM FREESCALE IMX"",""THE REST"""
arch/arm/include/asm/arch-mx6/litesom.h,15,"""ARM"",""ARM FREESCALE IMX"",""THE REST"""
arch/arm/include/asm/arch-mx6/mx6-ddr.h,530,"""ARM"",""ARM FREESCALE IMX"",""THE REST"""
arch/arm/include/asm/arch-mx6/mx6-pins.h,49,"""ARM"",""ARM FREESCALE IMX"",""THE REST"""
arch/arm/include/asm/arch-mx6/mx6_plugin.S,158,"""ARM"",""ARM FREESCALE IMX"",""THE REST"""
arch/arm/include/asm/arch-mx6/mx6dl-ddr.h,58,"""ARM"",""ARM FREESCALE IMX"",""THE REST"""
arch/arm/include/asm/arch-mx6/mx6dl_pins.h,1079,"""ARM"",""ARM FREESCALE IMX"",""THE REST"""
arch/arm/include/asm/arch-mx6/mx6q-ddr.h,56,"""ARM"",""ARM FREESCALE IMX"",""THE REST"""
arch/arm/include/asm/arch-mx6/mx6q_pins.h,1035,"""ARM"",""ARM FREESCALE IMX"",""THE REST"""
arch/arm/include/asm/arch-mx6/mx6sl-ddr.h,44,"""ARM"",""ARM FREESCALE IMX"",""THE REST"""
arch/arm/include/asm/arch-mx6/mx6sl_pins.h,72,"""ARM"",""ARM FREESCALE IMX"",""THE REST"""
arch/arm/include/asm/arch-mx6/mx6sll_pins.h,1018,"""ARM"",""ARM FREESCALE IMX"",""THE REST"""
arch/arm/include/asm/arch-mx6/mx6sx-ddr.h,44,"""ARM"",""ARM FREESCALE IMX"",""THE REST"""
arch/arm/include/asm/arch-mx6/mx6sx_pins.h,1674,"""ARM"",""ARM FREESCALE IMX"",""THE REST"""
arch/arm/include/asm/arch-mx6/mx6sx_rdc.h,154,"""ARM"",""ARM FREESCALE IMX"",""THE REST"""
arch/arm/include/asm/arch-mx6/mx6ul-ddr.h,44,"""ARM"",""ARM FREESCALE IMX"",""THE REST"""
arch/arm/include/asm/arch-mx6/mx6ul_pins.h,1064,"""ARM"",""ARM FREESCALE IMX"",""THE REST"""
arch/arm/include/asm/arch-mx6/mx6ull_pins.h,1064,"""ARM"",""ARM FREESCALE IMX"",""THE REST"""
arch/arm/include/asm/arch-mx6/mxc_hdmi.h,1057,"""ARM"",""ARM FREESCALE IMX"",""THE REST"""
arch/arm/include/asm/arch-mx6/opos6ul.h,11,"""ARM"",""ARM FREESCALE IMX"",""THE REST"""
arch/arm/include/asm/arch-mx6/sys_proto.h,33,"""ARM"",""ARM FREESCALE IMX"",""THE REST"""
arch/arm/include/asm/arch-mx7/clock.h,347,"""ARM"",""ARM FREESCALE IMX"",""THE REST"""
arch/arm/include/asm/arch-mx7/clock_slice.h,115,"""ARM"",""ARM FREESCALE IMX"",""THE REST"""
arch/arm/include/asm/arch-mx7/crm_regs.h,2817,"""ARM"",""ARM FREESCALE IMX"",""THE REST"""
arch/arm/include/asm/arch-mx7/gpio.h,11,"""ARM"",""ARM FREESCALE IMX"",""THE REST"""
arch/arm/include/asm/arch-mx7/imx-rdc.h,15,"""ARM"",""ARM FREESCALE IMX"",""THE REST"""
arch/arm/include/asm/arch-mx7/imx-regs.h,1227,"""ARM"",""ARM FREESCALE IMX"",""THE REST"""
arch/arm/include/asm/arch-mx7/mx7-ddr.h,154,"""ARM"",""ARM FREESCALE IMX"",""THE REST"""
arch/arm/include/asm/arch-mx7/mx7-pins.h,18,"""ARM"",""ARM FREESCALE IMX"",""THE REST"""
arch/arm/include/asm/arch-mx7/mx7_plugin.S,110,"""ARM"",""ARM FREESCALE IMX"",""THE REST"""
arch/arm/include/asm/arch-mx7/mx7d_pins.h,1307,"""ARM"",""ARM FREESCALE IMX"",""THE REST"""
arch/arm/include/asm/arch-mx7/mx7d_rdc.h,162,"""ARM"",""ARM FREESCALE IMX"",""THE REST"""
arch/arm/include/asm/arch-mx7/sys_proto.h,13,"""ARM"",""ARM FREESCALE IMX"",""THE REST"""
arch/arm/include/asm/arch-mx7ulp/clock.h,42,"""ARM"",""ARM FREESCALE IMX"",""THE REST"""
arch/arm/include/asm/arch-mx7ulp/gpio.h,21,"""ARM"",""ARM FREESCALE IMX"",""THE REST"""
arch/arm/include/asm/arch-mx7ulp/imx-regs.h,1119,"""ARM"",""ARM FREESCALE IMX"",""THE REST"""
arch/arm/include/asm/arch-mx7ulp/iomux.h,94,"""ARM"",""ARM FREESCALE IMX"",""THE REST"""
arch/arm/include/asm/arch-mx7ulp/mx7ulp-pins.h,909,"""ARM"",""ARM FREESCALE IMX"",""THE REST"""
arch/arm/include/asm/arch-mx7ulp/pcc.h,372,"""ARM"",""ARM FREESCALE IMX"",""THE REST"""
arch/arm/include/asm/arch-mx7ulp/scg.h,341,"""ARM"",""ARM FREESCALE IMX"",""THE REST"""
arch/arm/include/asm/arch-mx7ulp/sys_proto.h,20,"""ARM"",""ARM FREESCALE IMX"",""THE REST"""
arch/arm/include/asm/arch-mx8m/clock.h,656,"""ARM"",""ARM FREESCALE IMX"",""THE REST"""
arch/arm/include/asm/arch-mx8m/crm_regs.h,9,"""ARM"",""ARM FREESCALE IMX"",""THE REST"""
arch/arm/include/asm/arch-mx8m/ddr.h,355,"""ARM"",""ARM FREESCALE IMX"",""THE REST"""
arch/arm/include/asm/arch-mx8m/gpio.h,11,"""ARM"",""ARM FREESCALE IMX"",""THE REST"""
arch/arm/include/asm/arch-mx8m/imx-regs.h,467,"""ARM"",""ARM FREESCALE IMX"",""THE REST"""
arch/arm/include/asm/arch-mx8m/mx8mq_pins.h,622,"""ARM"",""ARM FREESCALE IMX"",""THE REST"""
arch/arm/include/asm/arch-mx8m/sys_proto.h,17,"""ARM"",""ARM FREESCALE IMX"",""THE REST"""
arch/arm/include/asm/arch-mxs/clock.h,53,"""ARM"",""ARM FREESCALE IMX"",""THE REST"""
arch/arm/include/asm/arch-mxs/gpio.h,18,"""ARM"",""ARM FREESCALE IMX"",""THE REST"""
arch/arm/include/asm/arch-mxs/imx-regs.h,38,"""ARM"",""ARM FREESCALE IMX"",""THE REST"""
arch/arm/include/asm/arch-mxs/iomux-mx23.h,349,"""ARM"",""ARM FREESCALE IMX"",""THE REST"""
arch/arm/include/asm/arch-mxs/iomux-mx28.h,531,"""ARM"",""ARM FREESCALE IMX"",""THE REST"""
arch/arm/include/asm/arch-mxs/iomux.h,164,"""ARM"",""ARM FREESCALE IMX"",""THE REST"""
arch/arm/include/asm/arch-mxs/regs-base.h,120,"""ARM"",""ARM FREESCALE IMX"",""THE REST"""
arch/arm/include/asm/arch-mxs/regs-clkctrl-mx23.h,207,"""ARM"",""ARM FREESCALE IMX"",""THE REST"""
arch/arm/include/asm/arch-mxs/regs-clkctrl-mx28.h,282,"""ARM"",""ARM FREESCALE IMX"",""THE REST"""
arch/arm/include/asm/arch-mxs/regs-digctl.h,146,"""ARM"",""ARM FREESCALE IMX"",""THE REST"""
arch/arm/include/asm/arch-mxs/regs-i2c.h,193,"""ARM"",""ARM FREESCALE IMX"",""THE REST"""
arch/arm/include/asm/arch-mxs/regs-lradc.h,386,"""ARM"",""ARM FREESCALE IMX"",""THE REST"""
arch/arm/include/asm/arch-mxs/regs-ocotp.h,159,"""ARM"",""ARM FREESCALE IMX"",""THE REST"""
arch/arm/include/asm/arch-mxs/regs-pinctrl.h,1270,"""ARM"",""ARM FREESCALE IMX"",""THE REST"""
arch/arm/include/asm/arch-mxs/regs-power-mx23.h,344,"""ARM"",""ARM FREESCALE IMX"",""THE REST"""
arch/arm/include/asm/arch-mxs/regs-power-mx28.h,399,"""ARM"",""ARM FREESCALE IMX"",""THE REST"""
arch/arm/include/asm/arch-mxs/regs-rtc.h,133,"""ARM"",""ARM FREESCALE IMX"",""THE REST"""
arch/arm/include/asm/arch-mxs/regs-ssp.h,415,"""ARM"",""ARM FREESCALE IMX"",""THE REST"""
arch/arm/include/asm/arch-mxs/regs-timrot.h,258,"""ARM"",""ARM FREESCALE IMX"",""THE REST"""
arch/arm/include/asm/arch-mxs/regs-uartapp.h,219,"""ARM"",""ARM FREESCALE IMX"",""THE REST"""
arch/arm/include/asm/arch-mxs/regs-usb.h,164,"""ARM"",""ARM FREESCALE IMX"",""THE REST"""
arch/arm/include/asm/arch-mxs/regs-usbphy.h,137,"""ARM"",""ARM FREESCALE IMX"",""THE REST"""
arch/arm/include/asm/arch-mxs/sys_proto.h,96,"""ARM"",""ARM FREESCALE IMX"",""THE REST"""
arch/arm/include/asm/arch-omap3/am35x_def.h,69,"""ARM"",""ARM TI"",""THE REST"""
arch/arm/include/asm/arch-omap3/clock.h,63,"""ARM"",""ARM TI"",""THE REST"""
arch/arm/include/asm/arch-omap3/clocks_omap3.h,347,"""ARM"",""ARM TI"",""THE REST"""
arch/arm/include/asm/arch-omap3/cpu.h,504,"""ARM"",""ARM TI"",""THE REST"""
arch/arm/include/asm/arch-omap3/dma.h,63,"""ARM"",""ARM TI"",""THE REST"""
arch/arm/include/asm/arch-omap3/dss.h,233,"""ARM"",""ARM TI"",""THE REST"""
arch/arm/include/asm/arch-omap3/ehci.h,38,"""ARM"",""ARM TI"",""THE REST"""
arch/arm/include/asm/arch-omap3/emac_defs.h,41,"""ARM"",""ARM TI"",""THE REST"""
arch/arm/include/asm/arch-omap3/emif4.h,65,"""ARM"",""ARM TI"",""THE REST"""
arch/arm/include/asm/arch-omap3/gpio.h,34,"""ARM"",""ARM TI"",""THE REST"""
arch/arm/include/asm/arch-omap3/i2c.h,11,"""ARM"",""ARM TI"",""THE REST"""
arch/arm/include/asm/arch-omap3/mem.h,488,"""ARM"",""ARM TI"",""THE REST"""
arch/arm/include/asm/arch-omap3/mmc_host_def.h,67,"""ARM"",""ARM TI"",""THE REST"""
arch/arm/include/asm/arch-omap3/musb.h,12,"""ARM"",""ARM TI"",""THE REST"""
arch/arm/include/asm/arch-omap3/mux.h,497,"""ARM"",""ARM TI"",""THE REST"""
arch/arm/include/asm/arch-omap3/omap.h,284,"""ARM"",""ARM TI"",""THE REST"""
arch/arm/include/asm/arch-omap3/omap3-regs.h,78,"""ARM"",""ARM TI"",""THE REST"""
arch/arm/include/asm/arch-omap3/spl.h,22,"""ARM"",""ARM TI"",""THE REST"""
arch/arm/include/asm/arch-omap3/sys_proto.h,77,"""ARM"",""ARM TI"",""THE REST"""
arch/arm/include/asm/arch-omap4/clock.h,252,"""ARM"",""ARM TI"",""THE REST"""
arch/arm/include/asm/arch-omap4/cpu.h,109,"""ARM"",""ARM TI"",""THE REST"""
arch/arm/include/asm/arch-omap4/ehci.h,38,"""ARM"",""ARM TI"",""THE REST"""
arch/arm/include/asm/arch-omap4/gpio.h,34,"""ARM"",""ARM TI"",""THE REST"""
arch/arm/include/asm/arch-omap4/hardware.h,25,"""ARM"",""ARM TI"",""THE REST"""
arch/arm/include/asm/arch-omap4/i2c.h,11,"""ARM"",""ARM TI"",""THE REST"""
arch/arm/include/asm/arch-omap4/mem.h,61,"""ARM"",""ARM TI"",""THE REST"""
arch/arm/include/asm/arch-omap4/mmc_host_def.h,38,"""ARM"",""ARM TI"",""THE REST"""
arch/arm/include/asm/arch-omap4/mux_omap4.h,328,"""ARM"",""ARM TI"",""THE REST"""
arch/arm/include/asm/arch-omap4/omap.h,143,"""ARM"",""ARM TI"",""THE REST"""
arch/arm/include/asm/arch-omap4/spl.h,22,"""ARM"",""ARM TI"",""THE REST"""
arch/arm/include/asm/arch-omap4/sys_proto.h,71,"""ARM"",""ARM TI"",""THE REST"""
arch/arm/include/asm/arch-omap5/clock.h,417,"""ARM"",""ARM TI"",""THE REST"""
arch/arm/include/asm/arch-omap5/cpu.h,133,"""ARM"",""ARM TI"",""THE REST"""
arch/arm/include/asm/arch-omap5/dra7xx_iodelay.h,93,"""ARM"",""ARM TI"",""THE REST"""
arch/arm/include/asm/arch-omap5/ehci.h,29,"""ARM"",""ARM TI"",""THE REST"""
arch/arm/include/asm/arch-omap5/gpio.h,40,"""ARM"",""ARM TI"",""THE REST"""
arch/arm/include/asm/arch-omap5/hardware.h,30,"""ARM"",""ARM TI"",""THE REST"""
arch/arm/include/asm/arch-omap5/i2c.h,11,"""ARM"",""ARM TI"",""THE REST"""
arch/arm/include/asm/arch-omap5/mem.h,61,"""ARM"",""ARM TI"",""THE REST"""
arch/arm/include/asm/arch-omap5/mmc_host_def.h,38,"""ARM"",""ARM TI"",""THE REST"""
arch/arm/include/asm/arch-omap5/mux_dra7xx.h,356,"""ARM"",""ARM TI"",""THE REST"""
arch/arm/include/asm/arch-omap5/mux_omap5.h,317,"""ARM"",""ARM TI"",""THE REST"""
arch/arm/include/asm/arch-omap5/omap.h,271,"""ARM"",""ARM TI"",""THE REST"""
arch/arm/include/asm/arch-omap5/sata.h,38,"""ARM"",""ARM TI"",""THE REST"""
arch/arm/include/asm/arch-omap5/spl.h,26,"""ARM"",""ARM TI"",""THE REST"""
arch/arm/include/asm/arch-omap5/sys_proto.h,92,"""ARM"",""ARM TI"",""THE REST"""
arch/arm/include/asm/arch-orion5x/spl.h,9,"""ARM"",""THE REST"""
arch/arm/include/asm/arch-owl/clk_s900.h,57,"""ARM"",""ARM OWL"",""THE REST"""
arch/arm/include/asm/arch-owl/regs_s900.h,64,"""ARM"",""ARM OWL"",""THE REST"""
arch/arm/include/asm/arch-pxa/bitfield.h,112,"""ARM"",""ARM MARVELL PXA"",""THE REST"""
arch/arm/include/asm/arch-pxa/config.h,24,"""ARM"",""ARM MARVELL PXA"",""THE REST"""
arch/arm/include/asm/arch-pxa/hardware.h,82,"""ARM"",""ARM MARVELL PXA"",""THE REST"""
arch/arm/include/asm/arch-pxa/pxa-regs.h,2635,"""ARM"",""ARM MARVELL PXA"",""THE REST"""
arch/arm/include/asm/arch-pxa/pxa.h,28,"""ARM"",""ARM MARVELL PXA"",""THE REST"""
arch/arm/include/asm/arch-pxa/regs-mmc.h,140,"""ARM"",""ARM MARVELL PXA"",""THE REST"""
arch/arm/include/asm/arch-pxa/regs-uart.h,95,"""ARM"",""ARM MARVELL PXA"",""THE REST"""
arch/arm/include/asm/arch-pxa/regs-usb.h,146,"""ARM"",""ARM MARVELL PXA"",""THE REST"""
arch/arm/include/asm/arch-rockchip/boot0.h,59,"""ARM"",""ARM ROCKCHIP"",""THE REST"""
arch/arm/include/asm/arch-rockchip/boot_mode.h,25,"""ARM"",""ARM ROCKCHIP"",""THE REST"""
arch/arm/include/asm/arch-rockchip/bootrom.h,60,"""ARM"",""ARM ROCKCHIP"",""THE REST"""
arch/arm/include/asm/arch-rockchip/clock.h,103,"""ARM"",""ARM ROCKCHIP"",""THE REST"""
arch/arm/include/asm/arch-rockchip/cru_rk3036.h,173,"""ARM"",""ARM ROCKCHIP"",""THE REST"""
arch/arm/include/asm/arch-rockchip/cru_rk3128.h,211,"""ARM"",""ARM ROCKCHIP"",""THE REST"""
arch/arm/include/asm/arch-rockchip/cru_rk3188.h,191,"""ARM"",""ARM ROCKCHIP"",""THE REST"""
arch/arm/include/asm/arch-rockchip/cru_rk322x.h,211,"""ARM"",""ARM ROCKCHIP"",""THE REST"""
arch/arm/include/asm/arch-rockchip/cru_rk3288.h,234,"""ARM"",""ARM ROCKCHIP"",""THE REST"""
arch/arm/include/asm/arch-rockchip/cru_rk3328.h,69,"""ARM"",""ARM ROCKCHIP"",""THE REST"""
arch/arm/include/asm/arch-rockchip/cru_rk3368.h,141,"""ARM"",""ARM ROCKCHIP"",""THE REST"""
arch/arm/include/asm/arch-rockchip/cru_rk3399.h,115,"""ARM"",""ARM ROCKCHIP"",""THE REST"""
arch/arm/include/asm/arch-rockchip/cru_rv1108.h,258,"""ARM"",""ARM ROCKCHIP"",""THE REST"""
arch/arm/include/asm/arch-rockchip/ddr_rk3188.h,24,"""ARM"",""ARM ROCKCHIP"",""THE REST"""
arch/arm/include/asm/arch-rockchip/ddr_rk3288.h,443,"""ARM"",""ARM ROCKCHIP"",""THE REST"""
arch/arm/include/asm/arch-rockchip/ddr_rk3368.h,186,"""ARM"",""ARM ROCKCHIP"",""THE REST"""
arch/arm/include/asm/arch-rockchip/edp_rk3288.h,635,"""ARM"",""ARM ROCKCHIP"",""THE REST"""
arch/arm/include/asm/arch-rockchip/f_rockusb.h,136,"""ARM"",""ARM ROCKCHIP"",""THE REST"""
arch/arm/include/asm/arch-rockchip/gpio.h,27,"""ARM"",""ARM ROCKCHIP"",""THE REST"""
arch/arm/include/asm/arch-rockchip/grf_rk3036.h,82,"""ARM"",""ARM ROCKCHIP"",""THE REST"""
arch/arm/include/asm/arch-rockchip/grf_rk3128.h,550,"""ARM"",""ARM ROCKCHIP"",""THE REST"""
arch/arm/include/asm/arch-rockchip/grf_rk3188.h,250,"""ARM"",""ARM ROCKCHIP"",""THE REST"""
arch/arm/include/asm/arch-rockchip/grf_rk322x.h,95,"""ARM"",""ARM ROCKCHIP"",""THE REST"""
arch/arm/include/asm/arch-rockchip/grf_rk3288.h,1066,"""ARM"",""ARM ROCKCHIP"",""THE REST"""
arch/arm/include/asm/arch-rockchip/grf_rk3328.h,133,"""ARM"",""ARM ROCKCHIP"",""THE REST"""
arch/arm/include/asm/arch-rockchip/grf_rk3368.h,135,"""ARM"",""ARM ROCKCHIP"",""THE REST"""
arch/arm/include/asm/arch-rockchip/grf_rk3399.h,668,"""ARM"",""ARM ROCKCHIP"",""THE REST"""
arch/arm/include/asm/arch-rockchip/grf_rv1108.h,113,"""ARM"",""ARM ROCKCHIP"",""THE REST"""
arch/arm/include/asm/arch-rockchip/hardware.h,20,"""ARM"",""ARM ROCKCHIP"",""THE REST"""
arch/arm/include/asm/arch-rockchip/i2c.h,69,"""ARM"",""ARM ROCKCHIP"",""THE REST"""
arch/arm/include/asm/arch-rockchip/lvds_rk3288.h,96,"""ARM"",""ARM ROCKCHIP"",""THE REST"""
arch/arm/include/asm/arch-rockchip/periph.h,61,"""ARM"",""ARM ROCKCHIP"",""THE REST"""
arch/arm/include/asm/arch-rockchip/pmu_rk3188.h,35,"""ARM"",""ARM ROCKCHIP"",""THE REST"""
arch/arm/include/asm/arch-rockchip/pmu_rk3288.h,92,"""ARM"",""ARM ROCKCHIP"",""THE REST"""
arch/arm/include/asm/arch-rockchip/pwm.h,42,"""ARM"",""ARM ROCKCHIP"",""THE REST"""
arch/arm/include/asm/arch-rockchip/qos_rk3288.h,19,"""ARM"",""ARM ROCKCHIP"",""THE REST"""
arch/arm/include/asm/arch-rockchip/rockchip_mipi_dsi.h,194,"""ARM"",""ARM ROCKCHIP"",""THE REST"""
arch/arm/include/asm/arch-rockchip/sdram.h,108,"""ARM"",""ARM ROCKCHIP"",""THE REST"""
arch/arm/include/asm/arch-rockchip/sdram_common.h,57,"""ARM"",""ARM ROCKCHIP"",""THE REST"""
arch/arm/include/asm/arch-rockchip/sdram_rk3036.h,340,"""ARM"",""ARM ROCKCHIP"",""THE REST"""
arch/arm/include/asm/arch-rockchip/sdram_rk322x.h,580,"""ARM"",""ARM ROCKCHIP"",""THE REST"""
arch/arm/include/asm/arch-rockchip/sdram_rk3399.h,118,"""ARM"",""ARM ROCKCHIP"",""THE REST"""
arch/arm/include/asm/arch-rockchip/sys_proto.h,32,"""ARM"",""ARM ROCKCHIP"",""THE REST"""
arch/arm/include/asm/arch-rockchip/timer.h,21,"""ARM"",""ARM ROCKCHIP"",""THE REST"""
arch/arm/include/asm/arch-rockchip/uart.h,43,"""ARM"",""ARM ROCKCHIP"",""THE REST"""
arch/arm/include/asm/arch-rockchip/vop_rk3288.h,361,"""ARM"",""ARM ROCKCHIP"",""THE REST"""
arch/arm/include/asm/arch-s32v234/clock.h,33,"""ARM"",""THE REST"""
arch/arm/include/asm/arch-s32v234/ddr.h,156,"""ARM"",""THE REST"""
arch/arm/include/asm/arch-s32v234/imx-regs.h,328,"""ARM"",""THE REST"""
arch/arm/include/asm/arch-s32v234/lpddr2.h,74,"""ARM"",""THE REST"""
arch/arm/include/asm/arch-s32v234/mc_cgm_regs.h,253,"""ARM"",""THE REST"""
arch/arm/include/asm/arch-s32v234/mc_me_regs.h,198,"""ARM"",""THE REST"""
arch/arm/include/asm/arch-s32v234/mc_rgm_regs.h,30,"""ARM"",""THE REST"""
arch/arm/include/asm/arch-s32v234/mmdc.h,88,"""ARM"",""THE REST"""
arch/arm/include/asm/arch-s32v234/siul.h,149,"""ARM"",""THE REST"""
arch/arm/include/asm/arch-sa1100/bitfield.h,112,"""ARM"",""THE REST"""
arch/arm/include/asm/arch-spear/clk.h,10,"""ARM"",""ARM STM SPEAR"",""THE REST"""
arch/arm/include/asm/arch-spear/gpio.h,23,"""ARM"",""ARM STM SPEAR"",""THE REST"""
arch/arm/include/asm/arch-spear/hardware.h,72,"""ARM"",""ARM STM SPEAR"",""THE REST"""
arch/arm/include/asm/arch-spear/spr_defs.h,50,"""ARM"",""ARM STM SPEAR"",""THE REST"""
arch/arm/include/asm/arch-spear/spr_emi.h,37,"""ARM"",""ARM STM SPEAR"",""THE REST"""
arch/arm/include/asm/arch-spear/spr_gpt.h,68,"""ARM"",""ARM STM SPEAR"",""THE REST"""
arch/arm/include/asm/arch-spear/spr_misc.h,260,"""ARM"",""ARM STM SPEAR"",""THE REST"""
arch/arm/include/asm/arch-spear/spr_ssp.h,28,"""ARM"",""ARM STM SPEAR"",""THE REST"""
arch/arm/include/asm/arch-spear/spr_syscntl.h,35,"""ARM"",""ARM STM SPEAR"",""THE REST"""
arch/arm/include/asm/arch-stih410/sdhci.h,68,"""ARM"",""ARM STI"",""THE REST"""
arch/arm/include/asm/arch-stih410/sys_proto.h,10,"""ARM"",""ARM STI"",""THE REST"""
arch/arm/include/asm/arch-stm32/gpio.h,119,"""ARM"",""THE REST"""
arch/arm/include/asm/arch-stm32/stm32f.h,21,"""ARM"",""THE REST"""
arch/arm/include/asm/arch-stm32f4/gpio.h,15,"""ARM"",""THE REST"""
arch/arm/include/asm/arch-stm32f4/stm32.h,40,"""ARM"",""THE REST"""
arch/arm/include/asm/arch-stm32f4/stm32_pwr.h,22,"""ARM"",""THE REST"""
arch/arm/include/asm/arch-stm32f7/gpio.h,12,"""ARM"",""THE REST"""
arch/arm/include/asm/arch-stm32f7/stm32.h,18,"""ARM"",""THE REST"""
arch/arm/include/asm/arch-stm32f7/stm32_pwr.h,24,"""ARM"",""THE REST"""
arch/arm/include/asm/arch-stm32f7/syscfg.h,28,"""ARM"",""THE REST"""
arch/arm/include/asm/arch-stm32h7/gpio.h,12,"""ARM"",""THE REST"""
arch/arm/include/asm/arch-stm32h7/stm32.h,20,"""ARM"",""THE REST"""
arch/arm/include/asm/arch-stv0991/gpio.h,21,"""ARM"",""ARM STM STV0991"",""THE REST"""
arch/arm/include/asm/arch-stv0991/hardware.h,72,"""ARM"",""ARM STM STV0991"",""THE REST"""
arch/arm/include/asm/arch-stv0991/stv0991_cgu.h,130,"""ARM"",""ARM STM STV0991"",""THE REST"""
arch/arm/include/asm/arch-stv0991/stv0991_creg.h,103,"""ARM"",""ARM STM STV0991"",""THE REST"""
arch/arm/include/asm/arch-stv0991/stv0991_defs.h,15,"""ARM"",""ARM STM STV0991"",""THE REST"""
arch/arm/include/asm/arch-stv0991/stv0991_gpt.h,42,"""ARM"",""ARM STM STV0991"",""THE REST"""
arch/arm/include/asm/arch-stv0991/stv0991_periph.h,45,"""ARM"",""ARM STM STV0991"",""THE REST"""
arch/arm/include/asm/arch-stv0991/stv0991_wdru.h,27,"""ARM"",""ARM STM STV0991"",""THE REST"""
arch/arm/include/asm/arch-sunxi/boot0.h,42,"""ARM"",""ARM SUNXI"",""THE REST"""
arch/arm/include/asm/arch-sunxi/clock.h,39,"""ARM"",""ARM SUNXI"",""THE REST"""
arch/arm/include/asm/arch-sunxi/clock_sun4i.h,362,"""ARM"",""ARM SUNXI"",""THE REST"""
arch/arm/include/asm/arch-sunxi/clock_sun50i_h6.h,320,"""ARM"",""ARM SUNXI"",""THE REST"""
arch/arm/include/asm/arch-sunxi/clock_sun6i.h,533,"""ARM"",""ARM SUNXI"",""THE REST"""
arch/arm/include/asm/arch-sunxi/clock_sun8i_a83t.h,305,"""ARM"",""ARM SUNXI"",""THE REST"""
arch/arm/include/asm/arch-sunxi/clock_sun9i.h,226,"""ARM"",""ARM SUNXI"",""THE REST"""
arch/arm/include/asm/arch-sunxi/cpu.h,22,"""ARM"",""ARM SUNXI"",""THE REST"""
arch/arm/include/asm/arch-sunxi/cpu_sun4i.h,220,"""ARM"",""ARM SUNXI"",""THE REST"""
arch/arm/include/asm/arch-sunxi/cpu_sun50i_h6.h,73,"""ARM"",""ARM SUNXI"",""THE REST"""
arch/arm/include/asm/arch-sunxi/cpu_sun9i.h,118,"""ARM"",""ARM SUNXI"",""THE REST"""
arch/arm/include/asm/arch-sunxi/cpucfg.h,67,"""ARM"",""ARM SUNXI"",""THE REST"""
arch/arm/include/asm/arch-sunxi/display.h,352,"""ARM"",""ARM SUNXI"",""THE REST"""
arch/arm/include/asm/arch-sunxi/display2.h,140,"""ARM"",""ARM SUNXI"",""THE REST"""
arch/arm/include/asm/arch-sunxi/dma.h,15,"""ARM"",""ARM SUNXI"",""THE REST"""
arch/arm/include/asm/arch-sunxi/dma_sun4i.h,67,"""ARM"",""ARM SUNXI"",""THE REST"""
arch/arm/include/asm/arch-sunxi/dram.h,40,"""ARM"",""ARM SUNXI"",""THE REST"""
arch/arm/include/asm/arch-sunxi/dram_sun4i.h,180,"""ARM"",""ARM SUNXI"",""THE REST"""
arch/arm/include/asm/arch-sunxi/dram_sun50i_h6.h,297,"""ARM"",""ARM SUNXI"",""THE REST"""
arch/arm/include/asm/arch-sunxi/dram_sun6i.h,358,"""ARM"",""ARM SUNXI"",""THE REST"""
arch/arm/include/asm/arch-sunxi/dram_sun8i_a23.h,266,"""ARM"",""ARM SUNXI"",""THE REST"""
arch/arm/include/asm/arch-sunxi/dram_sun8i_a33.h,178,"""ARM"",""ARM SUNXI"",""THE REST"""
arch/arm/include/asm/arch-sunxi/dram_sun8i_a83t.h,207,"""ARM"",""ARM SUNXI"",""THE REST"""
arch/arm/include/asm/arch-sunxi/dram_sun9i.h,277,"""ARM"",""ARM SUNXI"",""THE REST"""
arch/arm/include/asm/arch-sunxi/dram_sunxi_dw.h,238,"""ARM"",""ARM SUNXI"",""THE REST"""
arch/arm/include/asm/arch-sunxi/gpio.h,245,"""ARM"",""ARM SUNXI"",""THE REST"""
arch/arm/include/asm/arch-sunxi/gtbus.h,20,"""ARM"",""ARM SUNXI"",""THE REST"""
arch/arm/include/asm/arch-sunxi/gtbus_sun9i.h,91,"""ARM"",""ARM SUNXI"",""THE REST"""
arch/arm/include/asm/arch-sunxi/i2c.h,32,"""ARM"",""ARM SUNXI"",""THE REST"""
arch/arm/include/asm/arch-sunxi/lcdc.h,130,"""ARM"",""ARM SUNXI"",""THE REST"""
arch/arm/include/asm/arch-sunxi/mmc.h,138,"""ARM"",""ARM SUNXI"",""THE REST"""
arch/arm/include/asm/arch-sunxi/p2wi.h,139,"""ARM"",""ARM SUNXI"",""THE REST"""
arch/arm/include/asm/arch-sunxi/pmic_bus.h,17,"""ARM"",""ARM SUNXI"",""THE REST"""
arch/arm/include/asm/arch-sunxi/prcm.h,247,"""ARM"",""ARM SUNXI"",""THE REST"""
arch/arm/include/asm/arch-sunxi/pwm.h,45,"""ARM"",""ARM SUNXI"",""THE REST"""
arch/arm/include/asm/arch-sunxi/rsb.h,54,"""ARM"",""ARM SUNXI"",""THE REST"""
arch/arm/include/asm/arch-sunxi/spl.h,88,"""ARM"",""ARM SUNXI"",""THE REST"""
arch/arm/include/asm/arch-sunxi/sys_proto.h,32,"""ARM"",""ARM SUNXI"",""THE REST"""
arch/arm/include/asm/arch-sunxi/timer.h,87,"""ARM"",""ARM SUNXI"",""THE REST"""
arch/arm/include/asm/arch-sunxi/tve.h,130,"""ARM"",""ARM SUNXI"",""THE REST"""
arch/arm/include/asm/arch-sunxi/tzpc.h,33,"""ARM"",""ARM SUNXI"",""THE REST"""
arch/arm/include/asm/arch-sunxi/watchdog.h,46,"""ARM"",""ARM SUNXI"",""THE REST"""
arch/arm/include/asm/arch-tegra/ap.h,68,"""ARM"",""ARM TEGRA"",""THE REST"""
arch/arm/include/asm/arch-tegra/apb_misc.h,21,"""ARM"",""ARM TEGRA"",""THE REST"""
arch/arm/include/asm/arch-tegra/board.h,33,"""ARM"",""ARM TEGRA"",""THE REST"""
arch/arm/include/asm/arch-tegra/bpmp_abi.h,1590,"""ARM"",""ARM TEGRA"",""THE REST"""
arch/arm/include/asm/arch-tegra/clk_rst.h,451,"""ARM"",""ARM TEGRA"",""THE REST"""
arch/arm/include/asm/arch-tegra/clock.h,421,"""ARM"",""ARM TEGRA"",""THE REST"""
arch/arm/include/asm/arch-tegra/dc.h,568,"""ARM"",""ARM TEGRA"",""THE REST"""
arch/arm/include/asm/arch-tegra/funcmux.h,28,"""ARM"",""ARM TEGRA"",""THE REST"""
arch/arm/include/asm/arch-tegra/fuse.h,22,"""ARM"",""ARM TEGRA"",""THE REST"""
arch/arm/include/asm/arch-tegra/gp_padctrl.h,25,"""ARM"",""ARM TEGRA"",""THE REST"""
arch/arm/include/asm/arch-tegra/gpio.h,40,"""ARM"",""ARM TEGRA"",""THE REST"""
arch/arm/include/asm/arch-tegra/gpu.h,35,"""ARM"",""ARM TEGRA"",""THE REST"""
arch/arm/include/asm/arch-tegra/ivc.h,178,"""ARM"",""ARM TEGRA"",""THE REST"""
arch/arm/include/asm/arch-tegra/pinmux.h,249,"""ARM"",""ARM TEGRA"",""THE REST"""
arch/arm/include/asm/arch-tegra/pmc.h,391,"""ARM"",""ARM TEGRA"",""THE REST"""
arch/arm/include/asm/arch-tegra/powergate.h,39,"""ARM"",""ARM TEGRA"",""THE REST"""
arch/arm/include/asm/arch-tegra/pwm.h,29,"""ARM"",""ARM TEGRA"",""THE REST"""
arch/arm/include/asm/arch-tegra/scu.h,26,"""ARM"",""ARM TEGRA"",""THE REST"""
arch/arm/include/asm/arch-tegra/sys_proto.h,34,"""ARM"",""ARM TEGRA"",""THE REST"""
arch/arm/include/asm/arch-tegra/tegra.h,108,"""ARM"",""ARM TEGRA"",""THE REST"""
arch/arm/include/asm/arch-tegra/tegra_i2c.h,155,"""ARM"",""ARM TEGRA"",""THE REST"""
arch/arm/include/asm/arch-tegra/tegra_mmc.h,137,"""ARM"",""ARM TEGRA"",""THE REST"""
arch/arm/include/asm/arch-tegra/timer.h,14,"""ARM"",""ARM TEGRA"",""THE REST"""
arch/arm/include/asm/arch-tegra/uart.h,30,"""ARM"",""ARM TEGRA"",""THE REST"""
arch/arm/include/asm/arch-tegra/usb.h,360,"""ARM"",""ARM TEGRA"",""THE REST"""
arch/arm/include/asm/arch-tegra/warmboot.h,133,"""ARM"",""ARM TEGRA"",""THE REST"""
arch/arm/include/asm/arch-tegra/xusb-padctl.h,24,"""ARM"",""ARM TEGRA"",""THE REST"""
arch/arm/include/asm/arch-tegra114/clock-tables.h,392,"""ARM"",""ARM TEGRA"",""THE REST"""
arch/arm/include/asm/arch-tegra114/clock.h,20,"""ARM"",""ARM TEGRA"",""THE REST"""
arch/arm/include/asm/arch-tegra114/flow.h,24,"""ARM"",""ARM TEGRA"",""THE REST"""
arch/arm/include/asm/arch-tegra114/funcmux.h,20,"""ARM"",""ARM TEGRA"",""THE REST"""
arch/arm/include/asm/arch-tegra114/gp_padctrl.h,72,"""ARM"",""ARM TEGRA"",""THE REST"""
arch/arm/include/asm/arch-tegra114/gpio.h,19,"""ARM"",""ARM TEGRA"",""THE REST"""
arch/arm/include/asm/arch-tegra114/mc.h,36,"""ARM"",""ARM TEGRA"",""THE REST"""
arch/arm/include/asm/arch-tegra114/pinmux.h,328,"""ARM"",""ARM TEGRA"",""THE REST"""
arch/arm/include/asm/arch-tegra114/pmu.h,12,"""ARM"",""ARM TEGRA"",""THE REST"""
arch/arm/include/asm/arch-tegra114/powergate.h,6,"""ARM"",""ARM TEGRA"",""THE REST"""
arch/arm/include/asm/arch-tegra114/sysctr.h,24,"""ARM"",""ARM TEGRA"",""THE REST"""
arch/arm/include/asm/arch-tegra114/tegra.h,24,"""ARM"",""ARM TEGRA"",""THE REST"""
arch/arm/include/asm/arch-tegra124/ahb.h,90,"""ARM"",""ARM TEGRA"",""THE REST"""
arch/arm/include/asm/arch-tegra124/clock-tables.h,497,"""ARM"",""ARM TEGRA"",""THE REST"""
arch/arm/include/asm/arch-tegra124/clock.h,44,"""ARM"",""ARM TEGRA"",""THE REST"""
arch/arm/include/asm/arch-tegra124/display.h,57,"""ARM"",""ARM TEGRA"",""THE REST"""
arch/arm/include/asm/arch-tegra124/flow.h,55,"""ARM"",""ARM TEGRA"",""THE REST"""
arch/arm/include/asm/arch-tegra124/funcmux.h,22,"""ARM"",""ARM TEGRA"",""THE REST"""
arch/arm/include/asm/arch-tegra124/gp_padctrl.h,73,"""ARM"",""ARM TEGRA"",""THE REST"""
arch/arm/include/asm/arch-tegra124/gpio.h,43,"""ARM"",""ARM TEGRA"",""THE REST"""
arch/arm/include/asm/arch-tegra124/mc.h,71,"""ARM"",""ARM TEGRA"",""THE REST"""
arch/arm/include/asm/arch-tegra124/pinmux.h,359,"""ARM"",""ARM TEGRA"",""THE REST"""
arch/arm/include/asm/arch-tegra124/pmu.h,13,"""ARM"",""ARM TEGRA"",""THE REST"""
arch/arm/include/asm/arch-tegra124/powergate.h,6,"""ARM"",""ARM TEGRA"",""THE REST"""
arch/arm/include/asm/arch-tegra124/pwm.h,13,"""ARM"",""ARM TEGRA"",""THE REST"""
arch/arm/include/asm/arch-tegra124/sysctr.h,25,"""ARM"",""ARM TEGRA"",""THE REST"""
arch/arm/include/asm/arch-tegra124/tegra.h,29,"""ARM"",""ARM TEGRA"",""THE REST"""
arch/arm/include/asm/arch-tegra186/gpio.h,9,"""ARM"",""ARM TEGRA"",""THE REST"""
arch/arm/include/asm/arch-tegra186/tegra.h,15,"""ARM"",""ARM TEGRA"",""THE REST"""
arch/arm/include/asm/arch-tegra20/clock-tables.h,185,"""ARM"",""ARM TEGRA"",""THE REST"""
arch/arm/include/asm/arch-tegra20/clock.h,19,"""ARM"",""ARM TEGRA"",""THE REST"""
arch/arm/include/asm/arch-tegra20/display.h,28,"""ARM"",""ARM TEGRA"",""THE REST"""
arch/arm/include/asm/arch-tegra20/emc.h,96,"""ARM"",""ARM TEGRA"",""THE REST"""
arch/arm/include/asm/arch-tegra20/flow.h,19,"""ARM"",""ARM TEGRA"",""THE REST"""
arch/arm/include/asm/arch-tegra20/funcmux.h,51,"""ARM"",""ARM TEGRA"",""THE REST"""
arch/arm/include/asm/arch-tegra20/gp_padctrl.h,49,"""ARM"",""ARM TEGRA"",""THE REST"""
arch/arm/include/asm/arch-tegra20/gpio.h,35,"""ARM"",""ARM TEGRA"",""THE REST"""
arch/arm/include/asm/arch-tegra20/mc.h,35,"""ARM"",""ARM TEGRA"",""THE REST"""
arch/arm/include/asm/arch-tegra20/pinmux.h,238,"""ARM"",""ARM TEGRA"",""THE REST"""
arch/arm/include/asm/arch-tegra20/pmu.h,13,"""ARM"",""ARM TEGRA"",""THE REST"""
arch/arm/include/asm/arch-tegra20/powergate.h,6,"""ARM"",""ARM TEGRA"",""THE REST"""
arch/arm/include/asm/arch-tegra20/pwm.h,13,"""ARM"",""ARM TEGRA"",""THE REST"""
arch/arm/include/asm/arch-tegra20/sdram_param.h,131,"""ARM"",""ARM TEGRA"",""THE REST"""
arch/arm/include/asm/arch-tegra20/tegra.h,21,"""ARM"",""ARM TEGRA"",""THE REST"""
arch/arm/include/asm/arch-tegra210/ahb.h,90,"""ARM"",""ARM TEGRA"",""THE REST"""
arch/arm/include/asm/arch-tegra210/clock-tables.h,567,"""ARM"",""ARM TEGRA"",""THE REST"""
arch/arm/include/asm/arch-tegra210/clock.h,26,"""ARM"",""ARM TEGRA"",""THE REST"""
arch/arm/include/asm/arch-tegra210/flow.h,44,"""ARM"",""ARM TEGRA"",""THE REST"""
arch/arm/include/asm/arch-tegra210/funcmux.h,22,"""ARM"",""ARM TEGRA"",""THE REST"""
arch/arm/include/asm/arch-tegra210/gp_padctrl.h,73,"""ARM"",""ARM TEGRA"",""THE REST"""
arch/arm/include/asm/arch-tegra210/gpio.h,43,"""ARM"",""ARM TEGRA"",""THE REST"""
arch/arm/include/asm/arch-tegra210/mc.h,71,"""ARM"",""ARM TEGRA"",""THE REST"""
arch/arm/include/asm/arch-tegra210/pinmux.h,415,"""ARM"",""ARM TEGRA"",""THE REST"""
arch/arm/include/asm/arch-tegra210/pmu.h,13,"""ARM"",""ARM TEGRA"",""THE REST"""
arch/arm/include/asm/arch-tegra210/powergate.h,11,"""ARM"",""ARM TEGRA"",""THE REST"""
arch/arm/include/asm/arch-tegra210/sysctr.h,25,"""ARM"",""ARM TEGRA"",""THE REST"""
arch/arm/include/asm/arch-tegra210/tegra.h,31,"""ARM"",""ARM TEGRA"",""THE REST"""
arch/arm/include/asm/arch-tegra30/clock-tables.h,372,"""ARM"",""ARM TEGRA"",""THE REST"""
arch/arm/include/asm/arch-tegra30/clock.h,19,"""ARM"",""ARM TEGRA"",""THE REST"""
arch/arm/include/asm/arch-tegra30/flow.h,24,"""ARM"",""ARM TEGRA"",""THE REST"""
arch/arm/include/asm/arch-tegra30/funcmux.h,20,"""ARM"",""ARM TEGRA"",""THE REST"""
arch/arm/include/asm/arch-tegra30/gp_padctrl.h,54,"""ARM"",""ARM TEGRA"",""THE REST"""
arch/arm/include/asm/arch-tegra30/gpio.h,42,"""ARM"",""ARM TEGRA"",""THE REST"""
arch/arm/include/asm/arch-tegra30/mc.h,37,"""ARM"",""ARM TEGRA"",""THE REST"""
arch/arm/include/asm/arch-tegra30/pinmux.h,404,"""ARM"",""ARM TEGRA"",""THE REST"""
arch/arm/include/asm/arch-tegra30/pmu.h,12,"""ARM"",""ARM TEGRA"",""THE REST"""
arch/arm/include/asm/arch-tegra30/powergate.h,6,"""ARM"",""ARM TEGRA"",""THE REST"""
arch/arm/include/asm/arch-tegra30/tegra.h,20,"""ARM"",""ARM TEGRA"",""THE REST"""
arch/arm/include/asm/arch-vf610/clock.h,28,"""ARM"",""ARM FREESCALE IMX"",""THE REST"""
arch/arm/include/asm/arch-vf610/crm_regs.h,274,"""ARM"",""ARM FREESCALE IMX"",""THE REST"""
arch/arm/include/asm/arch-vf610/ddrmc-vf610.h,81,"""ARM"",""ARM FREESCALE IMX"",""THE REST"""
arch/arm/include/asm/arch-vf610/gpio.h,28,"""ARM"",""ARM FREESCALE IMX"",""THE REST"""
arch/arm/include/asm/arch-vf610/imx-regs.h,464,"""ARM"",""ARM FREESCALE IMX"",""THE REST"""
arch/arm/include/asm/arch-vf610/iomux-vf610.h,249,"""ARM"",""ARM FREESCALE IMX"",""THE REST"""
arch/arm/include/asm/arch-zynqmp/clk.h,12,"""ARM"",""ARM ZYNQ"",""ARM ZYNQMP"",""THE REST"""
arch/arm/include/asm/arch-zynqmp/gpio.h,11,"""ARM"",""ARM ZYNQ"",""ARM ZYNQMP"",""THE REST"""
arch/arm/include/asm/arch-zynqmp/hardware.h,159,"""ARM"",""ARM ZYNQ"",""ARM ZYNQMP"",""THE REST"""
arch/arm/include/asm/arch-zynqmp/psu_init_gpl.h,25,"""ARM"",""ARM ZYNQ"",""ARM ZYNQMP"",""THE REST"""
arch/arm/include/asm/arch-zynqmp/sys_proto.h,75,"""ARM"",""ARM ZYNQ"",""ARM ZYNQMP"",""THE REST"""
arch/arm/include/asm/armv7.h,161,"""ARM"",""THE REST"""
arch/arm/include/asm/armv7_mpu.h,130,"""ARM"",""THE REST"""
arch/arm/include/asm/armv7m.h,68,"""ARM"",""THE REST"""
arch/arm/include/asm/armv8/cpu.h,26,"""ARM"",""THE REST"""
arch/arm/include/asm/armv8/mmu.h,139,"""ARM"",""THE REST"""
arch/arm/include/asm/armv8/sec_firmware.h,35,"""ARM"",""THE REST"""
arch/arm/include/asm/assembler.h,84,"""ARM"",""THE REST"""
arch/arm/include/asm/atomic.h,32,"""ARM"",""THE REST"""
arch/arm/include/asm/barriers.h,50,"""ARM"",""THE REST"""
arch/arm/include/asm/bitops.h,183,"""ARM"",""THE REST"""
arch/arm/include/asm/boot0-linux-kernel-header.h,48,"""ARM"",""THE REST"""
arch/arm/include/asm/bootm.h,63,"""ARM"",""THE REST"""
arch/arm/include/asm/byteorder.h,32,"""ARM"",""THE REST"""
arch/arm/include/asm/cache.h,52,"""ARM"",""THE REST"""
arch/arm/include/asm/config.h,20,"""ARM"",""THE REST"""
arch/arm/include/asm/davinci_rtc.h,51,"""ARM"",""THE REST"""
arch/arm/include/asm/dma-mapping.h,36,"""ARM"",""THE REST"""
arch/arm/include/asm/ehci-omap.h,137,"""ARM"",""THE REST"""
arch/arm/include/asm/emif.h,1304,"""ARM"",""THE REST"""
arch/arm/include/asm/fsl_secure_boot.h,135,"""ARM"",""THE REST"""
arch/arm/include/asm/gic.h,110,"""ARM"",""THE REST"""
arch/arm/include/asm/global_data.h,116,"""ARM"",""THE REST"""
arch/arm/include/asm/gpio.h,5,"""ARM"",""THE REST"""
arch/arm/include/asm/hardware.h,18,"""ARM"",""THE REST"""
arch/arm/include/asm/io.h,416,"""ARM"",""THE REST"""
arch/arm/include/asm/iproc-common/armpll.h,13,"""ARM"",""THE REST"""
arch/arm/include/asm/iproc-common/configs.h,18,"""ARM"",""THE REST"""
arch/arm/include/asm/iproc-common/sysmap.h,46,"""ARM"",""THE REST"""
arch/arm/include/asm/iproc-common/timer.h,36,"""ARM"",""THE REST"""
arch/arm/include/asm/kona-common/clk.h,29,"""ARM"",""THE REST"""
arch/arm/include/asm/kona-common/kona_sdhci.h,11,"""ARM"",""THE REST"""
arch/arm/include/asm/linkage.h,7,"""ARM"",""THE REST"""
arch/arm/include/asm/mach-imx/boot_mode.h,51,"""ARM"",""ARM FREESCALE IMX"",""THE REST"""
arch/arm/include/asm/mach-imx/dma.h,160,"""ARM"",""ARM FREESCALE IMX"",""THE REST"""
arch/arm/include/asm/mach-imx/gpio.h,22,"""ARM"",""ARM FREESCALE IMX"",""THE REST"""
arch/arm/include/asm/mach-imx/hab.h,207,"""ARM"",""ARM FREESCALE IMX"",""THE REST"""
arch/arm/include/asm/mach-imx/imximage.cfg,23,"""ARM"",""ARM FREESCALE IMX"",""THE REST"""
arch/arm/include/asm/mach-imx/iomux-v3.h,297,"""ARM"",""ARM FREESCALE IMX"",""THE REST"""
arch/arm/include/asm/mach-imx/mx5_video.h,17,"""ARM"",""ARM FREESCALE IMX"",""THE REST"""
arch/arm/include/asm/mach-imx/mxc_i2c.h,99,"""ARM"",""ARM FREESCALE IMX"",""THE REST"""
arch/arm/include/asm/mach-imx/rdc-sema.h,99,"""ARM"",""ARM FREESCALE IMX"",""THE REST"""
arch/arm/include/asm/mach-imx/regs-apbh.h,588,"""ARM"",""ARM FREESCALE IMX"",""THE REST"""
arch/arm/include/asm/mach-imx/regs-bch.h,228,"""ARM"",""ARM FREESCALE IMX"",""THE REST"""
arch/arm/include/asm/mach-imx/regs-common.h,70,"""ARM"",""ARM FREESCALE IMX"",""THE REST"""
arch/arm/include/asm/mach-imx/regs-gpmi.h,208,"""ARM"",""ARM FREESCALE IMX"",""THE REST"""
arch/arm/include/asm/mach-imx/regs-lcdif.h,240,"""ARM"",""ARM FREESCALE IMX"",""THE REST"""
arch/arm/include/asm/mach-imx/regs-usbphy.h,25,"""ARM"",""ARM FREESCALE IMX"",""THE REST"""
arch/arm/include/asm/mach-imx/sata.h,15,"""ARM"",""ARM FREESCALE IMX"",""THE REST"""
arch/arm/include/asm/mach-imx/spi.h,16,"""ARM"",""ARM FREESCALE IMX"",""THE REST"""
arch/arm/include/asm/mach-imx/sys_proto.h,136,"""ARM"",""ARM FREESCALE IMX"",""THE REST"""
arch/arm/include/asm/mach-imx/syscounter.h,28,"""ARM"",""ARM FREESCALE IMX"",""THE REST"""
arch/arm/include/asm/mach-imx/video.h,29,"""ARM"",""ARM FREESCALE IMX"",""THE REST"""
arch/arm/include/asm/mach-types.h,5060,"""ARM"",""THE REST"""
arch/arm/include/asm/macro.h,337,"""ARM"",""THE REST"""
arch/arm/include/asm/memory.h,136,"""ARM"",""THE REST"""
arch/arm/include/asm/omap_common.h,836,"""ARM"",""THE REST"""
arch/arm/include/asm/omap_gpio.h,51,"""ARM"",""THE REST"""
arch/arm/include/asm/omap_i2c.h,24,"""ARM"",""THE REST"""
arch/arm/include/asm/omap_mmc.h,237,"""ARM"",""THE REST"""
arch/arm/include/asm/omap_musb.h,32,"""ARM"",""THE REST"""
arch/arm/include/asm/omap_sec_common.h,65,"""ARM"",""THE REST"""
arch/arm/include/asm/opcodes-sec.h,16,"""ARM"",""THE REST"""
arch/arm/include/asm/opcodes-virt.h,26,"""ARM"",""THE REST"""
arch/arm/include/asm/opcodes.h,228,"""ARM"",""THE REST"""
arch/arm/include/asm/pl310.h,81,"""ARM"",""THE REST"""
arch/arm/include/asm/posix_types.h,87,"""ARM"",""THE REST"""
arch/arm/include/asm/proc-armv/domain.h,50,"""ARM"",""THE REST"""
arch/arm/include/asm/proc-armv/processor.h,74,"""ARM"",""THE REST"""
arch/arm/include/asm/proc-armv/ptrace.h,131,"""ARM"",""THE REST"""
arch/arm/include/asm/proc-armv/system.h,224,"""ARM"",""THE REST"""
arch/arm/include/asm/processor.h,134,"""ARM"",""THE REST"""
arch/arm/include/asm/psci.h,112,"""ARM"",""THE REST"""
arch/arm/include/asm/ptrace.h,33,"""ARM"",""THE REST"""
arch/arm/include/asm/sections.h,11,"""ARM"",""THE REST"""
arch/arm/include/asm/secure.h,29,"""ARM"",""THE REST"""
arch/arm/include/asm/setjmp.h,27,"""ARM"",""THE REST"""
arch/arm/include/asm/setup.h,274,"""ARM"",""THE REST"""
arch/arm/include/asm/spin_table.h,12,"""ARM"",""THE REST"""
arch/arm/include/asm/spl.h,44,"""ARM"",""THE REST"""
arch/arm/include/asm/string.h,53,"""ARM"",""THE REST"""
arch/arm/include/asm/system.h,576,"""ARM"",""THE REST"""
arch/arm/include/asm/ti-common/davinci_nand.h,100,"""ARM"",""ARM TI"",""THE REST"""
arch/arm/include/asm/ti-common/keystone_nav.h,190,"""ARM"",""ARM TI"",""THE REST"""
arch/arm/include/asm/ti-common/keystone_net.h,232,"""ARM"",""ARM TI"",""THE REST"""
arch/arm/include/asm/ti-common/keystone_serdes.h,54,"""ARM"",""ARM TI"",""THE REST"""
arch/arm/include/asm/ti-common/omap_wdt.h,59,"""ARM"",""ARM TI"",""THE REST"""
arch/arm/include/asm/ti-common/sys_proto.h,71,"""ARM"",""ARM TI"",""THE REST"""
arch/arm/include/asm/ti-common/ti-aemif.h,38,"""ARM"",""ARM TI"",""THE REST"""
arch/arm/include/asm/ti-common/ti-edma3.h,124,"""ARM"",""ARM TI"",""THE REST"""
arch/arm/include/asm/types.h,45,"""ARM"",""THE REST"""
arch/arm/include/asm/u-boot-arm.h,57,"""ARM"",""THE REST"""
arch/arm/include/asm/u-boot.h,33,"""ARM"",""THE REST"""
arch/arm/include/asm/unaligned.h,19,"""ARM"",""THE REST"""
arch/arm/include/asm/unified.h,128,"""ARM"",""THE REST"""
arch/arm/include/asm/utils.h,39,"""ARM"",""THE REST"""
arch/arm/include/debug/8250.S,51,"""ARM"",""THE REST"""
arch/arm/lib/Makefile,110,"""ARM"",""THE REST"""
arch/arm/lib/ashldi3.S,33,"""ARM"",""THE REST"""
arch/arm/lib/ashrdi3.S,33,"""ARM"",""THE REST"""
arch/arm/lib/asm-offsets.c,209,"""ARM"",""THE REST"""
arch/arm/lib/bootm-fdt.c,79,"""ARM"",""THE REST"""
arch/arm/lib/bootm.c,458,"""ARM"",""THE REST"""
arch/arm/lib/cache-cp15.c,311,"""ARM"",""THE REST"""
arch/arm/lib/cache-pl310.c,101,"""ARM"",""THE REST"""
arch/arm/lib/cache.c,118,"""ARM"",""THE REST"""
arch/arm/lib/ccn504.S,81,"""ARM"",""THE REST"""
arch/arm/lib/cmd_boot.c,41,"""ARM"",""THE REST"""
arch/arm/lib/crt0.S,162,"""ARM"",""THE REST"""
arch/arm/lib/crt0_64.S,156,"""ARM"",""THE REST"""
arch/arm/lib/crt0_aarch64_efi.S,135,"""ARM"",""THE REST"""
arch/arm/lib/crt0_arm_efi.S,137,"""ARM"",""THE REST"""
arch/arm/lib/debug.S,135,"""ARM"",""THE REST"""
arch/arm/lib/div0.c,13,"""ARM"",""THE REST"""
arch/arm/lib/div64.S,213,"""ARM"",""THE REST"""
arch/arm/lib/eabi_compat.c,37,"""ARM"",""THE REST"""
arch/arm/lib/elf_aarch64_efi.lds,69,"""ARM"",""THE REST"""
arch/arm/lib/elf_arm_efi.lds,66,"""ARM"",""THE REST"""
arch/arm/lib/gic_64.S,199,"""ARM"",""THE REST"""
arch/arm/lib/image.c,77,"""ARM"",""THE REST"""
arch/arm/lib/interrupts.c,200,"""ARM"",""THE REST"""
arch/arm/lib/interrupts_64.c,133,"""ARM"",""THE REST"""
arch/arm/lib/interrupts_m.c,94,"""ARM"",""THE REST"""
arch/arm/lib/lib1funcs.S,427,"""ARM"",""THE REST"""
arch/arm/lib/lshrdi3.S,33,"""ARM"",""THE REST"""
arch/arm/lib/memcpy.S,264,"""ARM"",""THE REST"""
arch/arm/lib/memset.S,125,"""ARM"",""THE REST"""
arch/arm/lib/muldi3.S,47,"""ARM"",""THE REST"""
arch/arm/lib/psci-dt.c,125,"""ARM"",""THE REST"""
arch/arm/lib/reloc_aarch64_efi.c,86,"""ARM"",""THE REST"""
arch/arm/lib/reloc_arm_efi.c,64,"""ARM"",""THE REST"""
arch/arm/lib/relocate.S,131,"""ARM"",""THE REST"""
arch/arm/lib/relocate_64.S,90,"""ARM"",""THE REST"""
arch/arm/lib/reset.c,42,"""ARM"",""THE REST"""
arch/arm/lib/sections.c,35,"""ARM"",""THE REST"""
arch/arm/lib/semihosting.c,215,"""ARM"",""THE REST"""
arch/arm/lib/setjmp.S,36,"""ARM"",""THE REST"""
arch/arm/lib/setjmp_aarch64.S,41,"""ARM"",""THE REST"""
arch/arm/lib/spl.c,75,"""ARM"",""THE REST"""
arch/arm/lib/stack.c,33,"""ARM"",""THE REST"""
arch/arm/lib/uldivmod.S,245,"""ARM"",""THE REST"""
arch/arm/lib/vectors.S,293,"""ARM"",""THE REST"""
arch/arm/lib/vectors_m.S,56,"""ARM"",""THE REST"""
arch/arm/lib/zimage.c,39,"""ARM"",""THE REST"""
arch/arm/mach-aspeed/Kconfig,23,"""ARM"",""THE REST"""
arch/arm/mach-aspeed/Makefile,6,"""ARM"",""THE REST"""
arch/arm/mach-aspeed/ast2500-board.c,82,"""ARM"",""THE REST"""
arch/arm/mach-aspeed/ast2500/Kconfig,16,"""ARM"",""THE REST"""
arch/arm/mach-aspeed/ast2500/Makefile,1,"""ARM"",""THE REST"""
arch/arm/mach-aspeed/ast2500/clk_ast2500.c,44,"""ARM"",""THE REST"""
arch/arm/mach-aspeed/ast2500/sdram_ast2500.c,438,"""ARM"",""THE REST"""
arch/arm/mach-aspeed/ast_wdt.c,29,"""ARM"",""THE REST"""
arch/arm/mach-at91/Kconfig,301,"""ARM"",""ARM ATMEL AT91"",""THE REST"""
arch/arm/mach-at91/Makefile,19,"""ARM"",""ARM ATMEL AT91"",""THE REST"""
arch/arm/mach-at91/arm920t/Makefile,11,"""ARM"",""ARM ATMEL AT91"",""THE REST"""
arch/arm/mach-at91/arm920t/at91rm9200_devices.c,60,"""ARM"",""ARM ATMEL AT91"",""THE REST"""
arch/arm/mach-at91/arm920t/clock.c,194,"""ARM"",""ARM ATMEL AT91"",""THE REST"""
arch/arm/mach-at91/arm920t/cpu.c,25,"""ARM"",""ARM ATMEL AT91"",""THE REST"""
arch/arm/mach-at91/arm920t/lowlevel_init.S,151,"""ARM"",""ARM ATMEL AT91"",""THE REST"""
arch/arm/mach-at91/arm920t/reset.c,40,"""ARM"",""ARM ATMEL AT91"",""THE REST"""
arch/arm/mach-at91/arm920t/timer.c,119,"""ARM"",""ARM ATMEL AT91"",""THE REST"""
arch/arm/mach-at91/arm926ejs/Makefile,36,"""ARM"",""ARM ATMEL AT91"",""THE REST"""
arch/arm/mach-at91/arm926ejs/at91sam9260_devices.c,226,"""ARM"",""ARM ATMEL AT91"",""THE REST"""
arch/arm/mach-at91/arm926ejs/at91sam9261_devices.c,125,"""ARM"",""ARM ATMEL AT91"",""THE REST"""
arch/arm/mach-at91/arm926ejs/at91sam9263_devices.c,198,"""ARM"",""ARM ATMEL AT91"",""THE REST"""
arch/arm/mach-at91/arm926ejs/at91sam9m10g45_devices.c,184,"""ARM"",""ARM ATMEL AT91"",""THE REST"""
arch/arm/mach-at91/arm926ejs/at91sam9n12_devices.c,140,"""ARM"",""ARM ATMEL AT91"",""THE REST"""
arch/arm/mach-at91/arm926ejs/at91sam9rl_devices.c,105,"""ARM"",""ARM ATMEL AT91"",""THE REST"""
arch/arm/mach-at91/arm926ejs/at91sam9x5_devices.c,225,"""ARM"",""ARM ATMEL AT91"",""THE REST"""
arch/arm/mach-at91/arm926ejs/clock.c,287,"""ARM"",""ARM ATMEL AT91"",""THE REST"""
arch/arm/mach-at91/arm926ejs/cpu.c,55,"""ARM"",""ARM ATMEL AT91"",""THE REST"""
arch/arm/mach-at91/arm926ejs/eflash.c,253,"""ARM"",""ARM ATMEL AT91"",""THE REST"""
arch/arm/mach-at91/arm926ejs/led.c,47,"""ARM"",""ARM ATMEL AT91"",""THE REST"""
arch/arm/mach-at91/arm926ejs/lowlevel_init.S,245,"""ARM"",""ARM ATMEL AT91"",""THE REST"""
arch/arm/mach-at91/arm926ejs/reset.c,28,"""ARM"",""ARM ATMEL AT91"",""THE REST"""
arch/arm/mach-at91/arm926ejs/timer.c,57,"""ARM"",""ARM ATMEL AT91"",""THE REST"""
arch/arm/mach-at91/arm926ejs/u-boot-spl.lds,60,"""ARM"",""ARM ATMEL AT91"",""THE REST"""
arch/arm/mach-at91/armv7/Makefile,17,"""ARM"",""ARM ATMEL AT91"",""THE REST"""
arch/arm/mach-at91/armv7/clock.c,296,"""ARM"",""ARM ATMEL AT91"",""THE REST"""
arch/arm/mach-at91/armv7/cpu.c,75,"""ARM"",""ARM ATMEL AT91"",""THE REST"""
arch/arm/mach-at91/armv7/reset.c,30,"""ARM"",""ARM ATMEL AT91"",""THE REST"""
arch/arm/mach-at91/armv7/sama5d2_devices.c,75,"""ARM"",""ARM ATMEL AT91"",""THE REST"""
arch/arm/mach-at91/armv7/sama5d3_devices.c,214,"""ARM"",""ARM ATMEL AT91"",""THE REST"""
arch/arm/mach-at91/armv7/sama5d4_devices.c,43,"""ARM"",""ARM ATMEL AT91"",""THE REST"""
arch/arm/mach-at91/armv7/timer.c,61,"""ARM"",""ARM ATMEL AT91"",""THE REST"""
arch/arm/mach-at91/armv7/u-boot-spl.lds,59,"""ARM"",""ARM ATMEL AT91"",""THE REST"""
arch/arm/mach-at91/atmel_sfr.c,28,"""ARM"",""ARM ATMEL AT91"",""THE REST"""
arch/arm/mach-at91/bootparams_atmel.S,17,"""ARM"",""ARM ATMEL AT91"",""THE REST"""
arch/arm/mach-at91/clock.c,120,"""ARM"",""ARM ATMEL AT91"",""THE REST"""
arch/arm/mach-at91/config.mk,9,"""ARM"",""ARM ATMEL AT91"",""THE REST"""
arch/arm/mach-at91/include/mach/at91_common.h,42,"""ARM"",""ARM ATMEL AT91"",""THE REST"""
arch/arm/mach-at91/include/mach/at91_dbu.h,37,"""ARM"",""ARM ATMEL AT91"",""THE REST"""
arch/arm/mach-at91/include/mach/at91_eefc.h,47,"""ARM"",""ARM ATMEL AT91"",""THE REST"""
arch/arm/mach-at91/include/mach/at91_emac.h,126,"""ARM"",""ARM ATMEL AT91"",""THE REST"""
arch/arm/mach-at91/include/mach/at91_gpbr.h,41,"""ARM"",""ARM ATMEL AT91"",""THE REST"""
arch/arm/mach-at91/include/mach/at91_matrix.h,239,"""ARM"",""ARM ATMEL AT91"",""THE REST"""
arch/arm/mach-at91/include/mach/at91_mc.h,80,"""ARM"",""ARM ATMEL AT91"",""THE REST"""
arch/arm/mach-at91/include/mach/at91_pdc.h,22,"""ARM"",""ARM ATMEL AT91"",""THE REST"""
arch/arm/mach-at91/include/mach/at91_pio.h,158,"""ARM"",""ARM ATMEL AT91"",""THE REST"""
arch/arm/mach-at91/include/mach/at91_pit.h,27,"""ARM"",""ARM ATMEL AT91"",""THE REST"""
arch/arm/mach-at91/include/mach/at91_pmc.h,268,"""ARM"",""ARM ATMEL AT91"",""THE REST"""
arch/arm/mach-at91/include/mach/at91_rstc.h,49,"""ARM"",""ARM ATMEL AT91"",""THE REST"""
arch/arm/mach-at91/include/mach/at91_rtc.h,70,"""ARM"",""ARM ATMEL AT91"",""THE REST"""
arch/arm/mach-at91/include/mach/at91_rtt.h,32,"""ARM"",""ARM ATMEL AT91"",""THE REST"""
arch/arm/mach-at91/include/mach/at91_sck.h,20,"""ARM"",""ARM ATMEL AT91"",""THE REST"""
arch/arm/mach-at91/include/mach/at91_spi.h,122,"""ARM"",""ARM ATMEL AT91"",""THE REST"""
arch/arm/mach-at91/include/mach/at91_st.h,29,"""ARM"",""ARM ATMEL AT91"",""THE REST"""
arch/arm/mach-at91/include/mach/at91_tc.h,60,"""ARM"",""ARM ATMEL AT91"",""THE REST"""
arch/arm/mach-at91/include/mach/at91_wdt.h,46,"""ARM"",""ARM ATMEL AT91"",""THE REST"""
arch/arm/mach-at91/include/mach/at91rm9200.h,134,"""ARM"",""ARM ATMEL AT91"",""THE REST"""
arch/arm/mach-at91/include/mach/at91sam9260.h,169,"""ARM"",""ARM ATMEL AT91"",""THE REST"""
arch/arm/mach-at91/include/mach/at91sam9260_matrix.h,69,"""ARM"",""ARM ATMEL AT91"",""THE REST"""
arch/arm/mach-at91/include/mach/at91sam9261.h,133,"""ARM"",""ARM ATMEL AT91"",""THE REST"""
arch/arm/mach-at91/include/mach/at91sam9261_matrix.h,55,"""ARM"",""ARM ATMEL AT91"",""THE REST"""
arch/arm/mach-at91/include/mach/at91sam9263.h,144,"""ARM"",""ARM ATMEL AT91"",""THE REST"""
arch/arm/mach-at91/include/mach/at91sam9263_matrix.h,63,"""ARM"",""ARM ATMEL AT91"",""THE REST"""
arch/arm/mach-at91/include/mach/at91sam9_matrix.h,25,"""ARM"",""ARM ATMEL AT91"",""THE REST"""
arch/arm/mach-at91/include/mach/at91sam9_sdramc.h,116,"""ARM"",""ARM ATMEL AT91"",""THE REST"""
arch/arm/mach-at91/include/mach/at91sam9_smc.h,75,"""ARM"",""ARM ATMEL AT91"",""THE REST"""
arch/arm/mach-at91/include/mach/at91sam9g45.h,149,"""ARM"",""ARM ATMEL AT91"",""THE REST"""
arch/arm/mach-at91/include/mach/at91sam9g45_matrix.h,91,"""ARM"",""ARM ATMEL AT91"",""THE REST"""
arch/arm/mach-at91/include/mach/at91sam9rl.h,128,"""ARM"",""ARM ATMEL AT91"",""THE REST"""
arch/arm/mach-at91/include/mach/at91sam9rl_matrix.h,61,"""ARM"",""ARM ATMEL AT91"",""THE REST"""
arch/arm/mach-at91/include/mach/at91sam9x5.h,192,"""ARM"",""ARM ATMEL AT91"",""THE REST"""
arch/arm/mach-at91/include/mach/at91sam9x5_matrix.h,98,"""ARM"",""ARM ATMEL AT91"",""THE REST"""
arch/arm/mach-at91/include/mach/atmel_mpddrc.h,209,"""ARM"",""ARM ATMEL AT91"",""THE REST"""
arch/arm/mach-at91/include/mach/atmel_pio4.h,86,"""ARM"",""ARM ATMEL AT91"",""THE REST"""
arch/arm/mach-at91/include/mach/atmel_sdhci.h,12,"""ARM"",""ARM ATMEL AT91"",""THE REST"""
arch/arm/mach-at91/include/mach/atmel_serial.h,14,"""ARM"",""ARM ATMEL AT91"",""THE REST"""
arch/arm/mach-at91/include/mach/atmel_usba_udc.h,64,"""ARM"",""ARM ATMEL AT91"",""THE REST"""
arch/arm/mach-at91/include/mach/clk.h,141,"""ARM"",""ARM ATMEL AT91"",""THE REST"""
arch/arm/mach-at91/include/mach/gpio.h,261,"""ARM"",""ARM ATMEL AT91"",""THE REST"""
arch/arm/mach-at91/include/mach/hardware.h,35,"""ARM"",""ARM ATMEL AT91"",""THE REST"""
arch/arm/mach-at91/include/mach/sama5_boot.h,24,"""ARM"",""ARM ATMEL AT91"",""THE REST"""
arch/arm/mach-at91/include/mach/sama5_matrix.h,36,"""ARM"",""ARM ATMEL AT91"",""THE REST"""
arch/arm/mach-at91/include/mach/sama5_sfr.h,66,"""ARM"",""ARM ATMEL AT91"",""THE REST"""
arch/arm/mach-at91/include/mach/sama5d2.h,239,"""ARM"",""ARM ATMEL AT91"",""THE REST"""
arch/arm/mach-at91/include/mach/sama5d2_smc.h,75,"""ARM"",""ARM ATMEL AT91"",""THE REST"""
arch/arm/mach-at91/include/mach/sama5d3.h,208,"""ARM"",""ARM ATMEL AT91"",""THE REST"""
arch/arm/mach-at91/include/mach/sama5d3_smc.h,76,"""ARM"",""ARM ATMEL AT91"",""THE REST"""
arch/arm/mach-at91/include/mach/sama5d4.h,234,"""ARM"",""ARM ATMEL AT91"",""THE REST"""
arch/arm/mach-at91/matrix.c,34,"""ARM"",""ARM ATMEL AT91"",""THE REST"""
arch/arm/mach-at91/mpddrc.c,229,"""ARM"",""ARM ATMEL AT91"",""THE REST"""
arch/arm/mach-at91/phy.c,56,"""ARM"",""ARM ATMEL AT91"",""THE REST"""
arch/arm/mach-at91/sdram.c,75,"""ARM"",""ARM ATMEL AT91"",""THE REST"""
arch/arm/mach-at91/spl.c,86,"""ARM"",""ARM ATMEL AT91"",""THE REST"""
arch/arm/mach-at91/spl_at91.c,134,"""ARM"",""ARM ATMEL AT91"",""THE REST"""
arch/arm/mach-at91/spl_atmel.c,129,"""ARM"",""ARM ATMEL AT91"",""THE REST"""
arch/arm/mach-bcm283x/Kconfig,144,"""ARM"",""ARM BROADCOM BCM283X"",""THE REST"""
arch/arm/mach-bcm283x/Makefile,6,"""ARM"",""ARM BROADCOM BCM283X"",""THE REST"""
arch/arm/mach-bcm283x/include/mach/gpio.h,63,"""ARM"",""ARM BROADCOM BCM283X"",""THE REST"""
arch/arm/mach-bcm283x/include/mach/mbox.h,515,"""ARM"",""ARM BROADCOM BCM283X"",""THE REST"""
arch/arm/mach-bcm283x/include/mach/msg.h,51,"""ARM"",""ARM BROADCOM BCM283X"",""THE REST"""
arch/arm/mach-bcm283x/include/mach/sdhci.h,17,"""ARM"",""ARM BROADCOM BCM283X"",""THE REST"""
arch/arm/mach-bcm283x/include/mach/timer.h,37,"""ARM"",""ARM BROADCOM BCM283X"",""THE REST"""
arch/arm/mach-bcm283x/include/mach/wdog.h,29,"""ARM"",""ARM BROADCOM BCM283X"",""THE REST"""
arch/arm/mach-bcm283x/init.c,23,"""ARM"",""ARM BROADCOM BCM283X"",""THE REST"""
arch/arm/mach-bcm283x/lowlevel_init.S,11,"""ARM"",""ARM BROADCOM BCM283X"",""THE REST"""
arch/arm/mach-bcm283x/mbox.c,164,"""ARM"",""ARM BROADCOM BCM283X"",""THE REST"""
arch/arm/mach-bcm283x/msg.c,153,"""ARM"",""ARM BROADCOM BCM283X"",""THE REST"""
arch/arm/mach-bcm283x/phys2bus.c,21,"""ARM"",""ARM BROADCOM BCM283X"",""THE REST"""
arch/arm/mach-bcm283x/reset.c,87,"""ARM"",""ARM BROADCOM BCM283X"",""THE REST"""
arch/arm/mach-bcmstb/Kconfig,43,"""ARM"",""ARM BROADCOM BCMSTB"",""THE REST"""
arch/arm/mach-bcmstb/Makefile,8,"""ARM"",""ARM BROADCOM BCMSTB"",""THE REST"""
arch/arm/mach-bcmstb/include/mach/gpio.h,11,"""ARM"",""ARM BROADCOM BCMSTB"",""THE REST"""
arch/arm/mach-bcmstb/include/mach/hardware.h,11,"""ARM"",""ARM BROADCOM BCMSTB"",""THE REST"""
arch/arm/mach-bcmstb/include/mach/sdhci.h,15,"""ARM"",""ARM BROADCOM BCMSTB"",""THE REST"""
arch/arm/mach-bcmstb/include/mach/timer.h,13,"""ARM"",""ARM BROADCOM BCMSTB"",""THE REST"""
arch/arm/mach-bcmstb/lowlevel_init.S,21,"""ARM"",""ARM BROADCOM BCMSTB"",""THE REST"""
arch/arm/mach-davinci/Kconfig,159,"""ARM"",""ARM TI"",""THE REST"""
arch/arm/mach-davinci/Makefile,25,"""ARM"",""ARM TI"",""THE REST"""
arch/arm/mach-davinci/config.mk,6,"""ARM"",""ARM TI"",""THE REST"""
arch/arm/mach-davinci/cpu.c,220,"""ARM"",""ARM TI"",""THE REST"""
arch/arm/mach-davinci/da850_lowlevel.c,312,"""ARM"",""ARM TI"",""THE REST"""
arch/arm/mach-davinci/da850_pinmux.c,190,"""ARM"",""ARM TI"",""THE REST"""
arch/arm/mach-davinci/dm355.c,29,"""ARM"",""ARM TI"",""THE REST"""
arch/arm/mach-davinci/dm365.c,19,"""ARM"",""ARM TI"",""THE REST"""
arch/arm/mach-davinci/dm365_lowlevel.c,459,"""ARM"",""ARM TI"",""THE REST"""
arch/arm/mach-davinci/dm644x.c,80,"""ARM"",""ARM TI"",""THE REST"""
arch/arm/mach-davinci/dm646x.c,25,"""ARM"",""ARM TI"",""THE REST"""
arch/arm/mach-davinci/dp83848.c,127,"""ARM"",""ARM TI"",""THE REST"""
arch/arm/mach-davinci/et1011c.c,41,"""ARM"",""ARM TI"",""THE REST"""
arch/arm/mach-davinci/include/mach/aintc_defs.h,35,"""ARM"",""ARM TI"",""THE REST"""
arch/arm/mach-davinci/include/mach/da850_lowlevel.h,34,"""ARM"",""ARM TI"",""THE REST"""
arch/arm/mach-davinci/include/mach/da8xx-usb.h,92,"""ARM"",""ARM TI"",""THE REST"""
arch/arm/mach-davinci/include/mach/davinci_misc.h,52,"""ARM"",""ARM TI"",""THE REST"""
arch/arm/mach-davinci/include/mach/ddr2_defs.h,83,"""ARM"",""ARM TI"",""THE REST"""
arch/arm/mach-davinci/include/mach/dm365_lowlevel.h,24,"""ARM"",""ARM TI"",""THE REST"""
arch/arm/mach-davinci/include/mach/emac_defs.h,93,"""ARM"",""ARM TI"",""THE REST"""
arch/arm/mach-davinci/include/mach/gpio.h,46,"""ARM"",""ARM TI"",""THE REST"""
arch/arm/mach-davinci/include/mach/hardware.h,631,"""ARM"",""ARM TI"",""THE REST"""
arch/arm/mach-davinci/include/mach/i2c_defs.h,17,"""ARM"",""ARM TI"",""THE REST"""
arch/arm/mach-davinci/include/mach/pinmux_defs.h,56,"""ARM"",""ARM TI"",""THE REST"""
arch/arm/mach-davinci/include/mach/pll_defs.h,82,"""ARM"",""ARM TI"",""THE REST"""
arch/arm/mach-davinci/include/mach/psc_defs.h,69,"""ARM"",""ARM TI"",""THE REST"""
arch/arm/mach-davinci/include/mach/sdmmc_defs.h,163,"""ARM"",""ARM TI"",""THE REST"""
arch/arm/mach-davinci/include/mach/syscfg_defs.h,49,"""ARM"",""ARM TI"",""THE REST"""
arch/arm/mach-davinci/include/mach/timer_defs.h,43,"""ARM"",""ARM TI"",""THE REST"""
arch/arm/mach-davinci/ksz8873.c,52,"""ARM"",""ARM TI"",""THE REST"""
arch/arm/mach-davinci/lowlevel_init.S,692,"""ARM"",""ARM TI"",""THE REST"""
arch/arm/mach-davinci/lxt972.c,112,"""ARM"",""ARM TI"",""THE REST"""
arch/arm/mach-davinci/misc.c,138,"""ARM"",""ARM TI"",""THE REST"""
arch/arm/mach-davinci/pinmux.c,89,"""ARM"",""ARM TI"",""THE REST"""
arch/arm/mach-davinci/psc.c,159,"""ARM"",""ARM TI"",""THE REST"""
arch/arm/mach-davinci/reset.c,31,"""ARM"",""ARM TI"",""THE REST"""
arch/arm/mach-davinci/spl.c,70,"""ARM"",""ARM TI"",""THE REST"""
arch/arm/mach-davinci/timer.c,127,"""ARM"",""ARM TI"",""THE REST"""
arch/arm/mach-exynos/Kconfig,169,"""ARM"",""ARM SAMSUNG"",""THE REST"""
arch/arm/mach-exynos/Makefile,18,"""ARM"",""ARM SAMSUNG"",""THE REST"""
arch/arm/mach-exynos/clock.c,1790,"""ARM"",""ARM SAMSUNG"",""THE REST"""
arch/arm/mach-exynos/clock_init.h,157,"""ARM"",""ARM SAMSUNG"",""THE REST"""
arch/arm/mach-exynos/clock_init_exynos4.c,94,"""ARM"",""ARM SAMSUNG"",""THE REST"""
arch/arm/mach-exynos/clock_init_exynos5.c,1002,"""ARM"",""ARM SAMSUNG"",""THE REST"""
arch/arm/mach-exynos/common_setup.h,107,"""ARM"",""ARM SAMSUNG"",""THE REST"""
arch/arm/mach-exynos/config.mk,5,"""ARM"",""ARM SAMSUNG"",""THE REST"""
arch/arm/mach-exynos/dmc_common.c,175,"""ARM"",""ARM SAMSUNG"",""THE REST"""
arch/arm/mach-exynos/dmc_init_ddr3.c,865,"""ARM"",""ARM SAMSUNG"",""THE REST"""
arch/arm/mach-exynos/dmc_init_exynos4.c,213,"""ARM"",""ARM SAMSUNG"",""THE REST"""
arch/arm/mach-exynos/exynos4_setup.h,576,"""ARM"",""ARM SAMSUNG"",""THE REST"""
arch/arm/mach-exynos/exynos5_setup.h,946,"""ARM"",""ARM SAMSUNG"",""THE REST"""
arch/arm/mach-exynos/include/mach/adc.h,69,"""ARM"",""ARM SAMSUNG"",""THE REST"""
arch/arm/mach-exynos/include/mach/board.h,28,"""ARM"",""ARM SAMSUNG"",""THE REST"""
arch/arm/mach-exynos/include/mach/clk.h,62,"""ARM"",""ARM SAMSUNG"",""THE REST"""
arch/arm/mach-exynos/include/mach/clock.h,1395,"""ARM"",""ARM SAMSUNG"",""THE REST"""
arch/arm/mach-exynos/include/mach/cpu.h,323,"""ARM"",""ARM SAMSUNG"",""THE REST"""
arch/arm/mach-exynos/include/mach/dmc.h,501,"""ARM"",""ARM SAMSUNG"",""THE REST"""
arch/arm/mach-exynos/include/mach/dp.h,737,"""ARM"",""ARM SAMSUNG"",""THE REST"""
arch/arm/mach-exynos/include/mach/dp_info.h,200,"""ARM"",""ARM SAMSUNG"",""THE REST"""
arch/arm/mach-exynos/include/mach/dsim.h,167,"""ARM"",""ARM SAMSUNG"",""THE REST"""
arch/arm/mach-exynos/include/mach/dwmmc.h,29,"""ARM"",""ARM SAMSUNG"",""THE REST"""
arch/arm/mach-exynos/include/mach/ehci.h,79,"""ARM"",""ARM SAMSUNG"",""THE REST"""
arch/arm/mach-exynos/include/mach/fb.h,456,"""ARM"",""ARM SAMSUNG"",""THE REST"""
arch/arm/mach-exynos/include/mach/gpio.h,1547,"""ARM"",""ARM SAMSUNG"",""THE REST"""
arch/arm/mach-exynos/include/mach/i2s-regs.h,55,"""ARM"",""ARM SAMSUNG"",""THE REST"""
arch/arm/mach-exynos/include/mach/mipi_dsim.h,379,"""ARM"",""ARM SAMSUNG"",""THE REST"""
arch/arm/mach-exynos/include/mach/mmc.h,69,"""ARM"",""ARM SAMSUNG"",""THE REST"""
arch/arm/mach-exynos/include/mach/periph.h,61,"""ARM"",""ARM SAMSUNG"",""THE REST"""
arch/arm/mach-exynos/include/mach/pinmux.h,52,"""ARM"",""ARM SAMSUNG"",""THE REST"""
arch/arm/mach-exynos/include/mach/power.h,1757,"""ARM"",""ARM SAMSUNG"",""THE REST"""
arch/arm/mach-exynos/include/mach/pwm.h,54,"""ARM"",""ARM SAMSUNG"",""THE REST"""
arch/arm/mach-exynos/include/mach/pwm_backlight.h,20,"""ARM"",""ARM SAMSUNG"",""THE REST"""
arch/arm/mach-exynos/include/mach/sound.h,27,"""ARM"",""ARM SAMSUNG"",""THE REST"""
arch/arm/mach-exynos/include/mach/spi.h,75,"""ARM"",""ARM SAMSUNG"",""THE REST"""
arch/arm/mach-exynos/include/mach/spl.h,69,"""ARM"",""ARM SAMSUNG"",""THE REST"""
arch/arm/mach-exynos/include/mach/sromc.h,54,"""ARM"",""ARM SAMSUNG"",""THE REST"""
arch/arm/mach-exynos/include/mach/sys_proto.h,15,"""ARM"",""ARM SAMSUNG"",""THE REST"""
arch/arm/mach-exynos/include/mach/system.h,121,"""ARM"",""ARM SAMSUNG"",""THE REST"""
arch/arm/mach-exynos/include/mach/tmu.h,50,"""ARM"",""ARM SAMSUNG"",""THE REST"""
arch/arm/mach-exynos/include/mach/tzpc.h,57,"""ARM"",""ARM SAMSUNG"",""THE REST"""
arch/arm/mach-exynos/include/mach/uart.h,43,"""ARM"",""ARM SAMSUNG"",""THE REST"""
arch/arm/mach-exynos/include/mach/watchdog.h,40,"""ARM"",""ARM SAMSUNG"",""THE REST"""
arch/arm/mach-exynos/include/mach/xhci-exynos.h,87,"""ARM"",""ARM SAMSUNG"",""THE REST"""
arch/arm/mach-exynos/lowlevel_init.c,230,"""ARM"",""ARM SAMSUNG"",""THE REST"""
arch/arm/mach-exynos/mmu-arm64.c,31,"""ARM"",""ARM SAMSUNG"",""THE REST"""
arch/arm/mach-exynos/pinmux.c,937,"""ARM"",""ARM SAMSUNG"",""THE REST"""
arch/arm/mach-exynos/power.c,261,"""ARM"",""ARM SAMSUNG"",""THE REST"""
arch/arm/mach-exynos/sec_boot.S,127,"""ARM"",""ARM SAMSUNG"",""THE REST"""
arch/arm/mach-exynos/soc.c,34,"""ARM"",""ARM SAMSUNG"",""THE REST"""
arch/arm/mach-exynos/spl_boot.c,310,"""ARM"",""ARM SAMSUNG"",""THE REST"""
arch/arm/mach-exynos/system.c,70,"""ARM"",""ARM SAMSUNG"",""THE REST"""
arch/arm/mach-exynos/tzpc.c,40,"""ARM"",""ARM SAMSUNG"",""THE REST"""
arch/arm/mach-highbank/Kconfig,12,"""ARM"",""THE REST"""
arch/arm/mach-highbank/Makefile,6,"""ARM"",""THE REST"""
arch/arm/mach-highbank/timer.c,33,"""ARM"",""THE REST"""
arch/arm/mach-imx/Kconfig,80,"""ARM"",""ARM FREESCALE IMX"",""THE REST"""
arch/arm/mach-imx/Makefile,173,"""ARM"",""ARM FREESCALE IMX"",""THE REST"""
arch/arm/mach-imx/cache.c,148,"""ARM"",""ARM FREESCALE IMX"",""THE REST"""
arch/arm/mach-imx/cmd_bmode.c,105,"""ARM"",""ARM FREESCALE IMX"",""THE REST"""
arch/arm/mach-imx/cmd_dek.c,89,"""ARM"",""ARM FREESCALE IMX"",""THE REST"""
arch/arm/mach-imx/cmd_hdmidet.c,19,"""ARM"",""ARM FREESCALE IMX"",""THE REST"""
arch/arm/mach-imx/cpu.c,477,"""ARM"",""ARM FREESCALE IMX"",""THE REST"""
arch/arm/mach-imx/ddrmc-vf610.c,236,"""ARM"",""ARM FREESCALE IMX"",""THE REST"""
arch/arm/mach-imx/hab.c,651,"""ARM"",""ARM FREESCALE IMX"",""THE REST"""
arch/arm/mach-imx/i2c-mxv7.c,117,"""ARM"",""ARM FREESCALE IMX"",""THE REST"""
arch/arm/mach-imx/imx8/Kconfig,26,"""ARM"",""ARM FREESCALE IMX"",""THE REST"""
arch/arm/mach-imx/imx8/Makefile,7,"""ARM"",""ARM FREESCALE IMX"",""THE REST"""
arch/arm/mach-imx/imx8/clock.c,21,"""ARM"",""ARM FREESCALE IMX"",""THE REST"""
arch/arm/mach-imx/imx8/cpu.c,646,"""ARM"",""ARM FREESCALE IMX"",""THE REST"""
arch/arm/mach-imx/imx8/iomux.c,43,"""ARM"",""ARM FREESCALE IMX"",""THE REST"""
arch/arm/mach-imx/imx_bootaux.c,96,"""ARM"",""ARM FREESCALE IMX"",""THE REST"""
arch/arm/mach-imx/init.c,126,"""ARM"",""ARM FREESCALE IMX"",""THE REST"""
arch/arm/mach-imx/iomux-v3.c,148,"""ARM"",""ARM FREESCALE IMX"",""THE REST"""
arch/arm/mach-imx/mac.c,60,"""ARM"",""ARM FREESCALE IMX"",""THE REST"""
arch/arm/mach-imx/misc.c,73,"""ARM"",""ARM FREESCALE IMX"",""THE REST"""
arch/arm/mach-imx/mmc_env.c,29,"""ARM"",""ARM FREESCALE IMX"",""THE REST"""
arch/arm/mach-imx/mx2/Kconfig,30,"""ARM"",""ARM FREESCALE IMX"",""THE REST"""
arch/arm/mach-imx/mx3/Kconfig,34,"""ARM"",""ARM FREESCALE IMX"",""THE REST"""
arch/arm/mach-imx/mx5/Kconfig,100,"""ARM"",""ARM FREESCALE IMX"",""THE REST"""
arch/arm/mach-imx/mx5/Makefile,13,"""ARM"",""ARM FREESCALE IMX"",""THE REST"""
arch/arm/mach-imx/mx5/clock.c,979,"""ARM"",""ARM FREESCALE IMX"",""THE REST"""
arch/arm/mach-imx/mx5/lowlevel_init.S,428,"""ARM"",""ARM FREESCALE IMX"",""THE REST"""
arch/arm/mach-imx/mx5/mx53_dram.c,44,"""ARM"",""ARM FREESCALE IMX"",""THE REST"""
arch/arm/mach-imx/mx5/soc.c,115,"""ARM"",""ARM FREESCALE IMX"",""THE REST"""
arch/arm/mach-imx/mx6/Kconfig,574,"""ARM"",""ARM FREESCALE IMX"",""THE REST"""
arch/arm/mach-imx/mx6/Makefile,12,"""ARM"",""ARM FREESCALE IMX"",""THE REST"""
arch/arm/mach-imx/mx6/clock.c,1487,"""ARM"",""ARM FREESCALE IMX"",""THE REST"""
arch/arm/mach-imx/mx6/ddr.c,1561,"""ARM"",""ARM FREESCALE IMX"",""THE REST"""
arch/arm/mach-imx/mx6/litesom.c,199,"""ARM"",""ARM FREESCALE IMX"",""THE REST"""
arch/arm/mach-imx/mx6/mp.c,86,"""ARM"",""ARM FREESCALE IMX"",""THE REST"""
arch/arm/mach-imx/mx6/opos6ul.c,273,"""ARM"",""ARM FREESCALE IMX"",""THE REST"""
arch/arm/mach-imx/mx6/soc.c,682,"""ARM"",""ARM FREESCALE IMX"",""THE REST"""
arch/arm/mach-imx/mx7/Kconfig,74,"""ARM"",""ARM FREESCALE IMX"",""THE REST"""
arch/arm/mach-imx/mx7/Makefile,7,"""ARM"",""ARM FREESCALE IMX"",""THE REST"""
arch/arm/mach-imx/mx7/clock.c,1134,"""ARM"",""ARM FREESCALE IMX"",""THE REST"""
arch/arm/mach-imx/mx7/clock_slice.c,756,"""ARM"",""ARM FREESCALE IMX"",""THE REST"""
arch/arm/mach-imx/mx7/ddr.c,204,"""ARM"",""ARM FREESCALE IMX"",""THE REST"""
arch/arm/mach-imx/mx7/psci-mx7.c,688,"""ARM"",""ARM FREESCALE IMX"",""THE REST"""
arch/arm/mach-imx/mx7/psci-suspend.S,67,"""ARM"",""ARM FREESCALE IMX"",""THE REST"""
arch/arm/mach-imx/mx7/snvs.c,21,"""ARM"",""ARM FREESCALE IMX"",""THE REST"""
arch/arm/mach-imx/mx7/soc.c,375,"""ARM"",""ARM FREESCALE IMX"",""THE REST"""
arch/arm/mach-imx/mx7ulp/Kconfig,18,"""ARM"",""ARM FREESCALE IMX"",""THE REST"""
arch/arm/mach-imx/mx7ulp/Makefile,6,"""ARM"",""ARM FREESCALE IMX"",""THE REST"""
arch/arm/mach-imx/mx7ulp/clock.c,366,"""ARM"",""ARM FREESCALE IMX"",""THE REST"""
arch/arm/mach-imx/mx7ulp/iomux.c,69,"""ARM"",""ARM FREESCALE IMX"",""THE REST"""
arch/arm/mach-imx/mx7ulp/pcc.c,283,"""ARM"",""ARM FREESCALE IMX"",""THE REST"""
arch/arm/mach-imx/mx7ulp/scg.c,1087,"""ARM"",""ARM FREESCALE IMX"",""THE REST"""
arch/arm/mach-imx/mx7ulp/soc.c,246,"""ARM"",""ARM FREESCALE IMX"",""THE REST"""
arch/arm/mach-imx/mx8m/Kconfig,10,"""ARM"",""ARM FREESCALE IMX"",""THE REST"""
arch/arm/mach-imx/mx8m/Makefile,6,"""ARM"",""ARM FREESCALE IMX"",""THE REST"""
arch/arm/mach-imx/mx8m/clock.c,792,"""ARM"",""ARM FREESCALE IMX"",""THE REST"""
arch/arm/mach-imx/mx8m/clock_slice.c,739,"""ARM"",""ARM FREESCALE IMX"",""THE REST"""
arch/arm/mach-imx/mx8m/lowlevel_init.S,62,"""ARM"",""ARM FREESCALE IMX"",""THE REST"""
arch/arm/mach-imx/mx8m/soc.c,226,"""ARM"",""ARM FREESCALE IMX"",""THE REST"""
arch/arm/mach-imx/mxs/Kconfig,74,"""ARM"",""ARM FREESCALE IMX"",""THE REST"""
arch/arm/mach-imx/rdc-sema.c,182,"""ARM"",""ARM FREESCALE IMX"",""THE REST"""
arch/arm/mach-imx/sata.c,37,"""ARM"",""ARM FREESCALE IMX"",""THE REST"""
arch/arm/mach-imx/sip.c,22,"""ARM"",""ARM FREESCALE IMX"",""THE REST"""
arch/arm/mach-imx/speed.c,44,"""ARM"",""ARM FREESCALE IMX"",""THE REST"""
arch/arm/mach-imx/spl.c,246,"""ARM"",""ARM FREESCALE IMX"",""THE REST"""
arch/arm/mach-imx/spl_sd.cfg,17,"""ARM"",""ARM FREESCALE IMX"",""THE REST"""
arch/arm/mach-imx/syscounter.c,122,"""ARM"",""ARM FREESCALE IMX"",""THE REST"""
arch/arm/mach-imx/timer.c,135,"""ARM"",""ARM FREESCALE IMX"",""THE REST"""
arch/arm/mach-imx/video.c,64,"""ARM"",""ARM FREESCALE IMX"",""THE REST"""
arch/arm/mach-integrator/Kconfig,59,"""ARM"",""THE REST"""
arch/arm/mach-k3/Kconfig,69,"""ARM"",""ARM TI"",""THE REST"""
arch/arm/mach-k3/Makefile,9,"""ARM"",""ARM TI"",""THE REST"""
arch/arm/mach-k3/am6_init.c,186,"""ARM"",""ARM TI"",""THE REST"""
arch/arm/mach-k3/arm64-mmu.c,45,"""ARM"",""ARM TI"",""THE REST"""
arch/arm/mach-k3/common.c,52,"""ARM"",""ARM TI"",""THE REST"""
arch/arm/mach-k3/common.h,11,"""ARM"",""ARM TI"",""THE REST"""
arch/arm/mach-k3/config.mk,78,"""ARM"",""ARM TI"",""THE REST"""
arch/arm/mach-k3/include/mach/am6_hardware.h,50,"""ARM"",""ARM TI"",""THE REST"""
arch/arm/mach-k3/include/mach/am6_spl.h,36,"""ARM"",""ARM TI"",""THE REST"""
arch/arm/mach-k3/include/mach/clock.h,16,"""ARM"",""ARM TI"",""THE REST"""
arch/arm/mach-k3/include/mach/hardware.h,12,"""ARM"",""ARM TI"",""THE REST"""
arch/arm/mach-k3/include/mach/spl.h,12,"""ARM"",""ARM TI"",""THE REST"""
arch/arm/mach-k3/include/mach/sys_proto.h,14,"""ARM"",""ARM TI"",""THE REST"""
arch/arm/mach-k3/lowlevel_init.S,20,"""ARM"",""ARM TI"",""THE REST"""
arch/arm/mach-k3/r5_mpu.c,47,"""ARM"",""ARM TI"",""THE REST"""
arch/arm/mach-keystone/Kconfig,40,"""ARM"",""ARM TI"",""THE REST"""
arch/arm/mach-keystone/Makefile,21,"""ARM"",""ARM TI"",""THE REST"""
arch/arm/mach-keystone/clock.c,420,"""ARM"",""ARM TI"",""THE REST"""
arch/arm/mach-keystone/cmd_clock.c,137,"""ARM"",""ARM TI"",""THE REST"""
arch/arm/mach-keystone/cmd_mon.c,104,"""ARM"",""ARM TI"",""THE REST"""
arch/arm/mach-keystone/cmd_poweroff.c,27,"""ARM"",""ARM TI"",""THE REST"""
arch/arm/mach-keystone/config.mk,34,"""ARM"",""ARM TI"",""THE REST"""
arch/arm/mach-keystone/ddr3.c,448,"""ARM"",""ARM TI"",""THE REST"""
arch/arm/mach-keystone/ddr3_spd.c,469,"""ARM"",""ARM TI"",""THE REST"""
arch/arm/mach-keystone/include/mach/clock-k2e.h,34,"""ARM"",""ARM TI"",""THE REST"""
arch/arm/mach-keystone/include/mach/clock-k2g.h,19,"""ARM"",""ARM TI"",""THE REST"""
arch/arm/mach-keystone/include/mach/clock-k2hk.h,48,"""ARM"",""ARM TI"",""THE REST"""
arch/arm/mach-keystone/include/mach/clock-k2l.h,45,"""ARM"",""ARM TI"",""THE REST"""
arch/arm/mach-keystone/include/mach/clock.h,133,"""ARM"",""ARM TI"",""THE REST"""
arch/arm/mach-keystone/include/mach/clock_defs.h,132,"""ARM"",""ARM TI"",""THE REST"""
arch/arm/mach-keystone/include/mach/ddr3.h,84,"""ARM"",""ARM TI"",""THE REST"""
arch/arm/mach-keystone/include/mach/hardware-k2e.h,61,"""ARM"",""ARM TI"",""THE REST"""
arch/arm/mach-keystone/include/mach/hardware-k2g.h,109,"""ARM"",""ARM TI"",""THE REST"""
arch/arm/mach-keystone/include/mach/hardware-k2hk.h,101,"""ARM"",""ARM TI"",""THE REST"""
arch/arm/mach-keystone/include/mach/hardware-k2l.h,111,"""ARM"",""ARM TI"",""THE REST"""
arch/arm/mach-keystone/include/mach/hardware.h,397,"""ARM"",""ARM TI"",""THE REST"""
arch/arm/mach-keystone/include/mach/i2c_defs.h,16,"""ARM"",""ARM TI"",""THE REST"""
arch/arm/mach-keystone/include/mach/mmc_host_def.h,21,"""ARM"",""ARM TI"",""THE REST"""
arch/arm/mach-keystone/include/mach/mon.h,16,"""ARM"",""ARM TI"",""THE REST"""
arch/arm/mach-keystone/include/mach/msmc.h,44,"""ARM"",""ARM TI"",""THE REST"""
arch/arm/mach-keystone/include/mach/mux-k2g.h,57,"""ARM"",""ARM TI"",""THE REST"""
arch/arm/mach-keystone/include/mach/psc_defs.h,106,"""ARM"",""ARM TI"",""THE REST"""
arch/arm/mach-keystone/include/mach/xhci-keystone.h,20,"""ARM"",""ARM TI"",""THE REST"""
arch/arm/mach-keystone/init.c,259,"""ARM"",""ARM TI"",""THE REST"""
arch/arm/mach-keystone/keystone.c,57,"""ARM"",""ARM TI"",""THE REST"""
arch/arm/mach-keystone/mon.c,140,"""ARM"",""ARM TI"",""THE REST"""
arch/arm/mach-keystone/msmc.c,93,"""ARM"",""ARM TI"",""THE REST"""
arch/arm/mach-keystone/psc.c,338,"""ARM"",""ARM TI"",""THE REST"""
arch/arm/mach-kirkwood/Kconfig,93,"""ARM"",""ARM MARVELL KIRKWOOD ARMADA-XP ARMADA-38X ARMADA-37XX"",""THE REST"""
arch/arm/mach-kirkwood/Makefile,15,"""ARM"",""ARM MARVELL KIRKWOOD ARMADA-XP ARMADA-38X ARMADA-37XX"",""THE REST"""
arch/arm/mach-kirkwood/cache.c,18,"""ARM"",""ARM MARVELL KIRKWOOD ARMADA-XP ARMADA-38X ARMADA-37XX"",""THE REST"""
arch/arm/mach-kirkwood/cpu.c,320,"""ARM"",""ARM MARVELL KIRKWOOD ARMADA-XP ARMADA-38X ARMADA-37XX"",""THE REST"""
arch/arm/mach-kirkwood/include/mach/config.h,130,"""ARM"",""ARM MARVELL KIRKWOOD ARMADA-XP ARMADA-38X ARMADA-37XX"",""THE REST"""
arch/arm/mach-kirkwood/include/mach/cpu.h,153,"""ARM"",""ARM MARVELL KIRKWOOD ARMADA-XP ARMADA-38X ARMADA-37XX"",""THE REST"""
arch/arm/mach-kirkwood/include/mach/gpio.h,44,"""ARM"",""ARM MARVELL KIRKWOOD ARMADA-XP ARMADA-38X ARMADA-37XX"",""THE REST"""
arch/arm/mach-kirkwood/include/mach/kw88f6192.h,20,"""ARM"",""ARM MARVELL KIRKWOOD ARMADA-XP ARMADA-38X ARMADA-37XX"",""THE REST"""
arch/arm/mach-kirkwood/include/mach/kw88f6281.h,22,"""ARM"",""ARM MARVELL KIRKWOOD ARMADA-XP ARMADA-38X ARMADA-37XX"",""THE REST"""
arch/arm/mach-kirkwood/include/mach/mpp.h,300,"""ARM"",""ARM MARVELL KIRKWOOD ARMADA-XP ARMADA-38X ARMADA-37XX"",""THE REST"""
arch/arm/mach-kirkwood/include/mach/soc.h,73,"""ARM"",""ARM MARVELL KIRKWOOD ARMADA-XP ARMADA-38X ARMADA-37XX"",""THE REST"""
arch/arm/mach-kirkwood/mpp.c,90,"""ARM"",""ARM MARVELL KIRKWOOD ARMADA-XP ARMADA-38X ARMADA-37XX"",""THE REST"""
arch/arm/mach-mediatek/Kconfig,39,"""ARM"",""ARM MEDIATEK"",""THE REST"""
arch/arm/mach-mediatek/Makefile,7,"""ARM"",""ARM MEDIATEK"",""THE REST"""
arch/arm/mach-mediatek/cpu.c,34,"""ARM"",""ARM MEDIATEK"",""THE REST"""
arch/arm/mach-mediatek/init.h,11,"""ARM"",""ARM MEDIATEK"",""THE REST"""
arch/arm/mach-mediatek/mt7623/Makefile,4,"""ARM"",""ARM MEDIATEK"",""THE REST"""
arch/arm/mach-mediatek/mt7623/init.c,54,"""ARM"",""ARM MEDIATEK"",""THE REST"""
arch/arm/mach-mediatek/mt7623/lowlevel_init.S,22,"""ARM"",""ARM MEDIATEK"",""THE REST"""
arch/arm/mach-mediatek/mt7623/preloader.h,99,"""ARM"",""ARM MEDIATEK"",""THE REST"""
arch/arm/mach-mediatek/mt7629/Makefile,4,"""ARM"",""ARM MEDIATEK"",""THE REST"""
arch/arm/mach-mediatek/mt7629/init.c,128,"""ARM"",""ARM MEDIATEK"",""THE REST"""
arch/arm/mach-mediatek/mt7629/lowlevel_init.S,50,"""ARM"",""ARM MEDIATEK"",""THE REST"""
arch/arm/mach-mediatek/spl.c,43,"""ARM"",""ARM MEDIATEK"",""THE REST"""
arch/arm/mach-meson/Kconfig,82,"""ARM"",""THE REST"""
arch/arm/mach-meson/Makefile,7,"""ARM"",""THE REST"""
arch/arm/mach-meson/board-axg.c,118,"""ARM"",""THE REST"""
arch/arm/mach-meson/board-common.c,117,"""ARM"",""THE REST"""
arch/arm/mach-meson/board-gx.c,138,"""ARM"",""THE REST"""
arch/arm/mach-meson/sm.c,55,"""ARM"",""THE REST"""
arch/arm/mach-mvebu/.gitignore,1,"""ARM"",""ARM MARVELL KIRKWOOD ARMADA-XP ARMADA-38X ARMADA-37XX"",""THE REST"""
arch/arm/mach-mvebu/Kconfig,231,"""ARM"",""ARM MARVELL KIRKWOOD ARMADA-XP ARMADA-38X ARMADA-37XX"",""THE REST"""
arch/arm/mach-mvebu/Makefile,72,"""ARM"",""ARM MARVELL KIRKWOOD ARMADA-XP ARMADA-38X ARMADA-37XX"",""THE REST"""
arch/arm/mach-mvebu/arm64-common.c,146,"""ARM"",""ARM MARVELL KIRKWOOD ARMADA-XP ARMADA-38X ARMADA-37XX"",""THE REST"""
arch/arm/mach-mvebu/armada3700/Makefile,5,"""ARM"",""ARM MARVELL KIRKWOOD ARMADA-XP ARMADA-38X ARMADA-37XX"",""THE REST"""
arch/arm/mach-mvebu/armada3700/cpu.c,86,"""ARM"",""ARM MARVELL KIRKWOOD ARMADA-XP ARMADA-38X ARMADA-37XX"",""THE REST"""
arch/arm/mach-mvebu/armada8k/Makefile,6,"""ARM"",""ARM MARVELL KIRKWOOD ARMADA-XP ARMADA-38X ARMADA-37XX"",""THE REST"""
arch/arm/mach-mvebu/armada8k/cache_llc.S,37,"""ARM"",""ARM MARVELL KIRKWOOD ARMADA-XP ARMADA-38X ARMADA-37XX"",""THE REST"""
arch/arm/mach-mvebu/armada8k/cpu.c,151,"""ARM"",""ARM MARVELL KIRKWOOD ARMADA-XP ARMADA-38X ARMADA-37XX"",""THE REST"""
arch/arm/mach-mvebu/cpu.c,646,"""ARM"",""ARM MARVELL KIRKWOOD ARMADA-XP ARMADA-38X ARMADA-37XX"",""THE REST"""
arch/arm/mach-mvebu/dram.c,354,"""ARM"",""ARM MARVELL KIRKWOOD ARMADA-XP ARMADA-38X ARMADA-37XX"",""THE REST"""
arch/arm/mach-mvebu/efuse.c,263,"""ARM"",""ARM MARVELL KIRKWOOD ARMADA-XP ARMADA-38X ARMADA-37XX"",""THE REST"""
arch/arm/mach-mvebu/gpio.c,29,"""ARM"",""ARM MARVELL KIRKWOOD ARMADA-XP ARMADA-38X ARMADA-37XX"",""THE REST"""
arch/arm/mach-mvebu/include/mach/config.h,96,"""ARM"",""ARM MARVELL KIRKWOOD ARMADA-XP ARMADA-38X ARMADA-37XX"",""THE REST"""
arch/arm/mach-mvebu/include/mach/cpu.h,181,"""ARM"",""ARM MARVELL KIRKWOOD ARMADA-XP ARMADA-38X ARMADA-37XX"",""THE REST"""
arch/arm/mach-mvebu/include/mach/efuse.h,68,"""ARM"",""ARM MARVELL KIRKWOOD ARMADA-XP ARMADA-38X ARMADA-37XX"",""THE REST"""
arch/arm/mach-mvebu/include/mach/gpio.h,8,"""ARM"",""ARM MARVELL KIRKWOOD ARMADA-XP ARMADA-38X ARMADA-37XX"",""THE REST"""
arch/arm/mach-mvebu/include/mach/soc.h,173,"""ARM"",""ARM MARVELL KIRKWOOD ARMADA-XP ARMADA-38X ARMADA-37XX"",""THE REST"""
arch/arm/mach-mvebu/kwbimage.cfg.in,12,"""ARM"",""ARM MARVELL KIRKWOOD ARMADA-XP ARMADA-38X ARMADA-37XX"",""THE REST"""
arch/arm/mach-mvebu/lowlevel_spl.S,69,"""ARM"",""ARM MARVELL KIRKWOOD ARMADA-XP ARMADA-38X ARMADA-37XX"",""THE REST"""
arch/arm/mach-mvebu/mbus.c,520,"""ARM"",""ARM MARVELL KIRKWOOD ARMADA-XP ARMADA-38X ARMADA-37XX"",""THE REST"""
arch/arm/mach-mvebu/serdes/a38x/Makefile,7,"""ARM"",""ARM MARVELL KIRKWOOD ARMADA-XP ARMADA-38X ARMADA-37XX"",""THE REST"""
arch/arm/mach-mvebu/serdes/a38x/ctrl_pex.c,353,"""ARM"",""ARM MARVELL KIRKWOOD ARMADA-XP ARMADA-38X ARMADA-37XX"",""THE REST"""
arch/arm/mach-mvebu/serdes/a38x/ctrl_pex.h,88,"""ARM"",""ARM MARVELL KIRKWOOD ARMADA-XP ARMADA-38X ARMADA-37XX"",""THE REST"""
arch/arm/mach-mvebu/serdes/a38x/high_speed_env_spec-38x.c,154,"""ARM"",""ARM MARVELL KIRKWOOD ARMADA-XP ARMADA-38X ARMADA-37XX"",""THE REST"""
arch/arm/mach-mvebu/serdes/a38x/high_speed_env_spec.c,2201,"""ARM"",""ARM MARVELL KIRKWOOD ARMADA-XP ARMADA-38X ARMADA-37XX"",""THE REST"""
arch/arm/mach-mvebu/serdes/a38x/high_speed_env_spec.h,250,"""ARM"",""ARM MARVELL KIRKWOOD ARMADA-XP ARMADA-38X ARMADA-37XX"",""THE REST"""
arch/arm/mach-mvebu/serdes/a38x/seq_exec.c,168,"""ARM"",""ARM MARVELL KIRKWOOD ARMADA-XP ARMADA-38X ARMADA-37XX"",""THE REST"""
arch/arm/mach-mvebu/serdes/a38x/seq_exec.h,64,"""ARM"",""ARM MARVELL KIRKWOOD ARMADA-XP ARMADA-38X ARMADA-37XX"",""THE REST"""
arch/arm/mach-mvebu/serdes/a38x/sys_env_lib.c,258,"""ARM"",""ARM MARVELL KIRKWOOD ARMADA-XP ARMADA-38X ARMADA-37XX"",""THE REST"""
arch/arm/mach-mvebu/serdes/a38x/sys_env_lib.h,369,"""ARM"",""ARM MARVELL KIRKWOOD ARMADA-XP ARMADA-38X ARMADA-37XX"",""THE REST"""
arch/arm/mach-mvebu/serdes/axp/Makefile,4,"""ARM"",""ARM MARVELL KIRKWOOD ARMADA-XP ARMADA-38X ARMADA-37XX"",""THE REST"""
arch/arm/mach-mvebu/serdes/axp/board_env_spec.h,261,"""ARM"",""ARM MARVELL KIRKWOOD ARMADA-XP ARMADA-38X ARMADA-37XX"",""THE REST"""
arch/arm/mach-mvebu/serdes/axp/high_speed_env_lib.c,1610,"""ARM"",""ARM MARVELL KIRKWOOD ARMADA-XP ARMADA-38X ARMADA-37XX"",""THE REST"""
arch/arm/mach-mvebu/serdes/axp/high_speed_env_spec.c,183,"""ARM"",""ARM MARVELL KIRKWOOD ARMADA-XP ARMADA-38X ARMADA-37XX"",""THE REST"""
arch/arm/mach-mvebu/serdes/axp/high_speed_env_spec.h,86,"""ARM"",""ARM MARVELL KIRKWOOD ARMADA-XP ARMADA-38X ARMADA-37XX"",""THE REST"""
arch/arm/mach-mvebu/spl.c,139,"""ARM"",""ARM MARVELL KIRKWOOD ARMADA-XP ARMADA-38X ARMADA-37XX"",""THE REST"""
arch/arm/mach-mvebu/timer.c,39,"""ARM"",""ARM MARVELL KIRKWOOD ARMADA-XP ARMADA-38X ARMADA-37XX"",""THE REST"""
arch/arm/mach-omap2/Kconfig,193,"""ARM"",""THE REST"""
arch/arm/mach-omap2/Makefile,48,"""ARM"",""THE REST"""
arch/arm/mach-omap2/abb.c,120,"""ARM"",""THE REST"""
arch/arm/mach-omap2/am33xx/Kconfig,306,"""ARM"",""THE REST"""
arch/arm/mach-omap2/am33xx/Makefile,28,"""ARM"",""THE REST"""
arch/arm/mach-omap2/am33xx/board.c,555,"""ARM"",""THE REST"""
arch/arm/mach-omap2/am33xx/chilisom.c,184,"""ARM"",""THE REST"""
arch/arm/mach-omap2/am33xx/clk_synthesizer.c,137,"""ARM"",""THE REST"""
arch/arm/mach-omap2/am33xx/clock.c,255,"""ARM"",""THE REST"""
arch/arm/mach-omap2/am33xx/clock_am33xx.c,309,"""ARM"",""THE REST"""
arch/arm/mach-omap2/am33xx/clock_am43xx.c,251,"""ARM"",""THE REST"""
arch/arm/mach-omap2/am33xx/clock_ti814x.c,409,"""ARM"",""THE REST"""
arch/arm/mach-omap2/am33xx/clock_ti816x.c,406,"""ARM"",""THE REST"""
arch/arm/mach-omap2/am33xx/ddr.c,389,"""ARM"",""THE REST"""
arch/arm/mach-omap2/am33xx/emif4.c,113,"""ARM"",""THE REST"""
arch/arm/mach-omap2/am33xx/fdt.c,42,"""ARM"",""THE REST"""
arch/arm/mach-omap2/am33xx/hw_data.c,18,"""ARM"",""THE REST"""
arch/arm/mach-omap2/am33xx/mux.c,47,"""ARM"",""THE REST"""
arch/arm/mach-omap2/am33xx/prcm-regs.c,14,"""ARM"",""THE REST"""
arch/arm/mach-omap2/am33xx/sys_info.c,214,"""ARM"",""THE REST"""
arch/arm/mach-omap2/am33xx/ti816x_emif4.c,164,"""ARM"",""THE REST"""
arch/arm/mach-omap2/boot-common.c,238,"""ARM"",""THE REST"""
arch/arm/mach-omap2/clocks-common.c,923,"""ARM"",""THE REST"""
arch/arm/mach-omap2/config.mk,67,"""ARM"",""THE REST"""
arch/arm/mach-omap2/config_secure.mk,124,"""ARM"",""THE REST"",""TI SYSTEM SECURITY"""
arch/arm/mach-omap2/emif-common.c,1590,"""ARM"",""THE REST"""
arch/arm/mach-omap2/fdt-common.c,167,"""ARM"",""THE REST"""
arch/arm/mach-omap2/hwinit-common.c,350,"""ARM"",""THE REST"""
arch/arm/mach-omap2/lowlevel_init.S,89,"""ARM"",""THE REST"""
arch/arm/mach-omap2/mem-common.c,173,"""ARM"",""THE REST"""
arch/arm/mach-omap2/omap-cache.c,80,"""ARM"",""THE REST"""
arch/arm/mach-omap2/omap3/Kconfig,218,"""ARM"",""THE REST"""
arch/arm/mach-omap2/omap3/Makefile,24,"""ARM"",""THE REST"""
arch/arm/mach-omap2/omap3/am35x_musb.c,60,"""ARM"",""THE REST"""
arch/arm/mach-omap2/omap3/board.c,450,"""ARM"",""THE REST"""
arch/arm/mach-omap2/omap3/boot.c,103,"""ARM"",""THE REST"""
arch/arm/mach-omap2/omap3/clock.c,798,"""ARM"",""THE REST"""
arch/arm/mach-omap2/omap3/emac.c,28,"""ARM"",""THE REST"""
arch/arm/mach-omap2/omap3/emif4.c,166,"""ARM"",""THE REST"""
arch/arm/mach-omap2/omap3/hw_data.c,18,"""ARM"",""THE REST"""
arch/arm/mach-omap2/omap3/lowlevel_init.S,476,"""ARM"",""THE REST"""
arch/arm/mach-omap2/omap3/prcm-regs.c,14,"""ARM"",""THE REST"""
arch/arm/mach-omap2/omap3/sdrc.c,242,"""ARM"",""THE REST"""
arch/arm/mach-omap2/omap3/spl_id_nand.c,56,"""ARM"",""THE REST"""
arch/arm/mach-omap2/omap3/sys_info.c,373,"""ARM"",""THE REST"""
arch/arm/mach-omap2/omap4/Kconfig,29,"""ARM"",""THE REST"""
arch/arm/mach-omap2/omap4/Makefile,11,"""ARM"",""THE REST"""
arch/arm/mach-omap2/omap4/boot.c,104,"""ARM"",""THE REST"""
arch/arm/mach-omap2/omap4/emif.c,110,"""ARM"",""THE REST"""
arch/arm/mach-omap2/omap4/hw_data.c,461,"""ARM"",""THE REST"""
arch/arm/mach-omap2/omap4/hwinit.c,187,"""ARM"",""THE REST"""
arch/arm/mach-omap2/omap4/prcm-regs.c,306,"""ARM"",""THE REST"""
arch/arm/mach-omap2/omap4/sdram_elpida.c,323,"""ARM"",""THE REST"""
arch/arm/mach-omap2/omap5/Kconfig,169,"""ARM"",""THE REST"""
arch/arm/mach-omap2/omap5/Makefile,15,"""ARM"",""THE REST"""
arch/arm/mach-omap2/omap5/abb.c,56,"""ARM"",""THE REST"""
arch/arm/mach-omap2/omap5/boot.c,45,"""ARM"",""THE REST"""
arch/arm/mach-omap2/omap5/dra7xx_iodelay.c,303,"""ARM"",""THE REST"""
arch/arm/mach-omap2/omap5/emif.c,87,"""ARM"",""THE REST"""
arch/arm/mach-omap2/omap5/fdt.c,298,"""ARM"",""THE REST"""
arch/arm/mach-omap2/omap5/hw_data.c,811,"""ARM"",""THE REST"""
arch/arm/mach-omap2/omap5/hwinit.c,508,"""ARM"",""THE REST"""
arch/arm/mach-omap2/omap5/prcm-regs.c,1023,"""ARM"",""THE REST"""
arch/arm/mach-omap2/omap5/sdram.c,749,"""ARM"",""THE REST"""
arch/arm/mach-omap2/omap5/sec_entry_cpu1.S,122,"""ARM"",""THE REST"",""TI SYSTEM SECURITY"""
arch/arm/mach-omap2/pipe3-phy.c,230,"""ARM"",""THE REST"""
arch/arm/mach-omap2/pipe3-phy.h,35,"""ARM"",""THE REST"""
arch/arm/mach-omap2/reset.c,28,"""ARM"",""THE REST"""
arch/arm/mach-omap2/sata.c,71,"""ARM"",""THE REST"""
arch/arm/mach-omap2/sec-common.c,376,"""ARM"",""THE REST"",""TI SYSTEM SECURITY"""
arch/arm/mach-omap2/sysinfo-common.c,29,"""ARM"",""THE REST"""
arch/arm/mach-omap2/timer.c,103,"""ARM"",""THE REST"""
arch/arm/mach-omap2/u-boot-spl.lds,58,"""ARM"",""THE REST"""
arch/arm/mach-omap2/utils.c,236,"""ARM"",""THE REST"""
arch/arm/mach-omap2/vc.c,145,"""ARM"",""THE REST"""
arch/arm/mach-orion5x/Kconfig,21,"""ARM"",""THE REST"""
arch/arm/mach-orion5x/Makefile,26,"""ARM"",""THE REST"""
arch/arm/mach-orion5x/cpu.c,295,"""ARM"",""THE REST"""
arch/arm/mach-orion5x/dram.c,56,"""ARM"",""THE REST"""
arch/arm/mach-orion5x/include/mach/cpu.h,242,"""ARM"",""THE REST"""
arch/arm/mach-orion5x/include/mach/mv88f5182.h,23,"""ARM"",""THE REST"""
arch/arm/mach-orion5x/include/mach/orion5x.h,66,"""ARM"",""THE REST"""
arch/arm/mach-orion5x/lowlevel_init.S,286,"""ARM"",""THE REST"""
arch/arm/mach-orion5x/timer.c,170,"""ARM"",""THE REST"""
arch/arm/mach-owl/Kconfig,27,"""ARM"",""ARM OWL"",""THE REST"""
arch/arm/mach-owl/Makefile,3,"""ARM"",""ARM OWL"",""THE REST"""
arch/arm/mach-owl/sysmap-s900.c,32,"""ARM"",""ARM OWL"",""THE REST"""
arch/arm/mach-qemu/Kconfig,24,"""ARM"",""THE REST"""
arch/arm/mach-rmobile/Kconfig,27,"""ARM"",""ARM RENESAS RMOBILE/R-CAR"",""THE REST"""
arch/arm/mach-rmobile/Kconfig.32,162,"""ARM"",""ARM RENESAS RMOBILE/R-CAR"",""THE REST"""
arch/arm/mach-rmobile/Kconfig.64,63,"""ARM"",""ARM RENESAS RMOBILE/R-CAR"",""THE REST"""
arch/arm/mach-rmobile/Makefile,15,"""ARM"",""ARM RENESAS RMOBILE/R-CAR"",""THE REST"""
arch/arm/mach-rmobile/board.c,15,"""ARM"",""ARM RENESAS RMOBILE/R-CAR"",""THE REST"""
arch/arm/mach-rmobile/cpu_info-r8a7740.c,31,"""ARM"",""ARM RENESAS RMOBILE/R-CAR"",""THE REST"""
arch/arm/mach-rmobile/cpu_info-rcar.c,46,"""ARM"",""ARM RENESAS RMOBILE/R-CAR"",""THE REST"""
arch/arm/mach-rmobile/cpu_info-sh73a0.c,43,"""ARM"",""ARM RENESAS RMOBILE/R-CAR"",""THE REST"""
arch/arm/mach-rmobile/cpu_info.c,108,"""ARM"",""ARM RENESAS RMOBILE/R-CAR"",""THE REST"""
arch/arm/mach-rmobile/emac.c,20,"""ARM"",""ARM RENESAS RMOBILE/R-CAR"",""THE REST"""
arch/arm/mach-rmobile/include/mach/boot0.h,23,"""ARM"",""ARM RENESAS RMOBILE/R-CAR"",""THE REST"""
arch/arm/mach-rmobile/include/mach/ehci-rmobile.h,146,"""ARM"",""ARM RENESAS RMOBILE/R-CAR"",""THE REST"""
arch/arm/mach-rmobile/include/mach/gpio.h,12,"""ARM"",""ARM RENESAS RMOBILE/R-CAR"",""THE REST"""
arch/arm/mach-rmobile/include/mach/irqs.h,18,"""ARM"",""ARM RENESAS RMOBILE/R-CAR"",""THE REST"""
arch/arm/mach-rmobile/include/mach/mmc.h,13,"""ARM"",""ARM RENESAS RMOBILE/R-CAR"",""THE REST"""
arch/arm/mach-rmobile/include/mach/r8a7740-gpio.h,572,"""ARM"",""ARM RENESAS RMOBILE/R-CAR"",""THE REST"""
arch/arm/mach-rmobile/include/mach/r8a7740.h,274,"""ARM"",""ARM RENESAS RMOBILE/R-CAR"",""THE REST"""
arch/arm/mach-rmobile/include/mach/r8a7790.h,40,"""ARM"",""ARM RENESAS RMOBILE/R-CAR"",""THE REST"""
arch/arm/mach-rmobile/include/mach/r8a7791.h,75,"""ARM"",""ARM RENESAS RMOBILE/R-CAR"",""THE REST"""
arch/arm/mach-rmobile/include/mach/r8a7792.h,33,"""ARM"",""ARM RENESAS RMOBILE/R-CAR"",""THE REST"""
arch/arm/mach-rmobile/include/mach/r8a7793.h,81,"""ARM"",""ARM RENESAS RMOBILE/R-CAR"",""THE REST"""
arch/arm/mach-rmobile/include/mach/r8a7794.h,38,"""ARM"",""ARM RENESAS RMOBILE/R-CAR"",""THE REST"""
arch/arm/mach-rmobile/include/mach/rcar-base.h,1046,"""ARM"",""ARM RENESAS RMOBILE/R-CAR"",""THE REST"""
arch/arm/mach-rmobile/include/mach/rcar-gen3-base.h,98,"""ARM"",""ARM RENESAS RMOBILE/R-CAR"",""THE REST"""
arch/arm/mach-rmobile/include/mach/rcar-mstp.h,108,"""ARM"",""ARM RENESAS RMOBILE/R-CAR"",""THE REST"""
arch/arm/mach-rmobile/include/mach/rmobile.h,47,"""ARM"",""ARM RENESAS RMOBILE/R-CAR"",""THE REST"""
arch/arm/mach-rmobile/include/mach/sh73a0-gpio.h,553,"""ARM"",""ARM RENESAS RMOBILE/R-CAR"",""THE REST"""
arch/arm/mach-rmobile/include/mach/sh73a0.h,289,"""ARM"",""ARM RENESAS RMOBILE/R-CAR"",""THE REST"""
arch/arm/mach-rmobile/include/mach/sh_sdhi.h,169,"""ARM"",""ARM RENESAS RMOBILE/R-CAR"",""THE REST"""
arch/arm/mach-rmobile/include/mach/sys_proto.h,10,"""ARM"",""ARM RENESAS RMOBILE/R-CAR"",""THE REST"""
arch/arm/mach-rmobile/lowlevel_init.S,71,"""ARM"",""ARM RENESAS RMOBILE/R-CAR"",""THE REST"""
arch/arm/mach-rmobile/lowlevel_init_ca15.S,90,"""ARM"",""ARM RENESAS RMOBILE/R-CAR"",""THE REST"""
arch/arm/mach-rmobile/lowlevel_init_gen3.S,82,"""ARM"",""ARM RENESAS RMOBILE/R-CAR"",""THE REST"""
arch/arm/mach-rmobile/memmap-gen3.c,147,"""ARM"",""ARM RENESAS RMOBILE/R-CAR"",""THE REST"""
arch/arm/mach-rmobile/pfc-r8a7740.c,2612,"""ARM"",""ARM RENESAS RMOBILE/R-CAR"",""THE REST"""
arch/arm/mach-rmobile/pfc-r8a7790.h,139,"""ARM"",""ARM RENESAS RMOBILE/R-CAR"",""THE REST"""
arch/arm/mach-rmobile/pfc-sh73a0.c,2807,"""ARM"",""ARM RENESAS RMOBILE/R-CAR"",""THE REST"""
arch/arm/mach-rmobile/timer.c,84,"""ARM"",""ARM RENESAS RMOBILE/R-CAR"",""THE REST"""
arch/arm/mach-rockchip/Kconfig,253,"""ARM"",""ARM ROCKCHIP"",""THE REST"""
arch/arm/mach-rockchip/Makefile,64,"""ARM"",""ARM ROCKCHIP"",""THE REST"""
arch/arm/mach-rockchip/boot_mode.c,86,"""ARM"",""ARM ROCKCHIP"",""THE REST"""
arch/arm/mach-rockchip/bootrom.c,108,"""ARM"",""ARM ROCKCHIP"",""THE REST"""
arch/arm/mach-rockchip/fit_spl_optee.its,50,"""ARM"",""ARM ROCKCHIP"",""THE REST"""
arch/arm/mach-rockchip/make_fit_atf.py,220,"""ARM"",""ARM ROCKCHIP"",""THE REST"""
arch/arm/mach-rockchip/rk3036-board-spl.c,52,"""ARM"",""ARM ROCKCHIP"",""THE REST"""
arch/arm/mach-rockchip/rk3036-board.c,103,"""ARM"",""ARM ROCKCHIP"",""THE REST"""
arch/arm/mach-rockchip/rk3036/Kconfig,23,"""ARM"",""ARM ROCKCHIP"",""THE REST"""
arch/arm/mach-rockchip/rk3036/Makefile,13,"""ARM"",""ARM ROCKCHIP"",""THE REST"""
arch/arm/mach-rockchip/rk3036/clk_rk3036.c,32,"""ARM"",""ARM ROCKCHIP"",""THE REST"""
arch/arm/mach-rockchip/rk3036/sdram_rk3036.c,766,"""ARM"",""ARM ROCKCHIP"",""THE REST"""
arch/arm/mach-rockchip/rk3036/syscon_rk3036.c,20,"""ARM"",""ARM ROCKCHIP"",""THE REST"""
arch/arm/mach-rockchip/rk3128-board.c,126,"""ARM"",""ARM ROCKCHIP"",""THE REST"""
arch/arm/mach-rockchip/rk3128/Kconfig,24,"""ARM"",""ARM ROCKCHIP"",""THE REST"""
arch/arm/mach-rockchip/rk3128/Makefile,9,"""ARM"",""ARM ROCKCHIP"",""THE REST"""
arch/arm/mach-rockchip/rk3128/clk_rk3128.c,31,"""ARM"",""ARM ROCKCHIP"",""THE REST"""
arch/arm/mach-rockchip/rk3128/rk3128.c,11,"""ARM"",""ARM ROCKCHIP"",""THE REST"""
arch/arm/mach-rockchip/rk3128/syscon_rk3128.c,20,"""ARM"",""ARM ROCKCHIP"",""THE REST"""
arch/arm/mach-rockchip/rk3188-board-spl.c,258,"""ARM"",""ARM ROCKCHIP"",""THE REST"""
arch/arm/mach-rockchip/rk3188-board.c,84,"""ARM"",""ARM ROCKCHIP"",""THE REST"""
arch/arm/mach-rockchip/rk3188/Kconfig,35,"""ARM"",""ARM ROCKCHIP"",""THE REST"""
arch/arm/mach-rockchip/rk3188/Makefile,10,"""ARM"",""ARM ROCKCHIP"",""THE REST"""
arch/arm/mach-rockchip/rk3188/clk_rk3188.c,32,"""ARM"",""ARM ROCKCHIP"",""THE REST"""
arch/arm/mach-rockchip/rk3188/syscon_rk3188.c,54,"""ARM"",""ARM ROCKCHIP"",""THE REST"""
arch/arm/mach-rockchip/rk322x-board-spl.c,98,"""ARM"",""ARM ROCKCHIP"",""THE REST"""
arch/arm/mach-rockchip/rk322x-board.c,154,"""ARM"",""ARM ROCKCHIP"",""THE REST"""
arch/arm/mach-rockchip/rk322x/Kconfig,18,"""ARM"",""ARM ROCKCHIP"",""THE REST"""
arch/arm/mach-rockchip/rk322x/Makefile,9,"""ARM"",""ARM ROCKCHIP"",""THE REST"""
arch/arm/mach-rockchip/rk322x/clk_rk322x.c,31,"""ARM"",""ARM ROCKCHIP"",""THE REST"""
arch/arm/mach-rockchip/rk322x/syscon_rk322x.c,21,"""ARM"",""ARM ROCKCHIP"",""THE REST"""
arch/arm/mach-rockchip/rk3288-board-spl.c,303,"""ARM"",""ARM ROCKCHIP"",""THE REST"""
arch/arm/mach-rockchip/rk3288-board-tpl.c,81,"""ARM"",""ARM ROCKCHIP"",""THE REST"""
arch/arm/mach-rockchip/rk3288-board.c,359,"""ARM"",""ARM ROCKCHIP"",""THE REST"""
arch/arm/mach-rockchip/rk3288/Kconfig,177,"""ARM"",""ARM ROCKCHIP"",""THE REST"""
arch/arm/mach-rockchip/rk3288/Makefile,9,"""ARM"",""ARM ROCKCHIP"",""THE REST"""
arch/arm/mach-rockchip/rk3288/clk_rk3288.c,32,"""ARM"",""ARM ROCKCHIP"",""THE REST"""
arch/arm/mach-rockchip/rk3288/rk3288.c,18,"""ARM"",""ARM ROCKCHIP"",""THE REST"""
arch/arm/mach-rockchip/rk3288/syscon_rk3288.c,62,"""ARM"",""ARM ROCKCHIP"",""THE REST"""
arch/arm/mach-rockchip/rk3288/u-boot-tpl.lds,9,"""ARM"",""ARM ROCKCHIP"",""THE REST"""
arch/arm/mach-rockchip/rk3328/Kconfig,23,"""ARM"",""ARM ROCKCHIP"",""THE REST"""
arch/arm/mach-rockchip/rk3328/Makefile,9,"""ARM"",""ARM ROCKCHIP"",""THE REST"""
arch/arm/mach-rockchip/rk3328/clk_rk3328.c,30,"""ARM"",""ARM ROCKCHIP"",""THE REST"""
arch/arm/mach-rockchip/rk3328/rk3328.c,51,"""ARM"",""ARM ROCKCHIP"",""THE REST"""
arch/arm/mach-rockchip/rk3328/syscon_rk3328.c,20,"""ARM"",""ARM ROCKCHIP"",""THE REST"""
arch/arm/mach-rockchip/rk3368-board-spl.c,70,"""ARM"",""ARM ROCKCHIP"",""THE REST"""
arch/arm/mach-rockchip/rk3368-board-tpl.c,154,"""ARM"",""ARM ROCKCHIP"",""THE REST"""
arch/arm/mach-rockchip/rk3368/Kconfig,56,"""ARM"",""ARM ROCKCHIP"",""THE REST"""
arch/arm/mach-rockchip/rk3368/Makefile,6,"""ARM"",""ARM ROCKCHIP"",""THE REST"""
arch/arm/mach-rockchip/rk3368/clk_rk3368.c,32,"""ARM"",""ARM ROCKCHIP"",""THE REST"""
arch/arm/mach-rockchip/rk3368/rk3368.c,98,"""ARM"",""ARM ROCKCHIP"",""THE REST"""
arch/arm/mach-rockchip/rk3368/syscon_rk3368.c,67,"""ARM"",""ARM ROCKCHIP"",""THE REST"""
arch/arm/mach-rockchip/rk3368/u-boot-tpl.lds,12,"""ARM"",""ARM ROCKCHIP"",""THE REST"""
arch/arm/mach-rockchip/rk3399-board-spl.c,224,"""ARM"",""ARM ROCKCHIP"",""THE REST"""
arch/arm/mach-rockchip/rk3399-board.c,13,"""ARM"",""ARM ROCKCHIP"",""THE REST"""
arch/arm/mach-rockchip/rk3399/Kconfig,68,"""ARM"",""ARM ROCKCHIP"",""THE REST"""
arch/arm/mach-rockchip/rk3399/Makefile,9,"""ARM"",""ARM ROCKCHIP"",""THE REST"""
arch/arm/mach-rockchip/rk3399/clk_rk3399.c,53,"""ARM"",""ARM ROCKCHIP"",""THE REST"""
arch/arm/mach-rockchip/rk3399/rk3399.c,56,"""ARM"",""ARM ROCKCHIP"",""THE REST"""
arch/arm/mach-rockchip/rk3399/syscon_rk3399.c,61,"""ARM"",""ARM ROCKCHIP"",""THE REST"""
arch/arm/mach-rockchip/rk_timer.c,47,"""ARM"",""ARM ROCKCHIP"",""THE REST"""
arch/arm/mach-rockchip/rv1108-board.c,81,"""ARM"",""ARM ROCKCHIP"",""THE REST"""
arch/arm/mach-rockchip/rv1108/Kconfig,34,"""ARM"",""ARM ROCKCHIP"",""THE REST"""
arch/arm/mach-rockchip/rv1108/Makefile,11,"""ARM"",""ARM ROCKCHIP"",""THE REST"""
arch/arm/mach-rockchip/rv1108/clk_rv1108.c,32,"""ARM"",""ARM ROCKCHIP"",""THE REST"""
arch/arm/mach-rockchip/rv1108/rv1108.c,15,"""ARM"",""ARM ROCKCHIP"",""THE REST"""
arch/arm/mach-rockchip/rv1108/syscon_rv1108.c,20,"""ARM"",""ARM ROCKCHIP"",""THE REST"""
arch/arm/mach-rockchip/sdram_common.c,82,"""ARM"",""ARM ROCKCHIP"",""THE REST"""
arch/arm/mach-rockchip/spl-boot-order.c,153,"""ARM"",""ARM ROCKCHIP"",""THE REST"""
arch/arm/mach-s5pc1xx/Kconfig,23,"""ARM"",""ARM SAMSUNG"",""THE REST"""
arch/arm/mach-s5pc1xx/Makefile,12,"""ARM"",""ARM SAMSUNG"",""THE REST"""
arch/arm/mach-s5pc1xx/cache.c,46,"""ARM"",""ARM SAMSUNG"",""THE REST"""
arch/arm/mach-s5pc1xx/clock.c,326,"""ARM"",""ARM SAMSUNG"",""THE REST"""
arch/arm/mach-s5pc1xx/include/mach/clk.h,23,"""ARM"",""ARM SAMSUNG"",""THE REST"""
arch/arm/mach-s5pc1xx/include/mach/clock.h,79,"""ARM"",""ARM SAMSUNG"",""THE REST"""
arch/arm/mach-s5pc1xx/include/mach/cpu.h,102,"""ARM"",""ARM SAMSUNG"",""THE REST"""
arch/arm/mach-s5pc1xx/include/mach/gpio.h,842,"""ARM"",""ARM SAMSUNG"",""THE REST"""
arch/arm/mach-s5pc1xx/include/mach/mmc.h,64,"""ARM"",""ARM SAMSUNG"",""THE REST"""
arch/arm/mach-s5pc1xx/include/mach/periph.h,60,"""ARM"",""ARM SAMSUNG"",""THE REST"""
arch/arm/mach-s5pc1xx/include/mach/pinmux.h,49,"""ARM"",""ARM SAMSUNG"",""THE REST"""
arch/arm/mach-s5pc1xx/include/mach/power.h,27,"""ARM"",""ARM SAMSUNG"",""THE REST"""
arch/arm/mach-s5pc1xx/include/mach/pwm.h,54,"""ARM"",""ARM SAMSUNG"",""THE REST"""
arch/arm/mach-s5pc1xx/include/mach/sromc.h,39,"""ARM"",""ARM SAMSUNG"",""THE REST"""
arch/arm/mach-s5pc1xx/include/mach/sys_proto.h,12,"""ARM"",""ARM SAMSUNG"",""THE REST"""
arch/arm/mach-s5pc1xx/include/mach/uart.h,43,"""ARM"",""ARM SAMSUNG"",""THE REST"""
arch/arm/mach-s5pc1xx/include/mach/watchdog.h,41,"""ARM"",""ARM SAMSUNG"",""THE REST"""
arch/arm/mach-s5pc1xx/reset.S,31,"""ARM"",""ARM SAMSUNG"",""THE REST"""
arch/arm/mach-snapdragon/Kconfig,43,"""ARM"",""ARM SNAPDRAGON"",""THE REST"""
arch/arm/mach-snapdragon/Makefile,13,"""ARM"",""ARM SNAPDRAGON"",""THE REST"""
arch/arm/mach-snapdragon/clock-apq8016.c,113,"""ARM"",""ARM SNAPDRAGON"",""THE REST"""
arch/arm/mach-snapdragon/clock-apq8096.c,61,"""ARM"",""ARM SNAPDRAGON"",""THE REST"""
arch/arm/mach-snapdragon/clock-snapdragon.c,148,"""ARM"",""ARM SNAPDRAGON"",""THE REST"""
arch/arm/mach-snapdragon/clock-snapdragon.h,45,"""ARM"",""ARM SNAPDRAGON"",""THE REST"""
arch/arm/mach-snapdragon/dram.c,98,"""ARM"",""ARM SNAPDRAGON"",""THE REST"""
arch/arm/mach-snapdragon/include/mach/dram.h,12,"""ARM"",""ARM SNAPDRAGON"",""THE REST"""
arch/arm/mach-snapdragon/include/mach/gpio.h,8,"""ARM"",""ARM SNAPDRAGON"",""THE REST"""
arch/arm/mach-snapdragon/include/mach/misc.h,13,"""ARM"",""ARM SNAPDRAGON"",""THE REST"""
arch/arm/mach-snapdragon/include/mach/sysmap-apq8016.h,39,"""ARM"",""ARM SNAPDRAGON"",""THE REST"""
arch/arm/mach-snapdragon/include/mach/sysmap-apq8096.h,28,"""ARM"",""ARM SNAPDRAGON"",""THE REST"""
arch/arm/mach-snapdragon/misc.c,53,"""ARM"",""ARM SNAPDRAGON"",""THE REST"""
arch/arm/mach-snapdragon/pinctrl-apq8016.c,62,"""ARM"",""ARM SNAPDRAGON"",""THE REST"""
arch/arm/mach-snapdragon/pinctrl-snapdragon.c,128,"""ARM"",""ARM SNAPDRAGON"",""THE REST"""
arch/arm/mach-snapdragon/pinctrl-snapdragon.h,30,"""ARM"",""ARM SNAPDRAGON"",""THE REST"""
arch/arm/mach-snapdragon/sysmap-apq8016.c,31,"""ARM"",""ARM SNAPDRAGON"",""THE REST"""
arch/arm/mach-snapdragon/sysmap-apq8096.c,31,"""ARM"",""ARM SNAPDRAGON"",""THE REST"""
arch/arm/mach-socfpga/Kconfig,144,"""ARM"",""ARM ALTERA SOCFPGA"",""THE REST"""
arch/arm/mach-socfpga/Makefile,65,"""ARM"",""ARM ALTERA SOCFPGA"",""THE REST"""
arch/arm/mach-socfpga/board.c,88,"""ARM"",""ARM ALTERA SOCFPGA"",""THE REST"""
arch/arm/mach-socfpga/clock_manager.c,75,"""ARM"",""ARM ALTERA SOCFPGA"",""THE REST"""
arch/arm/mach-socfpga/clock_manager_arria10.c,995,"""ARM"",""ARM ALTERA SOCFPGA"",""THE REST"""
arch/arm/mach-socfpga/clock_manager_gen5.c,528,"""ARM"",""ARM ALTERA SOCFPGA"",""THE REST"""
arch/arm/mach-socfpga/clock_manager_s10.c,380,"""ARM"",""ARM ALTERA SOCFPGA"",""THE REST"""
arch/arm/mach-socfpga/fpga_manager.c,75,"""ARM"",""ARM ALTERA SOCFPGA"",""THE REST"""
arch/arm/mach-socfpga/freeze_controller.c,208,"""ARM"",""ARM ALTERA SOCFPGA"",""THE REST"""
arch/arm/mach-socfpga/include/mach/base_addr_a10.h,50,"""ARM"",""ARM ALTERA SOCFPGA"",""THE REST"""
arch/arm/mach-socfpga/include/mach/base_addr_ac5.h,62,"""ARM"",""ARM ALTERA SOCFPGA"",""THE REST"""
arch/arm/mach-socfpga/include/mach/base_addr_s10.h,43,"""ARM"",""ARM ALTERA SOCFPGA"",""THE REST"""
arch/arm/mach-socfpga/include/mach/boot0.h,26,"""ARM"",""ARM ALTERA SOCFPGA"",""THE REST"""
arch/arm/mach-socfpga/include/mach/clock_manager.h,23,"""ARM"",""ARM ALTERA SOCFPGA"",""THE REST"""
arch/arm/mach-socfpga/include/mach/clock_manager_arria10.h,218,"""ARM"",""ARM ALTERA SOCFPGA"",""THE REST"""
arch/arm/mach-socfpga/include/mach/clock_manager_gen5.h,321,"""ARM"",""ARM ALTERA SOCFPGA"",""THE REST"""
arch/arm/mach-socfpga/include/mach/clock_manager_s10.h,210,"""ARM"",""ARM ALTERA SOCFPGA"",""THE REST"""
arch/arm/mach-socfpga/include/mach/firewall_s10.h,120,"""ARM"",""ARM ALTERA SOCFPGA"",""THE REST"""
arch/arm/mach-socfpga/include/mach/fpga_manager.h,34,"""ARM"",""ARM ALTERA SOCFPGA"",""THE REST"""
arch/arm/mach-socfpga/include/mach/fpga_manager_arria10.h,99,"""ARM"",""ARM ALTERA SOCFPGA"",""THE REST"""
arch/arm/mach-socfpga/include/mach/fpga_manager_gen5.h,67,"""ARM"",""ARM ALTERA SOCFPGA"",""THE REST"""
arch/arm/mach-socfpga/include/mach/freeze_controller.h,48,"""ARM"",""ARM ALTERA SOCFPGA"",""THE REST"""
arch/arm/mach-socfpga/include/mach/gpio.h,9,"""ARM"",""ARM ALTERA SOCFPGA"",""THE REST"""
arch/arm/mach-socfpga/include/mach/handoff_s10.h,34,"""ARM"",""ARM ALTERA SOCFPGA"",""THE REST"""
arch/arm/mach-socfpga/include/mach/mailbox_s10.h,144,"""ARM"",""ARM ALTERA SOCFPGA"",""THE REST"""
arch/arm/mach-socfpga/include/mach/misc.h,44,"""ARM"",""ARM ALTERA SOCFPGA"",""THE REST"""
arch/arm/mach-socfpga/include/mach/nic301.h,194,"""ARM"",""ARM ALTERA SOCFPGA"",""THE REST"""
arch/arm/mach-socfpga/include/mach/pinmux.h,16,"""ARM"",""ARM ALTERA SOCFPGA"",""THE REST"""
arch/arm/mach-socfpga/include/mach/reset_manager.h,49,"""ARM"",""ARM ALTERA SOCFPGA"",""THE REST"""
arch/arm/mach-socfpga/include/mach/reset_manager_arria10.h,142,"""ARM"",""ARM ALTERA SOCFPGA"",""THE REST"""
arch/arm/mach-socfpga/include/mach/reset_manager_gen5.h,49,"""ARM"",""ARM ALTERA SOCFPGA"",""THE REST"""
arch/arm/mach-socfpga/include/mach/reset_manager_s10.h,114,"""ARM"",""ARM ALTERA SOCFPGA"",""THE REST"""
arch/arm/mach-socfpga/include/mach/scan_manager.h,25,"""ARM"",""ARM ALTERA SOCFPGA"",""THE REST"""
arch/arm/mach-socfpga/include/mach/scu.h,22,"""ARM"",""ARM ALTERA SOCFPGA"",""THE REST"""
arch/arm/mach-socfpga/include/mach/sdram.h,17,"""ARM"",""ARM ALTERA SOCFPGA"",""THE REST"""
arch/arm/mach-socfpga/include/mach/sdram_arria10.h,381,"""ARM"",""ARM ALTERA SOCFPGA"",""THE REST"""
arch/arm/mach-socfpga/include/mach/sdram_gen5.h,441,"""ARM"",""ARM ALTERA SOCFPGA"",""THE REST"""
arch/arm/mach-socfpga/include/mach/sdram_s10.h,183,"""ARM"",""ARM ALTERA SOCFPGA"",""THE REST"""
arch/arm/mach-socfpga/include/mach/system_manager.h,95,"""ARM"",""ARM ALTERA SOCFPGA"",""THE REST"""
arch/arm/mach-socfpga/include/mach/system_manager_arria10.h,80,"""ARM"",""ARM ALTERA SOCFPGA"",""THE REST"""
arch/arm/mach-socfpga/include/mach/system_manager_gen5.h,121,"""ARM"",""ARM ALTERA SOCFPGA"",""THE REST"""
arch/arm/mach-socfpga/include/mach/system_manager_s10.h,176,"""ARM"",""ARM ALTERA SOCFPGA"",""THE REST"""
arch/arm/mach-socfpga/include/mach/timer.h,17,"""ARM"",""ARM ALTERA SOCFPGA"",""THE REST"""
arch/arm/mach-socfpga/mailbox_s10.c,379,"""ARM"",""ARM ALTERA SOCFPGA"",""THE REST"""
arch/arm/mach-socfpga/misc.c,239,"""ARM"",""ARM ALTERA SOCFPGA"",""THE REST"""
arch/arm/mach-socfpga/misc_arria10.c,103,"""ARM"",""ARM ALTERA SOCFPGA"",""THE REST"""
arch/arm/mach-socfpga/misc_gen5.c,290,"""ARM"",""ARM ALTERA SOCFPGA"",""THE REST"""
arch/arm/mach-socfpga/misc_s10.c,134,"""ARM"",""ARM ALTERA SOCFPGA"",""THE REST"""
arch/arm/mach-socfpga/mmu-arm64_s10.c,71,"""ARM"",""ARM ALTERA SOCFPGA"",""THE REST"""
arch/arm/mach-socfpga/pinmux_arria10.c,95,"""ARM"",""ARM ALTERA SOCFPGA"",""THE REST"""
arch/arm/mach-socfpga/qts-filter.sh,233,"""ARM"",""ARM ALTERA SOCFPGA"",""THE REST"""
arch/arm/mach-socfpga/reset_manager.c,41,"""ARM"",""ARM ALTERA SOCFPGA"",""THE REST"""
arch/arm/mach-socfpga/reset_manager_arria10.c,239,"""ARM"",""ARM ALTERA SOCFPGA"",""THE REST"""
arch/arm/mach-socfpga/reset_manager_gen5.c,104,"""ARM"",""ARM ALTERA SOCFPGA"",""THE REST"""
arch/arm/mach-socfpga/reset_manager_s10.c,105,"""ARM"",""ARM ALTERA SOCFPGA"",""THE REST"""
arch/arm/mach-socfpga/scan_manager.c,259,"""ARM"",""ARM ALTERA SOCFPGA"",""THE REST"""
arch/arm/mach-socfpga/spl_a10.c,103,"""ARM"",""ARM ALTERA SOCFPGA"",""THE REST"""
arch/arm/mach-socfpga/spl_gen5.c,171,"""ARM"",""ARM ALTERA SOCFPGA"",""THE REST"""
arch/arm/mach-socfpga/spl_s10.c,200,"""ARM"",""ARM ALTERA SOCFPGA"",""THE REST"""
arch/arm/mach-socfpga/system_manager_gen5.c,82,"""ARM"",""ARM ALTERA SOCFPGA"",""THE REST"""
arch/arm/mach-socfpga/system_manager_s10.c,91,"""ARM"",""ARM ALTERA SOCFPGA"",""THE REST"""
arch/arm/mach-socfpga/timer.c,23,"""ARM"",""ARM ALTERA SOCFPGA"",""THE REST"""
arch/arm/mach-socfpga/timer_s10.c,26,"""ARM"",""ARM ALTERA SOCFPGA"",""THE REST"""
arch/arm/mach-socfpga/wrap_iocsr_config.c,39,"""ARM"",""ARM ALTERA SOCFPGA"",""THE REST"""
arch/arm/mach-socfpga/wrap_pinmux_config.c,16,"""ARM"",""ARM ALTERA SOCFPGA"",""THE REST"""
arch/arm/mach-socfpga/wrap_pinmux_config_s10.c,56,"""ARM"",""ARM ALTERA SOCFPGA"",""THE REST"""
arch/arm/mach-socfpga/wrap_pll_config.c,146,"""ARM"",""ARM ALTERA SOCFPGA"",""THE REST"""
arch/arm/mach-socfpga/wrap_pll_config_s10.c,59,"""ARM"",""ARM ALTERA SOCFPGA"",""THE REST"""
arch/arm/mach-socfpga/wrap_sdram_config.c,318,"""ARM"",""ARM ALTERA SOCFPGA"",""THE REST"""
arch/arm/mach-sti/Kconfig,31,"""ARM"",""ARM STI"",""THE REST"""
arch/arm/mach-stm32/Kconfig,79,"""ARM"",""THE REST"""
arch/arm/mach-stm32/Makefile,5,"""ARM"",""THE REST"""
arch/arm/mach-stm32/soc.c,36,"""ARM"",""THE REST"""
arch/arm/mach-stm32/stm32f4/Kconfig,16,"""ARM"",""THE REST"""
arch/arm/mach-stm32/stm32f7/Kconfig,8,"""ARM"",""THE REST"""
arch/arm/mach-stm32/stm32h7/Kconfig,12,"""ARM"",""THE REST"""
arch/arm/mach-stm32mp/Kconfig,74,"""ARM"",""ARM STM STM32MP"",""THE REST"""
arch/arm/mach-stm32mp/Makefile,16,"""ARM"",""ARM STM STM32MP"",""THE REST"""
arch/arm/mach-stm32mp/bsec.c,430,"""ARM"",""ARM STM STM32MP"",""THE REST"""
arch/arm/mach-stm32mp/config.mk,13,"""ARM"",""ARM STM STM32MP"",""THE REST"""
arch/arm/mach-stm32mp/cpu.c,363,"""ARM"",""ARM STM STM32MP"",""THE REST"""
arch/arm/mach-stm32mp/dram_init.c,33,"""ARM"",""ARM STM STM32MP"",""THE REST"""
arch/arm/mach-stm32mp/include/mach/ddr.h,11,"""ARM"",""ARM STM STM32MP"",""THE REST"""
arch/arm/mach-stm32mp/include/mach/gpio.h,120,"""ARM"",""ARM STM STM32MP"",""THE REST"""
arch/arm/mach-stm32mp/include/mach/stm32.h,104,"""ARM"",""ARM STM STM32MP"",""THE REST"""
arch/arm/mach-stm32mp/include/mach/sys_proto.h,15,"""ARM"",""ARM STM STM32MP"",""THE REST"""
arch/arm/mach-stm32mp/psci.c,180,"""ARM"",""ARM STM STM32MP"",""THE REST"""
arch/arm/mach-stm32mp/pwr_regulator.c,274,"""ARM"",""ARM STM STM32MP"",""THE REST"""
arch/arm/mach-stm32mp/spl.c,86,"""ARM"",""ARM STM STM32MP"",""THE REST"""
arch/arm/mach-stm32mp/syscon.c,24,"""ARM"",""ARM STM STM32MP"",""THE REST"""
arch/arm/mach-sunxi/Kconfig,992,"""ARM"",""ARM SUNXI"",""THE REST"""
arch/arm/mach-sunxi/Makefile,42,"""ARM"",""ARM SUNXI"",""THE REST"""
arch/arm/mach-sunxi/board.c,307,"""ARM"",""ARM SUNXI"",""THE REST"""
arch/arm/mach-sunxi/clock.c,70,"""ARM"",""ARM SUNXI"",""THE REST"""
arch/arm/mach-sunxi/clock_sun4i.c,237,"""ARM"",""ARM SUNXI"",""THE REST"""
arch/arm/mach-sunxi/clock_sun50i_h6.c,94,"""ARM"",""ARM SUNXI"",""THE REST"""
arch/arm/mach-sunxi/clock_sun6i.c,345,"""ARM"",""ARM SUNXI"",""THE REST"""
arch/arm/mach-sunxi/clock_sun8i_a83t.c,135,"""ARM"",""ARM SUNXI"",""THE REST"""
arch/arm/mach-sunxi/clock_sun9i.c,209,"""ARM"",""ARM SUNXI"",""THE REST"""
arch/arm/mach-sunxi/cpu_info.c,167,"""ARM"",""ARM SUNXI"",""THE REST"""
arch/arm/mach-sunxi/dram_helpers.c,38,"""ARM"",""ARM SUNXI"",""THE REST"""
arch/arm/mach-sunxi/dram_sun4i.c,736,"""ARM"",""ARM SUNXI"",""THE REST"""
arch/arm/mach-sunxi/dram_sun50i_h6.c,759,"""ARM"",""ARM SUNXI"",""THE REST"""
arch/arm/mach-sunxi/dram_sun6i.c,410,"""ARM"",""ARM SUNXI"",""THE REST"""
arch/arm/mach-sunxi/dram_sun8i_a23.c,342,"""ARM"",""ARM SUNXI"",""THE REST"""
arch/arm/mach-sunxi/dram_sun8i_a33.c,361,"""ARM"",""ARM SUNXI"",""THE REST"""
arch/arm/mach-sunxi/dram_sun8i_a83t.c,471,"""ARM"",""ARM SUNXI"",""THE REST"""
arch/arm/mach-sunxi/dram_sun9i.c,958,"""ARM"",""ARM SUNXI"",""THE REST"""
arch/arm/mach-sunxi/dram_sunxi_dw.c,767,"""ARM"",""ARM SUNXI"",""THE REST"""
arch/arm/mach-sunxi/dram_timings/Makefile,3,"""ARM"",""ARM SUNXI"",""THE REST"""
arch/arm/mach-sunxi/dram_timings/ddr2_v3s.c,84,"""ARM"",""ARM SUNXI"",""THE REST"""
arch/arm/mach-sunxi/dram_timings/ddr3_1333.c,87,"""ARM"",""ARM SUNXI"",""THE REST"""
arch/arm/mach-sunxi/dram_timings/lpddr3_stock.c,83,"""ARM"",""ARM SUNXI"",""THE REST"""
arch/arm/mach-sunxi/gtbus_sun9i.c,47,"""ARM"",""ARM SUNXI"",""THE REST"""
arch/arm/mach-sunxi/p2wi.c,116,"""ARM"",""ARM SUNXI"",""THE REST"""
arch/arm/mach-sunxi/pinmux.c,70,"""ARM"",""ARM SUNXI"",""THE REST"""
arch/arm/mach-sunxi/pmic_bus.c,125,"""ARM"",""ARM SUNXI"",""THE REST"""
arch/arm/mach-sunxi/prcm.c,46,"""ARM"",""ARM SUNXI"",""THE REST"""
arch/arm/mach-sunxi/rmr_switch.S,47,"""ARM"",""ARM SUNXI"",""THE REST"""
arch/arm/mach-sunxi/rsb.c,174,"""ARM"",""ARM SUNXI"",""THE REST"""
arch/arm/mach-sunxi/spl_spi_sunxi.c,311,"""ARM"",""ARM SUNXI"",""THE REST"""
arch/arm/mach-tegra/Kconfig,158,"""ARM"",""ARM TEGRA"",""THE REST"""
arch/arm/mach-tegra/Makefile,41,"""ARM"",""ARM TEGRA"",""THE REST"""
arch/arm/mach-tegra/ap.c,235,"""ARM"",""ARM TEGRA"",""THE REST"""
arch/arm/mach-tegra/arm64-mmu.c,35,"""ARM"",""ARM TEGRA"",""THE REST"""
arch/arm/mach-tegra/board.c,235,"""ARM"",""ARM TEGRA"",""THE REST"""
arch/arm/mach-tegra/board186.c,32,"""ARM"",""ARM TEGRA"",""THE REST"""
arch/arm/mach-tegra/board2.c,364,"""ARM"",""ARM TEGRA"",""THE REST"""
arch/arm/mach-tegra/cache.c,37,"""ARM"",""ARM TEGRA"",""THE REST"""
arch/arm/mach-tegra/clock.c,833,"""ARM"",""ARM TEGRA"",""THE REST"""
arch/arm/mach-tegra/cmd_enterrcm.c,50,"""ARM"",""ARM TEGRA"",""THE REST"""
arch/arm/mach-tegra/cpu.c,414,"""ARM"",""ARM TEGRA"",""THE REST"""
arch/arm/mach-tegra/cpu.h,77,"""ARM"",""ARM TEGRA"",""THE REST"""
arch/arm/mach-tegra/dt-setup.c,33,"""ARM"",""ARM TEGRA"",""THE REST"""
arch/arm/mach-tegra/emc.c,37,"""ARM"",""ARM TEGRA"",""THE REST"""
arch/arm/mach-tegra/emc.h,12,"""ARM"",""ARM TEGRA"",""THE REST"""
arch/arm/mach-tegra/gpu.c,57,"""ARM"",""ARM TEGRA"",""THE REST"""
arch/arm/mach-tegra/ivc.c,552,"""ARM"",""ARM TEGRA"",""THE REST"""
arch/arm/mach-tegra/lowlevel_init.S,39,"""ARM"",""ARM TEGRA"",""THE REST"""
arch/arm/mach-tegra/pinmux-common.c,754,"""ARM"",""ARM TEGRA"",""THE REST"""
arch/arm/mach-tegra/powergate.c,101,"""ARM"",""ARM TEGRA"",""THE REST"""
arch/arm/mach-tegra/psci.S,110,"""ARM"",""ARM TEGRA"",""THE REST"""
arch/arm/mach-tegra/spl.c,52,"""ARM"",""ARM TEGRA"",""THE REST"""
arch/arm/mach-tegra/sys_info.c,30,"""ARM"",""ARM TEGRA"",""THE REST"""
arch/arm/mach-tegra/tegra114/Kconfig,18,"""ARM"",""ARM TEGRA"",""THE REST"""
arch/arm/mach-tegra/tegra114/Makefile,7,"""ARM"",""ARM TEGRA"",""THE REST"""
arch/arm/mach-tegra/tegra114/clock.c,755,"""ARM"",""ARM TEGRA"",""THE REST"""
arch/arm/mach-tegra/tegra114/cpu.c,300,"""ARM"",""ARM TEGRA"",""THE REST"""
arch/arm/mach-tegra/tegra114/funcmux.c,56,"""ARM"",""ARM TEGRA"",""THE REST"""
arch/arm/mach-tegra/tegra114/pinmux.c,292,"""ARM"",""ARM TEGRA"",""THE REST"""
arch/arm/mach-tegra/tegra124/Kconfig,57,"""ARM"",""ARM TEGRA"",""THE REST"""
arch/arm/mach-tegra/tegra124/Makefile,19,"""ARM"",""ARM TEGRA"",""THE REST"""
arch/arm/mach-tegra/tegra124/clock.c,1181,"""ARM"",""ARM TEGRA"",""THE REST"""
arch/arm/mach-tegra/tegra124/cpu.c,301,"""ARM"",""ARM TEGRA"",""THE REST"""
arch/arm/mach-tegra/tegra124/funcmux.c,70,"""ARM"",""ARM TEGRA"",""THE REST"""
arch/arm/mach-tegra/tegra124/pinmux.c,322,"""ARM"",""ARM TEGRA"",""THE REST"""
arch/arm/mach-tegra/tegra124/pmc.c,18,"""ARM"",""ARM TEGRA"",""THE REST"""
arch/arm/mach-tegra/tegra124/psci.c,58,"""ARM"",""ARM TEGRA"",""THE REST"""
arch/arm/mach-tegra/tegra124/xusb-padctl.c,350,"""ARM"",""ARM TEGRA"",""THE REST"""
arch/arm/mach-tegra/tegra186/Kconfig,29,"""ARM"",""ARM TEGRA"",""THE REST"""
arch/arm/mach-tegra/tegra186/Makefile,9,"""ARM"",""ARM TEGRA"",""THE REST"""
arch/arm/mach-tegra/tegra186/cache.S,42,"""ARM"",""ARM TEGRA"",""THE REST"""
arch/arm/mach-tegra/tegra186/nvtboot_board.c,332,"""ARM"",""ARM TEGRA"",""THE REST"""
arch/arm/mach-tegra/tegra186/nvtboot_ll.S,20,"""ARM"",""ARM TEGRA"",""THE REST"""
arch/arm/mach-tegra/tegra186/nvtboot_mem.c,172,"""ARM"",""ARM TEGRA"",""THE REST"""
arch/arm/mach-tegra/tegra20/Kconfig,58,"""ARM"",""ARM TEGRA"",""THE REST"""
arch/arm/mach-tegra/tegra20/Makefile,17,"""ARM"",""ARM TEGRA"",""THE REST"""
arch/arm/mach-tegra/tegra20/clock.c,771,"""ARM"",""ARM TEGRA"",""THE REST"""
arch/arm/mach-tegra/tegra20/cpu.c,59,"""ARM"",""ARM TEGRA"",""THE REST"""
arch/arm/mach-tegra/tegra20/crypto.c,139,"""ARM"",""ARM TEGRA"",""THE REST"""
arch/arm/mach-tegra/tegra20/crypto.h,19,"""ARM"",""ARM TEGRA"",""THE REST"""
arch/arm/mach-tegra/tegra20/display.c,15,"""ARM"",""ARM TEGRA"",""THE REST"""
arch/arm/mach-tegra/tegra20/emc.c,269,"""ARM"",""ARM TEGRA"",""THE REST"""
arch/arm/mach-tegra/tegra20/funcmux.c,297,"""ARM"",""ARM TEGRA"",""THE REST"""
arch/arm/mach-tegra/tegra20/pinmux.c,424,"""ARM"",""ARM TEGRA"",""THE REST"""
arch/arm/mach-tegra/tegra20/pmu.c,64,"""ARM"",""ARM TEGRA"",""THE REST"""
arch/arm/mach-tegra/tegra20/warmboot.c,371,"""ARM"",""ARM TEGRA"",""THE REST"""
arch/arm/mach-tegra/tegra20/warmboot_avp.c,235,"""ARM"",""ARM TEGRA"",""THE REST"""
arch/arm/mach-tegra/tegra20/warmboot_avp.h,64,"""ARM"",""ARM TEGRA"",""THE REST"""
arch/arm/mach-tegra/tegra210/Kconfig,51,"""ARM"",""ARM TEGRA"",""THE REST"""
arch/arm/mach-tegra/tegra210/Makefile,12,"""ARM"",""ARM TEGRA"",""THE REST"""
arch/arm/mach-tegra/tegra210/clock.c,1281,"""ARM"",""ARM TEGRA"",""THE REST"""
arch/arm/mach-tegra/tegra210/funcmux.c,39,"""ARM"",""ARM TEGRA"",""THE REST"""
arch/arm/mach-tegra/tegra210/pinmux.c,194,"""ARM"",""ARM TEGRA"",""THE REST"""
arch/arm/mach-tegra/tegra210/xusb-padctl.c,456,"""ARM"",""ARM TEGRA"",""THE REST"""
arch/arm/mach-tegra/tegra30/Kconfig,38,"""ARM"",""ARM TEGRA"",""THE REST"""
arch/arm/mach-tegra/tegra30/Makefile,7,"""ARM"",""ARM TEGRA"",""THE REST"""
arch/arm/mach-tegra/tegra30/clock.c,819,"""ARM"",""ARM TEGRA"",""THE REST"""
arch/arm/mach-tegra/tegra30/cpu.c,172,"""ARM"",""ARM TEGRA"",""THE REST"""
arch/arm/mach-tegra/tegra30/funcmux.c,50,"""ARM"",""ARM TEGRA"",""THE REST"""
arch/arm/mach-tegra/tegra30/pinmux.c,275,"""ARM"",""ARM TEGRA"",""THE REST"""
arch/arm/mach-tegra/xusb-padctl-common.c,310,"""ARM"",""ARM TEGRA"",""THE REST"""
arch/arm/mach-tegra/xusb-padctl-common.h,102,"""ARM"",""ARM TEGRA"",""THE REST"""
arch/arm/mach-tegra/xusb-padctl-dummy.c,38,"""ARM"",""ARM TEGRA"",""THE REST"""
arch/arm/mach-uniphier/Kconfig,122,"""ARM"",""ARM UNIPHIER"",""THE REST"""
arch/arm/mach-uniphier/Makefile,36,"""ARM"",""ARM UNIPHIER"",""THE REST"""
arch/arm/mach-uniphier/arm32/Makefile,12,"""ARM"",""ARM UNIPHIER"",""THE REST"""
arch/arm/mach-uniphier/arm32/arm-mpcore.h,48,"""ARM"",""ARM UNIPHIER"",""THE REST"""
arch/arm/mach-uniphier/arm32/cache-uniphier.c,292,"""ARM"",""ARM UNIPHIER"",""THE REST"""
arch/arm/mach-uniphier/arm32/cache-uniphier.h,20,"""ARM"",""ARM UNIPHIER"",""THE REST"""
arch/arm/mach-uniphier/arm32/debug_ll.S,165,"""ARM"",""ARM UNIPHIER"",""THE REST"""
arch/arm/mach-uniphier/arm32/late_lowlevel_init.S,13,"""ARM"",""ARM UNIPHIER"",""THE REST"""
arch/arm/mach-uniphier/arm32/lowlevel_init.S,138,"""ARM"",""ARM UNIPHIER"",""THE REST"""
arch/arm/mach-uniphier/arm32/psci.c,161,"""ARM"",""ARM UNIPHIER"",""THE REST"""
arch/arm/mach-uniphier/arm32/psci_smp.S,39,"""ARM"",""ARM UNIPHIER"",""THE REST"""
arch/arm/mach-uniphier/arm32/timer.c,38,"""ARM"",""ARM UNIPHIER"",""THE REST"""
arch/arm/mach-uniphier/arm64/Makefile,4,"""ARM"",""ARM UNIPHIER"",""THE REST"""
arch/arm/mach-uniphier/arm64/lowlevel_init.S,13,"""ARM"",""ARM UNIPHIER"",""THE REST"""
arch/arm/mach-uniphier/arm64/mem_map.c,29,"""ARM"",""ARM UNIPHIER"",""THE REST"""
arch/arm/mach-uniphier/bcu/Makefile,4,"""ARM"",""ARM UNIPHIER"",""THE REST"""
arch/arm/mach-uniphier/bcu/bcu-ld4.c,34,"""ARM"",""ARM UNIPHIER"",""THE REST"""
arch/arm/mach-uniphier/bcu/bcu-regs.h,29,"""ARM"",""ARM UNIPHIER"",""THE REST"""
arch/arm/mach-uniphier/board_init.c,149,"""ARM"",""ARM UNIPHIER"",""THE REST"""
arch/arm/mach-uniphier/board_late_init.c,99,"""ARM"",""ARM UNIPHIER"",""THE REST"""
arch/arm/mach-uniphier/boards.c,162,"""ARM"",""ARM UNIPHIER"",""THE REST"""
arch/arm/mach-uniphier/boot-device/Makefile,13,"""ARM"",""ARM UNIPHIER"",""THE REST"""
arch/arm/mach-uniphier/boot-device/boot-device-ld11.c,68,"""ARM"",""ARM UNIPHIER"",""THE REST"""
arch/arm/mach-uniphier/boot-device/boot-device-ld4.c,51,"""ARM"",""ARM UNIPHIER"",""THE REST"""
arch/arm/mach-uniphier/boot-device/boot-device-pro5.c,50,"""ARM"",""ARM UNIPHIER"",""THE REST"""
arch/arm/mach-uniphier/boot-device/boot-device-pxs2.c,63,"""ARM"",""ARM UNIPHIER"",""THE REST"""
arch/arm/mach-uniphier/boot-device/boot-device-pxs3.c,40,"""ARM"",""ARM UNIPHIER"",""THE REST"""
arch/arm/mach-uniphier/boot-device/boot-device.c,239,"""ARM"",""ARM UNIPHIER"",""THE REST"""
arch/arm/mach-uniphier/boot-device/boot-device.h,35,"""ARM"",""ARM UNIPHIER"",""THE REST"""
arch/arm/mach-uniphier/clk/Makefile,28,"""ARM"",""ARM UNIPHIER"",""THE REST"""
arch/arm/mach-uniphier/clk/clk-dram-ld4.c,29,"""ARM"",""ARM UNIPHIER"",""THE REST"""
arch/arm/mach-uniphier/clk/clk-dram-pro5.c,34,"""ARM"",""ARM UNIPHIER"",""THE REST"""
arch/arm/mach-uniphier/clk/clk-dram-pxs2.c,32,"""ARM"",""ARM UNIPHIER"",""THE REST"""
arch/arm/mach-uniphier/clk/clk-early-ld4.c,30,"""ARM"",""ARM UNIPHIER"",""THE REST"""
arch/arm/mach-uniphier/clk/clk-ld11.c,47,"""ARM"",""ARM UNIPHIER"",""THE REST"""
arch/arm/mach-uniphier/clk/clk-ld20.c,28,"""ARM"",""ARM UNIPHIER"",""THE REST"""
arch/arm/mach-uniphier/clk/clk-ld4.c,32,"""ARM"",""ARM UNIPHIER"",""THE REST"""
arch/arm/mach-uniphier/clk/clk-pro4.c,47,"""ARM"",""ARM UNIPHIER"",""THE REST"""
arch/arm/mach-uniphier/clk/clk-pro5.c,44,"""ARM"",""ARM UNIPHIER"",""THE REST"""
arch/arm/mach-uniphier/clk/clk-pxs2.c,49,"""ARM"",""ARM UNIPHIER"",""THE REST"""
arch/arm/mach-uniphier/clk/clk-pxs3.c,28,"""ARM"",""ARM UNIPHIER"",""THE REST"""
arch/arm/mach-uniphier/clk/dpll-ld4.c,55,"""ARM"",""ARM UNIPHIER"",""THE REST"""
arch/arm/mach-uniphier/clk/dpll-pro4.c,59,"""ARM"",""ARM UNIPHIER"",""THE REST"""
arch/arm/mach-uniphier/clk/dpll-pro5.c,6,"""ARM"",""ARM UNIPHIER"",""THE REST"""
arch/arm/mach-uniphier/clk/dpll-pxs2.c,6,"""ARM"",""ARM UNIPHIER"",""THE REST"""
arch/arm/mach-uniphier/clk/dpll-sld8.c,61,"""ARM"",""ARM UNIPHIER"",""THE REST"""
arch/arm/mach-uniphier/clk/dpll-tail.c,20,"""ARM"",""ARM UNIPHIER"",""THE REST"""
arch/arm/mach-uniphier/clk/pll-base-ld20.c,147,"""ARM"",""ARM UNIPHIER"",""THE REST"""
arch/arm/mach-uniphier/clk/pll-ld11.c,45,"""ARM"",""ARM UNIPHIER"",""THE REST"""
arch/arm/mach-uniphier/clk/pll-ld20.c,57,"""ARM"",""ARM UNIPHIER"",""THE REST"""
arch/arm/mach-uniphier/clk/pll-ld4.c,152,"""ARM"",""ARM UNIPHIER"",""THE REST"""
arch/arm/mach-uniphier/clk/pll-pro4.c,109,"""ARM"",""ARM UNIPHIER"",""THE REST"""
arch/arm/mach-uniphier/clk/pll-pxs3.c,63,"""ARM"",""ARM UNIPHIER"",""THE REST"""
arch/arm/mach-uniphier/clk/pll.h,21,"""ARM"",""ARM UNIPHIER"",""THE REST"""
arch/arm/mach-uniphier/cpu-info.c,72,"""ARM"",""ARM UNIPHIER"",""THE REST"""
arch/arm/mach-uniphier/debug-uart/Makefile,14,"""ARM"",""ARM UNIPHIER"",""THE REST"""
arch/arm/mach-uniphier/debug-uart/debug-uart-ld20.c,34,"""ARM"",""ARM UNIPHIER"",""THE REST"""
arch/arm/mach-uniphier/debug-uart/debug-uart-ld4.c,20,"""ARM"",""ARM UNIPHIER"",""THE REST"""
arch/arm/mach-uniphier/debug-uart/debug-uart-ld6b.c,30,"""ARM"",""ARM UNIPHIER"",""THE REST"""
arch/arm/mach-uniphier/debug-uart/debug-uart-pro4.c,30,"""ARM"",""ARM UNIPHIER"",""THE REST"""
arch/arm/mach-uniphier/debug-uart/debug-uart-pro5.c,33,"""ARM"",""ARM UNIPHIER"",""THE REST"""
arch/arm/mach-uniphier/debug-uart/debug-uart-pxs2.c,31,"""ARM"",""ARM UNIPHIER"",""THE REST"""
arch/arm/mach-uniphier/debug-uart/debug-uart-sld8.c,20,"""ARM"",""ARM UNIPHIER"",""THE REST"""
arch/arm/mach-uniphier/debug-uart/debug-uart.c,79,"""ARM"",""ARM UNIPHIER"",""THE REST"""
arch/arm/mach-uniphier/debug-uart/debug-uart.h,18,"""ARM"",""ARM UNIPHIER"",""THE REST"""
arch/arm/mach-uniphier/debug.h,67,"""ARM"",""ARM UNIPHIER"",""THE REST"""
arch/arm/mach-uniphier/dram/Makefile,20,"""ARM"",""ARM UNIPHIER"",""THE REST"""
arch/arm/mach-uniphier/dram/cmd_ddrmphy.c,345,"""ARM"",""ARM UNIPHIER"",""THE REST"""
arch/arm/mach-uniphier/dram/cmd_ddrphy.c,311,"""ARM"",""ARM UNIPHIER"",""THE REST"""
arch/arm/mach-uniphier/dram/ddrmphy-regs.h,145,"""ARM"",""ARM UNIPHIER"",""THE REST"""
arch/arm/mach-uniphier/dram/ddrphy-init.h,16,"""ARM"",""ARM UNIPHIER"",""THE REST"""
arch/arm/mach-uniphier/dram/ddrphy-ld4.c,78,"""ARM"",""ARM UNIPHIER"",""THE REST"""
arch/arm/mach-uniphier/dram/ddrphy-regs.h,142,"""ARM"",""ARM UNIPHIER"",""THE REST"""
arch/arm/mach-uniphier/dram/ddrphy-training.c,146,"""ARM"",""ARM UNIPHIER"",""THE REST"""
arch/arm/mach-uniphier/dram/umc-ld4.c,192,"""ARM"",""ARM UNIPHIER"",""THE REST"""
arch/arm/mach-uniphier/dram/umc-pro4.c,187,"""ARM"",""ARM UNIPHIER"",""THE REST"""
arch/arm/mach-uniphier/dram/umc-pro5.c,11,"""ARM"",""ARM UNIPHIER"",""THE REST"""
arch/arm/mach-uniphier/dram/umc-pxs2.c,642,"""ARM"",""ARM UNIPHIER"",""THE REST"""
arch/arm/mach-uniphier/dram/umc-regs.h,106,"""ARM"",""ARM UNIPHIER"",""THE REST"""
arch/arm/mach-uniphier/dram/umc-sld8.c,195,"""ARM"",""ARM UNIPHIER"",""THE REST"""
arch/arm/mach-uniphier/dram_init.c,264,"""ARM"",""ARM UNIPHIER"",""THE REST"""
arch/arm/mach-uniphier/fdt-fixup.c,64,"""ARM"",""ARM UNIPHIER"",""THE REST"""
arch/arm/mach-uniphier/init.h,106,"""ARM"",""ARM UNIPHIER"",""THE REST"""
arch/arm/mach-uniphier/memconf.c,156,"""ARM"",""ARM UNIPHIER"",""THE REST"""
arch/arm/mach-uniphier/micro-support-card.c,235,"""ARM"",""ARM UNIPHIER"",""THE REST"""
arch/arm/mach-uniphier/micro-support-card.h,29,"""ARM"",""ARM UNIPHIER"",""THE REST"""
arch/arm/mach-uniphier/mmc-boot-mode.c,33,"""ARM"",""ARM UNIPHIER"",""THE REST"""
arch/arm/mach-uniphier/mmc-first-dev.c,45,"""ARM"",""ARM UNIPHIER"",""THE REST"""
arch/arm/mach-uniphier/pinctrl-glue.c,31,"""ARM"",""ARM UNIPHIER"",""THE REST"""
arch/arm/mach-uniphier/reset.c,35,"""ARM"",""ARM UNIPHIER"",""THE REST"""
arch/arm/mach-uniphier/sbc/Makefile,11,"""ARM"",""ARM UNIPHIER"",""THE REST"""
arch/arm/mach-uniphier/sbc/sbc-ld11.c,24,"""ARM"",""ARM UNIPHIER"",""THE REST"""
arch/arm/mach-uniphier/sbc/sbc-ld4.c,22,"""ARM"",""ARM UNIPHIER"",""THE REST"""
arch/arm/mach-uniphier/sbc/sbc-pxs2.c,20,"""ARM"",""ARM UNIPHIER"",""THE REST"""
arch/arm/mach-uniphier/sbc/sbc-regs.h,87,"""ARM"",""ARM UNIPHIER"",""THE REST"""
arch/arm/mach-uniphier/sbc/sbc.c,80,"""ARM"",""ARM UNIPHIER"",""THE REST"""
arch/arm/mach-uniphier/sc-regs.h,94,"""ARM"",""ARM UNIPHIER"",""THE REST"""
arch/arm/mach-uniphier/sc64-regs.h,36,"""ARM"",""ARM UNIPHIER"",""THE REST"""
arch/arm/mach-uniphier/sg-regs.h,140,"""ARM"",""ARM UNIPHIER"",""THE REST"""
arch/arm/mach-uniphier/soc-info.c,34,"""ARM"",""ARM UNIPHIER"",""THE REST"""
arch/arm/mach-uniphier/soc-info.h,42,"""ARM"",""ARM UNIPHIER"",""THE REST"""
arch/arm/mach-uniphier/spl_board_init.c,137,"""ARM"",""ARM UNIPHIER"",""THE REST"""
arch/arm/mach-versal/Kconfig,44,"""ARM"",""ARM VERSAL"",""THE REST"""
arch/arm/mach-versal/Makefile,8,"""ARM"",""ARM VERSAL"",""THE REST"""
arch/arm/mach-versal/clk.c,30,"""ARM"",""ARM VERSAL"",""THE REST"""
arch/arm/mach-versal/cpu.c,83,"""ARM"",""ARM VERSAL"",""THE REST"""
arch/arm/mach-versal/include/mach/gpio.h,6,"""ARM"",""ARM VERSAL"",""THE REST"""
arch/arm/mach-versal/include/mach/hardware.h,34,"""ARM"",""ARM VERSAL"",""THE REST"""
arch/arm/mach-versal/include/mach/sys_proto.h,6,"""ARM"",""ARM VERSAL"",""THE REST"""
arch/arm/mach-versatile/Makefile,7,"""ARM"",""THE REST"""
arch/arm/mach-versatile/reset.S,28,"""ARM"",""THE REST"""
arch/arm/mach-versatile/timer.c,63,"""ARM"",""THE REST"""
arch/arm/mach-zynq/Kconfig,73,"""ARM"",""ARM ZYNQ"",""THE REST"""
arch/arm/mach-zynq/Makefile,16,"""ARM"",""ARM ZYNQ"",""THE REST"""
arch/arm/mach-zynq/clk.c,105,"""ARM"",""ARM ZYNQ"",""THE REST"""
arch/arm/mach-zynq/cpu.c,144,"""ARM"",""ARM ZYNQ"",""THE REST"""
arch/arm/mach-zynq/ddrc.c,49,"""ARM"",""ARM ZYNQ"",""THE REST"""
arch/arm/mach-zynq/include/mach/clk.h,22,"""ARM"",""ARM ZYNQ"",""THE REST"""
arch/arm/mach-zynq/include/mach/gpio.h,10,"""ARM"",""ARM ZYNQ"",""THE REST"""
arch/arm/mach-zynq/include/mach/hardware.h,142,"""ARM"",""ARM ZYNQ"",""THE REST"""
arch/arm/mach-zynq/include/mach/ps7_init_gpl.h,47,"""ARM"",""ARM ZYNQ"",""THE REST"""
arch/arm/mach-zynq/include/mach/sys_proto.h,22,"""ARM"",""ARM ZYNQ"",""THE REST"""
arch/arm/mach-zynq/lowlevel_init.S,25,"""ARM"",""ARM ZYNQ"",""THE REST"""
arch/arm/mach-zynq/ps7_spl_init.c,147,"""ARM"",""ARM ZYNQ"",""THE REST"""
arch/arm/mach-zynq/slcr.c,199,"""ARM"",""ARM ZYNQ"",""THE REST"""
arch/arm/mach-zynq/spl.c,95,"""ARM"",""ARM ZYNQ"",""THE REST"""
arch/arm/mach-zynq/timer.c,109,"""ARM"",""ARM ZYNQ"",""THE REST"""
arch/arm/mach-zynq/u-boot-spl.lds,64,"""ARM"",""ARM ZYNQ"",""THE REST"""
arch/arm/mach-zynq/u-boot.lds,139,"""ARM"",""ARM ZYNQ"",""THE REST"""
arch/arm/mach-zynqmp-r5/Kconfig,27,"""ARM"",""ARM ZYNQ"",""ARM ZYNQMP"",""ARM ZYNQMP R5"",""THE REST"""
arch/arm/mach-zynqmp-r5/Makefile,3,"""ARM"",""ARM ZYNQ"",""ARM ZYNQMP"",""ARM ZYNQMP R5"",""THE REST"""
arch/arm/mach-zynqmp-r5/cpu.c,37,"""ARM"",""ARM ZYNQ"",""ARM ZYNQMP"",""ARM ZYNQMP R5"",""THE REST"""
arch/arm/thumb1/include/asm/proc-armv/system.h,68,"""ARM"",""THE REST"""
arch/m68k/Kconfig,227,"""COLDFIRE"",""THE REST"""
arch/m68k/Makefile,35,"""COLDFIRE"",""THE REST"""
arch/m68k/config.mk,16,"""COLDFIRE"",""THE REST"""
arch/m68k/cpu/mcf5227x/Makefile,9,"""COLDFIRE"",""THE REST"""
arch/m68k/cpu/mcf5227x/cpu.c,63,"""COLDFIRE"",""THE REST"""
arch/m68k/cpu/mcf5227x/cpu_init.c,193,"""COLDFIRE"",""THE REST"""
arch/m68k/cpu/mcf5227x/interrupts.c,36,"""COLDFIRE"",""THE REST"""
arch/m68k/cpu/mcf5227x/speed.c,125,"""COLDFIRE"",""THE REST"""
arch/m68k/cpu/mcf5227x/start.S,494,"""COLDFIRE"",""THE REST"""
arch/m68k/cpu/mcf523x/Makefile,9,"""COLDFIRE"",""THE REST"""
arch/m68k/cpu/mcf523x/cpu.c,112,"""COLDFIRE"",""THE REST"""
arch/m68k/cpu/mcf523x/cpu_init.c,175,"""COLDFIRE"",""THE REST"""
arch/m68k/cpu/mcf523x/interrupts.c,33,"""COLDFIRE"",""THE REST"""
arch/m68k/cpu/mcf523x/speed.c,38,"""COLDFIRE"",""THE REST"""
arch/m68k/cpu/mcf523x/start.S,259,"""COLDFIRE"",""THE REST"""
arch/m68k/cpu/mcf52x2/Makefile,9,"""COLDFIRE"",""THE REST"""
arch/m68k/cpu/mcf52x2/cpu.c,426,"""COLDFIRE"",""THE REST"""
arch/m68k/cpu/mcf52x2/cpu.h,16,"""COLDFIRE"",""THE REST"""
arch/m68k/cpu/mcf52x2/cpu_init.c,737,"""COLDFIRE"",""THE REST"""
arch/m68k/cpu/mcf52x2/interrupts.c,92,"""COLDFIRE"",""THE REST"""
arch/m68k/cpu/mcf52x2/speed.c,84,"""COLDFIRE"",""THE REST"""
arch/m68k/cpu/mcf52x2/start.S,341,"""COLDFIRE"",""THE REST"""
arch/m68k/cpu/mcf530x/Makefile,7,"""COLDFIRE"",""THE REST"""
arch/m68k/cpu/mcf530x/cpu.c,37,"""COLDFIRE"",""THE REST"""
arch/m68k/cpu/mcf530x/cpu_init.c,159,"""COLDFIRE"",""THE REST"""
arch/m68k/cpu/mcf530x/interrupts.c,28,"""COLDFIRE"",""THE REST"""
arch/m68k/cpu/mcf530x/speed.c,22,"""COLDFIRE"",""THE REST"""
arch/m68k/cpu/mcf530x/start.S,266,"""COLDFIRE"",""THE REST"""
arch/m68k/cpu/mcf532x/Makefile,9,"""COLDFIRE"",""THE REST"""
arch/m68k/cpu/mcf532x/cpu.c,153,"""COLDFIRE"",""THE REST"""
arch/m68k/cpu/mcf532x/cpu_init.c,349,"""COLDFIRE"",""THE REST"""
arch/m68k/cpu/mcf532x/interrupts.c,33,"""COLDFIRE"",""THE REST"""
arch/m68k/cpu/mcf532x/speed.c,261,"""COLDFIRE"",""THE REST"""
arch/m68k/cpu/mcf532x/start.S,274,"""COLDFIRE"",""THE REST"""
arch/m68k/cpu/mcf5445x/Makefile,9,"""COLDFIRE"",""THE REST"""
arch/m68k/cpu/mcf5445x/cpu.c,115,"""COLDFIRE"",""THE REST"""
arch/m68k/cpu/mcf5445x/cpu_init.c,547,"""COLDFIRE"",""THE REST"""
arch/m68k/cpu/mcf5445x/interrupts.c,36,"""COLDFIRE"",""THE REST"""
arch/m68k/cpu/mcf5445x/pci.c,151,"""COLDFIRE"",""THE REST"""
arch/m68k/cpu/mcf5445x/speed.c,282,"""COLDFIRE"",""THE REST"""
arch/m68k/cpu/mcf5445x/start.S,623,"""COLDFIRE"",""THE REST"""
arch/m68k/cpu/mcf547x_8x/Makefile,9,"""COLDFIRE"",""THE REST"""
arch/m68k/cpu/mcf547x_8x/cpu.c,149,"""COLDFIRE"",""THE REST"""
arch/m68k/cpu/mcf547x_8x/cpu_init.c,144,"""COLDFIRE"",""THE REST"""
arch/m68k/cpu/mcf547x_8x/interrupts.c,34,"""COLDFIRE"",""THE REST"""
arch/m68k/cpu/mcf547x_8x/pci.c,153,"""COLDFIRE"",""THE REST"""
arch/m68k/cpu/mcf547x_8x/slicetimer.c,91,"""COLDFIRE"",""THE REST"""
arch/m68k/cpu/mcf547x_8x/speed.c,31,"""COLDFIRE"",""THE REST"""
arch/m68k/cpu/mcf547x_8x/start.S,262,"""COLDFIRE"",""THE REST"""
arch/m68k/cpu/u-boot.lds,90,"""COLDFIRE"",""THE REST"""
arch/m68k/include/asm/bitops.h,55,"""COLDFIRE"",""THE REST"""
arch/m68k/include/asm/byteorder.h,96,"""COLDFIRE"",""THE REST"""
arch/m68k/include/asm/cache.h,203,"""COLDFIRE"",""THE REST"""
arch/m68k/include/asm/coldfire/ata.h,62,"""COLDFIRE"",""THE REST"""
arch/m68k/include/asm/coldfire/crossbar.h,62,"""COLDFIRE"",""THE REST"""
arch/m68k/include/asm/coldfire/dspi.h,141,"""COLDFIRE"",""THE REST"""
arch/m68k/include/asm/coldfire/edma.h,160,"""COLDFIRE"",""THE REST"""
arch/m68k/include/asm/coldfire/eport.h,122,"""COLDFIRE"",""THE REST"""
arch/m68k/include/asm/coldfire/flexbus.h,171,"""COLDFIRE"",""THE REST"""
arch/m68k/include/asm/coldfire/flexcan.h,202,"""COLDFIRE"",""THE REST"""
arch/m68k/include/asm/coldfire/intctrl.h,229,"""COLDFIRE"",""THE REST"""
arch/m68k/include/asm/coldfire/lcd.h,196,"""COLDFIRE"",""THE REST"""
arch/m68k/include/asm/coldfire/mdha.h,85,"""COLDFIRE"",""THE REST"""
arch/m68k/include/asm/coldfire/pwm.h,98,"""COLDFIRE"",""THE REST"""
arch/m68k/include/asm/coldfire/qspi.h,94,"""COLDFIRE"",""THE REST"""
arch/m68k/include/asm/coldfire/rng.h,35,"""COLDFIRE"",""THE REST"""
arch/m68k/include/asm/coldfire/skha.h,104,"""COLDFIRE"",""THE REST"""
arch/m68k/include/asm/coldfire/ssi.h,152,"""COLDFIRE"",""THE REST"""
arch/m68k/include/asm/config.h,14,"""COLDFIRE"",""THE REST"""
arch/m68k/include/asm/fec.h,350,"""COLDFIRE"",""THE REST"""
arch/m68k/include/asm/fsl_i2c.h,60,"""COLDFIRE"",""THE REST"""
arch/m68k/include/asm/fsl_mcdmafec.h,150,"""COLDFIRE"",""THE REST"""
arch/m68k/include/asm/global_data.h,35,"""COLDFIRE"",""THE REST"""
arch/m68k/include/asm/immap.h,504,"""COLDFIRE"",""THE REST"""
arch/m68k/include/asm/immap_520x.h,195,"""COLDFIRE"",""THE REST"""
arch/m68k/include/asm/immap_5227x.h,237,"""COLDFIRE"",""THE REST"""
arch/m68k/include/asm/immap_5235.h,219,"""COLDFIRE"",""THE REST"""
arch/m68k/include/asm/immap_5249.h,22,"""COLDFIRE"",""THE REST"""
arch/m68k/include/asm/immap_5253.h,36,"""COLDFIRE"",""THE REST"""
arch/m68k/include/asm/immap_5271.h,58,"""COLDFIRE"",""THE REST"""
arch/m68k/include/asm/immap_5272.h,303,"""COLDFIRE"",""THE REST"""
arch/m68k/include/asm/immap_5275.h,350,"""COLDFIRE"",""THE REST"""
arch/m68k/include/asm/immap_5282.h,102,"""COLDFIRE"",""THE REST"""
arch/m68k/include/asm/immap_5301x.h,307,"""COLDFIRE"",""THE REST"""
arch/m68k/include/asm/immap_5307.h,117,"""COLDFIRE"",""THE REST"""
arch/m68k/include/asm/immap_5329.h,385,"""COLDFIRE"",""THE REST"""
arch/m68k/include/asm/immap_5441x.h,370,"""COLDFIRE"",""THE REST"""
arch/m68k/include/asm/immap_5445x.h,335,"""COLDFIRE"",""THE REST"""
arch/m68k/include/asm/immap_547x_8x.h,258,"""COLDFIRE"",""THE REST"""
arch/m68k/include/asm/io.h,257,"""COLDFIRE"",""THE REST"""
arch/m68k/include/asm/linkage.h,0,"""COLDFIRE"",""THE REST"""
arch/m68k/include/asm/m520x.h,340,"""COLDFIRE"",""THE REST"""
arch/m68k/include/asm/m5227x.h,546,"""COLDFIRE"",""THE REST"""
arch/m68k/include/asm/m5235.h,585,"""COLDFIRE"",""THE REST"""
arch/m68k/include/asm/m5249.h,150,"""COLDFIRE"",""THE REST"""
arch/m68k/include/asm/m5253.h,56,"""COLDFIRE"",""THE REST"""
arch/m68k/include/asm/m5271.h,273,"""COLDFIRE"",""THE REST"""
arch/m68k/include/asm/m5272.h,189,"""COLDFIRE"",""THE REST"""
arch/m68k/include/asm/m5275.h,178,"""COLDFIRE"",""THE REST"""
arch/m68k/include/asm/m5282.h,591,"""COLDFIRE"",""THE REST"""
arch/m68k/include/asm/m5301x.h,591,"""COLDFIRE"",""THE REST"""
arch/m68k/include/asm/m5307.h,69,"""COLDFIRE"",""THE REST"""
arch/m68k/include/asm/m5329.h,1033,"""COLDFIRE"",""THE REST"""
arch/m68k/include/asm/m5441x.h,870,"""COLDFIRE"",""THE REST"""
arch/m68k/include/asm/m5445x.h,888,"""COLDFIRE"",""THE REST"""
arch/m68k/include/asm/m547x_8x.h,417,"""COLDFIRE"",""THE REST"""
arch/m68k/include/asm/posix_types.h,109,"""COLDFIRE"",""THE REST"""
arch/m68k/include/asm/processor.h,14,"""COLDFIRE"",""THE REST"""
arch/m68k/include/asm/ptrace.h,41,"""COLDFIRE"",""THE REST"""
arch/m68k/include/asm/rtc.h,92,"""COLDFIRE"",""THE REST"""
arch/m68k/include/asm/sections.h,11,"""COLDFIRE"",""THE REST"""
arch/m68k/include/asm/string.h,31,"""COLDFIRE"",""THE REST"""
arch/m68k/include/asm/timer.h,102,"""COLDFIRE"",""THE REST"""
arch/m68k/include/asm/types.h,27,"""COLDFIRE"",""THE REST"""
arch/m68k/include/asm/u-boot.h,22,"""COLDFIRE"",""THE REST"""
arch/m68k/include/asm/uart.h,154,"""COLDFIRE"",""THE REST"""
arch/m68k/include/asm/unaligned.h,15,"""COLDFIRE"",""THE REST"""
arch/m68k/lib/Makefile,14,"""COLDFIRE"",""THE REST"""
arch/m68k/lib/ashldi3.c,48,"""COLDFIRE"",""THE REST"""
arch/m68k/lib/bootm.c,121,"""COLDFIRE"",""THE REST"""
arch/m68k/lib/cache.c,143,"""COLDFIRE"",""THE REST"""
arch/m68k/lib/interrupts.c,98,"""COLDFIRE"",""THE REST"""
arch/m68k/lib/lshrdi3.c,48,"""COLDFIRE"",""THE REST"""
arch/m68k/lib/muldi3.c,70,"""COLDFIRE"",""THE REST"""
arch/m68k/lib/time.c,195,"""COLDFIRE"",""THE REST"""
arch/m68k/lib/traps.c,59,"""COLDFIRE"",""THE REST"""
arch/microblaze/Kconfig,28,"""MICROBLAZE"",""THE REST"""
arch/microblaze/Makefile,6,"""MICROBLAZE"",""THE REST"""
arch/microblaze/config.mk,19,"""MICROBLAZE"",""THE REST"""
arch/microblaze/cpu/Makefile,9,"""MICROBLAZE"",""THE REST"""
arch/microblaze/cpu/cache.c,68,"""MICROBLAZE"",""THE REST"""
arch/microblaze/cpu/exception.c,63,"""MICROBLAZE"",""THE REST"""
arch/microblaze/cpu/interrupts.c,213,"""MICROBLAZE"",""THE REST"""
arch/microblaze/cpu/irq.S,79,"""MICROBLAZE"",""THE REST"""
arch/microblaze/cpu/spl.c,57,"""MICROBLAZE"",""THE REST"""
arch/microblaze/cpu/start.S,321,"""MICROBLAZE"",""THE REST"""
arch/microblaze/cpu/timer.c,118,"""MICROBLAZE"",""THE REST"""
arch/microblaze/cpu/u-boot-spl.lds,62,"""MICROBLAZE"",""THE REST"""
arch/microblaze/cpu/u-boot.lds,60,"""MICROBLAZE"",""THE REST"""
arch/microblaze/dts/Makefile,13,"""MICROBLAZE"",""THE REST"""
arch/microblaze/dts/include/dt-bindings,0,"""MICROBLAZE"",""THE REST"""
arch/microblaze/dts/microblaze-generic.dts,9,"""MICROBLAZE"",""THE REST"""
arch/microblaze/include/asm/asm.h,85,"""MICROBLAZE"",""THE REST"""
arch/microblaze/include/asm/bitops.h,375,"""MICROBLAZE"",""THE REST"""
arch/microblaze/include/asm/byteorder.h,36,"""MICROBLAZE"",""THE REST"""
arch/microblaze/include/asm/cache.h,21,"""MICROBLAZE"",""THE REST"""
arch/microblaze/include/asm/config.h,13,"""MICROBLAZE"",""THE REST"""
arch/microblaze/include/asm/global_data.h,19,"""MICROBLAZE"",""THE REST"""
arch/microblaze/include/asm/gpio.h,1,"""MICROBLAZE"",""THE REST"""
arch/microblaze/include/asm/io.h,147,"""MICROBLAZE"",""THE REST"""
arch/microblaze/include/asm/linkage.h,0,"""MICROBLAZE"",""THE REST"""
arch/microblaze/include/asm/microblaze_intc.h,35,"""MICROBLAZE"",""THE REST"""
arch/microblaze/include/asm/microblaze_timer.h,26,"""MICROBLAZE"",""THE REST"""
arch/microblaze/include/asm/posix_types.h,77,"""MICROBLAZE"",""THE REST"""
arch/microblaze/include/asm/processor.h,20,"""MICROBLAZE"",""THE REST"""
arch/microblaze/include/asm/ptrace.h,116,"""MICROBLAZE"",""THE REST"""
arch/microblaze/include/asm/sections.h,11,"""MICROBLAZE"",""THE REST"""
arch/microblaze/include/asm/spl.h,15,"""MICROBLAZE"",""THE REST"""
arch/microblaze/include/asm/string.h,29,"""MICROBLAZE"",""THE REST"""
arch/microblaze/include/asm/system.h,161,"""MICROBLAZE"",""THE REST"""
arch/microblaze/include/asm/types.h,31,"""MICROBLAZE"",""THE REST"""
arch/microblaze/include/asm/u-boot.h,23,"""MICROBLAZE"",""THE REST"""
arch/microblaze/include/asm/unaligned.h,1,"""MICROBLAZE"",""THE REST"""
arch/microblaze/lib/Makefile,7,"""MICROBLAZE"",""THE REST"""
arch/microblaze/lib/bootm.c,84,"""MICROBLAZE"",""THE REST"""
arch/microblaze/lib/muldi3.c,74,"""MICROBLAZE"",""THE REST"""
arch/mips/Kconfig,468,"""MIPS"",""THE REST"""
arch/mips/Makefile,42,"""MIPS"",""THE REST"""
arch/mips/Makefile.postlink,21,"""MIPS"",""THE REST"""
arch/mips/config.mk,71,"""MIPS"",""THE REST"""
arch/mips/cpu/Makefile,9,"""MIPS"",""THE REST"""
arch/mips/cpu/cm_init.S,44,"""MIPS"",""THE REST"""
arch/mips/cpu/cpu.c,45,"""MIPS"",""THE REST"""
arch/mips/cpu/interrupts.c,21,"""MIPS"",""THE REST"""
arch/mips/cpu/start.S,269,"""MIPS"",""THE REST"""
arch/mips/cpu/time.c,18,"""MIPS"",""THE REST"""
arch/mips/cpu/u-boot-spl.lds,88,"""MIPS"",""THE REST"""
arch/mips/cpu/u-boot.lds,106,"""MIPS"",""THE REST"""
arch/mips/dts/Makefile,29,"""MIPS"",""THE REST"""
arch/mips/dts/ap121.dts,47,"""MIPS"",""THE REST"""
arch/mips/dts/ap143.dts,42,"""MIPS"",""THE REST"""
arch/mips/dts/ar933x.dtsi,114,"""MIPS"",""THE REST"""
arch/mips/dts/ar934x.dtsi,111,"""MIPS"",""THE REST"""
"arch/mips/dts/brcm,bcm3380.dtsi",170,"""MIPS"",""THE REST"""
"arch/mips/dts/brcm,bcm6318.dtsi",186,"""MIPS"",""THE REST"""
"arch/mips/dts/brcm,bcm63268.dtsi",221,"""MIPS"",""THE REST"""
"arch/mips/dts/brcm,bcm6328.dtsi",191,"""MIPS"",""THE REST"""
"arch/mips/dts/brcm,bcm6338.dtsi",134,"""MIPS"",""THE REST"""
"arch/mips/dts/brcm,bcm6348.dtsi",163,"""MIPS"",""THE REST"""
"arch/mips/dts/brcm,bcm6358.dtsi",194,"""MIPS"",""THE REST"""
"arch/mips/dts/brcm,bcm6362.dtsi",215,"""MIPS"",""THE REST"""
"arch/mips/dts/brcm,bcm6368.dtsi",196,"""MIPS"",""THE REST"""
"arch/mips/dts/brcm,bcm6838.dtsi",85,"""MIPS"",""THE REST"""
"arch/mips/dts/brcm,bcm968380gerg.dts",40,"""MIPS"",""THE REST"""
"arch/mips/dts/comtrend,ar-5315u.dts",96,"""MIPS"",""THE REST"""
"arch/mips/dts/comtrend,ar-5387un.dts",80,"""MIPS"",""THE REST"""
"arch/mips/dts/comtrend,ct-5361.dts",56,"""MIPS"",""THE REST"""
"arch/mips/dts/comtrend,vr-3032u.dts",81,"""MIPS"",""THE REST"""
"arch/mips/dts/comtrend,wap-5813n.dts",76,"""MIPS"",""THE REST"""
arch/mips/dts/gardena-smart-gateway-mt7688.dts,112,"""MIPS"",""THE REST"""
"arch/mips/dts/huawei,hg556a.dts",115,"""MIPS"",""THE REST"""
"arch/mips/dts/img,boston.dts",222,"""MIPS"",""THE REST"""
arch/mips/dts/include/dt-bindings,0,"""MIPS"",""THE REST"""
arch/mips/dts/linkit-smart-7688.dts,45,"""MIPS"",""THE REST"""
arch/mips/dts/microAptiv.dtsi,21,"""MIPS"",""THE REST"""
arch/mips/dts/mt7628a.dtsi,195,"""MIPS"",""THE REST"""
"arch/mips/dts/mti,malta.dts",32,"""MIPS"",""THE REST"""
"arch/mips/dts/netgear,cg3100d.dts",107,"""MIPS"",""THE REST"""
"arch/mips/dts/netgear,dgnd3700v2.dts",132,"""MIPS"",""THE REST"""
arch/mips/dts/nexys4ddr.dts,62,"""MIPS"",""THE REST"""
arch/mips/dts/pic32mzda.dtsi,185,"""MIPS"",""THE REST"""
arch/mips/dts/pic32mzda_sk.dts,57,"""MIPS"",""THE REST"""
arch/mips/dts/qca953x.dtsi,83,"""MIPS"",""THE REST"""
"arch/mips/dts/sagem,f@st1704.dts",61,"""MIPS"",""THE REST"""
"arch/mips/dts/sfr,nb4-ser.dts",104,"""MIPS"",""THE REST"""
arch/mips/dts/skeleton.dtsi,22,"""MIPS"",""THE REST"""
arch/mips/dts/tplink_wdr4300.dts,52,"""MIPS"",""THE REST"""
arch/mips/include/asm/addrspace.h,164,"""MIPS"",""THE REST"""
arch/mips/include/asm/asm-offsets.h,3,"""MIPS"",""THE REST"""
arch/mips/include/asm/asm.h,424,"""MIPS"",""THE REST"""
arch/mips/include/asm/atomic.h,12,"""MIPS"",""THE REST"""
arch/mips/include/asm/bitops.h,903,"""MIPS"",""THE REST"""
arch/mips/include/asm/byteorder.h,72,"""MIPS"",""THE REST"""
arch/mips/include/asm/cache.h,32,"""MIPS"",""THE REST"""
arch/mips/include/asm/cachectl.h,23,"""MIPS"",""THE REST"""
arch/mips/include/asm/cacheops.h,95,"""MIPS"",""THE REST"""
arch/mips/include/asm/cm.h,61,"""MIPS"",""THE REST"""
arch/mips/include/asm/config.h,12,"""MIPS"",""THE REST"""
arch/mips/include/asm/cpu-features.h,29,"""MIPS"",""THE REST"""
arch/mips/include/asm/global_data.h,36,"""MIPS"",""THE REST"""
arch/mips/include/asm/gpio.h,1,"""MIPS"",""THE REST"""
arch/mips/include/asm/io.h,585,"""MIPS"",""THE REST"""
arch/mips/include/asm/isadep.h,35,"""MIPS"",""THE REST"""
arch/mips/include/asm/linkage.h,0,"""MIPS"",""THE REST"""
arch/mips/include/asm/mach-generic/cpu-feature-overrides.h,10,"""MIPS"",""THE REST"""
arch/mips/include/asm/mach-generic/ioremap.h,30,"""MIPS"",""THE REST"""
arch/mips/include/asm/mach-generic/mangle-port.h,49,"""MIPS"",""THE REST"""
arch/mips/include/asm/mach-generic/spaces.h,101,"""MIPS"",""THE REST"""
arch/mips/include/asm/malta.h,71,"""MIPS"",""THE REST"""
arch/mips/include/asm/mipsregs.h,2010,"""MIPS"",""THE REST"""
arch/mips/include/asm/pgtable-bits.h,282,"""MIPS"",""THE REST"""
arch/mips/include/asm/posix_types.h,125,"""MIPS"",""THE REST"""
arch/mips/include/asm/processor.h,137,"""MIPS"",""THE REST"""
arch/mips/include/asm/ptrace.h,105,"""MIPS"",""THE REST"""
arch/mips/include/asm/reboot.h,11,"""MIPS"",""THE REST"""
arch/mips/include/asm/reg.h,123,"""MIPS"",""THE REST"""
arch/mips/include/asm/regdef.h,103,"""MIPS"",""THE REST"""
arch/mips/include/asm/relocs.h,23,"""MIPS"",""THE REST"""
arch/mips/include/asm/sections.h,18,"""MIPS"",""THE REST"""
arch/mips/include/asm/sgidefs.h,41,"""MIPS"",""THE REST"""
arch/mips/include/asm/string.h,36,"""MIPS"",""THE REST"""
arch/mips/include/asm/system.h,285,"""MIPS"",""THE REST"""
arch/mips/include/asm/types.h,55,"""MIPS"",""THE REST"""
arch/mips/include/asm/u-boot-mips.h,12,"""MIPS"",""THE REST"""
arch/mips/include/asm/u-boot.h,24,"""MIPS"",""THE REST"""
arch/mips/include/asm/unaligned.h,23,"""MIPS"",""THE REST"""
arch/mips/lib/Makefile,15,"""MIPS"",""THE REST"""
arch/mips/lib/ashldi3.c,25,"""MIPS"",""THE REST"""
arch/mips/lib/ashrdi3.c,27,"""MIPS"",""THE REST"""
arch/mips/lib/asm-offsets.c,60,"""MIPS"",""THE REST"""
arch/mips/lib/bootm.c,347,"""MIPS"",""THE REST"""
arch/mips/lib/cache.c,197,"""MIPS"",""THE REST"""
arch/mips/lib/cache_init.S,429,"""MIPS"",""THE REST"""
arch/mips/lib/genex.S,223,"""MIPS"",""THE REST"""
arch/mips/lib/libgcc.h,25,"""MIPS"",""THE REST"""
arch/mips/lib/lshrdi3.c,25,"""MIPS"",""THE REST"""
arch/mips/lib/reloc.c,163,"""MIPS"",""THE REST"""
arch/mips/lib/stack.c,17,"""MIPS"",""THE REST"""
arch/mips/lib/traps.c,105,"""MIPS"",""THE REST"""
arch/mips/mach-ath79/Kconfig,57,"""MIPS"",""THE REST"""
arch/mips/mach-ath79/Makefile,9,"""MIPS"",""THE REST"""
arch/mips/mach-ath79/ar933x/Makefile,5,"""MIPS"",""THE REST"""
arch/mips/mach-ath79/ar933x/clk.c,88,"""MIPS"",""THE REST"""
arch/mips/mach-ath79/ar933x/ddr.c,332,"""MIPS"",""THE REST"""
arch/mips/mach-ath79/ar933x/lowlevel_init.S,279,"""MIPS"",""THE REST"""
arch/mips/mach-ath79/ar934x/Makefile,5,"""MIPS"",""THE REST"""
arch/mips/mach-ath79/ar934x/clk.c,333,"""MIPS"",""THE REST"""
arch/mips/mach-ath79/ar934x/cpu.c,9,"""MIPS"",""THE REST"""
arch/mips/mach-ath79/ar934x/ddr.c,162,"""MIPS"",""THE REST"""
arch/mips/mach-ath79/cpu.c,141,"""MIPS"",""THE REST"""
arch/mips/mach-ath79/dram.c,19,"""MIPS"",""THE REST"""
arch/mips/mach-ath79/include/mach/ar71xx_regs.h,1264,"""MIPS"",""THE REST"""
arch/mips/mach-ath79/include/mach/ath79.h,149,"""MIPS"",""THE REST"""
arch/mips/mach-ath79/include/mach/ddr.h,12,"""MIPS"",""THE REST"""
arch/mips/mach-ath79/qca953x/Makefile,5,"""MIPS"",""THE REST"""
arch/mips/mach-ath79/qca953x/clk.c,110,"""MIPS"",""THE REST"""
arch/mips/mach-ath79/qca953x/ddr.c,469,"""MIPS"",""THE REST"""
arch/mips/mach-ath79/qca953x/lowlevel_init.S,185,"""MIPS"",""THE REST"""
arch/mips/mach-ath79/reset.c,258,"""MIPS"",""THE REST"""
arch/mips/mach-bmips/Kconfig,280,"""MIPS"",""THE REST"""
arch/mips/mach-bmips/Makefile,3,"""MIPS"",""THE REST"""
arch/mips/mach-bmips/dram.c,36,"""MIPS"",""THE REST"""
arch/mips/mach-bmips/include/ioremap.h,45,"""MIPS"",""THE REST"""
arch/mips/mach-mt7620/Kconfig,136,"""MIPS"",""THE REST"""
arch/mips/mach-mt7620/Makefile,8,"""MIPS"",""THE REST"""
arch/mips/mach-mt7620/cpu.c,109,"""MIPS"",""THE REST"""
arch/mips/mach-mt7620/ddr_calibrate.c,308,"""MIPS"",""THE REST"""
arch/mips/mach-mt7620/lowlevel_init.S,328,"""MIPS"",""THE REST"""
arch/mips/mach-mt7620/mt76xx.h,32,"""MIPS"",""THE REST"""
arch/mips/mach-pic32/Kconfig,36,"""MIPS"",""THE REST"""
arch/mips/mach-pic32/Makefile,6,"""MIPS"",""THE REST"""
arch/mips/mach-pic32/cpu.c,168,"""MIPS"",""THE REST"""
arch/mips/mach-pic32/include/mach/ddr.h,31,"""MIPS"",""THE REST"""
arch/mips/mach-pic32/include/mach/pic32.h,78,"""MIPS"",""THE REST"""
arch/mips/mach-pic32/lowlevel_init.S,26,"""MIPS"",""THE REST"""
arch/mips/mach-pic32/reset.c,35,"""MIPS"",""THE REST"""
arch/nds32/Kconfig,22,"""NDS32"",""THE REST"""
arch/nds32/Makefile,6,"""NDS32"",""THE REST"""
arch/nds32/config.mk,22,"""NDS32"",""THE REST"""
arch/nds32/cpu/n1213/Makefile,13,"""NDS32"",""THE REST"""
arch/nds32/cpu/n1213/ae3xx/Makefile,16,"""NDS32"",""THE REST"""
arch/nds32/cpu/n1213/ae3xx/cpu.c,44,"""NDS32"",""THE REST"""
arch/nds32/cpu/n1213/ae3xx/lowlevel_init.S,147,"""NDS32"",""THE REST"""
arch/nds32/cpu/n1213/ae3xx/timer.c,15,"""NDS32"",""THE REST"""
arch/nds32/cpu/n1213/ae3xx/watchdog.S,16,"""NDS32"",""THE REST"""
arch/nds32/cpu/n1213/ag101/Makefile,16,"""NDS32"",""THE REST"""
arch/nds32/cpu/n1213/ag101/cpu.c,61,"""NDS32"",""THE REST"""
arch/nds32/cpu/n1213/ag101/lowlevel_init.S,317,"""NDS32"",""THE REST"""
arch/nds32/cpu/n1213/ag101/timer.c,191,"""NDS32"",""THE REST"""
arch/nds32/cpu/n1213/ag101/watchdog.S,32,"""NDS32"",""THE REST"""
arch/nds32/cpu/n1213/start.S,524,"""NDS32"",""THE REST"""
arch/nds32/cpu/n1213/u-boot.lds,58,"""NDS32"",""THE REST"""
arch/nds32/dts/Makefile,13,"""NDS32"",""THE REST"""
arch/nds32/dts/ae3xx.dts,103,"""NDS32"",""THE REST"""
arch/nds32/dts/ag101p.dts,72,"""NDS32"",""THE REST"""
arch/nds32/include/asm/arch-ae3xx/ae3xx.h,51,"""NDS32"",""THE REST"""
arch/nds32/include/asm/arch-ag101/ag101.h,88,"""NDS32"",""THE REST"""
arch/nds32/include/asm/arch-ag102/ag102.h,82,"""NDS32"",""THE REST"""
arch/nds32/include/asm/bitops.h,194,"""NDS32"",""THE REST"""
arch/nds32/include/asm/bootm.h,64,"""NDS32"",""THE REST"""
arch/nds32/include/asm/byteorder.h,36,"""NDS32"",""THE REST"""
arch/nds32/include/asm/cache.h,63,"""NDS32"",""THE REST"""
arch/nds32/include/asm/config.h,12,"""NDS32"",""THE REST"""
arch/nds32/include/asm/dma-mapping.h,28,"""NDS32"",""THE REST"""
arch/nds32/include/asm/global_data.h,33,"""NDS32"",""THE REST"""
arch/nds32/include/asm/io.h,457,"""NDS32"",""THE REST"""
arch/nds32/include/asm/linkage.h,11,"""NDS32"",""THE REST"""
arch/nds32/include/asm/mach-types.h,30,"""NDS32"",""THE REST"""
arch/nds32/include/asm/macro.h,79,"""NDS32"",""THE REST"""
arch/nds32/include/asm/posix_types.h,88,"""NDS32"",""THE REST"""
arch/nds32/include/asm/processor.h,25,"""NDS32"",""THE REST"""
arch/nds32/include/asm/ptrace.h,90,"""NDS32"",""THE REST"""
arch/nds32/include/asm/sections.h,11,"""NDS32"",""THE REST"""
arch/nds32/include/asm/setup.h,189,"""NDS32"",""THE REST"""
arch/nds32/include/asm/string.h,57,"""NDS32"",""THE REST"""
arch/nds32/include/asm/system.h,71,"""NDS32"",""THE REST"""
arch/nds32/include/asm/types.h,34,"""NDS32"",""THE REST"""
arch/nds32/include/asm/u-boot-nds32.h,28,"""NDS32"",""THE REST"""
arch/nds32/include/asm/u-boot.h,46,"""NDS32"",""THE REST"""
arch/nds32/include/asm/unaligned.h,1,"""NDS32"",""THE REST"""
arch/nds32/lib/Makefile,13,"""NDS32"",""THE REST"""
arch/nds32/lib/asm-offsets.c,82,"""NDS32"",""THE REST"""
arch/nds32/lib/boot.c,17,"""NDS32"",""THE REST"""
arch/nds32/lib/bootm.c,240,"""NDS32"",""THE REST"""
arch/nds32/lib/cache.c,266,"""NDS32"",""THE REST"""
arch/nds32/lib/interrupts.c,116,"""NDS32"",""THE REST"""
arch/nios2/Kconfig,14,"""NIOS"",""THE REST"""
arch/nios2/Makefile,6,"""NIOS"",""THE REST"""
arch/nios2/config.mk,17,"""NIOS"",""THE REST"""
arch/nios2/cpu/Makefile,8,"""NIOS"",""THE REST"""
arch/nios2/cpu/cpu.c,157,"""NIOS"",""THE REST"""
arch/nios2/cpu/exceptions.S,138,"""NIOS"",""THE REST"""
arch/nios2/cpu/interrupts.c,143,"""NIOS"",""THE REST"""
arch/nios2/cpu/start.S,179,"""NIOS"",""THE REST"""
arch/nios2/cpu/traps.c,25,"""NIOS"",""THE REST"""
arch/nios2/cpu/u-boot.lds,126,"""NIOS"",""THE REST"""
arch/nios2/dts/10m50_devboard.dts,267,"""NIOS"",""THE REST"""
arch/nios2/dts/3c120_devboard.dts,200,"""NIOS"",""THE REST"""
arch/nios2/dts/Makefile,13,"""NIOS"",""THE REST"""
arch/nios2/dts/include/dt-bindings,0,"""NIOS"",""THE REST"""
arch/nios2/include/asm/bitops.h,20,"""NIOS"",""THE REST"""
arch/nios2/include/asm/bitops/atomic.h,189,"""NIOS"",""THE REST"""
arch/nios2/include/asm/bitops/ffs.h,41,"""NIOS"",""THE REST"""
arch/nios2/include/asm/bitops/non-atomic.h,112,"""NIOS"",""THE REST"""
arch/nios2/include/asm/byteorder.h,19,"""NIOS"",""THE REST"""
arch/nios2/include/asm/cache.h,17,"""NIOS"",""THE REST"""
arch/nios2/include/asm/config.h,9,"""NIOS"",""THE REST"""
arch/nios2/include/asm/dma-mapping.h,24,"""NIOS"",""THE REST"""
arch/nios2/include/asm/global_data.h,28,"""NIOS"",""THE REST"""
arch/nios2/include/asm/gpio.h,1,"""NIOS"",""THE REST"""
arch/nios2/include/asm/io.h,174,"""NIOS"",""THE REST"""
arch/nios2/include/asm/linkage.h,0,"""NIOS"",""THE REST"""
arch/nios2/include/asm/nios2.h,39,"""NIOS"",""THE REST"""
arch/nios2/include/asm/opcodes.h,114,"""NIOS"",""THE REST"""
arch/nios2/include/asm/posix_types.h,67,"""NIOS"",""THE REST"""
arch/nios2/include/asm/processor.h,9,"""NIOS"",""THE REST"""
arch/nios2/include/asm/ptrace.h,16,"""NIOS"",""THE REST"""
arch/nios2/include/asm/sections.h,1,"""NIOS"",""THE REST"""
arch/nios2/include/asm/string.h,30,"""NIOS"",""THE REST"""
arch/nios2/include/asm/system.h,49,"""NIOS"",""THE REST"""
arch/nios2/include/asm/types.h,60,"""NIOS"",""THE REST"""
arch/nios2/include/asm/u-boot.h,22,"""NIOS"",""THE REST"""
arch/nios2/include/asm/unaligned.h,1,"""NIOS"",""THE REST"""
arch/nios2/lib/Makefile,8,"""NIOS"",""THE REST"""
arch/nios2/lib/bootm.c,56,"""NIOS"",""THE REST"""
arch/nios2/lib/cache.c,128,"""NIOS"",""THE REST"""
arch/nios2/lib/libgcc.c,578,"""NIOS"",""THE REST"""
arch/nios2/lib/longlong.h,250,"""NIOS"",""THE REST"""
arch/powerpc/Kconfig,47,"""POWERPC"",""THE REST"""
arch/powerpc/Makefile,8,"""POWERPC"",""THE REST"""
arch/powerpc/config.mk,47,"""POWERPC"",""THE REST"""
arch/powerpc/cpu/Makefile,5,"""POWERPC"",""THE REST"""
arch/powerpc/cpu/mpc83xx/Kconfig,117,"""POWERPC"",""POWERPC MPC83XX"",""THE REST"""
arch/powerpc/cpu/mpc83xx/Makefile,41,"""POWERPC"",""POWERPC MPC83XX"",""THE REST"""
arch/powerpc/cpu/mpc83xx/config.mk,5,"""POWERPC"",""POWERPC MPC83XX"",""THE REST"""
arch/powerpc/cpu/mpc83xx/cpu.c,229,"""POWERPC"",""POWERPC MPC83XX"",""THE REST"""
arch/powerpc/cpu/mpc83xx/cpu_init.c,509,"""POWERPC"",""POWERPC MPC83XX"",""THE REST"""
arch/powerpc/cpu/mpc83xx/ecc.c,388,"""POWERPC"",""POWERPC MPC83XX"",""THE REST"""
arch/powerpc/cpu/mpc83xx/fdt.c,129,"""POWERPC"",""POWERPC MPC83XX"",""THE REST"""
arch/powerpc/cpu/mpc83xx/interrupts.c,78,"""POWERPC"",""POWERPC MPC83XX"",""THE REST"""
arch/powerpc/cpu/mpc83xx/law.c,59,"""POWERPC"",""POWERPC MPC83XX"",""THE REST"""
arch/powerpc/cpu/mpc83xx/pci.c,224,"""POWERPC"",""POWERPC MPC83XX"",""THE REST"""
arch/powerpc/cpu/mpc83xx/pcie.c,334,"""POWERPC"",""POWERPC MPC83XX"",""THE REST"""
arch/powerpc/cpu/mpc83xx/qe_io.c,68,"""POWERPC"",""POWERPC MPC83XX"",""THE REST"""
arch/powerpc/cpu/mpc83xx/serdes.c,154,"""POWERPC"",""POWERPC MPC83XX"",""THE REST"""
arch/powerpc/cpu/mpc83xx/spd_sdram.c,930,"""POWERPC"",""POWERPC MPC83XX"",""THE REST"""
arch/powerpc/cpu/mpc83xx/speed.c,596,"""POWERPC"",""POWERPC MPC83XX"",""THE REST"""
arch/powerpc/cpu/mpc83xx/spl_minimal.c,91,"""POWERPC"",""POWERPC MPC83XX"",""THE REST"""
arch/powerpc/cpu/mpc83xx/start.S,1201,"""POWERPC"",""POWERPC MPC83XX"",""THE REST"""
arch/powerpc/cpu/mpc83xx/traps.c,216,"""POWERPC"",""POWERPC MPC83XX"",""THE REST"""
arch/powerpc/cpu/mpc83xx/u-boot-spl.lds,37,"""POWERPC"",""POWERPC MPC83XX"",""THE REST"""
arch/powerpc/cpu/mpc83xx/u-boot.lds,73,"""POWERPC"",""POWERPC MPC83XX"",""THE REST"""
arch/powerpc/cpu/mpc85xx/Kconfig,1592,"""POWERPC"",""POWERPC MPC85XX"",""THE REST"""
arch/powerpc/cpu/mpc85xx/Makefile,106,"""POWERPC"",""POWERPC MPC85XX"",""THE REST"""
arch/powerpc/cpu/mpc85xx/b4860_ids.c,130,"""POWERPC"",""POWERPC MPC85XX"",""THE REST"""
arch/powerpc/cpu/mpc85xx/b4860_serdes.c,285,"""POWERPC"",""POWERPC MPC85XX"",""THE REST"""
arch/powerpc/cpu/mpc85xx/bsc9132_serdes.c,101,"""POWERPC"",""POWERPC MPC85XX"",""THE REST"""
arch/powerpc/cpu/mpc85xx/c29x_serdes.c,70,"""POWERPC"",""POWERPC MPC85XX"",""THE REST"""
arch/powerpc/cpu/mpc85xx/cmd_errata.c,350,"""POWERPC"",""POWERPC MPC85XX"",""THE REST"""
arch/powerpc/cpu/mpc85xx/commproc.c,186,"""POWERPC"",""POWERPC MPC85XX"",""THE REST"""
arch/powerpc/cpu/mpc85xx/config.mk,12,"""POWERPC"",""POWERPC MPC85XX"",""THE REST"""
arch/powerpc/cpu/mpc85xx/cpu.c,688,"""POWERPC"",""POWERPC MPC85XX"",""THE REST"""
arch/powerpc/cpu/mpc85xx/cpu_init.c,1058,"""POWERPC"",""POWERPC MPC85XX"",""THE REST"""
arch/powerpc/cpu/mpc85xx/cpu_init_early.c,182,"""POWERPC"",""POWERPC MPC85XX"",""THE REST"""
arch/powerpc/cpu/mpc85xx/ether_fcc.c,460,"""POWERPC"",""POWERPC MPC85XX"",""THE REST"""
arch/powerpc/cpu/mpc85xx/fdt.c,853,"""POWERPC"",""POWERPC MPC85XX"",""THE REST"""
arch/powerpc/cpu/mpc85xx/fsl_corenet2_serdes.c,400,"""POWERPC"",""POWERPC MPC85XX"",""THE REST"""
arch/powerpc/cpu/mpc85xx/fsl_corenet2_serdes.h,11,"""POWERPC"",""POWERPC MPC85XX"",""THE REST"""
arch/powerpc/cpu/mpc85xx/fsl_corenet_serdes.c,884,"""POWERPC"",""POWERPC MPC85XX"",""THE REST"""
arch/powerpc/cpu/mpc85xx/fsl_corenet_serdes.h,27,"""POWERPC"",""POWERPC MPC85XX"",""THE REST"""
arch/powerpc/cpu/mpc85xx/interrupts.c,107,"""POWERPC"",""POWERPC MPC85XX"",""THE REST"""
arch/powerpc/cpu/mpc85xx/liodn.c,412,"""POWERPC"",""POWERPC MPC85XX"",""THE REST"""
arch/powerpc/cpu/mpc85xx/mp.c,471,"""POWERPC"",""POWERPC MPC85XX"",""THE REST"""
arch/powerpc/cpu/mpc85xx/mp.h,21,"""POWERPC"",""POWERPC MPC85XX"",""THE REST"""
arch/powerpc/cpu/mpc85xx/mpc8536_serdes.c,250,"""POWERPC"",""POWERPC MPC85XX"",""THE REST"""
arch/powerpc/cpu/mpc85xx/mpc8544_serdes.c,96,"""POWERPC"",""POWERPC MPC85XX"",""THE REST"""
arch/powerpc/cpu/mpc85xx/mpc8548_serdes.c,57,"""POWERPC"",""POWERPC MPC85XX"",""THE REST"""
arch/powerpc/cpu/mpc85xx/mpc8568_serdes.c,57,"""POWERPC"",""POWERPC MPC85XX"",""THE REST"""
arch/powerpc/cpu/mpc85xx/mpc8569_serdes.c,66,"""POWERPC"",""POWERPC MPC85XX"",""THE REST"""
arch/powerpc/cpu/mpc85xx/mpc8572_serdes.c,73,"""POWERPC"",""POWERPC MPC85XX"",""THE REST"""
arch/powerpc/cpu/mpc85xx/p1010_serdes.c,89,"""POWERPC"",""POWERPC MPC85XX"",""THE REST"""
arch/powerpc/cpu/mpc85xx/p1021_serdes.c,103,"""POWERPC"",""POWERPC MPC85XX"",""THE REST"""
arch/powerpc/cpu/mpc85xx/p1022_serdes.c,128,"""POWERPC"",""POWERPC MPC85XX"",""THE REST"""
arch/powerpc/cpu/mpc85xx/p1023_serdes.c,59,"""POWERPC"",""POWERPC MPC85XX"",""THE REST"""
arch/powerpc/cpu/mpc85xx/p2020_serdes.c,65,"""POWERPC"",""POWERPC MPC85XX"",""THE REST"""
arch/powerpc/cpu/mpc85xx/p2041_ids.c,112,"""POWERPC"",""POWERPC MPC85XX"",""THE REST"""
arch/powerpc/cpu/mpc85xx/p2041_serdes.c,89,"""POWERPC"",""POWERPC MPC85XX"",""THE REST"""
arch/powerpc/cpu/mpc85xx/p3041_ids.c,111,"""POWERPC"",""POWERPC MPC85XX"",""THE REST"""
arch/powerpc/cpu/mpc85xx/p3041_serdes.c,134,"""POWERPC"",""POWERPC MPC85XX"",""THE REST"""
arch/powerpc/cpu/mpc85xx/p4080_ids.c,111,"""POWERPC"",""POWERPC MPC85XX"",""THE REST"""
arch/powerpc/cpu/mpc85xx/p4080_serdes.c,81,"""POWERPC"",""POWERPC MPC85XX"",""THE REST"""
arch/powerpc/cpu/mpc85xx/p5020_ids.c,124,"""POWERPC"",""POWERPC MPC85XX"",""THE REST"""
arch/powerpc/cpu/mpc85xx/p5020_serdes.c,134,"""POWERPC"",""POWERPC MPC85XX"",""THE REST"""
arch/powerpc/cpu/mpc85xx/p5040_ids.c,110,"""POWERPC"",""POWERPC MPC85XX"",""THE REST"""
arch/powerpc/cpu/mpc85xx/p5040_serdes.c,100,"""POWERPC"",""POWERPC MPC85XX"",""THE REST"""
arch/powerpc/cpu/mpc85xx/pci.c,213,"""POWERPC"",""POWERPC MPC85XX"",""THE REST"""
arch/powerpc/cpu/mpc85xx/portals.c,74,"""POWERPC"",""POWERPC MPC85XX"",""THE REST"""
arch/powerpc/cpu/mpc85xx/qe_io.c,71,"""POWERPC"",""POWERPC MPC85XX"",""THE REST"""
arch/powerpc/cpu/mpc85xx/release.S,498,"""POWERPC"",""POWERPC MPC85XX"",""THE REST"""
arch/powerpc/cpu/mpc85xx/resetvec.S,2,"""POWERPC"",""POWERPC MPC85XX"",""THE REST"""
arch/powerpc/cpu/mpc85xx/serial_scc.c,261,"""POWERPC"",""POWERPC MPC85XX"",""THE REST"""
arch/powerpc/cpu/mpc85xx/speed.c,714,"""POWERPC"",""POWERPC MPC85XX"",""THE REST"""
arch/powerpc/cpu/mpc85xx/spl_minimal.c,44,"""POWERPC"",""POWERPC MPC85XX"",""THE REST"""
arch/powerpc/cpu/mpc85xx/start.S,1851,"""POWERPC"",""POWERPC MPC85XX"",""THE REST"""
arch/powerpc/cpu/mpc85xx/t1024_ids.c,80,"""POWERPC"",""POWERPC MPC85XX"",""THE REST"""
arch/powerpc/cpu/mpc85xx/t1024_serdes.c,53,"""POWERPC"",""POWERPC MPC85XX"",""THE REST"""
arch/powerpc/cpu/mpc85xx/t1040_ids.c,96,"""POWERPC"",""POWERPC MPC85XX"",""THE REST"""
arch/powerpc/cpu/mpc85xx/t1040_serdes.c,67,"""POWERPC"",""POWERPC MPC85XX"",""THE REST"""
arch/powerpc/cpu/mpc85xx/t2080_ids.c,143,"""POWERPC"",""POWERPC MPC85XX"",""THE REST"""
arch/powerpc/cpu/mpc85xx/t2080_serdes.c,228,"""POWERPC"",""POWERPC MPC85XX"",""THE REST"""
arch/powerpc/cpu/mpc85xx/t4240_ids.c,188,"""POWERPC"",""POWERPC MPC85XX"",""THE REST"""
arch/powerpc/cpu/mpc85xx/t4240_serdes.c,517,"""POWERPC"",""POWERPC MPC85XX"",""THE REST"""
arch/powerpc/cpu/mpc85xx/tlb.c,351,"""POWERPC"",""POWERPC MPC85XX"",""THE REST"""
arch/powerpc/cpu/mpc85xx/traps.c,287,"""POWERPC"",""POWERPC MPC85XX"",""THE REST"""
arch/powerpc/cpu/mpc85xx/u-boot-nand.lds,97,"""POWERPC"",""POWERPC MPC85XX"",""THE REST"""
arch/powerpc/cpu/mpc85xx/u-boot-nand_spl.lds,68,"""POWERPC"",""POWERPC MPC85XX"",""THE REST"""
arch/powerpc/cpu/mpc85xx/u-boot-spl.lds,114,"""POWERPC"",""POWERPC MPC85XX"",""THE REST"""
arch/powerpc/cpu/mpc85xx/u-boot.lds,128,"""POWERPC"",""POWERPC MPC85XX"",""THE REST"""
arch/powerpc/cpu/mpc86xx/Kconfig,69,"""POWERPC"",""POWERPC MPC86XX"",""THE REST"""
arch/powerpc/cpu/mpc86xx/Makefile,24,"""POWERPC"",""POWERPC MPC86XX"",""THE REST"""
arch/powerpc/cpu/mpc86xx/cache.S,332,"""POWERPC"",""POWERPC MPC86XX"",""THE REST"""
arch/powerpc/cpu/mpc86xx/config.mk,6,"""POWERPC"",""POWERPC MPC86XX"",""THE REST"""
arch/powerpc/cpu/mpc86xx/cpu.c,202,"""POWERPC"",""POWERPC MPC86XX"",""THE REST"""
arch/powerpc/cpu/mpc86xx/cpu_init.c,101,"""POWERPC"",""POWERPC MPC86XX"",""THE REST"""
arch/powerpc/cpu/mpc86xx/fdt.c,49,"""POWERPC"",""POWERPC MPC86XX"",""THE REST"""
arch/powerpc/cpu/mpc86xx/interrupts.c,112,"""POWERPC"",""POWERPC MPC86XX"",""THE REST"""
arch/powerpc/cpu/mpc86xx/mp.c,128,"""POWERPC"",""POWERPC MPC86XX"",""THE REST"""
arch/powerpc/cpu/mpc86xx/mpc8610_serdes.c,86,"""POWERPC"",""POWERPC MPC86XX"",""THE REST"""
arch/powerpc/cpu/mpc86xx/mpc8641_serdes.c,95,"""POWERPC"",""POWERPC MPC86XX"",""THE REST"""
arch/powerpc/cpu/mpc86xx/release.S,149,"""POWERPC"",""POWERPC MPC86XX"",""THE REST"""
arch/powerpc/cpu/mpc86xx/speed.c,132,"""POWERPC"",""POWERPC MPC86XX"",""THE REST"""
arch/powerpc/cpu/mpc86xx/start.S,982,"""POWERPC"",""POWERPC MPC86XX"",""THE REST"""
arch/powerpc/cpu/mpc86xx/traps.c,196,"""POWERPC"",""POWERPC MPC86XX"",""THE REST"""
arch/powerpc/cpu/mpc86xx/u-boot.lds,77,"""POWERPC"",""POWERPC MPC86XX"",""THE REST"""
arch/powerpc/cpu/mpc8xx/Kconfig,179,"""POWERPC"",""POWERPC MPC8XX"",""THE REST"""
arch/powerpc/cpu/mpc8xx/Makefile,14,"""POWERPC"",""POWERPC MPC8XX"",""THE REST"""
arch/powerpc/cpu/mpc8xx/cache.c,48,"""POWERPC"",""POWERPC MPC8XX"",""THE REST"""
arch/powerpc/cpu/mpc8xx/config.mk,6,"""POWERPC"",""POWERPC MPC8XX"",""THE REST"""
arch/powerpc/cpu/mpc8xx/cpu.c,282,"""POWERPC"",""POWERPC MPC8XX"",""THE REST"""
arch/powerpc/cpu/mpc8xx/cpu_init.c,191,"""POWERPC"",""POWERPC MPC8XX"",""THE REST"""
arch/powerpc/cpu/mpc8xx/fdt.c,28,"""POWERPC"",""POWERPC MPC8XX"",""THE REST"""
arch/powerpc/cpu/mpc8xx/immap.c,400,"""POWERPC"",""POWERPC MPC8XX"",""THE REST"""
arch/powerpc/cpu/mpc8xx/interrupts.c,249,"""POWERPC"",""POWERPC MPC8XX"",""THE REST"""
arch/powerpc/cpu/mpc8xx/speed.c,42,"""POWERPC"",""POWERPC MPC8XX"",""THE REST"""
arch/powerpc/cpu/mpc8xx/start.S,542,"""POWERPC"",""POWERPC MPC8XX"",""THE REST"""
arch/powerpc/cpu/mpc8xx/traps.c,156,"""POWERPC"",""POWERPC MPC8XX"",""THE REST"""
arch/powerpc/cpu/mpc8xxx/Makefile,27,"""POWERPC"",""THE REST"""
arch/powerpc/cpu/mpc8xxx/cpu.c,369,"""POWERPC"",""THE REST"""
arch/powerpc/cpu/mpc8xxx/fdt.c,152,"""POWERPC"",""THE REST"""
arch/powerpc/cpu/mpc8xxx/fsl_lbc.c,150,"""POWERPC"",""THE REST"""
arch/powerpc/cpu/mpc8xxx/fsl_pamu.c,440,"""POWERPC"",""THE REST"""
arch/powerpc/cpu/mpc8xxx/law.c,354,"""POWERPC"",""THE REST"""
arch/powerpc/cpu/mpc8xxx/pamu_table.c,62,"""POWERPC"",""THE REST"""
arch/powerpc/cpu/mpc8xxx/srio.c,445,"""POWERPC"",""THE REST"""
arch/powerpc/dts/Makefile,15,"""POWERPC"",""THE REST"""
arch/powerpc/dts/e6500_power_isa.dtsi,39,"""POWERPC"",""THE REST"""
arch/powerpc/dts/mcr3000.dts,22,"""POWERPC"",""THE REST"""
arch/powerpc/dts/t2080.dtsi,62,"""POWERPC"",""THE REST"""
arch/powerpc/dts/t2080qds.dts,17,"""POWERPC"",""THE REST"""
arch/powerpc/dts/u-boot.dtsi,32,"""POWERPC"",""THE REST"""
arch/powerpc/include/asm/arch-mpc83xx/gpio.h,23,"""POWERPC"",""POWERPC MPC83XX"",""THE REST"""
arch/powerpc/include/asm/arch-mpc83xx/soc.h,74,"""POWERPC"",""POWERPC MPC83XX"",""THE REST"""
arch/powerpc/include/asm/arch-mpc85xx/gpio.h,26,"""POWERPC"",""THE REST"""
arch/powerpc/include/asm/arch-ppc4xx/gpio.h,6,"""POWERPC"",""THE REST"""
arch/powerpc/include/asm/atomic.h,93,"""POWERPC"",""THE REST"""
arch/powerpc/include/asm/bitops.h,370,"""POWERPC"",""THE REST"""
arch/powerpc/include/asm/byteorder.h,84,"""POWERPC"",""THE REST"""
arch/powerpc/include/asm/cache.h,144,"""POWERPC"",""THE REST"""
arch/powerpc/include/asm/config.h,79,"""POWERPC"",""THE REST"""
arch/powerpc/include/asm/config_mpc85xx.h,439,"""POWERPC"",""THE REST"""
arch/powerpc/include/asm/config_mpc86xx.h,9,"""POWERPC"",""THE REST"""
arch/powerpc/include/asm/cpm_85xx.h,829,"""POWERPC"",""THE REST"""
arch/powerpc/include/asm/cpm_8xx.h,687,"""POWERPC"",""THE REST"""
arch/powerpc/include/asm/e300.h,91,"""POWERPC"",""THE REST"""
arch/powerpc/include/asm/fsl_dma.h,124,"""POWERPC"",""THE REST"""
arch/powerpc/include/asm/fsl_fdt.h,10,"""POWERPC"",""THE REST"""
arch/powerpc/include/asm/fsl_i2c.h,80,"""POWERPC"",""THE REST"""
arch/powerpc/include/asm/fsl_law.h,147,"""POWERPC"",""THE REST"""
arch/powerpc/include/asm/fsl_lbc.h,532,"""POWERPC"",""THE REST"""
arch/powerpc/include/asm/fsl_liodn.h,247,"""POWERPC"",""THE REST"""
arch/powerpc/include/asm/fsl_mpc83xx_serdes.h,26,"""POWERPC"",""THE REST"""
arch/powerpc/include/asm/fsl_pamu.h,168,"""POWERPC"",""THE REST"""
arch/powerpc/include/asm/fsl_pci.h,273,"""POWERPC"",""THE REST"""
arch/powerpc/include/asm/fsl_portals.h,47,"""POWERPC"",""THE REST"""
arch/powerpc/include/asm/fsl_secure_boot.h,141,"""POWERPC"",""THE REST"""
arch/powerpc/include/asm/fsl_serdes.h,125,"""POWERPC"",""THE REST"""
arch/powerpc/include/asm/fsl_srio.h,47,"""POWERPC"",""THE REST"""
arch/powerpc/include/asm/global_data.h,120,"""POWERPC"",""THE REST"""
arch/powerpc/include/asm/gpio.h,2,"""POWERPC"",""THE REST"""
arch/powerpc/include/asm/immap_83xx.h,960,"""POWERPC"",""THE REST"""
arch/powerpc/include/asm/immap_85xx.h,3141,"""POWERPC"",""THE REST"""
arch/powerpc/include/asm/immap_86xx.h,1221,"""POWERPC"",""THE REST"""
arch/powerpc/include/asm/immap_8xx.h,468,"""POWERPC"",""THE REST"""
arch/powerpc/include/asm/interrupt.h,13,"""POWERPC"",""THE REST"""
arch/powerpc/include/asm/io.h,325,"""POWERPC"",""THE REST"""
arch/powerpc/include/asm/iopin_8xx.h,466,"""POWERPC"",""THE REST"""
arch/powerpc/include/asm/linkage.h,6,"""POWERPC"",""THE REST"""
arch/powerpc/include/asm/mc146818rtc.h,27,"""POWERPC"",""THE REST"""
arch/powerpc/include/asm/mmu.h,588,"""POWERPC"",""THE REST"""
arch/powerpc/include/asm/mp.h,22,"""POWERPC"",""THE REST"""
arch/powerpc/include/asm/mpc8349_pci.h,168,"""POWERPC"",""THE REST"""
arch/powerpc/include/asm/mpc85xx_gpio.h,114,"""POWERPC"",""THE REST"""
arch/powerpc/include/asm/mpc8xxx_spi.h,32,"""POWERPC"",""THE REST"""
arch/powerpc/include/asm/pci_io.h,43,"""POWERPC"",""THE REST"""
arch/powerpc/include/asm/posix_types.h,109,"""POWERPC"",""THE REST"""
arch/powerpc/include/asm/ppc.h,135,"""POWERPC"",""THE REST"""
arch/powerpc/include/asm/processor.h,1340,"""POWERPC"",""THE REST"""
arch/powerpc/include/asm/ptrace.h,105,"""POWERPC"",""THE REST"""
arch/powerpc/include/asm/sections.h,11,"""POWERPC"",""THE REST"""
arch/powerpc/include/asm/sigcontext.h,15,"""POWERPC"",""THE REST"""
arch/powerpc/include/asm/signal.h,154,"""POWERPC"",""THE REST"""
arch/powerpc/include/asm/spl.h,11,"""POWERPC"",""THE REST"""
arch/powerpc/include/asm/string.h,29,"""POWERPC"",""THE REST"""
arch/powerpc/include/asm/types.h,36,"""POWERPC"",""THE REST"""
arch/powerpc/include/asm/u-boot.h,23,"""POWERPC"",""THE REST"""
arch/powerpc/include/asm/unaligned.h,16,"""POWERPC"",""THE REST"""
arch/powerpc/lib/Makefile,45,"""POWERPC"",""THE REST"""
arch/powerpc/lib/_ashldi3.S,41,"""POWERPC"",""THE REST"""
arch/powerpc/lib/_ashrdi3.S,43,"""POWERPC"",""THE REST"""
arch/powerpc/lib/_lshrdi3.S,41,"""POWERPC"",""THE REST"""
arch/powerpc/lib/bat_rw.c,243,"""POWERPC"",""THE REST"""
arch/powerpc/lib/bootm.c,339,"""POWERPC"",""THE REST"""
arch/powerpc/lib/cache.c,36,"""POWERPC"",""THE REST"""
arch/powerpc/lib/extable.c,61,"""POWERPC"",""THE REST"""
arch/powerpc/lib/interrupts.c,107,"""POWERPC"",""THE REST"""
arch/powerpc/lib/kgdb.c,260,"""POWERPC"",""THE REST"""
arch/powerpc/lib/ppccache.S,107,"""POWERPC"",""THE REST"""
arch/powerpc/lib/ppcstring.S,205,"""POWERPC"",""THE REST"""
arch/powerpc/lib/reloc.S,32,"""POWERPC"",""THE REST"""
arch/powerpc/lib/spl.c,28,"""POWERPC"",""THE REST"""
arch/powerpc/lib/stack.c,30,"""POWERPC"",""THE REST"""
arch/powerpc/lib/ticks.S,56,"""POWERPC"",""THE REST"""
arch/powerpc/lib/time.c,73,"""POWERPC"",""THE REST"""
arch/riscv/Kconfig,69,"""RISC-V"",""THE REST"""
arch/riscv/Makefile,30,"""RISC-V"",""THE REST"""
arch/riscv/config.mk,35,"""RISC-V"",""THE REST"""
arch/riscv/cpu/Makefile,7,"""RISC-V"",""THE REST"""
arch/riscv/cpu/ax25/Kconfig,7,"""RISC-V"",""THE REST"""
arch/riscv/cpu/ax25/Makefile,7,"""RISC-V"",""THE REST"""
arch/riscv/cpu/ax25/cache.c,95,"""RISC-V"",""THE REST"""
arch/riscv/cpu/ax25/cpu.c,27,"""RISC-V"",""THE REST"""
arch/riscv/cpu/cpu.c,55,"""RISC-V"",""THE REST"""
arch/riscv/cpu/qemu/Makefile,6,"""RISC-V"",""THE REST"""
arch/riscv/cpu/qemu/cpu.c,21,"""RISC-V"",""THE REST"""
arch/riscv/cpu/qemu/dram.c,17,"""RISC-V"",""THE REST"""
arch/riscv/cpu/start.S,289,"""RISC-V"",""THE REST"""
arch/riscv/cpu/u-boot.lds,88,"""RISC-V"",""THE REST"""
arch/riscv/dts/Makefile,11,"""RISC-V"",""THE REST"""
arch/riscv/dts/ae350.dts,229,"""RISC-V"",""THE REST"""
arch/riscv/dts/ae350_32.dts,229,"""RISC-V"",""THE REST"""
arch/riscv/dts/ae350_64.dts,229,"""RISC-V"",""THE REST"""
arch/riscv/include/asm/barrier.h,67,"""RISC-V"",""THE REST"""
arch/riscv/include/asm/bitops.h,176,"""RISC-V"",""THE REST"""
arch/riscv/include/asm/byteorder.h,35,"""RISC-V"",""THE REST"""
arch/riscv/include/asm/cache.h,24,"""RISC-V"",""THE REST"""
arch/riscv/include/asm/config.h,12,"""RISC-V"",""THE REST"""
arch/riscv/include/asm/csr.h,126,"""RISC-V"",""THE REST"""
arch/riscv/include/asm/encoding.h,157,"""RISC-V"",""THE REST"""
arch/riscv/include/asm/global_data.h,21,"""RISC-V"",""THE REST"""
arch/riscv/include/asm/io.h,462,"""RISC-V"",""THE REST"""
arch/riscv/include/asm/linkage.h,11,"""RISC-V"",""THE REST"""
arch/riscv/include/asm/posix_types.h,93,"""RISC-V"",""THE REST"""
arch/riscv/include/asm/processor.h,26,"""RISC-V"",""THE REST"""
arch/riscv/include/asm/ptrace.h,103,"""RISC-V"",""THE REST"""
arch/riscv/include/asm/sections.h,11,"""RISC-V"",""THE REST"""
arch/riscv/include/asm/setjmp.h,25,"""RISC-V"",""THE REST"""
arch/riscv/include/asm/string.h,49,"""RISC-V"",""THE REST"""
arch/riscv/include/asm/system.h,17,"""RISC-V"",""THE REST"""
arch/riscv/include/asm/types.h,39,"""RISC-V"",""THE REST"""
arch/riscv/include/asm/u-boot-riscv.h,21,"""RISC-V"",""THE REST"""
arch/riscv/include/asm/u-boot.h,44,"""RISC-V"",""THE REST"""
arch/riscv/include/asm/unaligned.h,1,"""RISC-V"",""THE REST"""
arch/riscv/lib/Makefile,25,"""RISC-V"",""THE REST"""
arch/riscv/lib/boot.c,16,"""RISC-V"",""THE REST"""
arch/riscv/lib/bootm.c,120,"""RISC-V"",""THE REST"""
arch/riscv/lib/cache.c,73,"""RISC-V"",""THE REST"""
arch/riscv/lib/crt0_riscv_efi.S,151,"""RISC-V"",""THE REST"""
arch/riscv/lib/elf_riscv32_efi.lds,71,"""RISC-V"",""THE REST"""
arch/riscv/lib/elf_riscv64_efi.lds,71,"""RISC-V"",""THE REST"""
arch/riscv/lib/interrupts.c,105,"""RISC-V"",""THE REST"""
arch/riscv/lib/reloc_riscv_efi.c,97,"""RISC-V"",""THE REST"""
arch/riscv/lib/reset.c,17,"""RISC-V"",""THE REST"""
arch/riscv/lib/setjmp.S,65,"""RISC-V"",""THE REST"""
arch/sandbox/Kconfig,49,"""SANDBOX"",""THE REST"""
arch/sandbox/Makefile,6,"""SANDBOX"",""THE REST"""
arch/sandbox/config.mk,30,"""SANDBOX"",""THE REST"""
arch/sandbox/cpu/Makefile,32,"""SANDBOX"",""THE REST"""
arch/sandbox/cpu/cpu.c,290,"""SANDBOX"",""THE REST"""
arch/sandbox/cpu/eth-raw-os.c,295,"""SANDBOX"",""THE REST"""
arch/sandbox/cpu/os.c,788,"""SANDBOX"",""THE REST"""
arch/sandbox/cpu/sdl.c,376,"""SANDBOX"",""THE REST"""
arch/sandbox/cpu/spl.c,79,"""SANDBOX"",""THE REST"""
arch/sandbox/cpu/start.c,364,"""SANDBOX"",""THE REST"""
arch/sandbox/cpu/state.c,424,"""SANDBOX"",""THE REST"""
arch/sandbox/cpu/u-boot-spl.lds,23,"""SANDBOX"",""THE REST"""
arch/sandbox/cpu/u-boot.lds,51,"""SANDBOX"",""THE REST"""
arch/sandbox/dts/Makefile,18,"""SANDBOX"",""THE REST"""
arch/sandbox/dts/cros-ec-keyboard.dtsi,105,"""SANDBOX"",""THE REST"""
arch/sandbox/dts/include/dt-bindings,0,"""SANDBOX"",""THE REST"""
arch/sandbox/dts/sandbox.dts,397,"""SANDBOX"",""THE REST"""
arch/sandbox/dts/sandbox64.dts,326,"""SANDBOX"",""THE REST"""
arch/sandbox/dts/sandbox_pmic.dtsi,117,"""SANDBOX"",""THE REST"""
arch/sandbox/dts/test.dts,784,"""SANDBOX"",""THE REST"""
arch/sandbox/include/asm/axi.h,66,"""SANDBOX"",""THE REST"""
arch/sandbox/include/asm/bitops.h,169,"""SANDBOX"",""THE REST"""
arch/sandbox/include/asm/byteorder.h,23,"""SANDBOX"",""THE REST"""
arch/sandbox/include/asm/cache.h,24,"""SANDBOX"",""THE REST"""
arch/sandbox/include/asm/clk.h,150,"""SANDBOX"",""THE REST"""
arch/sandbox/include/asm/config.h,19,"""SANDBOX"",""THE REST"""
arch/sandbox/include/asm/eth-raw-os.h,73,"""SANDBOX"",""THE REST"""
arch/sandbox/include/asm/eth.h,109,"""SANDBOX"",""THE REST"""
arch/sandbox/include/asm/getopt.h,72,"""SANDBOX"",""THE REST"""
arch/sandbox/include/asm/global_data.h,21,"""SANDBOX"",""THE REST"""
arch/sandbox/include/asm/gpio.h,85,"""SANDBOX"",""THE REST"""
arch/sandbox/include/asm/handoff.h,18,"""SANDBOX"",""THE REST"""
arch/sandbox/include/asm/io.h,182,"""SANDBOX"",""THE REST"""
arch/sandbox/include/asm/linkage.h,0,"""SANDBOX"",""THE REST"""
arch/sandbox/include/asm/mbox.h,20,"""SANDBOX"",""THE REST"""
arch/sandbox/include/asm/posix_types.h,57,"""SANDBOX"",""THE REST"""
arch/sandbox/include/asm/power-domain.h,20,"""SANDBOX"",""THE REST"""
arch/sandbox/include/asm/processor.h,11,"""SANDBOX"",""THE REST"""
arch/sandbox/include/asm/ptrace.h,21,"""SANDBOX"",""THE REST"""
arch/sandbox/include/asm/reset.h,24,"""SANDBOX"",""THE REST"""
arch/sandbox/include/asm/rtc.h,27,"""SANDBOX"",""THE REST"""
arch/sandbox/include/asm/sdl.h,124,"""SANDBOX"",""THE REST"""
arch/sandbox/include/asm/sections.h,24,"""SANDBOX"",""THE REST"""
arch/sandbox/include/asm/setjmp.h,35,"""SANDBOX"",""THE REST"""
arch/sandbox/include/asm/spi.h,45,"""SANDBOX"",""THE REST"""
arch/sandbox/include/asm/spl.h,15,"""SANDBOX"",""THE REST"""
arch/sandbox/include/asm/state.h,267,"""SANDBOX"",""THE REST"""
arch/sandbox/include/asm/string.h,6,"""SANDBOX"",""THE REST"""
arch/sandbox/include/asm/system.h,16,"""SANDBOX"",""THE REST"""
arch/sandbox/include/asm/test.h,164,"""SANDBOX"",""THE REST"""
arch/sandbox/include/asm/types.h,39,"""SANDBOX"",""THE REST"""
arch/sandbox/include/asm/u-boot-sandbox.h,88,"""SANDBOX"",""THE REST"""
arch/sandbox/include/asm/u-boot.h,29,"""SANDBOX"",""THE REST"""
arch/sandbox/include/asm/unaligned.h,6,"""SANDBOX"",""THE REST"""
arch/sandbox/lib/Makefile,11,"""SANDBOX"",""THE REST"""
arch/sandbox/lib/bootm.c,61,"""SANDBOX"",""THE REST"""
arch/sandbox/lib/interrupts.c,22,"""SANDBOX"",""THE REST"""
arch/sandbox/lib/pci_io.c,137,"""SANDBOX"",""THE REST"""
arch/sandbox/lib/sections.c,12,"""SANDBOX"",""THE REST"""
arch/sh/Kconfig,152,"""SH"",""THE REST"""
arch/sh/Makefile,6,"""SH"",""THE REST"""
arch/sh/config.mk,18,"""SH"",""THE REST"""
arch/sh/cpu/sh2/Makefile,9,"""SH"",""THE REST"""
arch/sh/cpu/sh2/config.mk,15,"""SH"",""THE REST"""
arch/sh/cpu/sh2/cpu.c,84,"""SH"",""THE REST"""
arch/sh/cpu/sh2/interrupts.c,22,"""SH"",""THE REST"""
arch/sh/cpu/sh2/watchdog.c,23,"""SH"",""THE REST"""
arch/sh/cpu/sh3/Makefile,12,"""SH"",""THE REST"""
arch/sh/cpu/sh3/config.mk,12,"""SH"",""THE REST"""
arch/sh/cpu/sh3/cpu.c,67,"""SH"",""THE REST"""
arch/sh/cpu/sh3/interrupts.c,25,"""SH"",""THE REST"""
arch/sh/cpu/sh3/watchdog.c,26,"""SH"",""THE REST"""
arch/sh/cpu/sh4/Makefile,9,"""SH"",""THE REST"""
arch/sh/cpu/sh4/cache.c,109,"""SH"",""THE REST"""
arch/sh/cpu/sh4/config.mk,9,"""SH"",""THE REST"""
arch/sh/cpu/sh4/cpu.c,42,"""SH"",""THE REST"""
arch/sh/cpu/sh4/interrupts.c,21,"""SH"",""THE REST"""
arch/sh/cpu/sh4/watchdog.c,60,"""SH"",""THE REST"""
arch/sh/cpu/u-boot.lds,88,"""SH"",""THE REST"""
arch/sh/include/asm/bitops.h,158,"""SH"",""THE REST"""
arch/sh/include/asm/byteorder.h,15,"""SH"",""THE REST"""
arch/sh/include/asm/cache.h,29,"""SH"",""THE REST"""
arch/sh/include/asm/config.h,18,"""SH"",""THE REST"""
arch/sh/include/asm/cpu_sh2.h,30,"""SH"",""THE REST"""
arch/sh/include/asm/cpu_sh3.h,30,"""SH"",""THE REST"""
arch/sh/include/asm/cpu_sh4.h,78,"""SH"",""THE REST"""
arch/sh/include/asm/cpu_sh7203.h,41,"""SH"",""THE REST"""
arch/sh/include/asm/cpu_sh7264.h,41,"""SH"",""THE REST"""
arch/sh/include/asm/cpu_sh7269.h,26,"""SH"",""THE REST"""
arch/sh/include/asm/cpu_sh7706.h,50,"""SH"",""THE REST"""
arch/sh/include/asm/cpu_sh7710.h,61,"""SH"",""THE REST"""
arch/sh/include/asm/cpu_sh7720.h,206,"""SH"",""THE REST"""
arch/sh/include/asm/cpu_sh7722.h,1277,"""SH"",""THE REST"""
arch/sh/include/asm/cpu_sh7723.h,187,"""SH"",""THE REST"""
arch/sh/include/asm/cpu_sh7724.h,209,"""SH"",""THE REST"""
arch/sh/include/asm/cpu_sh7734.h,54,"""SH"",""THE REST"""
arch/sh/include/asm/cpu_sh7750.h,147,"""SH"",""THE REST"""
arch/sh/include/asm/cpu_sh7752.h,196,"""SH"",""THE REST"""
arch/sh/include/asm/cpu_sh7753.h,196,"""SH"",""THE REST"""
arch/sh/include/asm/cpu_sh7757.h,191,"""SH"",""THE REST"""
arch/sh/include/asm/cpu_sh7763.h,34,"""SH"",""THE REST"""
arch/sh/include/asm/cpu_sh7780.h,447,"""SH"",""THE REST"""
arch/sh/include/asm/cpu_sh7785.h,119,"""SH"",""THE REST"""
arch/sh/include/asm/global_data.h,21,"""SH"",""THE REST"""
arch/sh/include/asm/io.h,237,"""SH"",""THE REST"""
arch/sh/include/asm/irqflags.h,126,"""SH"",""THE REST"""
arch/sh/include/asm/linkage.h,0,"""SH"",""THE REST"""
arch/sh/include/asm/macro.h,38,"""SH"",""THE REST"""
arch/sh/include/asm/mmc.h,14,"""SH"",""THE REST"""
arch/sh/include/asm/pci.h,31,"""SH"",""THE REST"""
arch/sh/include/asm/posix_types.h,123,"""SH"",""THE REST"""
arch/sh/include/asm/processor.h,10,"""SH"",""THE REST"""
arch/sh/include/asm/ptrace.h,112,"""SH"",""THE REST"""
arch/sh/include/asm/sections.h,11,"""SH"",""THE REST"""
arch/sh/include/asm/string.h,133,"""SH"",""THE REST"""
arch/sh/include/asm/system.h,285,"""SH"",""THE REST"""
arch/sh/include/asm/types.h,32,"""SH"",""THE REST"""
arch/sh/include/asm/u-boot.h,20,"""SH"",""THE REST"""
arch/sh/include/asm/unaligned-sh4a.h,258,"""SH"",""THE REST"""
arch/sh/include/asm/unaligned.h,25,"""SH"",""THE REST"""
arch/sh/include/asm/zimage.h,24,"""SH"",""THE REST"""
arch/sh/lib/Kconfig,6,"""SH"",""THE REST"""
arch/sh/lib/Makefile,27,"""SH"",""THE REST"""
arch/sh/lib/ashiftrt.S,127,"""SH"",""THE REST"""
arch/sh/lib/ashldi3.c,25,"""SH"",""THE REST"""
arch/sh/lib/ashlsi3.S,170,"""SH"",""THE REST"""
arch/sh/lib/ashrdi3.c,27,"""SH"",""THE REST"""
arch/sh/lib/ashrsi3.S,163,"""SH"",""THE REST"""
arch/sh/lib/board.c,34,"""SH"",""THE REST"""
arch/sh/lib/bootm.c,110,"""SH"",""THE REST"""
arch/sh/lib/libgcc.h,25,"""SH"",""THE REST"""
arch/sh/lib/lshrdi3.c,25,"""SH"",""THE REST"""
arch/sh/lib/lshrsi3.S,170,"""SH"",""THE REST"""
arch/sh/lib/movmem.S,216,"""SH"",""THE REST"""
arch/sh/lib/start.S,66,"""SH"",""THE REST"""
arch/sh/lib/time.c,38,"""SH"",""THE REST"""
arch/sh/lib/time_sh2.c,87,"""SH"",""THE REST"""
arch/sh/lib/udiv_qrnnd.S,59,"""SH"",""THE REST"""
arch/sh/lib/udivsi3.S,65,"""SH"",""THE REST"""
arch/sh/lib/udivsi3_i4i-Os.S,128,"""SH"",""THE REST"""
arch/sh/lib/udivsi3_i4i.S,643,"""SH"",""THE REST"""
arch/sh/lib/zimageboot.c,64,"""SH"",""THE REST"""
arch/x86/Kconfig,785,"""THE REST"",""X86"""
arch/x86/Makefile,15,"""THE REST"",""X86"""
arch/x86/config.mk,119,"""THE REST"",""X86"""
arch/x86/cpu/Makefile,55,"""THE REST"",""X86"""
arch/x86/cpu/baytrail/Kconfig,42,"""THE REST"",""X86"""
arch/x86/cpu/baytrail/Makefile,9,"""THE REST"",""X86"""
arch/x86/cpu/baytrail/acpi.c,206,"""THE REST"",""X86"""
arch/x86/cpu/baytrail/cpu.c,207,"""THE REST"",""X86"""
arch/x86/cpu/baytrail/early_uart.c,86,"""THE REST"",""X86"""
arch/x86/cpu/baytrail/fsp_configs.c,169,"""THE REST"",""X86"""
arch/x86/cpu/baytrail/valleyview.c,57,"""THE REST"",""X86"""
arch/x86/cpu/braswell/Kconfig,33,"""THE REST"",""X86"""
arch/x86/cpu/braswell/Makefile,5,"""THE REST"",""X86"""
arch/x86/cpu/braswell/braswell.c,29,"""THE REST"",""X86"""
arch/x86/cpu/braswell/early_uart.c,81,"""THE REST"",""X86"""
arch/x86/cpu/braswell/fsp_configs.c,163,"""THE REST"",""X86"""
arch/x86/cpu/broadwell/Kconfig,42,"""THE REST"",""X86"""
arch/x86/cpu/broadwell/Makefile,15,"""THE REST"",""X86"""
arch/x86/cpu/broadwell/cpu.c,768,"""THE REST"",""X86"""
arch/x86/cpu/broadwell/iobp.c,143,"""THE REST"",""X86"""
arch/x86/cpu/broadwell/lpc.c,76,"""THE REST"",""X86"""
arch/x86/cpu/broadwell/me.c,56,"""THE REST"",""X86"""
arch/x86/cpu/broadwell/northbridge.c,58,"""THE REST"",""X86"""
arch/x86/cpu/broadwell/pch.c,540,"""THE REST"",""X86"""
arch/x86/cpu/broadwell/pinctrl_broadwell.c,277,"""THE REST"",""X86"""
arch/x86/cpu/broadwell/power_state.c,89,"""THE REST"",""X86"""
arch/x86/cpu/broadwell/refcode.c,127,"""THE REST"",""X86"""
arch/x86/cpu/broadwell/sata.c,268,"""THE REST"",""X86"""
arch/x86/cpu/broadwell/sdram.c,302,"""THE REST"",""X86"""
arch/x86/cpu/call32.S,63,"""THE REST"",""X86"""
arch/x86/cpu/config.mk,19,"""THE REST"",""X86"""
arch/x86/cpu/coreboot/Kconfig,28,"""THE REST"",""X86"""
arch/x86/cpu/coreboot/Makefile,18,"""THE REST"",""X86"""
arch/x86/cpu/coreboot/car.S,12,"""THE REST"",""X86"""
arch/x86/cpu/coreboot/coreboot.c,86,"""THE REST"",""X86"""
arch/x86/cpu/coreboot/sdram.c,126,"""THE REST"",""X86"""
arch/x86/cpu/coreboot/tables.c,233,"""THE REST"",""X86"""
arch/x86/cpu/coreboot/timestamp.c,85,"""THE REST"",""X86"""
arch/x86/cpu/cpu.c,284,"""THE REST"",""X86"""
arch/x86/cpu/cpu_x86.c,98,"""THE REST"",""X86"""
arch/x86/cpu/efi/Kconfig,11,"""THE REST"",""X86"""
arch/x86/cpu/efi/Makefile,13,"""THE REST"",""X86"""
arch/x86/cpu/efi/app.c,32,"""THE REST"",""X86"""
arch/x86/cpu/efi/car.S,9,"""THE REST"",""X86"""
arch/x86/cpu/efi/payload.c,290,"""THE REST"",""X86"""
arch/x86/cpu/efi/sdram.c,30,"""THE REST"",""X86"""
arch/x86/cpu/i386/Makefile,9,"""THE REST"",""X86"""
arch/x86/cpu/i386/call64.S,95,"""THE REST"",""X86"""
arch/x86/cpu/i386/cpu.c,597,"""THE REST"",""X86"""
arch/x86/cpu/i386/interrupt.c,616,"""THE REST"",""X86"""
arch/x86/cpu/i386/setjmp.S,60,"""THE REST"",""X86"""
arch/x86/cpu/intel_common/Makefile,16,"""THE REST"",""X86"""
arch/x86/cpu/intel_common/car.S,244,"""THE REST"",""X86"""
arch/x86/cpu/intel_common/cpu.c,112,"""THE REST"",""X86"""
arch/x86/cpu/intel_common/lpc.c,99,"""THE REST"",""X86"""
arch/x86/cpu/intel_common/me_status.c,212,"""THE REST"",""X86"""
arch/x86/cpu/intel_common/microcode.c,186,"""THE REST"",""X86"""
arch/x86/cpu/intel_common/mrc.c,265,"""THE REST"",""X86"""
arch/x86/cpu/intel_common/pch.c,24,"""THE REST"",""X86"""
arch/x86/cpu/intel_common/report_platform.c,89,"""THE REST"",""X86"""
arch/x86/cpu/ioapic.c,36,"""THE REST"",""X86"""
arch/x86/cpu/irq.c,377,"""THE REST"",""X86"""
arch/x86/cpu/ivybridge/Kconfig,74,"""THE REST"",""X86"""
arch/x86/cpu/ivybridge/Makefile,21,"""THE REST"",""X86"""
arch/x86/cpu/ivybridge/bd82x6x.c,234,"""THE REST"",""X86"""
arch/x86/cpu/ivybridge/cpu.c,204,"""THE REST"",""X86"""
arch/x86/cpu/ivybridge/early_me.c,172,"""THE REST"",""X86"""
arch/x86/cpu/ivybridge/fsp_configs.c,44,"""THE REST"",""X86"""
arch/x86/cpu/ivybridge/ivybridge.c,15,"""THE REST"",""X86"""
arch/x86/cpu/ivybridge/lpc.c,529,"""THE REST"",""X86"""
arch/x86/cpu/ivybridge/model_206ax.c,482,"""THE REST"",""X86"""
arch/x86/cpu/ivybridge/northbridge.c,229,"""THE REST"",""X86"""
arch/x86/cpu/ivybridge/sata.c,257,"""THE REST"",""X86"""
arch/x86/cpu/ivybridge/sdram.c,558,"""THE REST"",""X86"""
arch/x86/cpu/ivybridge/sdram_nop.c,17,"""THE REST"",""X86"""
arch/x86/cpu/lapic.c,158,"""THE REST"",""X86"""
arch/x86/cpu/mp_init.c,577,"""THE REST"",""X86"""
arch/x86/cpu/mtrr.c,109,"""THE REST"",""X86"""
arch/x86/cpu/pci.c,85,"""THE REST"",""X86"""
arch/x86/cpu/qemu/Kconfig,34,"""THE REST"",""X86"""
arch/x86/cpu/qemu/Makefile,10,"""THE REST"",""X86"""
arch/x86/cpu/qemu/car.S,25,"""THE REST"",""X86"""
arch/x86/cpu/qemu/cpu.c,43,"""THE REST"",""X86"""
arch/x86/cpu/qemu/dram.c,47,"""THE REST"",""X86"""
arch/x86/cpu/qemu/e820.c,45,"""THE REST"",""X86"""
arch/x86/cpu/qemu/qemu.c,189,"""THE REST"",""X86"""
arch/x86/cpu/quark/Kconfig,137,"""THE REST"",""X86"""
arch/x86/cpu/quark/Makefile,7,"""THE REST"",""X86"""
arch/x86/cpu/quark/acpi.c,140,"""THE REST"",""X86"""
arch/x86/cpu/quark/car.S,104,"""THE REST"",""X86"""
arch/x86/cpu/quark/dram.c,183,"""THE REST"",""X86"""
arch/x86/cpu/quark/hte.c,395,"""THE REST"",""X86"""
arch/x86/cpu/quark/hte.h,43,"""THE REST"",""X86"""
arch/x86/cpu/quark/mrc.c,204,"""THE REST"",""X86"""
arch/x86/cpu/quark/mrc_util.c,1471,"""THE REST"",""X86"""
arch/x86/cpu/quark/mrc_util.h,118,"""THE REST"",""X86"""
arch/x86/cpu/quark/msg_port.c,76,"""THE REST"",""X86"""
arch/x86/cpu/quark/quark.c,380,"""THE REST"",""X86"""
arch/x86/cpu/quark/smc.c,2615,"""THE REST"",""X86"""
arch/x86/cpu/quark/smc.h,532,"""THE REST"",""X86"""
arch/x86/cpu/queensbay/Kconfig,67,"""THE REST"",""X86"""
arch/x86/cpu/queensbay/Makefile,6,"""THE REST"",""X86"""
arch/x86/cpu/queensbay/fsp_configs.c,19,"""THE REST"",""X86"""
arch/x86/cpu/queensbay/tnc.c,149,"""THE REST"",""X86"""
arch/x86/cpu/resetvec.S,21,"""THE REST"",""X86"""
arch/x86/cpu/sipi_vector.S,216,"""THE REST"",""X86"""
arch/x86/cpu/start.S,293,"""THE REST"",""X86"""
arch/x86/cpu/start16.S,130,"""THE REST"",""X86"""
arch/x86/cpu/start64.S,28,"""THE REST"",""X86"""
arch/x86/cpu/tangier/Kconfig,34,"""THE REST"",""X86"""
arch/x86/cpu/tangier/Makefile,6,"""THE REST"",""X86"""
arch/x86/cpu/tangier/acpi.c,86,"""THE REST"",""X86"""
arch/x86/cpu/tangier/car.S,12,"""THE REST"",""X86"""
arch/x86/cpu/tangier/pinmux.c,194,"""THE REST"",""X86"""
arch/x86/cpu/tangier/sdram.c,207,"""THE REST"",""X86"""
arch/x86/cpu/tangier/sysreset.c,47,"""THE REST"",""X86"""
arch/x86/cpu/tangier/tangier.c,25,"""THE REST"",""X86"""
arch/x86/cpu/turbo.c,97,"""THE REST"",""X86"""
arch/x86/cpu/u-boot-64.lds,110,"""THE REST"",""X86"""
arch/x86/cpu/u-boot-spl.lds,73,"""THE REST"",""X86"""
arch/x86/cpu/u-boot.lds,125,"""THE REST"",""X86"""
arch/x86/cpu/wakeup.S,77,"""THE REST"",""X86"""
arch/x86/cpu/x86_64/Makefile,6,"""THE REST"",""X86"""
arch/x86/cpu/x86_64/cpu.c,63,"""THE REST"",""X86"""
arch/x86/cpu/x86_64/interrupts.c,28,"""THE REST"",""X86"""
arch/x86/cpu/x86_64/setjmp.S,49,"""THE REST"",""X86"""
arch/x86/dts/Makefile,31,"""THE REST"",""X86"""
arch/x86/dts/bayleybay.dts,285,"""THE REST"",""X86"""
arch/x86/dts/baytrail_som-db5800-som-6867.dts,300,"""THE REST"",""X86"""
arch/x86/dts/cherryhill.dts,213,"""THE REST"",""X86"""
arch/x86/dts/chromebook_link.dts,494,"""THE REST"",""X86"""
arch/x86/dts/chromebook_samus.dts,629,"""THE REST"",""X86"""
arch/x86/dts/chromebox_panther.dts,87,"""THE REST"",""X86"""
arch/x86/dts/conga-qeval20-qa3-e3845.dts,309,"""THE REST"",""X86"""
arch/x86/dts/coreboot.dts,45,"""THE REST"",""X86"""
arch/x86/dts/cougarcanyon2.dts,185,"""THE REST"",""X86"""
arch/x86/dts/crownbay.dts,247,"""THE REST"",""X86"""
arch/x86/dts/dfi-bt700-q7x-151.dts,21,"""THE REST"",""X86"""
arch/x86/dts/dfi-bt700.dtsi,327,"""THE REST"",""X86"""
arch/x86/dts/edison.dts,115,"""THE REST"",""X86"""
arch/x86/dts/efi-x86_app.dts,31,"""THE REST"",""X86"""
arch/x86/dts/efi-x86_payload.dts,45,"""THE REST"",""X86"""
arch/x86/dts/emulation-u-boot.dtsi,23,"""THE REST"",""X86"""
arch/x86/dts/galileo.dts,167,"""THE REST"",""X86"""
arch/x86/dts/include/dt-bindings,0,"""THE REST"",""X86"""
arch/x86/dts/keyboard.dtsi,5,"""THE REST"",""X86"""
arch/x86/dts/microcode/m0130673325.dtsi,3284,"""THE REST"",""X86"""
arch/x86/dts/microcode/m0130679907.dtsi,3284,"""THE REST"",""X86"""
arch/x86/dts/microcode/m01406c2220.dtsi,4308,"""THE REST"",""X86"""
arch/x86/dts/microcode/m01406c3363.dtsi,4308,"""THE REST"",""X86"""
arch/x86/dts/microcode/m01406c440a.dtsi,4308,"""THE REST"",""X86"""
arch/x86/dts/microcode/m0220661105_cv.dtsi,368,"""THE REST"",""X86"""
arch/x86/dts/microcode/m0230671117.dtsi,4244,"""THE REST"",""X86"""
arch/x86/dts/microcode/m12206a7_00000029.dtsi,686,"""THE REST"",""X86"""
arch/x86/dts/microcode/m12306a2_00000008.dtsi,554,"""THE REST"",""X86"""
arch/x86/dts/microcode/m12306a4_00000007.dtsi,618,"""THE REST"",""X86"""
arch/x86/dts/microcode/m12306a5_00000007.dtsi,618,"""THE REST"",""X86"""
arch/x86/dts/microcode/m12306a8_00000010.dtsi,682,"""THE REST"",""X86"""
arch/x86/dts/microcode/m12306a9_0000001b.dtsi,814,"""THE REST"",""X86"""
arch/x86/dts/microcode/m7240651_0000001c.dtsi,1328,"""THE REST"",""X86"""
arch/x86/dts/microcode/mc0306d4_00000018.dtsi,944,"""THE REST"",""X86"""
arch/x86/dts/minnowmax.dts,327,"""THE REST"",""X86"""
arch/x86/dts/qemu-x86_i440fx.dts,77,"""THE REST"",""X86"""
arch/x86/dts/qemu-x86_q35.dts,96,"""THE REST"",""X86"""
arch/x86/dts/quark-u-boot.dtsi,16,"""THE REST"",""X86"""
arch/x86/dts/reset.dtsi,6,"""THE REST"",""X86"""
arch/x86/dts/rtc.dtsi,7,"""THE REST"",""X86"""
arch/x86/dts/serial.dtsi,10,"""THE REST"",""X86"""
arch/x86/dts/skeleton.dtsi,13,"""THE REST"",""X86"""
arch/x86/dts/theadorable-x86-dfi-bt700.dts,20,"""THE REST"",""X86"""
arch/x86/dts/tsc_timer.dtsi,6,"""THE REST"",""X86"""
arch/x86/dts/u-boot.dtsi,91,"""THE REST"",""X86"""
arch/x86/include/asm/acpi.h,41,"""THE REST"",""X86"""
arch/x86/include/asm/acpi/debug.asl,135,"""THE REST"",""X86"""
arch/x86/include/asm/acpi/global_nvs.h,18,"""THE REST"",""X86"""
arch/x86/include/asm/acpi/globutil.asl,112,"""THE REST"",""X86"""
arch/x86/include/asm/acpi/irq_helper.h,110,"""THE REST"",""X86"""
arch/x86/include/asm/acpi/irqlinks.asl,485,"""THE REST"",""X86"""
arch/x86/include/asm/acpi/irqroute.asl,47,"""THE REST"",""X86"""
arch/x86/include/asm/acpi/sleepstates.asl,14,"""THE REST"",""X86"""
arch/x86/include/asm/acpi/statdef.asl,81,"""THE REST"",""X86"""
arch/x86/include/asm/acpi_s3.h,130,"""THE REST"",""X86"""
arch/x86/include/asm/acpi_table.h,385,"""THE REST"",""X86"""
arch/x86/include/asm/arch-baytrail/acpi/global_nvs.asl,13,"""THE REST"",""X86"""
arch/x86/include/asm/arch-baytrail/acpi/gpio.asl,94,"""THE REST"",""X86"""
arch/x86/include/asm/arch-baytrail/acpi/irqroute.h,26,"""THE REST"",""X86"""
arch/x86/include/asm/arch-baytrail/acpi/lpc.asl,198,"""THE REST"",""X86"""
arch/x86/include/asm/arch-baytrail/acpi/platform.asl,38,"""THE REST"",""X86"""
arch/x86/include/asm/arch-baytrail/acpi/southcluster.asl,210,"""THE REST"",""X86"""
arch/x86/include/asm/arch-baytrail/acpi/usb.asl,33,"""THE REST"",""X86"""
arch/x86/include/asm/arch-baytrail/acpi/xhci.asl,30,"""THE REST"",""X86"""
arch/x86/include/asm/arch-baytrail/device.h,73,"""THE REST"",""X86"""
arch/x86/include/asm/arch-baytrail/fsp/fsp_configs.h,105,"""THE REST"",""X86"""
arch/x86/include/asm/arch-baytrail/fsp/fsp_vpd.h,93,"""THE REST"",""X86"""
arch/x86/include/asm/arch-baytrail/global_nvs.h,20,"""THE REST"",""X86"""
arch/x86/include/asm/arch-baytrail/iomap.h,93,"""THE REST"",""X86"""
arch/x86/include/asm/arch-baytrail/irq.h,85,"""THE REST"",""X86"""
arch/x86/include/asm/arch-braswell/fsp/fsp_configs.h,88,"""THE REST"",""X86"""
arch/x86/include/asm/arch-braswell/fsp/fsp_vpd.h,145,"""THE REST"",""X86"""
arch/x86/include/asm/arch-braswell/gpio.h,216,"""THE REST"",""X86"""
arch/x86/include/asm/arch-braswell/iomap.h,49,"""THE REST"",""X86"""
arch/x86/include/asm/arch-broadwell/cpu.h,47,"""THE REST"",""X86"""
arch/x86/include/asm/arch-broadwell/gpio.h,90,"""THE REST"",""X86"""
arch/x86/include/asm/arch-broadwell/iomap.h,52,"""THE REST"",""X86"""
arch/x86/include/asm/arch-broadwell/lpc.h,31,"""THE REST"",""X86"""
arch/x86/include/asm/arch-broadwell/me.h,199,"""THE REST"",""X86"""
arch/x86/include/asm/arch-broadwell/pch.h,152,"""THE REST"",""X86"""
arch/x86/include/asm/arch-broadwell/pei_data.h,176,"""THE REST"",""X86"""
arch/x86/include/asm/arch-broadwell/pm.h,128,"""THE REST"",""X86"""
arch/x86/include/asm/arch-broadwell/rcb.h,57,"""THE REST"",""X86"""
arch/x86/include/asm/arch-broadwell/spi.h,86,"""THE REST"",""X86"""
arch/x86/include/asm/arch-coreboot/sysinfo.h,60,"""THE REST"",""X86"""
arch/x86/include/asm/arch-coreboot/timestamp.h,47,"""THE REST"",""X86"""
arch/x86/include/asm/arch-ivybridge/fsp/fsp_configs.h,39,"""THE REST"",""X86"""
arch/x86/include/asm/arch-ivybridge/fsp/fsp_vpd.h,11,"""THE REST"",""X86"""
arch/x86/include/asm/arch-ivybridge/me.h,59,"""THE REST"",""X86"""
arch/x86/include/asm/arch-ivybridge/model_206ax.h,66,"""THE REST"",""X86"""
arch/x86/include/asm/arch-ivybridge/pch.h,398,"""THE REST"",""X86"""
arch/x86/include/asm/arch-ivybridge/pei_data.h,122,"""THE REST"",""X86"""
arch/x86/include/asm/arch-ivybridge/sandybridge.h,115,"""THE REST"",""X86"""
arch/x86/include/asm/arch-qemu/device.h,22,"""THE REST"",""X86"""
arch/x86/include/asm/arch-qemu/qemu.h,40,"""THE REST"",""X86"""
arch/x86/include/asm/arch-quark/acpi/global_nvs.asl,12,"""THE REST"",""X86"""
arch/x86/include/asm/arch-quark/acpi/irqroute.h,14,"""THE REST"",""X86"""
arch/x86/include/asm/arch-quark/acpi/lpc.asl,124,"""THE REST"",""X86"""
arch/x86/include/asm/arch-quark/acpi/platform.asl,35,"""THE REST"",""X86"""
arch/x86/include/asm/arch-quark/acpi/southcluster.asl,183,"""THE REST"",""X86"""
arch/x86/include/asm/arch-quark/device.h,76,"""THE REST"",""X86"""
arch/x86/include/asm/arch-quark/global_nvs.h,19,"""THE REST"",""X86"""
arch/x86/include/asm/arch-quark/iomap.h,46,"""THE REST"",""X86"""
arch/x86/include/asm/arch-quark/irq.h,18,"""THE REST"",""X86"""
arch/x86/include/asm/arch-quark/mrc.h,186,"""THE REST"",""X86"""
arch/x86/include/asm/arch-quark/msg_port.h,136,"""THE REST"",""X86"""
arch/x86/include/asm/arch-quark/quark.h,259,"""THE REST"",""X86"""
arch/x86/include/asm/arch-queensbay/device.h,93,"""THE REST"",""X86"""
arch/x86/include/asm/arch-queensbay/fsp/fsp_configs.h,18,"""THE REST"",""X86"""
arch/x86/include/asm/arch-queensbay/fsp/fsp_vpd.h,52,"""THE REST"",""X86"""
arch/x86/include/asm/arch-queensbay/tnc.h,52,"""THE REST"",""X86"""
arch/x86/include/asm/arch-tangier/acpi/global_nvs.asl,14,"""THE REST"",""X86"""
arch/x86/include/asm/arch-tangier/acpi/platform.asl,43,"""THE REST"",""X86"""
arch/x86/include/asm/arch-tangier/acpi/southcluster.asl,351,"""THE REST"",""X86"""
arch/x86/include/asm/arch-tangier/global_nvs.h,21,"""THE REST"",""X86"""
arch/x86/include/asm/atomic.h,115,"""THE REST"",""X86"""
arch/x86/include/asm/bitops.h,410,"""THE REST"",""X86"""
arch/x86/include/asm/bootm.h,27,"""THE REST"",""X86"""
arch/x86/include/asm/bootparam.h,127,"""THE REST"",""X86"""
arch/x86/include/asm/byteorder.h,44,"""THE REST"",""X86"""
arch/x86/include/asm/cache.h,35,"""THE REST"",""X86"""
arch/x86/include/asm/cmos_layout.h,30,"""THE REST"",""X86"""
arch/x86/include/asm/config.h,12,"""THE REST"",""X86"""
arch/x86/include/asm/control_regs.h,88,"""THE REST"",""X86"""
arch/x86/include/asm/coreboot_tables.h,325,"""THE REST"",""X86"""
arch/x86/include/asm/cpu.h,290,"""THE REST"",""X86"""
arch/x86/include/asm/cpu_common.h,34,"""THE REST"",""X86"""
arch/x86/include/asm/cpu_x86.h,46,"""THE REST"",""X86"""
arch/x86/include/asm/dma-mapping.h,36,"""THE REST"",""X86"""
arch/x86/include/asm/e820.h,30,"""THE REST"",""X86"""
arch/x86/include/asm/early_cmos.h,42,"""THE REST"",""X86"""
arch/x86/include/asm/fsp/fsp_api.h,67,"""THE REST"",""X86"""
arch/x86/include/asm/fsp/fsp_azalia.h,38,"""THE REST"",""X86"""
arch/x86/include/asm/fsp/fsp_bootmode.h,23,"""THE REST"",""X86"""
arch/x86/include/asm/fsp/fsp_ffs.h,153,"""THE REST"",""X86"""
arch/x86/include/asm/fsp/fsp_fv.h,136,"""THE REST"",""X86"""
arch/x86/include/asm/fsp/fsp_hob.h,278,"""THE REST"",""X86"""
arch/x86/include/asm/fsp/fsp_infoheader.h,38,"""THE REST"",""X86"""
arch/x86/include/asm/fsp/fsp_support.h,223,"""THE REST"",""X86"""
arch/x86/include/asm/fsp/fsp_types.h,70,"""THE REST"",""X86"""
arch/x86/include/asm/global_data.h,146,"""THE REST"",""X86"""
arch/x86/include/asm/gpio.h,17,"""THE REST"",""X86"""
arch/x86/include/asm/i8254.h,38,"""THE REST"",""X86"""
arch/x86/include/asm/i8259.h,76,"""THE REST"",""X86"""
arch/x86/include/asm/ibmpc.h,29,"""THE REST"",""X86"""
arch/x86/include/asm/intel_regs.h,27,"""THE REST"",""X86"""
arch/x86/include/asm/interrupt.h,64,"""THE REST"",""X86"""
arch/x86/include/asm/io.h,312,"""THE REST"",""X86"""
arch/x86/include/asm/ioapic.h,43,"""THE REST"",""X86"""
arch/x86/include/asm/ioctl.h,1,"""THE REST"",""X86"""
arch/x86/include/asm/irq.h,67,"""THE REST"",""X86"""
arch/x86/include/asm/ist.h,25,"""THE REST"",""X86"""
arch/x86/include/asm/lapic.h,77,"""THE REST"",""X86"""
arch/x86/include/asm/linkage.h,6,"""THE REST"",""X86"""
arch/x86/include/asm/lpc_common.h,58,"""THE REST"",""X86"""
arch/x86/include/asm/me_common.h,372,"""THE REST"",""X86"""
arch/x86/include/asm/microcode.h,35,"""THE REST"",""X86"""
arch/x86/include/asm/mp.h,95,"""THE REST"",""X86"""
arch/x86/include/asm/mpspec.h,460,"""THE REST"",""X86"""
arch/x86/include/asm/mrc_common.h,54,"""THE REST"",""X86"""
arch/x86/include/asm/mrccache.h,106,"""THE REST"",""X86"""
arch/x86/include/asm/msr-index.h,620,"""THE REST"",""X86"""
arch/x86/include/asm/msr.h,261,"""THE REST"",""X86"""
arch/x86/include/asm/mtrr.h,131,"""THE REST"",""X86"""
arch/x86/include/asm/pch_common.h,55,"""THE REST"",""X86"""
arch/x86/include/asm/pci.h,41,"""THE REST"",""X86"""
arch/x86/include/asm/pirq_routing.h,142,"""THE REST"",""X86"""
arch/x86/include/asm/pmu.h,10,"""THE REST"",""X86"""
arch/x86/include/asm/pnp_def.h,89,"""THE REST"",""X86"""
arch/x86/include/asm/posix_types.h,86,"""THE REST"",""X86"""
arch/x86/include/asm/post.h,54,"""THE REST"",""X86"""
arch/x86/include/asm/processor-flags.h,100,"""THE REST"",""X86"""
arch/x86/include/asm/processor.h,63,"""THE REST"",""X86"""
arch/x86/include/asm/ptrace.h,100,"""THE REST"",""X86"""
arch/x86/include/asm/report_platform.h,18,"""THE REST"",""X86"""
arch/x86/include/asm/scu.h,31,"""THE REST"",""X86"""
arch/x86/include/asm/sections.h,11,"""THE REST"",""X86"""
arch/x86/include/asm/setjmp.h,40,"""THE REST"",""X86"""
arch/x86/include/asm/sfi.h,155,"""THE REST"",""X86"""
arch/x86/include/asm/sipi.h,86,"""THE REST"",""X86"""
arch/x86/include/asm/speedstep.h,88,"""THE REST"",""X86"""
arch/x86/include/asm/spl.h,7,"""THE REST"",""X86"""
arch/x86/include/asm/string.h,32,"""THE REST"",""X86"""
arch/x86/include/asm/tables.h,65,"""THE REST"",""X86"""
arch/x86/include/asm/turbo.h,27,"""THE REST"",""X86"""
arch/x86/include/asm/types.h,28,"""THE REST"",""X86"""
arch/x86/include/asm/u-boot-x86.h,91,"""THE REST"",""X86"""
arch/x86/include/asm/u-boot.h,29,"""THE REST"",""X86"""
arch/x86/include/asm/unaligned.h,1,"""THE REST"",""X86"""
arch/x86/include/asm/video/edid.h,16,"""THE REST"",""X86"""
arch/x86/include/asm/zimage.h,40,"""THE REST"",""X86"""
arch/x86/lib/Makefile,85,"""THE REST"",""X86"""
arch/x86/lib/acpi.c,108,"""THE REST"",""X86"""
arch/x86/lib/acpi_s3.c,83,"""THE REST"",""X86"""
arch/x86/lib/acpi_table.c,570,"""THE REST"",""X86"""
arch/x86/lib/asm-offsets.c,25,"""THE REST"",""X86"""
arch/x86/lib/bios.c,354,"""THE REST"",""X86"""
arch/x86/lib/bios.h,99,"""THE REST"",""X86"""
arch/x86/lib/bios_asm.S,303,"""THE REST"",""X86"""
arch/x86/lib/bios_interrupts.c,218,"""THE REST"",""X86"""
arch/x86/lib/bootm.c,221,"""THE REST"",""X86"""
arch/x86/lib/cmd_boot.c,49,"""THE REST"",""X86"""
arch/x86/lib/coreboot_table.c,171,"""THE REST"",""X86"""
arch/x86/lib/crt0_ia32_efi.S,51,"""THE REST"",""X86"""
arch/x86/lib/crt0_x86_64_efi.S,50,"""THE REST"",""X86"""
arch/x86/lib/div64.c,112,"""THE REST"",""X86"""
arch/x86/lib/e820.c,75,"""THE REST"",""X86"""
arch/x86/lib/early_cmos.c,50,"""THE REST"",""X86"""
arch/x86/lib/elf_ia32_efi.lds,91,"""THE REST"",""X86"""
arch/x86/lib/elf_x86_64_efi.lds,80,"""THE REST"",""X86"""
arch/x86/lib/fsp/Makefile,9,"""THE REST"",""X86"""
arch/x86/lib/fsp/fsp_car.S,111,"""THE REST"",""X86"""
arch/x86/lib/fsp/fsp_common.c,165,"""THE REST"",""X86"""
arch/x86/lib/fsp/fsp_dram.c,108,"""THE REST"",""X86"""
arch/x86/lib/fsp/fsp_graphics.c,127,"""THE REST"",""X86"""
arch/x86/lib/fsp/fsp_support.c,433,"""THE REST"",""X86"""
arch/x86/lib/i8254.c,36,"""THE REST"",""X86"""
arch/x86/lib/i8259.c,128,"""THE REST"",""X86"""
arch/x86/lib/init_helpers.c,31,"""THE REST"",""X86"""
arch/x86/lib/interrupts.c,153,"""THE REST"",""X86"""
arch/x86/lib/lpc-uclass.c,14,"""THE REST"",""X86"""
arch/x86/lib/mpspec.c,408,"""THE REST"",""X86"""
arch/x86/lib/mrccache.c,258,"""THE REST"",""X86"""
arch/x86/lib/northbridge-uclass.c,14,"""THE REST"",""X86"""
arch/x86/lib/physmem.c,203,"""THE REST"",""X86"""
arch/x86/lib/pinctrl_ich6.c,215,"""THE REST"",""X86"""
arch/x86/lib/pirq_routing.c,133,"""THE REST"",""X86"""
arch/x86/lib/pmu.c,116,"""THE REST"",""X86"""
arch/x86/lib/ramtest.c,78,"""THE REST"",""X86"""
arch/x86/lib/reloc_ia32_efi.c,69,"""THE REST"",""X86"""
arch/x86/lib/reloc_x86_64_efi.c,63,"""THE REST"",""X86"""
arch/x86/lib/relocate.c,173,"""THE REST"",""X86"""
arch/x86/lib/scu.c,229,"""THE REST"",""X86"""
arch/x86/lib/sections.c,11,"""THE REST"",""X86"""
arch/x86/lib/sfi.c,153,"""THE REST"",""X86"""
arch/x86/lib/spl.c,156,"""THE REST"",""X86"""
arch/x86/lib/string.c,292,"""THE REST"",""X86"""
arch/x86/lib/tables.c,89,"""THE REST"",""X86"""
arch/x86/lib/zimage.c,370,"""THE REST"",""X86"""
arch/xtensa/Kconfig,21,"""THE REST"",""XTENSA"""
arch/xtensa/Makefile,6,"""THE REST"",""XTENSA"""
arch/xtensa/config.mk,10,"""THE REST"",""XTENSA"""
arch/xtensa/cpu/Makefile,7,"""THE REST"",""XTENSA"""
arch/xtensa/cpu/cpu.c,53,"""THE REST"",""XTENSA"""
arch/xtensa/cpu/exceptions.c,43,"""THE REST"",""XTENSA"""
arch/xtensa/cpu/start.S,676,"""THE REST"",""XTENSA"""
arch/xtensa/cpu/u-boot.lds,115,"""THE REST"",""XTENSA"""
arch/xtensa/dts/Makefile,13,"""THE REST"",""XTENSA"""
arch/xtensa/dts/include/dt-bindings,0,"""THE REST"",""XTENSA"""
arch/xtensa/dts/kc705.dts,15,"""THE REST"",""XTENSA"""
arch/xtensa/dts/kc705_nommu.dts,17,"""THE REST"",""XTENSA"""
arch/xtensa/dts/ml605.dts,15,"""THE REST"",""XTENSA"""
arch/xtensa/dts/ml605_nommu.dts,18,"""THE REST"",""XTENSA"""
arch/xtensa/dts/xtfpga-flash-128m.dtsi,28,"""THE REST"",""XTENSA"""
arch/xtensa/dts/xtfpga-flash-16m.dtsi,28,"""THE REST"",""XTENSA"""
arch/xtensa/dts/xtfpga.dtsi,137,"""THE REST"",""XTENSA"""
arch/xtensa/include/asm/addrspace.h,30,"""THE REST"",""XTENSA"""
arch/xtensa/include/asm/arch-dc232b/core.h,422,"""THE REST"",""XTENSA"""
arch/xtensa/include/asm/arch-dc232b/tie-asm.h,120,"""THE REST"",""XTENSA"""
arch/xtensa/include/asm/arch-dc232b/tie.h,129,"""THE REST"",""XTENSA"""
arch/xtensa/include/asm/arch-dc233c/core.h,453,"""THE REST"",""XTENSA"""
arch/xtensa/include/asm/arch-dc233c/tie-asm.h,172,"""THE REST"",""XTENSA"""
arch/xtensa/include/asm/arch-dc233c/tie.h,129,"""THE REST"",""XTENSA"""
arch/xtensa/include/asm/arch-de212/core.h,572,"""THE REST"",""XTENSA"""
arch/xtensa/include/asm/arch-de212/tie-asm.h,149,"""THE REST"",""XTENSA"""
arch/xtensa/include/asm/arch-de212/tie.h,115,"""THE REST"",""XTENSA"""
arch/xtensa/include/asm/asmmacro.h,151,"""THE REST"",""XTENSA"""
arch/xtensa/include/asm/atomic.h,12,"""THE REST"",""XTENSA"""
arch/xtensa/include/asm/bitops.h,35,"""THE REST"",""XTENSA"""
arch/xtensa/include/asm/bootparam.h,53,"""THE REST"",""XTENSA"""
arch/xtensa/include/asm/byteorder.h,82,"""THE REST"",""XTENSA"""
arch/xtensa/include/asm/cache.h,24,"""THE REST"",""XTENSA"""
arch/xtensa/include/asm/cacheasm.h,210,"""THE REST"",""XTENSA"""
arch/xtensa/include/asm/config.h,23,"""THE REST"",""XTENSA"""
arch/xtensa/include/asm/global_data.h,19,"""THE REST"",""XTENSA"""
arch/xtensa/include/asm/io.h,126,"""THE REST"",""XTENSA"""
arch/xtensa/include/asm/ldscript.h,221,"""THE REST"",""XTENSA"""
arch/xtensa/include/asm/linkage.h,4,"""THE REST"",""XTENSA"""
arch/xtensa/include/asm/misc.h,19,"""THE REST"",""XTENSA"""
arch/xtensa/include/asm/posix_types.h,73,"""THE REST"",""XTENSA"""
arch/xtensa/include/asm/processor.h,10,"""THE REST"",""XTENSA"""
arch/xtensa/include/asm/ptrace.h,132,"""THE REST"",""XTENSA"""
arch/xtensa/include/asm/regs.h,94,"""THE REST"",""XTENSA"""
arch/xtensa/include/asm/sections.h,11,"""THE REST"",""XTENSA"""
arch/xtensa/include/asm/string.h,10,"""THE REST"",""XTENSA"""
arch/xtensa/include/asm/system.h,26,"""THE REST"",""XTENSA"""
arch/xtensa/include/asm/types.h,30,"""THE REST"",""XTENSA"""
arch/xtensa/include/asm/u-boot.h,22,"""THE REST"",""XTENSA"""
arch/xtensa/include/asm/unaligned.h,6,"""THE REST"",""XTENSA"""
arch/xtensa/lib/Makefile,8,"""THE REST"",""XTENSA"""
arch/xtensa/lib/bootm.c,196,"""THE REST"",""XTENSA"""
arch/xtensa/lib/cache.c,59,"""THE REST"",""XTENSA"""
arch/xtensa/lib/misc.S,178,"""THE REST"",""XTENSA"""
arch/xtensa/lib/relocate.c,17,"""THE REST"",""XTENSA"""
arch/xtensa/lib/time.c,117,"""THE REST"",""XTENSA"""
board/8dtech/eco5pk/Kconfig,12,"""THE REST"""
board/8dtech/eco5pk/MAINTAINERS,6,"""THE REST"""
board/8dtech/eco5pk/Makefile,8,"""THE REST"""
board/8dtech/eco5pk/eco5pk.c,48,"""THE REST"""
board/8dtech/eco5pk/eco5pk.h,391,"""THE REST"""
board/AndesTech/adp-ae3xx/Kconfig,18,"""THE REST"""
board/AndesTech/adp-ae3xx/MAINTAINERS,6,"""THE REST"""
board/AndesTech/adp-ae3xx/Makefile,6,"""THE REST"""
board/AndesTech/adp-ae3xx/adp-ae3xx.c,75,"""THE REST"""
board/AndesTech/adp-ag101p/Kconfig,18,"""THE REST"""
board/AndesTech/adp-ag101p/MAINTAINERS,6,"""THE REST"""
board/AndesTech/adp-ag101p/Makefile,7,"""THE REST"""
board/AndesTech/adp-ag101p/adp-ag101p.c,82,"""THE REST"""
board/AndesTech/ax25-ae350/Kconfig,24,"""THE REST"""
board/AndesTech/ax25-ae350/MAINTAINERS,8,"""THE REST"""
board/AndesTech/ax25-ae350/Makefile,6,"""THE REST"""
board/AndesTech/ax25-ae350/ax25-ae350.c,107,"""THE REST"""
board/Arcturus/ucp1020/Kconfig,36,"""THE REST"""
board/Arcturus/ucp1020/MAINTAINERS,7,"""THE REST"""
board/Arcturus/ucp1020/Makefile,31,"""THE REST"""
board/Arcturus/ucp1020/README,54,"""THE REST"""
board/Arcturus/ucp1020/cmd_arc.c,230,"""THE REST"""
board/Arcturus/ucp1020/ddr.c,160,"""THE REST"""
board/Arcturus/ucp1020/law.c,24,"""THE REST"""
board/Arcturus/ucp1020/spl.c,125,"""THE REST"""
board/Arcturus/ucp1020/spl_minimal.c,66,"""THE REST"""
board/Arcturus/ucp1020/tlb.c,100,"""THE REST"""
board/Arcturus/ucp1020/ucp1020.c,362,"""THE REST"""
board/Arcturus/ucp1020/ucp1020.h,43,"""THE REST"""
board/Barix/ipam390/Kconfig,12,"""THE REST"""
board/Barix/ipam390/MAINTAINERS,6,"""THE REST"""
board/Barix/ipam390/Makefile,8,"""THE REST"""
board/Barix/ipam390/README.ipam390,229,"""THE REST"""
board/Barix/ipam390/ipam390-ais-uart.cfg,202,"""THE REST"""
board/Barix/ipam390/ipam390.c,335,"""THE REST"""
board/Barix/ipam390/u-boot-spl-ipam390.lds,57,"""THE REST"""
board/BuR/brppt1/Kconfig,15,"""THE REST"""
board/BuR/brppt1/MAINTAINERS,8,"""THE REST"""
board/BuR/brppt1/Makefile,12,"""THE REST"""
board/BuR/brppt1/board.c,190,"""THE REST"""
board/BuR/brppt1/config.mk,36,"""THE REST"""
board/BuR/brppt1/mux.c,253,"""THE REST"""
board/BuR/brxre1/Kconfig,15,"""THE REST"""
board/BuR/brxre1/MAINTAINERS,6,"""THE REST"""
board/BuR/brxre1/Makefile,10,"""THE REST"""
board/BuR/brxre1/board.c,295,"""THE REST"""
board/BuR/brxre1/mux.c,197,"""THE REST"""
board/BuR/common/bur_common.h,24,"""THE REST"""
board/BuR/common/common.c,359,"""THE REST"""
board/BuS/eb_cpu5282/Kconfig,15,"""THE REST"""
board/BuS/eb_cpu5282/MAINTAINERS,7,"""THE REST"""
board/BuS/eb_cpu5282/Makefile,6,"""THE REST"""
board/BuS/eb_cpu5282/eb_cpu5282.c,265,"""THE REST"""
board/CZ.NIC/turris_mox/MAINTAINERS,6,"""THE REST"""
board/CZ.NIC/turris_mox/Makefile,5,"""THE REST"""
board/CZ.NIC/turris_mox/turris_mox.c,209,"""THE REST"""
board/CZ.NIC/turris_omnia/MAINTAINERS,6,"""THE REST"""
board/CZ.NIC/turris_omnia/Makefile,5,"""THE REST"""
board/CZ.NIC/turris_omnia/turris_omnia.c,545,"""THE REST"""
board/CarMediaLab/flea3/Kconfig,15,"""THE REST"""
board/CarMediaLab/flea3/MAINTAINERS,6,"""THE REST"""
board/CarMediaLab/flea3/Makefile,8,"""THE REST"""
board/CarMediaLab/flea3/flea3.c,221,"""THE REST"""
board/CarMediaLab/flea3/lowlevel_init.S,24,"""THE REST"""
board/LaCie/common/common.c,104,"""THE REST"""
board/LaCie/common/common.h,17,"""THE REST"""
board/LaCie/common/cpld-gpio-bus.c,46,"""THE REST"""
board/LaCie/common/cpld-gpio-bus.h,20,"""THE REST"""
board/LaCie/edminiv2/Kconfig,12,"""THE REST"""
board/LaCie/edminiv2/MAINTAINERS,6,"""THE REST"""
board/LaCie/edminiv2/Makefile,10,"""THE REST"""
board/LaCie/edminiv2/edminiv2.c,55,"""THE REST"""
board/LaCie/net2big_v2/Kconfig,12,"""THE REST"""
board/LaCie/net2big_v2/MAINTAINERS,7,"""THE REST"""
board/LaCie/net2big_v2/Makefile,13,"""THE REST"""
board/LaCie/net2big_v2/kwbimage.cfg,149,"""THE REST"""
board/LaCie/net2big_v2/net2big_v2.c,254,"""THE REST"""
board/LaCie/net2big_v2/net2big_v2.h,28,"""THE REST"""
board/LaCie/netspace_v2/Kconfig,12,"""THE REST"""
board/LaCie/netspace_v2/MAINTAINERS,14,"""THE REST"""
board/LaCie/netspace_v2/Makefile,10,"""THE REST"""
board/LaCie/netspace_v2/kwbimage-is2.cfg,149,"""THE REST"""
board/LaCie/netspace_v2/kwbimage-ns2l.cfg,149,"""THE REST"""
board/LaCie/netspace_v2/kwbimage.cfg,149,"""THE REST"""
board/LaCie/netspace_v2/netspace_v2.c,118,"""THE REST"""
board/LaCie/netspace_v2/netspace_v2.h,22,"""THE REST"""
board/Marvell/aspenite/Kconfig,15,"""THE REST"""
board/Marvell/aspenite/MAINTAINERS,6,"""THE REST"""
board/Marvell/aspenite/Makefile,8,"""THE REST"""
board/Marvell/aspenite/aspenite.c,43,"""THE REST"""
board/Marvell/db-88f6720/MAINTAINERS,6,"""THE REST"""
board/Marvell/db-88f6720/Makefile,5,"""THE REST"""
board/Marvell/db-88f6720/db-88f6720.c,90,"""THE REST"""
board/Marvell/db-88f6820-amc/MAINTAINERS,6,"""THE REST"""
board/Marvell/db-88f6820-amc/Makefile,5,"""THE REST"""
board/Marvell/db-88f6820-amc/db-88f6820-amc.c,132,"""THE REST"""
board/Marvell/db-88f6820-gp/MAINTAINERS,6,"""THE REST"""
board/Marvell/db-88f6820-gp/Makefile,5,"""THE REST"""
board/Marvell/db-88f6820-gp/README,18,"""THE REST"""
board/Marvell/db-88f6820-gp/db-88f6820-gp.c,159,"""THE REST"""
board/Marvell/db-mv784mp-gp/MAINTAINERS,6,"""THE REST"""
board/Marvell/db-mv784mp-gp/Makefile,5,"""THE REST"""
board/Marvell/db-mv784mp-gp/db-mv784mp-gp.c,117,"""THE REST"""
board/Marvell/dreamplug/Kconfig,12,"""THE REST"""
board/Marvell/dreamplug/MAINTAINERS,6,"""THE REST"""
board/Marvell/dreamplug/Makefile,10,"""THE REST"""
board/Marvell/dreamplug/dreamplug.c,135,"""THE REST"""
board/Marvell/dreamplug/dreamplug.h,25,"""THE REST"""
board/Marvell/dreamplug/kwbimage.cfg,145,"""THE REST"""
board/Marvell/gplugd/Kconfig,15,"""THE REST"""
board/Marvell/gplugd/MAINTAINERS,6,"""THE REST"""
board/Marvell/gplugd/Makefile,13,"""THE REST"""
board/Marvell/gplugd/gplugd.c,130,"""THE REST"""
board/Marvell/guruplug/Kconfig,12,"""THE REST"""
board/Marvell/guruplug/MAINTAINERS,6,"""THE REST"""
board/Marvell/guruplug/Makefile,7,"""THE REST"""
board/Marvell/guruplug/guruplug.c,138,"""THE REST"""
board/Marvell/guruplug/guruplug.h,22,"""THE REST"""
board/Marvell/guruplug/kwbimage.cfg,144,"""THE REST"""
board/Marvell/mvebu_armada-37xx/MAINTAINERS,11,"""THE REST"""
board/Marvell/mvebu_armada-37xx/Makefile,5,"""THE REST"""
board/Marvell/mvebu_armada-37xx/board.c,234,"""THE REST"""
board/Marvell/mvebu_armada-8k/MAINTAINERS,12,"""THE REST"""
board/Marvell/mvebu_armada-8k/Makefile,5,"""THE REST"""
board/Marvell/mvebu_armada-8k/board.c,161,"""THE REST"""
board/Marvell/openrd/Kconfig,12,"""THE REST"""
board/Marvell/openrd/MAINTAINERS,8,"""THE REST"""
board/Marvell/openrd/Makefile,12,"""THE REST"""
board/Marvell/openrd/kwbimage.cfg,150,"""THE REST"""
board/Marvell/openrd/openrd.c,160,"""THE REST"""
board/Marvell/openrd/openrd.h,29,"""THE REST"""
board/Marvell/sheevaplug/Kconfig,12,"""THE REST"""
board/Marvell/sheevaplug/MAINTAINERS,6,"""THE REST"""
board/Marvell/sheevaplug/Makefile,7,"""THE REST"""
board/Marvell/sheevaplug/kwbimage.cfg,144,"""THE REST"""
board/Marvell/sheevaplug/sheevaplug.c,133,"""THE REST"""
board/Marvell/sheevaplug/sheevaplug.h,24,"""THE REST"""
board/Seagate/dockstar/Kconfig,12,"""THE REST"""
board/Seagate/dockstar/MAINTAINERS,6,"""THE REST"""
board/Seagate/dockstar/Makefile,10,"""THE REST"""
board/Seagate/dockstar/dockstar.c,167,"""THE REST"""
board/Seagate/dockstar/dockstar.h,27,"""THE REST"""
board/Seagate/dockstar/kwbimage.cfg,147,"""THE REST"""
board/Seagate/goflexhome/Kconfig,12,"""THE REST"""
board/Seagate/goflexhome/MAINTAINERS,6,"""THE REST"""
board/Seagate/goflexhome/Makefile,13,"""THE REST"""
board/Seagate/goflexhome/goflexhome.c,173,"""THE REST"""
board/Seagate/goflexhome/kwbimage.cfg,150,"""THE REST"""
board/Seagate/nas220/Kconfig,12,"""THE REST"""
board/Seagate/nas220/MAINTAINERS,6,"""THE REST"""
board/Seagate/nas220/Makefile,7,"""THE REST"""
board/Seagate/nas220/kwbimage.cfg,151,"""THE REST"""
board/Seagate/nas220/nas220.c,118,"""THE REST"""
board/Synology/ds109/Kconfig,12,"""THE REST"""
board/Synology/ds109/MAINTAINERS,6,"""THE REST"""
board/Synology/ds109/Makefile,7,"""THE REST"""
board/Synology/ds109/ds109.c,176,"""THE REST"""
board/Synology/ds109/ds109.h,43,"""THE REST"""
board/Synology/ds109/kwbimage.cfg,150,"""THE REST"""
board/Synology/ds109/openocd.cfg,115,"""THE REST"""
board/Synology/ds414/MAINTAINERS,6,"""THE REST"""
board/Synology/ds414/Makefile,8,"""THE REST"""
board/Synology/ds414/cmd_syno.c,225,"""THE REST"""
board/Synology/ds414/ds414.c,184,"""THE REST"""
board/abilis/tb100/Kconfig,15,"""THE REST"""
board/abilis/tb100/MAINTAINERS,6,"""THE REST"""
board/abilis/tb100/Makefile,5,"""THE REST"""
board/abilis/tb100/tb100.c,22,"""THE REST"""
board/advantech/Kconfig,28,"""THE REST"""
board/advantech/dms-ba16/Kconfig,31,"""THE REST"""
board/advantech/dms-ba16/MAINTAINERS,8,"""THE REST"""
board/advantech/dms-ba16/Makefile,6,"""THE REST"""
board/advantech/dms-ba16/clocks.cfg,25,"""THE REST"""
board/advantech/dms-ba16/ddr-setup.cfg,39,"""THE REST"""
board/advantech/dms-ba16/dms-ba16.c,626,"""THE REST"""
board/advantech/dms-ba16/dms-ba16_1g.cfg,24,"""THE REST"""
board/advantech/dms-ba16/dms-ba16_2g.cfg,24,"""THE REST"""
board/advantech/dms-ba16/micron-1g.cfg,63,"""THE REST"""
board/advantech/dms-ba16/samsung-2g.cfg,63,"""THE REST"""
board/advantech/som-db5800-som-6867/.gitignore,3,"""THE REST"""
board/advantech/som-db5800-som-6867/Kconfig,29,"""THE REST"""
board/advantech/som-db5800-som-6867/MAINTAINERS,7,"""THE REST"""
board/advantech/som-db5800-som-6867/Makefile,6,"""THE REST"""
board/advantech/som-db5800-som-6867/acpi/mainboard.asl,10,"""THE REST"""
board/advantech/som-db5800-som-6867/dsdt.asl,13,"""THE REST"""
board/advantech/som-db5800-som-6867/som-db5800-som-6867.c,129,"""THE REST"""
board/advantech/som-db5800-som-6867/start.S,8,"""THE REST"""
board/alliedtelesis/SBx81LIFKW/Kconfig,12,"""THE REST"""
board/alliedtelesis/SBx81LIFKW/MAINTAINERS,7,"""THE REST"""
board/alliedtelesis/SBx81LIFKW/Makefile,7,"""THE REST"""
board/alliedtelesis/SBx81LIFKW/kwbimage.cfg,47,"""THE REST"""
board/alliedtelesis/SBx81LIFKW/sbx81lifkw.c,197,"""THE REST"""
board/alliedtelesis/SBx81LIFXCAT/Kconfig,12,"""THE REST"""
board/alliedtelesis/SBx81LIFXCAT/MAINTAINERS,7,"""THE REST"""
board/alliedtelesis/SBx81LIFXCAT/Makefile,7,"""THE REST"""
board/alliedtelesis/SBx81LIFXCAT/kwbimage.cfg,49,"""THE REST"""
board/alliedtelesis/SBx81LIFXCAT/sbx81lifxcat.c,134,"""THE REST"""
board/alphaproject/ap_sh4a_4a/Kconfig,12,"""THE REST"""
board/alphaproject/ap_sh4a_4a/MAINTAINERS,7,"""THE REST"""
board/alphaproject/ap_sh4a_4a/Makefile,7,"""THE REST"""
board/alphaproject/ap_sh4a_4a/ap_sh4a_4a.c,161,"""THE REST"""
board/alphaproject/ap_sh4a_4a/lowlevel_init.S,448,"""THE REST"""
board/altera/arria10-socdk/Kconfig,18,"""THE REST"""
board/altera/arria10-socdk/MAINTAINERS,7,"""THE REST"""
board/altera/arria10-socdk/Makefile,5,"""THE REST"""
board/altera/arria10-socdk/socfpga.c,6,"""THE REST"""
board/altera/arria5-socdk/MAINTAINERS,7,"""THE REST"""
board/altera/arria5-socdk/Makefile,7,"""THE REST"""
board/altera/arria5-socdk/qts/iocsr_config.h,695,"""THE REST"""
board/altera/arria5-socdk/qts/pinmux_config.h,218,"""THE REST"""
board/altera/arria5-socdk/qts/pll_config.h,84,"""THE REST"""
board/altera/arria5-socdk/qts/sdram_config.h,342,"""THE REST"""
board/altera/arria5-socdk/socfpga.c,5,"""THE REST"""
board/altera/cyclone5-socdk/MAINTAINERS,12,"""THE REST"""
board/altera/cyclone5-socdk/Makefile,7,"""THE REST"""
board/altera/cyclone5-socdk/qts/iocsr_config.h,659,"""THE REST"""
board/altera/cyclone5-socdk/qts/pinmux_config.h,218,"""THE REST"""
board/altera/cyclone5-socdk/qts/pll_config.h,84,"""THE REST"""
board/altera/cyclone5-socdk/qts/sdram_config.h,344,"""THE REST"""
board/altera/cyclone5-socdk/socfpga.c,5,"""THE REST"""
board/altera/nios2/MAINTAINERS,13,"""THE REST"""
board/altera/stratix10-socdk/MAINTAINERS,7,"""THE REST"""
board/altera/stratix10-socdk/Makefile,7,"""THE REST"""
board/altera/stratix10-socdk/socfpga.c,7,"""THE REST"""
board/amarula/vyasa-rk3288/Kconfig,12,"""THE REST"""
board/amarula/vyasa-rk3288/MAINTAINERS,8,"""THE REST"""
board/amarula/vyasa-rk3288/Makefile,7,"""THE REST"""
board/amarula/vyasa-rk3288/vyasa-rk3288.c,26,"""THE REST"""
board/amazon/kc1/Kconfig,12,"""THE REST"""
board/amazon/kc1/MAINTAINERS,6,"""THE REST"""
board/amazon/kc1/Makefile,7,"""THE REST"""
board/amazon/kc1/kc1.c,177,"""THE REST"""
board/amazon/kc1/kc1.h,97,"""THE REST"""
board/amlogic/odroid-c2/MAINTAINERS,8,"""THE REST"""
board/amlogic/odroid-c2/Makefile,5,"""THE REST"""
board/amlogic/odroid-c2/README.nanopi-k2,99,"""THE REST"""
board/amlogic/odroid-c2/README.odroid-c2,66,"""THE REST"""
board/amlogic/odroid-c2/odroid-c2.c,43,"""THE REST"""
board/amlogic/p212/MAINTAINERS,8,"""THE REST"""
board/amlogic/p212/Makefile,6,"""THE REST"""
board/amlogic/p212/README.khadas-vim,102,"""THE REST"""
board/amlogic/p212/README.libretech-cc,102,"""THE REST"""
board/amlogic/p212/README.p212,103,"""THE REST"""
board/amlogic/p212/p212.c,45,"""THE REST"""
board/amlogic/q200/MAINTAINERS,6,"""THE REST"""
board/amlogic/q200/Makefile,6,"""THE REST"""
board/amlogic/q200/README.khadas-vim2,103,"""THE REST"""
board/amlogic/q200/README.q200,102,"""THE REST"""
board/amlogic/q200/q200.c,50,"""THE REST"""
board/amlogic/s400/MAINTAINERS,6,"""THE REST"""
board/amlogic/s400/Makefile,6,"""THE REST"""
board/amlogic/s400/README,110,"""THE REST"""
board/amlogic/s400/s400.c,21,"""THE REST"""
board/aristainetos/Kconfig,29,"""THE REST"""
board/aristainetos/MAINTAINERS,9,"""THE REST"""
board/aristainetos/Makefile,7,"""THE REST"""
board/aristainetos/aristainetos-v1.c,278,"""THE REST"""
board/aristainetos/aristainetos-v2.c,685,"""THE REST"""
board/aristainetos/aristainetos.c,325,"""THE REST"""
board/aristainetos/aristainetos.cfg,32,"""THE REST"""
board/aristainetos/aristainetos2.cfg,33,"""THE REST"""
board/aristainetos/axi.cfg,21,"""THE REST"""
board/aristainetos/clocks.cfg,23,"""THE REST"""
board/aristainetos/clocks2.cfg,23,"""THE REST"""
board/aristainetos/ddr-setup.cfg,60,"""THE REST"""
board/aristainetos/ddr-setup2.cfg,58,"""THE REST"""
board/aristainetos/mt41j128M.cfg,69,"""THE REST"""
board/aristainetos/nt5cc256m16cp.cfg,59,"""THE REST"""
board/armadeus/apf27/Kconfig,18,"""THE REST"""
board/armadeus/apf27/MAINTAINERS,7,"""THE REST"""
board/armadeus/apf27/Makefile,12,"""THE REST"""
board/armadeus/apf27/apf27.c,257,"""THE REST"""
board/armadeus/apf27/apf27.h,488,"""THE REST"""
board/armadeus/apf27/fpga.c,224,"""THE REST"""
board/armadeus/apf27/fpga.h,24,"""THE REST"""
board/armadeus/apf27/lowlevel_init.S,166,"""THE REST"""
board/armadeus/opos6uldev/Kconfig,15,"""THE REST"""
board/armadeus/opos6uldev/MAINTAINERS,6,"""THE REST"""
board/armadeus/opos6uldev/Makefile,4,"""THE REST"""
board/armadeus/opos6uldev/board.c,104,"""THE REST"""
board/armltd/integrator/MAINTAINERS,14,"""THE REST"""
board/armltd/integrator/Makefile,14,"""THE REST"""
board/armltd/integrator/README,108,"""THE REST"""
board/armltd/integrator/arm-ebi.h,45,"""THE REST"""
board/armltd/integrator/integrator-sc.h,74,"""THE REST"""
board/armltd/integrator/integrator.c,181,"""THE REST"""
board/armltd/integrator/lowlevel_init.S,195,"""THE REST"""
board/armltd/integrator/pci.c,458,"""THE REST"""
board/armltd/integrator/pci_v3.h,187,"""THE REST"""
board/armltd/integrator/timer.c,162,"""THE REST"""
board/armltd/vexpress/Kconfig,38,"""ARM VERSATILE EXPRESS DRIVERS"",""THE REST"""
board/armltd/vexpress/MAINTAINERS,10,"""ARM VERSATILE EXPRESS DRIVERS"",""THE REST"""
board/armltd/vexpress/Makefile,7,"""ARM VERSATILE EXPRESS DRIVERS"",""THE REST"""
board/armltd/vexpress/vexpress_common.c,200,"""ARM VERSATILE EXPRESS DRIVERS"",""THE REST"""
board/armltd/vexpress/vexpress_tc2.c,84,"""ARM VERSATILE EXPRESS DRIVERS"",""THE REST"""
board/armltd/vexpress64/Kconfig,12,"""ARM VERSATILE EXPRESS DRIVERS"",""THE REST"""
board/armltd/vexpress64/MAINTAINERS,21,"""ARM VERSATILE EXPRESS DRIVERS"",""THE REST"""
board/armltd/vexpress64/Makefile,7,"""ARM VERSATILE EXPRESS DRIVERS"",""THE REST"""
board/armltd/vexpress64/pcie.c,195,"""ARM VERSATILE EXPRESS DRIVERS"",""THE REST"""
board/armltd/vexpress64/pcie.h,6,"""ARM VERSATILE EXPRESS DRIVERS"",""THE REST"""
board/armltd/vexpress64/vexpress64.c,104,"""ARM VERSATILE EXPRESS DRIVERS"",""THE REST"""
board/aspeed/evb_ast2500/Kconfig,12,"""THE REST"""
board/aspeed/evb_ast2500/MAINTAINERS,6,"""THE REST"""
board/aspeed/evb_ast2500/Makefile,1,"""THE REST"""
board/aspeed/evb_ast2500/evb_ast2500.c,5,"""THE REST"""
board/astro/mcf5373l/Kconfig,15,"""THE REST"""
board/astro/mcf5373l/MAINTAINERS,6,"""THE REST"""
board/astro/mcf5373l/Makefile,6,"""THE REST"""
board/astro/mcf5373l/astro.h,44,"""THE REST"""
board/astro/mcf5373l/fpga.c,407,"""THE REST"""
board/astro/mcf5373l/mcf5373l.c,196,"""THE REST"""
board/atmark-techno/armadillo-800eva/Kconfig,12,"""THE REST"""
board/atmark-techno/armadillo-800eva/MAINTAINERS,6,"""THE REST"""
board/atmark-techno/armadillo-800eva/Makefile,6,"""THE REST"""
board/atmark-techno/armadillo-800eva/armadillo-800eva.c,324,"""THE REST"""
board/atmel/at91rm9200ek/Kconfig,12,"""THE REST"""
board/atmel/at91rm9200ek/MAINTAINERS,7,"""THE REST"""
board/atmel/at91rm9200ek/Makefile,7,"""THE REST"""
board/atmel/at91rm9200ek/at91rm9200ek.c,60,"""THE REST"""
board/atmel/at91rm9200ek/led.c,71,"""THE REST"""
board/atmel/at91sam9260ek/Kconfig,12,"""THE REST"""
board/atmel/at91sam9260ek/MAINTAINERS,17,"""THE REST"""
board/atmel/at91sam9260ek/Makefile,11,"""THE REST"""
board/atmel/at91sam9260ek/at91sam9260ek.c,104,"""THE REST"""
board/atmel/at91sam9260ek/led.c,21,"""THE REST"""
board/atmel/at91sam9261ek/Kconfig,12,"""THE REST"""
board/atmel/at91sam9261ek/MAINTAINERS,11,"""THE REST"""
board/atmel/at91sam9261ek/Makefile,11,"""THE REST"""
board/atmel/at91sam9261ek/at91sam9261ek.c,291,"""THE REST"""
board/atmel/at91sam9261ek/led.c,27,"""THE REST"""
board/atmel/at91sam9263ek/Kconfig,12,"""THE REST"""
board/atmel/at91sam9263ek/MAINTAINERS,10,"""THE REST"""
board/atmel/at91sam9263ek/Makefile,11,"""THE REST"""
board/atmel/at91sam9263ek/at91sam9263ek.c,228,"""THE REST"""
board/atmel/at91sam9263ek/led.c,26,"""THE REST"""
board/atmel/at91sam9m10g45ek/Kconfig,12,"""THE REST"""
board/atmel/at91sam9m10g45ek/MAINTAINERS,7,"""THE REST"""
board/atmel/at91sam9m10g45ek/Makefile,11,"""THE REST"""
board/atmel/at91sam9m10g45ek/at91sam9m10g45ek.c,298,"""THE REST"""
board/atmel/at91sam9m10g45ek/led.c,23,"""THE REST"""
board/atmel/at91sam9n12ek/Kconfig,12,"""THE REST"""
board/atmel/at91sam9n12ek/MAINTAINERS,8,"""THE REST"""
board/atmel/at91sam9n12ek/Makefile,14,"""THE REST"""
board/atmel/at91sam9n12ek/at91sam9n12ek.c,291,"""THE REST"""
board/atmel/at91sam9rlek/Kconfig,12,"""THE REST"""
board/atmel/at91sam9rlek/MAINTAINERS,8,"""THE REST"""
board/atmel/at91sam9rlek/Makefile,11,"""THE REST"""
board/atmel/at91sam9rlek/at91sam9rlek.c,198,"""THE REST"""
board/atmel/at91sam9rlek/led.c,25,"""THE REST"""
board/atmel/at91sam9x5ek/Kconfig,12,"""THE REST"""
board/atmel/at91sam9x5ek/MAINTAINERS,9,"""THE REST"""
board/atmel/at91sam9x5ek/Makefile,14,"""THE REST"""
board/atmel/at91sam9x5ek/at91sam9x5ek.c,208,"""THE REST"""
board/atmel/common/Makefile,8,"""THE REST"""
board/atmel/common/board.c,75,"""THE REST"""
board/atmel/common/mac_eeprom.c,36,"""THE REST"""
board/atmel/common/video_display.c,74,"""THE REST"""
board/atmel/sama5d27_som1_ek/Kconfig,15,"""THE REST"""
board/atmel/sama5d27_som1_ek/MAINTAINERS,7,"""THE REST"""
board/atmel/sama5d27_som1_ek/Makefile,6,"""THE REST"""
board/atmel/sama5d27_som1_ek/sama5d27_som1_ek.c,191,"""THE REST"""
board/atmel/sama5d2_ptc_ek/Kconfig,15,"""THE REST"""
board/atmel/sama5d2_ptc_ek/MAINTAINERS,8,"""THE REST"""
board/atmel/sama5d2_ptc_ek/Makefile,6,"""THE REST"""
board/atmel/sama5d2_ptc_ek/sama5d2_ptc_ek.c,139,"""THE REST"""
board/atmel/sama5d2_xplained/Kconfig,15,"""THE REST"""
board/atmel/sama5d2_xplained/MAINTAINERS,8,"""THE REST"""
board/atmel/sama5d2_xplained/Makefile,6,"""THE REST"""
board/atmel/sama5d2_xplained/sama5d2_xplained.c,195,"""THE REST"""
board/atmel/sama5d3_xplained/Kconfig,12,"""THE REST"""
board/atmel/sama5d3_xplained/MAINTAINERS,7,"""THE REST"""
board/atmel/sama5d3_xplained/Makefile,13,"""THE REST"""
board/atmel/sama5d3_xplained/sama5d3_xplained.c,202,"""THE REST"""
board/atmel/sama5d3xek/Kconfig,12,"""THE REST"""
board/atmel/sama5d3xek/MAINTAINERS,11,"""THE REST"""
board/atmel/sama5d3xek/Makefile,13,"""THE REST"""
board/atmel/sama5d3xek/sama5d3xek.c,276,"""THE REST"""
board/atmel/sama5d4_xplained/Kconfig,12,"""THE REST"""
board/atmel/sama5d4_xplained/MAINTAINERS,8,"""THE REST"""
board/atmel/sama5d4_xplained/Makefile,6,"""THE REST"""
board/atmel/sama5d4_xplained/sama5d4_xplained.c,220,"""THE REST"""
board/atmel/sama5d4ek/Kconfig,12,"""THE REST"""
board/atmel/sama5d4ek/MAINTAINERS,8,"""THE REST"""
board/atmel/sama5d4ek/Makefile,6,"""THE REST"""
board/atmel/sama5d4ek/sama5d4ek.c,220,"""THE REST"""
board/avionic-design/common/pinmux-config-tamonten-ng.h,384,"""THE REST"""
board/avionic-design/common/tamonten-ng.c,92,"""THE REST"""
board/avionic-design/common/tamonten.c,43,"""THE REST"""
board/avionic-design/medcom-wide/Kconfig,12,"""THE REST"""
board/avionic-design/medcom-wide/MAINTAINERS,6,"""THE REST"""
board/avionic-design/medcom-wide/Makefile,8,"""THE REST"""
board/avionic-design/plutux/Kconfig,12,"""THE REST"""
board/avionic-design/plutux/MAINTAINERS,6,"""THE REST"""
board/avionic-design/plutux/Makefile,8,"""THE REST"""
board/avionic-design/tec-ng/Kconfig,12,"""THE REST"""
board/avionic-design/tec-ng/MAINTAINERS,6,"""THE REST"""
board/avionic-design/tec-ng/Makefile,6,"""THE REST"""
board/avionic-design/tec/Kconfig,12,"""THE REST"""
board/avionic-design/tec/MAINTAINERS,6,"""THE REST"""
board/avionic-design/tec/Makefile,8,"""THE REST"""
board/bachmann/ot1200/Kconfig,12,"""THE REST"""
board/bachmann/ot1200/MAINTAINERS,6,"""THE REST"""
board/bachmann/ot1200/Makefile,11,"""THE REST"""
board/bachmann/ot1200/README,20,"""THE REST"""
board/bachmann/ot1200/mx6q_4x_mt41j128.cfg,154,"""THE REST"""
board/bachmann/ot1200/ot1200.c,356,"""THE REST"""
board/bachmann/ot1200/ot1200_spl.c,151,"""THE REST"""
board/barco/platinum/Kconfig,31,"""THE REST"""
board/barco/platinum/MAINTAINERS,7,"""THE REST"""
board/barco/platinum/Makefile,12,"""THE REST"""
board/barco/platinum/platinum.c,216,"""THE REST"""
board/barco/platinum/platinum.h,77,"""THE REST"""
board/barco/platinum/platinum_picon.c,243,"""THE REST"""
board/barco/platinum/platinum_titanium.c,208,"""THE REST"""
board/barco/platinum/spl_picon.c,182,"""THE REST"""
board/barco/platinum/spl_titanium.c,185,"""THE REST"""
board/barco/titanium/Kconfig,12,"""THE REST"""
board/barco/titanium/MAINTAINERS,6,"""THE REST"""
board/barco/titanium/Makefile,7,"""THE REST"""
board/barco/titanium/imximage.cfg,166,"""THE REST"""
board/barco/titanium/titanium.c,316,"""THE REST"""
board/beckhoff/mx53cx9020/Kconfig,12,"""THE REST"""
board/beckhoff/mx53cx9020/MAINTAINERS,6,"""THE REST"""
board/beckhoff/mx53cx9020/Makefile,7,"""THE REST"""
board/beckhoff/mx53cx9020/imximage.cfg,81,"""THE REST"""
board/beckhoff/mx53cx9020/mx53cx9020.c,330,"""THE REST"""
board/beckhoff/mx53cx9020/mx53cx9020_video.c,48,"""THE REST"""
board/birdland/bav335x/Kconfig,23,"""THE REST"""
board/birdland/bav335x/MAINTAINERS,13,"""THE REST"""
board/birdland/bav335x/Makefile,11,"""THE REST"""
board/birdland/bav335x/README,31,"""THE REST"""
board/birdland/bav335x/board.c,429,"""THE REST"""
board/birdland/bav335x/board.h,58,"""THE REST"""
board/birdland/bav335x/mux.c,190,"""THE REST"""
board/birdland/bav335x/u-boot.lds,115,"""THE REST"""
board/bitmain/antminer_s9/MAINTAINERS,6,"""THE REST"""
board/bitmain/antminer_s9/Makefile,8,"""THE REST"""
board/bitmain/antminer_s9/bitmain-antminer-s9/ps7_init_gpl.c,280,"""THE REST"""
board/bitmain/antminer_s9/board.c,2,"""THE REST"""
board/bluegiga/apx4devkit/Kconfig,15,"""THE REST"""
board/bluegiga/apx4devkit/MAINTAINERS,6,"""THE REST"""
board/bluegiga/apx4devkit/Makefile,10,"""THE REST"""
board/bluegiga/apx4devkit/apx4devkit.c,139,"""THE REST"""
board/bluegiga/apx4devkit/spl_boot.c,152,"""THE REST"""
board/bluewater/gurnard/Kconfig,12,"""THE REST"""
board/bluewater/gurnard/MAINTAINERS,6,"""THE REST"""
board/bluewater/gurnard/Makefile,9,"""THE REST"""
board/bluewater/gurnard/gurnard.c,423,"""THE REST"""
board/bluewater/gurnard/splash_logo.h,2619,"""THE REST"""
board/bluewater/snapper9260/Kconfig,12,"""THE REST"""
board/bluewater/snapper9260/MAINTAINERS,7,"""THE REST"""
board/bluewater/snapper9260/Makefile,9,"""THE REST"""
board/bluewater/snapper9260/snapper9260.c,151,"""THE REST"""
board/bosch/shc/Kconfig,87,"""THE REST"""
board/bosch/shc/MAINTAINERS,11,"""THE REST"""
board/bosch/shc/Makefile,8,"""THE REST"""
board/bosch/shc/README,114,"""THE REST"""
board/bosch/shc/board.c,647,"""THE REST"""
board/bosch/shc/board.h,186,"""THE REST"""
board/bosch/shc/mux.c,260,"""THE REST"""
board/boundary/nitrogen6x/1066mhz_4x128mx16.cfg,41,"""THE REST"""
board/boundary/nitrogen6x/1066mhz_4x256mx16.cfg,41,"""THE REST"""
board/boundary/nitrogen6x/6x_bootscript.txt,63,"""THE REST"""
board/boundary/nitrogen6x/6x_bootscript_android.txt,64,"""THE REST"""
board/boundary/nitrogen6x/6x_bootscript_android_recovery.txt,64,"""THE REST"""
board/boundary/nitrogen6x/6x_upgrade.txt,45,"""THE REST"""
board/boundary/nitrogen6x/800mhz_2x128mx16.cfg,41,"""THE REST"""
board/boundary/nitrogen6x/800mhz_2x256mx16.cfg,41,"""THE REST"""
board/boundary/nitrogen6x/800mhz_4x128mx16.cfg,41,"""THE REST"""
board/boundary/nitrogen6x/800mhz_4x256mx16.cfg,41,"""THE REST"""
board/boundary/nitrogen6x/Kconfig,12,"""THE REST"""
board/boundary/nitrogen6x/MAINTAINERS,12,"""THE REST"""
board/boundary/nitrogen6x/Makefile,7,"""THE REST"""
board/boundary/nitrogen6x/README,92,"""THE REST"""
board/boundary/nitrogen6x/README.mx6qsabrelite,72,"""THE REST"""
board/boundary/nitrogen6x/clocks.cfg,40,"""THE REST"""
board/boundary/nitrogen6x/ddr-setup.cfg,95,"""THE REST"""
board/boundary/nitrogen6x/nitrogen6dl.cfg,31,"""THE REST"""
board/boundary/nitrogen6x/nitrogen6dl2g.cfg,31,"""THE REST"""
board/boundary/nitrogen6x/nitrogen6q.cfg,31,"""THE REST"""
board/boundary/nitrogen6x/nitrogen6q2g.cfg,31,"""THE REST"""
board/boundary/nitrogen6x/nitrogen6s.cfg,31,"""THE REST"""
board/boundary/nitrogen6x/nitrogen6s1g.cfg,31,"""THE REST"""
board/boundary/nitrogen6x/nitrogen6x.c,1025,"""THE REST"""
board/broadcom/bcm11130/MAINTAINERS,6,"""THE REST"""
board/broadcom/bcm11130_nand/MAINTAINERS,6,"""THE REST"""
board/broadcom/bcm23550_w1d/Kconfig,15,"""THE REST"""
board/broadcom/bcm23550_w1d/MAINTAINERS,6,"""THE REST"""
board/broadcom/bcm23550_w1d/Makefile,5,"""THE REST"""
board/broadcom/bcm23550_w1d/bcm23550_w1d.c,121,"""THE REST"""
board/broadcom/bcm28155_ap/Kconfig,15,"""THE REST"""
board/broadcom/bcm28155_ap/MAINTAINERS,6,"""THE REST"""
board/broadcom/bcm28155_ap/Makefile,5,"""THE REST"""
board/broadcom/bcm28155_ap/bcm28155_ap.c,128,"""THE REST"""
board/broadcom/bcm28155_w1d/MAINTAINERS,6,"""THE REST"""
board/broadcom/bcm911360_entphn-ns/MAINTAINERS,6,"""THE REST"""
board/broadcom/bcm911360_entphn/MAINTAINERS,6,"""THE REST"""
board/broadcom/bcm911360k/MAINTAINERS,6,"""THE REST"""
board/broadcom/bcm958300k-ns/MAINTAINERS,6,"""THE REST"""
board/broadcom/bcm958300k/MAINTAINERS,6,"""THE REST"""
board/broadcom/bcm958305k/MAINTAINERS,6,"""THE REST"""
board/broadcom/bcm958622hr/MAINTAINERS,6,"""THE REST"""
board/broadcom/bcm958712k/MAINTAINERS,6,"""THE REST"""
board/broadcom/bcm968380gerg/Kconfig,12,"""THE REST"""
board/broadcom/bcm968380gerg/MAINTAINERS,6,"""THE REST"""
board/broadcom/bcm968380gerg/Makefile,3,"""THE REST"""
board/broadcom/bcm968380gerg/bcm968380gerg.c,6,"""THE REST"""
board/broadcom/bcm968380gerg/board.c,6,"""THE REST"""
board/broadcom/bcm968580xref/Kconfig,17,"""THE REST"""
board/broadcom/bcm968580xref/MAINTAINERS,6,"""THE REST"""
board/broadcom/bcm968580xref/Makefile,3,"""THE REST"""
board/broadcom/bcm968580xref/bcm968580xref.c,61,"""THE REST"""
board/broadcom/bcm_ep/Makefile,5,"""THE REST"""
board/broadcom/bcm_ep/board.c,81,"""THE REST"""
board/broadcom/bcmcygnus/Kconfig,15,"""THE REST"""
board/broadcom/bcmns2/Kconfig,15,"""THE REST"""
board/broadcom/bcmns2/Makefile,5,"""THE REST"""
board/broadcom/bcmns2/northstar2.c,59,"""THE REST"""
board/broadcom/bcmnsp/Kconfig,15,"""THE REST"""
board/broadcom/bcmstb/MAINTAINERS,15,"""ARM BROADCOM BCMSTB"",""THE REST"""
board/broadcom/bcmstb/Makefile,8,"""ARM BROADCOM BCMSTB"",""THE REST"""
board/broadcom/bcmstb/bcmstb.c,194,"""ARM BROADCOM BCMSTB"",""THE REST"""
board/bticino/mamoj/Kconfig,12,"""THE REST"""
board/bticino/mamoj/MAINTAINERS,10,"""THE REST"""
board/bticino/mamoj/Makefile,8,"""THE REST"""
board/bticino/mamoj/README,124,"""THE REST"""
board/bticino/mamoj/mamoj.c,26,"""THE REST"""
board/bticino/mamoj/spl.c,171,"""THE REST"""
board/buffalo/lsxl/Kconfig,12,"""THE REST"""
board/buffalo/lsxl/MAINTAINERS,7,"""THE REST"""
board/buffalo/lsxl/Makefile,6,"""THE REST"""
board/buffalo/lsxl/README,139,"""THE REST"""
board/buffalo/lsxl/kwbimage-lschl.cfg,211,"""THE REST"""
board/buffalo/lsxl/kwbimage-lsxhl.cfg,211,"""THE REST"""
board/buffalo/lsxl/lsxl.c,279,"""THE REST"""
board/buffalo/lsxl/lsxl.h,58,"""THE REST"""
board/cadence/xtfpga/Kconfig,39,"""THE REST"""
board/cadence/xtfpga/MAINTAINERS,7,"""THE REST"""
board/cadence/xtfpga/Makefile,5,"""THE REST"""
board/cadence/xtfpga/README,125,"""THE REST"""
board/cadence/xtfpga/xtfpga.c,116,"""THE REST"""
board/calao/usb_a9263/Kconfig,12,"""THE REST"""
board/calao/usb_a9263/MAINTAINERS,6,"""THE REST"""
board/calao/usb_a9263/Makefile,14,"""THE REST"""
board/calao/usb_a9263/usb_a9263.c,125,"""THE REST"""
board/cavium/thunderx/Kconfig,27,"""THE REST"""
board/cavium/thunderx/MAINTAINERS,6,"""THE REST"""
board/cavium/thunderx/Makefile,6,"""THE REST"""
board/cavium/thunderx/atf.c,309,"""THE REST"""
board/cavium/thunderx/thunderx.c,128,"""THE REST"""
board/ccv/xpress/Kconfig,12,"""THE REST"""
board/ccv/xpress/MAINTAINERS,7,"""THE REST"""
board/ccv/xpress/Makefile,6,"""THE REST"""
board/ccv/xpress/imximage.cfg,175,"""THE REST"""
board/ccv/xpress/spl.c,117,"""THE REST"""
board/ccv/xpress/xpress.c,336,"""THE REST"""
board/cei/cei-tk1-som/Kconfig,12,"""THE REST"""
board/cei/cei-tk1-som/MAINTAINERS,6,"""THE REST"""
board/cei/cei-tk1-som/Makefile,9,"""THE REST"""
board/cei/cei-tk1-som/cei-tk1-som.c,64,"""THE REST"""
board/cei/cei-tk1-som/pinmux-config-cei-tk1-som.h,300,"""THE REST"""
board/chipspark/popmetal_rk3288/Kconfig,15,"""THE REST"""
board/chipspark/popmetal_rk3288/MAINTAINERS,6,"""THE REST"""
board/chipspark/popmetal_rk3288/Makefile,7,"""THE REST"""
board/chipspark/popmetal_rk3288/popmetal-rk3288.c,31,"""THE REST"""
board/cirrus/edb93xx/Kconfig,15,"""THE REST"""
board/cirrus/edb93xx/MAINTAINERS,6,"""THE REST"""
board/cirrus/edb93xx/Makefile,10,"""THE REST"""
board/cirrus/edb93xx/edb93xx.c,286,"""THE REST"""
board/cirrus/edb93xx/u-boot.lds,115,"""THE REST"""
board/cloudengines/pogo_e02/Kconfig,12,"""THE REST"""
board/cloudengines/pogo_e02/MAINTAINERS,6,"""THE REST"""
board/cloudengines/pogo_e02/Makefile,7,"""THE REST"""
board/cloudengines/pogo_e02/kwbimage.cfg,153,"""THE REST"""
board/cloudengines/pogo_e02/pogo_e02.c,103,"""THE REST"""
board/cloudengines/pogo_e02/pogo_e02.h,29,"""THE REST"""
board/cobra5272/Kconfig,12,"""THE REST"""
board/cobra5272/MAINTAINERS,6,"""THE REST"""
board/cobra5272/Makefile,6,"""THE REST"""
board/cobra5272/README,156,"""THE REST"""
board/cobra5272/bdm/cobra5272_uboot.gdb,169,"""THE REST"""
board/cobra5272/bdm/gdbinit.reset,2,"""THE REST"""
board/cobra5272/bdm/load-cobra_uboot,2,"""THE REST"""
board/cobra5272/bdm/reset,2,"""THE REST"""
board/cobra5272/cobra5272.c,40,"""THE REST"""
board/cobra5272/flash.c,364,"""THE REST"""
board/compal/paz00/Kconfig,12,"""THE REST"""
board/compal/paz00/MAINTAINERS,7,"""THE REST"""
board/compal/paz00/Makefile,8,"""THE REST"""
board/compal/paz00/paz00.c,52,"""THE REST"""
board/compulab/cl-som-am57x/Kconfig,12,"""THE REST"""
board/compulab/cl-som-am57x/MAINTAINERS,6,"""THE REST"""
board/compulab/cl-som-am57x/Makefile,17,"""THE REST"""
board/compulab/cl-som-am57x/cl-som-am57x.c,78,"""THE REST"""
board/compulab/cl-som-am57x/eth.c,198,"""THE REST"""
board/compulab/cl-som-am57x/mux.c,123,"""THE REST"""
board/compulab/cl-som-am57x/spl.c,238,"""THE REST"""
board/compulab/cl-som-imx7/Kconfig,28,"""THE REST"""
board/compulab/cl-som-imx7/MAINTAINERS,6,"""THE REST"""
board/compulab/cl-som-imx7/Makefile,17,"""THE REST"""
board/compulab/cl-som-imx7/cl-som-imx7.c,331,"""THE REST"""
board/compulab/cl-som-imx7/common.c,45,"""THE REST"""
board/compulab/cl-som-imx7/common.h,31,"""THE REST"""
board/compulab/cl-som-imx7/mux.c,141,"""THE REST"""
board/compulab/cl-som-imx7/spl.c,210,"""THE REST"""
board/compulab/cm_fx6/Kconfig,12,"""THE REST"""
board/compulab/cm_fx6/MAINTAINERS,6,"""THE REST"""
board/compulab/cm_fx6/Makefile,10,"""THE REST"""
board/compulab/cm_fx6/cm_fx6.c,789,"""THE REST"""
board/compulab/cm_fx6/common.c,82,"""THE REST"""
board/compulab/cm_fx6/common.h,36,"""THE REST"""
board/compulab/cm_fx6/spl.c,363,"""THE REST"""
board/compulab/cm_t335/Kconfig,15,"""THE REST"""
board/compulab/cm_t335/MAINTAINERS,6,"""THE REST"""
board/compulab/cm_t335/Makefile,8,"""THE REST"""
board/compulab/cm_t335/cm_t335.c,162,"""THE REST"""
board/compulab/cm_t335/mux.c,116,"""THE REST"""
board/compulab/cm_t335/spl.c,113,"""THE REST"""
board/compulab/cm_t335/u-boot.lds,110,"""THE REST"""
board/compulab/cm_t35/Kconfig,12,"""THE REST"""
board/compulab/cm_t35/MAINTAINERS,6,"""THE REST"""
board/compulab/cm_t35/Makefile,8,"""THE REST"""
board/compulab/cm_t35/cm_t35.c,511,"""THE REST"""
board/compulab/cm_t3517/Kconfig,12,"""THE REST"""
board/compulab/cm_t3517/MAINTAINERS,6,"""THE REST"""
board/compulab/cm_t3517/Makefile,7,"""THE REST"""
board/compulab/cm_t3517/cm_t3517.c,240,"""THE REST"""
board/compulab/cm_t3517/mux.c,235,"""THE REST"""
board/compulab/cm_t43/Kconfig,15,"""THE REST"""
board/compulab/cm_t43/MAINTAINERS,6,"""THE REST"""
board/compulab/cm_t43/Makefile,11,"""THE REST"""
board/compulab/cm_t43/board.h,11,"""THE REST"""
board/compulab/cm_t43/cm_t43.c,164,"""THE REST"""
board/compulab/cm_t43/mux.c,142,"""THE REST"""
board/compulab/cm_t43/spl.c,134,"""THE REST"""
board/compulab/cm_t54/Kconfig,12,"""THE REST"""
board/compulab/cm_t54/MAINTAINERS,6,"""THE REST"""
board/compulab/cm_t54/Makefile,8,"""THE REST"""
board/compulab/cm_t54/cm_t54.c,259,"""THE REST"""
board/compulab/cm_t54/mux.c,93,"""THE REST"""
board/compulab/cm_t54/spl.c,65,"""THE REST"""
board/compulab/common/Makefile,10,"""THE REST"""
board/compulab/common/common.c,59,"""THE REST"""
board/compulab/common/common.h,37,"""THE REST"""
board/compulab/common/eeprom.c,527,"""THE REST"""
board/compulab/common/eeprom.h,32,"""THE REST"""
board/compulab/common/omap3_display.c,451,"""THE REST"""
board/compulab/common/omap3_smc911x.c,92,"""THE REST"""
board/compulab/trimslice/Kconfig,12,"""THE REST"""
board/compulab/trimslice/MAINTAINERS,7,"""THE REST"""
board/compulab/trimslice/Makefile,6,"""THE REST"""
board/compulab/trimslice/trimslice.c,41,"""THE REST"""
board/comtrend/ar5315u/Kconfig,12,"""THE REST"""
board/comtrend/ar5315u/MAINTAINERS,6,"""THE REST"""
board/comtrend/ar5315u/Makefile,3,"""THE REST"""
board/comtrend/ar5315u/ar-5315u.c,6,"""THE REST"""
board/comtrend/ar5387un/Kconfig,12,"""THE REST"""
board/comtrend/ar5387un/MAINTAINERS,6,"""THE REST"""
board/comtrend/ar5387un/Makefile,3,"""THE REST"""
board/comtrend/ar5387un/ar-5387un.c,6,"""THE REST"""
board/comtrend/ct5361/Kconfig,12,"""THE REST"""
board/comtrend/ct5361/MAINTAINERS,6,"""THE REST"""
board/comtrend/ct5361/Makefile,3,"""THE REST"""
board/comtrend/ct5361/ct-5361.c,6,"""THE REST"""
board/comtrend/vr3032u/Kconfig,12,"""THE REST"""
board/comtrend/vr3032u/MAINTAINERS,6,"""THE REST"""
board/comtrend/vr3032u/Makefile,3,"""THE REST"""
board/comtrend/vr3032u/vr-3032u.c,6,"""THE REST"""
board/comtrend/wap5813n/Kconfig,12,"""THE REST"""
board/comtrend/wap5813n/MAINTAINERS,6,"""THE REST"""
board/comtrend/wap5813n/Makefile,3,"""THE REST"""
board/comtrend/wap5813n/wap-5813n.c,6,"""THE REST"""
board/congatec/Kconfig,40,"""THE REST"""
board/congatec/cgtqmx6eval/Kconfig,12,"""THE REST"""
board/congatec/cgtqmx6eval/MAINTAINERS,6,"""THE REST"""
board/congatec/cgtqmx6eval/Makefile,8,"""THE REST"""
board/congatec/cgtqmx6eval/README,74,"""THE REST"""
board/congatec/cgtqmx6eval/cgtqmx6eval.c,1087,"""THE REST"""
board/congatec/conga-qeval20-qa3-e3845/.gitignore,3,"""THE REST"""
board/congatec/conga-qeval20-qa3-e3845/Kconfig,30,"""THE REST"""
board/congatec/conga-qeval20-qa3-e3845/MAINTAINERS,11,"""THE REST"""
board/congatec/conga-qeval20-qa3-e3845/Makefile,6,"""THE REST"""
board/congatec/conga-qeval20-qa3-e3845/README,23,"""THE REST"""
board/congatec/conga-qeval20-qa3-e3845/acpi/mainboard.asl,12,"""THE REST"""
board/congatec/conga-qeval20-qa3-e3845/conga-qeval20-qa3.c,67,"""THE REST"""
board/congatec/conga-qeval20-qa3-e3845/dsdt.asl,13,"""THE REST"""
board/congatec/conga-qeval20-qa3-e3845/start.S,8,"""THE REST"""
board/coreboot/Kconfig,25,"""THE REST"""
board/coreboot/coreboot/Kconfig,34,"""THE REST"""
board/coreboot/coreboot/MAINTAINERS,6,"""THE REST"""
board/coreboot/coreboot/Makefile,13,"""THE REST"""
board/coreboot/coreboot/coreboot.c,17,"""THE REST"""
board/coreboot/coreboot/start.S,12,"""THE REST"""
board/corscience/tricorder/Kconfig,12,"""THE REST"""
board/corscience/tricorder/MAINTAINERS,7,"""THE REST"""
board/corscience/tricorder/Makefile,9,"""THE REST"""
board/corscience/tricorder/led.c,79,"""THE REST"""
board/corscience/tricorder/tricorder-eeprom.c,222,"""THE REST"""
board/corscience/tricorder/tricorder-eeprom.h,40,"""THE REST"""
board/corscience/tricorder/tricorder.c,204,"""THE REST"""
board/corscience/tricorder/tricorder.h,358,"""THE REST"""
board/creative/xfi3/Kconfig,15,"""THE REST"""
board/creative/xfi3/MAINTAINERS,6,"""THE REST"""
board/creative/xfi3/Makefile,10,"""THE REST"""
board/creative/xfi3/spl_boot.c,133,"""THE REST"""
board/creative/xfi3/xfi3.c,223,"""THE REST"""
board/cssi/MAINTAINERS,6,"""THE REST"""
board/cssi/MCR3000/Kconfig,15,"""THE REST"""
board/cssi/MCR3000/MCR3000.c,161,"""THE REST"""
board/cssi/MCR3000/Makefile,8,"""THE REST"""
board/cssi/MCR3000/nand.c,64,"""THE REST"""
board/cssi/MCR3000/u-boot.lds,95,"""THE REST"""
board/d-link/dns325/Kconfig,12,"""THE REST"""
board/d-link/dns325/MAINTAINERS,6,"""THE REST"""
board/d-link/dns325/Makefile,11,"""THE REST"""
board/d-link/dns325/dns325.c,131,"""THE REST"""
board/d-link/dns325/dns325.h,31,"""THE REST"""
board/d-link/dns325/kwbimage.cfg,190,"""THE REST"""
board/davinci/da8xxevm/Kconfig,53,"""THE REST"""
board/davinci/da8xxevm/MAINTAINERS,18,"""THE REST"""
board/davinci/da8xxevm/Makefile,10,"""THE REST"""
board/davinci/da8xxevm/README.da850,151,"""THE REST"""
board/davinci/da8xxevm/da850evm.c,528,"""THE REST"""
board/davinci/da8xxevm/omapl138_lcdk.c,373,"""THE REST"""
board/davinci/da8xxevm/u-boot-spl-da850evm.lds,60,"""THE REST"""
board/davinci/ea20/Kconfig,12,"""THE REST"""
board/davinci/ea20/MAINTAINERS,6,"""THE REST"""
board/davinci/ea20/Makefile,8,"""THE REST"""
board/davinci/ea20/ea20.c,337,"""THE REST"""
board/devboards/dbm-soc1/MAINTAINERS,5,"""THE REST"""
board/devboards/dbm-soc1/Makefile,5,"""THE REST"""
board/devboards/dbm-soc1/qts/iocsr_config.h,659,"""THE REST"""
board/devboards/dbm-soc1/qts/pinmux_config.h,218,"""THE REST"""
board/devboards/dbm-soc1/qts/pll_config.h,84,"""THE REST"""
board/devboards/dbm-soc1/qts/sdram_config.h,343,"""THE REST"""
board/devboards/dbm-soc1/socfpga.c,5,"""THE REST"""
board/dfi/Kconfig,40,"""THE REST"""
board/dfi/dfi-bt700/Kconfig,30,"""THE REST"""
board/dfi/dfi-bt700/MAINTAINERS,11,"""THE REST"""
board/dfi/dfi-bt700/Makefile,6,"""THE REST"""
board/dfi/dfi-bt700/acpi/mainboard.asl,12,"""THE REST"""
board/dfi/dfi-bt700/dfi-bt700.c,56,"""THE REST"""
board/dfi/dfi-bt700/dsdt.asl,13,"""THE REST"""
board/dfi/dfi-bt700/start.S,8,"""THE REST"""
board/dhelectronics/dh_imx6/Kconfig,12,"""THE REST"""
board/dhelectronics/dh_imx6/MAINTAINERS,7,"""THE REST"""
board/dhelectronics/dh_imx6/Makefile,9,"""THE REST"""
board/dhelectronics/dh_imx6/dh_imx6.c,431,"""THE REST"""
board/dhelectronics/dh_imx6/dh_imx6_spl.c,591,"""THE REST"""
board/ebv/socrates/MAINTAINERS,6,"""THE REST"""
board/ebv/socrates/Makefile,7,"""THE REST"""
board/ebv/socrates/qts/iocsr_config.h,659,"""THE REST"""
board/ebv/socrates/qts/pinmux_config.h,218,"""THE REST"""
board/ebv/socrates/qts/pll_config.h,84,"""THE REST"""
board/ebv/socrates/qts/sdram_config.h,343,"""THE REST"""
board/ebv/socrates/socfpga.c,5,"""THE REST"""
board/eets/pdu001/Kconfig,50,"""THE REST"""
board/eets/pdu001/MAINTAINERS,6,"""THE REST"""
board/eets/pdu001/Makefile,13,"""THE REST"""
board/eets/pdu001/README,35,"""THE REST"""
board/eets/pdu001/board.c,274,"""THE REST"""
board/eets/pdu001/board.h,37,"""THE REST"""
board/eets/pdu001/mux.c,119,"""THE REST"""
board/efi/Kconfig,28,"""THE REST"""
board/efi/efi-x86_app/Kconfig,15,"""THE REST"""
board/efi/efi-x86_app/MAINTAINERS,6,"""THE REST"""
board/efi/efi-x86_app/Makefile,5,"""THE REST"""
board/efi/efi-x86_app/app.c,6,"""THE REST"""
board/efi/efi-x86_payload/Kconfig,40,"""THE REST"""
board/efi/efi-x86_payload/MAINTAINERS,7,"""THE REST"""
board/efi/efi-x86_payload/Makefile,5,"""THE REST"""
board/efi/efi-x86_payload/payload.c,18,"""THE REST"""
board/efi/efi-x86_payload/start.S,8,"""THE REST"""
board/egnite/ethernut5/Kconfig,12,"""THE REST"""
board/egnite/ethernut5/MAINTAINERS,6,"""THE REST"""
board/egnite/ethernut5/Makefile,10,"""THE REST"""
board/egnite/ethernut5/ethernut5.c,196,"""THE REST"""
board/egnite/ethernut5/ethernut5_pwrman.c,321,"""THE REST"""
board/egnite/ethernut5/ethernut5_pwrman.h,51,"""THE REST"""
board/el/el6x/Kconfig,25,"""THE REST"""
board/el/el6x/MAINTAINERS,8,"""THE REST"""
board/el/el6x/Makefile,5,"""THE REST"""
board/el/el6x/el6x.c,631,"""THE REST"""
board/elgin/elgin_rv1108/Kconfig,15,"""THE REST"""
board/elgin/elgin_rv1108/MAINTAINERS,6,"""THE REST"""
board/elgin/elgin_rv1108/Makefile,7,"""THE REST"""
board/elgin/elgin_rv1108/elgin_rv1108.c,74,"""THE REST"""
board/embest/mx6boards/Kconfig,12,"""THE REST"""
board/embest/mx6boards/MAINTAINERS,7,"""THE REST"""
board/embest/mx6boards/Makefile,7,"""THE REST"""
board/embest/mx6boards/mx6boards.c,610,"""THE REST"""
board/emulation/Kconfig,30,"""THE REST"""
board/emulation/qemu-arm/Kconfig,13,"""THE REST"""
board/emulation/qemu-arm/MAINTAINERS,7,"""THE REST"""
board/emulation/qemu-arm/Makefile,3,"""THE REST"""
board/emulation/qemu-arm/qemu-arm.c,93,"""THE REST"""
board/emulation/qemu-riscv/Kconfig,36,"""THE REST"""
board/emulation/qemu-riscv/MAINTAINERS,9,"""THE REST"""
board/emulation/qemu-riscv/Makefile,5,"""THE REST"""
board/emulation/qemu-riscv/qemu-riscv.c,89,"""THE REST"""
board/emulation/qemu-x86/Kconfig,28,"""THE REST"""
board/emulation/qemu-x86/MAINTAINERS,13,"""THE REST"""
board/emulation/qemu-x86/Makefile,5,"""THE REST"""
board/emulation/qemu-x86/start.S,8,"""THE REST"""
board/engicam/common/Makefile,5,"""THE REST"""
board/engicam/common/board.c,115,"""THE REST"""
board/engicam/common/board.h,10,"""THE REST"""
board/engicam/common/spl.c,431,"""THE REST"""
board/engicam/imx6q/Kconfig,12,"""THE REST"""
board/engicam/imx6q/MAINTAINERS,29,"""THE REST"""
board/engicam/imx6q/Makefile,4,"""THE REST"""
board/engicam/imx6q/README,33,"""THE REST"""
board/engicam/imx6q/imx6q.c,196,"""THE REST"""
board/engicam/imx6ul/Kconfig,12,"""THE REST"""
board/engicam/imx6ul/MAINTAINERS,19,"""THE REST"""
board/engicam/imx6ul/Makefile,4,"""THE REST"""
board/engicam/imx6ul/README,33,"""THE REST"""
board/engicam/imx6ul/imx6ul.c,96,"""THE REST"""
board/esd/meesc/Kconfig,12,"""THE REST"""
board/esd/meesc/MAINTAINERS,7,"""THE REST"""
board/esd/meesc/Makefile,10,"""THE REST"""
board/esd/meesc/meesc.c,276,"""THE REST"""
board/esd/vme8349/Kconfig,12,"""THE REST"""
board/esd/vme8349/MAINTAINERS,7,"""THE REST"""
board/esd/vme8349/Makefile,9,"""THE REST"""
board/esd/vme8349/caddy.c,177,"""THE REST"""
board/esd/vme8349/caddy.h,59,"""THE REST"""
board/esd/vme8349/pci.c,116,"""THE REST"""
board/esd/vme8349/vme8349.c,209,"""THE REST"""
board/esd/vme8349/vme8349pin.h,18,"""THE REST"""
board/espt/Kconfig,9,"""THE REST"""
board/espt/MAINTAINERS,6,"""THE REST"""
board/espt/Makefile,9,"""THE REST"""
board/espt/espt.c,26,"""THE REST"""
board/espt/lowlevel_init.S,317,"""THE REST"""
board/firefly/firefly-rk3288/Kconfig,15,"""THE REST"""
board/firefly/firefly-rk3288/MAINTAINERS,6,"""THE REST"""
board/firefly/firefly-rk3288/Makefile,7,"""THE REST"""
board/firefly/firefly-rk3288/firefly-rk3288.c,6,"""THE REST"""
board/freescale/b4860qds/Kconfig,14,"""THE REST"""
board/freescale/b4860qds/MAINTAINERS,17,"""THE REST"""
board/freescale/b4860qds/Makefile,16,"""THE REST"""
board/freescale/b4860qds/b4860qds.c,1267,"""THE REST"""
board/freescale/b4860qds/b4860qds.h,12,"""THE REST"""
board/freescale/b4860qds/b4860qds_crossbar_con.h,72,"""THE REST"""
board/freescale/b4860qds/b4860qds_qixis.h,28,"""THE REST"""
board/freescale/b4860qds/b4_pbi.cfg,30,"""THE REST"""
board/freescale/b4860qds/b4_rcw.cfg,7,"""THE REST"""
board/freescale/b4860qds/ddr.c,265,"""THE REST"""
board/freescale/b4860qds/eth_b4860qds.c,452,"""THE REST"""
board/freescale/b4860qds/law.c,28,"""THE REST"""
board/freescale/b4860qds/pci.c,22,"""THE REST"""
board/freescale/b4860qds/spl.c,116,"""THE REST"""
board/freescale/b4860qds/tlb.c,154,"""THE REST"""
board/freescale/bsc9131rdb/Kconfig,12,"""THE REST"""
board/freescale/bsc9131rdb/MAINTAINERS,9,"""THE REST"""
board/freescale/bsc9131rdb/Makefile,21,"""THE REST"""
board/freescale/bsc9131rdb/README,151,"""THE REST"""
board/freescale/bsc9131rdb/bsc9131rdb.c,79,"""THE REST"""
board/freescale/bsc9131rdb/ddr.c,168,"""THE REST"""
board/freescale/bsc9131rdb/law.c,18,"""THE REST"""
board/freescale/bsc9131rdb/spl_minimal.c,103,"""THE REST"""
board/freescale/bsc9131rdb/tlb.c,61,"""THE REST"""
board/freescale/bsc9132qds/Kconfig,14,"""THE REST"""
board/freescale/bsc9132qds/MAINTAINERS,25,"""THE REST"""
board/freescale/bsc9132qds/Makefile,21,"""THE REST"""
board/freescale/bsc9132qds/README,150,"""THE REST"""
board/freescale/bsc9132qds/bsc9132qds.c,428,"""THE REST"""
board/freescale/bsc9132qds/ddr.c,190,"""THE REST"""
board/freescale/bsc9132qds/law.c,28,"""THE REST"""
board/freescale/bsc9132qds/spl_minimal.c,115,"""THE REST"""
board/freescale/bsc9132qds/tlb.c,91,"""THE REST"""
board/freescale/c29xpcie/Kconfig,14,"""THE REST"""
board/freescale/c29xpcie/MAINTAINERS,10,"""THE REST"""
board/freescale/c29xpcie/Makefile,25,"""THE REST"""
board/freescale/c29xpcie/README,100,"""THE REST"""
board/freescale/c29xpcie/c29xpcie.c,155,"""THE REST"""
board/freescale/c29xpcie/cpld.c,132,"""THE REST"""
board/freescale/c29xpcie/cpld.h,39,"""THE REST"""
board/freescale/c29xpcie/ddr.c,106,"""THE REST"""
board/freescale/c29xpcie/law.c,18,"""THE REST"""
board/freescale/c29xpcie/spl.c,79,"""THE REST"""
board/freescale/c29xpcie/spl_minimal.c,62,"""THE REST"""
board/freescale/c29xpcie/tlb.c,84,"""THE REST"""
board/freescale/common/Kconfig,38,"""THE REST"""
board/freescale/common/Makefile,81,"""THE REST"""
board/freescale/common/arm_sleep.c,129,"""THE REST"""
board/freescale/common/cadmus.c,78,"""THE REST"""
board/freescale/common/cadmus.h,37,"""THE REST"""
board/freescale/common/cds_pci_ft.c,75,"""THE REST"""
board/freescale/common/cds_via.c,92,"""THE REST"""
board/freescale/common/cmd_esbc_validate.c,85,"""THE REST"""
board/freescale/common/dcu_sii9022a.c,152,"""THE REST"""
board/freescale/common/dcu_sii9022a.h,12,"""THE REST"""
board/freescale/common/diu_ch7301.c,135,"""THE REST"""
board/freescale/common/diu_ch7301.h,12,"""THE REST"""
board/freescale/common/eeprom.h,33,"""THE REST"""
board/freescale/common/fman.c,89,"""THE REST"""
board/freescale/common/fman.h,14,"""THE REST"""
board/freescale/common/fsl_chain_of_trust.c,164,"""THE REST"""
board/freescale/common/fsl_validate.c,962,"""THE REST"""
board/freescale/common/ics307_clk.c,145,"""THE REST"""
board/freescale/common/ics307_clk.h,15,"""THE REST"""
board/freescale/common/idt8t49n222a_serdes_clk.c,206,"""THE REST"""
board/freescale/common/idt8t49n222a_serdes_clk.h,106,"""THE REST"""
board/freescale/common/ls102xa_stream_id.c,35,"""THE REST"""
board/freescale/common/mc34vr500.c,94,"""THE REST"""
board/freescale/common/mpc85xx_sleep.c,95,"""THE REST"""
board/freescale/common/ngpixis.c,249,"""THE REST"""
board/freescale/common/ngpixis.h,60,"""THE REST"""
board/freescale/common/ns_access.c,239,"""THE REST"""
board/freescale/common/p_corenet/Makefile,8,"""THE REST"""
board/freescale/common/p_corenet/law.c,36,"""THE REST"""
board/freescale/common/p_corenet/pci.c,22,"""THE REST"""
board/freescale/common/p_corenet/tlb.c,160,"""THE REST"""
board/freescale/common/pfuze.c,173,"""THE REST"""
board/freescale/common/pfuze.h,17,"""THE REST"""
board/freescale/common/pixis.c,541,"""THE REST"""
board/freescale/common/pixis.h,165,"""THE REST"""
board/freescale/common/pq-mds-pib.c,102,"""THE REST"""
board/freescale/common/pq-mds-pib.h,9,"""THE REST"""
board/freescale/common/qixis.c,328,"""THE REST"""
board/freescale/common/qixis.h,136,"""THE REST"""
board/freescale/common/sdhc_boot.c,75,"""THE REST"""
board/freescale/common/sgmii_riser.c,129,"""THE REST"""
board/freescale/common/sgmii_riser.h,16,"""THE REST"""
board/freescale/common/sleep.h,20,"""THE REST"""
board/freescale/common/spl.h,12,"""THE REST"""
board/freescale/common/sys_eeprom.c,542,"""THE REST"""
board/freescale/common/via.h,18,"""THE REST"""
board/freescale/common/vid.c,879,"""THE REST"""
board/freescale/common/vid.h,23,"""THE REST"""
board/freescale/common/vsc3316_3308.c,275,"""THE REST"""
board/freescale/common/vsc3316_3308.h,24,"""THE REST"""
board/freescale/common/zm7300.c,232,"""THE REST"""
board/freescale/common/zm7300.h,21,"""THE REST"""
board/freescale/corenet_ds/Kconfig,59,"""THE REST"""
board/freescale/corenet_ds/MAINTAINERS,37,"""THE REST"""
board/freescale/corenet_ds/Makefile,16,"""THE REST"""
board/freescale/corenet_ds/corenet_ds.c,211,"""THE REST"""
board/freescale/corenet_ds/corenet_ds.h,12,"""THE REST"""
board/freescale/corenet_ds/ddr.c,283,"""THE REST"""
board/freescale/corenet_ds/eth_hydra.c,519,"""THE REST"""
board/freescale/corenet_ds/eth_p4080.c,480,"""THE REST"""
board/freescale/corenet_ds/eth_superhydra.c,769,"""THE REST"""
board/freescale/corenet_ds/p3041ds_ddr.c,11,"""THE REST"""
board/freescale/corenet_ds/p4080ds_ddr.c,347,"""THE REST"""
board/freescale/corenet_ds/p5020ds_ddr.c,15,"""THE REST"""
board/freescale/corenet_ds/p5040ds_ddr.c,15,"""THE REST"""
board/freescale/corenet_ds/pbi.cfg,33,"""THE REST"""
board/freescale/corenet_ds/rcw_p2041rdb.cfg,11,"""THE REST"""
board/freescale/corenet_ds/rcw_p3041ds.cfg,11,"""THE REST"""
board/freescale/corenet_ds/rcw_p4080ds.cfg,11,"""THE REST"""
board/freescale/corenet_ds/rcw_p5020ds.cfg,11,"""THE REST"""
board/freescale/corenet_ds/rcw_p5040ds.cfg,11,"""THE REST"""
board/freescale/imx8qxp_mek/Kconfig,14,"""ARM FREESCALE IMX"",""THE REST"""
board/freescale/imx8qxp_mek/MAINTAINERS,6,"""ARM FREESCALE IMX"",""THE REST"""
board/freescale/imx8qxp_mek/Makefile,7,"""ARM FREESCALE IMX"",""THE REST"""
board/freescale/imx8qxp_mek/README,55,"""ARM FREESCALE IMX"",""THE REST"""
board/freescale/imx8qxp_mek/imx8qxp_mek.c,170,"""ARM FREESCALE IMX"",""THE REST"""
board/freescale/imx8qxp_mek/imximage.cfg,25,"""ARM FREESCALE IMX"",""THE REST"""
board/freescale/ls1012afrdm/Kconfig,84,"""THE REST"""
board/freescale/ls1012afrdm/MAINTAINERS,21,"""THE REST"""
board/freescale/ls1012afrdm/Makefile,8,"""THE REST"""
board/freescale/ls1012afrdm/README,58,"""THE REST"""
board/freescale/ls1012afrdm/eth.c,123,"""THE REST"""
board/freescale/ls1012afrdm/ls1012afrdm.c,191,"""THE REST"""
board/freescale/ls1012aqds/Kconfig,75,"""THE REST"""
board/freescale/ls1012aqds/MAINTAINERS,9,"""THE REST"""
board/freescale/ls1012aqds/Makefile,8,"""THE REST"""
board/freescale/ls1012aqds/README,59,"""THE REST"""
board/freescale/ls1012aqds/eth.c,308,"""THE REST"""
board/freescale/ls1012aqds/ls1012aqds.c,274,"""THE REST"""
board/freescale/ls1012aqds/ls1012aqds_pfe.h,44,"""THE REST"""
board/freescale/ls1012aqds/ls1012aqds_qixis.h,34,"""THE REST"""
board/freescale/ls1012ardb/Kconfig,112,"""THE REST"""
board/freescale/ls1012ardb/MAINTAINERS,21,"""THE REST"""
board/freescale/ls1012ardb/Makefile,8,"""THE REST"""
board/freescale/ls1012ardb/README,97,"""THE REST"""
board/freescale/ls1012ardb/eth.c,134,"""THE REST"""
board/freescale/ls1012ardb/ls1012ardb.c,312,"""THE REST"""
board/freescale/ls1021aiot/Kconfig,17,"""THE REST"""
board/freescale/ls1021aiot/MAINTAINERS,7,"""THE REST"""
board/freescale/ls1021aiot/Makefile,7,"""THE REST"""
board/freescale/ls1021aiot/README,58,"""THE REST"""
board/freescale/ls1021aiot/dcu.c,46,"""THE REST"""
board/freescale/ls1021aiot/ls1021aiot.c,249,"""THE REST"""
board/freescale/ls1021aiot/ls102xa_pbi.cfg,14,"""THE REST"""
board/freescale/ls1021aiot/ls102xa_rcw_sd.cfg,27,"""THE REST"""
board/freescale/ls1021aiot/psci.S,27,"""THE REST"""
board/freescale/ls1021aqds/Kconfig,17,"""THE REST"""
board/freescale/ls1021aqds/MAINTAINERS,14,"""THE REST"""
board/freescale/ls1021aqds/Makefile,11,"""THE REST"""
board/freescale/ls1021aqds/README,118,"""THE REST"""
board/freescale/ls1021aqds/dcu.c,91,"""THE REST"""
board/freescale/ls1021aqds/ddr.c,193,"""THE REST"""
board/freescale/ls1021aqds/ddr.h,58,"""THE REST"""
board/freescale/ls1021aqds/eth.c,185,"""THE REST"""
board/freescale/ls1021aqds/ls1021aqds.c,505,"""THE REST"""
board/freescale/ls1021aqds/ls1021aqds_qixis.h,36,"""THE REST"""
board/freescale/ls1021aqds/ls102xa_pbi.cfg,12,"""THE REST"""
board/freescale/ls1021aqds/ls102xa_rcw_nand.cfg,7,"""THE REST"""
board/freescale/ls1021aqds/ls102xa_rcw_sd_ifc.cfg,14,"""THE REST"""
board/freescale/ls1021aqds/ls102xa_rcw_sd_qspi.cfg,14,"""THE REST"""
board/freescale/ls1021aqds/psci.S,32,"""THE REST"""
board/freescale/ls1021atwr/Kconfig,17,"""THE REST"""
board/freescale/ls1021atwr/MAINTAINERS,15,"""THE REST"""
board/freescale/ls1021atwr/Makefile,9,"""THE REST"""
board/freescale/ls1021atwr/README,115,"""THE REST"""
board/freescale/ls1021atwr/dcu.c,46,"""THE REST"""
board/freescale/ls1021atwr/ls1021atwr.c,765,"""THE REST"""
board/freescale/ls1021atwr/ls102xa_pbi.cfg,12,"""THE REST"""
board/freescale/ls1021atwr/ls102xa_rcw_sd_ifc.cfg,8,"""THE REST"""
board/freescale/ls1021atwr/ls102xa_rcw_sd_qspi.cfg,8,"""THE REST"""
board/freescale/ls1021atwr/psci.S,24,"""THE REST"""
board/freescale/ls1043aqds/Kconfig,33,"""THE REST"""
board/freescale/ls1043aqds/MAINTAINERS,15,"""THE REST"""
board/freescale/ls1043aqds/Makefile,11,"""THE REST"""
board/freescale/ls1043aqds/README,64,"""THE REST"""
board/freescale/ls1043aqds/ddr.c,144,"""THE REST"""
board/freescale/ls1043aqds/ddr.h,61,"""THE REST"""
board/freescale/ls1043aqds/eth.c,494,"""THE REST"""
board/freescale/ls1043aqds/ls1043aqds.c,533,"""THE REST"""
board/freescale/ls1043aqds/ls1043aqds_pbi.cfg,14,"""THE REST"""
board/freescale/ls1043aqds/ls1043aqds_qixis.h,38,"""THE REST"""
board/freescale/ls1043aqds/ls1043aqds_rcw_nand.cfg,7,"""THE REST"""
board/freescale/ls1043aqds/ls1043aqds_rcw_sd_ifc.cfg,8,"""THE REST"""
board/freescale/ls1043aqds/ls1043aqds_rcw_sd_qspi.cfg,8,"""THE REST"""
board/freescale/ls1043ardb/Kconfig,41,"""THE REST"""
board/freescale/ls1043ardb/MAINTAINERS,19,"""THE REST"""
board/freescale/ls1043ardb/Makefile,10,"""THE REST"""
board/freescale/ls1043ardb/README,54,"""THE REST"""
board/freescale/ls1043ardb/cpld.c,173,"""THE REST"""
board/freescale/ls1043ardb/cpld.h,45,"""THE REST"""
board/freescale/ls1043ardb/ddr.c,252,"""THE REST"""
board/freescale/ls1043ardb/ddr.h,116,"""THE REST"""
board/freescale/ls1043ardb/eth.c,76,"""THE REST"""
board/freescale/ls1043ardb/ls1043ardb.c,331,"""THE REST"""
board/freescale/ls1043ardb/ls1043ardb_pbi.cfg,14,"""THE REST"""
board/freescale/ls1043ardb/ls1043ardb_rcw_nand.cfg,7,"""THE REST"""
board/freescale/ls1043ardb/ls1043ardb_rcw_sd.cfg,7,"""THE REST"""
board/freescale/ls1046aqds/Kconfig,33,"""THE REST"""
board/freescale/ls1046aqds/MAINTAINERS,18,"""THE REST"""
board/freescale/ls1046aqds/Makefile,11,"""THE REST"""
board/freescale/ls1046aqds/README,70,"""THE REST"""
board/freescale/ls1046aqds/ddr.c,129,"""THE REST"""
board/freescale/ls1046aqds/ddr.h,43,"""THE REST"""
board/freescale/ls1046aqds/eth.c,415,"""THE REST"""
board/freescale/ls1046aqds/ls1046aqds.c,490,"""THE REST"""
board/freescale/ls1046aqds/ls1046aqds_pbi.cfg,17,"""THE REST"""
board/freescale/ls1046aqds/ls1046aqds_qixis.h,38,"""THE REST"""
board/freescale/ls1046aqds/ls1046aqds_rcw_nand.cfg,7,"""THE REST"""
board/freescale/ls1046aqds/ls1046aqds_rcw_sd_ifc.cfg,8,"""THE REST"""
board/freescale/ls1046aqds/ls1046aqds_rcw_sd_qspi.cfg,8,"""THE REST"""
board/freescale/ls1046ardb/Kconfig,31,"""THE REST"""
board/freescale/ls1046ardb/MAINTAINERS,23,"""THE REST"""
board/freescale/ls1046ardb/Makefile,10,"""THE REST"""
board/freescale/ls1046ardb/README,76,"""THE REST"""
board/freescale/ls1046ardb/cpld.c,166,"""THE REST"""
board/freescale/ls1046ardb/cpld.h,49,"""THE REST"""
board/freescale/ls1046ardb/ddr.c,131,"""THE REST"""
board/freescale/ls1046ardb/ddr.h,62,"""THE REST"""
board/freescale/ls1046ardb/eth.c,127,"""THE REST"""
board/freescale/ls1046ardb/ls1046ardb.c,182,"""THE REST"""
board/freescale/ls1046ardb/ls1046ardb_pbi.cfg,22,"""THE REST"""
board/freescale/ls1046ardb/ls1046ardb_qspi_pbi.cfg,26,"""THE REST"""
board/freescale/ls1046ardb/ls1046ardb_rcw_emmc.cfg,7,"""THE REST"""
board/freescale/ls1046ardb/ls1046ardb_rcw_qspi.cfg,7,"""THE REST"""
board/freescale/ls1046ardb/ls1046ardb_rcw_sd.cfg,7,"""THE REST"""
board/freescale/ls1088a/Kconfig,61,"""THE REST"""
board/freescale/ls1088a/MAINTAINERS,36,"""THE REST"""
board/freescale/ls1088a/Makefile,10,"""THE REST"""
board/freescale/ls1088a/README,145,"""THE REST"""
board/freescale/ls1088a/ddr.c,125,"""THE REST"""
board/freescale/ls1088a/ddr.h,48,"""THE REST"""
board/freescale/ls1088a/eth_ls1088aqds.c,687,"""THE REST"""
board/freescale/ls1088a/eth_ls1088ardb.c,103,"""THE REST"""
board/freescale/ls1088a/ls1088a.c,615,"""THE REST"""
board/freescale/ls1088a/ls1088a_qixis.h,44,"""THE REST"""
board/freescale/ls2080a/Kconfig,35,"""THE REST"""
board/freescale/ls2080a/MAINTAINERS,8,"""THE REST"""
board/freescale/ls2080a/Makefile,6,"""THE REST"""
board/freescale/ls2080a/README,27,"""THE REST"""
board/freescale/ls2080a/ddr.c,170,"""THE REST"""
board/freescale/ls2080a/ddr.h,85,"""THE REST"""
board/freescale/ls2080a/ls2080a.c,144,"""THE REST"""
board/freescale/ls2080aqds/Kconfig,34,"""THE REST"""
board/freescale/ls2080aqds/MAINTAINERS,15,"""THE REST"""
board/freescale/ls2080aqds/Makefile,7,"""THE REST"""
board/freescale/ls2080aqds/README,216,"""THE REST"""
board/freescale/ls2080aqds/ddr.c,169,"""THE REST"""
board/freescale/ls2080aqds/ddr.h,91,"""THE REST"""
board/freescale/ls2080aqds/eth.c,923,"""THE REST"""
board/freescale/ls2080aqds/ls2080aqds.c,359,"""THE REST"""
board/freescale/ls2080aqds/ls2080aqds_qixis.h,29,"""THE REST"""
board/freescale/ls2080ardb/Kconfig,35,"""THE REST"""
board/freescale/ls2080ardb/MAINTAINERS,28,"""THE REST"""
board/freescale/ls2080ardb/Makefile,6,"""THE REST"""
board/freescale/ls2080ardb/README,135,"""THE REST"""
board/freescale/ls2080ardb/ddr.c,174,"""THE REST"""
board/freescale/ls2080ardb/ddr.h,76,"""THE REST"""
board/freescale/ls2080ardb/eth_ls2080rdb.c,122,"""THE REST"""
board/freescale/ls2080ardb/ls2080ardb.c,448,"""THE REST"""
board/freescale/ls2080ardb/ls2080ardb_qixis.h,19,"""THE REST"""
board/freescale/m5208evbe/Kconfig,15,"""THE REST"""
board/freescale/m5208evbe/MAINTAINERS,6,"""THE REST"""
board/freescale/m5208evbe/Makefile,6,"""THE REST"""
board/freescale/m5208evbe/m5208evbe.c,81,"""THE REST"""
board/freescale/m52277evb/Kconfig,15,"""THE REST"""
board/freescale/m52277evb/MAINTAINERS,7,"""THE REST"""
board/freescale/m52277evb/Makefile,6,"""THE REST"""
board/freescale/m52277evb/README,229,"""THE REST"""
board/freescale/m52277evb/m52277evb.c,91,"""THE REST"""
board/freescale/m5235evb/Kconfig,15,"""THE REST"""
board/freescale/m5235evb/MAINTAINERS,7,"""THE REST"""
board/freescale/m5235evb/Makefile,6,"""THE REST"""
board/freescale/m5235evb/m5235evb.c,110,"""THE REST"""
board/freescale/m5249evb/Kconfig,15,"""THE REST"""
board/freescale/m5249evb/MAINTAINERS,6,"""THE REST"""
board/freescale/m5249evb/Makefile,6,"""THE REST"""
board/freescale/m5249evb/m5249evb.c,97,"""THE REST"""
board/freescale/m5253demo/Kconfig,15,"""THE REST"""
board/freescale/m5253demo/MAINTAINERS,6,"""THE REST"""
board/freescale/m5253demo/Makefile,6,"""THE REST"""
board/freescale/m5253demo/flash.c,450,"""THE REST"""
board/freescale/m5253demo/m5253demo.c,143,"""THE REST"""
board/freescale/m5272c3/Kconfig,15,"""THE REST"""
board/freescale/m5272c3/MAINTAINERS,6,"""THE REST"""
board/freescale/m5272c3/Makefile,6,"""THE REST"""
board/freescale/m5272c3/m5272c3.c,41,"""THE REST"""
board/freescale/m5275evb/Kconfig,15,"""THE REST"""
board/freescale/m5275evb/MAINTAINERS,6,"""THE REST"""
board/freescale/m5275evb/Makefile,6,"""THE REST"""
board/freescale/m5275evb/m5275evb.c,103,"""THE REST"""
board/freescale/m5282evb/Kconfig,15,"""THE REST"""
board/freescale/m5282evb/MAINTAINERS,6,"""THE REST"""
board/freescale/m5282evb/Makefile,6,"""THE REST"""
board/freescale/m5282evb/m5282evb.c,85,"""THE REST"""
board/freescale/m53017evb/Kconfig,15,"""THE REST"""
board/freescale/m53017evb/MAINTAINERS,6,"""THE REST"""
board/freescale/m53017evb/Makefile,6,"""THE REST"""
board/freescale/m53017evb/README,179,"""THE REST"""
board/freescale/m53017evb/m53017evb.c,81,"""THE REST"""
board/freescale/m5329evb/Kconfig,15,"""THE REST"""
board/freescale/m5329evb/MAINTAINERS,7,"""THE REST"""
board/freescale/m5329evb/Makefile,6,"""THE REST"""
board/freescale/m5329evb/m5329evb.c,75,"""THE REST"""
board/freescale/m5329evb/nand.c,70,"""THE REST"""
board/freescale/m5373evb/Kconfig,15,"""THE REST"""
board/freescale/m5373evb/MAINTAINERS,6,"""THE REST"""
board/freescale/m5373evb/Makefile,6,"""THE REST"""
board/freescale/m5373evb/README,325,"""THE REST"""
board/freescale/m5373evb/m5373evb.c,75,"""THE REST"""
board/freescale/m5373evb/nand.c,74,"""THE REST"""
board/freescale/m54418twr/Kconfig,15,"""THE REST"""
board/freescale/m54418twr/MAINTAINERS,11,"""THE REST"""
board/freescale/m54418twr/Makefile,7,"""THE REST"""
board/freescale/m54418twr/m54418twr.c,114,"""THE REST"""
board/freescale/m54418twr/sbf_dram_init.S,85,"""THE REST"""
board/freescale/m54451evb/Kconfig,15,"""THE REST"""
board/freescale/m54451evb/MAINTAINERS,7,"""THE REST"""
board/freescale/m54451evb/Makefile,7,"""THE REST"""
board/freescale/m54451evb/m54451evb.c,95,"""THE REST"""
board/freescale/m54451evb/sbf_dram_init.S,96,"""THE REST"""
board/freescale/m54455evb/Kconfig,15,"""THE REST"""
board/freescale/m54455evb/MAINTAINERS,10,"""THE REST"""
board/freescale/m54455evb/Makefile,7,"""THE REST"""
board/freescale/m54455evb/README,408,"""THE REST"""
board/freescale/m54455evb/m54455evb.c,214,"""THE REST"""
board/freescale/m54455evb/sbf_dram_init.S,100,"""THE REST"""
board/freescale/m547xevb/Kconfig,15,"""THE REST"""
board/freescale/m547xevb/MAINTAINERS,12,"""THE REST"""
board/freescale/m547xevb/Makefile,6,"""THE REST"""
board/freescale/m547xevb/README,271,"""THE REST"""
board/freescale/m547xevb/m547xevb.c,105,"""THE REST"""
board/freescale/m548xevb/Kconfig,15,"""THE REST"""
board/freescale/m548xevb/MAINTAINERS,13,"""THE REST"""
board/freescale/m548xevb/Makefile,6,"""THE REST"""
board/freescale/m548xevb/m548xevb.c,105,"""THE REST"""
board/freescale/mpc8308rdb/Kconfig,12,"""THE REST"""
board/freescale/mpc8308rdb/MAINTAINERS,6,"""THE REST"""
board/freescale/mpc8308rdb/Makefile,8,"""THE REST"""
board/freescale/mpc8308rdb/mpc8308rdb.c,189,"""THE REST"""
board/freescale/mpc8308rdb/sdram.c,82,"""THE REST"""
board/freescale/mpc8313erdb/Kconfig,12,"""THE REST"""
board/freescale/mpc8313erdb/MAINTAINERS,9,"""THE REST"""
board/freescale/mpc8313erdb/Makefile,6,"""THE REST"""
board/freescale/mpc8313erdb/README,111,"""THE REST"""
board/freescale/mpc8313erdb/mpc8313erdb.c,156,"""THE REST"""
board/freescale/mpc8313erdb/sdram.c,125,"""THE REST"""
board/freescale/mpc8315erdb/Kconfig,12,"""THE REST"""
board/freescale/mpc8315erdb/MAINTAINERS,6,"""THE REST"""
board/freescale/mpc8315erdb/Makefile,6,"""THE REST"""
board/freescale/mpc8315erdb/README,105,"""THE REST"""
board/freescale/mpc8315erdb/mpc8315erdb.c,245,"""THE REST"""
board/freescale/mpc8315erdb/sdram.c,112,"""THE REST"""
board/freescale/mpc8323erdb/Kconfig,12,"""THE REST"""
board/freescale/mpc8323erdb/MAINTAINERS,6,"""THE REST"""
board/freescale/mpc8323erdb/Makefile,6,"""THE REST"""
board/freescale/mpc8323erdb/README,71,"""THE REST"""
board/freescale/mpc8323erdb/mpc8323erdb.c,226,"""THE REST"""
board/freescale/mpc832xemds/Kconfig,12,"""THE REST"""
board/freescale/mpc832xemds/MAINTAINERS,10,"""THE REST"""
board/freescale/mpc832xemds/Makefile,7,"""THE REST"""
board/freescale/mpc832xemds/README,128,"""THE REST"""
board/freescale/mpc832xemds/mpc832xemds.c,169,"""THE REST"""
board/freescale/mpc832xemds/pci.c,143,"""THE REST"""
board/freescale/mpc8349emds/Kconfig,12,"""THE REST"""
board/freescale/mpc8349emds/MAINTAINERS,6,"""THE REST"""
board/freescale/mpc8349emds/Makefile,8,"""THE REST"""
board/freescale/mpc8349emds/ddr.c,100,"""THE REST"""
board/freescale/mpc8349emds/mpc8349emds.c,288,"""THE REST"""
board/freescale/mpc8349emds/pci.c,189,"""THE REST"""
board/freescale/mpc8349itx/Kconfig,12,"""THE REST"""
board/freescale/mpc8349itx/MAINTAINERS,8,"""THE REST"""
board/freescale/mpc8349itx/Makefile,6,"""THE REST"""
board/freescale/mpc8349itx/README,186,"""THE REST"""
board/freescale/mpc8349itx/mpc8349itx.c,393,"""THE REST"""
board/freescale/mpc8349itx/pci.c,102,"""THE REST"""
board/freescale/mpc837xemds/Kconfig,12,"""THE REST"""
board/freescale/mpc837xemds/MAINTAINERS,7,"""THE REST"""
board/freescale/mpc837xemds/Makefile,7,"""THE REST"""
board/freescale/mpc837xemds/README,104,"""THE REST"""
board/freescale/mpc837xemds/mpc837xemds.c,349,"""THE REST"""
board/freescale/mpc837xemds/pci.c,146,"""THE REST"""
board/freescale/mpc837xemds/pci.h,6,"""THE REST"""
board/freescale/mpc837xerdb/Kconfig,12,"""THE REST"""
board/freescale/mpc837xerdb/MAINTAINERS,6,"""THE REST"""
board/freescale/mpc837xerdb/Makefile,7,"""THE REST"""
board/freescale/mpc837xerdb/README,97,"""THE REST"""
board/freescale/mpc837xerdb/mpc837xerdb.c,221,"""THE REST"""
board/freescale/mpc837xerdb/pci.c,107,"""THE REST"""
board/freescale/mpc8536ds/Kconfig,12,"""THE REST"""
board/freescale/mpc8536ds/MAINTAINERS,9,"""THE REST"""
board/freescale/mpc8536ds/Makefile,10,"""THE REST"""
board/freescale/mpc8536ds/README,127,"""THE REST"""
board/freescale/mpc8536ds/ddr.c,59,"""THE REST"""
board/freescale/mpc8536ds/law.c,19,"""THE REST"""
board/freescale/mpc8536ds/mpc8536ds.c,289,"""THE REST"""
board/freescale/mpc8536ds/tlb.c,70,"""THE REST"""
board/freescale/mpc8541cds/Kconfig,12,"""THE REST"""
board/freescale/mpc8541cds/MAINTAINERS,7,"""THE REST"""
board/freescale/mpc8541cds/Makefile,10,"""THE REST"""
board/freescale/mpc8541cds/ddr.c,53,"""THE REST"""
board/freescale/mpc8541cds/law.c,41,"""THE REST"""
board/freescale/mpc8541cds/mpc8541cds.c,426,"""THE REST"""
board/freescale/mpc8541cds/tlb.c,95,"""THE REST"""
board/freescale/mpc8544ds/Kconfig,12,"""THE REST"""
board/freescale/mpc8544ds/MAINTAINERS,6,"""THE REST"""
board/freescale/mpc8544ds/Makefile,10,"""THE REST"""
board/freescale/mpc8544ds/README,122,"""THE REST"""
board/freescale/mpc8544ds/ddr.c,56,"""THE REST"""
board/freescale/mpc8544ds/law.c,17,"""THE REST"""
board/freescale/mpc8544ds/mpc8544ds.c,319,"""THE REST"""
board/freescale/mpc8544ds/tlb.c,74,"""THE REST"""
board/freescale/mpc8548cds/Kconfig,12,"""THE REST"""
board/freescale/mpc8548cds/MAINTAINERS,8,"""THE REST"""
board/freescale/mpc8548cds/Makefile,10,"""THE REST"""
board/freescale/mpc8548cds/ddr.c,53,"""THE REST"""
board/freescale/mpc8548cds/law.c,18,"""THE REST"""
board/freescale/mpc8548cds/mpc8548cds.c,357,"""THE REST"""
board/freescale/mpc8548cds/tlb.c,86,"""THE REST"""
board/freescale/mpc8555cds/Kconfig,12,"""THE REST"""
board/freescale/mpc8555cds/MAINTAINERS,7,"""THE REST"""
board/freescale/mpc8555cds/Makefile,10,"""THE REST"""
board/freescale/mpc8555cds/ddr.c,53,"""THE REST"""
board/freescale/mpc8555cds/law.c,41,"""THE REST"""
board/freescale/mpc8555cds/mpc8555cds.c,427,"""THE REST"""
board/freescale/mpc8555cds/tlb.c,95,"""THE REST"""
board/freescale/mpc8568mds/Kconfig,12,"""THE REST"""
board/freescale/mpc8568mds/MAINTAINERS,6,"""THE REST"""
board/freescale/mpc8568mds/Makefile,11,"""THE REST"""
board/freescale/mpc8568mds/bcsr.c,60,"""THE REST"""
board/freescale/mpc8568mds/bcsr.h,92,"""THE REST"""
board/freescale/mpc8568mds/ddr.c,53,"""THE REST"""
board/freescale/mpc8568mds/law.c,40,"""THE REST"""
board/freescale/mpc8568mds/mpc8568mds.c,355,"""THE REST"""
board/freescale/mpc8568mds/tlb.c,83,"""THE REST"""
board/freescale/mpc8569mds/Kconfig,12,"""THE REST"""
board/freescale/mpc8569mds/MAINTAINERS,7,"""THE REST"""
board/freescale/mpc8569mds/Makefile,11,"""THE REST"""
board/freescale/mpc8569mds/README,77,"""THE REST"""
board/freescale/mpc8569mds/bcsr.c,49,"""THE REST"""
board/freescale/mpc8569mds/bcsr.h,71,"""THE REST"""
board/freescale/mpc8569mds/ddr.c,63,"""THE REST"""
board/freescale/mpc8569mds/law.c,40,"""THE REST"""
board/freescale/mpc8569mds/mpc8569mds.c,585,"""THE REST"""
board/freescale/mpc8569mds/tlb.c,94,"""THE REST"""
board/freescale/mpc8572ds/Kconfig,12,"""THE REST"""
board/freescale/mpc8572ds/MAINTAINERS,7,"""THE REST"""
board/freescale/mpc8572ds/Makefile,10,"""THE REST"""
board/freescale/mpc8572ds/README,166,"""THE REST"""
board/freescale/mpc8572ds/ddr.c,166,"""THE REST"""
board/freescale/mpc8572ds/law.c,19,"""THE REST"""
board/freescale/mpc8572ds/mpc8572ds.c,254,"""THE REST"""
board/freescale/mpc8572ds/tlb.c,87,"""THE REST"""
board/freescale/mpc8610hpcd/Kconfig,12,"""THE REST"""
board/freescale/mpc8610hpcd/MAINTAINERS,6,"""THE REST"""
board/freescale/mpc8610hpcd/Makefile,7,"""THE REST"""
board/freescale/mpc8610hpcd/README,73,"""THE REST"""
board/freescale/mpc8610hpcd/ddr.c,56,"""THE REST"""
board/freescale/mpc8610hpcd/law.c,21,"""THE REST"""
board/freescale/mpc8610hpcd/mpc8610hpcd.c,331,"""THE REST"""
board/freescale/mpc8610hpcd/mpc8610hpcd_diu.c,70,"""THE REST"""
board/freescale/mpc8641hpcn/Kconfig,12,"""THE REST"""
board/freescale/mpc8641hpcn/MAINTAINERS,7,"""THE REST"""
board/freescale/mpc8641hpcn/Makefile,8,"""THE REST"""
board/freescale/mpc8641hpcn/README,186,"""THE REST"""
board/freescale/mpc8641hpcn/ddr.c,107,"""THE REST"""
board/freescale/mpc8641hpcn/law.c,43,"""THE REST"""
board/freescale/mpc8641hpcn/mpc8641hpcn.c,243,"""THE REST"""
board/freescale/mx23evk/Kconfig,15,"""ARM FREESCALE IMX"",""THE REST"""
board/freescale/mx23evk/MAINTAINERS,6,"""ARM FREESCALE IMX"",""THE REST"""
board/freescale/mx23evk/Makefile,10,"""ARM FREESCALE IMX"",""THE REST"""
board/freescale/mx23evk/mx23evk.c,77,"""ARM FREESCALE IMX"",""THE REST"""
board/freescale/mx23evk/spl_boot.c,134,"""ARM FREESCALE IMX"",""THE REST"""
board/freescale/mx25pdk/Kconfig,15,"""ARM FREESCALE IMX"",""THE REST"""
board/freescale/mx25pdk/MAINTAINERS,6,"""ARM FREESCALE IMX"",""THE REST"""
board/freescale/mx25pdk/Makefile,7,"""ARM FREESCALE IMX"",""THE REST"""
board/freescale/mx25pdk/imximage.cfg,64,"""ARM FREESCALE IMX"",""THE REST"""
board/freescale/mx25pdk/mx25pdk.c,196,"""ARM FREESCALE IMX"",""THE REST"""
board/freescale/mx28evk/Kconfig,15,"""ARM FREESCALE IMX"",""THE REST"""
board/freescale/mx28evk/MAINTAINERS,9,"""ARM FREESCALE IMX"",""THE REST"""
board/freescale/mx28evk/Makefile,10,"""ARM FREESCALE IMX"",""THE REST"""
board/freescale/mx28evk/README,62,"""ARM FREESCALE IMX"",""THE REST"""
board/freescale/mx28evk/iomux.c,205,"""ARM FREESCALE IMX"",""THE REST"""
board/freescale/mx28evk/mx28evk.c,147,"""ARM FREESCALE IMX"",""THE REST"""
board/freescale/mx31pdk/Kconfig,18,"""ARM FREESCALE IMX"",""THE REST"""
board/freescale/mx31pdk/MAINTAINERS,6,"""ARM FREESCALE IMX"",""THE REST"""
board/freescale/mx31pdk/Makefile,11,"""ARM FREESCALE IMX"",""THE REST"""
board/freescale/mx31pdk/lowlevel_init.S,76,"""ARM FREESCALE IMX"",""THE REST"""
board/freescale/mx31pdk/mx31pdk.c,117,"""ARM FREESCALE IMX"",""THE REST"""
board/freescale/mx35pdk/Kconfig,15,"""ARM FREESCALE IMX"",""THE REST"""
board/freescale/mx35pdk/MAINTAINERS,6,"""ARM FREESCALE IMX"",""THE REST"""
board/freescale/mx35pdk/Makefile,8,"""ARM FREESCALE IMX"",""THE REST"""
board/freescale/mx35pdk/README,114,"""ARM FREESCALE IMX"",""THE REST"""
board/freescale/mx35pdk/lowlevel_init.S,239,"""ARM FREESCALE IMX"",""THE REST"""
board/freescale/mx35pdk/mx35pdk.c,290,"""ARM FREESCALE IMX"",""THE REST"""
board/freescale/mx35pdk/mx35pdk.h,41,"""ARM FREESCALE IMX"",""THE REST"""
board/freescale/mx51evk/Kconfig,15,"""ARM FREESCALE IMX"",""THE REST"""
board/freescale/mx51evk/MAINTAINERS,6,"""ARM FREESCALE IMX"",""THE REST"""
board/freescale/mx51evk/Makefile,8,"""ARM FREESCALE IMX"",""THE REST"""
board/freescale/mx51evk/imximage.cfg,108,"""ARM FREESCALE IMX"",""THE REST"""
board/freescale/mx51evk/mx51evk.c,399,"""ARM FREESCALE IMX"",""THE REST"""
board/freescale/mx51evk/mx51evk_video.c,97,"""ARM FREESCALE IMX"",""THE REST"""
board/freescale/mx53ard/Kconfig,15,"""ARM FREESCALE IMX"",""THE REST"""
board/freescale/mx53ard/MAINTAINERS,6,"""ARM FREESCALE IMX"",""THE REST"""
board/freescale/mx53ard/Makefile,7,"""ARM FREESCALE IMX"",""THE REST"""
board/freescale/mx53ard/imximage_dd3.cfg,82,"""ARM FREESCALE IMX"",""THE REST"""
board/freescale/mx53ard/mx53ard.c,316,"""ARM FREESCALE IMX"",""THE REST"""
board/freescale/mx53evk/Kconfig,15,"""ARM FREESCALE IMX"",""THE REST"""
board/freescale/mx53evk/MAINTAINERS,6,"""ARM FREESCALE IMX"",""THE REST"""
board/freescale/mx53evk/Makefile,7,"""ARM FREESCALE IMX"",""THE REST"""
board/freescale/mx53evk/imximage.cfg,97,"""ARM FREESCALE IMX"",""THE REST"""
board/freescale/mx53evk/mx53evk.c,268,"""ARM FREESCALE IMX"",""THE REST"""
board/freescale/mx53loco/Kconfig,15,"""ARM FREESCALE IMX"",""THE REST"""
board/freescale/mx53loco/MAINTAINERS,6,"""ARM FREESCALE IMX"",""THE REST"""
board/freescale/mx53loco/Makefile,7,"""ARM FREESCALE IMX"",""THE REST"""
board/freescale/mx53loco/imximage.cfg,83,"""ARM FREESCALE IMX"",""THE REST"""
board/freescale/mx53loco/mx53loco.c,364,"""ARM FREESCALE IMX"",""THE REST"""
board/freescale/mx53loco/mx53loco_video.c,113,"""ARM FREESCALE IMX"",""THE REST"""
board/freescale/mx53smd/Kconfig,15,"""ARM FREESCALE IMX"",""THE REST"""
board/freescale/mx53smd/MAINTAINERS,6,"""ARM FREESCALE IMX"",""THE REST"""
board/freescale/mx53smd/Makefile,7,"""ARM FREESCALE IMX"",""THE REST"""
board/freescale/mx53smd/imximage.cfg,82,"""ARM FREESCALE IMX"",""THE REST"""
board/freescale/mx53smd/mx53smd.c,157,"""ARM FREESCALE IMX"",""THE REST"""
board/freescale/mx6memcal/Kconfig,227,"""ARM FREESCALE IMX"",""THE REST"""
board/freescale/mx6memcal/MAINTAINERS,7,"""ARM FREESCALE IMX"",""THE REST"""
board/freescale/mx6memcal/Makefile,11,"""ARM FREESCALE IMX"",""THE REST"""
board/freescale/mx6memcal/README,49,"""ARM FREESCALE IMX"",""THE REST"""
board/freescale/mx6memcal/mx6memcal.c,31,"""ARM FREESCALE IMX"",""THE REST"""
board/freescale/mx6memcal/spl.c,455,"""ARM FREESCALE IMX"",""THE REST"""
board/freescale/mx6qarm2/Kconfig,12,"""ARM FREESCALE IMX"",""THE REST"""
board/freescale/mx6qarm2/MAINTAINERS,10,"""ARM FREESCALE IMX"",""THE REST"""
board/freescale/mx6qarm2/Makefile,7,"""ARM FREESCALE IMX"",""THE REST"""
board/freescale/mx6qarm2/imximage.cfg,337,"""ARM FREESCALE IMX"",""THE REST"""
board/freescale/mx6qarm2/imximage_mx6dl.cfg,461,"""ARM FREESCALE IMX"",""THE REST"""
board/freescale/mx6qarm2/mx6qarm2.c,287,"""ARM FREESCALE IMX"",""THE REST"""
board/freescale/mx6sabreauto/Kconfig,12,"""ARM FREESCALE IMX"",""THE REST"""
board/freescale/mx6sabreauto/MAINTAINERS,7,"""ARM FREESCALE IMX"",""THE REST"""
board/freescale/mx6sabreauto/Makefile,7,"""ARM FREESCALE IMX"",""THE REST"""
board/freescale/mx6sabreauto/README,82,"""ARM FREESCALE IMX"",""THE REST"""
board/freescale/mx6sabreauto/mx6sabreauto.c,1099,"""ARM FREESCALE IMX"",""THE REST"""
board/freescale/mx6sabresd/Kconfig,12,"""ARM FREESCALE IMX"",""THE REST"""
board/freescale/mx6sabresd/MAINTAINERS,6,"""ARM FREESCALE IMX"",""THE REST"""
board/freescale/mx6sabresd/Makefile,7,"""ARM FREESCALE IMX"",""THE REST"""
board/freescale/mx6sabresd/README,114,"""ARM FREESCALE IMX"",""THE REST"""
board/freescale/mx6sabresd/mx6sabresd.c,1064,"""ARM FREESCALE IMX"",""THE REST"""
board/freescale/mx6slevk/Kconfig,12,"""ARM FREESCALE IMX"",""THE REST"""
board/freescale/mx6slevk/MAINTAINERS,9,"""ARM FREESCALE IMX"",""THE REST"""
board/freescale/mx6slevk/Makefile,4,"""ARM FREESCALE IMX"",""THE REST"""
board/freescale/mx6slevk/imximage.cfg,123,"""ARM FREESCALE IMX"",""THE REST"""
board/freescale/mx6slevk/mx6slevk.c,446,"""ARM FREESCALE IMX"",""THE REST"""
board/freescale/mx6sllevk/Kconfig,12,"""ARM FREESCALE IMX"",""THE REST"""
board/freescale/mx6sllevk/MAINTAINERS,7,"""ARM FREESCALE IMX"",""THE REST"""
board/freescale/mx6sllevk/Makefile,4,"""ARM FREESCALE IMX"",""THE REST"""
board/freescale/mx6sllevk/imximage.cfg,126,"""ARM FREESCALE IMX"",""THE REST"""
board/freescale/mx6sllevk/mx6sllevk.c,130,"""ARM FREESCALE IMX"",""THE REST"""
board/freescale/mx6sllevk/plugin.S,154,"""ARM FREESCALE IMX"",""THE REST"""
board/freescale/mx6sxsabreauto/Kconfig,12,"""ARM FREESCALE IMX"",""THE REST"""
board/freescale/mx6sxsabreauto/MAINTAINERS,6,"""ARM FREESCALE IMX"",""THE REST"""
board/freescale/mx6sxsabreauto/Makefile,4,"""ARM FREESCALE IMX"",""THE REST"""
board/freescale/mx6sxsabreauto/imximage.cfg,135,"""ARM FREESCALE IMX"",""THE REST"""
board/freescale/mx6sxsabreauto/mx6sxsabreauto.c,337,"""ARM FREESCALE IMX"",""THE REST"""
board/freescale/mx6sxsabresd/Kconfig,12,"""ARM FREESCALE IMX"",""THE REST"""
board/freescale/mx6sxsabresd/MAINTAINERS,7,"""ARM FREESCALE IMX"",""THE REST"""
board/freescale/mx6sxsabresd/Makefile,4,"""ARM FREESCALE IMX"",""THE REST"""
board/freescale/mx6sxsabresd/imximage.cfg,131,"""ARM FREESCALE IMX"",""THE REST"""
board/freescale/mx6sxsabresd/mx6sxsabresd.c,557,"""ARM FREESCALE IMX"",""THE REST"""
board/freescale/mx6ul_14x14_evk/Kconfig,12,"""ARM FREESCALE IMX"",""THE REST"""
board/freescale/mx6ul_14x14_evk/MAINTAINERS,7,"""ARM FREESCALE IMX"",""THE REST"""
board/freescale/mx6ul_14x14_evk/Makefile,4,"""ARM FREESCALE IMX"",""THE REST"""
board/freescale/mx6ul_14x14_evk/README,32,"""ARM FREESCALE IMX"",""THE REST"""
board/freescale/mx6ul_14x14_evk/mx6ul_14x14_evk.c,745,"""ARM FREESCALE IMX"",""THE REST"""
board/freescale/mx6ullevk/Kconfig,12,"""ARM FREESCALE IMX"",""THE REST"""
board/freescale/mx6ullevk/MAINTAINERS,7,"""ARM FREESCALE IMX"",""THE REST"""
board/freescale/mx6ullevk/Makefile,4,"""ARM FREESCALE IMX"",""THE REST"""
board/freescale/mx6ullevk/README,36,"""ARM FREESCALE IMX"",""THE REST"""
board/freescale/mx6ullevk/imximage.cfg,115,"""ARM FREESCALE IMX"",""THE REST"""
board/freescale/mx6ullevk/mx6ullevk.c,98,"""ARM FREESCALE IMX"",""THE REST"""
board/freescale/mx6ullevk/plugin.S,138,"""ARM FREESCALE IMX"",""THE REST"""
board/freescale/mx7dsabresd/Kconfig,12,"""ARM FREESCALE IMX"",""THE REST"""
board/freescale/mx7dsabresd/MAINTAINERS,7,"""ARM FREESCALE IMX"",""THE REST"""
board/freescale/mx7dsabresd/Makefile,4,"""ARM FREESCALE IMX"",""THE REST"""
board/freescale/mx7dsabresd/imximage.cfg,100,"""ARM FREESCALE IMX"",""THE REST"""
board/freescale/mx7dsabresd/mx7dsabresd.c,379,"""ARM FREESCALE IMX"",""THE REST"""
board/freescale/mx7ulp_evk/Kconfig,12,"""ARM FREESCALE IMX"",""THE REST"""
board/freescale/mx7ulp_evk/MAINTAINERS,7,"""ARM FREESCALE IMX"",""THE REST"""
board/freescale/mx7ulp_evk/Makefile,8,"""ARM FREESCALE IMX"",""THE REST"""
board/freescale/mx7ulp_evk/imximage.cfg,136,"""ARM FREESCALE IMX"",""THE REST"""
board/freescale/mx7ulp_evk/mx7ulp_evk.c,47,"""ARM FREESCALE IMX"",""THE REST"""
board/freescale/mx7ulp_evk/plugin.S,223,"""ARM FREESCALE IMX"",""THE REST"""
board/freescale/p1010rdb/Kconfig,14,"""THE REST"""
board/freescale/p1010rdb/MAINTAINERS,33,"""THE REST"""
board/freescale/p1010rdb/Makefile,24,"""THE REST"""
board/freescale/p1010rdb/README.P1010RDB-PA,208,"""THE REST"""
board/freescale/p1010rdb/README.P1010RDB-PB,188,"""THE REST"""
board/freescale/p1010rdb/ddr.c,234,"""THE REST"""
board/freescale/p1010rdb/law.c,16,"""THE REST"""
board/freescale/p1010rdb/p1010rdb.c,572,"""THE REST"""
board/freescale/p1010rdb/spl.c,111,"""THE REST"""
board/freescale/p1010rdb/spl_minimal.c,64,"""THE REST"""
board/freescale/p1010rdb/tlb.c,90,"""THE REST"""
board/freescale/p1022ds/Kconfig,12,"""THE REST"""
board/freescale/p1022ds/MAINTAINERS,13,"""THE REST"""
board/freescale/p1022ds/Makefile,25,"""THE REST"""
board/freescale/p1022ds/README,23,"""THE REST"""
board/freescale/p1022ds/ddr.c,106,"""THE REST"""
board/freescale/p1022ds/diu.c,476,"""THE REST"""
board/freescale/p1022ds/law.c,18,"""THE REST"""
board/freescale/p1022ds/p1022ds.c,359,"""THE REST"""
board/freescale/p1022ds/spl.c,128,"""THE REST"""
board/freescale/p1022ds/spl_minimal.c,70,"""THE REST"""
board/freescale/p1022ds/tlb.c,101,"""THE REST"""
board/freescale/p1023rdb/Kconfig,12,"""THE REST"""
board/freescale/p1023rdb/MAINTAINERS,6,"""THE REST"""
board/freescale/p1023rdb/Makefile,8,"""THE REST"""
board/freescale/p1023rdb/ddr.c,85,"""THE REST"""
board/freescale/p1023rdb/law.c,17,"""THE REST"""
board/freescale/p1023rdb/p1023rdb.c,153,"""THE REST"""
board/freescale/p1023rdb/tlb.c,98,"""THE REST"""
board/freescale/p1_p2_rdb_pc/Kconfig,19,"""THE REST"""
board/freescale/p1_p2_rdb_pc/MAINTAINERS,51,"""THE REST"""
board/freescale/p1_p2_rdb_pc/Makefile,24,"""THE REST"""
board/freescale/p1_p2_rdb_pc/README,47,"""THE REST"""
board/freescale/p1_p2_rdb_pc/ddr.c,291,"""THE REST"""
board/freescale/p1_p2_rdb_pc/law.c,22,"""THE REST"""
board/freescale/p1_p2_rdb_pc/p1_p2_rdb_pc.c,506,"""THE REST"""
board/freescale/p1_p2_rdb_pc/spl.c,120,"""THE REST"""
board/freescale/p1_p2_rdb_pc/spl_minimal.c,62,"""THE REST"""
board/freescale/p1_p2_rdb_pc/tlb.c,110,"""THE REST"""
board/freescale/p1_twr/Kconfig,12,"""THE REST"""
board/freescale/p1_twr/MAINTAINERS,6,"""THE REST"""
board/freescale/p1_twr/Makefile,9,"""THE REST"""
board/freescale/p1_twr/ddr.c,68,"""THE REST"""
board/freescale/p1_twr/law.c,15,"""THE REST"""
board/freescale/p1_twr/p1_twr.c,288,"""THE REST"""
board/freescale/p1_twr/tlb.c,75,"""THE REST"""
board/freescale/p2041rdb/Kconfig,14,"""THE REST"""
board/freescale/p2041rdb/MAINTAINERS,11,"""THE REST"""
board/freescale/p2041rdb/Makefile,10,"""THE REST"""
board/freescale/p2041rdb/README,123,"""THE REST"""
board/freescale/p2041rdb/cpld.c,157,"""THE REST"""
board/freescale/p2041rdb/cpld.h,54,"""THE REST"""
board/freescale/p2041rdb/ddr.c,141,"""THE REST"""
board/freescale/p2041rdb/eth.c,200,"""THE REST"""
board/freescale/p2041rdb/p2041rdb.c,240,"""THE REST"""
board/freescale/qemu-ppce500/Kconfig,12,"""THE REST"""
board/freescale/qemu-ppce500/MAINTAINERS,6,"""THE REST"""
board/freescale/qemu-ppce500/Makefile,7,"""THE REST"""
board/freescale/qemu-ppce500/qemu-ppce500.c,375,"""THE REST"""
board/freescale/s32v234evb/Kconfig,23,"""THE REST"""
board/freescale/s32v234evb/MAINTAINERS,8,"""THE REST"""
board/freescale/s32v234evb/Makefile,9,"""THE REST"""
board/freescale/s32v234evb/clock.c,343,"""THE REST"""
board/freescale/s32v234evb/lpddr2.c,136,"""THE REST"""
board/freescale/s32v234evb/s32v234evb.c,182,"""THE REST"""
board/freescale/s32v234evb/s32v234evb.cfg,28,"""THE REST"""
board/freescale/t102xqds/Kconfig,14,"""THE REST"""
board/freescale/t102xqds/MAINTAINERS,12,"""THE REST"""
board/freescale/t102xqds/Makefile,15,"""THE REST"""
board/freescale/t102xqds/README,328,"""THE REST"""
board/freescale/t102xqds/ddr.c,192,"""THE REST"""
board/freescale/t102xqds/eth_t102xqds.c,442,"""THE REST"""
board/freescale/t102xqds/law.c,31,"""THE REST"""
board/freescale/t102xqds/pci.c,22,"""THE REST"""
board/freescale/t102xqds/spl.c,154,"""THE REST"""
board/freescale/t102xqds/t1024_nand_rcw.cfg,10,"""THE REST"""
board/freescale/t102xqds/t1024_pbi.cfg,26,"""THE REST"""
board/freescale/t102xqds/t1024_sd_rcw.cfg,10,"""THE REST"""
board/freescale/t102xqds/t1024_spi_rcw.cfg,10,"""THE REST"""
board/freescale/t102xqds/t102xqds.c,401,"""THE REST"""
board/freescale/t102xqds/t102xqds.h,13,"""THE REST"""
board/freescale/t102xqds/t102xqds_qixis.h,63,"""THE REST"""
board/freescale/t102xqds/tlb.c,116,"""THE REST"""
board/freescale/t102xrdb/Kconfig,14,"""THE REST"""
board/freescale/t102xrdb/MAINTAINERS,15,"""THE REST"""
board/freescale/t102xrdb/Makefile,17,"""THE REST"""
board/freescale/t102xrdb/README,321,"""THE REST"""
board/freescale/t102xrdb/cpld.c,102,"""THE REST"""
board/freescale/t102xrdb/cpld.h,48,"""THE REST"""
board/freescale/t102xrdb/ddr.c,254,"""THE REST"""
board/freescale/t102xrdb/eth_t102xrdb.c,144,"""THE REST"""
board/freescale/t102xrdb/law.c,31,"""THE REST"""
board/freescale/t102xrdb/pci.c,22,"""THE REST"""
board/freescale/t102xrdb/spl.c,141,"""THE REST"""
board/freescale/t102xrdb/t1023_nand_rcw.cfg,8,"""THE REST"""
board/freescale/t102xrdb/t1023_sd_rcw.cfg,8,"""THE REST"""
board/freescale/t102xrdb/t1023_spi_rcw.cfg,8,"""THE REST"""
board/freescale/t102xrdb/t1024_nand_rcw.cfg,8,"""THE REST"""
board/freescale/t102xrdb/t1024_pbi.cfg,26,"""THE REST"""
board/freescale/t102xrdb/t1024_sd_rcw.cfg,8,"""THE REST"""
board/freescale/t102xrdb/t1024_spi_rcw.cfg,8,"""THE REST"""
board/freescale/t102xrdb/t102xrdb.c,327,"""THE REST"""
board/freescale/t102xrdb/t102xrdb.h,15,"""THE REST"""
board/freescale/t102xrdb/tlb.c,116,"""THE REST"""
board/freescale/t1040qds/Kconfig,14,"""THE REST"""
board/freescale/t1040qds/MAINTAINERS,12,"""THE REST"""
board/freescale/t1040qds/Makefile,11,"""THE REST"""
board/freescale/t1040qds/README,169,"""THE REST"""
board/freescale/t1040qds/ddr.c,139,"""THE REST"""
board/freescale/t1040qds/ddr.h,52,"""THE REST"""
board/freescale/t1040qds/diu.c,96,"""THE REST"""
board/freescale/t1040qds/eth.c,590,"""THE REST"""
board/freescale/t1040qds/law.c,31,"""THE REST"""
board/freescale/t1040qds/pci.c,22,"""THE REST"""
board/freescale/t1040qds/t1040_pbi.cfg,27,"""THE REST"""
board/freescale/t1040qds/t1040_rcw.cfg,7,"""THE REST"""
board/freescale/t1040qds/t1040qds.c,287,"""THE REST"""
board/freescale/t1040qds/t1040qds.h,13,"""THE REST"""
board/freescale/t1040qds/t1040qds_qixis.h,51,"""THE REST"""
board/freescale/t1040qds/tlb.c,107,"""THE REST"""
board/freescale/t104xrdb/Kconfig,16,"""THE REST"""
board/freescale/t104xrdb/MAINTAINERS,38,"""THE REST"""
board/freescale/t104xrdb/Makefile,16,"""THE REST"""
board/freescale/t104xrdb/README,367,"""THE REST"""
board/freescale/t104xrdb/cpld.c,115,"""THE REST"""
board/freescale/t104xrdb/cpld.h,46,"""THE REST"""
board/freescale/t104xrdb/ddr.c,142,"""THE REST"""
board/freescale/t104xrdb/ddr.h,55,"""THE REST"""
board/freescale/t104xrdb/diu.c,83,"""THE REST"""
board/freescale/t104xrdb/eth.c,153,"""THE REST"""
board/freescale/t104xrdb/law.c,31,"""THE REST"""
board/freescale/t104xrdb/pci.c,22,"""THE REST"""
board/freescale/t104xrdb/spl.c,137,"""THE REST"""
board/freescale/t104xrdb/t1040_nand_rcw.cfg,7,"""THE REST"""
board/freescale/t104xrdb/t1040_sd_rcw.cfg,7,"""THE REST"""
board/freescale/t104xrdb/t1040_spi_rcw.cfg,7,"""THE REST"""
board/freescale/t104xrdb/t1040d4_nand_rcw.cfg,7,"""THE REST"""
board/freescale/t104xrdb/t1040d4_sd_rcw.cfg,7,"""THE REST"""
board/freescale/t104xrdb/t1040d4_spi_rcw.cfg,7,"""THE REST"""
board/freescale/t104xrdb/t1042_nand_rcw.cfg,7,"""THE REST"""
board/freescale/t104xrdb/t1042_pi_nand_rcw.cfg,7,"""THE REST"""
board/freescale/t104xrdb/t1042_pi_sd_rcw.cfg,7,"""THE REST"""
board/freescale/t104xrdb/t1042_pi_spi_rcw.cfg,7,"""THE REST"""
board/freescale/t104xrdb/t1042_sd_rcw.cfg,7,"""THE REST"""
board/freescale/t104xrdb/t1042_spi_rcw.cfg,7,"""THE REST"""
board/freescale/t104xrdb/t1042d4_nand_rcw.cfg,7,"""THE REST"""
board/freescale/t104xrdb/t1042d4_sd_rcw.cfg,7,"""THE REST"""
board/freescale/t104xrdb/t1042d4_spi_rcw.cfg,7,"""THE REST"""
board/freescale/t104xrdb/t104x_pbi.cfg,36,"""THE REST"""
board/freescale/t104xrdb/t104x_pbi_sb.cfg,38,"""THE REST"""
board/freescale/t104xrdb/t104xrdb.c,156,"""THE REST"""
board/freescale/t104xrdb/t104xrdb.h,12,"""THE REST"""
board/freescale/t104xrdb/tlb.c,131,"""THE REST"""
board/freescale/t208xqds/Kconfig,14,"""THE REST"""
board/freescale/t208xqds/MAINTAINERS,20,"""THE REST"""
board/freescale/t208xqds/Makefile,17,"""THE REST"""
board/freescale/t208xqds/README,293,"""THE REST"""
board/freescale/t208xqds/ddr.c,123,"""THE REST"""
board/freescale/t208xqds/ddr.h,70,"""THE REST"""
board/freescale/t208xqds/eth_t208xqds.c,811,"""THE REST"""
board/freescale/t208xqds/law.c,33,"""THE REST"""
board/freescale/t208xqds/pci.c,22,"""THE REST"""
board/freescale/t208xqds/spl.c,140,"""THE REST"""
board/freescale/t208xqds/t2080_nand_rcw.cfg,16,"""THE REST"""
board/freescale/t208xqds/t2080_sd_rcw.cfg,16,"""THE REST"""
board/freescale/t208xqds/t2080_spi_rcw.cfg,16,"""THE REST"""
board/freescale/t208xqds/t2081_nand_rcw.cfg,8,"""THE REST"""
board/freescale/t208xqds/t2081_sd_rcw.cfg,8,"""THE REST"""
board/freescale/t208xqds/t2081_spi_rcw.cfg,8,"""THE REST"""
board/freescale/t208xqds/t208x_pbi.cfg,40,"""THE REST"""
board/freescale/t208xqds/t208xqds.c,471,"""THE REST"""
board/freescale/t208xqds/t208xqds.h,12,"""THE REST"""
board/freescale/t208xqds/t208xqds_qixis.h,48,"""THE REST"""
board/freescale/t208xqds/tlb.c,152,"""THE REST"""
board/freescale/t208xrdb/Kconfig,14,"""THE REST"""
board/freescale/t208xrdb/MAINTAINERS,15,"""THE REST"""
board/freescale/t208xrdb/Makefile,16,"""THE REST"""
board/freescale/t208xrdb/README,264,"""THE REST"""
board/freescale/t208xrdb/cpld.c,70,"""THE REST"""
board/freescale/t208xrdb/cpld.h,44,"""THE REST"""
board/freescale/t208xrdb/ddr.c,116,"""THE REST"""
board/freescale/t208xrdb/ddr.h,46,"""THE REST"""
board/freescale/t208xrdb/eth_t208xrdb.c,105,"""THE REST"""
board/freescale/t208xrdb/law.c,33,"""THE REST"""
board/freescale/t208xrdb/pci.c,22,"""THE REST"""
board/freescale/t208xrdb/spl.c,110,"""THE REST"""
board/freescale/t208xrdb/t2080_nand_rcw.cfg,19,"""THE REST"""
board/freescale/t208xrdb/t2080_pbi.cfg,40,"""THE REST"""
board/freescale/t208xrdb/t2080_sd_rcw.cfg,19,"""THE REST"""
board/freescale/t208xrdb/t2080_spi_rcw.cfg,19,"""THE REST"""
board/freescale/t208xrdb/t208xrdb.c,138,"""THE REST"""
board/freescale/t208xrdb/t208xrdb.h,12,"""THE REST"""
board/freescale/t208xrdb/tlb.c,152,"""THE REST"""
board/freescale/t4qds/Kconfig,14,"""THE REST"""
board/freescale/t4qds/MAINTAINERS,18,"""THE REST"""
board/freescale/t4qds/Makefile,15,"""THE REST"""
board/freescale/t4qds/README,194,"""THE REST"""
board/freescale/t4qds/ddr.c,132,"""THE REST"""
board/freescale/t4qds/ddr.h,81,"""THE REST"""
board/freescale/t4qds/eth.c,865,"""THE REST"""
board/freescale/t4qds/law.c,33,"""THE REST"""
board/freescale/t4qds/pci.c,22,"""THE REST"""
board/freescale/t4qds/spl.c,143,"""THE REST"""
board/freescale/t4qds/t4240emu.c,81,"""THE REST"""
board/freescale/t4qds/t4240qds.c,887,"""THE REST"""
board/freescale/t4qds/t4240qds_qixis.h,42,"""THE REST"""
board/freescale/t4qds/t4_nand_rcw.cfg,7,"""THE REST"""
board/freescale/t4qds/t4_pbi.cfg,21,"""THE REST"""
board/freescale/t4qds/t4_sd_rcw.cfg,7,"""THE REST"""
board/freescale/t4qds/t4qds.h,12,"""THE REST"""
board/freescale/t4qds/tlb.c,146,"""THE REST"""
board/freescale/t4rdb/Kconfig,14,"""THE REST"""
board/freescale/t4rdb/MAINTAINERS,8,"""THE REST"""
board/freescale/t4rdb/Makefile,19,"""THE REST"""
board/freescale/t4rdb/cpld.c,129,"""THE REST"""
board/freescale/t4rdb/cpld.h,48,"""THE REST"""
board/freescale/t4rdb/ddr.c,125,"""THE REST"""
board/freescale/t4rdb/ddr.h,77,"""THE REST"""
board/freescale/t4rdb/eth.c,150,"""THE REST"""
board/freescale/t4rdb/law.c,30,"""THE REST"""
board/freescale/t4rdb/pci.c,22,"""THE REST"""
board/freescale/t4rdb/spl.c,97,"""THE REST"""
board/freescale/t4rdb/t4240rdb.c,146,"""THE REST"""
board/freescale/t4rdb/t4_pbi.cfg,27,"""THE REST"""
board/freescale/t4rdb/t4_sd_rcw.cfg,7,"""THE REST"""
board/freescale/t4rdb/t4rdb.h,17,"""THE REST"""
board/freescale/t4rdb/tlb.c,123,"""THE REST"""
board/freescale/vf610twr/Kconfig,12,"""THE REST"""
board/freescale/vf610twr/MAINTAINERS,7,"""THE REST"""
board/freescale/vf610twr/Makefile,5,"""THE REST"""
board/freescale/vf610twr/imximage.cfg,16,"""THE REST"""
board/freescale/vf610twr/vf610twr.c,386,"""THE REST"""
board/gardena/smart-gateway-mt7688/Kconfig,12,"""THE REST"""
board/gardena/smart-gateway-mt7688/MAINTAINERS,8,"""THE REST"""
board/gardena/smart-gateway-mt7688/Makefile,3,"""THE REST"""
board/gardena/smart-gateway-mt7688/board.c,298,"""THE REST"""
board/gateworks/gw_ventana/Kconfig,25,"""THE REST"""
board/gateworks/gw_ventana/MAINTAINERS,8,"""THE REST"""
board/gateworks/gw_ventana/Makefile,11,"""THE REST"""
board/gateworks/gw_ventana/README,320,"""THE REST"""
board/gateworks/gw_ventana/common.c,1422,"""THE REST"""
board/gateworks/gw_ventana/common.h,98,"""THE REST"""
board/gateworks/gw_ventana/eeprom.c,238,"""THE REST"""
board/gateworks/gw_ventana/gsc.c,274,"""THE REST"""
board/gateworks/gw_ventana/gsc.h,70,"""THE REST"""
board/gateworks/gw_ventana/gw_ventana.c,1351,"""THE REST"""
board/gateworks/gw_ventana/gw_ventana_spl.c,691,"""THE REST"""
board/gateworks/gw_ventana/ventana_eeprom.h,133,"""THE REST"""
board/gdsys/a38x/MAINTAINERS,7,"""THE REST"""
board/gdsys/a38x/Makefile,11,"""THE REST"""
board/gdsys/a38x/controlcenterdc.c,300,"""THE REST"""
board/gdsys/a38x/dt_helpers.c,42,"""THE REST"""
board/gdsys/a38x/dt_helpers.h,15,"""THE REST"""
board/gdsys/a38x/hre.c,527,"""THE REST"""
board/gdsys/a38x/hre.h,37,"""THE REST"""
board/gdsys/a38x/hydra.c,138,"""THE REST"""
board/gdsys/a38x/hydra.h,14,"""THE REST"""
board/gdsys/a38x/ihs_phys.c,355,"""THE REST"""
board/gdsys/a38x/ihs_phys.h,2,"""THE REST"""
board/gdsys/a38x/keyprogram.c,159,"""THE REST"""
board/gdsys/a38x/keyprogram.h,13,"""THE REST"""
board/gdsys/a38x/spl.c,20,"""THE REST"""
board/gdsys/common/Makefile,21,"""THE REST"""
board/gdsys/common/adv7611.c,176,"""THE REST"""
board/gdsys/common/adv7611.h,12,"""THE REST"""
board/gdsys/common/ch7301.c,63,"""THE REST"""
board/gdsys/common/ch7301.h,12,"""THE REST"""
board/gdsys/common/cmd_ioloop.c,295,"""THE REST"""
board/gdsys/common/dp501.c,157,"""THE REST"""
board/gdsys/common/dp501.h,31,"""THE REST"""
board/gdsys/common/fanctrl.c,31,"""THE REST"""
board/gdsys/common/fanctrl.h,12,"""THE REST"""
board/gdsys/common/fpga.c,24,"""THE REST"""
board/gdsys/common/ihs_mdio.c,162,"""THE REST"""
board/gdsys/common/ihs_mdio.h,22,"""THE REST"""
board/gdsys/common/ioep-fpga.c,236,"""THE REST"""
board/gdsys/common/ioep-fpga.h,13,"""THE REST"""
board/gdsys/common/mclink.c,136,"""THE REST"""
board/gdsys/common/mclink.h,14,"""THE REST"""
board/gdsys/common/miiphybb.c,127,"""THE REST"""
board/gdsys/common/osd.c,499,"""THE REST"""
board/gdsys/common/osd.h,13,"""THE REST"""
board/gdsys/common/osd_cmd.c,146,"""THE REST"""
board/gdsys/common/phy.c,279,"""THE REST"""
board/gdsys/common/phy.h,13,"""THE REST"""
board/gdsys/mpc8308/Kconfig,41,"""THE REST"""
board/gdsys/mpc8308/MAINTAINERS,12,"""THE REST"""
board/gdsys/mpc8308/Makefile,8,"""THE REST"""
board/gdsys/mpc8308/hrcon.c,498,"""THE REST"""
board/gdsys/mpc8308/mpc8308.c,99,"""THE REST"""
board/gdsys/mpc8308/mpc8308.h,10,"""THE REST"""
board/gdsys/mpc8308/sdram.c,83,"""THE REST"""
board/gdsys/mpc8308/strider.c,553,"""THE REST"""
board/gdsys/p1022/Kconfig,12,"""THE REST"""
board/gdsys/p1022/MAINTAINERS,9,"""THE REST"""
board/gdsys/p1022/Makefile,10,"""THE REST"""
board/gdsys/p1022/controlcenterd-id.c,1237,"""THE REST"""
board/gdsys/p1022/controlcenterd-id.h,15,"""THE REST"""
board/gdsys/p1022/controlcenterd.c,426,"""THE REST"""
board/gdsys/p1022/ddr.c,67,"""THE REST"""
board/gdsys/p1022/diu.c,83,"""THE REST"""
board/gdsys/p1022/law.c,16,"""THE REST"""
board/gdsys/p1022/sdhc_boot.c,63,"""THE REST"""
board/gdsys/p1022/tlb.c,73,"""THE REST"""
board/ge/bx50v3/Kconfig,18,"""THE REST"""
board/ge/bx50v3/MAINTAINERS,9,"""THE REST"""
board/ge/bx50v3/Makefile,6,"""THE REST"""
board/ge/bx50v3/bx50v3.c,882,"""THE REST"""
board/ge/bx50v3/bx50v3.cfg,150,"""THE REST"""
board/ge/common/Makefile,5,"""THE REST"""
board/ge/common/ge_common.c,54,"""THE REST"""
board/ge/common/ge_common.h,6,"""THE REST"""
board/ge/common/vpd_reader.c,196,"""THE REST"""
board/ge/common/vpd_reader.h,16,"""THE REST"""
board/ge/mx53ppd/Kconfig,16,"""THE REST"""
board/ge/mx53ppd/MAINTAINERS,7,"""THE REST"""
board/ge/mx53ppd/Makefile,10,"""THE REST"""
board/ge/mx53ppd/imximage.cfg,86,"""THE REST"""
board/ge/mx53ppd/mx53ppd.c,412,"""THE REST"""
board/ge/mx53ppd/mx53ppd_video.c,134,"""THE REST"""
board/ge/mx53ppd/ppd_gpio.h,95,"""THE REST"""
board/geekbuying/geekbox/Kconfig,15,"""THE REST"""
board/geekbuying/geekbox/MAINTAINERS,6,"""THE REST"""
board/geekbuying/geekbox/Makefile,5,"""THE REST"""
board/geekbuying/geekbox/README,1,"""THE REST"""
board/geekbuying/geekbox/geekbox.c,11,"""THE REST"""
board/google/Kconfig,61,"""THE REST"""
board/google/chromebook_link/Kconfig,42,"""THE REST"""
board/google/chromebook_link/MAINTAINERS,13,"""THE REST"""
board/google/chromebook_link/Makefile,13,"""THE REST"""
board/google/chromebook_link/link.c,6,"""THE REST"""
board/google/chromebook_samus/Kconfig,41,"""THE REST"""
board/google/chromebook_samus/MAINTAINERS,6,"""THE REST"""
board/google/chromebook_samus/Makefile,5,"""THE REST"""
board/google/chromebook_samus/samus.c,6,"""THE REST"""
board/google/chromebox_panther/Kconfig,35,"""THE REST"""
board/google/chromebox_panther/MAINTAINERS,6,"""THE REST"""
board/google/chromebox_panther/Makefile,5,"""THE REST"""
board/google/chromebox_panther/panther.c,6,"""THE REST"""
board/google/common/Makefile,5,"""THE REST"""
board/google/common/early_init.S,28,"""THE REST"""
board/google/veyron/Kconfig,47,"""THE REST"""
board/google/veyron/MAINTAINERS,20,"""THE REST"""
board/google/veyron/Makefile,7,"""THE REST"""
board/google/veyron/veyron.c,12,"""THE REST"""
board/grinn/chiliboard/Kconfig,15,"""THE REST"""
board/grinn/chiliboard/MAINTAINERS,8,"""THE REST"""
board/grinn/chiliboard/Makefile,4,"""THE REST"""
board/grinn/chiliboard/README,31,"""THE REST"""
board/grinn/chiliboard/board.c,144,"""THE REST"""
board/grinn/liteboard/Kconfig,12,"""THE REST"""
board/grinn/liteboard/MAINTAINERS,6,"""THE REST"""
board/grinn/liteboard/Makefile,4,"""THE REST"""
board/grinn/liteboard/README,31,"""THE REST"""
board/grinn/liteboard/board.c,286,"""THE REST"""
board/gumstix/duovero/Kconfig,12,"""THE REST"""
board/gumstix/duovero/MAINTAINERS,6,"""THE REST"""
board/gumstix/duovero/Makefile,6,"""THE REST"""
board/gumstix/duovero/duovero.c,270,"""THE REST"""
board/gumstix/duovero/duovero_mux_data.h,198,"""THE REST"""
board/gumstix/pepper/Kconfig,15,"""THE REST"""
board/gumstix/pepper/MAINTAINERS,6,"""THE REST"""
board/gumstix/pepper/Makefile,11,"""THE REST"""
board/gumstix/pepper/board.c,285,"""THE REST"""
board/gumstix/pepper/board.h,31,"""THE REST"""
board/gumstix/pepper/mux.c,82,"""THE REST"""
board/h2200/Kconfig,9,"""THE REST"""
board/h2200/MAINTAINERS,6,"""THE REST"""
board/h2200/Makefile,12,"""THE REST"""
board/h2200/h2200-header.S,14,"""THE REST"""
board/h2200/h2200.c,73,"""THE REST"""
board/highbank/MAINTAINERS,6,"""THE REST"""
board/highbank/Makefile,6,"""THE REST"""
board/highbank/ahci.c,206,"""THE REST"""
board/highbank/highbank.c,143,"""THE REST"""
board/hisilicon/hikey/Kconfig,15,"""THE REST"""
board/hisilicon/hikey/MAINTAINERS,6,"""THE REST"""
board/hisilicon/hikey/Makefile,6,"""THE REST"""
board/hisilicon/hikey/README,227,"""THE REST"""
board/hisilicon/hikey/build-tf.mak,42,"""THE REST"""
board/hisilicon/hikey/hikey.c,487,"""THE REST"""
board/hisilicon/poplar/Kconfig,15,"""THE REST"""
board/hisilicon/poplar/MAINTAINERS,7,"""THE REST"""
board/hisilicon/poplar/Makefile,5,"""THE REST"""
board/hisilicon/poplar/README,288,"""THE REST"""
board/hisilicon/poplar/poplar.c,175,"""THE REST"""
board/htkw/mcx/Kconfig,12,"""THE REST"""
board/htkw/mcx/MAINTAINERS,6,"""THE REST"""
board/htkw/mcx/Makefile,7,"""THE REST"""
board/htkw/mcx/mcx.c,141,"""THE REST"""
board/htkw/mcx/mcx.h,400,"""THE REST"""
board/huawei/hg556a/Kconfig,12,"""THE REST"""
board/huawei/hg556a/MAINTAINERS,6,"""THE REST"""
board/huawei/hg556a/Makefile,3,"""THE REST"""
board/huawei/hg556a/hg556a.c,6,"""THE REST"""
board/ids/ids8313/Kconfig,12,"""THE REST"""
board/ids/ids8313/MAINTAINERS,6,"""THE REST"""
board/ids/ids8313/Makefile,9,"""THE REST"""
board/ids/ids8313/ids8313.c,211,"""THE REST"""
board/imgtec/boston/Kconfig,16,"""THE REST"""
board/imgtec/boston/MAINTAINERS,13,"""THE REST"""
board/imgtec/boston/Makefile,8,"""THE REST"""
board/imgtec/boston/boston-lcd.h,20,"""THE REST"""
board/imgtec/boston/boston-regs.h,25,"""THE REST"""
board/imgtec/boston/checkboard.c,29,"""THE REST"""
board/imgtec/boston/config.mk,15,"""THE REST"""
board/imgtec/boston/ddr.c,34,"""THE REST"""
board/imgtec/boston/dt.c,26,"""THE REST"""
board/imgtec/boston/lowlevel_init.S,54,"""THE REST"""
board/imgtec/malta/Kconfig,16,"""THE REST"""
board/imgtec/malta/MAINTAINERS,9,"""THE REST"""
board/imgtec/malta/Makefile,8,"""THE REST"""
board/imgtec/malta/flash-malta-boot.tcl,38,"""THE REST"""
board/imgtec/malta/lowlevel_init.S,231,"""THE REST"""
board/imgtec/malta/malta.c,229,"""THE REST"""
board/imgtec/malta/superio.c,62,"""THE REST"""
board/imgtec/malta/superio.h,14,"""THE REST"""
board/imgtec/xilfpga/Kconfig,15,"""THE REST"""
board/imgtec/xilfpga/MAINTAINERS,6,"""THE REST"""
board/imgtec/xilfpga/Makefile,7,"""THE REST"""
board/imgtec/xilfpga/README,55,"""THE REST"""
board/imgtec/xilfpga/xilfpga.c,23,"""THE REST"""
board/intel/Kconfig,86,"""THE REST"""
board/intel/bayleybay/.gitignore,3,"""THE REST"""
board/intel/bayleybay/Kconfig,28,"""THE REST"""
board/intel/bayleybay/MAINTAINERS,6,"""THE REST"""
board/intel/bayleybay/Makefile,6,"""THE REST"""
board/intel/bayleybay/acpi/mainboard.asl,48,"""THE REST"""
board/intel/bayleybay/bayleybay.c,7,"""THE REST"""
board/intel/bayleybay/dsdt.asl,13,"""THE REST"""
board/intel/bayleybay/start.S,8,"""THE REST"""
board/intel/cherryhill/Kconfig,25,"""THE REST"""
board/intel/cherryhill/MAINTAINERS,6,"""THE REST"""
board/intel/cherryhill/Makefile,5,"""THE REST"""
board/intel/cherryhill/cherryhill.c,595,"""THE REST"""
board/intel/cherryhill/start.S,8,"""THE REST"""
board/intel/cougarcanyon2/Kconfig,27,"""THE REST"""
board/intel/cougarcanyon2/MAINTAINERS,6,"""THE REST"""
board/intel/cougarcanyon2/Makefile,5,"""THE REST"""
board/intel/cougarcanyon2/cougarcanyon2.c,53,"""THE REST"""
board/intel/cougarcanyon2/start.S,8,"""THE REST"""
board/intel/crownbay/Kconfig,26,"""THE REST"""
board/intel/crownbay/MAINTAINERS,6,"""THE REST"""
board/intel/crownbay/Makefile,5,"""THE REST"""
board/intel/crownbay/crownbay.c,19,"""THE REST"""
board/intel/crownbay/start.S,8,"""THE REST"""
board/intel/edison/.gitignore,3,"""THE REST"""
board/intel/edison/Kconfig,32,"""THE REST"""
board/intel/edison/MAINTAINERS,6,"""THE REST"""
board/intel/edison/Makefile,8,"""THE REST"""
board/intel/edison/config.mk,17,"""THE REST"""
board/intel/edison/dsdt.asl,12,"""THE REST"""
board/intel/edison/edison.c,102,"""THE REST"""
board/intel/edison/start.S,12,"""THE REST"""
board/intel/galileo/.gitignore,3,"""THE REST"""
board/intel/galileo/Kconfig,36,"""THE REST"""
board/intel/galileo/MAINTAINERS,6,"""THE REST"""
board/intel/galileo/Makefile,6,"""THE REST"""
board/intel/galileo/acpi/mainboard.asl,10,"""THE REST"""
board/intel/galileo/dsdt.asl,13,"""THE REST"""
board/intel/galileo/galileo.c,61,"""THE REST"""
board/intel/galileo/start.S,8,"""THE REST"""
board/intel/minnowmax/.gitignore,3,"""THE REST"""
board/intel/minnowmax/Kconfig,28,"""THE REST"""
board/intel/minnowmax/MAINTAINERS,6,"""THE REST"""
board/intel/minnowmax/Makefile,6,"""THE REST"""
board/intel/minnowmax/acpi/mainboard.asl,10,"""THE REST"""
board/intel/minnowmax/dsdt.asl,13,"""THE REST"""
board/intel/minnowmax/minnowmax.c,60,"""THE REST"""
board/intel/minnowmax/start.S,8,"""THE REST"""
board/inversepath/usbarmory/Kconfig,15,"""THE REST"""
board/inversepath/usbarmory/MAINTAINERS,6,"""THE REST"""
board/inversepath/usbarmory/Makefile,10,"""THE REST"""
board/inversepath/usbarmory/imximage.cfg,81,"""THE REST"""
board/inversepath/usbarmory/usbarmory.c,447,"""THE REST"""
board/iomega/iconnect/Kconfig,12,"""THE REST"""
board/iomega/iconnect/MAINTAINERS,6,"""THE REST"""
board/iomega/iconnect/Makefile,7,"""THE REST"""
board/iomega/iconnect/iconnect.c,92,"""THE REST"""
board/iomega/iconnect/iconnect.h,24,"""THE REST"""
board/iomega/iconnect/kwbimage.cfg,149,"""THE REST"""
board/is1/MAINTAINERS,6,"""THE REST"""
board/is1/Makefile,5,"""THE REST"""
board/is1/qts/iocsr_config.h,659,"""THE REST"""
board/is1/qts/pinmux_config.h,218,"""THE REST"""
board/is1/qts/pll_config.h,84,"""THE REST"""
board/is1/qts/sdram_config.h,343,"""THE REST"""
board/is1/socfpga.c,4,"""THE REST"""
board/isee/igep003x/Kconfig,15,"""THE REST"""
board/isee/igep003x/MAINTAINERS,6,"""THE REST"""
board/isee/igep003x/Makefile,11,"""THE REST"""
board/isee/igep003x/board.c,294,"""THE REST"""
board/isee/igep003x/board.h,18,"""THE REST"""
board/isee/igep003x/mux.c,96,"""THE REST"""
board/isee/igep00x0/Kconfig,12,"""THE REST"""
board/isee/igep00x0/MAINTAINERS,7,"""THE REST"""
board/isee/igep00x0/Makefile,10,"""THE REST"""
board/isee/igep00x0/common.c,67,"""THE REST"""
board/isee/igep00x0/igep00x0.c,258,"""THE REST"""
board/isee/igep00x0/igep00x0.h,127,"""THE REST"""
board/isee/igep00x0/spl.c,63,"""THE REST"""
board/k+p/bootscripts/tpcboot.cmd,96,"""THE REST"""
board/k+p/kp_imx53/Kconfig,15,"""THE REST"""
board/k+p/kp_imx53/MAINTAINERS,6,"""THE REST"""
board/k+p/kp_imx53/Makefile,8,"""THE REST"""
board/k+p/kp_imx53/kp_id_rev.c,120,"""THE REST"""
board/k+p/kp_imx53/kp_id_rev.h,27,"""THE REST"""
board/k+p/kp_imx53/kp_imx53.c,221,"""THE REST"""
board/k+p/kp_imx6q_tpc/Kconfig,12,"""THE REST"""
board/k+p/kp_imx6q_tpc/MAINTAINERS,6,"""THE REST"""
board/k+p/kp_imx6q_tpc/Makefile,9,"""THE REST"""
board/k+p/kp_imx6q_tpc/kp_imx6q_tpc.c,301,"""THE REST"""
board/k+p/kp_imx6q_tpc/kp_imx6q_tpc_spl.c,337,"""THE REST"""
board/keymile/common/common.c,373,"""THE REST"""
board/keymile/common/common.h,145,"""THE REST"""
board/keymile/common/ivm.c,347,"""THE REST"""
board/keymile/km83xx/Kconfig,38,"""THE REST"""
board/keymile/km83xx/MAINTAINERS,21,"""THE REST"""
board/keymile/km83xx/Makefile,6,"""THE REST"""
board/keymile/km83xx/README.kmeter1,91,"""THE REST"""
board/keymile/km83xx/km83xx.c,416,"""THE REST"""
board/keymile/km83xx/km83xx_i2c.c,72,"""THE REST"""
board/keymile/km_arm/Kconfig,12,"""THE REST"""
board/keymile/km_arm/MAINTAINERS,14,"""THE REST"""
board/keymile/km_arm/Makefile,11,"""THE REST"""
board/keymile/km_arm/fpga_config.c,264,"""THE REST"""
board/keymile/km_arm/km_arm.c,552,"""THE REST"""
board/keymile/km_arm/kwbimage-memphis.cfg,179,"""THE REST"""
board/keymile/km_arm/kwbimage.cfg,161,"""THE REST"""
board/keymile/km_arm/kwbimage_128M16_1.cfg,257,"""THE REST"""
board/keymile/km_arm/kwbimage_256M8_1.cfg,257,"""THE REST"""
board/keymile/kmp204x/Kconfig,12,"""THE REST"""
board/keymile/kmp204x/MAINTAINERS,7,"""THE REST"""
board/keymile/kmp204x/Makefile,10,"""THE REST"""
board/keymile/kmp204x/ddr.c,67,"""THE REST"""
board/keymile/kmp204x/eth.c,70,"""THE REST"""
board/keymile/kmp204x/kmp204x.c,304,"""THE REST"""
board/keymile/kmp204x/kmp204x.h,34,"""THE REST"""
board/keymile/kmp204x/law.c,39,"""THE REST"""
board/keymile/kmp204x/pbi.cfg,74,"""THE REST"""
board/keymile/kmp204x/pci.c,122,"""THE REST"""
board/keymile/kmp204x/qrio.c,206,"""THE REST"""
board/keymile/kmp204x/rcw_kmp204x.cfg,11,"""THE REST"""
board/keymile/kmp204x/tlb.c,109,"""THE REST"""
board/keymile/scripts/README,31,"""THE REST"""
board/keymile/scripts/develop-arm.txt,1,"""THE REST"""
board/keymile/scripts/develop-common.txt,10,"""THE REST"""
board/keymile/scripts/develop-ppc_82xx.txt,1,"""THE REST"""
board/keymile/scripts/develop-ppc_8xx.txt,1,"""THE REST"""
board/keymile/scripts/ramfs-arm.txt,1,"""THE REST"""
board/keymile/scripts/ramfs-common.txt,13,"""THE REST"""
board/keymile/scripts/ramfs-ppc_82xx.txt,1,"""THE REST"""
board/keymile/scripts/ramfs-ppc_8xx.txt,1,"""THE REST"""
board/kmc/kzm9g/Kconfig,12,"""THE REST"""
board/kmc/kzm9g/MAINTAINERS,7,"""THE REST"""
board/kmc/kzm9g/Makefile,6,"""THE REST"""
board/kmc/kzm9g/kzm9g.c,369,"""THE REST"""
board/kobol/helios4/MAINTAINERS,6,"""THE REST"""
board/kobol/helios4/Makefile,5,"""THE REST"""
board/kobol/helios4/README,46,"""THE REST"""
board/kobol/helios4/helios4.c,131,"""THE REST"""
board/kosagi/novena/Kconfig,12,"""THE REST"""
board/kosagi/novena/MAINTAINERS,6,"""THE REST"""
board/kosagi/novena/Makefile,10,"""THE REST"""
board/kosagi/novena/novena.c,270,"""THE REST"""
board/kosagi/novena/novena.h,32,"""THE REST"""
board/kosagi/novena/novena_spl.c,596,"""THE REST"""
board/kosagi/novena/video.c,455,"""THE REST"""
board/l+g/vinco/Kconfig,12,"""THE REST"""
board/l+g/vinco/MAINTAINERS,6,"""THE REST"""
board/l+g/vinco/Makefile,1,"""THE REST"""
board/l+g/vinco/vinco.c,212,"""THE REST"""
board/laird/wb45n/Kconfig,12,"""THE REST"""
board/laird/wb45n/MAINTAINERS,6,"""THE REST"""
board/laird/wb45n/Makefile,4,"""THE REST"""
board/laird/wb45n/wb45n.c,198,"""THE REST"""
board/laird/wb50n/Kconfig,12,"""THE REST"""
board/laird/wb50n/MAINTAINERS,6,"""THE REST"""
board/laird/wb50n/Makefile,4,"""THE REST"""
board/laird/wb50n/wb50n.c,205,"""THE REST"""
board/lego/ev3/Kconfig,12,"""THE REST"""
board/lego/ev3/MAINTAINERS,6,"""THE REST"""
board/lego/ev3/Makefile,8,"""THE REST"""
board/lego/ev3/README,52,"""THE REST"""
board/lego/ev3/legoev3.c,173,"""THE REST"""
board/lg/sniper/Kconfig,12,"""THE REST"""
board/lg/sniper/MAINTAINERS,6,"""THE REST"""
board/lg/sniper/Makefile,7,"""THE REST"""
board/lg/sniper/sniper.c,189,"""THE REST"""
board/lg/sniper/sniper.h,364,"""THE REST"""
board/liebherr/display5/Kconfig,18,"""THE REST"""
board/liebherr/display5/MAINTAINERS,7,"""THE REST"""
board/liebherr/display5/Makefile,11,"""THE REST"""
board/liebherr/display5/common.c,120,"""THE REST"""
board/liebherr/display5/common.h,42,"""THE REST"""
board/liebherr/display5/display5.c,424,"""THE REST"""
board/liebherr/display5/spl.c,321,"""THE REST"""
board/liebherr/mccmon6/Kconfig,12,"""THE REST"""
board/liebherr/mccmon6/MAINTAINERS,7,"""THE REST"""
board/liebherr/mccmon6/Makefile,6,"""THE REST"""
board/liebherr/mccmon6/mccmon6.c,489,"""THE REST"""
board/liebherr/mccmon6/mon6_imximage_nor.cfg,8,"""THE REST"""
board/liebherr/mccmon6/mon6_imximage_sd.cfg,8,"""THE REST"""
board/liebherr/mccmon6/spl.c,298,"""THE REST"""
board/logicpd/am3517evm/Kconfig,14,"""THE REST"""
board/logicpd/am3517evm/MAINTAINERS,6,"""THE REST"""
board/logicpd/am3517evm/Makefile,9,"""THE REST"""
board/logicpd/am3517evm/am3517evm.c,186,"""THE REST"""
board/logicpd/am3517evm/am3517evm.h,392,"""THE REST"""
board/logicpd/imx6/Kconfig,12,"""THE REST"""
board/logicpd/imx6/MAINTAINERS,6,"""THE REST"""
board/logicpd/imx6/Makefile,10,"""THE REST"""
board/logicpd/imx6/README,37,"""THE REST"""
board/logicpd/imx6/imx6logic.c,325,"""THE REST"""
board/logicpd/omap3som/Kconfig,14,"""THE REST"""
board/logicpd/omap3som/MAINTAINERS,9,"""THE REST"""
board/logicpd/omap3som/Makefile,6,"""THE REST"""
board/logicpd/omap3som/README,56,"""THE REST"""
board/logicpd/omap3som/omap3logic.c,268,"""THE REST"""
board/logicpd/omap3som/omap3logic.h,236,"""THE REST"""
board/logicpd/zoom1/Kconfig,12,"""THE REST"""
board/logicpd/zoom1/MAINTAINERS,6,"""THE REST"""
board/logicpd/zoom1/Makefile,6,"""THE REST"""
board/logicpd/zoom1/config.mk,14,"""THE REST"""
board/logicpd/zoom1/zoom1.c,146,"""THE REST"""
board/logicpd/zoom1/zoom1.h,122,"""THE REST"""
board/maxbcm/MAINTAINERS,6,"""THE REST"""
board/maxbcm/Makefile,5,"""THE REST"""
board/maxbcm/maxbcm.c,151,"""THE REST"""
board/mediatek/mt7623/Kconfig,13,"""ARM MEDIATEK"",""THE REST"""
board/mediatek/mt7623/MAINTAINERS,7,"""ARM MEDIATEK"",""THE REST"""
board/mediatek/mt7623/Makefile,3,"""ARM MEDIATEK"",""THE REST"""
board/mediatek/mt7623/mt7623_rfb.c,16,"""ARM MEDIATEK"",""THE REST"""
board/mediatek/mt7629/Kconfig,17,"""ARM MEDIATEK"",""THE REST"""
board/mediatek/mt7629/MAINTAINERS,7,"""ARM MEDIATEK"",""THE REST"""
board/mediatek/mt7629/Makefile,3,"""ARM MEDIATEK"",""THE REST"""
board/mediatek/mt7629/mt7629_rfb.c,16,"""ARM MEDIATEK"",""THE REST"""
board/menlo/m53menlo/Kconfig,15,"""THE REST"""
board/menlo/m53menlo/MAINTAINERS,7,"""THE REST"""
board/menlo/m53menlo/Makefile,9,"""THE REST"""
board/menlo/m53menlo/imximage.cfg,91,"""THE REST"""
board/menlo/m53menlo/m53menlo.c,513,"""THE REST"""
board/microchip/pic32mzda/Kconfig,16,"""THE REST"""
board/microchip/pic32mzda/MAINTAINERS,6,"""THE REST"""
board/microchip/pic32mzda/Makefile,7,"""THE REST"""
board/microchip/pic32mzda/README,22,"""THE REST"""
board/microchip/pic32mzda/pic32mzda.c,41,"""THE REST"""
board/micronas/vct/Kconfig,52,"""THE REST"""
board/micronas/vct/MAINTAINERS,17,"""THE REST"""
board/micronas/vct/Makefile,12,"""THE REST"""
board/micronas/vct/bcu.h,156,"""THE REST"""
board/micronas/vct/dcgu.c,244,"""THE REST"""
board/micronas/vct/dcgu.h,165,"""THE REST"""
board/micronas/vct/ebi.c,34,"""THE REST"""
board/micronas/vct/ebi.h,81,"""THE REST"""
board/micronas/vct/ebi_nor_flash.c,117,"""THE REST"""
board/micronas/vct/ebi_onenand.c,185,"""THE REST"""
board/micronas/vct/ebi_smc911x.c,94,"""THE REST"""
board/micronas/vct/ehci.c,96,"""THE REST"""
board/micronas/vct/gpio.c,74,"""THE REST"""
board/micronas/vct/scc.c,657,"""THE REST"""
board/micronas/vct/scc.h,191,"""THE REST"""
board/micronas/vct/smc_eeprom.c,394,"""THE REST"""
board/micronas/vct/top.c,275,"""THE REST"""
board/micronas/vct/vct.c,118,"""THE REST"""
board/micronas/vct/vct.h,92,"""THE REST"""
board/micronas/vct/vcth/reg_dcgu.h,22,"""THE REST"""
board/micronas/vct/vcth/reg_ebi.h,228,"""THE REST"""
board/micronas/vct/vcth/reg_fwsram.h,59,"""THE REST"""
board/micronas/vct/vcth/reg_gpio.h,18,"""THE REST"""
board/micronas/vct/vcth/reg_scc.h,88,"""THE REST"""
board/micronas/vct/vcth/reg_usbh.h,19,"""THE REST"""
board/micronas/vct/vcth/reg_wdt.h,10,"""THE REST"""
board/micronas/vct/vcth2/reg_ebi.h,276,"""THE REST"""
board/micronas/vct/vctv/reg_dcgu.h,11,"""THE REST"""
board/micronas/vct/vctv/reg_ebi.h,276,"""THE REST"""
board/micronas/vct/vctv/reg_gpio.h,18,"""THE REST"""
board/micronas/vct/vctv/reg_wdt.h,10,"""THE REST"""
board/mini-box/picosam9g45/Kconfig,12,"""THE REST"""
board/mini-box/picosam9g45/MAINTAINERS,6,"""THE REST"""
board/mini-box/picosam9g45/Makefile,17,"""THE REST"""
board/mini-box/picosam9g45/led.c,21,"""THE REST"""
board/mini-box/picosam9g45/picosam9g45.c,344,"""THE REST"""
board/mpc8308_p1m/Kconfig,9,"""THE REST"""
board/mpc8308_p1m/MAINTAINERS,6,"""THE REST"""
board/mpc8308_p1m/Makefile,8,"""THE REST"""
board/mpc8308_p1m/mpc8308_p1m.c,89,"""THE REST"""
board/mpc8308_p1m/sdram.c,78,"""THE REST"""
board/mpr2/Kconfig,9,"""THE REST"""
board/mpr2/MAINTAINERS,6,"""THE REST"""
board/mpr2/Makefile,19,"""THE REST"""
board/mpr2/lowlevel_init.S,117,"""THE REST"""
board/mpr2/mpr2.c,137,"""THE REST"""
board/mqmaker/miqi_rk3288/Kconfig,15,"""THE REST"""
board/mqmaker/miqi_rk3288/MAINTAINERS,6,"""THE REST"""
board/mqmaker/miqi_rk3288/Makefile,7,"""THE REST"""
board/mqmaker/miqi_rk3288/miqi-rk3288.c,14,"""THE REST"""
board/ms7720se/Kconfig,9,"""THE REST"""
board/ms7720se/MAINTAINERS,6,"""THE REST"""
board/ms7720se/Makefile,16,"""THE REST"""
board/ms7720se/lowlevel_init.S,184,"""THE REST"""
board/ms7720se/ms7720se.c,35,"""THE REST"""
board/ms7722se/Kconfig,9,"""THE REST"""
board/ms7722se/MAINTAINERS,7,"""THE REST"""
board/ms7722se/Makefile,13,"""THE REST"""
board/ms7722se/lowlevel_init.S,224,"""THE REST"""
board/ms7722se/ms7722se.c,47,"""THE REST"""
board/ms7750se/Kconfig,9,"""THE REST"""
board/ms7750se/MAINTAINERS,7,"""THE REST"""
board/ms7750se/Makefile,7,"""THE REST"""
board/ms7750se/lowlevel_init.S,141,"""THE REST"""
board/ms7750se/ms7750se.c,24,"""THE REST"""
board/netgear/cg3100d/Kconfig,12,"""THE REST"""
board/netgear/cg3100d/MAINTAINERS,6,"""THE REST"""
board/netgear/cg3100d/Makefile,3,"""THE REST"""
board/netgear/cg3100d/cg3100d.c,6,"""THE REST"""
board/netgear/dgnd3700v2/Kconfig,12,"""THE REST"""
board/netgear/dgnd3700v2/MAINTAINERS,6,"""THE REST"""
board/netgear/dgnd3700v2/Makefile,3,"""THE REST"""
board/netgear/dgnd3700v2/dgnd3700v2.c,27,"""THE REST"""
board/nokia/rx51/Kconfig,12,"""THE REST"""
board/nokia/rx51/MAINTAINERS,6,"""THE REST"""
board/nokia/rx51/Makefile,7,"""THE REST"""
board/nokia/rx51/lowlevel_init.S,189,"""THE REST"""
board/nokia/rx51/rx51.c,675,"""THE REST"""
board/nokia/rx51/rx51.h,370,"""THE REST"""
board/nokia/rx51/tag_omap.h,294,"""THE REST"""
board/nvidia/beaver/Kconfig,12,"""THE REST"""
board/nvidia/beaver/MAINTAINERS,7,"""THE REST"""
board/nvidia/beaver/Makefile,5,"""THE REST"""
board/nvidia/cardhu/Kconfig,12,"""THE REST"""
board/nvidia/cardhu/MAINTAINERS,6,"""THE REST"""
board/nvidia/cardhu/Makefile,6,"""THE REST"""
board/nvidia/cardhu/cardhu.c,130,"""THE REST"""
board/nvidia/cardhu/pinmux-config-cardhu.h,335,"""THE REST"""
board/nvidia/dalmore/Kconfig,12,"""THE REST"""
board/nvidia/dalmore/MAINTAINERS,6,"""THE REST"""
board/nvidia/dalmore/Makefile,5,"""THE REST"""
board/nvidia/dalmore/dalmore.c,100,"""THE REST"""
board/nvidia/dalmore/pinmux-config-dalmore.h,359,"""THE REST"""
board/nvidia/e2220-1170/Kconfig,12,"""THE REST"""
board/nvidia/e2220-1170/MAINTAINERS,6,"""THE REST"""
board/nvidia/e2220-1170/Makefile,8,"""THE REST"""
board/nvidia/e2220-1170/e2220-1170.c,50,"""THE REST"""
board/nvidia/e2220-1170/pinmux-config-e2220-1170.h,276,"""THE REST"""
board/nvidia/harmony/Kconfig,12,"""THE REST"""
board/nvidia/harmony/MAINTAINERS,6,"""THE REST"""
board/nvidia/harmony/Makefile,6,"""THE REST"""
board/nvidia/harmony/harmony.c,51,"""THE REST"""
board/nvidia/jetson-tk1/Kconfig,12,"""THE REST"""
board/nvidia/jetson-tk1/MAINTAINERS,6,"""THE REST"""
board/nvidia/jetson-tk1/Makefile,9,"""THE REST"""
board/nvidia/jetson-tk1/jetson-tk1.c,82,"""THE REST"""
board/nvidia/jetson-tk1/pinmux-config-jetson-tk1.h,308,"""THE REST"""
board/nvidia/nyan-big/Kconfig,12,"""THE REST"""
board/nvidia/nyan-big/MAINTAINERS,6,"""THE REST"""
board/nvidia/nyan-big/Makefile,9,"""THE REST"""
board/nvidia/nyan-big/nyan-big.c,132,"""THE REST"""
board/nvidia/nyan-big/pinmux-config-nyan-big.h,294,"""THE REST"""
board/nvidia/p2371-0000/Kconfig,12,"""THE REST"""
board/nvidia/p2371-0000/MAINTAINERS,6,"""THE REST"""
board/nvidia/p2371-0000/Makefile,8,"""THE REST"""
board/nvidia/p2371-0000/p2371-0000.c,50,"""THE REST"""
board/nvidia/p2371-0000/pinmux-config-p2371-0000.h,267,"""THE REST"""
board/nvidia/p2371-2180/Kconfig,12,"""THE REST"""
board/nvidia/p2371-2180/MAINTAINERS,6,"""THE REST"""
board/nvidia/p2371-2180/Makefile,8,"""THE REST"""
board/nvidia/p2371-2180/p2371-2180.c,96,"""THE REST"""
board/nvidia/p2371-2180/pinmux-config-p2371-2180.h,278,"""THE REST"""
board/nvidia/p2571/Kconfig,12,"""THE REST"""
board/nvidia/p2571/MAINTAINERS,6,"""THE REST"""
board/nvidia/p2571/Makefile,8,"""THE REST"""
board/nvidia/p2571/max77620_init.h,69,"""THE REST"""
board/nvidia/p2571/p2571.c,62,"""THE REST"""
board/nvidia/p2571/pinmux-config-p2571.h,242,"""THE REST"""
board/nvidia/p2771-0000/Kconfig,16,"""THE REST"""
board/nvidia/p2771-0000/MAINTAINERS,7,"""THE REST"""
board/nvidia/p2771-0000/Makefile,5,"""THE REST"""
board/nvidia/p2771-0000/p2771-0000.c,54,"""THE REST"""
board/nvidia/seaboard/Kconfig,12,"""THE REST"""
board/nvidia/seaboard/MAINTAINERS,6,"""THE REST"""
board/nvidia/seaboard/Makefile,6,"""THE REST"""
board/nvidia/seaboard/seaboard.c,55,"""THE REST"""
board/nvidia/venice2/Kconfig,12,"""THE REST"""
board/nvidia/venice2/MAINTAINERS,6,"""THE REST"""
board/nvidia/venice2/Makefile,9,"""THE REST"""
board/nvidia/venice2/as3722_init.c,101,"""THE REST"""
board/nvidia/venice2/as3722_init.h,43,"""THE REST"""
board/nvidia/venice2/pinmux-config-venice2.h,305,"""THE REST"""
board/nvidia/venice2/venice2.c,28,"""THE REST"""
board/nvidia/ventana/Kconfig,12,"""THE REST"""
board/nvidia/ventana/MAINTAINERS,7,"""THE REST"""
board/nvidia/ventana/Makefile,6,"""THE REST"""
board/olimex/mx23_olinuxino/Kconfig,15,"""THE REST"""
board/olimex/mx23_olinuxino/MAINTAINERS,6,"""THE REST"""
board/olimex/mx23_olinuxino/Makefile,10,"""THE REST"""
board/olimex/mx23_olinuxino/mx23_olinuxino.c,79,"""THE REST"""
board/olimex/mx23_olinuxino/spl_boot.c,120,"""THE REST"""
board/omicron/calimain/Kconfig,12,"""THE REST"""
board/omicron/calimain/MAINTAINERS,7,"""THE REST"""
board/omicron/calimain/Makefile,8,"""THE REST"""
board/omicron/calimain/calimain.c,145,"""THE REST"""
board/opalkelly/zynq/MAINTAINERS,6,"""ARM ZYNQ"",""THE REST"""
board/opalkelly/zynq/Makefile,7,"""ARM ZYNQ"",""THE REST"""
board/opalkelly/zynq/board.c,1,"""ARM ZYNQ"",""THE REST"""
board/opalkelly/zynq/zynq-syzygy-hub/ps7_init_gpl.c,296,"""ARM ZYNQ"",""THE REST"""
board/overo/Kconfig,9,"""THE REST"""
board/overo/MAINTAINERS,6,"""THE REST"""
board/overo/Makefile,10,"""THE REST"""
board/overo/common.c,341,"""THE REST"""
board/overo/overo.c,420,"""THE REST"""
board/overo/overo.h,169,"""THE REST"""
board/overo/spl.c,59,"""THE REST"""
board/pandora/Kconfig,9,"""THE REST"""
board/pandora/MAINTAINERS,6,"""THE REST"""
board/pandora/Makefile,6,"""THE REST"""
board/pandora/pandora.c,147,"""THE REST"""
board/pandora/pandora.h,391,"""THE REST"""
board/phytec/pcm051/Kconfig,15,"""THE REST"""
board/phytec/pcm051/MAINTAINERS,7,"""THE REST"""
board/phytec/pcm051/Makefile,11,"""THE REST"""
board/phytec/pcm051/board.c,256,"""THE REST"""
board/phytec/pcm051/board.h,24,"""THE REST"""
board/phytec/pcm051/mux.c,127,"""THE REST"""
board/phytec/pcm052/Kconfig,33,"""THE REST"""
board/phytec/pcm052/MAINTAINERS,8,"""THE REST"""
board/phytec/pcm052/Makefile,5,"""THE REST"""
board/phytec/pcm052/imximage.cfg,16,"""THE REST"""
board/phytec/pcm052/pcm052.c,617,"""THE REST"""
board/phytec/pcm058/Kconfig,12,"""THE REST"""
board/phytec/pcm058/MAINTAINERS,6,"""THE REST"""
board/phytec/pcm058/Makefile,7,"""THE REST"""
board/phytec/pcm058/README,35,"""THE REST"""
board/phytec/pcm058/pcm058.c,568,"""THE REST"""
board/phytec/pfla02/Kconfig,18,"""THE REST"""
board/phytec/pfla02/MAINTAINERS,6,"""THE REST"""
board/phytec/pfla02/Makefile,7,"""THE REST"""
board/phytec/pfla02/README,24,"""THE REST"""
board/phytec/pfla02/pfla02.c,707,"""THE REST"""
board/phytec/phycore_rk3288/Kconfig,15,"""THE REST"""
board/phytec/phycore_rk3288/MAINTAINERS,6,"""THE REST"""
board/phytec/phycore_rk3288/Makefile,8,"""THE REST"""
board/phytec/phycore_rk3288/phycore-rk3288.c,70,"""THE REST"""
board/phytec/phycore_rk3288/som.h,20,"""THE REST"""
board/ppcag/bg0900/Kconfig,15,"""THE REST"""
board/ppcag/bg0900/MAINTAINERS,6,"""THE REST"""
board/ppcag/bg0900/Makefile,10,"""THE REST"""
board/ppcag/bg0900/bg0900.c,85,"""THE REST"""
board/ppcag/bg0900/spl_boot.c,152,"""THE REST"""
board/qca/ap121/Kconfig,27,"""THE REST"""
board/qca/ap121/MAINTAINERS,6,"""THE REST"""
board/qca/ap121/Makefile,3,"""THE REST"""
board/qca/ap121/ap121.c,46,"""THE REST"""
board/qca/ap143/Kconfig,27,"""THE REST"""
board/qca/ap143/MAINTAINERS,6,"""THE REST"""
board/qca/ap143/Makefile,3,"""THE REST"""
board/qca/ap143/ap143.c,62,"""THE REST"""
board/qemu-mips/Kconfig,26,"""THE REST"""
board/qemu-mips/MAINTAINERS,14,"""THE REST"""
board/qemu-mips/Makefile,7,"""THE REST"""
board/qemu-mips/lowlevel_init.S,40,"""THE REST"""
board/qemu-mips/qemu-mips.c,82,"""THE REST"""
board/qualcomm/dragonboard410c/Kconfig,15,"""THE REST"""
board/qualcomm/dragonboard410c/MAINTAINERS,6,"""THE REST"""
board/qualcomm/dragonboard410c/Makefile,7,"""THE REST"""
board/qualcomm/dragonboard410c/dragonboard410c.c,203,"""THE REST"""
board/qualcomm/dragonboard410c/head.S,33,"""THE REST"""
board/qualcomm/dragonboard410c/lowlevel_init.S,27,"""THE REST"""
board/qualcomm/dragonboard410c/readme.txt,69,"""THE REST"""
board/qualcomm/dragonboard410c/u-boot.lds,118,"""THE REST"""
board/qualcomm/dragonboard820c/Kconfig,15,"""THE REST"""
board/qualcomm/dragonboard820c/MAINTAINERS,6,"""THE REST"""
board/qualcomm/dragonboard820c/Makefile,6,"""THE REST"""
board/qualcomm/dragonboard820c/dragonboard820c.c,162,"""THE REST"""
board/qualcomm/dragonboard820c/head.S,33,"""THE REST"""
board/qualcomm/dragonboard820c/readme.txt,457,"""THE REST"""
board/qualcomm/dragonboard820c/u-boot.lds,111,"""THE REST"""
board/quipos/cairo/Kconfig,12,"""THE REST"""
board/quipos/cairo/MAINTAINERS,6,"""THE REST"""
board/quipos/cairo/Makefile,6,"""THE REST"""
board/quipos/cairo/cairo.c,98,"""THE REST"""
board/quipos/cairo/cairo.h,318,"""THE REST"""
board/radxa/rock/Kconfig,15,"""THE REST"""
board/radxa/rock/MAINTAINERS,6,"""THE REST"""
board/radxa/rock/Makefile,7,"""THE REST"""
board/radxa/rock/rock.c,6,"""THE REST"""
board/radxa/rock2/Kconfig,15,"""THE REST"""
board/radxa/rock2/MAINTAINERS,6,"""THE REST"""
board/radxa/rock2/Makefile,7,"""THE REST"""
board/radxa/rock2/rock2.c,6,"""THE REST"""
board/raidsonic/ib62x0/Kconfig,12,"""THE REST"""
board/raidsonic/ib62x0/MAINTAINERS,6,"""THE REST"""
board/raidsonic/ib62x0/Makefile,7,"""THE REST"""
board/raidsonic/ib62x0/ib62x0.c,67,"""THE REST"""
board/raidsonic/ib62x0/ib62x0.h,29,"""THE REST"""
board/raidsonic/ib62x0/kwbimage.cfg,153,"""THE REST"""
board/raspberrypi/rpi/MAINTAINERS,6,"""THE REST"""
board/raspberrypi/rpi/Makefile,6,"""THE REST"""
board/raspberrypi/rpi/lowlevel_init.S,35,"""THE REST"""
board/raspberrypi/rpi/rpi.c,493,"""THE REST"""
board/renesas/MigoR/Kconfig,12,"""THE REST"""
board/renesas/MigoR/MAINTAINERS,6,"""THE REST"""
board/renesas/MigoR/Makefile,13,"""THE REST"""
board/renesas/MigoR/lowlevel_init.S,193,"""THE REST"""
board/renesas/MigoR/migo_r.c,41,"""THE REST"""
board/renesas/alt/Kconfig,21,"""THE REST"""
board/renesas/alt/MAINTAINERS,6,"""THE REST"""
board/renesas/alt/Makefile,13,"""THE REST"""
board/renesas/alt/alt.c,144,"""THE REST"""
board/renesas/alt/alt_spl.c,410,"""THE REST"""
board/renesas/alt/qos.c,999,"""THE REST"""
board/renesas/alt/qos.h,11,"""THE REST"""
board/renesas/ap325rxa/Kconfig,12,"""THE REST"""
board/renesas/ap325rxa/MAINTAINERS,7,"""THE REST"""
board/renesas/ap325rxa/Makefile,10,"""THE REST"""
board/renesas/ap325rxa/ap325rxa.c,148,"""THE REST"""
board/renesas/ap325rxa/cpld-ap325rxa.c,204,"""THE REST"""
board/renesas/ap325rxa/lowlevel_init.S,170,"""THE REST"""
board/renesas/blanche/Kconfig,12,"""THE REST"""
board/renesas/blanche/MAINTAINERS,7,"""THE REST"""
board/renesas/blanche/Makefile,9,"""THE REST"""
board/renesas/blanche/blanche.c,357,"""THE REST"""
board/renesas/blanche/qos.c,1365,"""THE REST"""
board/renesas/blanche/qos.h,11,"""THE REST"""
board/renesas/draak/Kconfig,15,"""THE REST"""
board/renesas/draak/MAINTAINERS,6,"""THE REST"""
board/renesas/draak/Makefile,9,"""THE REST"""
board/renesas/draak/draak.c,108,"""THE REST"""
board/renesas/eagle/Kconfig,15,"""THE REST"""
board/renesas/eagle/MAINTAINERS,6,"""THE REST"""
board/renesas/eagle/Makefile,9,"""THE REST"""
board/renesas/eagle/eagle.c,105,"""THE REST"""
board/renesas/ebisu/Kconfig,15,"""THE REST"""
board/renesas/ebisu/MAINTAINERS,6,"""THE REST"""
board/renesas/ebisu/Makefile,9,"""THE REST"""
board/renesas/ebisu/ebisu.c,81,"""THE REST"""
board/renesas/ecovec/Kconfig,12,"""THE REST"""
board/renesas/ecovec/MAINTAINERS,7,"""THE REST"""
board/renesas/ecovec/Makefile,8,"""THE REST"""
board/renesas/ecovec/ecovec.c,98,"""THE REST"""
board/renesas/ecovec/lowlevel_init.S,196,"""THE REST"""
board/renesas/gose/Kconfig,12,"""THE REST"""
board/renesas/gose/MAINTAINERS,6,"""THE REST"""
board/renesas/gose/Makefile,13,"""THE REST"""
board/renesas/gose/gose.c,149,"""THE REST"""
board/renesas/gose/gose_spl.c,407,"""THE REST"""
board/renesas/gose/qos.c,1202,"""THE REST"""
board/renesas/gose/qos.h,11,"""THE REST"""
board/renesas/koelsch/Kconfig,12,"""THE REST"""
board/renesas/koelsch/MAINTAINERS,6,"""THE REST"""
board/renesas/koelsch/Makefile,13,"""THE REST"""
board/renesas/koelsch/koelsch.c,151,"""THE REST"""
board/renesas/koelsch/koelsch_spl.c,409,"""THE REST"""
board/renesas/koelsch/qos.c,1390,"""THE REST"""
board/renesas/koelsch/qos.h,11,"""THE REST"""
board/renesas/lager/Kconfig,12,"""THE REST"""
board/renesas/lager/MAINTAINERS,6,"""THE REST"""
board/renesas/lager/Makefile,13,"""THE REST"""
board/renesas/lager/lager.c,160,"""THE REST"""
board/renesas/lager/lager_spl.c,395,"""THE REST"""
board/renesas/lager/qos.c,2432,"""THE REST"""
board/renesas/lager/qos.h,11,"""THE REST"""
board/renesas/porter/Kconfig,12,"""THE REST"""
board/renesas/porter/MAINTAINERS,6,"""THE REST"""
board/renesas/porter/Makefile,14,"""THE REST"""
board/renesas/porter/porter.c,149,"""THE REST"""
board/renesas/porter/porter_spl.c,490,"""THE REST"""
board/renesas/porter/qos.c,1311,"""THE REST"""
board/renesas/porter/qos.h,12,"""THE REST"""
board/renesas/r0p7734/Kconfig,12,"""THE REST"""
board/renesas/r0p7734/MAINTAINERS,7,"""THE REST"""
board/renesas/r0p7734/Makefile,7,"""THE REST"""
board/renesas/r0p7734/lowlevel_init.S,591,"""THE REST"""
board/renesas/r0p7734/r0p7734.c,58,"""THE REST"""
board/renesas/r2dplus/Kconfig,12,"""THE REST"""
board/renesas/r2dplus/MAINTAINERS,7,"""THE REST"""
board/renesas/r2dplus/Makefile,7,"""THE REST"""
board/renesas/r2dplus/lowlevel_init.S,117,"""THE REST"""
board/renesas/r2dplus/r2dplus.c,57,"""THE REST"""
board/renesas/r7780mp/Kconfig,12,"""THE REST"""
board/renesas/r7780mp/MAINTAINERS,7,"""THE REST"""
board/renesas/r7780mp/Makefile,9,"""THE REST"""
board/renesas/r7780mp/lowlevel_init.S,356,"""THE REST"""
board/renesas/r7780mp/r7780mp.c,62,"""THE REST"""
board/renesas/r7780mp/r7780mp.h,40,"""THE REST"""
board/renesas/rcar-common/common.c,64,"""THE REST"""
board/renesas/rsk7203/Kconfig,12,"""THE REST"""
board/renesas/rsk7203/MAINTAINERS,7,"""THE REST"""
board/renesas/rsk7203/Makefile,10,"""THE REST"""
board/renesas/rsk7203/lowlevel_init.S,199,"""THE REST"""
board/renesas/rsk7203/rsk7203.c,59,"""THE REST"""
board/renesas/rsk7264/Kconfig,12,"""THE REST"""
board/renesas/rsk7264/MAINTAINERS,6,"""THE REST"""
board/renesas/rsk7264/Makefile,7,"""THE REST"""
board/renesas/rsk7264/lowlevel_init.S,209,"""THE REST"""
board/renesas/rsk7264/rsk7264.c,60,"""THE REST"""
board/renesas/rsk7269/Kconfig,12,"""THE REST"""
board/renesas/rsk7269/MAINTAINERS,6,"""THE REST"""
board/renesas/rsk7269/Makefile,8,"""THE REST"""
board/renesas/rsk7269/lowlevel_init.S,179,"""THE REST"""
board/renesas/rsk7269/rsk7269.c,61,"""THE REST"""
board/renesas/salvator-x/Kconfig,15,"""THE REST"""
board/renesas/salvator-x/MAINTAINERS,8,"""THE REST"""
board/renesas/salvator-x/Makefile,9,"""THE REST"""
board/renesas/salvator-x/salvator-x.c,123,"""THE REST"""
board/renesas/sh7752evb/Kconfig,12,"""THE REST"""
board/renesas/sh7752evb/MAINTAINERS,6,"""THE REST"""
board/renesas/sh7752evb/Makefile,7,"""THE REST"""
board/renesas/sh7752evb/lowlevel_init.S,445,"""THE REST"""
board/renesas/sh7752evb/sh7752evb.c,304,"""THE REST"""
board/renesas/sh7752evb/spi-boot.c,116,"""THE REST"""
board/renesas/sh7753evb/Kconfig,12,"""THE REST"""
board/renesas/sh7753evb/MAINTAINERS,6,"""THE REST"""
board/renesas/sh7753evb/Makefile,7,"""THE REST"""
board/renesas/sh7753evb/lowlevel_init.S,414,"""THE REST"""
board/renesas/sh7753evb/sh7753evb.c,320,"""THE REST"""
board/renesas/sh7753evb/spi-boot.c,133,"""THE REST"""
board/renesas/sh7757lcr/Kconfig,12,"""THE REST"""
board/renesas/sh7757lcr/MAINTAINERS,6,"""THE REST"""
board/renesas/sh7757lcr/Makefile,7,"""THE REST"""
board/renesas/sh7757lcr/README.sh7757lcr,77,"""THE REST"""
board/renesas/sh7757lcr/lowlevel_init.S,544,"""THE REST"""
board/renesas/sh7757lcr/sh7757lcr.c,420,"""THE REST"""
board/renesas/sh7757lcr/spi-boot.c,108,"""THE REST"""
board/renesas/sh7763rdp/Kconfig,12,"""THE REST"""
board/renesas/sh7763rdp/MAINTAINERS,7,"""THE REST"""
board/renesas/sh7763rdp/Makefile,10,"""THE REST"""
board/renesas/sh7763rdp/lowlevel_init.S,259,"""THE REST"""
board/renesas/sh7763rdp/sh7763rdp.c,53,"""THE REST"""
board/renesas/sh7785lcr/Kconfig,12,"""THE REST"""
board/renesas/sh7785lcr/MAINTAINERS,7,"""THE REST"""
board/renesas/sh7785lcr/Makefile,7,"""THE REST"""
board/renesas/sh7785lcr/README.sh7785lcr,123,"""THE REST"""
board/renesas/sh7785lcr/lowlevel_init.S,361,"""THE REST"""
board/renesas/sh7785lcr/rtl8169.h,43,"""THE REST"""
board/renesas/sh7785lcr/rtl8169_mac.c,330,"""THE REST"""
board/renesas/sh7785lcr/selfcheck.c,150,"""THE REST"""
board/renesas/sh7785lcr/sh7785lcr.c,63,"""THE REST"""
board/renesas/silk/Kconfig,12,"""THE REST"""
board/renesas/silk/MAINTAINERS,6,"""THE REST"""
board/renesas/silk/Makefile,14,"""THE REST"""
board/renesas/silk/qos.c,950,"""THE REST"""
board/renesas/silk/qos.h,12,"""THE REST"""
board/renesas/silk/silk.c,144,"""THE REST"""
board/renesas/silk/silk_spl.c,424,"""THE REST"""
board/renesas/stout/Kconfig,12,"""THE REST"""
board/renesas/stout/MAINTAINERS,6,"""THE REST"""
board/renesas/stout/Makefile,15,"""THE REST"""
board/renesas/stout/cpld.c,166,"""THE REST"""
board/renesas/stout/cpld.h,182,"""THE REST"""
board/renesas/stout/qos.c,2434,"""THE REST"""
board/renesas/stout/qos.h,13,"""THE REST"""
board/renesas/stout/stout.c,140,"""THE REST"""
board/renesas/stout/stout_spl.c,476,"""THE REST"""
board/renesas/ulcb/Kconfig,15,"""THE REST"""
board/renesas/ulcb/MAINTAINERS,7,"""THE REST"""
board/renesas/ulcb/Makefile,9,"""THE REST"""
board/renesas/ulcb/cpld.c,190,"""THE REST"""
board/renesas/ulcb/ulcb.c,102,"""THE REST"""
board/rockchip/evb_px5/Kconfig,15,"""ARM ROCKCHIP"",""THE REST"""
board/rockchip/evb_px5/MAINTAINERS,6,"""ARM ROCKCHIP"",""THE REST"""
board/rockchip/evb_px5/Makefile,5,"""ARM ROCKCHIP"",""THE REST"""
board/rockchip/evb_px5/README,1,"""ARM ROCKCHIP"",""THE REST"""
board/rockchip/evb_px5/evb-px5.c,10,"""ARM ROCKCHIP"",""THE REST"""
board/rockchip/evb_rk3036/Kconfig,15,"""ARM ROCKCHIP"",""THE REST"""
board/rockchip/evb_rk3036/MAINTAINERS,6,"""ARM ROCKCHIP"",""THE REST"""
board/rockchip/evb_rk3036/Makefile,7,"""ARM ROCKCHIP"",""THE REST"""
board/rockchip/evb_rk3036/evb_rk3036.c,26,"""ARM ROCKCHIP"",""THE REST"""
board/rockchip/evb_rk3128/Kconfig,15,"""ARM ROCKCHIP"",""THE REST"""
board/rockchip/evb_rk3128/MAINTAINERS,6,"""ARM ROCKCHIP"",""THE REST"""
board/rockchip/evb_rk3128/Makefile,5,"""ARM ROCKCHIP"",""THE REST"""
board/rockchip/evb_rk3128/evk-rk3128.c,0,"""ARM ROCKCHIP"",""THE REST"""
board/rockchip/evb_rk3229/Kconfig,15,"""ARM ROCKCHIP"",""THE REST"""
board/rockchip/evb_rk3229/MAINTAINERS,6,"""ARM ROCKCHIP"",""THE REST"""
board/rockchip/evb_rk3229/Makefile,7,"""ARM ROCKCHIP"",""THE REST"""
board/rockchip/evb_rk3229/evb_rk3229.c,10,"""ARM ROCKCHIP"",""THE REST"""
board/rockchip/evb_rk3288/Kconfig,15,"""ARM ROCKCHIP"",""THE REST"""
board/rockchip/evb_rk3288/MAINTAINERS,6,"""ARM ROCKCHIP"",""THE REST"""
board/rockchip/evb_rk3288/Makefile,7,"""ARM ROCKCHIP"",""THE REST"""
board/rockchip/evb_rk3288/evb-rk3288.c,14,"""ARM ROCKCHIP"",""THE REST"""
board/rockchip/evb_rk3328/Kconfig,15,"""ARM ROCKCHIP"",""THE REST"""
board/rockchip/evb_rk3328/MAINTAINERS,6,"""ARM ROCKCHIP"",""THE REST"""
board/rockchip/evb_rk3328/Makefile,7,"""ARM ROCKCHIP"",""THE REST"""
board/rockchip/evb_rk3328/README,70,"""ARM ROCKCHIP"",""THE REST"""
board/rockchip/evb_rk3328/evb-rk3328.c,70,"""ARM ROCKCHIP"",""THE REST"""
board/rockchip/evb_rk3399/Kconfig,15,"""ARM ROCKCHIP"",""THE REST"""
board/rockchip/evb_rk3399/MAINTAINERS,7,"""ARM ROCKCHIP"",""THE REST"""
board/rockchip/evb_rk3399/Makefile,7,"""ARM ROCKCHIP"",""THE REST"""
board/rockchip/evb_rk3399/README,120,"""ARM ROCKCHIP"",""THE REST"""
board/rockchip/evb_rk3399/evb-rk3399.c,94,"""ARM ROCKCHIP"",""THE REST"""
board/rockchip/evb_rv1108/Kconfig,15,"""ARM ROCKCHIP"",""THE REST"""
board/rockchip/evb_rv1108/MAINTAINERS,6,"""ARM ROCKCHIP"",""THE REST"""
board/rockchip/evb_rv1108/Makefile,7,"""ARM ROCKCHIP"",""THE REST"""
board/rockchip/evb_rv1108/README,46,"""ARM ROCKCHIP"",""THE REST"""
board/rockchip/evb_rv1108/evb_rv1108.c,69,"""ARM ROCKCHIP"",""THE REST"""
board/rockchip/fennec_rk3288/Kconfig,15,"""ARM ROCKCHIP"",""THE REST"""
board/rockchip/fennec_rk3288/MAINTAINERS,6,"""ARM ROCKCHIP"",""THE REST"""
board/rockchip/fennec_rk3288/Makefile,7,"""ARM ROCKCHIP"",""THE REST"""
board/rockchip/fennec_rk3288/fennec-rk3288.c,14,"""ARM ROCKCHIP"",""THE REST"""
board/rockchip/kylin_rk3036/Kconfig,15,"""ARM ROCKCHIP"",""THE REST"""
board/rockchip/kylin_rk3036/MAINTAINERS,6,"""ARM ROCKCHIP"",""THE REST"""
board/rockchip/kylin_rk3036/Makefile,7,"""ARM ROCKCHIP"",""THE REST"""
board/rockchip/kylin_rk3036/kylin_rk3036.c,48,"""ARM ROCKCHIP"",""THE REST"""
board/rockchip/sheep_rk3368/Kconfig,15,"""ARM ROCKCHIP"",""THE REST"""
board/rockchip/sheep_rk3368/MAINTAINERS,6,"""ARM ROCKCHIP"",""THE REST"""
board/rockchip/sheep_rk3368/Makefile,5,"""ARM ROCKCHIP"",""THE REST"""
board/rockchip/sheep_rk3368/README,44,"""ARM ROCKCHIP"",""THE REST"""
board/rockchip/sheep_rk3368/sheep_rk3368.c,19,"""ARM ROCKCHIP"",""THE REST"""
board/rockchip/tinker_rk3288/Kconfig,15,"""ARM ROCKCHIP"",""THE REST"""
board/rockchip/tinker_rk3288/MAINTAINERS,6,"""ARM ROCKCHIP"",""THE REST"""
board/rockchip/tinker_rk3288/Makefile,7,"""ARM ROCKCHIP"",""THE REST"""
board/rockchip/tinker_rk3288/tinker-rk3288.c,35,"""ARM ROCKCHIP"",""THE REST"""
board/ronetix/pm9261/Kconfig,12,"""THE REST"""
board/ronetix/pm9261/MAINTAINERS,6,"""THE REST"""
board/ronetix/pm9261/Makefile,12,"""THE REST"""
board/ronetix/pm9261/led.c,25,"""THE REST"""
board/ronetix/pm9261/pm9261.c,288,"""THE REST"""
board/ronetix/pm9263/Kconfig,12,"""THE REST"""
board/ronetix/pm9263/MAINTAINERS,6,"""THE REST"""
board/ronetix/pm9263/Makefile,12,"""THE REST"""
board/ronetix/pm9263/led.c,23,"""THE REST"""
board/ronetix/pm9263/pm9263.c,395,"""THE REST"""
board/ronetix/pm9g45/Kconfig,12,"""THE REST"""
board/ronetix/pm9g45/MAINTAINERS,6,"""THE REST"""
board/ronetix/pm9g45/Makefile,10,"""THE REST"""
board/ronetix/pm9g45/pm9g45.c,175,"""THE REST"""
board/sagem/f@st1704/Kconfig,12,"""THE REST"""
board/sagem/f@st1704/MAINTAINERS,6,"""THE REST"""
board/sagem/f@st1704/Makefile,3,"""THE REST"""
board/sagem/f@st1704/f@st1704.c,6,"""THE REST"""
board/samsung/arndale/Kconfig,12,"""THE REST"""
board/samsung/arndale/MAINTAINERS,6,"""THE REST"""
board/samsung/arndale/Makefile,6,"""THE REST"""
board/samsung/arndale/arndale.c,132,"""THE REST"""
board/samsung/arndale/arndale_spl.c,49,"""THE REST"""
board/samsung/common/Makefile,15,"""THE REST"""
board/samsung/common/board.c,379,"""THE REST"""
board/samsung/common/bootscripts/autoboot.cmd,92,"""THE REST"""
board/samsung/common/bootscripts/bootzimg.cmd,9,"""THE REST"""
board/samsung/common/dfu_sample_env.txt,9,"""THE REST"""
board/samsung/common/exynos-uboot-spl.lds,58,"""THE REST"""
board/samsung/common/exynos5-dt-types.c,218,"""THE REST"""
board/samsung/common/exynos5-dt.c,214,"""THE REST"""
board/samsung/common/gadget.c,23,"""THE REST"""
board/samsung/common/misc.c,481,"""THE REST"""
board/samsung/espresso7420/Kconfig,16,"""THE REST"""
board/samsung/espresso7420/MAINTAINERS,6,"""THE REST"""
board/samsung/espresso7420/Makefile,6,"""THE REST"""
board/samsung/espresso7420/espresso7420.c,13,"""THE REST"""
board/samsung/goni/Kconfig,15,"""THE REST"""
board/samsung/goni/MAINTAINERS,6,"""THE REST"""
board/samsung/goni/Makefile,10,"""THE REST"""
board/samsung/goni/goni.c,213,"""THE REST"""
board/samsung/goni/lowlevel_init.S,444,"""THE REST"""
board/samsung/goni/onenand.c,22,"""THE REST"""
board/samsung/odroid/Kconfig,12,"""THE REST"""
board/samsung/odroid/MAINTAINERS,6,"""THE REST"""
board/samsung/odroid/Makefile,6,"""THE REST"""
board/samsung/odroid/odroid.c,514,"""THE REST"""
board/samsung/odroid/setup.h,254,"""THE REST"""
board/samsung/origen/Kconfig,12,"""THE REST"""
board/samsung/origen/MAINTAINERS,6,"""THE REST"""
board/samsung/origen/Makefile,20,"""THE REST"""
board/samsung/origen/origen.c,35,"""THE REST"""
board/samsung/origen/tools/mkorigenspl.c,109,"""THE REST"""
board/samsung/smdk5250/Kconfig,38,"""THE REST"""
board/samsung/smdk5250/MAINTAINERS,18,"""THE REST"""
board/samsung/smdk5250/Makefile,5,"""THE REST"""
board/samsung/smdk5250/smdk5250_spl.c,51,"""THE REST"""
board/samsung/smdk5420/Kconfig,51,"""THE REST"""
board/samsung/smdk5420/MAINTAINERS,18,"""THE REST"""
board/samsung/smdk5420/Makefile,5,"""THE REST"""
board/samsung/smdk5420/smdk5420_spl.c,51,"""THE REST"""
board/samsung/smdkc100/Kconfig,15,"""THE REST"""
board/samsung/smdkc100/MAINTAINERS,6,"""THE REST"""
board/samsung/smdkc100/Makefile,11,"""THE REST"""
board/samsung/smdkc100/lowlevel_init.S,152,"""THE REST"""
board/samsung/smdkc100/onenand.c,69,"""THE REST"""
board/samsung/smdkc100/smdkc100.c,77,"""THE REST"""
board/samsung/smdkv310/Kconfig,12,"""THE REST"""
board/samsung/smdkv310/MAINTAINERS,6,"""THE REST"""
board/samsung/smdkv310/Makefile,13,"""THE REST"""
board/samsung/smdkv310/smdkv310.c,165,"""THE REST"""
board/samsung/smdkv310/tools/mksmdkv310spl.c,100,"""THE REST"""
board/samsung/trats/Kconfig,12,"""THE REST"""
board/samsung/trats/MAINTAINERS,6,"""THE REST"""
board/samsung/trats/Makefile,6,"""THE REST"""
board/samsung/trats/setup.h,619,"""THE REST"""
board/samsung/trats/trats.c,472,"""THE REST"""
board/samsung/trats2/Kconfig,12,"""THE REST"""
board/samsung/trats2/MAINTAINERS,6,"""THE REST"""
board/samsung/trats2/Makefile,6,"""THE REST"""
board/samsung/trats2/trats2.c,336,"""THE REST"""
board/samsung/universal_c210/Kconfig,12,"""THE REST"""
board/samsung/universal_c210/MAINTAINERS,6,"""THE REST"""
board/samsung/universal_c210/Makefile,6,"""THE REST"""
board/samsung/universal_c210/onenand.c,21,"""THE REST"""
board/samsung/universal_c210/universal.c,401,"""THE REST"""
board/samtec/vining_2000/Kconfig,12,"""THE REST"""
board/samtec/vining_2000/MAINTAINERS,6,"""THE REST"""
board/samtec/vining_2000/Makefile,4,"""THE REST"""
board/samtec/vining_2000/imximage.cfg,131,"""THE REST"""
board/samtec/vining_2000/vining_2000.c,517,"""THE REST"""
board/samtec/vining_fpga/MAINTAINERS,5,"""THE REST"""
board/samtec/vining_fpga/Makefile,7,"""THE REST"""
board/samtec/vining_fpga/qts/iocsr_config.h,659,"""THE REST"""
board/samtec/vining_fpga/qts/pinmux_config.h,218,"""THE REST"""
board/samtec/vining_fpga/qts/pll_config.h,90,"""THE REST"""
board/samtec/vining_fpga/qts/sdram_config.h,343,"""THE REST"""
board/samtec/vining_fpga/socfpga.c,100,"""THE REST"""
board/sandbox/MAINTAINERS,35,"""THE REST"""
board/sandbox/Makefile,5,"""THE REST"""
board/sandbox/README.sandbox,441,"""THE REST"""
board/sandbox/sandbox.c,77,"""THE REST"""
board/sandisk/sansa_fuze_plus/Kconfig,15,"""THE REST"""
board/sandisk/sansa_fuze_plus/MAINTAINERS,6,"""THE REST"""
board/sandisk/sansa_fuze_plus/Makefile,10,"""THE REST"""
board/sandisk/sansa_fuze_plus/sfp.c,387,"""THE REST"""
board/sandisk/sansa_fuze_plus/spl_boot.c,139,"""THE REST"""
board/sbc8349/Kconfig,9,"""THE REST"""
board/sbc8349/MAINTAINERS,8,"""THE REST"""
board/sbc8349/Makefile,6,"""THE REST"""
board/sbc8349/README,127,"""THE REST"""
board/sbc8349/pci.c,68,"""THE REST"""
board/sbc8349/sbc8349.c,229,"""THE REST"""
board/sbc8548/Kconfig,9,"""THE REST"""
board/sbc8548/MAINTAINERS,10,"""THE REST"""
board/sbc8548/Makefile,12,"""THE REST"""
board/sbc8548/README,269,"""THE REST"""
board/sbc8548/ddr.c,131,"""THE REST"""
board/sbc8548/law.c,54,"""THE REST"""
board/sbc8548/sbc8548.c,311,"""THE REST"""
board/sbc8548/tlb.c,121,"""THE REST"""
board/sbc8641d/Kconfig,9,"""THE REST"""
board/sbc8641d/MAINTAINERS,6,"""THE REST"""
board/sbc8641d/Makefile,8,"""THE REST"""
board/sbc8641d/README,49,"""THE REST"""
board/sbc8641d/ddr.c,53,"""THE REST"""
board/sbc8641d/law.c,39,"""THE REST"""
board/sbc8641d/sbc8641d.c,264,"""THE REST"""
board/schulercontrol/sc_sps_1/Kconfig,15,"""THE REST"""
board/schulercontrol/sc_sps_1/MAINTAINERS,6,"""THE REST"""
board/schulercontrol/sc_sps_1/Makefile,10,"""THE REST"""
board/schulercontrol/sc_sps_1/sc_sps_1.c,96,"""THE REST"""
board/schulercontrol/sc_sps_1/spl_boot.c,148,"""THE REST"""
board/seco/Kconfig,65,"""THE REST"""
board/seco/common/Makefile,3,"""THE REST"""
board/seco/common/mx6.c,137,"""THE REST"""
board/seco/common/mx6.h,9,"""THE REST"""
board/seco/mx6quq7/MAINTAINERS,6,"""THE REST"""
board/seco/mx6quq7/Makefile,5,"""THE REST"""
board/seco/mx6quq7/mx6quq7-2g.cfg,172,"""THE REST"""
board/seco/mx6quq7/mx6quq7.c,178,"""THE REST"""
board/seeed/linkit-smart-7688/Kconfig,12,"""THE REST"""
board/seeed/linkit-smart-7688/MAINTAINERS,8,"""THE REST"""
board/seeed/linkit-smart-7688/Makefile,3,"""THE REST"""
board/seeed/linkit-smart-7688/board.c,29,"""THE REST"""
board/sfr/nb4_ser/Kconfig,12,"""THE REST"""
board/sfr/nb4_ser/MAINTAINERS,6,"""THE REST"""
board/sfr/nb4_ser/Makefile,3,"""THE REST"""
board/sfr/nb4_ser/nb4-ser.c,6,"""THE REST"""
board/shmin/Kconfig,9,"""THE REST"""
board/shmin/MAINTAINERS,7,"""THE REST"""
board/shmin/Makefile,10,"""THE REST"""
board/shmin/lowlevel_init.S,21,"""THE REST"""
board/shmin/shmin.c,90,"""THE REST"""
board/siemens/common/board.c,270,"""THE REST"""
board/siemens/common/factoryset.c,322,"""THE REST"""
board/siemens/common/factoryset.h,30,"""THE REST"""
board/siemens/corvus/Kconfig,12,"""THE REST"""
board/siemens/corvus/MAINTAINERS,6,"""THE REST"""
board/siemens/corvus/Makefile,16,"""THE REST"""
board/siemens/corvus/board.c,322,"""THE REST"""
board/siemens/draco/Kconfig,63,"""THE REST"""
board/siemens/draco/MAINTAINERS,11,"""THE REST"""
board/siemens/draco/Makefile,19,"""THE REST"""
board/siemens/draco/board.c,383,"""THE REST"""
board/siemens/draco/board.h,78,"""THE REST"""
board/siemens/draco/mux.c,271,"""THE REST"""
board/siemens/pxm2/Kconfig,15,"""THE REST"""
board/siemens/pxm2/MAINTAINERS,6,"""THE REST"""
board/siemens/pxm2/Makefile,19,"""THE REST"""
board/siemens/pxm2/board.c,463,"""THE REST"""
board/siemens/pxm2/board.h,21,"""THE REST"""
board/siemens/pxm2/mux.c,185,"""THE REST"""
board/siemens/pxm2/pmic.h,70,"""THE REST"""
board/siemens/rut/Kconfig,15,"""THE REST"""
board/siemens/rut/MAINTAINERS,6,"""THE REST"""
board/siemens/rut/Makefile,19,"""THE REST"""
board/siemens/rut/board.c,490,"""THE REST"""
board/siemens/rut/board.h,21,"""THE REST"""
board/siemens/rut/mux.c,346,"""THE REST"""
board/siemens/smartweb/Kconfig,12,"""THE REST"""
board/siemens/smartweb/MAINTAINERS,6,"""THE REST"""
board/siemens/smartweb/Makefile,18,"""THE REST"""
board/siemens/smartweb/smartweb.c,264,"""THE REST"""
board/siemens/taurus/Kconfig,12,"""THE REST"""
board/siemens/taurus/MAINTAINERS,7,"""THE REST"""
board/siemens/taurus/Makefile,16,"""THE REST"""
board/siemens/taurus/taurus.c,453,"""THE REST"""
board/silica/pengwyn/Kconfig,15,"""THE REST"""
board/silica/pengwyn/MAINTAINERS,6,"""THE REST"""
board/silica/pengwyn/Makefile,11,"""THE REST"""
board/silica/pengwyn/board.c,201,"""THE REST"""
board/silica/pengwyn/board.h,14,"""THE REST"""
board/silica/pengwyn/mux.c,97,"""THE REST"""
board/sks-kinkel/sksimx6/Kconfig,11,"""THE REST"""
board/sks-kinkel/sksimx6/MAINTAINERS,6,"""THE REST"""
board/sks-kinkel/sksimx6/Makefile,2,"""THE REST"""
board/sks-kinkel/sksimx6/sksimx6.c,425,"""THE REST"""
board/socrates/Kconfig,9,"""THE REST"""
board/socrates/MAINTAINERS,6,"""THE REST"""
board/socrates/Makefile,13,"""THE REST"""
board/socrates/ddr.c,53,"""THE REST"""
board/socrates/law.c,43,"""THE REST"""
board/socrates/nand.c,162,"""THE REST"""
board/socrates/sdram.c,95,"""THE REST"""
board/socrates/socrates.c,433,"""THE REST"""
board/socrates/tlb.c,104,"""THE REST"""
board/socrates/upm_table.h,58,"""THE REST"""
board/solidrun/clearfog/MAINTAINERS,7,"""THE REST"""
board/solidrun/clearfog/Makefile,5,"""THE REST"""
board/solidrun/clearfog/README,51,"""THE REST"""
board/solidrun/clearfog/clearfog.c,141,"""THE REST"""
board/solidrun/mx6cuboxi/Kconfig,12,"""THE REST"""
board/solidrun/mx6cuboxi/MAINTAINERS,6,"""THE REST"""
board/solidrun/mx6cuboxi/Makefile,7,"""THE REST"""
board/solidrun/mx6cuboxi/README,21,"""THE REST"""
board/solidrun/mx6cuboxi/mx6cuboxi.c,857,"""THE REST"""
board/spear/spear300/Kconfig,15,"""THE REST"""
board/spear/spear300/MAINTAINERS,13,"""THE REST"""
board/spear/spear300/Makefile,6,"""THE REST"""
board/spear/spear300/spear300.c,60,"""THE REST"""
board/spear/spear310/Kconfig,15,"""THE REST"""
board/spear/spear310/MAINTAINERS,15,"""THE REST"""
board/spear/spear310/Makefile,6,"""THE REST"""
board/spear/spear310/spear310.c,78,"""THE REST"""
board/spear/spear320/Kconfig,15,"""THE REST"""
board/spear/spear320/MAINTAINERS,15,"""THE REST"""
board/spear/spear320/Makefile,6,"""THE REST"""
board/spear/spear320/spear320.c,77,"""THE REST"""
board/spear/spear600/Kconfig,15,"""THE REST"""
board/spear/spear600/MAINTAINERS,13,"""THE REST"""
board/spear/spear600/Makefile,6,"""THE REST"""
board/spear/spear600/spear600.c,55,"""THE REST"""
board/spear/x600/Kconfig,18,"""THE REST"""
board/spear/x600/MAINTAINERS,6,"""THE REST"""
board/spear/x600/Makefile,11,"""THE REST"""
board/spear/x600/fpga.c,263,"""THE REST"""
board/spear/x600/fpga.h,6,"""THE REST"""
board/spear/x600/x600.c,147,"""THE REST"""
board/sr1500/MAINTAINERS,6,"""THE REST"""
board/sr1500/Makefile,5,"""THE REST"""
board/sr1500/qts/iocsr_config.h,659,"""THE REST"""
board/sr1500/qts/pinmux_config.h,218,"""THE REST"""
board/sr1500/qts/pll_config.h,84,"""THE REST"""
board/sr1500/qts/sdram_config.h,343,"""THE REST"""
board/sr1500/socfpga.c,26,"""THE REST"""
board/st/stih410-b2260/Kconfig,19,"""THE REST"""
board/st/stih410-b2260/MAINTAINERS,7,"""THE REST"""
board/st/stih410-b2260/Makefile,6,"""THE REST"""
board/st/stih410-b2260/board.c,78,"""THE REST"""
board/st/stm32f429-discovery/Kconfig,19,"""THE REST"""
board/st/stm32f429-discovery/MAINTAINERS,6,"""THE REST"""
board/st/stm32f429-discovery/Makefile,10,"""THE REST"""
board/st/stm32f429-discovery/led.c,34,"""THE REST"""
board/st/stm32f429-discovery/stm32f429-discovery.c,79,"""THE REST"""
board/st/stm32f429-evaluation/Kconfig,19,"""THE REST"""
board/st/stm32f429-evaluation/MAINTAINERS,6,"""THE REST"""
board/st/stm32f429-evaluation/Makefile,6,"""THE REST"""
board/st/stm32f429-evaluation/stm32f429-evaluation.c,73,"""THE REST"""
board/st/stm32f469-discovery/Kconfig,19,"""THE REST"""
board/st/stm32f469-discovery/MAINTAINERS,6,"""THE REST"""
board/st/stm32f469-discovery/Makefile,6,"""THE REST"""
board/st/stm32f469-discovery/stm32f469-discovery.c,73,"""THE REST"""
board/st/stm32f746-disco/Kconfig,19,"""THE REST"""
board/st/stm32f746-disco/MAINTAINERS,6,"""THE REST"""
board/st/stm32f746-disco/Makefile,6,"""THE REST"""
board/st/stm32f746-disco/stm32f746-disco.c,136,"""THE REST"""
board/st/stm32h743-disco/Kconfig,19,"""THE REST"""
board/st/stm32h743-disco/MAINTAINERS,7,"""THE REST"""
board/st/stm32h743-disco/Makefile,6,"""THE REST"""
board/st/stm32h743-disco/stm32h743-disco.c,55,"""THE REST"""
board/st/stm32h743-eval/Kconfig,19,"""THE REST"""
board/st/stm32h743-eval/MAINTAINERS,6,"""THE REST"""
board/st/stm32h743-eval/Makefile,6,"""THE REST"""
board/st/stm32h743-eval/stm32h743-eval.c,55,"""THE REST"""
board/st/stm32mp1/Kconfig,12,"""THE REST"""
board/st/stm32mp1/MAINTAINERS,8,"""THE REST"""
board/st/stm32mp1/Makefile,12,"""THE REST"""
board/st/stm32mp1/README,268,"""THE REST"""
board/st/stm32mp1/board.c,101,"""THE REST"""
board/st/stm32mp1/spl.c,32,"""THE REST"""
board/st/stm32mp1/stm32mp1.c,198,"""THE REST"""
board/st/stv0991/Kconfig,15,"""THE REST"""
board/st/stv0991/MAINTAINERS,6,"""THE REST"""
board/st/stv0991/Makefile,6,"""THE REST"""
board/st/stv0991/stv0991.c,115,"""THE REST"""
board/sunxi/MAINTAINERS,455,"""ARM SUNXI"",""THE REST"""
board/sunxi/Makefile,16,"""ARM SUNXI"",""THE REST"""
board/sunxi/README.nand,53,"""ARM SUNXI"",""THE REST"""
board/sunxi/README.sunxi64,183,"""ARM SUNXI"",""THE REST"""
board/sunxi/ahci.c,134,"""ARM SUNXI"",""THE REST"""
board/sunxi/board.c,889,"""ARM SUNXI"",""THE REST"""
board/sunxi/dram_sun4i_auto.c,35,"""ARM SUNXI"",""THE REST"""
board/sunxi/dram_sun5i_auto.c,38,"""ARM SUNXI"",""THE REST"""
board/sunxi/dram_timings_sun4i.h,205,"""ARM SUNXI"",""THE REST"""
board/sunxi/gmac.c,86,"""ARM SUNXI"",""THE REST"""
board/sunxi/mksunxi_fit_atf.sh,87,"""ARM SUNXI"",""THE REST"""
board/synopsys/Kconfig,9,"""ARC"",""THE REST"""
board/synopsys/MAINTAINERS,8,"""ARC"",""THE REST"""
board/synopsys/axs10x/Kconfig,12,"""ARC"",""THE REST"""
board/synopsys/axs10x/MAINTAINERS,7,"""ARC"",""THE REST"""
board/synopsys/axs10x/Makefile,6,"""ARC"",""THE REST"""
board/synopsys/axs10x/axs10x.c,119,"""ARC"",""THE REST"""
board/synopsys/axs10x/axs10x.h,15,"""ARC"",""THE REST"""
board/synopsys/axs10x/config.mk,23,"""ARC"",""THE REST"""
board/synopsys/axs10x/headerize-axs.py,176,"""ARC"",""THE REST"""
board/synopsys/axs10x/nand.c,242,"""ARC"",""THE REST"""
board/synopsys/emsdp/Kconfig,12,"""ARC"",""THE REST"""
board/synopsys/emsdp/MAINTAINERS,6,"""ARC"",""THE REST"""
board/synopsys/emsdp/Makefile,7,"""ARC"",""THE REST"""
board/synopsys/emsdp/README,83,"""ARC"",""THE REST"""
board/synopsys/emsdp/emsdp.c,145,"""ARC"",""THE REST"""
board/synopsys/hsdk/Kconfig,12,"""ARC"",""THE REST"""
board/synopsys/hsdk/MAINTAINERS,5,"""ARC"",""THE REST"""
board/synopsys/hsdk/Makefile,7,"""ARC"",""THE REST"""
board/synopsys/hsdk/README,127,"""ARC"",""THE REST"""
board/synopsys/hsdk/clk-lib.c,74,"""ARC"",""THE REST"""
board/synopsys/hsdk/clk-lib.h,37,"""ARC"",""THE REST"""
board/synopsys/hsdk/config.mk,11,"""ARC"",""THE REST"""
board/synopsys/hsdk/env-lib.c,301,"""ARC"",""THE REST"""
board/synopsys/hsdk/env-lib.h,57,"""ARC"",""THE REST"""
board/synopsys/hsdk/headerize-hsdk.py,149,"""ARC"",""THE REST"""
board/synopsys/hsdk/hsdk.c,1061,"""ARC"",""THE REST"""
board/synopsys/iot_devkit/Kconfig,12,"""ARC"",""THE REST"""
board/synopsys/iot_devkit/MAINTAINERS,5,"""ARC"",""THE REST"""
board/synopsys/iot_devkit/Makefile,7,"""ARC"",""THE REST"""
board/synopsys/iot_devkit/README,145,"""ARC"",""THE REST"""
board/synopsys/iot_devkit/config.mk,2,"""ARC"",""THE REST"""
board/synopsys/iot_devkit/iot_devkit.c,191,"""ARC"",""THE REST"""
board/synopsys/iot_devkit/u-boot.lds,77,"""ARC"",""THE REST"""
board/sysam/amcore/Kconfig,22,"""THE REST"""
board/sysam/amcore/MAINTAINERS,6,"""THE REST"""
board/sysam/amcore/Makefile,7,"""THE REST"""
board/sysam/amcore/amcore.c,118,"""THE REST"""
board/sysam/stmark2/Kconfig,15,"""THE REST"""
board/sysam/stmark2/MAINTAINERS,6,"""THE REST"""
board/sysam/stmark2/Makefile,8,"""THE REST"""
board/sysam/stmark2/sbf_dram_init.S,118,"""THE REST"""
board/sysam/stmark2/stmark2.c,46,"""THE REST"""
board/syteco/zmx25/Kconfig,15,"""THE REST"""
board/syteco/zmx25/MAINTAINERS,6,"""THE REST"""
board/syteco/zmx25/Makefile,7,"""THE REST"""
board/syteco/zmx25/lowlevel_init.S,96,"""THE REST"""
board/syteco/zmx25/zmx25.c,173,"""THE REST"""
board/tbs/tbs2910/Kconfig,18,"""THE REST"""
board/tbs/tbs2910/MAINTAINERS,6,"""THE REST"""
board/tbs/tbs2910/Makefile,5,"""THE REST"""
board/tbs/tbs2910/tbs2910.c,454,"""THE REST"""
board/tbs/tbs2910/tbs2910.cfg,114,"""THE REST"""
board/tcl/sl50/Kconfig,15,"""THE REST"""
board/tcl/sl50/MAINTAINERS,6,"""THE REST"""
board/tcl/sl50/Makefile,11,"""THE REST"""
board/tcl/sl50/board.c,385,"""THE REST"""
board/tcl/sl50/board.h,21,"""THE REST"""
board/tcl/sl50/mux.c,153,"""THE REST"""
board/technexion/pico-imx6ul/Kconfig,15,"""THE REST"""
board/technexion/pico-imx6ul/MAINTAINERS,17,"""THE REST"""
board/technexion/pico-imx6ul/Makefile,5,"""THE REST"""
board/technexion/pico-imx6ul/README,159,"""THE REST"""
board/technexion/pico-imx6ul/imximage.cfg,96,"""THE REST"""
board/technexion/pico-imx6ul/pico-imx6ul.c,292,"""THE REST"""
board/technexion/pico-imx6ul/spl.c,144,"""THE REST"""
board/technexion/pico-imx7d/Kconfig,15,"""THE REST"""
board/technexion/pico-imx7d/MAINTAINERS,16,"""THE REST"""
board/technexion/pico-imx7d/Makefile,4,"""THE REST"""
board/technexion/pico-imx7d/README,64,"""THE REST"""
board/technexion/pico-imx7d/pico-imx7d.c,315,"""THE REST"""
board/technexion/pico-imx7d/spl.c,122,"""THE REST"""
board/technexion/tao3530/Kconfig,12,"""THE REST"""
board/technexion/tao3530/MAINTAINERS,11,"""THE REST"""
board/technexion/tao3530/Makefile,3,"""THE REST"""
board/technexion/tao3530/tao3530.c,221,"""THE REST"""
board/technexion/tao3530/tao3530.h,370,"""THE REST"""
board/technexion/twister/Kconfig,12,"""THE REST"""
board/technexion/twister/MAINTAINERS,6,"""THE REST"""
board/technexion/twister/Makefile,7,"""THE REST"""
board/technexion/twister/twister.c,160,"""THE REST"""
board/technexion/twister/twister.h,400,"""THE REST"""
board/technologic/ts4600/Kconfig,15,"""THE REST"""
board/technologic/ts4600/MAINTAINERS,6,"""THE REST"""
board/technologic/ts4600/Makefile,9,"""THE REST"""
board/technologic/ts4600/iomux.c,148,"""THE REST"""
board/technologic/ts4600/ts4600.c,88,"""THE REST"""
board/technologic/ts4800/Kconfig,15,"""THE REST"""
board/technologic/ts4800/MAINTAINERS,6,"""THE REST"""
board/technologic/ts4800/Makefile,5,"""THE REST"""
board/technologic/ts4800/ts4800.c,258,"""THE REST"""
board/technologic/ts4800/ts4800.h,15,"""THE REST"""
board/teejet/mt_ventoux/Kconfig,12,"""THE REST"""
board/teejet/mt_ventoux/MAINTAINERS,6,"""THE REST"""
board/teejet/mt_ventoux/Makefile,7,"""THE REST"""
board/teejet/mt_ventoux/mt_ventoux.c,342,"""THE REST"""
board/teejet/mt_ventoux/mt_ventoux.h,403,"""THE REST"""
board/terasic/de0-nano-soc/MAINTAINERS,5,"""THE REST"""
board/terasic/de0-nano-soc/Makefile,7,"""THE REST"""
board/terasic/de0-nano-soc/qts/iocsr_config.h,657,"""THE REST"""
board/terasic/de0-nano-soc/qts/pinmux_config.h,219,"""THE REST"""
board/terasic/de0-nano-soc/qts/pll_config.h,84,"""THE REST"""
board/terasic/de0-nano-soc/qts/sdram_config.h,344,"""THE REST"""
board/terasic/de0-nano-soc/socfpga.c,5,"""THE REST"""
board/terasic/de1-soc/MAINTAINERS,5,"""THE REST"""
board/terasic/de1-soc/Makefile,7,"""THE REST"""
board/terasic/de1-soc/qts/iocsr_config.h,659,"""THE REST"""
board/terasic/de1-soc/qts/pinmux_config.h,218,"""THE REST"""
board/terasic/de1-soc/qts/pll_config.h,90,"""THE REST"""
board/terasic/de1-soc/qts/sdram_config.h,343,"""THE REST"""
board/terasic/de1-soc/socfpga.c,18,"""THE REST"""
board/terasic/de10-nano/MAINTAINERS,5,"""THE REST"""
board/terasic/de10-nano/Makefile,6,"""THE REST"""
board/terasic/de10-nano/qts/iocsr_config.h,659,"""THE REST"""
board/terasic/de10-nano/qts/pinmux_config.h,218,"""THE REST"""
board/terasic/de10-nano/qts/pll_config.h,84,"""THE REST"""
board/terasic/de10-nano/qts/sdram_config.h,343,"""THE REST"""
board/terasic/de10-nano/socfpga.c,5,"""THE REST"""
board/terasic/sockit/MAINTAINERS,5,"""THE REST"""
board/terasic/sockit/Makefile,7,"""THE REST"""
board/terasic/sockit/qts/iocsr_config.h,659,"""THE REST"""
board/terasic/sockit/qts/pinmux_config.h,218,"""THE REST"""
board/terasic/sockit/qts/pll_config.h,84,"""THE REST"""
board/terasic/sockit/qts/sdram_config.h,343,"""THE REST"""
board/terasic/sockit/socfpga.c,5,"""THE REST"""
board/theadorable/MAINTAINERS,6,"""THE REST"""
board/theadorable/Makefile,6,"""THE REST"""
board/theadorable/fpga.c,178,"""THE REST"""
board/theadorable/theadorable.c,336,"""THE REST"""
board/theadorable/theadorable.h,11,"""THE REST"""
board/theobroma-systems/lion_rk3368/Kconfig,21,"""THE REST"""
board/theobroma-systems/lion_rk3368/MAINTAINERS,10,"""THE REST"""
board/theobroma-systems/lion_rk3368/Makefile,5,"""THE REST"""
board/theobroma-systems/lion_rk3368/README,80,"""THE REST"""
board/theobroma-systems/lion_rk3368/fit_spl_atf.its,52,"""THE REST"""
board/theobroma-systems/lion_rk3368/lion_rk3368.c,22,"""THE REST"""
board/theobroma-systems/puma_rk3399/Kconfig,21,"""THE REST"""
board/theobroma-systems/puma_rk3399/MAINTAINERS,10,"""THE REST"""
board/theobroma-systems/puma_rk3399/Makefile,7,"""THE REST"""
board/theobroma-systems/puma_rk3399/README,107,"""THE REST"""
board/theobroma-systems/puma_rk3399/fit_spl_atf.its,58,"""THE REST"""
board/theobroma-systems/puma_rk3399/puma-rk3399.c,363,"""THE REST"""
board/ti/am335x/Kconfig,24,"""THE REST"""
board/ti/am335x/MAINTAINERS,12,"""THE REST"""
board/ti/am335x/Makefile,11,"""THE REST"""
board/ti/am335x/README,205,"""THE REST"""
board/ti/am335x/board.c,1086,"""THE REST"""
board/ti/am335x/board.h,97,"""THE REST"""
board/ti/am335x/mux.c,424,"""THE REST"""
board/ti/am335x/u-boot.lds,164,"""THE REST"""
board/ti/am3517crane/Kconfig,12,"""THE REST"""
board/ti/am3517crane/MAINTAINERS,6,"""THE REST"""
board/ti/am3517crane/Makefile,9,"""THE REST"""
board/ti/am3517crane/am3517crane.c,70,"""THE REST"""
board/ti/am3517crane/am3517crane.h,343,"""THE REST"""
board/ti/am43xx/Kconfig,17,"""THE REST"""
board/ti/am43xx/MAINTAINERS,11,"""THE REST"""
board/ti/am43xx/Makefile,11,"""THE REST"""
board/ti/am43xx/board.c,1003,"""THE REST"""
board/ti/am43xx/board.h,62,"""THE REST"""
board/ti/am43xx/mux.c,153,"""THE REST"""
board/ti/am57xx/Kconfig,14,"""THE REST"""
board/ti/am57xx/MAINTAINERS,7,"""THE REST"""
board/ti/am57xx/Makefile,6,"""THE REST"""
board/ti/am57xx/board.c,1121,"""THE REST"""
board/ti/am57xx/mux_data.h,1414,"""THE REST"""
board/ti/am65x/Kconfig,52,"""THE REST"""
board/ti/am65x/MAINTAINERS,7,"""THE REST"""
board/ti/am65x/Makefile,8,"""THE REST"""
board/ti/am65x/README,211,"""THE REST"""
board/ti/am65x/evm.c,68,"""THE REST"""
board/ti/beagle/Kconfig,12,"""THE REST"""
board/ti/beagle/MAINTAINERS,6,"""THE REST"""
board/ti/beagle/Makefile,7,"""THE REST"""
board/ti/beagle/beagle.c,591,"""THE REST"""
board/ti/beagle/beagle.h,545,"""THE REST"""
board/ti/beagle/led.c,71,"""THE REST"""
board/ti/common/Kconfig,43,"""THE REST"""
board/ti/common/Makefile,4,"""THE REST"""
board/ti/common/board_detect.c,464,"""THE REST"""
board/ti/common/board_detect.h,233,"""THE REST"""
board/ti/dra7xx/Kconfig,14,"""THE REST"""
board/ti/dra7xx/MAINTAINERS,7,"""THE REST"""
board/ti/dra7xx/Makefile,6,"""THE REST"""
board/ti/dra7xx/README,26,"""THE REST"""
board/ti/dra7xx/evm.c,1117,"""THE REST"""
board/ti/dra7xx/mux_data.h,1121,"""THE REST"""
board/ti/evm/Kconfig,12,"""THE REST"""
board/ti/evm/MAINTAINERS,6,"""THE REST"""
board/ti/evm/Makefile,6,"""THE REST"""
board/ti/evm/evm.c,353,"""THE REST"""
board/ti/evm/evm.h,394,"""THE REST"""
board/ti/ks2_evm/Kconfig,53,"""THE REST"""
board/ti/ks2_evm/MAINTAINERS,12,"""THE REST"""
board/ti/ks2_evm/Makefile,17,"""THE REST"""
board/ti/ks2_evm/README,194,"""THE REST"""
board/ti/ks2_evm/board.c,253,"""THE REST"""
board/ti/ks2_evm/board.h,41,"""THE REST"""
board/ti/ks2_evm/board_k2e.c,116,"""THE REST"""
board/ti/ks2_evm/board_k2g.c,386,"""THE REST"""
board/ti/ks2_evm/board_k2hk.c,123,"""THE REST"""
board/ti/ks2_evm/board_k2l.c,111,"""THE REST"""
board/ti/ks2_evm/ddr3_cfg.c,48,"""THE REST"""
board/ti/ks2_evm/ddr3_cfg.h,19,"""THE REST"""
board/ti/ks2_evm/ddr3_k2e.c,47,"""THE REST"""
board/ti/ks2_evm/ddr3_k2g.c,188,"""THE REST"""
board/ti/ks2_evm/ddr3_k2hk.c,67,"""THE REST"""
board/ti/ks2_evm/ddr3_k2l.c,29,"""THE REST"""
board/ti/ks2_evm/mux-k2g.h,364,"""THE REST"""
board/ti/omap5_uevm/Kconfig,12,"""THE REST"""
board/ti/omap5_uevm/MAINTAINERS,6,"""THE REST"""
board/ti/omap5_uevm/Makefile,6,"""THE REST"""
board/ti/omap5_uevm/README,25,"""THE REST"""
board/ti/omap5_uevm/evm.c,280,"""THE REST"""
board/ti/omap5_uevm/mux_data.h,57,"""THE REST"""
board/ti/panda/Kconfig,12,"""THE REST"""
board/ti/panda/MAINTAINERS,6,"""THE REST"""
board/ti/panda/Makefile,6,"""THE REST"""
board/ti/panda/panda.c,342,"""THE REST"""
board/ti/panda/panda_mux_data.h,86,"""THE REST"""
board/ti/sdp4430/Kconfig,15,"""THE REST"""
board/ti/sdp4430/MAINTAINERS,6,"""THE REST"""
board/ti/sdp4430/Makefile,10,"""THE REST"""
board/ti/sdp4430/cmd_bat.c,41,"""THE REST"""
board/ti/sdp4430/sdp.c,98,"""THE REST"""
board/ti/sdp4430/sdp4430_mux_data.h,67,"""THE REST"""
board/ti/ti814x/Kconfig,15,"""THE REST"""
board/ti/ti814x/MAINTAINERS,6,"""THE REST"""
board/ti/ti814x/Makefile,11,"""THE REST"""
board/ti/ti814x/evm.c,188,"""THE REST"""
board/ti/ti814x/evm.h,8,"""THE REST"""
board/ti/ti814x/mux.c,86,"""THE REST"""
board/ti/ti816x/Kconfig,15,"""THE REST"""
board/ti/ti816x/MAINTAINERS,6,"""THE REST"""
board/ti/ti816x/Makefile,10,"""THE REST"""
board/ti/ti816x/evm.c,138,"""THE REST"""
board/timll/devkit3250/Kconfig,12,"""THE REST"""
board/timll/devkit3250/MAINTAINERS,6,"""THE REST"""
board/timll/devkit3250/Makefile,7,"""THE REST"""
board/timll/devkit3250/devkit3250.c,80,"""THE REST"""
board/timll/devkit3250/devkit3250_spl.c,67,"""THE REST"""
board/timll/devkit8000/Kconfig,12,"""THE REST"""
board/timll/devkit8000/MAINTAINERS,6,"""THE REST"""
board/timll/devkit8000/Makefile,9,"""THE REST"""
board/timll/devkit8000/README,15,"""THE REST"""
board/timll/devkit8000/devkit8000.c,206,"""THE REST"""
board/timll/devkit8000/devkit8000.h,359,"""THE REST"""
board/topic/zynq/MAINTAINERS,6,"""ARM ZYNQ"",""THE REST"""
board/topic/zynq/Makefile,8,"""ARM ZYNQ"",""THE REST"""
board/topic/zynq/board.c,1,"""ARM ZYNQ"",""THE REST"""
board/topic/zynq/zynq-topic-miami/ps7_init_gpl.c,226,"""ARM ZYNQ"",""THE REST"""
board/topic/zynq/zynq-topic-miami/ps7_regs.txt,61,"""ARM ZYNQ"",""THE REST"""
board/topic/zynq/zynq-topic-miamilite/ps7_init_gpl.c,226,"""ARM ZYNQ"",""THE REST"""
board/topic/zynq/zynq-topic-miamilite/ps7_regs.txt,61,"""ARM ZYNQ"",""THE REST"""
board/topic/zynq/zynq-topic-miamiplus/ps7_init_gpl.c,232,"""ARM ZYNQ"",""THE REST"""
board/topic/zynq/zynq-topic-miamiplus/ps7_regs.txt,61,"""ARM ZYNQ"",""THE REST"""
board/toradex/apalis-tk1/Kconfig,38,"""THE REST"""
board/toradex/apalis-tk1/MAINTAINERS,7,"""THE REST"""
board/toradex/apalis-tk1/Makefile,5,"""THE REST"""
board/toradex/apalis-tk1/apalis-tk1.c,242,"""THE REST"""
board/toradex/apalis-tk1/as3722_init.c,116,"""THE REST"""
board/toradex/apalis-tk1/as3722_init.h,40,"""THE REST"""
board/toradex/apalis-tk1/pinmux-config-apalis-tk1.h,286,"""THE REST"""
board/toradex/apalis_imx6/1066mhz_4x128mx16.cfg,47,"""THE REST"""
board/toradex/apalis_imx6/1066mhz_4x256mx16.cfg,47,"""THE REST"""
board/toradex/apalis_imx6/Kconfig,55,"""THE REST"""
board/toradex/apalis_imx6/MAINTAINERS,9,"""THE REST"""
board/toradex/apalis_imx6/Makefile,5,"""THE REST"""
board/toradex/apalis_imx6/apalis_imx6.c,1236,"""THE REST"""
board/toradex/apalis_imx6/apalis_imx6q.cfg,33,"""THE REST"""
board/toradex/apalis_imx6/clocks.cfg,41,"""THE REST"""
board/toradex/apalis_imx6/ddr-setup.cfg,96,"""THE REST"""
board/toradex/apalis_imx6/do_fuse.c,97,"""THE REST"""
board/toradex/apalis_imx6/pf0100.c,230,"""THE REST"""
board/toradex/apalis_imx6/pf0100.h,52,"""THE REST"""
board/toradex/apalis_imx6/pf0100_otp.inc,189,"""THE REST"""
board/toradex/apalis_t30/Kconfig,39,"""THE REST"""
board/toradex/apalis_t30/MAINTAINERS,7,"""THE REST"""
board/toradex/apalis_t30/Makefile,4,"""THE REST"""
board/toradex/apalis_t30/apalis_t30.c,166,"""THE REST"""
board/toradex/apalis_t30/pinmux-config-apalis_t30.h,338,"""THE REST"""
board/toradex/colibri-imx6ull/Kconfig,29,"""THE REST"""
board/toradex/colibri-imx6ull/MAINTAINERS,10,"""THE REST"""
board/toradex/colibri-imx6ull/Makefile,4,"""THE REST"""
board/toradex/colibri-imx6ull/colibri-imx6ull.c,408,"""THE REST"""
board/toradex/colibri-imx6ull/imximage.cfg,106,"""THE REST"""
board/toradex/colibri_imx6/800mhz_2x64mx16.cfg,58,"""THE REST"""
board/toradex/colibri_imx6/800mhz_4x64mx16.cfg,58,"""THE REST"""
board/toradex/colibri_imx6/Kconfig,44,"""THE REST"""
board/toradex/colibri_imx6/MAINTAINERS,8,"""THE REST"""
board/toradex/colibri_imx6/Makefile,5,"""THE REST"""
board/toradex/colibri_imx6/clocks.cfg,41,"""THE REST"""
board/toradex/colibri_imx6/colibri_imx6.c,1121,"""THE REST"""
board/toradex/colibri_imx6/colibri_imx6.cfg,37,"""THE REST"""
board/toradex/colibri_imx6/ddr-setup.cfg,97,"""THE REST"""
board/toradex/colibri_imx6/do_fuse.c,97,"""THE REST"""
board/toradex/colibri_imx6/pf0100.c,212,"""THE REST"""
board/toradex/colibri_imx6/pf0100.h,52,"""THE REST"""
board/toradex/colibri_imx6/pf0100_otp.inc,187,"""THE REST"""
board/toradex/colibri_imx7/Kconfig,76,"""THE REST"""
board/toradex/colibri_imx7/MAINTAINERS,10,"""THE REST"""
board/toradex/colibri_imx7/Makefile,4,"""THE REST"""
board/toradex/colibri_imx7/colibri_imx7.c,475,"""THE REST"""
board/toradex/colibri_imx7/imximage.cfg,149,"""THE REST"""
board/toradex/colibri_pxa270/Kconfig,23,"""THE REST"""
board/toradex/colibri_pxa270/MAINTAINERS,6,"""THE REST"""
board/toradex/colibri_pxa270/Makefile,7,"""THE REST"""
board/toradex/colibri_pxa270/colibri_pxa270.c,138,"""THE REST"""
board/toradex/colibri_t20/Kconfig,23,"""THE REST"""
board/toradex/colibri_t20/MAINTAINERS,7,"""THE REST"""
board/toradex/colibri_t20/Makefile,5,"""THE REST"""
board/toradex/colibri_t20/colibri_t20.c,153,"""THE REST"""
board/toradex/colibri_t30/Kconfig,30,"""THE REST"""
board/toradex/colibri_t30/MAINTAINERS,7,"""THE REST"""
board/toradex/colibri_t30/Makefile,4,"""THE REST"""
board/toradex/colibri_t30/colibri_t30.c,68,"""THE REST"""
board/toradex/colibri_t30/pinmux-config-colibri_t30.h,349,"""THE REST"""
board/toradex/colibri_vf/Kconfig,26,"""THE REST"""
board/toradex/colibri_vf/MAINTAINERS,10,"""THE REST"""
board/toradex/colibri_vf/Makefile,6,"""THE REST"""
board/toradex/colibri_vf/colibri_vf.c,642,"""THE REST"""
board/toradex/colibri_vf/dcu.c,36,"""THE REST"""
board/toradex/colibri_vf/imximage.cfg,16,"""THE REST"""
board/toradex/common/Kconfig,69,"""THE REST"""
board/toradex/common/Makefile,11,"""THE REST"""
board/toradex/common/tdx-cfg-block.c,556,"""THE REST"""
board/toradex/common/tdx-cfg-block.h,74,"""THE REST"""
board/toradex/common/tdx-common.c,167,"""THE REST"""
board/toradex/common/tdx-common.h,14,"""THE REST"""
board/tplink/wdr4300/Kconfig,30,"""THE REST"""
board/tplink/wdr4300/MAINTAINERS,6,"""THE REST"""
board/tplink/wdr4300/Makefile,3,"""THE REST"""
board/tplink/wdr4300/wdr4300.c,81,"""THE REST"""
board/tqc/tqm834x/Kconfig,12,"""THE REST"""
board/tqc/tqm834x/MAINTAINERS,6,"""THE REST"""
board/tqc/tqm834x/Makefile,9,"""THE REST"""
board/tqc/tqm834x/pci.c,96,"""THE REST"""
board/tqc/tqm834x/tqm834x.c,428,"""THE REST"""
board/tqc/tqma6/Kconfig,82,"""THE REST"""
board/tqc/tqma6/MAINTAINERS,6,"""THE REST"""
board/tqc/tqma6/Makefile,8,"""THE REST"""
board/tqc/tqma6/README,38,"""THE REST"""
board/tqc/tqma6/clocks.cfg,23,"""THE REST"""
board/tqc/tqma6/tqma6.c,288,"""THE REST"""
board/tqc/tqma6/tqma6_bb.h,29,"""THE REST"""
board/tqc/tqma6/tqma6_mba6.c,351,"""THE REST"""
board/tqc/tqma6/tqma6_wru4.c,345,"""THE REST"""
board/tqc/tqma6/tqma6dl.cfg,124,"""THE REST"""
board/tqc/tqma6/tqma6q.cfg,124,"""THE REST"""
board/tqc/tqma6/tqma6s.cfg,124,"""THE REST"""
board/ucRobotics/bubblegum_96/Kconfig,15,"""ARM OWL"",""THE REST"""
board/ucRobotics/bubblegum_96/MAINTAINERS,6,"""ARM OWL"",""THE REST"""
board/ucRobotics/bubblegum_96/Makefile,3,"""ARM OWL"",""THE REST"""
board/ucRobotics/bubblegum_96/bubblegum_96.c,56,"""ARM OWL"",""THE REST"""
board/udoo/Kconfig,9,"""THE REST"""
board/udoo/MAINTAINERS,6,"""THE REST"""
board/udoo/Makefile,5,"""THE REST"""
board/udoo/README,21,"""THE REST"""
board/udoo/neo/Kconfig,12,"""THE REST"""
board/udoo/neo/MAINTAINERS,7,"""THE REST"""
board/udoo/neo/Makefile,4,"""THE REST"""
board/udoo/neo/neo.c,595,"""THE REST"""
board/udoo/udoo.c,271,"""THE REST"""
board/udoo/udoo_spl.c,254,"""THE REST"""
board/vamrs/rock960_rk3399/Kconfig,15,"""THE REST"""
board/vamrs/rock960_rk3399/MAINTAINERS,11,"""THE REST"""
board/vamrs/rock960_rk3399/Makefile,6,"""THE REST"""
board/vamrs/rock960_rk3399/README,152,"""THE REST"""
board/vamrs/rock960_rk3399/rock960-rk3399.c,50,"""THE REST"""
board/varisys/common/Makefile,21,"""THE REST"""
board/varisys/common/eeprom.h,6,"""THE REST"""
board/varisys/common/sys_eeprom.c,497,"""THE REST"""
board/varisys/cyrus/Kconfig,14,"""THE REST"""
board/varisys/cyrus/MAINTAINERS,7,"""THE REST"""
board/varisys/cyrus/Makefile,8,"""THE REST"""
board/varisys/cyrus/README,19,"""THE REST"""
board/varisys/cyrus/cyrus.c,113,"""THE REST"""
board/varisys/cyrus/cyrus.h,9,"""THE REST"""
board/varisys/cyrus/ddr.c,189,"""THE REST"""
board/varisys/cyrus/eth.c,99,"""THE REST"""
board/varisys/cyrus/law.c,26,"""THE REST"""
board/varisys/cyrus/pbi.cfg,35,"""THE REST"""
board/varisys/cyrus/pci.c,22,"""THE REST"""
board/varisys/cyrus/rcw_p5020_v2.cfg,11,"""THE REST"""
board/varisys/cyrus/rcw_p5040.cfg,11,"""THE REST"""
board/varisys/cyrus/tlb.c,105,"""THE REST"""
board/ve8313/Kconfig,9,"""THE REST"""
board/ve8313/MAINTAINERS,6,"""THE REST"""
board/ve8313/Makefile,6,"""THE REST"""
board/ve8313/ve8313.c,205,"""THE REST"""
board/vscom/baltos/Kconfig,15,"""THE REST"""
board/vscom/baltos/MAINTAINERS,6,"""THE REST"""
board/vscom/baltos/Makefile,11,"""THE REST"""
board/vscom/baltos/README,1,"""THE REST"""
board/vscom/baltos/board.c,488,"""THE REST"""
board/vscom/baltos/board.h,34,"""THE REST"""
board/vscom/baltos/mux.c,118,"""THE REST"""
board/vscom/baltos/u-boot.lds,128,"""THE REST"""
board/wandboard/Kconfig,9,"""THE REST"""
board/wandboard/MAINTAINERS,6,"""THE REST"""
board/wandboard/Makefile,5,"""THE REST"""
board/wandboard/README,39,"""THE REST"""
board/wandboard/spl.c,425,"""THE REST"""
board/wandboard/wandboard.c,559,"""THE REST"""
board/warp/Kconfig,9,"""THE REST"""
board/warp/MAINTAINERS,6,"""THE REST"""
board/warp/Makefile,6,"""THE REST"""
board/warp/README,56,"""THE REST"""
board/warp/imximage.cfg,123,"""THE REST"""
board/warp/warp.c,168,"""THE REST"""
board/warp7/Kconfig,23,"""THE REST"""
board/warp7/MAINTAINERS,7,"""THE REST"""
board/warp7/Makefile,4,"""THE REST"""
board/warp7/README,63,"""THE REST"""
board/warp7/imximage.cfg,98,"""THE REST"""
board/warp7/warp7.c,237,"""THE REST"""
board/woodburn/Kconfig,25,"""THE REST"""
board/woodburn/MAINTAINERS,12,"""THE REST"""
board/woodburn/Makefile,8,"""THE REST"""
board/woodburn/imximage.cfg,4,"""THE REST"""
board/woodburn/lowlevel_init.S,24,"""THE REST"""
board/woodburn/woodburn.c,250,"""THE REST"""
board/work-microwave/work_92105/Kconfig,24,"""THE REST"""
board/work-microwave/work_92105/MAINTAINERS,6,"""THE REST"""
board/work-microwave/work_92105/Makefile,10,"""THE REST"""
board/work-microwave/work_92105/README,91,"""THE REST"""
board/work-microwave/work_92105/work_92105.c,76,"""THE REST"""
board/work-microwave/work_92105/work_92105_display.c,348,"""THE REST"""
board/work-microwave/work_92105/work_92105_display.h,13,"""THE REST"""
board/work-microwave/work_92105/work_92105_spl.c,84,"""THE REST"""
board/xes/common/Makefile,12,"""THE REST"""
board/xes/common/actl_nand.c,48,"""THE REST"""
board/xes/common/board.c,65,"""THE REST"""
board/xes/common/fsl_8xxx_clk.c,53,"""THE REST"""
board/xes/common/fsl_8xxx_misc.c,43,"""THE REST"""
board/xes/common/fsl_8xxx_misc.h,11,"""THE REST"""
board/xes/common/fsl_8xxx_pci.c,71,"""THE REST"""
board/xes/xpedite517x/Kconfig,12,"""THE REST"""
board/xes/xpedite517x/MAINTAINERS,6,"""THE REST"""
board/xes/xpedite517x/Makefile,8,"""THE REST"""
board/xes/xpedite517x/ddr.c,123,"""THE REST"""
board/xes/xpedite517x/law.c,27,"""THE REST"""
board/xes/xpedite517x/xpedite517x.c,84,"""THE REST"""
board/xes/xpedite520x/Kconfig,12,"""THE REST"""
board/xes/xpedite520x/MAINTAINERS,6,"""THE REST"""
board/xes/xpedite520x/Makefile,11,"""THE REST"""
board/xes/xpedite520x/ddr.c,68,"""THE REST"""
board/xes/xpedite520x/law.c,26,"""THE REST"""
board/xes/xpedite520x/tlb.c,68,"""THE REST"""
board/xes/xpedite520x/xpedite520x.c,81,"""THE REST"""
board/xes/xpedite537x/Kconfig,12,"""THE REST"""
board/xes/xpedite537x/MAINTAINERS,6,"""THE REST"""
board/xes/xpedite537x/Makefile,11,"""THE REST"""
board/xes/xpedite537x/ddr.c,233,"""THE REST"""
board/xes/xpedite537x/law.c,25,"""THE REST"""
board/xes/xpedite537x/tlb.c,82,"""THE REST"""
board/xes/xpedite537x/xpedite537x.c,81,"""THE REST"""
board/xes/xpedite550x/Kconfig,12,"""THE REST"""
board/xes/xpedite550x/MAINTAINERS,6,"""THE REST"""
board/xes/xpedite550x/Makefile,8,"""THE REST"""
board/xes/xpedite550x/ddr.c,135,"""THE REST"""
board/xes/xpedite550x/law.c,25,"""THE REST"""
board/xes/xpedite550x/tlb.c,81,"""THE REST"""
board/xes/xpedite550x/xpedite550x.c,81,"""THE REST"""
board/xilinx/Kconfig,41,"""MICROBLAZE"",""THE REST"""
board/xilinx/microblaze-generic/Kconfig,41,"""MICROBLAZE"",""THE REST"""
board/xilinx/microblaze-generic/MAINTAINERS,6,"""MICROBLAZE"",""THE REST"""
board/xilinx/microblaze-generic/Makefile,6,"""MICROBLAZE"",""THE REST"""
board/xilinx/microblaze-generic/config.mk,18,"""MICROBLAZE"",""THE REST"""
board/xilinx/microblaze-generic/microblaze-generic.c,93,"""MICROBLAZE"",""THE REST"""
board/xilinx/microblaze-generic/xparameters.h,18,"""MICROBLAZE"",""THE REST"""
board/xilinx/versal/MAINTAINERS,7,"""MICROBLAZE"",""THE REST"""
board/xilinx/versal/Makefile,7,"""MICROBLAZE"",""THE REST"""
board/xilinx/versal/board.c,81,"""MICROBLAZE"",""THE REST"""
board/xilinx/zynq/.gitignore,1,"""ARM ZYNQ"",""MICROBLAZE"",""THE REST"""
board/xilinx/zynq/Kconfig,33,"""ARM ZYNQ"",""MICROBLAZE"",""THE REST"""
board/xilinx/zynq/MAINTAINERS,7,"""ARM ZYNQ"",""MICROBLAZE"",""THE REST"""
board/xilinx/zynq/Makefile,40,"""ARM ZYNQ"",""MICROBLAZE"",""THE REST"""
board/xilinx/zynq/board.c,140,"""ARM ZYNQ"",""MICROBLAZE"",""THE REST"""
board/xilinx/zynq/bootimg.c,143,"""ARM ZYNQ"",""MICROBLAZE"",""THE REST"""
board/xilinx/zynq/cmds.c,515,"""ARM ZYNQ"",""MICROBLAZE"",""THE REST"""
board/xilinx/zynq/xil_io.h,11,"""ARM ZYNQ"",""MICROBLAZE"",""THE REST"""
board/xilinx/zynq/zynq-cc108/ps7_init_gpl.c,814,"""ARM ZYNQ"",""MICROBLAZE"",""THE REST"""
board/xilinx/zynq/zynq-cse-nand,0,"""ARM ZYNQ"",""MICROBLAZE"",""THE REST"""
board/xilinx/zynq/zynq-cse-nor,0,"""ARM ZYNQ"",""MICROBLAZE"",""THE REST"""
board/xilinx/zynq/zynq-cse-qspi-single,0,"""ARM ZYNQ"",""MICROBLAZE"",""THE REST"""
board/xilinx/zynq/zynq-dlc20-rev1.0/ps7_init_gpl.c,280,"""ARM ZYNQ"",""MICROBLAZE"",""THE REST"""
board/xilinx/zynq/zynq-microzed/ps7_init_gpl.c,12677,"""ARM ZYNQ"",""MICROBLAZE"",""THE REST"""
board/xilinx/zynq/zynq-zc702/ps7_init_gpl.c,13006,"""ARM ZYNQ"",""MICROBLAZE"",""THE REST"""
board/xilinx/zynq/zynq-zc706/ps7_init_gpl.c,12917,"""ARM ZYNQ"",""MICROBLAZE"",""THE REST"""
board/xilinx/zynq/zynq-zc770-xm010/ps7_init_gpl.c,799,"""ARM ZYNQ"",""MICROBLAZE"",""THE REST"""
board/xilinx/zynq/zynq-zc770-xm011-x16/ps7_init_gpl.c,781,"""ARM ZYNQ"",""MICROBLAZE"",""THE REST"""
board/xilinx/zynq/zynq-zc770-xm011/ps7_init_gpl.c,775,"""ARM ZYNQ"",""MICROBLAZE"",""THE REST"""
board/xilinx/zynq/zynq-zc770-xm012/ps7_init_gpl.c,817,"""ARM ZYNQ"",""MICROBLAZE"",""THE REST"""
board/xilinx/zynq/zynq-zc770-xm013/ps7_init_gpl.c,766,"""ARM ZYNQ"",""MICROBLAZE"",""THE REST"""
board/xilinx/zynq/zynq-zed/ps7_init_gpl.c,12575,"""ARM ZYNQ"",""MICROBLAZE"",""THE REST"""
board/xilinx/zynq/zynq-zybo-z7/ps7_init_gpl.c,297,"""ARM ZYNQ"",""MICROBLAZE"",""THE REST"""
board/xilinx/zynq/zynq-zybo/ps7_init_gpl.c,12754,"""ARM ZYNQ"",""MICROBLAZE"",""THE REST"""
board/xilinx/zynqmp/Kconfig,18,"""ARM ZYNQ"",""ARM ZYNQMP"",""MICROBLAZE"",""THE REST"""
board/xilinx/zynqmp/MAINTAINERS,8,"""ARM ZYNQ"",""ARM ZYNQMP"",""MICROBLAZE"",""THE REST"""
board/xilinx/zynqmp/Makefile,48,"""ARM ZYNQ"",""ARM ZYNQMP"",""MICROBLAZE"",""THE REST"""
board/xilinx/zynqmp/avnet-ultra96-rev1,0,"""ARM ZYNQ"",""ARM ZYNQMP"",""MICROBLAZE"",""THE REST"""
board/xilinx/zynqmp/cmds.c,190,"""ARM ZYNQ"",""ARM ZYNQMP"",""MICROBLAZE"",""THE REST"""
board/xilinx/zynqmp/sleep.h,1,"""ARM ZYNQ"",""ARM ZYNQMP"",""MICROBLAZE"",""THE REST"""
board/xilinx/zynqmp/tap_delays.c,229,"""ARM ZYNQ"",""ARM ZYNQMP"",""MICROBLAZE"",""THE REST"""
board/xilinx/zynqmp/xil_io.h,27,"""ARM ZYNQ"",""ARM ZYNQMP"",""MICROBLAZE"",""THE REST"""
board/xilinx/zynqmp/zynqmp-mini,0,"""ARM ZYNQ"",""ARM ZYNQMP"",""MICROBLAZE"",""THE REST"""
board/xilinx/zynqmp/zynqmp-mini-emmc0,0,"""ARM ZYNQ"",""ARM ZYNQMP"",""MICROBLAZE"",""THE REST"""
board/xilinx/zynqmp/zynqmp-mini-emmc1,0,"""ARM ZYNQ"",""ARM ZYNQMP"",""MICROBLAZE"",""THE REST"""
board/xilinx/zynqmp/zynqmp-mini-qspi,0,"""ARM ZYNQ"",""ARM ZYNQMP"",""MICROBLAZE"",""THE REST"""
board/xilinx/zynqmp/zynqmp-zc1232-revA/psu_init_gpl.c,744,"""ARM ZYNQ"",""ARM ZYNQMP"",""MICROBLAZE"",""THE REST"""
board/xilinx/zynqmp/zynqmp-zc1254-revA/psu_init_gpl.c,466,"""ARM ZYNQ"",""ARM ZYNQMP"",""MICROBLAZE"",""THE REST"""
board/xilinx/zynqmp/zynqmp-zc1275-revA,0,"""ARM ZYNQ"",""ARM ZYNQMP"",""MICROBLAZE"",""THE REST"""
board/xilinx/zynqmp/zynqmp-zc1275-revB/psu_init_gpl.c,522,"""ARM ZYNQ"",""ARM ZYNQMP"",""MICROBLAZE"",""THE REST"""
board/xilinx/zynqmp/zynqmp-zc1751-xm015-dc1/psu_init_gpl.c,911,"""ARM ZYNQ"",""ARM ZYNQMP"",""MICROBLAZE"",""THE REST"""
board/xilinx/zynqmp/zynqmp-zc1751-xm016-dc2/psu_init_gpl.c,899,"""ARM ZYNQ"",""ARM ZYNQMP"",""MICROBLAZE"",""THE REST"""
board/xilinx/zynqmp/zynqmp-zc1751-xm017-dc3/psu_init_gpl.c,899,"""ARM ZYNQ"",""ARM ZYNQMP"",""MICROBLAZE"",""THE REST"""
board/xilinx/zynqmp/zynqmp-zc1751-xm018-dc4/psu_init_gpl.c,899,"""ARM ZYNQ"",""ARM ZYNQMP"",""MICROBLAZE"",""THE REST"""
board/xilinx/zynqmp/zynqmp-zc1751-xm019-dc5/psu_init_gpl.c,925,"""ARM ZYNQ"",""ARM ZYNQMP"",""MICROBLAZE"",""THE REST"""
board/xilinx/zynqmp/zynqmp-zcu100-revC/psu_init_gpl.c,992,"""ARM ZYNQ"",""ARM ZYNQMP"",""MICROBLAZE"",""THE REST"""
board/xilinx/zynqmp/zynqmp-zcu102-rev1.0/psu_init_gpl.c,974,"""ARM ZYNQ"",""ARM ZYNQMP"",""MICROBLAZE"",""THE REST"""
board/xilinx/zynqmp/zynqmp-zcu102-revA/psu_init_gpl.c,825,"""ARM ZYNQ"",""ARM ZYNQMP"",""MICROBLAZE"",""THE REST"""
board/xilinx/zynqmp/zynqmp-zcu104-revA/psu_init_gpl.c,877,"""ARM ZYNQ"",""ARM ZYNQMP"",""MICROBLAZE"",""THE REST"""
board/xilinx/zynqmp/zynqmp-zcu104-revC,0,"""ARM ZYNQ"",""ARM ZYNQMP"",""MICROBLAZE"",""THE REST"""
board/xilinx/zynqmp/zynqmp-zcu106-revA/psu_init_gpl.c,801,"""ARM ZYNQ"",""ARM ZYNQMP"",""MICROBLAZE"",""THE REST"""
board/xilinx/zynqmp/zynqmp.c,663,"""ARM ZYNQ"",""ARM ZYNQMP"",""MICROBLAZE"",""THE REST"""
board/xilinx/zynqmp_r5/MAINTAINERS,7,"""ARM ZYNQ"",""ARM ZYNQMP"",""MICROBLAZE"",""THE REST"""
board/xilinx/zynqmp_r5/Makefile,6,"""ARM ZYNQ"",""ARM ZYNQMP"",""MICROBLAZE"",""THE REST"""
board/xilinx/zynqmp_r5/board.c,25,"""ARM ZYNQ"",""ARM ZYNQMP"",""MICROBLAZE"",""THE REST"""
board/zipitz2/Kconfig,9,"""THE REST"""
board/zipitz2/MAINTAINERS,6,"""THE REST"""
board/zipitz2/Makefile,8,"""THE REST"""
board/zipitz2/zipitz2.c,219,"""THE REST"""
board/zyxel/nsa310s/Kconfig,18,"""THE REST"""
board/zyxel/nsa310s/MAINTAINERS,8,"""THE REST"""
board/zyxel/nsa310s/Makefile,7,"""THE REST"""
board/zyxel/nsa310s/kwbimage.cfg,41,"""THE REST"""
board/zyxel/nsa310s/nsa310s.c,132,"""THE REST"""
board/zyxel/nsa310s/nsa310s.h,46,"""THE REST"""
cmd/.gitignore,6,"""THE REST"""
cmd/Kconfig,1904,"""THE REST"""
cmd/Makefile,219,"""THE REST"""
cmd/adc.c,182,"""THE REST"""
cmd/aes.c,92,"""THE REST"""
cmd/armflash.c,299,"""THE REST"""
cmd/avb.c,389,"""THE REST"""
cmd/axi.c,352,"""THE REST"""
cmd/bdinfo.c,468,"""THE REST"""
cmd/bedbug.c,404,"""THE REST"""
cmd/bind.c,255,"""THE REST"""
cmd/binop.c,174,"""THE REST"""
cmd/blk_common.c,99,"""THE REST"""
cmd/blkcache.c,86,"""THE REST"""
cmd/blob.c,108,"""THE REST"""
cmd/bmp.c,277,"""THE REST"""
cmd/boot.c,70,"""THE REST"""
cmd/bootcount.c,61,"""THE REST"""
cmd/bootefi.c,680,"""EFI PAYLOAD"",""THE REST"""
cmd/booti.c,111,"""THE REST"""
cmd/bootm.c,539,"""THE REST"""
cmd/bootmenu.c,510,"""THE REST"""
cmd/bootstage.c,94,"""THE REST"""
cmd/bootz.c,108,"""THE REST"""
cmd/btrfs.c,27,"""THE REST"""
cmd/cache.c,105,"""THE REST"""
cmd/cbfs.c,200,"""THE REST"""
cmd/clk.c,95,"""THE REST"""
cmd/cls.c,35,"""THE REST"""
cmd/config.c,43,"""THE REST"""
cmd/conitrace.c,51,"""THE REST"""
cmd/console.c,52,"""THE REST"""
cmd/cpu.c,117,"""THE REST"""
cmd/cramfs.c,210,"""THE REST"""
cmd/cros_ec.c,384,"""THE REST"""
cmd/dataflash_mmc_mux.c,47,"""THE REST"""
cmd/date.c,249,"""THE REST"""
cmd/demo.c,131,"""THE REST"""
cmd/dfu.c,83,"""THE REST"""
cmd/diag.c,59,"""THE REST"""
cmd/disk.c,129,"""THE REST"""
cmd/display.c,53,"""THE REST"""
cmd/dm.c,88,"""THE REST"""
cmd/dtimg.c,141,"""THE REST"""
cmd/echo.c,55,"""THE REST"""
cmd/eeprom.c,447,"""THE REST"""
cmd/efi.c,259,"""THE REST"""
cmd/elf.c,541,"""THE REST"""
cmd/ethsw.c,1101,"""THE REST"""
cmd/exit.c,25,"""THE REST"""
cmd/ext2.c,50,"""THE REST"""
cmd/ext4.c,93,"""THE REST"""
cmd/fastboot.c,160,"""THE REST"""
cmd/fat.c,179,"""THE REST"""
cmd/fdc.c,751,"""THE REST"""
cmd/fdt.c,1151,"""FLATTENED DEVICE TREE"",""THE REST"""
cmd/fitupd.c,33,"""THE REST"""
cmd/flash.c,699,"""THE REST"""
cmd/fpga.c,464,"""FPGA"",""THE REST"""
cmd/fpgad.c,100,"""THE REST"""
cmd/fs.c,90,"""THE REST"""
cmd/fs_uuid.c,25,"""THE REST"""
cmd/fuse.c,145,"""THE REST"""
cmd/gettime.c,39,"""THE REST"""
cmd/gpio.c,240,"""THE REST"""
cmd/gpt.c,899,"""THE REST"""
cmd/hash.c,55,"""THE REST"""
cmd/help.c,37,"""THE REST"""
cmd/host.c,184,"""THE REST"""
cmd/i2c.c,2060,"""THE REST"""
cmd/ide.c,64,"""THE REST"""
cmd/ini.c,251,"""THE REST"""
cmd/io.c,77,"""THE REST"""
cmd/iotrace.c,129,"""THE REST"""
cmd/irq.c,39,"""THE REST"""
cmd/itest.c,207,"""THE REST"""
cmd/jffs2.c,619,"""THE REST"""
cmd/led.c,142,"""THE REST"""
cmd/legacy_led.c,186,"""THE REST"""
cmd/license.c,44,"""THE REST"""
cmd/load.c,1082,"""THE REST"""
cmd/log.c,142,"""LOGGING"",""THE REST"""
cmd/lzmadec.c,53,"""THE REST"""
cmd/mac.c,32,"""THE REST"""
cmd/md5sum.c,182,"""THE REST"""
cmd/mdio.c,311,"""THE REST"""
cmd/mem.c,1252,"""THE REST"""
cmd/mfsl.c,387,"""MICROBLAZE"",""THE REST"""
cmd/mii.c,469,"""THE REST"""
cmd/misc.c,85,"""THE REST"""
cmd/mmc.c,976,"""THE REST"""
cmd/mmc_spi.c,88,"""THE REST"""
cmd/mp.c,94,"""THE REST"""
cmd/mtd.c,473,"""THE REST"""
cmd/mtdparts.c,2131,"""THE REST"""
cmd/mvebu/Kconfig,52,"""THE REST"""
cmd/mvebu/Makefile,8,"""THE REST"""
cmd/mvebu/bubt.c,784,"""THE REST"""
cmd/nand.c,1016,"""THE REST"""
cmd/net.c,459,"""THE REST"""
cmd/nvedit.c,1351,"""THE REST"""
cmd/nvme.c,55,"""THE REST"""
cmd/onenand.c,601,"""THE REST"""
cmd/osd.c,291,"""THE REST"""
cmd/part.c,210,"""THE REST"""
cmd/pci.c,809,"""THE REST"""
cmd/pcmcia.c,341,"""THE REST"""
cmd/pinmux.c,146,"""THE REST"""
cmd/pmic.c,216,"""THE REST"""
cmd/pxe.c,1773,"""THE REST"""
cmd/qfw.c,193,"""THE REST"""
cmd/read.c,81,"""THE REST"""
cmd/reginfo.c,25,"""THE REST"""
cmd/regulator.c,457,"""THE REST"""
cmd/reiser.c,170,"""THE REST"""
cmd/remoteproc.c,281,"""THE REST"""
cmd/rockusb.c,73,"""ROCKUSB"",""THE REST"""
cmd/sata.c,119,"""THE REST"""
cmd/sb.c,65,"""THE REST"""
cmd/scsi.c,71,"""THE REST"""
cmd/setexpr.c,397,"""THE REST"""
cmd/sf.c,618,"""THE REST"""
cmd/sha1sum.c,53,"""THE REST"""
cmd/smccc.c,71,"""THE REST"""
cmd/sound.c,86,"""THE REST"""
cmd/source.c,205,"""THE REST"""
cmd/spi.c,175,"""THE REST"""
cmd/spl.c,185,"""THE REST"""
cmd/strings.c,46,"""THE REST"""
cmd/terminal.c,75,"""THE REST"""
cmd/test.c,213,"""THE REST"""
cmd/thordown.c,71,"""THE REST"""
cmd/ti/Kconfig,10,"""THE REST"""
cmd/ti/Makefile,8,"""THE REST"""
cmd/ti/ddr3.c,337,"""THE REST"""
cmd/time.c,44,"""THE REST"""
cmd/tpm-common.c,316,"""THE REST"""
cmd/tpm-user-utils.h,24,"""THE REST"""
cmd/tpm-v1.c,823,"""THE REST"""
cmd/tpm-v2.c,441,"""THE REST"""
cmd/tpm_test.c,565,"""THE REST"""
cmd/trace.c,120,"""THE REST"""
cmd/tsi148.c,471,"""THE REST"""
cmd/ubi.c,655,"""THE REST"""
cmd/ubifs.c,170,"""THE REST"""
cmd/universe.c,367,"""THE REST"""
cmd/unzip.c,87,"""THE REST"""
cmd/usb.c,763,"""THE REST"""
cmd/usb_gadget_sdp.c,49,"""THE REST"""
cmd/usb_mass_storage.c,245,"""THE REST"""
cmd/version.c,38,"""THE REST"""
cmd/virtio.c,38,"""THE REST"""
cmd/w1.c,126,"""THE REST"""
cmd/wol.c,33,"""THE REST"""
cmd/x86/Makefile,4,"""THE REST"""
cmd/x86/fsp.c,151,"""THE REST"""
cmd/x86/mtrr.c,138,"""THE REST"""
cmd/ximg.c,274,"""THE REST"""
cmd/yaffs2.c,326,"""THE REST"""
cmd/zfs.c,170,"""THE REST"""
cmd/zip.c,41,"""THE REST"""
common/Kconfig,801,"""THE REST"""
common/Makefile,135,"""THE REST"""
common/autoboot.c,351,"""THE REST"""
common/avb_verify.c,895,"""THE REST"""
common/bedbug.c,1253,"""THE REST"""
common/bloblist.c,239,"""THE REST"""
common/board_f.c,1055,"""THE REST"""
common/board_info.c,29,"""THE REST"""
common/board_r.c,864,"""THE REST"""
common/boot_fit.c,79,"""THE REST"""
common/bootm.c,990,"""THE REST"""
common/bootm_os.c,549,"""THE REST"""
common/bootretry.c,58,"""THE REST"""
common/bootstage.c,507,"""THE REST"""
common/bouncebuf.c,82,"""THE REST"""
common/cli.c,236,"""THE REST"""
common/cli_hush.c,3715,"""THE REST"""
common/cli_readline.c,660,"""THE REST"""
common/cli_simple.c,338,"""THE REST"""
common/command.c,559,"""THE REST"""
common/common_fit.c,80,"""THE REST"""
common/console.c,954,"""THE REST"""
common/cros_ec.c,27,"""THE REST"""
common/ddr_spd.c,158,"""THE REST"""
common/dfu.c,95,"""THE REST"""
common/dlmalloc.c,2503,"""THE REST"""
common/dlmalloc.src,3265,"""THE REST"""
common/edid.c,462,"""THE REST"""
common/eeprom/eeprom_field.c,249,"""THE REST"""
common/eeprom/eeprom_layout.c,124,"""THE REST"""
common/exports.c,30,"""THE REST"""
common/fdt_support.c,1755,"""FLATTENED DEVICE TREE"",""THE REST"""
common/flash.c,218,"""THE REST"""
common/hash.c,504,"""THE REST"""
common/hwconfig.c,284,"""THE REST"""
common/image-android-dt.c,156,"""THE REST"""
common/image-android.c,203,"""THE REST"""
common/image-fdt.c,535,"""THE REST"""
common/image-fit.c,2173,"""THE REST"""
common/image-sig.c,519,"""THE REST"""
common/image.c,1520,"""THE REST"""
common/init/Makefile,8,"""THE REST"""
common/init/board_init.c,134,"""THE REST"""
common/init/handoff.c,47,"""THE REST"""
common/iomux.c,147,"""THE REST"""
common/iotrace.c,180,"""THE REST"""
common/kallsyms.c,44,"""THE REST"""
common/kgdb.c,598,"""THE REST"""
common/kgdb_stubs.c,64,"""THE REST"""
common/lcd.c,772,"""THE REST"",""VIDEO"""
common/lcd_console.c,258,"""THE REST"",""VIDEO"""
common/lcd_console_rotation.c,194,"""THE REST"",""VIDEO"""
common/lcd_simplefb.c,90,"""THE REST"",""VIDEO"""
common/log.c,323,"""LOGGING"",""THE REST"""
common/log_console.c,47,"""THE REST"""
common/lynxkdi.c,23,"""THE REST"""
common/main.c,65,"""THE REST"""
common/malloc_simple.c,81,"""THE REST"""
common/memsize.c,102,"""THE REST"""
common/menu.c,413,"""THE REST"""
common/miiphyutil.c,559,"""THE REST"""
common/s_record.c,178,"""THE REST"""
common/spl/Kconfig,1107,"""THE REST"""
common/spl/Makefile,33,"""THE REST"""
common/spl/spl.c,723,"""THE REST"""
common/spl/spl_atf.c,175,"""THE REST"""
common/spl/spl_bootrom.c,26,"""THE REST"""
common/spl/spl_dfu.c,56,"""THE REST"""
common/spl/spl_ext.c,144,"""THE REST"""
common/spl/spl_fat.c,170,"""THE REST"""
common/spl/spl_fit.c,514,"""THE REST"""
common/spl/spl_mmc.c,393,"""THE REST"""
common/spl/spl_nand.c,153,"""THE REST"""
common/spl/spl_net.c,94,"""THE REST"""
common/spl/spl_nor.c,106,"""THE REST"""
common/spl/spl_onenand.c,38,"""THE REST"""
common/spl/spl_optee.S,12,"""THE REST"""
common/spl/spl_ram.c,83,"""THE REST"""
common/spl/spl_sata.c,57,"""THE REST"""
common/spl/spl_sdp.c,34,"""THE REST"""
common/spl/spl_spi.c,147,"""THE REST"""
common/spl/spl_ubi.c,80,"""THE REST"""
common/spl/spl_usb.c,65,"""THE REST"""
common/spl/spl_xip.c,28,"""THE REST"""
common/spl/spl_ymodem.c,133,"""THE REST"""
common/splash.c,96,"""THE REST"""
common/splash_source.c,413,"""THE REST"""
common/stdio.c,404,"""THE REST"""
common/system_map.c,8,"""THE REST"""
common/update.c,335,"""THE REST"""
common/usb.c,1281,"""THE REST"""
common/usb_hub.c,980,"""THE REST"""
common/usb_kbd.c,676,"""THE REST"""
common/usb_storage.c,1561,"""THE REST"""
common/xyzModem.c,709,"""THE REST"""
config.mk,80,"""THE REST"""
configs/10m50_defconfig,37,"""THE REST"""
configs/3c120_defconfig,41,"""THE REST"""
configs/A10-OLinuXino-Lime_defconfig,26,"""THE REST"""
configs/A10s-OLinuXino-M_defconfig,22,"""THE REST"""
configs/A13-OLinuXinoM_defconfig,23,"""THE REST"""
configs/A13-OLinuXino_defconfig,31,"""THE REST"""
configs/A20-OLinuXino-Lime2-eMMC_defconfig,36,"""THE REST"""
configs/A20-OLinuXino-Lime2_defconfig,35,"""THE REST"""
configs/A20-OLinuXino-Lime_defconfig,25,"""THE REST"""
configs/A20-OLinuXino_MICRO-eMMC_defconfig,28,"""THE REST"""
configs/A20-OLinuXino_MICRO_defconfig,29,"""THE REST"""
configs/A20-Olimex-SOM-EVB_defconfig,30,"""THE REST"""
configs/A20-Olimex-SOM204-EVB-eMMC_defconfig,35,"""THE REST"""
configs/A20-Olimex-SOM204-EVB_defconfig,34,"""THE REST"""
configs/A33-OLinuXino_defconfig,25,"""THE REST"""
configs/Ainol_AW1_defconfig,23,"""THE REST"""
configs/Ampe_A76_defconfig,25,"""THE REST"""
configs/Auxtek-T003_defconfig,19,"""THE REST"""
configs/Auxtek-T004_defconfig,17,"""THE REST"""
configs/B4420QDS_NAND_defconfig,54,"""THE REST"""
configs/B4420QDS_SPIFLASH_defconfig,43,"""THE REST"""
configs/B4420QDS_defconfig,42,"""THE REST"""
configs/B4860QDS_NAND_defconfig,54,"""THE REST"""
configs/B4860QDS_SECURE_BOOT_defconfig,46,"""THE REST"""
configs/B4860QDS_SPIFLASH_defconfig,43,"""THE REST"""
configs/B4860QDS_SRIO_PCIE_BOOT_defconfig,39,"""THE REST"""
configs/B4860QDS_defconfig,42,"""THE REST"""
configs/BSC9131RDB_NAND_SYSCLK100_defconfig,46,"""THE REST"""
configs/BSC9131RDB_NAND_defconfig,45,"""THE REST"""
configs/BSC9131RDB_SPIFLASH_SYSCLK100_defconfig,41,"""THE REST"""
configs/BSC9131RDB_SPIFLASH_defconfig,41,"""THE REST"""
configs/BSC9132QDS_NAND_DDRCLK100_SECURE_defconfig,53,"""THE REST"""
configs/BSC9132QDS_NAND_DDRCLK100_defconfig,54,"""THE REST"""
configs/BSC9132QDS_NAND_DDRCLK133_SECURE_defconfig,53,"""THE REST"""
configs/BSC9132QDS_NAND_DDRCLK133_defconfig,54,"""THE REST"""
configs/BSC9132QDS_NOR_DDRCLK100_SECURE_defconfig,53,"""THE REST"""
configs/BSC9132QDS_NOR_DDRCLK100_defconfig,49,"""THE REST"""
configs/BSC9132QDS_NOR_DDRCLK133_SECURE_defconfig,53,"""THE REST"""
configs/BSC9132QDS_NOR_DDRCLK133_defconfig,49,"""THE REST"""
configs/BSC9132QDS_SDCARD_DDRCLK100_SECURE_defconfig,53,"""THE REST"""
configs/BSC9132QDS_SDCARD_DDRCLK100_defconfig,49,"""THE REST"""
configs/BSC9132QDS_SDCARD_DDRCLK133_SECURE_defconfig,53,"""THE REST"""
configs/BSC9132QDS_SDCARD_DDRCLK133_defconfig,49,"""THE REST"""
configs/BSC9132QDS_SPIFLASH_DDRCLK100_SECURE_defconfig,53,"""THE REST"""
configs/BSC9132QDS_SPIFLASH_DDRCLK100_defconfig,49,"""THE REST"""
configs/BSC9132QDS_SPIFLASH_DDRCLK133_SECURE_defconfig,53,"""THE REST"""
configs/BSC9132QDS_SPIFLASH_DDRCLK133_defconfig,49,"""THE REST"""
configs/Bananapi_M2_Ultra_defconfig,22,"""THE REST"""
configs/Bananapi_defconfig,25,"""THE REST"""
configs/Bananapi_m2m_defconfig,20,"""THE REST"""
configs/Bananapro_defconfig,28,"""THE REST"""
configs/C29XPCIE_NAND_defconfig,53,"""THE REST"""
configs/C29XPCIE_NOR_SECBOOT_defconfig,43,"""THE REST"""
configs/C29XPCIE_SPIFLASH_SECBOOT_defconfig,44,"""THE REST"""
configs/C29XPCIE_SPIFLASH_defconfig,40,"""THE REST"""
configs/C29XPCIE_defconfig,39,"""THE REST"""
configs/CHIP_defconfig,22,"""THE REST"""
configs/CHIP_pro_defconfig,28,"""THE REST"""
configs/CSQ_CS908_defconfig,21,"""THE REST"""
configs/Chuwi_V7_CW0825_defconfig,26,"""THE REST"""
configs/Colombus_defconfig,30,"""THE REST"""
configs/Cubieboard2_defconfig,22,"""THE REST"""
configs/Cubieboard4_defconfig,20,"""THE REST"""
configs/Cubieboard_defconfig,21,"""THE REST"""
configs/Cubietruck_defconfig,33,"""THE REST"""
configs/Cubietruck_plus_defconfig,28,"""THE REST"""
configs/Cyrus_P5020_defconfig,41,"""THE REST"""
configs/Cyrus_P5040_defconfig,41,"""THE REST"""
configs/Empire_electronix_d709_defconfig,26,"""THE REST"""
configs/Empire_electronix_m712_defconfig,25,"""THE REST"""
configs/Hummingbird_A31_defconfig,22,"""THE REST"""
configs/Hyundai_A7HD_defconfig,24,"""THE REST"""
configs/Itead_Ibox_A20_defconfig,22,"""THE REST"""
configs/Lamobo_R1_defconfig,27,"""THE REST"""
configs/LicheePi_Zero_defconfig,13,"""THE REST"""
configs/Linksprite_pcDuino3_Nano_defconfig,25,"""THE REST"""
configs/Linksprite_pcDuino3_defconfig,24,"""THE REST"""
configs/Linksprite_pcDuino_defconfig,17,"""THE REST"""
configs/M5208EVBE_defconfig,19,"""THE REST"""
configs/M52277EVB_defconfig,28,"""THE REST"""
configs/M52277EVB_stmicro_defconfig,27,"""THE REST"""
configs/M5235EVB_Flash32_defconfig,24,"""THE REST"""
configs/M5235EVB_defconfig,24,"""THE REST"""
configs/M5249EVB_defconfig,16,"""THE REST"""
configs/M5253DEMO_defconfig,16,"""THE REST"""
configs/M5272C3_defconfig,20,"""THE REST"""
configs/M5275EVB_defconfig,21,"""THE REST"""
configs/M5282EVB_defconfig,20,"""THE REST"""
configs/M53017EVB_defconfig,23,"""THE REST"""
configs/M5329AFEE_defconfig,22,"""THE REST"""
configs/M5329BFEE_defconfig,22,"""THE REST"""
configs/M5373EVB_defconfig,22,"""THE REST"""
configs/M54418TWR_defconfig,27,"""THE REST"""
configs/M54418TWR_nand_mii_defconfig,26,"""THE REST"""
configs/M54418TWR_nand_rmii_defconfig,26,"""THE REST"""
configs/M54418TWR_nand_rmii_lowfreq_defconfig,26,"""THE REST"""
configs/M54418TWR_serial_mii_defconfig,27,"""THE REST"""
configs/M54418TWR_serial_rmii_defconfig,27,"""THE REST"""
configs/M54451EVB_defconfig,33,"""THE REST"""
configs/M54451EVB_stmicro_defconfig,32,"""THE REST"""
configs/M54455EVB_a66_defconfig,37,"""THE REST"""
configs/M54455EVB_defconfig,38,"""THE REST"""
configs/M54455EVB_i66_defconfig,37,"""THE REST"""
configs/M54455EVB_intel_defconfig,37,"""THE REST"""
configs/M54455EVB_stm33_defconfig,37,"""THE REST"""
configs/M5475AFE_defconfig,25,"""THE REST"""
configs/M5475BFE_defconfig,25,"""THE REST"""
configs/M5475CFE_defconfig,25,"""THE REST"""
configs/M5475DFE_defconfig,25,"""THE REST"""
configs/M5475EFE_defconfig,25,"""THE REST"""
configs/M5475FFE_defconfig,25,"""THE REST"""
configs/M5475GFE_defconfig,25,"""THE REST"""
configs/M5485AFE_defconfig,25,"""THE REST"""
configs/M5485BFE_defconfig,25,"""THE REST"""
configs/M5485CFE_defconfig,25,"""THE REST"""
configs/M5485DFE_defconfig,25,"""THE REST"""
configs/M5485EFE_defconfig,25,"""THE REST"""
configs/M5485FFE_defconfig,25,"""THE REST"""
configs/M5485GFE_defconfig,25,"""THE REST"""
configs/M5485HFE_defconfig,25,"""THE REST"""
configs/MCR3000_defconfig,82,"""THE REST"""
configs/MK808C_defconfig,14,"""THE REST"""
configs/MPC8308RDB_defconfig,32,"""THE REST"""
configs/MPC8313ERDB_33_defconfig,34,"""THE REST"""
configs/MPC8313ERDB_66_defconfig,34,"""THE REST"""
configs/MPC8313ERDB_NAND_33_defconfig,41,"""THE REST"""
configs/MPC8313ERDB_NAND_66_defconfig,41,"""THE REST"""
configs/MPC8315ERDB_defconfig,37,"""THE REST"""
configs/MPC8323ERDB_defconfig,22,"""THE REST"""
configs/MPC832XEMDS_ATM_defconfig,23,"""THE REST"""
configs/MPC832XEMDS_HOST_33_defconfig,23,"""THE REST"""
configs/MPC832XEMDS_HOST_66_defconfig,23,"""THE REST"""
configs/MPC832XEMDS_SLAVE_defconfig,23,"""THE REST"""
configs/MPC832XEMDS_defconfig,22,"""THE REST"""
configs/MPC8349EMDS_defconfig,26,"""THE REST"""
configs/MPC8349ITXGP_defconfig,31,"""THE REST"""
configs/MPC8349ITX_LOWBOOT_defconfig,41,"""THE REST"""
configs/MPC8349ITX_defconfig,41,"""THE REST"""
configs/MPC837XEMDS_HOST_defconfig,34,"""THE REST"""
configs/MPC837XEMDS_defconfig,30,"""THE REST"""
configs/MPC837XERDB_defconfig,35,"""THE REST"""
configs/MPC8536DS_36BIT_defconfig,46,"""THE REST"""
configs/MPC8536DS_SDCARD_defconfig,45,"""THE REST"""
configs/MPC8536DS_SPIFLASH_defconfig,45,"""THE REST"""
configs/MPC8536DS_defconfig,45,"""THE REST"""
configs/MPC8541CDS_defconfig,28,"""THE REST"""
configs/MPC8541CDS_legacy_defconfig,29,"""THE REST"""
configs/MPC8544DS_defconfig,40,"""THE REST"""
configs/MPC8548CDS_36BIT_defconfig,30,"""THE REST"""
configs/MPC8548CDS_defconfig,29,"""THE REST"""
configs/MPC8548CDS_legacy_defconfig,29,"""THE REST"""
configs/MPC8555CDS_defconfig,28,"""THE REST"""
configs/MPC8555CDS_legacy_defconfig,29,"""THE REST"""
configs/MPC8568MDS_defconfig,29,"""THE REST"""
configs/MPC8569MDS_ATM_defconfig,32,"""THE REST"""
configs/MPC8569MDS_defconfig,31,"""THE REST"""
configs/MPC8572DS_36BIT_defconfig,41,"""THE REST"""
configs/MPC8572DS_defconfig,40,"""THE REST"""
configs/MPC8610HPCD_defconfig,32,"""THE REST"""
configs/MPC8641HPCN_36BIT_defconfig,33,"""THE REST"""
configs/MPC8641HPCN_defconfig,33,"""THE REST"""
configs/MSI_Primo73_defconfig,18,"""THE REST"""
configs/MSI_Primo81_defconfig,29,"""THE REST"""
configs/Marsboard_A10_defconfig,18,"""THE REST"""
configs/Mele_A1000G_quad_defconfig,24,"""THE REST"""
configs/Mele_A1000_defconfig,21,"""THE REST"""
configs/Mele_I7_defconfig,22,"""THE REST"""
configs/Mele_M3_defconfig,21,"""THE REST"""
configs/Mele_M5_defconfig,23,"""THE REST"""
configs/Mele_M9_defconfig,22,"""THE REST"""
configs/Merrii_A80_Optimus_defconfig,20,"""THE REST"""
configs/MigoR_defconfig,30,"""THE REST"""
configs/Mini-X_defconfig,16,"""THE REST"""
configs/Nintendo_NES_Classic_Edition_defconfig,27,"""THE REST"""
configs/Orangepi_defconfig,27,"""THE REST"""
configs/Orangepi_mini_defconfig,29,"""THE REST"""
configs/P1010RDB-PA_36BIT_NAND_SECBOOT_defconfig,51,"""THE REST"""
configs/P1010RDB-PA_36BIT_NAND_defconfig,61,"""THE REST"""
configs/P1010RDB-PA_36BIT_NOR_SECBOOT_defconfig,50,"""THE REST"""
configs/P1010RDB-PA_36BIT_NOR_defconfig,46,"""THE REST"""
configs/P1010RDB-PA_36BIT_SDCARD_defconfig,57,"""THE REST"""
configs/P1010RDB-PA_36BIT_SPIFLASH_SECBOOT_defconfig,51,"""THE REST"""
configs/P1010RDB-PA_36BIT_SPIFLASH_defconfig,58,"""THE REST"""
configs/P1010RDB-PA_NAND_SECBOOT_defconfig,50,"""THE REST"""
configs/P1010RDB-PA_NAND_defconfig,60,"""THE REST"""
configs/P1010RDB-PA_NOR_SECBOOT_defconfig,49,"""THE REST"""
configs/P1010RDB-PA_NOR_defconfig,45,"""THE REST"""
configs/P1010RDB-PA_SDCARD_defconfig,56,"""THE REST"""
configs/P1010RDB-PA_SPIFLASH_SECBOOT_defconfig,50,"""THE REST"""
configs/P1010RDB-PA_SPIFLASH_defconfig,57,"""THE REST"""
configs/P1010RDB-PB_36BIT_NAND_SECBOOT_defconfig,51,"""THE REST"""
configs/P1010RDB-PB_36BIT_NAND_defconfig,61,"""THE REST"""
configs/P1010RDB-PB_36BIT_NOR_SECBOOT_defconfig,50,"""THE REST"""
configs/P1010RDB-PB_36BIT_NOR_defconfig,46,"""THE REST"""
configs/P1010RDB-PB_36BIT_SDCARD_defconfig,57,"""THE REST"""
configs/P1010RDB-PB_36BIT_SPIFLASH_SECBOOT_defconfig,51,"""THE REST"""
configs/P1010RDB-PB_36BIT_SPIFLASH_defconfig,58,"""THE REST"""
configs/P1010RDB-PB_NAND_SECBOOT_defconfig,50,"""THE REST"""
configs/P1010RDB-PB_NAND_defconfig,60,"""THE REST"""
configs/P1010RDB-PB_NOR_SECBOOT_defconfig,49,"""THE REST"""
configs/P1010RDB-PB_NOR_defconfig,45,"""THE REST"""
configs/P1010RDB-PB_SDCARD_defconfig,56,"""THE REST"""
configs/P1010RDB-PB_SPIFLASH_SECBOOT_defconfig,50,"""THE REST"""
configs/P1010RDB-PB_SPIFLASH_defconfig,57,"""THE REST"""
configs/P1020MBG-PC_36BIT_SDCARD_defconfig,55,"""THE REST"""
configs/P1020MBG-PC_36BIT_defconfig,45,"""THE REST"""
configs/P1020MBG-PC_SDCARD_defconfig,54,"""THE REST"""
configs/P1020MBG-PC_defconfig,44,"""THE REST"""
configs/P1020RDB-PC_36BIT_NAND_defconfig,60,"""THE REST"""
configs/P1020RDB-PC_36BIT_SDCARD_defconfig,57,"""THE REST"""
configs/P1020RDB-PC_36BIT_SPIFLASH_defconfig,58,"""THE REST"""
configs/P1020RDB-PC_36BIT_defconfig,47,"""THE REST"""
configs/P1020RDB-PC_NAND_defconfig,59,"""THE REST"""
configs/P1020RDB-PC_SDCARD_defconfig,56,"""THE REST"""
configs/P1020RDB-PC_SPIFLASH_defconfig,57,"""THE REST"""
configs/P1020RDB-PC_defconfig,46,"""THE REST"""
configs/P1020RDB-PD_NAND_defconfig,63,"""THE REST"""
configs/P1020RDB-PD_SDCARD_defconfig,60,"""THE REST"""
configs/P1020RDB-PD_SPIFLASH_defconfig,61,"""THE REST"""
configs/P1020RDB-PD_defconfig,50,"""THE REST"""
configs/P1020UTM-PC_36BIT_SDCARD_defconfig,55,"""THE REST"""
configs/P1020UTM-PC_36BIT_defconfig,45,"""THE REST"""
configs/P1020UTM-PC_SDCARD_defconfig,54,"""THE REST"""
configs/P1020UTM-PC_defconfig,44,"""THE REST"""
configs/P1021RDB-PC_36BIT_NAND_defconfig,65,"""THE REST"""
configs/P1021RDB-PC_36BIT_SDCARD_defconfig,62,"""THE REST"""
configs/P1021RDB-PC_36BIT_SPIFLASH_defconfig,63,"""THE REST"""
configs/P1021RDB-PC_36BIT_defconfig,52,"""THE REST"""
configs/P1021RDB-PC_NAND_defconfig,64,"""THE REST"""
configs/P1021RDB-PC_SDCARD_defconfig,61,"""THE REST"""
configs/P1021RDB-PC_SPIFLASH_defconfig,62,"""THE REST"""
configs/P1021RDB-PC_defconfig,51,"""THE REST"""
configs/P1022DS_36BIT_NAND_defconfig,62,"""THE REST"""
configs/P1022DS_36BIT_SDCARD_defconfig,59,"""THE REST"""
configs/P1022DS_36BIT_SPIFLASH_defconfig,60,"""THE REST"""
configs/P1022DS_36BIT_defconfig,49,"""THE REST"""
configs/P1022DS_NAND_defconfig,61,"""THE REST"""
configs/P1022DS_SDCARD_defconfig,58,"""THE REST"""
configs/P1022DS_SPIFLASH_defconfig,59,"""THE REST"""
configs/P1022DS_defconfig,48,"""THE REST"""
configs/P1023RDB_defconfig,41,"""THE REST"""
configs/P1024RDB_36BIT_defconfig,47,"""THE REST"""
configs/P1024RDB_NAND_defconfig,59,"""THE REST"""
configs/P1024RDB_SDCARD_defconfig,56,"""THE REST"""
configs/P1024RDB_SPIFLASH_defconfig,57,"""THE REST"""
configs/P1024RDB_defconfig,46,"""THE REST"""
configs/P1025RDB_36BIT_defconfig,49,"""THE REST"""
configs/P1025RDB_NAND_defconfig,61,"""THE REST"""
configs/P1025RDB_SDCARD_defconfig,58,"""THE REST"""
configs/P1025RDB_SPIFLASH_defconfig,59,"""THE REST"""
configs/P1025RDB_defconfig,48,"""THE REST"""
configs/P2020RDB-PC_36BIT_NAND_defconfig,65,"""THE REST"""
configs/P2020RDB-PC_36BIT_SDCARD_defconfig,62,"""THE REST"""
configs/P2020RDB-PC_36BIT_SPIFLASH_defconfig,63,"""THE REST"""
configs/P2020RDB-PC_36BIT_defconfig,52,"""THE REST"""
configs/P2020RDB-PC_NAND_defconfig,64,"""THE REST"""
configs/P2020RDB-PC_SDCARD_defconfig,61,"""THE REST"""
configs/P2020RDB-PC_SPIFLASH_defconfig,62,"""THE REST"""
configs/P2020RDB-PC_defconfig,51,"""THE REST"""
configs/P2041RDB_NAND_defconfig,45,"""THE REST"""
configs/P2041RDB_SDCARD_defconfig,44,"""THE REST"""
configs/P2041RDB_SECURE_BOOT_defconfig,47,"""THE REST"""
configs/P2041RDB_SPIFLASH_defconfig,44,"""THE REST"""
configs/P2041RDB_SRIO_PCIE_BOOT_defconfig,40,"""THE REST"""
configs/P2041RDB_defconfig,43,"""THE REST"""
configs/P3041DS_NAND_SECURE_BOOT_defconfig,49,"""THE REST"""
configs/P3041DS_NAND_defconfig,45,"""THE REST"""
configs/P3041DS_SDCARD_defconfig,44,"""THE REST"""
configs/P3041DS_SECURE_BOOT_defconfig,47,"""THE REST"""
configs/P3041DS_SPIFLASH_defconfig,44,"""THE REST"""
configs/P3041DS_SRIO_PCIE_BOOT_defconfig,40,"""THE REST"""
configs/P3041DS_defconfig,43,"""THE REST"""
configs/P4080DS_SDCARD_defconfig,44,"""THE REST"""
configs/P4080DS_SECURE_BOOT_defconfig,47,"""THE REST"""
configs/P4080DS_SPIFLASH_defconfig,44,"""THE REST"""
configs/P4080DS_SRIO_PCIE_BOOT_defconfig,40,"""THE REST"""
configs/P4080DS_defconfig,43,"""THE REST"""
configs/P5020DS_NAND_SECURE_BOOT_defconfig,50,"""THE REST"""
configs/P5020DS_NAND_defconfig,46,"""THE REST"""
configs/P5020DS_SDCARD_defconfig,45,"""THE REST"""
configs/P5020DS_SECURE_BOOT_defconfig,48,"""THE REST"""
configs/P5020DS_SPIFLASH_defconfig,45,"""THE REST"""
configs/P5020DS_SRIO_PCIE_BOOT_defconfig,41,"""THE REST"""
configs/P5020DS_defconfig,44,"""THE REST"""
configs/P5040DS_NAND_SECURE_BOOT_defconfig,50,"""THE REST"""
configs/P5040DS_NAND_defconfig,46,"""THE REST"""
configs/P5040DS_SDCARD_defconfig,45,"""THE REST"""
configs/P5040DS_SECURE_BOOT_defconfig,48,"""THE REST"""
configs/P5040DS_SPIFLASH_defconfig,45,"""THE REST"""
configs/P5040DS_defconfig,44,"""THE REST"""
configs/SBx81LIFKW_defconfig,45,"""THE REST"""
configs/SBx81LIFXCAT_defconfig,47,"""THE REST"""
configs/Sinlinx_SinA31s_defconfig,23,"""THE REST"""
configs/Sinlinx_SinA33_defconfig,26,"""THE REST"""
configs/Sinovoip_BPI_M2_Plus_defconfig,19,"""THE REST"""
configs/Sinovoip_BPI_M2_defconfig,22,"""THE REST"""
configs/Sinovoip_BPI_M3_defconfig,29,"""THE REST"""
configs/Sunchip_CX-A99_defconfig,19,"""THE REST"""
configs/T1023RDB_NAND_defconfig,62,"""THE REST"""
configs/T1023RDB_SDCARD_defconfig,61,"""THE REST"""
configs/T1023RDB_SECURE_BOOT_defconfig,54,"""THE REST"""
configs/T1023RDB_SPIFLASH_defconfig,62,"""THE REST"""
configs/T1023RDB_defconfig,50,"""THE REST"""
configs/T1024QDS_DDR4_SECURE_BOOT_defconfig,58,"""THE REST"""
configs/T1024QDS_DDR4_defconfig,52,"""THE REST"""
configs/T1024QDS_NAND_defconfig,67,"""THE REST"""
configs/T1024QDS_SDCARD_defconfig,66,"""THE REST"""
configs/T1024QDS_SECURE_BOOT_defconfig,59,"""THE REST"""
configs/T1024QDS_SPIFLASH_defconfig,67,"""THE REST"""
configs/T1024QDS_defconfig,55,"""THE REST"""
configs/T1024RDB_NAND_defconfig,64,"""THE REST"""
configs/T1024RDB_SDCARD_defconfig,63,"""THE REST"""
configs/T1024RDB_SECURE_BOOT_defconfig,56,"""THE REST"""
configs/T1024RDB_SPIFLASH_defconfig,64,"""THE REST"""
configs/T1024RDB_defconfig,52,"""THE REST"""
configs/T1040D4RDB_NAND_defconfig,61,"""THE REST"""
configs/T1040D4RDB_SDCARD_defconfig,60,"""THE REST"""
configs/T1040D4RDB_SECURE_BOOT_defconfig,53,"""THE REST"""
configs/T1040D4RDB_SPIFLASH_defconfig,61,"""THE REST"""
configs/T1040D4RDB_defconfig,49,"""THE REST"""
configs/T1040QDS_DDR4_defconfig,55,"""THE REST"""
configs/T1040QDS_SECURE_BOOT_defconfig,60,"""THE REST"""
configs/T1040QDS_defconfig,56,"""THE REST"""
configs/T1040RDB_NAND_defconfig,62,"""THE REST"""
configs/T1040RDB_SDCARD_defconfig,61,"""THE REST"""
configs/T1040RDB_SECURE_BOOT_defconfig,54,"""THE REST"""
configs/T1040RDB_SPIFLASH_defconfig,62,"""THE REST"""
configs/T1040RDB_defconfig,50,"""THE REST"""
configs/T1042D4RDB_NAND_defconfig,64,"""THE REST"""
configs/T1042D4RDB_SDCARD_defconfig,63,"""THE REST"""
configs/T1042D4RDB_SECURE_BOOT_defconfig,56,"""THE REST"""
configs/T1042D4RDB_SPIFLASH_defconfig,64,"""THE REST"""
configs/T1042D4RDB_defconfig,52,"""THE REST"""
configs/T1042RDB_PI_NAND_SECURE_BOOT_defconfig,72,"""THE REST"""
configs/T1042RDB_PI_NAND_defconfig,66,"""THE REST"""
configs/T1042RDB_PI_SDCARD_defconfig,65,"""THE REST"""
configs/T1042RDB_PI_SPIFLASH_defconfig,66,"""THE REST"""
configs/T1042RDB_PI_defconfig,54,"""THE REST"""
configs/T1042RDB_SECURE_BOOT_defconfig,53,"""THE REST"""
configs/T1042RDB_defconfig,49,"""THE REST"""
configs/T2080QDS_NAND_defconfig,61,"""THE REST"""
configs/T2080QDS_SDCARD_defconfig,60,"""THE REST"""
configs/T2080QDS_SECURE_BOOT_defconfig,52,"""THE REST"""
configs/T2080QDS_SPIFLASH_defconfig,61,"""THE REST"""
configs/T2080QDS_SRIO_PCIE_BOOT_defconfig,41,"""THE REST"""
configs/T2080QDS_defconfig,50,"""THE REST"""
configs/T2080RDB_NAND_defconfig,60,"""THE REST"""
configs/T2080RDB_SDCARD_defconfig,59,"""THE REST"""
configs/T2080RDB_SECURE_BOOT_defconfig,52,"""THE REST"""
configs/T2080RDB_SPIFLASH_defconfig,60,"""THE REST"""
configs/T2080RDB_SRIO_PCIE_BOOT_defconfig,41,"""THE REST"""
configs/T2080RDB_defconfig,48,"""THE REST"""
configs/T2081QDS_NAND_defconfig,60,"""THE REST"""
configs/T2081QDS_SDCARD_defconfig,59,"""THE REST"""
configs/T2081QDS_SPIFLASH_defconfig,60,"""THE REST"""
configs/T2081QDS_SRIO_PCIE_BOOT_defconfig,41,"""THE REST"""
configs/T2081QDS_defconfig,48,"""THE REST"""
configs/T4160QDS_NAND_defconfig,54,"""THE REST"""
configs/T4160QDS_SDCARD_defconfig,53,"""THE REST"""
configs/T4160QDS_SECURE_BOOT_defconfig,46,"""THE REST"""
configs/T4160QDS_defconfig,42,"""THE REST"""
configs/T4160RDB_defconfig,42,"""THE REST"""
configs/T4240QDS_NAND_defconfig,54,"""THE REST"""
configs/T4240QDS_SDCARD_defconfig,53,"""THE REST"""
configs/T4240QDS_SECURE_BOOT_defconfig,46,"""THE REST"""
configs/T4240QDS_SRIO_PCIE_BOOT_defconfig,39,"""THE REST"""
configs/T4240QDS_defconfig,42,"""THE REST"""
configs/T4240RDB_SDCARD_defconfig,53,"""THE REST"""
configs/T4240RDB_defconfig,42,"""THE REST"""
configs/TQM834x_defconfig,36,"""THE REST"""
configs/TWR-P1025_defconfig,52,"""THE REST"""
configs/UCP1020_SPIFLASH_defconfig,58,"""THE REST"""
configs/UCP1020_defconfig,58,"""THE REST"""
configs/UTOO_P66_defconfig,31,"""THE REST"""
configs/Wexler_TAB7200_defconfig,23,"""THE REST"""
configs/Wits_Pro_A20_DKT_defconfig,27,"""THE REST"""
configs/Wobo_i5_defconfig,19,"""THE REST"""
configs/Yones_Toptech_BD1078_defconfig,28,"""THE REST"""
configs/Yones_Toptech_BS1078_V2_defconfig,25,"""THE REST"""
configs/a25-ae350_32_defconfig,36,"""THE REST"""
configs/a64-olinuxino_defconfig,15,"""THE REST"""
configs/adp-ae3xx_defconfig,49,"""THE REST"""
configs/adp-ag101p_defconfig,37,"""THE REST"""
configs/alt_defconfig,90,"""THE REST"""
configs/am335x_baltos_defconfig,73,"""THE REST"""
configs/am335x_boneblack_defconfig,51,"""THE REST"""
configs/am335x_boneblack_vboot_defconfig,66,"""THE REST"""
configs/am335x_evm_defconfig,65,"""THE REST"""
configs/am335x_evm_nor_defconfig,53,"""THE REST"""
configs/am335x_evm_norboot_defconfig,50,"""THE REST"""
configs/am335x_evm_spiboot_defconfig,48,"""THE REST"""
configs/am335x_evm_usbspl_defconfig,56,"""THE REST"""
configs/am335x_hs_evm_defconfig,70,"""THE REST"",""TI SYSTEM SECURITY"""
configs/am335x_hs_evm_uart_defconfig,72,"""THE REST"",""TI SYSTEM SECURITY"""
configs/am335x_igep003x_defconfig,54,"""THE REST"""
configs/am335x_pdu001_defconfig,59,"""THE REST"""
configs/am335x_shc_defconfig,46,"""THE REST"""
configs/am335x_shc_ict_defconfig,47,"""THE REST"""
configs/am335x_shc_netboot_defconfig,48,"""THE REST"""
configs/am335x_shc_prompt_defconfig,45,"""THE REST"""
configs/am335x_shc_sdboot_defconfig,47,"""THE REST"""
configs/am335x_shc_sdboot_prompt_defconfig,47,"""THE REST"""
configs/am335x_sl50_defconfig,50,"""THE REST"""
configs/am3517_crane_defconfig,37,"""THE REST"""
configs/am3517_evm_defconfig,57,"""THE REST"""
configs/am43xx_evm_defconfig,80,"""THE REST"""
configs/am43xx_evm_ethboot_defconfig,65,"""THE REST"""
configs/am43xx_evm_qspiboot_defconfig,63,"""THE REST"""
configs/am43xx_evm_rtconly_defconfig,62,"""THE REST"""
configs/am43xx_evm_usbhost_boot_defconfig,75,"""THE REST"""
configs/am43xx_hs_evm_defconfig,72,"""THE REST"",""TI SYSTEM SECURITY"""
configs/am57xx_evm_defconfig,91,"""THE REST"""
configs/am57xx_hs_evm_defconfig,94,"""THE REST"",""TI SYSTEM SECURITY"""
configs/am65x_evm_a53_defconfig,71,"""THE REST"""
configs/am65x_evm_r5_defconfig,87,"""THE REST"""
configs/amarula_a64_relic_defconfig,15,"""THE REST"""
configs/amcore_defconfig,26,"""THE REST"""
configs/ap121_defconfig,60,"""THE REST"""
configs/ap143_defconfig,55,"""THE REST"""
configs/ap325rxa_defconfig,37,"""THE REST"""
configs/ap_sh4a_4a_defconfig,34,"""THE REST"""
configs/apalis-tk1_defconfig,56,"""THE REST"""
configs/apalis_imx6_defconfig,75,"""THE REST"""
configs/apalis_imx6_nospl_com_defconfig,63,"""THE REST"""
configs/apalis_imx6_nospl_it_defconfig,63,"""THE REST"""
configs/apalis_t30_defconfig,48,"""THE REST"""
configs/apf27_defconfig,47,"""THE REST"""
configs/apx4devkit_defconfig,41,"""THE REST"""
configs/aristainetos2_defconfig,55,"""THE REST"""
configs/aristainetos2b_defconfig,55,"""THE REST"""
configs/aristainetos_defconfig,54,"""THE REST"""
configs/armadillo-800eva_defconfig,37,"""THE REST"""
configs/arndale_defconfig,45,"""THE REST"""
configs/aspenite_defconfig,14,"""THE REST"""
configs/astro_mcf5373l_defconfig,28,"""THE REST"""
configs/at91rm9200ek_defconfig,30,"""THE REST"""
configs/at91rm9200ek_ram_defconfig,31,"""THE REST"""
configs/at91sam9260ek_dataflash_cs0_defconfig,57,"""THE REST"""
configs/at91sam9260ek_dataflash_cs1_defconfig,57,"""THE REST"""
configs/at91sam9260ek_nandflash_defconfig,57,"""THE REST"""
configs/at91sam9261ek_dataflash_cs0_defconfig,57,"""THE REST"""
configs/at91sam9261ek_dataflash_cs3_defconfig,57,"""THE REST"""
configs/at91sam9261ek_nandflash_defconfig,57,"""THE REST"""
configs/at91sam9263ek_dataflash_cs0_defconfig,64,"""THE REST"""
configs/at91sam9263ek_dataflash_defconfig,64,"""THE REST"""
configs/at91sam9263ek_nandflash_defconfig,64,"""THE REST"""
configs/at91sam9263ek_norflash_boot_defconfig,65,"""THE REST"""
configs/at91sam9263ek_norflash_defconfig,65,"""THE REST"""
configs/at91sam9g10ek_dataflash_cs0_defconfig,55,"""THE REST"""
configs/at91sam9g10ek_dataflash_cs3_defconfig,55,"""THE REST"""
configs/at91sam9g10ek_nandflash_defconfig,55,"""THE REST"""
configs/at91sam9g20ek_2mmc_defconfig,60,"""THE REST"""
configs/at91sam9g20ek_2mmc_nandflash_defconfig,60,"""THE REST"""
configs/at91sam9g20ek_dataflash_cs0_defconfig,57,"""THE REST"""
configs/at91sam9g20ek_dataflash_cs1_defconfig,57,"""THE REST"""
configs/at91sam9g20ek_nandflash_defconfig,57,"""THE REST"""
configs/at91sam9m10g45ek_mmc_defconfig,58,"""THE REST"""
configs/at91sam9m10g45ek_nandflash_defconfig,57,"""THE REST"""
configs/at91sam9n12ek_mmc_defconfig,60,"""THE REST"""
configs/at91sam9n12ek_nandflash_defconfig,59,"""THE REST"""
configs/at91sam9n12ek_spiflash_defconfig,60,"""THE REST"""
configs/at91sam9rlek_dataflash_defconfig,57,"""THE REST"""
configs/at91sam9rlek_mmc_defconfig,57,"""THE REST"""
configs/at91sam9rlek_nandflash_defconfig,57,"""THE REST"""
configs/at91sam9x5ek_dataflash_defconfig,66,"""THE REST"""
configs/at91sam9x5ek_mmc_defconfig,66,"""THE REST"""
configs/at91sam9x5ek_nandflash_defconfig,65,"""THE REST"""
configs/at91sam9x5ek_spiflash_defconfig,66,"""THE REST"""
configs/at91sam9xeek_dataflash_cs0_defconfig,57,"""THE REST"""
configs/at91sam9xeek_dataflash_cs1_defconfig,57,"""THE REST"""
configs/at91sam9xeek_nandflash_defconfig,57,"""THE REST"""
configs/avnet_ultra96_rev1_defconfig,97,"""ARM ZYNQMP"",""THE REST"""
configs/ax25-ae350_64_defconfig,37,"""THE REST"""
configs/axm_defconfig,46,"""THE REST"""
configs/axs101_defconfig,60,"""THE REST"""
configs/axs103_defconfig,60,"""THE REST"""
configs/ba10_tv_box_defconfig,21,"""THE REST"""
configs/bananapi_m1_plus_defconfig,24,"""THE REST"""
configs/bananapi_m2_berry_defconfig,17,"""THE REST"""
configs/bananapi_m2_zero_defconfig,13,"""THE REST"""
configs/bananapi_m64_defconfig,17,"""THE REST"""
configs/bayleybay_defconfig,55,"""THE REST"""
configs/bcm11130_defconfig,36,"""THE REST"""
configs/bcm11130_nand_defconfig,36,"""THE REST"""
configs/bcm23550_w1d_defconfig,42,"""THE REST"""
configs/bcm28155_ap_defconfig,43,"""THE REST"""
configs/bcm28155_w1d_defconfig,38,"""THE REST"""
configs/bcm7260_defconfig,16,"""ARM BROADCOM BCMSTB"",""THE REST"""
configs/bcm7445_defconfig,20,"""ARM BROADCOM BCMSTB"",""THE REST"""
configs/bcm911360_entphn-ns_defconfig,25,"""THE REST"""
configs/bcm911360_entphn_defconfig,25,"""THE REST"""
configs/bcm911360k_defconfig,25,"""THE REST"""
configs/bcm958300k-ns_defconfig,25,"""THE REST"""
configs/bcm958300k_defconfig,25,"""THE REST"""
configs/bcm958305k_defconfig,25,"""THE REST"""
configs/bcm958622hr_defconfig,26,"""THE REST"""
configs/bcm958712k_defconfig,12,"""THE REST"""
configs/bcm968380gerg_ram_defconfig,50,"""THE REST"""
configs/bcm968580_ram_defconfig,36,"""THE REST"""
configs/beaver_defconfig,53,"""THE REST"""
configs/bg0900_defconfig,41,"""THE REST"""
configs/birdland_bav335a_defconfig,67,"""THE REST"""
configs/birdland_bav335b_defconfig,67,"""THE REST"""
configs/bitmain_antminer_s9_defconfig,69,"""THE REST"""
configs/bk4r1_defconfig,48,"""THE REST"""
configs/blanche_defconfig,72,"""THE REST"""
configs/boston32r2_defconfig,44,"""THE REST"""
configs/boston32r2el_defconfig,45,"""THE REST"""
configs/boston32r6_defconfig,45,"""THE REST"""
configs/boston32r6el_defconfig,46,"""THE REST"""
configs/boston64r2_defconfig,45,"""THE REST"""
configs/boston64r2el_defconfig,46,"""THE REST"""
configs/boston64r6_defconfig,45,"""THE REST"""
configs/boston64r6el_defconfig,46,"""THE REST"""
configs/brppt1_mmc_defconfig,95,"""THE REST"""
configs/brppt1_nand_defconfig,99,"""THE REST"""
configs/brppt1_spi_defconfig,109,"""THE REST"""
configs/brxre1_defconfig,66,"""THE REST"""
configs/bubblegum_96_defconfig,23,"""THE REST"""
configs/caddy2_defconfig,26,"""THE REST"""
configs/cairo_defconfig,39,"""THE REST"""
configs/calimain_defconfig,37,"""THE REST"""
configs/cardhu_defconfig,41,"""THE REST"""
configs/cei-tk1-som_defconfig,56,"""THE REST"""
configs/cgtqmx6eval_defconfig,74,"""THE REST"""
configs/cherryhill_defconfig,40,"""THE REST"""
configs/chiliboard_defconfig,55,"""THE REST"""
configs/chromebit_mickey_defconfig,96,"""THE REST"""
configs/chromebook_jerry_defconfig,98,"""THE REST"""
configs/chromebook_link64_defconfig,84,"""THE REST"""
configs/chromebook_link_defconfig,65,"""THE REST"""
configs/chromebook_minnie_defconfig,98,"""THE REST"""
configs/chromebook_samus_defconfig,61,"""THE REST"""
configs/chromebox_panther_defconfig,54,"""THE REST"""
configs/cl-som-am57x_defconfig,65,"""THE REST"""
configs/cl-som-imx7_defconfig,67,"""THE REST"""
configs/clearfog_defconfig,66,"""THE REST"""
configs/clearfog_gt_8k_defconfig,75,"""THE REST"""
configs/cm_fx6_defconfig,79,"""THE REST"""
configs/cm_t335_defconfig,51,"""THE REST"""
configs/cm_t3517_defconfig,59,"""THE REST"""
configs/cm_t35_defconfig,61,"""THE REST"""
configs/cm_t43_defconfig,72,"""THE REST"""
configs/cm_t54_defconfig,48,"""THE REST"""
configs/cobra5272_defconfig,16,"""THE REST"""
configs/colibri-imx6ull_defconfig,80,"""THE REST"""
configs/colibri_imx6_defconfig,73,"""THE REST"""
configs/colibri_imx6_nospl_defconfig,61,"""THE REST"""
configs/colibri_imx7_defconfig,73,"""THE REST"""
configs/colibri_pxa270_defconfig,40,"""THE REST"""
configs/colibri_t20_defconfig,64,"""THE REST"""
configs/colibri_t30_defconfig,44,"""THE REST"""
configs/colibri_vf_defconfig,72,"""THE REST"""
configs/colorfly_e708_q1_defconfig,26,"""THE REST"""
configs/comtrend_ar5315u_ram_defconfig,60,"""THE REST"""
configs/comtrend_ar5387un_ram_defconfig,61,"""THE REST"""
configs/comtrend_ct5361_ram_defconfig,54,"""THE REST"""
configs/comtrend_vr3032u_ram_defconfig,52,"""THE REST"""
configs/comtrend_wap5813n_ram_defconfig,55,"""THE REST"""
configs/conga-qeval20-qa3-e3845-internal-uart_defconfig,64,"""THE REST"""
configs/conga-qeval20-qa3-e3845_defconfig,60,"""THE REST"""
configs/controlcenterd_36BIT_SDCARD_DEVELOP_defconfig,56,"""THE REST"""
configs/controlcenterd_36BIT_SDCARD_defconfig,56,"""THE REST"""
configs/controlcenterd_TRAILBLAZER_DEVELOP_defconfig,35,"""THE REST"""
configs/controlcenterd_TRAILBLAZER_defconfig,35,"""THE REST"""
configs/controlcenterdc_defconfig,73,"""THE REST"""
configs/coreboot_defconfig,38,"""THE REST"""
configs/corvus_defconfig,58,"""THE REST"""
configs/cougarcanyon2_defconfig,45,"""THE REST"""
configs/crownbay_defconfig,48,"""THE REST"""
configs/d2net_v2_defconfig,45,"""THE REST"""
configs/da850_am18xxevm_defconfig,59,"""THE REST"""
configs/da850evm_defconfig,67,"""THE REST"""
configs/da850evm_direct_nor_defconfig,62,"""THE REST"""
configs/da850evm_nand_defconfig,65,"""THE REST"""
configs/dalmore_defconfig,47,"""THE REST"""
configs/db-88f6720_defconfig,59,"""THE REST"""
configs/db-88f6820-amc_defconfig,66,"""THE REST"""
configs/db-88f6820-gp_defconfig,66,"""THE REST"""
configs/db-mv784mp-gp_defconfig,64,"""THE REST"""
configs/devkit3250_defconfig,48,"""THE REST"""
configs/devkit8000_defconfig,34,"""THE REST"""
configs/dfi-bt700-q7x-151_defconfig,59,"""THE REST"""
configs/dh_imx6_defconfig,63,"""THE REST"""
configs/difrnce_dit4350_defconfig,25,"""THE REST"""
configs/display5_defconfig,77,"""THE REST"""
configs/display5_factory_defconfig,85,"""THE REST"""
configs/dms-ba16-1g_defconfig,54,"""THE REST"""
configs/dms-ba16_defconfig,53,"""THE REST"""
configs/dns325_defconfig,41,"""THE REST"""
configs/dockstar_defconfig,33,"""THE REST"""
configs/dra7xx_evm_defconfig,106,"""THE REST"""
configs/dra7xx_hs_evm_defconfig,104,"""THE REST"",""TI SYSTEM SECURITY"""
configs/draco_defconfig,82,"""THE REST"""
configs/dragonboard410c_defconfig,60,"""THE REST"""
configs/dragonboard820c_defconfig,38,"""THE REST"""
configs/dreamplug_defconfig,42,"""THE REST"""
configs/ds109_defconfig,40,"""THE REST"""
configs/ds414_defconfig,61,"""THE REST"""
configs/dserve_dsrv9703c_defconfig,23,"""THE REST"""
configs/duovero_defconfig,41,"""THE REST"""
configs/e2220-1170_defconfig,42,"""THE REST"""
configs/ea20_defconfig,47,"""THE REST"""
configs/eb_cpu5282_defconfig,30,"""THE REST"""
configs/eb_cpu5282_internal_defconfig,29,"""THE REST"""
configs/eco5pk_defconfig,44,"""THE REST"""
configs/ecovec_defconfig,40,"""THE REST"""
configs/edb9315a_defconfig,48,"""THE REST"""
configs/edison_defconfig,45,"""THE REST"""
configs/edminiv2_defconfig,37,"""THE REST"""
configs/efi-x86_app_defconfig,36,"""THE REST"""
configs/efi-x86_payload32_defconfig,38,"""THE REST"""
configs/efi-x86_payload64_defconfig,39,"""THE REST"""
configs/elgin-rv1108_defconfig,58,"""THE REST"""
configs/emsdp_defconfig,30,"""THE REST"""
configs/espresso7420_defconfig,18,"""THE REST"""
configs/espt_defconfig,34,"""THE REST"""
configs/etamin_defconfig,82,"""THE REST"""
configs/ethernut5_defconfig,67,"""THE REST"""
configs/evb-ast2500_defconfig,35,"""THE REST"""
configs/evb-px5_defconfig,31,"""THE REST"""
configs/evb-rk3036_defconfig,59,"""THE REST"""
configs/evb-rk3128_defconfig,51,"""THE REST"""
configs/evb-rk3229_defconfig,60,"""THE REST"""
configs/evb-rk3288_defconfig,88,"""THE REST"""
configs/evb-rk3328_defconfig,67,"""THE REST"""
configs/evb-rk3399_defconfig,83,"""THE REST"""
configs/evb-rv1108_defconfig,58,"""THE REST"""
configs/fennec-rk3288_defconfig,85,"""THE REST"""
configs/ficus-rk3399_defconfig,71,"""THE REST"""
configs/firefly-rk3288_defconfig,95,"""THE REST"""
configs/firefly-rk3399_defconfig,77,"""THE REST"""
configs/flea3_defconfig,41,"""THE REST"""
configs/ga10h_v1_1_defconfig,28,"""THE REST"""
configs/galileo_defconfig,44,"""THE REST"""
configs/gardena-smart-gateway-mt7688-ram_defconfig,78,"""THE REST"""
configs/gardena-smart-gateway-mt7688_defconfig,81,"""THE REST"""
configs/ge_bx50v3_defconfig,46,"""THE REST"""
configs/geekbox_defconfig,25,"""THE REST"""
configs/goflexhome_defconfig,42,"""THE REST"""
configs/gose_defconfig,89,"""THE REST"""
configs/gplugd_defconfig,24,"""THE REST"""
configs/gt90h_v4_defconfig,26,"""THE REST"""
configs/gurnard_defconfig,38,"""THE REST"""
configs/guruplug_defconfig,43,"""THE REST"""
configs/gwventana_emmc_defconfig,88,"""THE REST"""
configs/gwventana_gw5904_defconfig,92,"""THE REST"""
configs/gwventana_nand_defconfig,91,"""THE REST"""
configs/h2200_defconfig,38,"""THE REST"""
configs/h8_homlet_v2_defconfig,21,"""THE REST"""
configs/harmony_defconfig,53,"""THE REST"""
configs/helios4_defconfig,63,"""THE REST"""
configs/highbank_defconfig,26,"""THE REST"""
configs/hikey_defconfig,30,"""THE REST"""
configs/hrcon_defconfig,40,"""THE REST"""
configs/hrcon_dh_defconfig,38,"""THE REST"""
configs/hsdk_defconfig,63,"""THE REST"""
configs/huawei_hg556a_ram_defconfig,55,"""THE REST"""
configs/i12-tvbox_defconfig,19,"""THE REST"""
configs/iNet_3F_defconfig,23,"""THE REST"""
configs/iNet_3W_defconfig,23,"""THE REST"""
configs/iNet_86VS_defconfig,23,"""THE REST"""
configs/iNet_D978_rev2_defconfig,28,"""THE REST"""
configs/ib62x0_defconfig,38,"""THE REST"""
configs/icnova-a20-swac_defconfig,26,"""THE REST"""
configs/iconnect_defconfig,33,"""THE REST"""
configs/ids8313_defconfig,53,"""THE REST"""
configs/igep0032_defconfig,52,"""THE REST"""
configs/igep00x0_defconfig,53,"""THE REST"""
configs/imgtec_xilfpga_defconfig,27,"""THE REST"""
configs/imx6dl_icore_nand_defconfig,52,"""THE REST"""
configs/imx6dl_mamoj_defconfig,46,"""THE REST"""
configs/imx6q_icore_nand_defconfig,53,"""THE REST"""
configs/imx6q_logic_defconfig,77,"""THE REST"""
configs/imx6qdl_icore_mipi_defconfig,55,"""THE REST"""
configs/imx6qdl_icore_mmc_defconfig,63,"""THE REST"""
configs/imx6qdl_icore_nand_defconfig,53,"""THE REST"""
configs/imx6qdl_icore_rqs_defconfig,50,"""THE REST"""
configs/imx6ul_geam_mmc_defconfig,48,"""THE REST"""
configs/imx6ul_geam_nand_defconfig,52,"""THE REST"""
configs/imx6ul_isiot_emmc_defconfig,48,"""THE REST"""
configs/imx6ul_isiot_nand_defconfig,52,"""THE REST"""
configs/imx8qxp_mek_defconfig,52,"""THE REST"""
configs/inet1_defconfig,24,"""THE REST"""
configs/inet86dz_defconfig,26,"""THE REST"""
configs/inet97fv2_defconfig,22,"""THE REST"""
configs/inet98v_rev2_defconfig,25,"""THE REST"""
configs/inet9f_rev03_defconfig,22,"""THE REST"""
configs/inet_q972_defconfig,25,"""THE REST"""
configs/inetspace_v2_defconfig,45,"""THE REST"""
configs/integratorap_cm720t_defconfig,27,"""THE REST"""
configs/integratorap_cm920t_defconfig,27,"""THE REST"""
configs/integratorap_cm926ejs_defconfig,27,"""THE REST"""
configs/integratorap_cm946es_defconfig,27,"""THE REST"""
configs/integratorcp_cm1136_defconfig,25,"""THE REST"""
configs/integratorcp_cm920t_defconfig,25,"""THE REST"""
configs/integratorcp_cm926ejs_defconfig,25,"""THE REST"""
configs/integratorcp_cm946es_defconfig,25,"""THE REST"""
configs/iot_devkit_defconfig,39,"""THE REST"""
configs/ipam390_defconfig,44,"""THE REST"""
configs/jesurun_q5_defconfig,20,"""THE REST"""
configs/jetson-tk1_defconfig,57,"""THE REST"""
configs/k2e_evm_defconfig,66,"""THE REST"""
configs/k2e_hs_evm_defconfig,59,"""THE REST"",""TI SYSTEM SECURITY"""
configs/k2g_evm_defconfig,75,"""THE REST"""
configs/k2g_hs_evm_defconfig,68,"""THE REST"",""TI SYSTEM SECURITY"""
configs/k2hk_evm_defconfig,66,"""THE REST"""
configs/k2hk_hs_evm_defconfig,59,"""THE REST"",""TI SYSTEM SECURITY"""
configs/k2l_evm_defconfig,66,"""THE REST"""
configs/k2l_hs_evm_defconfig,58,"""THE REST"",""TI SYSTEM SECURITY"""
configs/kc1_defconfig,38,"""THE REST"""
configs/khadas-vim2_defconfig,47,"""THE REST"""
configs/khadas-vim_defconfig,52,"""THE REST"""
configs/km_kirkwood_128m16_defconfig,44,"""THE REST"""
configs/km_kirkwood_defconfig,44,"""THE REST"""
configs/km_kirkwood_pci_defconfig,44,"""THE REST"""
configs/kmcoge4_defconfig,53,"""THE REST"""
configs/kmcoge5ne_defconfig,44,"""THE REST"""
configs/kmcoge5un_defconfig,44,"""THE REST"""
configs/kmeter1_defconfig,43,"""THE REST"""
configs/kmlion1_defconfig,53,"""THE REST"""
configs/kmnusa_defconfig,44,"""THE REST"""
configs/kmopti2_defconfig,43,"""THE REST"""
configs/kmsugp1_defconfig,44,"""THE REST"""
configs/kmsupx5_defconfig,43,"""THE REST"""
configs/kmsuv31_defconfig,44,"""THE REST"""
configs/kmtegr1_defconfig,45,"""THE REST"""
configs/kmtepr2_defconfig,43,"""THE REST"""
configs/kmvect1_defconfig,44,"""THE REST"""
configs/koelsch_defconfig,89,"""THE REST"""
configs/kp_imx53_defconfig,46,"""THE REST"""
configs/kp_imx6q_tpc_defconfig,44,"""THE REST"""
configs/kylin-rk3036_defconfig,62,"""THE REST"""
configs/kzm9g_defconfig,32,"""THE REST"""
configs/lager_defconfig,91,"""THE REST"""
configs/legoev3_defconfig,33,"""THE REST"""
configs/libretech-cc_defconfig,52,"""THE REST"""
configs/libretech_all_h3_cc_h2_plus_defconfig,17,"""THE REST"""
configs/libretech_all_h3_cc_h3_defconfig,17,"""THE REST"""
configs/libretech_all_h3_cc_h5_defconfig,17,"""THE REST"""
configs/linkit-smart-7688-ram_defconfig,59,"""THE REST"""
configs/linkit-smart-7688_defconfig,63,"""THE REST"""
configs/lion-rk3368_defconfig,102,"""THE REST"""
configs/liteboard_defconfig,38,"""THE REST"""
configs/ls1012a2g5rdb_qspi_defconfig,50,"""THE REST"""
configs/ls1012a2g5rdb_tfa_defconfig,50,"""THE REST"""
configs/ls1012afrdm_qspi_defconfig,50,"""THE REST"""
configs/ls1012afrdm_tfa_defconfig,50,"""THE REST"""
configs/ls1012afrwy_qspi_SECURE_BOOT_defconfig,52,"""THE REST"""
configs/ls1012afrwy_qspi_defconfig,51,"""THE REST"""
configs/ls1012afrwy_tfa_SECURE_BOOT_defconfig,53,"""THE REST"""
configs/ls1012afrwy_tfa_defconfig,51,"""THE REST"""
configs/ls1012aqds_qspi_defconfig,63,"""THE REST"""
configs/ls1012aqds_tfa_SECURE_BOOT_defconfig,65,"""THE REST"""
configs/ls1012aqds_tfa_defconfig,63,"""THE REST"""
configs/ls1012ardb_qspi_SECURE_BOOT_defconfig,58,"""THE REST"""
configs/ls1012ardb_qspi_defconfig,57,"""THE REST"""
configs/ls1012ardb_tfa_SECURE_BOOT_defconfig,59,"""THE REST"""
configs/ls1012ardb_tfa_defconfig,57,"""THE REST"""
configs/ls1021aiot_qspi_defconfig,39,"""THE REST"""
configs/ls1021aiot_sdcard_defconfig,44,"""THE REST"""
configs/ls1021aqds_ddr4_nor_defconfig,60,"""THE REST"""
configs/ls1021aqds_ddr4_nor_lpuart_defconfig,60,"""THE REST"""
configs/ls1021aqds_nand_defconfig,74,"""THE REST"""
configs/ls1021aqds_nor_SECURE_BOOT_defconfig,61,"""THE REST"""
configs/ls1021aqds_nor_defconfig,61,"""THE REST"""
configs/ls1021aqds_nor_lpuart_defconfig,61,"""THE REST"""
configs/ls1021aqds_qspi_defconfig,62,"""THE REST"""
configs/ls1021aqds_sdcard_ifc_defconfig,72,"""THE REST"""
configs/ls1021aqds_sdcard_qspi_defconfig,73,"""THE REST"""
configs/ls1021atwr_nor_SECURE_BOOT_defconfig,56,"""THE REST"""
configs/ls1021atwr_nor_defconfig,59,"""THE REST"""
configs/ls1021atwr_nor_lpuart_defconfig,57,"""THE REST"""
configs/ls1021atwr_qspi_defconfig,60,"""THE REST"""
configs/ls1021atwr_sdcard_ifc_SECURE_BOOT_defconfig,70,"""THE REST"""
configs/ls1021atwr_sdcard_ifc_defconfig,67,"""THE REST"""
configs/ls1021atwr_sdcard_qspi_defconfig,70,"""THE REST"""
configs/ls1043aqds_defconfig,56,"""THE REST"""
configs/ls1043aqds_lpuart_defconfig,55,"""THE REST"""
configs/ls1043aqds_nand_defconfig,68,"""THE REST"""
configs/ls1043aqds_nor_ddr3_defconfig,54,"""THE REST"""
configs/ls1043aqds_qspi_defconfig,49,"""THE REST"""
configs/ls1043aqds_sdcard_ifc_defconfig,68,"""THE REST"""
configs/ls1043aqds_sdcard_qspi_defconfig,62,"""THE REST"""
configs/ls1043aqds_tfa_SECURE_BOOT_defconfig,61,"""THE REST"""
configs/ls1043aqds_tfa_defconfig,59,"""THE REST"""
configs/ls1043ardb_SECURE_BOOT_defconfig,51,"""THE REST"""
configs/ls1043ardb_defconfig,49,"""THE REST"""
configs/ls1043ardb_nand_SECURE_BOOT_defconfig,68,"""THE REST"""
configs/ls1043ardb_nand_defconfig,66,"""THE REST"""
configs/ls1043ardb_sdcard_SECURE_BOOT_defconfig,66,"""THE REST"""
configs/ls1043ardb_sdcard_defconfig,64,"""THE REST"""
configs/ls1043ardb_tfa_SECURE_BOOT_defconfig,55,"""THE REST"""
configs/ls1043ardb_tfa_defconfig,52,"""THE REST"""
configs/ls1046aqds_SECURE_BOOT_defconfig,55,"""THE REST"""
configs/ls1046aqds_defconfig,57,"""THE REST"""
configs/ls1046aqds_lpuart_defconfig,57,"""THE REST"""
configs/ls1046aqds_nand_defconfig,62,"""THE REST"""
configs/ls1046aqds_qspi_defconfig,52,"""THE REST"""
configs/ls1046aqds_sdcard_ifc_defconfig,71,"""THE REST"""
configs/ls1046aqds_sdcard_qspi_defconfig,67,"""THE REST"""
configs/ls1046aqds_tfa_SECURE_BOOT_defconfig,65,"""THE REST"""
configs/ls1046aqds_tfa_defconfig,65,"""THE REST"""
configs/ls1046ardb_emmc_defconfig,63,"""THE REST"""
configs/ls1046ardb_qspi_SECURE_BOOT_defconfig,49,"""THE REST"""
configs/ls1046ardb_qspi_defconfig,51,"""THE REST"""
configs/ls1046ardb_qspi_spl_defconfig,66,"""THE REST"""
configs/ls1046ardb_sdcard_SECURE_BOOT_defconfig,64,"""THE REST"""
configs/ls1046ardb_sdcard_defconfig,62,"""THE REST"""
configs/ls1046ardb_tfa_SECURE_BOOT_defconfig,53,"""THE REST"""
configs/ls1046ardb_tfa_defconfig,56,"""THE REST"""
configs/ls1088aqds_defconfig,56,"""THE REST"""
configs/ls1088aqds_qspi_SECURE_BOOT_defconfig,58,"""THE REST"""
configs/ls1088aqds_qspi_defconfig,56,"""THE REST"""
configs/ls1088aqds_sdcard_ifc_defconfig,61,"""THE REST"""
configs/ls1088aqds_sdcard_qspi_defconfig,65,"""THE REST"""
configs/ls1088ardb_qspi_SECURE_BOOT_defconfig,59,"""THE REST"""
configs/ls1088ardb_qspi_defconfig,59,"""THE REST"""
configs/ls1088ardb_sdcard_qspi_SECURE_BOOT_defconfig,69,"""THE REST"""
configs/ls1088ardb_sdcard_qspi_defconfig,66,"""THE REST"""
configs/ls2080a_emu_defconfig,35,"""THE REST"""
configs/ls2080a_simu_defconfig,41,"""THE REST"""
configs/ls2080aqds_SECURE_BOOT_defconfig,60,"""THE REST"""
configs/ls2080aqds_defconfig,61,"""THE REST"""
configs/ls2080aqds_nand_defconfig,65,"""THE REST"""
configs/ls2080aqds_qspi_defconfig,56,"""THE REST"""
configs/ls2080aqds_sdcard_defconfig,63,"""THE REST"""
configs/ls2080ardb_SECURE_BOOT_defconfig,61,"""THE REST"""
configs/ls2080ardb_defconfig,62,"""THE REST"""
configs/ls2080ardb_nand_defconfig,64,"""THE REST"""
configs/ls2081ardb_defconfig,56,"""THE REST"""
configs/ls2088ardb_qspi_SECURE_BOOT_defconfig,56,"""THE REST"""
configs/ls2088ardb_qspi_defconfig,58,"""THE REST"""
configs/lschlv2_defconfig,42,"""THE REST"""
configs/lsxhl_defconfig,42,"""THE REST"""
configs/m53menlo_defconfig,62,"""THE REST"""
configs/malta64_defconfig,30,"""THE REST"""
configs/malta64el_defconfig,31,"""THE REST"""
configs/malta_defconfig,29,"""THE REST"""
configs/maltael_defconfig,30,"""THE REST"""
configs/marsboard_defconfig,37,"""THE REST"""
configs/maxbcm_defconfig,46,"""THE REST"""
configs/mccmon6_nor_defconfig,50,"""THE REST"""
configs/mccmon6_sd_defconfig,51,"""THE REST"""
configs/mcx_defconfig,57,"""THE REST"""
configs/medcom-wide_defconfig,39,"""THE REST"""
configs/meesc_dataflash_defconfig,38,"""THE REST"""
configs/meesc_defconfig,41,"""THE REST"""
configs/mgcoge3un_defconfig,44,"""THE REST"""
configs/microblaze-generic_defconfig,73,"""THE REST"""
configs/minnowmax_defconfig,61,"""THE REST"""
configs/miqi-rk3288_defconfig,90,"""THE REST"""
configs/mixtile_loftq_defconfig,22,"""THE REST"""
configs/mk802_a10s_defconfig,18,"""THE REST"""
configs/mk802_defconfig,14,"""THE REST"""
configs/mk802ii_defconfig,13,"""THE REST"""
configs/mpc8308_p1m_defconfig,26,"""THE REST"""
configs/mpr2_defconfig,31,"""THE REST"""
configs/ms7720se_defconfig,36,"""THE REST"""
configs/ms7722se_defconfig,33,"""THE REST"""
configs/ms7750se_defconfig,32,"""THE REST"""
configs/mt7623n_bpir2_defconfig,54,"""THE REST"""
configs/mt7629_rfb_defconfig,73,"""THE REST"""
configs/mt_ventoux_defconfig,53,"""THE REST"""
configs/mvebu_db-88f3720_defconfig,78,"""THE REST"""
configs/mvebu_db_armada8k_defconfig,71,"""THE REST"""
configs/mvebu_espressobin-88f3720_defconfig,78,"""THE REST"""
configs/mvebu_mcbin-88f8040_defconfig,75,"""THE REST"""
configs/mx23_olinuxino_defconfig,42,"""THE REST"""
configs/mx23evk_defconfig,36,"""THE REST"""
configs/mx25pdk_defconfig,26,"""THE REST"""
configs/mx28evk_auart_console_defconfig,58,"""THE REST"""
configs/mx28evk_defconfig,58,"""THE REST"""
configs/mx28evk_nand_defconfig,57,"""THE REST"""
configs/mx28evk_spi_defconfig,57,"""THE REST"""
configs/mx31pdk_defconfig,30,"""THE REST"""
configs/mx35pdk_defconfig,46,"""THE REST"""
configs/mx51evk_defconfig,35,"""THE REST"""
configs/mx53ard_defconfig,24,"""THE REST"""
configs/mx53cx9020_defconfig,34,"""THE REST"""
configs/mx53evk_defconfig,19,"""THE REST"""
configs/mx53loco_defconfig,36,"""THE REST"""
configs/mx53ppd_defconfig,41,"""THE REST"""
configs/mx53smd_defconfig,19,"""THE REST"""
configs/mx6cuboxi_defconfig,43,"""THE REST"""
configs/mx6dlarm2_defconfig,34,"""THE REST"""
configs/mx6dlarm2_lpddr2_defconfig,34,"""THE REST"""
configs/mx6memcal_defconfig,43,"""THE REST"""
configs/mx6qarm2_defconfig,34,"""THE REST"""
configs/mx6qarm2_lpddr2_defconfig,34,"""THE REST"""
configs/mx6qsabrelite_defconfig,59,"""THE REST"""
configs/mx6sabreauto_defconfig,67,"""THE REST"""
configs/mx6sabresd_defconfig,75,"""THE REST"""
configs/mx6slevk_defconfig,56,"""THE REST"""
configs/mx6slevk_spinor_defconfig,56,"""THE REST"""
configs/mx6slevk_spl_defconfig,64,"""THE REST"""
configs/mx6sllevk_defconfig,46,"""THE REST"""
configs/mx6sllevk_plugin_defconfig,47,"""THE REST"""
configs/mx6sxsabreauto_defconfig,60,"""THE REST"""
configs/mx6sxsabresd_defconfig,65,"""THE REST"""
configs/mx6sxsabresd_spl_defconfig,66,"""THE REST"""
configs/mx6ul_14x14_evk_defconfig,66,"""THE REST"""
configs/mx6ul_9x9_evk_defconfig,69,"""THE REST"""
configs/mx6ull_14x14_evk_defconfig,42,"""THE REST"""
configs/mx6ull_14x14_evk_plugin_defconfig,43,"""THE REST"""
configs/mx7dsabresd_defconfig,79,"""THE REST"""
configs/mx7dsabresd_qspi_defconfig,83,"""THE REST"""
configs/mx7ulp_evk_defconfig,30,"""THE REST"""
configs/mx7ulp_evk_plugin_defconfig,29,"""THE REST"""
configs/nanopi-k2_defconfig,40,"""THE REST"""
configs/nanopi_a64_defconfig,14,"""THE REST"""
configs/nanopi_m1_defconfig,15,"""THE REST"""
configs/nanopi_m1_plus_defconfig,17,"""THE REST"""
configs/nanopi_neo2_defconfig,15,"""THE REST"""
configs/nanopi_neo_air_defconfig,17,"""THE REST"""
configs/nanopi_neo_defconfig,18,"""THE REST"""
configs/nanopi_neo_plus2_defconfig,16,"""THE REST"""
configs/nas220_defconfig,42,"""THE REST"""
configs/net2big_v2_defconfig,45,"""THE REST"""
configs/netgear_cg3100d_ram_defconfig,52,"""THE REST"""
configs/netgear_dgnd3700v2_ram_defconfig,55,"""THE REST"""
configs/netspace_lite_v2_defconfig,45,"""THE REST"""
configs/netspace_max_v2_defconfig,45,"""THE REST"""
configs/netspace_mini_v2_defconfig,40,"""THE REST"""
configs/netspace_v2_defconfig,45,"""THE REST"""
configs/nitrogen6dl2g_defconfig,60,"""THE REST"""
configs/nitrogen6dl_defconfig,60,"""THE REST"""
configs/nitrogen6q2g_defconfig,62,"""THE REST"""
configs/nitrogen6q_defconfig,62,"""THE REST"""
configs/nitrogen6s1g_defconfig,60,"""THE REST"""
configs/nitrogen6s_defconfig,60,"""THE REST"""
configs/nokia_rx51_defconfig,38,"""THE REST"""
configs/novena_defconfig,63,"""THE REST"""
configs/nsa310s_defconfig,36,"""THE REST"""
configs/nsim_700_defconfig,21,"""THE REST"""
configs/nsim_700be_defconfig,22,"""THE REST"""
configs/nsim_hs38_defconfig,22,"""THE REST"""
configs/nsim_hs38be_defconfig,23,"""THE REST"""
configs/nyan-big_defconfig,81,"""THE REST"""
configs/odroid-c2_defconfig,41,"""THE REST"""
configs/odroid-xu3_defconfig,59,"""THE REST"""
configs/odroid_defconfig,61,"""THE REST"""
configs/omap35_logic_defconfig,67,"""THE REST"""
configs/omap35_logic_somlv_defconfig,73,"""THE REST"""
configs/omap3_beagle_defconfig,82,"""THE REST"""
configs/omap3_evm_defconfig,71,"""THE REST"""
configs/omap3_ha_defconfig,42,"""THE REST"""
configs/omap3_logic_defconfig,69,"""THE REST"""
configs/omap3_logic_somlv_defconfig,73,"""THE REST"""
configs/omap3_overo_defconfig,51,"""THE REST"""
configs/omap3_pandora_defconfig,40,"""THE REST"""
configs/omap3_zoom1_defconfig,39,"""THE REST"""
configs/omap4_panda_defconfig,42,"""THE REST"""
configs/omap4_sdp4430_defconfig,39,"""THE REST"""
configs/omap5_uevm_defconfig,53,"""THE REST"""
configs/omapl138_lcdk_defconfig,56,"""THE REST"""
configs/openrd_base_defconfig,39,"""THE REST"""
configs/openrd_client_defconfig,39,"""THE REST"""
configs/openrd_ultimate_defconfig,39,"""THE REST"""
configs/opos6uldev_defconfig,94,"""THE REST"""
configs/orangepi_2_defconfig,20,"""THE REST"""
configs/orangepi_lite2_defconfig,12,"""THE REST"""
configs/orangepi_lite_defconfig,15,"""THE REST"""
configs/orangepi_one_defconfig,16,"""THE REST"""
configs/orangepi_one_plus_defconfig,12,"""THE REST"""
configs/orangepi_pc2_defconfig,18,"""THE REST"""
configs/orangepi_pc_defconfig,18,"""THE REST"""
configs/orangepi_pc_plus_defconfig,19,"""THE REST"""
configs/orangepi_plus2e_defconfig,20,"""THE REST"""
configs/orangepi_plus_defconfig,22,"""THE REST"""
configs/orangepi_prime_defconfig,16,"""THE REST"""
configs/orangepi_r1_defconfig,17,"""THE REST"""
configs/orangepi_win_defconfig,15,"""THE REST"""
configs/orangepi_zero_defconfig,17,"""THE REST"""
configs/orangepi_zero_plus2_defconfig,17,"""THE REST"""
configs/orangepi_zero_plus_defconfig,17,"""THE REST"""
configs/origen_defconfig,41,"""THE REST"""
configs/ot1200_defconfig,46,"""THE REST"""
configs/ot1200_spl_defconfig,55,"""THE REST"""
configs/p212_defconfig,51,"""THE REST"""
configs/p2371-0000_defconfig,43,"""THE REST"""
configs/p2371-2180_defconfig,50,"""THE REST"""
configs/p2571_defconfig,43,"""THE REST"""
configs/p2771-0000-000_defconfig,35,"""THE REST"""
configs/p2771-0000-500_defconfig,35,"""THE REST"""
configs/parrot_r16_defconfig,24,"""THE REST"""
configs/paz00_defconfig,38,"""THE REST"""
configs/pcm051_rev1_defconfig,58,"""THE REST"""
configs/pcm051_rev3_defconfig,58,"""THE REST"""
configs/pcm052_defconfig,40,"""THE REST"""
configs/pcm058_defconfig,57,"""THE REST"""
configs/peach-pi_defconfig,73,"""THE REST"""
configs/peach-pit_defconfig,72,"""THE REST"""
configs/pengwyn_defconfig,62,"""THE REST"""
configs/pepper_defconfig,41,"""THE REST"""
configs/pfla02_defconfig,57,"""THE REST"""
configs/phycore-rk3288_defconfig,89,"""THE REST"""
configs/pic32mzdask_defconfig,47,"""THE REST"""
configs/pico-hobbit-imx6ul_defconfig,53,"""THE REST"""
configs/pico-hobbit-imx7d_defconfig,60,"""THE REST"""
configs/pico-imx6ul_defconfig,55,"""THE REST"""
configs/pico-imx7d_defconfig,60,"""THE REST"""
configs/pico-pi-imx6ul_defconfig,53,"""THE REST"""
configs/pico-pi-imx7d_defconfig,60,"""THE REST"""
configs/picosam9g45_defconfig,46,"""THE REST"""
configs/pine64-lts_defconfig,19,"""THE REST"""
configs/pine64_plus_defconfig,18,"""THE REST"""
configs/pine_h64_defconfig,13,"""THE REST"""
configs/pinebook_defconfig,22,"""THE REST"""
configs/platinum_picon_defconfig,55,"""THE REST"""
configs/platinum_titanium_defconfig,57,"""THE REST"""
configs/plutux_defconfig,32,"""THE REST"""
configs/pm9261_defconfig,55,"""THE REST"""
configs/pm9263_defconfig,53,"""THE REST"""
configs/pm9g45_defconfig,28,"""THE REST"""
configs/pogo_e02_defconfig,32,"""THE REST"""
configs/polaroid_mid2407pxe03_defconfig,26,"""THE REST"""
configs/polaroid_mid2809pxe04_defconfig,26,"""THE REST"""
configs/poplar_defconfig,22,"""THE REST"""
configs/popmetal-rk3288_defconfig,85,"""THE REST"""
configs/porter_defconfig,89,"""THE REST"""
configs/portl2_defconfig,43,"""THE REST"""
configs/pov_protab2_ips9_defconfig,23,"""THE REST"""
configs/puma-rk3399_defconfig,110,"""THE REST"""
configs/pxm2_defconfig,90,"""THE REST"""
configs/q8_a13_tablet_defconfig,25,"""THE REST"""
configs/q8_a23_tablet_800x480_defconfig,26,"""THE REST"""
configs/q8_a33_tablet_1024x600_defconfig,26,"""THE REST"""
configs/q8_a33_tablet_800x480_defconfig,26,"""THE REST"""
configs/qemu-ppce500_defconfig,30,"""THE REST"""
configs/qemu-riscv32_defconfig,9,"""THE REST"""
configs/qemu-riscv32_smode_defconfig,10,"""THE REST"""
configs/qemu-riscv64_defconfig,10,"""THE REST"""
configs/qemu-riscv64_smode_defconfig,11,"""THE REST"""
configs/qemu-x86_64_defconfig,74,"""THE REST"""
configs/qemu-x86_defconfig,53,"""THE REST"""
configs/qemu_arm64_defconfig,38,"""THE REST"""
configs/qemu_arm_defconfig,38,"""THE REST"""
configs/qemu_mips64_defconfig,25,"""THE REST"""
configs/qemu_mips64el_defconfig,26,"""THE REST"""
configs/qemu_mips_defconfig,23,"""THE REST"""
configs/qemu_mipsel_defconfig,24,"""THE REST"""
configs/r0p7734_defconfig,34,"""THE REST"""
configs/r2dplus_defconfig,24,"""THE REST"""
configs/r7-tv-dongle_defconfig,17,"""THE REST"""
configs/r7780mp_defconfig,36,"""THE REST"""
configs/r8a7795_salvator-x_defconfig,66,"""THE REST"""
configs/r8a7795_ulcb_defconfig,67,"""THE REST"""
configs/r8a77965_salvator-x_defconfig,67,"""THE REST"""
configs/r8a7796_salvator-x_defconfig,67,"""THE REST"""
configs/r8a7796_ulcb_defconfig,68,"""THE REST"""
configs/r8a77970_eagle_defconfig,70,"""THE REST"""
configs/r8a77990_ebisu_defconfig,65,"""THE REST"""
configs/r8a77995_draak_defconfig,72,"""THE REST"""
configs/rastaban_defconfig,83,"""THE REST"""
configs/riotboard_defconfig,37,"""THE REST"""
configs/rock2_defconfig,88,"""THE REST"""
configs/rock960-rk3399_defconfig,69,"""THE REST"""
configs/rock_defconfig,60,"""THE REST"""
configs/rpi_0_w_defconfig,41,"""THE REST"""
configs/rpi_2_defconfig,41,"""THE REST"""
configs/rpi_3_32b_defconfig,44,"""THE REST"""
configs/rpi_3_defconfig,44,"""THE REST"""
configs/rpi_defconfig,41,"""THE REST"""
configs/rsk7203_defconfig,32,"""THE REST"""
configs/rsk7264_defconfig,15,"""THE REST"""
configs/rsk7269_defconfig,15,"""THE REST"""
configs/rut_defconfig,91,"""THE REST"""
configs/s32v234evb_defconfig,17,"""THE REST"""
configs/s400_defconfig,38,"""THE REST"""
configs/s5p_goni_defconfig,47,"""THE REST"""
configs/s5pc210_universal_defconfig,49,"""THE REST"""
configs/sagem_f@st1704_ram_defconfig,50,"""THE REST"""
configs/sama5d27_som1_ek_mmc1_defconfig,95,"""THE REST"""
configs/sama5d27_som1_ek_mmc_defconfig,96,"""THE REST"""
configs/sama5d2_ptc_ek_mmc_defconfig,71,"""THE REST"""
configs/sama5d2_ptc_ek_nandflash_defconfig,70,"""THE REST"""
configs/sama5d2_xplained_emmc_defconfig,92,"""THE REST"""
configs/sama5d2_xplained_mmc_defconfig,94,"""THE REST"""
configs/sama5d2_xplained_spiflash_defconfig,91,"""THE REST"""
configs/sama5d36ek_cmp_mmc_defconfig,62,"""THE REST"""
configs/sama5d36ek_cmp_nandflash_defconfig,62,"""THE REST"""
configs/sama5d36ek_cmp_spiflash_defconfig,63,"""THE REST"""
configs/sama5d3_xplained_mmc_defconfig,83,"""THE REST"""
configs/sama5d3_xplained_nandflash_defconfig,80,"""THE REST"""
configs/sama5d3xek_mmc_defconfig,94,"""THE REST"""
configs/sama5d3xek_nandflash_defconfig,89,"""THE REST"""
configs/sama5d3xek_spiflash_defconfig,90,"""THE REST"""
configs/sama5d4_xplained_mmc_defconfig,90,"""THE REST"""
configs/sama5d4_xplained_nandflash_defconfig,86,"""THE REST"""
configs/sama5d4_xplained_spiflash_defconfig,90,"""THE REST"""
configs/sama5d4ek_mmc_defconfig,85,"""THE REST"""
configs/sama5d4ek_nandflash_defconfig,81,"""THE REST"""
configs/sama5d4ek_spiflash_defconfig,82,"""THE REST"""
configs/sandbox64_defconfig,205,"""THE REST"""
configs/sandbox_defconfig,222,"""THE REST"""
configs/sandbox_flattree_defconfig,181,"""THE REST"""
configs/sandbox_noblk_defconfig,183,"""THE REST"""
configs/sandbox_spl_defconfig,201,"""THE REST"""
configs/sansa_fuze_plus_defconfig,41,"""THE REST"""
configs/sbc8349_PCI_33_defconfig,23,"""THE REST"""
configs/sbc8349_PCI_66_defconfig,23,"""THE REST"""
configs/sbc8349_defconfig,22,"""THE REST"""
configs/sbc8548_PCI_33_PCIE_defconfig,30,"""THE REST"""
configs/sbc8548_PCI_33_defconfig,30,"""THE REST"""
configs/sbc8548_PCI_66_PCIE_defconfig,30,"""THE REST"""
configs/sbc8548_PCI_66_defconfig,30,"""THE REST"""
configs/sbc8548_defconfig,29,"""THE REST"""
configs/sbc8641d_defconfig,26,"""THE REST"""
configs/sc_sps_1_defconfig,38,"""THE REST"""
configs/seaboard_defconfig,43,"""THE REST"""
configs/secomx6quq7_defconfig,33,"""THE REST"""
configs/sfr_nb4-ser_ram_defconfig,57,"""THE REST"""
configs/sh7752evb_defconfig,42,"""THE REST"""
configs/sh7753evb_defconfig,41,"""THE REST"""
configs/sh7757lcr_defconfig,43,"""THE REST"""
configs/sh7763rdp_defconfig,35,"""THE REST"""
configs/sh7785lcr_32bit_defconfig,40,"""THE REST"""
configs/sh7785lcr_defconfig,39,"""THE REST"""
configs/sheep-rk3368_defconfig,29,"""THE REST"""
configs/sheevaplug_defconfig,44,"""THE REST"""
configs/shmin_defconfig,31,"""THE REST"""
configs/silk_defconfig,91,"""THE REST"""
configs/sksimx6_defconfig,42,"""THE REST"""
configs/smartweb_defconfig,64,"""THE REST"""
configs/smdk5250_defconfig,60,"""THE REST"""
configs/smdk5420_defconfig,45,"""THE REST"""
configs/smdkc100_defconfig,26,"""THE REST"""
configs/smdkv310_defconfig,26,"""THE REST"""
configs/snapper9260_defconfig,34,"""THE REST"""
configs/snapper9g20_defconfig,33,"""THE REST"""
configs/sniper_defconfig,40,"""THE REST"""
configs/snow_defconfig,85,"""THE REST"""
configs/socfpga_arria10_defconfig,44,"""THE REST"""
configs/socfpga_arria5_defconfig,77,"""THE REST"""
configs/socfpga_cyclone5_defconfig,78,"""THE REST"""
configs/socfpga_dbm_soc1_defconfig,70,"""THE REST"""
configs/socfpga_de0_nano_soc_defconfig,72,"""THE REST"""
configs/socfpga_de10_nano_defconfig,68,"""THE REST"""
configs/socfpga_de1_soc_defconfig,60,"""THE REST"""
configs/socfpga_is1_defconfig,60,"""THE REST"""
configs/socfpga_sockit_defconfig,78,"""THE REST"""
configs/socfpga_socrates_defconfig,78,"""THE REST"""
configs/socfpga_sr1500_defconfig,67,"""THE REST"""
configs/socfpga_stratix10_defconfig,59,"""THE REST"""
configs/socfpga_vining_fpga_defconfig,94,"""THE REST"""
configs/socrates_defconfig,46,"""THE REST"""
configs/som-db5800-som-6867_defconfig,56,"""THE REST"""
configs/sopine_baseboard_defconfig,20,"""THE REST"""
configs/spear300_defconfig,29,"""THE REST"""
configs/spear300_nand_defconfig,30,"""THE REST"""
configs/spear300_usbtty_defconfig,29,"""THE REST"""
configs/spear300_usbtty_nand_defconfig,30,"""THE REST"""
configs/spear310_defconfig,29,"""THE REST"""
configs/spear310_nand_defconfig,30,"""THE REST"""
configs/spear310_pnor_defconfig,32,"""THE REST"""
configs/spear310_usbtty_defconfig,29,"""THE REST"""
configs/spear310_usbtty_nand_defconfig,30,"""THE REST"""
configs/spear310_usbtty_pnor_defconfig,32,"""THE REST"""
configs/spear320_defconfig,29,"""THE REST"""
configs/spear320_nand_defconfig,30,"""THE REST"""
configs/spear320_pnor_defconfig,32,"""THE REST"""
configs/spear320_usbtty_defconfig,29,"""THE REST"""
configs/spear320_usbtty_nand_defconfig,30,"""THE REST"""
configs/spear320_usbtty_pnor_defconfig,32,"""THE REST"""
configs/spear600_defconfig,32,"""THE REST"""
configs/spear600_nand_defconfig,30,"""THE REST"""
configs/spear600_usbtty_defconfig,29,"""THE REST"""
configs/spear600_usbtty_nand_defconfig,30,"""THE REST"""
configs/spring_defconfig,84,"""THE REST"""
configs/stih410-b2260_defconfig,57,"""THE REST"""
configs/stm32f429-discovery_defconfig,27,"""THE REST"""
configs/stm32f429-evaluation_defconfig,30,"""THE REST"""
configs/stm32f469-discovery_defconfig,30,"""THE REST"""
configs/stm32f746-disco_defconfig,66,"""THE REST"""
configs/stm32h743-disco_defconfig,33,"""THE REST"""
configs/stm32h743-eval_defconfig,33,"""THE REST"""
configs/stm32mp15_basic_defconfig,67,"""THE REST"""
configs/stmark2_defconfig,30,"""THE REST"""
configs/stout_defconfig,89,"""THE REST"""
configs/strider_con_defconfig,43,"""THE REST"""
configs/strider_con_dp_defconfig,43,"""THE REST"""
configs/strider_cpu_defconfig,43,"""THE REST"""
configs/strider_cpu_dp_defconfig,43,"""THE REST"""
configs/stv0991_defconfig,31,"""THE REST"""
configs/sun8i_a23_evb_defconfig,18,"""THE REST"""
configs/sunxi_Gemei_G9_defconfig,20,"""THE REST"""
configs/suvd3_defconfig,43,"""THE REST"""
configs/syzygy_hub_defconfig,63,"""THE REST"""
configs/tao3530_defconfig,42,"""THE REST"""
configs/taurus_defconfig,66,"""THE REST"""
configs/tb100_defconfig,21,"""THE REST"""
configs/tbs2910_defconfig,58,"""THE REST"""
configs/tbs_a711_defconfig,24,"""THE REST"""
configs/tec-ng_defconfig,36,"""THE REST"""
configs/tec_defconfig,39,"""THE REST"""
configs/theadorable-x86-conga-qa3-e3845-pcie-x4_defconfig,61,"""THE REST"""
configs/theadorable-x86-conga-qa3-e3845_defconfig,60,"""THE REST"""
configs/theadorable-x86-dfi-bt700_defconfig,57,"""THE REST"""
configs/theadorable_debug_defconfig,74,"""THE REST"""
configs/thuban_defconfig,82,"""THE REST"""
configs/thunderx_88xx_defconfig,29,"""THE REST"""
configs/ti814x_evm_defconfig,42,"""THE REST"""
configs/ti816x_evm_defconfig,52,"""THE REST"""
configs/tinker-rk3288_defconfig,88,"""THE REST"""
configs/titanium_defconfig,45,"""THE REST"""
configs/tools-only_defconfig,24,"""THE REST"""
configs/topic_miami_defconfig,61,"""THE REST"""
configs/topic_miamilite_defconfig,62,"""THE REST"""
configs/topic_miamiplus_defconfig,61,"""THE REST"""
configs/tplink_wdr4300_defconfig,52,"""THE REST"""
configs/tqma6dl_mba6_mmc_defconfig,47,"""THE REST"""
configs/tqma6dl_mba6_spi_defconfig,48,"""THE REST"""
configs/tqma6q_mba6_mmc_defconfig,46,"""THE REST"""
configs/tqma6q_mba6_spi_defconfig,47,"""THE REST"""
configs/tqma6s_mba6_mmc_defconfig,47,"""THE REST"""
configs/tqma6s_mba6_spi_defconfig,48,"""THE REST"""
configs/tqma6s_wru4_mmc_defconfig,69,"""THE REST"""
configs/trats2_defconfig,53,"""THE REST"""
configs/trats_defconfig,50,"""THE REST"""
configs/tricorder_defconfig,46,"""THE REST"""
configs/tricorder_flash_defconfig,45,"""THE REST"""
configs/trimslice_defconfig,42,"""THE REST"""
configs/ts4600_defconfig,26,"""THE REST"""
configs/ts4800_defconfig,23,"""THE REST"""
configs/tuge1_defconfig,43,"""THE REST"""
configs/turris_mox_defconfig,79,"""THE REST"""
configs/turris_omnia_defconfig,56,"""THE REST"""
configs/tuxx1_defconfig,43,"""THE REST"""
configs/twister_defconfig,51,"""THE REST"""
configs/udoo_defconfig,36,"""THE REST"""
configs/udoo_neo_defconfig,33,"""THE REST"""
configs/uniphier_ld4_sld8_defconfig,54,"""ARM UNIPHIER"",""THE REST"""
configs/uniphier_v7_defconfig,56,"""ARM UNIPHIER"",""THE REST"""
configs/uniphier_v8_defconfig,57,"""ARM UNIPHIER"",""THE REST"""
configs/usb_a9263_dataflash_defconfig,45,"""THE REST"""
configs/usbarmory_defconfig,19,"""THE REST"""
configs/vct_platinum_defconfig,27,"""THE REST"""
configs/vct_platinum_onenand_defconfig,33,"""THE REST"""
configs/vct_platinum_onenand_small_defconfig,33,"""THE REST"""
configs/vct_platinum_small_defconfig,27,"""THE REST"""
configs/vct_platinumavc_defconfig,19,"""THE REST"""
configs/vct_platinumavc_onenand_defconfig,25,"""THE REST"""
configs/vct_platinumavc_onenand_small_defconfig,33,"""THE REST"""
configs/vct_platinumavc_small_defconfig,27,"""THE REST"""
configs/vct_premium_defconfig,27,"""THE REST"""
configs/vct_premium_onenand_defconfig,33,"""THE REST"""
configs/vct_premium_onenand_small_defconfig,33,"""THE REST"""
configs/vct_premium_small_defconfig,27,"""THE REST"""
configs/ve8313_defconfig,25,"""THE REST"""
configs/venice2_defconfig,46,"""THE REST"""
configs/ventana_defconfig,40,"""THE REST"""
configs/vexpress_aemv8a_dram_defconfig,39,"""ARM VERSATILE EXPRESS DRIVERS"",""THE REST"""
configs/vexpress_aemv8a_juno_defconfig,42,"""ARM VERSATILE EXPRESS DRIVERS"",""THE REST"""
configs/vexpress_aemv8a_semi_defconfig,39,"""ARM VERSATILE EXPRESS DRIVERS"",""THE REST"""
configs/vexpress_ca15_tc2_defconfig,34,"""ARM VERSATILE EXPRESS DRIVERS"",""THE REST"""
configs/vexpress_ca5x2_defconfig,33,"""ARM VERSATILE EXPRESS DRIVERS"",""THE REST"""
configs/vexpress_ca9x4_defconfig,33,"""ARM VERSATILE EXPRESS DRIVERS"",""THE REST"""
configs/vf610twr_defconfig,44,"""THE REST"""
configs/vf610twr_nand_defconfig,44,"""THE REST"""
configs/vinco_defconfig,40,"""THE REST"""
configs/vining_2000_defconfig,43,"""THE REST"""
configs/vme8349_defconfig,26,"""THE REST"""
configs/vyasa-rk3288_defconfig,90,"""THE REST"""
configs/wandboard_defconfig,46,"""THE REST"""
configs/warp7_bl33_defconfig,41,"""THE REST"""
configs/warp7_defconfig,52,"""THE REST"""
configs/warp_defconfig,41,"""THE REST"""
configs/wb45n_defconfig,32,"""THE REST"""
configs/wb50n_defconfig,34,"""THE REST"""
configs/woodburn_defconfig,43,"""THE REST"""
configs/woodburn_sd_defconfig,54,"""THE REST"""
configs/work_92105_defconfig,41,"""THE REST"""
configs/x600_defconfig,63,"""THE REST"""
configs/xfi3_defconfig,40,"""THE REST"""
configs/xilinx_versal_virt_defconfig,68,"""MICROBLAZE"",""THE REST"""
configs/xilinx_zynqmp_mini_defconfig,52,"""ARM ZYNQ"",""ARM ZYNQMP"",""MICROBLAZE"",""THE REST"""
configs/xilinx_zynqmp_mini_emmc0_defconfig,58,"""ARM ZYNQ"",""ARM ZYNQMP"",""MICROBLAZE"",""THE REST"""
configs/xilinx_zynqmp_mini_emmc1_defconfig,58,"""ARM ZYNQ"",""ARM ZYNQMP"",""MICROBLAZE"",""THE REST"""
configs/xilinx_zynqmp_mini_nand_defconfig,51,"""ARM ZYNQ"",""ARM ZYNQMP"",""MICROBLAZE"",""THE REST"""
configs/xilinx_zynqmp_mini_qspi_defconfig,67,"""ARM ZYNQ"",""ARM ZYNQMP"",""MICROBLAZE"",""THE REST"""
configs/xilinx_zynqmp_r5_defconfig,19,"""ARM ZYNQ"",""ARM ZYNQMP"",""MICROBLAZE"",""THE REST"""
configs/xilinx_zynqmp_zc1232_revA_defconfig,50,"""ARM ZYNQ"",""ARM ZYNQMP"",""MICROBLAZE"",""THE REST"""
configs/xilinx_zynqmp_zc1254_revA_defconfig,50,"""ARM ZYNQ"",""ARM ZYNQMP"",""MICROBLAZE"",""THE REST"""
configs/xilinx_zynqmp_zc1275_revA_defconfig,50,"""ARM ZYNQ"",""ARM ZYNQMP"",""MICROBLAZE"",""THE REST"""
configs/xilinx_zynqmp_zc1275_revB_defconfig,53,"""ARM ZYNQ"",""ARM ZYNQMP"",""MICROBLAZE"",""THE REST"""
configs/xilinx_zynqmp_zc1751_xm015_dc1_defconfig,98,"""ARM ZYNQ"",""ARM ZYNQMP"",""MICROBLAZE"",""THE REST"""
configs/xilinx_zynqmp_zc1751_xm016_dc2_defconfig,91,"""ARM ZYNQ"",""ARM ZYNQMP"",""MICROBLAZE"",""THE REST"""
configs/xilinx_zynqmp_zc1751_xm017_dc3_defconfig,86,"""ARM ZYNQ"",""ARM ZYNQMP"",""MICROBLAZE"",""THE REST"""
configs/xilinx_zynqmp_zc1751_xm018_dc4_defconfig,68,"""ARM ZYNQ"",""ARM ZYNQMP"",""MICROBLAZE"",""THE REST"""
configs/xilinx_zynqmp_zc1751_xm019_dc5_defconfig,63,"""ARM ZYNQ"",""ARM ZYNQMP"",""MICROBLAZE"",""THE REST"""
configs/xilinx_zynqmp_zcu100_revC_defconfig,97,"""ARM ZYNQ"",""ARM ZYNQMP"",""MICROBLAZE"",""THE REST"""
configs/xilinx_zynqmp_zcu102_rev1_0_defconfig,117,"""ARM ZYNQ"",""ARM ZYNQMP"",""MICROBLAZE"",""THE REST"""
configs/xilinx_zynqmp_zcu102_revA_defconfig,115,"""ARM ZYNQ"",""ARM ZYNQMP"",""MICROBLAZE"",""THE REST"""
configs/xilinx_zynqmp_zcu102_revB_defconfig,114,"""ARM ZYNQ"",""ARM ZYNQMP"",""MICROBLAZE"",""THE REST"""
configs/xilinx_zynqmp_zcu104_revA_defconfig,94,"""ARM ZYNQ"",""ARM ZYNQMP"",""MICROBLAZE"",""THE REST"""
configs/xilinx_zynqmp_zcu104_revC_defconfig,95,"""ARM ZYNQ"",""ARM ZYNQMP"",""MICROBLAZE"",""THE REST"""
configs/xilinx_zynqmp_zcu106_revA_defconfig,106,"""ARM ZYNQ"",""ARM ZYNQMP"",""MICROBLAZE"",""THE REST"""
configs/xilinx_zynqmp_zcu111_revA_defconfig,96,"""ARM ZYNQ"",""ARM ZYNQMP"",""MICROBLAZE"",""THE REST"""
configs/xpedite517x_defconfig,39,"""THE REST"""
configs/xpedite520x_defconfig,40,"""THE REST"""
configs/xpedite537x_defconfig,43,"""THE REST"""
configs/xpedite550x_defconfig,43,"""THE REST"""
configs/xpress_defconfig,32,"""THE REST"""
configs/xpress_spl_defconfig,42,"""THE REST"""
configs/xtfpga_defconfig,34,"""THE REST"""
configs/zc5202_defconfig,42,"""THE REST"""
configs/zc5601_defconfig,41,"""THE REST"""
configs/zipitz2_defconfig,34,"""THE REST"""
configs/zmx25_defconfig,33,"""THE REST"""
configs/zynq_cc108_defconfig,60,"""ARM ZYNQ"",""THE REST"""
configs/zynq_cse_nand_defconfig,55,"""ARM ZYNQ"",""THE REST"""
configs/zynq_cse_nor_defconfig,55,"""ARM ZYNQ"",""THE REST"""
configs/zynq_cse_qspi_defconfig,68,"""ARM ZYNQ"",""THE REST"""
configs/zynq_dlc20_rev1_0_defconfig,74,"""ARM ZYNQ"",""THE REST"""
configs/zynq_microzed_defconfig,65,"""ARM ZYNQ"",""THE REST"""
configs/zynq_minized_defconfig,67,"""ARM ZYNQ"",""THE REST"""
configs/zynq_picozed_defconfig,52,"""ARM ZYNQ"",""THE REST"""
configs/zynq_z_turn_defconfig,66,"""ARM ZYNQ"",""THE REST"""
configs/zynq_zc702_defconfig,80,"""ARM ZYNQ"",""THE REST"""
configs/zynq_zc706_defconfig,84,"""ARM ZYNQ"",""THE REST"""
configs/zynq_zc770_xm010_defconfig,59,"""ARM ZYNQ"",""THE REST"""
configs/zynq_zc770_xm011_defconfig,44,"""ARM ZYNQ"",""THE REST"""
configs/zynq_zc770_xm011_x16_defconfig,44,"""ARM ZYNQ"",""THE REST"""
configs/zynq_zc770_xm012_defconfig,46,"""ARM ZYNQ"",""THE REST"""
configs/zynq_zc770_xm013_defconfig,50,"""ARM ZYNQ"",""THE REST"""
configs/zynq_zed_defconfig,69,"""ARM ZYNQ"",""THE REST"""
configs/zynq_zybo_defconfig,75,"""ARM ZYNQ"",""THE REST"""
configs/zynq_zybo_z7_defconfig,69,"""ARM ZYNQ"",""THE REST"""
disk/Kconfig,139,"""THE REST"""
disk/Makefile,13,"""THE REST"""
disk/part.c,708,"""THE REST"""
disk/part_amiga.c,389,"""THE REST"""
disk/part_amiga.h,140,"""THE REST"""
disk/part_dos.c,318,"""THE REST"""
disk/part_dos.h,32,"""THE REST"""
disk/part_efi.c,1081,"""THE REST"""
disk/part_iso.c,241,"""THE REST"""
disk/part_iso.h,143,"""THE REST"""
disk/part_mac.c,248,"""THE REST"""
disk/part_mac.h,82,"""THE REST"""
doc/I2C_Edge_Conditions,46,"""THE REST"""
doc/README.440-DDR-performance,90,"""THE REST"""
doc/README.AMCC-eval-boards-cleanup,31,"""THE REST"""
doc/README.ARC,27,"""THE REST"""
doc/README.ARM-memory-map,17,"""THE REST"""
doc/README.AX25,46,"""THE REST"""
doc/README.Heterogeneous-SoCs,105,"""THE REST"""
doc/README.JFFS2,40,"""THE REST"""
doc/README.JFFS2_NAND,8,"""THE REST"""
doc/README.LED,77,"""THE REST"""
doc/README.LED_display,26,"""THE REST"""
doc/README.N1213,55,"""THE REST"""
doc/README.NDS32,41,"""THE REST"""
doc/README.NetConsole,97,"""THE REST"""
doc/README.OFT,28,"""THE REST"""
doc/README.POST,732,"""THE REST"""
doc/README.SNTP,17,"""THE REST"""
doc/README.SPL,97,"""THE REST"""
doc/README.TPL,45,"""THE REST"""
doc/README.VLAN,15,"""THE REST"""
doc/README.VSC3316-3308,43,"""THE REST"""
doc/README.ae350,275,"""THE REST"""
doc/README.ag101p,36,"""THE REST"""
doc/README.android-fastboot,214,"""THE REST"""
doc/README.android-fastboot-protocol,170,"""THE REST"""
doc/README.arm-caches,53,"""THE REST"""
doc/README.arm-relocation,193,"""THE REST"""
doc/README.arm64,56,"""THE REST"""
doc/README.armada-secureboot,373,"""THE REST"""
doc/README.at91,174,"""THE REST"""
doc/README.atmel_mci,74,"""THE REST"""
doc/README.atmel_pmecc,50,"""THE REST"""
doc/README.autoboot,139,"""THE REST"""
doc/README.avb2,111,"""THE REST"""
doc/README.b4860qds,366,"""THE REST"""
doc/README.bcm7xxx,150,"""ARM BROADCOM BCMSTB"",""THE REST"""
doc/README.bedbug,78,"""THE REST"""
doc/README.bitbangMII,56,"""THE REST"""
doc/README.blackfin,46,"""THE REST"""
doc/README.bloblist,82,"""THE REST"""
doc/README.bootmenu,98,"""THE REST"""
doc/README.boston,58,"""THE REST"""
doc/README.bus_vcxk,67,"""THE REST"""
doc/README.cfi,63,"""THE REST"""
doc/README.chromium,239,"""THE REST"""
doc/README.clang,55,"""THE REST"""
doc/README.coccinelle,491,"""THE REST"""
doc/README.commands,100,"""THE REST"""
doc/README.commands.itest,16,"""THE REST"""
doc/README.commands.spl,31,"""THE REST"""
doc/README.console,100,"""THE REST"""
doc/README.davinci,159,"""THE REST"""
doc/README.davinci.nand_spl,141,"""THE REST"""
doc/README.dfutftp,120,"""THE REST"""
doc/README.displaying-bmps,27,"""THE REST"""
doc/README.distro,407,"""THE REST"""
doc/README.dns,62,"""THE REST"""
doc/README.drivers.eth,215,"""THE REST"""
doc/README.enetaddr,118,"""THE REST"""
doc/README.esbc_validate,40,"""THE REST"""
doc/README.ext4,83,"""THE REST"""
doc/README.falcon,230,"""THE REST"""
doc/README.fdt-control,229,"""THE REST"""
doc/README.fdt-overlays,114,"""THE REST"""
doc/README.fec_mxc,39,"""THE REST"""
doc/README.fsl-clk,5,"""THE REST"""
doc/README.fsl-ddr,439,"""THE REST"""
doc/README.fsl-dpaa,10,"""THE REST"""
doc/README.fsl-esdhc,22,"""THE REST"""
doc/README.fsl-hwconfig,46,"""THE REST"""
doc/README.fsl-trustzone-components,25,"""THE REST"""
doc/README.fsl_iim,48,"""THE REST"""
doc/README.fuse,67,"""THE REST"""
doc/README.generic-board,135,"""THE REST"""
doc/README.generic_usb_ohci,63,"""THE REST"""
doc/README.gpt,296,"""THE REST"""
doc/README.hwconfig,50,"""THE REST"""
doc/README.i2c,60,"""THE REST"""
doc/README.iomux,89,"""THE REST"""
doc/README.iscsi,170,"""EFI PAYLOAD"",""THE REST"""
doc/README.kconfig,158,"""THE REST"""
doc/README.kwbimage,104,"""THE REST"""
doc/README.link-local,75,"""THE REST"""
doc/README.log,251,"""THE REST"""
doc/README.lynxkdi,57,"""THE REST"""
doc/README.m54418twr,245,"""THE REST"""
doc/README.m68k,150,"""THE REST"""
doc/README.malta,16,"""THE REST"""
doc/README.marubun-pcmcia,65,"""THE REST"""
doc/README.marvell,53,"""THE REST"""
doc/README.mediatek,221,"""ARM MEDIATEK"",""THE REST"""
doc/README.memory-test,98,"""THE REST"""
doc/README.menu,124,"""THE REST"""
doc/README.mips,54,"""THE REST"""
doc/README.mpc74xx,22,"""THE REST"""
doc/README.mpc83xx.ddrecc,154,"""THE REST"""
doc/README.mpc83xxads,97,"""THE REST"""
doc/README.mpc85xx,166,"""THE REST"""
doc/README.mpc85xx-sd-spi-boot,75,"""THE REST"""
doc/README.mpc85xx-spin-table,26,"""THE REST"""
doc/README.mpc85xxcds,225,"""THE REST"""
doc/README.multi-dtb-fit,65,"""THE REST"""
doc/README.mxc_ocotp,51,"""THE REST"""
doc/README.nand,345,"""THE REST"""
doc/README.nand-boot-ppc440,60,"""THE REST"""
doc/README.ne2000,38,"""THE REST"""
doc/README.nios2,95,"""THE REST"""
doc/README.nokia_rx51,104,"""THE REST"""
doc/README.nvme,84,"""THE REST"""
doc/README.odroid,329,"""THE REST"""
doc/README.omap-ulpi-viewport,27,"""THE REST"""
doc/README.omap3,209,"""THE REST"""
doc/README.pblimage,111,"""THE REST"""
doc/README.plan9,18,"""THE REST"""
doc/README.power-framework,166,"""THE REST"""
doc/README.pxe,249,"""THE REST"""
doc/README.qemu-arm,68,"""THE REST"""
doc/README.qemu-mips,195,"""THE REST"""
doc/README.qemu-riscv,46,"""THE REST"""
doc/README.ramboot-ppc85xx,102,"""THE REST"""
doc/README.rmobile,97,"""THE REST"""
doc/README.rockchip,354,"""THE REST"""
doc/README.rockusb,56,"""ROCKUSB"",""THE REST"""
doc/README.s5pc1xx,72,"""THE REST"""
doc/README.sata,68,"""THE REST"""
doc/README.sched,53,"""THE REST"""
doc/README.scrapyard,358,"""THE REST"""
doc/README.semihosting,38,"""THE REST"""
doc/README.serial_multi,54,"""THE REST"""
doc/README.sh,104,"""THE REST"""
doc/README.sh7752evb,67,"""THE REST"""
doc/README.sh7753evb,67,"""THE REST"""
doc/README.sha1,58,"""THE REST"""
doc/README.silent,28,"""THE REST"""
doc/README.socfpga,149,"""THE REST"""
doc/README.spear,74,"""THE REST"""
doc/README.splashprepare,31,"""THE REST"""
doc/README.srio-pcie-boot-corenet,118,"""THE REST"""
doc/README.standalone,120,"""THE REST"""
doc/README.t1040-l2switch,63,"""THE REST"""
doc/README.tee,112,"""THE REST"""
doc/README.ti-secure,212,"""THE REST"""
doc/README.trace,346,"""THE REST"""
doc/README.u-boot_on_efi,252,"""THE REST"""
doc/README.ubi,225,"""THE REST"""
doc/README.ubispl,141,"""THE REST"""
doc/README.ublimage,141,"""THE REST"""
doc/README.uefi,337,"""EFI PAYLOAD"",""THE REST"""
doc/README.unaligned-memory-access.txt,240,"""THE REST"""
doc/README.uniphier,462,"""ARM UNIPHIER"",""THE REST"""
doc/README.update,102,"""THE REST"""
doc/README.usb,231,"""THE REST"""
doc/README.vf610,10,"""THE REST"""
doc/README.video,77,"""THE REST"""
doc/README.virtio,253,"""THE REST"""
doc/README.vxworks,102,"""THE REST"""
doc/README.watchdog,33,"""THE REST"""
doc/README.x86,1186,"""THE REST"""
doc/README.xtensa,97,"""THE REST"""
doc/README.zfs,29,"""THE REST"""
doc/README.zynq,83,"""ARM ZYNQ"",""THE REST"""
doc/SPI/README.altera_spi,6,"""THE REST"""
doc/SPI/README.dual-flash,92,"""THE REST"""
doc/SPI/README.ftssp010_spi_test,41,"""THE REST"""
doc/SPI/README.sandbox-spi,64,"""THE REST"""
doc/SPI/README.sh_qspi_test,38,"""THE REST"""
doc/SPI/README.ti_qspi_am43x_test,76,"""THE REST"""
doc/SPI/README.ti_qspi_dra_test,48,"""THE REST"""
doc/SPI/README.ti_qspi_flash,47,"""THE REST"""
doc/SPI/status.txt,32,"""THE REST"""
doc/SPL/README.am335x-network,96,"""THE REST"""
doc/SPL/README.omap3,52,"""THE REST"""
doc/SPL/README.spl-secure-boot,18,"""THE REST"""
doc/bounces,3,"""THE REST"""
doc/chromium/chromebook_jerry.its,42,"""THE REST"""
doc/chromium/devkeys/kernel.keyblock,3,"""THE REST"""
doc/chromium/devkeys/kernel_data_key.vbprivk,10,"""THE REST"""
doc/chromium/nyan-big.its,42,"""THE REST"""
doc/device-tree-bindings/README,17,"""THE REST"""
doc/device-tree-bindings/adc/adc.txt,62,"""THE REST"""
"doc/device-tree-bindings/adc/st,stm32-adc.txt",141,"""THE REST"""
doc/device-tree-bindings/ata/intel-sata.txt,26,"""THE REST"""
doc/device-tree-bindings/chosen.txt,136,"""THE REST"""
"doc/device-tree-bindings/clock/microchip,pic32-clock.txt",33,"""THE REST"""
"doc/device-tree-bindings/clock/nvidia,tegra20-car.txt",207,"""THE REST"""
"doc/device-tree-bindings/clock/rockchip,rk3188-cru.txt",61,"""THE REST"""
"doc/device-tree-bindings/clock/rockchip,rk3288-cru.txt",61,"""THE REST"""
"doc/device-tree-bindings/clock/rockchip,rk3288-dmc.txt",155,"""THE REST"""
"doc/device-tree-bindings/clock/rockchip,rk3368-dmc.txt",67,"""THE REST"""
"doc/device-tree-bindings/clock/rockchip,rk3399-dmc.txt",42,"""THE REST"""
doc/device-tree-bindings/clock/rockchip.txt,77,"""THE REST"""
"doc/device-tree-bindings/clock/snps,hsdk-cgu.txt",35,"""ARC HSDK CGU CLOCK"",""THE REST"""
"doc/device-tree-bindings/clock/st,stm32-rcc.txt",95,"""THE REST"""
"doc/device-tree-bindings/clock/st,stm32h7-rcc.txt",152,"""THE REST"""
"doc/device-tree-bindings/clock/st,stm32mp1.txt",228,"""THE REST"""
"doc/device-tree-bindings/clock/ti,sci-clk.txt",53,"""THE REST"""
doc/device-tree-bindings/config.txt,54,"""THE REST"""
doc/device-tree-bindings/cpu/nios2.txt,54,"""THE REST"""
doc/device-tree-bindings/exynos/dwmmc.txt,54,"""THE REST"""
doc/device-tree-bindings/exynos/emmc-reset.txt,15,"""THE REST"""
doc/device-tree-bindings/exynos/isp-spi.txt,22,"""THE REST"""
doc/device-tree-bindings/exynos/soc.txt,21,"""THE REST"""
doc/device-tree-bindings/exynos/sound.txt,27,"""THE REST"""
doc/device-tree-bindings/exynos/tmu.txt,44,"""THE REST"""
"doc/device-tree-bindings/firmware/linaro,optee-tz.txt",31,"""THE REST"""
"doc/device-tree-bindings/firmware/nvidia,tegra186-bpmp.txt",104,"""THE REST"""
"doc/device-tree-bindings/firmware/ti,sci.txt",76,"""THE REST"""
doc/device-tree-bindings/fpga/altera-socfpga-a10-fpga-mgr.txt,19,"""THE REST"""
doc/device-tree-bindings/gpio/altera_pio.txt,28,"""THE REST"""
doc/device-tree-bindings/gpio/bcm2835-gpio.txt,5,"""THE REST"""
doc/device-tree-bindings/gpio/gpio-msm.txt,22,"""THE REST"""
doc/device-tree-bindings/gpio/gpio-pcf857x.txt,71,"""THE REST"""
doc/device-tree-bindings/gpio/gpio-samsung.txt,41,"""THE REST"""
doc/device-tree-bindings/gpio/gpio.txt,212,"""THE REST"""
"doc/device-tree-bindings/gpio/intel,x86-broadwell-pinctrl.txt",208,"""THE REST"""
"doc/device-tree-bindings/gpio/intel,x86-pinctrl.txt",33,"""THE REST"""
"doc/device-tree-bindings/gpio/nvidia,tegra186-gpio.txt",161,"""THE REST"""
"doc/device-tree-bindings/gpio/nvidia,tegra20-gpio.txt",40,"""THE REST"""
doc/device-tree-bindings/gpio/pm8916_gpio.txt,48,"""THE REST"""
"doc/device-tree-bindings/gpio/snps,creg-gpio.txt",43,"""ARC HSDK CREG GPIO"",""THE REST"""
"doc/device-tree-bindings/gpu/nvidia,tegra20-host1x.txt",372,"""THE REST"""
doc/device-tree-bindings/i2c/i2c-at91.txt,26,"""THE REST"""
doc/device-tree-bindings/i2c/i2c-cdns.txt,20,"""THE REST"""
doc/device-tree-bindings/i2c/i2c-gpio.txt,37,"""THE REST"""
doc/device-tree-bindings/i2c/i2c-mux.txt,60,"""THE REST"""
doc/device-tree-bindings/i2c/i2c-stm32.txt,30,"""THE REST"""
doc/device-tree-bindings/i2c/i2c.txt,41,"""THE REST"""
"doc/device-tree-bindings/i2c/nvidia,tegra186-bpmp-i2c.txt",42,"""THE REST"""
doc/device-tree-bindings/i2c/tegra20-i2c.txt,23,"""THE REST"""
doc/device-tree-bindings/input/cros-ec-keyb.txt,72,"""THE REST"""
doc/device-tree-bindings/input/i8042.txt,10,"""THE REST"""
doc/device-tree-bindings/leds/common.txt,23,"""THE REST"""
doc/device-tree-bindings/leds/leds-bcm6328.txt,106,"""THE REST"""
doc/device-tree-bindings/leds/leds-bcm6358.txt,141,"""THE REST"""
doc/device-tree-bindings/leds/leds-gpio.txt,52,"""THE REST"""
doc/device-tree-bindings/mailbox/k3-secure-proxy.txt,40,"""THE REST"""
doc/device-tree-bindings/mailbox/mailbox.txt,32,"""THE REST"""
"doc/device-tree-bindings/mailbox/nvidia,tegra186-hsp.txt",52,"""THE REST"""
doc/device-tree-bindings/memory/memory.txt,67,"""THE REST"""
doc/device-tree-bindings/misc/altera_sysid.txt,4,"""THE REST"""
doc/device-tree-bindings/misc/cros-ec.txt,38,"""THE REST"""
doc/device-tree-bindings/misc/fs_loader.txt,48,"""THE REST"""
"doc/device-tree-bindings/misc/intel,baytrail-fsp.txt",155,"""THE REST"""
"doc/device-tree-bindings/misc/intel,irq-router.txt",61,"""THE REST"""
doc/device-tree-bindings/misc/intel-lpc.txt,64,"""THE REST"""
doc/device-tree-bindings/mmc/msm_sdhci.txt,25,"""THE REST"""
doc/device-tree-bindings/mtd/altera_qspi.txt,35,"""THE REST"""
doc/device-tree-bindings/mtd/mtd-physmap.txt,88,"""THE REST"""
doc/device-tree-bindings/mtd/spi-nand.txt,5,"""THE REST"""
doc/device-tree-bindings/mtd/spi/spi-flash.txt,25,"""THE REST"""
"doc/device-tree-bindings/nand/nvidia,tegra20-nand.txt",53,"""THE REST"""
"doc/device-tree-bindings/net/allwinner,sun4i-emac.txt",19,"""THE REST"""
"doc/device-tree-bindings/net/allwinner,sun4i-mdio.txt",27,"""THE REST"""
"doc/device-tree-bindings/net/allwinner,sun7i-a20-gmac.txt",27,"""THE REST"""
doc/device-tree-bindings/net/altera_tse.txt,112,"""THE REST"""
doc/device-tree-bindings/net/ethernet.txt,25,"""THE REST"""
doc/device-tree-bindings/net/fixed-link.txt,30,"""THE REST"""
doc/device-tree-bindings/net/fsl-tsec-phy.txt,64,"""THE REST"""
"doc/device-tree-bindings/net/mediatek,mt7628-eth.txt",17,"""ARM MEDIATEK"",""THE REST"""
doc/device-tree-bindings/net/micrel-ksz90x1.txt,165,"""THE REST"""
"doc/device-tree-bindings/net/snps,dwc-qos-ethernet.txt",166,"""THE REST"""
doc/device-tree-bindings/net/stmmac.txt,63,"""THE REST"""
"doc/device-tree-bindings/net/ti,dp83867.txt",33,"""THE REST"""
doc/device-tree-bindings/pci/armada8k-pcie.txt,49,"""THE REST"""
doc/device-tree-bindings/phy/no-op.txt,16,"""THE REST"""
doc/device-tree-bindings/phy/phy-stih407-usb.txt,24,"""THE REST"""
doc/device-tree-bindings/phy/phy-stm32-usbphyc.txt,73,"""THE REST"""
doc/device-tree-bindings/phy/sun4i-usb-phy.txt,65,"""THE REST"""
"doc/device-tree-bindings/pinctrl/atmel,at91-pio4-pinctrl.txt",66,"""THE REST"""
doc/device-tree-bindings/pinctrl/bcm6838-pinctrl.txt,35,"""THE REST"""
"doc/device-tree-bindings/pinctrl/marvell,armada-37xx-pinctrl.txt",185,"""THE REST"""
"doc/device-tree-bindings/pinctrl/marvell,armada-apn806-pinctrl.txt",25,"""THE REST"""
"doc/device-tree-bindings/pinctrl/marvell,armada-cp110-pinctrl.txt",270,"""THE REST"""
"doc/device-tree-bindings/pinctrl/marvell,mvebu-pinctrl.txt",113,"""THE REST"""
doc/device-tree-bindings/pinctrl/pinctrl-bindings.txt,236,"""THE REST"""
"doc/device-tree-bindings/pinctrl/rockchip,pinctrl.txt",157,"""THE REST"""
"doc/device-tree-bindings/pinctrl/st,stm32-pinctrl.txt",133,"""THE REST"""
doc/device-tree-bindings/pmic/max77686.txt,35,"""THE REST"""
doc/device-tree-bindings/pmic/pm8916.txt,18,"""THE REST"""
doc/device-tree-bindings/pmic/rn5t567.txt,17,"""THE REST"""
doc/device-tree-bindings/pmic/s2mps11.txt,17,"""THE REST"""
doc/device-tree-bindings/pmic/sandbox.txt,35,"""THE REST"""
"doc/device-tree-bindings/power/ti,sci-pm-domain.txt",52,"""THE REST"""
doc/device-tree-bindings/power/tps65090.txt,17,"""THE REST"""
doc/device-tree-bindings/pwm/pwm.txt,69,"""THE REST"""
doc/device-tree-bindings/pwm/tegra20-pwm.txt,18,"""THE REST"""
doc/device-tree-bindings/ram/k3-am654-ddrss.txt,46,"""THE REST"""
"doc/device-tree-bindings/ram/st,stm32-fmc.txt",58,"""THE REST"""
"doc/device-tree-bindings/ram/st,stm32mp1-ddr.txt",299,"""THE REST"""
doc/device-tree-bindings/regulator/fan53555.txt,23,"""THE REST"""
doc/device-tree-bindings/regulator/fixed.txt,44,"""THE REST"""
doc/device-tree-bindings/regulator/max77686.txt,70,"""THE REST"""
doc/device-tree-bindings/regulator/regulator.txt,63,"""THE REST"""
doc/device-tree-bindings/regulator/sandbox.txt,45,"""THE REST"""
"doc/device-tree-bindings/regulator/st,stm32-vrefbuf.txt",23,"""THE REST"""
doc/device-tree-bindings/regulator/tps65090.txt,122,"""THE REST"""
doc/device-tree-bindings/remoteproc/k3-rproc.txt,50,"""THE REST"""
doc/device-tree-bindings/remoteproc/k3-system-controller.txt,24,"""THE REST"""
doc/device-tree-bindings/remoteproc/remoteproc.txt,14,"""THE REST"""
doc/device-tree-bindings/reset/reset.txt,75,"""THE REST"""
"doc/device-tree-bindings/reset/st,stm32-rcc.txt",6,"""THE REST"""
"doc/device-tree-bindings/reset/ti,sci-reset.txt",54,"""THE REST"""
doc/device-tree-bindings/root.txt,4,"""THE REST"""
"doc/device-tree-bindings/rtc/brcm,brcmstb-waketimer.txt",22,"""THE REST"""
doc/device-tree-bindings/serial/8250.txt,66,"""THE REST"""
doc/device-tree-bindings/serial/altera_jtaguart.txt,4,"""THE REST"""
doc/device-tree-bindings/serial/altera_uart.txt,7,"""THE REST"""
doc/device-tree-bindings/serial/bcm2835-aux-uart.txt,10,"""THE REST"""
"doc/device-tree-bindings/serial/microchip,pic32-uart.txt",5,"""THE REST"""
doc/device-tree-bindings/serial/msm-serial.txt,6,"""THE REST"""
doc/device-tree-bindings/serial/mxc-serial.txt,8,"""THE REST"""
doc/device-tree-bindings/serial/omap_serial.txt,33,"""THE REST"""
doc/device-tree-bindings/serial/pl01x.txt,10,"""THE REST"""
"doc/device-tree-bindings/serial/qca,ar9330-uart.txt",24,"""THE REST"""
doc/device-tree-bindings/serial/sandbox-serial.txt,13,"""THE REST"""
doc/device-tree-bindings/serial/sh.txt,6,"""THE REST"""
doc/device-tree-bindings/serial/snps-dw-apb-uart.txt,76,"""THE REST"""
doc/device-tree-bindings/serial/xilinx_uartlite.txt,13,"""MICROBLAZE"",""THE REST"""
doc/device-tree-bindings/spi/soft-spi.txt,38,"""THE REST"""
doc/device-tree-bindings/spi/spi-atcspi200.txt,37,"""THE REST"""
doc/device-tree-bindings/spi/spi-ath79.txt,19,"""THE REST"""
doc/device-tree-bindings/spi/spi-bus.txt,94,"""THE REST"""
doc/device-tree-bindings/spi/spi-cadence.txt,31,"""THE REST"""
doc/device-tree-bindings/spi/spi-stm32-qspi.txt,39,"""THE REST"""
doc/device-tree-bindings/spi/spi-zynq-qspi.txt,26,"""ARM ZYNQ"",""THE REST"""
doc/device-tree-bindings/spi/spi-zynq.txt,32,"""ARM ZYNQ"",""THE REST"""
doc/device-tree-bindings/spi/spi_altera.txt,4,"""THE REST"""
doc/device-tree-bindings/spmi/spmi-msm.txt,26,"""THE REST"""
doc/device-tree-bindings/spmi/spmi-sandbox.txt,31,"""THE REST"""
"doc/device-tree-bindings/sysreset/ti,sci-sysreset.txt",29,"""THE REST"""
doc/device-tree-bindings/thermal/rockchip-thermal.txt,68,"""THE REST"""
doc/device-tree-bindings/thermal/ti_soc_thermal.txt,35,"""THE REST"""
doc/device-tree-bindings/timer/altera_timer.txt,19,"""THE REST"""
doc/device-tree-bindings/timer/arc_timer.txt,24,"""THE REST"""
doc/device-tree-bindings/timer/atcpit100_timer.txt,31,"""THE REST"""
doc/device-tree-bindings/timer/sandbox_timer.txt,7,"""THE REST"""
doc/device-tree-bindings/tpm2/sandbox.txt,11,"""THE REST"""
doc/device-tree-bindings/tpm2/tis-tpm2-spi.txt,18,"""THE REST"""
doc/device-tree-bindings/usb/dwc3-st.txt,60,"""THE REST"""
doc/device-tree-bindings/usb/ehci-msm.txt,10,"""THE REST"""
doc/device-tree-bindings/usb/marvell.xhci-usb.txt,28,"""THE REST"""
doc/device-tree-bindings/usb/tegra-usb.txt,25,"""THE REST"""
doc/device-tree-bindings/video/atmel-hlcdc.txt,42,"""THE REST"""
doc/device-tree-bindings/video/bridge/ps8622.txt,33,"""THE REST"""
doc/device-tree-bindings/video/display-timing.txt,110,"""THE REST"""
doc/device-tree-bindings/video/displaymode.txt,42,"""THE REST"""
doc/device-tree-bindings/video/exynos-dp.txt,69,"""THE REST"""
doc/device-tree-bindings/video/exynos-fb.txt,100,"""THE REST"""
doc/device-tree-bindings/video/exynos_mipi_dsi.txt,82,"""THE REST"""
doc/device-tree-bindings/video/intel-gma.txt,40,"""THE REST"""
"doc/device-tree-bindings/video/osd/gdsys,ihs_video_out.txt",23,"""THE REST"""
doc/device-tree-bindings/video/rockchip-lvds.txt,77,"""THE REST"""
doc/device-tree-bindings/video/sandbox-fb.txt,13,"""THE REST"""
doc/device-tree-bindings/video/simple-framebuffer.txt,25,"""THE REST"""
doc/device-tree-bindings/video/tegra20-dc.txt,85,"""THE REST"""
doc/device-tree-bindings/w1-eeprom/ds24xxx.txt,37,"""THE REST"""
doc/device-tree-bindings/w1-eeprom/ds2502.txt,33,"""THE REST"""
doc/device-tree-bindings/w1-eeprom/eep_sandbox.txt,34,"""THE REST"""
doc/device-tree-bindings/w1/w1-gpio.txt,40,"""THE REST"""
doc/driver-model/MIGRATION.txt,84,"""THE REST"""
doc/driver-model/README.txt,910,"""THE REST"""
doc/driver-model/fdt-fixup.txt,132,"""THE REST"""
doc/driver-model/fs_firmware_loader.txt,133,"""THE REST"""
doc/driver-model/i2c-howto.txt,54,"""THE REST"""
doc/driver-model/livetree.txt,272,"""THE REST"""
doc/driver-model/of-plat.txt,315,"""THE REST"""
doc/driver-model/pci-info.txt,167,"""THE REST"""
doc/driver-model/pmic-framework.txt,140,"""THE REST"""
doc/driver-model/remoteproc-framework.txt,168,"""THE REST"""
doc/driver-model/serial-howto.txt,44,"""THE REST"""
doc/driver-model/spi-howto.txt,623,"""THE REST"""
doc/driver-model/usb-info.txt,415,"""THE REST"""
doc/feature-removal-schedule.txt,43,"""THE REST"""
doc/git-mailrc,126,"""THE REST"""
doc/imx/common/imx25.txt,10,"""THE REST"""
doc/imx/common/imx27.txt,10,"""THE REST"""
doc/imx/common/imx5.txt,40,"""THE REST"""
doc/imx/common/imx6.txt,90,"""THE REST"""
doc/imx/common/mxs.txt,290,"""THE REST"""
doc/imx/hab/habv4/encrypted_boot.txt,43,"""THE REST"""
doc/imx/hab/habv4/secure_boot.txt,100,"""THE REST"""
doc/imx/misc/sdp.txt,118,"""THE REST"""
doc/imx/mkimage/imximage.txt,239,"""THE REST"""
doc/imx/mkimage/mxsimage.txt,170,"""THE REST"""
doc/kwboot.1,84,"""THE REST"""
doc/mkimage.1,233,"""THE REST"""
doc/mvebu/armada-8k-memory.txt,56,"""THE REST"""
doc/mvebu/cmd/bubt.txt,55,"""THE REST"""
doc/uImage.FIT/beaglebone_vboot.txt,608,"""THE REST"""
doc/uImage.FIT/command_syntax_extensions.txt,201,"""THE REST"""
doc/uImage.FIT/howto.txt,321,"""THE REST"""
doc/uImage.FIT/kernel.its,91,"""THE REST"""
doc/uImage.FIT/kernel_fdt.its,51,"""THE REST"""
doc/uImage.FIT/multi-with-fpga.its,67,"""THE REST"""
doc/uImage.FIT/multi-with-loadables.its,89,"""THE REST"""
doc/uImage.FIT/multi.its,133,"""THE REST"""
doc/uImage.FIT/multi_spl.its,96,"""THE REST"""
doc/uImage.FIT/overlay-fdt-boot.txt,225,"""THE REST"""
doc/uImage.FIT/sec_firmware_ppa.its,49,"""THE REST"""
doc/uImage.FIT/sign-configs.its,45,"""THE REST"""
doc/uImage.FIT/sign-images.its,42,"""THE REST"""
doc/uImage.FIT/signature.txt,554,"""THE REST"""
doc/uImage.FIT/source_file_format.txt,303,"""THE REST"""
doc/uImage.FIT/update3.its,44,"""THE REST"""
doc/uImage.FIT/update_uboot.its,24,"""THE REST"""
doc/uImage.FIT/verified-boot.txt,104,"""THE REST"""
doc/uImage.FIT/x86-fit-boot.txt,272,"""THE REST"""
drivers/Kconfig,133,"""THE REST"""
drivers/Makefile,117,"""THE REST"""
drivers/adc/Kconfig,65,"""THE REST"""
drivers/adc/Makefile,12,"""THE REST"""
drivers/adc/adc-uclass.c,440,"""THE REST"""
drivers/adc/exynos-adc.c,144,"""THE REST"""
drivers/adc/meson-saradc.c,723,"""THE REST"""
drivers/adc/rockchip-saradc.c,182,"""THE REST"""
drivers/adc/sandbox.c,173,"""THE REST"""
drivers/adc/stm32-adc-core.c,209,"""THE REST"""
drivers/adc/stm32-adc-core.h,51,"""THE REST"""
drivers/adc/stm32-adc.c,257,"""THE REST"""
drivers/ata/Kconfig,113,"""THE REST"""
drivers/ata/Makefile,20,"""THE REST"""
drivers/ata/ahci-pci.c,41,"""THE REST"""
drivers/ata/ahci-uclass.c,15,"""THE REST"""
drivers/ata/ahci.c,1222,"""THE REST"""
drivers/ata/ahci_mvebu.c,58,"""ARM MARVELL KIRKWOOD ARMADA-XP ARMADA-38X ARMADA-37XX"",""THE REST"""
drivers/ata/dwc_ahci.c,99,"""THE REST"""
drivers/ata/dwc_ahsata.c,1078,"""THE REST"""
drivers/ata/dwc_ahsata_priv.h,319,"""THE REST"""
drivers/ata/fsl_sata.c,853,"""THE REST"""
drivers/ata/fsl_sata.h,320,"""THE REST"""
drivers/ata/libata.c,143,"""THE REST"""
drivers/ata/mvsata_ide.c,198,"""THE REST"""
drivers/ata/sata.c,153,"""THE REST"""
drivers/ata/sata_ceva.c,222,"""THE REST"""
drivers/ata/sata_mv.c,1050,"""THE REST"""
drivers/ata/sata_sandbox.c,32,"""THE REST"""
drivers/ata/sata_sil.c,714,"""THE REST"""
drivers/ata/sata_sil.h,213,"""THE REST"""
drivers/ata/sata_sil3114.c,834,"""THE REST"""
drivers/ata/sata_sil3114.h,133,"""THE REST"""
drivers/axi/Kconfig,32,"""THE REST"""
drivers/axi/Makefile,11,"""THE REST"""
drivers/axi/axi-emul-uclass.c,85,"""THE REST"""
drivers/axi/axi-uclass.c,39,"""THE REST"""
drivers/axi/axi_sandbox.c,77,"""THE REST"""
drivers/axi/ihs_axi.c,293,"""THE REST"""
drivers/axi/sandbox_store.c,123,"""THE REST"""
drivers/bios_emulator/Makefile,14,"""THE REST"""
drivers/bios_emulator/atibios.c,646,"""THE REST"""
drivers/bios_emulator/besys.c,760,"""THE REST"""
drivers/bios_emulator/bios.c,363,"""THE REST"""
drivers/bios_emulator/biosemu.c,372,"""THE REST"""
drivers/bios_emulator/biosemui.h,169,"""THE REST"""
drivers/bios_emulator/include/biosemu.h,343,"""THE REST"""
drivers/bios_emulator/include/x86emu.h,202,"""THE REST"""
drivers/bios_emulator/include/x86emu/debug.h,213,"""THE REST"""
drivers/bios_emulator/include/x86emu/decode.h,88,"""THE REST"""
drivers/bios_emulator/include/x86emu/ops.h,45,"""THE REST"""
drivers/bios_emulator/include/x86emu/prim_ops.h,141,"""THE REST"""
drivers/bios_emulator/include/x86emu/regs.h,340,"""THE REST"""
drivers/bios_emulator/include/x86emu/x86emui.h,98,"""THE REST"""
drivers/bios_emulator/x86emu/debug.c,461,"""THE REST"""
drivers/bios_emulator/x86emu/decode.c,1144,"""THE REST"""
drivers/bios_emulator/x86emu/ops.c,5423,"""THE REST"""
drivers/bios_emulator/x86emu/ops2.c,1769,"""THE REST"""
drivers/bios_emulator/x86emu/prim_ops.c,2442,"""THE REST"""
drivers/bios_emulator/x86emu/sys.c,328,"""THE REST"""
drivers/block/Kconfig,66,"""THE REST"""
drivers/block/Makefile,16,"""THE REST"""
drivers/block/blk-uclass.c,656,"""THE REST"""
drivers/block/blk_legacy.c,264,"""THE REST"""
drivers/block/blkcache.c,172,"""THE REST"""
drivers/block/ide.c,1244,"""THE REST"""
drivers/block/sandbox.c,239,"""THE REST"""
drivers/board/Kconfig,22,"""THE REST"""
drivers/board/Makefile,7,"""THE REST"""
drivers/board/board-uclass.c,60,"""THE REST"""
drivers/board/gazerbeam.c,262,"""THE REST"""
drivers/board/gazerbeam.h,17,"""THE REST"""
drivers/board/sandbox.c,107,"""THE REST"""
drivers/board/sandbox.h,12,"""THE REST"""
drivers/bootcount/Kconfig,164,"""THE REST"""
drivers/bootcount/Makefile,12,"""THE REST"""
drivers/bootcount/bootcount-uclass.c,93,"""THE REST"""
drivers/bootcount/bootcount.c,50,"""THE REST"""
drivers/bootcount/bootcount_at91.c,30,"""THE REST"""
drivers/bootcount/bootcount_davinci.c,41,"""THE REST"""
drivers/bootcount/bootcount_env.c,29,"""THE REST"""
drivers/bootcount/bootcount_ext.c,61,"""THE REST"""
drivers/bootcount/bootcount_i2c.c,43,"""THE REST"""
drivers/bootcount/bootcount_ram.c,63,"""THE REST"""
drivers/bootcount/rtc.c,89,"""THE REST"""
drivers/clk/Kconfig,124,"""THE REST"""
drivers/clk/Makefile,36,"""THE REST"""
drivers/clk/altera/Makefile,6,"""THE REST"""
drivers/clk/altera/clk-arria10.c,362,"""THE REST"""
drivers/clk/aspeed/Makefile,6,"""THE REST"""
drivers/clk/aspeed/clk_ast2500.c,502,"""THE REST"""
drivers/clk/at91/Kconfig,56,"""THE REST"""
drivers/clk/at91/Makefile,12,"""THE REST"""
drivers/clk/at91/clk-generated.c,175,"""THE REST"""
drivers/clk/at91/clk-h32mx.c,55,"""THE REST"""
drivers/clk/at91/clk-main.c,54,"""THE REST"""
drivers/clk/at91/clk-master.c,33,"""THE REST"""
drivers/clk/at91/clk-peripheral.c,112,"""THE REST"""
drivers/clk/at91/clk-plla.c,54,"""THE REST"""
drivers/clk/at91/clk-plladiv.c,85,"""THE REST"""
drivers/clk/at91/clk-slow.c,36,"""THE REST"""
drivers/clk/at91/clk-system.c,110,"""THE REST"""
drivers/clk/at91/clk-usb.c,145,"""THE REST"""
drivers/clk/at91/clk-utmi.c,142,"""THE REST"""
drivers/clk/at91/pmc.c,119,"""THE REST"""
drivers/clk/at91/pmc.h,23,"""THE REST"""
drivers/clk/at91/sckc.c,19,"""THE REST"""
drivers/clk/clk-hsdk-cgu.c,719,"""ARC HSDK CGU CLOCK"",""THE REST"""
drivers/clk/clk-ti-sci.c,217,"""THE REST"""
drivers/clk/clk-uclass.c,420,"""THE REST"""
drivers/clk/clk_bcm6345.c,73,"""THE REST"""
drivers/clk/clk_boston.c,96,"""THE REST"""
drivers/clk/clk_fixed_rate.c,52,"""THE REST"""
drivers/clk/clk_meson.c,918,"""THE REST"""
drivers/clk/clk_meson.h,47,"""THE REST"""
drivers/clk/clk_meson_axg.c,316,"""THE REST"""
drivers/clk/clk_pic32.c,424,"""THE REST"""
drivers/clk/clk_sandbox.c,106,"""THE REST"""
drivers/clk/clk_sandbox_test.c,142,"""THE REST"""
drivers/clk/clk_stm32f.c,729,"""THE REST"""
drivers/clk/clk_stm32h7.c,871,"""THE REST"""
drivers/clk/clk_stm32mp1.c,1909,"""ARM STM STM32MP"",""THE REST"""
drivers/clk/clk_vexpress_osc.c,109,"""ARM VERSATILE EXPRESS DRIVERS"",""THE REST"""
drivers/clk/clk_zynq.c,486,"""ARM ZYNQ"",""THE REST"""
drivers/clk/clk_zynqmp.c,716,"""ARM ZYNQ"",""ARM ZYNQMP"",""THE REST"""
drivers/clk/exynos/Kconfig,18,"""THE REST"""
drivers/clk/exynos/Makefile,7,"""THE REST"""
drivers/clk/exynos/clk-exynos7420.c,230,"""THE REST"""
drivers/clk/exynos/clk-pll.c,32,"""THE REST"""
drivers/clk/exynos/clk-pll.h,8,"""THE REST"""
drivers/clk/ics8n3qv01.c,230,"""THE REST"""
drivers/clk/imx/Kconfig,6,"""THE REST"""
drivers/clk/imx/Makefile,5,"""THE REST"""
drivers/clk/imx/clk-imx8.c,393,"""THE REST"""
drivers/clk/mediatek/Makefile,7,"""ARM MEDIATEK"",""THE REST"""
drivers/clk/mediatek/clk-mt7623.c,870,"""ARM MEDIATEK"",""THE REST"""
drivers/clk/mediatek/clk-mt7629.c,709,"""ARM MEDIATEK"",""THE REST"""
drivers/clk/mediatek/clk-mtk.c,493,"""ARM MEDIATEK"",""THE REST"""
drivers/clk/mediatek/clk-mtk.h,194,"""ARM MEDIATEK"",""THE REST"""
drivers/clk/mpc83xx_clk.c,410,"""POWERPC MPC83XX"",""THE REST"""
drivers/clk/mpc83xx_clk.h,379,"""POWERPC MPC83XX"",""THE REST"""
drivers/clk/mvebu/Kconfig,11,"""THE REST"""
drivers/clk/mvebu/Makefile,1,"""THE REST"""
drivers/clk/mvebu/armada-37xx-periph.c,627,"""THE REST"""
drivers/clk/mvebu/armada-37xx-tbg.c,154,"""THE REST"""
drivers/clk/owl/Kconfig,12,"""ARM OWL"",""THE REST"""
drivers/clk/owl/Makefile,3,"""ARM OWL"",""THE REST"""
drivers/clk/owl/clk_s900.c,137,"""ARM OWL"",""THE REST"""
drivers/clk/renesas/Kconfig,89,"""THE REST"""
drivers/clk/renesas/Makefile,13,"""THE REST"""
drivers/clk/renesas/clk-rcar-gen2.c,278,"""THE REST"""
drivers/clk/renesas/clk-rcar-gen3.c,400,"""THE REST"""
drivers/clk/renesas/r8a7790-cpg-mssr.c,291,"""THE REST"""
drivers/clk/renesas/r8a7791-cpg-mssr.c,291,"""THE REST"""
drivers/clk/renesas/r8a7792-cpg-mssr.c,243,"""THE REST"""
drivers/clk/renesas/r8a7794-cpg-mssr.c,272,"""THE REST"""
drivers/clk/renesas/r8a7795-cpg-mssr.c,368,"""THE REST"""
drivers/clk/renesas/r8a7796-cpg-mssr.c,360,"""THE REST"""
drivers/clk/renesas/r8a77970-cpg-mssr.c,232,"""THE REST"""
drivers/clk/renesas/r8a77990-cpg-mssr.c,307,"""THE REST"""
drivers/clk/renesas/r8a77995-cpg-mssr.c,245,"""THE REST"""
drivers/clk/renesas/rcar-gen2-cpg.h,49,"""THE REST"""
drivers/clk/renesas/rcar-gen3-cpg.h,62,"""THE REST"""
drivers/clk/renesas/renesas-cpg-mssr.c,174,"""THE REST"""
drivers/clk/renesas/renesas-cpg-mssr.h,116,"""THE REST"""
drivers/clk/rockchip/Makefile,14,"""ARM ROCKCHIP"",""THE REST"""
drivers/clk/rockchip/clk_rk3036.c,379,"""ARM ROCKCHIP"",""THE REST"""
drivers/clk/rockchip/clk_rk3128.c,602,"""ARM ROCKCHIP"",""THE REST"""
drivers/clk/rockchip/clk_rk3188.c,616,"""ARM ROCKCHIP"",""THE REST"""
drivers/clk/rockchip/clk_rk322x.c,533,"""ARM ROCKCHIP"",""THE REST"""
drivers/clk/rockchip/clk_rk3288.c,1018,"""ARM ROCKCHIP"",""THE REST"""
drivers/clk/rockchip/clk_rk3328.c,816,"""ARM ROCKCHIP"",""THE REST"""
drivers/clk/rockchip/clk_rk3368.c,669,"""ARM ROCKCHIP"",""THE REST"""
drivers/clk/rockchip/clk_rk3399.c,1428,"""ARM ROCKCHIP"",""THE REST"""
drivers/clk/rockchip/clk_rv1108.c,735,"""ARM ROCKCHIP"",""THE REST"""
drivers/clk/tegra/Kconfig,13,"""THE REST"""
drivers/clk/tegra/Makefile,7,"""THE REST"""
drivers/clk/tegra/tegra-car-clk.c,102,"""THE REST"""
drivers/clk/tegra/tegra186-clk.c,103,"""THE REST"""
drivers/clk/uniphier/Kconfig,8,"""ARM UNIPHIER"",""THE REST"""
drivers/clk/uniphier/Makefile,3,"""ARM UNIPHIER"",""THE REST"""
drivers/clk/uniphier/clk-uniphier-core.c,345,"""ARM UNIPHIER"",""THE REST"""
drivers/clk/uniphier/clk-uniphier-mio.c,82,"""ARM UNIPHIER"",""THE REST"""
drivers/clk/uniphier/clk-uniphier-sys.c,63,"""ARM UNIPHIER"",""THE REST"""
drivers/clk/uniphier/clk-uniphier.h,78,"""ARM UNIPHIER"",""THE REST"""
drivers/core/Kconfig,255,"""DRIVER MODEL"",""THE REST"""
drivers/core/Makefile,18,"""DRIVER MODEL"",""THE REST"""
drivers/core/device-remove.c,216,"""DRIVER MODEL"",""THE REST"""
drivers/core/device.c,874,"""DRIVER MODEL"",""THE REST"""
drivers/core/devres.c,258,"""DRIVER MODEL"",""THE REST"""
drivers/core/dump.c,98,"""DRIVER MODEL"",""THE REST"""
drivers/core/fdtaddr.c,172,"""DRIVER MODEL"",""THE REST"""
drivers/core/lists.c,205,"""DRIVER MODEL"",""THE REST"""
drivers/core/of_access.c,818,"""DRIVER MODEL"",""THE REST"""
drivers/core/of_addr.c,358,"""DRIVER MODEL"",""THE REST"""
drivers/core/of_extra.c,128,"""DRIVER MODEL"",""THE REST"""
drivers/core/ofnode.c,874,"""DRIVER MODEL"",""THE REST"""
drivers/core/read.c,266,"""DRIVER MODEL"",""THE REST"""
drivers/core/read_extra.c,13,"""DRIVER MODEL"",""THE REST"""
drivers/core/regmap.c,424,"""DRIVER MODEL"",""THE REST"""
drivers/core/root.c,430,"""DRIVER MODEL"",""THE REST"""
drivers/core/simple-bus.c,63,"""DRIVER MODEL"",""THE REST"""
drivers/core/syscon-uclass.c,176,"""DRIVER MODEL"",""THE REST"""
drivers/core/uclass.c,759,"""DRIVER MODEL"",""THE REST"""
drivers/core/util.c,80,"""DRIVER MODEL"",""THE REST"""
drivers/cpu/Kconfig,15,"""THE REST"""
drivers/cpu/Makefile,11,"""THE REST"""
drivers/cpu/bmips_cpu.c,520,"""THE REST"""
drivers/cpu/cpu-uclass.c,104,"""THE REST"""
drivers/cpu/cpu_sandbox.c,61,"""THE REST"""
drivers/cpu/mpc83xx_cpu.c,349,"""POWERPC MPC83XX"",""THE REST"""
drivers/cpu/mpc83xx_cpu.h,126,"""POWERPC MPC83XX"",""THE REST"""
drivers/crypto/Kconfig,5,"""THE REST"""
drivers/crypto/Makefile,8,"""THE REST"""
drivers/crypto/ace_sha.c,183,"""THE REST"""
drivers/crypto/ace_sha.h,313,"""THE REST"""
drivers/crypto/fsl/Kconfig,47,"""THE REST"""
drivers/crypto/fsl/Makefile,9,"""THE REST"""
drivers/crypto/fsl/desc.h,745,"""THE REST"""
drivers/crypto/fsl/desc_constr.h,331,"""THE REST"""
drivers/crypto/fsl/error.c,257,"""THE REST"""
drivers/crypto/fsl/fsl_blob.c,194,"""THE REST"""
drivers/crypto/fsl/fsl_hash.c,230,"""THE REST"""
drivers/crypto/fsl/fsl_hash.h,33,"""THE REST"""
drivers/crypto/fsl/fsl_rsa.c,60,"""THE REST"""
drivers/crypto/fsl/jobdesc.c,312,"""THE REST"""
drivers/crypto/fsl/jobdesc.h,47,"""THE REST"""
drivers/crypto/fsl/jr.c,673,"""THE REST"""
drivers/crypto/fsl/jr.h,109,"""THE REST"""
drivers/crypto/fsl/rsa_caam.h,27,"""THE REST"""
drivers/crypto/fsl/sec.c,181,"""THE REST"""
drivers/crypto/rsa_mod_exp/Kconfig,5,"""THE REST"""
drivers/crypto/rsa_mod_exp/Makefile,6,"""THE REST"""
drivers/crypto/rsa_mod_exp/mod_exp_sw.c,39,"""THE REST"""
drivers/crypto/rsa_mod_exp/mod_exp_uclass.c,30,"""THE REST"""
drivers/ddr/Kconfig,1,"""THE REST"""
drivers/ddr/altera/Kconfig,5,"""THE REST"""
drivers/ddr/altera/Makefile,13,"""THE REST"""
drivers/ddr/altera/sdram_arria10.c,742,"""THE REST"""
drivers/ddr/altera/sdram_gen5.c,536,"""THE REST"""
drivers/ddr/altera/sdram_s10.c,388,"""THE REST"""
drivers/ddr/altera/sequencer.c,3792,"""THE REST"""
drivers/ddr/altera/sequencer.h,226,"""THE REST"""
drivers/ddr/fsl/Kconfig,173,"""THE REST"""
drivers/ddr/fsl/Makefile,34,"""THE REST"""
drivers/ddr/fsl/arm_ddr_gen3.c,247,"""THE REST"""
drivers/ddr/fsl/ctrl_regs.c,2717,"""THE REST"""
drivers/ddr/fsl/ddr1_dimm_params.c,331,"""THE REST"""
drivers/ddr/fsl/ddr2_dimm_params.c,330,"""THE REST"""
drivers/ddr/fsl/ddr3_dimm_params.c,337,"""THE REST"""
drivers/ddr/fsl/ddr4_dimm_params.c,365,"""THE REST"""
drivers/ddr/fsl/fsl_ddr_gen4.c,567,"""THE REST"""
drivers/ddr/fsl/fsl_mmdc.c,155,"""THE REST"""
drivers/ddr/fsl/interactive.c,2310,"""THE REST"""
drivers/ddr/fsl/lc_common_dimm_params.c,584,"""THE REST"""
drivers/ddr/fsl/main.c,865,"""THE REST"""
drivers/ddr/fsl/mpc85xx_ddr_gen1.c,88,"""THE REST"""
drivers/ddr/fsl/mpc85xx_ddr_gen2.c,93,"""THE REST"""
drivers/ddr/fsl/mpc85xx_ddr_gen3.c,552,"""THE REST"""
drivers/ddr/fsl/mpc86xx_ddr.c,82,"""THE REST"""
drivers/ddr/fsl/options.c,1423,"""THE REST"""
drivers/ddr/fsl/util.c,428,"""THE REST"""
drivers/ddr/marvell/a38x/Makefile,19,"""THE REST"""
drivers/ddr/marvell/a38x/ddr3_debug.c,1386,"""THE REST"""
drivers/ddr/marvell/a38x/ddr3_init.c,141,"""THE REST"""
drivers/ddr/marvell/a38x/ddr3_init.h,192,"""THE REST"""
drivers/ddr/marvell/a38x/ddr3_logging_def.h,104,"""THE REST"""
drivers/ddr/marvell/a38x/ddr3_patterns_64bit.h,924,"""THE REST"""
drivers/ddr/marvell/a38x/ddr3_training.c,2896,"""THE REST"""
drivers/ddr/marvell/a38x/ddr3_training_bist.c,603,"""THE REST"""
drivers/ddr/marvell/a38x/ddr3_training_centralization.c,716,"""THE REST"""
drivers/ddr/marvell/a38x/ddr3_training_db.c,871,"""THE REST"""
drivers/ddr/marvell/a38x/ddr3_training_hw_algo.c,676,"""THE REST"""
drivers/ddr/marvell/a38x/ddr3_training_hw_algo.h,13,"""THE REST"""
drivers/ddr/marvell/a38x/ddr3_training_ip.h,146,"""THE REST"""
drivers/ddr/marvell/a38x/ddr3_training_ip_bist.h,57,"""THE REST"""
drivers/ddr/marvell/a38x/ddr3_training_ip_centralization.h,14,"""THE REST"""
drivers/ddr/marvell/a38x/ddr3_training_ip_db.h,94,"""THE REST"""
drivers/ddr/marvell/a38x/ddr3_training_ip_def.h,165,"""THE REST"""
drivers/ddr/marvell/a38x/ddr3_training_ip_engine.c,1677,"""THE REST"""
drivers/ddr/marvell/a38x/ddr3_training_ip_engine.h,86,"""THE REST"""
drivers/ddr/marvell/a38x/ddr3_training_ip_flow.h,120,"""THE REST"""
drivers/ddr/marvell/a38x/ddr3_training_ip_pbs.h,40,"""THE REST"""
drivers/ddr/marvell/a38x/ddr3_training_ip_prv_if.h,117,"""THE REST"""
drivers/ddr/marvell/a38x/ddr3_training_leveling.c,1965,"""THE REST"""
drivers/ddr/marvell/a38x/ddr3_training_leveling.h,15,"""THE REST"""
drivers/ddr/marvell/a38x/ddr3_training_pbs.c,1012,"""THE REST"""
drivers/ddr/marvell/a38x/ddr_ml_wrapper.h,148,"""THE REST"""
drivers/ddr/marvell/a38x/ddr_topology_def.h,201,"""THE REST"""
drivers/ddr/marvell/a38x/ddr_training_ip_db.h,13,"""THE REST"""
drivers/ddr/marvell/a38x/dram_if.h,13,"""THE REST"""
drivers/ddr/marvell/a38x/mv_ddr_build_message.c,3,"""THE REST"""
drivers/ddr/marvell/a38x/mv_ddr_common.c,47,"""THE REST"""
drivers/ddr/marvell/a38x/mv_ddr_common.h,54,"""THE REST"""
drivers/ddr/marvell/a38x/mv_ddr_plat.c,1449,"""THE REST"""
drivers/ddr/marvell/a38x/mv_ddr_plat.h,241,"""THE REST"""
drivers/ddr/marvell/a38x/mv_ddr_regs.h,465,"""THE REST"""
drivers/ddr/marvell/a38x/mv_ddr_spd.c,375,"""THE REST"""
drivers/ddr/marvell/a38x/mv_ddr_spd.h,289,"""THE REST"""
drivers/ddr/marvell/a38x/mv_ddr_sys_env_lib.c,102,"""THE REST"""
drivers/ddr/marvell/a38x/mv_ddr_sys_env_lib.h,117,"""THE REST"""
drivers/ddr/marvell/a38x/mv_ddr_topology.c,344,"""THE REST"""
drivers/ddr/marvell/a38x/mv_ddr_topology.h,329,"""THE REST"""
drivers/ddr/marvell/a38x/mv_ddr_training_db.h,40,"""THE REST"""
drivers/ddr/marvell/a38x/seq_exec.h,64,"""THE REST"""
drivers/ddr/marvell/a38x/xor.c,466,"""THE REST"""
drivers/ddr/marvell/a38x/xor.h,90,"""THE REST"""
drivers/ddr/marvell/a38x/xor_regs.h,235,"""THE REST"""
drivers/ddr/marvell/axp/Makefile,12,"""THE REST"""
drivers/ddr/marvell/axp/ddr3_axp.h,512,"""THE REST"""
drivers/ddr/marvell/axp/ddr3_axp_config.h,150,"""THE REST"""
drivers/ddr/marvell/axp/ddr3_axp_mc_static.h,283,"""THE REST"""
drivers/ddr/marvell/axp/ddr3_axp_training_static.h,769,"""THE REST"""
drivers/ddr/marvell/axp/ddr3_axp_vars.h,225,"""THE REST"""
drivers/ddr/marvell/axp/ddr3_dfs.c,1551,"""THE REST"""
drivers/ddr/marvell/axp/ddr3_dqs.c,1373,"""THE REST"""
drivers/ddr/marvell/axp/ddr3_hw_training.c,1114,"""THE REST"""
drivers/ddr/marvell/axp/ddr3_hw_training.h,391,"""THE REST"""
drivers/ddr/marvell/axp/ddr3_init.c,1218,"""THE REST"""
drivers/ddr/marvell/axp/ddr3_init.h,142,"""THE REST"""
drivers/ddr/marvell/axp/ddr3_patterns_64bit.h,923,"""THE REST"""
drivers/ddr/marvell/axp/ddr3_pbs.c,1591,"""THE REST"""
drivers/ddr/marvell/axp/ddr3_read_leveling.c,1213,"""THE REST"""
drivers/ddr/marvell/axp/ddr3_sdram.c,668,"""THE REST"""
drivers/ddr/marvell/axp/ddr3_spd.c,1299,"""THE REST"""
drivers/ddr/marvell/axp/ddr3_write_leveling.c,1365,"""THE REST"""
drivers/ddr/marvell/axp/xor.c,434,"""THE REST"""
drivers/ddr/marvell/axp/xor.h,70,"""THE REST"""
drivers/ddr/marvell/axp/xor_regs.h,102,"""THE REST"""
drivers/ddr/microchip/Makefile,4,"""THE REST"""
drivers/ddr/microchip/ddr2.c,277,"""THE REST"""
drivers/ddr/microchip/ddr2_regs.h,147,"""THE REST"""
drivers/ddr/microchip/ddr2_timing.h,64,"""THE REST"""
drivers/demo/Kconfig,30,"""THE REST"""
drivers/demo/Makefile,7,"""THE REST"""
drivers/demo/demo-pdata.c,46,"""THE REST"""
drivers/demo/demo-shape.c,197,"""THE REST"""
drivers/demo/demo-simple.c,47,"""THE REST"""
drivers/demo/demo-uclass.c,78,"""THE REST"""
drivers/dfu/Kconfig,50,"""DFU"",""THE REST"""
drivers/dfu/Makefile,11,"""DFU"",""THE REST"""
drivers/dfu/dfu.c,593,"""DFU"",""THE REST"""
drivers/dfu/dfu_mmc.c,406,"""DFU"",""THE REST"""
drivers/dfu/dfu_nand.c,246,"""DFU"",""THE REST"""
drivers/dfu/dfu_ram.c,86,"""DFU"",""THE REST"""
drivers/dfu/dfu_sf.c,153,"""DFU"",""THE REST"""
drivers/dfu/dfu_tftp.c,64,"""DFU"",""THE REST"""
drivers/dma/Kconfig,51,"""THE REST"""
drivers/dma/MCD_dmaApi.c,1010,"""THE REST"""
drivers/dma/MCD_tasks.c,2413,"""THE REST"""
drivers/dma/MCD_tasksInit.c,225,"""THE REST"""
drivers/dma/Makefile,14,"""THE REST"""
drivers/dma/apbh_dma.c,615,"""THE REST"""
drivers/dma/dma-uclass.c,242,"""THE REST"""
drivers/dma/fsl_dma.c,167,"""THE REST"""
drivers/dma/keystone_nav.c,319,"""THE REST"""
drivers/dma/keystone_nav_cfg.c,26,"""THE REST"""
drivers/dma/lpc32xx_dma.c,146,"""THE REST"""
drivers/dma/sandbox-dma-test.c,282,"""THE REST"""
drivers/dma/ti-edma3.c,580,"""THE REST"""
drivers/fastboot/Kconfig,139,"""THE REST"""
drivers/fastboot/Makefile,7,"""THE REST"""
drivers/fastboot/fb_command.c,335,"""THE REST"""
drivers/fastboot/fb_common.c,169,"""THE REST"""
drivers/fastboot/fb_getvar.c,230,"""THE REST"""
drivers/fastboot/fb_mmc.c,488,"""THE REST"""
drivers/fastboot/fb_nand.c,261,"""THE REST"""
drivers/firmware/Kconfig,23,"""THE REST"""
drivers/firmware/Makefile,4,"""THE REST"""
drivers/firmware/firmware-sandbox.c,20,"""THE REST"""
drivers/firmware/firmware-uclass.c,13,"""THE REST"""
drivers/firmware/psci.c,162,"""THE REST"""
drivers/firmware/ti_sci.c,2033,"""THE REST"""
drivers/firmware/ti_sci.h,680,"""THE REST"""
drivers/fpga/ACEX1K.c,249,"""FPGA"",""THE REST"""
drivers/fpga/Kconfig,60,"""FPGA"",""THE REST"""
drivers/fpga/Makefile,23,"""FPGA"",""THE REST"""
drivers/fpga/altera.c,175,"""FPGA"",""THE REST"""
drivers/fpga/cyclon2.c,204,"""FPGA"",""THE REST"""
drivers/fpga/fpga.c,355,"""FPGA"",""THE REST"""
drivers/fpga/ivm_core.c,3149,"""FPGA"",""THE REST"""
drivers/fpga/lattice.c,379,"""FPGA"",""THE REST"""
drivers/fpga/socfpga.c,72,"""FPGA"",""THE REST"""
drivers/fpga/socfpga_arria10.c,473,"""FPGA"",""THE REST"""
drivers/fpga/socfpga_gen5.c,249,"""FPGA"",""THE REST"""
drivers/fpga/spartan2.c,455,"""FPGA"",""THE REST"""
drivers/fpga/spartan3.c,473,"""FPGA"",""THE REST"""
drivers/fpga/stratixII.c,189,"""FPGA"",""THE REST"""
drivers/fpga/stratixv.c,102,"""FPGA"",""THE REST"""
drivers/fpga/virtex2.c,426,"""FPGA"",""THE REST"""
drivers/fpga/xilinx.c,311,"""FPGA"",""MICROBLAZE"",""THE REST"""
drivers/fpga/zynqmppl.c,305,"""ARM ZYNQ"",""ARM ZYNQMP"",""FPGA"",""THE REST"""
drivers/fpga/zynqpl.c,544,"""ARM ZYNQ"",""ARM ZYNQMP"",""FPGA"",""THE REST"""
drivers/gpio/74x164_gpio.c,191,"""THE REST"""
drivers/gpio/Kconfig,325,"""THE REST"""
drivers/gpio/Makefile,61,"""THE REST"""
drivers/gpio/adi_gpio2.c,423,"""THE REST"""
drivers/gpio/altera_pio.c,122,"""THE REST"""
drivers/gpio/at91_gpio.c,614,"""THE REST"""
drivers/gpio/atmel_pio4.c,342,"""THE REST"""
drivers/gpio/axp_gpio.c,179,"""THE REST"""
drivers/gpio/bcm2835_gpio.c,142,"""ARM BROADCOM BCM283X"",""THE REST"""
drivers/gpio/bcm6345_gpio.c,118,"""THE REST"""
drivers/gpio/da8xx_gpio.c,565,"""THE REST"""
drivers/gpio/da8xx_gpio.h,41,"""THE REST"""
drivers/gpio/db8500_gpio.c,221,"""THE REST"""
drivers/gpio/dwapb_gpio.c,228,"""THE REST"""
drivers/gpio/gpio-rcar.c,192,"""THE REST"""
drivers/gpio/gpio-uclass.c,899,"""THE REST"""
drivers/gpio/gpio-uniphier.c,171,"""ARM UNIPHIER"",""THE REST"""
drivers/gpio/hi6220_gpio.c,94,"""THE REST"""
drivers/gpio/hsdk-creg-gpio.c,167,"""ARC HSDK CREG GPIO"",""THE REST"""
drivers/gpio/imx_rgpio2p.c,226,"""THE REST"""
drivers/gpio/intel_broadwell_gpio.c,188,"""THE REST"""
drivers/gpio/intel_ich6_gpio.c,240,"""THE REST"""
drivers/gpio/kona_gpio.c,140,"""THE REST"""
drivers/gpio/kw_gpio.c,149,"""THE REST"""
drivers/gpio/lpc32xx_gpio.c,321,"""THE REST"""
drivers/gpio/mpc83xx_gpio.c,182,"""THE REST"""
drivers/gpio/mpc8xxx_gpio.c,270,"""THE REST"""
drivers/gpio/msm_gpio.c,132,"""ARM SNAPDRAGON"",""THE REST"""
drivers/gpio/mt7621_gpio.c,183,"""THE REST"""
drivers/gpio/mvebu_gpio.c,120,"""THE REST"""
drivers/gpio/mvgpio.c,96,"""THE REST"""
drivers/gpio/mvgpio.h,53,"""THE REST"""
drivers/gpio/mvmfp.c,55,"""THE REST"""
drivers/gpio/mxc_gpio.c,398,"""THE REST"""
drivers/gpio/mxs_gpio.c,129,"""THE REST"""
drivers/gpio/omap_gpio.c,380,"""THE REST"""
drivers/gpio/pca953x.c,293,"""THE REST"""
drivers/gpio/pca953x_gpio.c,380,"""THE REST"""
drivers/gpio/pca9698.c,126,"""THE REST"""
drivers/gpio/pcf8575_gpio.c,179,"""THE REST"""
drivers/gpio/pic32_gpio.c,164,"""THE REST"""
drivers/gpio/pm8916_gpio.c,300,"""THE REST"""
drivers/gpio/rk_gpio.c,135,"""ARM ROCKCHIP"",""THE REST"""
drivers/gpio/s5p_gpio.c,372,"""THE REST"""
drivers/gpio/sandbox.c,239,"""THE REST"""
drivers/gpio/sh_pfc.c,635,"""THE REST"""
drivers/gpio/spear_gpio.c,88,"""THE REST"""
drivers/gpio/stm32f7_gpio.c,216,"""THE REST"""
drivers/gpio/sunxi_gpio.c,374,"""THE REST"""
drivers/gpio/tca642x.c,333,"""THE REST"""
drivers/gpio/tegra186_gpio.c,284,"""THE REST"""
drivers/gpio/tegra186_gpio_priv.h,60,"""THE REST"""
drivers/gpio/tegra_gpio.c,381,"""THE REST"""
drivers/gpio/vybrid_gpio.c,137,"""THE REST"""
drivers/gpio/xilinx_gpio.c,311,"""MICROBLAZE"",""THE REST"""
drivers/gpio/zynq_gpio.c,376,"""ARM ZYNQ"",""ARM ZYNQMP"",""THE REST"""
drivers/hwspinlock/Kconfig,24,"""THE REST"""
drivers/hwspinlock/Makefile,7,"""THE REST"""
drivers/hwspinlock/hwspinlock-uclass.c,144,"""THE REST"""
drivers/hwspinlock/sandbox_hwspinlock.c,56,"""THE REST"""
drivers/hwspinlock/stm32_hwspinlock.c,92,"""THE REST"""
drivers/i2c/Kconfig,493,"""I2C"",""THE REST"""
drivers/i2c/Makefile,43,"""I2C"",""THE REST"""
drivers/i2c/ast_i2c.c,354,"""I2C"",""THE REST"""
drivers/i2c/ast_i2c.h,131,"""I2C"",""THE REST"""
drivers/i2c/at91_i2c.c,323,"""I2C"",""THE REST"""
drivers/i2c/at91_i2c.h,77,"""I2C"",""THE REST"""
drivers/i2c/cros_ec_ldo.c,75,"""I2C"",""THE REST"""
drivers/i2c/cros_ec_tunnel.c,61,"""I2C"",""THE REST"""
drivers/i2c/davinci_i2c.c,509,"""I2C"",""THE REST"""
drivers/i2c/davinci_i2c.h,77,"""I2C"",""THE REST"""
drivers/i2c/designware_i2c.c,626,"""I2C"",""THE REST"""
drivers/i2c/designware_i2c.h,134,"""I2C"",""THE REST"""
drivers/i2c/exynos_hs_i2c.c,560,"""I2C"",""THE REST"""
drivers/i2c/fsl_i2c.c,653,"""I2C"",""THE REST"""
drivers/i2c/i2c-cdns.c,453,"""ARM ZYNQ"",""ARM ZYNQMP"",""I2C"",""THE REST"""
drivers/i2c/i2c-emul-uclass.c,90,"""I2C"",""THE REST"""
drivers/i2c/i2c-gpio.c,347,"""I2C"",""THE REST"""
drivers/i2c/i2c-uclass-compat.c,128,"""I2C"",""THE REST"""
drivers/i2c/i2c-uclass.c,643,"""I2C"",""THE REST"""
drivers/i2c/i2c-uniphier-f.c,330,"""ARM UNIPHIER"",""I2C"",""THE REST"""
drivers/i2c/i2c-uniphier.c,218,"""ARM UNIPHIER"",""I2C"",""THE REST"""
drivers/i2c/i2c-versatile.c,280,"""I2C"",""MALI DISPLAY PROCESSORS"",""THE REST"""
drivers/i2c/i2c_core.c,348,"""I2C"",""THE REST"""
drivers/i2c/ihs_i2c.c,465,"""I2C"",""THE REST"""
drivers/i2c/imx_lpi2c.c,511,"""I2C"",""THE REST"""
drivers/i2c/intel_i2c.c,321,"""I2C"",""THE REST"""
drivers/i2c/kona_i2c.c,732,"""I2C"",""THE REST"""
drivers/i2c/lpc32xx_i2c.c,357,"""I2C"",""THE REST"""
drivers/i2c/meson_i2c.c,289,"""I2C"",""THE REST"""
drivers/i2c/muxes/Kconfig,45,"""I2C"",""THE REST"""
drivers/i2c/muxes/Makefile,7,"""I2C"",""THE REST"""
drivers/i2c/muxes/i2c-arb-gpio-challenge.c,146,"""I2C"",""THE REST"""
drivers/i2c/muxes/i2c-mux-gpio.c,137,"""I2C"",""THE REST"""
drivers/i2c/muxes/i2c-mux-uclass.c,203,"""I2C"",""THE REST"""
drivers/i2c/muxes/pca954x.c,164,"""ARM ZYNQ"",""ARM ZYNQMP"",""I2C"",""THE REST"""
drivers/i2c/mv_i2c.c,604,"""I2C"",""THE REST"""
drivers/i2c/mv_i2c.h,69,"""I2C"",""THE REST"""
drivers/i2c/mvtwsi.c,880,"""I2C"",""THE REST"""
drivers/i2c/mxc_i2c.c,959,"""I2C"",""THE REST"""
drivers/i2c/omap24xx_i2c.c,1104,"""I2C"",""THE REST"""
drivers/i2c/omap24xx_i2c.h,153,"""I2C"",""THE REST"""
drivers/i2c/rcar_i2c.c,353,"""I2C"",""THE REST"""
drivers/i2c/rcar_iic.c,270,"""I2C"",""THE REST"""
drivers/i2c/rk_i2c.c,493,"""I2C"",""THE REST"""
drivers/i2c/s3c24x0_i2c.c,346,"""I2C"",""THE REST"""
drivers/i2c/s3c24x0_i2c.h,83,"""I2C"",""THE REST"""
drivers/i2c/sandbox_i2c.c,99,"""I2C"",""THE REST"""
drivers/i2c/sh_i2c.c,310,"""I2C"",""THE REST"""
drivers/i2c/soft_i2c.c,515,"""I2C"",""THE REST"""
drivers/i2c/stm32f7_i2c.c,875,"""ARM STM STM32MP"",""I2C"",""THE REST"""
drivers/i2c/tegra186_bpmp_i2c.c,125,"""I2C"",""THE REST"""
drivers/i2c/tegra_i2c.c,536,"""I2C"",""THE REST"""
drivers/i2c/zynq_i2c.c,313,"""ARM ZYNQ"",""ARM ZYNQMP"",""I2C"",""THE REST"""
drivers/input/Kconfig,79,"""THE REST"""
drivers/input/Makefile,17,"""THE REST"""
drivers/input/cros_ec_keyb.c,234,"""THE REST"""
drivers/input/i8042.c,358,"""THE REST"""
drivers/input/input.c,668,"""THE REST"""
drivers/input/key_matrix.c,189,"""THE REST"""
drivers/input/keyboard-uclass.c,90,"""THE REST"""
drivers/input/tegra-kbc.c,352,"""THE REST"""
drivers/input/twl4030.c,87,"""THE REST"""
drivers/input/twl6030.c,47,"""THE REST"""
drivers/led/Kconfig,387,"""THE REST"""
drivers/led/Makefile,9,"""THE REST"""
drivers/led/led-uclass.c,100,"""THE REST"""
drivers/led/led_bcm6328.c,244,"""THE REST"""
drivers/led/led_bcm6358.c,213,"""THE REST"""
drivers/led/led_gpio.c,136,"""THE REST"""
drivers/mailbox/Kconfig,37,"""THE REST"""
drivers/mailbox/Makefile,10,"""THE REST"""
drivers/mailbox/k3-sec-proxy.c,438,"""THE REST"""
drivers/mailbox/mailbox-uclass.c,138,"""THE REST"""
drivers/mailbox/sandbox-mbox-test.c,53,"""THE REST"""
drivers/mailbox/sandbox-mbox.c,103,"""THE REST"""
drivers/mailbox/tegra-hsp.c,191,"""THE REST"""
drivers/memory/Kconfig,18,"""THE REST"""
drivers/memory/Makefile,2,"""THE REST"""
drivers/memory/ti-aemif.c,79,"""THE REST"""
drivers/misc/Kconfig,332,"""THE REST"""
drivers/misc/Makefile,64,"""THE REST"""
drivers/misc/ali512x.c,401,"""THE REST"""
drivers/misc/altera_sysid.c,99,"""THE REST"""
drivers/misc/atsha204a-i2c.c,408,"""THE REST"""
drivers/misc/cbmem_console.c,55,"""THE REST"""
drivers/misc/cros_ec.c,1489,"""THE REST"""
drivers/misc/cros_ec_i2c.c,239,"""THE REST"""
drivers/misc/cros_ec_lpc.c,251,"""THE REST"""
drivers/misc/cros_ec_sandbox.c,581,"""THE REST"""
drivers/misc/cros_ec_spi.c,192,"""THE REST"""
drivers/misc/ds4510.c,379,"""THE REST"""
drivers/misc/ds4510.h,52,"""THE REST"""
drivers/misc/fs_loader.c,294,"""THE REST"""
drivers/misc/fsl_devdis.c,28,"""THE REST"""
drivers/misc/fsl_ifc.c,407,"""THE REST"""
drivers/misc/fsl_iim.c,278,"""THE REST"""
drivers/misc/fsl_portals.c,338,"""THE REST"""
drivers/misc/fsl_sec_mon.c,163,"""THE REST"""
drivers/misc/gdsys_ioep.c,209,"""THE REST"""
drivers/misc/gdsys_ioep.h,137,"""THE REST"""
drivers/misc/gdsys_rxaui_ctrl.c,76,"""THE REST"""
drivers/misc/gdsys_soc.c,74,"""THE REST"""
drivers/misc/gdsys_soc.h,23,"""THE REST"""
drivers/misc/gpio_led.c,107,"""THE REST"""
drivers/misc/i2c_eeprom.c,96,"""THE REST"""
drivers/misc/i2c_eeprom_emul.c,163,"""THE REST"""
drivers/misc/ihs_fpga.c,867,"""THE REST"""
drivers/misc/ihs_fpga.h,49,"""THE REST"""
drivers/misc/imx8/Makefile,3,"""THE REST"""
drivers/misc/imx8/scu.c,266,"""THE REST"""
drivers/misc/imx8/scu_api.c,367,"""THE REST"""
drivers/misc/mc9sdz60.c,34,"""THE REST"""
drivers/misc/misc-uclass.c,71,"""THE REST"""
drivers/misc/misc_sandbox.c,133,"""THE REST"""
drivers/misc/mpc83xx_serdes.c,185,"""POWERPC MPC83XX"",""THE REST"""
drivers/misc/mpc83xx_serdes.h,232,"""THE REST"""
drivers/misc/mxc_ocotp.c,451,"""THE REST"""
drivers/misc/mxs_ocotp.c,317,"""THE REST"""
drivers/misc/ns87308.c,100,"""THE REST"""
drivers/misc/nuvoton_nct6102d.c,55,"""THE REST"""
drivers/misc/pca9551_led.c,170,"""THE REST"""
drivers/misc/pwrseq-uclass.c,23,"""THE REST"""
drivers/misc/qfw.c,393,"""THE REST"""
drivers/misc/rockchip-efuse.c,160,"""ARM ROCKCHIP"",""THE REST"""
drivers/misc/smsc_lpc47m.c,44,"""THE REST"""
drivers/misc/smsc_sio1007.c,125,"""THE REST"""
drivers/misc/spltest_sandbox.c,50,"""THE REST"""
drivers/misc/status_led.c,124,"""THE REST"""
drivers/misc/stm32_rcc.c,89,"""ARM STM STM32MP"",""THE REST"""
drivers/misc/stm32mp_fuse.c,128,"""ARM STM STM32MP"",""THE REST"""
drivers/misc/swap_case.c,324,"""THE REST"""
drivers/misc/syscon_sandbox.c,24,"""THE REST"""
drivers/misc/tegra186_bpmp.c,256,"""THE REST"""
drivers/misc/tegra_car.c,67,"""THE REST"""
drivers/misc/twl4030_led.c,33,"""THE REST"""
drivers/misc/vexpress_config.c,128,"""ARM VERSATILE EXPRESS DRIVERS"",""THE REST"""
drivers/misc/winbond_w83627.c,40,"""THE REST"""
drivers/mmc/Kconfig,647,"""MMC"",""THE REST"""
drivers/mmc/Makefile,68,"""MMC"",""THE REST"""
drivers/mmc/arm_pl180_mmci.c,544,"""MMC"",""THE REST"""
drivers/mmc/arm_pl180_mmci.h,200,"""MMC"",""THE REST"""
drivers/mmc/atmel_sdhci.c,128,"""MMC"",""THE REST"""
drivers/mmc/bcm2835_sdhci.c,244,"""ARM BROADCOM BCM283X"",""MMC"",""THE REST"""
drivers/mmc/bcm2835_sdhost.c,806,"""ARM BROADCOM BCM283X"",""MMC"",""THE REST"""
drivers/mmc/bcmstb_sdhci.c,67,"""ARM BROADCOM BCMSTB"",""MMC"",""THE REST"""
drivers/mmc/davinci_mmc.c,568,"""MMC"",""THE REST"""
drivers/mmc/dw_mmc.c,563,"""MMC"",""THE REST"""
drivers/mmc/exynos_dw_mmc.c,312,"""MMC"",""THE REST"""
drivers/mmc/fsl_esdhc.c,1613,"""MMC"",""THE REST"""
drivers/mmc/fsl_esdhc_spl.c,151,"""MMC"",""THE REST"""
drivers/mmc/ftsdc010_mci.c,480,"""MMC"",""THE REST"""
drivers/mmc/ftsdc010_mci.h,37,"""MMC"",""THE REST"""
drivers/mmc/gen_atmel_mci.c,629,"""MMC"",""THE REST"""
drivers/mmc/hi6220_dw_mmc.c,55,"""MMC"",""THE REST"""
drivers/mmc/k3_arsan_sdhci.c,109,"""MMC"",""THE REST"""
drivers/mmc/kona_sdhci.c,132,"""MMC"",""THE REST"""
drivers/mmc/meson_gx_mmc.c,294,"""MMC"",""THE REST"""
drivers/mmc/mmc-uclass.c,398,"""MMC"",""THE REST"""
drivers/mmc/mmc.c,2860,"""MMC"",""THE REST"""
drivers/mmc/mmc_boot.c,127,"""MMC"",""THE REST"""
drivers/mmc/mmc_legacy.c,256,"""MMC"",""THE REST"""
drivers/mmc/mmc_private.h,137,"""MMC"",""THE REST"""
drivers/mmc/mmc_spi.c,293,"""MMC"",""THE REST"""
drivers/mmc/mmc_write.c,223,"""MMC"",""THE REST"""
drivers/mmc/msm_sdhci.c,208,"""ARM SNAPDRAGON"",""MMC"",""THE REST"""
drivers/mmc/mtk-sd.c,1394,"""ARM MEDIATEK"",""MMC"",""THE REST"""
drivers/mmc/mv_sdhci.c,92,"""MMC"",""THE REST"""
drivers/mmc/mvebu_mmc.c,440,"""MMC"",""THE REST"""
drivers/mmc/mxcmmc.c,523,"""MMC"",""THE REST"""
drivers/mmc/mxsmmc.c,428,"""MMC"",""THE REST"""
drivers/mmc/omap_hsmmc.c,1960,"""MMC"",""THE REST"""
drivers/mmc/pci_mmc.c,69,"""MMC"",""THE REST"""
drivers/mmc/pic32_sdhci.c,79,"""MMC"",""THE REST"""
drivers/mmc/pxa_mmc_gen.c,431,"""MMC"",""THE REST"""
drivers/mmc/renesas-sdhi.c,532,"""MMC"",""THE REST"""
drivers/mmc/rockchip_dw_mmc.c,208,"""ARM ROCKCHIP"",""MMC"",""THE REST"""
drivers/mmc/rockchip_sdhci.c,118,"""ARM ROCKCHIP"",""MMC"",""THE REST"""
drivers/mmc/rpmb.c,483,"""MMC"",""THE REST"""
drivers/mmc/s5p_sdhci.c,296,"""MMC"",""THE REST"""
drivers/mmc/sandbox_mmc.c,147,"""MMC"",""THE REST"""
drivers/mmc/sdhci-cadence.c,298,"""MMC"",""THE REST"""
drivers/mmc/sdhci.c,700,"""MMC"",""THE REST"""
drivers/mmc/sh_mmcif.c,746,"""MMC"",""THE REST"""
drivers/mmc/sh_mmcif.h,240,"""MMC"",""THE REST"""
drivers/mmc/sh_sdhi.c,905,"""MMC"",""THE REST"""
drivers/mmc/socfpga_dw_mmc.c,197,"""MMC"",""THE REST"""
drivers/mmc/sti_sdhci.c,148,"""MMC"",""THE REST"""
drivers/mmc/stm32_sdmmc2.c,667,"""ARM STM STM32MP"",""MMC"",""THE REST"""
drivers/mmc/sunxi_mmc.c,685,"""MMC"",""THE REST"""
drivers/mmc/tangier_sdhci.c,80,"""MMC"",""THE REST"""
drivers/mmc/tegra_mmc.c,685,"""MMC"",""THE REST"""
drivers/mmc/tmio-common.c,786,"""MMC"",""THE REST"""
drivers/mmc/tmio-common.h,157,"""MMC"",""THE REST"""
drivers/mmc/uniphier-sd.c,87,"""ARM UNIPHIER"",""MMC"",""THE REST"""
drivers/mmc/xenon_sdhci.c,498,"""MMC"",""THE REST"""
drivers/mmc/zynq_sdhci.c,335,"""ARM ZYNQ"",""ARM ZYNQMP"",""MMC"",""THE REST"""
drivers/mtd/Kconfig,103,"""THE REST"""
drivers/mtd/Makefile,22,"""THE REST"""
drivers/mtd/altera_qspi.c,404,"""THE REST"""
drivers/mtd/cfi_flash.c,2504,"""CFI FLASH"",""THE REST"""
drivers/mtd/cfi_mtd.c,263,"""THE REST"""
drivers/mtd/jedec_flash.c,492,"""CFI FLASH"",""THE REST"""
drivers/mtd/mtd-uclass.c,36,"""THE REST"""
drivers/mtd/mtd_uboot.c,453,"""THE REST"""
drivers/mtd/mtdconcat.c,971,"""THE REST"""
drivers/mtd/mtdcore.c,1859,"""THE REST"""
drivers/mtd/mtdcore.h,17,"""THE REST"""
drivers/mtd/mtdpart.c,997,"""THE REST"""
drivers/mtd/mw_eeprom.c,236,"""THE REST"""
drivers/mtd/nand/Kconfig,6,"""THE REST"""
drivers/mtd/nand/Makefile,5,"""THE REST"""
drivers/mtd/nand/bbt.c,132,"""THE REST"""
drivers/mtd/nand/core.c,243,"""THE REST"""
drivers/mtd/nand/raw/Kconfig,297,"""NAND FLASH"",""THE REST"""
drivers/mtd/nand/raw/Makefile,77,"""NAND FLASH"",""THE REST"""
drivers/mtd/nand/raw/am335x_spl_bch.c,225,"""NAND FLASH"",""THE REST"""
drivers/mtd/nand/raw/arasan_nfc.c,1274,"""NAND FLASH"",""THE REST"""
drivers/mtd/nand/raw/atmel_nand.c,1511,"""NAND FLASH"",""THE REST"""
drivers/mtd/nand/raw/atmel_nand_ecc.h,203,"""NAND FLASH"",""THE REST"""
drivers/mtd/nand/raw/davinci_nand.c,833,"""NAND FLASH"",""THE REST"""
drivers/mtd/nand/raw/denali.c,1371,"""NAND FLASH"",""THE REST"""
drivers/mtd/nand/raw/denali.h,325,"""NAND FLASH"",""THE REST"""
drivers/mtd/nand/raw/denali_dt.c,122,"""NAND FLASH"",""THE REST"""
drivers/mtd/nand/raw/denali_spl.c,228,"""NAND FLASH"",""THE REST"""
drivers/mtd/nand/raw/fsl_elbc_nand.c,810,"""NAND FLASH"",""THE REST"""
drivers/mtd/nand/raw/fsl_elbc_spl.c,167,"""NAND FLASH"",""THE REST"""
drivers/mtd/nand/raw/fsl_ifc_nand.c,1064,"""NAND FLASH"",""THE REST"""
drivers/mtd/nand/raw/fsl_ifc_spl.c,306,"""NAND FLASH"",""THE REST"""
drivers/mtd/nand/raw/fsl_upm.c,184,"""NAND FLASH"",""THE REST"""
drivers/mtd/nand/raw/fsmc_nand.c,518,"""NAND FLASH"",""THE REST"""
drivers/mtd/nand/raw/kb9202_nand.c,133,"""NAND FLASH"",""THE REST"""
drivers/mtd/nand/raw/kirkwood_nand.c,91,"""NAND FLASH"",""THE REST"""
drivers/mtd/nand/raw/kmeter1_nand.c,122,"""NAND FLASH"",""THE REST"""
drivers/mtd/nand/raw/lpc32xx_nand_mlc.c,765,"""NAND FLASH"",""THE REST"""
drivers/mtd/nand/raw/lpc32xx_nand_slc.c,583,"""NAND FLASH"",""THE REST"""
drivers/mtd/nand/raw/mxc_nand.c,1307,"""NAND FLASH"",""THE REST"""
drivers/mtd/nand/raw/mxc_nand.h,208,"""NAND FLASH"",""THE REST"""
drivers/mtd/nand/raw/mxc_nand_spl.c,350,"""NAND FLASH"",""THE REST"""
drivers/mtd/nand/raw/mxs_nand.c,1302,"""NAND FLASH"",""THE REST"""
drivers/mtd/nand/raw/mxs_nand.h,73,"""NAND FLASH"",""THE REST"""
drivers/mtd/nand/raw/mxs_nand_dt.c,94,"""NAND FLASH"",""THE REST"""
drivers/mtd/nand/raw/mxs_nand_spl.c,264,"""NAND FLASH"",""THE REST"""
drivers/mtd/nand/raw/nand.c,175,"""NAND FLASH"",""THE REST"""
drivers/mtd/nand/raw/nand_base.c,4619,"""NAND FLASH"",""THE REST"""
drivers/mtd/nand/raw/nand_bbt.c,1373,"""NAND FLASH"",""THE REST"""
drivers/mtd/nand/raw/nand_bch.c,231,"""NAND FLASH"",""THE REST"""
drivers/mtd/nand/raw/nand_ecc.c,174,"""NAND FLASH"",""THE REST"""
drivers/mtd/nand/raw/nand_ids.c,209,"""NAND FLASH"",""THE REST"""
drivers/mtd/nand/raw/nand_plat.c,64,"""NAND FLASH"",""THE REST"""
drivers/mtd/nand/raw/nand_spl_load.c,41,"""NAND FLASH"",""THE REST"""
drivers/mtd/nand/raw/nand_spl_loaders.c,104,"""NAND FLASH"",""THE REST"""
drivers/mtd/nand/raw/nand_spl_simple.c,240,"""NAND FLASH"",""THE REST"""
drivers/mtd/nand/raw/nand_timings.c,334,"""NAND FLASH"",""THE REST"""
drivers/mtd/nand/raw/nand_util.c,904,"""NAND FLASH"",""THE REST"""
drivers/mtd/nand/raw/omap_elm.c,193,"""NAND FLASH"",""THE REST"""
drivers/mtd/nand/raw/omap_gpmc.c,1037,"""NAND FLASH"",""THE REST"""
drivers/mtd/nand/raw/pxa3xx_nand.c,1933,"""NAND FLASH"",""THE REST"""
drivers/mtd/nand/raw/pxa3xx_nand.h,64,"""NAND FLASH"",""THE REST"""
drivers/mtd/nand/raw/sunxi_nand.c,1850,"""NAND FLASH"",""THE REST"""
drivers/mtd/nand/raw/sunxi_nand_spl.c,548,"""NAND FLASH"",""THE REST"""
drivers/mtd/nand/raw/tegra_nand.c,1002,"""NAND FLASH"",""THE REST"""
drivers/mtd/nand/raw/tegra_nand.h,240,"""NAND FLASH"",""THE REST"""
drivers/mtd/nand/raw/vf610_nfc.c,768,"""NAND FLASH"",""THE REST"""
drivers/mtd/nand/raw/zynq_nand.c,1254,"""ARM ZYNQ"",""ARM ZYNQMP"",""NAND FLASH"",""THE REST"""
drivers/mtd/nand/spi/Kconfig,7,"""THE REST"""
drivers/mtd/nand/spi/Makefile,4,"""THE REST"""
drivers/mtd/nand/spi/core.c,1255,"""THE REST"""
drivers/mtd/nand/spi/gigadevice.c,135,"""THE REST"""
drivers/mtd/nand/spi/macronix.c,146,"""THE REST"""
drivers/mtd/nand/spi/micron.c,135,"""THE REST"""
drivers/mtd/nand/spi/winbond.c,143,"""THE REST"""
drivers/mtd/onenand/Makefile,11,"""ONENAND"",""THE REST"""
drivers/mtd/onenand/onenand_base.c,2798,"""ONENAND"",""THE REST"""
drivers/mtd/onenand/onenand_bbt.c,264,"""ONENAND"",""THE REST"""
drivers/mtd/onenand/onenand_spl.c,199,"""ONENAND"",""THE REST"""
drivers/mtd/onenand/onenand_uboot.c,56,"""ONENAND"",""THE REST"""
drivers/mtd/onenand/samsung.c,568,"""ONENAND"",""THE REST"""
drivers/mtd/pic32_flash.c,443,"""THE REST"""
drivers/mtd/renesas_rpc_hf.c,397,"""THE REST"""
drivers/mtd/spi/Kconfig,149,"""SPI"",""THE REST"""
drivers/mtd/spi/Makefile,15,"""SPI"",""THE REST"""
drivers/mtd/spi/fsl_espi_spl.c,89,"""SPI"",""THE REST"""
drivers/mtd/spi/sandbox.c,607,"""SPI"",""THE REST"""
drivers/mtd/spi/sf-uclass.c,111,"""SPI"",""THE REST"""
drivers/mtd/spi/sf.c,53,"""SPI"",""THE REST"""
drivers/mtd/spi/sf_dataflash.c,690,"""SPI"",""THE REST"""
drivers/mtd/spi/sf_internal.h,244,"""SPI"",""THE REST"""
drivers/mtd/spi/sf_mtd.c,147,"""SPI"",""THE REST"""
drivers/mtd/spi/sf_probe.c,177,"""SPI"",""THE REST"""
drivers/mtd/spi/spi_flash.c,1337,"""SPI"",""THE REST"""
drivers/mtd/spi/spi_flash_ids.c,211,"""SPI"",""THE REST"""
drivers/mtd/st_smi.c,564,"""THE REST"""
drivers/mtd/stm32_flash.c,150,"""THE REST"""
drivers/mtd/stm32_flash.h,27,"""THE REST"""
drivers/mtd/ubi/Kconfig,107,"""THE REST"",""UBI"""
drivers/mtd/ubi/Makefile,9,"""THE REST"",""UBI"""
drivers/mtd/ubi/attach.c,1762,"""THE REST"",""UBI"""
drivers/mtd/ubi/build.c,1552,"""THE REST"",""UBI"""
drivers/mtd/ubi/crc32.c,510,"""THE REST"",""UBI"""
drivers/mtd/ubi/crc32defs.h,32,"""THE REST"",""UBI"""
drivers/mtd/ubi/crc32table.h,136,"""THE REST"",""UBI"""
drivers/mtd/ubi/debug.c,560,"""THE REST"",""UBI"""
drivers/mtd/ubi/debug.h,133,"""THE REST"",""UBI"""
drivers/mtd/ubi/eba.c,1471,"""THE REST"",""UBI"""
drivers/mtd/ubi/fastmap-wl.c,395,"""THE REST"",""UBI"""
drivers/mtd/ubi/fastmap.c,1653,"""THE REST"",""UBI"""
drivers/mtd/ubi/io.c,1429,"""THE REST"",""UBI"""
drivers/mtd/ubi/kapi.c,863,"""THE REST"",""UBI"""
drivers/mtd/ubi/misc.c,143,"""THE REST"",""UBI"""
drivers/mtd/ubi/ubi-media.h,504,"""THE REST"",""UBI"""
drivers/mtd/ubi/ubi.h,1123,"""THE REST"",""UBI"""
drivers/mtd/ubi/upd.c,431,"""THE REST"",""UBI"""
drivers/mtd/ubi/vmt.c,808,"""THE REST"",""UBI"""
drivers/mtd/ubi/vtbl.c,864,"""THE REST"",""UBI"""
drivers/mtd/ubi/wl.c,1880,"""THE REST"",""UBI"""
drivers/mtd/ubi/wl.h,34,"""THE REST"",""UBI"""
drivers/mtd/ubispl/Makefile,1,"""THE REST"""
drivers/mtd/ubispl/ubi-wrapper.h,105,"""THE REST"""
drivers/mtd/ubispl/ubispl.c,925,"""THE REST"""
drivers/mtd/ubispl/ubispl.h,135,"""THE REST"""
drivers/net/8390.h,124,"""NETWORK"",""THE REST"""
drivers/net/Kconfig,498,"""NETWORK"",""THE REST"""
drivers/net/Makefile,74,"""NETWORK"",""THE REST"""
drivers/net/ag7xxx.c,1014,"""NETWORK"",""THE REST"""
drivers/net/altera_tse.c,715,"""NETWORK"",""THE REST"""
drivers/net/altera_tse.h,231,"""NETWORK"",""THE REST"""
drivers/net/armada100_fec.c,737,"""NETWORK"",""THE REST"""
drivers/net/armada100_fec.h,208,"""NETWORK"",""THE REST"""
drivers/net/at91_emac.c,517,"""NETWORK"",""THE REST"""
drivers/net/ax88180.c,753,"""NETWORK"",""THE REST"""
drivers/net/ax88180.h,396,"""NETWORK"",""THE REST"""
drivers/net/ax88796.c,143,"""NETWORK"",""THE REST"""
drivers/net/ax88796.h,66,"""NETWORK"",""THE REST"""
drivers/net/bcm-sf2-eth-gmac.c,971,"""NETWORK"",""THE REST"""
drivers/net/bcm-sf2-eth-gmac.h,223,"""NETWORK"",""THE REST"""
drivers/net/bcm-sf2-eth.c,272,"""NETWORK"",""THE REST"""
drivers/net/bcm-sf2-eth.h,65,"""NETWORK"",""THE REST"""
drivers/net/calxedaxgmac.c,543,"""NETWORK"",""THE REST"""
drivers/net/cs8900.c,318,"""NETWORK"",""THE REST"""
drivers/net/cs8900.h,248,"""NETWORK"",""THE REST"""
drivers/net/dc2114x.c,760,"""NETWORK"",""THE REST"""
drivers/net/designware.c,867,"""NETWORK"",""THE REST"""
drivers/net/designware.h,270,"""NETWORK"",""THE REST"""
drivers/net/dm9000x.c,637,"""NETWORK"",""THE REST"""
drivers/net/dm9000x.h,140,"""NETWORK"",""THE REST"""
drivers/net/dnet.c,393,"""NETWORK"",""THE REST"""
drivers/net/dnet.h,166,"""NETWORK"",""THE REST"""
drivers/net/dwc_eth_qos.c,1552,"""NETWORK"",""THE REST"""
drivers/net/dwmac_socfpga.c,143,"""NETWORK"",""THE REST"""
drivers/net/e1000.c,5936,"""NETWORK"",""THE REST"""
drivers/net/e1000.h,2592,"""NETWORK"",""THE REST"""
drivers/net/e1000_spi.c,574,"""NETWORK"",""THE REST"""
drivers/net/eepro100.c,933,"""NETWORK"",""THE REST"""
drivers/net/ep93xx_eth.c,651,"""NETWORK"",""THE REST"""
drivers/net/ep93xx_eth.h,126,"""NETWORK"",""THE REST"""
drivers/net/ethoc.c,836,"""NETWORK"",""THE REST"""
drivers/net/fec_mxc.c,1482,"""NETWORK"",""THE REST"""
drivers/net/fec_mxc.h,325,"""NETWORK"",""THE REST"""
drivers/net/fm/Makefile,36,"""NETWORK"",""THE REST"""
drivers/net/fm/b4860.c,137,"""NETWORK"",""THE REST"""
drivers/net/fm/dtsec.c,166,"""NETWORK"",""THE REST"""
drivers/net/fm/eth.c,795,"""NETWORK"",""THE REST"""
drivers/net/fm/fdt.c,128,"""NETWORK"",""THE REST"""
drivers/net/fm/fm.c,528,"""NETWORK"",""THE REST"""
drivers/net/fm/fm.h,148,"""NETWORK"",""THE REST"""
drivers/net/fm/init.c,382,"""NETWORK"",""THE REST"""
drivers/net/fm/ls1043.c,111,"""NETWORK"",""THE REST"""
drivers/net/fm/ls1046.c,122,"""NETWORK"",""THE REST"""
drivers/net/fm/memac.c,144,"""NETWORK"",""THE REST"""
drivers/net/fm/memac_phy.c,169,"""NETWORK"",""THE REST"""
drivers/net/fm/p1023.c,72,"""NETWORK"",""THE REST"""
drivers/net/fm/p4080.c,98,"""NETWORK"",""THE REST"""
drivers/net/fm/p5020.c,89,"""NETWORK"",""THE REST"""
drivers/net/fm/p5040.c,106,"""NETWORK"",""THE REST"""
drivers/net/fm/t1024.c,87,"""NETWORK"",""THE REST"""
drivers/net/fm/t1040.c,63,"""NETWORK"",""THE REST"""
drivers/net/fm/t2080.c,92,"""NETWORK"",""THE REST"""
drivers/net/fm/t4240.c,170,"""NETWORK"",""THE REST"""
drivers/net/fm/tgec.c,104,"""NETWORK"",""THE REST"""
drivers/net/fm/tgec_phy.c,125,"""NETWORK"",""THE REST"""
drivers/net/fsl-mc/Makefile,13,"""NETWORK"",""THE REST"""
drivers/net/fsl-mc/dpbp.c,186,"""NETWORK"",""THE REST"""
drivers/net/fsl-mc/dpio/Makefile,7,"""NETWORK"",""THE REST"""
drivers/net/fsl-mc/dpio/dpio.c,186,"""NETWORK"",""THE REST"""
drivers/net/fsl-mc/dpio/qbman_portal.c,614,"""NETWORK"",""THE REST"""
drivers/net/fsl-mc/dpio/qbman_portal.h,167,"""NETWORK"",""THE REST"""
drivers/net/fsl-mc/dpio/qbman_private.h,187,"""NETWORK"",""THE REST"""
drivers/net/fsl-mc/dpio/qbman_sys.h,291,"""NETWORK"",""THE REST"""
drivers/net/fsl-mc/dpmac.c,250,"""NETWORK"",""THE REST"""
drivers/net/fsl-mc/dpmng.c,30,"""NETWORK"",""THE REST"""
drivers/net/fsl-mc/dpni.c,528,"""NETWORK"",""THE REST"""
drivers/net/fsl-mc/dprc.c,377,"""NETWORK"",""THE REST"""
drivers/net/fsl-mc/fsl_dpmng_cmd.h,19,"""NETWORK"",""THE REST"""
drivers/net/fsl-mc/mc.c,1643,"""NETWORK"",""THE REST"""
drivers/net/fsl-mc/mc_sys.c,62,"""NETWORK"",""THE REST"""
drivers/net/fsl_mcdmafec.c,579,"""NETWORK"",""THE REST"""
drivers/net/fsl_mdio.c,111,"""NETWORK"",""THE REST"""
drivers/net/ftgmac100.c,608,"""NETWORK"",""THE REST"""
drivers/net/ftgmac100.h,242,"""NETWORK"",""THE REST"""
drivers/net/ftmac100.c,444,"""NETWORK"",""THE REST"""
drivers/net/ftmac100.h,141,"""NETWORK"",""THE REST"""
drivers/net/ftmac110.c,489,"""NETWORK"",""THE REST"""
drivers/net/ftmac110.h,175,"""NETWORK"",""THE REST"""
drivers/net/gmac_rockchip.c,628,"""NETWORK"",""THE REST"""
drivers/net/ks8851_mll.c,632,"""NETWORK"",""THE REST"""
drivers/net/ks8851_mll.h,357,"""NETWORK"",""THE REST"""
drivers/net/lan91c96.c,797,"""NETWORK"",""THE REST"""
drivers/net/lan91c96.h,616,"""NETWORK"",""THE REST"""
drivers/net/ldpaa_eth/Makefile,9,"""NETWORK"",""THE REST"""
drivers/net/ldpaa_eth/ldpaa_eth.c,1099,"""NETWORK"",""THE REST"""
drivers/net/ldpaa_eth/ldpaa_eth.h,150,"""NETWORK"",""THE REST"""
drivers/net/ldpaa_eth/ldpaa_wriop.c,192,"""NETWORK"",""THE REST"""
drivers/net/ldpaa_eth/ls1088a.c,113,"""NETWORK"",""THE REST"""
drivers/net/ldpaa_eth/ls2080a.c,110,"""NETWORK"",""THE REST"""
drivers/net/ldpaa_eth/lx2160a.c,107,"""NETWORK"",""THE REST"""
drivers/net/lpc32xx_eth.c,643,"""NETWORK"",""THE REST"""
drivers/net/macb.c,1182,"""NETWORK"",""THE REST"""
drivers/net/macb.h,322,"""NETWORK"",""THE REST"""
drivers/net/mcffec.c,617,"""NETWORK"",""THE REST"""
drivers/net/mcfmii.c,307,"""NETWORK"",""THE REST"""
drivers/net/mpc8xx_fec.c,852,"""NETWORK"",""THE REST"""
drivers/net/mt7628-eth.c,644,"""NETWORK"",""THE REST"""
drivers/net/mvgbe.c,1047,"""NETWORK"",""THE REST"""
drivers/net/mvgbe.h,507,"""NETWORK"",""THE REST"""
drivers/net/mvneta.c,1808,"""NETWORK"",""THE REST"""
drivers/net/mvpp2.c,5620,"""NETWORK"",""THE REST"""
drivers/net/natsemi.c,882,"""NETWORK"",""THE REST"""
drivers/net/ne2000.c,259,"""NETWORK"",""THE REST"""
drivers/net/ne2000.h,94,"""NETWORK"",""THE REST"""
drivers/net/ne2000_base.c,801,"""NETWORK"",""THE REST"""
drivers/net/ne2000_base.h,304,"""NETWORK"",""THE REST"""
drivers/net/netconsole.c,343,"""NETWORK"",""THE REST"""
drivers/net/ns8382x.c,852,"""NETWORK"",""THE REST"""
drivers/net/pch_gbe.c,503,"""NETWORK"",""THE REST"""
drivers/net/pch_gbe.h,297,"""NETWORK"",""THE REST"""
drivers/net/pcnet.c,554,"""NETWORK"",""THE REST"""
drivers/net/pfe_eth/Kconfig,12,"""NETWORK"",""THE REST"""
drivers/net/pfe_eth/Makefile,13,"""NETWORK"",""THE REST"""
drivers/net/pfe_eth/pfe_cmd.c,496,"""NETWORK"",""THE REST"""
drivers/net/pfe_eth/pfe_driver.c,642,"""NETWORK"",""THE REST"""
drivers/net/pfe_eth/pfe_eth.c,296,"""NETWORK"",""THE REST"""
drivers/net/pfe_eth/pfe_firmware.c,258,"""NETWORK"",""THE REST"""
drivers/net/pfe_eth/pfe_hw.c,998,"""NETWORK"",""THE REST"""
drivers/net/pfe_eth/pfe_mdio.c,289,"""NETWORK"",""THE REST"""
drivers/net/phy/Kconfig,230,"""NETWORK"",""THE REST"""
drivers/net/phy/Makefile,32,"""NETWORK"",""THE REST"""
drivers/net/phy/aquantia.c,443,"""NETWORK"",""THE REST"""
drivers/net/phy/atheros.c,131,"""NETWORK"",""THE REST"""
drivers/net/phy/b53.c,767,"""NETWORK"",""THE REST"""
drivers/net/phy/broadcom.c,373,"""NETWORK"",""THE REST"""
drivers/net/phy/cortina.c,386,"""NETWORK"",""THE REST"""
drivers/net/phy/davicom.c,87,"""NETWORK"",""THE REST"""
drivers/net/phy/et1011c.c,104,"""NETWORK"",""THE REST"""
drivers/net/phy/fixed.c,80,"""NETWORK"",""THE REST"""
drivers/net/phy/generic_10g.c,91,"""NETWORK"",""THE REST"""
drivers/net/phy/lxt.c,76,"""NETWORK"",""THE REST"""
drivers/net/phy/marvell.c,752,"""NETWORK"",""THE REST"""
drivers/net/phy/meson-gxl.c,142,"""NETWORK"",""THE REST"""
drivers/net/phy/micrel_ksz8xxx.c,196,"""NETWORK"",""THE REST"""
drivers/net/phy/micrel_ksz90x1.c,386,"""NETWORK"",""THE REST"""
drivers/net/phy/miiphybb.c,354,"""NETWORK"",""THE REST"""
drivers/net/phy/mscc.c,1503,"""NETWORK"",""THE REST"""
drivers/net/phy/mv88e61xx.c,1084,"""NETWORK"",""THE REST"""
drivers/net/phy/mv88e6352.c,301,"""NETWORK"",""THE REST"""
drivers/net/phy/natsemi.c,166,"""NETWORK"",""THE REST"""
drivers/net/phy/phy.c,956,"""NETWORK"",""THE REST"""
drivers/net/phy/realtek.c,349,"""NETWORK"",""THE REST"""
drivers/net/phy/smsc.c,116,"""NETWORK"",""THE REST"""
drivers/net/phy/teranetics.c,110,"""NETWORK"",""THE REST"""
drivers/net/phy/ti.c,431,"""NETWORK"",""THE REST"""
drivers/net/phy/vitesse.c,444,"""NETWORK"",""THE REST"""
drivers/net/phy/xilinx_phy.c,145,"""ARM ZYNQ"",""ARM ZYNQMP"",""MICROBLAZE"",""NETWORK"",""THE REST"""
drivers/net/pic32_eth.c,605,"""NETWORK"",""THE REST"""
drivers/net/pic32_eth.h,163,"""NETWORK"",""THE REST"""
drivers/net/pic32_mdio.c,120,"""NETWORK"",""THE REST"""
drivers/net/ravb.c,685,"""NETWORK"",""THE REST"""
drivers/net/rtl8139.c,535,"""NETWORK"",""THE REST"""
drivers/net/rtl8169.c,1216,"""NETWORK"",""THE REST"""
drivers/net/sandbox-raw-bus.c,66,"""NETWORK"",""THE REST"""
drivers/net/sandbox-raw.c,197,"""NETWORK"",""THE REST"""
drivers/net/sandbox.c,450,"""NETWORK"",""THE REST"""
drivers/net/sh_eth.c,1024,"""NETWORK"",""THE REST"""
drivers/net/sh_eth.h,625,"""NETWORK"",""THE REST"""
drivers/net/smc91111.c,1306,"""NETWORK"",""THE REST"""
drivers/net/smc91111.h,788,"""NETWORK"",""THE REST"""
drivers/net/smc911x.c,299,"""NETWORK"",""THE REST"""
drivers/net/smc911x.h,499,"""NETWORK"",""THE REST"""
drivers/net/sni_ave.c,995,"""NETWORK"",""THE REST"""
drivers/net/sun8i_emac.c,963,"""NETWORK"",""THE REST"""
drivers/net/sunxi_emac.c,597,"""NETWORK"",""THE REST"""
drivers/net/ti/Kconfig,20,"""NETWORK"",""THE REST"""
drivers/net/ti/Makefile,7,"""NETWORK"",""THE REST"""
drivers/net/ti/cpsw-common.c,121,"""NETWORK"",""THE REST"""
drivers/net/ti/cpsw.c,1378,"""NETWORK"",""THE REST"""
drivers/net/ti/cpsw_mdio.c,203,"""NETWORK"",""THE REST"""
drivers/net/ti/cpsw_mdio.h,18,"""NETWORK"",""THE REST"""
drivers/net/ti/davinci_emac.c,901,"""NETWORK"",""THE REST"""
drivers/net/ti/davinci_emac.h,304,"""NETWORK"",""THE REST"""
drivers/net/ti/keystone_net.c,801,"""NETWORK"",""THE REST"""
drivers/net/tsec.c,886,"""NETWORK"",""THE REST"""
drivers/net/uli526x.c,995,"""NETWORK"",""THE REST"""
drivers/net/vsc7385.c,98,"""NETWORK"",""THE REST"""
drivers/net/vsc9953.c,2750,"""NETWORK"",""THE REST"""
drivers/net/xilinx_axi_emac.c,775,"""MICROBLAZE"",""NETWORK"",""THE REST"""
drivers/net/xilinx_emaclite.c,638,"""MICROBLAZE"",""NETWORK"",""THE REST"""
drivers/net/zynq_gem.c,818,"""ARM ZYNQ"",""ARM ZYNQMP"",""NETWORK"",""THE REST"""
drivers/nvme/Kconfig,11,"""THE REST"""
drivers/nvme/Makefile,5,"""THE REST"""
drivers/nvme/nvme-uclass.c,42,"""THE REST"""
drivers/nvme/nvme.c,835,"""THE REST"""
drivers/nvme/nvme.h,647,"""THE REST"""
drivers/nvme/nvme_show.c,129,"""THE REST"""
drivers/pch/Makefile,5,"""THE REST"""
drivers/pch/pch-uclass.c,58,"""THE REST"""
drivers/pch/pch7.c,87,"""THE REST"""
drivers/pch/pch9.c,86,"""THE REST"""
drivers/pci/Kconfig,115,"""THE REST"""
drivers/pci/Makefile,36,"""THE REST"""
drivers/pci/fsl_pci_init.c,926,"""THE REST"""
drivers/pci/pci-aardvark.c,688,"""THE REST"""
drivers/pci/pci-emul-uclass.c,70,"""THE REST"""
drivers/pci/pci-rcar-gen2.c,263,"""THE REST"""
drivers/pci/pci-uclass.c,1498,"""THE REST"""
drivers/pci/pci.c,584,"""THE REST"""
drivers/pci/pci_auto.c,388,"""THE REST"""
drivers/pci/pci_auto_common.c,115,"""THE REST"""
drivers/pci/pci_auto_old.c,403,"""THE REST"""
drivers/pci/pci_common.c,363,"""THE REST"""
drivers/pci/pci_compat.c,52,"""THE REST"""
drivers/pci/pci_ftpci100.c,317,"""THE REST"""
drivers/pci/pci_gt64120.c,175,"""THE REST"""
drivers/pci/pci_indirect.c,71,"""THE REST"""
drivers/pci/pci_internal.h,61,"""THE REST"""
drivers/pci/pci_msc01.c,124,"""THE REST"""
drivers/pci/pci_mvebu.c,437,"""THE REST"""
drivers/pci/pci_rom.c,383,"""THE REST"""
drivers/pci/pci_sandbox.c,136,"""THE REST"""
drivers/pci/pci_sh4.c,81,"""THE REST"""
drivers/pci/pci_sh7751.c,184,"""THE REST"""
drivers/pci/pci_sh7780.c,91,"""THE REST"""
drivers/pci/pci_tegra.c,1201,"""THE REST"""
drivers/pci/pci_x86.c,26,"""THE REST"""
drivers/pci/pcie_dw_mvebu.c,580,"""THE REST"""
drivers/pci/pcie_ecam_generic.c,142,"""THE REST"""
drivers/pci/pcie_imx.c,711,"""THE REST"""
drivers/pci/pcie_intel_fpga.c,430,"""THE REST"""
drivers/pci/pcie_layerscape.c,568,"""THE REST"""
drivers/pci/pcie_layerscape.h,151,"""THE REST"""
drivers/pci/pcie_layerscape_fixup.c,269,"""THE REST"""
drivers/pci/pcie_xilinx.c,178,"""MICROBLAZE"",""THE REST"""
drivers/pcmcia/Kconfig,0,"""THE REST"""
drivers/pcmcia/Makefile,6,"""THE REST"""
drivers/pcmcia/marubun_pcmcia.c,99,"""THE REST"""
drivers/phy/Kconfig,177,"""THE REST"""
drivers/phy/Makefile,21,"""THE REST"""
drivers/phy/allwinner/Kconfig,13,"""THE REST"""
drivers/phy/allwinner/Makefile,6,"""THE REST"""
drivers/phy/allwinner/phy-sun4i-usb.c,571,"""THE REST"""
drivers/phy/bcm6318-usbh-phy.c,139,"""THE REST"""
drivers/phy/bcm6348-usbh-phy.c,89,"""THE REST"""
drivers/phy/bcm6358-usbh-phy.c,89,"""THE REST"""
drivers/phy/bcm6368-usbh-phy.c,192,"""THE REST"""
drivers/phy/keystone-usb-phy.c,109,"""THE REST"""
drivers/phy/marvell/Kconfig,9,"""ARM MARVELL KIRKWOOD ARMADA-XP ARMADA-38X ARMADA-37XX"",""THE REST"""
drivers/phy/marvell/Makefile,6,"""ARM MARVELL KIRKWOOD ARMADA-XP ARMADA-38X ARMADA-37XX"",""THE REST"""
drivers/phy/marvell/comphy_a3700.c,1021,"""ARM MARVELL KIRKWOOD ARMADA-XP ARMADA-38X ARMADA-37XX"",""THE REST"""
drivers/phy/marvell/comphy_a3700.h,264,"""ARM MARVELL KIRKWOOD ARMADA-XP ARMADA-38X ARMADA-37XX"",""THE REST"""
drivers/phy/marvell/comphy_core.c,190,"""ARM MARVELL KIRKWOOD ARMADA-XP ARMADA-38X ARMADA-37XX"",""THE REST"""
drivers/phy/marvell/comphy_core.h,179,"""ARM MARVELL KIRKWOOD ARMADA-XP ARMADA-38X ARMADA-37XX"",""THE REST"""
drivers/phy/marvell/comphy_cp110.c,2073,"""ARM MARVELL KIRKWOOD ARMADA-XP ARMADA-38X ARMADA-37XX"",""THE REST"""
drivers/phy/marvell/comphy_hpipe.h,660,"""ARM MARVELL KIRKWOOD ARMADA-XP ARMADA-38X ARMADA-37XX"",""THE REST"""
drivers/phy/marvell/comphy_mux.c,135,"""ARM MARVELL KIRKWOOD ARMADA-XP ARMADA-38X ARMADA-37XX"",""THE REST"""
drivers/phy/marvell/sata.h,29,"""ARM MARVELL KIRKWOOD ARMADA-XP ARMADA-38X ARMADA-37XX"",""THE REST"""
drivers/phy/marvell/utmi_phy.h,89,"""ARM MARVELL KIRKWOOD ARMADA-XP ARMADA-38X ARMADA-37XX"",""THE REST"""
drivers/phy/meson-gxl-usb2.c,235,"""THE REST"""
drivers/phy/meson-gxl-usb3.c,198,"""THE REST"""
drivers/phy/msm8916-usbh-phy.c,109,"""ARM SNAPDRAGON"",""THE REST"""
drivers/phy/nop-phy.c,25,"""THE REST"""
drivers/phy/omap-usb2-phy.c,219,"""THE REST"""
drivers/phy/phy-rcar-gen2.c,190,"""THE REST"""
drivers/phy/phy-rcar-gen3.c,161,"""THE REST"""
drivers/phy/phy-stm32-usbphyc.c,402,"""ARM STM STM32MP"",""THE REST"""
drivers/phy/phy-uclass.c,147,"""THE REST"""
drivers/phy/sandbox-phy.c,104,"""THE REST"""
drivers/phy/sti_usb_phy.c,180,"""THE REST"""
drivers/phy/ti-pipe3-phy.c,388,"""THE REST"""
drivers/pinctrl/Kconfig,312,"""THE REST"""
drivers/pinctrl/Makefile,24,"""THE REST"""
drivers/pinctrl/aspeed/Makefile,1,"""THE REST"""
drivers/pinctrl/aspeed/pinctrl_ast2500.c,124,"""THE REST"""
drivers/pinctrl/ath79/Makefile,4,"""THE REST"""
drivers/pinctrl/ath79/pinctrl_ar933x.c,135,"""THE REST"""
drivers/pinctrl/ath79/pinctrl_qca953x.c,155,"""THE REST"""
drivers/pinctrl/broadcom/Kconfig,15,"""ARM BROADCOM BCM283X"",""THE REST"""
drivers/pinctrl/broadcom/Makefile,8,"""ARM BROADCOM BCM283X"",""THE REST"""
drivers/pinctrl/broadcom/pinctrl-bcm283x.c,154,"""ARM BROADCOM BCM283X"",""THE REST"""
drivers/pinctrl/broadcom/pinctrl-bcm6838.c,161,"""ARM BROADCOM BCM283X"",""THE REST"""
drivers/pinctrl/exynos/Kconfig,10,"""THE REST"""
drivers/pinctrl/exynos/Makefile,7,"""THE REST"""
drivers/pinctrl/exynos/pinctrl-exynos.c,139,"""THE REST"""
drivers/pinctrl/exynos/pinctrl-exynos.h,76,"""THE REST"""
drivers/pinctrl/exynos/pinctrl-exynos7420.c,116,"""THE REST"""
drivers/pinctrl/mediatek/Kconfig,15,"""ARM MEDIATEK"",""THE REST"""
drivers/pinctrl/mediatek/Makefile,7,"""ARM MEDIATEK"",""THE REST"""
drivers/pinctrl/mediatek/pinctrl-mt7623.c,1284,"""ARM MEDIATEK"",""THE REST"""
drivers/pinctrl/mediatek/pinctrl-mt7629.c,409,"""ARM MEDIATEK"",""THE REST"""
drivers/pinctrl/mediatek/pinctrl-mtk-common.c,553,"""ARM MEDIATEK"",""THE REST"""
drivers/pinctrl/mediatek/pinctrl-mtk-common.h,184,"""ARM MEDIATEK"",""THE REST"""
drivers/pinctrl/meson/Kconfig,27,"""THE REST"""
drivers/pinctrl/meson/Makefile,8,"""THE REST"""
drivers/pinctrl/meson/pinctrl-meson-axg-pmx.c,125,"""THE REST"""
drivers/pinctrl/meson/pinctrl-meson-axg.c,979,"""THE REST"""
drivers/pinctrl/meson/pinctrl-meson-axg.h,66,"""THE REST"""
drivers/pinctrl/meson/pinctrl-meson-gx-pmx.c,97,"""THE REST"""
drivers/pinctrl/meson/pinctrl-meson-gx.h,48,"""THE REST"""
drivers/pinctrl/meson/pinctrl-meson-gxbb.c,455,"""THE REST"""
drivers/pinctrl/meson/pinctrl-meson-gxl.c,737,"""THE REST"""
drivers/pinctrl/meson/pinctrl-meson.c,260,"""THE REST"""
drivers/pinctrl/meson/pinctrl-meson.h,133,"""THE REST"""
drivers/pinctrl/mvebu/Kconfig,17,"""THE REST"""
drivers/pinctrl/mvebu/Makefile,8,"""THE REST"""
drivers/pinctrl/mvebu/pinctrl-armada-37xx.c,643,"""THE REST"""
drivers/pinctrl/mvebu/pinctrl-mvebu.c,233,"""THE REST"""
drivers/pinctrl/mvebu/pinctrl-mvebu.h,30,"""THE REST"""
drivers/pinctrl/nxp/Kconfig,76,"""THE REST"""
drivers/pinctrl/nxp/Makefile,7,"""THE REST"""
drivers/pinctrl/nxp/pinctrl-imx.c,270,"""THE REST"""
drivers/pinctrl/nxp/pinctrl-imx.h,68,"""THE REST"""
drivers/pinctrl/nxp/pinctrl-imx5.c,46,"""THE REST"""
drivers/pinctrl/nxp/pinctrl-imx6.c,55,"""THE REST"""
drivers/pinctrl/nxp/pinctrl-imx7.c,43,"""THE REST"""
drivers/pinctrl/nxp/pinctrl-imx7ulp.c,47,"""THE REST"""
drivers/pinctrl/nxp/pinctrl-imx8.c,40,"""THE REST"""
drivers/pinctrl/nxp/pinctrl-scu.c,66,"""THE REST"""
drivers/pinctrl/pinctrl-at91-pio4.c,181,"""THE REST"""
drivers/pinctrl/pinctrl-at91.c,453,"""THE REST"""
drivers/pinctrl/pinctrl-generic.c,360,"""THE REST"""
drivers/pinctrl/pinctrl-sandbox.c,167,"""THE REST"""
drivers/pinctrl/pinctrl-single.c,141,"""THE REST"""
drivers/pinctrl/pinctrl-sti.c,319,"""THE REST"""
drivers/pinctrl/pinctrl-uclass.c,319,"""THE REST"""
drivers/pinctrl/pinctrl_pic32.c,355,"""THE REST"""
drivers/pinctrl/pinctrl_stm32.c,438,"""ARM STM STM32MP"",""THE REST"""
drivers/pinctrl/renesas/Kconfig,119,"""THE REST"""
drivers/pinctrl/renesas/Makefile,11,"""THE REST"""
drivers/pinctrl/renesas/pfc-r8a7790.c,5719,"""THE REST"""
drivers/pinctrl/renesas/pfc-r8a7791.c,6684,"""THE REST"""
drivers/pinctrl/renesas/pfc-r8a7792.c,2794,"""THE REST"""
drivers/pinctrl/renesas/pfc-r8a7794.c,5612,"""THE REST"""
drivers/pinctrl/renesas/pfc-r8a7795.c,6219,"""THE REST"""
drivers/pinctrl/renesas/pfc-r8a7796.c,6161,"""THE REST"""
drivers/pinctrl/renesas/pfc-r8a77970.c,2425,"""THE REST"""
drivers/pinctrl/renesas/pfc-r8a77990.c,5201,"""THE REST"""
drivers/pinctrl/renesas/pfc-r8a77995.c,2499,"""THE REST"""
drivers/pinctrl/renesas/pfc.c,905,"""THE REST"""
drivers/pinctrl/renesas/sh_pfc.h,619,"""THE REST"""
drivers/pinctrl/rockchip/Makefile,13,"""ARM ROCKCHIP"",""THE REST"""
drivers/pinctrl/rockchip/pinctrl_rk3036.c,671,"""ARM ROCKCHIP"",""THE REST"""
drivers/pinctrl/rockchip/pinctrl_rk3128.c,186,"""ARM ROCKCHIP"",""THE REST"""
drivers/pinctrl/rockchip/pinctrl_rk3188.c,989,"""ARM ROCKCHIP"",""THE REST"""
drivers/pinctrl/rockchip/pinctrl_rk322x.c,894,"""ARM ROCKCHIP"",""THE REST"""
drivers/pinctrl/rockchip/pinctrl_rk3288.c,869,"""ARM ROCKCHIP"",""THE REST"""
drivers/pinctrl/rockchip/pinctrl_rk3328.c,705,"""ARM ROCKCHIP"",""THE REST"""
drivers/pinctrl/rockchip/pinctrl_rk3368.c,739,"""ARM ROCKCHIP"",""THE REST"""
drivers/pinctrl/rockchip/pinctrl_rk3399.c,503,"""ARM ROCKCHIP"",""THE REST"""
drivers/pinctrl/rockchip/pinctrl_rv1108.c,580,"""ARM ROCKCHIP"",""THE REST"""
drivers/pinctrl/uniphier/Kconfig,60,"""ARM UNIPHIER"",""THE REST"""
drivers/pinctrl/uniphier/Makefile,13,"""ARM UNIPHIER"",""THE REST"""
drivers/pinctrl/uniphier/pinctrl-uniphier-core.c,433,"""ARM UNIPHIER"",""THE REST"""
drivers/pinctrl/uniphier/pinctrl-uniphier-ld11.c,116,"""ARM UNIPHIER"",""THE REST"""
drivers/pinctrl/uniphier/pinctrl-uniphier-ld20.c,141,"""ARM UNIPHIER"",""THE REST"""
drivers/pinctrl/uniphier/pinctrl-uniphier-ld4.c,143,"""ARM UNIPHIER"",""THE REST"""
drivers/pinctrl/uniphier/pinctrl-uniphier-ld6b.c,150,"""ARM UNIPHIER"",""THE REST"""
drivers/pinctrl/uniphier/pinctrl-uniphier-pro4.c,177,"""ARM UNIPHIER"",""THE REST"""
drivers/pinctrl/uniphier/pinctrl-uniphier-pro5.c,159,"""ARM UNIPHIER"",""THE REST"""
drivers/pinctrl/uniphier/pinctrl-uniphier-pxs2.c,154,"""ARM UNIPHIER"",""THE REST"""
drivers/pinctrl/uniphier/pinctrl-uniphier-pxs3.c,141,"""ARM UNIPHIER"",""THE REST"""
drivers/pinctrl/uniphier/pinctrl-uniphier-sld8.c,140,"""ARM UNIPHIER"",""THE REST"""
drivers/pinctrl/uniphier/pinctrl-uniphier.h,160,"""ARM UNIPHIER"",""THE REST"""
drivers/power/Kconfig,367,"""POWER"",""THE REST"""
drivers/power/Makefile,22,"""POWER"",""THE REST"""
drivers/power/axp152.c,91,"""POWER"",""THE REST"""
drivers/power/axp209.c,241,"""POWER"",""THE REST"""
drivers/power/axp221.c,276,"""POWER"",""THE REST"""
drivers/power/axp809.c,231,"""POWER"",""THE REST"""
drivers/power/axp818.c,267,"""POWER"",""THE REST"""
drivers/power/battery/Makefile,7,"""POWER"",""THE REST"""
drivers/power/battery/bat_trats.c,89,"""POWER"",""THE REST"""
drivers/power/battery/bat_trats2.c,64,"""POWER"",""THE REST"""
drivers/power/domain/Kconfig,61,"""POWER"",""THE REST"""
drivers/power/domain/Makefile,14,"""POWER"",""THE REST"""
drivers/power/domain/bcm6328-power-domain.c,78,"""POWER"",""THE REST"""
drivers/power/domain/imx8-power-domain.c,315,"""POWER"",""THE REST"""
drivers/power/domain/meson-gx-pwrc-vpu.c,198,"""POWER"",""THE REST"""
drivers/power/domain/mtk-power-domain.c,406,"""ARM MEDIATEK"",""POWER"",""THE REST"""
drivers/power/domain/power-domain-uclass.c,113,"""POWER"",""THE REST"""
drivers/power/domain/sandbox-power-domain-test.c,54,"""POWER"",""THE REST"""
drivers/power/domain/sandbox-power-domain.c,103,"""POWER"",""THE REST"""
drivers/power/domain/tegra186-power-domain.c,91,"""POWER"",""THE REST"""
drivers/power/domain/ti-sci-power-domain.c,107,"""POWER"",""THE REST"""
drivers/power/exynos-tmu.c,346,"""POWER"",""THE REST"""
drivers/power/ftpmu010.c,87,"""POWER"",""THE REST"""
drivers/power/fuel_gauge/Makefile,6,"""POWER"",""THE REST"""
drivers/power/fuel_gauge/fg_max17042.c,285,"""POWER"",""THE REST"""
drivers/power/mfd/Makefile,8,"""POWER"",""THE REST"""
drivers/power/mfd/fg_max77693.c,136,"""POWER"",""THE REST"""
drivers/power/mfd/muic_max77693.c,76,"""POWER"",""THE REST"""
drivers/power/mfd/pmic_max77693.c,95,"""POWER"",""THE REST"""
drivers/power/palmas.c,216,"""POWER"",""THE REST"""
drivers/power/pmic/Kconfig,240,"""POWER"",""THE REST"""
drivers/power/pmic/Makefile,40,"""POWER"",""THE REST"""
drivers/power/pmic/act8846.c,85,"""POWER"",""THE REST"""
drivers/power/pmic/as3722.c,177,"""POWER"",""THE REST"""
drivers/power/pmic/as3722_gpio.c,120,"""POWER"",""THE REST"""
drivers/power/pmic/fan53555.c,82,"""POWER"",""THE REST"""
drivers/power/pmic/i2c_pmic_emul.c,154,"""POWER"",""THE REST"""
drivers/power/pmic/lp873x.c,81,"""POWER"",""THE REST"""
drivers/power/pmic/lp87565.c,84,"""POWER"",""THE REST"""
drivers/power/pmic/max77686.c,87,"""POWER"",""THE REST"""
drivers/power/pmic/max8997.c,58,"""POWER"",""THE REST"""
drivers/power/pmic/max8998.c,58,"""POWER"",""THE REST"""
drivers/power/pmic/mc34708.c,105,"""POWER"",""THE REST"""
drivers/power/pmic/muic_max8997.c,73,"""POWER"",""THE REST"""
drivers/power/pmic/palmas.c,99,"""POWER"",""THE REST"""
drivers/power/pmic/pfuze100.c,92,"""POWER"",""THE REST"""
drivers/power/pmic/pm8916.c,86,"""POWER"",""THE REST"""
drivers/power/pmic/pmic-uclass.c,199,"""POWER"",""THE REST"""
drivers/power/pmic/pmic_hi6553.c,132,"""POWER"",""THE REST"""
drivers/power/pmic/pmic_ltc3676.c,31,"""POWER"",""THE REST"""
drivers/power/pmic/pmic_max77696.c,31,"""POWER"",""THE REST"""
drivers/power/pmic/pmic_max8997.c,106,"""POWER"",""THE REST"""
drivers/power/pmic/pmic_max8998.c,32,"""POWER"",""THE REST"""
drivers/power/pmic/pmic_mc34vr500.c,31,"""POWER"",""THE REST"""
drivers/power/pmic/pmic_pfuze100.c,31,"""POWER"",""THE REST"""
drivers/power/pmic/pmic_pfuze3000.c,31,"""POWER"",""THE REST"""
drivers/power/pmic/pmic_tps62362.c,70,"""POWER"",""THE REST"""
drivers/power/pmic/pmic_tps65217.c,150,"""POWER"",""THE REST"""
drivers/power/pmic/pmic_tps65218.c,260,"""POWER"",""THE REST"""
drivers/power/pmic/pmic_tps65910.c,121,"""POWER"",""THE REST"""
drivers/power/pmic/pmic_tps65910_dm.c,95,"""POWER"",""THE REST"""
drivers/power/pmic/rk8xx.c,112,"""POWER"",""THE REST"""
drivers/power/pmic/rn5t567.c,63,"""POWER"",""THE REST"""
drivers/power/pmic/s2mps11.c,87,"""POWER"",""THE REST"""
drivers/power/pmic/s5m8767.c,91,"""POWER"",""THE REST"""
drivers/power/pmic/sandbox.c,76,"""POWER"",""THE REST"""
drivers/power/pmic/stpmu1.c,95,"""POWER"",""THE REST"""
drivers/power/pmic/tps65090.c,89,"""POWER"",""THE REST"""
drivers/power/power_core.c,219,"""POWER"",""THE REST"""
drivers/power/power_dialog.c,31,"""POWER"",""THE REST"""
drivers/power/power_fsl.c,57,"""POWER"",""THE REST"""
drivers/power/power_i2c.c,111,"""POWER"",""THE REST"""
drivers/power/power_spi.c,72,"""POWER"",""THE REST"""
drivers/power/regulator/Kconfig,247,"""POWER"",""THE REST"""
drivers/power/regulator/Makefile,27,"""POWER"",""THE REST"""
drivers/power/regulator/act8846.c,154,"""POWER"",""THE REST"""
drivers/power/regulator/as3722_regulator.c,162,"""POWER"",""THE REST"""
drivers/power/regulator/fan53555.c,222,"""POWER"",""THE REST"""
drivers/power/regulator/fixed.c,154,"""POWER"",""THE REST"""
drivers/power/regulator/gpio-regulator.c,136,"""POWER"",""THE REST"""
drivers/power/regulator/lp873x_regulator.c,354,"""POWER"",""THE REST"""
drivers/power/regulator/lp87565_regulator.c,196,"""POWER"",""THE REST"""
drivers/power/regulator/max77686.c,816,"""POWER"",""THE REST"""
drivers/power/regulator/palmas_regulator.c,490,"""POWER"",""THE REST"""
drivers/power/regulator/pbias_regulator.c,302,"""POWER"",""THE REST"""
drivers/power/regulator/pfuze100.c,575,"""POWER"",""THE REST"""
drivers/power/regulator/pwm_regulator.c,157,"""POWER"",""THE REST"""
drivers/power/regulator/regulator-uclass.c,376,"""POWER"",""THE REST"""
drivers/power/regulator/rk8xx.c,388,"""POWER"",""THE REST"""
drivers/power/regulator/s2mps11_regulator.c,594,"""POWER"",""THE REST"""
drivers/power/regulator/s5m8767.c,266,"""POWER"",""THE REST"""
drivers/power/regulator/sandbox.c,352,"""POWER"",""THE REST"""
drivers/power/regulator/stm32-vrefbuf.c,155,"""ARM STM STM32MP"",""POWER"",""THE REST"""
drivers/power/regulator/stpmu1.c,671,"""POWER"",""THE REST"""
drivers/power/regulator/tps65090_regulator.c,137,"""POWER"",""THE REST"""
drivers/power/regulator/tps65910_regulator.c,458,"""POWER"",""THE REST"""
drivers/power/sy8106a.c,30,"""POWER"",""THE REST"""
drivers/power/tps6586x.c,250,"""POWER"",""THE REST"""
drivers/power/twl4030.c,220,"""POWER"",""THE REST"""
drivers/power/twl6030.c,309,"""POWER"",""THE REST"""
drivers/pwm/Kconfig,52,"""THE REST"""
drivers/pwm/Makefile,18,"""THE REST"""
drivers/pwm/exynos_pwm.c,117,"""THE REST"""
drivers/pwm/pwm-imx-util.c,80,"""THE REST"""
drivers/pwm/pwm-imx-util.h,15,"""THE REST"""
drivers/pwm/pwm-imx.c,70,"""THE REST"""
drivers/pwm/pwm-uclass.c,45,"""THE REST"""
drivers/pwm/rk_pwm.c,117,"""THE REST"""
drivers/pwm/sandbox_pwm.c,113,"""THE REST"""
drivers/pwm/sunxi_pwm.c,184,"""THE REST"""
drivers/pwm/tegra_pwm.c,82,"""THE REST"""
drivers/qe/Kconfig,12,"""THE REST"""
drivers/qe/Makefile,7,"""THE REST"""
drivers/qe/fdt.c,75,"""THE REST"""
drivers/qe/qe.c,824,"""THE REST"""
drivers/qe/uccf.c,388,"""THE REST"""
drivers/qe/uccf.h,117,"""THE REST"""
drivers/qe/uec.c,1430,"""THE REST"""
drivers/qe/uec.h,741,"""THE REST"""
drivers/qe/uec_phy.c,911,"""THE REST"""
drivers/qe/uec_phy.h,239,"""THE REST"""
drivers/ram/Kconfig,57,"""THE REST"""
drivers/ram/Makefile,16,"""THE REST"""
drivers/ram/bmips_ram.c,176,"""THE REST"""
drivers/ram/k3-am654-ddrss.c,825,"""THE REST"""
drivers/ram/k3-am654-ddrss.h,1189,"""THE REST"""
drivers/ram/mediatek/Makefile,7,"""ARM MEDIATEK"",""THE REST"""
drivers/ram/mediatek/ddr3-mt7629.c,766,"""ARM MEDIATEK"",""THE REST"""
drivers/ram/mpc83xx_sdram.c,1096,"""POWERPC MPC83XX"",""THE REST"""
drivers/ram/ram-uclass.c,27,"""THE REST"""
drivers/ram/rockchip/Makefile,12,"""ARM ROCKCHIP"",""THE REST"""
drivers/ram/rockchip/dmc-rk3368.c,997,"""ARM ROCKCHIP"",""THE REST"""
drivers/ram/rockchip/sdram_rk3128.c,57,"""ARM ROCKCHIP"",""THE REST"""
drivers/ram/rockchip/sdram_rk3188.c,957,"""ARM ROCKCHIP"",""THE REST"""
drivers/ram/rockchip/sdram_rk322x.c,854,"""ARM ROCKCHIP"",""THE REST"""
drivers/ram/rockchip/sdram_rk3288.c,1122,"""ARM ROCKCHIP"",""THE REST"""
drivers/ram/rockchip/sdram_rk3328.c,58,"""ARM ROCKCHIP"",""THE REST"""
drivers/ram/rockchip/sdram_rk3399.c,1237,"""ARM ROCKCHIP"",""THE REST"""
drivers/ram/sandbox_ram.c,37,"""THE REST"""
drivers/ram/stm32_sdram.c,408,"""THE REST"""
drivers/ram/stm32mp1/Kconfig,12,"""ARM STM STM32MP"",""THE REST"""
drivers/ram/stm32mp1/Makefile,7,"""ARM STM STM32MP"",""THE REST"""
drivers/ram/stm32mp1/stm32mp1_ddr.c,495,"""ARM STM STM32MP"",""THE REST"""
drivers/ram/stm32mp1/stm32mp1_ddr.h,209,"""ARM STM STM32MP"",""THE REST"""
drivers/ram/stm32mp1/stm32mp1_ddr_regs.h,364,"""ARM STM STM32MP"",""THE REST"""
drivers/ram/stm32mp1/stm32mp1_ram.c,194,"""ARM STM STM32MP"",""THE REST"""
drivers/remoteproc/Kconfig,52,"""THE REST"""
drivers/remoteproc/Makefile,13,"""THE REST"""
drivers/remoteproc/k3_rproc.c,244,"""THE REST"""
drivers/remoteproc/k3_system_controller.c,323,"""THE REST"""
drivers/remoteproc/rproc-uclass.c,436,"""THE REST"""
drivers/remoteproc/sandbox_testproc.c,336,"""THE REST"""
drivers/remoteproc/ti_power_proc.c,180,"""THE REST"""
drivers/reset/Kconfig,109,"""THE REST"""
drivers/reset/Makefile,19,"""THE REST"""
drivers/reset/ast2500-reset.c,103,"""THE REST"""
drivers/reset/reset-bcm6345.c,84,"""THE REST"""
drivers/reset/reset-meson.c,89,"""THE REST"""
drivers/reset/reset-rockchip.c,132,"""THE REST"""
drivers/reset/reset-socfpga.c,104,"""THE REST"""
drivers/reset/reset-ti-sci.c,206,"""THE REST"""
drivers/reset/reset-uclass.c,230,"""THE REST"""
drivers/reset/reset-uniphier.c,374,"""ARM UNIPHIER"",""THE REST"""
drivers/reset/sandbox-reset-test.c,83,"""THE REST"""
drivers/reset/sandbox-reset.c,107,"""THE REST"""
drivers/reset/sti-reset.c,338,"""THE REST"""
drivers/reset/stm32-reset.c,93,"""ARM STM STM32MP"",""THE REST"""
drivers/reset/tegra-car-reset.c,71,"""THE REST"""
drivers/reset/tegra186-reset.c,80,"""THE REST"""
drivers/rtc/Kconfig,113,"""THE REST"""
drivers/rtc/Makefile,54,"""THE REST"""
drivers/rtc/at91sam9_rtt.c,78,"""THE REST"""
drivers/rtc/date.c,100,"""THE REST"""
drivers/rtc/davinci.c,80,"""THE REST"""
drivers/rtc/ds1302.c,328,"""THE REST"""
drivers/rtc/ds1306.c,437,"""THE REST"""
drivers/rtc/ds1307.c,345,"""THE REST"""
drivers/rtc/ds1337.c,190,"""THE REST"""
drivers/rtc/ds1374.c,214,"""THE REST"""
drivers/rtc/ds1556.c,179,"""THE REST"""
drivers/rtc/ds164x.c,171,"""THE REST"""
drivers/rtc/ds174x.c,172,"""THE REST"""
drivers/rtc/ds3231.c,166,"""THE REST"""
drivers/rtc/ftrtc010.c,121,"""THE REST"""
drivers/rtc/i2c_rtc_emul.c,234,"""THE REST"""
drivers/rtc/imxdi.c,222,"""THE REST"""
drivers/rtc/isl1208.c,197,"""THE REST"""
drivers/rtc/m41t11.c,167,"""THE REST"""
drivers/rtc/m41t60.c,237,"""THE REST"""
drivers/rtc/m41t62.c,216,"""THE REST"""
drivers/rtc/m41t94.c,123,"""THE REST"""
drivers/rtc/m48t35ax.c,135,"""THE REST"""
drivers/rtc/max6900.c,104,"""THE REST"""
drivers/rtc/mc13xxx-rtc.c,65,"""THE REST"""
drivers/rtc/mc146818.c,308,"""THE REST"""
drivers/rtc/mcfrtc.c,104,"""THE REST"""
drivers/rtc/mk48t59.c,175,"""THE REST"""
drivers/rtc/mvrtc.c,185,"""THE REST"""
drivers/rtc/mvrtc.h,53,"""THE REST"""
drivers/rtc/mx27rtc.c,64,"""THE REST"""
drivers/rtc/mxsrtc.c,71,"""THE REST"""
drivers/rtc/pcf2127.c,109,"""THE REST"""
drivers/rtc/pcf8563.c,117,"""THE REST"""
drivers/rtc/pl031.c,141,"""THE REST"""
drivers/rtc/pt7c4338.c,127,"""THE REST"""
drivers/rtc/rs5c372.c,256,"""THE REST"""
drivers/rtc/rtc-lib.c,77,"""THE REST"""
drivers/rtc/rtc-uclass.c,126,"""THE REST"""
drivers/rtc/rv3029.c,495,"""THE REST"""
drivers/rtc/rx8010sj.c,378,"""THE REST"""
drivers/rtc/rx8025.c,190,"""THE REST"""
drivers/rtc/s35392a.c,364,"""THE REST"""
drivers/rtc/s3c24x0_rtc.c,149,"""THE REST"""
drivers/rtc/sandbox_rtc.c,105,"""THE REST"""
drivers/rtc/x1205.c,160,"""THE REST"""
drivers/scsi/Kconfig,18,"""THE REST"""
drivers/scsi/Makefile,18,"""THE REST"""
drivers/scsi/sandbox_scsi.c,25,"""THE REST"""
drivers/scsi/scsi-uclass.c,39,"""THE REST"""
drivers/scsi/scsi.c,706,"""THE REST"""
drivers/serial/Kconfig,768,"""THE REST"""
drivers/serial/Makefile,73,"""THE REST"""
drivers/serial/altera_jtag_uart.c,150,"""THE REST"""
drivers/serial/altera_uart.c,151,"""THE REST"""
drivers/serial/arm_dcc.c,174,"""THE REST"""
drivers/serial/atmel_usart.c,323,"""THE REST"""
drivers/serial/atmel_usart.h,293,"""THE REST"""
drivers/serial/lpc32xx_hsuart.c,111,"""THE REST"""
drivers/serial/mcfuart.c,229,"""THE REST"""
drivers/serial/ns16550.c,543,"""THE REST"""
drivers/serial/sandbox.c,273,"""THE REST"""
drivers/serial/serial-uclass.c,516,"""THE REST"""
drivers/serial/serial.c,548,"""THE REST"""
drivers/serial/serial_ar933x.c,241,"""THE REST"""
drivers/serial/serial_arc.c,157,"""THE REST"""
drivers/serial/serial_bcm283x_mu.c,206,"""ARM BROADCOM BCM283X"",""THE REST"""
drivers/serial/serial_bcm283x_pl011.c,97,"""ARM BROADCOM BCM283X"",""THE REST"""
drivers/serial/serial_bcm6345.c,295,"""THE REST"""
drivers/serial/serial_efi.c,155,"""THE REST"""
drivers/serial/serial_intel_mid.c,67,"""THE REST"""
drivers/serial/serial_linflexuart.c,218,"""THE REST"""
drivers/serial/serial_lpuart.c,543,"""THE REST"""
drivers/serial/serial_meson.c,159,"""THE REST"""
drivers/serial/serial_mpc8xx.c,257,"""THE REST"""
drivers/serial/serial_msm.c,241,"""ARM SNAPDRAGON"",""THE REST"""
drivers/serial/serial_mtk.c,267,"""THE REST"""
drivers/serial/serial_mvebu_a3700.c,173,"""THE REST"""
drivers/serial/serial_mxc.c,387,"""THE REST"""
drivers/serial/serial_ns16550.c,257,"""THE REST"""
drivers/serial/serial_nulldev.c,53,"""THE REST"""
drivers/serial/serial_omap.c,169,"""THE REST"""
drivers/serial/serial_owl.c,135,"""ARM OWL"",""THE REST"""
drivers/serial/serial_pic32.c,198,"""THE REST"""
drivers/serial/serial_pl01x.c,400,"""THE REST"""
drivers/serial/serial_pl01x_internal.h,145,"""THE REST"""
drivers/serial/serial_pxa.c,341,"""THE REST"""
drivers/serial/serial_rockchip.c,60,"""THE REST"""
drivers/serial/serial_s5p.c,240,"""THE REST"""
drivers/serial/serial_sh.c,372,"""THE REST"""
drivers/serial/serial_sh.h,775,"""THE REST"""
drivers/serial/serial_sti_asc.c,209,"""THE REST"""
drivers/serial/serial_stm32.c,285,"""THE REST"""
drivers/serial/serial_stm32.h,79,"""THE REST"""
drivers/serial/serial_uniphier.c,173,"""ARM UNIPHIER"",""THE REST"""
drivers/serial/serial_xuartlite.c,138,"""MICROBLAZE"",""THE REST"""
drivers/serial/serial_zynq.c,235,"""ARM ZYNQ"",""ARM ZYNQMP"",""THE REST"""
drivers/serial/usbtty.c,1046,"""THE REST"""
drivers/serial/usbtty.h,76,"""THE REST"""
drivers/smem/Kconfig,24,"""THE REST"""
drivers/smem/Makefile,7,"""THE REST"""
drivers/smem/msm_smem.c,932,"""ARM SNAPDRAGON"",""THE REST"""
drivers/smem/sandbox_smem.c,45,"""THE REST"""
drivers/smem/smem-uclass.c,45,"""THE REST"""
drivers/soc/Makefile,5,"""THE REST"""
drivers/soc/keystone/Makefile,3,"""THE REST"""
drivers/soc/keystone/keystone_serdes.c,209,"""THE REST"""
drivers/sound/Kconfig,67,"""THE REST"""
drivers/sound/Makefile,15,"""THE REST"""
drivers/sound/codec-uclass.c,26,"""THE REST"""
drivers/sound/i2s-uclass.c,25,"""THE REST"""
drivers/sound/max98090.c,377,"""THE REST"""
drivers/sound/max98090.h,663,"""THE REST"""
drivers/sound/max98095.c,472,"""THE REST"""
drivers/sound/max98095.h,316,"""THE REST"""
drivers/sound/maxim_codec.c,87,"""THE REST"""
drivers/sound/maxim_codec.h,67,"""THE REST"""
drivers/sound/samsung-i2s.c,455,"""THE REST"""
drivers/sound/samsung_sound.c,104,"""THE REST"""
drivers/sound/sandbox.c,188,"""THE REST"""
drivers/sound/sound-uclass.c,127,"""THE REST"""
drivers/sound/sound.c,37,"""THE REST"""
drivers/sound/wm8994.c,876,"""THE REST"""
drivers/sound/wm8994.h,68,"""THE REST"""
drivers/sound/wm8994_registers.h,325,"""THE REST"""
drivers/spi/Kconfig,376,"""SPI"",""THE REST"""
drivers/spi/Makefile,61,"""SPI"",""THE REST"""
drivers/spi/altera_spi.c,207,"""SPI"",""THE REST"""
drivers/spi/atcspi200_spi.c,413,"""SPI"",""THE REST"""
drivers/spi/ath79_spi.c,227,"""SPI"",""THE REST"""
drivers/spi/atmel_spi.c,510,"""SPI"",""THE REST"""
drivers/spi/atmel_spi.h,100,"""SPI"",""THE REST"""
drivers/spi/bcm63xx_hsspi.c,407,"""SPI"",""THE REST"""
drivers/spi/bcm63xx_spi.c,426,"""SPI"",""THE REST"""
drivers/spi/bcmstb_spi.c,439,"""ARM BROADCOM BCMSTB"",""SPI"",""THE REST"""
drivers/spi/cadence_qspi.c,345,"""SPI"",""THE REST"""
drivers/spi/cadence_qspi.h,80,"""SPI"",""THE REST"""
drivers/spi/cadence_qspi_apb.c,809,"""SPI"",""THE REST"""
drivers/spi/cf_spi.c,335,"""SPI"",""THE REST"""
drivers/spi/davinci_spi.c,582,"""SPI"",""THE REST"""
drivers/spi/designware_spi.c,548,"""SPI"",""THE REST"""
drivers/spi/exynos_spi.c,430,"""SPI"",""THE REST"""
drivers/spi/fsl_dspi.c,723,"""SPI"",""THE REST"""
drivers/spi/fsl_espi.c,383,"""SPI"",""THE REST"""
drivers/spi/fsl_qspi.c,1130,"""SPI"",""THE REST"""
drivers/spi/fsl_qspi.h,145,"""SPI"",""THE REST"""
drivers/spi/ich.c,717,"""SPI"",""THE REST"""
drivers/spi/ich.h,199,"""SPI"",""THE REST"""
drivers/spi/kirkwood_spi.c,435,"""SPI"",""THE REST"""
drivers/spi/lpc32xx_ssp.c,134,"""SPI"",""THE REST"""
drivers/spi/meson_spifc.c,320,"""SPI"",""THE REST"""
drivers/spi/mpc8xx_spi.c,216,"""SPI"",""THE REST"""
drivers/spi/mpc8xxx_spi.c,165,"""SPI"",""THE REST"""
drivers/spi/mt7621_spi.c,312,"""SPI"",""THE REST"""
drivers/spi/mtk_qspi.c,359,"""ARM MEDIATEK"",""SPI"",""THE REST"""
drivers/spi/mvebu_a3700_spi.c,300,"""SPI"",""THE REST"""
drivers/spi/mxc_spi.c,578,"""SPI"",""THE REST"""
drivers/spi/mxs_spi.c,358,"""SPI"",""THE REST"""
drivers/spi/omap3_spi.c,703,"""SPI"",""THE REST"""
drivers/spi/pic32_spi.c,447,"""SPI"",""THE REST"""
drivers/spi/pl022_spi.c,325,"""SPI"",""THE REST"""
drivers/spi/renesas_rpc_spi.c,464,"""SPI"",""THE REST"""
drivers/spi/rk_spi.c,469,"""SPI"",""THE REST"""
drivers/spi/rk_spi.h,130,"""SPI"",""THE REST"""
drivers/spi/sandbox_spi.c,142,"""SPI"",""THE REST"""
drivers/spi/sh_qspi.c,359,"""SPI"",""THE REST"""
drivers/spi/sh_spi.c,249,"""SPI"",""THE REST"""
drivers/spi/sh_spi.h,67,"""SPI"",""THE REST"""
drivers/spi/soft_spi.c,258,"""SPI"",""THE REST"""
drivers/spi/soft_spi_legacy.c,168,"""SPI"",""THE REST"""
drivers/spi/spi-emul-uclass.c,14,"""SPI"",""THE REST"""
drivers/spi/spi-mem.c,501,"""SPI"",""THE REST"""
drivers/spi/spi-uclass.c,460,"""SPI"",""THE REST"""
drivers/spi/spi.c,40,"""SPI"",""THE REST"""
drivers/spi/stm32_qspi.c,676,"""ARM STM STM32MP"",""SPI"",""THE REST"""
drivers/spi/sun4i_spi.c,456,"""SPI"",""THE REST"""
drivers/spi/tegra114_spi.c,396,"""SPI"",""THE REST"""
drivers/spi/tegra20_sflash.c,356,"""SPI"",""THE REST"""
drivers/spi/tegra20_slink.c,375,"""SPI"",""THE REST"""
drivers/spi/tegra210_qspi.c,419,"""SPI"",""THE REST"""
drivers/spi/tegra_spi.h,11,"""SPI"",""THE REST"""
drivers/spi/ti_qspi.c,651,"""SPI"",""THE REST"""
drivers/spi/xilinx_spi.c,369,"""MICROBLAZE"",""SPI"",""THE REST"""
drivers/spi/zynq_qspi.c,629,"""ARM ZYNQ"",""ARM ZYNQMP"",""SPI"",""THE REST"""
drivers/spi/zynq_spi.c,355,"""ARM ZYNQ"",""ARM ZYNQMP"",""SPI"",""THE REST"""
drivers/spi/zynqmp_gqspi.c,729,"""ARM ZYNQ"",""ARM ZYNQMP"",""SPI"",""THE REST"""
drivers/spmi/Kconfig,23,"""SPMI"",""THE REST"""
drivers/spmi/Makefile,7,"""SPMI"",""THE REST"""
drivers/spmi/spmi-msm.c,197,"""SPMI"",""THE REST"""
drivers/spmi/spmi-sandbox.c,155,"""SPMI"",""THE REST"""
drivers/spmi/spmi-uclass.c,39,"""SPMI"",""THE REST"""
drivers/sysreset/Kconfig,72,"""THE REST"""
drivers/sysreset/Makefile,18,"""THE REST"""
drivers/sysreset/sysreset-ti-sci.c,73,"""THE REST"""
drivers/sysreset/sysreset-uclass.c,140,"""THE REST"""
drivers/sysreset/sysreset_ast.c,52,"""THE REST"""
drivers/sysreset/sysreset_gpio.c,59,"""MICROBLAZE"",""THE REST"""
drivers/sysreset/sysreset_microblaze.c,30,"""THE REST"""
drivers/sysreset/sysreset_mpc83xx.c,212,"""POWERPC MPC83XX"",""THE REST"""
drivers/sysreset/sysreset_mpc83xx.h,103,"""POWERPC MPC83XX"",""THE REST"""
drivers/sysreset/sysreset_psci.c,41,"""THE REST"""
drivers/sysreset/sysreset_rockchip.c,46,"""ARM ROCKCHIP"",""THE REST"""
drivers/sysreset/sysreset_sandbox.c,135,"""THE REST"""
drivers/sysreset/sysreset_sti.c,82,"""THE REST"""
drivers/sysreset/sysreset_syscon.c,75,"""THE REST"""
drivers/sysreset/sysreset_watchdog.c,59,"""THE REST"""
drivers/sysreset/sysreset_x86.c,48,"""THE REST"""
drivers/sysreset/sysreset_xtfpga.c,36,"""THE REST"""
drivers/tee/Kconfig,35,"""TEE"",""THE REST"""
drivers/tee/Makefile,5,"""TEE"",""THE REST"""
drivers/tee/optee/Kconfig,27,"""TEE"",""THE REST"""
drivers/tee/optee/Makefile,5,"""TEE"",""THE REST"""
drivers/tee/optee/core.c,662,"""TEE"",""THE REST"""
drivers/tee/optee/optee_msg.h,425,"""TEE"",""THE REST"""
drivers/tee/optee/optee_msg_supplicant.h,240,"""TEE"",""THE REST"""
drivers/tee/optee/optee_private.h,65,"""TEE"",""THE REST"""
drivers/tee/optee/optee_smc.h,450,"""TEE"",""THE REST"""
drivers/tee/optee/rpmb.c,181,"""TEE"",""THE REST"""
drivers/tee/optee/supplicant.c,96,"""TEE"",""THE REST"""
drivers/tee/sandbox.c,308,"""TEE"",""THE REST"""
drivers/tee/tee-uclass.c,233,"""TEE"",""THE REST"""
drivers/thermal/Kconfig,26,"""THE REST"""
drivers/thermal/Makefile,8,"""THE REST"""
drivers/thermal/imx_thermal.c,277,"""THE REST"""
drivers/thermal/thermal-uclass.c,29,"""THE REST"""
drivers/thermal/ti-bandgap.c,198,"""THE REST"""
drivers/timer/Kconfig,170,"""THE REST"""
drivers/timer/Makefile,21,"""THE REST"""
drivers/timer/ag101p_timer.c,118,"""THE REST"""
drivers/timer/altera_timer.c,95,"""THE REST"""
drivers/timer/arc_timer.c,111,"""THE REST"""
drivers/timer/ast_timer.c,93,"""THE REST"""
drivers/timer/atcpit100_timer.c,113,"""THE REST"""
drivers/timer/atmel_pit_timer.c,88,"""THE REST"""
drivers/timer/cadence-ttc.c,114,"""ARM ZYNQMP"",""THE REST"""
drivers/timer/dw-apb-timer.c,89,"""THE REST"""
drivers/timer/mpc83xx_timer.c,248,"""POWERPC MPC83XX"",""THE REST"""
drivers/timer/mtk_timer.c,85,"""ARM MEDIATEK"",""THE REST"""
drivers/timer/omap-timer.c,107,"""THE REST"""
drivers/timer/rockchip_timer.c,171,"""THE REST"""
drivers/timer/sandbox_timer.c,70,"""THE REST"""
drivers/timer/sti-timer.c,77,"""THE REST"""
drivers/timer/stm32_timer.c,136,"""THE REST"""
drivers/timer/timer-uclass.c,141,"""THE REST"""
drivers/timer/tsc_timer.c,427,"""THE REST"""
drivers/tpm/Kconfig,150,"""THE REST"""
drivers/tpm/Makefile,14,"""THE REST"""
drivers/tpm/tpm-uclass.c,136,"""THE REST"""
drivers/tpm/tpm2_tis_sandbox.c,628,"""THE REST"""
drivers/tpm/tpm2_tis_spi.c,683,"""THE REST"""
drivers/tpm/tpm_atmel_twi.c,166,"""THE REST"""
drivers/tpm/tpm_internal.h,286,"""THE REST"""
drivers/tpm/tpm_tis.h,131,"""THE REST"""
drivers/tpm/tpm_tis_infineon.c,635,"""THE REST"""
drivers/tpm/tpm_tis_lpc.c,477,"""THE REST"""
drivers/tpm/tpm_tis_sandbox.c,365,"""THE REST"""
drivers/tpm/tpm_tis_st33zp24_i2c.c,544,"""THE REST"""
drivers/tpm/tpm_tis_st33zp24_spi.c,673,"""THE REST"""
drivers/usb/Kconfig,124,"""THE REST"",""USB"""
drivers/usb/common/Makefile,8,"""THE REST"",""USB"""
drivers/usb/common/common.c,68,"""THE REST"",""USB"""
drivers/usb/common/fsl-dt-fixup.c,228,"""THE REST"",""USB"""
drivers/usb/common/fsl-errata.c,256,"""THE REST"",""USB"""
drivers/usb/dwc3/Kconfig,71,"""THE REST"",""USB"""
drivers/usb/dwc3/Makefile,13,"""THE REST"",""USB"""
drivers/usb/dwc3/core.c,928,"""THE REST"",""USB"""
drivers/usb/dwc3/core.h,1037,"""THE REST"",""USB"""
drivers/usb/dwc3/dwc3-generic.c,360,"""THE REST"",""USB"""
drivers/usb/dwc3/dwc3-omap.c,451,"""THE REST"",""USB"""
drivers/usb/dwc3/dwc3-uniphier.c,119,"""ARM UNIPHIER"",""THE REST"",""USB"""
drivers/usb/dwc3/ep0.c,1111,"""THE REST"",""USB"""
drivers/usb/dwc3/gadget.c,2677,"""THE REST"",""USB"""
drivers/usb/dwc3/gadget.h,107,"""THE REST"",""USB"""
drivers/usb/dwc3/io.h,54,"""THE REST"",""USB"""
drivers/usb/dwc3/linux-compat.h,22,"""THE REST"",""USB"""
drivers/usb/dwc3/samsung_usb_phy.c,77,"""THE REST"",""USB"""
drivers/usb/dwc3/ti_usb_phy.c,315,"""THE REST"",""USB"""
drivers/usb/emul/Kconfig,8,"""THE REST"",""USB"""
drivers/usb/emul/Makefile,9,"""THE REST"",""USB"""
drivers/usb/emul/sandbox_flash.c,425,"""THE REST"",""USB"""
drivers/usb/emul/sandbox_hub.c,334,"""THE REST"",""USB"""
drivers/usb/emul/sandbox_keyb.c,237,"""THE REST"",""USB"""
drivers/usb/emul/usb-emul-uclass.c,301,"""THE REST"",""USB"""
drivers/usb/eth/Kconfig,65,"""THE REST"",""USB"""
drivers/usb/eth/Makefile,14,"""THE REST"",""USB"""
drivers/usb/eth/asix.c,909,"""THE REST"",""USB"""
drivers/usb/eth/asix88179.c,919,"""THE REST"",""USB"""
drivers/usb/eth/lan75xx.c,314,"""THE REST"",""USB"""
drivers/usb/eth/lan78xx.c,476,"""THE REST"",""USB"""
drivers/usb/eth/lan7x.c,498,"""THE REST"",""USB"""
drivers/usb/eth/lan7x.h,229,"""THE REST"",""USB"""
drivers/usb/eth/mcs7830.c,942,"""THE REST"",""USB"""
drivers/usb/eth/r8152.c,1657,"""THE REST"",""USB"""
drivers/usb/eth/r8152.h,634,"""THE REST"",""USB"""
drivers/usb/eth/r8152_fw.c,981,"""THE REST"",""USB"""
drivers/usb/eth/smsc95xx.c,1077,"""THE REST"",""USB"""
drivers/usb/eth/usb_ether.c,333,"""THE REST"",""USB"""
drivers/usb/gadget/Kconfig,217,"""DFU"",""THE REST"",""USB"""
drivers/usb/gadget/Makefile,47,"""DFU"",""THE REST"",""USB"""
drivers/usb/gadget/at91_udc.c,1543,"""DFU"",""THE REST"",""USB"""
drivers/usb/gadget/at91_udc.h,167,"""DFU"",""THE REST"",""USB"""
drivers/usb/gadget/atmel_usba_udc.c,1303,"""DFU"",""THE REST"",""USB"""
drivers/usb/gadget/atmel_usba_udc.h,320,"""DFU"",""THE REST"",""USB"""
drivers/usb/gadget/bcm_udc_otg.h,21,"""DFU"",""THE REST"",""USB"""
drivers/usb/gadget/bcm_udc_otg_phy.c,54,"""DFU"",""THE REST"",""USB"""
drivers/usb/gadget/ci_udc.c,1061,"""DFU"",""THE REST"",""USB"""
drivers/usb/gadget/ci_udc.h,153,"""DFU"",""THE REST"",""USB"""
drivers/usb/gadget/composite.c,1124,"""DFU"",""THE REST"",""USB"""
drivers/usb/gadget/config.c,107,"""DFU"",""THE REST"",""USB"""
drivers/usb/gadget/core.c,668,"""DFU"",""THE REST"",""USB"""
drivers/usb/gadget/designware_udc.c,1018,"""DFU"",""THE REST"",""USB"""
drivers/usb/gadget/dwc2_udc_otg.c,855,"""DFU"",""THE REST"",""USB"""
drivers/usb/gadget/dwc2_udc_otg_phy.c,100,"""DFU"",""THE REST"",""USB"""
drivers/usb/gadget/dwc2_udc_otg_priv.h,96,"""DFU"",""THE REST"",""USB"""
drivers/usb/gadget/dwc2_udc_otg_regs.h,272,"""DFU"",""THE REST"",""USB"""
drivers/usb/gadget/dwc2_udc_otg_xfer_dma.c,1483,"""DFU"",""THE REST"",""USB"""
drivers/usb/gadget/ep0.c,596,"""DFU"",""THE REST"",""USB"""
drivers/usb/gadget/ep0.h,25,"""DFU"",""THE REST"",""USB"""
drivers/usb/gadget/epautoconf.c,315,"""DFU"",""THE REST"",""USB"""
drivers/usb/gadget/ether.c,2698,"""DFU"",""THE REST"",""USB"""
drivers/usb/gadget/f_dfu.c,836,"""DFU"",""THE REST"",""USB"""
drivers/usb/gadget/f_dfu.h,85,"""DFU"",""THE REST"",""USB"""
drivers/usb/gadget/f_fastboot.c,463,"""DFU"",""THE REST"",""USB"""
drivers/usb/gadget/f_mass_storage.c,2768,"""DFU"",""THE REST"",""USB"""
drivers/usb/gadget/f_rockusb.c,929,"""DFU"",""ROCKUSB"",""THE REST"",""USB"""
drivers/usb/gadget/f_sdp.c,750,"""DFU"",""THE REST"",""USB"""
drivers/usb/gadget/f_thor.c,1020,"""DFU"",""THE REST"",""USB"""
drivers/usb/gadget/f_thor.h,126,"""DFU"",""THE REST"",""USB"""
drivers/usb/gadget/fotg210.c,961,"""DFU"",""THE REST"",""USB"""
drivers/usb/gadget/g_dnl.c,308,"""DFU"",""THE REST"",""USB"""
drivers/usb/gadget/gadget_chips.h,212,"""DFU"",""THE REST"",""USB"""
drivers/usb/gadget/ndis.h,217,"""DFU"",""THE REST"",""USB"""
drivers/usb/gadget/pxa25x_udc.c,2045,"""DFU"",""THE REST"",""USB"""
drivers/usb/gadget/pxa25x_udc.h,149,"""DFU"",""THE REST"",""USB"""
drivers/usb/gadget/pxa27x_udc.c,702,"""DFU"",""THE REST"",""USB"""
drivers/usb/gadget/rndis.c,1313,"""DFU"",""THE REST"",""USB"""
drivers/usb/gadget/rndis.h,268,"""DFU"",""THE REST"",""USB"""
drivers/usb/gadget/storage_common.c,615,"""DFU"",""THE REST"",""USB"""
drivers/usb/gadget/udc/Makefile,9,"""DFU"",""THE REST"",""USB"""
drivers/usb/gadget/udc/udc-core.c,354,"""DFU"",""THE REST"",""USB"""
drivers/usb/gadget/udc/udc-uclass.c,58,"""DFU"",""THE REST"",""USB"""
drivers/usb/gadget/usbstring.c,138,"""DFU"",""THE REST"",""USB"""
drivers/usb/host/Kconfig,267,"""THE REST"",""USB"""
drivers/usb/host/Makefile,62,"""THE REST"",""USB"""
drivers/usb/host/dwc2.c,1370,"""THE REST"",""USB"""
drivers/usb/host/dwc2.h,790,"""THE REST"",""USB"""
drivers/usb/host/dwc3-of-simple.c,107,"""THE REST"",""USB"""
drivers/usb/host/dwc3-sti-glue.c,256,"""THE REST"",""USB"""
drivers/usb/host/ehci-armada100.c,47,"""THE REST"",""USB"""
drivers/usb/host/ehci-atmel.c,130,"""THE REST"",""USB"""
drivers/usb/host/ehci-exynos.c,262,"""THE REST"",""USB"""
drivers/usb/host/ehci-faraday.c,142,"""THE REST"",""USB"""
drivers/usb/host/ehci-fsl.c,303,"""THE REST"",""USB"""
drivers/usb/host/ehci-generic.c,223,"""THE REST"",""USB"""
drivers/usb/host/ehci-hcd.c,1753,"""THE REST"",""USB"""
drivers/usb/host/ehci-marvell.c,231,"""THE REST"",""USB"""
drivers/usb/host/ehci-msm.c,152,"""ARM SNAPDRAGON"",""THE REST"",""USB"""
drivers/usb/host/ehci-mx5.c,269,"""THE REST"",""USB"""
drivers/usb/host/ehci-mx6.c,568,"""THE REST"",""USB"""
drivers/usb/host/ehci-mxc.c,249,"""THE REST"",""USB"""
drivers/usb/host/ehci-mxs.c,173,"""THE REST"",""USB"""
drivers/usb/host/ehci-omap.c,294,"""THE REST"",""USB"""
drivers/usb/host/ehci-pci.c,176,"""THE REST"",""USB"""
drivers/usb/host/ehci-rmobile.c,128,"""THE REST"",""USB"""
drivers/usb/host/ehci-spear.c,75,"""THE REST"",""USB"""
drivers/usb/host/ehci-sunxi.c,204,"""THE REST"",""USB"""
drivers/usb/host/ehci-tegra.c,869,"""THE REST"",""USB"""
drivers/usb/host/ehci-vct.c,44,"""THE REST"",""USB"""
drivers/usb/host/ehci-vf.c,360,"""THE REST"",""USB"""
drivers/usb/host/ehci-zynq.c,91,"""ARM ZYNQ"",""ARM ZYNQMP"",""THE REST"",""USB"""
drivers/usb/host/ehci.h,300,"""THE REST"",""USB"""
drivers/usb/host/ohci-at91.c,69,"""THE REST"",""USB"""
drivers/usb/host/ohci-da8xx.c,39,"""THE REST"",""USB"""
drivers/usb/host/ohci-ep93xx.c,37,"""THE REST"",""USB"""
drivers/usb/host/ohci-generic.c,198,"""THE REST"",""USB"""
drivers/usb/host/ohci-hcd.c,2236,"""THE REST"",""USB"""
drivers/usb/host/ohci-lpc32xx.c,238,"""THE REST"",""USB"""
drivers/usb/host/ohci-sunxi.c,233,"""THE REST"",""USB"""
drivers/usb/host/ohci.h,414,"""THE REST"",""USB"""
drivers/usb/host/r8a66597-hcd.c,860,"""THE REST"",""USB"""
drivers/usb/host/r8a66597.h,663,"""THE REST"",""USB"""
drivers/usb/host/sl811-hcd.c,713,"""THE REST"",""USB"""
drivers/usb/host/sl811.h,104,"""THE REST"",""USB"""
drivers/usb/host/usb-sandbox.c,157,"""THE REST"",""USB"""
drivers/usb/host/usb-uclass.c,810,"""THE REST"",""USB"""
drivers/usb/host/utmi-armada100.c,79,"""THE REST"",""USB"""
drivers/usb/host/xhci-dwc3.c,170,"""THE REST"",""USB"",""USB xHCI"""
drivers/usb/host/xhci-exynos5.c,259,"""THE REST"",""USB"",""USB xHCI"""
drivers/usb/host/xhci-fsl.c,215,"""THE REST"",""USB"",""USB xHCI"""
drivers/usb/host/xhci-mem.c,862,"""THE REST"",""USB"",""USB xHCI"""
drivers/usb/host/xhci-mvebu.c,101,"""THE REST"",""USB"",""USB xHCI"""
drivers/usb/host/xhci-omap.c,90,"""THE REST"",""USB"",""USB xHCI"""
drivers/usb/host/xhci-pci.c,70,"""THE REST"",""USB"",""USB xHCI"""
drivers/usb/host/xhci-rcar-r8a779x_usb3_v3.h,643,"""THE REST"",""USB"",""USB xHCI"""
drivers/usb/host/xhci-rcar.c,162,"""THE REST"",""USB"",""USB xHCI"""
drivers/usb/host/xhci-ring.c,945,"""THE REST"",""USB"",""USB xHCI"""
drivers/usb/host/xhci-rockchip.c,198,"""THE REST"",""USB"",""USB xHCI"""
drivers/usb/host/xhci-zynqmp.c,146,"""ARM ZYNQ"",""ARM ZYNQMP"",""THE REST"",""USB"",""USB xHCI"""
drivers/usb/host/xhci.c,1537,"""THE REST"",""USB"",""USB xHCI"""
drivers/usb/host/xhci.h,1292,"""THE REST"",""USB"",""USB xHCI"""
drivers/usb/musb-new/Kconfig,64,"""THE REST"",""USB"""
drivers/usb/musb-new/Makefile,17,"""THE REST"",""USB"""
drivers/usb/musb-new/am35x.c,700,"""THE REST"",""USB"""
drivers/usb/musb-new/linux-compat.h,29,"""THE REST"",""USB"""
drivers/usb/musb-new/musb_core.c,2486,"""THE REST"",""USB"""
drivers/usb/musb-new/musb_core.h,589,"""THE REST"",""USB"""
drivers/usb/musb-new/musb_debug.h,33,"""THE REST"",""USB"""
drivers/usb/musb-new/musb_dma.h,150,"""THE REST"",""USB"""
drivers/usb/musb-new/musb_dsps.c,761,"""THE REST"",""USB"""
drivers/usb/musb-new/musb_gadget.c,2318,"""THE REST"",""USB"""
drivers/usb/musb-new/musb_gadget.h,105,"""THE REST"",""USB"""
drivers/usb/musb-new/musb_gadget_ep0.c,1064,"""THE REST"",""USB"""
drivers/usb/musb-new/musb_host.c,2388,"""THE REST"",""USB"""
drivers/usb/musb-new/musb_host.h,90,"""THE REST"",""USB"""
drivers/usb/musb-new/musb_io.h,101,"""THE REST"",""USB"""
drivers/usb/musb-new/musb_regs.h,527,"""THE REST"",""USB"""
drivers/usb/musb-new/musb_uboot.c,449,"""THE REST"",""USB"""
drivers/usb/musb-new/musb_uboot.h,27,"""THE REST"",""USB"""
drivers/usb/musb-new/omap2430.c,279,"""THE REST"",""USB"""
drivers/usb/musb-new/omap2430.h,60,"""THE REST"",""USB"""
drivers/usb/musb-new/pic32.c,289,"""THE REST"",""USB"""
drivers/usb/musb-new/sunxi.c,552,"""THE REST"",""USB"""
drivers/usb/musb-new/ti-musb.c,343,"""THE REST"",""USB"""
drivers/usb/musb-new/usb-compat.h,106,"""THE REST"",""USB"""
drivers/usb/musb/Kconfig,20,"""THE REST"",""USB"""
drivers/usb/musb/Makefile,9,"""THE REST"",""USB"""
drivers/usb/musb/am35x.c,138,"""THE REST"",""USB"""
drivers/usb/musb/am35x.h,81,"""THE REST"",""USB"""
drivers/usb/musb/musb_core.c,154,"""THE REST"",""USB"""
drivers/usb/musb/musb_core.h,343,"""THE REST"",""USB"""
drivers/usb/musb/musb_debug.h,191,"""THE REST"",""USB"""
drivers/usb/musb/musb_hcd.c,1166,"""THE REST"",""USB"""
drivers/usb/musb/musb_hcd.h,95,"""THE REST"",""USB"""
drivers/usb/musb/musb_udc.c,956,"""THE REST"",""USB"""
drivers/usb/musb/omap3.c,144,"""THE REST"",""USB"""
drivers/usb/musb/omap3.h,38,"""THE REST"",""USB"""
drivers/usb/phy/Kconfig,15,"""THE REST"",""USB"""
drivers/usb/phy/Makefile,8,"""THE REST"",""USB"""
drivers/usb/phy/omap_usb_phy.c,265,"""THE REST"",""USB"""
drivers/usb/phy/rockchip_usb2_phy.c,106,"""THE REST"",""USB"""
drivers/usb/phy/twl4030.c,175,"""THE REST"",""USB"""
drivers/usb/ulpi/Kconfig,32,"""THE REST"",""USB"""
drivers/usb/ulpi/Makefile,7,"""THE REST"",""USB"""
drivers/usb/ulpi/omap-ulpi-viewport.c,70,"""THE REST"",""USB"""
drivers/usb/ulpi/ulpi-viewport.c,112,"""THE REST"",""USB"""
drivers/usb/ulpi/ulpi.c,244,"""THE REST"",""USB"""
drivers/video/Kconfig,725,"""THE REST"",""VIDEO"""
drivers/video/Makefile,66,"""THE REST"",""VIDEO"""
drivers/video/am335x-fb.c,235,"""THE REST"",""VIDEO"""
drivers/video/am335x-fb.h,71,"""THE REST"",""VIDEO"""
drivers/video/anx9804.c,133,"""THE REST"",""VIDEO"""
drivers/video/anx9804.h,24,"""THE REST"",""VIDEO"""
drivers/video/anx98xx-edp.h,97,"""THE REST"",""VIDEO"""
drivers/video/ati_ids.h,211,"""THE REST"",""VIDEO"""
drivers/video/ati_radeon_fb.c,759,"""THE REST"",""VIDEO"""
drivers/video/ati_radeon_fb.h,282,"""THE REST"",""VIDEO"""
drivers/video/atmel_hlcdfb.c,563,"""THE REST"",""VIDEO"""
drivers/video/atmel_lcdfb.c,309,"""THE REST"",""VIDEO"""
drivers/video/backlight-uclass.c,34,"""THE REST"",""VIDEO"""
drivers/video/backlight_gpio.c,71,"""THE REST"",""VIDEO"""
drivers/video/bcm2835.c,60,"""ARM BROADCOM BCM283X"",""THE REST"",""VIDEO"""
drivers/video/bridge/Kconfig,35,"""THE REST"",""VIDEO"""
drivers/video/bridge/Makefile,9,"""THE REST"",""VIDEO"""
drivers/video/bridge/anx6345.c,423,"""THE REST"",""VIDEO"""
drivers/video/bridge/ps862x.c,134,"""THE REST"",""VIDEO"""
drivers/video/bridge/ptn3460.c,32,"""THE REST"",""VIDEO"""
drivers/video/bridge/video-bridge-uclass.c,137,"""THE REST"",""VIDEO"""
drivers/video/broadwell_igd.c,768,"""THE REST"",""VIDEO"""
drivers/video/bus_vcxk.c,425,"""THE REST"",""VIDEO"""
drivers/video/cfb_console.c,2213,"""THE REST"",""VIDEO"""
drivers/video/console_normal.c,160,"""THE REST"",""VIDEO"""
drivers/video/console_rotate.c,468,"""THE REST"",""VIDEO"""
drivers/video/console_truetype.c,550,"""THE REST"",""VIDEO"""
drivers/video/coreboot.c,78,"""THE REST"",""VIDEO"""
drivers/video/da8xx-fb.c,1044,"""THE REST"",""VIDEO"""
drivers/video/da8xx-fb.h,115,"""THE REST"",""VIDEO"""
drivers/video/display-uclass.c,70,"""THE REST"",""VIDEO"""
drivers/video/dw_hdmi.c,764,"""THE REST"",""VIDEO"""
drivers/video/efi.c,146,"""THE REST"",""VIDEO"""
drivers/video/exynos/Makefile,10,"""THE REST"",""VIDEO"""
drivers/video/exynos/exynos_dp.c,1083,"""THE REST"",""VIDEO"""
drivers/video/exynos/exynos_dp_lowlevel.c,1250,"""THE REST"",""VIDEO"""
drivers/video/exynos/exynos_dp_lowlevel.h,88,"""THE REST"",""VIDEO"""
drivers/video/exynos/exynos_fb.c,719,"""THE REST"",""VIDEO"""
drivers/video/exynos/exynos_mipi_dsi.c,323,"""THE REST"",""VIDEO"""
drivers/video/exynos/exynos_mipi_dsi_common.c,619,"""THE REST"",""VIDEO"""
drivers/video/exynos/exynos_mipi_dsi_common.h,34,"""THE REST"",""VIDEO"""
drivers/video/exynos/exynos_mipi_dsi_lowlevel.c,638,"""THE REST"",""VIDEO"""
drivers/video/exynos/exynos_mipi_dsi_lowlevel.h,97,"""THE REST"",""VIDEO"""
drivers/video/exynos/exynos_pwm_bl.c,44,"""THE REST"",""VIDEO"""
drivers/video/fonts/Kconfig,51,"""THE REST"",""VIDEO"""
drivers/video/fonts/Makefile,9,"""THE REST"",""VIDEO"""
drivers/video/fonts/ankacoder_c75_r.ttf,427,"""THE REST"",""VIDEO"""
drivers/video/fonts/cantoraone_regular.ttf,916,"""THE REST"",""VIDEO"""
drivers/video/fonts/nimbus_sans_l_regular.ttf,287,"""THE REST"",""VIDEO"""
drivers/video/fonts/rufscript010.ttf,188,"""THE REST"",""VIDEO"""
drivers/video/formike.c,511,"""THE REST"",""VIDEO"""
drivers/video/fsl_dcu_fb.c,459,"""THE REST"",""VIDEO"""
drivers/video/fsl_diu_fb.c,416,"""THE REST"",""VIDEO"""
drivers/video/hitachi_tx18d42vm_lcd.c,80,"""THE REST"",""VIDEO"""
drivers/video/hitachi_tx18d42vm_lcd.h,8,"""THE REST"",""VIDEO"""
drivers/video/i915_reg.h,361,"""THE REST"",""VIDEO"""
drivers/video/ihs_video_out.c,341,"""THE REST"",""VIDEO"""
drivers/video/ipu.h,268,"""THE REST"",""VIDEO"""
drivers/video/ipu_common.c,1265,"""THE REST"",""VIDEO"""
drivers/video/ipu_disp.c,1291,"""THE REST"",""VIDEO"""
drivers/video/ipu_regs.h,415,"""THE REST"",""VIDEO"""
drivers/video/ivybridge_igd.c,788,"""THE REST"",""VIDEO"""
drivers/video/ld9040.c,111,"""THE REST"",""VIDEO"""
drivers/video/lg4573.c,231,"""THE REST"",""VIDEO"""
drivers/video/logicore_dp_dpcd.h,341,"""THE REST"",""VIDEO"""
drivers/video/logicore_dp_tx.c,2296,"""THE REST"",""VIDEO"""
drivers/video/logicore_dp_tx.h,54,"""THE REST"",""VIDEO"""
drivers/video/logicore_dp_tx_regif.h,396,"""THE REST"",""VIDEO"""
drivers/video/mali_dp.c,405,"""MALI DISPLAY PROCESSORS"",""THE REST"",""VIDEO"""
drivers/video/mb862xx.c,484,"""THE REST"",""VIDEO"""
drivers/video/mvebu_lcd.c,531,"""THE REST"",""VIDEO"""
drivers/video/mx3fb.c,903,"""THE REST"",""VIDEO"""
drivers/video/mxc_ipuv3_fb.c,613,"""THE REST"",""VIDEO"""
drivers/video/mxcfb.h,51,"""THE REST"",""VIDEO"""
drivers/video/mxsfb.c,243,"""THE REST"",""VIDEO"""
drivers/video/omap3_dss.c,167,"""THE REST"",""VIDEO"""
drivers/video/panel-uclass.c,53,"""THE REST"",""VIDEO"""
drivers/video/pwm_backlight.c,252,"""THE REST"",""VIDEO"""
drivers/video/pxa_lcd.c,614,"""THE REST"",""VIDEO"""
drivers/video/rockchip/Kconfig,70,"""ARM ROCKCHIP"",""THE REST"",""VIDEO"""
drivers/video/rockchip/Makefile,18,"""ARM ROCKCHIP"",""THE REST"",""VIDEO"""
drivers/video/rockchip/rk3288_hdmi.c,115,"""ARM ROCKCHIP"",""THE REST"",""VIDEO"""
drivers/video/rockchip/rk3288_mipi.c,188,"""ARM ROCKCHIP"",""THE REST"",""VIDEO"""
drivers/video/rockchip/rk3288_vop.c,108,"""ARM ROCKCHIP"",""THE REST"",""VIDEO"""
drivers/video/rockchip/rk3399_hdmi.c,80,"""ARM ROCKCHIP"",""THE REST"",""VIDEO"""
drivers/video/rockchip/rk3399_mipi.c,179,"""ARM ROCKCHIP"",""THE REST"",""VIDEO"""
drivers/video/rockchip/rk3399_vop.c,104,"""ARM ROCKCHIP"",""THE REST"",""VIDEO"""
drivers/video/rockchip/rk_edp.c,1095,"""ARM ROCKCHIP"",""THE REST"",""VIDEO"""
drivers/video/rockchip/rk_hdmi.c,122,"""ARM ROCKCHIP"",""THE REST"",""VIDEO"""
drivers/video/rockchip/rk_hdmi.h,75,"""ARM ROCKCHIP"",""THE REST"",""VIDEO"""
drivers/video/rockchip/rk_lvds.c,252,"""ARM ROCKCHIP"",""THE REST"",""VIDEO"""
drivers/video/rockchip/rk_mipi.c,332,"""ARM ROCKCHIP"",""THE REST"",""VIDEO"""
drivers/video/rockchip/rk_mipi.h,32,"""ARM ROCKCHIP"",""THE REST"",""VIDEO"""
drivers/video/rockchip/rk_vop.c,409,"""ARM ROCKCHIP"",""THE REST"",""VIDEO"""
drivers/video/rockchip/rk_vop.h,66,"""ARM ROCKCHIP"",""THE REST"",""VIDEO"""
drivers/video/s6e8ax0.c,264,"""THE REST"",""VIDEO"""
drivers/video/sandbox_osd.c,161,"""THE REST"",""VIDEO"""
drivers/video/sandbox_osd.h,13,"""THE REST"",""VIDEO"""
drivers/video/sandbox_sdl.c,72,"""THE REST"",""VIDEO"""
drivers/video/scf0403_lcd.c,295,"""THE REST"",""VIDEO"""
drivers/video/simple_panel.c,119,"""THE REST"",""VIDEO"""
drivers/video/simplefb.c,71,"""THE REST"",""VIDEO"""
drivers/video/ssd2828.c,435,"""THE REST"",""VIDEO"""
drivers/video/ssd2828.h,127,"""THE REST"",""VIDEO"""
drivers/video/stb_truetype.h,3243,"""THE REST"",""VIDEO"""
drivers/video/stm32/Kconfig,42,"""THE REST"",""VIDEO"""
drivers/video/stm32/Makefile,8,"""THE REST"",""VIDEO"""
drivers/video/stm32/stm32_ltdc.c,452,"""THE REST"",""VIDEO"""
drivers/video/sunxi/Makefile,7,"""THE REST"",""VIDEO"""
drivers/video/sunxi/lcdc.c,334,"""THE REST"",""VIDEO"""
drivers/video/sunxi/simplefb_common.c,29,"""THE REST"",""VIDEO"""
drivers/video/sunxi/simplefb_common.h,21,"""THE REST"",""VIDEO"""
drivers/video/sunxi/sunxi_de2.c,408,"""THE REST"",""VIDEO"""
drivers/video/sunxi/sunxi_display.c,1311,"""THE REST"",""VIDEO"""
drivers/video/sunxi/sunxi_dw_hdmi.c,384,"""THE REST"",""VIDEO"""
drivers/video/sunxi/sunxi_lcd.c,151,"""THE REST"",""VIDEO"""
drivers/video/sunxi/tve_common.c,85,"""THE REST"",""VIDEO"""
drivers/video/tda19988.c,653,"""TDA19988 HDMI ENCODER"",""THE REST"",""VIDEO"""
drivers/video/tegra.c,425,"""THE REST"",""VIDEO"""
drivers/video/tegra124/Makefile,8,"""THE REST"",""VIDEO"""
drivers/video/tegra124/display.c,501,"""THE REST"",""VIDEO"""
drivers/video/tegra124/displayport.h,411,"""THE REST"",""VIDEO"""
drivers/video/tegra124/dp.c,1622,"""THE REST"",""VIDEO"""
drivers/video/tegra124/sor.c,1080,"""THE REST"",""VIDEO"""
drivers/video/tegra124/sor.h,914,"""THE REST"",""VIDEO"""
drivers/video/vesa.c,33,"""THE REST"",""VIDEO"""
drivers/video/vidconsole-uclass.c,575,"""THE REST"",""VIDEO"""
drivers/video/video-uclass.c,315,"""THE REST"",""VIDEO"""
drivers/video/video_bmp.c,351,"""THE REST"",""VIDEO"""
drivers/video/video_osd-uclass.c,45,"""THE REST"",""VIDEO"""
drivers/video/videomodes.c,447,"""THE REST"",""VIDEO"""
drivers/video/videomodes.h,94,"""THE REST"",""VIDEO"""
drivers/virtio/Kconfig,62,"""THE REST"""
drivers/virtio/Makefile,11,"""THE REST"""
drivers/virtio/virtio-uclass.c,369,"""THE REST"""
drivers/virtio/virtio_blk.c,137,"""THE REST"""
drivers/virtio/virtio_blk.h,129,"""THE REST"""
drivers/virtio/virtio_mmio.c,413,"""THE REST"""
drivers/virtio/virtio_mmio.h,129,"""THE REST"""
drivers/virtio/virtio_net.c,239,"""THE REST"""
drivers/virtio/virtio_net.h,268,"""THE REST"""
drivers/virtio/virtio_pci.h,173,"""THE REST"""
drivers/virtio/virtio_pci_legacy.c,421,"""THE REST"""
drivers/virtio/virtio_pci_modern.c,609,"""THE REST"""
drivers/virtio/virtio_ring.c,358,"""THE REST"""
drivers/virtio/virtio_sandbox.c,233,"""THE REST"""
drivers/w1-eeprom/Kconfig,42,"""THE REST"""
drivers/w1-eeprom/Makefile,6,"""THE REST"""
drivers/w1-eeprom/ds24xxx.c,55,"""THE REST"""
drivers/w1-eeprom/ds2502.c,244,"""THE REST"""
drivers/w1-eeprom/eep_sandbox.c,61,"""THE REST"""
drivers/w1-eeprom/w1-eeprom-uclass.c,116,"""THE REST"""
drivers/w1/Kconfig,25,"""THE REST"""
drivers/w1/Makefile,3,"""THE REST"""
drivers/w1/w1-gpio.c,176,"""THE REST"""
drivers/w1/w1-uclass.c,238,"""THE REST"""
drivers/watchdog/Kconfig,154,"""THE REST"""
drivers/watchdog/Makefile,27,"""THE REST"""
drivers/watchdog/armada-37xx-wdt.c,175,"""THE REST"""
drivers/watchdog/ast_wdt.c,122,"""THE REST"""
drivers/watchdog/at91sam9_wdt.c,136,"""THE REST"""
drivers/watchdog/bcm2835_wdt.c,34,"""THE REST"""
drivers/watchdog/bcm6345_wdt.c,105,"""THE REST"""
drivers/watchdog/cdns_wdt.c,268,"""ARM ZYNQ"",""ARM ZYNQMP"",""THE REST"""
drivers/watchdog/designware_wdt.c,73,"""THE REST"""
drivers/watchdog/ftwdt010_wdt.c,91,"""THE REST"""
drivers/watchdog/imx_watchdog.c,55,"""THE REST"""
drivers/watchdog/mpc8xx_wdt.c,69,"""THE REST"""
drivers/watchdog/mt7621_wdt.c,102,"""THE REST"""
drivers/watchdog/mtk_wdt.c,135,"""ARM MEDIATEK"",""THE REST"""
drivers/watchdog/omap_wdt.c,136,"""THE REST"""
drivers/watchdog/orion_wdt.c,177,"""THE REST"""
drivers/watchdog/s5p_wdt.c,42,"""THE REST"""
drivers/watchdog/sandbox_wdt.c,63,"""THE REST"""
drivers/watchdog/tangier_wdt.c,70,"""THE REST"""
drivers/watchdog/ulp_wdog.c,95,"""THE REST"""
drivers/watchdog/wdt-uclass.c,93,"""THE REST"""
drivers/watchdog/xilinx_tb_wdt.c,127,"""MICROBLAZE"",""THE REST"""
dts/Kconfig,302,"""THE REST"""
dts/Makefile,64,"""THE REST"""
env/Kconfig,617,"""THE REST"""
env/Makefile,36,"""THE REST"""
env/attr.c,309,"""THE REST"""
env/callback.c,135,"""THE REST"""
env/common.c,273,"""THE REST"""
env/eeprom.c,235,"""THE REST"""
env/embedded.c,96,"""THE REST"""
env/env.c,266,"""THE REST"""
env/ext4.c,132,"""THE REST"""
env/fat.c,140,"""THE REST"""
env/flags.c,566,"""THE REST"""
env/flash.c,369,"""THE REST"""
env/mmc.c,355,"""THE REST"""
env/nand.c,393,"""THE REST"""
env/nowhere.c,33,"""THE REST"""
env/nvram.c,121,"""THE REST"""
env/onenand.c,113,"""THE REST"""
env/remote.c,63,"""THE REST"""
env/sata.c,121,"""THE REST"""
env/sf.c,335,"""THE REST"""
env/ubi.c,174,"""THE REST"""
examples/Makefile,11,"""THE REST"""
examples/api/.gitignore,2,"""THE REST"""
examples/api/Makefile,71,"""THE REST"""
examples/api/crt0.S,78,"""THE REST"""
examples/api/demo.c,313,"""THE REST"""
examples/api/glue.c,429,"""THE REST"""
examples/api/glue.h,67,"""THE REST"""
examples/api/libgenwrap.c,47,"""THE REST"""
examples/standalone/.gitignore,11,"""THE REST"""
examples/standalone/Makefile,81,"""THE REST"""
examples/standalone/README.smc91111_eeprom,223,"""THE REST"""
examples/standalone/atmel_df_pow2.c,208,"""THE REST"""
examples/standalone/hello_world.c,37,"""THE REST"""
examples/standalone/nds32.lds,39,"""THE REST"""
examples/standalone/ppc_longjmp.S,66,"""THE REST"""
examples/standalone/ppc_setjmp.S,70,"""THE REST"""
examples/standalone/riscv.lds,40,"""THE REST"""
examples/standalone/sched.c,354,"""THE REST"""
examples/standalone/smc91111_eeprom.c,371,"""THE REST"""
examples/standalone/smc911x_eeprom.c,379,"""THE REST"""
examples/standalone/sparc.lds,45,"""THE REST"""
examples/standalone/stubs.c,286,"""THE REST"""
fs/Kconfig,25,"""THE REST"""
fs/Makefile,26,"""THE REST"""
fs/btrfs/Kconfig,9,"""THE REST"""
fs/btrfs/Makefile,6,"""THE REST"""
fs/btrfs/btrfs.c,222,"""THE REST"""
fs/btrfs/btrfs.h,87,"""THE REST"""
fs/btrfs/btrfs_tree.h,765,"""THE REST"""
fs/btrfs/chunk-map.c,177,"""THE REST"""
fs/btrfs/compression.c,134,"""THE REST"""
fs/btrfs/conv-funcs.h,175,"""THE REST"""
fs/btrfs/ctree.c,280,"""THE REST"""
fs/btrfs/ctree.h,333,"""THE REST"""
fs/btrfs/dev.c,25,"""THE REST"""
fs/btrfs/dir-item.c,124,"""THE REST"""
fs/btrfs/extent-io.c,120,"""THE REST"""
fs/btrfs/hash.c,38,"""THE REST"""
fs/btrfs/inode.c,383,"""THE REST"""
fs/btrfs/root.c,92,"""THE REST"""
fs/btrfs/subvolume.c,130,"""THE REST"""
fs/btrfs/super.c,247,"""THE REST"""
fs/cbfs/Kconfig,8,"""THE REST"""
fs/cbfs/Makefile,4,"""THE REST"""
fs/cbfs/cbfs.c,323,"""THE REST"""
fs/cramfs/Kconfig,7,"""THE REST"""
fs/cramfs/Makefile,7,"""THE REST"""
fs/cramfs/cramfs.c,386,"""THE REST"""
fs/cramfs/uncompress.c,83,"""THE REST"""
fs/ext4/Kconfig,13,"""THE REST"""
fs/ext4/Makefile,11,"""THE REST"""
fs/ext4/crc16.c,62,"""THE REST"""
fs/ext4/crc16.h,16,"""THE REST"""
fs/ext4/dev.c,64,"""THE REST"""
fs/ext4/ext4_common.c,2385,"""THE REST"""
fs/ext4/ext4_common.h,89,"""THE REST"""
fs/ext4/ext4_journal.c,660,"""THE REST"""
fs/ext4/ext4_journal.h,125,"""THE REST"""
fs/ext4/ext4_write.c,1025,"""THE REST"""
fs/ext4/ext4fs.c,254,"""THE REST"""
fs/fat/Kconfig,24,"""THE REST"""
fs/fat/Makefile,5,"""THE REST"""
fs/fat/fat.c,1247,"""THE REST"""
fs/fat/fat_write.c,1466,"""THE REST"""
fs/fs.c,790,"""THE REST"""
fs/fs_internal.c,92,"""THE REST"""
fs/jffs2/Kconfig,7,"""THE REST"""
fs/jffs2/LICENCE,30,"""THE REST"""
fs/jffs2/Makefile,12,"""THE REST"""
fs/jffs2/compr_lzo.c,401,"""THE REST"""
fs/jffs2/compr_rtime.c,87,"""THE REST"""
fs/jffs2/compr_rubin.c,122,"""THE REST"""
fs/jffs2/compr_zlib.c,48,"""THE REST"""
fs/jffs2/jffs2_1pass.c,1946,"""THE REST"""
fs/jffs2/jffs2_nand_1pass.c,1036,"""THE REST"""
fs/jffs2/jffs2_nand_private.h,133,"""THE REST"""
fs/jffs2/jffs2_private.h,105,"""THE REST"""
fs/jffs2/mergesort.c,51,"""THE REST"""
fs/jffs2/mini_inflate.c,375,"""THE REST"""
fs/jffs2/summary.h,163,"""THE REST"""
fs/reiserfs/Kconfig,0,"""THE REST"""
fs/reiserfs/Makefile,10,"""THE REST"""
fs/reiserfs/dev.c,28,"""THE REST"""
fs/reiserfs/mode_string.c,124,"""THE REST"""
fs/reiserfs/reiserfs.c,971,"""THE REST"""
fs/reiserfs/reiserfs_private.h,507,"""THE REST"""
fs/sandbox/Makefile,11,"""THE REST"""
fs/sandbox/sandboxfs.c,142,"""THE REST"""
fs/ubifs/Kconfig,6,"""THE REST"""
fs/ubifs/Makefile,13,"""THE REST"""
fs/ubifs/budget.c,728,"""THE REST"""
fs/ubifs/crc16.c,60,"""THE REST"""
fs/ubifs/crc16.h,29,"""THE REST"""
fs/ubifs/debug.c,3149,"""THE REST"""
fs/ubifs/debug.h,369,"""THE REST"""
fs/ubifs/gc.c,975,"""THE REST"""
fs/ubifs/io.c,1159,"""THE REST"""
fs/ubifs/key.h,536,"""THE REST"""
fs/ubifs/log.c,744,"""THE REST"""
fs/ubifs/lprops.c,1312,"""THE REST"""
fs/ubifs/lpt.c,2283,"""THE REST"""
fs/ubifs/lpt_commit.c,2041,"""THE REST"""
fs/ubifs/master.c,392,"""THE REST"""
fs/ubifs/misc.h,300,"""THE REST"""
fs/ubifs/orphan.c,945,"""THE REST"""
fs/ubifs/recovery.c,1554,"""THE REST"""
fs/ubifs/replay.c,1075,"""THE REST"""
fs/ubifs/sb.c,819,"""THE REST"""
fs/ubifs/scan.c,371,"""THE REST"""
fs/ubifs/super.c,2708,"""THE REST"""
fs/ubifs/tnc.c,3325,"""THE REST"""
fs/ubifs/tnc_misc.c,485,"""THE REST"""
fs/ubifs/ubifs-media.h,784,"""THE REST"""
fs/ubifs/ubifs.c,960,"""THE REST"""
fs/ubifs/ubifs.h,2409,"""THE REST"""
fs/yaffs2/Kconfig,7,"""THE REST"""
fs/yaffs2/Makefile,22,"""THE REST"""
fs/yaffs2/yaffs_allocator.c,356,"""THE REST"""
fs/yaffs2/yaffs_allocator.h,30,"""THE REST"""
fs/yaffs2/yaffs_attribs.c,152,"""THE REST"""
fs/yaffs2/yaffs_attribs.h,28,"""THE REST"""
fs/yaffs2/yaffs_bitmap.c,97,"""THE REST"""
fs/yaffs2/yaffs_bitmap.h,33,"""THE REST"""
fs/yaffs2/yaffs_checkptrw.c,408,"""THE REST"""
fs/yaffs2/yaffs_checkptrw.h,33,"""THE REST"""
fs/yaffs2/yaffs_ecc.c,281,"""THE REST"""
fs/yaffs2/yaffs_ecc.h,44,"""THE REST"""
fs/yaffs2/yaffs_error.c,58,"""THE REST"""
fs/yaffs2/yaffs_flashif.h,35,"""THE REST"""
fs/yaffs2/yaffs_flashif2.h,35,"""THE REST"""
fs/yaffs2/yaffs_getblockinfo.h,35,"""THE REST"""
fs/yaffs2/yaffs_guts.c,5008,"""THE REST"""
fs/yaffs2/yaffs_guts.h,973,"""THE REST"""
fs/yaffs2/yaffs_mtdif.c,165,"""THE REST"""
fs/yaffs2/yaffs_mtdif.h,27,"""THE REST"""
fs/yaffs2/yaffs_mtdif2.c,232,"""THE REST"""
fs/yaffs2/yaffs_mtdif2.h,30,"""THE REST"""
fs/yaffs2/yaffs_nameval.c,208,"""THE REST"""
fs/yaffs2/yaffs_nameval.h,28,"""THE REST"""
fs/yaffs2/yaffs_nand.c,120,"""THE REST"""
fs/yaffs2/yaffs_nand.h,38,"""THE REST"""
fs/yaffs2/yaffs_nandemul2k.h,39,"""THE REST"""
fs/yaffs2/yaffs_nandif.c,251,"""THE REST"""
fs/yaffs2/yaffs_nandif.h,65,"""THE REST"""
fs/yaffs2/yaffs_osglue.h,41,"""THE REST"""
fs/yaffs2/yaffs_packedtags1.c,56,"""THE REST"""
fs/yaffs2/yaffs_packedtags1.h,39,"""THE REST"""
fs/yaffs2/yaffs_packedtags2.c,197,"""THE REST"""
fs/yaffs2/yaffs_packedtags2.h,47,"""THE REST"""
fs/yaffs2/yaffs_qsort.c,140,"""THE REST"""
fs/yaffs2/yaffs_summary.c,309,"""THE REST"""
fs/yaffs2/yaffs_summary.h,37,"""THE REST"""
fs/yaffs2/yaffs_tagscompat.c,407,"""THE REST"""
fs/yaffs2/yaffs_tagscompat.h,36,"""THE REST"""
fs/yaffs2/yaffs_trace.h,57,"""THE REST"""
fs/yaffs2/yaffs_uboot_glue.c,465,"""THE REST"""
fs/yaffs2/yaffs_verify.c,522,"""THE REST"""
fs/yaffs2/yaffs_verify.h,43,"""THE REST"""
fs/yaffs2/yaffs_yaffs1.c,419,"""THE REST"""
fs/yaffs2/yaffs_yaffs1.h,22,"""THE REST"""
fs/yaffs2/yaffs_yaffs2.c,1526,"""THE REST"""
fs/yaffs2/yaffs_yaffs2.h,39,"""THE REST"""
fs/yaffs2/yaffscfg.h,38,"""THE REST"""
fs/yaffs2/yaffsfs.c,3208,"""THE REST"""
fs/yaffs2/yaffsfs.h,209,"""THE REST"""
fs/yaffs2/ydirectenv.h,82,"""THE REST"""
fs/yaffs2/yportenv.h,309,"""THE REST"""
fs/zfs/Makefile,6,"""THE REST"""
fs/zfs/dev.c,30,"""THE REST"""
fs/zfs/zfs.c,2340,"""THE REST"""
fs/zfs/zfs_fletcher.c,74,"""THE REST"""
fs/zfs/zfs_lzjb.c,84,"""THE REST"""
fs/zfs/zfs_sha256.c,135,"""THE REST"""
include/.gitignore,4,"""THE REST"""
include/ACEX1K.h,69,"""THE REST"""
include/MCD_dma.h,369,"""THE REST"""
include/MCD_progCheck.h,10,"""THE REST"""
include/MCD_tasksInit.h,43,"""THE REST"""
include/SA-1100.h,2833,"""THE REST"""
include/_exports.h,87,"""THE REST"""
include/adc.h,308,"""THE REST"""
include/addr_map.h,16,"""THE REST"""
include/ahci.h,290,"""THE REST"""
include/ali512x.h,37,"""THE REST"""
include/altera.h,119,"""THE REST"""
include/andestech/andes_pcu.h,354,"""THE REST"""
include/android_image.h,82,"""THE REST"""
include/ansi.h,25,"""THE REST"""
include/api.h,12,"""THE REST"""
include/api_public.h,127,"""THE REST"""
include/armcoremodule.h,75,"""THE REST"""
include/asm-generic/atomic-long.h,262,"""THE REST"""
include/asm-generic/atomic.h,150,"""THE REST"""
include/asm-generic/bitops/__ffs.h,43,"""THE REST"""
include/asm-generic/bitops/__fls.h,43,"""THE REST"""
include/asm-generic/bitops/fls.h,41,"""THE REST"""
include/asm-generic/bitops/fls64.h,36,"""THE REST"""
include/asm-generic/bitsperlong.h,8,"""THE REST"""
include/asm-generic/global_data.h,165,"""THE REST"""
include/asm-generic/gpio.h,626,"""THE REST"""
include/asm-generic/int-ll64.h,47,"""THE REST"""
include/asm-generic/io.h,109,"""THE REST"""
include/asm-generic/ioctl.h,105,"""THE REST"""
include/asm-generic/pe.h,38,"""EFI PAYLOAD"",""THE REST"""
include/asm-generic/sections.h,92,"""THE REST"""
include/asm-generic/signal.h,101,"""THE REST"""
include/asm-generic/types.h,9,"""THE REST"""
include/asm-generic/u-boot.h,98,"""THE REST"""
include/asm-generic/unaligned.h,26,"""THE REST"""
include/asm-offsets.h,6,"""THE REST"""
include/ata.h,250,"""THE REST"""
include/atf_common.h,182,"""THE REST"""
include/atmel_hlcdc.h,225,"""THE REST"""
include/atmel_lcd.h,56,"""THE REST"""
include/atmel_lcdc.h,164,"""THE REST"""
include/atmel_mci.h,217,"""THE REST"""
include/atsha204a-i2c.h,69,"""THE REST"""
include/audio_codec.h,48,"""THE REST"""
include/autoboot.h,46,"""THE REST"""
include/avb_verify.h,101,"""THE REST"""
include/axi.h,118,"""THE REST"""
include/axp152.h,26,"""THE REST"""
include/axp209.h,86,"""THE REST"""
include/axp221.h,65,"""THE REST"""
include/axp809.h,59,"""THE REST"""
include/axp818.h,73,"""THE REST"""
include/axp_pmic.h,41,"""THE REST"""
include/backlight.h,55,"""THE REST"""
include/bcd.h,23,"""THE REST"""
include/bedbug/bedbug.h,40,"""THE REST"""
include/bedbug/ppc.h,408,"""THE REST"""
include/bedbug/regs.h,400,"""THE REST"""
include/bedbug/tables.h,601,"""THE REST"""
include/bedbug/type.h,26,"""THE REST"""
include/binman_sym.h,92,"""THE REST"""
include/bios_emul.h,82,"""THE REST"""
include/bitfield.h,89,"""THE REST"""
include/blk.h,679,"""THE REST"""
include/bloblist.h,195,"""THE REST"""
include/bmp_layout.h,59,"""THE REST"""
include/board.h,139,"""THE REST"""
include/boot_fit.h,13,"""THE REST"""
include/bootcount.h,137,"""THE REST"""
include/bootm.h,83,"""THE REST"""
include/bootretry.h,58,"""THE REST"""
include/bootstage.h,432,"""THE REST"""
include/bouncebuf.h,71,"""THE REST"""
include/btrfs.h,20,"""THE REST"""
include/bus_vcxk.h,19,"""THE REST"""
include/bzlib.h,332,"""THE REST"""
include/capitalization.h,2028,"""EFI PAYLOAD"",""THE REST"""
include/cavium/atf.h,21,"""THE REST"""
include/cavium/atf_part.h,25,"""THE REST"""
include/cavium/thunderx_svc.h,66,"""THE REST"""
include/cbfs.h,167,"""THE REST"""
include/charset.h,210,"""THE REST"""
include/circbuf.h,26,"""THE REST"""
include/cli.h,156,"""THE REST"""
include/cli_hush.h,26,"""THE REST"""
include/clk-uclass.h,103,"""THE REST"""
include/clk.h,309,"""THE REST"""
include/cmd_spl.h,14,"""THE REST"""
include/command.h,227,"""THE REST"""
include/common.h,585,"""THE REST"""
include/common_timing_params.h,68,"""THE REST"""
include/compiler.h,147,"""THE REST"""
include/config_defaults.h,22,"""THE REST"""
include/config_distro_bootcmd.h,434,"""THE REST"""
include/config_fallbacks.h,55,"""THE REST"""
include/config_fsl_chain_trust.h,98,"""THE REST"""
include/config_phylib_all_drivers.h,32,"""THE REST"""
include/config_uncmd_spl.h,24,"""THE REST"""
include/configs/10m50_devboard.h,80,"""THE REST"""
include/configs/3c120_devboard.h,80,"""THE REST"""
include/configs/B4860QDS.h,799,"""THE REST"""
include/configs/BSC9131RDB.h,359,"""THE REST"""
include/configs/BSC9132QDS.h,578,"""THE REST"""
include/configs/C29XPCIE.h,464,"""THE REST"""
include/configs/M5208EVBE.h,181,"""THE REST"""
include/configs/M52277EVB.h,267,"""THE REST"""
include/configs/M5235EVB.h,213,"""THE REST"""
include/configs/M5249EVB.h,163,"""THE REST"""
include/configs/M5253DEMO.h,213,"""THE REST"""
include/configs/M5272C3.h,200,"""THE REST"""
include/configs/M5275EVB.h,196,"""THE REST"""
include/configs/M5282EVB.h,204,"""THE REST"""
include/configs/M53017EVB.h,207,"""THE REST"""
include/configs/M5329EVB.h,217,"""THE REST"""
include/configs/M5373EVB.h,217,"""THE REST"""
include/configs/M54418TWR.h,322,"""THE REST"""
include/configs/M54451EVB.h,273,"""THE REST"""
include/configs/M54455EVB.h,389,"""THE REST"""
include/configs/M5475EVB.h,256,"""THE REST"""
include/configs/M5485EVB.h,243,"""THE REST"""
include/configs/MCR3000.h,110,"""THE REST"""
include/configs/MPC8308RDB.h,520,"""THE REST"""
include/configs/MPC8313ERDB.h,650,"""THE REST"""
include/configs/MPC8315ERDB.h,580,"""THE REST"""
include/configs/MPC8323ERDB.h,501,"""THE REST"""
include/configs/MPC832XEMDS.h,561,"""THE REST"""
include/configs/MPC8349EMDS.h,737,"""THE REST"""
include/configs/MPC8349ITX.h,689,"""THE REST"""
include/configs/MPC837XEMDS.h,635,"""THE REST"""
include/configs/MPC837XERDB.h,672,"""THE REST"""
include/configs/MPC8536DS.h,665,"""THE REST"""
include/configs/MPC8540ADS.h,376,"""THE REST"""
include/configs/MPC8541CDS.h,398,"""THE REST"""
include/configs/MPC8544DS.h,424,"""THE REST"""
include/configs/MPC8548CDS.h,526,"""THE REST"""
include/configs/MPC8555CDS.h,394,"""THE REST"""
include/configs/MPC8560ADS.h,406,"""THE REST"""
include/configs/MPC8568MDS.h,414,"""THE REST"""
include/configs/MPC8569MDS.h,507,"""THE REST"""
include/configs/MPC8572DS.h,626,"""THE REST"""
include/configs/MPC8610HPCD.h,577,"""THE REST"""
include/configs/MPC8641HPCN.h,651,"""THE REST"""
include/configs/MigoR.h,93,"""THE REST"""
include/configs/P1010RDB.h,784,"""THE REST"""
include/configs/P1022DS.h,622,"""THE REST"""
include/configs/P1023RDB.h,352,"""THE REST"""
include/configs/P2041RDB.h,640,"""THE REST"""
include/configs/P3041DS.h,24,"""THE REST"""
include/configs/P4080DS.h,23,"""THE REST"""
include/configs/P5020DS.h,25,"""THE REST"""
include/configs/P5040DS.h,19,"""THE REST"""
include/configs/SBx81LIFKW.h,110,"""THE REST"""
include/configs/SBx81LIFXCAT.h,110,"""THE REST"""
include/configs/T102xQDS.h,793,"""THE REST"""
include/configs/T102xRDB.h,816,"""THE REST"""
include/configs/T1040QDS.h,694,"""THE REST"""
include/configs/T104xRDB.h,842,"""THE REST"""
include/configs/T208xQDS.h,811,"""THE REST"""
include/configs/T208xRDB.h,758,"""THE REST"""
include/configs/T4240QDS.h,577,"""THE REST"""
include/configs/T4240RDB.h,708,"""THE REST"""
include/configs/TQM834x.h,476,"""THE REST"""
include/configs/UCP1020.h,840,"""THE REST"""
include/configs/adp-ae3xx.h,231,"""THE REST"""
include/configs/adp-ag101p.h,338,"""THE REST"""
include/configs/advantech_dms-ba16.h,259,"""THE REST"""
include/configs/alt.h,54,"""THE REST"""
include/configs/am335x_evm.h,342,"""THE REST"""
include/configs/am335x_igep003x.h,152,"""THE REST"""
include/configs/am335x_shc.h,263,"""THE REST"""
include/configs/am335x_sl50.h,92,"""THE REST"""
include/configs/am3517_crane.h,259,"""THE REST"""
include/configs/am3517_evm.h,201,"""THE REST"""
include/configs/am43xx_evm.h,294,"""THE REST"""
include/configs/am57xx_evm.h,93,"""THE REST"""
include/configs/am65x_evm.h,77,"""THE REST"""
include/configs/amcore.h,112,"""THE REST"""
include/configs/ap121.h,46,"""THE REST"""
include/configs/ap143.h,50,"""THE REST"""
include/configs/ap325rxa.h,114,"""THE REST"""
include/configs/ap_sh4a_4a.h,102,"""THE REST"""
include/configs/apalis-tk1.h,157,"""THE REST"""
include/configs/apalis_imx6.h,277,"""THE REST"""
include/configs/apalis_t30.h,60,"""THE REST"""
include/configs/apf27.h,276,"""THE REST"""
include/configs/apx4devkit.h,93,"""THE REST"""
include/configs/aristainetos-common.h,209,"""THE REST"""
include/configs/aristainetos.h,46,"""THE REST"""
include/configs/aristainetos2.h,56,"""THE REST"""
include/configs/aristainetos2b.h,56,"""THE REST"""
include/configs/armadillo-800eva.h,98,"""THE REST"""
include/configs/arndale.h,51,"""THE REST"""
include/configs/aspeed-common.h,59,"""THE REST"""
include/configs/aspenite.h,40,"""THE REST"""
include/configs/astro_mcf5373l.h,297,"""THE REST"""
include/configs/at91-sama5_common.h,82,"""THE REST"""
include/configs/at91rm9200ek.h,174,"""THE REST"""
include/configs/at91sam9260ek.h,160,"""THE REST"""
include/configs/at91sam9261ek.h,137,"""THE REST"""
include/configs/at91sam9263ek.h,244,"""THE REST"""
include/configs/at91sam9m10g45ek.h,142,"""THE REST"""
include/configs/at91sam9n12ek.h,182,"""THE REST"""
include/configs/at91sam9rlek.h,108,"""THE REST"""
include/configs/at91sam9x5ek.h,156,"""THE REST"""
include/configs/ax25-ae350.h,157,"""THE REST"""
include/configs/axs10x.h,90,"""THE REST"""
include/configs/baltos.h,265,"""THE REST"""
include/configs/bav335x.h,501,"""THE REST"""
include/configs/bayleybay.h,25,"""THE REST"""
include/configs/bcm23550_w1d.h,107,"""THE REST"""
include/configs/bcm28155_ap.h,102,"""THE REST"""
include/configs/bcm7260.h,40,"""THE REST"""
include/configs/bcm7445.h,43,"""THE REST"""
include/configs/bcm_ep_board.h,61,"""THE REST"""
include/configs/bcm_northstar2.h,45,"""THE REST"""
include/configs/bcmstb.h,178,"""THE REST"""
include/configs/beaver.h,51,"""THE REST"""
include/configs/bg0900.h,63,"""THE REST"""
include/configs/bitmain_antminer_s9.h,27,"""THE REST"""
include/configs/bk4r1.h,24,"""THE REST"""
include/configs/blanche.h,65,"""THE REST"""
include/configs/bmips_bcm3380.h,23,"""THE REST"""
include/configs/bmips_bcm6318.h,30,"""THE REST"""
include/configs/bmips_bcm63268.h,30,"""THE REST"""
include/configs/bmips_bcm6328.h,30,"""THE REST"""
include/configs/bmips_bcm6338.h,27,"""THE REST"""
include/configs/bmips_bcm6348.h,32,"""THE REST"""
include/configs/bmips_bcm6358.h,34,"""THE REST"""
include/configs/bmips_bcm6362.h,30,"""THE REST"""
include/configs/bmips_bcm6368.h,34,"""THE REST"""
include/configs/bmips_bcm6838.h,23,"""THE REST"""
include/configs/bmips_common.h,26,"""THE REST"""
include/configs/boston.h,66,"""THE REST"""
include/configs/broadcom_bcm968380gerg.h,9,"""THE REST"""
include/configs/broadcom_bcm968580xref.h,36,"""THE REST"""
include/configs/brppt1.h,214,"""THE REST"""
include/configs/brxre1.h,94,"""THE REST"""
include/configs/bubblegum_96.h,42,"""THE REST"""
include/configs/bur_am335x_common.h,97,"""THE REST"""
include/configs/bur_cfg_common.h,46,"""THE REST"""
include/configs/calimain.h,272,"""THE REST"""
include/configs/cardhu.h,54,"""THE REST"""
include/configs/cei-tk1-som.h,56,"""THE REST"""
include/configs/cgtqmx6eval.h,230,"""THE REST"""
include/configs/cherryhill.h,21,"""THE REST"""
include/configs/chiliboard.h,180,"""THE REST"""
include/configs/chromebook_link.h,28,"""THE REST"""
include/configs/chromebook_samus.h,26,"""THE REST"""
include/configs/chromebox_panther.h,12,"""THE REST"""
include/configs/cl-som-am57x.h,151,"""THE REST"""
include/configs/cl-som-imx7.h,182,"""THE REST"""
include/configs/clearfog.h,157,"""THE REST"""
include/configs/cm_fx6.h,240,"""THE REST"""
include/configs/cm_t335.h,152,"""THE REST"""
include/configs/cm_t35.h,257,"""THE REST"""
include/configs/cm_t3517.h,219,"""THE REST"""
include/configs/cm_t43.h,140,"""THE REST"""
include/configs/cm_t54.h,127,"""THE REST"""
include/configs/cobra5272.h,336,"""THE REST"""
include/configs/colibri-imx6ull.h,185,"""THE REST"""
include/configs/colibri_imx6.h,251,"""THE REST"""
include/configs/colibri_imx7.h,239,"""THE REST"""
include/configs/colibri_pxa270.h,188,"""THE REST"""
include/configs/colibri_t20.h,68,"""THE REST"""
include/configs/colibri_t30.h,57,"""THE REST"""
include/configs/colibri_vf.h,171,"""THE REST"""
include/configs/comtrend_ar5315u.h,12,"""THE REST"""
include/configs/comtrend_ar5387un.h,12,"""THE REST"""
include/configs/comtrend_ct5361.h,12,"""THE REST"""
include/configs/comtrend_vr3032u.h,12,"""THE REST"""
include/configs/comtrend_wap5813n.h,12,"""THE REST"""
include/configs/conga-qeval20-qa3-e3845.h,42,"""THE REST"""
include/configs/controlcenterd.h,380,"""THE REST"""
include/configs/controlcenterdc.h,207,"""THE REST"""
include/configs/coreboot.h,32,"""THE REST"""
include/configs/corenet_ds.h,653,"""THE REST"""
include/configs/corvus.h,142,"""THE REST"""
include/configs/cougarcanyon2.h,23,"""THE REST"""
include/configs/crownbay.h,27,"""THE REST"""
include/configs/cyrus.h,473,"""THE REST"""
include/configs/da850evm.h,297,"""THE REST"""
include/configs/dalmore.h,45,"""THE REST"""
include/configs/db-88f6720.h,84,"""THE REST"""
include/configs/db-88f6820-amc.h,92,"""THE REST"""
include/configs/db-88f6820-gp.h,119,"""THE REST"""
include/configs/db-mv784mp-gp.h,99,"""THE REST"""
include/configs/devkit3250.h,194,"""THE REST"""
include/configs/devkit8000.h,190,"""THE REST"""
include/configs/dfi-bt700.h,47,"""THE REST"""
include/configs/dh_imx6.h,178,"""THE REST"""
include/configs/display5.h,391,"""THE REST"""
include/configs/dns325.h,118,"""THE REST"""
include/configs/dockstar.h,72,"""THE REST"""
include/configs/dra7xx_evm.h,165,"""THE REST"""
include/configs/draak.h,34,"""THE REST"""
include/configs/draco.h,83,"""THE REST"""
include/configs/dragonboard410c.h,103,"""THE REST"""
include/configs/dragonboard820c.h,63,"""THE REST"""
include/configs/dreamplug.h,82,"""THE REST"""
include/configs/ds109.h,85,"""THE REST"""
include/configs/ds414.h,111,"""THE REST"""
include/configs/duovero.h,36,"""THE REST"""
include/configs/e2220-1170.h,43,"""THE REST"""
include/configs/ea20.h,229,"""THE REST"""
include/configs/eagle.h,31,"""THE REST"""
include/configs/eb_cpu5282.h,254,"""THE REST"""
include/configs/ebisu.h,29,"""THE REST"""
include/configs/eco5pk.h,45,"""THE REST"""
include/configs/ecovec.h,133,"""THE REST"""
include/configs/edb93xx.h,203,"""THE REST"""
include/configs/edison.h,52,"""THE REST"""
include/configs/edminiv2.h,203,"""THE REST"""
include/configs/efi-x86_app.h,17,"""THE REST"""
include/configs/efi-x86_payload.h,32,"""THE REST"""
include/configs/el6x_common.h,108,"""THE REST"""
include/configs/elgin_rv1108.h,13,"""THE REST"""
include/configs/embestmx6boards.h,150,"""THE REST"""
include/configs/emsdp.h,40,"""THE REST"""
include/configs/espresso7420.h,29,"""THE REST"""
include/configs/espt.h,78,"""THE REST"""
include/configs/etamin.h,216,"""THE REST"""
include/configs/ethernut5.h,153,"""THE REST"""
include/configs/evb_ast2500.h,24,"""THE REST"""
include/configs/evb_px5.h,13,"""THE REST"""
include/configs/evb_rk3036.h,11,"""THE REST"""
include/configs/evb_rk3128.h,14,"""THE REST"""
include/configs/evb_rk3229.h,55,"""THE REST"""
include/configs/evb_rk3288.h,14,"""THE REST"""
include/configs/evb_rk3328.h,17,"""THE REST"""
include/configs/evb_rk3399.h,15,"""THE REST"""
include/configs/evb_rv1108.h,28,"""THE REST"""
include/configs/exynos-common.h,50,"""THE REST"""
include/configs/exynos4-common.h,89,"""THE REST"""
include/configs/exynos5-common.h,175,"""THE REST"""
include/configs/exynos5-dt-common.h,37,"""THE REST"""
include/configs/exynos5250-common.h,34,"""THE REST"""
include/configs/exynos5420-common.h,45,"""THE REST"""
include/configs/exynos7420-common.h,99,"""THE REST"""
include/configs/fennec_rk3288.h,14,"""THE REST"""
include/configs/firefly-rk3288.h,18,"""THE REST"""
include/configs/flea3.h,195,"""THE REST"""
include/configs/galileo.h,32,"""THE REST"""
include/configs/gardena-smart-gateway-mt7688.h,55,"""THE REST"""
include/configs/ge_bx50v3.h,241,"""THE REST"""
include/configs/geekbox.h,13,"""THE REST"""
include/configs/goflexhome.h,96,"""THE REST"""
include/configs/gose.h,50,"""THE REST"""
include/configs/gplugd.h,83,"""THE REST"""
include/configs/guruplug.h,82,"""THE REST"""
include/configs/gw_ventana.h,355,"""THE REST"""
include/configs/h2200.h,128,"""THE REST"""
include/configs/harmony.h,44,"""THE REST"""
include/configs/helios4.h,192,"""THE REST"""
include/configs/highbank.h,70,"""THE REST"""
include/configs/hikey.h,92,"""THE REST"""
include/configs/hrcon.h,614,"""THE REST"""
include/configs/hsdk.h,132,"""THE REST"""
include/configs/huawei_hg556a.h,12,"""THE REST"""
include/configs/ib62x0.h,94,"""THE REST"""
include/configs/iconnect.h,77,"""THE REST"""
include/configs/ids8313.h,488,"""THE REST"""
include/configs/imgtec_xilfpga.h,55,"""THE REST"""
include/configs/imx27lite-common.h,165,"""THE REST"""
include/configs/imx6-engicam.h,205,"""THE REST"""
include/configs/imx6_logic.h,172,"""THE REST"""
include/configs/imx6_spl.h,68,"""THE REST"""
include/configs/imx6dl-mamoj.h,99,"""THE REST"""
include/configs/imx7_spl.h,56,"""THE REST"""
include/configs/imx8qxp_mek.h,157,"""THE REST"""
include/configs/integrator-common.h,90,"""THE REST"""
include/configs/integratorap.h,54,"""THE REST"""
include/configs/integratorcp.h,73,"""THE REST"""
include/configs/iot_devkit.h,84,"""THE REST"""
include/configs/ipam390.h,238,"""THE REST"""
include/configs/jetson-tk1.h,50,"""THE REST"""
include/configs/k2e_evm.h,59,"""THE REST"""
include/configs/k2g_evm.h,101,"""THE REST"""
include/configs/k2hk_evm.h,57,"""THE REST"""
include/configs/k2l_evm.h,56,"""THE REST"""
include/configs/kc1.h,161,"""THE REST"""
include/configs/km/keymile-common.h,207,"""THE REST"""
include/configs/km/km-powerpc.h,77,"""THE REST"""
include/configs/km/km8309-common.h,176,"""THE REST"""
include/configs/km/km8321-common.h,140,"""THE REST"""
include/configs/km/km83xx-common.h,296,"""THE REST"""
include/configs/km/km_arm.h,278,"""THE REST"""
include/configs/km/kmp204x-common.h,419,"""THE REST"""
include/configs/km8360.h,271,"""THE REST"""
include/configs/km_kirkwood.h,173,"""THE REST"""
include/configs/kmp204x.h,72,"""THE REST"""
include/configs/koelsch.h,50,"""THE REST"""
include/configs/kp_imx53.h,111,"""THE REST"""
include/configs/kp_imx6q_tpc.h,134,"""THE REST"""
include/configs/kylin_rk3036.h,20,"""THE REST"""
include/configs/kzm9g.h,115,"""THE REST"""
include/configs/lacie_kw.h,158,"""THE REST"""
include/configs/lager.h,51,"""THE REST"""
include/configs/legoev3.h,152,"""THE REST"""
include/configs/linkit-smart-7688.h,51,"""THE REST"""
include/configs/lion_rk3368.h,18,"""THE REST"""
include/configs/liteboard.h,155,"""THE REST"""
include/configs/ls1012a2g5rdb.h,112,"""THE REST"""
include/configs/ls1012a_common.h,135,"""THE REST"""
include/configs/ls1012afrdm.h,79,"""THE REST"""
include/configs/ls1012afrwy.h,138,"""THE REST"""
include/configs/ls1012aqds.h,121,"""THE REST"""
include/configs/ls1012ardb.h,126,"""THE REST"""
include/configs/ls1021aiot.h,251,"""THE REST"""
include/configs/ls1021aqds.h,523,"""THE REST"""
include/configs/ls1021atwr.h,505,"""THE REST"""
include/configs/ls1043a_common.h,349,"""THE REST"""
include/configs/ls1043aqds.h,451,"""THE REST"""
include/configs/ls1043ardb.h,314,"""THE REST"""
include/configs/ls1046a_common.h,302,"""THE REST"""
include/configs/ls1046aqds.h,487,"""THE REST"""
include/configs/ls1046ardb.h,235,"""THE REST"""
include/configs/ls1088a_common.h,248,"""THE REST"""
include/configs/ls1088aqds.h,477,"""THE REST"""
include/configs/ls1088ardb.h,457,"""THE REST"""
include/configs/ls2080a_common.h,222,"""THE REST"""
include/configs/ls2080a_emu.h,83,"""THE REST"""
include/configs/ls2080a_simu.h,148,"""THE REST"""
include/configs/ls2080aqds.h,432,"""THE REST"""
include/configs/ls2080ardb.h,479,"""THE REST"""
include/configs/lsxl.h,149,"""THE REST"""
include/configs/m53menlo.h,245,"""THE REST"""
include/configs/malta.h,90,"""THE REST"""
include/configs/maxbcm.h,83,"""THE REST"""
include/configs/mccmon6.h,293,"""THE REST"""
include/configs/mcx.h,295,"""THE REST"""
include/configs/medcom-wide.h,35,"""THE REST"""
include/configs/meesc.h,120,"""THE REST"""
include/configs/meson64.h,73,"""THE REST"""
include/configs/microblaze-generic.h,205,"""THE REST"""
include/configs/minnowmax.h,28,"""THE REST"""
include/configs/miqi_rk3288.h,18,"""THE REST"""
include/configs/mpc8308_p1m.h,487,"""THE REST"""
include/configs/mpr2.h,55,"""THE REST"""
include/configs/ms7720se.h,82,"""THE REST"""
include/configs/ms7722se.h,83,"""THE REST"""
include/configs/ms7750se.h,65,"""THE REST"""
include/configs/mt7623.h,56,"""THE REST"""
include/configs/mt7629.h,57,"""THE REST"""
include/configs/mt_ventoux.h,46,"""THE REST"""
include/configs/mv-common.h,80,"""THE REST"""
include/configs/mv-plug-common.h,25,"""THE REST"""
include/configs/mvebu_armada-37xx.h,116,"""THE REST"""
include/configs/mvebu_armada-8k.h,124,"""THE REST"""
include/configs/mx23_olinuxino.h,128,"""THE REST"""
include/configs/mx23evk.h,112,"""THE REST"""
include/configs/mx25pdk.h,186,"""THE REST"""
include/configs/mx28evk.h,271,"""THE REST"""
include/configs/mx31pdk.h,151,"""THE REST"""
include/configs/mx35pdk.h,225,"""THE REST"""
include/configs/mx51evk.h,192,"""THE REST"""
include/configs/mx53ard.h,181,"""THE REST"""
include/configs/mx53cx9020.h,171,"""THE REST"""
include/configs/mx53evk.h,126,"""THE REST"""
include/configs/mx53loco.h,187,"""THE REST"""
include/configs/mx53ppd.h,227,"""THE REST"""
include/configs/mx53smd.h,121,"""THE REST"""
include/configs/mx6_common.h,72,"""THE REST"""
include/configs/mx6cuboxi.h,149,"""THE REST"""
include/configs/mx6memcal.h,57,"""THE REST"""
include/configs/mx6qarm2.h,133,"""THE REST"""
include/configs/mx6sabre_common.h,207,"""THE REST"""
include/configs/mx6sabreauto.h,78,"""THE REST"""
include/configs/mx6sabresd.h,67,"""THE REST"""
include/configs/mx6slevk.h,169,"""THE REST"""
include/configs/mx6sllevk.h,149,"""THE REST"""
include/configs/mx6sxsabreauto.h,166,"""THE REST"""
include/configs/mx6sxsabresd.h,214,"""THE REST"""
include/configs/mx6ul_14x14_evk.h,215,"""THE REST"""
include/configs/mx6ullevk.h,171,"""THE REST"""
include/configs/mx7_common.h,61,"""THE REST"""
include/configs/mx7dsabresd.h,238,"""THE REST"""
include/configs/mx7ulp_evk.h,176,"""THE REST"""
include/configs/mxs.h,155,"""THE REST"""
include/configs/nas220.h,112,"""THE REST"""
include/configs/netgear_cg3100d.h,10,"""THE REST"""
include/configs/netgear_dgnd3700v2.h,12,"""THE REST"""
include/configs/nitrogen6x.h,182,"""THE REST"""
include/configs/nokia_rx51.h,348,"""THE REST"""
include/configs/novena.h,211,"""THE REST"""
include/configs/nsa310s.h,79,"""THE REST"""
include/configs/nsim.h,43,"""THE REST"""
include/configs/nyan-big.h,52,"""THE REST"""
include/configs/odroid.h,193,"""THE REST"""
include/configs/odroid_xu3.h,112,"""THE REST"""
include/configs/omap3_beagle.h,233,"""THE REST"""
include/configs/omap3_cairo.h,231,"""THE REST"""
include/configs/omap3_evm.h,165,"""THE REST"""
include/configs/omap3_igep00x0.h,135,"""THE REST"""
include/configs/omap3_logic.h,210,"""THE REST"""
include/configs/omap3_overo.h,192,"""THE REST"""
include/configs/omap3_pandora.h,69,"""THE REST"""
include/configs/omap3_zoom1.h,138,"""THE REST"""
include/configs/omap4_panda.h,34,"""THE REST"""
include/configs/omap4_sdp4430.h,26,"""THE REST"""
include/configs/omap5_uevm.h,67,"""THE REST"""
include/configs/omapl138_lcdk.h,284,"""THE REST"""
include/configs/openrd.h,96,"""THE REST"""
include/configs/opos6uldev.h,210,"""THE REST"""
include/configs/origen.h,100,"""THE REST"""
include/configs/ot1200.h,114,"""THE REST"""
include/configs/p1_p2_rdb_pc.h,900,"""THE REST"""
include/configs/p1_twr.h,493,"""THE REST"""
include/configs/p2371-0000.h,43,"""THE REST"""
include/configs/p2371-2180.h,48,"""THE REST"""
include/configs/p2571.h,44,"""THE REST"""
include/configs/p2771-0000.h,51,"""THE REST"""
include/configs/paz00.h,36,"""THE REST"""
include/configs/pcm051.h,137,"""THE REST"""
include/configs/pcm052.h,218,"""THE REST"""
include/configs/pcm058.h,98,"""THE REST"""
include/configs/pdu001.h,80,"""THE REST"""
include/configs/peach-pi.h,41,"""THE REST"""
include/configs/peach-pit.h,32,"""THE REST"""
include/configs/pengwyn.h,171,"""THE REST"""
include/configs/pepper.h,80,"""THE REST"""
include/configs/pfla02.h,157,"""THE REST"""
include/configs/phycore_rk3288.h,21,"""THE REST"""
include/configs/pic32mzdask.h,114,"""THE REST"""
include/configs/pico-imx6ul.h,149,"""THE REST"""
include/configs/pico-imx7d.h,151,"""THE REST"""
include/configs/picosam9g45.h,130,"""THE REST"""
include/configs/platinum.h,203,"""THE REST"""
include/configs/platinum_picon.h,25,"""THE REST"""
include/configs/platinum_titanium.h,30,"""THE REST"""
include/configs/plutux.h,37,"""THE REST"""
include/configs/pm9261.h,272,"""THE REST"""
include/configs/pm9263.h,302,"""THE REST"""
include/configs/pm9g45.h,124,"""THE REST"""
include/configs/pogo_e02.h,75,"""THE REST"""
include/configs/poplar.h,67,"""THE REST"""
include/configs/popmetal_rk3288.h,14,"""THE REST"""
include/configs/porter.h,55,"""THE REST"""
include/configs/puma_rk3399.h,30,"""THE REST"""
include/configs/pxa-common.h,43,"""THE REST"""
include/configs/pxm2.h,129,"""THE REST"""
include/configs/qemu-arm.h,52,"""THE REST"""
include/configs/qemu-mips.h,100,"""THE REST"""
include/configs/qemu-mips64.h,100,"""THE REST"""
include/configs/qemu-ppce500.h,144,"""THE REST"""
include/configs/qemu-riscv.h,49,"""THE REST"""
include/configs/qemu-x86.h,45,"""THE REST"""
include/configs/r0p7734.h,100,"""THE REST"""
include/configs/r2dplus.h,82,"""THE REST"""
include/configs/r7780mp.h,116,"""THE REST"""
include/configs/rastaban.h,88,"""THE REST"""
include/configs/rcar-gen2-common.h,65,"""THE REST"""
include/configs/rcar-gen3-common.h,69,"""THE REST"""
include/configs/rk3036_common.h,66,"""THE REST"""
include/configs/rk3128_common.h,61,"""THE REST"""
include/configs/rk3188_common.h,74,"""THE REST"""
include/configs/rk322x_common.h,63,"""THE REST"""
include/configs/rk3288_common.h,79,"""THE REST"""
include/configs/rk3328_common.h,58,"""THE REST"""
include/configs/rk3368_common.h,54,"""THE REST"""
include/configs/rk3399_common.h,64,"""THE REST"""
include/configs/rock.h,14,"""THE REST"""
include/configs/rock2.h,18,"""THE REST"""
include/configs/rock960_rk3399.h,15,"""THE REST"""
include/configs/rockchip-common.h,62,"""THE REST"""
include/configs/rpi.h,164,"""THE REST"""
include/configs/rsk7203.h,63,"""THE REST"""
include/configs/rsk7264.h,52,"""THE REST"""
include/configs/rsk7269.h,51,"""THE REST"""
include/configs/rut.h,124,"""THE REST"""
include/configs/rv1108_common.h,45,"""THE REST"""
include/configs/s32v234evb.h,190,"""THE REST"""
include/configs/s5p_goni.h,182,"""THE REST"""
include/configs/s5pc210_universal.h,172,"""THE REST"""
include/configs/sagem_f@st1704.h,10,"""THE REST"""
include/configs/salvator-x.h,26,"""THE REST"""
include/configs/sama5d27_som1_ek.h,78,"""THE REST"""
include/configs/sama5d2_ptc_ek.h,41,"""THE REST"""
include/configs/sama5d2_xplained.h,73,"""THE REST"""
include/configs/sama5d3_xplained.h,93,"""THE REST"""
include/configs/sama5d3xek.h,114,"""THE REST"""
include/configs/sama5d4_xplained.h,78,"""THE REST"""
include/configs/sama5d4ek.h,77,"""THE REST"""
include/configs/sandbox.h,141,"""THE REST"""
include/configs/sandbox_spl.h,11,"""THE REST"""
include/configs/sansa_fuze_plus.h,43,"""THE REST"""
include/configs/sbc8349.h,647,"""THE REST"""
include/configs/sbc8548.h,564,"""THE REST"""
include/configs/sbc8641d.h,521,"""THE REST"""
include/configs/sc_sps_1.h,63,"""THE REST"""
include/configs/seaboard.h,54,"""THE REST"""
include/configs/secomx6quq7.h,88,"""THE REST"""
include/configs/sfr_nb4_ser.h,12,"""THE REST"""
include/configs/sh7752evb.h,79,"""THE REST"""
include/configs/sh7753evb.h,79,"""THE REST"""
include/configs/sh7757lcr.h,91,"""THE REST"""
include/configs/sh7763rdp.h,78,"""THE REST"""
include/configs/sh7785lcr.h,128,"""THE REST"""
include/configs/sheep_rk3368.h,18,"""THE REST"""
include/configs/sheevaplug.h,92,"""THE REST"""
include/configs/shmin.h,85,"""THE REST"""
include/configs/siemens-am33x-common.h,479,"""THE REST"""
include/configs/silk.h,55,"""THE REST"""
include/configs/sksimx6.h,96,"""THE REST"""
include/configs/smartweb.h,224,"""THE REST"""
include/configs/smdk5250.h,23,"""THE REST"""
include/configs/smdk5420.h,38,"""THE REST"""
include/configs/smdkc100.h,161,"""THE REST"""
include/configs/smdkv310.h,89,"""THE REST"""
include/configs/snapper9260.h,123,"""THE REST"""
include/configs/snapper9g45.h,112,"""THE REST"""
include/configs/sniper.h,154,"""THE REST"""
include/configs/snow.h,22,"""THE REST"""
include/configs/socfpga_arria10_socdk.h,50,"""THE REST"""
include/configs/socfpga_arria5_socdk.h,22,"""THE REST"""
include/configs/socfpga_common.h,342,"""THE REST"""
include/configs/socfpga_cyclone5_socdk.h,22,"""THE REST"""
include/configs/socfpga_dbm_soc1.h,95,"""THE REST"""
include/configs/socfpga_de0_nano_soc.h,22,"""THE REST"""
include/configs/socfpga_de10_nano.h,22,"""THE REST"""
include/configs/socfpga_de1_soc.h,22,"""THE REST"""
include/configs/socfpga_is1.h,34,"""THE REST"""
include/configs/socfpga_sockit.h,22,"""THE REST"""
include/configs/socfpga_socrates.h,22,"""THE REST"""
include/configs/socfpga_sr1500.h,56,"""THE REST"""
include/configs/socfpga_stratix10_socdk.h,221,"""THE REST"""
include/configs/socfpga_vining_fpga.h,180,"""THE REST"""
include/configs/socrates.h,349,"""THE REST"""
include/configs/som-db5800-som-6867.h,27,"""THE REST"""
include/configs/spear-common.h,179,"""THE REST"""
include/configs/spear3xx_evb.h,141,"""THE REST"""
include/configs/spear6xx_evb.h,37,"""THE REST"""
include/configs/spring.h,17,"""THE REST"""
include/configs/stih410-b2260.h,75,"""THE REST"""
include/configs/stm32f429-discovery.h,55,"""THE REST"""
include/configs/stm32f429-evaluation.h,59,"""THE REST"""
include/configs/stm32f469-discovery.h,59,"""THE REST"""
include/configs/stm32f746-disco.h,87,"""THE REST"""
include/configs/stm32h743-disco.h,53,"""THE REST"""
include/configs/stm32h743-eval.h,53,"""THE REST"""
include/configs/stm32mp1.h,104,"""THE REST"""
include/configs/stmark2.h,184,"""THE REST"""
include/configs/stout.h,59,"""THE REST"""
include/configs/strider.h,646,"""THE REST"""
include/configs/stv0991.h,59,"""THE REST"""
include/configs/sun4i.h,25,"""THE REST"""
include/configs/sun50i.h,31,"""THE REST"""
include/configs/sun5i.h,25,"""THE REST"""
include/configs/sun6i.h,29,"""THE REST"""
include/configs/sun7i.h,29,"""THE REST"""
include/configs/sun8i.h,24,"""THE REST"""
include/configs/sun9i.h,20,"""THE REST"""
include/configs/sunxi-common.h,520,"""THE REST"""
include/configs/suvd3.h,190,"""THE REST"""
include/configs/syzygy_hub.h,69,"""THE REST"""
include/configs/t4qds.h,255,"""THE REST"""
include/configs/tam3517-common.h,328,"""THE REST"""
include/configs/tao3530.h,237,"""THE REST"""
include/configs/taurus.h,180,"""THE REST"""
include/configs/tb100.h,71,"""THE REST"""
include/configs/tbs2910.h,158,"""THE REST"""
include/configs/tec-ng.h,47,"""THE REST"""
include/configs/tec.h,35,"""THE REST"""
include/configs/tegra-common-post.h,120,"""THE REST"""
include/configs/tegra-common-usb-gadget.h,20,"""THE REST"""
include/configs/tegra-common.h,94,"""THE REST"""
include/configs/tegra114-common.h,65,"""THE REST"""
include/configs/tegra124-common.h,70,"""THE REST"""
include/configs/tegra186-common.h,55,"""THE REST"""
include/configs/tegra20-common.h,87,"""THE REST"""
include/configs/tegra210-common.h,63,"""THE REST"""
include/configs/tegra30-common.h,66,"""THE REST"""
include/configs/theadorable-x86-common.h,154,"""THE REST"""
include/configs/theadorable-x86-conga-qa3-e3845.h,29,"""THE REST"""
include/configs/theadorable-x86-dfi-bt700.h,32,"""THE REST"""
include/configs/theadorable.h,125,"""THE REST"""
include/configs/thuban.h,81,"""THE REST"""
include/configs/thunderx_88xx.h,73,"""THE REST"""
include/configs/ti814x_evm.h,162,"""THE REST"""
include/configs/ti816x_evm.h,116,"""THE REST"""
include/configs/ti_am335x_common.h,66,"""THE REST"""
include/configs/ti_armv7_common.h,205,"""THE REST"""
include/configs/ti_armv7_keystone2.h,315,"""THE REST"""
include/configs/ti_armv7_omap.h,28,"""THE REST"""
include/configs/ti_omap3_common.h,69,"""THE REST"""
include/configs/ti_omap4_common.h,136,"""THE REST"""
include/configs/ti_omap5_common.h,108,"""THE REST"""
include/configs/tinker_rk3288.h,22,"""THE REST"""
include/configs/titanium.h,165,"""THE REST"""
include/configs/topic_miami.h,131,"""THE REST"""
include/configs/tplink_wdr4300.h,61,"""THE REST"""
include/configs/tqma6.h,351,"""THE REST"""
include/configs/tqma6_mba6.h,20,"""THE REST"""
include/configs/tqma6_wru4.h,34,"""THE REST"""
include/configs/trats.h,195,"""THE REST"""
include/configs/trats2.h,178,"""THE REST"""
include/configs/tricorder.h,256,"""THE REST"""
include/configs/trimslice.h,47,"""THE REST"""
include/configs/ts4600.h,63,"""THE REST"""
include/configs/ts4800.h,142,"""THE REST"""
include/configs/turris_mox.h,106,"""THE REST"""
include/configs/turris_omnia.h,160,"""THE REST"""
include/configs/tuxx1.h,196,"""THE REST"""
include/configs/twister.h,34,"""THE REST"""
include/configs/udoo.h,95,"""THE REST"""
include/configs/udoo_neo.h,106,"""THE REST"""
include/configs/ulcb.h,26,"""THE REST"""
include/configs/uniphier.h,227,"""ARM UNIPHIER"",""THE REST"""
include/configs/usb_a9263.h,95,"""THE REST"""
include/configs/usbarmory.h,102,"""THE REST"""
include/configs/vct.h,202,"""THE REST"""
include/configs/ve8313.h,452,"""THE REST"""
include/configs/venice2.h,44,"""THE REST"""
include/configs/ventana.h,34,"""THE REST"""
include/configs/vexpress_aemv8a.h,238,"""ARM VERSATILE EXPRESS DRIVERS"",""THE REST"""
include/configs/vexpress_ca15_tc2.h,19,"""ARM VERSATILE EXPRESS DRIVERS"",""THE REST"""
include/configs/vexpress_ca5x2.h,16,"""ARM VERSATILE EXPRESS DRIVERS"",""THE REST"""
include/configs/vexpress_ca9x4.h,16,"""ARM VERSATILE EXPRESS DRIVERS"",""THE REST"""
include/configs/vexpress_common.h,251,"""ARM VERSATILE EXPRESS DRIVERS"",""THE REST"""
include/configs/veyron.h,20,"""THE REST"""
include/configs/vf610twr.h,207,"""THE REST"""
include/configs/vinco.h,118,"""THE REST"""
include/configs/vining_2000.h,104,"""THE REST"""
include/configs/vme8349.h,544,"""THE REST"""
include/configs/vyasa-rk3288.h,39,"""THE REST"""
include/configs/wandboard.h,156,"""THE REST"""
include/configs/warp.h,155,"""THE REST"""
include/configs/warp7.h,169,"""THE REST"""
include/configs/wb45n.h,146,"""THE REST"""
include/configs/wb50n.h,123,"""THE REST"""
include/configs/woodburn.h,18,"""THE REST"""
include/configs/woodburn_common.h,205,"""THE REST"""
include/configs/woodburn_sd.h,31,"""THE REST"""
include/configs/work_92105.h,161,"""THE REST"""
include/configs/x600.h,241,"""THE REST"""
include/configs/x86-chromebook.h,40,"""THE REST"""
include/configs/x86-common.h,136,"""THE REST"""
include/configs/xfi3.h,43,"""THE REST"""
include/configs/xilinx_versal.h,91,"""MICROBLAZE"",""THE REST"""
include/configs/xilinx_zynqmp.h,247,"""ARM ZYNQ"",""ARM ZYNQMP"",""MICROBLAZE"",""THE REST"""
include/configs/xilinx_zynqmp_mini.h,35,"""ARM ZYNQ"",""ARM ZYNQMP"",""MICROBLAZE"",""THE REST"""
include/configs/xilinx_zynqmp_mini_emmc.h,19,"""ARM ZYNQ"",""ARM ZYNQMP"",""MICROBLAZE"",""THE REST"""
include/configs/xilinx_zynqmp_mini_nand.h,21,"""ARM ZYNQ"",""ARM ZYNQMP"",""MICROBLAZE"",""THE REST"""
include/configs/xilinx_zynqmp_mini_qspi.h,19,"""ARM ZYNQ"",""ARM ZYNQMP"",""MICROBLAZE"",""THE REST"""
include/configs/xilinx_zynqmp_r5.h,49,"""ARM ZYNQ"",""ARM ZYNQMP"",""MICROBLAZE"",""THE REST"""
include/configs/xilinx_zynqmp_zc1275_revB.h,15,"""ARM ZYNQ"",""ARM ZYNQMP"",""MICROBLAZE"",""THE REST"""
include/configs/xilinx_zynqmp_zc1751_xm015_dc1.h,17,"""ARM ZYNQ"",""ARM ZYNQMP"",""MICROBLAZE"",""THE REST"""
include/configs/xilinx_zynqmp_zc1751_xm017_dc3.h,16,"""ARM ZYNQ"",""ARM ZYNQMP"",""MICROBLAZE"",""THE REST"""
include/configs/xilinx_zynqmp_zc1751_xm019_dc5.h,17,"""ARM ZYNQ"",""ARM ZYNQMP"",""MICROBLAZE"",""THE REST"""
include/configs/xilinx_zynqmp_zcu100.h,29,"""ARM ZYNQ"",""ARM ZYNQMP"",""MICROBLAZE"",""THE REST"""
include/configs/xilinx_zynqmp_zcu102.h,47,"""ARM ZYNQ"",""ARM ZYNQMP"",""MICROBLAZE"",""THE REST"""
include/configs/xilinx_zynqmp_zcu104.h,33,"""ARM ZYNQ"",""ARM ZYNQMP"",""MICROBLAZE"",""THE REST"""
include/configs/xilinx_zynqmp_zcu104_revC.h,17,"""ARM ZYNQ"",""ARM ZYNQMP"",""MICROBLAZE"",""THE REST"""
include/configs/xilinx_zynqmp_zcu106.h,44,"""ARM ZYNQ"",""ARM ZYNQMP"",""MICROBLAZE"",""THE REST"""
include/configs/xilinx_zynqmp_zcu111.h,47,"""ARM ZYNQ"",""ARM ZYNQMP"",""MICROBLAZE"",""THE REST"""
include/configs/xpedite517x.h,652,"""THE REST"""
include/configs/xpedite520x.h,452,"""THE REST"""
include/configs/xpedite537x.h,503,"""THE REST"""
include/configs/xpedite550x.h,500,"""THE REST"""
include/configs/xpress.h,135,"""THE REST"""
include/configs/xtfpga.h,232,"""THE REST"""
include/configs/zc5202.h,30,"""THE REST"""
include/configs/zc5601.h,28,"""THE REST"""
include/configs/zipitz2.h,186,"""THE REST"""
include/configs/zmx25.h,109,"""THE REST"""
include/configs/zynq-common.h,297,"""ARM ZYNQ"",""THE REST"""
include/configs/zynq_cse.h,38,"""ARM ZYNQ"",""THE REST"""
include/configs/zynq_zc70x.h,16,"""ARM ZYNQ"",""THE REST"""
include/configs/zynq_zybo.h,18,"""ARM ZYNQ"",""THE REST"""
include/console.h,63,"""THE REST"""
include/cortina.h,78,"""THE REST"""
include/cp1250.h,40,"""EFI PAYLOAD"",""THE REST"""
include/cp437.h,40,"""EFI PAYLOAD"",""THE REST"""
include/cpsw.h,59,"""THE REST"""
include/cpu.h,135,"""THE REST"""
include/cramfs/cramfs_fs.h,100,"""THE REST"""
include/cros_ec.h,489,"""THE REST"""
include/cros_ec_message.h,28,"""THE REST"""
include/ddr_spd.h,564,"""THE REST"""
include/debug_uart.h,181,"""THE REST"""
include/dfu.h,276,"""THE REST"""
include/dialog_pmic.h,173,"""THE REST"""
include/display.h,87,"""THE REST"""
include/display_options.h,77,"""THE REST"""
include/div64.h,244,"""THE REST"""
include/dm-demo.h,39,"""THE REST"""
include/dm.h,16,"""THE REST"""
include/dm/device-internal.h,219,"""DRIVER MODEL"",""THE REST"""
include/dm/device.h,1024,"""DRIVER MODEL"",""THE REST"""
include/dm/fdtaddr.h,144,"""DRIVER MODEL"",""THE REST"""
include/dm/lists.h,93,"""DRIVER MODEL"",""THE REST"""
include/dm/of.h,141,"""DRIVER MODEL"",""THE REST"""
include/dm/of_access.h,434,"""DRIVER MODEL"",""THE REST"""
include/dm/of_addr.h,63,"""DRIVER MODEL"",""THE REST"""
include/dm/of_extra.h,89,"""DRIVER MODEL"",""THE REST"""
include/dm/ofnode.h,823,"""DRIVER MODEL"",""THE REST"""
include/dm/pinctrl.h,410,"""DRIVER MODEL"",""THE REST"""
include/dm/platdata.h,46,"""DRIVER MODEL"",""THE REST"""
include/dm/platform_data/lpc32xx_hsuart.h,18,"""DRIVER MODEL"",""THE REST"""
include/dm/platform_data/net_ethoc.h,20,"""DRIVER MODEL"",""THE REST"""
include/dm/platform_data/pfe_dm_eth.h,20,"""DRIVER MODEL"",""THE REST"""
include/dm/platform_data/serial_bcm283x_mu.h,23,"""ARM BROADCOM BCM283X"",""DRIVER MODEL"",""THE REST"""
include/dm/platform_data/serial_coldfire.h,22,"""DRIVER MODEL"",""THE REST"""
include/dm/platform_data/serial_mxc.h,15,"""DRIVER MODEL"",""THE REST"""
include/dm/platform_data/serial_pl01x.h,30,"""DRIVER MODEL"",""THE REST"""
include/dm/platform_data/serial_pxa.h,55,"""DRIVER MODEL"",""THE REST"""
include/dm/platform_data/serial_sh.h,36,"""DRIVER MODEL"",""THE REST"""
include/dm/platform_data/serial_stm32.h,15,"""DRIVER MODEL"",""THE REST"""
include/dm/platform_data/spi_davinci.h,15,"""DRIVER MODEL"",""THE REST"""
include/dm/platform_data/spi_pl022.h,21,"""DRIVER MODEL"",""THE REST"""
include/dm/read.h,759,"""DRIVER MODEL"",""THE REST"""
include/dm/root.h,133,"""DRIVER MODEL"",""THE REST"""
include/dm/test.h,217,"""DRIVER MODEL"",""THE REST"""
include/dm/uclass-id.h,115,"""DRIVER MODEL"",""THE REST"""
include/dm/uclass-internal.h,254,"""DRIVER MODEL"",""THE REST"""
include/dm/uclass.h,412,"""DRIVER MODEL"",""THE REST"""
include/dm/util.h,93,"""DRIVER MODEL"",""THE REST"""
include/dm9000.h,16,"""THE REST"""
include/dma-uclass.h,128,"""THE REST"""
include/dma.h,319,"""THE REST"""
include/dp83848.h,84,"""THE REST"""
include/ds1722.h,14,"""THE REST"""
include/dt-bindings/bus/ti-sysc.h,22,"""THE REST"""
include/dt-bindings/clk/mpc83xx-clk.h,33,"""POWERPC MPC83XX"",""THE REST"""
include/dt-bindings/clk/ti-dra7-atl.h,40,"""THE REST"""
include/dt-bindings/clock/am3.h,227,"""THE REST"""
include/dt-bindings/clock/ast2500-scu.h,30,"""THE REST"""
include/dt-bindings/clock/at91.h,23,"""THE REST"""
include/dt-bindings/clock/axg-aoclkc.h,26,"""THE REST"""
include/dt-bindings/clock/axg-audio-clkc.h,94,"""THE REST"""
include/dt-bindings/clock/axg-clkc.h,76,"""THE REST"""
include/dt-bindings/clock/bcm2835-aux.h,17,"""THE REST"""
include/dt-bindings/clock/bcm2835.h,68,"""THE REST"""
include/dt-bindings/clock/bcm3380-clock.h,22,"""THE REST"""
include/dt-bindings/clock/bcm6318-clock.h,36,"""THE REST"""
include/dt-bindings/clock/bcm63268-clock.h,51,"""THE REST"""
include/dt-bindings/clock/bcm6328-clock.h,24,"""THE REST"""
include/dt-bindings/clock/bcm6338-clock.h,18,"""THE REST"""
include/dt-bindings/clock/bcm6348-clock.h,21,"""THE REST"""
include/dt-bindings/clock/bcm6358-clock.h,23,"""THE REST"""
include/dt-bindings/clock/bcm6362-clock.h,32,"""THE REST"""
include/dt-bindings/clock/bcm6368-clock.h,30,"""THE REST"""
include/dt-bindings/clock/boston-clock.h,12,"""THE REST"""
include/dt-bindings/clock/exynos7420-clk.h,207,"""THE REST"""
include/dt-bindings/clock/gxbb-aoclkc.h,67,"""THE REST"""
include/dt-bindings/clock/gxbb-clkc.h,129,"""THE REST"""
include/dt-bindings/clock/hi6220-clock.h,173,"""THE REST"""
include/dt-bindings/clock/histb-clock.h,66,"""THE REST"""
include/dt-bindings/clock/imx5-clock.h,219,"""THE REST"""
include/dt-bindings/clock/imx6qdl-clock.h,274,"""THE REST"""
include/dt-bindings/clock/imx6sl-clock.h,180,"""THE REST"""
include/dt-bindings/clock/imx6sll-clock.h,204,"""THE REST"""
include/dt-bindings/clock/imx6sx-clock.h,280,"""THE REST"""
include/dt-bindings/clock/imx6ul-clock.h,254,"""THE REST"""
include/dt-bindings/clock/imx7d-clock.h,459,"""THE REST"""
include/dt-bindings/clock/imx7ulp-clock.h,161,"""THE REST"""
include/dt-bindings/clock/imx8mq-clock.h,612,"""THE REST"""
include/dt-bindings/clock/imx8qxp-clock.h,583,"""THE REST"""
"include/dt-bindings/clock/maxim,max77802.h",22,"""THE REST"""
"include/dt-bindings/clock/microchip,clock.h",28,"""THE REST"""
include/dt-bindings/clock/mt7623-clk.h,413,"""THE REST"""
include/dt-bindings/clock/mt7629-clk.h,206,"""THE REST"""
include/dt-bindings/clock/r8a7790-clock.h,162,"""THE REST"""
include/dt-bindings/clock/r8a7790-cpg-mssr.h,52,"""THE REST"""
include/dt-bindings/clock/r8a7791-clock.h,165,"""THE REST"""
include/dt-bindings/clock/r8a7791-cpg-mssr.h,48,"""THE REST"""
include/dt-bindings/clock/r8a7792-clock.h,102,"""THE REST"""
include/dt-bindings/clock/r8a7792-cpg-mssr.h,43,"""THE REST"""
include/dt-bindings/clock/r8a7793-clock.h,167,"""THE REST"""
include/dt-bindings/clock/r8a7793-cpg-mssr.h,48,"""THE REST"""
include/dt-bindings/clock/r8a7794-clock.h,141,"""THE REST"""
include/dt-bindings/clock/r8a7794-cpg-mssr.h,47,"""THE REST"""
include/dt-bindings/clock/r8a7795-cpg-mssr.h,70,"""THE REST"""
include/dt-bindings/clock/r8a7796-cpg-mssr.h,69,"""THE REST"""
include/dt-bindings/clock/r8a77965-cpg-mssr.h,62,"""THE REST"""
include/dt-bindings/clock/r8a77970-cpg-mssr.h,48,"""THE REST"""
include/dt-bindings/clock/r8a77990-cpg-mssr.h,62,"""THE REST"""
include/dt-bindings/clock/r8a77995-cpg-mssr.h,57,"""THE REST"""
include/dt-bindings/clock/renesas-cpg-mssr.h,15,"""THE REST"""
include/dt-bindings/clock/rk3036-cru.h,185,"""THE REST"""
include/dt-bindings/clock/rk3066a-cru.h,31,"""THE REST"""
include/dt-bindings/clock/rk3128-cru.h,189,"""THE REST"""
include/dt-bindings/clock/rk3188-cru-common.h,255,"""THE REST"""
include/dt-bindings/clock/rk3188-cru.h,47,"""THE REST"""
include/dt-bindings/clock/rk3228-cru.h,237,"""THE REST"""
include/dt-bindings/clock/rk3288-cru.h,370,"""THE REST"""
include/dt-bindings/clock/rk3328-cru.h,393,"""THE REST"""
include/dt-bindings/clock/rk3368-cru.h,384,"""THE REST"""
include/dt-bindings/clock/rk3399-cru.h,749,"""THE REST"""
"include/dt-bindings/clock/rockchip,rk808.h",11,"""THE REST"""
include/dt-bindings/clock/rv1108-cru.h,356,"""THE REST"""
include/dt-bindings/clock/s900_cmu.h,77,"""THE REST"""
"include/dt-bindings/clock/snps,hsdk-cgu.h",42,"""ARC HSDK CGU CLOCK"",""THE REST"""
include/dt-bindings/clock/stih407-clks.h,90,"""THE REST"""
include/dt-bindings/clock/stih410-clks.h,25,"""THE REST"""
include/dt-bindings/clock/stm32fx-clock.h,59,"""THE REST"""
include/dt-bindings/clock/stm32h7-clks.h,167,"""THE REST"""
include/dt-bindings/clock/stm32mp1-clks.h,254,"""THE REST"""
include/dt-bindings/clock/stm32mp1-clksrc.h,284,"""THE REST"""
include/dt-bindings/clock/sun4i-a10-ccu.h,202,"""THE REST"""
include/dt-bindings/clock/sun4i-a10-pll2.h,53,"""THE REST"""
include/dt-bindings/clock/sun50i-a64-ccu.h,134,"""THE REST"""
include/dt-bindings/clock/sun50i-h6-ccu.h,125,"""THE REST"""
include/dt-bindings/clock/sun50i-h6-r-ccu.h,24,"""THE REST"""
include/dt-bindings/clock/sun5i-ccu.h,106,"""THE REST"""
include/dt-bindings/clock/sun6i-a31-ccu.h,191,"""THE REST"""
include/dt-bindings/clock/sun7i-a20-ccu.h,53,"""THE REST"""
include/dt-bindings/clock/sun8i-a23-a33-ccu.h,127,"""THE REST"""
include/dt-bindings/clock/sun8i-a83t-ccu.h,140,"""THE REST"""
include/dt-bindings/clock/sun8i-de2.h,18,"""THE REST"""
include/dt-bindings/clock/sun8i-h3-ccu.h,145,"""THE REST"""
include/dt-bindings/clock/sun8i-r-ccu.h,59,"""THE REST"""
include/dt-bindings/clock/sun8i-r40-ccu.h,187,"""THE REST"""
include/dt-bindings/clock/sun8i-v3s-ccu.h,107,"""THE REST"""
include/dt-bindings/clock/tegra114-car.h,343,"""THE REST"""
include/dt-bindings/clock/tegra124-car-common.h,345,"""THE REST"""
include/dt-bindings/clock/tegra124-car.h,19,"""THE REST"""
include/dt-bindings/clock/tegra186-clock.h,940,"""THE REST"""
include/dt-bindings/clock/tegra20-car.h,158,"""THE REST"""
include/dt-bindings/clock/tegra210-car.h,401,"""THE REST"""
include/dt-bindings/clock/tegra30-car.h,273,"""THE REST"""
include/dt-bindings/comphy/comphy_data.h,62,"""THE REST"""
include/dt-bindings/dma/at91.h,52,"""THE REST"""
include/dt-bindings/dma/sun4i-a10.h,56,"""THE REST"""
include/dt-bindings/gpio/gpio.h,36,"""THE REST"""
include/dt-bindings/gpio/meson-axg-gpio.h,116,"""THE REST"""
include/dt-bindings/gpio/meson-gxbb-gpio.h,154,"""THE REST"""
include/dt-bindings/gpio/meson-gxl-gpio.h,131,"""THE REST"""
include/dt-bindings/gpio/tegra-gpio.h,51,"""THE REST"""
include/dt-bindings/gpio/tegra186-gpio.h,59,"""THE REST"""
include/dt-bindings/gpio/uniphier-gpio.h,18,"""ARM UNIPHIER"",""THE REST"""
include/dt-bindings/gpio/x86-gpio.h,43,"""THE REST"""
include/dt-bindings/input/input.h,17,"""THE REST"""
include/dt-bindings/input/linux-event-codes.h,805,"""THE REST"""
include/dt-bindings/interrupt-controller/arm-gic.h,22,"""THE REST"""
include/dt-bindings/interrupt-controller/irq-st.h,30,"""THE REST"""
include/dt-bindings/interrupt-controller/irq.h,19,"""THE REST"""
include/dt-bindings/interrupt-controller/mips-gic.h,9,"""THE REST"""
include/dt-bindings/interrupt-router/intel-irq.h,30,"""THE REST"""
include/dt-bindings/leds/leds-netxbig.h,18,"""THE REST"""
include/dt-bindings/leds/leds-ns2.h,9,"""THE REST"""
include/dt-bindings/leds/leds-pca9532.h,18,"""THE REST"""
include/dt-bindings/mailbox/tegra186-hsp.h,19,"""THE REST"""
include/dt-bindings/media/omap3-isp.h,22,"""THE REST"""
include/dt-bindings/memory/mpc83xx-sdram.h,161,"""POWERPC MPC83XX"",""THE REST"""
include/dt-bindings/memory/rk3368-dmc.h,30,"""THE REST"""
include/dt-bindings/memory/stm32-sdram.h,46,"""THE REST"""
include/dt-bindings/memory/tegra114-mc.h,25,"""THE REST"""
include/dt-bindings/memory/tegra124-mc.h,31,"""THE REST"""
include/dt-bindings/memory/tegra210-mc.h,36,"""THE REST"""
include/dt-bindings/memory/tegra30-mc.h,24,"""THE REST"""
"include/dt-bindings/mfd/st,stpmu1.h",60,"""THE REST"""
include/dt-bindings/mfd/st-lpc.h,16,"""THE REST"""
include/dt-bindings/mfd/stm32f4-rcc.h,108,"""THE REST"""
include/dt-bindings/mfd/stm32f7-rcc.h,114,"""THE REST"""
include/dt-bindings/mfd/stm32h7-rcc.h,138,"""THE REST"""
include/dt-bindings/mrc/quark.h,82,"""THE REST"""
include/dt-bindings/net/ti-dp83867.h,49,"""THE REST"""
include/dt-bindings/phy/phy.h,19,"""THE REST"""
include/dt-bindings/pinctrl/am33xx.h,43,"""THE REST"""
include/dt-bindings/pinctrl/am43xx.h,39,"""THE REST"""
include/dt-bindings/pinctrl/at91.h,42,"""THE REST"""
include/dt-bindings/pinctrl/bcm2835.h,32,"""THE REST"""
include/dt-bindings/pinctrl/dra.h,80,"""THE REST"""
include/dt-bindings/pinctrl/k3-am65.h,49,"""THE REST"""
include/dt-bindings/pinctrl/omap.h,93,"""THE REST"""
include/dt-bindings/pinctrl/pads-imx8qxp.h,757,"""THE REST"""
include/dt-bindings/pinctrl/pinctrl-snapdragon.h,22,"""THE REST"""
include/dt-bindings/pinctrl/pinctrl-tegra-xusb.h,7,"""THE REST"""
include/dt-bindings/pinctrl/pinctrl-tegra.h,37,"""THE REST"""
include/dt-bindings/pinctrl/pins-imx8mq.h,632,"""THE REST"""
include/dt-bindings/pinctrl/rockchip.h,60,"""THE REST"""
include/dt-bindings/pinctrl/stm32-pinfunc.h,36,"""THE REST"""
include/dt-bindings/pinctrl/stm32f746-pinfunc.h,1341,"""THE REST"""
include/dt-bindings/pinctrl/stm32h7-pinfunc.h,1612,"""THE REST"""
include/dt-bindings/pinctrl/sun4i-a10.h,62,"""THE REST"""
include/dt-bindings/pmic/sandbox_pmic.h,34,"""THE REST"""
include/dt-bindings/power-domain/bcm6318-power-domain.h,12,"""THE REST"""
include/dt-bindings/power-domain/bcm63268-power-domain.h,24,"""THE REST"""
include/dt-bindings/power-domain/bcm6328-power-domain.h,20,"""THE REST"""
include/dt-bindings/power-domain/bcm6362-power-domain.h,24,"""THE REST"""
include/dt-bindings/power-domain/rk3288.h,11,"""THE REST"""
include/dt-bindings/power/imx7-power.h,16,"""THE REST"""
include/dt-bindings/power/mt7623-power.h,19,"""THE REST"""
include/dt-bindings/power/mt7629-power.h,13,"""THE REST"""
include/dt-bindings/power/r8a7790-sysc.h,34,"""THE REST"""
include/dt-bindings/power/r8a7791-sysc.h,26,"""THE REST"""
include/dt-bindings/power/r8a7792-sysc.h,26,"""THE REST"""
include/dt-bindings/power/r8a7793-sysc.h,28,"""THE REST"""
include/dt-bindings/power/r8a7794-sysc.h,26,"""THE REST"""
include/dt-bindings/power/r8a7795-sysc.h,42,"""THE REST"""
include/dt-bindings/power/r8a7796-sysc.h,36,"""THE REST"""
include/dt-bindings/power/r8a77965-sysc.h,30,"""THE REST"""
include/dt-bindings/power/r8a77970-sysc.h,32,"""THE REST"""
include/dt-bindings/power/r8a77990-sysc.h,26,"""THE REST"""
include/dt-bindings/power/r8a77995-sysc.h,23,"""THE REST"""
include/dt-bindings/power/raspberrypi-power.h,41,"""THE REST"""
include/dt-bindings/power/rk3399-power.h,53,"""THE REST"""
include/dt-bindings/power/tegra186-powergate.h,28,"""THE REST"""
include/dt-bindings/pwm/pwm.h,14,"""THE REST"""
"include/dt-bindings/regulator/maxim,max77802.h",18,"""THE REST"""
"include/dt-bindings/reset/altr,rst-mgr-a10.h",110,"""THE REST"""
"include/dt-bindings/reset/altr,rst-mgr-s10.h",96,"""THE REST"""
"include/dt-bindings/reset/altr,rst-mgr.h",82,"""THE REST"""
"include/dt-bindings/reset/amlogic,meson-axg-audio-arb.h",17,"""THE REST"""
"include/dt-bindings/reset/amlogic,meson-axg-reset.h",124,"""THE REST"""
"include/dt-bindings/reset/amlogic,meson-gxbb-reset.h",210,"""THE REST"""
include/dt-bindings/reset/ast2500-reset.h,44,"""THE REST"""
include/dt-bindings/reset/axg-aoclkc.h,20,"""THE REST"""
include/dt-bindings/reset/bcm3380-reset.h,15,"""THE REST"""
include/dt-bindings/reset/bcm6318-reset.h,25,"""THE REST"""
include/dt-bindings/reset/bcm63268-reset.h,31,"""THE REST"""
include/dt-bindings/reset/bcm6328-reset.h,23,"""THE REST"""
include/dt-bindings/reset/bcm6338-reset.h,21,"""THE REST"""
include/dt-bindings/reset/bcm6348-reset.h,21,"""THE REST"""
include/dt-bindings/reset/bcm6358-reset.h,20,"""THE REST"""
include/dt-bindings/reset/bcm6362-reset.h,27,"""THE REST"""
include/dt-bindings/reset/bcm6368-reset.h,21,"""THE REST"""
include/dt-bindings/reset/gxbb-aoclkc.h,66,"""THE REST"""
include/dt-bindings/reset/stih407-resets.h,65,"""THE REST"""
include/dt-bindings/reset/stm32mp1-resets.h,108,"""THE REST"""
include/dt-bindings/reset/sun4i-a10-ccu.h,69,"""THE REST"""
include/dt-bindings/reset/sun50i-a64-ccu.h,98,"""THE REST"""
include/dt-bindings/reset/sun50i-h6-ccu.h,73,"""THE REST"""
include/dt-bindings/reset/sun50i-h6-r-ccu.h,17,"""THE REST"""
include/dt-bindings/reset/sun5i-ccu.h,32,"""THE REST"""
include/dt-bindings/reset/sun6i-a31-ccu.h,106,"""THE REST"""
include/dt-bindings/reset/sun8i-a23-a33-ccu.h,87,"""THE REST"""
include/dt-bindings/reset/sun8i-a83t-ccu.h,98,"""THE REST"""
include/dt-bindings/reset/sun8i-de2.h,14,"""THE REST"""
include/dt-bindings/reset/sun8i-h3-ccu.h,103,"""THE REST"""
include/dt-bindings/reset/sun8i-r-ccu.h,53,"""THE REST"""
include/dt-bindings/reset/sun8i-r40-ccu.h,130,"""THE REST"""
include/dt-bindings/reset/sun8i-v3s-ccu.h,78,"""THE REST"""
include/dt-bindings/reset/tegra124-car.h,12,"""THE REST"""
include/dt-bindings/reset/tegra186-reset.h,205,"""THE REST"""
include/dt-bindings/reset/ti-syscon.h,38,"""THE REST"""
include/dt-bindings/soc/imx8_pd.h,188,"""THE REST"""
include/dt-bindings/soc/imx_rsrc.h,557,"""THE REST"""
include/dt-bindings/sound/tlv320aic31xx-micbias.h,8,"""THE REST"""
include/dt-bindings/thermal/tegra124-soctherm.h,14,"""THE REST"""
include/dt-bindings/thermal/thermal.h,17,"""THE REST"""
include/dt-bindings/video/rk3288.h,11,"""THE REST"""
include/dt-structs.h,28,"""THE REST"""
include/dt_table.h,49,"""THE REST"""
include/dw_hdmi.h,485,"""THE REST"""
include/dwc3-omap-uboot.h,31,"""THE REST"""
include/dwc3-sti-glue.h,40,"""THE REST"""
include/dwc3-uboot.h,60,"""THE REST"""
include/dwc_ahsata.h,15,"""THE REST"""
include/dwmmc.h,302,"""THE REST"""
include/e500.h,48,"""THE REST"""
include/ec_commands.h,4601,"""THE REST"""
include/edid.h,323,"""THE REST"""
include/eeprom_field.h,38,"""THE REST"""
include/eeprom_layout.h,32,"""THE REST"""
include/efi.h,486,"""EFI PAYLOAD"",""THE REST"""
include/efi_api.h,1022,"""EFI PAYLOAD"",""THE REST"""
include/efi_driver.h,41,"""EFI PAYLOAD"",""THE REST"""
include/efi_loader.h,566,"""EFI PAYLOAD"",""THE REST"""
include/efi_selftest.h,148,"""EFI PAYLOAD"",""THE REST"""
include/elf.h,697,"""THE REST"""
include/env_attr.h,38,"""THE REST"""
include/env_callback.h,102,"""THE REST"""
include/env_default.h,120,"""THE REST"""
include/env_flags.h,177,"""THE REST"""
include/environment.h,326,"""THE REST"""
include/environment/ti/boot.h,153,"""THE REST"""
include/environment/ti/dfu.h,81,"""THE REST"""
include/environment/ti/mmc.h,72,"""THE REST"""
include/environment/ti/spi.h,14,"""THE REST"""
include/errno.h,23,"""THE REST"""
include/ethsw.h,100,"""THE REST"""
include/exports.h,65,"""THE REST"""
include/ext4fs.h,155,"""THE REST"""
include/ext_common.h,219,"""THE REST"""
include/exynos_lcd.h,81,"""THE REST"""
include/faraday/ftahbc020s.h,46,"""THE REST"""
include/faraday/ftpci100.h,83,"""THE REST"""
include/faraday/ftpmu010.h,234,"""THE REST"""
include/faraday/ftsdc010.h,245,"""THE REST"""
include/faraday/ftsdmc020.h,90,"""THE REST"""
include/faraday/ftsdmc021.h,138,"""THE REST"""
include/faraday/ftsmc020.h,73,"""THE REST"""
include/faraday/fttmr010.h,60,"""THE REST"""
include/faraday/ftwdt010_wdt.h,93,"""THE REST"""
include/fastboot-internal.h,36,"""THE REST"""
include/fastboot.h,154,"""THE REST"""
include/fat.h,209,"""THE REST"""
include/fb_mmc.h,37,"""THE REST"""
include/fb_nand.h,40,"""THE REST"""
include/fdt.h,1,"""FLATTENED DEVICE TREE"",""THE REST"""
include/fdt_simplefb.h,13,"""FLATTENED DEVICE TREE"",""THE REST"""
include/fdt_support.h,313,"""FLATTENED DEVICE TREE"",""THE REST"""
include/fdtdec.h,1017,"""FLATTENED DEVICE TREE"",""THE REST"""
include/fis.h,141,"""THE REST"""
include/flash.h,508,"""THE REST"""
include/fm_eth.h,207,"""THE REST"""
include/fpga.h,79,"""FPGA"",""THE REST"""
include/fs.h,208,"""THE REST"""
include/fs_internal.h,16,"""THE REST"""
include/fs_loader.h,79,"""THE REST"""
include/fsl-mc/fsl_dpaa_fd.h,120,"""THE REST"""
include/fsl-mc/fsl_dpbp.h,229,"""THE REST"""
include/fsl-mc/fsl_dpio.h,243,"""THE REST"""
include/fsl-mc/fsl_dpmac.h,476,"""THE REST"""
include/fsl-mc/fsl_dpmng.h,46,"""THE REST"""
include/fsl-mc/fsl_dpni.h,1326,"""THE REST"""
include/fsl-mc/fsl_dprc.h,957,"""THE REST"""
include/fsl-mc/fsl_mc.h,65,"""THE REST"""
include/fsl-mc/fsl_mc_cmd.h,182,"""THE REST"""
include/fsl-mc/fsl_mc_private.h,71,"""THE REST"""
include/fsl-mc/fsl_mc_sys.h,25,"""THE REST"""
include/fsl-mc/fsl_qbman_base.h,86,"""THE REST"""
include/fsl-mc/fsl_qbman_portal.h,174,"""THE REST"""
include/fsl-mc/ldpaa_wriop.h,73,"""THE REST"""
include/fsl_csu.h,35,"""THE REST"""
include/fsl_dcu_fb.h,16,"""THE REST"""
include/fsl_ddr.h,141,"""THE REST"""
include/fsl_ddr_dimm_params.h,120,"""THE REST"""
include/fsl_ddr_sdram.h,490,"""THE REST"""
include/fsl_ddrc_version.h,17,"""THE REST"""
include/fsl_devdis.h,17,"""THE REST"""
include/fsl_diu_fb.h,14,"""THE REST"""
include/fsl_dspi.h,149,"""THE REST"""
include/fsl_dtsec.h,230,"""THE REST"""
include/fsl_errata.h,91,"""THE REST"""
include/fsl_esdhc.h,271,"""THE REST"""
include/fsl_fman.h,463,"""THE REST"""
include/fsl_ifc.h,1058,"""THE REST"""
include/fsl_immap.h,186,"""THE REST"""
include/fsl_lpuart.h,71,"""THE REST"""
include/fsl_mdio.h,63,"""THE REST"""
include/fsl_memac.h,264,"""THE REST"""
include/fsl_mmdc.h,171,"""THE REST"""
include/fsl_pmic.h,160,"""THE REST"""
include/fsl_qbman.h,74,"""THE REST"""
include/fsl_qe.h,298,"""THE REST"""
include/fsl_sec.h,314,"""THE REST"""
include/fsl_sec_mon.h,62,"""THE REST"""
include/fsl_secboot_err.h,130,"""THE REST"""
include/fsl_sfp.h,92,"""THE REST"""
include/fsl_tgec.h,201,"""THE REST"""
include/fsl_usb.h,100,"""THE REST"""
include/fsl_validate.h,283,"""THE REST"""
include/fsl_wdog.h,19,"""THE REST"""
include/fuse.h,27,"""THE REST"""
include/g_dnl.h,47,"""THE REST"""
include/gdsys_fpga.h,294,"""THE REST"""
include/generic-phy.h,276,"""THE REST"""
include/gt64120.h,538,"""THE REST"""
include/handoff.h,36,"""THE REST"""
include/hash.h,156,"""THE REST"""
include/hexdump.h,91,"""THE REST"""
include/hw_sha.h,75,"""THE REST"""
include/hwconfig.h,99,"""THE REST"""
include/hwspinlock.h,140,"""THE REST"""
include/i2c.h,950,"""THE REST"""
include/i2c_eeprom.h,46,"""THE REST"""
include/i2s.h,135,"""THE REST"""
include/i8042.h,75,"""THE REST"""
include/ide.h,71,"""THE REST"""
include/image-android-dt.h,20,"""THE REST"""
include/image-sparse.h,41,"""THE REST"""
include/image.h,1398,"""THE REST"""
include/imx8image.h,273,"""THE REST"""
include/imx_lpi2c.h,522,"""THE REST"""
include/imx_sip.h,13,"""THE REST"""
include/imx_thermal.h,22,"""THE REST"""
include/imximage.h,204,"""THE REST"""
include/init.h,187,"""THE REST"""
include/initcall.h,13,"""THE REST"""
include/input.h,202,"""THE REST"""
include/inttypes.h,271,"""THE REST"""
include/iomux.h,31,"""THE REST"""
include/ioports.h,62,"""THE REST"""
include/iotrace.h,157,"""THE REST"""
include/ipu_pixfmt.h,67,"""THE REST"""
include/jffs2/compr_rubin.h,11,"""THE REST"""
include/jffs2/jffs2.h,234,"""THE REST"""
include/jffs2/jffs2_1pass.h,3,"""THE REST"""
include/jffs2/load_kernel.h,70,"""THE REST"""
include/jffs2/mini_inflate.h,66,"""THE REST"""
include/key_matrix.h,85,"""THE REST"""
include/keyboard.h,79,"""THE REST"""
include/kgdb.h,70,"""THE REST"""
include/lattice.h,298,"""THE REST"""
include/lcd.h,220,"""THE REST"",""VIDEO"""
include/lcd_console.h,102,"""THE REST"",""VIDEO"""
include/lcdvideo.h,69,"""THE REST"",""VIDEO"""
include/ld9040.h,15,"""THE REST"""
include/led-display.h,18,"""THE REST"""
include/led.h,118,"""THE REST"""
include/libata.h,654,"""THE REST"""
include/libtizen.h,16,"""THE REST"""
include/linker_lists.h,261,"""THE REST"""
include/linux/apm_bios.h,211,"""THE REST"""
include/linux/arm-smccc.h,125,"""THE REST"""
include/linux/bch.h,67,"""THE REST"""
include/linux/bitfield.h,106,"""THE REST"""
include/linux/bitmap.h,23,"""THE REST"""
include/linux/bitops.h,202,"""THE REST"""
include/linux/bitrev.h,105,"""THE REST"""
include/linux/bug.h,52,"""THE REST"""
include/linux/build_bug.h,84,"""THE REST"""
include/linux/byteorder/big_endian.h,110,"""THE REST"""
include/linux/byteorder/generic.h,207,"""THE REST"""
include/linux/byteorder/little_endian.h,110,"""THE REST"""
include/linux/byteorder/swab.h,156,"""THE REST"""
include/linux/compat.h,378,"""THE REST"""
include/linux/compiler-clang.h,12,"""THE REST"""
include/linux/compiler-gcc.h,285,"""THE REST"""
include/linux/compiler-intel.h,45,"""THE REST"""
include/linux/compiler.h,559,"""THE REST"""
include/linux/const.h,34,"""THE REST"""
include/linux/crc32.h,27,"""THE REST"""
include/linux/crc7.h,14,"""THE REST"""
include/linux/crc8.h,23,"""THE REST"""
include/linux/ctype.h,60,"""THE REST"""
include/linux/delay.h,21,"""THE REST"""
include/linux/dma-direction.h,13,"""THE REST"""
include/linux/drm_dp_helper.h,406,"""THE REST"""
include/linux/edd.h,185,"""THE REST"""
include/linux/err.h,59,"""THE REST"""
include/linux/errno.h,168,"""THE REST"""
include/linux/ethtool.h,725,"""THE REST"""
include/linux/fb.h,619,"""THE REST"""
include/linux/if_ether.h,178,"""THE REST"""
include/linux/immap_qe.h,593,"""THE REST"""
include/linux/input.h,152,"""THE REST"""
include/linux/io.h,72,"""THE REST"""
include/linux/ioctl.h,6,"""THE REST"""
include/linux/iopoll.h,67,"""THE REST"""
include/linux/ioport.h,192,"""THE REST"""
include/linux/kbuild.h,20,"""THE REST"""
include/linux/kconfig.h,107,"""THE REST"""
include/linux/kernel.h,257,"""THE REST"""
include/linux/libfdt.h,312,"""FLATTENED DEVICE TREE"",""THE REST"""
include/linux/libfdt_env.h,31,"""FLATTENED DEVICE TREE"",""THE REST"""
include/linux/linkage.h,74,"""THE REST"""
include/linux/linux_string.h,8,"""THE REST"""
include/linux/list.h,685,"""THE REST"""
include/linux/list_sort.h,11,"""THE REST"""
include/linux/log2.h,215,"""THE REST"""
include/linux/lzo.h,51,"""THE REST"""
include/linux/math64.h,257,"""THE REST"""
include/linux/mbus.h,73,"""THE REST"""
include/linux/mc146818rtc.h,86,"""THE REST"""
include/linux/mdio.h,310,"""THE REST"""
include/linux/mii.h,228,"""THE REST"""
include/linux/mtd/bbm.h,161,"""THE REST"""
include/linux/mtd/concat.h,23,"""THE REST"""
include/linux/mtd/doc2000.h,207,"""THE REST"""
include/linux/mtd/flashchip.h,103,"""THE REST"""
include/linux/mtd/fsl_upm.h,44,"""THE REST"""
include/linux/mtd/fsmc_nand.h,84,"""THE REST"""
include/linux/mtd/mtd.h,608,"""THE REST"""
include/linux/mtd/nand.h,734,"""THE REST"""
include/linux/mtd/nand_bch.h,68,"""THE REST"""
include/linux/mtd/nand_ecc.h,27,"""THE REST"""
include/linux/mtd/ndfc.h,67,"""THE REST"""
include/linux/mtd/omap_elm.h,79,"""THE REST"""
include/linux/mtd/omap_gpmc.h,97,"""THE REST"""
include/linux/mtd/onenand.h,180,"""THE REST"""
include/linux/mtd/onenand_regs.h,208,"""THE REST"""
include/linux/mtd/partitions.h,110,"""THE REST"""
include/linux/mtd/rawnand.h,1283,"""THE REST"""
include/linux/mtd/samsung_onenand.h,116,"""THE REST"""
include/linux/mtd/spinand.h,433,"""THE REST"""
include/linux/mtd/st_smi.h,100,"""THE REST"""
include/linux/mtd/ubi.h,289,"""THE REST"""
include/linux/netdevice.h,61,"""THE REST"""
include/linux/poison.h,11,"""THE REST"""
include/linux/posix_types.h,48,"""THE REST"""
include/linux/printk.h,79,"""THE REST"""
include/linux/psci.h,101,"""THE REST"""
include/linux/rbtree.h,97,"""THE REST"""
include/linux/rbtree_augmented.h,219,"""THE REST"""
include/linux/screen_info.h,84,"""THE REST"""
include/linux/serial_reg.h,387,"""THE REST"""
include/linux/sizes.h,51,"""THE REST"""
include/linux/soc/ti/k3-sec-proxy.h,25,"""THE REST"""
include/linux/soc/ti/ti_sci_protocol.h,314,"""THE REST"""
include/linux/stat.h,158,"""THE REST"""
include/linux/stddef.h,20,"""THE REST"""
include/linux/string.h,130,"""THE REST"""
include/linux/stringify.h,12,"""THE REST"""
include/linux/time.h,153,"""THE REST"""
include/linux/typecheck.h,24,"""THE REST"""
include/linux/types.h,164,"""THE REST"""
include/linux/unaligned/access_ok.h,66,"""THE REST"""
include/linux/unaligned/be_byteshift.h,70,"""THE REST"""
include/linux/unaligned/generic.h,68,"""THE REST"""
include/linux/unaligned/le_byteshift.h,70,"""THE REST"""
include/linux/usb/at91_udc.h,19,"""THE REST"""
include/linux/usb/atmel_usba_udc.h,25,"""THE REST"""
include/linux/usb/cdc.h,224,"""THE REST"""
include/linux/usb/ch9.h,1063,"""THE REST"""
include/linux/usb/composite.h,346,"""THE REST"""
include/linux/usb/dwc3-omap.h,18,"""THE REST"""
include/linux/usb/dwc3.h,223,"""THE REST"""
include/linux/usb/gadget.h,947,"""THE REST"""
include/linux/usb/musb.h,156,"""THE REST"""
include/linux/usb/otg.h,37,"""THE REST"""
include/linux/usb/xhci-fsl.h,73,"""THE REST"""
include/linux/usb/xhci-omap.h,145,"""THE REST"""
include/linux_logo.h,1445,"""THE REST"""
include/lmb.h,57,"""THE REST"""
include/log.h,405,"""THE REST"""
include/lxt971a.h,131,"""THE REST"""
include/lynxkdi.h,24,"""THE REST"""
include/lzma/LzmaDec.h,15,"""THE REST"""
include/lzma/LzmaTools.h,14,"""THE REST"""
include/lzma/LzmaTypes.h,19,"""THE REST"""
include/mailbox-uclass.h,82,"""THE REST"""
include/mailbox.h,147,"""THE REST"""
include/malloc.h,965,"""THE REST"""
include/mapmem.h,31,"""THE REST"""
include/mb862xx.h,101,"""THE REST"""
include/mc13783.h,63,"""THE REST"""
include/mc13892.h,206,"""THE REST"""
include/mc34704.h,45,"""THE REST"""
include/mc9sdz60.h,66,"""THE REST"""
include/memalign.h,115,"""THE REST"""
include/membuff.h,245,"""THE REST"""
include/menu.h,25,"""THE REST"""
include/micrel.h,39,"""THE REST"""
include/mii_phy.h,8,"""THE REST"""
include/miiphy.h,121,"""THE REST"""
include/mipi_display.h,130,"""THE REST"""
include/misc.h,144,"""THE REST"""
include/mk48t59.h,47,"""THE REST"""
include/mmc.h,846,"""THE REST"""
include/mpc106.h,140,"""THE REST"""
include/mpc83xx.h,1590,"""THE REST"""
include/mpc85xx.h,67,"""THE REST"""
include/mpc86xx.h,90,"""THE REST"""
include/mpc8xx.h,603,"""THE REST"""
include/mpc8xx_irq.h,59,"""THE REST"""
include/msc01.h,134,"""THE REST"""
include/mtd.h,14,"""THE REST"""
include/mtd/cfi_flash.h,183,"""THE REST"""
include/mtd/mtd-abi.h,274,"""THE REST"""
include/mtd/ubi-user.h,432,"""THE REST"""
include/mtd_node.h,11,"""THE REST"""
include/mv88e6352.h,75,"""THE REST"""
include/mvebu/comphy.h,22,"""THE REST"""
include/mvebu_mmc.h,278,"""THE REST"""
include/mvmfp.h,99,"""THE REST"""
include/nand.h,155,"""THE REST"""
include/net.h,888,"""THE REST"""
include/net/fastboot.h,21,"""THE REST"""
include/net/pfe_eth/pfe/cbus.h,76,"""THE REST"""
include/net/pfe_eth/pfe/cbus/bmu.h,39,"""THE REST"""
include/net/pfe_eth/pfe/cbus/class_csr.h,179,"""THE REST"""
include/net/pfe_eth/pfe/cbus/emac.h,139,"""THE REST"""
include/net/pfe_eth/pfe/cbus/gpi.h,61,"""THE REST"""
include/net/pfe_eth/pfe/cbus/hif.h,67,"""THE REST"""
include/net/pfe_eth/pfe/cbus/hif_nocpy.h,39,"""THE REST"""
include/net/pfe_eth/pfe/cbus/tmu_csr.h,147,"""THE REST"""
include/net/pfe_eth/pfe/cbus/util_csr.h,46,"""THE REST"""
include/net/pfe_eth/pfe/pfe_hw.h,162,"""THE REST"""
include/net/pfe_eth/pfe_driver.h,58,"""THE REST"""
include/net/pfe_eth/pfe_eth.h,103,"""THE REST"""
include/net/pfe_eth/pfe_firmware.h,16,"""THE REST"""
include/net/pfe_eth/pfe_mdio.h,12,"""THE REST"""
include/net/tftp.h,30,"""THE REST"""
include/netdev.h,129,"""THE REST"""
include/ns16550.h,250,"""THE REST"""
include/ns87308.h,233,"""THE REST"""
include/nuvoton_nct6102d.h,33,"""THE REST"""
include/nvme.h,81,"""THE REST"""
include/of_live.h,23,"""THE REST"""
include/onenand_uboot.h,55,"""THE REST"""
include/os.h,367,"""THE REST"""
include/palmas.h,147,"""THE REST"""
include/panel.h,68,"""THE REST"""
include/part.h,448,"""THE REST"""
include/part_efi.h,122,"""THE REST"""
include/pca953x.h,26,"""THE REST"""
include/pca9564.h,35,"""THE REST"""
include/pca9698.h,17,"""THE REST"""
include/pch.h,93,"""THE REST"""
include/pci.h,1638,"""THE REST"""
include/pci_gt64120.h,16,"""THE REST"""
include/pci_ids.h,3131,"""THE REST"""
include/pci_msc01.h,16,"""THE REST"""
include/pci_rom.h,67,"""THE REST"""
include/pci_tegra.h,10,"""THE REST"""
include/pcmcia.h,137,"""THE REST"""
include/pcmcia/yenta.h,156,"""THE REST"""
include/pe.h,271,"""EFI PAYLOAD"",""THE REST"""
include/phy-sun4i-usb.h,34,"""THE REST"""
include/phy.h,283,"""THE REST"""
include/phy_interface.h,73,"""THE REST"""
include/phys2bus.h,24,"""THE REST"""
include/physmem.h,21,"""THE REST"""
include/post.h,166,"""THE REST"""
include/power-domain-uclass.h,81,"""THE REST"""
include/power-domain.h,169,"""THE REST"""
include/power/act8846_pmic.h,36,"""THE REST"""
include/power/as3722.h,30,"""THE REST"""
include/power/battery.h,21,"""THE REST"""
include/power/fg_battery_cell_params.h,73,"""THE REST"""
include/power/hi6553_pmic.h,78,"""THE REST"""
include/power/lp873x.h,19,"""THE REST"""
include/power/lp87565.h,12,"""THE REST"""
include/power/ltc3676_pmic.h,50,"""THE REST"""
include/power/max17042_fg.h,57,"""THE REST"""
include/power/max77686_pmic.h,227,"""THE REST"""
include/power/max77693_fg.h,48,"""THE REST"""
include/power/max77693_muic.h,73,"""THE REST"""
include/power/max77693_pmic.h,40,"""THE REST"""
include/power/max77696_pmic.h,59,"""THE REST"""
include/power/max8997_muic.h,44,"""THE REST"""
include/power/max8997_pmic.h,196,"""THE REST"""
include/power/max8998_pmic.h,71,"""THE REST"""
include/power/mc34vr500_pmic.h,174,"""THE REST"""
include/power/palmas.h,26,"""THE REST"""
include/power/pfuze100_pmic.h,258,"""THE REST"""
include/power/pfuze3000_pmic.h,82,"""THE REST"""
include/power/pmic.h,330,"""THE REST"""
include/power/power_chrg.h,26,"""THE REST"""
include/power/regulator.h,452,"""THE REST"""
include/power/rk8xx_pmic.h,194,"""THE REST"""
include/power/rn5t567_pmic.h,112,"""THE REST"""
include/power/s2mps11.h,164,"""THE REST"""
include/power/s5m8767.h,84,"""THE REST"""
include/power/sandbox_pmic.h,144,"""THE REST"""
include/power/stpmu1.h,85,"""THE REST"""
include/power/tps62362.h,28,"""THE REST"""
include/power/tps65090.h,55,"""THE REST"""
include/power/tps65217.h,89,"""THE REST"""
include/power/tps65218.h,82,"""THE REST"""
include/power/tps65910.h,78,"""THE REST"""
include/power/tps65910_pmic.h,129,"""THE REST"""
include/ppc_asm.tmpl,286,"""THE REST"""
include/ppc_defs.h,74,"""THE REST"""
include/pwm.h,89,"""THE REST"""
include/pwrseq.h,17,"""THE REST"""
include/pxa_lcd.h,80,"""THE REST"""
include/qfw.h,175,"""THE REST"""
include/radeon.h,1988,"""THE REST"""
include/ram.h,37,"""THE REST"""
include/rc4.h,20,"""THE REST"""
include/regmap.h,338,"""THE REST"""
include/reiserfs.h,69,"""THE REST"""
include/relocate.h,38,"""THE REST"""
include/remoteproc.h,171,"""THE REST"""
include/reset-uclass.h,89,"""THE REST"""
include/reset.h,309,"""THE REST"""
include/rtc.h,261,"""THE REST"""
include/rtc_def.h,35,"""THE REST"""
include/s_record.h,97,"""THE REST"""
include/samsung-usb-phy-uboot.h,15,"""THE REST"""
include/samsung/exynos5-dt-types.h,31,"""THE REST"""
include/samsung/misc.h,40,"""THE REST"""
include/sandbox-adc.h,30,"""THE REST"""
include/sandboxblockdev.h,19,"""THE REST"""
include/sandboxfs.h,37,"""THE REST"""
include/sandboxtee.h,21,"""THE REST"""
include/sata.h,24,"""THE REST"""
include/scf0403_lcd.h,10,"""THE REST"""
include/scsi.h,244,"""THE REST"""
include/sdhci.h,433,"""THE REST"""
include/sdp.h,15,"""THE REST"""
include/search.h,123,"""THE REST"""
include/serial.h,293,"""THE REST"""
include/sh_pfc.h,195,"""THE REST"""
include/sja1000.h,43,"""THE REST"""
include/slre.h,100,"""THE REST"""
include/smbios.h,240,"""THE REST"""
include/smem.h,91,"""THE REST"""
include/smsc_lpc47m.h,40,"""THE REST"""
include/smsc_sio1007.h,114,"""THE REST"""
include/sound.h,97,"""THE REST"""
include/sparse_defs.h,6,"""THE REST"""
include/sparse_format.h,48,"""THE REST"""
include/spartan2.h,111,"""THE REST"""
include/spartan3.h,134,"""THE REST"""
include/spd.h,93,"""THE REST"""
include/spd_sdram.h,6,"""THE REST"""
include/spi-mem.h,258,"""SPI"",""THE REST"""
include/spi.h,637,"""SPI"",""THE REST"""
include/spi_flash.h,256,"""SPI"",""THE REST"""
include/spl.h,369,"""THE REST"""
include/splash.h,80,"""THE REST"""
include/spmi/spmi.h,46,"""SPMI"",""THE REST"""
include/st_logo_data.h,3266,"""THE REST"""
include/status_led.h,102,"""THE REST"""
include/stdio.h,59,"""THE REST"""
include/stdio_dev.h,116,"""THE REST"""
include/stdlib.h,11,"""THE REST"""
include/stm32_rcc.h,97,"""THE REST"""
include/stratixII.h,13,"""THE REST"""
include/string.h,1,"""THE REST"""
include/sy8106a.h,10,"""THE REST"""
include/sym53c8xx.h,552,"""THE REST"""
include/synopsys/dwcddr21mctl.h,324,"""THE REST"""
include/syscon.h,105,"""THE REST"""
include/sysreset.h,119,"""THE REST"""
include/tables_csum.h,21,"""THE REST"""
include/tca642x.h,69,"""THE REST"""
include/tee.h,375,"""TEE"",""THE REST"""
include/tee/optee.h,70,"""TEE"",""THE REST"""
include/tee/optee_ta_avb.h,48,"""TEE"",""THE REST"""
include/tegra-kbc.h,33,"""THE REST"""
include/test/compression.h,16,"""THE REST"""
include/test/env.h,15,"""THE REST"""
include/test/overlay.h,15,"""THE REST"""
include/test/suites.h,34,"""THE REST"""
include/test/test.h,50,"""THE REST"""
include/test/ut.h,151,"""THE REST"""
include/thermal.h,33,"""THE REST"""
include/thor.h,18,"""THE REST"""
include/ti-usb-phy-uboot.h,21,"""THE REST"""
include/time.h,55,"""THE REST"""
include/timer.h,90,"""THE REST"""
include/timestamp.h,13,"""THE REST"""
include/tmu.h,46,"""THE REST"""
include/tpm-common.h,296,"""THE REST"""
include/tpm-v1.h,591,"""THE REST"""
include/tpm-v2.h,311,"""THE REST"""
include/tps6586x.h,51,"""THE REST"""
include/trace.h,104,"""THE REST"""
include/tsec.h,431,"""THE REST"""
include/tsi148.h,201,"""THE REST"""
include/twl4030.h,702,"""THE REST"""
include/twl6030.h,225,"""THE REST"""
include/u-boot/crc.h,48,"""THE REST"""
include/u-boot/md5.h,34,"""THE REST"""
include/u-boot/rsa-checksum.h,28,"""THE REST"""
include/u-boot/rsa-mod-exp.h,78,"""THE REST"""
include/u-boot/rsa.h,147,"""THE REST"""
include/u-boot/sha1.h,108,"""THE REST"""
include/u-boot/sha256.h,25,"""THE REST"""
include/u-boot/u-boot.lds.h,25,"""THE REST"""
include/u-boot/variadic-macro.h,58,"""THE REST"""
include/u-boot/zlib.h,731,"""THE REST"""
include/ubi_uboot.h,81,"""THE REST"""
include/ubifs_uboot.h,31,"""THE REST"""
include/ubispl.h,89,"""THE REST"""
include/uboot_aes.h,97,"""THE REST"""
include/universe.h,131,"""THE REST"""
include/usb.h,1076,"""THE REST"""
include/usb/ci_udc.h,13,"""THE REST"""
include/usb/designware_udc.h,183,"""THE REST"""
include/usb/dwc2_udc.h,29,"""THE REST"""
include/usb/ehci-ci.h,285,"""THE REST"""
include/usb/fotg210.h,362,"""THE REST"""
include/usb/fusbh200.h,59,"""THE REST"""
include/usb/pxa27x_udc.h,31,"""THE REST"""
include/usb/udc.h,51,"""THE REST"""
include/usb/ulpi.h,318,"""THE REST"""
include/usb_cdc_acm.h,29,"""THE REST"""
include/usb_defs.h,365,"""THE REST"""
include/usb_ether.h,131,"""THE REST"""
include/usb_mass_storage.h,32,"""THE REST"""
include/usbdescriptors.h,534,"""THE REST"""
include/usbdevice.h,777,"""THE REST"""
include/usbroothubdes.h,128,"""THE REST"""
include/uuid.h,44,"""THE REST"""
include/vbe.h,113,"""THE REST"""
include/version.h,22,"""THE REST"""
include/video.h,277,"""THE REST"",""VIDEO"""
include/video_bridge.h,111,"""THE REST"",""VIDEO"""
include/video_console.h,245,"""THE REST"",""VIDEO"""
include/video_easylogo.h,26,"""THE REST"",""VIDEO"""
include/video_fb.h,91,"""THE REST"",""VIDEO"""
include/video_font.h,16,"""THE REST"",""VIDEO"""
include/video_font_4x6.h,2153,"""THE REST"",""VIDEO"""
include/video_font_data.h,4629,"""THE REST"",""VIDEO"""
include/video_logo.h,1951,"""THE REST"",""VIDEO"""
include/video_osd.h,192,"""THE REST"",""VIDEO"""
include/virtex2.h,112,"""THE REST"""
include/virtio.h,707,"""THE REST"""
include/virtio_ring.h,320,"""THE REST"""
include/virtio_types.h,24,"""THE REST"""
include/vsc7385.h,12,"""THE REST"""
include/vsc9953.h,722,"""THE REST"""
include/vsprintf.h,215,"""THE REST"""
include/vxworks.h,88,"""THE REST"""
include/w1-eeprom.h,33,"""THE REST"""
include/w1.h,38,"""THE REST"""
include/w83c553f.h,161,"""THE REST"""
include/wait_bit.h,83,"""THE REST"""
include/watchdog.h,81,"""THE REST"""
include/wdt.h,106,"""THE REST"""
include/winbond_w83627.h,34,"""THE REST"""
include/xilinx.h,85,"""MICROBLAZE"",""THE REST"""
include/xyzModem.h,69,"""THE REST"""
include/zfs/dmu.h,107,"""THE REST"""
include/zfs/dmu_objset.h,30,"""THE REST"""
include/zfs/dnode.h,68,"""THE REST"""
include/zfs/dsl_dataset.h,40,"""THE REST"""
include/zfs/dsl_dir.h,36,"""THE REST"""
include/zfs/sa_impl.h,22,"""THE REST"""
include/zfs/spa.h,279,"""THE REST"""
include/zfs/uberblock_impl.h,44,"""THE REST"""
include/zfs/vdev_impl.h,57,"""THE REST"""
include/zfs/zap_impl.h,98,"""THE REST"""
include/zfs/zap_leaf.h,90,"""THE REST"""
include/zfs/zfs.h,109,"""THE REST"""
include/zfs/zfs_acl.h,42,"""THE REST"""
include/zfs/zfs_znode.h,58,"""THE REST"""
include/zfs/zil.h,44,"""THE REST"""
include/zfs/zio.h,79,"""THE REST"""
include/zfs/zio_checksum.h,37,"""THE REST"""
include/zfs_common.h,104,"""THE REST"""
include/zynq_bootimg.h,33,"""ARM ZYNQ"",""THE REST"""
include/zynqmp_tap_delay.h,19,"""ARM ZYNQ"",""ARM ZYNQMP"",""THE REST"""
include/zynqmppl.h,33,"""ARM ZYNQ"",""ARM ZYNQMP"",""THE REST"""
include/zynqpl.h,68,"""ARM ZYNQ"",""THE REST"""
lib/Kconfig,426,"""THE REST"""
lib/Makefile,119,"""THE REST"""
lib/addr_map.c,71,"""THE REST"""
lib/aes.c,657,"""THE REST"""
lib/asm-offsets.c,43,"""THE REST"""
lib/at91/Makefile,6,"""THE REST"""
lib/at91/at91.c,29,"""THE REST"""
lib/at91/atmel_logo_8bpp.h,1309,"""THE REST"""
lib/at91/microchip_logo_8bpp.h,1081,"""THE REST"""
lib/bch.c,1400,"""THE REST"""
lib/bitrev.c,48,"""THE REST"""
lib/bzip2/Makefile,5,"""THE REST"""
lib/bzip2/bzlib.c,1601,"""THE REST"""
lib/bzip2/bzlib_blocksort.c,1134,"""THE REST"""
lib/bzip2/bzlib_compress.c,713,"""THE REST"""
lib/bzip2/bzlib_crctable.c,145,"""THE REST"""
lib/bzip2/bzlib_decompress.c,674,"""THE REST"""
lib/bzip2/bzlib_huffman.c,229,"""THE REST"""
lib/bzip2/bzlib_private.h,530,"""THE REST"""
lib/bzip2/bzlib_randtable.c,125,"""THE REST"""
lib/charset.c,403,"""EFI PAYLOAD"",""THE REST"""
lib/circbuf.c,100,"""THE REST"""
lib/crc16.c,84,"""THE REST"""
lib/crc32.c,265,"""THE REST"""
lib/crc32c.c,38,"""THE REST"""
lib/crc7.c,62,"""THE REST"""
lib/crc8.c,31,"""THE REST"""
lib/ctype.c,39,"""THE REST"""
lib/dhry/Kconfig,7,"""THE REST"""
lib/dhry/Makefile,5,"""THE REST"""
lib/dhry/cmd_dhry.c,35,"""THE REST"""
lib/dhry/dhry.h,441,"""THE REST"""
lib/dhry/dhry_1.c,420,"""THE REST"""
lib/dhry/dhry_2.c,216,"""THE REST"""
lib/display_options.c,209,"""THE REST"""
lib/div64.c,185,"""THE REST"""
lib/efi/Kconfig,54,"""EFI PAYLOAD"",""THE REST"""
lib/efi/Makefile,17,"""EFI PAYLOAD"",""THE REST"""
lib/efi/efi.c,98,"""EFI PAYLOAD"",""THE REST"""
lib/efi/efi_app.c,164,"""EFI PAYLOAD"",""THE REST"""
lib/efi/efi_info.c,46,"""EFI PAYLOAD"",""THE REST"""
lib/efi/efi_stub.c,390,"""EFI PAYLOAD"",""THE REST"""
lib/efi_driver/Makefile,11,"""EFI PAYLOAD"",""THE REST"""
lib/efi_driver/efi_block_device.c,209,"""EFI PAYLOAD"",""THE REST"""
lib/efi_driver/efi_uclass.c,351,"""EFI PAYLOAD"",""THE REST"""
lib/efi_loader/.gitignore,2,"""EFI PAYLOAD"",""THE REST"""
lib/efi_loader/Kconfig,35,"""EFI PAYLOAD"",""THE REST"""
lib/efi_loader/Makefile,39,"""EFI PAYLOAD"",""THE REST"""
lib/efi_loader/efi_acpi.c,42,"""EFI PAYLOAD"",""THE REST"""
lib/efi_loader/efi_bootmgr.c,204,"""EFI PAYLOAD"",""THE REST"""
lib/efi_loader/efi_boottime.c,3170,"""EFI PAYLOAD"",""THE REST"""
lib/efi_loader/efi_console.c,1109,"""EFI PAYLOAD"",""THE REST"""
lib/efi_loader/efi_device_path.c,994,"""EFI PAYLOAD"",""THE REST"""
lib/efi_loader/efi_device_path_to_text.c,346,"""EFI PAYLOAD"",""THE REST"""
lib/efi_loader/efi_device_path_utilities.c,199,"""EFI PAYLOAD"",""THE REST"""
lib/efi_loader/efi_disk.c,442,"""EFI PAYLOAD"",""THE REST"""
lib/efi_loader/efi_file.c,710,"""EFI PAYLOAD"",""THE REST"""
lib/efi_loader/efi_gop.c,491,"""EFI PAYLOAD"",""THE REST"""
lib/efi_loader/efi_image_loader.c,324,"""EFI PAYLOAD"",""THE REST"""
lib/efi_loader/efi_memory.c,656,"""EFI PAYLOAD"",""THE REST"""
lib/efi_loader/efi_net.c,693,"""EFI PAYLOAD"",""THE REST"""
lib/efi_loader/efi_root_node.c,79,"""EFI PAYLOAD"",""THE REST"""
lib/efi_loader/efi_runtime.c,684,"""EFI PAYLOAD"",""THE REST"""
lib/efi_loader/efi_smbios.c,55,"""EFI PAYLOAD"",""THE REST"""
lib/efi_loader/efi_unicode_collation.c,329,"""EFI PAYLOAD"",""THE REST"""
lib/efi_loader/efi_variable.c,336,"""EFI PAYLOAD"",""THE REST"""
lib/efi_loader/efi_watchdog.c,88,"""EFI PAYLOAD"",""THE REST"""
lib/efi_loader/helloworld.c,118,"""EFI PAYLOAD"",""THE REST"""
lib/efi_selftest/.gitignore,4,"""EFI PAYLOAD"",""THE REST"""
lib/efi_selftest/Kconfig,9,"""EFI PAYLOAD"",""THE REST"""
lib/efi_selftest/Makefile,74,"""EFI PAYLOAD"",""THE REST"""
lib/efi_selftest/efi_selftest.c,318,"""EFI PAYLOAD"",""THE REST"""
lib/efi_selftest/efi_selftest_bitblt.c,310,"""EFI PAYLOAD"",""THE REST"""
lib/efi_selftest/efi_selftest_block_device.c,512,"""EFI PAYLOAD"",""THE REST"""
lib/efi_selftest/efi_selftest_config_table.c,266,"""EFI PAYLOAD"",""THE REST"""
lib/efi_selftest/efi_selftest_console.c,255,"""EFI PAYLOAD"",""THE REST"""
lib/efi_selftest/efi_selftest_controllers.c,415,"""EFI PAYLOAD"",""THE REST"""
lib/efi_selftest/efi_selftest_crc32.c,141,"""EFI PAYLOAD"",""THE REST"""
lib/efi_selftest/efi_selftest_devicepath.c,402,"""EFI PAYLOAD"",""THE REST"""
lib/efi_selftest/efi_selftest_devicepath_util.c,285,"""EFI PAYLOAD"",""THE REST"""
lib/efi_selftest/efi_selftest_disk_image.h,54,"""EFI PAYLOAD"",""THE REST"""
lib/efi_selftest/efi_selftest_event_groups.c,139,"""EFI PAYLOAD"",""THE REST"""
lib/efi_selftest/efi_selftest_events.c,204,"""EFI PAYLOAD"",""THE REST"""
lib/efi_selftest/efi_selftest_exception.c,50,"""EFI PAYLOAD"",""THE REST"""
lib/efi_selftest/efi_selftest_exitbootservices.c,111,"""EFI PAYLOAD"",""THE REST"""
lib/efi_selftest/efi_selftest_fdt.c,187,"""EFI PAYLOAD"",""THE REST"""
lib/efi_selftest/efi_selftest_gop.c,94,"""EFI PAYLOAD"",""THE REST"""
lib/efi_selftest/efi_selftest_loaded_image.c,108,"""EFI PAYLOAD"",""THE REST"""
lib/efi_selftest/efi_selftest_manageprotocols.c,382,"""EFI PAYLOAD"",""THE REST"""
lib/efi_selftest/efi_selftest_memory.c,187,"""EFI PAYLOAD"",""THE REST"""
lib/efi_selftest/efi_selftest_miniapp_exit.c,36,"""EFI PAYLOAD"",""THE REST"""
lib/efi_selftest/efi_selftest_miniapp_return.c,31,"""EFI PAYLOAD"",""THE REST"""
lib/efi_selftest/efi_selftest_rtc.c,67,"""EFI PAYLOAD"",""THE REST"""
lib/efi_selftest/efi_selftest_snp.c,430,"""EFI PAYLOAD"",""THE REST"""
lib/efi_selftest/efi_selftest_startimage_exit.c,148,"""EFI PAYLOAD"",""THE REST"""
lib/efi_selftest/efi_selftest_startimage_return.c,148,"""EFI PAYLOAD"",""THE REST"""
lib/efi_selftest/efi_selftest_textinput.c,97,"""EFI PAYLOAD"",""THE REST"""
lib/efi_selftest/efi_selftest_textinputex.c,198,"""EFI PAYLOAD"",""THE REST"""
lib/efi_selftest/efi_selftest_textoutput.c,130,"""EFI PAYLOAD"",""THE REST"""
lib/efi_selftest/efi_selftest_tpl.c,226,"""EFI PAYLOAD"",""THE REST"""
lib/efi_selftest/efi_selftest_unaligned.c,66,"""EFI PAYLOAD"",""THE REST"""
lib/efi_selftest/efi_selftest_unicode_collation.c,260,"""EFI PAYLOAD"",""THE REST"""
lib/efi_selftest/efi_selftest_util.c,126,"""EFI PAYLOAD"",""THE REST"""
lib/efi_selftest/efi_selftest_variables.c,194,"""EFI PAYLOAD"",""THE REST"""
lib/efi_selftest/efi_selftest_watchdog.c,230,"""EFI PAYLOAD"",""THE REST"""
lib/errno.c,1,"""THE REST"""
lib/errno_str.c,147,"""THE REST"""
lib/fdtdec.c,1434,"""FLATTENED DEVICE TREE"",""THE REST"""
lib/fdtdec_common.c,55,"""FLATTENED DEVICE TREE"",""THE REST"""
lib/fdtdec_test.c,210,"""FLATTENED DEVICE TREE"",""THE REST"""
lib/gunzip.c,307,"""THE REST"""
lib/gzip.c,126,"""THE REST"""
lib/hang.c,31,"""THE REST"""
lib/hashtable.c,987,"""THE REST"""
lib/hexdump.c,245,"""THE REST"""
lib/image-sparse.c,261,"""THE REST"""
lib/initcall.c,39,"""THE REST"""
lib/ldiv.c,42,"""THE REST"""
lib/libavb/Makefile,13,"""THE REST"""
lib/libavb/avb_chain_partition_descriptor.c,45,"""THE REST"""
lib/libavb/avb_chain_partition_descriptor.h,53,"""THE REST"""
lib/libavb/avb_cmdline.c,424,"""THE REST"""
lib/libavb/avb_cmdline.h,71,"""THE REST"""
lib/libavb/avb_crypto.c,353,"""THE REST"""
lib/libavb/avb_crypto.h,155,"""THE REST"""
lib/libavb/avb_descriptor.c,141,"""THE REST"""
lib/libavb/avb_descriptor.h,112,"""THE REST"""
lib/libavb/avb_footer.c,35,"""THE REST"""
lib/libavb/avb_footer.h,67,"""THE REST"""
lib/libavb/avb_hash_descriptor.c,43,"""THE REST"""
lib/libavb/avb_hash_descriptor.h,69,"""THE REST"""
lib/libavb/avb_hashtree_descriptor.c,51,"""THE REST"""
lib/libavb/avb_hashtree_descriptor.h,79,"""THE REST"""
lib/libavb/avb_kernel_cmdline_descriptor.c,39,"""THE REST"""
lib/libavb/avb_kernel_cmdline_descriptor.h,62,"""THE REST"""
lib/libavb/avb_ops.h,292,"""THE REST"""
lib/libavb/avb_property_descriptor.c,166,"""THE REST"""
lib/libavb/avb_property_descriptor.h,88,"""THE REST"""
lib/libavb/avb_rsa.c,275,"""THE REST"""
lib/libavb/avb_rsa.h,54,"""THE REST"""
lib/libavb/avb_sha.h,71,"""THE REST"""
lib/libavb/avb_sha256.c,363,"""THE REST"""
lib/libavb/avb_sha512.c,361,"""THE REST"""
lib/libavb/avb_slot_verify.c,1366,"""THE REST"""
lib/libavb/avb_slot_verify.h,340,"""THE REST"""
lib/libavb/avb_sysdeps.h,100,"""THE REST"""
lib/libavb/avb_sysdeps_posix.c,62,"""THE REST"""
lib/libavb/avb_util.c,411,"""THE REST"""
lib/libavb/avb_util.h,268,"""THE REST"""
lib/libavb/avb_vbmeta_image.c,289,"""THE REST"""
lib/libavb/avb_vbmeta_image.h,275,"""THE REST"""
lib/libavb/avb_version.c,15,"""THE REST"""
lib/libavb/avb_version.h,40,"""THE REST"""
lib/libavb/libavb.h,31,"""THE REST"""
lib/libfdt/Makefile,25,"""FLATTENED DEVICE TREE"",""THE REST"""
lib/libfdt/README,25,"""FLATTENED DEVICE TREE"",""THE REST"""
lib/libfdt/fdt.c,2,"""FLATTENED DEVICE TREE"",""THE REST"""
lib/libfdt/fdt_addresses.c,2,"""FLATTENED DEVICE TREE"",""THE REST"""
lib/libfdt/fdt_empty_tree.c,2,"""FLATTENED DEVICE TREE"",""THE REST"""
lib/libfdt/fdt_overlay.c,2,"""FLATTENED DEVICE TREE"",""THE REST"""
lib/libfdt/fdt_region.c,656,"""FLATTENED DEVICE TREE"",""THE REST"""
lib/libfdt/fdt_ro.c,682,"""FLATTENED DEVICE TREE"",""THE REST"""
lib/libfdt/fdt_rw.c,2,"""FLATTENED DEVICE TREE"",""THE REST"""
lib/libfdt/fdt_strerror.c,2,"""FLATTENED DEVICE TREE"",""THE REST"""
lib/libfdt/fdt_sw.c,2,"""FLATTENED DEVICE TREE"",""THE REST"""
lib/libfdt/fdt_wip.c,2,"""FLATTENED DEVICE TREE"",""THE REST"""
lib/libfdt/libfdt_internal.h,1,"""FLATTENED DEVICE TREE"",""THE REST"""
lib/libfdt/test_libfdt.py,14,"""FLATTENED DEVICE TREE"",""THE REST"""
lib/linux_compat.c,42,"""THE REST"""
lib/linux_string.c,51,"""THE REST"""
lib/list_sort.c,297,"""THE REST"""
lib/lmb.c,345,"""THE REST"""
lib/lz4.c,242,"""THE REST"""
lib/lz4_wrapper.c,138,"""THE REST"""
lib/lzma/LzmaDec.c,1025,"""THE REST"""
lib/lzma/LzmaDec.h,223,"""THE REST"""
lib/lzma/LzmaTools.c,123,"""THE REST"""
lib/lzma/LzmaTools.h,18,"""THE REST"""
lib/lzma/Makefile,11,"""THE REST"""
lib/lzma/README.txt,28,"""THE REST"""
lib/lzma/Types.h,234,"""THE REST"""
lib/lzma/history.txt,271,"""THE REST"""
lib/lzma/import_lzmasdk.sh,36,"""THE REST"""
lib/lzma/license.txt,3,"""THE REST"""
lib/lzma/lzma.txt,598,"""THE REST"""
lib/lzo/Makefile,6,"""THE REST"""
lib/lzo/lzo1x_decompress.c,359,"""THE REST"""
lib/lzo/lzodefs.h,43,"""THE REST"""
lib/md5.c,314,"""THE REST"""
lib/membuff.c,389,"""THE REST"""
lib/net_utils.c,43,"""THE REST"""
lib/of_live.c,335,"""THE REST"""
lib/optee/Kconfig,39,"""THE REST"""
lib/optee/Makefile,5,"""THE REST"""
lib/optee/optee.c,65,"""THE REST"""
lib/panic.c,55,"""THE REST"""
lib/physmem.c,24,"""THE REST"""
lib/qsort.c,71,"""THE REST"""
lib/rand.c,31,"""THE REST"""
lib/rbtree.c,550,"""THE REST"""
lib/rc4.c,48,"""THE REST"""
lib/rsa/Kconfig,37,"""THE REST"""
lib/rsa/Makefile,9,"""THE REST"""
lib/rsa/rsa-checksum.c,51,"""THE REST"""
lib/rsa/rsa-mod-exp.c,353,"""THE REST"""
lib/rsa/rsa-sign.c,814,"""THE REST"""
lib/rsa/rsa-verify.c,463,"""THE REST"""
lib/sha1.c,445,"""THE REST"""
lib/sha256.c,291,"""THE REST"""
lib/slre.c,722,"""THE REST"""
lib/smbios.c,337,"""THE REST"""
lib/string.c,706,"""THE REST"""
lib/strmhz.c,21,"""THE REST"""
lib/strto.c,165,"""THE REST"""
lib/tables_csum.c,19,"""THE REST"""
lib/time.c,172,"""THE REST"""
lib/tiny-printf.c,384,"""THE REST"""
lib/tizen/Makefile,6,"""THE REST"""
lib/tizen/tizen.c,34,"""THE REST"""
lib/tizen/tizen_logo_16bpp.h,7934,"""THE REST"""
lib/tizen/tizen_logo_16bpp_gzip.h,647,"""THE REST"""
lib/tpm-common.c,198,"""THE REST"""
lib/tpm-utils.h,84,"""THE REST"""
lib/tpm-v1.c,922,"""THE REST"""
lib/tpm-v2.c,423,"""THE REST"""
lib/trace.c,366,"""THE REST"""
lib/uuid.c,314,"""THE REST"""
lib/vsprintf.c,866,"""THE REST"""
lib/zlib/Makefile,6,"""THE REST"""
lib/zlib/adler32.c,122,"""THE REST"""
lib/zlib/deflate.c,1832,"""THE REST"""
lib/zlib/deflate.h,342,"""THE REST"""
lib/zlib/inffast.c,356,"""THE REST"""
lib/zlib/inffast.h,11,"""THE REST"""
lib/zlib/inffixed.h,94,"""THE REST"""
lib/zlib/inflate.c,943,"""THE REST"""
lib/zlib/inflate.h,115,"""THE REST"""
lib/zlib/inftrees.c,325,"""THE REST"""
lib/zlib/inftrees.h,55,"""THE REST"""
lib/zlib/trees.c,1244,"""THE REST"""
lib/zlib/trees.h,127,"""THE REST"""
lib/zlib/zlib.c,32,"""THE REST"""
lib/zlib/zlib.h,20,"""THE REST"""
lib/zlib/zutil.c,71,"""THE REST"""
lib/zlib/zutil.h,126,"""THE REST"""
net/Kconfig,25,"""NETWORK"",""THE REST"""
net/Makefile,32,"""NETWORK"",""THE REST"""
net/arp.c,241,"""NETWORK"",""THE REST"""
net/arp.h,32,"""NETWORK"",""THE REST"""
net/bootp.c,1114,"""NETWORK"",""THE REST"""
net/bootp.h,93,"""NETWORK"",""THE REST"""
net/cdp.c,363,"""NETWORK"",""THE REST"""
net/cdp.h,22,"""NETWORK"",""THE REST"""
net/checksum.c,59,"""NETWORK"",""THE REST"""
net/dns.c,207,"""NETWORK"",""THE REST"""
net/dns.h,35,"""NETWORK"",""THE REST"""
net/eth-uclass.c,554,"""NETWORK"",""THE REST"""
net/eth_common.c,139,"""NETWORK"",""THE REST"""
net/eth_internal.h,39,"""NETWORK"",""THE REST"""
net/eth_legacy.c,439,"""NETWORK"",""THE REST"""
net/fastboot.c,319,"""NETWORK"",""THE REST"""
net/link_local.c,346,"""NETWORK"",""THE REST"""
net/link_local.h,24,"""NETWORK"",""THE REST"""
net/net.c,1621,"""NETWORK"",""THE REST"""
net/net_rand.h,43,"""NETWORK"",""THE REST"""
net/nfs.c,916,"""NETWORK"",""THE REST"""
net/nfs.h,87,"""NETWORK"",""THE REST"""
net/ping.c,114,"""NETWORK"",""THE REST"""
net/ping.h,32,"""NETWORK"",""THE REST"""
net/rarp.c,98,"""NETWORK"",""THE REST"""
net/rarp.h,28,"""NETWORK"",""THE REST"""
net/sntp.c,104,"""NETWORK"",""THE REST"""
net/sntp.h,57,"""NETWORK"",""THE REST"""
net/tftp.c,972,"""NETWORK"",""THE REST"""
net/wol.c,96,"""NETWORK"",""THE REST"""
net/wol.h,65,"""NETWORK"",""THE REST"""
post/Makefile,11,"""THE REST"""
post/cpu/mpc83xx/Makefile,6,"""THE REST"""
post/cpu/mpc83xx/ecc.c,149,"""THE REST"""
post/drivers/Makefile,6,"""THE REST"""
post/drivers/flash.c,107,"""THE REST"""
post/drivers/i2c.c,96,"""THE REST"""
post/drivers/memory.c,542,"""THE REST"""
post/drivers/rtc.c,192,"""THE REST"""
post/lib_powerpc/Makefile,11,"""THE REST"""
post/lib_powerpc/andi.c,102,"""THE REST"""
post/lib_powerpc/asm.S,341,"""THE REST"""
post/lib_powerpc/b.c,181,"""THE REST"""
post/lib_powerpc/cmp.c,116,"""THE REST"""
post/lib_powerpc/cmpi.c,116,"""THE REST"""
post/lib_powerpc/complex.c,110,"""THE REST"""
post/lib_powerpc/cpu.c,120,"""THE REST"""
post/lib_powerpc/cpu_asm.h,207,"""THE REST"""
post/lib_powerpc/cr.c,336,"""THE REST"""
post/lib_powerpc/fpu/20001122-1.c,43,"""THE REST"""
post/lib_powerpc/fpu/20010114-2.c,48,"""THE REST"""
post/lib_powerpc/fpu/20010226-1.c,36,"""THE REST"""
post/lib_powerpc/fpu/980619-1.c,42,"""THE REST"""
post/lib_powerpc/fpu/Makefile,21,"""THE REST"""
post/lib_powerpc/fpu/acc1.c,39,"""THE REST"""
post/lib_powerpc/fpu/compare-fp-1.c,207,"""THE REST"""
post/lib_powerpc/fpu/darwin-ldouble.c,119,"""THE REST"""
post/lib_powerpc/fpu/fpu.c,74,"""THE REST"""
post/lib_powerpc/fpu/mul-subnormal-single-1.c,85,"""THE REST"""
post/lib_powerpc/load.c,238,"""THE REST"""
post/lib_powerpc/multi.c,57,"""THE REST"""
post/lib_powerpc/rlwimi.c,141,"""THE REST"""
post/lib_powerpc/rlwinm.c,134,"""THE REST"""
post/lib_powerpc/rlwnm.c,144,"""THE REST"""
post/lib_powerpc/srawi.c,135,"""THE REST"""
post/lib_powerpc/store.c,218,"""THE REST"""
post/lib_powerpc/string.c,90,"""THE REST"""
post/lib_powerpc/three.c,238,"""THE REST"""
post/lib_powerpc/threei.c,116,"""THE REST"""
post/lib_powerpc/threex.c,208,"""THE REST"""
post/lib_powerpc/two.c,155,"""THE REST"""
post/lib_powerpc/twox.c,155,"""THE REST"""
post/post.c,474,"""THE REST"""
post/tests.c,303,"""THE REST"""
scripts/.gitignore,4,"""THE REST"""
scripts/Kbuild.include,328,"""THE REST"""
scripts/Lindent,18,"""THE REST"""
scripts/Makefile,13,"""THE REST"""
scripts/Makefile.autoconf,146,"""THE REST"""
scripts/Makefile.build,458,"""THE REST"""
scripts/Makefile.clean,97,"""THE REST"""
scripts/Makefile.extrawarn,78,"""THE REST"""
scripts/Makefile.host,134,"""THE REST"""
scripts/Makefile.lib,530,"""THE REST"""
scripts/Makefile.spl,438,"""THE REST"""
scripts/Makefile.uncmd_spl,15,"""THE REST"""
scripts/basic/.gitignore,1,"""THE REST"""
scripts/basic/Makefile,16,"""THE REST"""
scripts/basic/fixdep.c,481,"""THE REST"""
scripts/bin2c.c,36,"""THE REST"""
scripts/binutils-version.sh,23,"""THE REST"""
scripts/build-whitelist.sh,62,"""THE REST"""
scripts/check-config.sh,54,"""THE REST"""
scripts/checkpatch.pl,6572,"""THE REST"""
scripts/checkstack.pl,171,"""THE REST"""
scripts/cleanpatch,258,"""THE REST"""
scripts/coccicheck,256,"""THE REST"""
scripts/coccinelle/free/ifnullfree.cocci,59,"""THE REST"""
scripts/coccinelle/iterators/itnull.cocci,94,"""THE REST"""
scripts/coccinelle/iterators/list_entry_update.cocci,62,"""THE REST"""
scripts/coccinelle/iterators/use_after_iter.cocci,147,"""THE REST"""
scripts/coccinelle/misc/badty.cocci,76,"""THE REST"""
scripts/coccinelle/net/mdio_register.cocci,142,"""THE REST"""
scripts/coccinelle/null/badzero.cocci,241,"""THE REST"""
scripts/coccinelle/null/kmerr.cocci,75,"""THE REST"""
scripts/config_whitelist.txt,4685,"""THE REST"""
scripts/const_structs.checkpatch,2,"""THE REST"""
scripts/coreboot.sed,15,"""THE REST"""
scripts/decodecode,125,"""THE REST"""
scripts/dtc-version.sh,21,"""THE REST"""
scripts/dtc/.gitignore,1,"""THE REST"""
scripts/dtc/Makefile,32,"""THE REST"""
scripts/dtc/Makefile.dtc,18,"""THE REST"""
scripts/dtc/checks.c,1506,"""THE REST"""
scripts/dtc/data.c,269,"""THE REST"""
scripts/dtc/dtc-lexer.l,306,"""THE REST"""
scripts/dtc/dtc-parser.y,538,"""THE REST"""
scripts/dtc/dtc.c,364,"""THE REST"""
scripts/dtc/dtc.h,293,"""THE REST"""
scripts/dtc/flattree.c,940,"""THE REST"""
scripts/dtc/fstree.c,90,"""THE REST"""
scripts/dtc/libfdt/Makefile.libfdt,11,"""THE REST"""
scripts/dtc/libfdt/fdt.c,254,"""THE REST"""
scripts/dtc/libfdt/fdt.h,111,"""THE REST"""
scripts/dtc/libfdt/fdt_addresses.c,96,"""THE REST"""
scripts/dtc/libfdt/fdt_empty_tree.c,83,"""THE REST"""
scripts/dtc/libfdt/fdt_overlay.c,912,"""THE REST"""
scripts/dtc/libfdt/fdt_ro.c,773,"""THE REST"""
scripts/dtc/libfdt/fdt_rw.c,505,"""THE REST"""
scripts/dtc/libfdt/fdt_strerror.c,102,"""THE REST"""
scripts/dtc/libfdt/fdt_sw.c,300,"""THE REST"""
scripts/dtc/libfdt/fdt_wip.c,139,"""THE REST"""
scripts/dtc/libfdt/libfdt.h,1905,"""THE REST"""
scripts/dtc/libfdt/libfdt_env.h,139,"""THE REST"""
scripts/dtc/libfdt/libfdt_internal.h,95,"""THE REST"""
scripts/dtc/livetree.c,1013,"""THE REST"""
scripts/dtc/pylibfdt/.gitignore,4,"""THE REST"""
scripts/dtc/pylibfdt/Makefile,31,"""THE REST"""
scripts/dtc/pylibfdt/libfdt.i_shipped,1097,"""THE REST"""
scripts/dtc/pylibfdt/setup.py,123,"""THE REST"""
scripts/dtc/srcpos.c,297,"""THE REST"""
scripts/dtc/srcpos.h,117,"""THE REST"""
scripts/dtc/treesource.c,284,"""THE REST"""
scripts/dtc/update-dtc-source.sh,79,"""THE REST"""
scripts/dtc/util.c,474,"""THE REST"""
scripts/dtc/util.h,266,"""THE REST"""
scripts/dtc/version_gen.h,1,"""THE REST"""
scripts/fill_scrapyard.py,165,"""THE REST"""
scripts/gcc-stack-usage.sh,17,"""THE REST"""
scripts/gcc-version.sh,32,"""THE REST"""
scripts/get_default_envs.sh,42,"""THE REST"""
scripts/get_maintainer.pl,2554,"""THE REST"""
scripts/kconfig/.gitignore,17,"""THE REST"""
scripts/kconfig/Makefile,322,"""THE REST"""
scripts/kconfig/POTFILES.in,12,"""THE REST"""
scripts/kconfig/check.sh,14,"""THE REST"""
scripts/kconfig/conf.c,717,"""THE REST"""
scripts/kconfig/confdata.c,1247,"""THE REST"""
scripts/kconfig/expr.c,1305,"""THE REST"""
scripts/kconfig/expr.h,329,"""THE REST"""
scripts/kconfig/gconf.c,1521,"""THE REST"""
scripts/kconfig/gconf.glade,661,"""THE REST"""
scripts/kconfig/images.c,326,"""THE REST"""
scripts/kconfig/kconf_id.c,53,"""THE REST"""
scripts/kconfig/kxgettext.c,235,"""THE REST"""
scripts/kconfig/list.h,132,"""THE REST"""
scripts/kconfig/lkc.h,188,"""THE REST"""
scripts/kconfig/lkc_proto.h,53,"""THE REST"""
scripts/kconfig/lxdialog/.gitignore,4,"""THE REST"""
scripts/kconfig/lxdialog/BIG.FAT.WARNING,4,"""THE REST"""
scripts/kconfig/lxdialog/check-lxdialog.sh,93,"""THE REST"""
scripts/kconfig/lxdialog/checklist.c,319,"""THE REST"""
scripts/kconfig/lxdialog/dialog.h,244,"""THE REST"""
scripts/kconfig/lxdialog/inputbox.c,288,"""THE REST"""
scripts/kconfig/lxdialog/menubox.c,424,"""THE REST"""
scripts/kconfig/lxdialog/textbox.c,395,"""THE REST"""
scripts/kconfig/lxdialog/util.c,700,"""THE REST"""
scripts/kconfig/lxdialog/yesno.c,101,"""THE REST"""
scripts/kconfig/mconf.c,1047,"""THE REST"""
scripts/kconfig/menu.c,873,"""THE REST"""
scripts/kconfig/merge_config.sh,170,"""THE REST"""
scripts/kconfig/nconf.c,1563,"""THE REST"""
scripts/kconfig/nconf.gui.c,664,"""THE REST"""
scripts/kconfig/nconf.h,94,"""THE REST"""
scripts/kconfig/qconf.cc,1879,"""THE REST"""
scripts/kconfig/qconf.h,330,"""THE REST"""
scripts/kconfig/streamline_config.pl,682,"""THE REST"""
scripts/kconfig/symbol.c,1432,"""THE REST"""
scripts/kconfig/tests/auto_submenu/Kconfig,50,"""THE REST"""
scripts/kconfig/tests/auto_submenu/__init__.py,12,"""THE REST"""
scripts/kconfig/tests/auto_submenu/expected_stdout,10,"""THE REST"""
scripts/kconfig/tests/choice/Kconfig,54,"""THE REST"""
scripts/kconfig/tests/choice/__init__.py,40,"""THE REST"""
scripts/kconfig/tests/choice/alldef_expected_config,5,"""THE REST"""
scripts/kconfig/tests/choice/allmod_expected_config,9,"""THE REST"""
scripts/kconfig/tests/choice/allno_expected_config,5,"""THE REST"""
scripts/kconfig/tests/choice/allyes_expected_config,9,"""THE REST"""
scripts/kconfig/tests/choice/oldask0_expected_stdout,10,"""THE REST"""
scripts/kconfig/tests/choice/oldask1_config,2,"""THE REST"""
scripts/kconfig/tests/choice/oldask1_expected_stdout,15,"""THE REST"""
scripts/kconfig/tests/choice_value_with_m_dep/Kconfig,19,"""THE REST"""
scripts/kconfig/tests/choice_value_with_m_dep/__init__.py,15,"""THE REST"""
scripts/kconfig/tests/choice_value_with_m_dep/config,2,"""THE REST"""
scripts/kconfig/tests/choice_value_with_m_dep/expected_config,3,"""THE REST"""
scripts/kconfig/tests/choice_value_with_m_dep/expected_stdout,4,"""THE REST"""
scripts/kconfig/tests/conftest.py,291,"""THE REST"""
scripts/kconfig/tests/err_recursive_inc/Kconfig,1,"""THE REST"""
scripts/kconfig/tests/err_recursive_inc/Kconfig.inc1,4,"""THE REST"""
scripts/kconfig/tests/err_recursive_inc/Kconfig.inc2,3,"""THE REST"""
scripts/kconfig/tests/err_recursive_inc/Kconfig.inc3,1,"""THE REST"""
scripts/kconfig/tests/err_recursive_inc/__init__.py,10,"""THE REST"""
scripts/kconfig/tests/err_recursive_inc/expected_stderr,6,"""THE REST"""
scripts/kconfig/tests/inter_choice/Kconfig,23,"""THE REST"""
scripts/kconfig/tests/inter_choice/__init__.py,14,"""THE REST"""
scripts/kconfig/tests/inter_choice/defconfig,1,"""THE REST"""
scripts/kconfig/tests/inter_choice/expected_config,4,"""THE REST"""
scripts/kconfig/tests/new_choice_with_dep/Kconfig,37,"""THE REST"""
scripts/kconfig/tests/new_choice_with_dep/__init__.py,14,"""THE REST"""
scripts/kconfig/tests/new_choice_with_dep/config,3,"""THE REST"""
scripts/kconfig/tests/new_choice_with_dep/expected_stdout,10,"""THE REST"""
scripts/kconfig/tests/no_write_if_dep_unmet/Kconfig,14,"""THE REST"""
scripts/kconfig/tests/no_write_if_dep_unmet/__init__.py,19,"""THE REST"""
scripts/kconfig/tests/no_write_if_dep_unmet/config,1,"""THE REST"""
scripts/kconfig/tests/no_write_if_dep_unmet/expected_config,5,"""THE REST"""
scripts/kconfig/tests/pytest.ini,7,"""THE REST"""
scripts/kconfig/tests/rand_nested_choice/Kconfig,33,"""THE REST"""
scripts/kconfig/tests/rand_nested_choice/__init__.py,16,"""THE REST"""
scripts/kconfig/tests/rand_nested_choice/expected_stdout0,2,"""THE REST"""
scripts/kconfig/tests/rand_nested_choice/expected_stdout1,4,"""THE REST"""
scripts/kconfig/tests/rand_nested_choice/expected_stdout2,5,"""THE REST"""
scripts/kconfig/tests/warn_recursive_dep/Kconfig,62,"""THE REST"""
scripts/kconfig/tests/warn_recursive_dep/__init__.py,9,"""THE REST"""
scripts/kconfig/tests/warn_recursive_dep/expected_stderr,30,"""THE REST"""
scripts/kconfig/util.c,167,"""THE REST"""
scripts/kconfig/zconf.l,372,"""THE REST"""
scripts/kconfig/zconf.y,782,"""THE REST"""
scripts/kernel-doc,2222,"""THE REST"""
scripts/ld-version.sh,11,"""THE REST"""
scripts/mailmapper,157,"""THE REST"""
scripts/mkmakefile,52,"""THE REST"""
scripts/objdiff,162,"""THE REST"""
scripts/setlocalversion,178,"""THE REST"""
scripts/show-gnu-make,23,"""THE REST"""
scripts/spelling.txt,1254,"""THE REST"""
test/Kconfig,28,"""THE REST"""
test/Makefile,14,"""THE REST"""
test/README,96,"""THE REST"""
test/bloblist.c,187,"""THE REST"""
test/cmd_ut.c,127,"""THE REST"""
test/command_ut.c,67,"""THE REST"""
test/common.sh,20,"""THE REST"""
test/compression.c,542,"""THE REST"""
test/dm/Kconfig,8,"""DRIVER MODEL"",""THE REST"""
test/dm/Makefile,61,"""DRIVER MODEL"",""THE REST"""
test/dm/adc.c,197,"""DRIVER MODEL"",""THE REST"""
test/dm/audio.c,34,"""DRIVER MODEL"",""THE REST"""
test/dm/axi.c,77,"""DRIVER MODEL"",""THE REST"""
test/dm/blk.c,164,"""DRIVER MODEL"",""THE REST"""
test/dm/board.c,57,"""DRIVER MODEL"",""THE REST"""
test/dm/bus.c,594,"""DRIVER MODEL"",""THE REST"""
test/dm/clk.c,140,"""DRIVER MODEL"",""THE REST"""
test/dm/core.c,903,"""DRIVER MODEL"",""THE REST"""
test/dm/cpu.c,45,"""DRIVER MODEL"",""THE REST"""
test/dm/dma.c,123,"""DRIVER MODEL"",""THE REST"""
test/dm/eth.c,430,"""DRIVER MODEL"",""THE REST"""
test/dm/firmware.c,22,"""DRIVER MODEL"",""THE REST"""
test/dm/gpio.c,249,"""DRIVER MODEL"",""THE REST"""
test/dm/hwspinlock.c,40,"""DRIVER MODEL"",""THE REST"""
test/dm/i2c.c,223,"""DRIVER MODEL"",""THE REST"""
test/dm/i2s.c,32,"""DRIVER MODEL"",""THE REST"""
test/dm/led.c,142,"""DRIVER MODEL"",""THE REST"""
test/dm/mailbox.c,30,"""DRIVER MODEL"",""THE REST"""
test/dm/misc.c,83,"""DRIVER MODEL"",""THE REST"""
test/dm/mmc.c,43,"""DRIVER MODEL"",""THE REST"""
test/dm/ofnode.c,60,"""DRIVER MODEL"",""THE REST"""
test/dm/osd.c,210,"""DRIVER MODEL"",""THE REST"""
test/dm/panel.c,79,"""DRIVER MODEL"",""THE REST"""
test/dm/pci.c,247,"""DRIVER MODEL"",""THE REST"""
test/dm/phy.c,112,"""DRIVER MODEL"",""THE REST"""
test/dm/pmic.c,130,"""DRIVER MODEL"",""THE REST"""
test/dm/power-domain.c,47,"""DRIVER MODEL"",""THE REST"""
test/dm/pwm.c,31,"""DRIVER MODEL"",""THE REST"""
test/dm/ram.c,27,"""DRIVER MODEL"",""THE REST"""
test/dm/regmap.c,172,"""DRIVER MODEL"",""THE REST"""
test/dm/regulator.c,324,"""DRIVER MODEL"",""THE REST"""
test/dm/remoteproc.c,67,"""DRIVER MODEL"",""THE REST"""
test/dm/reset.c,71,"""DRIVER MODEL"",""THE REST"""
test/dm/rtc.c,175,"""DRIVER MODEL"",""THE REST"""
test/dm/serial.c,66,"""DRIVER MODEL"",""THE REST"""
test/dm/sf.c,93,"""DRIVER MODEL"",""THE REST"""
test/dm/smem.c,27,"""DRIVER MODEL"",""THE REST"""
test/dm/sound.c,34,"""DRIVER MODEL"",""THE REST"""
test/dm/spi.c,126,"""DRIVER MODEL"",""THE REST"""
test/dm/spmi.c,111,"""DRIVER MODEL"",""THE REST"""
test/dm/syscon.c,74,"""DRIVER MODEL"",""THE REST"""
test/dm/sysreset.c,112,"""DRIVER MODEL"",""THE REST"""
test/dm/tee.c,115,"""DRIVER MODEL"",""THE REST"""
test/dm/test-driver.c,169,"""DRIVER MODEL"",""THE REST"""
test/dm/test-fdt.c,773,"""DRIVER MODEL"",""THE REST"""
test/dm/test-main.c,207,"""DRIVER MODEL"",""THE REST"""
test/dm/test-uclass.c,129,"""DRIVER MODEL"",""THE REST"""
test/dm/timer.c,24,"""DRIVER MODEL"",""THE REST"""
test/dm/usb.c,146,"""DRIVER MODEL"",""THE REST"""
test/dm/video.c,384,"""DRIVER MODEL"",""THE REST"""
test/dm/virtio.c,122,"""DRIVER MODEL"",""THE REST"""
test/dm/wdt.c,40,"""DRIVER MODEL"",""THE REST"""
test/env/Kconfig,8,"""THE REST"""
test/env/Makefile,6,"""THE REST"""
test/env/attr.c,88,"""THE REST"""
test/env/cmd_ut_env.c,19,"""THE REST"""
test/fs/fat-noncontig-test.sh,144,"""THE REST"""
test/fs/fs-test.sh,627,"""THE REST"""
test/image/test-imagetools.sh,225,"""THE REST"""
test/lib/Makefile,5,"""THE REST"""
test/lib/hexdump.c,95,"""THE REST"""
test/log/Makefile,5,"""THE REST"""
test/log/log_test.c,217,"""LOGGING"",""THE REST"""
test/overlay/Kconfig,11,"""THE REST"""
test/overlay/Makefile,14,"""THE REST"""
test/overlay/cmd_ut_overlay.c,284,"""THE REST"""
test/overlay/test-fdt-base.dts,20,"""THE REST"""
test/overlay/test-fdt-overlay-stacked.dts,20,"""THE REST"""
test/overlay/test-fdt-overlay.dts,95,"""THE REST"""
test/print_ut.c,124,"""THE REST"""
test/py/.gitignore,1,"""THE REST"""
test/py/README.md,364,"""THE REST"""
test/py/conftest.py,602,"""THE REST"""
test/py/multiplexed_log.css,108,"""THE REST"""
test/py/multiplexed_log.py,704,"""THE REST"""
test/py/pytest.ini,10,"""THE REST"""
test/py/test.py,34,"""THE REST"""
test/py/tests/test_000_version.py,19,"""THE REST"""
test/py/tests/test_avb.py,118,"""THE REST"""
test/py/tests/test_bind.py,178,"""THE REST"""
test/py/tests/test_dfu.py,320,"""THE REST"""
test/py/tests/test_efi_loader.py,196,"""EFI PAYLOAD"",""THE REST"""
test/py/tests/test_efi_selftest.py,201,"""EFI PAYLOAD"",""THE REST"""
test/py/tests/test_env.py,338,"""THE REST"""
test/py/tests/test_fit.py,430,"""THE REST"""
test/py/tests/test_fpga.py,552,"""THE REST"""
test/py/tests/test_fs/conftest.py,525,"""THE REST"""
test/py/tests/test_fs/fstest_defs.py,13,"""THE REST"""
test/py/tests/test_fs/test_basic.py,288,"""THE REST"""
test/py/tests/test_fs/test_ext.py,225,"""THE REST"""
test/py/tests/test_fs/test_mkdir.py,113,"""THE REST"""
test/py/tests/test_fs/test_unlink.py,110,"""THE REST"""
test/py/tests/test_gpt.py,175,"""THE REST"""
test/py/tests/test_handoff.py,15,"""THE REST"""
test/py/tests/test_help.py,8,"""THE REST"""
test/py/tests/test_hush_if_test.py,161,"""THE REST"""
test/py/tests/test_log.py,132,"""LOGGING"",""THE REST"""
test/py/tests/test_md.py,36,"""THE REST"""
test/py/tests/test_mmc_rd.py,128,"""THE REST"""
test/py/tests/test_net.py,207,"""THE REST"""
test/py/tests/test_ofplatdata.py,42,"""THE REST"""
test/py/tests/test_pinmux.py,66,"""THE REST"""
test/py/tests/test_sandbox_exit.py,21,"""THE REST"""
test/py/tests/test_sf.py,217,"""THE REST"""
test/py/tests/test_shell_basics.py,45,"""THE REST"""
test/py/tests/test_sleep.py,35,"""THE REST"""
test/py/tests/test_tpm2.py,233,"""THE REST"""
test/py/tests/test_ums.py,236,"""THE REST"""
test/py/tests/test_unknown_cmd.py,13,"""THE REST"""
test/py/tests/test_ut.py,28,"""THE REST"""
test/py/tests/test_vboot.py,236,"""THE REST"""
test/py/tests/vboot/sandbox-kernel.dts,7,"""THE REST"""
test/py/tests/vboot/sandbox-u-boot.dts,10,"""THE REST"""
test/py/tests/vboot/sign-configs-sha1-pss.its,46,"""THE REST"""
test/py/tests/vboot/sign-configs-sha1.its,45,"""THE REST"""
test/py/tests/vboot/sign-configs-sha256-pss.its,46,"""THE REST"""
test/py/tests/vboot/sign-configs-sha256.its,45,"""THE REST"""
test/py/tests/vboot/sign-images-sha1-pss.its,44,"""THE REST"""
test/py/tests/vboot/sign-images-sha1.its,42,"""THE REST"""
test/py/tests/vboot/sign-images-sha256-pss.its,44,"""THE REST"""
test/py/tests/vboot/sign-images-sha256.its,42,"""THE REST"""
test/py/u_boot_console_base.py,468,"""THE REST"""
test/py/u_boot_console_exec_attach.py,70,"""THE REST"""
test/py/u_boot_console_sandbox.py,108,"""THE REST"""
test/py/u_boot_spawn.py,212,"""THE REST"""
test/py/u_boot_utils.py,340,"""THE REST"""
test/run,61,"""THE REST"""
test/stdint/int-types.c,12,"""THE REST"""
test/stdint/test-includes.sh,56,"""THE REST"""
test/time_ut.c,131,"""THE REST"""
test/trace/test-trace.sh,64,"""THE REST"""
test/unicode_ut.c,543,"""EFI PAYLOAD"",""THE REST"""
test/ut.c,34,"""THE REST"""
tools/.gitignore,32,"""THE REST"""
tools/Makefile,279,"""THE REST"""
tools/aisimage.c,428,"""THE REST"""
tools/aisimage.h,80,"""THE REST"""
tools/atmel_pmecc_params.c,50,"""THE REST"""
tools/atmelimage.c,339,"""THE REST"""
tools/binman/.gitignore,1,"""BINMAN"",""THE REST"""
tools/binman/README,780,"""BINMAN"",""THE REST"""
tools/binman/README.entries,698,"""BINMAN"",""THE REST"""
tools/binman/binman,0,"""BINMAN"",""THE REST"""
tools/binman/binman.py,157,"""BINMAN"",""THE REST"""
tools/binman/bsection.py,464,"""BINMAN"",""THE REST"""
tools/binman/cmdline.py,66,"""BINMAN"",""THE REST"""
tools/binman/control.py,195,"""BINMAN"",""THE REST"""
tools/binman/elf.py,130,"""BINMAN"",""THE REST"""
tools/binman/elf_test.py,140,"""BINMAN"",""THE REST"""
tools/binman/entry.py,532,"""BINMAN"",""THE REST"""
tools/binman/entry_test.py,84,"""BINMAN"",""THE REST"""
tools/binman/etype/_testing.py,100,"""BINMAN"",""THE REST"""
tools/binman/etype/blob.py,78,"""BINMAN"",""THE REST"""
tools/binman/etype/blob_dtb.py,33,"""BINMAN"",""THE REST"""
tools/binman/etype/blob_named_by_arg.py,34,"""BINMAN"",""THE REST"""
tools/binman/etype/cros_ec_rw.py,22,"""BINMAN"",""THE REST"""
tools/binman/etype/files.py,57,"""BINMAN"",""THE REST"""
tools/binman/etype/fill.py,32,"""BINMAN"",""THE REST"""
tools/binman/etype/fmap.py,64,"""BINMAN"",""THE REST"""
tools/binman/etype/gbb.py,96,"""BINMAN"",""THE REST"""
tools/binman/etype/intel_cmc.py,23,"""BINMAN"",""THE REST"""
tools/binman/etype/intel_descriptor.py,63,"""BINMAN"",""THE REST"""
tools/binman/etype/intel_fsp.py,27,"""BINMAN"",""THE REST"""
tools/binman/etype/intel_me.py,28,"""BINMAN"",""THE REST"""
tools/binman/etype/intel_mrc.py,27,"""BINMAN"",""THE REST"""
tools/binman/etype/intel_refcode.py,27,"""BINMAN"",""THE REST"""
tools/binman/etype/intel_vbt.py,22,"""BINMAN"",""THE REST"""
tools/binman/etype/intel_vga.py,25,"""BINMAN"",""THE REST"""
tools/binman/etype/powerpc_mpc85xx_bootpg_resetvec.py,25,"""BINMAN"",""THE REST"""
tools/binman/etype/section.py,106,"""BINMAN"",""THE REST"""
tools/binman/etype/text.py,60,"""BINMAN"",""THE REST"""
tools/binman/etype/u_boot.py,32,"""BINMAN"",""THE REST"""
tools/binman/etype/u_boot_dtb.py,28,"""BINMAN"",""THE REST"""
tools/binman/etype/u_boot_dtb_with_ucode.py,86,"""BINMAN"",""THE REST"""
tools/binman/etype/u_boot_elf.py,38,"""BINMAN"",""THE REST"""
tools/binman/etype/u_boot_img.py,27,"""BINMAN"",""THE REST"""
tools/binman/etype/u_boot_nodtb.py,27,"""BINMAN"",""THE REST"""
tools/binman/etype/u_boot_spl.py,43,"""BINMAN"",""THE REST"""
tools/binman/etype/u_boot_spl_bss_pad.py,42,"""BINMAN"",""THE REST"""
tools/binman/etype/u_boot_spl_dtb.py,25,"""BINMAN"",""THE REST"""
tools/binman/etype/u_boot_spl_elf.py,24,"""BINMAN"",""THE REST"""
tools/binman/etype/u_boot_spl_nodtb.py,28,"""BINMAN"",""THE REST"""
tools/binman/etype/u_boot_spl_with_ucode_ptr.py,29,"""BINMAN"",""THE REST"""
tools/binman/etype/u_boot_tpl.py,43,"""BINMAN"",""THE REST"""
tools/binman/etype/u_boot_tpl_dtb.py,25,"""BINMAN"",""THE REST"""
tools/binman/etype/u_boot_tpl_dtb_with_ucode.py,25,"""BINMAN"",""THE REST"""
tools/binman/etype/u_boot_tpl_with_ucode_ptr.py,27,"""BINMAN"",""THE REST"""
tools/binman/etype/u_boot_ucode.py,99,"""BINMAN"",""THE REST"""
tools/binman/etype/u_boot_with_ucode_ptr.py,96,"""BINMAN"",""THE REST"""
tools/binman/etype/vblock.py,79,"""BINMAN"",""THE REST"""
tools/binman/etype/x86_start16.py,30,"""BINMAN"",""THE REST"""
tools/binman/etype/x86_start16_spl.py,30,"""BINMAN"",""THE REST"""
tools/binman/etype/x86_start16_tpl.py,30,"""BINMAN"",""THE REST"""
tools/binman/fdt_test.py,86,"""BINMAN"",""THE REST"""
tools/binman/fmap_util.py,113,"""BINMAN"",""THE REST"""
tools/binman/ftest.py,1776,"""BINMAN"",""THE REST"""
tools/binman/image.py,153,"""BINMAN"",""THE REST"""
tools/binman/image_test.py,48,"""BINMAN"",""THE REST"""
tools/binman/state.py,253,"""BINMAN"",""THE REST"""
tools/binman/test/001_invalid.dts,5,"""BINMAN"",""THE REST"""
tools/binman/test/002_missing_node.dts,6,"""BINMAN"",""THE REST"""
tools/binman/test/003_empty.dts,9,"""BINMAN"",""THE REST"""
tools/binman/test/004_invalid_entry.dts,11,"""BINMAN"",""THE REST"""
tools/binman/test/005_simple.dts,11,"""BINMAN"",""THE REST"""
tools/binman/test/006_dual_image.dts,22,"""BINMAN"",""THE REST"""
tools/binman/test/007_bad_align.dts,12,"""BINMAN"",""THE REST"""
tools/binman/test/008_pack.dts,30,"""BINMAN"",""THE REST"""
tools/binman/test/009_pack_extra.dts,35,"""BINMAN"",""THE REST"""
tools/binman/test/010_pack_align_power2.dts,12,"""BINMAN"",""THE REST"""
tools/binman/test/011_pack_align_size_power2.dts,12,"""BINMAN"",""THE REST"""
tools/binman/test/012_pack_inv_align.dts,13,"""BINMAN"",""THE REST"""
tools/binman/test/013_pack_inv_size_align.dts,13,"""BINMAN"",""THE REST"""
tools/binman/test/014_pack_overlap.dts,16,"""BINMAN"",""THE REST"""
tools/binman/test/015_pack_overflow.dts,12,"""BINMAN"",""THE REST"""
tools/binman/test/016_pack_image_overflow.dts,13,"""BINMAN"",""THE REST"""
tools/binman/test/017_pack_image_size.dts,13,"""BINMAN"",""THE REST"""
tools/binman/test/018_pack_image_align.dts,13,"""BINMAN"",""THE REST"""
tools/binman/test/019_pack_inv_image_align.dts,14,"""BINMAN"",""THE REST"""
tools/binman/test/020_pack_inv_image_align_power2.dts,13,"""BINMAN"",""THE REST"""
tools/binman/test/021_image_pad.dts,16,"""BINMAN"",""THE REST"""
tools/binman/test/022_image_name.dts,21,"""BINMAN"",""THE REST"""
tools/binman/test/023_blob.dts,12,"""BINMAN"",""THE REST"""
tools/binman/test/024_sorted.dts,17,"""BINMAN"",""THE REST"""
tools/binman/test/025_pack_zero_size.dts,15,"""BINMAN"",""THE REST"""
tools/binman/test/026_pack_u_boot_dtb.dts,14,"""BINMAN"",""THE REST"""
tools/binman/test/027_pack_4gb_no_size.dts,18,"""BINMAN"",""THE REST"""
tools/binman/test/028_pack_4gb_outside.dts,19,"""BINMAN"",""THE REST"""
tools/binman/test/029_x86-rom.dts,19,"""BINMAN"",""THE REST"""
tools/binman/test/030_x86-rom-me-no-desc.dts,16,"""BINMAN"",""THE REST"""
tools/binman/test/031_x86-rom-me.dts,20,"""BINMAN"",""THE REST"""
tools/binman/test/032_intel-vga.dts,14,"""BINMAN"",""THE REST"""
tools/binman/test/033_x86-start16.dts,13,"""BINMAN"",""THE REST"""
tools/binman/test/034_x86_ucode.dts,29,"""BINMAN"",""THE REST"""
tools/binman/test/035_x86_single_ucode.dts,26,"""BINMAN"",""THE REST"""
tools/binman/test/036_u_boot_img.dts,11,"""BINMAN"",""THE REST"""
tools/binman/test/037_x86_no_ucode.dts,20,"""BINMAN"",""THE REST"""
tools/binman/test/038_x86_ucode_missing_node.dts,26,"""BINMAN"",""THE REST"""
tools/binman/test/039_x86_ucode_missing_node2.dts,23,"""BINMAN"",""THE REST"""
tools/binman/test/040_x86_ucode_not_in_image.dts,28,"""BINMAN"",""THE REST"""
tools/binman/test/041_unknown_pos_size.dts,12,"""BINMAN"",""THE REST"""
tools/binman/test/042_intel-fsp.dts,14,"""BINMAN"",""THE REST"""
tools/binman/test/043_intel-cmc.dts,14,"""BINMAN"",""THE REST"""
tools/binman/test/044_x86_optional_ucode.dts,30,"""BINMAN"",""THE REST"""
tools/binman/test/045_prop_test.dts,23,"""BINMAN"",""THE REST"""
tools/binman/test/046_intel-vbt.dts,14,"""BINMAN"",""THE REST"""
tools/binman/test/047_spl_bss_pad.dts,17,"""BINMAN"",""THE REST"""
tools/binman/test/048_x86-start16-spl.dts,13,"""BINMAN"",""THE REST"""
tools/binman/test/049_x86_ucode_spl.dts,29,"""BINMAN"",""THE REST"""
tools/binman/test/050_intel_mrc.dts,13,"""BINMAN"",""THE REST"""
tools/binman/test/051_u_boot_spl_dtb.dts,13,"""BINMAN"",""THE REST"""
tools/binman/test/052_u_boot_spl_nodtb.dts,11,"""BINMAN"",""THE REST"""
tools/binman/test/053_symbols.dts,20,"""BINMAN"",""THE REST"""
tools/binman/test/054_unit_address.dts,15,"""BINMAN"",""THE REST"""
tools/binman/test/055_sections.dts,32,"""BINMAN"",""THE REST"""
tools/binman/test/056_name_prefix.dts,30,"""BINMAN"",""THE REST"""
tools/binman/test/057_unknown_contents.dts,14,"""BINMAN"",""THE REST"""
tools/binman/test/058_x86_ucode_spl_needs_retry.dts,36,"""BINMAN"",""THE REST"""
tools/binman/test/059_change_size.dts,14,"""BINMAN"",""THE REST"""
tools/binman/test/060_fdt_update.dts,31,"""BINMAN"",""THE REST"""
tools/binman/test/061_fdt_update_bad.dts,32,"""BINMAN"",""THE REST"""
tools/binman/test/062_entry_args.dts,14,"""BINMAN"",""THE REST"""
tools/binman/test/063_entry_args_missing.dts,13,"""BINMAN"",""THE REST"""
tools/binman/test/064_entry_args_required.dts,14,"""BINMAN"",""THE REST"""
tools/binman/test/065_entry_args_unknown_datatype.dts,15,"""BINMAN"",""THE REST"""
tools/binman/test/066_text.dts,28,"""BINMAN"",""THE REST"""
tools/binman/test/067_fmap.dts,29,"""BINMAN"",""THE REST"""
tools/binman/test/068_blob_named_by_arg.dts,12,"""BINMAN"",""THE REST"""
tools/binman/test/069_fill.dts,15,"""BINMAN"",""THE REST"""
tools/binman/test/070_fill_no_size.dts,14,"""BINMAN"",""THE REST"""
tools/binman/test/071_gbb.dts,31,"""BINMAN"",""THE REST"""
tools/binman/test/072_gbb_too_small.dts,10,"""BINMAN"",""THE REST"""
tools/binman/test/073_gbb_no_size.dts,9,"""BINMAN"",""THE REST"""
tools/binman/test/074_vblock.dts,28,"""BINMAN"",""THE REST"""
tools/binman/test/075_vblock_no_content.dts,23,"""BINMAN"",""THE REST"""
tools/binman/test/076_vblock_bad_phandle.dts,24,"""BINMAN"",""THE REST"""
tools/binman/test/077_vblock_bad_entry.dts,27,"""BINMAN"",""THE REST"""
tools/binman/test/078_u_boot_tpl.dts,11,"""BINMAN"",""THE REST"""
tools/binman/test/079_uses_pos.dts,10,"""BINMAN"",""THE REST"""
tools/binman/test/080_fill_empty.dts,15,"""BINMAN"",""THE REST"""
tools/binman/test/081_x86-start16-tpl.dts,14,"""BINMAN"",""THE REST"""
tools/binman/test/082_fdt_update_all.dts,18,"""BINMAN"",""THE REST"""
tools/binman/test/083_compress.dts,11,"""BINMAN"",""THE REST"""
tools/binman/test/084_files.dts,11,"""BINMAN"",""THE REST"""
tools/binman/test/085_files_compress.dts,11,"""BINMAN"",""THE REST"""
tools/binman/test/086_files_none.dts,12,"""BINMAN"",""THE REST"""
tools/binman/test/087_files_no_pattern.dts,11,"""BINMAN"",""THE REST"""
tools/binman/test/088_expand_size.dts,43,"""BINMAN"",""THE REST"""
tools/binman/test/089_expand_size_bad.dts,14,"""BINMAN"",""THE REST"""
tools/binman/test/090_hash.dts,12,"""BINMAN"",""THE REST"""
tools/binman/test/091_hash_no_algo.dts,11,"""BINMAN"",""THE REST"""
tools/binman/test/092_hash_bad_algo.dts,12,"""BINMAN"",""THE REST"""
tools/binman/test/093_x86_tpl_ucode.dts,29,"""BINMAN"",""THE REST"""
tools/binman/test/094_fmap_x86.dts,20,"""BINMAN"",""THE REST"""
tools/binman/test/095_fmap_x86_section.dts,22,"""BINMAN"",""THE REST"""
tools/binman/test/096_elf.dts,14,"""BINMAN"",""THE REST"""
tools/binman/test/097_elf_strip.dts,15,"""BINMAN"",""THE REST"""
tools/binman/test/099_hash_section.dts,18,"""BINMAN"",""THE REST"""
tools/binman/test/100_intel_refcode.dts,14,"""BINMAN"",""THE REST"""
tools/binman/test/80_4gb_and_skip_at_start_together.dts,21,"""BINMAN"",""THE REST"""
tools/binman/test/81_powerpc_mpc85xx_bootpg_resetvec.dts,16,"""BINMAN"",""THE REST"""
tools/binman/test/Makefile,55,"""BINMAN"",""THE REST"""
tools/binman/test/bss_data,3,"""BINMAN"",""THE REST"""
tools/binman/test/bss_data.c,17,"""BINMAN"",""THE REST"""
tools/binman/test/bss_data.lds,15,"""BINMAN"",""THE REST"""
tools/binman/test/descriptor.bin,1,"""BINMAN"",""THE REST"""
tools/binman/test/files/1.dat,1,"""BINMAN"",""THE REST"""
tools/binman/test/files/2.dat,1,"""BINMAN"",""THE REST"""
tools/binman/test/files/ignored_dir.dat/ignore,0,"""BINMAN"",""THE REST"""
tools/binman/test/files/not-this-one,1,"""BINMAN"",""THE REST"""
tools/binman/test/u_boot_binman_syms,0,"""BINMAN"",""THE REST"""
tools/binman/test/u_boot_binman_syms.c,13,"""BINMAN"",""THE REST"""
tools/binman/test/u_boot_binman_syms.lds,29,"""BINMAN"",""THE REST"""
tools/binman/test/u_boot_binman_syms_bad,0,"""BINMAN"",""THE REST"""
tools/binman/test/u_boot_binman_syms_bad.c,0,"""BINMAN"",""THE REST"""
tools/binman/test/u_boot_binman_syms_bad.lds,28,"""BINMAN"",""THE REST"""
tools/binman/test/u_boot_binman_syms_size,0,"""BINMAN"",""THE REST"""
tools/binman/test/u_boot_binman_syms_size.c,11,"""BINMAN"",""THE REST"""
tools/binman/test/u_boot_no_ucode_ptr,0,"""BINMAN"",""THE REST"""
tools/binman/test/u_boot_no_ucode_ptr.c,10,"""BINMAN"",""THE REST"""
tools/binman/test/u_boot_ucode_ptr,0,"""BINMAN"",""THE REST"""
tools/binman/test/u_boot_ucode_ptr.c,10,"""BINMAN"",""THE REST"""
tools/binman/test/u_boot_ucode_ptr.lds,17,"""BINMAN"",""THE REST"""
tools/bmp_logo.c,208,"""THE REST"""
tools/buildman/.gitignore,1,"""BUILDMAN"",""THE REST"""
tools/buildman/README,1187,"""BUILDMAN"",""THE REST"""
tools/buildman/board.py,309,"""BUILDMAN"",""THE REST"""
tools/buildman/bsettings.py,97,"""BUILDMAN"",""THE REST"""
tools/buildman/builder.py,1582,"""BUILDMAN"",""THE REST"""
tools/buildman/builderthread.py,493,"""BUILDMAN"",""THE REST"""
tools/buildman/buildman,0,"""BUILDMAN"",""THE REST"""
tools/buildman/buildman.py,66,"""BUILDMAN"",""THE REST"""
tools/buildman/cmdline.py,111,"""BUILDMAN"",""THE REST"""
tools/buildman/control.py,347,"""BUILDMAN"",""THE REST"""
tools/buildman/func_test.py,535,"""BUILDMAN"",""THE REST"""
tools/buildman/kconfiglib.py,3544,"""BUILDMAN"",""THE REST"""
tools/buildman/test.py,464,"""BUILDMAN"",""THE REST"""
tools/buildman/toolchain.py,577,"""BUILDMAN"",""THE REST"""
tools/concurrencytest/.gitignore,1,"""THE REST"""
tools/concurrencytest/README.md,74,"""THE REST"""
tools/concurrencytest/concurrencytest.py,144,"""THE REST"""
tools/default_image.c,184,"""THE REST"""
tools/dtoc/.gitignore,1,"""THE REST"""
tools/dtoc/dtb_platdata.py,576,"""THE REST"""
tools/dtoc/dtoc,0,"""THE REST"""
tools/dtoc/dtoc.py,109,"""THE REST"""
tools/dtoc/dtoc_test.dts,11,"""THE REST"""
tools/dtoc/dtoc_test_add_prop.dts,24,"""THE REST"""
tools/dtoc/dtoc_test_addr32.dts,26,"""THE REST"""
tools/dtoc/dtoc_test_addr32_64.dts,32,"""THE REST"""
tools/dtoc/dtoc_test_addr64.dts,32,"""THE REST"""
tools/dtoc/dtoc_test_addr64_32.dts,32,"""THE REST"""
tools/dtoc/dtoc_test_aliases.dts,17,"""THE REST"""
tools/dtoc/dtoc_test_bad_reg.dts,17,"""THE REST"""
tools/dtoc/dtoc_test_bad_reg2.dts,17,"""THE REST"""
tools/dtoc/dtoc_test_empty.dts,11,"""THE REST"""
tools/dtoc/dtoc_test_phandle.dts,42,"""THE REST"""
tools/dtoc/dtoc_test_phandle_bad.dts,16,"""THE REST"""
tools/dtoc/dtoc_test_phandle_bad2.dts,22,"""THE REST"""
tools/dtoc/dtoc_test_phandle_reorder.dts,23,"""THE REST"""
tools/dtoc/dtoc_test_phandle_single.dts,23,"""THE REST"""
tools/dtoc/dtoc_test_simple.dts,62,"""THE REST"""
tools/dtoc/fdt.py,657,"""THE REST"""
tools/dtoc/fdt_util.py,211,"""THE REST"""
tools/dtoc/test_dtoc.py,710,"""THE REST"""
tools/dtoc/test_fdt,0,"""THE REST"""
tools/dtoc/test_fdt.py,562,"""THE REST"""
tools/dumpimage.c,210,"""THE REST"""
tools/dumpimage.h,32,"""THE REST"""
tools/easylogo/Makefile,5,"""THE REST"""
tools/easylogo/easylogo.c,610,"""THE REST"""
tools/easylogo/linux_blackfin.tga,723,"""THE REST"""
tools/easylogo/linux_logo.tga,96,"""THE REST"""
tools/easylogo/runme.sh,4,"""THE REST"""
tools/env/.gitignore,3,"""THE REST"""
tools/env/Makefile,37,"""THE REST"""
tools/env/README,63,"""THE REST"""
tools/env/crc32.c,1,"""THE REST"""
tools/env/ctype.c,1,"""THE REST"""
tools/env/env_attr.c,1,"""THE REST"""
tools/env/env_flags.c,1,"""THE REST"""
tools/env/fw_env.c,1802,"""THE REST"""
tools/env/fw_env.config,38,"""THE REST"""
tools/env/fw_env.h,163,"""THE REST"""
tools/env/fw_env_main.c,283,"""THE REST"""
tools/env/fw_env_private.h,54,"""THE REST"""
tools/env/linux_string.c,1,"""THE REST"""
tools/envcrc.c,130,"""THE REST"""
tools/fdt_host.h,32,"""THE REST"""
tools/fdtgrep.c,1236,"""THE REST"""
tools/file2include.c,103,"""EFI PAYLOAD"",""THE REST"""
tools/fit_check_sign.c,96,"""THE REST"""
tools/fit_common.c,106,"""THE REST"""
tools/fit_common.h,32,"""THE REST"""
tools/fit_image.c,835,"""THE REST"""
tools/fit_info.c,108,"""THE REST"""
tools/gdb/Makefile,44,"""THE REST"""
tools/gdb/error.c,64,"""THE REST"""
tools/gdb/error.h,13,"""THE REST"""
tools/gdb/gdbcont.c,70,"""THE REST"""
tools/gdb/gdbsend.c,120,"""THE REST"""
tools/gdb/remote.c,915,"""THE REST"""
tools/gdb/remote.h,11,"""THE REST"""
tools/gdb/serial.c,132,"""THE REST"""
tools/gdb/serial.h,17,"""THE REST"""
tools/gen_eth_addr.c,33,"""THE REST"""
tools/gen_ethaddr_crc.c,75,"""THE REST"""
tools/genboardscfg.py,447,"""THE REST"""
tools/getline.c,89,"""THE REST"""
tools/getline.h,1,"""THE REST"""
tools/gpheader.h,39,"""THE REST"""
tools/gpimage-common.c,80,"""THE REST"""
tools/gpimage.c,75,"""THE REST"""
tools/ifdtool.c,1109,"""THE REST"""
tools/ifdtool.h,89,"""THE REST"""
tools/image-host.c,754,"""THE REST"""
tools/imagetool.c,136,"""THE REST"""
tools/imagetool.h,308,"""THE REST"""
tools/img2brec.sh,388,"""THE REST"""
tools/img2srec.c,372,"""THE REST"""
tools/imx8image.c,992,"""THE REST"""
tools/imx_cntr_image.sh,29,"""THE REST"""
tools/imximage.c,996,"""THE REST"""
tools/jtagconsole,39,"""THE REST"""
tools/k3_fit_atf.sh,99,"""THE REST"""
tools/k3_x509template.txt,48,"""THE REST"""
tools/kermit/README,49,"""THE REST"""
tools/kermit/dot.kermrc,16,"""THE REST"""
tools/kermit/flash_param,60,"""THE REST"""
tools/kermit/send_cmd,21,"""THE REST"""
tools/kermit/send_image,26,"""THE REST"""
tools/kwbimage.c,1757,"""THE REST"""
tools/kwbimage.h,202,"""THE REST"""
tools/kwboot.c,867,"""THE REST"""
tools/libfdt/fdt.c,2,"""THE REST"""
tools/libfdt/fdt_addresses.c,2,"""THE REST"""
tools/libfdt/fdt_empty_tree.c,2,"""THE REST"""
tools/libfdt/fdt_overlay.c,2,"""THE REST"""
tools/libfdt/fdt_rw.c,35,"""THE REST"""
tools/libfdt/fdt_strerror.c,2,"""THE REST"""
tools/libfdt/fdt_sw.c,2,"""THE REST"""
tools/libfdt/fdt_wip.c,2,"""THE REST"""
tools/logos/atmel.bmp,17,"""THE REST"""
tools/logos/compulab.bmp,69,"""THE REST"""
tools/logos/denx-comp.bmp,54,"""THE REST"""
tools/logos/denx.bmp,13,"""THE REST"""
tools/logos/engicam.bmp,0,"""THE REST"""
tools/logos/esd.bmp,7,"""THE REST"""
tools/logos/freescale.bmp,0,"""THE REST"""
tools/logos/gateworks.bmp,23,"""THE REST"""
tools/logos/intercontrol.bmp,0,"""THE REST"""
tools/logos/linux_logo_ttcontrol.bmp,0,"""THE REST"""
tools/logos/linux_logo_ttcontrol_palfin.bmp,0,"""THE REST"""
tools/logos/microchip.bmp,0,"""THE REST"""
tools/logos/ronetix.bmp,33,"""THE REST"""
tools/logos/siemens.bmp,27,"""THE REST"""
tools/logos/solidrun.bmp,3,"""THE REST"""
tools/logos/syteco.bmp,0,"""THE REST"""
tools/logos/toradex.bmp,10,"""THE REST"""
tools/logos/u-boot_logo.bmp,1,"""THE REST"""
tools/logos/u-boot_logo.svg,248,"""THE REST"""
tools/logos/wandboard.bmp,118,"""THE REST"""
tools/lpc32xximage.c,177,"""THE REST"""
tools/microcode-tool,0,"""THE REST"""
tools/microcode-tool.py,316,"""THE REST"""
tools/mingw_support.c,113,"""THE REST"""
tools/mingw_support.h,45,"""THE REST"""
tools/mips-relocs.c,418,"""THE REST"""
tools/mkenvimage.c,314,"""THE REST"""
tools/mkexynosspl.c,186,"""THE REST"""
tools/mkimage.c,733,"""THE REST"""
tools/mkimage.h,47,"""THE REST"""
tools/mksunxiboot.c,177,"""THE REST"""
tools/moveconfig.py,1885,"""THE REST"""
tools/mrvl_uart.sh,119,"""THE REST"""
tools/mtk_image.c,749,"""ARM MEDIATEK"",""THE REST"""
tools/mtk_image.h,199,"""ARM MEDIATEK"",""THE REST"""
tools/mxsboot.c,675,"""THE REST"""
tools/mxsimage.c,2365,"""THE REST"""
tools/mxsimage.h,230,"""THE REST"""
tools/ncb.c,38,"""THE REST"""
tools/netconsole,63,"""THE REST"""
tools/omap/clocks_get_m_n.c,185,"""THE REST"""
tools/omapimage.c,181,"""THE REST"""
tools/omapimage.h,28,"""THE REST"""
tools/os_support.c,15,"""THE REST"""
tools/os_support.h,22,"""THE REST"""
tools/patman/.gitignore,1,"""PATMAN"",""THE REST"""
tools/patman/README,497,"""PATMAN"",""THE REST"""
tools/patman/__init__.py,3,"""PATMAN"",""THE REST"""
tools/patman/checkpatch.py,174,"""PATMAN"",""THE REST"""
tools/patman/command.py,127,"""PATMAN"",""THE REST"""
tools/patman/commit.py,87,"""PATMAN"",""THE REST"""
tools/patman/cros_subprocess.py,397,"""PATMAN"",""THE REST"""
tools/patman/func_test.py,242,"""PATMAN"",""THE REST"""
tools/patman/get_maintainer.py,47,"""PATMAN"",""THE REST"""
tools/patman/gitutil.py,597,"""PATMAN"",""THE REST"""
tools/patman/patchstream.py,526,"""PATMAN"",""THE REST"""
tools/patman/patman,0,"""PATMAN"",""THE REST"""
tools/patman/patman.py,183,"""PATMAN"",""THE REST"""
tools/patman/project.py,26,"""PATMAN"",""THE REST"""
tools/patman/series.py,292,"""PATMAN"",""THE REST"""
tools/patman/settings.py,356,"""PATMAN"",""THE REST"""
tools/patman/setup.py,12,"""PATMAN"",""THE REST"""
tools/patman/terminal.py,161,"""PATMAN"",""THE REST"""
tools/patman/test.py,276,"""PATMAN"",""THE REST"""
tools/patman/test/0000-cover-letter.patch,23,"""PATMAN"",""THE REST"""
tools/patman/test/0001-pci-Correct-cast-for-sandbox.patch,48,"""PATMAN"",""THE REST"""
tools/patman/test/0002-fdt-Correct-cast-for-sandbox-in-fdtdec_setup_mem_siz.patch,73,"""PATMAN"",""THE REST"""
tools/patman/test/test01.txt,56,"""PATMAN"",""THE REST"""
tools/patman/test_util.py,85,"""PATMAN"",""THE REST"""
tools/patman/tools.py,241,"""PATMAN"",""THE REST"""
tools/patman/tout.py,171,"""PATMAN"",""THE REST"""
tools/pbl_crc32.c,55,"""THE REST"""
tools/pbl_crc32.h,12,"""THE REST"""
tools/pblimage.c,329,"""THE REST"""
tools/pblimage.h,19,"""THE REST"""
tools/prelink-riscv.c,101,"""RISC-V"",""THE REST"""
tools/prelink-riscv.inc,111,"""THE REST"""
tools/proftool.c,599,"""THE REST"""
tools/relocate-rela.c,157,"""THE REST"""
tools/rkcommon.c,378,"""ARM ROCKCHIP"",""THE REST"""
tools/rkcommon.h,115,"""ARM ROCKCHIP"",""THE REST"""
tools/rkimage.c,48,"""ARM ROCKCHIP"",""THE REST"""
tools/rkmux.py,218,"""THE REST"""
tools/rksd.c,70,"""ARM ROCKCHIP"",""THE REST"""
tools/rkspi.c,106,"""ARM ROCKCHIP"",""THE REST"""
tools/scripts/define2mk.sed,37,"""THE REST"""
tools/socfpgaimage.c,402,"""THE REST"""
tools/stm32image.c,147,"""THE REST"""
tools/sunxi-spl-image-builder.c,484,"""THE REST"""
tools/ublimage.c,259,"""THE REST"""
tools/ublimage.h,83,"""THE REST"""
tools/ubsha1.c,83,"""THE REST"""
tools/version.h,0,"""THE REST"""
tools/vybridimage.c,163,"""THE REST"""
tools/xway-swap-bytes.c,38,"""THE REST"""
tools/zynqimage.c,303,"""ARM ZYNQ"",""THE REST"""
tools/zynqmpbif.c,1008,"""ARM ZYNQ"",""ARM ZYNQMP"",""THE REST"""
tools/zynqmpimage.c,487,"""ARM ZYNQ"",""ARM ZYNQMP"",""THE REST"""
tools/zynqmpimage.h,138,"""ARM ZYNQ"",""ARM ZYNQMP"",""THE REST"""
